sample_index,real_time_s,raw_adc,amplitude,voltage
0,15:53:55.304,2020,-0.0134,1.6278
1,15:53:55.305,2027,-0.0100,1.6335
2,15:53:55.305,2018,-0.0144,1.6262
3,15:53:55.306,2025,-0.0110,1.6319
4,15:53:55.306,2021,-0.0129,1.6286
5,15:53:55.307,2022,-0.0125,1.6295
6,15:53:55.307,2020,-0.0134,1.6278
7,15:53:55.308,2021,-0.0129,1.6286
8,15:53:55.308,2022,-0.0125,1.6295
9,15:53:55.309,2020,-0.0134,1.6278
10,15:53:55.309,2022,-0.0125,1.6295
11,15:53:55.310,2024,-0.0115,1.6311
12,15:53:55.310,2025,-0.0110,1.6319
13,15:53:55.311,2022,-0.0125,1.6295
14,15:53:55.311,2023,-0.0120,1.6303
15,15:53:55.312,2023,-0.0120,1.6303
16,15:53:55.312,2025,-0.0110,1.6319
17,15:53:55.313,2024,-0.0115,1.6311
18,15:53:55.313,2019,-0.0139,1.6270
19,15:53:55.314,2023,-0.0120,1.6303
20,15:53:55.314,2021,-0.0129,1.6286
21,15:53:55.315,2023,-0.0120,1.6303
22,15:53:55.315,2021,-0.0129,1.6286
23,15:53:55.316,2025,-0.0110,1.6319
24,15:53:55.316,2024,-0.0115,1.6311
25,15:53:55.317,2019,-0.0139,1.6270
26,15:53:55.317,2020,-0.0134,1.6278
27,15:53:55.318,2022,-0.0125,1.6295
28,15:53:55.318,2022,-0.0125,1.6295
29,15:53:55.319,2018,-0.0144,1.6262
30,15:53:55.319,2024,-0.0115,1.6311
31,15:53:55.320,2020,-0.0134,1.6278
32,15:53:55.320,2019,-0.0139,1.6270
33,15:53:55.321,2022,-0.0125,1.6295
34,15:53:55.321,2024,-0.0115,1.6311
35,15:53:55.322,2021,-0.0129,1.6286
36,15:53:55.322,2023,-0.0120,1.6303
37,15:53:55.323,2021,-0.0129,1.6286
38,15:53:55.323,2020,-0.0134,1.6278
39,15:53:55.324,2021,-0.0129,1.6286
40,15:53:55.324,2024,-0.0115,1.6311
41,15:53:55.325,2027,-0.0100,1.6335
42,15:53:55.325,2021,-0.0129,1.6286
43,15:53:55.326,2018,-0.0144,1.6262
44,15:53:55.326,2022,-0.0125,1.6295
45,15:53:55.327,2021,-0.0129,1.6286
46,15:53:55.327,2021,-0.0129,1.6286
47,15:53:55.328,2019,-0.0139,1.6270
48,15:53:55.328,2021,-0.0129,1.6286
49,15:53:55.329,2023,-0.0120,1.6303
50,15:53:55.329,2021,-0.0129,1.6286
51,15:53:55.330,2024,-0.0115,1.6311
52,15:53:55.330,2024,-0.0115,1.6311
53,15:53:55.331,2021,-0.0129,1.6286
54,15:53:55.331,2024,-0.0115,1.6311
55,15:53:55.332,2022,-0.0125,1.6295
56,15:53:55.332,2028,-0.0095,1.6343
57,15:53:55.333,2021,-0.0129,1.6286
58,15:53:55.333,2020,-0.0134,1.6278
59,15:53:55.334,2018,-0.0144,1.6262
60,15:53:55.334,2028,-0.0095,1.6343
61,15:53:55.335,2025,-0.0110,1.6319
62,15:53:55.335,2022,-0.0125,1.6295
63,15:53:55.336,2025,-0.0110,1.6319
64,15:53:55.336,2021,-0.0129,1.6286
65,15:53:55.337,2023,-0.0120,1.6303
66,15:53:55.337,2022,-0.0125,1.6295
67,15:53:55.338,2021,-0.0129,1.6286
68,15:53:55.338,2023,-0.0120,1.6303
69,15:53:55.339,2022,-0.0125,1.6295
70,15:53:55.339,2021,-0.0129,1.6286
71,15:53:55.340,2023,-0.0120,1.6303
72,15:53:55.340,2024,-0.0115,1.6311
73,15:53:55.341,2021,-0.0129,1.6286
74,15:53:55.341,2024,-0.0115,1.6311
75,15:53:55.342,2023,-0.0120,1.6303
76,15:53:55.342,2023,-0.0120,1.6303
77,15:53:55.343,2022,-0.0125,1.6295
78,15:53:55.343,2024,-0.0115,1.6311
79,15:53:55.344,2024,-0.0115,1.6311
80,15:53:55.344,2023,-0.0120,1.6303
81,15:53:55.345,2025,-0.0110,1.6319
82,15:53:55.345,2024,-0.0115,1.6311
83,15:53:55.346,2024,-0.0115,1.6311
84,15:53:55.346,2027,-0.0100,1.6335
85,15:53:55.347,2027,-0.0100,1.6335
86,15:53:55.347,2021,-0.0129,1.6286
87,15:53:55.348,2022,-0.0125,1.6295
88,15:53:55.348,2021,-0.0129,1.6286
89,15:53:55.349,2022,-0.0125,1.6295
90,15:53:55.349,2023,-0.0120,1.6303
91,15:53:55.350,2020,-0.0134,1.6278
92,15:53:55.350,2021,-0.0129,1.6286
93,15:53:55.351,2021,-0.0129,1.6286
94,15:53:55.351,2018,-0.0144,1.6262
95,15:53:55.352,2023,-0.0120,1.6303
96,15:53:55.352,2020,-0.0134,1.6278
97,15:53:55.353,2024,-0.0115,1.6311
98,15:53:55.353,2020,-0.0134,1.6278
99,15:53:55.354,2024,-0.0115,1.6311
100,15:53:55.354,2021,-0.0129,1.6286
101,15:53:55.355,2023,-0.0120,1.6303
102,15:53:55.355,2022,-0.0125,1.6295
103,15:53:55.356,2021,-0.0129,1.6286
104,15:53:55.356,2023,-0.0120,1.6303
105,15:53:55.357,2025,-0.0110,1.6319
106,15:53:55.357,2021,-0.0129,1.6286
107,15:53:55.358,2019,-0.0139,1.6270
108,15:53:55.358,2023,-0.0120,1.6303
109,15:53:55.359,2020,-0.0134,1.6278
110,15:53:55.359,2022,-0.0125,1.6295
111,15:53:55.360,2019,-0.0139,1.6270
112,15:53:55.360,2022,-0.0125,1.6295
113,15:53:55.361,2019,-0.0139,1.6270
114,15:53:55.361,2019,-0.0139,1.6270
115,15:53:55.362,2024,-0.0115,1.6311
116,15:53:55.362,2020,-0.0134,1.6278
117,15:53:55.363,2019,-0.0139,1.6270
118,15:53:55.363,2023,-0.0120,1.6303
119,15:53:55.364,2023,-0.0120,1.6303
120,15:53:55.364,2023,-0.0120,1.6303
121,15:53:55.365,2021,-0.0129,1.6286
122,15:53:55.365,2020,-0.0134,1.6278
123,15:53:55.366,2023,-0.0120,1.6303
124,15:53:55.366,2017,-0.0149,1.6254
125,15:53:55.367,2027,-0.0100,1.6335
126,15:53:55.367,2024,-0.0115,1.6311
127,15:53:55.368,2023,-0.0120,1.6303
128,15:53:55.368,2021,-0.0129,1.6286
129,15:53:55.369,2020,-0.0134,1.6278
130,15:53:55.369,2021,-0.0129,1.6286
131,15:53:55.370,2025,-0.0110,1.6319
132,15:53:55.370,2022,-0.0125,1.6295
133,15:53:55.371,2021,-0.0129,1.6286
134,15:53:55.371,2018,-0.0144,1.6262
135,15:53:55.372,2024,-0.0115,1.6311
136,15:53:55.372,2020,-0.0134,1.6278
137,15:53:55.373,2023,-0.0120,1.6303
138,15:53:55.373,2023,-0.0120,1.6303
139,15:53:55.374,2022,-0.0125,1.6295
140,15:53:55.374,2023,-0.0120,1.6303
141,15:53:55.375,2023,-0.0120,1.6303
142,15:53:55.375,2027,-0.0100,1.6335
143,15:53:55.376,2025,-0.0110,1.6319
144,15:53:55.376,2021,-0.0129,1.6286
145,15:53:55.377,2022,-0.0125,1.6295
146,15:53:55.377,2022,-0.0125,1.6295
147,15:53:55.378,2026,-0.0105,1.6327
148,15:53:55.378,2023,-0.0120,1.6303
149,15:53:55.379,2022,-0.0125,1.6295
150,15:53:55.379,2025,-0.0110,1.6319
151,15:53:55.380,2024,-0.0115,1.6311
152,15:53:55.380,2022,-0.0125,1.6295
153,15:53:55.381,2024,-0.0115,1.6311
154,15:53:55.381,2024,-0.0115,1.6311
155,15:53:55.382,2025,-0.0110,1.6319
156,15:53:55.382,2022,-0.0125,1.6295
157,15:53:55.383,2022,-0.0125,1.6295
158,15:53:55.383,2023,-0.0120,1.6303
159,15:53:55.384,2023,-0.0120,1.6303
160,15:53:55.384,2022,-0.0125,1.6295
161,15:53:55.385,2024,-0.0115,1.6311
162,15:53:55.385,2022,-0.0125,1.6295
163,15:53:55.386,2023,-0.0120,1.6303
164,15:53:55.386,2024,-0.0115,1.6311
165,15:53:55.387,2021,-0.0129,1.6286
166,15:53:55.387,2022,-0.0125,1.6295
167,15:53:55.388,2023,-0.0120,1.6303
168,15:53:55.388,2021,-0.0129,1.6286
169,15:53:55.389,2020,-0.0134,1.6278
170,15:53:55.389,2024,-0.0115,1.6311
171,15:53:55.390,2023,-0.0120,1.6303
172,15:53:55.390,2020,-0.0134,1.6278
173,15:53:55.391,2023,-0.0120,1.6303
174,15:53:55.391,2022,-0.0125,1.6295
175,15:53:55.392,2023,-0.0120,1.6303
176,15:53:55.392,2020,-0.0134,1.6278
177,15:53:55.393,2022,-0.0125,1.6295
178,15:53:55.393,2017,-0.0149,1.6254
179,15:53:55.394,2023,-0.0120,1.6303
180,15:53:55.394,2025,-0.0110,1.6319
181,15:53:55.395,2020,-0.0134,1.6278
182,15:53:55.395,2020,-0.0134,1.6278
183,15:53:55.396,2021,-0.0129,1.6286
184,15:53:55.396,2021,-0.0129,1.6286
185,15:53:55.397,2022,-0.0125,1.6295
186,15:53:55.397,2019,-0.0139,1.6270
187,15:53:55.398,2015,-0.0159,1.6238
188,15:53:55.398,2019,-0.0139,1.6270
189,15:53:55.399,2028,-0.0095,1.6343
190,15:53:55.399,2018,-0.0144,1.6262
191,15:53:55.400,2022,-0.0125,1.6295
192,15:53:55.400,2021,-0.0129,1.6286
193,15:53:55.401,2027,-0.0100,1.6335
194,15:53:55.401,2023,-0.0120,1.6303
195,15:53:55.402,2021,-0.0129,1.6286
196,15:53:55.402,2021,-0.0129,1.6286
197,15:53:55.403,2022,-0.0125,1.6295
198,15:53:55.403,2027,-0.0100,1.6335
199,15:53:55.404,2024,-0.0115,1.6311
200,15:53:55.404,2025,-0.0110,1.6319
201,15:53:55.405,2027,-0.0100,1.6335
202,15:53:55.405,2024,-0.0115,1.6311
203,15:53:55.406,2027,-0.0100,1.6335
204,15:53:55.406,2024,-0.0115,1.6311
205,15:53:55.407,2025,-0.0110,1.6319
206,15:53:55.407,2024,-0.0115,1.6311
207,15:53:55.408,2024,-0.0115,1.6311
208,15:53:55.408,2024,-0.0115,1.6311
209,15:53:55.409,2023,-0.0120,1.6303
210,15:53:55.409,2024,-0.0115,1.6311
211,15:53:55.410,2022,-0.0125,1.6295
212,15:53:55.410,2024,-0.0115,1.6311
213,15:53:55.411,2023,-0.0120,1.6303
214,15:53:55.411,2024,-0.0115,1.6311
215,15:53:55.412,2023,-0.0120,1.6303
216,15:53:55.412,2019,-0.0139,1.6270
217,15:53:55.413,2020,-0.0134,1.6278
218,15:53:55.413,2024,-0.0115,1.6311
219,15:53:55.414,2021,-0.0129,1.6286
220,15:53:55.414,2019,-0.0139,1.6270
221,15:53:55.415,2022,-0.0125,1.6295
222,15:53:55.415,2023,-0.0120,1.6303
223,15:53:55.416,2023,-0.0120,1.6303
224,15:53:55.416,2016,-0.0154,1.6246
225,15:53:55.417,2022,-0.0125,1.6295
226,15:53:55.417,2022,-0.0125,1.6295
227,15:53:55.418,2016,-0.0154,1.6246
228,15:53:55.418,2019,-0.0139,1.6270
229,15:53:55.419,2019,-0.0139,1.6270
230,15:53:55.419,2019,-0.0139,1.6270
231,15:53:55.420,2022,-0.0125,1.6295
232,15:53:55.420,2020,-0.0134,1.6278
233,15:53:55.421,2024,-0.0115,1.6311
234,15:53:55.421,2020,-0.0134,1.6278
235,15:53:55.422,2021,-0.0129,1.6286
236,15:53:55.422,2023,-0.0120,1.6303
237,15:53:55.423,2021,-0.0129,1.6286
238,15:53:55.423,2020,-0.0134,1.6278
239,15:53:55.424,2023,-0.0120,1.6303
240,15:53:55.424,2022,-0.0125,1.6295
241,15:53:55.425,2024,-0.0115,1.6311
242,15:53:55.425,2025,-0.0110,1.6319
243,15:53:55.426,2020,-0.0134,1.6278
244,15:53:55.426,2017,-0.0149,1.6254
245,15:53:55.427,2022,-0.0125,1.6295
246,15:53:55.427,2023,-0.0120,1.6303
247,15:53:55.428,2023,-0.0120,1.6303
248,15:53:55.428,2023,-0.0120,1.6303
249,15:53:55.429,2022,-0.0125,1.6295
250,15:53:55.429,2026,-0.0105,1.6327
251,15:53:55.430,2021,-0.0129,1.6286
252,15:53:55.430,2022,-0.0125,1.6295
253,15:53:55.431,2020,-0.0134,1.6278
254,15:53:55.431,2023,-0.0120,1.6303
255,15:53:55.432,2022,-0.0125,1.6295
256,15:53:55.432,2024,-0.0115,1.6311
257,15:53:55.433,2024,-0.0115,1.6311
258,15:53:55.433,2024,-0.0115,1.6311
259,15:53:55.434,2024,-0.0115,1.6311
260,15:53:55.434,2021,-0.0129,1.6286
261,15:53:55.435,2023,-0.0120,1.6303
262,15:53:55.435,2023,-0.0120,1.6303
263,15:53:55.436,2024,-0.0115,1.6311
264,15:53:55.436,2021,-0.0129,1.6286
265,15:53:55.437,2025,-0.0110,1.6319
266,15:53:55.437,2024,-0.0115,1.6311
267,15:53:55.438,2023,-0.0120,1.6303
268,15:53:55.438,2022,-0.0125,1.6295
269,15:53:55.439,2018,-0.0144,1.6262
270,15:53:55.439,2020,-0.0134,1.6278
271,15:53:55.440,2022,-0.0125,1.6295
272,15:53:55.440,2017,-0.0149,1.6254
273,15:53:55.441,2020,-0.0134,1.6278
274,15:53:55.441,2025,-0.0110,1.6319
275,15:53:55.442,2016,-0.0154,1.6246
276,15:53:55.442,2021,-0.0129,1.6286
277,15:53:55.443,2017,-0.0149,1.6254
278,15:53:55.443,2024,-0.0115,1.6311
279,15:53:55.444,2022,-0.0125,1.6295
280,15:53:55.444,2024,-0.0115,1.6311
281,15:53:55.445,2021,-0.0129,1.6286
282,15:53:55.445,2020,-0.0134,1.6278
283,15:53:55.446,2023,-0.0120,1.6303
284,15:53:55.446,2023,-0.0120,1.6303
285,15:53:55.447,2020,-0.0134,1.6278
286,15:53:55.447,2021,-0.0129,1.6286
287,15:53:55.448,2019,-0.0139,1.6270
288,15:53:55.448,2025,-0.0110,1.6319
289,15:53:55.449,2021,-0.0129,1.6286
290,15:53:55.449,2021,-0.0129,1.6286
291,15:53:55.450,2023,-0.0120,1.6303
292,15:53:55.450,2024,-0.0115,1.6311
293,15:53:55.451,2022,-0.0125,1.6295
294,15:53:55.451,2022,-0.0125,1.6295
295,15:53:55.452,2022,-0.0125,1.6295
296,15:53:55.452,2026,-0.0105,1.6327
297,15:53:55.453,2019,-0.0139,1.6270
298,15:53:55.453,2024,-0.0115,1.6311
299,15:53:55.454,2022,-0.0125,1.6295
300,15:53:55.454,2025,-0.0110,1.6319
301,15:53:55.455,2021,-0.0129,1.6286
302,15:53:55.455,2027,-0.0100,1.6335
303,15:53:55.456,2025,-0.0110,1.6319
304,15:53:55.456,2027,-0.0100,1.6335
305,15:53:55.457,2022,-0.0125,1.6295
306,15:53:55.457,2022,-0.0125,1.6295
307,15:53:55.458,2022,-0.0125,1.6295
308,15:53:55.458,2025,-0.0110,1.6319
309,15:53:55.459,2023,-0.0120,1.6303
310,15:53:55.459,2023,-0.0120,1.6303
311,15:53:55.460,2024,-0.0115,1.6311
312,15:53:55.460,2023,-0.0120,1.6303
313,15:53:55.461,2028,-0.0095,1.6343
314,15:53:55.461,2020,-0.0134,1.6278
315,15:53:55.462,2025,-0.0110,1.6319
316,15:53:55.462,2022,-0.0125,1.6295
317,15:53:55.463,2022,-0.0125,1.6295
318,15:53:55.463,2026,-0.0105,1.6327
319,15:53:55.464,2020,-0.0134,1.6278
320,15:53:55.464,2020,-0.0134,1.6278
321,15:53:55.465,2022,-0.0125,1.6295
322,15:53:55.465,2021,-0.0129,1.6286
323,15:53:55.466,2023,-0.0120,1.6303
324,15:53:55.466,2026,-0.0105,1.6327
325,15:53:55.467,2022,-0.0125,1.6295
326,15:53:55.467,2024,-0.0115,1.6311
327,15:53:55.468,2019,-0.0139,1.6270
328,15:53:55.468,2025,-0.0110,1.6319
329,15:53:55.469,2020,-0.0134,1.6278
330,15:53:55.469,2021,-0.0129,1.6286
331,15:53:55.470,2021,-0.0129,1.6286
332,15:53:55.470,2022,-0.0125,1.6295
333,15:53:55.471,2020,-0.0134,1.6278
334,15:53:55.471,2019,-0.0139,1.6270
335,15:53:55.472,2023,-0.0120,1.6303
336,15:53:55.472,2023,-0.0120,1.6303
337,15:53:55.473,2025,-0.0110,1.6319
338,15:53:55.473,2024,-0.0115,1.6311
339,15:53:55.474,2025,-0.0110,1.6319
340,15:53:55.474,2023,-0.0120,1.6303
341,15:53:55.475,2021,-0.0129,1.6286
342,15:53:55.475,2021,-0.0129,1.6286
343,15:53:55.476,2025,-0.0110,1.6319
344,15:53:55.476,2027,-0.0100,1.6335
345,15:53:55.477,2022,-0.0125,1.6295
346,15:53:55.477,2031,-0.0081,1.6367
347,15:53:55.478,2028,-0.0095,1.6343
348,15:53:55.478,2026,-0.0105,1.6327
349,15:53:55.479,2021,-0.0129,1.6286
350,15:53:55.479,2022,-0.0125,1.6295
351,15:53:55.480,2023,-0.0120,1.6303
352,15:53:55.480,2025,-0.0110,1.6319
353,15:53:55.481,2022,-0.0125,1.6295
354,15:53:55.481,2023,-0.0120,1.6303
355,15:53:55.482,2025,-0.0110,1.6319
356,15:53:55.482,2025,-0.0110,1.6319
357,15:53:55.483,2021,-0.0129,1.6286
358,15:53:55.483,2022,-0.0125,1.6295
359,15:53:55.484,2024,-0.0115,1.6311
360,15:53:55.484,2023,-0.0120,1.6303
361,15:53:55.485,2024,-0.0115,1.6311
362,15:53:55.485,2019,-0.0139,1.6270
363,15:53:55.486,2021,-0.0129,1.6286
364,15:53:55.486,2021,-0.0129,1.6286
365,15:53:55.487,2021,-0.0129,1.6286
366,15:53:55.487,2021,-0.0129,1.6286
367,15:53:55.488,2023,-0.0120,1.6303
368,15:53:55.488,2022,-0.0125,1.6295
369,15:53:55.489,2023,-0.0120,1.6303
370,15:53:55.489,2024,-0.0115,1.6311
371,15:53:55.490,2020,-0.0134,1.6278
372,15:53:55.490,2020,-0.0134,1.6278
373,15:53:55.491,2019,-0.0139,1.6270
374,15:53:55.491,2023,-0.0120,1.6303
375,15:53:55.492,2020,-0.0134,1.6278
376,15:53:55.492,2022,-0.0125,1.6295
377,15:53:55.493,2023,-0.0120,1.6303
378,15:53:55.493,2019,-0.0139,1.6270
379,15:53:55.494,2021,-0.0129,1.6286
380,15:53:55.494,2023,-0.0120,1.6303
381,15:53:55.495,2025,-0.0110,1.6319
382,15:53:55.495,2020,-0.0134,1.6278
383,15:53:55.496,2020,-0.0134,1.6278
384,15:53:55.496,2020,-0.0134,1.6278
385,15:53:55.497,2022,-0.0125,1.6295
386,15:53:55.497,2024,-0.0115,1.6311
387,15:53:55.498,2024,-0.0115,1.6311
388,15:53:55.498,2021,-0.0129,1.6286
389,15:53:55.499,2024,-0.0115,1.6311
390,15:53:55.499,2022,-0.0125,1.6295
391,15:53:55.500,2022,-0.0125,1.6295
392,15:53:55.500,2023,-0.0120,1.6303
393,15:53:55.501,2022,-0.0125,1.6295
394,15:53:55.501,2024,-0.0115,1.6311
395,15:53:55.502,2023,-0.0120,1.6303
396,15:53:55.502,2022,-0.0125,1.6295
397,15:53:55.503,2023,-0.0120,1.6303
398,15:53:55.503,2022,-0.0125,1.6295
399,15:53:55.504,2019,-0.0139,1.6270
400,15:53:55.504,2023,-0.0120,1.6303
401,15:53:55.505,2029,-0.0090,1.6351
402,15:53:55.505,2027,-0.0100,1.6335
403,15:53:55.506,2024,-0.0115,1.6311
404,15:53:55.506,2025,-0.0110,1.6319
405,15:53:55.507,2023,-0.0120,1.6303
406,15:53:55.507,2022,-0.0125,1.6295
407,15:53:55.508,2024,-0.0115,1.6311
408,15:53:55.508,2024,-0.0115,1.6311
409,15:53:55.509,2024,-0.0115,1.6311
410,15:53:55.509,2023,-0.0120,1.6303
411,15:53:55.510,2026,-0.0105,1.6327
412,15:53:55.510,2023,-0.0120,1.6303
413,15:53:55.511,2025,-0.0110,1.6319
414,15:53:55.511,2026,-0.0105,1.6327
415,15:53:55.512,2024,-0.0115,1.6311
416,15:53:55.512,2022,-0.0125,1.6295
417,15:53:55.513,2024,-0.0115,1.6311
418,15:53:55.513,2021,-0.0129,1.6286
419,15:53:55.514,2015,-0.0159,1.6238
420,15:53:55.514,2021,-0.0129,1.6286
421,15:53:55.515,2021,-0.0129,1.6286
422,15:53:55.515,2022,-0.0125,1.6295
423,15:53:55.516,2021,-0.0129,1.6286
424,15:53:55.516,2020,-0.0134,1.6278
425,15:53:55.517,2020,-0.0134,1.6278
426,15:53:55.517,2019,-0.0139,1.6270
427,15:53:55.518,2022,-0.0125,1.6295
428,15:53:55.518,2024,-0.0115,1.6311
429,15:53:55.519,2020,-0.0134,1.6278
430,15:53:55.519,2020,-0.0134,1.6278
431,15:53:55.520,2020,-0.0134,1.6278
432,15:53:55.520,2026,-0.0105,1.6327
433,15:53:55.521,2022,-0.0125,1.6295
434,15:53:55.521,2023,-0.0120,1.6303
435,15:53:55.522,2025,-0.0110,1.6319
436,15:53:55.522,2024,-0.0115,1.6311
437,15:53:55.523,2018,-0.0144,1.6262
438,15:53:55.523,2027,-0.0100,1.6335
439,15:53:55.524,2020,-0.0134,1.6278
440,15:53:55.524,2021,-0.0129,1.6286
441,15:53:55.525,2023,-0.0120,1.6303
442,15:53:55.525,2023,-0.0120,1.6303
443,15:53:55.526,2019,-0.0139,1.6270
444,15:53:55.526,2020,-0.0134,1.6278
445,15:53:55.527,2021,-0.0129,1.6286
446,15:53:55.527,2024,-0.0115,1.6311
447,15:53:55.528,2024,-0.0115,1.6311
448,15:53:55.528,2021,-0.0129,1.6286
449,15:53:55.529,2023,-0.0120,1.6303
450,15:53:55.529,2023,-0.0120,1.6303
451,15:53:55.530,2022,-0.0125,1.6295
452,15:53:55.530,2021,-0.0129,1.6286
453,15:53:55.531,2024,-0.0115,1.6311
454,15:53:55.531,2022,-0.0125,1.6295
455,15:53:55.532,2025,-0.0110,1.6319
456,15:53:55.532,2024,-0.0115,1.6311
457,15:53:55.533,2024,-0.0115,1.6311
458,15:53:55.533,2022,-0.0125,1.6295
459,15:53:55.534,2023,-0.0120,1.6303
460,15:53:55.534,2022,-0.0125,1.6295
461,15:53:55.535,2023,-0.0120,1.6303
462,15:53:55.535,2023,-0.0120,1.6303
463,15:53:55.536,2021,-0.0129,1.6286
464,15:53:55.536,2026,-0.0105,1.6327
465,15:53:55.537,2023,-0.0120,1.6303
466,15:53:55.537,2022,-0.0125,1.6295
467,15:53:55.538,2024,-0.0115,1.6311
468,15:53:55.538,2025,-0.0110,1.6319
469,15:53:55.539,2024,-0.0115,1.6311
470,15:53:55.539,2023,-0.0120,1.6303
471,15:53:55.540,2024,-0.0115,1.6311
472,15:53:55.540,2028,-0.0095,1.6343
473,15:53:55.541,2018,-0.0144,1.6262
474,15:53:55.541,2022,-0.0125,1.6295
475,15:53:55.542,2023,-0.0120,1.6303
476,15:53:55.542,2028,-0.0095,1.6343
477,15:53:55.543,2020,-0.0134,1.6278
478,15:53:55.543,2023,-0.0120,1.6303
479,15:53:55.544,2020,-0.0134,1.6278
480,15:53:55.544,2015,-0.0159,1.6238
481,15:53:55.545,2020,-0.0134,1.6278
482,15:53:55.545,2018,-0.0144,1.6262
483,15:53:55.546,2021,-0.0129,1.6286
484,15:53:55.546,2022,-0.0125,1.6295
485,15:53:55.547,2021,-0.0129,1.6286
486,15:53:55.547,2020,-0.0134,1.6278
487,15:53:55.548,2020,-0.0134,1.6278
488,15:53:55.548,2018,-0.0144,1.6262
489,15:53:55.549,2021,-0.0129,1.6286
490,15:53:55.549,2017,-0.0149,1.6254
491,15:53:55.550,2017,-0.0149,1.6254
492,15:53:55.550,2022,-0.0125,1.6295
493,15:53:55.551,2022,-0.0125,1.6295
494,15:53:55.551,2022,-0.0125,1.6295
495,15:53:55.552,2023,-0.0120,1.6303
496,15:53:55.552,2023,-0.0120,1.6303
497,15:53:55.553,2023,-0.0120,1.6303
498,15:53:55.553,2025,-0.0110,1.6319
499,15:53:55.554,2025,-0.0110,1.6319
500,15:53:55.554,2026,-0.0105,1.6327
501,15:53:55.555,2021,-0.0129,1.6286
502,15:53:55.555,2021,-0.0129,1.6286
503,15:53:55.556,2023,-0.0120,1.6303
504,15:53:55.556,2021,-0.0129,1.6286
505,15:53:55.557,2025,-0.0110,1.6319
506,15:53:55.557,2024,-0.0115,1.6311
507,15:53:55.558,2022,-0.0125,1.6295
508,15:53:55.558,2025,-0.0110,1.6319
509,15:53:55.559,2023,-0.0120,1.6303
510,15:53:55.559,2028,-0.0095,1.6343
511,15:53:55.560,2022,-0.0125,1.6295
512,15:53:55.560,2024,-0.0115,1.6311
513,15:53:55.561,2021,-0.0129,1.6286
514,15:53:55.561,2026,-0.0105,1.6327
515,15:53:55.562,2021,-0.0129,1.6286
516,15:53:55.562,2024,-0.0115,1.6311
517,15:53:55.563,2019,-0.0139,1.6270
518,15:53:55.563,2021,-0.0129,1.6286
519,15:53:55.564,2021,-0.0129,1.6286
520,15:53:55.564,2020,-0.0134,1.6278
521,15:53:55.565,2025,-0.0110,1.6319
522,15:53:55.565,2023,-0.0120,1.6303
523,15:53:55.566,2023,-0.0120,1.6303
524,15:53:55.566,2021,-0.0129,1.6286
525,15:53:55.567,2024,-0.0115,1.6311
526,15:53:55.567,2024,-0.0115,1.6311
527,15:53:55.568,2025,-0.0110,1.6319
528,15:53:55.568,2020,-0.0134,1.6278
529,15:53:55.569,2020,-0.0134,1.6278
530,15:53:55.569,2021,-0.0129,1.6286
531,15:53:55.570,2020,-0.0134,1.6278
532,15:53:55.570,2019,-0.0139,1.6270
533,15:53:55.571,2022,-0.0125,1.6295
534,15:53:55.571,2019,-0.0139,1.6270
535,15:53:55.572,2023,-0.0120,1.6303
536,15:53:55.572,2022,-0.0125,1.6295
537,15:53:55.573,2022,-0.0125,1.6295
538,15:53:55.573,2022,-0.0125,1.6295
539,15:53:55.574,2021,-0.0129,1.6286
540,15:53:55.574,2023,-0.0120,1.6303
541,15:53:55.575,2021,-0.0129,1.6286
542,15:53:55.575,2020,-0.0134,1.6278
543,15:53:55.576,2020,-0.0134,1.6278
544,15:53:55.576,2024,-0.0115,1.6311
545,15:53:55.577,2023,-0.0120,1.6303
546,15:53:55.577,2020,-0.0134,1.6278
547,15:53:55.578,2022,-0.0125,1.6295
548,15:53:55.578,2022,-0.0125,1.6295
549,15:53:55.579,2019,-0.0139,1.6270
550,15:53:55.579,2019,-0.0139,1.6270
551,15:53:55.580,2017,-0.0149,1.6254
552,15:53:55.580,2021,-0.0129,1.6286
553,15:53:55.581,2018,-0.0144,1.6262
554,15:53:55.581,2019,-0.0139,1.6270
555,15:53:55.582,2023,-0.0120,1.6303
556,15:53:55.582,2019,-0.0139,1.6270
557,15:53:55.583,2024,-0.0115,1.6311
558,15:53:55.583,2020,-0.0134,1.6278
559,15:53:55.584,2019,-0.0139,1.6270
560,15:53:55.584,2023,-0.0120,1.6303
561,15:53:55.585,2024,-0.0115,1.6311
562,15:53:55.585,2021,-0.0129,1.6286
563,15:53:55.586,2017,-0.0149,1.6254
564,15:53:55.586,2022,-0.0125,1.6295
565,15:53:55.587,2025,-0.0110,1.6319
566,15:53:55.587,2023,-0.0120,1.6303
567,15:53:55.588,2022,-0.0125,1.6295
568,15:53:55.588,2024,-0.0115,1.6311
569,15:53:55.589,2022,-0.0125,1.6295
570,15:53:55.589,2022,-0.0125,1.6295
571,15:53:55.590,2025,-0.0110,1.6319
572,15:53:55.590,2024,-0.0115,1.6311
573,15:53:55.591,2023,-0.0120,1.6303
574,15:53:55.591,2027,-0.0100,1.6335
575,15:53:55.592,2022,-0.0125,1.6295
576,15:53:55.592,2028,-0.0095,1.6343
577,15:53:55.593,2025,-0.0110,1.6319
578,15:53:55.593,2024,-0.0115,1.6311
579,15:53:55.594,2025,-0.0110,1.6319
580,15:53:55.594,2024,-0.0115,1.6311
581,15:53:55.595,2028,-0.0095,1.6343
582,15:53:55.595,2024,-0.0115,1.6311
583,15:53:55.596,2026,-0.0105,1.6327
584,15:53:55.596,2028,-0.0095,1.6343
585,15:53:55.597,2026,-0.0105,1.6327
586,15:53:55.597,2024,-0.0115,1.6311
587,15:53:55.598,2027,-0.0100,1.6335
588,15:53:55.598,2022,-0.0125,1.6295
589,15:53:55.599,2020,-0.0134,1.6278
590,15:53:55.599,2020,-0.0134,1.6278
591,15:53:55.600,2021,-0.0129,1.6286
592,15:53:55.600,2020,-0.0134,1.6278
593,15:53:55.601,2025,-0.0110,1.6319
594,15:53:55.601,2020,-0.0134,1.6278
595,15:53:55.602,2022,-0.0125,1.6295
596,15:53:55.602,2018,-0.0144,1.6262
597,15:53:55.603,2022,-0.0125,1.6295
598,15:53:55.603,2020,-0.0134,1.6278
599,15:53:55.604,2021,-0.0129,1.6286
600,15:53:55.604,2016,-0.0154,1.6246
601,15:53:55.605,2018,-0.0144,1.6262
602,15:53:55.605,2018,-0.0144,1.6262
603,15:53:55.606,2023,-0.0120,1.6303
604,15:53:55.606,2020,-0.0134,1.6278
605,15:53:55.607,2019,-0.0139,1.6270
606,15:53:55.607,2023,-0.0120,1.6303
607,15:53:55.608,2020,-0.0134,1.6278
608,15:53:55.608,2022,-0.0125,1.6295
609,15:53:55.609,2021,-0.0129,1.6286
610,15:53:55.609,2021,-0.0129,1.6286
611,15:53:55.610,2020,-0.0134,1.6278
612,15:53:55.610,2024,-0.0115,1.6311
613,15:53:55.611,2020,-0.0134,1.6278
614,15:53:55.611,2024,-0.0115,1.6311
615,15:53:55.612,2024,-0.0115,1.6311
616,15:53:55.612,2022,-0.0125,1.6295
617,15:53:55.613,2023,-0.0120,1.6303
618,15:53:55.613,2025,-0.0110,1.6319
619,15:53:55.614,2025,-0.0110,1.6319
620,15:53:55.614,2029,-0.0090,1.6351
621,15:53:55.615,2021,-0.0129,1.6286
622,15:53:55.615,2023,-0.0120,1.6303
623,15:53:55.616,2024,-0.0115,1.6311
624,15:53:55.616,2022,-0.0125,1.6295
625,15:53:55.617,2022,-0.0125,1.6295
626,15:53:55.617,2024,-0.0115,1.6311
627,15:53:55.618,2027,-0.0100,1.6335
628,15:53:55.618,2024,-0.0115,1.6311
629,15:53:55.619,2027,-0.0100,1.6335
630,15:53:55.619,2024,-0.0115,1.6311
631,15:53:55.620,2020,-0.0134,1.6278
632,15:53:55.620,2026,-0.0105,1.6327
633,15:53:55.621,2026,-0.0105,1.6327
634,15:53:55.621,2020,-0.0134,1.6278
635,15:53:55.622,2023,-0.0120,1.6303
636,15:53:55.622,2022,-0.0125,1.6295
637,15:53:55.623,2024,-0.0115,1.6311
638,15:53:55.623,2025,-0.0110,1.6319
639,15:53:55.624,2023,-0.0120,1.6303
640,15:53:55.624,2025,-0.0110,1.6319
641,15:53:55.625,2022,-0.0125,1.6295
642,15:53:55.625,2023,-0.0120,1.6303
643,15:53:55.626,2028,-0.0095,1.6343
644,15:53:55.626,2019,-0.0139,1.6270
645,15:53:55.627,2024,-0.0115,1.6311
646,15:53:55.627,2019,-0.0139,1.6270
647,15:53:55.628,2014,-0.0164,1.6230
648,15:53:55.628,2021,-0.0129,1.6286
649,15:53:55.629,2025,-0.0110,1.6319
650,15:53:55.629,2023,-0.0120,1.6303
651,15:53:55.630,2017,-0.0149,1.6254
652,15:53:55.630,2018,-0.0144,1.6262
653,15:53:55.631,2025,-0.0110,1.6319
654,15:53:55.631,2026,-0.0105,1.6327
655,15:53:55.632,2022,-0.0125,1.6295
656,15:53:55.632,2019,-0.0139,1.6270
657,15:53:55.633,2021,-0.0129,1.6286
658,15:53:55.633,2019,-0.0139,1.6270
659,15:53:55.634,2026,-0.0105,1.6327
660,15:53:55.634,2023,-0.0120,1.6303
661,15:53:55.635,2018,-0.0144,1.6262
662,15:53:55.635,2024,-0.0115,1.6311
663,15:53:55.636,2020,-0.0134,1.6278
664,15:53:55.636,2021,-0.0129,1.6286
665,15:53:55.637,2024,-0.0115,1.6311
666,15:53:55.637,2023,-0.0120,1.6303
667,15:53:55.638,2021,-0.0129,1.6286
668,15:53:55.638,2023,-0.0120,1.6303
669,15:53:55.639,2022,-0.0125,1.6295
670,15:53:55.639,2023,-0.0120,1.6303
671,15:53:55.640,2025,-0.0110,1.6319
672,15:53:55.640,2024,-0.0115,1.6311
673,15:53:55.641,2026,-0.0105,1.6327
674,15:53:55.641,2026,-0.0105,1.6327
675,15:53:55.642,2024,-0.0115,1.6311
676,15:53:55.642,2024,-0.0115,1.6311
677,15:53:55.643,2024,-0.0115,1.6311
678,15:53:55.643,2024,-0.0115,1.6311
679,15:53:55.644,2023,-0.0120,1.6303
680,15:53:55.644,2023,-0.0120,1.6303
681,15:53:55.645,2024,-0.0115,1.6311
682,15:53:55.645,2026,-0.0105,1.6327
683,15:53:55.646,2027,-0.0100,1.6335
684,15:53:55.646,2023,-0.0120,1.6303
685,15:53:55.647,2023,-0.0120,1.6303
686,15:53:55.647,2021,-0.0129,1.6286
687,15:53:55.648,2024,-0.0115,1.6311
688,15:53:55.648,2018,-0.0144,1.6262
689,15:53:55.649,2023,-0.0120,1.6303
690,15:53:55.649,2024,-0.0115,1.6311
691,15:53:55.650,2023,-0.0120,1.6303
692,15:53:55.650,2020,-0.0134,1.6278
693,15:53:55.651,2023,-0.0120,1.6303
694,15:53:55.651,2019,-0.0139,1.6270
695,15:53:55.652,2017,-0.0149,1.6254
696,15:53:55.652,2022,-0.0125,1.6295
697,15:53:55.653,2022,-0.0125,1.6295
698,15:53:55.653,2019,-0.0139,1.6270
699,15:53:55.654,2022,-0.0125,1.6295
700,15:53:55.654,2019,-0.0139,1.6270
701,15:53:55.655,2022,-0.0125,1.6295
702,15:53:55.655,2018,-0.0144,1.6262
703,15:53:55.656,2018,-0.0144,1.6262
704,15:53:55.656,2019,-0.0139,1.6270
705,15:53:55.657,2018,-0.0144,1.6262
706,15:53:55.657,2021,-0.0129,1.6286
707,15:53:55.658,2025,-0.0110,1.6319
708,15:53:55.658,2024,-0.0115,1.6311
709,15:53:55.659,2019,-0.0139,1.6270
710,15:53:55.659,2024,-0.0115,1.6311
711,15:53:55.660,2023,-0.0120,1.6303
712,15:53:55.660,2025,-0.0110,1.6319
713,15:53:55.661,2028,-0.0095,1.6343
714,15:53:55.661,2026,-0.0105,1.6327
715,15:53:55.662,2023,-0.0120,1.6303
716,15:53:55.662,2025,-0.0110,1.6319
717,15:53:55.663,2023,-0.0120,1.6303
718,15:53:55.663,2023,-0.0120,1.6303
719,15:53:55.664,2025,-0.0110,1.6319
720,15:53:55.664,2025,-0.0110,1.6319
721,15:53:55.665,2024,-0.0115,1.6311
722,15:53:55.665,2025,-0.0110,1.6319
723,15:53:55.666,2022,-0.0125,1.6295
724,15:53:55.666,2023,-0.0120,1.6303
725,15:53:55.667,2024,-0.0115,1.6311
726,15:53:55.667,2024,-0.0115,1.6311
727,15:53:55.668,2023,-0.0120,1.6303
728,15:53:55.668,2021,-0.0129,1.6286
729,15:53:55.669,2019,-0.0139,1.6270
730,15:53:55.669,2020,-0.0134,1.6278
731,15:53:55.670,2019,-0.0139,1.6270
732,15:53:55.670,2024,-0.0115,1.6311
733,15:53:55.671,2021,-0.0129,1.6286
734,15:53:55.671,2021,-0.0129,1.6286
735,15:53:55.672,2019,-0.0139,1.6270
736,15:53:55.672,2021,-0.0129,1.6286
737,15:53:55.673,2023,-0.0120,1.6303
738,15:53:55.673,2021,-0.0129,1.6286
739,15:53:55.674,2021,-0.0129,1.6286
740,15:53:55.674,2022,-0.0125,1.6295
741,15:53:55.675,2021,-0.0129,1.6286
742,15:53:55.675,2018,-0.0144,1.6262
743,15:53:55.676,2020,-0.0134,1.6278
744,15:53:55.676,2020,-0.0134,1.6278
745,15:53:55.677,2021,-0.0129,1.6286
746,15:53:55.677,2018,-0.0144,1.6262
747,15:53:55.678,2021,-0.0129,1.6286
748,15:53:55.678,2022,-0.0125,1.6295
749,15:53:55.679,2019,-0.0139,1.6270
750,15:53:55.679,2019,-0.0139,1.6270
751,15:53:55.680,2021,-0.0129,1.6286
752,15:53:55.680,2021,-0.0129,1.6286
753,15:53:55.681,2022,-0.0125,1.6295
754,15:53:55.681,2025,-0.0110,1.6319
755,15:53:55.682,2025,-0.0110,1.6319
756,15:53:55.682,2023,-0.0120,1.6303
757,15:53:55.683,2024,-0.0115,1.6311
758,15:53:55.683,2026,-0.0105,1.6327
759,15:53:55.684,2026,-0.0105,1.6327
760,15:53:55.684,2019,-0.0139,1.6270
761,15:53:55.685,2023,-0.0120,1.6303
762,15:53:55.685,2022,-0.0125,1.6295
763,15:53:55.686,2026,-0.0105,1.6327
764,15:53:55.686,2023,-0.0120,1.6303
765,15:53:55.687,2023,-0.0120,1.6303
766,15:53:55.687,2020,-0.0134,1.6278
767,15:53:55.688,2024,-0.0115,1.6311
768,15:53:55.688,2026,-0.0105,1.6327
769,15:53:55.689,2024,-0.0115,1.6311
770,15:53:55.689,2023,-0.0120,1.6303
771,15:53:55.690,2022,-0.0125,1.6295
772,15:53:55.690,2019,-0.0139,1.6270
773,15:53:55.691,2023,-0.0120,1.6303
774,15:53:55.691,2025,-0.0110,1.6319
775,15:53:55.692,2022,-0.0125,1.6295
776,15:53:55.692,2021,-0.0129,1.6286
777,15:53:55.693,2022,-0.0125,1.6295
778,15:53:55.693,2024,-0.0115,1.6311
779,15:53:55.694,2022,-0.0125,1.6295
780,15:53:55.694,2021,-0.0129,1.6286
781,15:53:55.695,2021,-0.0129,1.6286
782,15:53:55.695,2022,-0.0125,1.6295
783,15:53:55.696,2018,-0.0144,1.6262
784,15:53:55.696,2020,-0.0134,1.6278
785,15:53:55.697,2019,-0.0139,1.6270
786,15:53:55.697,2021,-0.0129,1.6286
787,15:53:55.698,2020,-0.0134,1.6278
788,15:53:55.698,2019,-0.0139,1.6270
789,15:53:55.699,2020,-0.0134,1.6278
790,15:53:55.699,2021,-0.0129,1.6286
791,15:53:55.700,2016,-0.0154,1.6246
792,15:53:55.700,2022,-0.0125,1.6295
793,15:53:55.701,2022,-0.0125,1.6295
794,15:53:55.701,2025,-0.0110,1.6319
795,15:53:55.702,2021,-0.0129,1.6286
796,15:53:55.702,2024,-0.0115,1.6311
797,15:53:55.703,2022,-0.0125,1.6295
798,15:53:55.703,2020,-0.0134,1.6278
799,15:53:55.704,2021,-0.0129,1.6286
800,15:53:55.704,2022,-0.0125,1.6295
801,15:53:55.705,2021,-0.0129,1.6286
802,15:53:55.705,2023,-0.0120,1.6303
803,15:53:55.706,2023,-0.0120,1.6303
804,15:53:55.706,2027,-0.0100,1.6335
805,15:53:55.707,2026,-0.0105,1.6327
806,15:53:55.707,2023,-0.0120,1.6303
807,15:53:55.708,2025,-0.0110,1.6319
808,15:53:55.708,2026,-0.0105,1.6327
809,15:53:55.709,2027,-0.0100,1.6335
810,15:53:55.709,2024,-0.0115,1.6311
811,15:53:55.710,2027,-0.0100,1.6335
812,15:53:55.710,2025,-0.0110,1.6319
813,15:53:55.711,2022,-0.0125,1.6295
814,15:53:55.711,2024,-0.0115,1.6311
815,15:53:55.712,2025,-0.0110,1.6319
816,15:53:55.712,2029,-0.0090,1.6351
817,15:53:55.713,2023,-0.0120,1.6303
818,15:53:55.713,2021,-0.0129,1.6286
819,15:53:55.714,2024,-0.0115,1.6311
820,15:53:55.714,2027,-0.0100,1.6335
821,15:53:55.715,2019,-0.0139,1.6270
822,15:53:55.715,2024,-0.0115,1.6311
823,15:53:55.716,2020,-0.0134,1.6278
824,15:53:55.716,2021,-0.0129,1.6286
825,15:53:55.717,2022,-0.0125,1.6295
826,15:53:55.717,2022,-0.0125,1.6295
827,15:53:55.718,2019,-0.0139,1.6270
828,15:53:55.718,2023,-0.0120,1.6303
829,15:53:55.719,2018,-0.0144,1.6262
830,15:53:55.719,2020,-0.0134,1.6278
831,15:53:55.720,2021,-0.0129,1.6286
832,15:53:55.720,2023,-0.0120,1.6303
833,15:53:55.721,2023,-0.0120,1.6303
834,15:53:55.721,2020,-0.0134,1.6278
835,15:53:55.722,2024,-0.0115,1.6311
836,15:53:55.722,2025,-0.0110,1.6319
837,15:53:55.723,2025,-0.0110,1.6319
838,15:53:55.723,2022,-0.0125,1.6295
839,15:53:55.724,2022,-0.0125,1.6295
840,15:53:55.724,2022,-0.0125,1.6295
841,15:53:55.725,2022,-0.0125,1.6295
842,15:53:55.725,2022,-0.0125,1.6295
843,15:53:55.726,2022,-0.0125,1.6295
844,15:53:55.726,2019,-0.0139,1.6270
845,15:53:55.727,2027,-0.0100,1.6335
846,15:53:55.727,2025,-0.0110,1.6319
847,15:53:55.728,2025,-0.0110,1.6319
848,15:53:55.728,2025,-0.0110,1.6319
849,15:53:55.729,2020,-0.0134,1.6278
850,15:53:55.729,2024,-0.0115,1.6311
851,15:53:55.730,2024,-0.0115,1.6311
852,15:53:55.730,2024,-0.0115,1.6311
853,15:53:55.731,2023,-0.0120,1.6303
854,15:53:55.731,2022,-0.0125,1.6295
855,15:53:55.732,2024,-0.0115,1.6311
856,15:53:55.732,2024,-0.0115,1.6311
857,15:53:55.733,2024,-0.0115,1.6311
858,15:53:55.733,2022,-0.0125,1.6295
859,15:53:55.734,2027,-0.0100,1.6335
860,15:53:55.734,2023,-0.0120,1.6303
861,15:53:55.735,2020,-0.0134,1.6278
862,15:53:55.735,2020,-0.0134,1.6278
863,15:53:55.736,2022,-0.0125,1.6295
864,15:53:55.736,2021,-0.0129,1.6286
865,15:53:55.737,2026,-0.0105,1.6327
866,15:53:55.737,2024,-0.0115,1.6311
867,15:53:55.738,2020,-0.0134,1.6278
868,15:53:55.738,2019,-0.0139,1.6270
869,15:53:55.739,2020,-0.0134,1.6278
870,15:53:55.739,2026,-0.0105,1.6327
871,15:53:55.740,2017,-0.0149,1.6254
872,15:53:55.740,2023,-0.0120,1.6303
873,15:53:55.741,2027,-0.0100,1.6335
874,15:53:55.741,2031,-0.0081,1.6367
875,15:53:55.742,2025,-0.0110,1.6319
876,15:53:55.742,2025,-0.0110,1.6319
877,15:53:55.743,2023,-0.0120,1.6303
878,15:53:55.743,2016,-0.0154,1.6246
879,15:53:55.744,2020,-0.0134,1.6278
880,15:53:55.744,2017,-0.0149,1.6254
881,15:53:55.745,2024,-0.0115,1.6311
882,15:53:55.745,2017,-0.0149,1.6254
883,15:53:55.746,2021,-0.0129,1.6286
884,15:53:55.746,2027,-0.0100,1.6335
885,15:53:55.747,2026,-0.0105,1.6327
886,15:53:55.747,2028,-0.0095,1.6343
887,15:53:55.748,2017,-0.0149,1.6254
888,15:53:55.748,2030,-0.0085,1.6359
889,15:53:55.749,2016,-0.0154,1.6246
890,15:53:55.749,2022,-0.0125,1.6295
891,15:53:55.750,2022,-0.0125,1.6295
892,15:53:55.750,2024,-0.0115,1.6311
893,15:53:55.751,2022,-0.0125,1.6295
894,15:53:55.751,2029,-0.0090,1.6351
895,15:53:55.752,2029,-0.0090,1.6351
896,15:53:55.752,2022,-0.0125,1.6295
897,15:53:55.753,2024,-0.0115,1.6311
898,15:53:55.753,2022,-0.0125,1.6295
899,15:53:55.754,2025,-0.0110,1.6319
900,15:53:55.754,2019,-0.0139,1.6270
901,15:53:55.755,2022,-0.0125,1.6295
902,15:53:55.755,2022,-0.0125,1.6295
903,15:53:55.756,2020,-0.0134,1.6278
904,15:53:55.756,2013,-0.0168,1.6222
905,15:53:55.757,2014,-0.0164,1.6230
906,15:53:55.757,2016,-0.0154,1.6246
907,15:53:55.758,2012,-0.0173,1.6214
908,15:53:55.758,2017,-0.0149,1.6254
909,15:53:55.759,2011,-0.0178,1.6206
910,15:53:55.759,2017,-0.0149,1.6254
911,15:53:55.760,2013,-0.0168,1.6222
912,15:53:55.760,2016,-0.0154,1.6246
913,15:53:55.761,2021,-0.0129,1.6286
914,15:53:55.761,2013,-0.0168,1.6222
915,15:53:55.762,2025,-0.0110,1.6319
916,15:53:55.762,2029,-0.0090,1.6351
917,15:53:55.763,2036,-0.0056,1.6407
918,15:53:55.763,2019,-0.0139,1.6270
919,15:53:55.764,2033,-0.0071,1.6383
920,15:53:55.764,2022,-0.0125,1.6295
921,15:53:55.765,2030,-0.0085,1.6359
922,15:53:55.765,2018,-0.0144,1.6262
923,15:53:55.766,2029,-0.0090,1.6351
924,15:53:55.766,2029,-0.0090,1.6351
925,15:53:55.767,2027,-0.0100,1.6335
926,15:53:55.767,2034,-0.0066,1.6391
927,15:53:55.768,2025,-0.0110,1.6319
928,15:53:55.768,2031,-0.0081,1.6367
929,15:53:55.769,2018,-0.0144,1.6262
930,15:53:55.769,2027,-0.0100,1.6335
931,15:53:55.770,2022,-0.0125,1.6295
932,15:53:55.770,2015,-0.0159,1.6238
933,15:53:55.771,2018,-0.0144,1.6262
934,15:53:55.771,2009,-0.0188,1.6190
935,15:53:55.772,2013,-0.0168,1.6222
936,15:53:55.772,2005,-0.0208,1.6158
937,15:53:55.773,2019,-0.0139,1.6270
938,15:53:55.773,2024,-0.0115,1.6311
939,15:53:55.774,2024,-0.0115,1.6311
940,15:53:55.774,2024,-0.0115,1.6311
941,15:53:55.775,2019,-0.0139,1.6270
942,15:53:55.775,2017,-0.0149,1.6254
943,15:53:55.776,2020,-0.0134,1.6278
944,15:53:55.776,2029,-0.0090,1.6351
945,15:53:55.777,2028,-0.0095,1.6343
946,15:53:55.777,2043,-0.0022,1.6464
947,15:53:55.778,2037,-0.0051,1.6415
948,15:53:55.778,2056,0.0042,1.6568
949,15:53:55.779,2044,-0.0017,1.6472
950,15:53:55.779,2051,0.0017,1.6528
951,15:53:55.780,2040,-0.0037,1.6440
952,15:53:55.780,2046,-0.0007,1.6488
953,15:53:55.781,2040,-0.0037,1.6440
954,15:53:55.781,2037,-0.0051,1.6415
955,15:53:55.782,2030,-0.0085,1.6359
956,15:53:55.782,2026,-0.0105,1.6327
957,15:53:55.783,2023,-0.0120,1.6303
958,15:53:55.783,2021,-0.0129,1.6286
959,15:53:55.784,2020,-0.0134,1.6278
960,15:53:55.784,2027,-0.0100,1.6335
961,15:53:55.785,2023,-0.0120,1.6303
962,15:53:55.785,2013,-0.0168,1.6222
963,15:53:55.786,2005,-0.0208,1.6158
964,15:53:55.786,2002,-0.0222,1.6133
965,15:53:55.787,2002,-0.0222,1.6133
966,15:53:55.787,2004,-0.0212,1.6149
967,15:53:55.788,2003,-0.0217,1.6141
968,15:53:55.788,2016,-0.0154,1.6246
969,15:53:55.789,2016,-0.0154,1.6246
970,15:53:55.789,2016,-0.0154,1.6246
971,15:53:55.790,2008,-0.0193,1.6182
972,15:53:55.790,2010,-0.0183,1.6198
973,15:53:55.791,2007,-0.0198,1.6174
974,15:53:55.791,2013,-0.0168,1.6222
975,15:53:55.792,2021,-0.0129,1.6286
976,15:53:55.792,2021,-0.0129,1.6286
977,15:53:55.793,2019,-0.0139,1.6270
978,15:53:55.793,2022,-0.0125,1.6295
979,15:53:55.794,2025,-0.0110,1.6319
980,15:53:55.794,2025,-0.0110,1.6319
981,15:53:55.795,2031,-0.0081,1.6367
982,15:53:55.795,2029,-0.0090,1.6351
983,15:53:55.796,2025,-0.0110,1.6319
984,15:53:55.796,2015,-0.0159,1.6238
985,15:53:55.797,2016,-0.0154,1.6246
986,15:53:55.797,2015,-0.0159,1.6238
987,15:53:55.798,2016,-0.0154,1.6246
988,15:53:55.798,2015,-0.0159,1.6238
989,15:53:55.799,2018,-0.0144,1.6262
990,15:53:55.799,2024,-0.0115,1.6311
991,15:53:55.800,2013,-0.0168,1.6222
992,15:53:55.800,2029,-0.0090,1.6351
993,15:53:55.801,2013,-0.0168,1.6222
994,15:53:55.801,2032,-0.0076,1.6375
995,15:53:55.802,2021,-0.0129,1.6286
996,15:53:55.802,2010,-0.0183,1.6198
997,15:53:55.803,2003,-0.0217,1.6141
998,15:53:55.803,2086,0.0188,1.6810
999,15:53:55.804,2192,0.0706,1.7664
1000,15:53:55.804,2244,0.0960,1.8084
1001,15:53:55.805,2222,0.0852,1.7906
1002,15:53:55.805,2238,0.0930,1.8035
1003,15:53:55.806,2114,0.0325,1.7036
1004,15:53:55.806,1996,-0.0252,1.6085
1005,15:53:55.807,1902,-0.0711,1.5327
1006,15:53:55.807,1898,-0.0730,1.5295
1007,15:53:55.808,1916,-0.0642,1.5440
1008,15:53:55.808,1971,-0.0374,1.5884
1009,15:53:55.809,2013,-0.0168,1.6222
1010,15:53:55.809,2074,0.0129,1.6714
1011,15:53:55.810,2040,-0.0037,1.6440
1012,15:53:55.810,1999,-0.0237,1.6109
1013,15:53:55.811,1967,-0.0393,1.5851
1014,15:53:55.811,1927,-0.0589,1.5529
1015,15:53:55.812,1906,-0.0691,1.5360
1016,15:53:55.812,1951,-0.0471,1.5722
1017,15:53:55.813,1932,-0.0564,1.5569
1018,15:53:55.813,1831,-0.1057,1.4755
1019,15:53:55.814,1759,-0.1409,1.4175
1020,15:53:55.814,1703,-0.1683,1.3724
1021,15:53:55.815,1708,-0.1658,1.3764
1022,15:53:55.815,1758,-0.1414,1.4167
1023,15:53:55.816,2008,-0.0193,1.6182
1024,15:53:55.816,2200,0.0745,1.7729
1025,15:53:55.817,2315,0.1306,1.8656
1026,15:53:55.817,2290,0.1184,1.8454
1027,15:53:55.818,2250,0.0989,1.8132
1028,15:53:55.818,2107,0.0291,1.6979
1029,15:53:55.819,1990,-0.0281,1.6037
1030,15:53:55.819,1937,-0.0540,1.5610
1031,15:53:55.820,2001,-0.0227,1.6125
1032,15:53:55.820,2069,0.0105,1.6673
1033,15:53:55.821,2178,0.0637,1.7552
1034,15:53:55.821,2219,0.0838,1.7882
1035,15:53:55.822,2259,0.1033,1.8204
1036,15:53:55.822,2185,0.0672,1.7608
1037,15:53:55.823,2200,0.0745,1.7729
1038,15:53:55.823,2159,0.0545,1.7399
1039,15:53:55.824,2145,0.0476,1.7286
1040,15:53:55.824,2108,0.0295,1.6988
1041,15:53:55.825,2139,0.0447,1.7237
1042,15:53:55.825,2038,-0.0046,1.6423
1043,15:53:55.826,1892,-0.0759,1.5247
1044,15:53:55.826,1839,-0.1018,1.4820
1045,15:53:55.827,1799,-0.1214,1.4497
1046,15:53:55.827,1798,-0.1219,1.4489
1047,15:53:55.828,1875,-0.0842,1.5110
1048,15:53:55.828,2063,0.0076,1.6625
1049,15:53:55.829,2184,0.0667,1.7600
1050,15:53:55.829,2211,0.0799,1.7818
1051,15:53:55.830,2154,0.0520,1.7358
1052,15:53:55.830,2103,0.0271,1.6947
1053,15:53:55.831,2003,-0.0217,1.6141
1054,15:53:55.831,1915,-0.0647,1.5432
1055,15:53:55.832,1882,-0.0808,1.5166
1056,15:53:55.832,1927,-0.0589,1.5529
1057,15:53:55.833,1972,-0.0369,1.5892
1058,15:53:55.833,2017,-0.0149,1.6254
1059,15:53:55.834,2060,0.0061,1.6601
1060,15:53:55.834,2073,0.0125,1.6705
1061,15:53:55.835,2032,-0.0076,1.6375
1062,15:53:55.835,2084,0.0178,1.6794
1063,15:53:55.836,2062,0.0071,1.6617
1064,15:53:55.836,2058,0.0051,1.6585
1065,15:53:55.837,2034,-0.0066,1.6391
1066,15:53:55.837,2082,0.0168,1.6778
1067,15:53:55.838,1962,-0.0418,1.5811
1068,15:53:55.838,1880,-0.0818,1.5150
1069,15:53:55.839,1806,-0.1179,1.4554
1070,15:53:55.839,1799,-0.1214,1.4497
1071,15:53:55.840,1804,-0.1189,1.4538
1072,15:53:55.840,1878,-0.0828,1.5134
1073,15:53:55.841,2056,0.0042,1.6568
1074,15:53:55.841,2185,0.0672,1.7608
1075,15:53:55.842,2201,0.0750,1.7737
1076,15:53:55.842,2179,0.0642,1.7560
1077,15:53:55.843,2117,0.0339,1.7060
1078,15:53:55.843,2021,-0.0129,1.6286
1079,15:53:55.844,1915,-0.0647,1.5432
1080,15:53:55.844,1894,-0.0750,1.5263
1081,15:53:55.845,1945,-0.0501,1.5674
1082,15:53:55.845,2016,-0.0154,1.6246
1083,15:53:55.846,2060,0.0061,1.6601
1084,15:53:55.846,2112,0.0315,1.7020
1085,15:53:55.847,2098,0.0247,1.6907
1086,15:53:55.847,2079,0.0154,1.6754
1087,15:53:55.848,2116,0.0335,1.7052
1088,15:53:55.848,2082,0.0168,1.6778
1089,15:53:55.849,2089,0.0203,1.6834
1090,15:53:55.849,2091,0.0212,1.6851
1091,15:53:55.850,2092,0.0217,1.6859
1092,15:53:55.850,1974,-0.0359,1.5908
1093,15:53:55.851,1892,-0.0759,1.5247
1094,15:53:55.851,1815,-0.1136,1.4626
1095,15:53:55.852,1822,-0.1101,1.4683
1096,15:53:55.852,1840,-0.1013,1.4828
1097,15:53:55.853,1962,-0.0418,1.5811
1098,15:53:55.853,2138,0.0442,1.7229
1099,15:53:55.854,2237,0.0926,1.8027
1100,15:53:55.854,2227,0.0877,1.7947
1101,15:53:55.855,2179,0.0642,1.7560
1102,15:53:55.855,2094,0.0227,1.6875
1103,15:53:55.856,2007,-0.0198,1.6174
1104,15:53:55.856,1915,-0.0647,1.5432
1105,15:53:55.857,1938,-0.0535,1.5618
1106,15:53:55.857,1977,-0.0344,1.5932
1107,15:53:55.858,2063,0.0076,1.6625
1108,15:53:55.858,2083,0.0173,1.6786
1109,15:53:55.859,2126,0.0383,1.7133
1110,15:53:55.859,2072,0.0120,1.6697
1111,15:53:55.860,2073,0.0125,1.6705
1112,15:53:55.860,2075,0.0134,1.6722
1113,15:53:55.861,2063,0.0076,1.6625
1114,15:53:55.861,2063,0.0076,1.6625
1115,15:53:55.862,2069,0.0105,1.6673
1116,15:53:55.862,2058,0.0051,1.6585
1117,15:53:55.863,1914,-0.0652,1.5424
1118,15:53:55.863,1833,-0.1048,1.4771
1119,15:53:55.864,1769,-0.1360,1.4256
1120,15:53:55.864,1785,-0.1282,1.4385
1121,15:53:55.865,1815,-0.1136,1.4626
1122,15:53:55.865,1949,-0.0481,1.5706
1123,15:53:55.866,2128,0.0393,1.7149
1124,15:53:55.866,2216,0.0823,1.7858
1125,15:53:55.867,2202,0.0755,1.7745
1126,15:53:55.867,2149,0.0496,1.7318
1127,15:53:55.868,2071,0.0115,1.6689
1128,15:53:55.868,1979,-0.0335,1.5948
1129,15:53:55.869,1909,-0.0676,1.5384
1130,15:53:55.869,1931,-0.0569,1.5561
1131,15:53:55.870,1984,-0.0310,1.5988
1132,15:53:55.870,2060,0.0061,1.6601
1133,15:53:55.871,2076,0.0139,1.6730
1134,15:53:55.871,2118,0.0344,1.7068
1135,15:53:55.872,2075,0.0134,1.6722
1136,15:53:55.872,2080,0.0159,1.6762
1137,15:53:55.873,2072,0.0120,1.6697
1138,15:53:55.873,2075,0.0134,1.6722
1139,15:53:55.874,2056,0.0042,1.6568
1140,15:53:55.874,2079,0.0154,1.6754
1141,15:53:55.875,2043,-0.0022,1.6464
1142,15:53:55.875,1930,-0.0574,1.5553
1143,15:53:55.876,1836,-0.1033,1.4796
1144,15:53:55.876,1780,-0.1306,1.4344
1145,15:53:55.877,1806,-0.1179,1.4554
1146,15:53:55.877,1842,-0.1004,1.4844
1147,15:53:55.878,1996,-0.0252,1.6085
1148,15:53:55.878,2158,0.0540,1.7390
1149,15:53:55.879,2238,0.0930,1.8035
1150,15:53:55.879,2229,0.0886,1.7963
1151,15:53:55.880,2156,0.0530,1.7374
1152,15:53:55.880,2080,0.0159,1.6762
1153,15:53:55.881,1977,-0.0344,1.5932
1154,15:53:55.881,1930,-0.0574,1.5553
1155,15:53:55.882,1941,-0.0520,1.5642
1156,15:53:55.882,2010,-0.0183,1.6198
1157,15:53:55.883,2081,0.0164,1.6770
1158,15:53:55.883,2101,0.0261,1.6931
1159,15:53:55.884,2145,0.0476,1.7286
1160,15:53:55.884,2092,0.0217,1.6859
1161,15:53:55.885,2111,0.0310,1.7012
1162,15:53:55.885,2090,0.0208,1.6842
1163,15:53:55.886,2080,0.0159,1.6762
1164,15:53:55.886,2064,0.0081,1.6633
1165,15:53:55.887,2080,0.0159,1.6762
1166,15:53:55.887,2007,-0.0198,1.6174
1167,15:53:55.888,1906,-0.0691,1.5360
1168,15:53:55.888,1842,-0.1004,1.4844
1169,15:53:55.889,1803,-0.1194,1.4530
1170,15:53:55.889,1825,-0.1087,1.4707
1171,15:53:55.890,1876,-0.0838,1.5118
1172,15:53:55.890,2027,-0.0100,1.6335
1173,15:53:55.891,2162,0.0559,1.7423
1174,15:53:55.891,2209,0.0789,1.7801
1175,15:53:55.892,2185,0.0672,1.7608
1176,15:53:55.892,2092,0.0217,1.6859
1177,15:53:55.893,2045,-0.0012,1.6480
1178,15:53:55.893,1950,-0.0476,1.5714
1179,15:53:55.894,1928,-0.0584,1.5537
1180,15:53:55.894,1954,-0.0457,1.5747
1181,15:53:55.895,2024,-0.0115,1.6311
1182,15:53:55.895,2054,0.0032,1.6552
1183,15:53:55.896,2087,0.0193,1.6818
1184,15:53:55.896,2087,0.0193,1.6818
1185,15:53:55.897,2040,-0.0037,1.6440
1186,15:53:55.897,2067,0.0095,1.6657
1187,15:53:55.898,2048,0.0002,1.6504
1188,15:53:55.898,2048,0.0002,1.6504
1189,15:53:55.899,2057,0.0046,1.6577
1190,15:53:55.899,2070,0.0110,1.6681
1191,15:53:55.900,2000,-0.0232,1.6117
1192,15:53:55.900,1891,-0.0764,1.5239
1193,15:53:55.901,1823,-0.1096,1.4691
1194,15:53:55.901,1788,-0.1267,1.4409
1195,15:53:55.902,1809,-0.1165,1.4578
1196,15:53:55.902,1871,-0.0862,1.5078
1197,15:53:55.903,2041,-0.0032,1.6448
1198,15:53:55.903,2179,0.0642,1.7560
1199,15:53:55.904,2226,0.0872,1.7938
1200,15:53:55.904,2199,0.0740,1.7721
1201,15:53:55.905,2118,0.0344,1.7068
1202,15:53:55.905,2062,0.0071,1.6617
1203,15:53:55.906,1960,-0.0427,1.5795
1204,15:53:55.906,1950,-0.0476,1.5714
1205,15:53:55.907,1969,-0.0383,1.5867
1206,15:53:55.907,2052,0.0022,1.6536
1207,15:53:55.908,2077,0.0144,1.6738
1208,15:53:55.908,2121,0.0359,1.7092
1209,15:53:55.909,2103,0.0271,1.6947
1210,15:53:55.909,2072,0.0120,1.6697
1211,15:53:55.910,2092,0.0217,1.6859
1212,15:53:55.910,2082,0.0168,1.6778
1213,15:53:55.911,2091,0.0212,1.6851
1214,15:53:55.911,2096,0.0237,1.6891
1215,15:53:55.912,2080,0.0159,1.6762
1216,15:53:55.912,1996,-0.0252,1.6085
1217,15:53:55.913,1887,-0.0784,1.5207
1218,15:53:55.913,1798,-0.1219,1.4489
1219,15:53:55.914,1778,-0.1316,1.4328
1220,15:53:55.914,1805,-0.1184,1.4546
1221,15:53:55.915,1888,-0.0779,1.5215
1222,15:53:55.915,2058,0.0051,1.6585
1223,15:53:55.916,2172,0.0608,1.7503
1224,15:53:55.916,2220,0.0842,1.7890
1225,15:53:55.917,2171,0.0603,1.7495
1226,15:53:55.917,2107,0.0291,1.6979
1227,15:53:55.918,2023,-0.0120,1.6303
1228,15:53:55.918,1931,-0.0569,1.5561
1229,15:53:55.919,1916,-0.0642,1.5440
1230,15:53:55.919,1937,-0.0540,1.5610
1231,15:53:55.920,2019,-0.0139,1.6270
1232,15:53:55.920,2041,-0.0032,1.6448
1233,15:53:55.921,2095,0.0232,1.6883
1234,15:53:55.921,2067,0.0095,1.6657
1235,15:53:55.922,2072,0.0120,1.6697
1236,15:53:55.922,2088,0.0198,1.6826
1237,15:53:55.923,2072,0.0120,1.6697
1238,15:53:55.923,2082,0.0168,1.6778
1239,15:53:55.924,2080,0.0159,1.6762
1240,15:53:55.924,2046,-0.0007,1.6488
1241,15:53:55.925,1956,-0.0447,1.5763
1242,15:53:55.925,1861,-0.0911,1.4997
1243,15:53:55.926,1795,-0.1233,1.4465
1244,15:53:55.926,1801,-0.1204,1.4514
1245,15:53:55.927,1846,-0.0984,1.4876
1246,15:53:55.927,1944,-0.0505,1.5666
1247,15:53:55.928,2110,0.0305,1.7004
1248,15:53:55.928,2203,0.0759,1.7753
1249,15:53:55.929,2240,0.0940,1.8051
1250,15:53:55.929,2168,0.0589,1.7471
1251,15:53:55.930,2108,0.0295,1.6988
1252,15:53:55.930,2018,-0.0144,1.6262
1253,15:53:55.931,1953,-0.0462,1.5738
1254,15:53:55.931,1946,-0.0496,1.5682
1255,15:53:55.932,1976,-0.0349,1.5924
1256,15:53:55.932,2043,-0.0022,1.6464
1257,15:53:55.933,2080,0.0159,1.6762
1258,15:53:55.933,2114,0.0325,1.7036
1259,15:53:55.934,2079,0.0154,1.6754
1260,15:53:55.934,2096,0.0237,1.6891
1261,15:53:55.935,2097,0.0242,1.6899
1262,15:53:55.935,2075,0.0134,1.6722
1263,15:53:55.936,2083,0.0173,1.6786
1264,15:53:55.936,2075,0.0134,1.6722
1265,15:53:55.937,2049,0.0007,1.6512
1266,15:53:55.937,1946,-0.0496,1.5682
1267,15:53:55.938,1858,-0.0926,1.4973
1268,15:53:55.938,1787,-0.1272,1.4401
1269,15:53:55.939,1808,-0.1170,1.4570
1270,15:53:55.939,1839,-0.1018,1.4820
1271,15:53:55.940,1962,-0.0418,1.5811
1272,15:53:55.940,2108,0.0295,1.6988
1273,15:53:55.941,2185,0.0672,1.7608
1274,15:53:55.941,2213,0.0808,1.7834
1275,15:53:55.942,2131,0.0408,1.7173
1276,15:53:55.942,2079,0.0154,1.6754
1277,15:53:55.943,1987,-0.0295,1.6012
1278,15:53:55.943,1936,-0.0545,1.5601
1279,15:53:55.944,1941,-0.0520,1.5642
1280,15:53:55.944,1981,-0.0325,1.5964
1281,15:53:55.945,2045,-0.0012,1.6480
1282,15:53:55.945,2068,0.0100,1.6665
1283,15:53:55.946,2092,0.0217,1.6859
1284,15:53:55.946,2059,0.0056,1.6593
1285,15:53:55.947,2072,0.0120,1.6697
1286,15:53:55.947,2070,0.0110,1.6681
1287,15:53:55.948,2062,0.0071,1.6617
1288,15:53:55.948,2078,0.0149,1.6746
1289,15:53:55.949,2078,0.0149,1.6746
1290,15:53:55.949,2042,-0.0027,1.6456
1291,15:53:55.950,1932,-0.0564,1.5569
1292,15:53:55.950,1849,-0.0969,1.4900
1293,15:53:55.951,1777,-0.1321,1.4320
1294,15:53:55.951,1804,-0.1189,1.4538
1295,15:53:55.952,1855,-0.0940,1.4949
1296,15:53:55.952,1996,-0.0252,1.6085
1297,15:53:55.953,2138,0.0442,1.7229
1298,15:53:55.953,2209,0.0789,1.7801
1299,15:53:55.954,2220,0.0842,1.7890
1300,15:53:55.954,2129,0.0398,1.7157
1301,15:53:55.955,2077,0.0144,1.6738
1302,15:53:55.955,1980,-0.0330,1.5956
1303,15:53:55.956,1946,-0.0496,1.5682
1304,15:53:55.956,1945,-0.0501,1.5674
1305,15:53:55.957,2007,-0.0198,1.6174
1306,15:53:55.957,2056,0.0042,1.6568
1307,15:53:55.958,2091,0.0212,1.6851
1308,15:53:55.958,2106,0.0286,1.6971
1309,15:53:55.959,2076,0.0139,1.6730
1310,15:53:55.959,2099,0.0252,1.6915
1311,15:53:55.960,2076,0.0139,1.6730
1312,15:53:55.960,2071,0.0115,1.6689
1313,15:53:55.961,2083,0.0173,1.6786
1314,15:53:55.961,2079,0.0154,1.6754
1315,15:53:55.962,2025,-0.0110,1.6319
1316,15:53:55.962,1916,-0.0642,1.5440
1317,15:53:55.963,1842,-0.1004,1.4844
1318,15:53:55.963,1783,-0.1292,1.4368
1319,15:53:55.964,1815,-0.1136,1.4626
1320,15:53:55.964,1877,-0.0833,1.5126
1321,15:53:55.965,2016,-0.0154,1.6246
1322,15:53:55.965,2134,0.0422,1.7197
1323,15:53:55.966,2212,0.0803,1.7826
1324,15:53:55.966,2199,0.0740,1.7721
1325,15:53:55.967,2117,0.0339,1.7060
1326,15:53:55.967,2061,0.0066,1.6609
1327,15:53:55.968,1966,-0.0398,1.5843
1328,15:53:55.968,1944,-0.0505,1.5666
1329,15:53:55.969,1948,-0.0486,1.5698
1330,15:53:55.969,2009,-0.0188,1.6190
1331,15:53:55.970,2055,0.0037,1.6560
1332,15:53:55.970,2098,0.0247,1.6907
1333,15:53:55.971,2101,0.0261,1.6931
1334,15:53:55.971,2078,0.0149,1.6746
1335,15:53:55.972,2107,0.0291,1.6979
1336,15:53:55.972,2071,0.0115,1.6689
1337,15:53:55.973,2066,0.0090,1.6649
1338,15:53:55.973,2067,0.0095,1.6657
1339,15:53:55.974,2057,0.0046,1.6577
1340,15:53:55.974,1999,-0.0237,1.6109
1341,15:53:55.975,1904,-0.0701,1.5344
1342,15:53:55.975,1837,-0.1028,1.4804
1343,15:53:55.976,1808,-0.1170,1.4570
1344,15:53:55.976,1831,-0.1057,1.4755
1345,15:53:55.977,1893,-0.0755,1.5255
1346,15:53:55.977,2033,-0.0071,1.6383
1347,15:53:55.978,2130,0.0403,1.7165
1348,15:53:55.978,2199,0.0740,1.7721
1349,15:53:55.979,2165,0.0574,1.7447
1350,15:53:55.979,2100,0.0256,1.6923
1351,15:53:55.980,2041,-0.0032,1.6448
1352,15:53:55.980,1958,-0.0437,1.5779
1353,15:53:55.981,1946,-0.0496,1.5682
1354,15:53:55.981,1958,-0.0437,1.5779
1355,15:53:55.982,2012,-0.0173,1.6214
1356,15:53:55.982,2058,0.0051,1.6585
1357,15:53:55.983,2091,0.0212,1.6851
1358,15:53:55.983,2080,0.0159,1.6762
1359,15:53:55.984,2065,0.0085,1.6641
1360,15:53:55.984,2092,0.0217,1.6859
1361,15:53:55.985,2059,0.0056,1.6593
1362,15:53:55.985,2081,0.0164,1.6770
1363,15:53:55.986,2082,0.0168,1.6778
1364,15:53:55.986,2070,0.0110,1.6681
1365,15:53:55.987,2005,-0.0208,1.6158
1366,15:53:55.987,1912,-0.0662,1.5408
1367,15:53:55.988,1832,-0.1053,1.4763
1368,15:53:55.988,1815,-0.1136,1.4626
1369,15:53:55.989,1836,-0.1033,1.4796
1370,15:53:55.989,1926,-0.0593,1.5521
1371,15:53:55.990,2054,0.0032,1.6552
1372,15:53:55.990,2142,0.0462,1.7262
1373,15:53:55.991,2216,0.0823,1.7858
1374,15:53:55.991,2160,0.0549,1.7407
1375,15:53:55.992,2113,0.0320,1.7028
1376,15:53:55.992,2044,-0.0017,1.6472
1377,15:53:55.993,1974,-0.0359,1.5908
1378,15:53:55.993,1967,-0.0393,1.5851
1379,15:53:55.994,1981,-0.0325,1.5964
1380,15:53:55.994,2033,-0.0071,1.6383
1381,15:53:55.995,2070,0.0110,1.6681
1382,15:53:55.995,2093,0.0222,1.6867
1383,15:53:55.996,2065,0.0085,1.6641
1384,15:53:55.996,2070,0.0110,1.6681
1385,15:53:55.997,2077,0.0144,1.6738
1386,15:53:55.997,2055,0.0037,1.6560
1387,15:53:55.998,2081,0.0164,1.6770
1388,15:53:55.998,2081,0.0164,1.6770
1389,15:53:55.999,2059,0.0056,1.6593
1390,15:53:55.999,1981,-0.0325,1.5964
1391,15:53:56.000,1890,-0.0769,1.5231
1392,15:53:56.000,1810,-0.1160,1.4586
1393,15:53:56.001,1798,-0.1219,1.4489
1394,15:53:56.001,1829,-0.1067,1.4739
1395,15:53:56.002,1916,-0.0642,1.5440
1396,15:53:56.002,2056,0.0042,1.6568
1397,15:53:56.003,2142,0.0462,1.7262
1398,15:53:56.003,2208,0.0784,1.7793
1399,15:53:56.004,2145,0.0476,1.7286
1400,15:53:56.004,2103,0.0271,1.6947
1401,15:53:56.005,2034,-0.0066,1.6391
1402,15:53:56.005,1975,-0.0354,1.5916
1403,15:53:56.006,1959,-0.0432,1.5787
1404,15:53:56.006,1963,-0.0413,1.5819
1405,15:53:56.007,2022,-0.0125,1.6295
1406,15:53:56.007,2050,0.0012,1.6520
1407,15:53:56.008,2088,0.0198,1.6826
1408,15:53:56.008,2062,0.0071,1.6617
1409,15:53:56.009,2088,0.0198,1.6826
1410,15:53:56.009,2087,0.0193,1.6818
1411,15:53:56.010,2076,0.0139,1.6730
1412,15:53:56.010,2096,0.0237,1.6891
1413,15:53:56.011,2077,0.0144,1.6738
1414,15:53:56.011,2056,0.0042,1.6568
1415,15:53:56.012,1965,-0.0403,1.5835
1416,15:53:56.012,1882,-0.0808,1.5166
1417,15:53:56.013,1806,-0.1179,1.4554
1418,15:53:56.013,1808,-0.1170,1.4570
1419,15:53:56.014,1846,-0.0984,1.4876
1420,15:53:56.014,1951,-0.0471,1.5722
1421,15:53:56.015,2084,0.0178,1.6794
1422,15:53:56.015,2163,0.0564,1.7431
1423,15:53:56.016,2215,0.0818,1.7850
1424,15:53:56.016,2132,0.0413,1.7181
1425,15:53:56.017,2102,0.0266,1.6939
1426,15:53:56.017,2015,-0.0159,1.6238
1427,15:53:56.018,1968,-0.0388,1.5859
1428,15:53:56.018,1964,-0.0408,1.5827
1429,15:53:56.019,1975,-0.0354,1.5916
1430,15:53:56.019,2038,-0.0046,1.6423
1431,15:53:56.020,2059,0.0056,1.6593
1432,15:53:56.020,2093,0.0222,1.6867
1433,15:53:56.021,2061,0.0066,1.6609
1434,15:53:56.021,2091,0.0212,1.6851
1435,15:53:56.022,2077,0.0144,1.6738
1436,15:53:56.022,2074,0.0129,1.6714
1437,15:53:56.023,2082,0.0168,1.6778
1438,15:53:56.023,2067,0.0095,1.6657
1439,15:53:56.024,2031,-0.0081,1.6367
1440,15:53:56.024,1947,-0.0491,1.5690
1441,15:53:56.025,1864,-0.0896,1.5021
1442,15:53:56.025,1810,-0.1160,1.4586
1443,15:53:56.026,1813,-0.1145,1.4610
1444,15:53:56.026,1870,-0.0867,1.5070
1445,15:53:56.027,1988,-0.0291,1.6021
1446,15:53:56.027,2102,0.0266,1.6939
1447,15:53:56.028,2187,0.0681,1.7624
1448,15:53:56.028,2205,0.0769,1.7769
1449,15:53:56.029,2124,0.0374,1.7116
1450,15:53:56.029,2089,0.0203,1.6834
1451,15:53:56.030,1998,-0.0242,1.6101
1452,15:53:56.030,1970,-0.0379,1.5875
1453,15:53:56.031,1966,-0.0398,1.5843
1454,15:53:56.031,1996,-0.0252,1.6085
1455,15:53:56.032,2058,0.0051,1.6585
1456,15:53:56.032,2070,0.0110,1.6681
1457,15:53:56.033,2090,0.0208,1.6842
1458,15:53:56.033,2056,0.0042,1.6568
1459,15:53:56.034,2093,0.0222,1.6867
1460,15:53:56.034,2066,0.0090,1.6649
1461,15:53:56.035,2072,0.0120,1.6697
1462,15:53:56.035,2080,0.0159,1.6762
1463,15:53:56.036,2066,0.0090,1.6649
1464,15:53:56.036,2021,-0.0129,1.6286
1465,15:53:56.037,1932,-0.0564,1.5569
1466,15:53:56.037,1852,-0.0955,1.4925
1467,15:53:56.038,1800,-0.1209,1.4505
1468,15:53:56.038,1820,-0.1111,1.4667
1469,15:53:56.039,1878,-0.0828,1.5134
1470,15:53:56.039,2000,-0.0232,1.6117
1471,15:53:56.040,2095,0.0232,1.6883
1472,15:53:56.040,2180,0.0647,1.7568
1473,15:53:56.041,2183,0.0662,1.7592
1474,15:53:56.041,2111,0.0310,1.7012
1475,15:53:56.042,2079,0.0154,1.6754
1476,15:53:56.042,1994,-0.0261,1.6069
1477,15:53:56.043,1976,-0.0349,1.5924
1478,15:53:56.043,1968,-0.0388,1.5859
1479,15:53:56.044,2007,-0.0198,1.6174
1480,15:53:56.044,2045,-0.0012,1.6480
1481,15:53:56.045,2080,0.0159,1.6762
1482,15:53:56.045,2084,0.0178,1.6794
1483,15:53:56.046,2062,0.0071,1.6617
1484,15:53:56.046,2093,0.0222,1.6867
1485,15:53:56.047,2062,0.0071,1.6617
1486,15:53:56.047,2076,0.0139,1.6730
1487,15:53:56.048,2075,0.0134,1.6722
1488,15:53:56.048,2062,0.0071,1.6617
1489,15:53:56.049,2011,-0.0178,1.6206
1490,15:53:56.049,1924,-0.0603,1.5505
1491,15:53:56.050,1853,-0.0950,1.4933
1492,15:53:56.050,1815,-0.1136,1.4626
1493,15:53:56.051,1839,-0.1018,1.4820
1494,15:53:56.051,1896,-0.0740,1.5279
1495,15:53:56.052,2021,-0.0129,1.6286
1496,15:53:56.052,2104,0.0276,1.6955
1497,15:53:56.053,2189,0.0691,1.7640
1498,15:53:56.053,2162,0.0559,1.7423
1499,15:53:56.054,2121,0.0359,1.7092
1500,15:53:56.054,2075,0.0134,1.6722
1501,15:53:56.055,1987,-0.0295,1.6012
1502,15:53:56.055,1976,-0.0349,1.5924
1503,15:53:56.056,1961,-0.0422,1.5803
1504,15:53:56.056,2000,-0.0232,1.6117
1505,15:53:56.057,2041,-0.0032,1.6448
1506,15:53:56.057,2082,0.0168,1.6778
1507,15:53:56.058,2073,0.0125,1.6705
1508,15:53:56.058,2072,0.0120,1.6697
1509,15:53:56.059,2094,0.0227,1.6875
1510,15:53:56.059,2062,0.0071,1.6617
1511,15:53:56.060,2078,0.0149,1.6746
1512,15:53:56.060,2070,0.0110,1.6681
1513,15:53:56.061,2053,0.0027,1.6544
1514,15:53:56.061,1995,-0.0256,1.6077
1515,15:53:56.062,1908,-0.0681,1.5376
1516,15:53:56.062,1849,-0.0969,1.4900
1517,15:53:56.063,1819,-0.1116,1.4659
1518,15:53:56.063,1852,-0.0955,1.4925
1519,15:53:56.064,1912,-0.0662,1.5408
1520,15:53:56.064,2040,-0.0037,1.6440
1521,15:53:56.065,2110,0.0305,1.7004
1522,15:53:56.065,2191,0.0701,1.7656
1523,15:53:56.066,2139,0.0447,1.7237
1524,15:53:56.066,2110,0.0305,1.7004
1525,15:53:56.067,2064,0.0081,1.6633
1526,15:53:56.067,1992,-0.0271,1.6053
1527,15:53:56.068,1990,-0.0281,1.6037
1528,15:53:56.068,1968,-0.0388,1.5859
1529,15:53:56.069,2028,-0.0095,1.6343
1530,15:53:56.069,2043,-0.0022,1.6464
1531,15:53:56.070,2089,0.0203,1.6834
1532,15:53:56.070,2065,0.0085,1.6641
1533,15:53:56.071,2085,0.0183,1.6802
1534,15:53:56.071,2084,0.0178,1.6794
1535,15:53:56.072,2062,0.0071,1.6617
1536,15:53:56.072,2075,0.0134,1.6722
1537,15:53:56.073,2064,0.0081,1.6633
1538,15:53:56.073,2049,0.0007,1.6512
1539,15:53:56.074,1986,-0.0300,1.6004
1540,15:53:56.074,1901,-0.0716,1.5319
1541,15:53:56.075,1839,-0.1018,1.4820
1542,15:53:56.075,1815,-0.1136,1.4626
1543,15:53:56.076,1860,-0.0916,1.4989
1544,15:53:56.076,1938,-0.0535,1.5618
1545,15:53:56.077,2048,0.0002,1.6504
1546,15:53:56.077,2114,0.0325,1.7036
1547,15:53:56.078,2185,0.0672,1.7608
1548,15:53:56.078,2124,0.0374,1.7116
1549,15:53:56.079,2104,0.0276,1.6955
1550,15:53:56.079,2040,-0.0037,1.6440
1551,15:53:56.080,1991,-0.0276,1.6045
1552,15:53:56.080,1994,-0.0261,1.6069
1553,15:53:56.081,1970,-0.0379,1.5875
1554,15:53:56.081,2029,-0.0090,1.6351
1555,15:53:56.082,2045,-0.0012,1.6480
1556,15:53:56.082,2081,0.0164,1.6770
1557,15:53:56.083,2051,0.0017,1.6528
1558,15:53:56.083,2080,0.0159,1.6762
1559,15:53:56.084,2077,0.0144,1.6738
1560,15:53:56.084,2066,0.0090,1.6649
1561,15:53:56.085,2082,0.0168,1.6778
1562,15:53:56.085,2067,0.0095,1.6657
1563,15:53:56.086,2053,0.0027,1.6544
1564,15:53:56.086,1976,-0.0349,1.5924
1565,15:53:56.087,1900,-0.0720,1.5311
1566,15:53:56.087,1837,-0.1028,1.4804
1567,15:53:56.088,1830,-0.1062,1.4747
1568,15:53:56.088,1864,-0.0896,1.5021
1569,15:53:56.089,1951,-0.0471,1.5722
1570,15:53:56.089,2048,0.0002,1.6504
1571,15:53:56.090,2121,0.0359,1.7092
1572,15:53:56.090,2179,0.0642,1.7560
1573,15:53:56.091,2120,0.0354,1.7084
1574,15:53:56.091,2108,0.0295,1.6988
1575,15:53:56.092,2034,-0.0066,1.6391
1576,15:53:56.092,2006,-0.0203,1.6166
1577,15:53:56.093,1992,-0.0271,1.6053
1578,15:53:56.093,1980,-0.0330,1.5956
1579,15:53:56.094,2033,-0.0071,1.6383
1580,15:53:56.094,2042,-0.0027,1.6456
1581,15:53:56.095,2079,0.0154,1.6754
1582,15:53:56.095,2049,0.0007,1.6512
1583,15:53:56.096,2091,0.0212,1.6851
1584,15:53:56.096,2081,0.0164,1.6770
1585,15:53:56.097,2078,0.0149,1.6746
1586,15:53:56.097,2082,0.0168,1.6778
1587,15:53:56.098,2065,0.0085,1.6641
1588,15:53:56.098,2045,-0.0012,1.6480
1589,15:53:56.099,1960,-0.0427,1.5795
1590,15:53:56.099,1893,-0.0755,1.5255
1591,15:53:56.100,1831,-0.1057,1.4755
1592,15:53:56.100,1835,-0.1038,1.4788
1593,15:53:56.101,1874,-0.0847,1.5102
1594,15:53:56.101,1971,-0.0374,1.5884
1595,15:53:56.102,2061,0.0066,1.6609
1596,15:53:56.102,2144,0.0471,1.7278
1597,15:53:56.103,2180,0.0647,1.7568
1598,15:53:56.103,2113,0.0320,1.7028
1599,15:53:56.104,2107,0.0291,1.6979
1600,15:53:56.104,2025,-0.0110,1.6319
1601,15:53:56.105,2002,-0.0222,1.6133
1602,15:53:56.105,1979,-0.0335,1.5948
1603,15:53:56.106,1984,-0.0310,1.5988
1604,15:53:56.106,2028,-0.0095,1.6343
1605,15:53:56.107,2043,-0.0022,1.6464
1606,15:53:56.107,2063,0.0076,1.6625
1607,15:53:56.108,2048,0.0002,1.6504
1608,15:53:56.108,2091,0.0212,1.6851
1609,15:53:56.109,2076,0.0139,1.6730
1610,15:53:56.109,2082,0.0168,1.6778
1611,15:53:56.110,2082,0.0168,1.6778
1612,15:53:56.110,2061,0.0066,1.6609
1613,15:53:56.111,2026,-0.0105,1.6327
1614,15:53:56.111,1941,-0.0520,1.5642
1615,15:53:56.112,1877,-0.0833,1.5126
1616,15:53:56.112,1822,-0.1101,1.4683
1617,15:53:56.113,1842,-0.1004,1.4844
1618,15:53:56.113,1892,-0.0759,1.5247
1619,15:53:56.114,1994,-0.0261,1.6069
1620,15:53:56.114,2070,0.0110,1.6681
1621,15:53:56.115,2153,0.0515,1.7350
1622,15:53:56.115,2162,0.0559,1.7423
1623,15:53:56.116,2107,0.0291,1.6979
1624,15:53:56.116,2093,0.0222,1.6867
1625,15:53:56.117,2012,-0.0173,1.6214
1626,15:53:56.117,2006,-0.0203,1.6166
1627,15:53:56.118,1979,-0.0335,1.5948
1628,15:53:56.118,1998,-0.0242,1.6101
1629,15:53:56.119,2033,-0.0071,1.6383
1630,15:53:56.119,2056,0.0042,1.6568
1631,15:53:56.120,2061,0.0066,1.6609
1632,15:53:56.120,2055,0.0037,1.6560
1633,15:53:56.121,2092,0.0217,1.6859
1634,15:53:56.121,2069,0.0105,1.6673
1635,15:53:56.122,2085,0.0183,1.6802
1636,15:53:56.122,2076,0.0139,1.6730
1637,15:53:56.123,2051,0.0017,1.6528
1638,15:53:56.123,2016,-0.0154,1.6246
1639,15:53:56.124,1925,-0.0598,1.5513
1640,15:53:56.124,1872,-0.0857,1.5086
1641,15:53:56.125,1826,-0.1082,1.4715
1642,15:53:56.125,1855,-0.0940,1.4949
1643,15:53:56.126,1907,-0.0686,1.5368
1644,15:53:56.126,2016,-0.0154,1.6246
1645,15:53:56.127,2080,0.0159,1.6762
1646,15:53:56.127,2161,0.0554,1.7415
1647,15:53:56.128,2141,0.0457,1.7253
1648,15:53:56.128,2103,0.0271,1.6947
1649,15:53:56.129,2080,0.0159,1.6762
1650,15:53:56.129,2003,-0.0217,1.6141
1651,15:53:56.130,2009,-0.0188,1.6190
1652,15:53:56.130,1971,-0.0374,1.5884
1653,15:53:56.131,2006,-0.0203,1.6166
1654,15:53:56.131,2026,-0.0105,1.6327
1655,15:53:56.132,2060,0.0061,1.6601
1656,15:53:56.132,2060,0.0061,1.6601
1657,15:53:56.133,2065,0.0085,1.6641
1658,15:53:56.133,2092,0.0217,1.6859
1659,15:53:56.134,2067,0.0095,1.6657
1660,15:53:56.134,2079,0.0154,1.6754
1661,15:53:56.135,2066,0.0090,1.6649
1662,15:53:56.135,2052,0.0022,1.6536
1663,15:53:56.136,2006,-0.0203,1.6166
1664,15:53:56.136,1927,-0.0589,1.5529
1665,15:53:56.137,1866,-0.0886,1.5037
1666,15:53:56.137,1832,-0.1053,1.4763
1667,15:53:56.138,1862,-0.0906,1.5005
1668,15:53:56.138,1915,-0.0647,1.5432
1669,15:53:56.139,2013,-0.0168,1.6222
1670,15:53:56.139,2080,0.0159,1.6762
1671,15:53:56.140,2156,0.0530,1.7374
1672,15:53:56.140,2120,0.0354,1.7084
1673,15:53:56.141,2110,0.0305,1.7004
1674,15:53:56.141,2072,0.0120,1.6697
1675,15:53:56.142,2010,-0.0183,1.6198
1676,15:53:56.142,2014,-0.0164,1.6230
1677,15:53:56.143,1969,-0.0383,1.5867
1678,15:53:56.143,2017,-0.0149,1.6254
1679,15:53:56.144,2027,-0.0100,1.6335
1680,15:53:56.144,2065,0.0085,1.6641
1681,15:53:56.145,2057,0.0046,1.6577
1682,15:53:56.145,2075,0.0134,1.6722
1683,15:53:56.146,2088,0.0198,1.6826
1684,15:53:56.146,2070,0.0110,1.6681
1685,15:53:56.147,2080,0.0159,1.6762
1686,15:53:56.147,2062,0.0071,1.6617
1687,15:53:56.148,2051,0.0017,1.6528
1688,15:53:56.148,1988,-0.0291,1.6021
1689,15:53:56.149,1922,-0.0613,1.5489
1690,15:53:56.149,1861,-0.0911,1.4997
1691,15:53:56.150,1839,-0.1018,1.4820
1692,15:53:56.150,1878,-0.0828,1.5134
1693,15:53:56.151,1944,-0.0505,1.5666
1694,15:53:56.151,2028,-0.0095,1.6343
1695,15:53:56.152,2092,0.0217,1.6859
1696,15:53:56.152,2158,0.0540,1.7390
1697,15:53:56.153,2108,0.0295,1.6988
1698,15:53:56.153,2101,0.0261,1.6931
1699,15:53:56.154,2054,0.0032,1.6552
1700,15:53:56.154,2015,-0.0159,1.6238
1701,15:53:56.155,2011,-0.0178,1.6206
1702,15:53:56.155,1980,-0.0330,1.5956
1703,15:53:56.156,2021,-0.0129,1.6286
1704,15:53:56.156,2028,-0.0095,1.6343
1705,15:53:56.157,2058,0.0051,1.6585
1706,15:53:56.157,2041,-0.0032,1.6448
1707,15:53:56.158,2068,0.0100,1.6665
1708,15:53:56.158,2082,0.0168,1.6778
1709,15:53:56.159,2065,0.0085,1.6641
1710,15:53:56.159,2077,0.0144,1.6738
1711,15:53:56.160,2054,0.0032,1.6552
1712,15:53:56.160,2052,0.0022,1.6536
1713,15:53:56.161,1973,-0.0364,1.5900
1714,15:53:56.161,1916,-0.0642,1.5440
1715,15:53:56.162,1859,-0.0921,1.4981
1716,15:53:56.162,1853,-0.0950,1.4933
1717,15:53:56.163,1888,-0.0779,1.5215
1718,15:53:56.163,1958,-0.0437,1.5779
1719,15:53:56.164,2036,-0.0056,1.6407
1720,15:53:56.164,2096,0.0237,1.6891
1721,15:53:56.165,2144,0.0471,1.7278
1722,15:53:56.165,2098,0.0247,1.6907
1723,15:53:56.166,2103,0.0271,1.6947
1724,15:53:56.166,2042,-0.0027,1.6456
1725,15:53:56.167,2025,-0.0110,1.6319
1726,15:53:56.167,2013,-0.0168,1.6222
1727,15:53:56.168,1988,-0.0291,1.6021
1728,15:53:56.168,2028,-0.0095,1.6343
1729,15:53:56.169,2038,-0.0046,1.6423
1730,15:53:56.169,2056,0.0042,1.6568
1731,15:53:56.170,2040,-0.0037,1.6440
1732,15:53:56.170,2082,0.0168,1.6778
1733,15:53:56.171,2077,0.0144,1.6738
1734,15:53:56.171,2069,0.0105,1.6673
1735,15:53:56.172,2076,0.0139,1.6730
1736,15:53:56.172,2057,0.0046,1.6577
1737,15:53:56.173,2043,-0.0022,1.6464
1738,15:53:56.173,1963,-0.0413,1.5819
1739,15:53:56.174,1917,-0.0637,1.5448
1740,15:53:56.174,1849,-0.0969,1.4900
1741,15:53:56.175,1861,-0.0911,1.4997
1742,15:53:56.175,1896,-0.0740,1.5279
1743,15:53:56.176,1967,-0.0393,1.5851
1744,15:53:56.176,2034,-0.0066,1.6391
1745,15:53:56.177,2108,0.0295,1.6988
1746,15:53:56.177,2144,0.0471,1.7278
1747,15:53:56.178,2097,0.0242,1.6899
1748,15:53:56.178,2101,0.0261,1.6931
1749,15:53:56.179,2035,-0.0061,1.6399
1750,15:53:56.179,2031,-0.0081,1.6367
1751,15:53:56.180,2003,-0.0217,1.6141
1752,15:53:56.180,1998,-0.0242,1.6101
1753,15:53:56.181,2023,-0.0120,1.6303
1754,15:53:56.181,2031,-0.0081,1.6367
1755,15:53:56.182,2050,0.0012,1.6520
1756,15:53:56.182,2037,-0.0051,1.6415
1757,15:53:56.183,2077,0.0144,1.6738
1758,15:53:56.183,2072,0.0120,1.6697
1759,15:53:56.184,2077,0.0144,1.6738
1760,15:53:56.184,2083,0.0173,1.6786
1761,15:53:56.185,2063,0.0076,1.6625
1762,15:53:56.185,2039,-0.0042,1.6432
1763,15:53:56.186,1961,-0.0422,1.5803
1764,15:53:56.186,1905,-0.0696,1.5352
1765,15:53:56.187,1847,-0.0979,1.4884
1766,15:53:56.187,1864,-0.0896,1.5021
1767,15:53:56.188,1900,-0.0720,1.5311
1768,15:53:56.188,1982,-0.0320,1.5972
1769,15:53:56.189,2043,-0.0022,1.6464
1770,15:53:56.189,2120,0.0354,1.7084
1771,15:53:56.190,2136,0.0432,1.7213
1772,15:53:56.190,2099,0.0252,1.6915
1773,15:53:56.191,2101,0.0261,1.6931
1774,15:53:56.191,2033,-0.0071,1.6383
1775,15:53:56.192,2040,-0.0037,1.6440
1776,15:53:56.192,1996,-0.0252,1.6085
1777,15:53:56.193,2003,-0.0217,1.6141
1778,15:53:56.193,2023,-0.0120,1.6303
1779,15:53:56.194,2032,-0.0076,1.6375
1780,15:53:56.194,2048,0.0002,1.6504
1781,15:53:56.195,2050,0.0012,1.6520
1782,15:53:56.195,2087,0.0193,1.6818
1783,15:53:56.196,2068,0.0100,1.6665
1784,15:53:56.196,2088,0.0198,1.6826
1785,15:53:56.197,2077,0.0144,1.6738
1786,15:53:56.197,2060,0.0061,1.6601
1787,15:53:56.198,2023,-0.0120,1.6303
1788,15:53:56.198,1947,-0.0491,1.5690
1789,15:53:56.199,1890,-0.0769,1.5231
1790,15:53:56.199,1843,-0.0999,1.4852
1791,15:53:56.200,1869,-0.0872,1.5062
1792,15:53:56.200,1912,-0.0662,1.5408
1793,15:53:56.201,1995,-0.0256,1.6077
1794,15:53:56.201,2052,0.0022,1.6536
1795,15:53:56.202,2132,0.0413,1.7181
1796,15:53:56.202,2120,0.0354,1.7084
1797,15:53:56.203,2096,0.0237,1.6891
1798,15:53:56.203,2088,0.0198,1.6826
1799,15:53:56.204,2035,-0.0061,1.6399
1800,15:53:56.204,2047,-0.0002,1.6496
1801,15:53:56.205,1994,-0.0261,1.6069
1802,15:53:56.205,2013,-0.0168,1.6222
1803,15:53:56.206,2021,-0.0129,1.6286
1804,15:53:56.206,2038,-0.0046,1.6423
1805,15:53:56.207,2040,-0.0037,1.6440
1806,15:53:56.207,2046,-0.0007,1.6488
1807,15:53:56.208,2079,0.0154,1.6754
1808,15:53:56.208,2065,0.0085,1.6641
1809,15:53:56.209,2085,0.0183,1.6802
1810,15:53:56.209,2061,0.0066,1.6609
1811,15:53:56.210,2061,0.0066,1.6609
1812,15:53:56.210,2009,-0.0188,1.6190
1813,15:53:56.211,1945,-0.0501,1.5674
1814,15:53:56.211,1886,-0.0789,1.5199
1815,15:53:56.212,1854,-0.0945,1.4941
1816,15:53:56.212,1879,-0.0823,1.5142
1817,15:53:56.213,1929,-0.0579,1.5545
1818,15:53:56.213,2007,-0.0198,1.6174
1819,15:53:56.214,2059,0.0056,1.6593
1820,15:53:56.214,2125,0.0379,1.7125
1821,15:53:56.215,2105,0.0281,1.6963
1822,15:53:56.215,2095,0.0232,1.6883
1823,15:53:56.216,2077,0.0144,1.6738
1824,15:53:56.216,2035,-0.0061,1.6399
1825,15:53:56.217,2038,-0.0046,1.6423
1826,15:53:56.217,1996,-0.0252,1.6085
1827,15:53:56.218,2015,-0.0159,1.6238
1828,15:53:56.218,2025,-0.0110,1.6319
1829,15:53:56.219,2041,-0.0032,1.6448
1830,15:53:56.219,2037,-0.0051,1.6415
1831,15:53:56.220,2057,0.0046,1.6577
1832,15:53:56.220,2076,0.0139,1.6730
1833,15:53:56.221,2055,0.0037,1.6560
1834,15:53:56.221,2079,0.0154,1.6754
1835,15:53:56.222,2053,0.0027,1.6544
1836,15:53:56.222,2054,0.0032,1.6552
1837,15:53:56.223,1991,-0.0276,1.6045
1838,15:53:56.223,1947,-0.0491,1.5690
1839,15:53:56.224,1884,-0.0799,1.5182
1840,15:53:56.224,1858,-0.0926,1.4973
1841,15:53:56.225,1886,-0.0789,1.5199
1842,15:53:56.225,1935,-0.0549,1.5593
1843,15:53:56.226,2011,-0.0178,1.6206
1844,15:53:56.226,2064,0.0081,1.6633
1845,15:53:56.227,2134,0.0422,1.7197
1846,15:53:56.227,2098,0.0247,1.6907
1847,15:53:56.228,2098,0.0247,1.6907
1848,15:53:56.228,2070,0.0110,1.6681
1849,15:53:56.229,2052,0.0022,1.6536
1850,15:53:56.229,2041,-0.0032,1.6448
1851,15:53:56.230,2004,-0.0212,1.6149
1852,15:53:56.230,2033,-0.0071,1.6383
1853,15:53:56.231,2026,-0.0105,1.6327
1854,15:53:56.231,2046,-0.0007,1.6488
1855,15:53:56.232,2037,-0.0051,1.6415
1856,15:53:56.232,2066,0.0090,1.6649
1857,15:53:56.233,2078,0.0149,1.6746
1858,15:53:56.233,2068,0.0100,1.6665
1859,15:53:56.234,2081,0.0164,1.6770
1860,15:53:56.234,2058,0.0051,1.6585
1861,15:53:56.235,2052,0.0022,1.6536
1862,15:53:56.235,1986,-0.0300,1.6004
1863,15:53:56.236,1944,-0.0505,1.5666
1864,15:53:56.236,1876,-0.0838,1.5118
1865,15:53:56.237,1866,-0.0886,1.5037
1866,15:53:56.237,1898,-0.0730,1.5295
1867,15:53:56.238,1949,-0.0481,1.5706
1868,15:53:56.238,2013,-0.0168,1.6222
1869,15:53:56.239,2067,0.0095,1.6657
1870,15:53:56.239,2123,0.0369,1.7108
1871,15:53:56.240,2086,0.0188,1.6810
1872,15:53:56.240,2095,0.0232,1.6883
1873,15:53:56.241,2051,0.0017,1.6528
1874,15:53:56.241,2045,-0.0012,1.6480
1875,15:53:56.242,2030,-0.0085,1.6359
1876,15:53:56.242,1999,-0.0237,1.6109
1877,15:53:56.243,2023,-0.0120,1.6303
1878,15:53:56.243,2016,-0.0154,1.6246
1879,15:53:56.244,2029,-0.0090,1.6351
1880,15:53:56.244,2021,-0.0129,1.6286
1881,15:53:56.245,2065,0.0085,1.6641
1882,15:53:56.245,2070,0.0110,1.6681
1883,15:53:56.246,2063,0.0076,1.6625
1884,15:53:56.246,2069,0.0105,1.6673
1885,15:53:56.247,2055,0.0037,1.6560
1886,15:53:56.247,2042,-0.0027,1.6456
1887,15:53:56.248,1971,-0.0374,1.5884
1888,15:53:56.248,1932,-0.0564,1.5569
1889,15:53:56.249,1868,-0.0877,1.5053
1890,15:53:56.249,1869,-0.0872,1.5062
1891,15:53:56.250,1902,-0.0711,1.5327
1892,15:53:56.250,1963,-0.0413,1.5819
1893,15:53:56.251,2027,-0.0100,1.6335
1894,15:53:56.251,2080,0.0159,1.6762
1895,15:53:56.252,2124,0.0374,1.7116
1896,15:53:56.252,2088,0.0198,1.6826
1897,15:53:56.253,2101,0.0261,1.6931
1898,15:53:56.253,2053,0.0027,1.6544
1899,15:53:56.254,2062,0.0071,1.6617
1900,15:53:56.254,2026,-0.0105,1.6327
1901,15:53:56.255,2013,-0.0168,1.6222
1902,15:53:56.255,2031,-0.0081,1.6367
1903,15:53:56.256,2024,-0.0115,1.6311
1904,15:53:56.256,2035,-0.0061,1.6399
1905,15:53:56.257,2026,-0.0105,1.6327
1906,15:53:56.257,2069,0.0105,1.6673
1907,15:53:56.258,2066,0.0090,1.6649
1908,15:53:56.258,2077,0.0144,1.6738
1909,15:53:56.259,2071,0.0115,1.6689
1910,15:53:56.259,2063,0.0076,1.6625
1911,15:53:56.260,2039,-0.0042,1.6432
1912,15:53:56.260,1975,-0.0354,1.5916
1913,15:53:56.261,1933,-0.0559,1.5577
1914,15:53:56.261,1874,-0.0847,1.5102
1915,15:53:56.262,1883,-0.0803,1.5174
1916,15:53:56.262,1912,-0.0662,1.5408
1917,15:53:56.263,1971,-0.0374,1.5884
1918,15:53:56.263,2022,-0.0125,1.6295
1919,15:53:56.264,2087,0.0193,1.6818
1920,15:53:56.264,2106,0.0286,1.6971
1921,15:53:56.265,2083,0.0173,1.6786
1922,15:53:56.265,2100,0.0256,1.6923
1923,15:53:56.266,2055,0.0037,1.6560
1924,15:53:56.266,2070,0.0110,1.6681
1925,15:53:56.267,2023,-0.0120,1.6303
1926,15:53:56.267,2017,-0.0149,1.6254
1927,15:53:56.268,2028,-0.0095,1.6343
1928,15:53:56.268,2019,-0.0139,1.6270
1929,15:53:56.269,2021,-0.0129,1.6286
1930,15:53:56.269,2024,-0.0115,1.6311
1931,15:53:56.270,2064,0.0081,1.6633
1932,15:53:56.270,2056,0.0042,1.6568
1933,15:53:56.271,2072,0.0120,1.6697
1934,15:53:56.271,2066,0.0090,1.6649
1935,15:53:56.272,2060,0.0061,1.6601
1936,15:53:56.272,2030,-0.0085,1.6359
1937,15:53:56.273,1968,-0.0388,1.5859
1938,15:53:56.273,1926,-0.0593,1.5521
1939,15:53:56.274,1862,-0.0906,1.5005
1940,15:53:56.274,1885,-0.0794,1.5190
1941,15:53:56.275,1910,-0.0672,1.5392
1942,15:53:56.275,1981,-0.0325,1.5964
1943,15:53:56.276,2022,-0.0125,1.6295
1944,15:53:56.276,2093,0.0222,1.6867
1945,15:53:56.277,2099,0.0252,1.6915
1946,15:53:56.277,2088,0.0198,1.6826
1947,15:53:56.278,2091,0.0212,1.6851
1948,15:53:56.278,2062,0.0071,1.6617
1949,15:53:56.279,2073,0.0125,1.6705
1950,15:53:56.279,2024,-0.0115,1.6311
1951,15:53:56.280,2023,-0.0120,1.6303
1952,15:53:56.280,2023,-0.0120,1.6303
1953,15:53:56.281,2012,-0.0173,1.6214
1954,15:53:56.281,2014,-0.0164,1.6230
1955,15:53:56.282,2031,-0.0081,1.6367
1956,15:53:56.282,2068,0.0100,1.6665
1957,15:53:56.283,2062,0.0071,1.6617
1958,15:53:56.283,2082,0.0168,1.6778
1959,15:53:56.284,2070,0.0110,1.6681
1960,15:53:56.284,2067,0.0095,1.6657
1961,15:53:56.285,2022,-0.0125,1.6295
1962,15:53:56.285,1972,-0.0369,1.5892
1963,15:53:56.286,1916,-0.0642,1.5440
1964,15:53:56.286,1869,-0.0872,1.5062
1965,15:53:56.287,1891,-0.0764,1.5239
1966,15:53:56.287,1930,-0.0574,1.5553
1967,15:53:56.288,1994,-0.0261,1.6069
1968,15:53:56.288,2036,-0.0056,1.6407
1969,15:53:56.289,2105,0.0281,1.6963
1970,15:53:56.289,2095,0.0232,1.6883
1971,15:53:56.290,2099,0.0252,1.6915
1972,15:53:56.290,2083,0.0173,1.6786
1973,15:53:56.291,2067,0.0095,1.6657
1974,15:53:56.291,2072,0.0120,1.6697
1975,15:53:56.292,2023,-0.0120,1.6303
1976,15:53:56.292,2024,-0.0115,1.6311
1977,15:53:56.293,2016,-0.0154,1.6246
1978,15:53:56.293,2016,-0.0154,1.6246
1979,15:53:56.294,2015,-0.0159,1.6238
1980,15:53:56.294,2043,-0.0022,1.6464
1981,15:53:56.295,2071,0.0115,1.6689
1982,15:53:56.295,2064,0.0081,1.6633
1983,15:53:56.296,2079,0.0154,1.6754
1984,15:53:56.296,2062,0.0071,1.6617
1985,15:53:56.297,2061,0.0066,1.6609
1986,15:53:56.297,2002,-0.0222,1.6133
1987,15:53:56.298,1958,-0.0437,1.5779
1988,15:53:56.298,1903,-0.0706,1.5336
1989,15:53:56.299,1867,-0.0882,1.5045
1990,15:53:56.299,1894,-0.0750,1.5263
1991,15:53:56.300,1930,-0.0574,1.5553
1992,15:53:56.300,1998,-0.0242,1.6101
1993,15:53:56.301,2037,-0.0051,1.6415
1994,15:53:56.301,2104,0.0276,1.6955
1995,15:53:56.302,2086,0.0188,1.6810
1996,15:53:56.302,2094,0.0227,1.6875
1997,15:53:56.303,2072,0.0120,1.6697
1998,15:53:56.303,2066,0.0090,1.6649
1999,15:53:56.304,2062,0.0071,1.6617
2000,15:53:56.304,2015,-0.0159,1.6238
2001,15:53:56.305,2028,-0.0095,1.6343
2002,15:53:56.305,2013,-0.0168,1.6222
2003,15:53:56.306,2014,-0.0164,1.6230
2004,15:53:56.306,2012,-0.0173,1.6214
2005,15:53:56.307,2048,0.0002,1.6504
2006,15:53:56.307,2065,0.0085,1.6641
2007,15:53:56.308,2071,0.0115,1.6689
2008,15:53:56.308,2079,0.0154,1.6754
2009,15:53:56.309,2062,0.0071,1.6617
2010,15:53:56.309,2056,0.0042,1.6568
2011,15:53:56.310,1997,-0.0247,1.6093
2012,15:53:56.310,1958,-0.0437,1.5779
2013,15:53:56.311,1899,-0.0725,1.5303
2014,15:53:56.311,1879,-0.0823,1.5142
2015,15:53:56.312,1903,-0.0706,1.5336
2016,15:53:56.312,1948,-0.0486,1.5698
2017,15:53:56.313,2005,-0.0208,1.6158
2018,15:53:56.313,2052,0.0022,1.6536
2019,15:53:56.314,2101,0.0261,1.6931
2020,15:53:56.314,2081,0.0164,1.6770
2021,15:53:56.315,2100,0.0256,1.6923
2022,15:53:56.315,2071,0.0115,1.6689
2023,15:53:56.316,2076,0.0139,1.6730
2024,15:53:56.316,2060,0.0061,1.6601
2025,15:53:56.317,2026,-0.0105,1.6327
2026,15:53:56.317,2034,-0.0066,1.6391
2027,15:53:56.318,2016,-0.0154,1.6246
2028,15:53:56.318,2012,-0.0173,1.6214
2029,15:53:56.319,2013,-0.0168,1.6222
2030,15:53:56.319,2051,0.0017,1.6528
2031,15:53:56.320,2066,0.0090,1.6649
2032,15:53:56.320,2070,0.0110,1.6681
2033,15:53:56.321,2074,0.0129,1.6714
2034,15:53:56.321,2060,0.0061,1.6601
2035,15:53:56.322,2046,-0.0007,1.6488
2036,15:53:56.322,1986,-0.0300,1.6004
2037,15:53:56.323,1952,-0.0466,1.5730
2038,15:53:56.323,1896,-0.0740,1.5279
2039,15:53:56.324,1891,-0.0764,1.5239
2040,15:53:56.324,1906,-0.0691,1.5360
2041,15:53:56.325,1955,-0.0452,1.5755
2042,15:53:56.325,2002,-0.0222,1.6133
2043,15:53:56.326,2057,0.0046,1.6577
2044,15:53:56.326,2090,0.0208,1.6842
2045,15:53:56.327,2079,0.0154,1.6754
2046,15:53:56.327,2090,0.0208,1.6842
2047,15:53:56.328,2066,0.0090,1.6649
2048,15:53:56.328,2080,0.0159,1.6762
2049,15:53:56.329,2057,0.0046,1.6577
2050,15:53:56.329,2019,-0.0139,1.6270
2051,15:53:56.330,2027,-0.0100,1.6335
2052,15:53:56.330,2011,-0.0178,1.6206
2053,15:53:56.331,2004,-0.0212,1.6149
2054,15:53:56.331,2004,-0.0212,1.6149
2055,15:53:56.332,2049,0.0007,1.6512
2056,15:53:56.332,2060,0.0061,1.6601
2057,15:53:56.333,2068,0.0100,1.6665
2058,15:53:56.333,2070,0.0110,1.6681
2059,15:53:56.334,2063,0.0076,1.6625
2060,15:53:56.334,2043,-0.0022,1.6464
2061,15:53:56.335,1981,-0.0325,1.5964
2062,15:53:56.335,1956,-0.0447,1.5763
2063,15:53:56.336,1890,-0.0769,1.5231
2064,15:53:56.336,1900,-0.0720,1.5311
2065,15:53:56.337,1913,-0.0657,1.5416
2066,15:53:56.337,1970,-0.0379,1.5875
2067,15:53:56.338,2008,-0.0193,1.6182
2068,15:53:56.338,2069,0.0105,1.6673
2069,15:53:56.339,2085,0.0183,1.6802
2070,15:53:56.339,2083,0.0173,1.6786
2071,15:53:56.340,2088,0.0198,1.6826
2072,15:53:56.340,2069,0.0105,1.6673
2073,15:53:56.341,2083,0.0173,1.6786
2074,15:53:56.341,2046,-0.0007,1.6488
2075,15:53:56.342,2026,-0.0105,1.6327
2076,15:53:56.342,2034,-0.0066,1.6391
2077,15:53:56.343,2009,-0.0188,1.6190
2078,15:53:56.343,2006,-0.0203,1.6166
2079,15:53:56.344,2010,-0.0183,1.6198
2080,15:53:56.344,2050,0.0012,1.6520
2081,15:53:56.345,2056,0.0042,1.6568
2082,15:53:56.345,2071,0.0115,1.6689
2083,15:53:56.346,2064,0.0081,1.6633
2084,15:53:56.346,2067,0.0095,1.6657
2085,15:53:56.347,2034,-0.0066,1.6391
2086,15:53:56.347,1982,-0.0320,1.5972
2087,15:53:56.348,1945,-0.0501,1.5674
2088,15:53:56.348,1881,-0.0813,1.5158
2089,15:53:56.349,1897,-0.0735,1.5287
2090,15:53:56.349,1917,-0.0637,1.5448
2091,15:53:56.350,1975,-0.0354,1.5916
2092,15:53:56.350,2006,-0.0203,1.6166
2093,15:53:56.351,2068,0.0100,1.6665
2094,15:53:56.351,2074,0.0129,1.6714
2095,15:53:56.352,2080,0.0159,1.6762
2096,15:53:56.352,2082,0.0168,1.6778
2097,15:53:56.353,2071,0.0115,1.6689
2098,15:53:56.353,2085,0.0183,1.6802
2099,15:53:56.354,2052,0.0022,1.6536
2100,15:53:56.354,2025,-0.0110,1.6319
2101,15:53:56.355,2021,-0.0129,1.6286
2102,15:53:56.355,1996,-0.0252,1.6085
2103,15:53:56.356,1993,-0.0266,1.6061
2104,15:53:56.356,2004,-0.0212,1.6149
2105,15:53:56.357,2049,0.0007,1.6512
2106,15:53:56.357,2054,0.0032,1.6552
2107,15:53:56.358,2078,0.0149,1.6746
2108,15:53:56.358,2067,0.0095,1.6657
2109,15:53:56.359,2075,0.0134,1.6722
2110,15:53:56.359,2024,-0.0115,1.6311
2111,15:53:56.360,1980,-0.0330,1.5956
2112,15:53:56.360,1937,-0.0540,1.5610
2113,15:53:56.361,1887,-0.0784,1.5207
2114,15:53:56.361,1900,-0.0720,1.5311
2115,15:53:56.362,1931,-0.0569,1.5561
2116,15:53:56.362,1980,-0.0330,1.5956
2117,15:53:56.363,2015,-0.0159,1.6238
2118,15:53:56.363,2077,0.0144,1.6738
2119,15:53:56.364,2077,0.0144,1.6738
2120,15:53:56.364,2090,0.0208,1.6842
2121,15:53:56.365,2087,0.0193,1.6818
2122,15:53:56.365,2084,0.0178,1.6794
2123,15:53:56.366,2094,0.0227,1.6875
2124,15:53:56.366,2048,0.0002,1.6504
2125,15:53:56.367,2033,-0.0071,1.6383
2126,15:53:56.367,2023,-0.0120,1.6303
2127,15:53:56.368,1996,-0.0252,1.6085
2128,15:53:56.368,1992,-0.0271,1.6053
2129,15:53:56.369,2014,-0.0164,1.6230
2130,15:53:56.369,2057,0.0046,1.6577
2131,15:53:56.370,2060,0.0061,1.6601
2132,15:53:56.370,2082,0.0168,1.6778
2133,15:53:56.371,2068,0.0100,1.6665
2134,15:53:56.371,2072,0.0120,1.6697
2135,15:53:56.372,2012,-0.0173,1.6214
2136,15:53:56.372,1977,-0.0344,1.5932
2137,15:53:56.373,1915,-0.0647,1.5432
2138,15:53:56.373,1889,-0.0774,1.5223
2139,15:53:56.374,1899,-0.0725,1.5303
2140,15:53:56.374,1931,-0.0569,1.5561
2141,15:53:56.375,1983,-0.0315,1.5980
2142,15:53:56.375,2026,-0.0105,1.6327
2143,15:53:56.376,2076,0.0139,1.6730
2144,15:53:56.376,2074,0.0129,1.6714
2145,15:53:56.377,2088,0.0198,1.6826
2146,15:53:56.377,2076,0.0139,1.6730
2147,15:53:56.378,2085,0.0183,1.6802
2148,15:53:56.378,2078,0.0149,1.6746
2149,15:53:56.379,2036,-0.0056,1.6407
2150,15:53:56.379,2036,-0.0056,1.6407
2151,15:53:56.380,2010,-0.0183,1.6198
2152,15:53:56.380,1990,-0.0281,1.6037
2153,15:53:56.381,1987,-0.0295,1.6012
2154,15:53:56.381,2018,-0.0144,1.6262
2155,15:53:56.382,2059,0.0056,1.6593
2156,15:53:56.382,2065,0.0085,1.6641
2157,15:53:56.383,2080,0.0159,1.6762
2158,15:53:56.383,2068,0.0100,1.6665
2159,15:53:56.384,2066,0.0090,1.6649
2160,15:53:56.384,2002,-0.0222,1.6133
2161,15:53:56.385,1973,-0.0364,1.5900
2162,15:53:56.385,1910,-0.0672,1.5392
2163,15:53:56.386,1893,-0.0755,1.5255
2164,15:53:56.386,1901,-0.0716,1.5319
2165,15:53:56.387,1948,-0.0486,1.5698
2166,15:53:56.387,1990,-0.0281,1.6037
2167,15:53:56.388,2036,-0.0056,1.6407
2168,15:53:56.388,2079,0.0154,1.6754
2169,15:53:56.389,2072,0.0120,1.6697
2170,15:53:56.389,2087,0.0193,1.6818
2171,15:53:56.390,2077,0.0144,1.6738
2172,15:53:56.390,2089,0.0203,1.6834
2173,15:53:56.391,2083,0.0173,1.6786
2174,15:53:56.391,2037,-0.0051,1.6415
2175,15:53:56.392,2042,-0.0027,1.6456
2176,15:53:56.392,2007,-0.0198,1.6174
2177,15:53:56.393,1994,-0.0261,1.6069
2178,15:53:56.393,1988,-0.0291,1.6021
2179,15:53:56.394,2027,-0.0100,1.6335
2180,15:53:56.394,2060,0.0061,1.6601
2181,15:53:56.395,2068,0.0100,1.6665
2182,15:53:56.395,2082,0.0168,1.6778
2183,15:53:56.396,2071,0.0115,1.6689
2184,15:53:56.396,2061,0.0066,1.6609
2185,15:53:56.397,1993,-0.0266,1.6061
2186,15:53:56.397,1964,-0.0408,1.5827
2187,15:53:56.398,1901,-0.0716,1.5319
2188,15:53:56.398,1902,-0.0711,1.5327
2189,15:53:56.399,1911,-0.0667,1.5400
2190,15:53:56.399,1954,-0.0457,1.5747
2191,15:53:56.400,1994,-0.0261,1.6069
2192,15:53:56.400,2042,-0.0027,1.6456
2193,15:53:56.401,2072,0.0120,1.6697
2194,15:53:56.401,2074,0.0129,1.6714
2195,15:53:56.402,2086,0.0188,1.6810
2196,15:53:56.402,2079,0.0154,1.6754
2197,15:53:56.403,2087,0.0193,1.6818
2198,15:53:56.403,2082,0.0168,1.6778
2199,15:53:56.404,2038,-0.0046,1.6423
2200,15:53:56.404,2041,-0.0032,1.6448
2201,15:53:56.405,2003,-0.0217,1.6141
2202,15:53:56.405,1992,-0.0271,1.6053
2203,15:53:56.406,1982,-0.0320,1.5972
2204,15:53:56.406,2032,-0.0076,1.6375
2205,15:53:56.407,2057,0.0046,1.6577
2206,15:53:56.407,2078,0.0149,1.6746
2207,15:53:56.408,2073,0.0125,1.6705
2208,15:53:56.408,2070,0.0110,1.6681
2209,15:53:56.409,2053,0.0027,1.6544
2210,15:53:56.409,1990,-0.0281,1.6037
2211,15:53:56.410,1958,-0.0437,1.5779
2212,15:53:56.410,1897,-0.0735,1.5287
2213,15:53:56.411,1903,-0.0706,1.5336
2214,15:53:56.411,1915,-0.0647,1.5432
2215,15:53:56.412,1966,-0.0398,1.5843
2216,15:53:56.412,1991,-0.0276,1.6045
2217,15:53:56.413,2048,0.0002,1.6504
2218,15:53:56.413,2068,0.0100,1.6665
2219,15:53:56.414,2079,0.0154,1.6754
2220,15:53:56.414,2081,0.0164,1.6770
2221,15:53:56.415,2078,0.0149,1.6746
2222,15:53:56.415,2094,0.0227,1.6875
2223,15:53:56.416,2074,0.0129,1.6714
2224,15:53:56.416,2043,-0.0022,1.6464
2225,15:53:56.417,2029,-0.0090,1.6351
2226,15:53:56.417,1999,-0.0237,1.6109
2227,15:53:56.418,1987,-0.0295,1.6012
2228,15:53:56.418,1987,-0.0295,1.6012
2229,15:53:56.419,2037,-0.0051,1.6415
2230,15:53:56.419,2049,0.0007,1.6512
2231,15:53:56.420,2072,0.0120,1.6697
2232,15:53:56.420,2069,0.0105,1.6673
2233,15:53:56.421,2073,0.0125,1.6705
2234,15:53:56.421,2037,-0.0051,1.6415
2235,15:53:56.422,1986,-0.0300,1.6004
2236,15:53:56.422,1945,-0.0501,1.5674
2237,15:53:56.423,1898,-0.0730,1.5295
2238,15:53:56.423,1907,-0.0686,1.5368
2239,15:53:56.424,1917,-0.0637,1.5448
2240,15:53:56.424,1967,-0.0393,1.5851
2241,15:53:56.425,2005,-0.0208,1.6158
2242,15:53:56.425,2054,0.0032,1.6552
2243,15:53:56.426,2071,0.0115,1.6689
2244,15:53:56.426,2079,0.0154,1.6754
2245,15:53:56.427,2078,0.0149,1.6746
2246,15:53:56.427,2078,0.0149,1.6746
2247,15:53:56.428,2101,0.0261,1.6931
2248,15:53:56.428,2073,0.0125,1.6705
2249,15:53:56.429,2053,0.0027,1.6544
2250,15:53:56.429,2034,-0.0066,1.6391
2251,15:53:56.430,2000,-0.0232,1.6117
2252,15:53:56.430,1985,-0.0305,1.5996
2253,15:53:56.431,1990,-0.0281,1.6037
2254,15:53:56.431,2043,-0.0022,1.6464
2255,15:53:56.432,2063,0.0076,1.6625
2256,15:53:56.432,2078,0.0149,1.6746
2257,15:53:56.433,2072,0.0120,1.6697
2258,15:53:56.433,2079,0.0154,1.6754
2259,15:53:56.434,2028,-0.0095,1.6343
2260,15:53:56.434,1990,-0.0281,1.6037
2261,15:53:56.435,1939,-0.0530,1.5626
2262,15:53:56.435,1903,-0.0706,1.5336
2263,15:53:56.436,1904,-0.0701,1.5344
2264,15:53:56.436,1930,-0.0574,1.5553
2265,15:53:56.437,1974,-0.0359,1.5908
2266,15:53:56.437,2011,-0.0178,1.6206
2267,15:53:56.438,2056,0.0042,1.6568
2268,15:53:56.438,2062,0.0071,1.6617
2269,15:53:56.439,2073,0.0125,1.6705
2270,15:53:56.439,2072,0.0120,1.6697
2271,15:53:56.440,2077,0.0144,1.6738
2272,15:53:56.440,2103,0.0271,1.6947
2273,15:53:56.441,2068,0.0100,1.6665
2274,15:53:56.441,2052,0.0022,1.6536
2275,15:53:56.442,2026,-0.0105,1.6327
2276,15:53:56.442,1996,-0.0252,1.6085
2277,15:53:56.443,1974,-0.0359,1.5908
2278,15:53:56.443,1992,-0.0271,1.6053
2279,15:53:56.444,2036,-0.0056,1.6407
2280,15:53:56.444,2056,0.0042,1.6568
2281,15:53:56.445,2074,0.0129,1.6714
2282,15:53:56.445,2068,0.0100,1.6665
2283,15:53:56.446,2075,0.0134,1.6722
2284,15:53:56.446,2016,-0.0154,1.6246
2285,15:53:56.447,1981,-0.0325,1.5964
2286,15:53:56.447,1928,-0.0584,1.5537
2287,15:53:56.448,1906,-0.0691,1.5360
2288,15:53:56.448,1903,-0.0706,1.5336
2289,15:53:56.449,1935,-0.0549,1.5593
2290,15:53:56.449,1974,-0.0359,1.5908
2291,15:53:56.450,2018,-0.0144,1.6262
2292,15:53:56.450,2054,0.0032,1.6552
2293,15:53:56.451,2068,0.0100,1.6665
2294,15:53:56.451,2075,0.0134,1.6722
2295,15:53:56.452,2076,0.0139,1.6730
2296,15:53:56.452,2086,0.0188,1.6810
2297,15:53:56.453,2107,0.0291,1.6979
2298,15:53:56.453,2060,0.0061,1.6601
2299,15:53:56.454,2053,0.0027,1.6544
2300,15:53:56.454,2020,-0.0134,1.6278
2301,15:53:56.455,1989,-0.0286,1.6029
2302,15:53:56.455,1974,-0.0359,1.5908
2303,15:53:56.456,1994,-0.0261,1.6069
2304,15:53:56.456,2043,-0.0022,1.6464
2305,15:53:56.457,2062,0.0071,1.6617
2306,15:53:56.457,2080,0.0159,1.6762
2307,15:53:56.458,2072,0.0120,1.6697
2308,15:53:56.458,2076,0.0139,1.6730
2309,15:53:56.459,2012,-0.0173,1.6214
2310,15:53:56.459,1982,-0.0320,1.5972
2311,15:53:56.460,1923,-0.0608,1.5497
2312,15:53:56.460,1907,-0.0686,1.5368
2313,15:53:56.461,1910,-0.0672,1.5392
2314,15:53:56.461,1940,-0.0525,1.5634
2315,15:53:56.462,1975,-0.0354,1.5916
2316,15:53:56.462,2026,-0.0105,1.6327
2317,15:53:56.463,2057,0.0046,1.6577
2318,15:53:56.463,2064,0.0081,1.6633
2319,15:53:56.464,2075,0.0134,1.6722
2320,15:53:56.464,2073,0.0125,1.6705
2321,15:53:56.465,2088,0.0198,1.6826
2322,15:53:56.465,2095,0.0232,1.6883
2323,15:53:56.466,2054,0.0032,1.6552
2324,15:53:56.466,2054,0.0032,1.6552
2325,15:53:56.467,2012,-0.0173,1.6214
2326,15:53:56.467,1988,-0.0291,1.6021
2327,15:53:56.468,1968,-0.0388,1.5859
2328,15:53:56.468,2006,-0.0203,1.6166
2329,15:53:56.469,2044,-0.0017,1.6472
2330,15:53:56.469,2073,0.0125,1.6705
2331,15:53:56.470,2076,0.0139,1.6730
2332,15:53:56.470,2079,0.0154,1.6754
2333,15:53:56.471,2066,0.0090,1.6649
2334,15:53:56.471,2003,-0.0217,1.6141
2335,15:53:56.472,1971,-0.0374,1.5884
2336,15:53:56.472,1912,-0.0662,1.5408
2337,15:53:56.473,1900,-0.0720,1.5311
2338,15:53:56.473,1908,-0.0681,1.5376
2339,15:53:56.474,1951,-0.0471,1.5722
2340,15:53:56.474,1986,-0.0300,1.6004
2341,15:53:56.475,2032,-0.0076,1.6375
2342,15:53:56.475,2060,0.0061,1.6601
2343,15:53:56.476,2073,0.0125,1.6705
2344,15:53:56.476,2071,0.0115,1.6689
2345,15:53:56.477,2073,0.0125,1.6705
2346,15:53:56.477,2093,0.0222,1.6867
2347,15:53:56.478,2091,0.0212,1.6851
2348,15:53:56.478,2054,0.0032,1.6552
2349,15:53:56.479,2051,0.0017,1.6528
2350,15:53:56.479,2010,-0.0183,1.6198
2351,15:53:56.480,1986,-0.0300,1.6004
2352,15:53:56.480,1969,-0.0383,1.5867
2353,15:53:56.481,2016,-0.0154,1.6246
2354,15:53:56.481,2053,0.0027,1.6544
2355,15:53:56.482,2081,0.0164,1.6770
2356,15:53:56.482,2075,0.0134,1.6722
2357,15:53:56.483,2081,0.0164,1.6770
2358,15:53:56.483,2053,0.0027,1.6544
2359,15:53:56.484,2002,-0.0222,1.6133
2360,15:53:56.484,1959,-0.0432,1.5787
2361,15:53:56.485,1913,-0.0657,1.5416
2362,15:53:56.485,1913,-0.0657,1.5416
2363,15:53:56.486,1924,-0.0603,1.5505
2364,15:53:56.486,1957,-0.0442,1.5771
2365,15:53:56.487,1995,-0.0256,1.6077
2366,15:53:56.487,2037,-0.0051,1.6415
2367,15:53:56.488,2060,0.0061,1.6601
2368,15:53:56.488,2062,0.0071,1.6617
2369,15:53:56.489,2075,0.0134,1.6722
2370,15:53:56.489,2072,0.0120,1.6697
2371,15:53:56.490,2096,0.0237,1.6891
2372,15:53:56.490,2089,0.0203,1.6834
2373,15:53:56.491,2068,0.0100,1.6665
2374,15:53:56.491,2052,0.0022,1.6536
2375,15:53:56.492,2010,-0.0183,1.6198
2376,15:53:56.492,1991,-0.0276,1.6045
2377,15:53:56.493,1970,-0.0379,1.5875
2378,15:53:56.493,2017,-0.0149,1.6254
2379,15:53:56.494,2051,0.0017,1.6528
2380,15:53:56.494,2076,0.0139,1.6730
2381,15:53:56.495,2065,0.0085,1.6641
2382,15:53:56.495,2079,0.0154,1.6754
2383,15:53:56.496,2041,-0.0032,1.6448
2384,15:53:56.496,1993,-0.0266,1.6061
2385,15:53:56.497,1949,-0.0481,1.5706
2386,15:53:56.497,1906,-0.0691,1.5360
2387,15:53:56.498,1923,-0.0608,1.5497
2388,15:53:56.498,1932,-0.0564,1.5569
2389,15:53:56.499,1964,-0.0408,1.5827
2390,15:53:56.499,2002,-0.0222,1.6133
2391,15:53:56.500,2043,-0.0022,1.6464
2392,15:53:56.500,2058,0.0051,1.6585
2393,15:53:56.501,2064,0.0081,1.6633
2394,15:53:56.501,2070,0.0110,1.6681
2395,15:53:56.502,2066,0.0090,1.6649
2396,15:53:56.502,2103,0.0271,1.6947
2397,15:53:56.503,2082,0.0168,1.6778
2398,15:53:56.503,2064,0.0081,1.6633
2399,15:53:56.504,2045,-0.0012,1.6480
2400,15:53:56.504,2004,-0.0212,1.6149
2401,15:53:56.505,1984,-0.0310,1.5988
2402,15:53:56.505,1972,-0.0369,1.5892
2403,15:53:56.506,2020,-0.0134,1.6278
2404,15:53:56.506,2050,0.0012,1.6520
2405,15:53:56.507,2076,0.0139,1.6730
2406,15:53:56.507,2064,0.0081,1.6633
2407,15:53:56.508,2077,0.0144,1.6738
2408,15:53:56.508,2032,-0.0076,1.6375
2409,15:53:56.509,1998,-0.0242,1.6101
2410,15:53:56.509,1943,-0.0510,1.5658
2411,15:53:56.510,1913,-0.0657,1.5416
2412,15:53:56.510,1915,-0.0647,1.5432
2413,15:53:56.511,1931,-0.0569,1.5561
2414,15:53:56.511,1969,-0.0383,1.5867
2415,15:53:56.512,2003,-0.0217,1.6141
2416,15:53:56.512,2040,-0.0037,1.6440
2417,15:53:56.513,2053,0.0027,1.6544
2418,15:53:56.513,2062,0.0071,1.6617
2419,15:53:56.514,2068,0.0100,1.6665
2420,15:53:56.514,2074,0.0129,1.6714
2421,15:53:56.515,2107,0.0291,1.6979
2422,15:53:56.515,2079,0.0154,1.6754
2423,15:53:56.516,2072,0.0120,1.6697
2424,15:53:56.516,2043,-0.0022,1.6464
2425,15:53:56.517,2004,-0.0212,1.6149
2426,15:53:56.517,1973,-0.0364,1.5900
2427,15:53:56.518,1979,-0.0335,1.5948
2428,15:53:56.518,2024,-0.0115,1.6311
2429,15:53:56.519,2055,0.0037,1.6560
2430,15:53:56.519,2075,0.0134,1.6722
2431,15:53:56.520,2068,0.0100,1.6665
2432,15:53:56.520,2079,0.0154,1.6754
2433,15:53:56.521,2029,-0.0090,1.6351
2434,15:53:56.521,1991,-0.0276,1.6045
2435,15:53:56.522,1941,-0.0520,1.5642
2436,15:53:56.522,1912,-0.0662,1.5408
2437,15:53:56.523,1917,-0.0637,1.5448
2438,15:53:56.523,1937,-0.0540,1.5610
2439,15:53:56.524,1974,-0.0359,1.5908
2440,15:53:56.524,2012,-0.0173,1.6214
2441,15:53:56.525,2044,-0.0017,1.6472
2442,15:53:56.525,2058,0.0051,1.6585
2443,15:53:56.526,2065,0.0085,1.6641
2444,15:53:56.526,2070,0.0110,1.6681
2445,15:53:56.527,2082,0.0168,1.6778
2446,15:53:56.527,2106,0.0286,1.6971
2447,15:53:56.528,2078,0.0149,1.6746
2448,15:53:56.528,2073,0.0125,1.6705
2449,15:53:56.529,2032,-0.0076,1.6375
2450,15:53:56.529,2001,-0.0227,1.6125
2451,15:53:56.530,1969,-0.0383,1.5867
2452,15:53:56.530,1980,-0.0330,1.5956
2453,15:53:56.531,2029,-0.0090,1.6351
2454,15:53:56.531,2062,0.0071,1.6617
2455,15:53:56.532,2073,0.0125,1.6705
2456,15:53:56.532,2073,0.0125,1.6705
2457,15:53:56.533,2077,0.0144,1.6738
2458,15:53:56.533,2025,-0.0110,1.6319
2459,15:53:56.534,1983,-0.0315,1.5980
2460,15:53:56.534,1937,-0.0540,1.5610
2461,15:53:56.535,1913,-0.0657,1.5416
2462,15:53:56.535,1924,-0.0603,1.5505
2463,15:53:56.536,1939,-0.0530,1.5626
2464,15:53:56.536,1975,-0.0354,1.5916
2465,15:53:56.537,2012,-0.0173,1.6214
2466,15:53:56.537,2042,-0.0027,1.6456
2467,15:53:56.538,2050,0.0012,1.6520
2468,15:53:56.538,2062,0.0071,1.6617
2469,15:53:56.539,2065,0.0085,1.6641
2470,15:53:56.539,2084,0.0178,1.6794
2471,15:53:56.540,2101,0.0261,1.6931
2472,15:53:56.540,2074,0.0129,1.6714
2473,15:53:56.541,2073,0.0125,1.6705
2474,15:53:56.541,2026,-0.0105,1.6327
2475,15:53:56.542,2000,-0.0232,1.6117
2476,15:53:56.542,1969,-0.0383,1.5867
2477,15:53:56.543,1985,-0.0305,1.5996
2478,15:53:56.543,2029,-0.0090,1.6351
2479,15:53:56.544,2065,0.0085,1.6641
2480,15:53:56.544,2070,0.0110,1.6681
2481,15:53:56.545,2075,0.0134,1.6722
2482,15:53:56.545,2062,0.0071,1.6617
2483,15:53:56.546,2019,-0.0139,1.6270
2484,15:53:56.546,1977,-0.0344,1.5932
2485,15:53:56.547,1929,-0.0579,1.5545
2486,15:53:56.547,1916,-0.0642,1.5440
2487,15:53:56.548,1926,-0.0593,1.5521
2488,15:53:56.548,1948,-0.0486,1.5698
2489,15:53:56.549,1985,-0.0305,1.5996
2490,15:53:56.549,2019,-0.0139,1.6270
2491,15:53:56.550,2045,-0.0012,1.6480
2492,15:53:56.550,2057,0.0046,1.6577
2493,15:53:56.551,2065,0.0085,1.6641
2494,15:53:56.551,2060,0.0061,1.6601
2495,15:53:56.552,2092,0.0217,1.6859
2496,15:53:56.552,2098,0.0247,1.6907
2497,15:53:56.553,2080,0.0159,1.6762
2498,15:53:56.553,2069,0.0105,1.6673
2499,15:53:56.554,2021,-0.0129,1.6286
2500,15:53:56.554,1998,-0.0242,1.6101
2501,15:53:56.555,1965,-0.0403,1.5835
2502,15:53:56.555,1990,-0.0281,1.6037
2503,15:53:56.556,2034,-0.0066,1.6391
2504,15:53:56.556,2066,0.0090,1.6649
2505,15:53:56.557,2064,0.0081,1.6633
2506,15:53:56.557,2075,0.0134,1.6722
2507,15:53:56.558,2057,0.0046,1.6577
2508,15:53:56.558,2013,-0.0168,1.6222
2509,15:53:56.559,1972,-0.0369,1.5892
2510,15:53:56.559,1930,-0.0574,1.5553
2511,15:53:56.560,1926,-0.0593,1.5521
2512,15:53:56.560,1932,-0.0564,1.5569
2513,15:53:56.561,1958,-0.0437,1.5779
2514,15:53:56.561,1985,-0.0305,1.5996
2515,15:53:56.562,2019,-0.0139,1.6270
2516,15:53:56.562,2043,-0.0022,1.6464
2517,15:53:56.563,2052,0.0022,1.6536
2518,15:53:56.563,2062,0.0071,1.6617
2519,15:53:56.564,2065,0.0085,1.6641
2520,15:53:56.564,2097,0.0242,1.6899
2521,15:53:56.565,2097,0.0242,1.6899
2522,15:53:56.565,2083,0.0173,1.6786
2523,15:53:56.566,2067,0.0095,1.6657
2524,15:53:56.566,2020,-0.0134,1.6278
2525,15:53:56.567,1996,-0.0252,1.6085
2526,15:53:56.567,1967,-0.0393,1.5851
2527,15:53:56.568,2002,-0.0222,1.6133
2528,15:53:56.568,2041,-0.0032,1.6448
2529,15:53:56.569,2072,0.0120,1.6697
2530,15:53:56.569,2068,0.0100,1.6665
2531,15:53:56.570,2071,0.0115,1.6689
2532,15:53:56.570,2045,-0.0012,1.6480
2533,15:53:56.571,2004,-0.0212,1.6149
2534,15:53:56.571,1958,-0.0437,1.5779
2535,15:53:56.572,1924,-0.0603,1.5505
2536,15:53:56.572,1933,-0.0559,1.5577
2537,15:53:56.573,1937,-0.0540,1.5610
2538,15:53:56.573,1962,-0.0418,1.5811
2539,15:53:56.574,1993,-0.0266,1.6061
2540,15:53:56.574,2019,-0.0139,1.6270
2541,15:53:56.575,2044,-0.0017,1.6472
2542,15:53:56.575,2051,0.0017,1.6528
2543,15:53:56.576,2062,0.0071,1.6617
2544,15:53:56.576,2064,0.0081,1.6633
2545,15:53:56.577,2101,0.0261,1.6931
2546,15:53:56.577,2091,0.0212,1.6851
2547,15:53:56.578,2082,0.0168,1.6778
2548,15:53:56.578,2061,0.0066,1.6609
2549,15:53:56.579,2022,-0.0125,1.6295
2550,15:53:56.579,1991,-0.0276,1.6045
2551,15:53:56.580,1966,-0.0398,1.5843
2552,15:53:56.580,2006,-0.0203,1.6166
2553,15:53:56.581,2049,0.0007,1.6512
2554,15:53:56.581,2066,0.0090,1.6649
2555,15:53:56.582,2063,0.0076,1.6625
2556,15:53:56.582,2066,0.0090,1.6649
2557,15:53:56.583,2045,-0.0012,1.6480
2558,15:53:56.583,2000,-0.0232,1.6117
2559,15:53:56.584,1957,-0.0442,1.5771
2560,15:53:56.584,1923,-0.0608,1.5497
2561,15:53:56.585,1935,-0.0549,1.5593
2562,15:53:56.585,1940,-0.0525,1.5634
2563,15:53:56.586,1965,-0.0403,1.5835
2564,15:53:56.586,1995,-0.0256,1.6077
2565,15:53:56.587,2021,-0.0129,1.6286
2566,15:53:56.587,2040,-0.0037,1.6440
2567,15:53:56.588,2050,0.0012,1.6520
2568,15:53:56.588,2060,0.0061,1.6601
2569,15:53:56.589,2066,0.0090,1.6649
2570,15:53:56.589,2101,0.0261,1.6931
2571,15:53:56.590,2088,0.0198,1.6826
2572,15:53:56.590,2089,0.0203,1.6834
2573,15:53:56.591,2059,0.0056,1.6593
2574,15:53:56.591,2022,-0.0125,1.6295
2575,15:53:56.592,1983,-0.0315,1.5980
2576,15:53:56.592,1970,-0.0379,1.5875
2577,15:53:56.593,2006,-0.0203,1.6166
2578,15:53:56.593,2048,0.0002,1.6504
2579,15:53:56.594,2066,0.0090,1.6649
2580,15:53:56.594,2066,0.0090,1.6649
2581,15:53:56.595,2069,0.0105,1.6673
2582,15:53:56.595,2035,-0.0061,1.6399
2583,15:53:56.596,1994,-0.0261,1.6069
2584,15:53:56.596,1950,-0.0476,1.5714
2585,15:53:56.597,1927,-0.0589,1.5529
2586,15:53:56.597,1943,-0.0510,1.5658
2587,15:53:56.598,1944,-0.0505,1.5666
2588,15:53:56.598,1973,-0.0364,1.5900
2589,15:53:56.599,2003,-0.0217,1.6141
2590,15:53:56.599,2030,-0.0085,1.6359
2591,15:53:56.600,2044,-0.0017,1.6472
2592,15:53:56.600,2053,0.0027,1.6544
2593,15:53:56.601,2057,0.0046,1.6577
2594,15:53:56.601,2074,0.0129,1.6714
2595,15:53:56.602,2108,0.0295,1.6988
2596,15:53:56.602,2091,0.0212,1.6851
2597,15:53:56.603,2090,0.0208,1.6842
2598,15:53:56.603,2055,0.0037,1.6560
2599,15:53:56.604,2019,-0.0139,1.6270
2600,15:53:56.604,1979,-0.0335,1.5948
2601,15:53:56.605,1976,-0.0349,1.5924
2602,15:53:56.605,2010,-0.0183,1.6198
2603,15:53:56.606,2046,-0.0007,1.6488
2604,15:53:56.606,2060,0.0061,1.6601
2605,15:53:56.607,2064,0.0081,1.6633
2606,15:53:56.607,2063,0.0076,1.6625
2607,15:53:56.608,2030,-0.0085,1.6359
2608,15:53:56.608,1989,-0.0286,1.6029
2609,15:53:56.609,1950,-0.0476,1.5714
2610,15:53:56.609,1933,-0.0559,1.5577
2611,15:53:56.610,1945,-0.0501,1.5674
2612,15:53:56.610,1946,-0.0496,1.5682
2613,15:53:56.611,1982,-0.0320,1.5972
2614,15:53:56.611,1998,-0.0242,1.6101
2615,15:53:56.612,2026,-0.0105,1.6327
2616,15:53:56.612,2034,-0.0066,1.6391
2617,15:53:56.613,2045,-0.0012,1.6480
2618,15:53:56.613,2055,0.0037,1.6560
2619,15:53:56.614,2082,0.0168,1.6778
2620,15:53:56.614,2105,0.0281,1.6963
2621,15:53:56.615,2094,0.0227,1.6875
2622,15:53:56.615,2092,0.0217,1.6859
2623,15:53:56.616,2053,0.0027,1.6544
2624,15:53:56.616,2015,-0.0159,1.6238
2625,15:53:56.617,1978,-0.0339,1.5940
2626,15:53:56.617,1968,-0.0388,1.5859
2627,15:53:56.618,2013,-0.0168,1.6222
2628,15:53:56.618,2052,0.0022,1.6536
2629,15:53:56.619,2063,0.0076,1.6625
2630,15:53:56.619,2066,0.0090,1.6649
2631,15:53:56.620,2061,0.0066,1.6609
2632,15:53:56.620,2023,-0.0120,1.6303
2633,15:53:56.621,1984,-0.0310,1.5988
2634,15:53:56.621,1945,-0.0501,1.5674
2635,15:53:56.622,1936,-0.0545,1.5601
2636,15:53:56.622,1944,-0.0505,1.5666
2637,15:53:56.623,1955,-0.0452,1.5755
2638,15:53:56.623,1980,-0.0330,1.5956
2639,15:53:56.624,2002,-0.0222,1.6133
2640,15:53:56.624,2030,-0.0085,1.6359
2641,15:53:56.625,2036,-0.0056,1.6407
2642,15:53:56.625,2045,-0.0012,1.6480
2643,15:53:56.626,2058,0.0051,1.6585
2644,15:53:56.626,2093,0.0222,1.6867
2645,15:53:56.627,2107,0.0291,1.6979
2646,15:53:56.627,2096,0.0237,1.6891
2647,15:53:56.628,2089,0.0203,1.6834
2648,15:53:56.628,2048,0.0002,1.6504
2649,15:53:56.629,2009,-0.0188,1.6190
2650,15:53:56.629,1968,-0.0388,1.5859
2651,15:53:56.630,1974,-0.0359,1.5908
2652,15:53:56.630,2020,-0.0134,1.6278
2653,15:53:56.631,2055,0.0037,1.6560
2654,15:53:56.631,2060,0.0061,1.6601
2655,15:53:56.632,2066,0.0090,1.6649
2656,15:53:56.632,2058,0.0051,1.6585
2657,15:53:56.633,2019,-0.0139,1.6270
2658,15:53:56.633,1981,-0.0325,1.5964
2659,15:53:56.634,1941,-0.0520,1.5642
2660,15:53:56.634,1941,-0.0520,1.5642
2661,15:53:56.635,1948,-0.0486,1.5698
2662,15:53:56.635,1957,-0.0442,1.5771
2663,15:53:56.636,1979,-0.0335,1.5948
2664,15:53:56.636,2003,-0.0217,1.6141
2665,15:53:56.637,2027,-0.0100,1.6335
2666,15:53:56.637,2030,-0.0085,1.6359
2667,15:53:56.638,2048,0.0002,1.6504
2668,15:53:56.638,2054,0.0032,1.6552
2669,15:53:56.639,2096,0.0237,1.6891
2670,15:53:56.639,2103,0.0271,1.6947
2671,15:53:56.640,2100,0.0256,1.6923
2672,15:53:56.640,2089,0.0203,1.6834
2673,15:53:56.641,2043,-0.0022,1.6464
2674,15:53:56.641,2004,-0.0212,1.6149
2675,15:53:56.642,1966,-0.0398,1.5843
2676,15:53:56.642,1981,-0.0325,1.5964
2677,15:53:56.643,2028,-0.0095,1.6343
2678,15:53:56.643,2055,0.0037,1.6560
2679,15:53:56.644,2063,0.0076,1.6625
2680,15:53:56.644,2063,0.0076,1.6625
2681,15:53:56.645,2049,0.0007,1.6512
2682,15:53:56.645,2010,-0.0183,1.6198
2683,15:53:56.646,1972,-0.0369,1.5892
2684,15:53:56.646,1930,-0.0574,1.5553
2685,15:53:56.647,1943,-0.0510,1.5658
2686,15:53:56.647,1949,-0.0481,1.5706
2687,15:53:56.648,1962,-0.0418,1.5811
2688,15:53:56.648,1987,-0.0295,1.6012
2689,15:53:56.649,2007,-0.0198,1.6174
2690,15:53:56.649,2028,-0.0095,1.6343
2691,15:53:56.650,2035,-0.0061,1.6399
2692,15:53:56.650,2053,0.0027,1.6544
2693,15:53:56.651,2061,0.0066,1.6609
2694,15:53:56.651,2098,0.0247,1.6907
2695,15:53:56.652,2100,0.0256,1.6923
2696,15:53:56.652,2095,0.0232,1.6883
2697,15:53:56.653,2078,0.0149,1.6746
2698,15:53:56.653,2034,-0.0066,1.6391
2699,15:53:56.654,1998,-0.0242,1.6101
2700,15:53:56.654,1957,-0.0442,1.5771
2701,15:53:56.655,1987,-0.0295,1.6012
2702,15:53:56.655,2032,-0.0076,1.6375
2703,15:53:56.656,2052,0.0022,1.6536
2704,15:53:56.656,2066,0.0090,1.6649
2705,15:53:56.657,2063,0.0076,1.6625
2706,15:53:56.657,2044,-0.0017,1.6472
2707,15:53:56.658,2008,-0.0193,1.6182
2708,15:53:56.658,1967,-0.0393,1.5851
2709,15:53:56.659,1941,-0.0520,1.5642
2710,15:53:56.659,1951,-0.0471,1.5722
2711,15:53:56.660,1950,-0.0476,1.5714
2712,15:53:56.660,1971,-0.0374,1.5884
2713,15:53:56.661,1988,-0.0291,1.6021
2714,15:53:56.661,2010,-0.0183,1.6198
2715,15:53:56.662,2027,-0.0100,1.6335
2716,15:53:56.662,2034,-0.0066,1.6391
2717,15:53:56.663,2049,0.0007,1.6512
2718,15:53:56.663,2065,0.0085,1.6641
2719,15:53:56.664,2103,0.0271,1.6947
2720,15:53:56.664,2102,0.0266,1.6939
2721,15:53:56.665,2100,0.0256,1.6923
2722,15:53:56.665,2082,0.0168,1.6778
2723,15:53:56.666,2038,-0.0046,1.6423
2724,15:53:56.666,1998,-0.0242,1.6101
2725,15:53:56.667,1966,-0.0398,1.5843
2726,15:53:56.667,1993,-0.0266,1.6061
2727,15:53:56.668,2032,-0.0076,1.6375
2728,15:53:56.668,2056,0.0042,1.6568
2729,15:53:56.669,2063,0.0076,1.6625
2730,15:53:56.669,2061,0.0066,1.6609
2731,15:53:56.670,2039,-0.0042,1.6432
2732,15:53:56.670,2000,-0.0232,1.6117
2733,15:53:56.671,1963,-0.0413,1.5819
2734,15:53:56.671,1940,-0.0525,1.5634
2735,15:53:56.672,1954,-0.0457,1.5747
2736,15:53:56.672,1956,-0.0447,1.5763
2737,15:53:56.673,1972,-0.0369,1.5892
2738,15:53:56.673,1993,-0.0266,1.6061
2739,15:53:56.674,2008,-0.0193,1.6182
2740,15:53:56.674,2026,-0.0105,1.6327
2741,15:53:56.675,2022,-0.0125,1.6295
2742,15:53:56.675,2042,-0.0027,1.6456
2743,15:53:56.676,2065,0.0085,1.6641
2744,15:53:56.676,2102,0.0266,1.6939
2745,15:53:56.677,2101,0.0261,1.6931
2746,15:53:56.677,2105,0.0281,1.6963
2747,15:53:56.678,2079,0.0154,1.6754
2748,15:53:56.678,2035,-0.0061,1.6399
2749,15:53:56.679,1993,-0.0266,1.6061
2750,15:53:56.679,1962,-0.0418,1.5811
2751,15:53:56.680,2002,-0.0222,1.6133
2752,15:53:56.680,2035,-0.0061,1.6399
2753,15:53:56.681,2056,0.0042,1.6568
2754,15:53:56.681,2062,0.0071,1.6617
2755,15:53:56.682,2058,0.0051,1.6585
2756,15:53:56.682,2034,-0.0066,1.6391
2757,15:53:56.683,2003,-0.0217,1.6141
2758,15:53:56.683,1962,-0.0418,1.5811
2759,15:53:56.684,1942,-0.0515,1.5650
2760,15:53:56.684,1955,-0.0452,1.5755
2761,15:53:56.685,1964,-0.0408,1.5827
2762,15:53:56.685,1982,-0.0320,1.5972
2763,15:53:56.686,1997,-0.0247,1.6093
2764,15:53:56.686,2014,-0.0164,1.6230
2765,15:53:56.687,2024,-0.0115,1.6311
2766,15:53:56.687,2025,-0.0110,1.6319
2767,15:53:56.688,2040,-0.0037,1.6440
2768,15:53:56.688,2072,0.0120,1.6697
2769,15:53:56.689,2108,0.0295,1.6988
2770,15:53:56.689,2101,0.0261,1.6931
2771,15:53:56.690,2104,0.0276,1.6955
2772,15:53:56.690,2070,0.0110,1.6681
2773,15:53:56.691,2032,-0.0076,1.6375
2774,15:53:56.691,1984,-0.0310,1.5988
2775,15:53:56.692,1955,-0.0452,1.5755
2776,15:53:56.692,1999,-0.0237,1.6109
2777,15:53:56.693,2037,-0.0051,1.6415
2778,15:53:56.693,2056,0.0042,1.6568
2779,15:53:56.694,2059,0.0056,1.6593
2780,15:53:56.694,2055,0.0037,1.6560
2781,15:53:56.695,2027,-0.0100,1.6335
2782,15:53:56.695,1996,-0.0252,1.6085
2783,15:53:56.696,1951,-0.0471,1.5722
2784,15:53:56.696,1944,-0.0505,1.5666
2785,15:53:56.697,1956,-0.0447,1.5763
2786,15:53:56.697,1964,-0.0408,1.5827
2787,15:53:56.698,1980,-0.0330,1.5956
2788,15:53:56.698,1991,-0.0276,1.6045
2789,15:53:56.699,2017,-0.0149,1.6254
2790,15:53:56.699,2022,-0.0125,1.6295
2791,15:53:56.700,2034,-0.0066,1.6391
2792,15:53:56.700,2048,0.0002,1.6504
2793,15:53:56.701,2081,0.0164,1.6770
2794,15:53:56.701,2110,0.0305,1.7004
2795,15:53:56.702,2106,0.0286,1.6971
2796,15:53:56.702,2109,0.0300,1.6996
2797,15:53:56.703,2069,0.0105,1.6673
2798,15:53:56.703,2028,-0.0095,1.6343
2799,15:53:56.704,1980,-0.0330,1.5956
2800,15:53:56.704,1961,-0.0422,1.5803
2801,15:53:56.705,2004,-0.0212,1.6149
2802,15:53:56.705,2039,-0.0042,1.6432
2803,15:53:56.706,2057,0.0046,1.6577
2804,15:53:56.706,2066,0.0090,1.6649
2805,15:53:56.707,2061,0.0066,1.6609
2806,15:53:56.707,2024,-0.0115,1.6311
2807,15:53:56.708,1994,-0.0261,1.6069
2808,15:53:56.708,1954,-0.0457,1.5747
2809,15:53:56.709,1952,-0.0466,1.5730
2810,15:53:56.709,1960,-0.0427,1.5795
2811,15:53:56.710,1966,-0.0398,1.5843
2812,15:53:56.710,1982,-0.0320,1.5972
2813,15:53:56.711,1991,-0.0276,1.6045
2814,15:53:56.711,2014,-0.0164,1.6230
2815,15:53:56.712,2016,-0.0154,1.6246
2816,15:53:56.712,2031,-0.0081,1.6367
2817,15:53:56.713,2044,-0.0017,1.6472
2818,15:53:56.713,2088,0.0198,1.6826
2819,15:53:56.714,2109,0.0300,1.6996
2820,15:53:56.714,2108,0.0295,1.6988
2821,15:53:56.715,2105,0.0281,1.6963
2822,15:53:56.715,2062,0.0071,1.6617
2823,15:53:56.716,2026,-0.0105,1.6327
2824,15:53:56.716,1973,-0.0364,1.5900
2825,15:53:56.717,1965,-0.0403,1.5835
2826,15:53:56.717,2009,-0.0188,1.6190
2827,15:53:56.718,2039,-0.0042,1.6432
2828,15:53:56.718,2060,0.0061,1.6601
2829,15:53:56.719,2059,0.0056,1.6593
2830,15:53:56.719,2055,0.0037,1.6560
2831,15:53:56.720,2024,-0.0115,1.6311
2832,15:53:56.720,1991,-0.0276,1.6045
2833,15:53:56.721,1944,-0.0505,1.5666
2834,15:53:56.721,1953,-0.0462,1.5738
2835,15:53:56.722,1963,-0.0413,1.5819
2836,15:53:56.722,1965,-0.0403,1.5835
2837,15:53:56.723,1979,-0.0335,1.5948
2838,15:53:56.723,1997,-0.0247,1.6093
2839,15:53:56.724,2014,-0.0164,1.6230
2840,15:53:56.724,2015,-0.0159,1.6238
2841,15:53:56.725,2024,-0.0115,1.6311
2842,15:53:56.725,2054,0.0032,1.6552
2843,15:53:56.726,2087,0.0193,1.6818
2844,15:53:56.726,2110,0.0305,1.7004
2845,15:53:56.727,2107,0.0291,1.6979
2846,15:53:56.727,2103,0.0271,1.6947
2847,15:53:56.728,2057,0.0046,1.6577
2848,15:53:56.728,2017,-0.0149,1.6254
2849,15:53:56.729,1965,-0.0403,1.5835
2850,15:53:56.729,1971,-0.0374,1.5884
2851,15:53:56.730,2013,-0.0168,1.6222
2852,15:53:56.730,2037,-0.0051,1.6415
2853,15:53:56.731,2058,0.0051,1.6585
2854,15:53:56.731,2063,0.0076,1.6625
2855,15:53:56.732,2052,0.0022,1.6536
2856,15:53:56.732,2023,-0.0120,1.6303
2857,15:53:56.733,1986,-0.0300,1.6004
2858,15:53:56.733,1948,-0.0486,1.5698
2859,15:53:56.734,1961,-0.0422,1.5803
2860,15:53:56.734,1959,-0.0432,1.5787
2861,15:53:56.735,1974,-0.0359,1.5908
2862,15:53:56.735,1985,-0.0305,1.5996
2863,15:53:56.736,1997,-0.0247,1.6093
2864,15:53:56.736,2016,-0.0154,1.6246
2865,15:53:56.737,2016,-0.0154,1.6246
2866,15:53:56.737,2030,-0.0085,1.6359
2867,15:53:56.738,2053,0.0027,1.6544
2868,15:53:56.738,2097,0.0242,1.6899
2869,15:53:56.739,2109,0.0300,1.6996
2870,15:53:56.739,2111,0.0310,1.7012
2871,15:53:56.740,2102,0.0266,1.6939
2872,15:53:56.740,2055,0.0037,1.6560
2873,15:53:56.741,2011,-0.0178,1.6206
2874,15:53:56.741,1960,-0.0427,1.5795
2875,15:53:56.742,1971,-0.0374,1.5884
2876,15:53:56.742,2012,-0.0173,1.6214
2877,15:53:56.743,2043,-0.0022,1.6464
2878,15:53:56.743,2060,0.0061,1.6601
2879,15:53:56.744,2060,0.0061,1.6601
2880,15:53:56.744,2050,0.0012,1.6520
2881,15:53:56.745,2016,-0.0154,1.6246
2882,15:53:56.745,1974,-0.0359,1.5908
2883,15:53:56.746,1945,-0.0501,1.5674
2884,15:53:56.746,1958,-0.0437,1.5779
2885,15:53:56.747,1963,-0.0413,1.5819
2886,15:53:56.747,1972,-0.0369,1.5892
2887,15:53:56.748,1984,-0.0310,1.5988
2888,15:53:56.748,1999,-0.0237,1.6109
2889,15:53:56.749,2014,-0.0164,1.6230
2890,15:53:56.749,2011,-0.0178,1.6206
2891,15:53:56.750,2031,-0.0081,1.6367
2892,15:53:56.750,2060,0.0061,1.6601
2893,15:53:56.751,2095,0.0232,1.6883
2894,15:53:56.751,2105,0.0281,1.6963
2895,15:53:56.752,2110,0.0305,1.7004
2896,15:53:56.752,2097,0.0242,1.6899
2897,15:53:56.753,2045,-0.0012,1.6480
2898,15:53:56.753,2013,-0.0168,1.6222
2899,15:53:56.754,1952,-0.0466,1.5730
2900,15:53:56.754,1985,-0.0305,1.5996
2901,15:53:56.755,2015,-0.0159,1.6238
2902,15:53:56.755,2042,-0.0027,1.6456
2903,15:53:56.756,2061,0.0066,1.6609
2904,15:53:56.756,2057,0.0046,1.6577
2905,15:53:56.757,2048,0.0002,1.6504
2906,15:53:56.757,2016,-0.0154,1.6246
2907,15:53:56.758,1973,-0.0364,1.5900
2908,15:53:56.758,1948,-0.0486,1.5698
2909,15:53:56.759,1963,-0.0413,1.5819
2910,15:53:56.759,1962,-0.0418,1.5811
2911,15:53:56.760,1979,-0.0335,1.5948
2912,15:53:56.760,1983,-0.0315,1.5980
2913,15:53:56.761,2002,-0.0222,1.6133
2914,15:53:56.761,2012,-0.0173,1.6214
2915,15:53:56.762,2010,-0.0183,1.6198
2916,15:53:56.762,2030,-0.0085,1.6359
2917,15:53:56.763,2063,0.0076,1.6625
2918,15:53:56.763,2099,0.0252,1.6915
2919,15:53:56.764,2104,0.0276,1.6955
2920,15:53:56.764,2116,0.0335,1.7052
2921,15:53:56.765,2094,0.0227,1.6875
2922,15:53:56.765,2046,-0.0007,1.6488
2923,15:53:56.766,2000,-0.0232,1.6117
2924,15:53:56.766,1951,-0.0471,1.5722
2925,15:53:56.767,1986,-0.0300,1.6004
2926,15:53:56.767,2019,-0.0139,1.6270
2927,15:53:56.768,2042,-0.0027,1.6456
2928,15:53:56.768,2062,0.0071,1.6617
2929,15:53:56.769,2060,0.0061,1.6601
2930,15:53:56.769,2041,-0.0032,1.6448
2931,15:53:56.770,2008,-0.0193,1.6182
2932,15:53:56.770,1966,-0.0398,1.5843
2933,15:53:56.771,1947,-0.0491,1.5690
2934,15:53:56.771,1962,-0.0418,1.5811
2935,15:53:56.772,1965,-0.0403,1.5835
2936,15:53:56.772,1977,-0.0344,1.5932
2937,15:53:56.773,1980,-0.0330,1.5956
2938,15:53:56.773,2002,-0.0222,1.6133
2939,15:53:56.774,2011,-0.0178,1.6206
2940,15:53:56.774,2008,-0.0193,1.6182
2941,15:53:56.775,2032,-0.0076,1.6375
2942,15:53:56.775,2064,0.0081,1.6633
2943,15:53:56.776,2102,0.0266,1.6939
2944,15:53:56.776,2106,0.0286,1.6971
2945,15:53:56.777,2113,0.0320,1.7028
2946,15:53:56.777,2086,0.0188,1.6810
2947,15:53:56.778,2039,-0.0042,1.6432
2948,15:53:56.778,1990,-0.0281,1.6037
2949,15:53:56.779,1951,-0.0471,1.5722
2950,15:53:56.779,1988,-0.0291,1.6021
2951,15:53:56.780,2021,-0.0129,1.6286
2952,15:53:56.780,2049,0.0007,1.6512
2953,15:53:56.781,2063,0.0076,1.6625
2954,15:53:56.781,2057,0.0046,1.6577
2955,15:53:56.782,2038,-0.0046,1.6423
2956,15:53:56.782,2008,-0.0193,1.6182
2957,15:53:56.783,1963,-0.0413,1.5819
2958,15:53:56.783,1953,-0.0462,1.5738
2959,15:53:56.784,1973,-0.0364,1.5900
2960,15:53:56.784,1967,-0.0393,1.5851
2961,15:53:56.785,1985,-0.0305,1.5996
2962,15:53:56.785,1982,-0.0320,1.5972
2963,15:53:56.786,2009,-0.0188,1.6190
2964,15:53:56.786,2007,-0.0198,1.6174
2965,15:53:56.787,2011,-0.0178,1.6206
2966,15:53:56.787,2036,-0.0056,1.6407
2967,15:53:56.788,2072,0.0120,1.6697
2968,15:53:56.788,2107,0.0291,1.6979
2969,15:53:56.789,2108,0.0295,1.6988
2970,15:53:56.789,2115,0.0330,1.7044
2971,15:53:56.790,2082,0.0168,1.6778
2972,15:53:56.790,2041,-0.0032,1.6448
2973,15:53:56.791,1987,-0.0295,1.6012
2974,15:53:56.791,1953,-0.0462,1.5738
2975,15:53:56.792,1993,-0.0266,1.6061
2976,15:53:56.792,2022,-0.0125,1.6295
2977,15:53:56.793,2048,0.0002,1.6504
2978,15:53:56.793,2060,0.0061,1.6601
2979,15:53:56.794,2058,0.0051,1.6585
2980,15:53:56.794,2033,-0.0071,1.6383
2981,15:53:56.795,2001,-0.0227,1.6125
2982,15:53:56.795,1957,-0.0442,1.5771
2983,15:53:56.796,1958,-0.0437,1.5779
2984,15:53:56.796,1966,-0.0398,1.5843
2985,15:53:56.797,1972,-0.0369,1.5892
2986,15:53:56.797,1985,-0.0305,1.5996
2987,15:53:56.798,1985,-0.0305,1.5996
2988,15:53:56.798,2009,-0.0188,1.6190
2989,15:53:56.799,2007,-0.0198,1.6174
2990,15:53:56.799,2014,-0.0164,1.6230
2991,15:53:56.800,2043,-0.0022,1.6464
2992,15:53:56.800,2083,0.0173,1.6786
2993,15:53:56.801,2112,0.0315,1.7020
2994,15:53:56.801,2112,0.0315,1.7020
2995,15:53:56.802,2116,0.0335,1.7052
2996,15:53:56.802,2076,0.0139,1.6730
2997,15:53:56.803,2038,-0.0046,1.6423
2998,15:53:56.803,1978,-0.0339,1.5940
2999,15:53:56.804,1956,-0.0447,1.5763
3000,15:53:56.804,1995,-0.0256,1.6077
3001,15:53:56.805,2022,-0.0125,1.6295
3002,15:53:56.805,2052,0.0022,1.6536
3003,15:53:56.806,2056,0.0042,1.6568
3004,15:53:56.806,2056,0.0042,1.6568
3005,15:53:56.807,2033,-0.0071,1.6383
3006,15:53:56.807,1996,-0.0252,1.6085
3007,15:53:56.808,1956,-0.0447,1.5763
3008,15:53:56.808,1962,-0.0418,1.5811
3009,15:53:56.809,1968,-0.0388,1.5859
3010,15:53:56.809,1973,-0.0364,1.5900
3011,15:53:56.810,1979,-0.0335,1.5948
3012,15:53:56.810,1986,-0.0300,1.6004
3013,15:53:56.811,2012,-0.0173,1.6214
3014,15:53:56.811,2005,-0.0208,1.6158
3015,15:53:56.812,2018,-0.0144,1.6262
3016,15:53:56.812,2044,-0.0017,1.6472
3017,15:53:56.813,2084,0.0178,1.6794
3018,15:53:56.813,2108,0.0295,1.6988
3019,15:53:56.814,2110,0.0305,1.7004
3020,15:53:56.814,2108,0.0295,1.6988
3021,15:53:56.815,2072,0.0120,1.6697
3022,15:53:56.815,2030,-0.0085,1.6359
3023,15:53:56.816,1966,-0.0398,1.5843
3024,15:53:56.816,1961,-0.0422,1.5803
3025,15:53:56.817,2004,-0.0212,1.6149
3026,15:53:56.817,2028,-0.0095,1.6343
3027,15:53:56.818,2060,0.0061,1.6601
3028,15:53:56.818,2060,0.0061,1.6601
3029,15:53:56.819,2054,0.0032,1.6552
3030,15:53:56.819,2029,-0.0090,1.6351
3031,15:53:56.820,1994,-0.0261,1.6069
3032,15:53:56.820,1952,-0.0466,1.5730
3033,15:53:56.821,1963,-0.0413,1.5819
3034,15:53:56.821,1967,-0.0393,1.5851
3035,15:53:56.822,1974,-0.0359,1.5908
3036,15:53:56.822,1986,-0.0300,1.6004
3037,15:53:56.823,1987,-0.0295,1.6012
3038,15:53:56.823,2015,-0.0159,1.6238
3039,15:53:56.824,2008,-0.0193,1.6182
3040,15:53:56.824,2019,-0.0139,1.6270
3041,15:53:56.825,2054,0.0032,1.6552
3042,15:53:56.825,2093,0.0222,1.6867
3043,15:53:56.826,2111,0.0310,1.7012
3044,15:53:56.826,2110,0.0305,1.7004
3045,15:53:56.827,2108,0.0295,1.6988
3046,15:53:56.827,2067,0.0095,1.6657
3047,15:53:56.828,2026,-0.0105,1.6327
3048,15:53:56.828,1961,-0.0422,1.5803
3049,15:53:56.829,1967,-0.0393,1.5851
3050,15:53:56.829,2004,-0.0212,1.6149
3051,15:53:56.830,2032,-0.0076,1.6375
3052,15:53:56.830,2055,0.0037,1.6560
3053,15:53:56.831,2058,0.0051,1.6585
3054,15:53:56.831,2050,0.0012,1.6520
3055,15:53:56.832,2022,-0.0125,1.6295
3056,15:53:56.832,1987,-0.0295,1.6012
3057,15:53:56.833,1952,-0.0466,1.5730
3058,15:53:56.833,1968,-0.0388,1.5859
3059,15:53:56.834,1967,-0.0393,1.5851
3060,15:53:56.834,1980,-0.0330,1.5956
3061,15:53:56.835,1979,-0.0335,1.5948
3062,15:53:56.835,1991,-0.0276,1.6045
3063,15:53:56.836,2011,-0.0178,1.6206
3064,15:53:56.836,1998,-0.0242,1.6101
3065,15:53:56.837,2018,-0.0144,1.6262
3066,15:53:56.837,2052,0.0022,1.6536
3067,15:53:56.838,2097,0.0242,1.6899
3068,15:53:56.838,2105,0.0281,1.6963
3069,15:53:56.839,2113,0.0320,1.7028
3070,15:53:56.839,2100,0.0256,1.6923
3071,15:53:56.840,2063,0.0076,1.6625
3072,15:53:56.840,2022,-0.0125,1.6295
3073,15:53:56.841,1958,-0.0437,1.5779
3074,15:53:56.841,1974,-0.0359,1.5908
3075,15:53:56.842,2004,-0.0212,1.6149
3076,15:53:56.842,2036,-0.0056,1.6407
3077,15:53:56.843,2059,0.0056,1.6593
3078,15:53:56.843,2056,0.0042,1.6568
3079,15:53:56.844,2051,0.0017,1.6528
3080,15:53:56.844,2018,-0.0144,1.6262
3081,15:53:56.845,1979,-0.0335,1.5948
3082,15:53:56.845,1959,-0.0432,1.5787
3083,15:53:56.846,1969,-0.0383,1.5867
3084,15:53:56.846,1973,-0.0364,1.5900
3085,15:53:56.847,1979,-0.0335,1.5948
3086,15:53:56.847,1983,-0.0315,1.5980
3087,15:53:56.848,1994,-0.0261,1.6069
3088,15:53:56.848,2014,-0.0164,1.6230
3089,15:53:56.849,2003,-0.0217,1.6141
3090,15:53:56.849,2027,-0.0100,1.6335
3091,15:53:56.850,2058,0.0051,1.6585
3092,15:53:56.850,2095,0.0232,1.6883
3093,15:53:56.851,2102,0.0266,1.6939
3094,15:53:56.851,2109,0.0300,1.6996
3095,15:53:56.852,2104,0.0276,1.6955
3096,15:53:56.852,2062,0.0071,1.6617
3097,15:53:56.853,2019,-0.0139,1.6270
3098,15:53:56.853,1956,-0.0447,1.5763
3099,15:53:56.854,1981,-0.0325,1.5964
3100,15:53:56.854,2009,-0.0188,1.6190
3101,15:53:56.855,2035,-0.0061,1.6399
3102,15:53:56.855,2053,0.0027,1.6544
3103,15:53:56.856,2056,0.0042,1.6568
3104,15:53:56.856,2045,-0.0012,1.6480
3105,15:53:56.857,2011,-0.0178,1.6206
3106,15:53:56.857,1976,-0.0349,1.5924
3107,15:53:56.858,1951,-0.0471,1.5722
3108,15:53:56.858,1973,-0.0364,1.5900
3109,15:53:56.859,1971,-0.0374,1.5884
3110,15:53:56.859,1983,-0.0315,1.5980
3111,15:53:56.860,1973,-0.0364,1.5900
3112,15:53:56.860,1994,-0.0261,1.6069
3113,15:53:56.861,2007,-0.0198,1.6174
3114,15:53:56.861,2001,-0.0227,1.6125
3115,15:53:56.862,2025,-0.0110,1.6319
3116,15:53:56.862,2056,0.0042,1.6568
3117,15:53:56.863,2099,0.0252,1.6915
3118,15:53:56.863,2103,0.0271,1.6947
3119,15:53:56.864,2110,0.0305,1.7004
3120,15:53:56.864,2095,0.0232,1.6883
3121,15:53:56.865,2056,0.0042,1.6568
3122,15:53:56.865,2005,-0.0208,1.6158
3123,15:53:56.866,1958,-0.0437,1.5779
3124,15:53:56.866,1985,-0.0305,1.5996
3125,15:53:56.867,2010,-0.0183,1.6198
3126,15:53:56.867,2040,-0.0037,1.6440
3127,15:53:56.868,2055,0.0037,1.6560
3128,15:53:56.868,2053,0.0027,1.6544
3129,15:53:56.869,2042,-0.0027,1.6456
3130,15:53:56.869,2009,-0.0188,1.6190
3131,15:53:56.870,1969,-0.0383,1.5867
3132,15:53:56.870,1959,-0.0432,1.5787
3133,15:53:56.871,1977,-0.0344,1.5932
3134,15:53:56.871,1974,-0.0359,1.5908
3135,15:53:56.872,1984,-0.0310,1.5988
3136,15:53:56.872,1979,-0.0335,1.5948
3137,15:53:56.873,2001,-0.0227,1.6125
3138,15:53:56.873,2011,-0.0178,1.6206
3139,15:53:56.874,2000,-0.0232,1.6117
3140,15:53:56.874,2033,-0.0071,1.6383
3141,15:53:56.875,2063,0.0076,1.6625
3142,15:53:56.875,2106,0.0286,1.6971
3143,15:53:56.876,2107,0.0291,1.6979
3144,15:53:56.876,2112,0.0315,1.7020
3145,15:53:56.877,2090,0.0208,1.6842
3146,15:53:56.877,2052,0.0022,1.6536
3147,15:53:56.878,1997,-0.0247,1.6093
3148,15:53:56.878,1958,-0.0437,1.5779
3149,15:53:56.879,1993,-0.0266,1.6061
3150,15:53:56.879,2013,-0.0168,1.6222
3151,15:53:56.880,2046,-0.0007,1.6488
3152,15:53:56.880,2056,0.0042,1.6568
3153,15:53:56.881,2053,0.0027,1.6544
3154,15:53:56.881,2036,-0.0056,1.6407
3155,15:53:56.882,2003,-0.0217,1.6141
3156,15:53:56.882,1969,-0.0383,1.5867
3157,15:53:56.883,1964,-0.0408,1.5827
3158,15:53:56.883,1974,-0.0359,1.5908
3159,15:53:56.884,1979,-0.0335,1.5948
3160,15:53:56.884,1985,-0.0305,1.5996
3161,15:53:56.885,1971,-0.0374,1.5884
3162,15:53:56.885,2004,-0.0212,1.6149
3163,15:53:56.886,2003,-0.0217,1.6141
3164,15:53:56.886,2003,-0.0217,1.6141
3165,15:53:56.887,2041,-0.0032,1.6448
3166,15:53:56.887,2068,0.0100,1.6665
3167,15:53:56.888,2103,0.0271,1.6947
3168,15:53:56.888,2101,0.0261,1.6931
3169,15:53:56.889,2109,0.0300,1.6996
3170,15:53:56.889,2083,0.0173,1.6786
3171,15:53:56.890,2042,-0.0027,1.6456
3172,15:53:56.890,1982,-0.0320,1.5972
3173,15:53:56.891,1959,-0.0432,1.5787
3174,15:53:56.891,1998,-0.0242,1.6101
3175,15:53:56.892,2016,-0.0154,1.6246
3176,15:53:56.892,2044,-0.0017,1.6472
3177,15:53:56.893,2051,0.0017,1.6528
3178,15:53:56.893,2053,0.0027,1.6544
3179,15:53:56.894,2034,-0.0066,1.6391
3180,15:53:56.894,2002,-0.0222,1.6133
3181,15:53:56.895,1960,-0.0427,1.5795
3182,15:53:56.895,1963,-0.0413,1.5819
3183,15:53:56.896,1973,-0.0364,1.5900
3184,15:53:56.896,1980,-0.0330,1.5956
3185,15:53:56.897,1985,-0.0305,1.5996
3186,15:53:56.897,1976,-0.0349,1.5924
3187,15:53:56.898,2008,-0.0193,1.6182
3188,15:53:56.898,1999,-0.0237,1.6109
3189,15:53:56.899,2007,-0.0198,1.6174
3190,15:53:56.899,2039,-0.0042,1.6432
3191,15:53:56.900,2075,0.0134,1.6722
3192,15:53:56.900,2110,0.0305,1.7004
3193,15:53:56.901,2103,0.0271,1.6947
3194,15:53:56.901,2113,0.0320,1.7028
3195,15:53:56.902,2082,0.0168,1.6778
3196,15:53:56.902,2044,-0.0017,1.6472
3197,15:53:56.903,1985,-0.0305,1.5996
3198,15:53:56.903,1971,-0.0374,1.5884
3199,15:53:56.904,2006,-0.0203,1.6166
3200,15:53:56.904,2019,-0.0139,1.6270
3201,15:53:56.905,2054,0.0032,1.6552
3202,15:53:56.905,2056,0.0042,1.6568
3203,15:53:56.906,2054,0.0032,1.6552
3204,15:53:56.906,2034,-0.0066,1.6391
3205,15:53:56.907,1996,-0.0252,1.6085
3206,15:53:56.907,1960,-0.0427,1.5795
3207,15:53:56.908,1972,-0.0369,1.5892
3208,15:53:56.908,1981,-0.0325,1.5964
3209,15:53:56.909,1984,-0.0310,1.5988
3210,15:53:56.909,1984,-0.0310,1.5988
3211,15:53:56.910,1977,-0.0344,1.5932
3212,15:53:56.910,2008,-0.0193,1.6182
3213,15:53:56.911,1994,-0.0261,1.6069
3214,15:53:56.911,2009,-0.0188,1.6190
3215,15:53:56.912,2037,-0.0051,1.6415
3216,15:53:56.912,2075,0.0134,1.6722
3217,15:53:56.913,2105,0.0281,1.6963
3218,15:53:56.913,2099,0.0252,1.6915
3219,15:53:56.914,2108,0.0295,1.6988
3220,15:53:56.914,2077,0.0144,1.6738
3221,15:53:56.915,2037,-0.0051,1.6415
3222,15:53:56.915,1974,-0.0359,1.5908
3223,15:53:56.916,1976,-0.0349,1.5924
3224,15:53:56.916,2004,-0.0212,1.6149
3225,15:53:56.917,2023,-0.0120,1.6303
3226,15:53:56.917,2050,0.0012,1.6520
3227,15:53:56.918,2051,0.0017,1.6528
3228,15:53:56.918,2050,0.0012,1.6520
3229,15:53:56.919,2022,-0.0125,1.6295
3230,15:53:56.919,1990,-0.0281,1.6037
3231,15:53:56.920,1959,-0.0432,1.5787
3232,15:53:56.920,1968,-0.0388,1.5859
3233,15:53:56.921,1977,-0.0344,1.5932
3234,15:53:56.921,1990,-0.0281,1.6037
3235,15:53:56.922,1985,-0.0305,1.5996
3236,15:53:56.922,1988,-0.0291,1.6021
3237,15:53:56.923,2015,-0.0159,1.6238
3238,15:53:56.923,1995,-0.0256,1.6077
3239,15:53:56.924,2013,-0.0168,1.6222
3240,15:53:56.924,2044,-0.0017,1.6472
3241,15:53:56.925,2086,0.0188,1.6810
3242,15:53:56.925,2104,0.0276,1.6955
3243,15:53:56.926,2104,0.0276,1.6955
3244,15:53:56.926,2105,0.0281,1.6963
3245,15:53:56.927,2068,0.0100,1.6665
3246,15:53:56.927,2035,-0.0061,1.6399
3247,15:53:56.928,1972,-0.0369,1.5892
3248,15:53:56.928,1978,-0.0339,1.5940
3249,15:53:56.929,2009,-0.0188,1.6190
3250,15:53:56.929,2032,-0.0076,1.6375
3251,15:53:56.930,2051,0.0017,1.6528
3252,15:53:56.930,2048,0.0002,1.6504
3253,15:53:56.931,2049,0.0007,1.6512
3254,15:53:56.931,2022,-0.0125,1.6295
3255,15:53:56.932,1987,-0.0295,1.6012
3256,15:53:56.932,1959,-0.0432,1.5787
3257,15:53:56.933,1976,-0.0349,1.5924
3258,15:53:56.933,1979,-0.0335,1.5948
3259,15:53:56.934,1992,-0.0271,1.6053
3260,15:53:56.934,1982,-0.0320,1.5972
3261,15:53:56.935,1991,-0.0276,1.6045
3262,15:53:56.935,2012,-0.0173,1.6214
3263,15:53:56.936,1990,-0.0281,1.6037
3264,15:53:56.936,2013,-0.0168,1.6222
3265,15:53:56.937,2042,-0.0027,1.6456
3266,15:53:56.937,2089,0.0203,1.6834
3267,15:53:56.938,2102,0.0266,1.6939
3268,15:53:56.938,2104,0.0276,1.6955
3269,15:53:56.939,2106,0.0286,1.6971
3270,15:53:56.939,2069,0.0105,1.6673
3271,15:53:56.940,2033,-0.0071,1.6383
3272,15:53:56.940,1967,-0.0393,1.5851
3273,15:53:56.941,1989,-0.0286,1.6029
3274,15:53:56.941,2009,-0.0188,1.6190
3275,15:53:56.942,2034,-0.0066,1.6391
3276,15:53:56.942,2054,0.0032,1.6552
3277,15:53:56.943,2045,-0.0012,1.6480
3278,15:53:56.943,2040,-0.0037,1.6440
3279,15:53:56.944,2013,-0.0168,1.6222
3280,15:53:56.944,1975,-0.0354,1.5916
3281,15:53:56.945,1958,-0.0437,1.5779
3282,15:53:56.945,1976,-0.0349,1.5924
3283,15:53:56.946,1984,-0.0310,1.5988
3284,15:53:56.946,1992,-0.0271,1.6053
3285,15:53:56.947,1980,-0.0330,1.5956
3286,15:53:56.947,1994,-0.0261,1.6069
3287,15:53:56.948,2007,-0.0198,1.6174
3288,15:53:56.948,1989,-0.0286,1.6029
3289,15:53:56.949,2018,-0.0144,1.6262
3290,15:53:56.949,2043,-0.0022,1.6464
3291,15:53:56.950,2090,0.0208,1.6842
3292,15:53:56.950,2103,0.0271,1.6947
3293,15:53:56.951,2106,0.0286,1.6971
3294,15:53:56.951,2100,0.0256,1.6923
3295,15:53:56.952,2067,0.0095,1.6657
3296,15:53:56.952,2022,-0.0125,1.6295
3297,15:53:56.953,1970,-0.0379,1.5875
3298,15:53:56.953,1987,-0.0295,1.6012
3299,15:53:56.954,2009,-0.0188,1.6190
3300,15:53:56.954,2039,-0.0042,1.6432
3301,15:53:56.955,2045,-0.0012,1.6480
3302,15:53:56.955,2046,-0.0007,1.6488
3303,15:53:56.956,2040,-0.0037,1.6440
3304,15:53:56.956,2009,-0.0188,1.6190
3305,15:53:56.957,1976,-0.0349,1.5924
3306,15:53:56.957,1966,-0.0398,1.5843
3307,15:53:56.958,1986,-0.0300,1.6004
3308,15:53:56.958,1987,-0.0295,1.6012
3309,15:53:56.959,1999,-0.0237,1.6109
3310,15:53:56.959,1976,-0.0349,1.5924
3311,15:53:56.960,1998,-0.0242,1.6101
3312,15:53:56.960,1997,-0.0247,1.6093
3313,15:53:56.961,1988,-0.0291,1.6021
3314,15:53:56.961,2018,-0.0144,1.6262
3315,15:53:56.962,2051,0.0017,1.6528
3316,15:53:56.962,2094,0.0227,1.6875
3317,15:53:56.963,2097,0.0242,1.6899
3318,15:53:56.963,2100,0.0256,1.6923
3319,15:53:56.964,2100,0.0256,1.6923
3320,15:53:56.964,2063,0.0076,1.6625
3321,15:53:56.965,2013,-0.0168,1.6222
3322,15:53:56.965,1965,-0.0403,1.5835
3323,15:53:56.966,1989,-0.0286,1.6029
3324,15:53:56.966,2007,-0.0198,1.6174
3325,15:53:56.967,2040,-0.0037,1.6440
3326,15:53:56.967,2046,-0.0007,1.6488
3327,15:53:56.968,2048,0.0002,1.6504
3328,15:53:56.968,2033,-0.0071,1.6383
3329,15:53:56.969,2008,-0.0193,1.6182
3330,15:53:56.969,1968,-0.0388,1.5859
3331,15:53:56.970,1960,-0.0427,1.5795
3332,15:53:56.970,1987,-0.0295,1.6012
3333,15:53:56.971,1991,-0.0276,1.6045
3334,15:53:56.971,1992,-0.0271,1.6053
3335,15:53:56.972,1980,-0.0330,1.5956
3336,15:53:56.972,2000,-0.0232,1.6117
3337,15:53:56.973,1996,-0.0252,1.6085
3338,15:53:56.973,1993,-0.0266,1.6061
3339,15:53:56.974,2023,-0.0120,1.6303
3340,15:53:56.974,2058,0.0051,1.6585
3341,15:53:56.975,2097,0.0242,1.6899
3342,15:53:56.975,2101,0.0261,1.6931
3343,15:53:56.976,2108,0.0295,1.6988
3344,15:53:56.976,2098,0.0247,1.6907
3345,15:53:56.977,2062,0.0071,1.6617
3346,15:53:56.977,2007,-0.0198,1.6174
3347,15:53:56.978,1967,-0.0393,1.5851
3348,15:53:56.978,1998,-0.0242,1.6101
3349,15:53:56.979,2015,-0.0159,1.6238
3350,15:53:56.979,2042,-0.0027,1.6456
3351,15:53:56.980,2043,-0.0022,1.6464
3352,15:53:56.980,2045,-0.0012,1.6480
3353,15:53:56.981,2027,-0.0100,1.6335
3354,15:53:56.981,2001,-0.0227,1.6125
3355,15:53:56.982,1969,-0.0383,1.5867
3356,15:53:56.982,1966,-0.0398,1.5843
3357,15:53:56.983,1985,-0.0305,1.5996
3358,15:53:56.983,1992,-0.0271,1.6053
3359,15:53:56.984,1994,-0.0261,1.6069
3360,15:53:56.984,1980,-0.0330,1.5956
3361,15:53:56.985,2003,-0.0217,1.6141
3362,15:53:56.985,1988,-0.0291,1.6021
3363,15:53:56.986,1994,-0.0261,1.6069
3364,15:53:56.986,2023,-0.0120,1.6303
3365,15:53:56.987,2062,0.0071,1.6617
3366,15:53:56.987,2099,0.0252,1.6915
3367,15:53:56.988,2098,0.0247,1.6907
3368,15:53:56.988,2101,0.0261,1.6931
3369,15:53:56.989,2094,0.0227,1.6875
3370,15:53:56.989,2054,0.0032,1.6552
3371,15:53:56.990,2002,-0.0222,1.6133
3372,15:53:56.990,1972,-0.0369,1.5892
3373,15:53:56.991,2001,-0.0227,1.6125
3374,15:53:56.991,2017,-0.0149,1.6254
3375,15:53:56.992,2038,-0.0046,1.6423
3376,15:53:56.992,2043,-0.0022,1.6464
3377,15:53:56.993,2045,-0.0012,1.6480
3378,15:53:56.993,2027,-0.0100,1.6335
3379,15:53:56.994,1996,-0.0252,1.6085
3380,15:53:56.994,1963,-0.0413,1.5819
3381,15:53:56.995,1968,-0.0388,1.5859
3382,15:53:56.995,1984,-0.0310,1.5988
3383,15:53:56.996,1999,-0.0237,1.6109
3384,15:53:56.996,1992,-0.0271,1.6053
3385,15:53:56.997,1985,-0.0305,1.5996
3386,15:53:56.997,2007,-0.0198,1.6174
3387,15:53:56.998,1992,-0.0271,1.6053
3388,15:53:56.998,1997,-0.0247,1.6093
3389,15:53:56.999,2029,-0.0090,1.6351
3390,15:53:56.999,2071,0.0115,1.6689
3391,15:53:57.000,2099,0.0252,1.6915
3392,15:53:57.000,2099,0.0252,1.6915
3393,15:53:57.001,2103,0.0271,1.6947
3394,15:53:57.001,2089,0.0203,1.6834
3395,15:53:57.002,2057,0.0046,1.6577
3396,15:53:57.002,2000,-0.0232,1.6117
3397,15:53:57.003,1976,-0.0349,1.5924
3398,15:53:57.003,2002,-0.0222,1.6133
3399,15:53:57.004,2020,-0.0134,1.6278
3400,15:53:57.004,2044,-0.0017,1.6472
3401,15:53:57.005,2039,-0.0042,1.6432
3402,15:53:57.005,2044,-0.0017,1.6472
3403,15:53:57.006,2026,-0.0105,1.6327
3404,15:53:57.006,1993,-0.0266,1.6061
3405,15:53:57.007,1966,-0.0398,1.5843
3406,15:53:57.007,1974,-0.0359,1.5908
3407,15:53:57.008,1992,-0.0271,1.6053
3408,15:53:57.008,1997,-0.0247,1.6093
3409,15:53:57.009,1989,-0.0286,1.6029
3410,15:53:57.009,1985,-0.0305,1.5996
3411,15:53:57.010,2009,-0.0188,1.6190
3412,15:53:57.010,1988,-0.0291,1.6021
3413,15:53:57.011,1998,-0.0242,1.6101
3414,15:53:57.011,2025,-0.0110,1.6319
3415,15:53:57.012,2068,0.0100,1.6665
3416,15:53:57.012,2096,0.0237,1.6891
3417,15:53:57.013,2093,0.0222,1.6867
3418,15:53:57.013,2108,0.0295,1.6988
3419,15:53:57.014,2085,0.0183,1.6802
3420,15:53:57.014,2048,0.0002,1.6504
3421,15:53:57.015,1986,-0.0300,1.6004
3422,15:53:57.015,1978,-0.0339,1.5940
3423,15:53:57.016,2005,-0.0208,1.6158
3424,15:53:57.016,2024,-0.0115,1.6311
3425,15:53:57.017,2040,-0.0037,1.6440
3426,15:53:57.017,2040,-0.0037,1.6440
3427,15:53:57.018,2041,-0.0032,1.6448
3428,15:53:57.018,2021,-0.0129,1.6286
3429,15:53:57.019,1987,-0.0295,1.6012
3430,15:53:57.019,1965,-0.0403,1.5835
3431,15:53:57.020,1981,-0.0325,1.5964
3432,15:53:57.020,1991,-0.0276,1.6045
3433,15:53:57.021,2002,-0.0222,1.6133
3434,15:53:57.021,1991,-0.0276,1.6045
3435,15:53:57.022,1992,-0.0271,1.6053
3436,15:53:57.022,2002,-0.0222,1.6133
3437,15:53:57.023,1986,-0.0300,1.6004
3438,15:53:57.023,2007,-0.0198,1.6174
3439,15:53:57.024,2031,-0.0081,1.6367
3440,15:53:57.024,2076,0.0139,1.6730
3441,15:53:57.025,2098,0.0247,1.6907
3442,15:53:57.025,2098,0.0247,1.6907
3443,15:53:57.026,2108,0.0295,1.6988
3444,15:53:57.026,2087,0.0193,1.6818
3445,15:53:57.027,2044,-0.0017,1.6472
3446,15:53:57.027,1986,-0.0300,1.6004
3447,15:53:57.028,1987,-0.0295,1.6012
3448,15:53:57.028,2008,-0.0193,1.6182
3449,15:53:57.029,2026,-0.0105,1.6327
3450,15:53:57.029,2041,-0.0032,1.6448
3451,15:53:57.030,2037,-0.0051,1.6415
3452,15:53:57.030,2044,-0.0017,1.6472
3453,15:53:57.031,2018,-0.0144,1.6262
3454,15:53:57.031,1984,-0.0310,1.5988
3455,15:53:57.032,1963,-0.0413,1.5819
3456,15:53:57.032,1984,-0.0310,1.5988
3457,15:53:57.033,1991,-0.0276,1.6045
3458,15:53:57.033,2005,-0.0208,1.6158
3459,15:53:57.034,1985,-0.0305,1.5996
3460,15:53:57.034,1993,-0.0266,1.6061
3461,15:53:57.035,1997,-0.0247,1.6093
3462,15:53:57.035,1984,-0.0310,1.5988
3463,15:53:57.036,2003,-0.0217,1.6141
3464,15:53:57.036,2029,-0.0090,1.6351
3465,15:53:57.037,2073,0.0125,1.6705
3466,15:53:57.037,2092,0.0217,1.6859
3467,15:53:57.038,2097,0.0242,1.6899
3468,15:53:57.038,2107,0.0291,1.6979
3469,15:53:57.039,2079,0.0154,1.6754
3470,15:53:57.039,2042,-0.0027,1.6456
3471,15:53:57.040,1986,-0.0300,1.6004
3472,15:53:57.040,1993,-0.0266,1.6061
3473,15:53:57.041,2006,-0.0203,1.6166
3474,15:53:57.041,2029,-0.0090,1.6351
3475,15:53:57.042,2036,-0.0056,1.6407
3476,15:53:57.042,2039,-0.0042,1.6432
3477,15:53:57.043,2038,-0.0046,1.6423
3478,15:53:57.043,2012,-0.0173,1.6214
3479,15:53:57.044,1979,-0.0335,1.5948
3480,15:53:57.044,1968,-0.0388,1.5859
3481,15:53:57.045,1985,-0.0305,1.5996
3482,15:53:57.045,1995,-0.0256,1.6077
3483,15:53:57.046,2004,-0.0212,1.6149
3484,15:53:57.046,1984,-0.0310,1.5988
3485,15:53:57.047,1995,-0.0256,1.6077
3486,15:53:57.047,1994,-0.0261,1.6069
3487,15:53:57.048,1983,-0.0315,1.5980
3488,15:53:57.048,2005,-0.0208,1.6158
3489,15:53:57.049,2037,-0.0051,1.6415
3490,15:53:57.049,2083,0.0173,1.6786
3491,15:53:57.050,2094,0.0227,1.6875
3492,15:53:57.050,2099,0.0252,1.6915
3493,15:53:57.051,2105,0.0281,1.6963
3494,15:53:57.051,2078,0.0149,1.6746
3495,15:53:57.052,2031,-0.0081,1.6367
3496,15:53:57.052,1981,-0.0325,1.5964
3497,15:53:57.053,1991,-0.0276,1.6045
3498,15:53:57.053,2008,-0.0193,1.6182
3499,15:53:57.054,2032,-0.0076,1.6375
3500,15:53:57.054,2035,-0.0061,1.6399
3501,15:53:57.055,2038,-0.0046,1.6423
3502,15:53:57.055,2035,-0.0061,1.6399
3503,15:53:57.056,2011,-0.0178,1.6206
3504,15:53:57.056,1977,-0.0344,1.5932
3505,15:53:57.057,1969,-0.0383,1.5867
3506,15:53:57.057,1989,-0.0286,1.6029
3507,15:53:57.058,2000,-0.0232,1.6117
3508,15:53:57.058,2002,-0.0222,1.6133
3509,15:53:57.059,1983,-0.0315,1.5980
3510,15:53:57.059,1998,-0.0242,1.6101
3511,15:53:57.060,1991,-0.0276,1.6045
3512,15:53:57.060,1985,-0.0305,1.5996
3513,15:53:57.061,2009,-0.0188,1.6190
3514,15:53:57.061,2040,-0.0037,1.6440
3515,15:53:57.062,2090,0.0208,1.6842
3516,15:53:57.062,2093,0.0222,1.6867
3517,15:53:57.063,2101,0.0261,1.6931
3518,15:53:57.063,2104,0.0276,1.6955
3519,15:53:57.064,2073,0.0125,1.6705
3520,15:53:57.064,2028,-0.0095,1.6343
3521,15:53:57.065,1981,-0.0325,1.5964
3522,15:53:57.065,1999,-0.0237,1.6109
3523,15:53:57.066,2008,-0.0193,1.6182
3524,15:53:57.066,2032,-0.0076,1.6375
3525,15:53:57.067,2029,-0.0090,1.6351
3526,15:53:57.067,2040,-0.0037,1.6440
3527,15:53:57.068,2034,-0.0066,1.6391
3528,15:53:57.068,2006,-0.0203,1.6166
3529,15:53:57.069,1976,-0.0349,1.5924
3530,15:53:57.069,1971,-0.0374,1.5884
3531,15:53:57.070,1986,-0.0300,1.6004
3532,15:53:57.070,2000,-0.0232,1.6117
3533,15:53:57.071,1996,-0.0252,1.6085
3534,15:53:57.071,1979,-0.0335,1.5948
3535,15:53:57.072,1999,-0.0237,1.6109
3536,15:53:57.072,1992,-0.0271,1.6053
3537,15:53:57.073,1989,-0.0286,1.6029
3538,15:53:57.073,2013,-0.0168,1.6222
3539,15:53:57.074,2046,-0.0007,1.6488
3540,15:53:57.074,2091,0.0212,1.6851
3541,15:53:57.075,2090,0.0208,1.6842
3542,15:53:57.075,2104,0.0276,1.6955
3543,15:53:57.076,2100,0.0256,1.6923
3544,15:53:57.076,2073,0.0125,1.6705
3545,15:53:57.077,2022,-0.0125,1.6295
3546,15:53:57.077,1985,-0.0305,1.5996
3547,15:53:57.078,1997,-0.0247,1.6093
3548,15:53:57.078,2012,-0.0173,1.6214
3549,15:53:57.079,2031,-0.0081,1.6367
3550,15:53:57.079,2031,-0.0081,1.6367
3551,15:53:57.080,2035,-0.0061,1.6399
3552,15:53:57.080,2025,-0.0110,1.6319
3553,15:53:57.081,2001,-0.0227,1.6125
3554,15:53:57.081,1973,-0.0364,1.5900
3555,15:53:57.082,1976,-0.0349,1.5924
3556,15:53:57.082,1991,-0.0276,1.6045
3557,15:53:57.083,2005,-0.0208,1.6158
3558,15:53:57.083,1993,-0.0266,1.6061
3559,15:53:57.084,1988,-0.0291,1.6021
3560,15:53:57.084,1999,-0.0237,1.6109
3561,15:53:57.085,1989,-0.0286,1.6029
3562,15:53:57.085,1989,-0.0286,1.6029
3563,15:53:57.086,2012,-0.0173,1.6214
3564,15:53:57.086,2049,0.0007,1.6512
3565,15:53:57.087,2093,0.0222,1.6867
3566,15:53:57.087,2090,0.0208,1.6842
3567,15:53:57.088,2109,0.0300,1.6996
3568,15:53:57.088,2098,0.0247,1.6907
3569,15:53:57.089,2073,0.0125,1.6705
3570,15:53:57.089,2020,-0.0134,1.6278
3571,15:53:57.090,1984,-0.0310,1.5988
3572,15:53:57.090,2004,-0.0212,1.6149
3573,15:53:57.091,2014,-0.0164,1.6230
3574,15:53:57.091,2024,-0.0115,1.6311
3575,15:53:57.092,2031,-0.0081,1.6367
3576,15:53:57.092,2036,-0.0056,1.6407
3577,15:53:57.093,2027,-0.0100,1.6335
3578,15:53:57.093,2000,-0.0232,1.6117
3579,15:53:57.094,1972,-0.0369,1.5892
3580,15:53:57.094,1979,-0.0335,1.5948
3581,15:53:57.095,1990,-0.0281,1.6037
3582,15:53:57.095,2003,-0.0217,1.6141
3583,15:53:57.096,1992,-0.0271,1.6053
3584,15:53:57.096,1988,-0.0291,1.6021
3585,15:53:57.097,2001,-0.0227,1.6125
3586,15:53:57.097,1982,-0.0320,1.5972
3587,15:53:57.098,1997,-0.0247,1.6093
3588,15:53:57.098,2020,-0.0134,1.6278
3589,15:53:57.099,2056,0.0042,1.6568
3590,15:53:57.099,2094,0.0227,1.6875
3591,15:53:57.100,2084,0.0178,1.6794
3592,15:53:57.100,2104,0.0276,1.6955
3593,15:53:57.101,2096,0.0237,1.6891
3594,15:53:57.101,2067,0.0095,1.6657
3595,15:53:57.102,2013,-0.0168,1.6222
3596,15:53:57.102,1990,-0.0281,1.6037
3597,15:53:57.103,2005,-0.0208,1.6158
3598,15:53:57.103,2013,-0.0168,1.6222
3599,15:53:57.104,2033,-0.0071,1.6383
3600,15:53:57.104,2032,-0.0076,1.6375
3601,15:53:57.105,2040,-0.0037,1.6440
3602,15:53:57.105,2028,-0.0095,1.6343
3603,15:53:57.106,1998,-0.0242,1.6101
3604,15:53:57.106,1974,-0.0359,1.5908
3605,15:53:57.107,1980,-0.0330,1.5956
3606,15:53:57.107,1999,-0.0237,1.6109
3607,15:53:57.108,2009,-0.0188,1.6190
3608,15:53:57.108,1993,-0.0266,1.6061
3609,15:53:57.109,1993,-0.0266,1.6061
3610,15:53:57.109,1998,-0.0242,1.6101
3611,15:53:57.110,1984,-0.0310,1.5988
3612,15:53:57.110,1996,-0.0252,1.6085
3613,15:53:57.111,2022,-0.0125,1.6295
3614,15:53:57.111,2065,0.0085,1.6641
3615,15:53:57.112,2088,0.0198,1.6826
3616,15:53:57.112,2090,0.0208,1.6842
3617,15:53:57.113,2103,0.0271,1.6947
3618,15:53:57.113,2091,0.0212,1.6851
3619,15:53:57.114,2062,0.0071,1.6617
3620,15:53:57.114,2009,-0.0188,1.6190
3621,15:53:57.115,1987,-0.0295,1.6012
3622,15:53:57.115,2008,-0.0193,1.6182
3623,15:53:57.116,2015,-0.0159,1.6238
3624,15:53:57.116,2028,-0.0095,1.6343
3625,15:53:57.117,2030,-0.0085,1.6359
3626,15:53:57.117,2033,-0.0071,1.6383
3627,15:53:57.118,2019,-0.0139,1.6270
3628,15:53:57.118,1997,-0.0247,1.6093
3629,15:53:57.119,1976,-0.0349,1.5924
3630,15:53:57.119,1984,-0.0310,1.5988
3631,15:53:57.120,2004,-0.0212,1.6149
3632,15:53:57.120,2007,-0.0198,1.6174
3633,15:53:57.121,1990,-0.0281,1.6037
3634,15:53:57.121,1993,-0.0266,1.6061
3635,15:53:57.122,2000,-0.0232,1.6117
3636,15:53:57.122,1984,-0.0310,1.5988
3637,15:53:57.123,1998,-0.0242,1.6101
3638,15:53:57.123,2023,-0.0120,1.6303
3639,15:53:57.124,2064,0.0081,1.6633
3640,15:53:57.124,2089,0.0203,1.6834
3641,15:53:57.125,2091,0.0212,1.6851
3642,15:53:57.125,2107,0.0291,1.6979
3643,15:53:57.126,2093,0.0222,1.6867
3644,15:53:57.126,2060,0.0061,1.6601
3645,15:53:57.127,2008,-0.0193,1.6182
3646,15:53:57.127,1995,-0.0256,1.6077
3647,15:53:57.128,2006,-0.0203,1.6166
3648,15:53:57.128,2017,-0.0149,1.6254
3649,15:53:57.129,2023,-0.0120,1.6303
3650,15:53:57.129,2028,-0.0095,1.6343
3651,15:53:57.130,2037,-0.0051,1.6415
3652,15:53:57.130,2018,-0.0144,1.6262
3653,15:53:57.131,1987,-0.0295,1.6012
3654,15:53:57.131,1978,-0.0339,1.5940
3655,15:53:57.132,1987,-0.0295,1.6012
3656,15:53:57.132,2001,-0.0227,1.6125
3657,15:53:57.133,2000,-0.0232,1.6117
3658,15:53:57.133,1988,-0.0291,1.6021
3659,15:53:57.134,1990,-0.0281,1.6037
3660,15:53:57.134,1993,-0.0266,1.6061
3661,15:53:57.135,1979,-0.0335,1.5948
3662,15:53:57.135,2000,-0.0232,1.6117
3663,15:53:57.136,2025,-0.0110,1.6319
3664,15:53:57.136,2076,0.0139,1.6730
3665,15:53:57.137,2088,0.0198,1.6826
3666,15:53:57.137,2095,0.0232,1.6883
3667,15:53:57.138,2105,0.0281,1.6963
3668,15:53:57.138,2087,0.0193,1.6818
3669,15:53:57.139,2056,0.0042,1.6568
3670,15:53:57.139,2003,-0.0217,1.6141
3671,15:53:57.140,1995,-0.0256,1.6077
3672,15:53:57.140,2006,-0.0203,1.6166
3673,15:53:57.141,2024,-0.0115,1.6311
3674,15:53:57.141,2020,-0.0134,1.6278
3675,15:53:57.142,2032,-0.0076,1.6375
3676,15:53:57.142,2037,-0.0051,1.6415
3677,15:53:57.143,2015,-0.0159,1.6238
3678,15:53:57.143,1987,-0.0295,1.6012
3679,15:53:57.144,1981,-0.0325,1.5964
3680,15:53:57.144,1985,-0.0305,1.5996
3681,15:53:57.145,2002,-0.0222,1.6133
3682,15:53:57.145,2003,-0.0217,1.6141
3683,15:53:57.146,1985,-0.0305,1.5996
3684,15:53:57.146,1990,-0.0281,1.6037
3685,15:53:57.147,1987,-0.0295,1.6012
3686,15:53:57.147,1983,-0.0315,1.5980
3687,15:53:57.148,2007,-0.0198,1.6174
3688,15:53:57.148,2028,-0.0095,1.6343
3689,15:53:57.149,2080,0.0159,1.6762
3690,15:53:57.149,2088,0.0198,1.6826
3691,15:53:57.150,2092,0.0217,1.6859
3692,15:53:57.150,2102,0.0266,1.6939
3693,15:53:57.151,2082,0.0168,1.6778
3694,15:53:57.151,2054,0.0032,1.6552
3695,15:53:57.152,1993,-0.0266,1.6061
3696,15:53:57.152,1997,-0.0247,1.6093
3697,15:53:57.153,2003,-0.0217,1.6141
3698,15:53:57.153,2021,-0.0129,1.6286
3699,15:53:57.154,2020,-0.0134,1.6278
3700,15:53:57.154,2030,-0.0085,1.6359
3701,15:53:57.155,2029,-0.0090,1.6351
3702,15:53:57.155,2011,-0.0178,1.6206
3703,15:53:57.156,1989,-0.0286,1.6029
3704,15:53:57.156,1979,-0.0335,1.5948
3705,15:53:57.157,1993,-0.0266,1.6061
3706,15:53:57.157,2004,-0.0212,1.6149
3707,15:53:57.158,2000,-0.0232,1.6117
3708,15:53:57.158,1985,-0.0305,1.5996
3709,15:53:57.159,1992,-0.0271,1.6053
3710,15:53:57.159,1993,-0.0266,1.6061
3711,15:53:57.160,1986,-0.0300,1.6004
3712,15:53:57.160,2006,-0.0203,1.6166
3713,15:53:57.161,2033,-0.0071,1.6383
3714,15:53:57.161,2083,0.0173,1.6786
3715,15:53:57.162,2083,0.0173,1.6786
3716,15:53:57.162,2097,0.0242,1.6899
3717,15:53:57.163,2103,0.0271,1.6947
3718,15:53:57.163,2082,0.0168,1.6778
3719,15:53:57.164,2043,-0.0022,1.6464
3720,15:53:57.164,1993,-0.0266,1.6061
3721,15:53:57.165,2001,-0.0227,1.6125
3722,15:53:57.165,2013,-0.0168,1.6222
3723,15:53:57.166,2020,-0.0134,1.6278
3724,15:53:57.166,2021,-0.0129,1.6286
3725,15:53:57.167,2030,-0.0085,1.6359
3726,15:53:57.167,2033,-0.0071,1.6383
3727,15:53:57.168,2010,-0.0183,1.6198
3728,15:53:57.168,1985,-0.0305,1.5996
3729,15:53:57.169,1982,-0.0320,1.5972
3730,15:53:57.169,1995,-0.0256,1.6077
3731,15:53:57.170,2005,-0.0208,1.6158
3732,15:53:57.170,1995,-0.0256,1.6077
3733,15:53:57.171,1987,-0.0295,1.6012
3734,15:53:57.171,1992,-0.0271,1.6053
3735,15:53:57.172,1989,-0.0286,1.6029
3736,15:53:57.172,1990,-0.0281,1.6037
3737,15:53:57.173,2002,-0.0222,1.6133
3738,15:53:57.173,2043,-0.0022,1.6464
3739,15:53:57.174,2084,0.0178,1.6794
3740,15:53:57.174,2083,0.0173,1.6786
3741,15:53:57.175,2095,0.0232,1.6883
3742,15:53:57.175,2098,0.0247,1.6907
3743,15:53:57.176,2080,0.0159,1.6762
3744,15:53:57.176,2040,-0.0037,1.6440
3745,15:53:57.177,2000,-0.0232,1.6117
3746,15:53:57.177,2002,-0.0222,1.6133
3747,15:53:57.178,2012,-0.0173,1.6214
3748,15:53:57.178,2021,-0.0129,1.6286
3749,15:53:57.179,2019,-0.0139,1.6270
3750,15:53:57.179,2032,-0.0076,1.6375
3751,15:53:57.180,2030,-0.0085,1.6359
3752,15:53:57.180,2010,-0.0183,1.6198
3753,15:53:57.181,1986,-0.0300,1.6004
3754,15:53:57.181,1988,-0.0291,1.6021
3755,15:53:57.182,1995,-0.0256,1.6077
3756,15:53:57.182,2007,-0.0198,1.6174
3757,15:53:57.183,1994,-0.0261,1.6069
3758,15:53:57.183,1985,-0.0305,1.5996
3759,15:53:57.184,2000,-0.0232,1.6117
3760,15:53:57.184,1986,-0.0300,1.6004
3761,15:53:57.185,1990,-0.0281,1.6037
3762,15:53:57.185,2009,-0.0188,1.6190
3763,15:53:57.186,2050,0.0012,1.6520
3764,15:53:57.186,2084,0.0178,1.6794
3765,15:53:57.187,2088,0.0198,1.6826
3766,15:53:57.187,2099,0.0252,1.6915
3767,15:53:57.188,2100,0.0256,1.6923
3768,15:53:57.188,2077,0.0144,1.6738
3769,15:53:57.189,2033,-0.0071,1.6383
3770,15:53:57.189,1998,-0.0242,1.6101
3771,15:53:57.190,2006,-0.0203,1.6166
3772,15:53:57.190,2017,-0.0149,1.6254
3773,15:53:57.191,2019,-0.0139,1.6270
3774,15:53:57.191,2019,-0.0139,1.6270
3775,15:53:57.192,2032,-0.0076,1.6375
3776,15:53:57.192,2022,-0.0125,1.6295
3777,15:53:57.193,2003,-0.0217,1.6141
3778,15:53:57.193,1987,-0.0295,1.6012
3779,15:53:57.194,1988,-0.0291,1.6021
3780,15:53:57.194,2002,-0.0222,1.6133
3781,15:53:57.195,2001,-0.0227,1.6125
3782,15:53:57.195,1992,-0.0271,1.6053
3783,15:53:57.196,1987,-0.0295,1.6012
3784,15:53:57.196,1995,-0.0256,1.6077
3785,15:53:57.197,1982,-0.0320,1.5972
3786,15:53:57.197,1997,-0.0247,1.6093
3787,15:53:57.198,2009,-0.0188,1.6190
3788,15:53:57.198,2055,0.0037,1.6560
3789,15:53:57.199,2083,0.0173,1.6786
3790,15:53:57.199,2083,0.0173,1.6786
3791,15:53:57.200,2095,0.0232,1.6883
3792,15:53:57.200,2098,0.0247,1.6907
3793,15:53:57.201,2076,0.0139,1.6730
3794,15:53:57.201,2029,-0.0090,1.6351
3795,15:53:57.202,2000,-0.0232,1.6117
3796,15:53:57.202,2008,-0.0193,1.6182
3797,15:53:57.203,2016,-0.0154,1.6246
3798,15:53:57.203,2023,-0.0120,1.6303
3799,15:53:57.204,2021,-0.0129,1.6286
3800,15:53:57.204,2028,-0.0095,1.6343
3801,15:53:57.205,2023,-0.0120,1.6303
3802,15:53:57.205,1995,-0.0256,1.6077
3803,15:53:57.206,1987,-0.0295,1.6012
3804,15:53:57.206,1990,-0.0281,1.6037
3805,15:53:57.207,2009,-0.0188,1.6190
3806,15:53:57.207,2001,-0.0227,1.6125
3807,15:53:57.208,1990,-0.0281,1.6037
3808,15:53:57.208,1991,-0.0276,1.6045
3809,15:53:57.209,1994,-0.0261,1.6069
3810,15:53:57.209,1985,-0.0305,1.5996
3811,15:53:57.210,1995,-0.0256,1.6077
3812,15:53:57.210,2019,-0.0139,1.6270
3813,15:53:57.211,2065,0.0085,1.6641
3814,15:53:57.211,2088,0.0198,1.6826
3815,15:53:57.212,2083,0.0173,1.6786
3816,15:53:57.212,2097,0.0242,1.6899
3817,15:53:57.213,2092,0.0217,1.6859
3818,15:53:57.213,2070,0.0110,1.6681
3819,15:53:57.214,2026,-0.0105,1.6327
3820,15:53:57.214,1996,-0.0252,1.6085
3821,15:53:57.215,2010,-0.0183,1.6198
3822,15:53:57.215,2010,-0.0183,1.6198
3823,15:53:57.216,2019,-0.0139,1.6270
3824,15:53:57.216,2022,-0.0125,1.6295
3825,15:53:57.217,2028,-0.0095,1.6343
3826,15:53:57.217,2021,-0.0129,1.6286
3827,15:53:57.218,1998,-0.0242,1.6101
3828,15:53:57.218,1984,-0.0310,1.5988
3829,15:53:57.219,1987,-0.0295,1.6012
3830,15:53:57.219,2002,-0.0222,1.6133
3831,15:53:57.220,2000,-0.0232,1.6117
3832,15:53:57.220,1986,-0.0300,1.6004
3833,15:53:57.221,1986,-0.0300,1.6004
3834,15:53:57.221,1988,-0.0291,1.6021
3835,15:53:57.222,1984,-0.0310,1.5988
3836,15:53:57.222,1997,-0.0247,1.6093
3837,15:53:57.223,2019,-0.0139,1.6270
3838,15:53:57.223,2070,0.0110,1.6681
3839,15:53:57.224,2081,0.0164,1.6770
3840,15:53:57.224,2087,0.0193,1.6818
3841,15:53:57.225,2096,0.0237,1.6891
3842,15:53:57.225,2090,0.0208,1.6842
3843,15:53:57.226,2068,0.0100,1.6665
3844,15:53:57.226,2023,-0.0120,1.6303
3845,15:53:57.227,2004,-0.0212,1.6149
3846,15:53:57.227,2011,-0.0178,1.6206
3847,15:53:57.228,2016,-0.0154,1.6246
3848,15:53:57.228,2016,-0.0154,1.6246
3849,15:53:57.229,2020,-0.0134,1.6278
3850,15:53:57.229,2032,-0.0076,1.6375
3851,15:53:57.230,2019,-0.0139,1.6270
3852,15:53:57.230,1997,-0.0247,1.6093
3853,15:53:57.231,1985,-0.0305,1.5996
3854,15:53:57.231,1990,-0.0281,1.6037
3855,15:53:57.232,2006,-0.0203,1.6166
3856,15:53:57.232,1996,-0.0252,1.6085
3857,15:53:57.233,1987,-0.0295,1.6012
3858,15:53:57.233,1992,-0.0271,1.6053
3859,15:53:57.234,1988,-0.0291,1.6021
3860,15:53:57.234,1986,-0.0300,1.6004
3861,15:53:57.235,1997,-0.0247,1.6093
3862,15:53:57.235,2027,-0.0100,1.6335
3863,15:53:57.236,2070,0.0110,1.6681
3864,15:53:57.236,2084,0.0178,1.6794
3865,15:53:57.237,2086,0.0188,1.6810
3866,15:53:57.237,2095,0.0232,1.6883
3867,15:53:57.238,2088,0.0198,1.6826
3868,15:53:57.238,2059,0.0056,1.6593
3869,15:53:57.239,2019,-0.0139,1.6270
3870,15:53:57.239,2005,-0.0208,1.6158
3871,15:53:57.240,2017,-0.0149,1.6254
3872,15:53:57.240,2017,-0.0149,1.6254
3873,15:53:57.241,2017,-0.0149,1.6254
3874,15:53:57.241,2021,-0.0129,1.6286
3875,15:53:57.242,2032,-0.0076,1.6375
3876,15:53:57.242,2012,-0.0173,1.6214
3877,15:53:57.243,1998,-0.0242,1.6101
3878,15:53:57.243,1987,-0.0295,1.6012
3879,15:53:57.244,1994,-0.0261,1.6069
3880,15:53:57.244,2004,-0.0212,1.6149
3881,15:53:57.245,1996,-0.0252,1.6085
3882,15:53:57.245,1984,-0.0310,1.5988
3883,15:53:57.246,1987,-0.0295,1.6012
3884,15:53:57.246,1987,-0.0295,1.6012
3885,15:53:57.247,1990,-0.0281,1.6037
3886,15:53:57.247,2002,-0.0222,1.6133
3887,15:53:57.248,2032,-0.0076,1.6375
3888,15:53:57.248,2076,0.0139,1.6730
3889,15:53:57.249,2079,0.0154,1.6754
3890,15:53:57.249,2086,0.0188,1.6810
3891,15:53:57.250,2095,0.0232,1.6883
3892,15:53:57.250,2083,0.0173,1.6786
3893,15:53:57.251,2062,0.0071,1.6617
3894,15:53:57.251,2014,-0.0164,1.6230
3895,15:53:57.252,2005,-0.0208,1.6158
3896,15:53:57.252,2019,-0.0139,1.6270
3897,15:53:57.253,2015,-0.0159,1.6238
3898,15:53:57.253,2015,-0.0159,1.6238
3899,15:53:57.254,2018,-0.0144,1.6262
3900,15:53:57.254,2029,-0.0090,1.6351
3901,15:53:57.255,2009,-0.0188,1.6190
3902,15:53:57.255,1993,-0.0266,1.6061
3903,15:53:57.256,1978,-0.0339,1.5940
3904,15:53:57.256,1996,-0.0252,1.6085
3905,15:53:57.257,2003,-0.0217,1.6141
3906,15:53:57.257,1993,-0.0266,1.6061
3907,15:53:57.258,1984,-0.0310,1.5988
3908,15:53:57.258,1987,-0.0295,1.6012
3909,15:53:57.259,1984,-0.0310,1.5988
3910,15:53:57.259,1988,-0.0291,1.6021
3911,15:53:57.260,1998,-0.0242,1.6101
3912,15:53:57.260,2034,-0.0066,1.6391
3913,15:53:57.261,2073,0.0125,1.6705
3914,15:53:57.261,2081,0.0164,1.6770
3915,15:53:57.262,2084,0.0178,1.6794
3916,15:53:57.262,2095,0.0232,1.6883
3917,15:53:57.263,2082,0.0168,1.6778
3918,15:53:57.263,2054,0.0032,1.6552
3919,15:53:57.264,2009,-0.0188,1.6190
3920,15:53:57.264,2008,-0.0193,1.6182
3921,15:53:57.265,2019,-0.0139,1.6270
3922,15:53:57.265,2020,-0.0134,1.6278
3923,15:53:57.266,2019,-0.0139,1.6270
3924,15:53:57.266,2023,-0.0120,1.6303
3925,15:53:57.267,2031,-0.0081,1.6367
3926,15:53:57.267,2008,-0.0193,1.6182
3927,15:53:57.268,1992,-0.0271,1.6053
3928,15:53:57.268,1983,-0.0315,1.5980
3929,15:53:57.269,1997,-0.0247,1.6093
3930,15:53:57.269,2006,-0.0203,1.6166
3931,15:53:57.270,1994,-0.0261,1.6069
3932,15:53:57.270,1986,-0.0300,1.6004
3933,15:53:57.271,1990,-0.0281,1.6037
3934,15:53:57.271,1988,-0.0291,1.6021
3935,15:53:57.272,1995,-0.0256,1.6077
3936,15:53:57.272,2005,-0.0208,1.6158
3937,15:53:57.273,2044,-0.0017,1.6472
3938,15:53:57.273,2078,0.0149,1.6746
3939,15:53:57.274,2084,0.0178,1.6794
3940,15:53:57.274,2087,0.0193,1.6818
3941,15:53:57.275,2090,0.0208,1.6842
3942,15:53:57.275,2081,0.0164,1.6770
3943,15:53:57.276,2048,0.0002,1.6504
3944,15:53:57.276,2011,-0.0178,1.6206
3945,15:53:57.277,2013,-0.0168,1.6222
3946,15:53:57.277,2022,-0.0125,1.6295
3947,15:53:57.278,2020,-0.0134,1.6278
3948,15:53:57.278,2015,-0.0159,1.6238
3949,15:53:57.279,2026,-0.0105,1.6327
3950,15:53:57.279,2023,-0.0120,1.6303
3951,15:53:57.280,2008,-0.0193,1.6182
3952,15:53:57.280,1989,-0.0286,1.6029
3953,15:53:57.281,1986,-0.0300,1.6004
3954,15:53:57.281,2000,-0.0232,1.6117
3955,15:53:57.282,2002,-0.0222,1.6133
3956,15:53:57.282,1989,-0.0286,1.6029
3957,15:53:57.283,1986,-0.0300,1.6004
3958,15:53:57.283,1990,-0.0281,1.6037
3959,15:53:57.284,1981,-0.0325,1.5964
3960,15:53:57.284,1993,-0.0266,1.6061
3961,15:53:57.285,2004,-0.0212,1.6149
3962,15:53:57.285,2043,-0.0022,1.6464
3963,15:53:57.286,2074,0.0129,1.6714
3964,15:53:57.286,2074,0.0129,1.6714
3965,15:53:57.287,2082,0.0168,1.6778
3966,15:53:57.287,2088,0.0198,1.6826
3967,15:53:57.288,2080,0.0159,1.6762
3968,15:53:57.288,2044,-0.0017,1.6472
3969,15:53:57.289,2011,-0.0178,1.6206
3970,15:53:57.289,2019,-0.0139,1.6270
3971,15:53:57.290,2017,-0.0149,1.6254
3972,15:53:57.290,2023,-0.0120,1.6303
3973,15:53:57.291,2016,-0.0154,1.6246
3974,15:53:57.291,2025,-0.0110,1.6319
3975,15:53:57.292,2023,-0.0120,1.6303
3976,15:53:57.292,2004,-0.0212,1.6149
3977,15:53:57.293,1985,-0.0305,1.5996
3978,15:53:57.293,1986,-0.0300,1.6004
3979,15:53:57.294,2005,-0.0208,1.6158
3980,15:53:57.294,2001,-0.0227,1.6125
3981,15:53:57.295,1994,-0.0261,1.6069
3982,15:53:57.295,1990,-0.0281,1.6037
3983,15:53:57.296,1991,-0.0276,1.6045
3984,15:53:57.296,1985,-0.0305,1.5996
3985,15:53:57.297,1997,-0.0247,1.6093
3986,15:53:57.297,2010,-0.0183,1.6198
3987,15:53:57.298,2054,0.0032,1.6552
3988,15:53:57.298,2076,0.0139,1.6730
3989,15:53:57.299,2079,0.0154,1.6754
3990,15:53:57.299,2089,0.0203,1.6834
3991,15:53:57.300,2090,0.0208,1.6842
3992,15:53:57.300,2077,0.0144,1.6738
3993,15:53:57.301,2035,-0.0061,1.6399
3994,15:53:57.301,2008,-0.0193,1.6182
3995,15:53:57.302,2019,-0.0139,1.6270
3996,15:53:57.302,2016,-0.0154,1.6246
3997,15:53:57.303,2019,-0.0139,1.6270
3998,15:53:57.303,2016,-0.0154,1.6246
3999,15:53:57.304,2027,-0.0100,1.6335
4000,15:53:57.304,2016,-0.0154,1.6246
4001,15:53:57.305,2005,-0.0208,1.6158
4002,15:53:57.305,1985,-0.0305,1.5996
4003,15:53:57.306,1991,-0.0276,1.6045
4004,15:53:57.306,2003,-0.0217,1.6141
4005,15:53:57.307,2004,-0.0212,1.6149
4006,15:53:57.307,1989,-0.0286,1.6029
4007,15:53:57.308,1984,-0.0310,1.5988
4008,15:53:57.308,1991,-0.0276,1.6045
4009,15:53:57.309,1991,-0.0276,1.6045
4010,15:53:57.309,1994,-0.0261,1.6069
4011,15:53:57.310,2020,-0.0134,1.6278
4012,15:53:57.310,2059,0.0056,1.6593
4013,15:53:57.311,2074,0.0129,1.6714
4014,15:53:57.311,2080,0.0159,1.6762
4015,15:53:57.312,2087,0.0193,1.6818
4016,15:53:57.312,2089,0.0203,1.6834
4017,15:53:57.313,2075,0.0134,1.6722
4018,15:53:57.313,2038,-0.0046,1.6423
4019,15:53:57.314,2013,-0.0168,1.6222
4020,15:53:57.314,2023,-0.0120,1.6303
4021,15:53:57.315,2017,-0.0149,1.6254
4022,15:53:57.315,2019,-0.0139,1.6270
4023,15:53:57.316,2013,-0.0168,1.6222
4024,15:53:57.316,2022,-0.0125,1.6295
4025,15:53:57.317,2017,-0.0149,1.6254
4026,15:53:57.317,2002,-0.0222,1.6133
4027,15:53:57.318,1985,-0.0305,1.5996
4028,15:53:57.318,1991,-0.0276,1.6045
4029,15:53:57.319,2003,-0.0217,1.6141
4030,15:53:57.319,1999,-0.0237,1.6109
4031,15:53:57.320,1991,-0.0276,1.6045
4032,15:53:57.320,1987,-0.0295,1.6012
4033,15:53:57.321,1994,-0.0261,1.6069
4034,15:53:57.321,1993,-0.0266,1.6061
4035,15:53:57.322,2000,-0.0232,1.6117
4036,15:53:57.322,2016,-0.0154,1.6246
4037,15:53:57.323,2060,0.0061,1.6601
4038,15:53:57.323,2075,0.0134,1.6722
4039,15:53:57.324,2076,0.0139,1.6730
4040,15:53:57.324,2087,0.0193,1.6818
4041,15:53:57.325,2086,0.0188,1.6810
4042,15:53:57.325,2072,0.0120,1.6697
4043,15:53:57.326,2031,-0.0081,1.6367
4044,15:53:57.326,2016,-0.0154,1.6246
4045,15:53:57.327,2023,-0.0120,1.6303
4046,15:53:57.327,2021,-0.0129,1.6286
4047,15:53:57.328,2016,-0.0154,1.6246
4048,15:53:57.328,2015,-0.0159,1.6238
4049,15:53:57.329,2028,-0.0095,1.6343
4050,15:53:57.329,2016,-0.0154,1.6246
4051,15:53:57.330,2003,-0.0217,1.6141
4052,15:53:57.330,1985,-0.0305,1.5996
4053,15:53:57.331,1995,-0.0256,1.6077
4054,15:53:57.331,2000,-0.0232,1.6117
4055,15:53:57.332,1998,-0.0242,1.6101
4056,15:53:57.332,1991,-0.0276,1.6045
4057,15:53:57.333,1988,-0.0291,1.6021
4058,15:53:57.333,1990,-0.0281,1.6037
4059,15:53:57.334,1990,-0.0281,1.6037
4060,15:53:57.334,1998,-0.0242,1.6101
4061,15:53:57.335,2022,-0.0125,1.6295
4062,15:53:57.335,2061,0.0066,1.6609
4063,15:53:57.336,2074,0.0129,1.6714
4064,15:53:57.336,2071,0.0115,1.6689
4065,15:53:57.337,2083,0.0173,1.6786
4066,15:53:57.337,2082,0.0168,1.6778
4067,15:53:57.338,2069,0.0105,1.6673
4068,15:53:57.338,2030,-0.0085,1.6359
4069,15:53:57.339,2014,-0.0164,1.6230
4070,15:53:57.339,2020,-0.0134,1.6278
4071,15:53:57.340,2023,-0.0120,1.6303
4072,15:53:57.340,2017,-0.0149,1.6254
4073,15:53:57.341,2017,-0.0149,1.6254
4074,15:53:57.341,2027,-0.0100,1.6335
4075,15:53:57.342,2014,-0.0164,1.6230
4076,15:53:57.342,1995,-0.0256,1.6077
4077,15:53:57.343,1983,-0.0315,1.5980
4078,15:53:57.343,1995,-0.0256,1.6077
4079,15:53:57.344,2002,-0.0222,1.6133
4080,15:53:57.344,1994,-0.0261,1.6069
4081,15:53:57.345,1996,-0.0252,1.6085
4082,15:53:57.345,1989,-0.0286,1.6029
4083,15:53:57.346,1992,-0.0271,1.6053
4084,15:53:57.346,1993,-0.0266,1.6061
4085,15:53:57.347,2000,-0.0232,1.6117
4086,15:53:57.347,2026,-0.0105,1.6327
4087,15:53:57.348,2063,0.0076,1.6625
4088,15:53:57.348,2070,0.0110,1.6681
4089,15:53:57.349,2079,0.0154,1.6754
4090,15:53:57.349,2087,0.0193,1.6818
4091,15:53:57.350,2088,0.0198,1.6826
4092,15:53:57.350,2072,0.0120,1.6697
4093,15:53:57.351,2023,-0.0120,1.6303
4094,15:53:57.351,2022,-0.0125,1.6295
4095,15:53:57.352,2021,-0.0129,1.6286
4096,15:53:57.352,2020,-0.0134,1.6278
4097,15:53:57.353,2013,-0.0168,1.6222
4098,15:53:57.353,2021,-0.0129,1.6286
4099,15:53:57.354,2022,-0.0125,1.6295
4100,15:53:57.354,2012,-0.0173,1.6214
4101,15:53:57.355,1996,-0.0252,1.6085
4102,15:53:57.355,1984,-0.0310,1.5988
4103,15:53:57.356,2002,-0.0222,1.6133
4104,15:53:57.356,2000,-0.0232,1.6117
4105,15:53:57.357,1997,-0.0247,1.6093
4106,15:53:57.357,1988,-0.0291,1.6021
4107,15:53:57.358,1991,-0.0276,1.6045
4108,15:53:57.358,1994,-0.0261,1.6069
4109,15:53:57.359,1997,-0.0247,1.6093
4110,15:53:57.359,2001,-0.0227,1.6125
4111,15:53:57.360,2027,-0.0100,1.6335
4112,15:53:57.360,2061,0.0066,1.6609
4113,15:53:57.361,2069,0.0105,1.6673
4114,15:53:57.361,2076,0.0139,1.6730
4115,15:53:57.362,2082,0.0168,1.6778
4116,15:53:57.362,2084,0.0178,1.6794
4117,15:53:57.363,2062,0.0071,1.6617
4118,15:53:57.363,2024,-0.0115,1.6311
4119,15:53:57.364,2023,-0.0120,1.6303
4120,15:53:57.364,2020,-0.0134,1.6278
4121,15:53:57.365,2016,-0.0154,1.6246
4122,15:53:57.365,2012,-0.0173,1.6214
4123,15:53:57.366,2020,-0.0134,1.6278
4124,15:53:57.366,2020,-0.0134,1.6278
4125,15:53:57.367,2008,-0.0193,1.6182
4126,15:53:57.367,1989,-0.0286,1.6029
4127,15:53:57.368,1986,-0.0300,1.6004
4128,15:53:57.368,1997,-0.0247,1.6093
4129,15:53:57.369,2001,-0.0227,1.6125
4130,15:53:57.369,1994,-0.0261,1.6069
4131,15:53:57.370,1984,-0.0310,1.5988
4132,15:53:57.370,1990,-0.0281,1.6037
4133,15:53:57.371,1997,-0.0247,1.6093
4134,15:53:57.371,1995,-0.0256,1.6077
4135,15:53:57.372,2004,-0.0212,1.6149
4136,15:53:57.372,2036,-0.0056,1.6407
4137,15:53:57.373,2066,0.0090,1.6649
4138,15:53:57.373,2068,0.0100,1.6665
4139,15:53:57.374,2076,0.0139,1.6730
4140,15:53:57.374,2082,0.0168,1.6778
4141,15:53:57.375,2086,0.0188,1.6810
4142,15:53:57.375,2063,0.0076,1.6625
4143,15:53:57.376,2021,-0.0129,1.6286
4144,15:53:57.376,2023,-0.0120,1.6303
4145,15:53:57.377,2026,-0.0105,1.6327
4146,15:53:57.377,2022,-0.0125,1.6295
4147,15:53:57.378,2011,-0.0178,1.6206
4148,15:53:57.378,2020,-0.0134,1.6278
4149,15:53:57.379,2021,-0.0129,1.6286
4150,15:53:57.379,2009,-0.0188,1.6190
4151,15:53:57.380,1988,-0.0291,1.6021
4152,15:53:57.380,1989,-0.0286,1.6029
4153,15:53:57.381,2003,-0.0217,1.6141
4154,15:53:57.381,2000,-0.0232,1.6117
4155,15:53:57.382,1993,-0.0266,1.6061
4156,15:53:57.382,1988,-0.0291,1.6021
4157,15:53:57.383,1989,-0.0286,1.6029
4158,15:53:57.383,1991,-0.0276,1.6045
4159,15:53:57.384,1996,-0.0252,1.6085
4160,15:53:57.384,2002,-0.0222,1.6133
4161,15:53:57.385,2033,-0.0071,1.6383
4162,15:53:57.385,2064,0.0081,1.6633
4163,15:53:57.386,2068,0.0100,1.6665
4164,15:53:57.386,2079,0.0154,1.6754
4165,15:53:57.387,2086,0.0188,1.6810
4166,15:53:57.387,2081,0.0164,1.6770
4167,15:53:57.388,2058,0.0051,1.6585
4168,15:53:57.388,2020,-0.0134,1.6278
4169,15:53:57.389,2026,-0.0105,1.6327
4170,15:53:57.389,2026,-0.0105,1.6327
4171,15:53:57.390,2016,-0.0154,1.6246
4172,15:53:57.390,2007,-0.0198,1.6174
4173,15:53:57.391,2019,-0.0139,1.6270
4174,15:53:57.391,2018,-0.0144,1.6262
4175,15:53:57.392,2008,-0.0193,1.6182
4176,15:53:57.392,1990,-0.0281,1.6037
4177,15:53:57.393,1990,-0.0281,1.6037
4178,15:53:57.393,2002,-0.0222,1.6133
4179,15:53:57.394,2000,-0.0232,1.6117
4180,15:53:57.394,1996,-0.0252,1.6085
4181,15:53:57.395,1992,-0.0271,1.6053
4182,15:53:57.395,1993,-0.0266,1.6061
4183,15:53:57.396,1996,-0.0252,1.6085
4184,15:53:57.396,1996,-0.0252,1.6085
4185,15:53:57.397,2013,-0.0168,1.6222
4186,15:53:57.397,2041,-0.0032,1.6448
4187,15:53:57.398,2065,0.0085,1.6641
4188,15:53:57.398,2067,0.0095,1.6657
4189,15:53:57.399,2076,0.0139,1.6730
4190,15:53:57.399,2084,0.0178,1.6794
4191,15:53:57.400,2081,0.0164,1.6770
4192,15:53:57.400,2052,0.0022,1.6536
4193,15:53:57.401,2026,-0.0105,1.6327
4194,15:53:57.401,2026,-0.0105,1.6327
4195,15:53:57.402,2021,-0.0129,1.6286
4196,15:53:57.402,2016,-0.0154,1.6246
4197,15:53:57.403,2006,-0.0203,1.6166
4198,15:53:57.403,2019,-0.0139,1.6270
4199,15:53:57.404,2014,-0.0164,1.6230
4200,15:53:57.404,2007,-0.0198,1.6174
4201,15:53:57.405,1985,-0.0305,1.5996
4202,15:53:57.405,1990,-0.0281,1.6037
4203,15:53:57.406,2003,-0.0217,1.6141
4204,15:53:57.406,1998,-0.0242,1.6101
4205,15:53:57.407,1994,-0.0261,1.6069
4206,15:53:57.407,1985,-0.0305,1.5996
4207,15:53:57.408,1994,-0.0261,1.6069
4208,15:53:57.408,1998,-0.0242,1.6101
4209,15:53:57.409,1996,-0.0252,1.6085
4210,15:53:57.409,2012,-0.0173,1.6214
4211,15:53:57.410,2044,-0.0017,1.6472
4212,15:53:57.410,2061,0.0066,1.6609
4213,15:53:57.411,2066,0.0090,1.6649
4214,15:53:57.411,2078,0.0149,1.6746
4215,15:53:57.412,2084,0.0178,1.6794
4216,15:53:57.412,2083,0.0173,1.6786
4217,15:53:57.413,2046,-0.0007,1.6488
4218,15:53:57.413,2027,-0.0100,1.6335
4219,15:53:57.414,2028,-0.0095,1.6343
4220,15:53:57.414,2025,-0.0110,1.6319
4221,15:53:57.415,2014,-0.0164,1.6230
4222,15:53:57.415,2009,-0.0188,1.6190
4223,15:53:57.416,2018,-0.0144,1.6262
4224,15:53:57.416,2014,-0.0164,1.6230
4225,15:53:57.417,2004,-0.0212,1.6149
4226,15:53:57.417,1986,-0.0300,1.6004
4227,15:53:57.418,1994,-0.0261,1.6069
4228,15:53:57.418,2005,-0.0208,1.6158
4229,15:53:57.419,1997,-0.0247,1.6093
4230,15:53:57.419,1993,-0.0266,1.6061
4231,15:53:57.420,1990,-0.0281,1.6037
4232,15:53:57.420,1991,-0.0276,1.6045
4233,15:53:57.421,1999,-0.0237,1.6109
4234,15:53:57.421,1998,-0.0242,1.6101
4235,15:53:57.422,2018,-0.0144,1.6262
4236,15:53:57.422,2048,0.0002,1.6504
4237,15:53:57.423,2059,0.0056,1.6593
4238,15:53:57.423,2073,0.0125,1.6705
4239,15:53:57.424,2074,0.0129,1.6714
4240,15:53:57.424,2082,0.0168,1.6778
4241,15:53:57.425,2079,0.0154,1.6754
4242,15:53:57.425,2049,0.0007,1.6512
4243,15:53:57.426,2031,-0.0081,1.6367
4244,15:53:57.426,2031,-0.0081,1.6367
4245,15:53:57.427,2024,-0.0115,1.6311
4246,15:53:57.427,2013,-0.0168,1.6222
4247,15:53:57.428,2009,-0.0188,1.6190
4248,15:53:57.428,2021,-0.0129,1.6286
4249,15:53:57.429,2016,-0.0154,1.6246
4250,15:53:57.429,2003,-0.0217,1.6141
4251,15:53:57.430,1987,-0.0295,1.6012
4252,15:53:57.430,1998,-0.0242,1.6101
4253,15:53:57.431,2004,-0.0212,1.6149
4254,15:53:57.431,2001,-0.0227,1.6125
4255,15:53:57.432,1992,-0.0271,1.6053
4256,15:53:57.432,1990,-0.0281,1.6037
4257,15:53:57.433,1991,-0.0276,1.6045
4258,15:53:57.433,1995,-0.0256,1.6077
4259,15:53:57.434,1999,-0.0237,1.6109
4260,15:53:57.434,2012,-0.0173,1.6214
4261,15:53:57.435,2052,0.0022,1.6536
4262,15:53:57.435,2055,0.0037,1.6560
4263,15:53:57.436,2069,0.0105,1.6673
4264,15:53:57.436,2073,0.0125,1.6705
4265,15:53:57.437,2083,0.0173,1.6786
4266,15:53:57.437,2079,0.0154,1.6754
4267,15:53:57.438,2044,-0.0017,1.6472
4268,15:53:57.438,2034,-0.0066,1.6391
4269,15:53:57.439,2034,-0.0066,1.6391
4270,15:53:57.439,2024,-0.0115,1.6311
4271,15:53:57.440,2014,-0.0164,1.6230
4272,15:53:57.440,2012,-0.0173,1.6214
4273,15:53:57.441,2018,-0.0144,1.6262
4274,15:53:57.441,2017,-0.0149,1.6254
4275,15:53:57.442,1998,-0.0242,1.6101
4276,15:53:57.442,1989,-0.0286,1.6029
4277,15:53:57.443,1999,-0.0237,1.6109
4278,15:53:57.443,2005,-0.0208,1.6158
4279,15:53:57.444,1999,-0.0237,1.6109
4280,15:53:57.444,1993,-0.0266,1.6061
4281,15:53:57.445,1987,-0.0295,1.6012
4282,15:53:57.445,1997,-0.0247,1.6093
4283,15:53:57.446,1996,-0.0252,1.6085
4284,15:53:57.446,2003,-0.0217,1.6141
4285,15:53:57.447,2022,-0.0125,1.6295
4286,15:53:57.447,2051,0.0017,1.6528
4287,15:53:57.448,2061,0.0066,1.6609
4288,15:53:57.448,2067,0.0095,1.6657
4289,15:53:57.449,2079,0.0154,1.6754
4290,15:53:57.449,2084,0.0178,1.6794
4291,15:53:57.450,2079,0.0154,1.6754
4292,15:53:57.450,2043,-0.0022,1.6464
4293,15:53:57.451,2033,-0.0071,1.6383
4294,15:53:57.451,2032,-0.0076,1.6375
4295,15:53:57.452,2017,-0.0149,1.6254
4296,15:53:57.452,2008,-0.0193,1.6182
4297,15:53:57.453,2008,-0.0193,1.6182
4298,15:53:57.453,2014,-0.0164,1.6230
4299,15:53:57.454,2011,-0.0178,1.6206
4300,15:53:57.454,1996,-0.0252,1.6085
4301,15:53:57.455,1989,-0.0286,1.6029
4302,15:53:57.455,2004,-0.0212,1.6149
4303,15:53:57.456,2001,-0.0227,1.6125
4304,15:53:57.456,1995,-0.0256,1.6077
4305,15:53:57.457,1990,-0.0281,1.6037
4306,15:53:57.457,1990,-0.0281,1.6037
4307,15:53:57.458,1992,-0.0271,1.6053
4308,15:53:57.458,1995,-0.0256,1.6077
4309,15:53:57.459,1996,-0.0252,1.6085
4310,15:53:57.459,2021,-0.0129,1.6286
4311,15:53:57.460,2051,0.0017,1.6528
4312,15:53:57.460,2059,0.0056,1.6593
4313,15:53:57.461,2066,0.0090,1.6649
4314,15:53:57.461,2071,0.0115,1.6689
4315,15:53:57.462,2087,0.0193,1.6818
4316,15:53:57.462,2075,0.0134,1.6722
4317,15:53:57.463,2043,-0.0022,1.6464
4318,15:53:57.463,2031,-0.0081,1.6367
4319,15:53:57.464,2029,-0.0090,1.6351
4320,15:53:57.464,2014,-0.0164,1.6230
4321,15:53:57.465,2006,-0.0203,1.6166
4322,15:53:57.465,2006,-0.0203,1.6166
4323,15:53:57.466,2018,-0.0144,1.6262
4324,15:53:57.466,2008,-0.0193,1.6182
4325,15:53:57.467,1996,-0.0252,1.6085
4326,15:53:57.467,1993,-0.0266,1.6061
4327,15:53:57.468,2003,-0.0217,1.6141
4328,15:53:57.468,2004,-0.0212,1.6149
4329,15:53:57.469,1995,-0.0256,1.6077
4330,15:53:57.469,1987,-0.0295,1.6012
4331,15:53:57.470,1985,-0.0305,1.5996
4332,15:53:57.470,1995,-0.0256,1.6077
4333,15:53:57.471,1998,-0.0242,1.6101
4334,15:53:57.471,2004,-0.0212,1.6149
4335,15:53:57.472,2025,-0.0110,1.6319
4336,15:53:57.472,2054,0.0032,1.6552
4337,15:53:57.473,2057,0.0046,1.6577
4338,15:53:57.473,2065,0.0085,1.6641
4339,15:53:57.474,2076,0.0139,1.6730
4340,15:53:57.474,2087,0.0193,1.6818
4341,15:53:57.475,2068,0.0100,1.6665
4342,15:53:57.475,2044,-0.0017,1.6472
4343,15:53:57.476,2036,-0.0056,1.6407
4344,15:53:57.476,2027,-0.0100,1.6335
4345,15:53:57.477,2018,-0.0144,1.6262
4346,15:53:57.477,2005,-0.0208,1.6158
4347,15:53:57.478,2002,-0.0222,1.6133
4348,15:53:57.478,2015,-0.0159,1.6238
4349,15:53:57.479,2011,-0.0178,1.6206
4350,15:53:57.479,1996,-0.0252,1.6085
4351,15:53:57.480,1995,-0.0256,1.6077
4352,15:53:57.480,2008,-0.0193,1.6182
4353,15:53:57.481,1999,-0.0237,1.6109
4354,15:53:57.481,1998,-0.0242,1.6101
4355,15:53:57.482,1985,-0.0305,1.5996
4356,15:53:57.482,1988,-0.0291,1.6021
4357,15:53:57.483,1993,-0.0266,1.6061
4358,15:53:57.483,1994,-0.0261,1.6069
4359,15:53:57.484,2003,-0.0217,1.6141
4360,15:53:57.484,2025,-0.0110,1.6319
4361,15:53:57.485,2053,0.0027,1.6544
4362,15:53:57.485,2058,0.0051,1.6585
4363,15:53:57.486,2061,0.0066,1.6609
4364,15:53:57.486,2072,0.0120,1.6697
4365,15:53:57.487,2090,0.0208,1.6842
4366,15:53:57.487,2064,0.0081,1.6633
4367,15:53:57.488,2040,-0.0037,1.6440
4368,15:53:57.488,2034,-0.0066,1.6391
4369,15:53:57.489,2022,-0.0125,1.6295
4370,15:53:57.489,2016,-0.0154,1.6246
4371,15:53:57.490,2001,-0.0227,1.6125
4372,15:53:57.490,2010,-0.0183,1.6198
4373,15:53:57.491,2010,-0.0183,1.6198
4374,15:53:57.491,2005,-0.0208,1.6158
4375,15:53:57.492,1995,-0.0256,1.6077
4376,15:53:57.492,1997,-0.0247,1.6093
4377,15:53:57.493,2005,-0.0208,1.6158
4378,15:53:57.493,1995,-0.0256,1.6077
4379,15:53:57.494,2000,-0.0232,1.6117
4380,15:53:57.494,1990,-0.0281,1.6037
4381,15:53:57.495,1990,-0.0281,1.6037
4382,15:53:57.495,1999,-0.0237,1.6109
4383,15:53:57.496,2002,-0.0222,1.6133
4384,15:53:57.496,2007,-0.0198,1.6174
4385,15:53:57.497,2038,-0.0046,1.6423
4386,15:53:57.497,2054,0.0032,1.6552
4387,15:53:57.498,2063,0.0076,1.6625
4388,15:53:57.498,2067,0.0095,1.6657
4389,15:53:57.499,2079,0.0154,1.6754
4390,15:53:57.499,2087,0.0193,1.6818
4391,15:53:57.500,2062,0.0071,1.6617
4392,15:53:57.500,2044,-0.0017,1.6472
4393,15:53:57.501,2036,-0.0056,1.6407
4394,15:53:57.501,2029,-0.0090,1.6351
4395,15:53:57.502,2016,-0.0154,1.6246
4396,15:53:57.502,1999,-0.0237,1.6109
4397,15:53:57.503,2007,-0.0198,1.6174
4398,15:53:57.503,2014,-0.0164,1.6230
4399,15:53:57.504,2007,-0.0198,1.6174
4400,15:53:57.504,2001,-0.0227,1.6125
4401,15:53:57.505,2004,-0.0212,1.6149
4402,15:53:57.505,2007,-0.0198,1.6174
4403,15:53:57.506,2003,-0.0217,1.6141
4404,15:53:57.506,1992,-0.0271,1.6053
4405,15:53:57.507,1985,-0.0305,1.5996
4406,15:53:57.507,1992,-0.0271,1.6053
4407,15:53:57.508,1995,-0.0256,1.6077
4408,15:53:57.508,1999,-0.0237,1.6109
4409,15:53:57.509,2012,-0.0173,1.6214
4410,15:53:57.509,2037,-0.0051,1.6415
4411,15:53:57.510,2054,0.0032,1.6552
4412,15:53:57.510,2060,0.0061,1.6601
4413,15:53:57.511,2065,0.0085,1.6641
4414,15:53:57.511,2080,0.0159,1.6762
4415,15:53:57.512,2085,0.0183,1.6802
4416,15:53:57.512,2059,0.0056,1.6593
4417,15:53:57.513,2044,-0.0017,1.6472
4418,15:53:57.513,2040,-0.0037,1.6440
4419,15:53:57.514,2028,-0.0095,1.6343
4420,15:53:57.514,2013,-0.0168,1.6222
4421,15:53:57.515,2000,-0.0232,1.6117
4422,15:53:57.515,2007,-0.0198,1.6174
4423,15:53:57.516,2009,-0.0188,1.6190
4424,15:53:57.516,2004,-0.0212,1.6149
4425,15:53:57.517,1992,-0.0271,1.6053
4426,15:53:57.517,2000,-0.0232,1.6117
4427,15:53:57.518,2000,-0.0232,1.6117
4428,15:53:57.518,1996,-0.0252,1.6085
4429,15:53:57.519,1991,-0.0276,1.6045
4430,15:53:57.519,1983,-0.0315,1.5980
4431,15:53:57.520,1986,-0.0300,1.6004
4432,15:53:57.520,1994,-0.0261,1.6069
4433,15:53:57.521,1998,-0.0242,1.6101
4434,15:53:57.521,2014,-0.0164,1.6230
4435,15:53:57.522,2036,-0.0056,1.6407
4436,15:53:57.522,2054,0.0032,1.6552
4437,15:53:57.523,2060,0.0061,1.6601
4438,15:53:57.523,2069,0.0105,1.6673
4439,15:53:57.524,2079,0.0154,1.6754
4440,15:53:57.524,2080,0.0159,1.6762
4441,15:53:57.525,2059,0.0056,1.6593
4442,15:53:57.525,2045,-0.0012,1.6480
4443,15:53:57.526,2034,-0.0066,1.6391
4444,15:53:57.526,2025,-0.0110,1.6319
4445,15:53:57.527,2013,-0.0168,1.6222
4446,15:53:57.527,2006,-0.0203,1.6166
4447,15:53:57.528,2013,-0.0168,1.6222
4448,15:53:57.528,2011,-0.0178,1.6206
4449,15:53:57.529,2010,-0.0183,1.6198
4450,15:53:57.529,1995,-0.0256,1.6077
4451,15:53:57.530,2006,-0.0203,1.6166
4452,15:53:57.530,2011,-0.0178,1.6206
4453,15:53:57.531,2004,-0.0212,1.6149
4454,15:53:57.531,1996,-0.0252,1.6085
4455,15:53:57.532,1988,-0.0291,1.6021
4456,15:53:57.532,1996,-0.0252,1.6085
4457,15:53:57.533,1998,-0.0242,1.6101
4458,15:53:57.533,1999,-0.0237,1.6109
4459,15:53:57.534,2017,-0.0149,1.6254
4460,15:53:57.534,2041,-0.0032,1.6448
4461,15:53:57.535,2056,0.0042,1.6568
4462,15:53:57.535,2059,0.0056,1.6593
4463,15:53:57.536,2069,0.0105,1.6673
4464,15:53:57.536,2081,0.0164,1.6770
4465,15:53:57.537,2081,0.0164,1.6770
4466,15:53:57.537,2056,0.0042,1.6568
4467,15:53:57.538,2044,-0.0017,1.6472
4468,15:53:57.538,2036,-0.0056,1.6407
4469,15:53:57.539,2026,-0.0105,1.6327
4470,15:53:57.539,2009,-0.0188,1.6190
4471,15:53:57.540,2002,-0.0222,1.6133
4472,15:53:57.540,2013,-0.0168,1.6222
4473,15:53:57.541,2010,-0.0183,1.6198
4474,15:53:57.541,2000,-0.0232,1.6117
4475,15:53:57.542,1996,-0.0252,1.6085
4476,15:53:57.542,2005,-0.0208,1.6158
4477,15:53:57.543,2003,-0.0217,1.6141
4478,15:53:57.543,1997,-0.0247,1.6093
4479,15:53:57.544,1988,-0.0291,1.6021
4480,15:53:57.544,1985,-0.0305,1.5996
4481,15:53:57.545,1991,-0.0276,1.6045
4482,15:53:57.545,1993,-0.0266,1.6061
4483,15:53:57.546,2003,-0.0217,1.6141
4484,15:53:57.546,2020,-0.0134,1.6278
4485,15:53:57.547,2044,-0.0017,1.6472
4486,15:53:57.547,2056,0.0042,1.6568
4487,15:53:57.548,2057,0.0046,1.6577
4488,15:53:57.548,2064,0.0081,1.6633
4489,15:53:57.549,2080,0.0159,1.6762
4490,15:53:57.549,2082,0.0168,1.6778
4491,15:53:57.550,2057,0.0046,1.6577
4492,15:53:57.550,2048,0.0002,1.6504
4493,15:53:57.551,2038,-0.0046,1.6423
4494,15:53:57.551,2026,-0.0105,1.6327
4495,15:53:57.552,2001,-0.0227,1.6125
4496,15:53:57.552,2002,-0.0222,1.6133
4497,15:53:57.553,2013,-0.0168,1.6222
4498,15:53:57.553,2011,-0.0178,1.6206
4499,15:53:57.554,2009,-0.0188,1.6190
4500,15:53:57.554,2002,-0.0222,1.6133
4501,15:53:57.555,2009,-0.0188,1.6190
4502,15:53:57.555,2008,-0.0193,1.6182
4503,15:53:57.556,2002,-0.0222,1.6133
4504,15:53:57.556,1989,-0.0286,1.6029
4505,15:53:57.557,1990,-0.0281,1.6037
4506,15:53:57.557,1991,-0.0276,1.6045
4507,15:53:57.558,2000,-0.0232,1.6117
4508,15:53:57.558,2003,-0.0217,1.6141
4509,15:53:57.559,2022,-0.0125,1.6295
4510,15:53:57.559,2045,-0.0012,1.6480
4511,15:53:57.560,2055,0.0037,1.6560
4512,15:53:57.560,2058,0.0051,1.6585
4513,15:53:57.561,2064,0.0081,1.6633
4514,15:53:57.561,2082,0.0168,1.6778
4515,15:53:57.562,2075,0.0134,1.6722
4516,15:53:57.562,2053,0.0027,1.6544
4517,15:53:57.563,2045,-0.0012,1.6480
4518,15:53:57.563,2038,-0.0046,1.6423
4519,15:53:57.564,2024,-0.0115,1.6311
4520,15:53:57.564,2003,-0.0217,1.6141
4521,15:53:57.565,1998,-0.0242,1.6101
4522,15:53:57.565,2010,-0.0183,1.6198
4523,15:53:57.566,2006,-0.0203,1.6166
4524,15:53:57.566,2000,-0.0232,1.6117
4525,15:53:57.567,2000,-0.0232,1.6117
4526,15:53:57.567,2004,-0.0212,1.6149
4527,15:53:57.568,2006,-0.0203,1.6166
4528,15:53:57.568,1995,-0.0256,1.6077
4529,15:53:57.569,1981,-0.0325,1.5964
4530,15:53:57.569,1982,-0.0320,1.5972
4531,15:53:57.570,1989,-0.0286,1.6029
4532,15:53:57.570,1995,-0.0256,1.6077
4533,15:53:57.571,2001,-0.0227,1.6125
4534,15:53:57.571,2025,-0.0110,1.6319
4535,15:53:57.572,2043,-0.0022,1.6464
4536,15:53:57.572,2056,0.0042,1.6568
4537,15:53:57.573,2062,0.0071,1.6617
4538,15:53:57.573,2062,0.0071,1.6617
4539,15:53:57.574,2082,0.0168,1.6778
4540,15:53:57.574,2074,0.0129,1.6714
4541,15:53:57.575,2055,0.0037,1.6560
4542,15:53:57.575,2048,0.0002,1.6504
4543,15:53:57.576,2037,-0.0051,1.6415
4544,15:53:57.576,2024,-0.0115,1.6311
4545,15:53:57.577,2003,-0.0217,1.6141
4546,15:53:57.577,2008,-0.0193,1.6182
4547,15:53:57.578,2010,-0.0183,1.6198
4548,15:53:57.578,2009,-0.0188,1.6190
4549,15:53:57.579,2001,-0.0227,1.6125
4550,15:53:57.579,2003,-0.0217,1.6141
4551,15:53:57.580,2009,-0.0188,1.6190
4552,15:53:57.580,2008,-0.0193,1.6182
4553,15:53:57.581,1994,-0.0261,1.6069
4554,15:53:57.581,1987,-0.0295,1.6012
4555,15:53:57.582,1990,-0.0281,1.6037
4556,15:53:57.582,1996,-0.0252,1.6085
4557,15:53:57.583,1997,-0.0247,1.6093
4558,15:53:57.583,2006,-0.0203,1.6166
4559,15:53:57.584,2029,-0.0090,1.6351
4560,15:53:57.584,2052,0.0022,1.6536
4561,15:53:57.585,2056,0.0042,1.6568
4562,15:53:57.585,2056,0.0042,1.6568
4563,15:53:57.586,2067,0.0095,1.6657
4564,15:53:57.586,2084,0.0178,1.6794
4565,15:53:57.587,2072,0.0120,1.6697
4566,15:53:57.587,2052,0.0022,1.6536
4567,15:53:57.588,2046,-0.0007,1.6488
4568,15:53:57.588,2033,-0.0071,1.6383
4569,15:53:57.589,2022,-0.0125,1.6295
4570,15:53:57.589,2000,-0.0232,1.6117
4571,15:53:57.590,2003,-0.0217,1.6141
4572,15:53:57.590,2011,-0.0178,1.6206
4573,15:53:57.591,2012,-0.0173,1.6214
4574,15:53:57.591,1995,-0.0256,1.6077
4575,15:53:57.592,2001,-0.0227,1.6125
4576,15:53:57.592,2009,-0.0188,1.6190
4577,15:53:57.593,2006,-0.0203,1.6166
4578,15:53:57.593,1994,-0.0261,1.6069
4579,15:53:57.594,1982,-0.0320,1.5972
4580,15:53:57.594,1984,-0.0310,1.5988
4581,15:53:57.595,1993,-0.0266,1.6061
4582,15:53:57.595,1996,-0.0252,1.6085
4583,15:53:57.596,2006,-0.0203,1.6166
4584,15:53:57.596,2033,-0.0071,1.6383
4585,15:53:57.597,2049,0.0007,1.6512
4586,15:53:57.597,2056,0.0042,1.6568
4587,15:53:57.598,2057,0.0046,1.6577
4588,15:53:57.598,2069,0.0105,1.6673
4589,15:53:57.599,2081,0.0164,1.6770
4590,15:53:57.599,2071,0.0115,1.6689
4591,15:53:57.600,2050,0.0012,1.6520
4592,15:53:57.600,2040,-0.0037,1.6440
4593,15:53:57.601,2032,-0.0076,1.6375
4594,15:53:57.601,2017,-0.0149,1.6254
4595,15:53:57.602,1998,-0.0242,1.6101
4596,15:53:57.602,2004,-0.0212,1.6149
4597,15:53:57.603,2011,-0.0178,1.6206
4598,15:53:57.603,2007,-0.0198,1.6174
4599,15:53:57.604,2003,-0.0217,1.6141
4600,15:53:57.604,2008,-0.0193,1.6182
4601,15:53:57.605,2010,-0.0183,1.6198
4602,15:53:57.605,2005,-0.0208,1.6158
4603,15:53:57.606,1992,-0.0271,1.6053
4604,15:53:57.606,1984,-0.0310,1.5988
4605,15:53:57.607,1990,-0.0281,1.6037
4606,15:53:57.607,1994,-0.0261,1.6069
4607,15:53:57.608,2001,-0.0227,1.6125
4608,15:53:57.608,2009,-0.0188,1.6190
4609,15:53:57.609,2036,-0.0056,1.6407
4610,15:53:57.609,2053,0.0027,1.6544
4611,15:53:57.610,2057,0.0046,1.6577
4612,15:53:57.610,2058,0.0051,1.6585
4613,15:53:57.611,2073,0.0125,1.6705
4614,15:53:57.611,2085,0.0183,1.6802
4615,15:53:57.612,2065,0.0085,1.6641
4616,15:53:57.612,2052,0.0022,1.6536
4617,15:53:57.613,2041,-0.0032,1.6448
4618,15:53:57.613,2030,-0.0085,1.6359
4619,15:53:57.614,2014,-0.0164,1.6230
4620,15:53:57.614,1999,-0.0237,1.6109
4621,15:53:57.615,2004,-0.0212,1.6149
4622,15:53:57.615,2012,-0.0173,1.6214
4623,15:53:57.616,2005,-0.0208,1.6158
4624,15:53:57.616,1996,-0.0252,1.6085
4625,15:53:57.617,2003,-0.0217,1.6141
4626,15:53:57.617,2003,-0.0217,1.6141
4627,15:53:57.618,2000,-0.0232,1.6117
4628,15:53:57.618,1985,-0.0305,1.5996
4629,15:53:57.619,1984,-0.0310,1.5988
4630,15:53:57.619,1986,-0.0300,1.6004
4631,15:53:57.620,1992,-0.0271,1.6053
4632,15:53:57.620,1997,-0.0247,1.6093
4633,15:53:57.621,2009,-0.0188,1.6190
4634,15:53:57.621,2033,-0.0071,1.6383
4635,15:53:57.622,2048,0.0002,1.6504
4636,15:53:57.622,2052,0.0022,1.6536
4637,15:53:57.623,2052,0.0022,1.6536
4638,15:53:57.623,2073,0.0125,1.6705
4639,15:53:57.624,2083,0.0173,1.6786
4640,15:53:57.624,2062,0.0071,1.6617
4641,15:53:57.625,2057,0.0046,1.6577
4642,15:53:57.625,2042,-0.0027,1.6456
4643,15:53:57.626,2032,-0.0076,1.6375
4644,15:53:57.626,2014,-0.0164,1.6230
4645,15:53:57.627,2002,-0.0222,1.6133
4646,15:53:57.627,2016,-0.0154,1.6246
4647,15:53:57.628,2015,-0.0159,1.6238
4648,15:53:57.628,2006,-0.0203,1.6166
4649,15:53:57.629,2002,-0.0222,1.6133
4650,15:53:57.629,2008,-0.0193,1.6182
4651,15:53:57.630,2008,-0.0193,1.6182
4652,15:53:57.630,2004,-0.0212,1.6149
4653,15:53:57.631,1993,-0.0266,1.6061
4654,15:53:57.631,1987,-0.0295,1.6012
4655,15:53:57.632,1992,-0.0271,1.6053
4656,15:53:57.632,1999,-0.0237,1.6109
4657,15:53:57.633,2002,-0.0222,1.6133
4658,15:53:57.633,2019,-0.0139,1.6270
4659,15:53:57.634,2042,-0.0027,1.6456
4660,15:53:57.634,2051,0.0017,1.6528
4661,15:53:57.635,2052,0.0022,1.6536
4662,15:53:57.635,2054,0.0032,1.6552
4663,15:53:57.636,2077,0.0144,1.6738
4664,15:53:57.636,2077,0.0144,1.6738
4665,15:53:57.637,2061,0.0066,1.6609
4666,15:53:57.637,2051,0.0017,1.6528
4667,15:53:57.638,2039,-0.0042,1.6432
4668,15:53:57.638,2028,-0.0095,1.6343
4669,15:53:57.639,2007,-0.0198,1.6174
4670,15:53:57.639,1998,-0.0242,1.6101
4671,15:53:57.640,2008,-0.0193,1.6182
4672,15:53:57.640,2012,-0.0173,1.6214
4673,15:53:57.641,2008,-0.0193,1.6182
4674,15:53:57.641,2002,-0.0222,1.6133
4675,15:53:57.642,2004,-0.0212,1.6149
4676,15:53:57.642,2004,-0.0212,1.6149
4677,15:53:57.643,1999,-0.0237,1.6109
4678,15:53:57.643,1985,-0.0305,1.5996
4679,15:53:57.644,1985,-0.0305,1.5996
4680,15:53:57.644,1988,-0.0291,1.6021
4681,15:53:57.645,1998,-0.0242,1.6101
4682,15:53:57.645,2005,-0.0208,1.6158
4683,15:53:57.646,2019,-0.0139,1.6270
4684,15:53:57.646,2040,-0.0037,1.6440
4685,15:53:57.647,2051,0.0017,1.6528
4686,15:53:57.647,2052,0.0022,1.6536
4687,15:53:57.648,2060,0.0061,1.6601
4688,15:53:57.648,2079,0.0154,1.6754
4689,15:53:57.649,2080,0.0159,1.6762
4690,15:53:57.649,2060,0.0061,1.6601
4691,15:53:57.650,2055,0.0037,1.6560
4692,15:53:57.650,2038,-0.0046,1.6423
4693,15:53:57.651,2029,-0.0090,1.6351
4694,15:53:57.651,2007,-0.0198,1.6174
4695,15:53:57.652,1997,-0.0247,1.6093
4696,15:53:57.652,2011,-0.0178,1.6206
4697,15:53:57.653,2011,-0.0178,1.6206
4698,15:53:57.653,2005,-0.0208,1.6158
4699,15:53:57.654,2003,-0.0217,1.6141
4700,15:53:57.654,2005,-0.0208,1.6158
4701,15:53:57.655,2006,-0.0203,1.6166
4702,15:53:57.655,1998,-0.0242,1.6101
4703,15:53:57.656,1985,-0.0305,1.5996
4704,15:53:57.656,1987,-0.0295,1.6012
4705,15:53:57.657,1990,-0.0281,1.6037
4706,15:53:57.657,2002,-0.0222,1.6133
4707,15:53:57.658,2007,-0.0198,1.6174
4708,15:53:57.658,2020,-0.0134,1.6278
4709,15:53:57.659,2040,-0.0037,1.6440
4710,15:53:57.659,2056,0.0042,1.6568
4711,15:53:57.660,2052,0.0022,1.6536
4712,15:53:57.660,2059,0.0056,1.6593
4713,15:53:57.661,2078,0.0149,1.6746
4714,15:53:57.661,2075,0.0134,1.6722
4715,15:53:57.662,2060,0.0061,1.6601
4716,15:53:57.662,2052,0.0022,1.6536
4717,15:53:57.663,2042,-0.0027,1.6456
4718,15:53:57.663,2027,-0.0100,1.6335
4719,15:53:57.664,2012,-0.0173,1.6214
4720,15:53:57.664,2003,-0.0217,1.6141
4721,15:53:57.665,2012,-0.0173,1.6214
4722,15:53:57.665,2013,-0.0168,1.6222
4723,15:53:57.666,2005,-0.0208,1.6158
4724,15:53:57.666,2006,-0.0203,1.6166
4725,15:53:57.667,2003,-0.0217,1.6141
4726,15:53:57.667,2007,-0.0198,1.6174
4727,15:53:57.668,1998,-0.0242,1.6101
4728,15:53:57.668,1982,-0.0320,1.5972
4729,15:53:57.669,1983,-0.0315,1.5980
4730,15:53:57.669,1992,-0.0271,1.6053
4731,15:53:57.670,1996,-0.0252,1.6085
4732,15:53:57.670,2004,-0.0212,1.6149
4733,15:53:57.671,2023,-0.0120,1.6303
4734,15:53:57.671,2042,-0.0027,1.6456
4735,15:53:57.672,2049,0.0007,1.6512
4736,15:53:57.672,2043,-0.0022,1.6464
4737,15:53:57.673,2058,0.0051,1.6585
4738,15:53:57.673,2081,0.0164,1.6770
4739,15:53:57.674,2073,0.0125,1.6705
4740,15:53:57.674,2058,0.0051,1.6585
4741,15:53:57.675,2049,0.0007,1.6512
4742,15:53:57.675,2040,-0.0037,1.6440
4743,15:53:57.676,2029,-0.0090,1.6351
4744,15:53:57.676,2005,-0.0208,1.6158
4745,15:53:57.677,2006,-0.0203,1.6166
4746,15:53:57.677,2014,-0.0164,1.6230
4747,15:53:57.678,2014,-0.0164,1.6230
4748,15:53:57.678,2004,-0.0212,1.6149
4749,15:53:57.679,2005,-0.0208,1.6158
4750,15:53:57.679,2007,-0.0198,1.6174
4751,15:53:57.680,2005,-0.0208,1.6158
4752,15:53:57.680,1990,-0.0281,1.6037
4753,15:53:57.681,1983,-0.0315,1.5980
4754,15:53:57.681,1988,-0.0291,1.6021
4755,15:53:57.682,1996,-0.0252,1.6085
4756,15:53:57.682,2005,-0.0208,1.6158
4757,15:53:57.683,2009,-0.0188,1.6190
4758,15:53:57.683,2027,-0.0100,1.6335
4759,15:53:57.684,2044,-0.0017,1.6472
4760,15:53:57.684,2054,0.0032,1.6552
4761,15:53:57.685,2049,0.0007,1.6512
4762,15:53:57.685,2062,0.0071,1.6617
4763,15:53:57.686,2076,0.0139,1.6730
4764,15:53:57.686,2073,0.0125,1.6705
4765,15:53:57.687,2055,0.0037,1.6560
4766,15:53:57.687,2047,-0.0002,1.6496
4767,15:53:57.688,2037,-0.0051,1.6415
4768,15:53:57.688,2027,-0.0100,1.6335
4769,15:53:57.689,2005,-0.0208,1.6158
4770,15:53:57.689,2006,-0.0203,1.6166
4771,15:53:57.690,2014,-0.0164,1.6230
4772,15:53:57.690,2014,-0.0164,1.6230
4773,15:53:57.691,2004,-0.0212,1.6149
4774,15:53:57.691,2006,-0.0203,1.6166
4775,15:53:57.692,2006,-0.0203,1.6166
4776,15:53:57.692,2001,-0.0227,1.6125
4777,15:53:57.693,1992,-0.0271,1.6053
4778,15:53:57.693,1984,-0.0310,1.5988
4779,15:53:57.694,1986,-0.0300,1.6004
4780,15:53:57.694,1996,-0.0252,1.6085
4781,15:53:57.695,2004,-0.0212,1.6149
4782,15:53:57.695,2013,-0.0168,1.6222
4783,15:53:57.696,2028,-0.0095,1.6343
4784,15:53:57.696,2043,-0.0022,1.6464
4785,15:53:57.697,2048,0.0002,1.6504
4786,15:53:57.697,2049,0.0007,1.6512
4787,15:53:57.698,2063,0.0076,1.6625
4788,15:53:57.698,2075,0.0134,1.6722
4789,15:53:57.699,2069,0.0105,1.6673
4790,15:53:57.699,2052,0.0022,1.6536
4791,15:53:57.700,2049,0.0007,1.6512
4792,15:53:57.700,2037,-0.0051,1.6415
4793,15:53:57.701,2028,-0.0095,1.6343
4794,15:53:57.701,2006,-0.0203,1.6166
4795,15:53:57.702,2007,-0.0198,1.6174
4796,15:53:57.702,2014,-0.0164,1.6230
4797,15:53:57.703,2011,-0.0178,1.6206
4798,15:53:57.703,2002,-0.0222,1.6133
4799,15:53:57.704,2005,-0.0208,1.6158
4800,15:53:57.704,2005,-0.0208,1.6158
4801,15:53:57.705,2003,-0.0217,1.6141
4802,15:53:57.705,1985,-0.0305,1.5996
4803,15:53:57.706,1984,-0.0310,1.5988
4804,15:53:57.706,1984,-0.0310,1.5988
4805,15:53:57.707,1996,-0.0252,1.6085
4806,15:53:57.707,2002,-0.0222,1.6133
4807,15:53:57.708,2011,-0.0178,1.6206
4808,15:53:57.708,2035,-0.0061,1.6399
4809,15:53:57.709,2050,0.0012,1.6520
4810,15:53:57.709,2045,-0.0012,1.6480
4811,15:53:57.710,2043,-0.0022,1.6464
4812,15:53:57.710,2065,0.0085,1.6641
4813,15:53:57.711,2078,0.0149,1.6746
4814,15:53:57.711,2069,0.0105,1.6673
4815,15:53:57.712,2059,0.0056,1.6593
4816,15:53:57.712,2052,0.0022,1.6536
4817,15:53:57.713,2039,-0.0042,1.6432
4818,15:53:57.713,2024,-0.0115,1.6311
4819,15:53:57.714,2005,-0.0208,1.6158
4820,15:53:57.714,2008,-0.0193,1.6182
4821,15:53:57.715,2013,-0.0168,1.6222
4822,15:53:57.715,2009,-0.0188,1.6190
4823,15:53:57.716,2004,-0.0212,1.6149
4824,15:53:57.716,2006,-0.0203,1.6166
4825,15:53:57.717,2005,-0.0208,1.6158
4826,15:53:57.717,1999,-0.0237,1.6109
4827,15:53:57.718,1989,-0.0286,1.6029
4828,15:53:57.718,1984,-0.0310,1.5988
4829,15:53:57.719,1987,-0.0295,1.6012
4830,15:53:57.719,1998,-0.0242,1.6101
4831,15:53:57.720,2007,-0.0198,1.6174
4832,15:53:57.720,2016,-0.0154,1.6246
4833,15:53:57.721,2030,-0.0085,1.6359
4834,15:53:57.721,2045,-0.0012,1.6480
4835,15:53:57.722,2040,-0.0037,1.6440
4836,15:53:57.722,2043,-0.0022,1.6464
4837,15:53:57.723,2063,0.0076,1.6625
4838,15:53:57.723,2078,0.0149,1.6746
4839,15:53:57.724,2069,0.0105,1.6673
4840,15:53:57.724,2058,0.0051,1.6585
4841,15:53:57.725,2046,-0.0007,1.6488
4842,15:53:57.725,2039,-0.0042,1.6432
4843,15:53:57.726,2017,-0.0149,1.6254
4844,15:53:57.726,2003,-0.0217,1.6141
4845,15:53:57.727,2010,-0.0183,1.6198
4846,15:53:57.727,2013,-0.0168,1.6222
4847,15:53:57.728,2012,-0.0173,1.6214
4848,15:53:57.728,2000,-0.0232,1.6117
4849,15:53:57.729,2006,-0.0203,1.6166
4850,15:53:57.729,2006,-0.0203,1.6166
4851,15:53:57.730,1999,-0.0237,1.6109
4852,15:53:57.730,1986,-0.0300,1.6004
4853,15:53:57.731,1987,-0.0295,1.6012
4854,15:53:57.731,1991,-0.0276,1.6045
4855,15:53:57.732,2004,-0.0212,1.6149
4856,15:53:57.732,2008,-0.0193,1.6182
4857,15:53:57.733,2015,-0.0159,1.6238
4858,15:53:57.733,2042,-0.0027,1.6456
4859,15:53:57.734,2042,-0.0027,1.6456
4860,15:53:57.734,2043,-0.0022,1.6464
4861,15:53:57.735,2049,0.0007,1.6512
4862,15:53:57.735,2065,0.0085,1.6641
4863,15:53:57.736,2076,0.0139,1.6730
4864,15:53:57.736,2068,0.0100,1.6665
4865,15:53:57.737,2055,0.0037,1.6560
4866,15:53:57.737,2046,-0.0007,1.6488
4867,15:53:57.738,2035,-0.0061,1.6399
4868,15:53:57.738,2013,-0.0168,1.6222
4869,15:53:57.739,2003,-0.0217,1.6141
4870,15:53:57.739,2009,-0.0188,1.6190
4871,15:53:57.740,2014,-0.0164,1.6230
4872,15:53:57.740,2007,-0.0198,1.6174
4873,15:53:57.741,2002,-0.0222,1.6133
4874,15:53:57.741,2005,-0.0208,1.6158
4875,15:53:57.742,2001,-0.0227,1.6125
4876,15:53:57.742,1995,-0.0256,1.6077
4877,15:53:57.743,1984,-0.0310,1.5988
4878,15:53:57.743,1983,-0.0315,1.5980
4879,15:53:57.744,1993,-0.0266,1.6061
4880,15:53:57.744,2002,-0.0222,1.6133
4881,15:53:57.745,2008,-0.0193,1.6182
4882,15:53:57.745,2023,-0.0120,1.6303
4883,15:53:57.746,2034,-0.0066,1.6391
4884,15:53:57.746,2040,-0.0037,1.6440
4885,15:53:57.747,2039,-0.0042,1.6432
4886,15:53:57.747,2050,0.0012,1.6520
4887,15:53:57.748,2070,0.0110,1.6681
4888,15:53:57.748,2072,0.0120,1.6697
4889,15:53:57.749,2067,0.0095,1.6657
4890,15:53:57.749,2056,0.0042,1.6568
4891,15:53:57.750,2046,-0.0007,1.6488
4892,15:53:57.750,2037,-0.0051,1.6415
4893,15:53:57.751,2012,-0.0173,1.6214
4894,15:53:57.751,2004,-0.0212,1.6149
4895,15:53:57.752,2009,-0.0188,1.6190
4896,15:53:57.752,2014,-0.0164,1.6230
4897,15:53:57.753,2008,-0.0193,1.6182
4898,15:53:57.753,2001,-0.0227,1.6125
4899,15:53:57.754,2005,-0.0208,1.6158
4900,15:53:57.754,2003,-0.0217,1.6141
4901,15:53:57.755,1993,-0.0266,1.6061
4902,15:53:57.755,1985,-0.0305,1.5996
4903,15:53:57.756,1984,-0.0310,1.5988
4904,15:53:57.756,1994,-0.0261,1.6069
4905,15:53:57.757,2003,-0.0217,1.6141
4906,15:53:57.757,2011,-0.0178,1.6206
4907,15:53:57.758,2020,-0.0134,1.6278
4908,15:53:57.758,2036,-0.0056,1.6407
4909,15:53:57.759,2038,-0.0046,1.6423
4910,15:53:57.759,2039,-0.0042,1.6432
4911,15:53:57.760,2045,-0.0012,1.6480
4912,15:53:57.760,2068,0.0100,1.6665
4913,15:53:57.761,2078,0.0149,1.6746
4914,15:53:57.761,2067,0.0095,1.6657
4915,15:53:57.762,2060,0.0061,1.6601
4916,15:53:57.762,2049,0.0007,1.6512
4917,15:53:57.763,2034,-0.0066,1.6391
4918,15:53:57.763,2013,-0.0168,1.6222
4919,15:53:57.764,2004,-0.0212,1.6149
4920,15:53:57.764,2010,-0.0183,1.6198
4921,15:53:57.765,2016,-0.0154,1.6246
4922,15:53:57.765,2006,-0.0203,1.6166
4923,15:53:57.766,2005,-0.0208,1.6158
4924,15:53:57.766,2007,-0.0198,1.6174
4925,15:53:57.767,2003,-0.0217,1.6141
4926,15:53:57.767,1998,-0.0242,1.6101
4927,15:53:57.768,1988,-0.0291,1.6021
4928,15:53:57.768,1987,-0.0295,1.6012
4929,15:53:57.769,1995,-0.0256,1.6077
4930,15:53:57.769,2009,-0.0188,1.6190
4931,15:53:57.770,2014,-0.0164,1.6230
4932,15:53:57.770,2024,-0.0115,1.6311
4933,15:53:57.771,2037,-0.0051,1.6415
4934,15:53:57.771,2040,-0.0037,1.6440
4935,15:53:57.772,2038,-0.0046,1.6423
4936,15:53:57.772,2050,0.0012,1.6520
4937,15:53:57.773,2075,0.0134,1.6722
4938,15:53:57.773,2072,0.0120,1.6697
4939,15:53:57.774,2069,0.0105,1.6673
4940,15:53:57.774,2054,0.0032,1.6552
4941,15:53:57.775,2046,-0.0007,1.6488
4942,15:53:57.775,2036,-0.0056,1.6407
4943,15:53:57.776,2004,-0.0212,1.6149
4944,15:53:57.776,2001,-0.0227,1.6125
4945,15:53:57.777,2012,-0.0173,1.6214
4946,15:53:57.777,2011,-0.0178,1.6206
4947,15:53:57.778,2006,-0.0203,1.6166
4948,15:53:57.778,2004,-0.0212,1.6149
4949,15:53:57.779,2002,-0.0222,1.6133
4950,15:53:57.779,2001,-0.0227,1.6125
4951,15:53:57.780,1994,-0.0261,1.6069
4952,15:53:57.780,1984,-0.0310,1.5988
4953,15:53:57.781,1989,-0.0286,1.6029
4954,15:53:57.781,1997,-0.0247,1.6093
4955,15:53:57.782,2007,-0.0198,1.6174
4956,15:53:57.782,2012,-0.0173,1.6214
4957,15:53:57.783,2023,-0.0120,1.6303
4958,15:53:57.783,2035,-0.0061,1.6399
4959,15:53:57.784,2037,-0.0051,1.6415
4960,15:53:57.784,2038,-0.0046,1.6423
4961,15:53:57.785,2056,0.0042,1.6568
4962,15:53:57.785,2073,0.0125,1.6705
4963,15:53:57.786,2074,0.0129,1.6714
4964,15:53:57.786,2070,0.0110,1.6681
4965,15:53:57.787,2057,0.0046,1.6577
4966,15:53:57.787,2048,0.0002,1.6504
4967,15:53:57.788,2029,-0.0090,1.6351
4968,15:53:57.788,2007,-0.0198,1.6174
4969,15:53:57.789,2004,-0.0212,1.6149
4970,15:53:57.789,2012,-0.0173,1.6214
4971,15:53:57.790,2012,-0.0173,1.6214
4972,15:53:57.790,2010,-0.0183,1.6198
4973,15:53:57.791,2005,-0.0208,1.6158
4974,15:53:57.791,1999,-0.0237,1.6109
4975,15:53:57.792,2002,-0.0222,1.6133
4976,15:53:57.792,1993,-0.0266,1.6061
4977,15:53:57.793,1983,-0.0315,1.5980
4978,15:53:57.793,1987,-0.0295,1.6012
4979,15:53:57.794,1996,-0.0252,1.6085
4980,15:53:57.794,2014,-0.0164,1.6230
4981,15:53:57.795,2012,-0.0173,1.6214
4982,15:53:57.795,2030,-0.0085,1.6359
4983,15:53:57.796,2044,-0.0017,1.6472
4984,15:53:57.796,2039,-0.0042,1.6432
4985,15:53:57.797,2040,-0.0037,1.6440
4986,15:53:57.797,2055,0.0037,1.6560
4987,15:53:57.798,2065,0.0085,1.6641
4988,15:53:57.798,2071,0.0115,1.6689
4989,15:53:57.799,2065,0.0085,1.6641
4990,15:53:57.799,2061,0.0066,1.6609
4991,15:53:57.800,2050,0.0012,1.6520
4992,15:53:57.800,2031,-0.0081,1.6367
4993,15:53:57.801,2006,-0.0203,1.6166
4994,15:53:57.801,2005,-0.0208,1.6158
4995,15:53:57.802,2008,-0.0193,1.6182
4996,15:53:57.802,2012,-0.0173,1.6214
4997,15:53:57.803,2006,-0.0203,1.6166
4998,15:53:57.803,2003,-0.0217,1.6141
4999,15:53:57.804,2003,-0.0217,1.6141
5000,15:53:57.804,2001,-0.0227,1.6125
5001,15:53:57.805,1987,-0.0295,1.6012
5002,15:53:57.805,1982,-0.0320,1.5972
5003,15:53:57.806,1981,-0.0325,1.5964
5004,15:53:57.806,1997,-0.0247,1.6093
5005,15:53:57.807,2005,-0.0208,1.6158
5006,15:53:57.807,2013,-0.0168,1.6222
5007,15:53:57.808,2025,-0.0110,1.6319
5008,15:53:57.808,2039,-0.0042,1.6432
5009,15:53:57.809,2033,-0.0071,1.6383
5010,15:53:57.809,2035,-0.0061,1.6399
5011,15:53:57.810,2055,0.0037,1.6560
5012,15:53:57.810,2067,0.0095,1.6657
5013,15:53:57.811,2071,0.0115,1.6689
5014,15:53:57.811,2065,0.0085,1.6641
5015,15:53:57.812,2057,0.0046,1.6577
5016,15:53:57.812,2049,0.0007,1.6512
5017,15:53:57.813,2022,-0.0125,1.6295
5018,15:53:57.813,2006,-0.0203,1.6166
5019,15:53:57.814,2006,-0.0203,1.6166
5020,15:53:57.814,2011,-0.0178,1.6206
5021,15:53:57.815,2008,-0.0193,1.6182
5022,15:53:57.815,2004,-0.0212,1.6149
5023,15:53:57.816,2007,-0.0198,1.6174
5024,15:53:57.816,2004,-0.0212,1.6149
5025,15:53:57.817,1999,-0.0237,1.6109
5026,15:53:57.817,1989,-0.0286,1.6029
5027,15:53:57.818,1980,-0.0330,1.5956
5028,15:53:57.818,1994,-0.0261,1.6069
5029,15:53:57.819,2001,-0.0227,1.6125
5030,15:53:57.819,2012,-0.0173,1.6214
5031,15:53:57.820,2014,-0.0164,1.6230
5032,15:53:57.820,2031,-0.0081,1.6367
5033,15:53:57.821,2039,-0.0042,1.6432
5034,15:53:57.821,2035,-0.0061,1.6399
5035,15:53:57.822,2038,-0.0046,1.6423
5036,15:53:57.822,2056,0.0042,1.6568
5037,15:53:57.823,2074,0.0129,1.6714
5038,15:53:57.823,2071,0.0115,1.6689
5039,15:53:57.824,2064,0.0081,1.6633
5040,15:53:57.824,2057,0.0046,1.6577
5041,15:53:57.825,2049,0.0007,1.6512
5042,15:53:57.825,2021,-0.0129,1.6286
5043,15:53:57.826,2004,-0.0212,1.6149
5044,15:53:57.826,2009,-0.0188,1.6190
5045,15:53:57.827,2017,-0.0149,1.6254
5046,15:53:57.827,2007,-0.0198,1.6174
5047,15:53:57.828,2010,-0.0183,1.6198
5048,15:53:57.828,2004,-0.0212,1.6149
5049,15:53:57.829,2006,-0.0203,1.6166
5050,15:53:57.829,2000,-0.0232,1.6117
5051,15:53:57.830,1991,-0.0276,1.6045
5052,15:53:57.830,1988,-0.0291,1.6021
5053,15:53:57.831,1993,-0.0266,1.6061
5054,15:53:57.831,2002,-0.0222,1.6133
5055,15:53:57.832,2008,-0.0193,1.6182
5056,15:53:57.832,2018,-0.0144,1.6262
5057,15:53:57.833,2025,-0.0110,1.6319
5058,15:53:57.833,2034,-0.0066,1.6391
5059,15:53:57.834,2033,-0.0071,1.6383
5060,15:53:57.834,2038,-0.0046,1.6423
5061,15:53:57.835,2053,0.0027,1.6544
5062,15:53:57.835,2076,0.0139,1.6730
5063,15:53:57.836,2065,0.0085,1.6641
5064,15:53:57.836,2065,0.0085,1.6641
5065,15:53:57.837,2056,0.0042,1.6568
5066,15:53:57.837,2044,-0.0017,1.6472
5067,15:53:57.838,2021,-0.0129,1.6286
5068,15:53:57.838,2002,-0.0222,1.6133
5069,15:53:57.839,2005,-0.0208,1.6158
5070,15:53:57.839,2011,-0.0178,1.6206
5071,15:53:57.840,2003,-0.0217,1.6141
5072,15:53:57.840,2003,-0.0217,1.6141
5073,15:53:57.841,2000,-0.0232,1.6117
5074,15:53:57.841,2004,-0.0212,1.6149
5075,15:53:57.842,1999,-0.0237,1.6109
5076,15:53:57.842,1989,-0.0286,1.6029
5077,15:53:57.843,1986,-0.0300,1.6004
5078,15:53:57.843,1990,-0.0281,1.6037
5079,15:53:57.844,2005,-0.0208,1.6158
5080,15:53:57.844,2013,-0.0168,1.6222
5081,15:53:57.845,2016,-0.0154,1.6246
5082,15:53:57.845,2030,-0.0085,1.6359
5083,15:53:57.846,2038,-0.0046,1.6423
5084,15:53:57.846,2036,-0.0056,1.6407
5085,15:53:57.847,2039,-0.0042,1.6432
5086,15:53:57.847,2063,0.0076,1.6625
5087,15:53:57.848,2074,0.0129,1.6714
5088,15:53:57.848,2072,0.0120,1.6697
5089,15:53:57.849,2067,0.0095,1.6657
5090,15:53:57.849,2057,0.0046,1.6577
5091,15:53:57.850,2041,-0.0032,1.6448
5092,15:53:57.850,2019,-0.0139,1.6270
5093,15:53:57.851,2006,-0.0203,1.6166
5094,15:53:57.851,2010,-0.0183,1.6198
5095,15:53:57.852,2009,-0.0188,1.6190
5096,15:53:57.852,2010,-0.0183,1.6198
5097,15:53:57.853,2008,-0.0193,1.6182
5098,15:53:57.853,2006,-0.0203,1.6166
5099,15:53:57.854,2009,-0.0188,1.6190
5100,15:53:57.854,1997,-0.0247,1.6093
5101,15:53:57.855,1987,-0.0295,1.6012
5102,15:53:57.855,1990,-0.0281,1.6037
5103,15:53:57.856,1993,-0.0266,1.6061
5104,15:53:57.856,2007,-0.0198,1.6174
5105,15:53:57.857,2009,-0.0188,1.6190
5106,15:53:57.857,2019,-0.0139,1.6270
5107,15:53:57.858,2034,-0.0066,1.6391
5108,15:53:57.858,2036,-0.0056,1.6407
5109,15:53:57.859,2034,-0.0066,1.6391
5110,15:53:57.859,2036,-0.0056,1.6407
5111,15:53:57.860,2061,0.0066,1.6609
5112,15:53:57.860,2073,0.0125,1.6705
5113,15:53:57.861,2071,0.0115,1.6689
5114,15:53:57.861,2063,0.0076,1.6625
5115,15:53:57.862,2059,0.0056,1.6593
5116,15:53:57.862,2038,-0.0046,1.6423
5117,15:53:57.863,2013,-0.0168,1.6222
5118,15:53:57.863,2006,-0.0203,1.6166
5119,15:53:57.864,2004,-0.0212,1.6149
5120,15:53:57.864,2011,-0.0178,1.6206
5121,15:53:57.865,2007,-0.0198,1.6174
5122,15:53:57.865,2001,-0.0227,1.6125
5123,15:53:57.866,1998,-0.0242,1.6101
5124,15:53:57.866,2006,-0.0203,1.6166
5125,15:53:57.867,1994,-0.0261,1.6069
5126,15:53:57.867,1989,-0.0286,1.6029
5127,15:53:57.868,1985,-0.0305,1.5996
5128,15:53:57.868,1993,-0.0266,1.6061
5129,15:53:57.869,2003,-0.0217,1.6141
5130,15:53:57.869,2014,-0.0164,1.6230
5131,15:53:57.870,2015,-0.0159,1.6238
5132,15:53:57.870,2031,-0.0081,1.6367
5133,15:53:57.871,2036,-0.0056,1.6407
5134,15:53:57.871,2031,-0.0081,1.6367
5135,15:53:57.872,2040,-0.0037,1.6440
5136,15:53:57.872,2059,0.0056,1.6593
5137,15:53:57.873,2076,0.0139,1.6730
5138,15:53:57.873,2072,0.0120,1.6697
5139,15:53:57.874,2068,0.0100,1.6665
5140,15:53:57.874,2060,0.0061,1.6601
5141,15:53:57.875,2041,-0.0032,1.6448
5142,15:53:57.875,2012,-0.0173,1.6214
5143,15:53:57.876,2003,-0.0217,1.6141
5144,15:53:57.876,2011,-0.0178,1.6206
5145,15:53:57.877,2012,-0.0173,1.6214
5146,15:53:57.877,2005,-0.0208,1.6158
5147,15:53:57.878,2009,-0.0188,1.6190
5148,15:53:57.878,2006,-0.0203,1.6166
5149,15:53:57.879,2010,-0.0183,1.6198
5150,15:53:57.879,1998,-0.0242,1.6101
5151,15:53:57.880,1989,-0.0286,1.6029
5152,15:53:57.880,1990,-0.0281,1.6037
5153,15:53:57.881,1999,-0.0237,1.6109
5154,15:53:57.881,2006,-0.0203,1.6166
5155,15:53:57.882,2009,-0.0188,1.6190
5156,15:53:57.882,2028,-0.0095,1.6343
5157,15:53:57.883,2032,-0.0076,1.6375
5158,15:53:57.883,2034,-0.0066,1.6391
5159,15:53:57.884,2027,-0.0100,1.6335
5160,15:53:57.884,2042,-0.0027,1.6456
5161,15:53:57.885,2064,0.0081,1.6633
5162,15:53:57.885,2074,0.0129,1.6714
5163,15:53:57.886,2072,0.0120,1.6697
5164,15:53:57.886,2060,0.0061,1.6601
5165,15:53:57.887,2054,0.0032,1.6552
5166,15:53:57.887,2037,-0.0051,1.6415
5167,15:53:57.888,2013,-0.0168,1.6222
5168,15:53:57.888,2010,-0.0183,1.6198
5169,15:53:57.889,2011,-0.0178,1.6206
5170,15:53:57.889,2007,-0.0198,1.6174
5171,15:53:57.890,2008,-0.0193,1.6182
5172,15:53:57.890,2003,-0.0217,1.6141
5173,15:53:57.891,2004,-0.0212,1.6149
5174,15:53:57.891,2005,-0.0208,1.6158
5175,15:53:57.892,1995,-0.0256,1.6077
5176,15:53:57.892,1986,-0.0300,1.6004
5177,15:53:57.893,1985,-0.0305,1.5996
5178,15:53:57.893,1999,-0.0237,1.6109
5179,15:53:57.894,2005,-0.0208,1.6158
5180,15:53:57.894,2012,-0.0173,1.6214
5181,15:53:57.895,2026,-0.0105,1.6327
5182,15:53:57.895,2035,-0.0061,1.6399
5183,15:53:57.896,2036,-0.0056,1.6407
5184,15:53:57.896,2034,-0.0066,1.6391
5185,15:53:57.897,2051,0.0017,1.6528
5186,15:53:57.897,2070,0.0110,1.6681
5187,15:53:57.898,2077,0.0144,1.6738
5188,15:53:57.898,2070,0.0110,1.6681
5189,15:53:57.899,2067,0.0095,1.6657
5190,15:53:57.899,2057,0.0046,1.6577
5191,15:53:57.900,2030,-0.0085,1.6359
5192,15:53:57.900,2010,-0.0183,1.6198
5193,15:53:57.901,2004,-0.0212,1.6149
5194,15:53:57.901,2010,-0.0183,1.6198
5195,15:53:57.902,2013,-0.0168,1.6222
5196,15:53:57.902,2008,-0.0193,1.6182
5197,15:53:57.903,2009,-0.0188,1.6190
5198,15:53:57.903,2010,-0.0183,1.6198
5199,15:53:57.904,2005,-0.0208,1.6158
5200,15:53:57.904,1992,-0.0271,1.6053
5201,15:53:57.905,1986,-0.0300,1.6004
5202,15:53:57.905,1988,-0.0291,1.6021
5203,15:53:57.906,1997,-0.0247,1.6093
5204,15:53:57.906,2002,-0.0222,1.6133
5205,15:53:57.907,2012,-0.0173,1.6214
5206,15:53:57.907,2022,-0.0125,1.6295
5207,15:53:57.908,2031,-0.0081,1.6367
5208,15:53:57.908,2030,-0.0085,1.6359
5209,15:53:57.909,2031,-0.0081,1.6367
5210,15:53:57.909,2042,-0.0027,1.6456
5211,15:53:57.910,2068,0.0100,1.6665
5212,15:53:57.910,2075,0.0134,1.6722
5213,15:53:57.911,2072,0.0120,1.6697
5214,15:53:57.911,2065,0.0085,1.6641
5215,15:53:57.912,2052,0.0022,1.6536
5216,15:53:57.912,2027,-0.0100,1.6335
5217,15:53:57.913,2011,-0.0178,1.6206
5218,15:53:57.913,2009,-0.0188,1.6190
5219,15:53:57.914,2010,-0.0183,1.6198
5220,15:53:57.914,2007,-0.0198,1.6174
5221,15:53:57.915,2004,-0.0212,1.6149
5222,15:53:57.915,2009,-0.0188,1.6190
5223,15:53:57.916,2008,-0.0193,1.6182
5224,15:53:57.916,2006,-0.0203,1.6166
5225,15:53:57.917,1995,-0.0256,1.6077
5226,15:53:57.917,1991,-0.0276,1.6045
5227,15:53:57.918,1994,-0.0261,1.6069
5228,15:53:57.918,2004,-0.0212,1.6149
5229,15:53:57.919,2005,-0.0208,1.6158
5230,15:53:57.919,2011,-0.0178,1.6206
5231,15:53:57.920,2029,-0.0090,1.6351
5232,15:53:57.920,2030,-0.0085,1.6359
5233,15:53:57.921,2039,-0.0042,1.6432
5234,15:53:57.921,2035,-0.0061,1.6399
5235,15:53:57.922,2053,0.0027,1.6544
5236,15:53:57.922,2072,0.0120,1.6697
5237,15:53:57.923,2072,0.0120,1.6697
5238,15:53:57.923,2066,0.0090,1.6649
5239,15:53:57.924,2059,0.0056,1.6593
5240,15:53:57.924,2046,-0.0007,1.6488
5241,15:53:57.925,2029,-0.0090,1.6351
5242,15:53:57.925,2011,-0.0178,1.6206
5243,15:53:57.926,2010,-0.0183,1.6198
5244,15:53:57.926,2009,-0.0188,1.6190
5245,15:53:57.927,2008,-0.0193,1.6182
5246,15:53:57.927,2008,-0.0193,1.6182
5247,15:53:57.928,2007,-0.0198,1.6174
5248,15:53:57.928,2005,-0.0208,1.6158
5249,15:53:57.929,2004,-0.0212,1.6149
5250,15:53:57.929,1991,-0.0276,1.6045
5251,15:53:57.930,1989,-0.0286,1.6029
5252,15:53:57.930,1991,-0.0276,1.6045
5253,15:53:57.931,2003,-0.0217,1.6141
5254,15:53:57.931,2003,-0.0217,1.6141
5255,15:53:57.932,2014,-0.0164,1.6230
5256,15:53:57.932,2028,-0.0095,1.6343
5257,15:53:57.933,2032,-0.0076,1.6375
5258,15:53:57.933,2030,-0.0085,1.6359
5259,15:53:57.934,2036,-0.0056,1.6407
5260,15:53:57.934,2052,0.0022,1.6536
5261,15:53:57.935,2071,0.0115,1.6689
5262,15:53:57.935,2071,0.0115,1.6689
5263,15:53:57.936,2066,0.0090,1.6649
5264,15:53:57.936,2062,0.0071,1.6617
5265,15:53:57.937,2048,0.0002,1.6504
5266,15:53:57.937,2026,-0.0105,1.6327
5267,15:53:57.938,2008,-0.0193,1.6182
5268,15:53:57.938,2008,-0.0193,1.6182
5269,15:53:57.939,2011,-0.0178,1.6206
5270,15:53:57.939,2012,-0.0173,1.6214
5271,15:53:57.940,2003,-0.0217,1.6141
5272,15:53:57.940,2005,-0.0208,1.6158
5273,15:53:57.941,2007,-0.0198,1.6174
5274,15:53:57.941,2004,-0.0212,1.6149
5275,15:53:57.942,1990,-0.0281,1.6037
5276,15:53:57.942,1985,-0.0305,1.5996
5277,15:53:57.943,1990,-0.0281,1.6037
5278,15:53:57.943,2001,-0.0227,1.6125
5279,15:53:57.944,2002,-0.0222,1.6133
5280,15:53:57.944,2014,-0.0164,1.6230
5281,15:53:57.945,2029,-0.0090,1.6351
5282,15:53:57.945,2034,-0.0066,1.6391
5283,15:53:57.946,2031,-0.0081,1.6367
5284,15:53:57.946,2038,-0.0046,1.6423
5285,15:53:57.947,2058,0.0051,1.6585
5286,15:53:57.947,2069,0.0105,1.6673
5287,15:53:57.948,2070,0.0110,1.6681
5288,15:53:57.948,2067,0.0095,1.6657
5289,15:53:57.949,2055,0.0037,1.6560
5290,15:53:57.949,2041,-0.0032,1.6448
5291,15:53:57.950,2020,-0.0134,1.6278
5292,15:53:57.950,2005,-0.0208,1.6158
5293,15:53:57.951,2009,-0.0188,1.6190
5294,15:53:57.951,2011,-0.0178,1.6206
5295,15:53:57.952,2009,-0.0188,1.6190
5296,15:53:57.952,2008,-0.0193,1.6182
5297,15:53:57.953,2004,-0.0212,1.6149
5298,15:53:57.953,2008,-0.0193,1.6182
5299,15:53:57.954,2002,-0.0222,1.6133
5300,15:53:57.954,1992,-0.0271,1.6053
5301,15:53:57.955,1987,-0.0295,1.6012
5302,15:53:57.955,1993,-0.0266,1.6061
5303,15:53:57.956,2007,-0.0198,1.6174
5304,15:53:57.956,2008,-0.0193,1.6182
5305,15:53:57.957,2014,-0.0164,1.6230
5306,15:53:57.957,2029,-0.0090,1.6351
5307,15:53:57.958,2034,-0.0066,1.6391
5308,15:53:57.958,2033,-0.0071,1.6383
5309,15:53:57.959,2037,-0.0051,1.6415
5310,15:53:57.959,2056,0.0042,1.6568
5311,15:53:57.960,2071,0.0115,1.6689
5312,15:53:57.960,2069,0.0105,1.6673
5313,15:53:57.961,2065,0.0085,1.6641
5314,15:53:57.961,2062,0.0071,1.6617
5315,15:53:57.962,2043,-0.0022,1.6464
5316,15:53:57.962,2022,-0.0125,1.6295
5317,15:53:57.963,2012,-0.0173,1.6214
5318,15:53:57.963,2015,-0.0159,1.6238
5319,15:53:57.964,2017,-0.0149,1.6254
5320,15:53:57.964,2010,-0.0183,1.6198
5321,15:53:57.965,2008,-0.0193,1.6182
5322,15:53:57.965,2008,-0.0193,1.6182
5323,15:53:57.966,2009,-0.0188,1.6190
5324,15:53:57.966,2001,-0.0227,1.6125
5325,15:53:57.967,1994,-0.0261,1.6069
5326,15:53:57.967,1987,-0.0295,1.6012
5327,15:53:57.968,1992,-0.0271,1.6053
5328,15:53:57.968,2000,-0.0232,1.6117
5329,15:53:57.969,2013,-0.0168,1.6222
5330,15:53:57.969,2015,-0.0159,1.6238
5331,15:53:57.970,2032,-0.0076,1.6375
5332,15:53:57.970,2031,-0.0081,1.6367
5333,15:53:57.971,2033,-0.0071,1.6383
5334,15:53:57.971,2035,-0.0061,1.6399
5335,15:53:57.972,2059,0.0056,1.6593
5336,15:53:57.972,2071,0.0115,1.6689
5337,15:53:57.973,2070,0.0110,1.6681
5338,15:53:57.973,2065,0.0085,1.6641
5339,15:53:57.974,2054,0.0032,1.6552
5340,15:53:57.974,2037,-0.0051,1.6415
5341,15:53:57.975,2014,-0.0164,1.6230
5342,15:53:57.975,2007,-0.0198,1.6174
5343,15:53:57.976,2008,-0.0193,1.6182
5344,15:53:57.976,2013,-0.0168,1.6222
5345,15:53:57.977,2009,-0.0188,1.6190
5346,15:53:57.977,2005,-0.0208,1.6158
5347,15:53:57.978,2005,-0.0208,1.6158
5348,15:53:57.978,2003,-0.0217,1.6141
5349,15:53:57.979,1998,-0.0242,1.6101
5350,15:53:57.979,1989,-0.0286,1.6029
5351,15:53:57.980,1985,-0.0305,1.5996
5352,15:53:57.980,1993,-0.0266,1.6061
5353,15:53:57.981,2004,-0.0212,1.6149
5354,15:53:57.981,2010,-0.0183,1.6198
5355,15:53:57.982,2018,-0.0144,1.6262
5356,15:53:57.982,2027,-0.0100,1.6335
5357,15:53:57.983,2029,-0.0090,1.6351
5358,15:53:57.983,2029,-0.0090,1.6351
5359,15:53:57.984,2037,-0.0051,1.6415
5360,15:53:57.984,2063,0.0076,1.6625
5361,15:53:57.985,2072,0.0120,1.6697
5362,15:53:57.985,2070,0.0110,1.6681
5363,15:53:57.986,2067,0.0095,1.6657
5364,15:53:57.986,2054,0.0032,1.6552
5365,15:53:57.987,2036,-0.0056,1.6407
5366,15:53:57.987,2010,-0.0183,1.6198
5367,15:53:57.988,2009,-0.0188,1.6190
5368,15:53:57.988,2012,-0.0173,1.6214
5369,15:53:57.989,2016,-0.0154,1.6246
5370,15:53:57.989,2008,-0.0193,1.6182
5371,15:53:57.990,2010,-0.0183,1.6198
5372,15:53:57.990,2008,-0.0193,1.6182
5373,15:53:57.991,2007,-0.0198,1.6174
5374,15:53:57.991,1994,-0.0261,1.6069
5375,15:53:57.992,1986,-0.0300,1.6004
5376,15:53:57.992,1988,-0.0291,1.6021
5377,15:53:57.993,1996,-0.0252,1.6085
5378,15:53:57.993,2003,-0.0217,1.6141
5379,15:53:57.994,2007,-0.0198,1.6174
5380,15:53:57.994,2020,-0.0134,1.6278
5381,15:53:57.995,2030,-0.0085,1.6359
5382,15:53:57.995,2032,-0.0076,1.6375
5383,15:53:57.996,2034,-0.0066,1.6391
5384,15:53:57.996,2045,-0.0012,1.6480
5385,15:53:57.997,2066,0.0090,1.6649
5386,15:53:57.997,2075,0.0134,1.6722
5387,15:53:57.998,2068,0.0100,1.6665
5388,15:53:57.998,2064,0.0081,1.6633
5389,15:53:57.999,2054,0.0032,1.6552
5390,15:53:57.999,2039,-0.0042,1.6432
5391,15:53:58.000,2013,-0.0168,1.6222
5392,15:53:58.000,2010,-0.0183,1.6198
5393,15:53:58.001,2015,-0.0159,1.6238
5394,15:53:58.001,2014,-0.0164,1.6230
5395,15:53:58.002,2009,-0.0188,1.6190
5396,15:53:58.002,2001,-0.0227,1.6125
5397,15:53:58.003,2008,-0.0193,1.6182
5398,15:53:58.003,2002,-0.0222,1.6133
5399,15:53:58.004,1992,-0.0271,1.6053
5400,15:53:58.004,1985,-0.0305,1.5996
5401,15:53:58.005,1990,-0.0281,1.6037
5402,15:53:58.005,1996,-0.0252,1.6085
5403,15:53:58.006,2005,-0.0208,1.6158
5404,15:53:58.006,2008,-0.0193,1.6182
5405,15:53:58.007,2022,-0.0125,1.6295
5406,15:53:58.007,2029,-0.0090,1.6351
5407,15:53:58.008,2027,-0.0100,1.6335
5408,15:53:58.008,2026,-0.0105,1.6327
5409,15:53:58.009,2041,-0.0032,1.6448
5410,15:53:58.009,2065,0.0085,1.6641
5411,15:53:58.010,2073,0.0125,1.6705
5412,15:53:58.010,2065,0.0085,1.6641
5413,15:53:58.011,2061,0.0066,1.6609
5414,15:53:58.011,2052,0.0022,1.6536
5415,15:53:58.012,2030,-0.0085,1.6359
5416,15:53:58.012,2009,-0.0188,1.6190
5417,15:53:58.013,2006,-0.0203,1.6166
5418,15:53:58.013,2013,-0.0168,1.6222
5419,15:53:58.014,2012,-0.0173,1.6214
5420,15:53:58.014,2011,-0.0178,1.6206
5421,15:53:58.015,2006,-0.0203,1.6166
5422,15:53:58.015,2007,-0.0198,1.6174
5423,15:53:58.016,2002,-0.0222,1.6133
5424,15:53:58.016,1996,-0.0252,1.6085
5425,15:53:58.017,1991,-0.0276,1.6045
5426,15:53:58.017,1994,-0.0261,1.6069
5427,15:53:58.018,2002,-0.0222,1.6133
5428,15:53:58.018,2008,-0.0193,1.6182
5429,15:53:58.019,2010,-0.0183,1.6198
5430,15:53:58.019,2026,-0.0105,1.6327
5431,15:53:58.020,2033,-0.0071,1.6383
5432,15:53:58.020,2036,-0.0056,1.6407
5433,15:53:58.021,2035,-0.0061,1.6399
5434,15:53:58.021,2052,0.0022,1.6536
5435,15:53:58.022,2070,0.0110,1.6681
5436,15:53:58.022,2072,0.0120,1.6697
5437,15:53:58.023,2067,0.0095,1.6657
5438,15:53:58.023,2061,0.0066,1.6609
5439,15:53:58.024,2052,0.0022,1.6536
5440,15:53:58.024,2030,-0.0085,1.6359
5441,15:53:58.025,2013,-0.0168,1.6222
5442,15:53:58.025,2011,-0.0178,1.6206
5443,15:53:58.026,2017,-0.0149,1.6254
5444,15:53:58.026,2017,-0.0149,1.6254
5445,15:53:58.027,2003,-0.0217,1.6141
5446,15:53:58.027,2003,-0.0217,1.6141
5447,15:53:58.028,2008,-0.0193,1.6182
5448,15:53:58.028,1995,-0.0256,1.6077
5449,15:53:58.029,1991,-0.0276,1.6045
5450,15:53:58.029,1986,-0.0300,1.6004
5451,15:53:58.030,1989,-0.0286,1.6029
5452,15:53:58.030,2000,-0.0232,1.6117
5453,15:53:58.031,2004,-0.0212,1.6149
5454,15:53:58.031,2009,-0.0188,1.6190
5455,15:53:58.032,2024,-0.0115,1.6311
5456,15:53:58.032,2030,-0.0085,1.6359
5457,15:53:58.033,2027,-0.0100,1.6335
5458,15:53:58.033,2031,-0.0081,1.6367
5459,15:53:58.034,2050,0.0012,1.6520
5460,15:53:58.034,2068,0.0100,1.6665
5461,15:53:58.035,2067,0.0095,1.6657
5462,15:53:58.035,2066,0.0090,1.6649
5463,15:53:58.036,2062,0.0071,1.6617
5464,15:53:58.036,2052,0.0022,1.6536
5465,15:53:58.037,2024,-0.0115,1.6311
5466,15:53:58.037,2007,-0.0198,1.6174
5467,15:53:58.038,2013,-0.0168,1.6222
5468,15:53:58.038,2021,-0.0129,1.6286
5469,15:53:58.039,2018,-0.0144,1.6262
5470,15:53:58.039,2004,-0.0212,1.6149
5471,15:53:58.040,2007,-0.0198,1.6174
5472,15:53:58.040,2007,-0.0198,1.6174
5473,15:53:58.041,1999,-0.0237,1.6109
5474,15:53:58.041,1993,-0.0266,1.6061
5475,15:53:58.042,1987,-0.0295,1.6012
5476,15:53:58.042,1988,-0.0291,1.6021
5477,15:53:58.043,2003,-0.0217,1.6141
5478,15:53:58.043,2002,-0.0222,1.6133
5479,15:53:58.044,2014,-0.0164,1.6230
5480,15:53:58.044,2029,-0.0090,1.6351
5481,15:53:58.045,2031,-0.0081,1.6367
5482,15:53:58.045,2032,-0.0076,1.6375
5483,15:53:58.046,2034,-0.0066,1.6391
5484,15:53:58.046,2049,0.0007,1.6512
5485,15:53:58.047,2067,0.0095,1.6657
5486,15:53:58.047,2070,0.0110,1.6681
5487,15:53:58.048,2063,0.0076,1.6625
5488,15:53:58.048,2064,0.0081,1.6633
5489,15:53:58.049,2048,0.0002,1.6504
5490,15:53:58.049,2026,-0.0105,1.6327
5491,15:53:58.050,2014,-0.0164,1.6230
5492,15:53:58.050,2012,-0.0173,1.6214
5493,15:53:58.051,2015,-0.0159,1.6238
5494,15:53:58.051,2014,-0.0164,1.6230
5495,15:53:58.052,2008,-0.0193,1.6182
5496,15:53:58.052,2004,-0.0212,1.6149
5497,15:53:58.053,2001,-0.0227,1.6125
5498,15:53:58.053,2001,-0.0227,1.6125
5499,15:53:58.054,1989,-0.0286,1.6029
5500,15:53:58.054,1987,-0.0295,1.6012
5501,15:53:58.055,1994,-0.0261,1.6069
5502,15:53:58.055,2000,-0.0232,1.6117
5503,15:53:58.056,2005,-0.0208,1.6158
5504,15:53:58.056,2017,-0.0149,1.6254
5505,15:53:58.057,2026,-0.0105,1.6327
5506,15:53:58.057,2030,-0.0085,1.6359
5507,15:53:58.058,2028,-0.0095,1.6343
5508,15:53:58.058,2032,-0.0076,1.6375
5509,15:53:58.059,2053,0.0027,1.6544
5510,15:53:58.059,2067,0.0095,1.6657
5511,15:53:58.060,2071,0.0115,1.6689
5512,15:53:58.060,2065,0.0085,1.6641
5513,15:53:58.061,2059,0.0056,1.6593
5514,15:53:58.061,2041,-0.0032,1.6448
5515,15:53:58.062,2025,-0.0110,1.6319
5516,15:53:58.062,2017,-0.0149,1.6254
5517,15:53:58.063,2017,-0.0149,1.6254
5518,15:53:58.063,2019,-0.0139,1.6270
5519,15:53:58.064,2016,-0.0154,1.6246
5520,15:53:58.064,2006,-0.0203,1.6166
5521,15:53:58.065,2006,-0.0203,1.6166
5522,15:53:58.065,2002,-0.0222,1.6133
5523,15:53:58.066,1996,-0.0252,1.6085
5524,15:53:58.066,1991,-0.0276,1.6045
5525,15:53:58.067,1988,-0.0291,1.6021
5526,15:53:58.067,1997,-0.0247,1.6093
5527,15:53:58.068,2005,-0.0208,1.6158
5528,15:53:58.068,2010,-0.0183,1.6198
5529,15:53:58.069,2016,-0.0154,1.6246
5530,15:53:58.069,2026,-0.0105,1.6327
5531,15:53:58.070,2027,-0.0100,1.6335
5532,15:53:58.070,2026,-0.0105,1.6327
5533,15:53:58.071,2035,-0.0061,1.6399
5534,15:53:58.071,2056,0.0042,1.6568
5535,15:53:58.072,2069,0.0105,1.6673
5536,15:53:58.072,2067,0.0095,1.6657
5537,15:53:58.073,2063,0.0076,1.6625
5538,15:53:58.073,2059,0.0056,1.6593
5539,15:53:58.074,2039,-0.0042,1.6432
5540,15:53:58.074,2021,-0.0129,1.6286
5541,15:53:58.075,2012,-0.0173,1.6214
5542,15:53:58.075,2016,-0.0154,1.6246
5543,15:53:58.076,2020,-0.0134,1.6278
5544,15:53:58.076,2013,-0.0168,1.6222
5545,15:53:58.077,2004,-0.0212,1.6149
5546,15:53:58.077,2003,-0.0217,1.6141
5547,15:53:58.078,1998,-0.0242,1.6101
5548,15:53:58.078,1997,-0.0247,1.6093
5549,15:53:58.079,1985,-0.0305,1.5996
5550,15:53:58.079,1986,-0.0300,1.6004
5551,15:53:58.080,1993,-0.0266,1.6061
5552,15:53:58.080,2004,-0.0212,1.6149
5553,15:53:58.081,2008,-0.0193,1.6182
5554,15:53:58.081,2017,-0.0149,1.6254
5555,15:53:58.082,2026,-0.0105,1.6327
5556,15:53:58.082,2033,-0.0071,1.6383
5557,15:53:58.083,2029,-0.0090,1.6351
5558,15:53:58.083,2036,-0.0056,1.6407
5559,15:53:58.084,2054,0.0032,1.6552
5560,15:53:58.084,2068,0.0100,1.6665
5561,15:53:58.085,2067,0.0095,1.6657
5562,15:53:58.085,2065,0.0085,1.6641
5563,15:53:58.086,2056,0.0042,1.6568
5564,15:53:58.086,2039,-0.0042,1.6432
5565,15:53:58.087,2019,-0.0139,1.6270
5566,15:53:58.087,2013,-0.0168,1.6222
5567,15:53:58.088,2021,-0.0129,1.6286
5568,15:53:58.088,2021,-0.0129,1.6286
5569,15:53:58.089,2013,-0.0168,1.6222
5570,15:53:58.089,2009,-0.0188,1.6190
5571,15:53:58.090,2007,-0.0198,1.6174
5572,15:53:58.090,2000,-0.0232,1.6117
5573,15:53:58.091,1992,-0.0271,1.6053
5574,15:53:58.091,1990,-0.0281,1.6037
5575,15:53:58.092,1987,-0.0295,1.6012
5576,15:53:58.092,1997,-0.0247,1.6093
5577,15:53:58.093,2006,-0.0203,1.6166
5578,15:53:58.093,2012,-0.0173,1.6214
5579,15:53:58.094,2024,-0.0115,1.6311
5580,15:53:58.094,2029,-0.0090,1.6351
5581,15:53:58.095,2031,-0.0081,1.6367
5582,15:53:58.095,2032,-0.0076,1.6375
5583,15:53:58.096,2036,-0.0056,1.6407
5584,15:53:58.096,2057,0.0046,1.6577
5585,15:53:58.097,2070,0.0110,1.6681
5586,15:53:58.097,2065,0.0085,1.6641
5587,15:53:58.098,2066,0.0090,1.6649
5588,15:53:58.098,2056,0.0042,1.6568
5589,15:53:58.099,2039,-0.0042,1.6432
5590,15:53:58.099,2019,-0.0139,1.6270
5591,15:53:58.100,2016,-0.0154,1.6246
5592,15:53:58.100,2021,-0.0129,1.6286
5593,15:53:58.101,2020,-0.0134,1.6278
5594,15:53:58.101,2013,-0.0168,1.6222
5595,15:53:58.102,2004,-0.0212,1.6149
5596,15:53:58.102,2004,-0.0212,1.6149
5597,15:53:58.103,1999,-0.0237,1.6109
5598,15:53:58.103,1991,-0.0276,1.6045
5599,15:53:58.104,1988,-0.0291,1.6021
5600,15:53:58.104,1988,-0.0291,1.6021
5601,15:53:58.105,2001,-0.0227,1.6125
5602,15:53:58.105,2006,-0.0203,1.6166
5603,15:53:58.106,2006,-0.0203,1.6166
5604,15:53:58.106,2020,-0.0134,1.6278
5605,15:53:58.107,2029,-0.0090,1.6351
5606,15:53:58.107,2028,-0.0095,1.6343
5607,15:53:58.108,2029,-0.0090,1.6351
5608,15:53:58.108,2038,-0.0046,1.6423
5609,15:53:58.109,2058,0.0051,1.6585
5610,15:53:58.109,2066,0.0090,1.6649
5611,15:53:58.110,2062,0.0071,1.6617
5612,15:53:58.110,2063,0.0076,1.6625
5613,15:53:58.111,2057,0.0046,1.6577
5614,15:53:58.111,2038,-0.0046,1.6423
5615,15:53:58.112,2018,-0.0144,1.6262
5616,15:53:58.112,2019,-0.0139,1.6270
5617,15:53:58.113,2021,-0.0129,1.6286
5618,15:53:58.113,2020,-0.0134,1.6278
5619,15:53:58.114,2012,-0.0173,1.6214
5620,15:53:58.114,2004,-0.0212,1.6149
5621,15:53:58.115,2003,-0.0217,1.6141
5622,15:53:58.115,1999,-0.0237,1.6109
5623,15:53:58.116,1992,-0.0271,1.6053
5624,15:53:58.116,1987,-0.0295,1.6012
5625,15:53:58.117,1992,-0.0271,1.6053
5626,15:53:58.117,2001,-0.0227,1.6125
5627,15:53:58.118,2008,-0.0193,1.6182
5628,15:53:58.118,2012,-0.0173,1.6214
5629,15:53:58.119,2025,-0.0110,1.6319
5630,15:53:58.119,2025,-0.0110,1.6319
5631,15:53:58.120,2030,-0.0085,1.6359
5632,15:53:58.120,2028,-0.0095,1.6343
5633,15:53:58.121,2041,-0.0032,1.6448
5634,15:53:58.121,2060,0.0061,1.6601
5635,15:53:58.122,2067,0.0095,1.6657
5636,15:53:58.122,2070,0.0110,1.6681
5637,15:53:58.123,2061,0.0066,1.6609
5638,15:53:58.123,2053,0.0027,1.6544
5639,15:53:58.124,2034,-0.0066,1.6391
5640,15:53:58.124,2017,-0.0149,1.6254
5641,15:53:58.125,2016,-0.0154,1.6246
5642,15:53:58.125,2019,-0.0139,1.6270
5643,15:53:58.126,2020,-0.0134,1.6278
5644,15:53:58.126,2008,-0.0193,1.6182
5645,15:53:58.127,2006,-0.0203,1.6166
5646,15:53:58.127,2001,-0.0227,1.6125
5647,15:53:58.128,1995,-0.0256,1.6077
5648,15:53:58.128,1994,-0.0261,1.6069
5649,15:53:58.129,1984,-0.0310,1.5988
5650,15:53:58.129,1989,-0.0286,1.6029
5651,15:53:58.130,2000,-0.0232,1.6117
5652,15:53:58.130,2008,-0.0193,1.6182
5653,15:53:58.131,2016,-0.0154,1.6246
5654,15:53:58.131,2029,-0.0090,1.6351
5655,15:53:58.132,2027,-0.0100,1.6335
5656,15:53:58.132,2027,-0.0100,1.6335
5657,15:53:58.133,2026,-0.0105,1.6327
5658,15:53:58.133,2044,-0.0017,1.6472
5659,15:53:58.134,2062,0.0071,1.6617
5660,15:53:58.134,2067,0.0095,1.6657
5661,15:53:58.135,2067,0.0095,1.6657
5662,15:53:58.135,2062,0.0071,1.6617
5663,15:53:58.136,2052,0.0022,1.6536
5664,15:53:58.136,2033,-0.0071,1.6383
5665,15:53:58.137,2023,-0.0120,1.6303
5666,15:53:58.137,2017,-0.0149,1.6254
5667,15:53:58.138,2024,-0.0115,1.6311
5668,15:53:58.138,2019,-0.0139,1.6270
5669,15:53:58.139,2005,-0.0208,1.6158
5670,15:53:58.139,2007,-0.0198,1.6174
5671,15:53:58.140,2004,-0.0212,1.6149
5672,15:53:58.140,1999,-0.0237,1.6109
5673,15:53:58.141,1994,-0.0261,1.6069
5674,15:53:58.141,1985,-0.0305,1.5996
5675,15:53:58.142,1993,-0.0266,1.6061
5676,15:53:58.142,2004,-0.0212,1.6149
5677,15:53:58.143,2008,-0.0193,1.6182
5678,15:53:58.143,2011,-0.0178,1.6206
5679,15:53:58.144,2025,-0.0110,1.6319
5680,15:53:58.144,2026,-0.0105,1.6327
5681,15:53:58.145,2025,-0.0110,1.6319
5682,15:53:58.145,2026,-0.0105,1.6327
5683,15:53:58.146,2040,-0.0037,1.6440
5684,15:53:58.146,2057,0.0046,1.6577
5685,15:53:58.147,2064,0.0081,1.6633
5686,15:53:58.147,2060,0.0061,1.6601
5687,15:53:58.148,2064,0.0081,1.6633
5688,15:53:58.148,2045,-0.0012,1.6480
5689,15:53:58.149,2030,-0.0085,1.6359
5690,15:53:58.149,2019,-0.0139,1.6270
5691,15:53:58.150,2015,-0.0159,1.6238
5692,15:53:58.150,2019,-0.0139,1.6270
5693,15:53:58.151,2013,-0.0168,1.6222
5694,15:53:58.151,2012,-0.0173,1.6214
5695,15:53:58.152,2001,-0.0227,1.6125
5696,15:53:58.152,2000,-0.0232,1.6117
5697,15:53:58.153,1997,-0.0247,1.6093
5698,15:53:58.153,1991,-0.0276,1.6045
5699,15:53:58.154,1988,-0.0291,1.6021
5700,15:53:58.154,1993,-0.0266,1.6061
5701,15:53:58.155,2005,-0.0208,1.6158
5702,15:53:58.155,2009,-0.0188,1.6190
5703,15:53:58.156,2012,-0.0173,1.6214
5704,15:53:58.156,2024,-0.0115,1.6311
5705,15:53:58.157,2031,-0.0081,1.6367
5706,15:53:58.157,2030,-0.0085,1.6359
5707,15:53:58.158,2027,-0.0100,1.6335
5708,15:53:58.158,2044,-0.0017,1.6472
5709,15:53:58.159,2064,0.0081,1.6633
5710,15:53:58.159,2062,0.0071,1.6617
5711,15:53:58.160,2065,0.0085,1.6641
5712,15:53:58.160,2058,0.0051,1.6585
5713,15:53:58.161,2052,0.0022,1.6536
5714,15:53:58.161,2030,-0.0085,1.6359
5715,15:53:58.162,2023,-0.0120,1.6303
5716,15:53:58.162,2018,-0.0144,1.6262
5717,15:53:58.163,2023,-0.0120,1.6303
5718,15:53:58.163,2017,-0.0149,1.6254
5719,15:53:58.164,2005,-0.0208,1.6158
5720,15:53:58.164,2002,-0.0222,1.6133
5721,15:53:58.165,2000,-0.0232,1.6117
5722,15:53:58.165,1998,-0.0242,1.6101
5723,15:53:58.166,1992,-0.0271,1.6053
5724,15:53:58.166,1990,-0.0281,1.6037
5725,15:53:58.167,1998,-0.0242,1.6101
5726,15:53:58.167,2001,-0.0227,1.6125
5727,15:53:58.168,2009,-0.0188,1.6190
5728,15:53:58.168,2012,-0.0173,1.6214
5729,15:53:58.169,2023,-0.0120,1.6303
5730,15:53:58.169,2028,-0.0095,1.6343
5731,15:53:58.170,2026,-0.0105,1.6327
5732,15:53:58.170,2027,-0.0100,1.6335
5733,15:53:58.171,2045,-0.0012,1.6480
5734,15:53:58.171,2060,0.0061,1.6601
5735,15:53:58.172,2066,0.0090,1.6649
5736,15:53:58.172,2061,0.0066,1.6609
5737,15:53:58.173,2063,0.0076,1.6625
5738,15:53:58.173,2050,0.0012,1.6520
5739,15:53:58.174,2026,-0.0105,1.6327
5740,15:53:58.174,2019,-0.0139,1.6270
5741,15:53:58.175,2018,-0.0144,1.6262
5742,15:53:58.175,2022,-0.0125,1.6295
5743,15:53:58.176,2008,-0.0193,1.6182
5744,15:53:58.176,2004,-0.0212,1.6149
5745,15:53:58.177,2002,-0.0222,1.6133
5746,15:53:58.177,2000,-0.0232,1.6117
5747,15:53:58.178,1991,-0.0276,1.6045
5748,15:53:58.178,1990,-0.0281,1.6037
5749,15:53:58.179,1991,-0.0276,1.6045
5750,15:53:58.179,2001,-0.0227,1.6125
5751,15:53:58.180,2005,-0.0208,1.6158
5752,15:53:58.180,2005,-0.0208,1.6158
5753,15:53:58.181,2012,-0.0173,1.6214
5754,15:53:58.181,2024,-0.0115,1.6311
5755,15:53:58.182,2030,-0.0085,1.6359
5756,15:53:58.182,2029,-0.0090,1.6351
5757,15:53:58.183,2033,-0.0071,1.6383
5758,15:53:58.183,2051,0.0017,1.6528
5759,15:53:58.184,2069,0.0105,1.6673
5760,15:53:58.184,2068,0.0100,1.6665
5761,15:53:58.185,2065,0.0085,1.6641
5762,15:53:58.185,2063,0.0076,1.6625
5763,15:53:58.186,2050,0.0012,1.6520
5764,15:53:58.186,2027,-0.0100,1.6335
5765,15:53:58.187,2025,-0.0110,1.6319
5766,15:53:58.187,2021,-0.0129,1.6286
5767,15:53:58.188,2023,-0.0120,1.6303
5768,15:53:58.188,2015,-0.0159,1.6238
5769,15:53:58.189,2005,-0.0208,1.6158
5770,15:53:58.189,2004,-0.0212,1.6149
5771,15:53:58.190,2001,-0.0227,1.6125
5772,15:53:58.190,1993,-0.0266,1.6061
5773,15:53:58.191,1988,-0.0291,1.6021
5774,15:53:58.191,1986,-0.0300,1.6004
5775,15:53:58.192,2003,-0.0217,1.6141
5776,15:53:58.192,2003,-0.0217,1.6141
5777,15:53:58.193,2003,-0.0217,1.6141
5778,15:53:58.193,2015,-0.0159,1.6238
5779,15:53:58.194,2023,-0.0120,1.6303
5780,15:53:58.194,2023,-0.0120,1.6303
5781,15:53:58.195,2026,-0.0105,1.6327
5782,15:53:58.195,2032,-0.0076,1.6375
5783,15:53:58.196,2053,0.0027,1.6544
5784,15:53:58.196,2059,0.0056,1.6593
5785,15:53:58.197,2062,0.0071,1.6617
5786,15:53:58.197,2064,0.0081,1.6633
5787,15:53:58.198,2060,0.0061,1.6601
5788,15:53:58.198,2045,-0.0012,1.6480
5789,15:53:58.199,2023,-0.0120,1.6303
5790,15:53:58.199,2013,-0.0168,1.6222
5791,15:53:58.200,2019,-0.0139,1.6270
5792,15:53:58.200,2018,-0.0144,1.6262
5793,15:53:58.201,2011,-0.0178,1.6206
5794,15:53:58.201,2001,-0.0227,1.6125
5795,15:53:58.202,2002,-0.0222,1.6133
5796,15:53:58.202,2002,-0.0222,1.6133
5797,15:53:58.203,1994,-0.0261,1.6069
5798,15:53:58.203,1990,-0.0281,1.6037
5799,15:53:58.204,1995,-0.0256,1.6077
5800,15:53:58.204,2000,-0.0232,1.6117
5801,15:53:58.205,2005,-0.0208,1.6158
5802,15:53:58.205,2004,-0.0212,1.6149
5803,15:53:58.206,2016,-0.0154,1.6246
5804,15:53:58.206,2023,-0.0120,1.6303
5805,15:53:58.207,2027,-0.0100,1.6335
5806,15:53:58.207,2025,-0.0110,1.6319
5807,15:53:58.208,2037,-0.0051,1.6415
5808,15:53:58.208,2057,0.0046,1.6577
5809,15:53:58.209,2059,0.0056,1.6593
5810,15:53:58.209,2065,0.0085,1.6641
5811,15:53:58.210,2062,0.0071,1.6617
5812,15:53:58.210,2059,0.0056,1.6593
5813,15:53:58.211,2049,0.0007,1.6512
5814,15:53:58.211,2027,-0.0100,1.6335
5815,15:53:58.212,2019,-0.0139,1.6270
5816,15:53:58.212,2023,-0.0120,1.6303
5817,15:53:58.213,2020,-0.0134,1.6278
5818,15:53:58.213,2011,-0.0178,1.6206
5819,15:53:58.214,2002,-0.0222,1.6133
5820,15:53:58.214,2000,-0.0232,1.6117
5821,15:53:58.215,1998,-0.0242,1.6101
5822,15:53:58.215,1993,-0.0266,1.6061
5823,15:53:58.216,1994,-0.0261,1.6069
5824,15:53:58.216,1994,-0.0261,1.6069
5825,15:53:58.217,2004,-0.0212,1.6149
5826,15:53:58.217,2005,-0.0208,1.6158
5827,15:53:58.218,2007,-0.0198,1.6174
5828,15:53:58.218,2017,-0.0149,1.6254
5829,15:53:58.219,2029,-0.0090,1.6351
5830,15:53:58.219,2023,-0.0120,1.6303
5831,15:53:58.220,2025,-0.0110,1.6319
5832,15:53:58.220,2039,-0.0042,1.6432
5833,15:53:58.221,2053,0.0027,1.6544
5834,15:53:58.221,2057,0.0046,1.6577
5835,15:53:58.222,2060,0.0061,1.6601
5836,15:53:58.222,2061,0.0066,1.6609
5837,15:53:58.223,2057,0.0046,1.6577
5838,15:53:58.223,2040,-0.0037,1.6440
5839,15:53:58.224,2025,-0.0110,1.6319
5840,15:53:58.224,2018,-0.0144,1.6262
5841,15:53:58.225,2026,-0.0105,1.6327
5842,15:53:58.225,2021,-0.0129,1.6286
5843,15:53:58.226,2010,-0.0183,1.6198
5844,15:53:58.226,2001,-0.0227,1.6125
5845,15:53:58.227,2000,-0.0232,1.6117
5846,15:53:58.227,1993,-0.0266,1.6061
5847,15:53:58.228,1994,-0.0261,1.6069
5848,15:53:58.228,1989,-0.0286,1.6029
5849,15:53:58.229,1999,-0.0237,1.6109
5850,15:53:58.229,2001,-0.0227,1.6125
5851,15:53:58.230,2002,-0.0222,1.6133
5852,15:53:58.230,2007,-0.0198,1.6174
5853,15:53:58.231,2017,-0.0149,1.6254
5854,15:53:58.231,2026,-0.0105,1.6327
5855,15:53:58.232,2026,-0.0105,1.6327
5856,15:53:58.232,2028,-0.0095,1.6343
5857,15:53:58.233,2040,-0.0037,1.6440
5858,15:53:58.233,2057,0.0046,1.6577
5859,15:53:58.234,2059,0.0056,1.6593
5860,15:53:58.234,2064,0.0081,1.6633
5861,15:53:58.235,2064,0.0081,1.6633
5862,15:53:58.235,2059,0.0056,1.6593
5863,15:53:58.236,2039,-0.0042,1.6432
5864,15:53:58.236,2031,-0.0081,1.6367
5865,15:53:58.237,2024,-0.0115,1.6311
5866,15:53:58.237,2026,-0.0105,1.6327
5867,15:53:58.238,2020,-0.0134,1.6278
5868,15:53:58.238,2008,-0.0193,1.6182
5869,15:53:58.239,2002,-0.0222,1.6133
5870,15:53:58.239,1999,-0.0237,1.6109
5871,15:53:58.240,1996,-0.0252,1.6085
5872,15:53:58.240,1995,-0.0256,1.6077
5873,15:53:58.241,1988,-0.0291,1.6021
5874,15:53:58.241,2002,-0.0222,1.6133
5875,15:53:58.242,2002,-0.0222,1.6133
5876,15:53:58.242,2005,-0.0208,1.6158
5877,15:53:58.243,2010,-0.0183,1.6198
5878,15:53:58.243,2023,-0.0120,1.6303
5879,15:53:58.244,2024,-0.0115,1.6311
5880,15:53:58.244,2026,-0.0105,1.6327
5881,15:53:58.245,2028,-0.0095,1.6343
5882,15:53:58.245,2043,-0.0022,1.6464
5883,15:53:58.246,2055,0.0037,1.6560
5884,15:53:58.246,2061,0.0066,1.6609
5885,15:53:58.247,2061,0.0066,1.6609
5886,15:53:58.247,2061,0.0066,1.6609
5887,15:53:58.248,2056,0.0042,1.6568
5888,15:53:58.248,2039,-0.0042,1.6432
5889,15:53:58.249,2028,-0.0095,1.6343
5890,15:53:58.249,2027,-0.0100,1.6335
5891,15:53:58.250,2028,-0.0095,1.6343
5892,15:53:58.250,2019,-0.0139,1.6270
5893,15:53:58.251,2007,-0.0198,1.6174
5894,15:53:58.251,2000,-0.0232,1.6117
5895,15:53:58.252,2001,-0.0227,1.6125
5896,15:53:58.252,1999,-0.0237,1.6109
5897,15:53:58.253,1993,-0.0266,1.6061
5898,15:53:58.253,1997,-0.0247,1.6093
5899,15:53:58.254,1999,-0.0237,1.6109
5900,15:53:58.254,2006,-0.0203,1.6166
5901,15:53:58.255,2006,-0.0203,1.6166
5902,15:53:58.255,2003,-0.0217,1.6141
5903,15:53:58.256,2022,-0.0125,1.6295
5904,15:53:58.256,2024,-0.0115,1.6311
5905,15:53:58.257,2023,-0.0120,1.6303
5906,15:53:58.257,2030,-0.0085,1.6359
5907,15:53:58.258,2039,-0.0042,1.6432
5908,15:53:58.258,2059,0.0056,1.6593
5909,15:53:58.259,2058,0.0051,1.6585
5910,15:53:58.259,2061,0.0066,1.6609
5911,15:53:58.260,2059,0.0056,1.6593
5912,15:53:58.260,2052,0.0022,1.6536
5913,15:53:58.261,2035,-0.0061,1.6399
5914,15:53:58.261,2023,-0.0120,1.6303
5915,15:53:58.262,2023,-0.0120,1.6303
5916,15:53:58.262,2021,-0.0129,1.6286
5917,15:53:58.263,2013,-0.0168,1.6222
5918,15:53:58.263,2006,-0.0203,1.6166
5919,15:53:58.264,1997,-0.0247,1.6093
5920,15:53:58.264,1999,-0.0237,1.6109
5921,15:53:58.265,1999,-0.0237,1.6109
5922,15:53:58.265,1994,-0.0261,1.6069
5923,15:53:58.266,1995,-0.0256,1.6077
5924,15:53:58.266,1997,-0.0247,1.6093
5925,15:53:58.267,2006,-0.0203,1.6166
5926,15:53:58.267,2002,-0.0222,1.6133
5927,15:53:58.268,2010,-0.0183,1.6198
5928,15:53:58.268,2020,-0.0134,1.6278
5929,15:53:58.269,2027,-0.0100,1.6335
5930,15:53:58.269,2028,-0.0095,1.6343
5931,15:53:58.270,2032,-0.0076,1.6375
5932,15:53:58.270,2050,0.0012,1.6520
5933,15:53:58.271,2062,0.0071,1.6617
5934,15:53:58.271,2062,0.0071,1.6617
5935,15:53:58.272,2065,0.0085,1.6641
5936,15:53:58.272,2061,0.0066,1.6609
5937,15:53:58.273,2050,0.0012,1.6520
5938,15:53:58.273,2039,-0.0042,1.6432
5939,15:53:58.274,2027,-0.0100,1.6335
5940,15:53:58.274,2027,-0.0100,1.6335
5941,15:53:58.275,2028,-0.0095,1.6343
5942,15:53:58.275,2015,-0.0159,1.6238
5943,15:53:58.276,2003,-0.0217,1.6141
5944,15:53:58.276,1999,-0.0237,1.6109
5945,15:53:58.277,1999,-0.0237,1.6109
5946,15:53:58.277,1996,-0.0252,1.6085
5947,15:53:58.278,1994,-0.0261,1.6069
5948,15:53:58.278,1997,-0.0247,1.6093
5949,15:53:58.279,2002,-0.0222,1.6133
5950,15:53:58.279,2004,-0.0212,1.6149
5951,15:53:58.280,2000,-0.0232,1.6117
5952,15:53:58.280,2008,-0.0193,1.6182
5953,15:53:58.281,2015,-0.0159,1.6238
5954,15:53:58.281,2022,-0.0125,1.6295
5955,15:53:58.282,2026,-0.0105,1.6327
5956,15:53:58.282,2031,-0.0081,1.6367
5957,15:53:58.283,2049,0.0007,1.6512
5958,15:53:58.283,2055,0.0037,1.6560
5959,15:53:58.284,2060,0.0061,1.6601
5960,15:53:58.284,2062,0.0071,1.6617
5961,15:53:58.285,2061,0.0066,1.6609
5962,15:53:58.285,2048,0.0002,1.6504
5963,15:53:58.286,2034,-0.0066,1.6391
5964,15:53:58.286,2026,-0.0105,1.6327
5965,15:53:58.287,2032,-0.0076,1.6375
5966,15:53:58.287,2028,-0.0095,1.6343
5967,15:53:58.288,2015,-0.0159,1.6238
5968,15:53:58.288,2003,-0.0217,1.6141
5969,15:53:58.289,2002,-0.0222,1.6133
5970,15:53:58.289,2000,-0.0232,1.6117
5971,15:53:58.290,1996,-0.0252,1.6085
5972,15:53:58.290,1997,-0.0247,1.6093
5973,15:53:58.291,1993,-0.0266,1.6061
5974,15:53:58.291,2004,-0.0212,1.6149
5975,15:53:58.292,2003,-0.0217,1.6141
5976,15:53:58.292,2001,-0.0227,1.6125
5977,15:53:58.293,2009,-0.0188,1.6190
5978,15:53:58.293,2018,-0.0144,1.6262
5979,15:53:58.294,2023,-0.0120,1.6303
5980,15:53:58.294,2026,-0.0105,1.6327
5981,15:53:58.295,2037,-0.0051,1.6415
5982,15:53:58.295,2051,0.0017,1.6528
5983,15:53:58.296,2059,0.0056,1.6593
5984,15:53:58.296,2059,0.0056,1.6593
5985,15:53:58.297,2061,0.0066,1.6609
5986,15:53:58.297,2060,0.0061,1.6601
5987,15:53:58.298,2049,0.0007,1.6512
5988,15:53:58.298,2030,-0.0085,1.6359
5989,15:53:58.299,2024,-0.0115,1.6311
5990,15:53:58.299,2028,-0.0095,1.6343
5991,15:53:58.300,2024,-0.0115,1.6311
5992,15:53:58.300,2012,-0.0173,1.6214
5993,15:53:58.301,2004,-0.0212,1.6149
5994,15:53:58.301,2003,-0.0217,1.6141
5995,15:53:58.302,2000,-0.0232,1.6117
5996,15:53:58.302,1999,-0.0237,1.6109
5997,15:53:58.303,1994,-0.0261,1.6069
5998,15:53:58.303,1998,-0.0242,1.6101
5999,15:53:58.304,2001,-0.0227,1.6125
6000,15:53:58.304,2003,-0.0217,1.6141
6001,15:53:58.305,2005,-0.0208,1.6158
6002,15:53:58.305,2012,-0.0173,1.6214
6003,15:53:58.306,2023,-0.0120,1.6303
6004,15:53:58.306,2024,-0.0115,1.6311
6005,15:53:58.307,2025,-0.0110,1.6319
6006,15:53:58.307,2034,-0.0066,1.6391
6007,15:53:58.308,2050,0.0012,1.6520
6008,15:53:58.308,2060,0.0061,1.6601
6009,15:53:58.309,2059,0.0056,1.6593
6010,15:53:58.309,2060,0.0061,1.6601
6011,15:53:58.310,2054,0.0032,1.6552
6012,15:53:58.310,2045,-0.0012,1.6480
6013,15:53:58.311,2028,-0.0095,1.6343
6014,15:53:58.311,2024,-0.0115,1.6311
6015,15:53:58.312,2028,-0.0095,1.6343
6016,15:53:58.312,2021,-0.0129,1.6286
6017,15:53:58.313,2010,-0.0183,1.6198
6018,15:53:58.313,1999,-0.0237,1.6109
6019,15:53:58.314,1999,-0.0237,1.6109
6020,15:53:58.314,1997,-0.0247,1.6093
6021,15:53:58.315,1994,-0.0261,1.6069
6022,15:53:58.315,1994,-0.0261,1.6069
6023,15:53:58.316,1997,-0.0247,1.6093
6024,15:53:58.316,2003,-0.0217,1.6141
6025,15:53:58.317,2002,-0.0222,1.6133
6026,15:53:58.317,2005,-0.0208,1.6158
6027,15:53:58.318,2014,-0.0164,1.6230
6028,15:53:58.318,2020,-0.0134,1.6278
6029,15:53:58.319,2023,-0.0120,1.6303
6030,15:53:58.319,2025,-0.0110,1.6319
6031,15:53:58.320,2034,-0.0066,1.6391
6032,15:53:58.320,2059,0.0056,1.6593
6033,15:53:58.321,2061,0.0066,1.6609
6034,15:53:58.321,2058,0.0051,1.6585
6035,15:53:58.322,2065,0.0085,1.6641
6036,15:53:58.322,2060,0.0061,1.6601
6037,15:53:58.323,2043,-0.0022,1.6464
6038,15:53:58.323,2029,-0.0090,1.6351
6039,15:53:58.324,2026,-0.0105,1.6327
6040,15:53:58.324,2030,-0.0085,1.6359
6041,15:53:58.325,2022,-0.0125,1.6295
6042,15:53:58.325,2012,-0.0173,1.6214
6043,15:53:58.326,2006,-0.0203,1.6166
6044,15:53:58.326,2002,-0.0222,1.6133
6045,15:53:58.327,1995,-0.0256,1.6077
6046,15:53:58.327,1993,-0.0266,1.6061
6047,15:53:58.328,1994,-0.0261,1.6069
6048,15:53:58.328,2004,-0.0212,1.6149
6049,15:53:58.329,2001,-0.0227,1.6125
6050,15:53:58.329,2002,-0.0222,1.6133
6051,15:53:58.330,2004,-0.0212,1.6149
6052,15:53:58.330,2007,-0.0198,1.6174
6053,15:53:58.331,2020,-0.0134,1.6278
6054,15:53:58.331,2022,-0.0125,1.6295
6055,15:53:58.332,2026,-0.0105,1.6327
6056,15:53:58.332,2039,-0.0042,1.6432
6057,15:53:58.333,2052,0.0022,1.6536
6058,15:53:58.333,2057,0.0046,1.6577
6059,15:53:58.334,2057,0.0046,1.6577
6060,15:53:58.334,2058,0.0051,1.6585
6061,15:53:58.335,2052,0.0022,1.6536
6062,15:53:58.335,2039,-0.0042,1.6432
6063,15:53:58.336,2026,-0.0105,1.6327
6064,15:53:58.336,2028,-0.0095,1.6343
6065,15:53:58.337,2032,-0.0076,1.6375
6066,15:53:58.337,2020,-0.0134,1.6278
6067,15:53:58.338,2011,-0.0178,1.6206
6068,15:53:58.338,1999,-0.0237,1.6109
6069,15:53:58.339,2004,-0.0212,1.6149
6070,15:53:58.339,1995,-0.0256,1.6077
6071,15:53:58.340,1994,-0.0261,1.6069
6072,15:53:58.340,1998,-0.0242,1.6101
6073,15:53:58.341,2002,-0.0222,1.6133
6074,15:53:58.341,2008,-0.0193,1.6182
6075,15:53:58.342,2002,-0.0222,1.6133
6076,15:53:58.342,2006,-0.0203,1.6166
6077,15:53:58.343,2016,-0.0154,1.6246
6078,15:53:58.343,2021,-0.0129,1.6286
6079,15:53:58.344,2023,-0.0120,1.6303
6080,15:53:58.344,2027,-0.0100,1.6335
6081,15:53:58.345,2041,-0.0032,1.6448
6082,15:53:58.345,2055,0.0037,1.6560
6083,15:53:58.346,2062,0.0071,1.6617
6084,15:53:58.346,2056,0.0042,1.6568
6085,15:53:58.347,2060,0.0061,1.6601
6086,15:53:58.347,2054,0.0032,1.6552
6087,15:53:58.348,2040,-0.0037,1.6440
6088,15:53:58.348,2028,-0.0095,1.6343
6089,15:53:58.349,2030,-0.0085,1.6359
6090,15:53:58.349,2028,-0.0095,1.6343
6091,15:53:58.350,2019,-0.0139,1.6270
6092,15:53:58.350,2007,-0.0198,1.6174
6093,15:53:58.351,1998,-0.0242,1.6101
6094,15:53:58.351,2001,-0.0227,1.6125
6095,15:53:58.352,1996,-0.0252,1.6085
6096,15:53:58.352,1999,-0.0237,1.6109
6097,15:53:58.353,1996,-0.0252,1.6085
6098,15:53:58.353,2003,-0.0217,1.6141
6099,15:53:58.354,2002,-0.0222,1.6133
6100,15:53:58.354,2002,-0.0222,1.6133
6101,15:53:58.355,2004,-0.0212,1.6149
6102,15:53:58.355,2013,-0.0168,1.6222
6103,15:53:58.356,2025,-0.0110,1.6319
6104,15:53:58.356,2022,-0.0125,1.6295
6105,15:53:58.357,2032,-0.0076,1.6375
6106,15:53:58.357,2048,0.0002,1.6504
6107,15:53:58.358,2055,0.0037,1.6560
6108,15:53:58.358,2057,0.0046,1.6577
6109,15:53:58.359,2061,0.0066,1.6609
6110,15:53:58.359,2062,0.0071,1.6617
6111,15:53:58.360,2052,0.0022,1.6536
6112,15:53:58.360,2038,-0.0046,1.6423
6113,15:53:58.361,2027,-0.0100,1.6335
6114,15:53:58.361,2029,-0.0090,1.6351
6115,15:53:58.362,2033,-0.0071,1.6383
6116,15:53:58.362,2021,-0.0129,1.6286
6117,15:53:58.363,2009,-0.0188,1.6190
6118,15:53:58.363,2004,-0.0212,1.6149
6119,15:53:58.364,2003,-0.0217,1.6141
6120,15:53:58.364,1995,-0.0256,1.6077
6121,15:53:58.365,1991,-0.0276,1.6045
6122,15:53:58.365,1996,-0.0252,1.6085
6123,15:53:58.366,2006,-0.0203,1.6166
6124,15:53:58.366,2002,-0.0222,1.6133
6125,15:53:58.367,2000,-0.0232,1.6117
6126,15:53:58.367,2009,-0.0188,1.6190
6127,15:53:58.368,2011,-0.0178,1.6206
6128,15:53:58.368,2024,-0.0115,1.6311
6129,15:53:58.369,2021,-0.0129,1.6286
6130,15:53:58.369,2034,-0.0066,1.6391
6131,15:53:58.370,2048,0.0002,1.6504
6132,15:53:58.370,2057,0.0046,1.6577
6133,15:53:58.371,2059,0.0056,1.6593
6134,15:53:58.371,2055,0.0037,1.6560
6135,15:53:58.372,2056,0.0042,1.6568
6136,15:53:58.372,2055,0.0037,1.6560
6137,15:53:58.373,2030,-0.0085,1.6359
6138,15:53:58.373,2023,-0.0120,1.6303
6139,15:53:58.374,2030,-0.0085,1.6359
6140,15:53:58.374,2027,-0.0100,1.6335
6141,15:53:58.375,2020,-0.0134,1.6278
6142,15:53:58.375,2005,-0.0208,1.6158
6143,15:53:58.376,2001,-0.0227,1.6125
6144,15:53:58.376,1998,-0.0242,1.6101
6145,15:53:58.377,1997,-0.0247,1.6093
6146,15:53:58.377,1995,-0.0256,1.6077
6147,15:53:58.378,1995,-0.0256,1.6077
6148,15:53:58.378,2004,-0.0212,1.6149
6149,15:53:58.379,2003,-0.0217,1.6141
6150,15:53:58.379,1999,-0.0237,1.6109
6151,15:53:58.380,2005,-0.0208,1.6158
6152,15:53:58.380,2013,-0.0168,1.6222
6153,15:53:58.381,2019,-0.0139,1.6270
6154,15:53:58.381,2021,-0.0129,1.6286
6155,15:53:58.382,2035,-0.0061,1.6399
6156,15:53:58.382,2044,-0.0017,1.6472
6157,15:53:58.383,2056,0.0042,1.6568
6158,15:53:58.383,2054,0.0032,1.6552
6159,15:53:58.384,2059,0.0056,1.6593
6160,15:53:58.384,2062,0.0071,1.6617
6161,15:53:58.385,2054,0.0032,1.6552
6162,15:53:58.385,2037,-0.0051,1.6415
6163,15:53:58.386,2030,-0.0085,1.6359
6164,15:53:58.386,2033,-0.0071,1.6383
6165,15:53:58.387,2033,-0.0071,1.6383
6166,15:53:58.387,2023,-0.0120,1.6303
6167,15:53:58.388,2010,-0.0183,1.6198
6168,15:53:58.388,2004,-0.0212,1.6149
6169,15:53:58.389,2000,-0.0232,1.6117
6170,15:53:58.389,2000,-0.0232,1.6117
6171,15:53:58.390,1996,-0.0252,1.6085
6172,15:53:58.390,1998,-0.0242,1.6101
6173,15:53:58.391,2004,-0.0212,1.6149
6174,15:53:58.391,2004,-0.0212,1.6149
6175,15:53:58.392,2001,-0.0227,1.6125
6176,15:53:58.392,2004,-0.0212,1.6149
6177,15:53:58.393,2015,-0.0159,1.6238
6178,15:53:58.393,2024,-0.0115,1.6311
6179,15:53:58.394,2026,-0.0105,1.6327
6180,15:53:58.394,2033,-0.0071,1.6383
6181,15:53:58.395,2049,0.0007,1.6512
6182,15:53:58.395,2055,0.0037,1.6560
6183,15:53:58.396,2054,0.0032,1.6552
6184,15:53:58.396,2057,0.0046,1.6577
6185,15:53:58.397,2057,0.0046,1.6577
6186,15:53:58.397,2045,-0.0012,1.6480
6187,15:53:58.398,2031,-0.0081,1.6367
6188,15:53:58.398,2029,-0.0090,1.6351
6189,15:53:58.399,2030,-0.0085,1.6359
6190,15:53:58.399,2029,-0.0090,1.6351
6191,15:53:58.400,2016,-0.0154,1.6246
6192,15:53:58.400,2009,-0.0188,1.6190
6193,15:53:58.401,2005,-0.0208,1.6158
6194,15:53:58.401,2001,-0.0227,1.6125
6195,15:53:58.402,1995,-0.0256,1.6077
6196,15:53:58.402,1997,-0.0247,1.6093
6197,15:53:58.403,2002,-0.0222,1.6133
6198,15:53:58.403,2002,-0.0222,1.6133
6199,15:53:58.404,2003,-0.0217,1.6141
6200,15:53:58.404,2002,-0.0222,1.6133
6201,15:53:58.405,2009,-0.0188,1.6190
6202,15:53:58.405,2018,-0.0144,1.6262
6203,15:53:58.406,2027,-0.0100,1.6335
6204,15:53:58.406,2026,-0.0105,1.6327
6205,15:53:58.407,2034,-0.0066,1.6391
6206,15:53:58.407,2048,0.0002,1.6504
6207,15:53:58.408,2057,0.0046,1.6577
6208,15:53:58.408,2058,0.0051,1.6585
6209,15:53:58.409,2056,0.0042,1.6568
6210,15:53:58.409,2057,0.0046,1.6577
6211,15:53:58.410,2049,0.0007,1.6512
6212,15:53:58.410,2033,-0.0071,1.6383
6213,15:53:58.411,2028,-0.0095,1.6343
6214,15:53:58.411,2033,-0.0071,1.6383
6215,15:53:58.412,2032,-0.0076,1.6375
6216,15:53:58.412,2017,-0.0149,1.6254
6217,15:53:58.413,2008,-0.0193,1.6182
6218,15:53:58.413,1999,-0.0237,1.6109
6219,15:53:58.414,2001,-0.0227,1.6125
6220,15:53:58.414,1997,-0.0247,1.6093
6221,15:53:58.415,1995,-0.0256,1.6077
6222,15:53:58.415,1999,-0.0237,1.6109
6223,15:53:58.416,2005,-0.0208,1.6158
6224,15:53:58.416,2003,-0.0217,1.6141
6225,15:53:58.417,2000,-0.0232,1.6117
6226,15:53:58.417,2011,-0.0178,1.6206
6227,15:53:58.418,2017,-0.0149,1.6254
6228,15:53:58.418,2027,-0.0100,1.6335
6229,15:53:58.419,2026,-0.0105,1.6327
6230,15:53:58.419,2039,-0.0042,1.6432
6231,15:53:58.420,2050,0.0012,1.6520
6232,15:53:58.420,2057,0.0046,1.6577
6233,15:53:58.421,2055,0.0037,1.6560
6234,15:53:58.421,2059,0.0056,1.6593
6235,15:53:58.422,2053,0.0027,1.6544
6236,15:53:58.422,2041,-0.0032,1.6448
6237,15:53:58.423,2031,-0.0081,1.6367
6238,15:53:58.423,2031,-0.0081,1.6367
6239,15:53:58.424,2030,-0.0085,1.6359
6240,15:53:58.424,2028,-0.0095,1.6343
6241,15:53:58.425,2014,-0.0164,1.6230
6242,15:53:58.425,2003,-0.0217,1.6141
6243,15:53:58.426,2001,-0.0227,1.6125
6244,15:53:58.426,1998,-0.0242,1.6101
6245,15:53:58.427,1994,-0.0261,1.6069
6246,15:53:58.427,1995,-0.0256,1.6077
6247,15:53:58.428,1999,-0.0237,1.6109
6248,15:53:58.428,2002,-0.0222,1.6133
6249,15:53:58.429,1998,-0.0242,1.6101
6250,15:53:58.429,2000,-0.0232,1.6117
6251,15:53:58.430,2010,-0.0183,1.6198
6252,15:53:58.430,2016,-0.0154,1.6246
6253,15:53:58.431,2024,-0.0115,1.6311
6254,15:53:58.431,2026,-0.0105,1.6327
6255,15:53:58.432,2038,-0.0046,1.6423
6256,15:53:58.432,2049,0.0007,1.6512
6257,15:53:58.433,2055,0.0037,1.6560
6258,15:53:58.433,2052,0.0022,1.6536
6259,15:53:58.434,2052,0.0022,1.6536
6260,15:53:58.434,2052,0.0022,1.6536
6261,15:53:58.435,2049,0.0007,1.6512
6262,15:53:58.435,2033,-0.0071,1.6383
6263,15:53:58.436,2032,-0.0076,1.6375
6264,15:53:58.436,2036,-0.0056,1.6407
6265,15:53:58.437,2031,-0.0081,1.6367
6266,15:53:58.437,2019,-0.0139,1.6270
6267,15:53:58.438,2002,-0.0222,1.6133
6268,15:53:58.438,2003,-0.0217,1.6141
6269,15:53:58.439,2001,-0.0227,1.6125
6270,15:53:58.439,1999,-0.0237,1.6109
6271,15:53:58.440,1998,-0.0242,1.6101
6272,15:53:58.440,2004,-0.0212,1.6149
6273,15:53:58.441,2003,-0.0217,1.6141
6274,15:53:58.441,2003,-0.0217,1.6141
6275,15:53:58.442,2002,-0.0222,1.6133
6276,15:53:58.442,2014,-0.0164,1.6230
6277,15:53:58.443,2022,-0.0125,1.6295
6278,15:53:58.443,2027,-0.0100,1.6335
6279,15:53:58.444,2034,-0.0066,1.6391
6280,15:53:58.444,2039,-0.0042,1.6432
6281,15:53:58.445,2055,0.0037,1.6560
6282,15:53:58.445,2055,0.0037,1.6560
6283,15:53:58.446,2057,0.0046,1.6577
6284,15:53:58.446,2056,0.0042,1.6568
6285,15:53:58.447,2055,0.0037,1.6560
6286,15:53:58.447,2044,-0.0017,1.6472
6287,15:53:58.448,2032,-0.0076,1.6375
6288,15:53:58.448,2029,-0.0090,1.6351
6289,15:53:58.449,2035,-0.0061,1.6399
6290,15:53:58.449,2025,-0.0110,1.6319
6291,15:53:58.450,2014,-0.0164,1.6230
6292,15:53:58.450,2002,-0.0222,1.6133
6293,15:53:58.451,2001,-0.0227,1.6125
6294,15:53:58.451,1997,-0.0247,1.6093
6295,15:53:58.452,1994,-0.0261,1.6069
6296,15:53:58.452,1996,-0.0252,1.6085
6297,15:53:58.453,1999,-0.0237,1.6109
6298,15:53:58.453,2000,-0.0232,1.6117
6299,15:53:58.454,1996,-0.0252,1.6085
6300,15:53:58.454,2000,-0.0232,1.6117
6301,15:53:58.455,2011,-0.0178,1.6206
6302,15:53:58.455,2022,-0.0125,1.6295
6303,15:53:58.456,2026,-0.0105,1.6327
6304,15:53:58.456,2031,-0.0081,1.6367
6305,15:53:58.457,2040,-0.0037,1.6440
6306,15:53:58.457,2055,0.0037,1.6560
6307,15:53:58.458,2055,0.0037,1.6560
6308,15:53:58.458,2050,0.0012,1.6520
6309,15:53:58.459,2052,0.0022,1.6536
6310,15:53:58.459,2055,0.0037,1.6560
6311,15:53:58.460,2045,-0.0012,1.6480
6312,15:53:58.460,2030,-0.0085,1.6359
6313,15:53:58.461,2033,-0.0071,1.6383
6314,15:53:58.461,2035,-0.0061,1.6399
6315,15:53:58.462,2025,-0.0110,1.6319
6316,15:53:58.462,2013,-0.0168,1.6222
6317,15:53:58.463,2001,-0.0227,1.6125
6318,15:53:58.463,2002,-0.0222,1.6133
6319,15:53:58.464,2000,-0.0232,1.6117
6320,15:53:58.464,1997,-0.0247,1.6093
6321,15:53:58.465,1997,-0.0247,1.6093
6322,15:53:58.465,2001,-0.0227,1.6125
6323,15:53:58.466,2004,-0.0212,1.6149
6324,15:53:58.466,1996,-0.0252,1.6085
6325,15:53:58.467,2004,-0.0212,1.6149
6326,15:53:58.467,2010,-0.0183,1.6198
6327,15:53:58.468,2021,-0.0129,1.6286
6328,15:53:58.468,2027,-0.0100,1.6335
6329,15:53:58.469,2031,-0.0081,1.6367
6330,15:53:58.469,2044,-0.0017,1.6472
6331,15:53:58.470,2054,0.0032,1.6552
6332,15:53:58.470,2055,0.0037,1.6560
6333,15:53:58.471,2053,0.0027,1.6544
6334,15:53:58.471,2058,0.0051,1.6585
6335,15:53:58.472,2052,0.0022,1.6536
6336,15:53:58.472,2043,-0.0022,1.6464
6337,15:53:58.473,2030,-0.0085,1.6359
6338,15:53:58.473,2036,-0.0056,1.6407
6339,15:53:58.474,2035,-0.0061,1.6399
6340,15:53:58.474,2026,-0.0105,1.6327
6341,15:53:58.475,2008,-0.0193,1.6182
6342,15:53:58.475,2003,-0.0217,1.6141
6343,15:53:58.476,1999,-0.0237,1.6109
6344,15:53:58.476,1994,-0.0261,1.6069
6345,15:53:58.477,1996,-0.0252,1.6085
6346,15:53:58.477,1992,-0.0271,1.6053
6347,15:53:58.478,2002,-0.0222,1.6133
6348,15:53:58.478,2000,-0.0232,1.6117
6349,15:53:58.479,1995,-0.0256,1.6077
6350,15:53:58.479,2002,-0.0222,1.6133
6351,15:53:58.480,2012,-0.0173,1.6214
6352,15:53:58.480,2022,-0.0125,1.6295
6353,15:53:58.481,2024,-0.0115,1.6311
6354,15:53:58.481,2030,-0.0085,1.6359
6355,15:53:58.482,2045,-0.0012,1.6480
6356,15:53:58.482,2049,0.0007,1.6512
6357,15:53:58.483,2049,0.0007,1.6512
6358,15:53:58.483,2051,0.0017,1.6528
6359,15:53:58.484,2054,0.0032,1.6552
6360,15:53:58.484,2049,0.0007,1.6512
6361,15:53:58.485,2039,-0.0042,1.6432
6362,15:53:58.485,2030,-0.0085,1.6359
6363,15:53:58.486,2034,-0.0066,1.6391
6364,15:53:58.486,2037,-0.0051,1.6415
6365,15:53:58.487,2025,-0.0110,1.6319
6366,15:53:58.487,2011,-0.0178,1.6206
6367,15:53:58.488,2003,-0.0217,1.6141
6368,15:53:58.488,2002,-0.0222,1.6133
6369,15:53:58.489,1996,-0.0252,1.6085
6370,15:53:58.489,1997,-0.0247,1.6093
6371,15:53:58.490,1994,-0.0261,1.6069
6372,15:53:58.490,2003,-0.0217,1.6141
6373,15:53:58.491,1998,-0.0242,1.6101
6374,15:53:58.491,1999,-0.0237,1.6109
6375,15:53:58.492,2005,-0.0208,1.6158
6376,15:53:58.492,2014,-0.0164,1.6230
6377,15:53:58.493,2023,-0.0120,1.6303
6378,15:53:58.493,2031,-0.0081,1.6367
6379,15:53:58.494,2030,-0.0085,1.6359
6380,15:53:58.494,2049,0.0007,1.6512
6381,15:53:58.495,2052,0.0022,1.6536
6382,15:53:58.495,2053,0.0027,1.6544
6383,15:53:58.496,2051,0.0017,1.6528
6384,15:53:58.496,2051,0.0017,1.6528
6385,15:53:58.497,2052,0.0022,1.6536
6386,15:53:58.497,2037,-0.0051,1.6415
6387,15:53:58.498,2036,-0.0056,1.6407
6388,15:53:58.498,2038,-0.0046,1.6423
6389,15:53:58.499,2033,-0.0071,1.6383
6390,15:53:58.499,2022,-0.0125,1.6295
6391,15:53:58.500,2003,-0.0217,1.6141
6392,15:53:58.500,1999,-0.0237,1.6109
6393,15:53:58.501,1998,-0.0242,1.6101
6394,15:53:58.501,1996,-0.0252,1.6085
6395,15:53:58.502,1995,-0.0256,1.6077
6396,15:53:58.502,2006,-0.0203,1.6166
6397,15:53:58.503,2005,-0.0208,1.6158
6398,15:53:58.503,2002,-0.0222,1.6133
6399,15:53:58.504,1999,-0.0237,1.6109
6400,15:53:58.504,2005,-0.0208,1.6158
6401,15:53:58.505,2016,-0.0154,1.6246
6402,15:53:58.505,2023,-0.0120,1.6303
6403,15:53:58.506,2029,-0.0090,1.6351
6404,15:53:58.506,2041,-0.0032,1.6448
6405,15:53:58.507,2050,0.0012,1.6520
6406,15:53:58.507,2051,0.0017,1.6528
6407,15:53:58.508,2046,-0.0007,1.6488
6408,15:53:58.508,2048,0.0002,1.6504
6409,15:53:58.509,2053,0.0027,1.6544
6410,15:53:58.509,2046,-0.0007,1.6488
6411,15:53:58.510,2036,-0.0056,1.6407
6412,15:53:58.510,2039,-0.0042,1.6432
6413,15:53:58.511,2033,-0.0071,1.6383
6414,15:53:58.511,2032,-0.0076,1.6375
6415,15:53:58.512,2023,-0.0120,1.6303
6416,15:53:58.512,2006,-0.0203,1.6166
6417,15:53:58.513,1997,-0.0247,1.6093
6418,15:53:58.513,1997,-0.0247,1.6093
6419,15:53:58.514,1996,-0.0252,1.6085
6420,15:53:58.514,1995,-0.0256,1.6077
6421,15:53:58.515,1999,-0.0237,1.6109
6422,15:53:58.515,2006,-0.0203,1.6166
6423,15:53:58.516,2005,-0.0208,1.6158
6424,15:53:58.516,1998,-0.0242,1.6101
6425,15:53:58.517,2004,-0.0212,1.6149
6426,15:53:58.517,2018,-0.0144,1.6262
6427,15:53:58.518,2021,-0.0129,1.6286
6428,15:53:58.518,2030,-0.0085,1.6359
6429,15:53:58.519,2038,-0.0046,1.6423
6430,15:53:58.519,2050,0.0012,1.6520
6431,15:53:58.520,2052,0.0022,1.6536
6432,15:53:58.520,2050,0.0012,1.6520
6433,15:53:58.521,2050,0.0012,1.6520
6434,15:53:58.521,2052,0.0022,1.6536
6435,15:53:58.522,2051,0.0017,1.6528
6436,15:53:58.522,2040,-0.0037,1.6440
6437,15:53:58.523,2035,-0.0061,1.6399
6438,15:53:58.523,2042,-0.0027,1.6456
6439,15:53:58.524,2030,-0.0085,1.6359
6440,15:53:58.524,2020,-0.0134,1.6278
6441,15:53:58.525,2003,-0.0217,1.6141
6442,15:53:58.525,2002,-0.0222,1.6133
6443,15:53:58.526,1998,-0.0242,1.6101
6444,15:53:58.526,1997,-0.0247,1.6093
6445,15:53:58.527,2002,-0.0222,1.6133
6446,15:53:58.527,2001,-0.0227,1.6125
6447,15:53:58.528,2005,-0.0208,1.6158
6448,15:53:58.528,1998,-0.0242,1.6101
6449,15:53:58.529,1995,-0.0256,1.6077
6450,15:53:58.529,2008,-0.0193,1.6182
6451,15:53:58.530,2014,-0.0164,1.6230
6452,15:53:58.530,2022,-0.0125,1.6295
6453,15:53:58.531,2026,-0.0105,1.6327
6454,15:53:58.531,2038,-0.0046,1.6423
6455,15:53:58.532,2044,-0.0017,1.6472
6456,15:53:58.532,2051,0.0017,1.6528
6457,15:53:58.533,2046,-0.0007,1.6488
6458,15:53:58.533,2049,0.0007,1.6512
6459,15:53:58.534,2053,0.0027,1.6544
6460,15:53:58.534,2048,0.0002,1.6504
6461,15:53:58.535,2034,-0.0066,1.6391
6462,15:53:58.535,2030,-0.0085,1.6359
6463,15:53:58.536,2035,-0.0061,1.6399
6464,15:53:58.536,2035,-0.0061,1.6399
6465,15:53:58.537,2020,-0.0134,1.6278
6466,15:53:58.537,2003,-0.0217,1.6141
6467,15:53:58.538,1998,-0.0242,1.6101
6468,15:53:58.538,2000,-0.0232,1.6117
6469,15:53:58.539,1996,-0.0252,1.6085
6470,15:53:58.539,1996,-0.0252,1.6085
6471,15:53:58.540,2001,-0.0227,1.6125
6472,15:53:58.540,2002,-0.0222,1.6133
6473,15:53:58.541,1997,-0.0247,1.6093
6474,15:53:58.541,1994,-0.0261,1.6069
6475,15:53:58.542,2005,-0.0208,1.6158
6476,15:53:58.542,2023,-0.0120,1.6303
6477,15:53:58.543,2023,-0.0120,1.6303
6478,15:53:58.543,2028,-0.0095,1.6343
6479,15:53:58.544,2037,-0.0051,1.6415
6480,15:53:58.544,2043,-0.0022,1.6464
6481,15:53:58.545,2050,0.0012,1.6520
6482,15:53:58.545,2053,0.0027,1.6544
6483,15:53:58.546,2050,0.0012,1.6520
6484,15:53:58.546,2052,0.0022,1.6536
6485,15:53:58.547,2042,-0.0027,1.6456
6486,15:53:58.547,2036,-0.0056,1.6407
6487,15:53:58.548,2036,-0.0056,1.6407
6488,15:53:58.548,2040,-0.0037,1.6440
6489,15:53:58.549,2032,-0.0076,1.6375
6490,15:53:58.549,2014,-0.0164,1.6230
6491,15:53:58.550,2005,-0.0208,1.6158
6492,15:53:58.550,1998,-0.0242,1.6101
6493,15:53:58.551,1996,-0.0252,1.6085
6494,15:53:58.551,1998,-0.0242,1.6101
6495,15:53:58.552,1999,-0.0237,1.6109
6496,15:53:58.552,2005,-0.0208,1.6158
6497,15:53:58.553,2006,-0.0203,1.6166
6498,15:53:58.553,2001,-0.0227,1.6125
6499,15:53:58.554,2001,-0.0227,1.6125
6500,15:53:58.554,2007,-0.0198,1.6174
6501,15:53:58.555,2013,-0.0168,1.6222
6502,15:53:58.555,2025,-0.0110,1.6319
6503,15:53:58.556,2031,-0.0081,1.6367
6504,15:53:58.556,2039,-0.0042,1.6432
6505,15:53:58.557,2052,0.0022,1.6536
6506,15:53:58.557,2051,0.0017,1.6528
6507,15:53:58.558,2044,-0.0017,1.6472
6508,15:53:58.558,2048,0.0002,1.6504
6509,15:53:58.559,2052,0.0022,1.6536
6510,15:53:58.559,2049,0.0007,1.6512
6511,15:53:58.560,2041,-0.0032,1.6448
6512,15:53:58.560,2038,-0.0046,1.6423
6513,15:53:58.561,2039,-0.0042,1.6432
6514,15:53:58.561,2028,-0.0095,1.6343
6515,15:53:58.562,2009,-0.0188,1.6190
6516,15:53:58.562,2004,-0.0212,1.6149
6517,15:53:58.563,1996,-0.0252,1.6085
6518,15:53:58.563,1994,-0.0261,1.6069
6519,15:53:58.564,1990,-0.0281,1.6037
6520,15:53:58.564,1998,-0.0242,1.6101
6521,15:53:58.565,2003,-0.0217,1.6141
6522,15:53:58.565,2005,-0.0208,1.6158
6523,15:53:58.566,1994,-0.0261,1.6069
6524,15:53:58.566,1996,-0.0252,1.6085
6525,15:53:58.567,2008,-0.0193,1.6182
6526,15:53:58.567,2022,-0.0125,1.6295
6527,15:53:58.568,2029,-0.0090,1.6351
6528,15:53:58.568,2027,-0.0100,1.6335
6529,15:53:58.569,2040,-0.0037,1.6440
6530,15:53:58.569,2050,0.0012,1.6520
6531,15:53:58.570,2046,-0.0007,1.6488
6532,15:53:58.570,2041,-0.0032,1.6448
6533,15:53:58.571,2051,0.0017,1.6528
6534,15:53:58.571,2054,0.0032,1.6552
6535,15:53:58.572,2049,0.0007,1.6512
6536,15:53:58.572,2038,-0.0046,1.6423
6537,15:53:58.573,2038,-0.0046,1.6423
6538,15:53:58.573,2040,-0.0037,1.6440
6539,15:53:58.574,2030,-0.0085,1.6359
6540,15:53:58.574,2013,-0.0168,1.6222
6541,15:53:58.575,1996,-0.0252,1.6085
6542,15:53:58.575,1996,-0.0252,1.6085
6543,15:53:58.576,1993,-0.0266,1.6061
6544,15:53:58.576,1995,-0.0256,1.6077
6545,15:53:58.577,2000,-0.0232,1.6117
6546,15:53:58.577,2004,-0.0212,1.6149
6547,15:53:58.578,2006,-0.0203,1.6166
6548,15:53:58.578,1998,-0.0242,1.6101
6549,15:53:58.579,2000,-0.0232,1.6117
6550,15:53:58.579,2010,-0.0183,1.6198
6551,15:53:58.580,2020,-0.0134,1.6278
6552,15:53:58.580,2024,-0.0115,1.6311
6553,15:53:58.581,2033,-0.0071,1.6383
6554,15:53:58.581,2041,-0.0032,1.6448
6555,15:53:58.582,2048,0.0002,1.6504
6556,15:53:58.582,2045,-0.0012,1.6480
6557,15:53:58.583,2048,0.0002,1.6504
6558,15:53:58.583,2052,0.0022,1.6536
6559,15:53:58.584,2052,0.0022,1.6536
6560,15:53:58.584,2042,-0.0027,1.6456
6561,15:53:58.585,2039,-0.0042,1.6432
6562,15:53:58.585,2038,-0.0046,1.6423
6563,15:53:58.586,2039,-0.0042,1.6432
6564,15:53:58.586,2027,-0.0100,1.6335
6565,15:53:58.587,2004,-0.0212,1.6149
6566,15:53:58.587,2003,-0.0217,1.6141
6567,15:53:58.588,1999,-0.0237,1.6109
6568,15:53:58.588,1996,-0.0252,1.6085
6569,15:53:58.589,2000,-0.0232,1.6117
6570,15:53:58.589,1996,-0.0252,1.6085
6571,15:53:58.590,2003,-0.0217,1.6141
6572,15:53:58.590,2004,-0.0212,1.6149
6573,15:53:58.591,1995,-0.0256,1.6077
6574,15:53:58.591,1997,-0.0247,1.6093
6575,15:53:58.592,2010,-0.0183,1.6198
6576,15:53:58.592,2020,-0.0134,1.6278
6577,15:53:58.593,2024,-0.0115,1.6311
6578,15:53:58.593,2034,-0.0066,1.6391
6579,15:53:58.594,2043,-0.0022,1.6464
6580,15:53:58.594,2048,0.0002,1.6504
6581,15:53:58.595,2046,-0.0007,1.6488
6582,15:53:58.595,2042,-0.0027,1.6456
6583,15:53:58.596,2045,-0.0012,1.6480
6584,15:53:58.596,2048,0.0002,1.6504
6585,15:53:58.597,2041,-0.0032,1.6448
6586,15:53:58.597,2036,-0.0056,1.6407
6587,15:53:58.598,2039,-0.0042,1.6432
6588,15:53:58.598,2036,-0.0056,1.6407
6589,15:53:58.599,2025,-0.0110,1.6319
6590,15:53:58.599,2007,-0.0198,1.6174
6591,15:53:58.600,2000,-0.0232,1.6117
6592,15:53:58.600,2001,-0.0227,1.6125
6593,15:53:58.601,1996,-0.0252,1.6085
6594,15:53:58.601,1997,-0.0247,1.6093
6595,15:53:58.602,2001,-0.0227,1.6125
6596,15:53:58.602,2010,-0.0183,1.6198
6597,15:53:58.603,2000,-0.0232,1.6117
6598,15:53:58.603,1992,-0.0271,1.6053
6599,15:53:58.604,1997,-0.0247,1.6093
6600,15:53:58.604,2010,-0.0183,1.6198
6601,15:53:58.605,2022,-0.0125,1.6295
6602,15:53:58.605,2025,-0.0110,1.6319
6603,15:53:58.606,2033,-0.0071,1.6383
6604,15:53:58.606,2048,0.0002,1.6504
6605,15:53:58.607,2043,-0.0022,1.6464
6606,15:53:58.607,2045,-0.0012,1.6480
6607,15:53:58.608,2047,-0.0002,1.6496
6608,15:53:58.608,2052,0.0022,1.6536
6609,15:53:58.609,2051,0.0017,1.6528
6610,15:53:58.609,2043,-0.0022,1.6464
6611,15:53:58.610,2039,-0.0042,1.6432
6612,15:53:58.610,2041,-0.0032,1.6448
6613,15:53:58.611,2039,-0.0042,1.6432
6614,15:53:58.611,2024,-0.0115,1.6311
6615,15:53:58.612,2009,-0.0188,1.6190
6616,15:53:58.612,1998,-0.0242,1.6101
6617,15:53:58.613,2001,-0.0227,1.6125
6618,15:53:58.613,1996,-0.0252,1.6085
6619,15:53:58.614,2000,-0.0232,1.6117
6620,15:53:58.614,2005,-0.0208,1.6158
6621,15:53:58.615,2012,-0.0173,1.6214
6622,15:53:58.615,1999,-0.0237,1.6109
6623,15:53:58.616,1996,-0.0252,1.6085
6624,15:53:58.616,2003,-0.0217,1.6141
6625,15:53:58.617,2011,-0.0178,1.6206
6626,15:53:58.617,2018,-0.0144,1.6262
6627,15:53:58.618,2024,-0.0115,1.6311
6628,15:53:58.618,2035,-0.0061,1.6399
6629,15:53:58.619,2041,-0.0032,1.6448
6630,15:53:58.619,2050,0.0012,1.6520
6631,15:53:58.620,2046,-0.0007,1.6488
6632,15:53:58.620,2044,-0.0017,1.6472
6633,15:53:58.621,2053,0.0027,1.6544
6634,15:53:58.621,2049,0.0007,1.6512
6635,15:53:58.622,2042,-0.0027,1.6456
6636,15:53:58.622,2040,-0.0037,1.6440
6637,15:53:58.623,2043,-0.0022,1.6464
6638,15:53:58.623,2038,-0.0046,1.6423
6639,15:53:58.624,2023,-0.0120,1.6303
6640,15:53:58.624,2005,-0.0208,1.6158
6641,15:53:58.625,1999,-0.0237,1.6109
6642,15:53:58.625,1993,-0.0266,1.6061
6643,15:53:58.626,1998,-0.0242,1.6101
6644,15:53:58.626,2000,-0.0232,1.6117
6645,15:53:58.627,2006,-0.0203,1.6166
6646,15:53:58.627,2005,-0.0208,1.6158
6647,15:53:58.628,2001,-0.0227,1.6125
6648,15:53:58.628,1996,-0.0252,1.6085
6649,15:53:58.629,2002,-0.0222,1.6133
6650,15:53:58.629,2010,-0.0183,1.6198
6651,15:53:58.630,2021,-0.0129,1.6286
6652,15:53:58.630,2028,-0.0095,1.6343
6653,15:53:58.631,2037,-0.0051,1.6415
6654,15:53:58.631,2048,0.0002,1.6504
6655,15:53:58.632,2050,0.0012,1.6520
6656,15:53:58.632,2044,-0.0017,1.6472
6657,15:53:58.633,2041,-0.0032,1.6448
6658,15:53:58.633,2053,0.0027,1.6544
6659,15:53:58.634,2050,0.0012,1.6520
6660,15:53:58.634,2041,-0.0032,1.6448
6661,15:53:58.635,2039,-0.0042,1.6432
6662,15:53:58.635,2040,-0.0037,1.6440
6663,15:53:58.636,2038,-0.0046,1.6423
6664,15:53:58.636,2021,-0.0129,1.6286
6665,15:53:58.637,2004,-0.0212,1.6149
6666,15:53:58.637,1995,-0.0256,1.6077
6667,15:53:58.638,1997,-0.0247,1.6093
6668,15:53:58.638,1996,-0.0252,1.6085
6669,15:53:58.639,2004,-0.0212,1.6149
6670,15:53:58.639,2009,-0.0188,1.6190
6671,15:53:58.640,2008,-0.0193,1.6182
6672,15:53:58.640,2003,-0.0217,1.6141
6673,15:53:58.641,1996,-0.0252,1.6085
6674,15:53:58.641,2002,-0.0222,1.6133
6675,15:53:58.642,2016,-0.0154,1.6246
6676,15:53:58.642,2020,-0.0134,1.6278
6677,15:53:58.643,2029,-0.0090,1.6351
6678,15:53:58.643,2037,-0.0051,1.6415
6679,15:53:58.644,2046,-0.0007,1.6488
6680,15:53:58.644,2044,-0.0017,1.6472
6681,15:53:58.645,2041,-0.0032,1.6448
6682,15:53:58.645,2049,0.0007,1.6512
6683,15:53:58.646,2052,0.0022,1.6536
6684,15:53:58.646,2044,-0.0017,1.6472
6685,15:53:58.647,2040,-0.0037,1.6440
6686,15:53:58.647,2036,-0.0056,1.6407
6687,15:53:58.648,2039,-0.0042,1.6432
6688,15:53:58.648,2033,-0.0071,1.6383
6689,15:53:58.649,2013,-0.0168,1.6222
6690,15:53:58.649,2000,-0.0232,1.6117
6691,15:53:58.650,1995,-0.0256,1.6077
6692,15:53:58.650,1996,-0.0252,1.6085
6693,15:53:58.651,1997,-0.0247,1.6093
6694,15:53:58.651,2002,-0.0222,1.6133
6695,15:53:58.652,2008,-0.0193,1.6182
6696,15:53:58.652,2006,-0.0203,1.6166
6697,15:53:58.653,1998,-0.0242,1.6101
6698,15:53:58.653,1992,-0.0271,1.6053
6699,15:53:58.654,2003,-0.0217,1.6141
6700,15:53:58.654,2013,-0.0168,1.6222
6701,15:53:58.655,2021,-0.0129,1.6286
6702,15:53:58.655,2032,-0.0076,1.6375
6703,15:53:58.656,2042,-0.0027,1.6456
6704,15:53:58.656,2046,-0.0007,1.6488
6705,15:53:58.657,2047,-0.0002,1.6496
6706,15:53:58.657,2042,-0.0027,1.6456
6707,15:53:58.658,2050,0.0012,1.6520
6708,15:53:58.658,2050,0.0012,1.6520
6709,15:53:58.659,2049,0.0007,1.6512
6710,15:53:58.659,2039,-0.0042,1.6432
6711,15:53:58.660,2041,-0.0032,1.6448
6712,15:53:58.660,2043,-0.0022,1.6464
6713,15:53:58.661,2035,-0.0061,1.6399
6714,15:53:58.661,2018,-0.0144,1.6262
6715,15:53:58.662,2004,-0.0212,1.6149
6716,15:53:58.662,2003,-0.0217,1.6141
6717,15:53:58.663,1998,-0.0242,1.6101
6718,15:53:58.663,2001,-0.0227,1.6125
6719,15:53:58.664,2004,-0.0212,1.6149
6720,15:53:58.664,2006,-0.0203,1.6166
6721,15:53:58.665,2005,-0.0208,1.6158
6722,15:53:58.665,1996,-0.0252,1.6085
6723,15:53:58.666,1999,-0.0237,1.6109
6724,15:53:58.666,2007,-0.0198,1.6174
6725,15:53:58.667,2017,-0.0149,1.6254
6726,15:53:58.667,2025,-0.0110,1.6319
6727,15:53:58.668,2029,-0.0090,1.6351
6728,15:53:58.668,2039,-0.0042,1.6432
6729,15:53:58.669,2049,0.0007,1.6512
6730,15:53:58.669,2044,-0.0017,1.6472
6731,15:53:58.670,2043,-0.0022,1.6464
6732,15:53:58.670,2044,-0.0017,1.6472
6733,15:53:58.671,2045,-0.0012,1.6480
6734,15:53:58.671,2043,-0.0022,1.6464
6735,15:53:58.672,2037,-0.0051,1.6415
6736,15:53:58.672,2037,-0.0051,1.6415
6737,15:53:58.673,2042,-0.0027,1.6456
6738,15:53:58.673,2030,-0.0085,1.6359
6739,15:53:58.674,2012,-0.0173,1.6214
6740,15:53:58.674,2001,-0.0227,1.6125
6741,15:53:58.675,2000,-0.0232,1.6117
6742,15:53:58.675,1995,-0.0256,1.6077
6743,15:53:58.676,1997,-0.0247,1.6093
6744,15:53:58.676,2004,-0.0212,1.6149
6745,15:53:58.677,2012,-0.0173,1.6214
6746,15:53:58.677,2005,-0.0208,1.6158
6747,15:53:58.678,1994,-0.0261,1.6069
6748,15:53:58.678,1993,-0.0266,1.6061
6749,15:53:58.679,2004,-0.0212,1.6149
6750,15:53:58.679,2014,-0.0164,1.6230
6751,15:53:58.680,2023,-0.0120,1.6303
6752,15:53:58.680,2030,-0.0085,1.6359
6753,15:53:58.681,2040,-0.0037,1.6440
6754,15:53:58.681,2046,-0.0007,1.6488
6755,15:53:58.682,2045,-0.0012,1.6480
6756,15:53:58.682,2040,-0.0037,1.6440
6757,15:53:58.683,2044,-0.0017,1.6472
6758,15:53:58.683,2052,0.0022,1.6536
6759,15:53:58.684,2049,0.0007,1.6512
6760,15:53:58.684,2041,-0.0032,1.6448
6761,15:53:58.685,2042,-0.0027,1.6456
6762,15:53:58.685,2041,-0.0032,1.6448
6763,15:53:58.686,2033,-0.0071,1.6383
6764,15:53:58.686,2011,-0.0178,1.6206
6765,15:53:58.687,1999,-0.0237,1.6109
6766,15:53:58.687,1998,-0.0242,1.6101
6767,15:53:58.688,2001,-0.0227,1.6125
6768,15:53:58.688,1997,-0.0247,1.6093
6769,15:53:58.689,2008,-0.0193,1.6182
6770,15:53:58.689,2010,-0.0183,1.6198
6771,15:53:58.690,2006,-0.0203,1.6166
6772,15:53:58.690,1999,-0.0237,1.6109
6773,15:53:58.691,1993,-0.0266,1.6061
6774,15:53:58.691,2005,-0.0208,1.6158
6775,15:53:58.692,2014,-0.0164,1.6230
6776,15:53:58.692,2023,-0.0120,1.6303
6777,15:53:58.693,2032,-0.0076,1.6375
6778,15:53:58.693,2043,-0.0022,1.6464
6779,15:53:58.694,2046,-0.0007,1.6488
6780,15:53:58.694,2044,-0.0017,1.6472
6781,15:53:58.695,2043,-0.0022,1.6464
6782,15:53:58.695,2044,-0.0017,1.6472
6783,15:53:58.696,2052,0.0022,1.6536
6784,15:53:58.696,2043,-0.0022,1.6464
6785,15:53:58.697,2040,-0.0037,1.6440
6786,15:53:58.697,2046,-0.0007,1.6488
6787,15:53:58.698,2042,-0.0027,1.6456
6788,15:53:58.698,2030,-0.0085,1.6359
6789,15:53:58.699,2008,-0.0193,1.6182
6790,15:53:58.699,1999,-0.0237,1.6109
6791,15:53:58.700,1995,-0.0256,1.6077
6792,15:53:58.700,1997,-0.0247,1.6093
6793,15:53:58.701,1999,-0.0237,1.6109
6794,15:53:58.701,2005,-0.0208,1.6158
6795,15:53:58.702,2010,-0.0183,1.6198
6796,15:53:58.702,2007,-0.0198,1.6174
6797,15:53:58.703,1996,-0.0252,1.6085
6798,15:53:58.703,1997,-0.0247,1.6093
6799,15:53:58.704,2011,-0.0178,1.6206
6800,15:53:58.704,2019,-0.0139,1.6270
6801,15:53:58.705,2023,-0.0120,1.6303
6802,15:53:58.705,2033,-0.0071,1.6383
6803,15:53:58.706,2038,-0.0046,1.6423
6804,15:53:58.706,2046,-0.0007,1.6488
6805,15:53:58.707,2045,-0.0012,1.6480
6806,15:53:58.707,2044,-0.0017,1.6472
6807,15:53:58.708,2046,-0.0007,1.6488
6808,15:53:58.708,2050,0.0012,1.6520
6809,15:53:58.709,2048,0.0002,1.6504
6810,15:53:58.709,2041,-0.0032,1.6448
6811,15:53:58.710,2042,-0.0027,1.6456
6812,15:53:58.710,2040,-0.0037,1.6440
6813,15:53:58.711,2027,-0.0100,1.6335
6814,15:53:58.711,2010,-0.0183,1.6198
6815,15:53:58.712,1999,-0.0237,1.6109
6816,15:53:58.712,1998,-0.0242,1.6101
6817,15:53:58.713,2000,-0.0232,1.6117
6818,15:53:58.713,1999,-0.0237,1.6109
6819,15:53:58.714,2002,-0.0222,1.6133
6820,15:53:58.714,2008,-0.0193,1.6182
6821,15:53:58.715,2001,-0.0227,1.6125
6822,15:53:58.715,1994,-0.0261,1.6069
6823,15:53:58.716,1997,-0.0247,1.6093
6824,15:53:58.716,2007,-0.0198,1.6174
6825,15:53:58.717,2023,-0.0120,1.6303
6826,15:53:58.717,2026,-0.0105,1.6327
6827,15:53:58.718,2036,-0.0056,1.6407
6828,15:53:58.718,2046,-0.0007,1.6488
6829,15:53:58.719,2049,0.0007,1.6512
6830,15:53:58.719,2046,-0.0007,1.6488
6831,15:53:58.720,2039,-0.0042,1.6432
6832,15:53:58.720,2046,-0.0007,1.6488
6833,15:53:58.721,2050,0.0012,1.6520
6834,15:53:58.721,2044,-0.0017,1.6472
6835,15:53:58.722,2041,-0.0032,1.6448
6836,15:53:58.722,2040,-0.0037,1.6440
6837,15:53:58.723,2040,-0.0037,1.6440
6838,15:53:58.723,2024,-0.0115,1.6311
6839,15:53:58.724,2007,-0.0198,1.6174
6840,15:53:58.724,2003,-0.0217,1.6141
6841,15:53:58.725,2000,-0.0232,1.6117
6842,15:53:58.725,2000,-0.0232,1.6117
6843,15:53:58.726,2004,-0.0212,1.6149
6844,15:53:58.726,2007,-0.0198,1.6174
6845,15:53:58.727,2012,-0.0173,1.6214
6846,15:53:58.727,2004,-0.0212,1.6149
6847,15:53:58.728,1996,-0.0252,1.6085
6848,15:53:58.728,1998,-0.0242,1.6101
6849,15:53:58.729,2013,-0.0168,1.6222
6850,15:53:58.729,2020,-0.0134,1.6278
6851,15:53:58.730,2026,-0.0105,1.6327
6852,15:53:58.730,2039,-0.0042,1.6432
6853,15:53:58.731,2048,0.0002,1.6504
6854,15:53:58.731,2050,0.0012,1.6520
6855,15:53:58.732,2039,-0.0042,1.6432
6856,15:53:58.732,2041,-0.0032,1.6448
6857,15:53:58.733,2056,0.0042,1.6568
6858,15:53:58.733,2049,0.0007,1.6512
6859,15:53:58.734,2046,-0.0007,1.6488
6860,15:53:58.734,2036,-0.0056,1.6407
6861,15:53:58.735,2042,-0.0027,1.6456
6862,15:53:58.735,2039,-0.0042,1.6432
6863,15:53:58.736,2024,-0.0115,1.6311
6864,15:53:58.736,2011,-0.0178,1.6206
6865,15:53:58.737,2003,-0.0217,1.6141
6866,15:53:58.737,1995,-0.0256,1.6077
6867,15:53:58.738,1997,-0.0247,1.6093
6868,15:53:58.738,2000,-0.0232,1.6117
6869,15:53:58.739,2004,-0.0212,1.6149
6870,15:53:58.739,2007,-0.0198,1.6174
6871,15:53:58.740,2000,-0.0232,1.6117
6872,15:53:58.740,1990,-0.0281,1.6037
6873,15:53:58.741,1998,-0.0242,1.6101
6874,15:53:58.741,2005,-0.0208,1.6158
6875,15:53:58.742,2018,-0.0144,1.6262
6876,15:53:58.742,2027,-0.0100,1.6335
6877,15:53:58.743,2038,-0.0046,1.6423
6878,15:53:58.743,2045,-0.0012,1.6480
6879,15:53:58.744,2046,-0.0007,1.6488
6880,15:53:58.744,2037,-0.0051,1.6415
6881,15:53:58.745,2039,-0.0042,1.6432
6882,15:53:58.745,2048,0.0002,1.6504
6883,15:53:58.746,2048,0.0002,1.6504
6884,15:53:58.746,2044,-0.0017,1.6472
6885,15:53:58.747,2042,-0.0027,1.6456
6886,15:53:58.747,2042,-0.0027,1.6456
6887,15:53:58.748,2039,-0.0042,1.6432
6888,15:53:58.748,2021,-0.0129,1.6286
6889,15:53:58.749,2006,-0.0203,1.6166
6890,15:53:58.749,1997,-0.0247,1.6093
6891,15:53:58.750,2000,-0.0232,1.6117
6892,15:53:58.750,2001,-0.0227,1.6125
6893,15:53:58.751,2004,-0.0212,1.6149
6894,15:53:58.751,2007,-0.0198,1.6174
6895,15:53:58.752,2011,-0.0178,1.6206
6896,15:53:58.752,1999,-0.0237,1.6109
6897,15:53:58.753,1996,-0.0252,1.6085
6898,15:53:58.753,1999,-0.0237,1.6109
6899,15:53:58.754,2011,-0.0178,1.6206
6900,15:53:58.754,2020,-0.0134,1.6278
6901,15:53:58.755,2034,-0.0066,1.6391
6902,15:53:58.755,2039,-0.0042,1.6432
6903,15:53:58.756,2046,-0.0007,1.6488
6904,15:53:58.756,2051,0.0017,1.6528
6905,15:53:58.757,2036,-0.0056,1.6407
6906,15:53:58.757,2044,-0.0017,1.6472
6907,15:53:58.758,2051,0.0017,1.6528
6908,15:53:58.758,2048,0.0002,1.6504
6909,15:53:58.759,2041,-0.0032,1.6448
6910,15:53:58.759,2041,-0.0032,1.6448
6911,15:53:58.760,2044,-0.0017,1.6472
6912,15:53:58.760,2031,-0.0081,1.6367
6913,15:53:58.761,2017,-0.0149,1.6254
6914,15:53:58.761,2004,-0.0212,1.6149
6915,15:53:58.762,1999,-0.0237,1.6109
6916,15:53:58.762,2001,-0.0227,1.6125
6917,15:53:58.763,2001,-0.0227,1.6125
6918,15:53:58.763,2003,-0.0217,1.6141
6919,15:53:58.764,2010,-0.0183,1.6198
6920,15:53:58.764,2004,-0.0212,1.6149
6921,15:53:58.765,1994,-0.0261,1.6069
6922,15:53:58.765,1991,-0.0276,1.6045
6923,15:53:58.766,1993,-0.0266,1.6061
6924,15:53:58.766,2009,-0.0188,1.6190
6925,15:53:58.767,2020,-0.0134,1.6278
6926,15:53:58.767,2033,-0.0071,1.6383
6927,15:53:58.768,2039,-0.0042,1.6432
6928,15:53:58.768,2048,0.0002,1.6504
6929,15:53:58.769,2043,-0.0022,1.6464
6930,15:53:58.769,2041,-0.0032,1.6448
6931,15:53:58.770,2044,-0.0017,1.6472
6932,15:53:58.770,2050,0.0012,1.6520
6933,15:53:58.771,2050,0.0012,1.6520
6934,15:53:58.771,2036,-0.0056,1.6407
6935,15:53:58.772,2043,-0.0022,1.6464
6936,15:53:58.772,2041,-0.0032,1.6448
6937,15:53:58.773,2034,-0.0066,1.6391
6938,15:53:58.773,2014,-0.0164,1.6230
6939,15:53:58.774,2007,-0.0198,1.6174
6940,15:53:58.774,2002,-0.0222,1.6133
6941,15:53:58.775,2006,-0.0203,1.6166
6942,15:53:58.775,2002,-0.0222,1.6133
6943,15:53:58.776,2009,-0.0188,1.6190
6944,15:53:58.776,2007,-0.0198,1.6174
6945,15:53:58.777,2008,-0.0193,1.6182
6946,15:53:58.777,1993,-0.0266,1.6061
6947,15:53:58.778,1988,-0.0291,1.6021
6948,15:53:58.778,1997,-0.0247,1.6093
6949,15:53:58.779,2007,-0.0198,1.6174
6950,15:53:58.779,2024,-0.0115,1.6311
6951,15:53:58.780,2031,-0.0081,1.6367
6952,15:53:58.780,2039,-0.0042,1.6432
6953,15:53:58.781,2044,-0.0017,1.6472
6954,15:53:58.781,2041,-0.0032,1.6448
6955,15:53:58.782,2036,-0.0056,1.6407
6956,15:53:58.782,2037,-0.0051,1.6415
6957,15:53:58.783,2049,0.0007,1.6512
6958,15:53:58.783,2046,-0.0007,1.6488
6959,15:53:58.784,2042,-0.0027,1.6456
6960,15:53:58.784,2041,-0.0032,1.6448
6961,15:53:58.785,2046,-0.0007,1.6488
6962,15:53:58.785,2034,-0.0066,1.6391
6963,15:53:58.786,2014,-0.0164,1.6230
6964,15:53:58.786,2003,-0.0217,1.6141
6965,15:53:58.787,2000,-0.0232,1.6117
6966,15:53:58.787,2000,-0.0232,1.6117
6967,15:53:58.788,2000,-0.0232,1.6117
6968,15:53:58.788,2006,-0.0203,1.6166
6969,15:53:58.789,2008,-0.0193,1.6182
6970,15:53:58.789,2004,-0.0212,1.6149
6971,15:53:58.790,1992,-0.0271,1.6053
6972,15:53:58.790,1994,-0.0261,1.6069
6973,15:53:58.791,2003,-0.0217,1.6141
6974,15:53:58.791,2013,-0.0168,1.6222
6975,15:53:58.792,2022,-0.0125,1.6295
6976,15:53:58.792,2035,-0.0061,1.6399
6977,15:53:58.793,2043,-0.0022,1.6464
6978,15:53:58.793,2045,-0.0012,1.6480
6979,15:53:58.794,2043,-0.0022,1.6464
6980,15:53:58.794,2038,-0.0046,1.6423
6981,15:53:58.795,2043,-0.0022,1.6464
6982,15:53:58.795,2046,-0.0007,1.6488
6983,15:53:58.796,2049,0.0007,1.6512
6984,15:53:58.796,2037,-0.0051,1.6415
6985,15:53:58.797,2042,-0.0027,1.6456
6986,15:53:58.797,2049,0.0007,1.6512
6987,15:53:58.798,2032,-0.0076,1.6375
6988,15:53:58.798,2019,-0.0139,1.6270
6989,15:53:58.799,2003,-0.0217,1.6141
6990,15:53:58.799,2005,-0.0208,1.6158
6991,15:53:58.800,2004,-0.0212,1.6149
6992,15:53:58.800,2006,-0.0203,1.6166
6993,15:53:58.801,2005,-0.0208,1.6158
6994,15:53:58.801,2007,-0.0198,1.6174
6995,15:53:58.802,2006,-0.0203,1.6166
6996,15:53:58.802,1996,-0.0252,1.6085
6997,15:53:58.803,1992,-0.0271,1.6053
6998,15:53:58.803,1999,-0.0237,1.6109
6999,15:53:58.804,2013,-0.0168,1.6222
7000,15:53:58.804,2021,-0.0129,1.6286
7001,15:53:58.805,2037,-0.0051,1.6415
7002,15:53:58.805,2039,-0.0042,1.6432
7003,15:53:58.806,2043,-0.0022,1.6464
7004,15:53:58.806,2038,-0.0046,1.6423
7005,15:53:58.807,2037,-0.0051,1.6415
7006,15:53:58.807,2045,-0.0012,1.6480
7007,15:53:58.808,2049,0.0007,1.6512
7008,15:53:58.808,2048,0.0002,1.6504
7009,15:53:58.809,2043,-0.0022,1.6464
7010,15:53:58.809,2040,-0.0037,1.6440
7011,15:53:58.810,2040,-0.0037,1.6440
7012,15:53:58.810,2030,-0.0085,1.6359
7013,15:53:58.811,2013,-0.0168,1.6222
7014,15:53:58.811,2003,-0.0217,1.6141
7015,15:53:58.812,2000,-0.0232,1.6117
7016,15:53:58.812,1999,-0.0237,1.6109
7017,15:53:58.813,2002,-0.0222,1.6133
7018,15:53:58.813,2004,-0.0212,1.6149
7019,15:53:58.814,2007,-0.0198,1.6174
7020,15:53:58.814,1996,-0.0252,1.6085
7021,15:53:58.815,1993,-0.0266,1.6061
7022,15:53:58.815,1990,-0.0281,1.6037
7023,15:53:58.816,2002,-0.0222,1.6133
7024,15:53:58.816,2015,-0.0159,1.6238
7025,15:53:58.817,2026,-0.0105,1.6327
7026,15:53:58.817,2037,-0.0051,1.6415
7027,15:53:58.818,2042,-0.0027,1.6456
7028,15:53:58.818,2046,-0.0007,1.6488
7029,15:53:58.819,2039,-0.0042,1.6432
7030,15:53:58.819,2038,-0.0046,1.6423
7031,15:53:58.820,2045,-0.0012,1.6480
7032,15:53:58.820,2051,0.0017,1.6528
7033,15:53:58.821,2044,-0.0017,1.6472
7034,15:53:58.821,2042,-0.0027,1.6456
7035,15:53:58.822,2049,0.0007,1.6512
7036,15:53:58.822,2041,-0.0032,1.6448
7037,15:53:58.823,2027,-0.0100,1.6335
7038,15:53:58.823,2013,-0.0168,1.6222
7039,15:53:58.824,2005,-0.0208,1.6158
7040,15:53:58.824,2003,-0.0217,1.6141
7041,15:53:58.825,2003,-0.0217,1.6141
7042,15:53:58.825,2003,-0.0217,1.6141
7043,15:53:58.826,2010,-0.0183,1.6198
7044,15:53:58.826,2007,-0.0198,1.6174
7045,15:53:58.827,2003,-0.0217,1.6141
7046,15:53:58.827,1990,-0.0281,1.6037
7047,15:53:58.828,1993,-0.0266,1.6061
7048,15:53:58.828,2004,-0.0212,1.6149
7049,15:53:58.829,2016,-0.0154,1.6246
7050,15:53:58.829,2025,-0.0110,1.6319
7051,15:53:58.830,2035,-0.0061,1.6399
7052,15:53:58.830,2040,-0.0037,1.6440
7053,15:53:58.831,2046,-0.0007,1.6488
7054,15:53:58.831,2036,-0.0056,1.6407
7055,15:53:58.832,2039,-0.0042,1.6432
7056,15:53:58.832,2044,-0.0017,1.6472
7057,15:53:58.833,2048,0.0002,1.6504
7058,15:53:58.833,2044,-0.0017,1.6472
7059,15:53:58.834,2042,-0.0027,1.6456
7060,15:53:58.834,2044,-0.0017,1.6472
7061,15:53:58.835,2037,-0.0051,1.6415
7062,15:53:58.835,2026,-0.0105,1.6327
7063,15:53:58.836,2005,-0.0208,1.6158
7064,15:53:58.836,2002,-0.0222,1.6133
7065,15:53:58.837,2001,-0.0227,1.6125
7066,15:53:58.837,2003,-0.0217,1.6141
7067,15:53:58.838,2007,-0.0198,1.6174
7068,15:53:58.838,2006,-0.0203,1.6166
7069,15:53:58.839,2001,-0.0227,1.6125
7070,15:53:58.839,1996,-0.0252,1.6085
7071,15:53:58.840,1989,-0.0286,1.6029
7072,15:53:58.840,1993,-0.0266,1.6061
7073,15:53:58.841,2007,-0.0198,1.6174
7074,15:53:58.841,2019,-0.0139,1.6270
7075,15:53:58.842,2026,-0.0105,1.6327
7076,15:53:58.842,2037,-0.0051,1.6415
7077,15:53:58.843,2049,0.0007,1.6512
7078,15:53:58.843,2045,-0.0012,1.6480
7079,15:53:58.844,2033,-0.0071,1.6383
7080,15:53:58.844,2039,-0.0042,1.6432
7081,15:53:58.845,2049,0.0007,1.6512
7082,15:53:58.845,2050,0.0012,1.6520
7083,15:53:58.846,2045,-0.0012,1.6480
7084,15:53:58.846,2045,-0.0012,1.6480
7085,15:53:58.847,2049,0.0007,1.6512
7086,15:53:58.847,2041,-0.0032,1.6448
7087,15:53:58.848,2027,-0.0100,1.6335
7088,15:53:58.848,2009,-0.0188,1.6190
7089,15:53:58.849,2003,-0.0217,1.6141
7090,15:53:58.849,2002,-0.0222,1.6133
7091,15:53:58.850,2004,-0.0212,1.6149
7092,15:53:58.850,2007,-0.0198,1.6174
7093,15:53:58.851,2011,-0.0178,1.6206
7094,15:53:58.851,2009,-0.0188,1.6190
7095,15:53:58.852,1995,-0.0256,1.6077
7096,15:53:58.852,1993,-0.0266,1.6061
7097,15:53:58.853,1997,-0.0247,1.6093
7098,15:53:58.853,2007,-0.0198,1.6174
7099,15:53:58.854,2022,-0.0125,1.6295
7100,15:53:58.854,2027,-0.0100,1.6335
7101,15:53:58.855,2039,-0.0042,1.6432
7102,15:53:58.855,2052,0.0022,1.6536
7103,15:53:58.856,2042,-0.0027,1.6456
7104,15:53:58.856,2033,-0.0071,1.6383
7105,15:53:58.857,2038,-0.0046,1.6423
7106,15:53:58.857,2043,-0.0022,1.6464
7107,15:53:58.858,2045,-0.0012,1.6480
7108,15:53:58.858,2043,-0.0022,1.6464
7109,15:53:58.859,2043,-0.0022,1.6464
7110,15:53:58.859,2045,-0.0012,1.6480
7111,15:53:58.860,2036,-0.0056,1.6407
7112,15:53:58.860,2021,-0.0129,1.6286
7113,15:53:58.861,2009,-0.0188,1.6190
7114,15:53:58.861,2004,-0.0212,1.6149
7115,15:53:58.862,2002,-0.0222,1.6133
7116,15:53:58.862,2000,-0.0232,1.6117
7117,15:53:58.863,2005,-0.0208,1.6158
7118,15:53:58.863,2006,-0.0203,1.6166
7119,15:53:58.864,2006,-0.0203,1.6166
7120,15:53:58.864,1994,-0.0261,1.6069
7121,15:53:58.865,1992,-0.0271,1.6053
7122,15:53:58.865,1999,-0.0237,1.6109
7123,15:53:58.866,2005,-0.0208,1.6158
7124,15:53:58.866,2022,-0.0125,1.6295
7125,15:53:58.867,2028,-0.0095,1.6343
7126,15:53:58.867,2040,-0.0037,1.6440
7127,15:53:58.868,2043,-0.0022,1.6464
7128,15:53:58.868,2041,-0.0032,1.6448
7129,15:53:58.869,2039,-0.0042,1.6432
7130,15:53:58.869,2041,-0.0032,1.6448
7131,15:53:58.870,2046,-0.0007,1.6488
7132,15:53:58.870,2051,0.0017,1.6528
7133,15:53:58.871,2044,-0.0017,1.6472
7134,15:53:58.871,2044,-0.0017,1.6472
7135,15:53:58.872,2048,0.0002,1.6504
7136,15:53:58.872,2035,-0.0061,1.6399
7137,15:53:58.873,2019,-0.0139,1.6270
7138,15:53:58.873,2007,-0.0198,1.6174
7139,15:53:58.874,2003,-0.0217,1.6141
7140,15:53:58.874,2001,-0.0227,1.6125
7141,15:53:58.875,2001,-0.0227,1.6125
7142,15:53:58.875,2009,-0.0188,1.6190
7143,15:53:58.876,2010,-0.0183,1.6198
7144,15:53:58.876,2007,-0.0198,1.6174
7145,15:53:58.877,1996,-0.0252,1.6085
7146,15:53:58.877,1991,-0.0276,1.6045
7147,15:53:58.878,1999,-0.0237,1.6109
7148,15:53:58.878,2007,-0.0198,1.6174
7149,15:53:58.879,2024,-0.0115,1.6311
7150,15:53:58.879,2033,-0.0071,1.6383
7151,15:53:58.880,2042,-0.0027,1.6456
7152,15:53:58.880,2049,0.0007,1.6512
7153,15:53:58.881,2039,-0.0042,1.6432
7154,15:53:58.881,2034,-0.0066,1.6391
7155,15:53:58.882,2039,-0.0042,1.6432
7156,15:53:58.882,2044,-0.0017,1.6472
7157,15:53:58.883,2045,-0.0012,1.6480
7158,15:53:58.883,2044,-0.0017,1.6472
7159,15:53:58.884,2045,-0.0012,1.6480
7160,15:53:58.884,2043,-0.0022,1.6464
7161,15:53:58.885,2037,-0.0051,1.6415
7162,15:53:58.885,2017,-0.0149,1.6254
7163,15:53:58.886,2007,-0.0198,1.6174
7164,15:53:58.886,2003,-0.0217,1.6141
7165,15:53:58.887,1999,-0.0237,1.6109
7166,15:53:58.887,1999,-0.0237,1.6109
7167,15:53:58.888,2006,-0.0203,1.6166
7168,15:53:58.888,2009,-0.0188,1.6190
7169,15:53:58.889,2004,-0.0212,1.6149
7170,15:53:58.889,1993,-0.0266,1.6061
7171,15:53:58.890,1989,-0.0286,1.6029
7172,15:53:58.890,1998,-0.0242,1.6101
7173,15:53:58.891,2011,-0.0178,1.6206
7174,15:53:58.891,2024,-0.0115,1.6311
7175,15:53:58.892,2032,-0.0076,1.6375
7176,15:53:58.892,2042,-0.0027,1.6456
7177,15:53:58.893,2043,-0.0022,1.6464
7178,15:53:58.893,2041,-0.0032,1.6448
7179,15:53:58.894,2035,-0.0061,1.6399
7180,15:53:58.894,2039,-0.0042,1.6432
7181,15:53:58.895,2043,-0.0022,1.6464
7182,15:53:58.895,2049,0.0007,1.6512
7183,15:53:58.896,2045,-0.0012,1.6480
7184,15:53:58.896,2047,-0.0002,1.6496
7185,15:53:58.897,2048,0.0002,1.6504
7186,15:53:58.897,2033,-0.0071,1.6383
7187,15:53:58.898,2019,-0.0139,1.6270
7188,15:53:58.898,2004,-0.0212,1.6149
7189,15:53:58.899,2004,-0.0212,1.6149
7190,15:53:58.899,2001,-0.0227,1.6125
7191,15:53:58.900,2003,-0.0217,1.6141
7192,15:53:58.900,2008,-0.0193,1.6182
7193,15:53:58.901,2013,-0.0168,1.6222
7194,15:53:58.901,2000,-0.0232,1.6117
7195,15:53:58.902,1989,-0.0286,1.6029
7196,15:53:58.902,1990,-0.0281,1.6037
7197,15:53:58.903,1998,-0.0242,1.6101
7198,15:53:58.903,2017,-0.0149,1.6254
7199,15:53:58.904,2023,-0.0120,1.6303
7200,15:53:58.904,2033,-0.0071,1.6383
7201,15:53:58.905,2044,-0.0017,1.6472
7202,15:53:58.905,2041,-0.0032,1.6448
7203,15:53:58.906,2038,-0.0046,1.6423
7204,15:53:58.906,2033,-0.0071,1.6383
7205,15:53:58.907,2037,-0.0051,1.6415
7206,15:53:58.907,2043,-0.0022,1.6464
7207,15:53:58.908,2043,-0.0022,1.6464
7208,15:53:58.908,2043,-0.0022,1.6464
7209,15:53:58.909,2045,-0.0012,1.6480
7210,15:53:58.909,2046,-0.0007,1.6488
7211,15:53:58.910,2032,-0.0076,1.6375
7212,15:53:58.910,2018,-0.0144,1.6262
7213,15:53:58.911,2009,-0.0188,1.6190
7214,15:53:58.911,2002,-0.0222,1.6133
7215,15:53:58.912,2007,-0.0198,1.6174
7216,15:53:58.912,2003,-0.0217,1.6141
7217,15:53:58.913,2009,-0.0188,1.6190
7218,15:53:58.913,2007,-0.0198,1.6174
7219,15:53:58.914,2003,-0.0217,1.6141
7220,15:53:58.914,1994,-0.0261,1.6069
7221,15:53:58.915,1994,-0.0261,1.6069
7222,15:53:58.915,1998,-0.0242,1.6101
7223,15:53:58.916,2017,-0.0149,1.6254
7224,15:53:58.916,2023,-0.0120,1.6303
7225,15:53:58.917,2037,-0.0051,1.6415
7226,15:53:58.917,2040,-0.0037,1.6440
7227,15:53:58.918,2043,-0.0022,1.6464
7228,15:53:58.918,2037,-0.0051,1.6415
7229,15:53:58.919,2036,-0.0056,1.6407
7230,15:53:58.919,2044,-0.0017,1.6472
7231,15:53:58.920,2048,0.0002,1.6504
7232,15:53:58.920,2049,0.0007,1.6512
7233,15:53:58.921,2043,-0.0022,1.6464
7234,15:53:58.921,2050,0.0012,1.6520
7235,15:53:58.922,2042,-0.0027,1.6456
7236,15:53:58.922,2031,-0.0081,1.6367
7237,15:53:58.923,2014,-0.0164,1.6230
7238,15:53:58.923,2004,-0.0212,1.6149
7239,15:53:58.924,2003,-0.0217,1.6141
7240,15:53:58.924,2002,-0.0222,1.6133
7241,15:53:58.925,2004,-0.0212,1.6149
7242,15:53:58.925,2007,-0.0198,1.6174
7243,15:53:58.926,2011,-0.0178,1.6206
7244,15:53:58.926,2002,-0.0222,1.6133
7245,15:53:58.927,1994,-0.0261,1.6069
7246,15:53:58.927,1989,-0.0286,1.6029
7247,15:53:58.928,1995,-0.0256,1.6077
7248,15:53:58.928,2016,-0.0154,1.6246
7249,15:53:58.929,2026,-0.0105,1.6327
7250,15:53:58.929,2038,-0.0046,1.6423
7251,15:53:58.930,2042,-0.0027,1.6456
7252,15:53:58.930,2040,-0.0037,1.6440
7253,15:53:58.931,2036,-0.0056,1.6407
7254,15:53:58.931,2039,-0.0042,1.6432
7255,15:53:58.932,2041,-0.0032,1.6448
7256,15:53:58.932,2051,0.0017,1.6528
7257,15:53:58.933,2048,0.0002,1.6504
7258,15:53:58.933,2051,0.0017,1.6528
7259,15:53:58.934,2045,-0.0012,1.6480
7260,15:53:58.934,2047,-0.0002,1.6496
7261,15:53:58.935,2028,-0.0095,1.6343
7262,15:53:58.935,2013,-0.0168,1.6222
7263,15:53:58.936,2007,-0.0198,1.6174
7264,15:53:58.936,2004,-0.0212,1.6149
7265,15:53:58.937,2001,-0.0227,1.6125
7266,15:53:58.937,2001,-0.0227,1.6125
7267,15:53:58.938,2009,-0.0188,1.6190
7268,15:53:58.938,2009,-0.0188,1.6190
7269,15:53:58.939,1998,-0.0242,1.6101
7270,15:53:58.939,1988,-0.0291,1.6021
7271,15:53:58.940,1994,-0.0261,1.6069
7272,15:53:58.940,1999,-0.0237,1.6109
7273,15:53:58.941,2014,-0.0164,1.6230
7274,15:53:58.941,2028,-0.0095,1.6343
7275,15:53:58.942,2038,-0.0046,1.6423
7276,15:53:58.942,2040,-0.0037,1.6440
7277,15:53:58.943,2037,-0.0051,1.6415
7278,15:53:58.943,2038,-0.0046,1.6423
7279,15:53:58.944,2035,-0.0061,1.6399
7280,15:53:58.944,2043,-0.0022,1.6464
7281,15:53:58.945,2044,-0.0017,1.6472
7282,15:53:58.945,2045,-0.0012,1.6480
7283,15:53:58.946,2044,-0.0017,1.6472
7284,15:53:58.946,2049,0.0007,1.6512
7285,15:53:58.947,2045,-0.0012,1.6480
7286,15:53:58.947,2025,-0.0110,1.6319
7287,15:53:58.948,2012,-0.0173,1.6214
7288,15:53:58.948,2006,-0.0203,1.6166
7289,15:53:58.949,2002,-0.0222,1.6133
7290,15:53:58.949,2003,-0.0217,1.6141
7291,15:53:58.950,2006,-0.0203,1.6166
7292,15:53:58.950,2008,-0.0193,1.6182
7293,15:53:58.951,2011,-0.0178,1.6206
7294,15:53:58.951,2001,-0.0227,1.6125
7295,15:53:58.952,1994,-0.0261,1.6069
7296,15:53:58.952,1993,-0.0266,1.6061
7297,15:53:58.953,2009,-0.0188,1.6190
7298,15:53:58.953,2016,-0.0154,1.6246
7299,15:53:58.954,2026,-0.0105,1.6327
7300,15:53:58.954,2038,-0.0046,1.6423
7301,15:53:58.955,2044,-0.0017,1.6472
7302,15:53:58.955,2039,-0.0042,1.6432
7303,15:53:58.956,2036,-0.0056,1.6407
7304,15:53:58.956,2039,-0.0042,1.6432
7305,15:53:58.957,2041,-0.0032,1.6448
7306,15:53:58.957,2048,0.0002,1.6504
7307,15:53:58.958,2046,-0.0007,1.6488
7308,15:53:58.958,2045,-0.0012,1.6480
7309,15:53:58.959,2049,0.0007,1.6512
7310,15:53:58.959,2043,-0.0022,1.6464
7311,15:53:58.960,2029,-0.0090,1.6351
7312,15:53:58.960,2015,-0.0159,1.6238
7313,15:53:58.961,2009,-0.0188,1.6190
7314,15:53:58.961,2002,-0.0222,1.6133
7315,15:53:58.962,2003,-0.0217,1.6141
7316,15:53:58.962,2003,-0.0217,1.6141
7317,15:53:58.963,2010,-0.0183,1.6198
7318,15:53:58.963,2002,-0.0222,1.6133
7319,15:53:58.964,2000,-0.0232,1.6117
7320,15:53:58.964,1990,-0.0281,1.6037
7321,15:53:58.965,1993,-0.0266,1.6061
7322,15:53:58.965,2004,-0.0212,1.6149
7323,15:53:58.966,2018,-0.0144,1.6262
7324,15:53:58.966,2028,-0.0095,1.6343
7325,15:53:58.967,2035,-0.0061,1.6399
7326,15:53:58.967,2040,-0.0037,1.6440
7327,15:53:58.968,2033,-0.0071,1.6383
7328,15:53:58.968,2030,-0.0085,1.6359
7329,15:53:58.969,2034,-0.0066,1.6391
7330,15:53:58.969,2041,-0.0032,1.6448
7331,15:53:58.970,2048,0.0002,1.6504
7332,15:53:58.970,2044,-0.0017,1.6472
7333,15:53:58.971,2048,0.0002,1.6504
7334,15:53:58.971,2049,0.0007,1.6512
7335,15:53:58.972,2041,-0.0032,1.6448
7336,15:53:58.972,2025,-0.0110,1.6319
7337,15:53:58.973,2011,-0.0178,1.6206
7338,15:53:58.973,2004,-0.0212,1.6149
7339,15:53:58.974,2003,-0.0217,1.6141
7340,15:53:58.974,2010,-0.0183,1.6198
7341,15:53:58.975,2010,-0.0183,1.6198
7342,15:53:58.975,2010,-0.0183,1.6198
7343,15:53:58.976,2009,-0.0188,1.6190
7344,15:53:58.976,1994,-0.0261,1.6069
7345,15:53:58.977,1991,-0.0276,1.6045
7346,15:53:58.977,1997,-0.0247,1.6093
7347,15:53:58.978,2008,-0.0193,1.6182
7348,15:53:58.978,2025,-0.0110,1.6319
7349,15:53:58.979,2032,-0.0076,1.6375
7350,15:53:58.979,2040,-0.0037,1.6440
7351,15:53:58.980,2043,-0.0022,1.6464
7352,15:53:58.980,2038,-0.0046,1.6423
7353,15:53:58.981,2035,-0.0061,1.6399
7354,15:53:58.981,2037,-0.0051,1.6415
7355,15:53:58.982,2050,0.0012,1.6520
7356,15:53:58.982,2052,0.0022,1.6536
7357,15:53:58.983,2049,0.0007,1.6512
7358,15:53:58.983,2046,-0.0007,1.6488
7359,15:53:58.984,2049,0.0007,1.6512
7360,15:53:58.984,2040,-0.0037,1.6440
7361,15:53:58.985,2025,-0.0110,1.6319
7362,15:53:58.985,2009,-0.0188,1.6190
7363,15:53:58.986,2003,-0.0217,1.6141
7364,15:53:58.986,2004,-0.0212,1.6149
7365,15:53:58.987,2004,-0.0212,1.6149
7366,15:53:58.987,2005,-0.0208,1.6158
7367,15:53:58.988,2013,-0.0168,1.6222
7368,15:53:58.988,2004,-0.0212,1.6149
7369,15:53:58.989,1995,-0.0256,1.6077
7370,15:53:58.989,1992,-0.0271,1.6053
7371,15:53:58.990,1995,-0.0256,1.6077
7372,15:53:58.990,2008,-0.0193,1.6182
7373,15:53:58.991,2020,-0.0134,1.6278
7374,15:53:58.991,2028,-0.0095,1.6343
7375,15:53:58.992,2037,-0.0051,1.6415
7376,15:53:58.992,2042,-0.0027,1.6456
7377,15:53:58.993,2034,-0.0066,1.6391
7378,15:53:58.993,2034,-0.0066,1.6391
7379,15:53:58.994,2037,-0.0051,1.6415
7380,15:53:58.994,2045,-0.0012,1.6480
7381,15:53:58.995,2049,0.0007,1.6512
7382,15:53:58.995,2048,0.0002,1.6504
7383,15:53:58.996,2049,0.0007,1.6512
7384,15:53:58.996,2049,0.0007,1.6512
7385,15:53:58.997,2039,-0.0042,1.6432
7386,15:53:58.997,2021,-0.0129,1.6286
7387,15:53:58.998,2008,-0.0193,1.6182
7388,15:53:58.998,2003,-0.0217,1.6141
7389,15:53:58.999,2003,-0.0217,1.6141
7390,15:53:58.999,2008,-0.0193,1.6182
7391,15:53:59.000,2008,-0.0193,1.6182
7392,15:53:59.000,2013,-0.0168,1.6222
7393,15:53:59.001,2003,-0.0217,1.6141
7394,15:53:59.001,1998,-0.0242,1.6101
7395,15:53:59.002,1990,-0.0281,1.6037
7396,15:53:59.002,1999,-0.0237,1.6109
7397,15:53:59.003,2011,-0.0178,1.6206
7398,15:53:59.003,2020,-0.0134,1.6278
7399,15:53:59.004,2031,-0.0081,1.6367
7400,15:53:59.004,2041,-0.0032,1.6448
7401,15:53:59.005,2038,-0.0046,1.6423
7402,15:53:59.005,2037,-0.0051,1.6415
7403,15:53:59.006,2033,-0.0071,1.6383
7404,15:53:59.006,2042,-0.0027,1.6456
7405,15:53:59.007,2051,0.0017,1.6528
7406,15:53:59.007,2052,0.0022,1.6536
7407,15:53:59.008,2050,0.0012,1.6520
7408,15:53:59.008,2052,0.0022,1.6536
7409,15:53:59.009,2044,-0.0017,1.6472
7410,15:53:59.009,2037,-0.0051,1.6415
7411,15:53:59.010,2018,-0.0144,1.6262
7412,15:53:59.010,2011,-0.0178,1.6206
7413,15:53:59.011,2004,-0.0212,1.6149
7414,15:53:59.011,2006,-0.0203,1.6166
7415,15:53:59.012,2006,-0.0203,1.6166
7416,15:53:59.012,2002,-0.0222,1.6133
7417,15:53:59.013,2011,-0.0178,1.6206
7418,15:53:59.013,2001,-0.0227,1.6125
7419,15:53:59.014,1995,-0.0256,1.6077
7420,15:53:59.014,1986,-0.0300,1.6004
7421,15:53:59.015,1995,-0.0256,1.6077
7422,15:53:59.015,2005,-0.0208,1.6158
7423,15:53:59.016,2023,-0.0120,1.6303
7424,15:53:59.016,2032,-0.0076,1.6375
7425,15:53:59.017,2041,-0.0032,1.6448
7426,15:53:59.017,2042,-0.0027,1.6456
7427,15:53:59.018,2031,-0.0081,1.6367
7428,15:53:59.018,2031,-0.0081,1.6367
7429,15:53:59.019,2036,-0.0056,1.6407
7430,15:53:59.019,2048,0.0002,1.6504
7431,15:53:59.020,2050,0.0012,1.6520
7432,15:53:59.020,2043,-0.0022,1.6464
7433,15:53:59.021,2049,0.0007,1.6512
7434,15:53:59.021,2044,-0.0017,1.6472
7435,15:53:59.022,2032,-0.0076,1.6375
7436,15:53:59.022,2019,-0.0139,1.6270
7437,15:53:59.023,2007,-0.0198,1.6174
7438,15:53:59.023,2004,-0.0212,1.6149
7439,15:53:59.024,2004,-0.0212,1.6149
7440,15:53:59.024,2004,-0.0212,1.6149
7441,15:53:59.025,2007,-0.0198,1.6174
7442,15:53:59.025,2011,-0.0178,1.6206
7443,15:53:59.026,2003,-0.0217,1.6141
7444,15:53:59.026,1998,-0.0242,1.6101
7445,15:53:59.027,1996,-0.0252,1.6085
7446,15:53:59.027,1999,-0.0237,1.6109
7447,15:53:59.028,2009,-0.0188,1.6190
7448,15:53:59.028,2024,-0.0115,1.6311
7449,15:53:59.029,2030,-0.0085,1.6359
7450,15:53:59.029,2040,-0.0037,1.6440
7451,15:53:59.030,2037,-0.0051,1.6415
7452,15:53:59.030,2033,-0.0071,1.6383
7453,15:53:59.031,2032,-0.0076,1.6375
7454,15:53:59.031,2039,-0.0042,1.6432
7455,15:53:59.032,2050,0.0012,1.6520
7456,15:53:59.032,2052,0.0022,1.6536
7457,15:53:59.033,2045,-0.0012,1.6480
7458,15:53:59.033,2046,-0.0007,1.6488
7459,15:53:59.034,2043,-0.0022,1.6464
7460,15:53:59.034,2035,-0.0061,1.6399
7461,15:53:59.035,2019,-0.0139,1.6270
7462,15:53:59.035,2007,-0.0198,1.6174
7463,15:53:59.036,2009,-0.0188,1.6190
7464,15:53:59.036,2003,-0.0217,1.6141
7465,15:53:59.037,2008,-0.0193,1.6182
7466,15:53:59.037,2003,-0.0217,1.6141
7467,15:53:59.038,2011,-0.0178,1.6206
7468,15:53:59.038,1998,-0.0242,1.6101
7469,15:53:59.039,1993,-0.0266,1.6061
7470,15:53:59.039,1994,-0.0261,1.6069
7471,15:53:59.040,1994,-0.0261,1.6069
7472,15:53:59.040,2011,-0.0178,1.6206
7473,15:53:59.041,2024,-0.0115,1.6311
7474,15:53:59.041,2033,-0.0071,1.6383
7475,15:53:59.042,2041,-0.0032,1.6448
7476,15:53:59.042,2036,-0.0056,1.6407
7477,15:53:59.043,2034,-0.0066,1.6391
7478,15:53:59.043,2033,-0.0071,1.6383
7479,15:53:59.044,2043,-0.0022,1.6464
7480,15:53:59.044,2052,0.0022,1.6536
7481,15:53:59.045,2051,0.0017,1.6528
7482,15:53:59.045,2047,-0.0002,1.6496
7483,15:53:59.046,2046,-0.0007,1.6488
7484,15:53:59.046,2042,-0.0027,1.6456
7485,15:53:59.047,2029,-0.0090,1.6351
7486,15:53:59.047,2017,-0.0149,1.6254
7487,15:53:59.048,2006,-0.0203,1.6166
7488,15:53:59.048,2007,-0.0198,1.6174
7489,15:53:59.049,2005,-0.0208,1.6158
7490,15:53:59.049,2005,-0.0208,1.6158
7491,15:53:59.050,2012,-0.0173,1.6214
7492,15:53:59.050,2009,-0.0188,1.6190
7493,15:53:59.051,1998,-0.0242,1.6101
7494,15:53:59.051,1994,-0.0261,1.6069
7495,15:53:59.052,1989,-0.0286,1.6029
7496,15:53:59.052,2002,-0.0222,1.6133
7497,15:53:59.053,2011,-0.0178,1.6206
7498,15:53:59.053,2022,-0.0125,1.6295
7499,15:53:59.054,2033,-0.0071,1.6383
7500,15:53:59.054,2039,-0.0042,1.6432
7501,15:53:59.055,2039,-0.0042,1.6432
7502,15:53:59.055,2031,-0.0081,1.6367
7503,15:53:59.056,2037,-0.0051,1.6415
7504,15:53:59.056,2042,-0.0027,1.6456
7505,15:53:59.057,2051,0.0017,1.6528
7506,15:53:59.057,2046,-0.0007,1.6488
7507,15:53:59.058,2044,-0.0017,1.6472
7508,15:53:59.058,2046,-0.0007,1.6488
7509,15:53:59.059,2040,-0.0037,1.6440
7510,15:53:59.059,2027,-0.0100,1.6335
7511,15:53:59.060,2010,-0.0183,1.6198
7512,15:53:59.060,2007,-0.0198,1.6174
7513,15:53:59.061,2007,-0.0198,1.6174
7514,15:53:59.061,2006,-0.0203,1.6166
7515,15:53:59.062,2010,-0.0183,1.6198
7516,15:53:59.062,2011,-0.0178,1.6206
7517,15:53:59.063,2011,-0.0178,1.6206
7518,15:53:59.063,2002,-0.0222,1.6133
7519,15:53:59.064,1991,-0.0276,1.6045
7520,15:53:59.064,1990,-0.0281,1.6037
7521,15:53:59.065,2003,-0.0217,1.6141
7522,15:53:59.065,2011,-0.0178,1.6206
7523,15:53:59.066,2026,-0.0105,1.6327
7524,15:53:59.066,2033,-0.0071,1.6383
7525,15:53:59.067,2039,-0.0042,1.6432
7526,15:53:59.067,2031,-0.0081,1.6367
7527,15:53:59.068,2030,-0.0085,1.6359
7528,15:53:59.068,2031,-0.0081,1.6367
7529,15:53:59.069,2040,-0.0037,1.6440
7530,15:53:59.069,2050,0.0012,1.6520
7531,15:53:59.070,2045,-0.0012,1.6480
7532,15:53:59.070,2049,0.0007,1.6512
7533,15:53:59.071,2045,-0.0012,1.6480
7534,15:53:59.071,2041,-0.0032,1.6448
7535,15:53:59.072,2022,-0.0125,1.6295
7536,15:53:59.072,2013,-0.0168,1.6222
7537,15:53:59.073,2007,-0.0198,1.6174
7538,15:53:59.073,2003,-0.0217,1.6141
7539,15:53:59.074,2008,-0.0193,1.6182
7540,15:53:59.074,2008,-0.0193,1.6182
7541,15:53:59.075,2013,-0.0168,1.6222
7542,15:53:59.075,2003,-0.0217,1.6141
7543,15:53:59.076,1997,-0.0247,1.6093
7544,15:53:59.076,1995,-0.0256,1.6077
7545,15:53:59.077,1992,-0.0271,1.6053
7546,15:53:59.077,2005,-0.0208,1.6158
7547,15:53:59.078,2017,-0.0149,1.6254
7548,15:53:59.078,2029,-0.0090,1.6351
7549,15:53:59.079,2033,-0.0071,1.6383
7550,15:53:59.079,2040,-0.0037,1.6440
7551,15:53:59.080,2035,-0.0061,1.6399
7552,15:53:59.080,2035,-0.0061,1.6399
7553,15:53:59.081,2035,-0.0061,1.6399
7554,15:53:59.081,2042,-0.0027,1.6456
7555,15:53:59.082,2050,0.0012,1.6520
7556,15:53:59.082,2049,0.0007,1.6512
7557,15:53:59.083,2046,-0.0007,1.6488
7558,15:53:59.083,2043,-0.0022,1.6464
7559,15:53:59.084,2039,-0.0042,1.6432
7560,15:53:59.084,2027,-0.0100,1.6335
7561,15:53:59.085,2014,-0.0164,1.6230
7562,15:53:59.085,2010,-0.0183,1.6198
7563,15:53:59.086,2012,-0.0173,1.6214
7564,15:53:59.086,2009,-0.0188,1.6190
7565,15:53:59.087,2011,-0.0178,1.6206
7566,15:53:59.087,2012,-0.0173,1.6214
7567,15:53:59.088,2004,-0.0212,1.6149
7568,15:53:59.088,1995,-0.0256,1.6077
7569,15:53:59.089,1995,-0.0256,1.6077
7570,15:53:59.089,1993,-0.0266,1.6061
7571,15:53:59.090,2007,-0.0198,1.6174
7572,15:53:59.090,2017,-0.0149,1.6254
7573,15:53:59.091,2023,-0.0120,1.6303
7574,15:53:59.091,2033,-0.0071,1.6383
7575,15:53:59.092,2038,-0.0046,1.6423
7576,15:53:59.092,2033,-0.0071,1.6383
7577,15:53:59.093,2034,-0.0066,1.6391
7578,15:53:59.093,2035,-0.0061,1.6399
7579,15:53:59.094,2042,-0.0027,1.6456
7580,15:53:59.094,2053,0.0027,1.6544
7581,15:53:59.095,2049,0.0007,1.6512
7582,15:53:59.095,2044,-0.0017,1.6472
7583,15:53:59.096,2042,-0.0027,1.6456
7584,15:53:59.096,2037,-0.0051,1.6415
7585,15:53:59.097,2023,-0.0120,1.6303
7586,15:53:59.097,2011,-0.0178,1.6206
7587,15:53:59.098,2011,-0.0178,1.6206
7588,15:53:59.098,2005,-0.0208,1.6158
7589,15:53:59.099,2007,-0.0198,1.6174
7590,15:53:59.099,2010,-0.0183,1.6198
7591,15:53:59.100,2012,-0.0173,1.6214
7592,15:53:59.100,2009,-0.0188,1.6190
7593,15:53:59.101,1999,-0.0237,1.6109
7594,15:53:59.101,1995,-0.0256,1.6077
7595,15:53:59.102,1995,-0.0256,1.6077
7596,15:53:59.102,2007,-0.0198,1.6174
7597,15:53:59.103,2017,-0.0149,1.6254
7598,15:53:59.103,2028,-0.0095,1.6343
7599,15:53:59.104,2036,-0.0056,1.6407
7600,15:53:59.104,2035,-0.0061,1.6399
7601,15:53:59.105,2033,-0.0071,1.6383
7602,15:53:59.105,2032,-0.0076,1.6375
7603,15:53:59.106,2040,-0.0037,1.6440
7604,15:53:59.106,2040,-0.0037,1.6440
7605,15:53:59.107,2052,0.0022,1.6536
7606,15:53:59.107,2051,0.0017,1.6528
7607,15:53:59.108,2048,0.0002,1.6504
7608,15:53:59.108,2044,-0.0017,1.6472
7609,15:53:59.109,2035,-0.0061,1.6399
7610,15:53:59.109,2021,-0.0129,1.6286
7611,15:53:59.110,2014,-0.0164,1.6230
7612,15:53:59.110,2009,-0.0188,1.6190
7613,15:53:59.111,2006,-0.0203,1.6166
7614,15:53:59.111,2009,-0.0188,1.6190
7615,15:53:59.112,2009,-0.0188,1.6190
7616,15:53:59.112,2007,-0.0198,1.6174
7617,15:53:59.113,2005,-0.0208,1.6158
7618,15:53:59.113,1993,-0.0266,1.6061
7619,15:53:59.114,1991,-0.0276,1.6045
7620,15:53:59.114,1993,-0.0266,1.6061
7621,15:53:59.115,2007,-0.0198,1.6174
7622,15:53:59.115,2020,-0.0134,1.6278
7623,15:53:59.116,2027,-0.0100,1.6335
7624,15:53:59.116,2032,-0.0076,1.6375
7625,15:53:59.117,2039,-0.0042,1.6432
7626,15:53:59.117,2031,-0.0081,1.6367
7627,15:53:59.118,2034,-0.0066,1.6391
7628,15:53:59.118,2035,-0.0061,1.6399
7629,15:53:59.119,2043,-0.0022,1.6464
7630,15:53:59.119,2050,0.0012,1.6520
7631,15:53:59.120,2048,0.0002,1.6504
7632,15:53:59.120,2046,-0.0007,1.6488
7633,15:53:59.121,2042,-0.0027,1.6456
7634,15:53:59.121,2036,-0.0056,1.6407
7635,15:53:59.122,2024,-0.0115,1.6311
7636,15:53:59.122,2013,-0.0168,1.6222
7637,15:53:59.123,2012,-0.0173,1.6214
7638,15:53:59.123,2009,-0.0188,1.6190
7639,15:53:59.124,2009,-0.0188,1.6190
7640,15:53:59.124,2012,-0.0173,1.6214
7641,15:53:59.125,2008,-0.0193,1.6182
7642,15:53:59.125,2006,-0.0203,1.6166
7643,15:53:59.126,1993,-0.0266,1.6061
7644,15:53:59.126,1990,-0.0281,1.6037
7645,15:53:59.127,1996,-0.0252,1.6085
7646,15:53:59.127,2008,-0.0193,1.6182
7647,15:53:59.128,2023,-0.0120,1.6303
7648,15:53:59.128,2030,-0.0085,1.6359
7649,15:53:59.129,2039,-0.0042,1.6432
7650,15:53:59.129,2038,-0.0046,1.6423
7651,15:53:59.130,2037,-0.0051,1.6415
7652,15:53:59.130,2033,-0.0071,1.6383
7653,15:53:59.131,2039,-0.0042,1.6432
7654,15:53:59.131,2050,0.0012,1.6520
7655,15:53:59.132,2049,0.0007,1.6512
7656,15:53:59.132,2047,-0.0002,1.6496
7657,15:53:59.133,2048,0.0002,1.6504
7658,15:53:59.133,2043,-0.0022,1.6464
7659,15:53:59.134,2030,-0.0085,1.6359
7660,15:53:59.134,2021,-0.0129,1.6286
7661,15:53:59.135,2013,-0.0168,1.6222
7662,15:53:59.135,2010,-0.0183,1.6198
7663,15:53:59.136,2008,-0.0193,1.6182
7664,15:53:59.136,2010,-0.0183,1.6198
7665,15:53:59.137,2006,-0.0203,1.6166
7666,15:53:59.137,2007,-0.0198,1.6174
7667,15:53:59.138,2000,-0.0232,1.6117
7668,15:53:59.138,1991,-0.0276,1.6045
7669,15:53:59.139,1990,-0.0281,1.6037
7670,15:53:59.139,1996,-0.0252,1.6085
7671,15:53:59.140,2009,-0.0188,1.6190
7672,15:53:59.140,2022,-0.0125,1.6295
7673,15:53:59.141,2030,-0.0085,1.6359
7674,15:53:59.141,2036,-0.0056,1.6407
7675,15:53:59.142,2036,-0.0056,1.6407
7676,15:53:59.142,2031,-0.0081,1.6367
7677,15:53:59.143,2034,-0.0066,1.6391
7678,15:53:59.143,2040,-0.0037,1.6440
7679,15:53:59.144,2052,0.0022,1.6536
7680,15:53:59.144,2053,0.0027,1.6544
7681,15:53:59.145,2051,0.0017,1.6528
7682,15:53:59.145,2045,-0.0012,1.6480
7683,15:53:59.146,2040,-0.0037,1.6440
7684,15:53:59.146,2035,-0.0061,1.6399
7685,15:53:59.147,2018,-0.0144,1.6262
7686,15:53:59.147,2014,-0.0164,1.6230
7687,15:53:59.148,2013,-0.0168,1.6222
7688,15:53:59.148,2009,-0.0188,1.6190
7689,15:53:59.149,2011,-0.0178,1.6206
7690,15:53:59.149,2008,-0.0193,1.6182
7691,15:53:59.150,2008,-0.0193,1.6182
7692,15:53:59.150,2001,-0.0227,1.6125
7693,15:53:59.151,1987,-0.0295,1.6012
7694,15:53:59.151,1996,-0.0252,1.6085
7695,15:53:59.152,1996,-0.0252,1.6085
7696,15:53:59.152,2010,-0.0183,1.6198
7697,15:53:59.153,2023,-0.0120,1.6303
7698,15:53:59.153,2030,-0.0085,1.6359
7699,15:53:59.154,2034,-0.0066,1.6391
7700,15:53:59.154,2034,-0.0066,1.6391
7701,15:53:59.155,2029,-0.0090,1.6351
7702,15:53:59.155,2030,-0.0085,1.6359
7703,15:53:59.156,2040,-0.0037,1.6440
7704,15:53:59.156,2045,-0.0012,1.6480
7705,15:53:59.157,2050,0.0012,1.6520
7706,15:53:59.157,2045,-0.0012,1.6480
7707,15:53:59.158,2043,-0.0022,1.6464
7708,15:53:59.158,2039,-0.0042,1.6432
7709,15:53:59.159,2027,-0.0100,1.6335
7710,15:53:59.159,2017,-0.0149,1.6254
7711,15:53:59.160,2010,-0.0183,1.6198
7712,15:53:59.160,2010,-0.0183,1.6198
7713,15:53:59.161,2009,-0.0188,1.6190
7714,15:53:59.161,2008,-0.0193,1.6182
7715,15:53:59.162,2016,-0.0154,1.6246
7716,15:53:59.162,2009,-0.0188,1.6190
7717,15:53:59.163,2000,-0.0232,1.6117
7718,15:53:59.163,1989,-0.0286,1.6029
7719,15:53:59.164,1988,-0.0291,1.6021
7720,15:53:59.164,1999,-0.0237,1.6109
7721,15:53:59.165,2013,-0.0168,1.6222
7722,15:53:59.165,2021,-0.0129,1.6286
7723,15:53:59.166,2033,-0.0071,1.6383
7724,15:53:59.166,2038,-0.0046,1.6423
7725,15:53:59.167,2036,-0.0056,1.6407
7726,15:53:59.167,2031,-0.0081,1.6367
7727,15:53:59.168,2034,-0.0066,1.6391
7728,15:53:59.168,2038,-0.0046,1.6423
7729,15:53:59.169,2044,-0.0017,1.6472
7730,15:53:59.169,2050,0.0012,1.6520
7731,15:53:59.170,2046,-0.0007,1.6488
7732,15:53:59.170,2043,-0.0022,1.6464
7733,15:53:59.171,2039,-0.0042,1.6432
7734,15:53:59.171,2026,-0.0105,1.6327
7735,15:53:59.172,2021,-0.0129,1.6286
7736,15:53:59.172,2015,-0.0159,1.6238
7737,15:53:59.173,2018,-0.0144,1.6262
7738,15:53:59.173,2013,-0.0168,1.6222
7739,15:53:59.174,2012,-0.0173,1.6214
7740,15:53:59.174,2014,-0.0164,1.6230
7741,15:53:59.175,2004,-0.0212,1.6149
7742,15:53:59.175,2001,-0.0227,1.6125
7743,15:53:59.176,1990,-0.0281,1.6037
7744,15:53:59.176,1991,-0.0276,1.6045
7745,15:53:59.177,2000,-0.0232,1.6117
7746,15:53:59.177,2014,-0.0164,1.6230
7747,15:53:59.178,2026,-0.0105,1.6327
7748,15:53:59.178,2032,-0.0076,1.6375
7749,15:53:59.179,2039,-0.0042,1.6432
7750,15:53:59.179,2029,-0.0090,1.6351
7751,15:53:59.180,2033,-0.0071,1.6383
7752,15:53:59.180,2035,-0.0061,1.6399
7753,15:53:59.181,2043,-0.0022,1.6464
7754,15:53:59.181,2051,0.0017,1.6528
7755,15:53:59.182,2051,0.0017,1.6528
7756,15:53:59.182,2046,-0.0007,1.6488
7757,15:53:59.183,2044,-0.0017,1.6472
7758,15:53:59.183,2033,-0.0071,1.6383
7759,15:53:59.184,2026,-0.0105,1.6327
7760,15:53:59.184,2017,-0.0149,1.6254
7761,15:53:59.185,2013,-0.0168,1.6222
7762,15:53:59.185,2010,-0.0183,1.6198
7763,15:53:59.186,2010,-0.0183,1.6198
7764,15:53:59.186,2009,-0.0188,1.6190
7765,15:53:59.187,2007,-0.0198,1.6174
7766,15:53:59.187,2002,-0.0222,1.6133
7767,15:53:59.188,1996,-0.0252,1.6085
7768,15:53:59.188,1993,-0.0266,1.6061
7769,15:53:59.189,1993,-0.0266,1.6061
7770,15:53:59.189,2002,-0.0222,1.6133
7771,15:53:59.190,2015,-0.0159,1.6238
7772,15:53:59.190,2022,-0.0125,1.6295
7773,15:53:59.191,2031,-0.0081,1.6367
7774,15:53:59.191,2036,-0.0056,1.6407
7775,15:53:59.192,2035,-0.0061,1.6399
7776,15:53:59.192,2029,-0.0090,1.6351
7777,15:53:59.193,2034,-0.0066,1.6391
7778,15:53:59.193,2044,-0.0017,1.6472
7779,15:53:59.194,2051,0.0017,1.6528
7780,15:53:59.194,2051,0.0017,1.6528
7781,15:53:59.195,2046,-0.0007,1.6488
7782,15:53:59.195,2044,-0.0017,1.6472
7783,15:53:59.196,2036,-0.0056,1.6407
7784,15:53:59.196,2025,-0.0110,1.6319
7785,15:53:59.197,2016,-0.0154,1.6246
7786,15:53:59.197,2015,-0.0159,1.6238
7787,15:53:59.198,2012,-0.0173,1.6214
7788,15:53:59.198,2011,-0.0178,1.6206
7789,15:53:59.199,2012,-0.0173,1.6214
7790,15:53:59.199,2005,-0.0208,1.6158
7791,15:53:59.200,2006,-0.0203,1.6166
7792,15:53:59.200,1997,-0.0247,1.6093
7793,15:53:59.201,1993,-0.0266,1.6061
7794,15:53:59.201,1993,-0.0266,1.6061
7795,15:53:59.202,2001,-0.0227,1.6125
7796,15:53:59.202,2017,-0.0149,1.6254
7797,15:53:59.203,2022,-0.0125,1.6295
7798,15:53:59.203,2031,-0.0081,1.6367
7799,15:53:59.204,2034,-0.0066,1.6391
7800,15:53:59.204,2031,-0.0081,1.6367
7801,15:53:59.205,2024,-0.0115,1.6311
7802,15:53:59.205,2034,-0.0066,1.6391
7803,15:53:59.206,2048,0.0002,1.6504
7804,15:53:59.206,2050,0.0012,1.6520
7805,15:53:59.207,2050,0.0012,1.6520
7806,15:53:59.207,2043,-0.0022,1.6464
7807,15:53:59.208,2048,0.0002,1.6504
7808,15:53:59.208,2037,-0.0051,1.6415
7809,15:53:59.209,2024,-0.0115,1.6311
7810,15:53:59.209,2016,-0.0154,1.6246
7811,15:53:59.210,2017,-0.0149,1.6254
7812,15:53:59.210,2009,-0.0188,1.6190
7813,15:53:59.211,2009,-0.0188,1.6190
7814,15:53:59.211,2005,-0.0208,1.6158
7815,15:53:59.212,2010,-0.0183,1.6198
7816,15:53:59.212,2004,-0.0212,1.6149
7817,15:53:59.213,1995,-0.0256,1.6077
7818,15:53:59.213,1993,-0.0266,1.6061
7819,15:53:59.214,1990,-0.0281,1.6037
7820,15:53:59.214,2004,-0.0212,1.6149
7821,15:53:59.215,2019,-0.0139,1.6270
7822,15:53:59.215,2026,-0.0105,1.6327
7823,15:53:59.216,2036,-0.0056,1.6407
7824,15:53:59.216,2033,-0.0071,1.6383
7825,15:53:59.217,2031,-0.0081,1.6367
7826,15:53:59.217,2033,-0.0071,1.6383
7827,15:53:59.218,2038,-0.0046,1.6423
7828,15:53:59.218,2045,-0.0012,1.6480
7829,15:53:59.219,2045,-0.0012,1.6480
7830,15:53:59.219,2048,0.0002,1.6504
7831,15:53:59.220,2045,-0.0012,1.6480
7832,15:53:59.220,2042,-0.0027,1.6456
7833,15:53:59.221,2034,-0.0066,1.6391
7834,15:53:59.221,2027,-0.0100,1.6335
7835,15:53:59.222,2015,-0.0159,1.6238
7836,15:53:59.222,2011,-0.0178,1.6206
7837,15:53:59.223,2013,-0.0168,1.6222
7838,15:53:59.223,2011,-0.0178,1.6206
7839,15:53:59.224,2013,-0.0168,1.6222
7840,15:53:59.224,2010,-0.0183,1.6198
7841,15:53:59.225,2004,-0.0212,1.6149
7842,15:53:59.225,1995,-0.0256,1.6077
7843,15:53:59.226,1989,-0.0286,1.6029
7844,15:53:59.226,1993,-0.0266,1.6061
7845,15:53:59.227,2008,-0.0193,1.6182
7846,15:53:59.227,2016,-0.0154,1.6246
7847,15:53:59.228,2024,-0.0115,1.6311
7848,15:53:59.228,2033,-0.0071,1.6383
7849,15:53:59.229,2035,-0.0061,1.6399
7850,15:53:59.229,2033,-0.0071,1.6383
7851,15:53:59.230,2033,-0.0071,1.6383
7852,15:53:59.230,2042,-0.0027,1.6456
7853,15:53:59.231,2045,-0.0012,1.6480
7854,15:53:59.231,2049,0.0007,1.6512
7855,15:53:59.232,2050,0.0012,1.6520
7856,15:53:59.232,2044,-0.0017,1.6472
7857,15:53:59.233,2039,-0.0042,1.6432
7858,15:53:59.233,2032,-0.0076,1.6375
7859,15:53:59.234,2024,-0.0115,1.6311
7860,15:53:59.234,2015,-0.0159,1.6238
7861,15:53:59.235,2013,-0.0168,1.6222
7862,15:53:59.235,2016,-0.0154,1.6246
7863,15:53:59.236,2010,-0.0183,1.6198
7864,15:53:59.236,2011,-0.0178,1.6206
7865,15:53:59.237,2006,-0.0203,1.6166
7866,15:53:59.237,2000,-0.0232,1.6117
7867,15:53:59.238,1993,-0.0266,1.6061
7868,15:53:59.238,1990,-0.0281,1.6037
7869,15:53:59.239,1998,-0.0242,1.6101
7870,15:53:59.239,2007,-0.0198,1.6174
7871,15:53:59.240,2015,-0.0159,1.6238
7872,15:53:59.240,2029,-0.0090,1.6351
7873,15:53:59.241,2033,-0.0071,1.6383
7874,15:53:59.241,2033,-0.0071,1.6383
7875,15:53:59.242,2035,-0.0061,1.6399
7876,15:53:59.242,2034,-0.0066,1.6391
7877,15:53:59.243,2038,-0.0046,1.6423
7878,15:53:59.243,2044,-0.0017,1.6472
7879,15:53:59.244,2048,0.0002,1.6504
7880,15:53:59.244,2049,0.0007,1.6512
7881,15:53:59.245,2048,0.0002,1.6504
7882,15:53:59.245,2043,-0.0022,1.6464
7883,15:53:59.246,2028,-0.0095,1.6343
7884,15:53:59.246,2019,-0.0139,1.6270
7885,15:53:59.247,2017,-0.0149,1.6254
7886,15:53:59.247,2011,-0.0178,1.6206
7887,15:53:59.248,2015,-0.0159,1.6238
7888,15:53:59.248,2013,-0.0168,1.6222
7889,15:53:59.249,2008,-0.0193,1.6182
7890,15:53:59.249,2010,-0.0183,1.6198
7891,15:53:59.250,1999,-0.0237,1.6109
7892,15:53:59.250,1992,-0.0271,1.6053
7893,15:53:59.251,1990,-0.0281,1.6037
7894,15:53:59.251,1999,-0.0237,1.6109
7895,15:53:59.252,2009,-0.0188,1.6190
7896,15:53:59.252,2016,-0.0154,1.6246
7897,15:53:59.253,2024,-0.0115,1.6311
7898,15:53:59.253,2030,-0.0085,1.6359
7899,15:53:59.254,2035,-0.0061,1.6399
7900,15:53:59.254,2028,-0.0095,1.6343
7901,15:53:59.255,2031,-0.0081,1.6367
7902,15:53:59.255,2041,-0.0032,1.6448
7903,15:53:59.256,2046,-0.0007,1.6488
7904,15:53:59.256,2049,0.0007,1.6512
7905,15:53:59.257,2049,0.0007,1.6512
7906,15:53:59.257,2045,-0.0012,1.6480
7907,15:53:59.258,2040,-0.0037,1.6440
7908,15:53:59.258,2033,-0.0071,1.6383
7909,15:53:59.259,2024,-0.0115,1.6311
7910,15:53:59.259,2017,-0.0149,1.6254
7911,15:53:59.260,2012,-0.0173,1.6214
7912,15:53:59.260,2015,-0.0159,1.6238
7913,15:53:59.261,2013,-0.0168,1.6222
7914,15:53:59.261,2012,-0.0173,1.6214
7915,15:53:59.262,2007,-0.0198,1.6174
7916,15:53:59.262,1998,-0.0242,1.6101
7917,15:53:59.263,1991,-0.0276,1.6045
7918,15:53:59.263,1992,-0.0271,1.6053
7919,15:53:59.264,1996,-0.0252,1.6085
7920,15:53:59.264,2010,-0.0183,1.6198
7921,15:53:59.265,2017,-0.0149,1.6254
7922,15:53:59.265,2028,-0.0095,1.6343
7923,15:53:59.266,2035,-0.0061,1.6399
7924,15:53:59.266,2035,-0.0061,1.6399
7925,15:53:59.267,2033,-0.0071,1.6383
7926,15:53:59.267,2032,-0.0076,1.6375
7927,15:53:59.268,2044,-0.0017,1.6472
7928,15:53:59.268,2046,-0.0007,1.6488
7929,15:53:59.269,2050,0.0012,1.6520
7930,15:53:59.269,2049,0.0007,1.6512
7931,15:53:59.270,2044,-0.0017,1.6472
7932,15:53:59.270,2037,-0.0051,1.6415
7933,15:53:59.271,2030,-0.0085,1.6359
7934,15:53:59.271,2027,-0.0100,1.6335
7935,15:53:59.272,2014,-0.0164,1.6230
7936,15:53:59.272,2016,-0.0154,1.6246
7937,15:53:59.273,2013,-0.0168,1.6222
7938,15:53:59.273,2010,-0.0183,1.6198
7939,15:53:59.274,2011,-0.0178,1.6206
7940,15:53:59.274,2000,-0.0232,1.6117
7941,15:53:59.275,1998,-0.0242,1.6101
7942,15:53:59.275,1995,-0.0256,1.6077
7943,15:53:59.276,1992,-0.0271,1.6053
7944,15:53:59.276,2001,-0.0227,1.6125
7945,15:53:59.277,2011,-0.0178,1.6206
7946,15:53:59.277,2017,-0.0149,1.6254
7947,15:53:59.278,2029,-0.0090,1.6351
7948,15:53:59.278,2030,-0.0085,1.6359
7949,15:53:59.279,2029,-0.0090,1.6351
7950,15:53:59.279,2031,-0.0081,1.6367
7951,15:53:59.280,2034,-0.0066,1.6391
7952,15:53:59.280,2043,-0.0022,1.6464
7953,15:53:59.281,2046,-0.0007,1.6488
7954,15:53:59.281,2053,0.0027,1.6544
7955,15:53:59.282,2048,0.0002,1.6504
7956,15:53:59.282,2044,-0.0017,1.6472
7957,15:53:59.283,2036,-0.0056,1.6407
7958,15:53:59.283,2030,-0.0085,1.6359
7959,15:53:59.284,2024,-0.0115,1.6311
7960,15:53:59.284,2018,-0.0144,1.6262
7961,15:53:59.285,2014,-0.0164,1.6230
7962,15:53:59.285,2014,-0.0164,1.6230
7963,15:53:59.286,2012,-0.0173,1.6214
7964,15:53:59.286,2006,-0.0203,1.6166
7965,15:53:59.287,2006,-0.0203,1.6166
7966,15:53:59.287,1996,-0.0252,1.6085
7967,15:53:59.288,1990,-0.0281,1.6037
7968,15:53:59.288,1993,-0.0266,1.6061
7969,15:53:59.289,1999,-0.0237,1.6109
7970,15:53:59.289,2011,-0.0178,1.6206
7971,15:53:59.290,2023,-0.0120,1.6303
7972,15:53:59.290,2028,-0.0095,1.6343
7973,15:53:59.291,2034,-0.0066,1.6391
7974,15:53:59.291,2034,-0.0066,1.6391
7975,15:53:59.292,2031,-0.0081,1.6367
7976,15:53:59.292,2033,-0.0071,1.6383
7977,15:53:59.293,2043,-0.0022,1.6464
7978,15:53:59.293,2049,0.0007,1.6512
7979,15:53:59.294,2048,0.0002,1.6504
7980,15:53:59.294,2043,-0.0022,1.6464
7981,15:53:59.295,2044,-0.0017,1.6472
7982,15:53:59.295,2039,-0.0042,1.6432
7983,15:53:59.296,2029,-0.0090,1.6351
7984,15:53:59.296,2016,-0.0154,1.6246
7985,15:53:59.297,2015,-0.0159,1.6238
7986,15:53:59.297,2014,-0.0164,1.6230
7987,15:53:59.298,2011,-0.0178,1.6206
7988,15:53:59.298,2008,-0.0193,1.6182
7989,15:53:59.299,2008,-0.0193,1.6182
7990,15:53:59.299,2003,-0.0217,1.6141
7991,15:53:59.300,1998,-0.0242,1.6101
7992,15:53:59.300,1991,-0.0276,1.6045
7993,15:53:59.301,1990,-0.0281,1.6037
7994,15:53:59.301,2004,-0.0212,1.6149
7995,15:53:59.302,2010,-0.0183,1.6198
7996,15:53:59.302,2027,-0.0100,1.6335
7997,15:53:59.303,2027,-0.0100,1.6335
7998,15:53:59.303,2033,-0.0071,1.6383
7999,15:53:59.304,2036,-0.0056,1.6407
8000,15:53:59.304,2031,-0.0081,1.6367
8001,15:53:59.305,2036,-0.0056,1.6407
8002,15:53:59.305,2042,-0.0027,1.6456
8003,15:53:59.306,2052,0.0022,1.6536
8004,15:53:59.306,2051,0.0017,1.6528
8005,15:53:59.307,2048,0.0002,1.6504
8006,15:53:59.307,2045,-0.0012,1.6480
8007,15:53:59.308,2037,-0.0051,1.6415
8008,15:53:59.308,2026,-0.0105,1.6327
8009,15:53:59.309,2023,-0.0120,1.6303
8010,15:53:59.309,2020,-0.0134,1.6278
8011,15:53:59.310,2015,-0.0159,1.6238
8012,15:53:59.310,2015,-0.0159,1.6238
8013,15:53:59.311,2012,-0.0173,1.6214
8014,15:53:59.311,2008,-0.0193,1.6182
8015,15:53:59.312,2004,-0.0212,1.6149
8016,15:53:59.312,1995,-0.0256,1.6077
8017,15:53:59.313,1994,-0.0261,1.6069
8018,15:53:59.313,1996,-0.0252,1.6085
8019,15:53:59.314,2004,-0.0212,1.6149
8020,15:53:59.314,2017,-0.0149,1.6254
8021,15:53:59.315,2023,-0.0120,1.6303
8022,15:53:59.315,2027,-0.0100,1.6335
8023,15:53:59.316,2031,-0.0081,1.6367
8024,15:53:59.316,2033,-0.0071,1.6383
8025,15:53:59.317,2027,-0.0100,1.6335
8026,15:53:59.317,2038,-0.0046,1.6423
8027,15:53:59.318,2043,-0.0022,1.6464
8028,15:53:59.318,2050,0.0012,1.6520
8029,15:53:59.319,2050,0.0012,1.6520
8030,15:53:59.319,2048,0.0002,1.6504
8031,15:53:59.320,2044,-0.0017,1.6472
8032,15:53:59.320,2033,-0.0071,1.6383
8033,15:53:59.321,2029,-0.0090,1.6351
8034,15:53:59.321,2020,-0.0134,1.6278
8035,15:53:59.322,2016,-0.0154,1.6246
8036,15:53:59.322,2010,-0.0183,1.6198
8037,15:53:59.323,2010,-0.0183,1.6198
8038,15:53:59.323,2012,-0.0173,1.6214
8039,15:53:59.324,2005,-0.0208,1.6158
8040,15:53:59.324,2004,-0.0212,1.6149
8041,15:53:59.325,1999,-0.0237,1.6109
8042,15:53:59.325,1992,-0.0271,1.6053
8043,15:53:59.326,2000,-0.0232,1.6117
8044,15:53:59.326,2009,-0.0188,1.6190
8045,15:53:59.327,2016,-0.0154,1.6246
8046,15:53:59.327,2021,-0.0129,1.6286
8047,15:53:59.328,2031,-0.0081,1.6367
8048,15:53:59.328,2032,-0.0076,1.6375
8049,15:53:59.329,2033,-0.0071,1.6383
8050,15:53:59.329,2029,-0.0090,1.6351
8051,15:53:59.330,2037,-0.0051,1.6415
8052,15:53:59.330,2052,0.0022,1.6536
8053,15:53:59.331,2052,0.0022,1.6536
8054,15:53:59.331,2054,0.0032,1.6552
8055,15:53:59.332,2042,-0.0027,1.6456
8056,15:53:59.332,2040,-0.0037,1.6440
8057,15:53:59.333,2035,-0.0061,1.6399
8058,15:53:59.333,2025,-0.0110,1.6319
8059,15:53:59.334,2020,-0.0134,1.6278
8060,15:53:59.334,2019,-0.0139,1.6270
8061,15:53:59.335,2017,-0.0149,1.6254
8062,15:53:59.335,2008,-0.0193,1.6182
8063,15:53:59.336,2009,-0.0188,1.6190
8064,15:53:59.336,2005,-0.0208,1.6158
8065,15:53:59.337,2004,-0.0212,1.6149
8066,15:53:59.337,1994,-0.0261,1.6069
8067,15:53:59.338,1994,-0.0261,1.6069
8068,15:53:59.338,1998,-0.0242,1.6101
8069,15:53:59.339,2007,-0.0198,1.6174
8070,15:53:59.339,2014,-0.0164,1.6230
8071,15:53:59.340,2021,-0.0129,1.6286
8072,15:53:59.340,2023,-0.0120,1.6303
8073,15:53:59.341,2028,-0.0095,1.6343
8074,15:53:59.341,2029,-0.0090,1.6351
8075,15:53:59.342,2027,-0.0100,1.6335
8076,15:53:59.342,2037,-0.0051,1.6415
8077,15:53:59.343,2043,-0.0022,1.6464
8078,15:53:59.343,2051,0.0017,1.6528
8079,15:53:59.344,2049,0.0007,1.6512
8080,15:53:59.344,2045,-0.0012,1.6480
8081,15:53:59.345,2043,-0.0022,1.6464
8082,15:53:59.345,2032,-0.0076,1.6375
8083,15:53:59.346,2028,-0.0095,1.6343
8084,15:53:59.346,2022,-0.0125,1.6295
8085,15:53:59.347,2019,-0.0139,1.6270
8086,15:53:59.347,2016,-0.0154,1.6246
8087,15:53:59.348,2011,-0.0178,1.6206
8088,15:53:59.348,2008,-0.0193,1.6182
8089,15:53:59.349,2005,-0.0208,1.6158
8090,15:53:59.349,2001,-0.0227,1.6125
8091,15:53:59.350,2002,-0.0222,1.6133
8092,15:53:59.350,1994,-0.0261,1.6069
8093,15:53:59.351,1999,-0.0237,1.6109
8094,15:53:59.351,2008,-0.0193,1.6182
8095,15:53:59.352,2017,-0.0149,1.6254
8096,15:53:59.352,2027,-0.0100,1.6335
8097,15:53:59.353,2033,-0.0071,1.6383
8098,15:53:59.353,2031,-0.0081,1.6367
8099,15:53:59.354,2029,-0.0090,1.6351
8100,15:53:59.354,2029,-0.0090,1.6351
8101,15:53:59.355,2038,-0.0046,1.6423
8102,15:53:59.355,2049,0.0007,1.6512
8103,15:53:59.356,2049,0.0007,1.6512
8104,15:53:59.356,2051,0.0017,1.6528
8105,15:53:59.357,2044,-0.0017,1.6472
8106,15:53:59.357,2040,-0.0037,1.6440
8107,15:53:59.358,2034,-0.0066,1.6391
8108,15:53:59.358,2025,-0.0110,1.6319
8109,15:53:59.359,2023,-0.0120,1.6303
8110,15:53:59.359,2015,-0.0159,1.6238
8111,15:53:59.360,2015,-0.0159,1.6238
8112,15:53:59.360,2011,-0.0178,1.6206
8113,15:53:59.361,2005,-0.0208,1.6158
8114,15:53:59.361,2003,-0.0217,1.6141
8115,15:53:59.362,2000,-0.0232,1.6117
8116,15:53:59.362,1995,-0.0256,1.6077
8117,15:53:59.363,1994,-0.0261,1.6069
8118,15:53:59.363,1998,-0.0242,1.6101
8119,15:53:59.364,2010,-0.0183,1.6198
8120,15:53:59.364,2015,-0.0159,1.6238
8121,15:53:59.365,2022,-0.0125,1.6295
8122,15:53:59.365,2030,-0.0085,1.6359
8123,15:53:59.366,2027,-0.0100,1.6335
8124,15:53:59.366,2026,-0.0105,1.6327
8125,15:53:59.367,2030,-0.0085,1.6359
8126,15:53:59.367,2039,-0.0042,1.6432
8127,15:53:59.368,2052,0.0022,1.6536
8128,15:53:59.368,2050,0.0012,1.6520
8129,15:53:59.369,2046,-0.0007,1.6488
8130,15:53:59.369,2043,-0.0022,1.6464
8131,15:53:59.370,2041,-0.0032,1.6448
8132,15:53:59.370,2032,-0.0076,1.6375
8133,15:53:59.371,2024,-0.0115,1.6311
8134,15:53:59.371,2021,-0.0129,1.6286
8135,15:53:59.372,2019,-0.0139,1.6270
8136,15:53:59.372,2014,-0.0164,1.6230
8137,15:53:59.373,2014,-0.0164,1.6230
8138,15:53:59.373,2004,-0.0212,1.6149
8139,15:53:59.374,2004,-0.0212,1.6149
8140,15:53:59.374,2000,-0.0232,1.6117
8141,15:53:59.375,1997,-0.0247,1.6093
8142,15:53:59.375,1995,-0.0256,1.6077
8143,15:53:59.376,1998,-0.0242,1.6101
8144,15:53:59.376,2013,-0.0168,1.6222
8145,15:53:59.377,2023,-0.0120,1.6303
8146,15:53:59.377,2026,-0.0105,1.6327
8147,15:53:59.378,2025,-0.0110,1.6319
8148,15:53:59.378,2032,-0.0076,1.6375
8149,15:53:59.379,2030,-0.0085,1.6359
8150,15:53:59.379,2035,-0.0061,1.6399
8151,15:53:59.380,2040,-0.0037,1.6440
8152,15:53:59.380,2051,0.0017,1.6528
8153,15:53:59.381,2052,0.0022,1.6536
8154,15:53:59.381,2048,0.0002,1.6504
8155,15:53:59.382,2042,-0.0027,1.6456
8156,15:53:59.382,2040,-0.0037,1.6440
8157,15:53:59.383,2033,-0.0071,1.6383
8158,15:53:59.383,2028,-0.0095,1.6343
8159,15:53:59.384,2025,-0.0110,1.6319
8160,15:53:59.384,2020,-0.0134,1.6278
8161,15:53:59.385,2013,-0.0168,1.6222
8162,15:53:59.385,2013,-0.0168,1.6222
8163,15:53:59.386,2010,-0.0183,1.6198
8164,15:53:59.386,2003,-0.0217,1.6141
8165,15:53:59.387,1999,-0.0237,1.6109
8166,15:53:59.387,1997,-0.0247,1.6093
8167,15:53:59.388,1992,-0.0271,1.6053
8168,15:53:59.388,2001,-0.0227,1.6125
8169,15:53:59.389,2008,-0.0193,1.6182
8170,15:53:59.389,2020,-0.0134,1.6278
8171,15:53:59.390,2027,-0.0100,1.6335
8172,15:53:59.390,2028,-0.0095,1.6343
8173,15:53:59.391,2027,-0.0100,1.6335
8174,15:53:59.391,2027,-0.0100,1.6335
8175,15:53:59.392,2033,-0.0071,1.6383
8176,15:53:59.392,2043,-0.0022,1.6464
8177,15:53:59.393,2053,0.0027,1.6544
8178,15:53:59.393,2053,0.0027,1.6544
8179,15:53:59.394,2044,-0.0017,1.6472
8180,15:53:59.394,2044,-0.0017,1.6472
8181,15:53:59.395,2037,-0.0051,1.6415
8182,15:53:59.395,2032,-0.0076,1.6375
8183,15:53:59.396,2018,-0.0144,1.6262
8184,15:53:59.396,2018,-0.0144,1.6262
8185,15:53:59.397,2018,-0.0144,1.6262
8186,15:53:59.397,2017,-0.0149,1.6254
8187,15:53:59.398,2008,-0.0193,1.6182
8188,15:53:59.398,2013,-0.0168,1.6222
8189,15:53:59.399,2004,-0.0212,1.6149
8190,15:53:59.399,2002,-0.0222,1.6133
8191,15:53:59.400,1994,-0.0261,1.6069
8192,15:53:59.400,1995,-0.0256,1.6077
8193,15:53:59.401,2006,-0.0203,1.6166
8194,15:53:59.401,2013,-0.0168,1.6222
8195,15:53:59.402,2021,-0.0129,1.6286
8196,15:53:59.402,2026,-0.0105,1.6327
8197,15:53:59.403,2029,-0.0090,1.6351
8198,15:53:59.403,2028,-0.0095,1.6343
8199,15:53:59.404,2030,-0.0085,1.6359
8200,15:53:59.404,2035,-0.0061,1.6399
8201,15:53:59.405,2043,-0.0022,1.6464
8202,15:53:59.405,2056,0.0042,1.6568
8203,15:53:59.406,2052,0.0022,1.6536
8204,15:53:59.406,2045,-0.0012,1.6480
8205,15:53:59.407,2042,-0.0027,1.6456
8206,15:53:59.407,2033,-0.0071,1.6383
8207,15:53:59.408,2033,-0.0071,1.6383
8208,15:53:59.408,2027,-0.0100,1.6335
8209,15:53:59.409,2020,-0.0134,1.6278
8210,15:53:59.409,2021,-0.0129,1.6286
8211,15:53:59.410,2016,-0.0154,1.6246
8212,15:53:59.410,2012,-0.0173,1.6214
8213,15:53:59.411,2008,-0.0193,1.6182
8214,15:53:59.411,2000,-0.0232,1.6117
8215,15:53:59.412,1998,-0.0242,1.6101
8216,15:53:59.412,1996,-0.0252,1.6085
8217,15:53:59.413,1997,-0.0247,1.6093
8218,15:53:59.413,2003,-0.0217,1.6141
8219,15:53:59.414,2011,-0.0178,1.6206
8220,15:53:59.414,2021,-0.0129,1.6286
8221,15:53:59.415,2022,-0.0125,1.6295
8222,15:53:59.415,2027,-0.0100,1.6335
8223,15:53:59.416,2027,-0.0100,1.6335
8224,15:53:59.416,2029,-0.0090,1.6351
8225,15:53:59.417,2036,-0.0056,1.6407
8226,15:53:59.417,2042,-0.0027,1.6456
8227,15:53:59.418,2049,0.0007,1.6512
8228,15:53:59.418,2052,0.0022,1.6536
8229,15:53:59.419,2049,0.0007,1.6512
8230,15:53:59.419,2044,-0.0017,1.6472
8231,15:53:59.420,2033,-0.0071,1.6383
8232,15:53:59.420,2027,-0.0100,1.6335
8233,15:53:59.421,2022,-0.0125,1.6295
8234,15:53:59.421,2023,-0.0120,1.6303
8235,15:53:59.422,2025,-0.0110,1.6319
8236,15:53:59.422,2015,-0.0159,1.6238
8237,15:53:59.423,2011,-0.0178,1.6206
8238,15:53:59.423,2008,-0.0193,1.6182
8239,15:53:59.424,2002,-0.0222,1.6133
8240,15:53:59.424,1995,-0.0256,1.6077
8241,15:53:59.425,1995,-0.0256,1.6077
8242,15:53:59.425,1997,-0.0247,1.6093
8243,15:53:59.426,2005,-0.0208,1.6158
8244,15:53:59.426,2013,-0.0168,1.6222
8245,15:53:59.427,2021,-0.0129,1.6286
8246,15:53:59.427,2026,-0.0105,1.6327
8247,15:53:59.428,2025,-0.0110,1.6319
8248,15:53:59.428,2027,-0.0100,1.6335
8249,15:53:59.429,2025,-0.0110,1.6319
8250,15:53:59.429,2036,-0.0056,1.6407
8251,15:53:59.430,2045,-0.0012,1.6480
8252,15:53:59.430,2053,0.0027,1.6544
8253,15:53:59.431,2050,0.0012,1.6520
8254,15:53:59.431,2050,0.0012,1.6520
8255,15:53:59.432,2042,-0.0027,1.6456
8256,15:53:59.432,2036,-0.0056,1.6407
8257,15:53:59.433,2029,-0.0090,1.6351
8258,15:53:59.433,2021,-0.0129,1.6286
8259,15:53:59.434,2021,-0.0129,1.6286
8260,15:53:59.434,2018,-0.0144,1.6262
8261,15:53:59.435,2018,-0.0144,1.6262
8262,15:53:59.435,2010,-0.0183,1.6198
8263,15:53:59.436,2006,-0.0203,1.6166
8264,15:53:59.436,2001,-0.0227,1.6125
8265,15:53:59.437,1997,-0.0247,1.6093
8266,15:53:59.437,1994,-0.0261,1.6069
8267,15:53:59.438,1998,-0.0242,1.6101
8268,15:53:59.438,2003,-0.0217,1.6141
8269,15:53:59.439,2015,-0.0159,1.6238
8270,15:53:59.439,2021,-0.0129,1.6286
8271,15:53:59.440,2022,-0.0125,1.6295
8272,15:53:59.440,2023,-0.0120,1.6303
8273,15:53:59.441,2027,-0.0100,1.6335
8274,15:53:59.441,2034,-0.0066,1.6391
8275,15:53:59.442,2041,-0.0032,1.6448
8276,15:53:59.442,2046,-0.0007,1.6488
8277,15:53:59.443,2051,0.0017,1.6528
8278,15:53:59.443,2052,0.0022,1.6536
8279,15:53:59.444,2045,-0.0012,1.6480
8280,15:53:59.444,2038,-0.0046,1.6423
8281,15:53:59.445,2034,-0.0066,1.6391
8282,15:53:59.445,2025,-0.0110,1.6319
8283,15:53:59.446,2022,-0.0125,1.6295
8284,15:53:59.446,2020,-0.0134,1.6278
8285,15:53:59.447,2021,-0.0129,1.6286
8286,15:53:59.447,2013,-0.0168,1.6222
8287,15:53:59.448,2012,-0.0173,1.6214
8288,15:53:59.448,2006,-0.0203,1.6166
8289,15:53:59.449,1997,-0.0247,1.6093
8290,15:53:59.449,1996,-0.0252,1.6085
8291,15:53:59.450,1996,-0.0252,1.6085
8292,15:53:59.450,2004,-0.0212,1.6149
8293,15:53:59.451,2009,-0.0188,1.6190
8294,15:53:59.451,2016,-0.0154,1.6246
8295,15:53:59.452,2019,-0.0139,1.6270
8296,15:53:59.452,2024,-0.0115,1.6311
8297,15:53:59.453,2027,-0.0100,1.6335
8298,15:53:59.453,2027,-0.0100,1.6335
8299,15:53:59.454,2030,-0.0085,1.6359
8300,15:53:59.454,2041,-0.0032,1.6448
8301,15:53:59.455,2053,0.0027,1.6544
8302,15:53:59.455,2052,0.0022,1.6536
8303,15:53:59.456,2050,0.0012,1.6520
8304,15:53:59.456,2048,0.0002,1.6504
8305,15:53:59.457,2040,-0.0037,1.6440
8306,15:53:59.457,2031,-0.0081,1.6367
8307,15:53:59.458,2030,-0.0085,1.6359
8308,15:53:59.458,2024,-0.0115,1.6311
8309,15:53:59.459,2019,-0.0139,1.6270
8310,15:53:59.459,2017,-0.0149,1.6254
8311,15:53:59.460,2017,-0.0149,1.6254
8312,15:53:59.460,2011,-0.0178,1.6206
8313,15:53:59.461,2008,-0.0193,1.6182
8314,15:53:59.461,2000,-0.0232,1.6117
8315,15:53:59.462,1993,-0.0266,1.6061
8316,15:53:59.462,1996,-0.0252,1.6085
8317,15:53:59.463,2000,-0.0232,1.6117
8318,15:53:59.463,2006,-0.0203,1.6166
8319,15:53:59.464,2018,-0.0144,1.6262
8320,15:53:59.464,2021,-0.0129,1.6286
8321,15:53:59.465,2022,-0.0125,1.6295
8322,15:53:59.465,2028,-0.0095,1.6343
8323,15:53:59.466,2026,-0.0105,1.6327
8324,15:53:59.466,2033,-0.0071,1.6383
8325,15:53:59.467,2039,-0.0042,1.6432
8326,15:53:59.467,2050,0.0012,1.6520
8327,15:53:59.468,2051,0.0017,1.6528
8328,15:53:59.468,2050,0.0012,1.6520
8329,15:53:59.469,2044,-0.0017,1.6472
8330,15:53:59.469,2036,-0.0056,1.6407
8331,15:53:59.470,2032,-0.0076,1.6375
8332,15:53:59.470,2022,-0.0125,1.6295
8333,15:53:59.471,2022,-0.0125,1.6295
8334,15:53:59.471,2022,-0.0125,1.6295
8335,15:53:59.472,2017,-0.0149,1.6254
8336,15:53:59.472,2013,-0.0168,1.6222
8337,15:53:59.473,2012,-0.0173,1.6214
8338,15:53:59.473,2005,-0.0208,1.6158
8339,15:53:59.474,2000,-0.0232,1.6117
8340,15:53:59.474,1993,-0.0266,1.6061
8341,15:53:59.475,1996,-0.0252,1.6085
8342,15:53:59.475,1999,-0.0237,1.6109
8343,15:53:59.476,2006,-0.0203,1.6166
8344,15:53:59.476,2015,-0.0159,1.6238
8345,15:53:59.477,2015,-0.0159,1.6238
8346,15:53:59.477,2022,-0.0125,1.6295
8347,15:53:59.478,2025,-0.0110,1.6319
8348,15:53:59.478,2026,-0.0105,1.6327
8349,15:53:59.479,2029,-0.0090,1.6351
8350,15:53:59.479,2041,-0.0032,1.6448
8351,15:53:59.480,2052,0.0022,1.6536
8352,15:53:59.480,2052,0.0022,1.6536
8353,15:53:59.481,2044,-0.0017,1.6472
8354,15:53:59.481,2044,-0.0017,1.6472
8355,15:53:59.482,2039,-0.0042,1.6432
8356,15:53:59.482,2028,-0.0095,1.6343
8357,15:53:59.483,2027,-0.0100,1.6335
8358,15:53:59.483,2025,-0.0110,1.6319
8359,15:53:59.484,2024,-0.0115,1.6311
8360,15:53:59.484,2016,-0.0154,1.6246
8361,15:53:59.485,2015,-0.0159,1.6238
8362,15:53:59.485,2009,-0.0188,1.6190
8363,15:53:59.486,2007,-0.0198,1.6174
8364,15:53:59.486,2002,-0.0222,1.6133
8365,15:53:59.487,1997,-0.0247,1.6093
8366,15:53:59.487,1994,-0.0261,1.6069
8367,15:53:59.488,2004,-0.0212,1.6149
8368,15:53:59.488,2010,-0.0183,1.6198
8369,15:53:59.489,2012,-0.0173,1.6214
8370,15:53:59.489,2024,-0.0115,1.6311
8371,15:53:59.490,2028,-0.0095,1.6343
8372,15:53:59.490,2025,-0.0110,1.6319
8373,15:53:59.491,2025,-0.0110,1.6319
8374,15:53:59.491,2036,-0.0056,1.6407
8375,15:53:59.492,2044,-0.0017,1.6472
8376,15:53:59.492,2053,0.0027,1.6544
8377,15:53:59.493,2054,0.0032,1.6552
8378,15:53:59.493,2049,0.0007,1.6512
8379,15:53:59.494,2045,-0.0012,1.6480
8380,15:53:59.494,2035,-0.0061,1.6399
8381,15:53:59.495,2031,-0.0081,1.6367
8382,15:53:59.495,2024,-0.0115,1.6311
8383,15:53:59.496,2027,-0.0100,1.6335
8384,15:53:59.496,2021,-0.0129,1.6286
8385,15:53:59.497,2018,-0.0144,1.6262
8386,15:53:59.497,2009,-0.0188,1.6190
8387,15:53:59.498,2006,-0.0203,1.6166
8388,15:53:59.498,2006,-0.0203,1.6166
8389,15:53:59.499,1998,-0.0242,1.6101
8390,15:53:59.499,1995,-0.0256,1.6077
8391,15:53:59.500,1995,-0.0256,1.6077
8392,15:53:59.500,2005,-0.0208,1.6158
8393,15:53:59.501,2009,-0.0188,1.6190
8394,15:53:59.501,2012,-0.0173,1.6214
8395,15:53:59.502,2020,-0.0134,1.6278
8396,15:53:59.502,2025,-0.0110,1.6319
8397,15:53:59.503,2024,-0.0115,1.6311
8398,15:53:59.503,2023,-0.0120,1.6303
8399,15:53:59.504,2034,-0.0066,1.6391
8400,15:53:59.504,2042,-0.0027,1.6456
8401,15:53:59.505,2049,0.0007,1.6512
8402,15:53:59.505,2051,0.0017,1.6528
8403,15:53:59.506,2052,0.0022,1.6536
8404,15:53:59.506,2041,-0.0032,1.6448
8405,15:53:59.507,2037,-0.0051,1.6415
8406,15:53:59.507,2026,-0.0105,1.6327
8407,15:53:59.508,2024,-0.0115,1.6311
8408,15:53:59.508,2023,-0.0120,1.6303
8409,15:53:59.509,2022,-0.0125,1.6295
8410,15:53:59.509,2018,-0.0144,1.6262
8411,15:53:59.510,2012,-0.0173,1.6214
8412,15:53:59.510,2009,-0.0188,1.6190
8413,15:53:59.511,2005,-0.0208,1.6158
8414,15:53:59.511,2004,-0.0212,1.6149
8415,15:53:59.512,1994,-0.0261,1.6069
8416,15:53:59.512,1996,-0.0252,1.6085
8417,15:53:59.513,2005,-0.0208,1.6158
8418,15:53:59.513,2009,-0.0188,1.6190
8419,15:53:59.514,2013,-0.0168,1.6222
8420,15:53:59.514,2023,-0.0120,1.6303
8421,15:53:59.515,2026,-0.0105,1.6327
8422,15:53:59.515,2027,-0.0100,1.6335
8423,15:53:59.516,2027,-0.0100,1.6335
8424,15:53:59.516,2038,-0.0046,1.6423
8425,15:53:59.517,2048,0.0002,1.6504
8426,15:53:59.517,2049,0.0007,1.6512
8427,15:53:59.518,2054,0.0032,1.6552
8428,15:53:59.518,2044,-0.0017,1.6472
8429,15:53:59.519,2043,-0.0022,1.6464
8430,15:53:59.519,2035,-0.0061,1.6399
8431,15:53:59.520,2029,-0.0090,1.6351
8432,15:53:59.520,2027,-0.0100,1.6335
8433,15:53:59.521,2023,-0.0120,1.6303
8434,15:53:59.521,2022,-0.0125,1.6295
8435,15:53:59.522,2018,-0.0144,1.6262
8436,15:53:59.522,2016,-0.0154,1.6246
8437,15:53:59.523,2006,-0.0203,1.6166
8438,15:53:59.523,2006,-0.0203,1.6166
8439,15:53:59.524,1999,-0.0237,1.6109
8440,15:53:59.524,1990,-0.0281,1.6037
8441,15:53:59.525,1996,-0.0252,1.6085
8442,15:53:59.525,2003,-0.0217,1.6141
8443,15:53:59.526,2007,-0.0198,1.6174
8444,15:53:59.526,2015,-0.0159,1.6238
8445,15:53:59.527,2024,-0.0115,1.6311
8446,15:53:59.527,2023,-0.0120,1.6303
8447,15:53:59.528,2023,-0.0120,1.6303
8448,15:53:59.528,2026,-0.0105,1.6327
8449,15:53:59.529,2035,-0.0061,1.6399
8450,15:53:59.529,2048,0.0002,1.6504
8451,15:53:59.530,2051,0.0017,1.6528
8452,15:53:59.530,2048,0.0002,1.6504
8453,15:53:59.531,2043,-0.0022,1.6464
8454,15:53:59.531,2036,-0.0056,1.6407
8455,15:53:59.532,2034,-0.0066,1.6391
8456,15:53:59.532,2027,-0.0100,1.6335
8457,15:53:59.533,2023,-0.0120,1.6303
8458,15:53:59.533,2025,-0.0110,1.6319
8459,15:53:59.534,2023,-0.0120,1.6303
8460,15:53:59.534,2019,-0.0139,1.6270
8461,15:53:59.535,2011,-0.0178,1.6206
8462,15:53:59.535,2006,-0.0203,1.6166
8463,15:53:59.536,2003,-0.0217,1.6141
8464,15:53:59.536,1998,-0.0242,1.6101
8465,15:53:59.537,1994,-0.0261,1.6069
8466,15:53:59.537,2001,-0.0227,1.6125
8467,15:53:59.538,2004,-0.0212,1.6149
8468,15:53:59.538,2014,-0.0164,1.6230
8469,15:53:59.539,2021,-0.0129,1.6286
8470,15:53:59.539,2019,-0.0139,1.6270
8471,15:53:59.540,2024,-0.0115,1.6311
8472,15:53:59.540,2027,-0.0100,1.6335
8473,15:53:59.541,2028,-0.0095,1.6343
8474,15:53:59.541,2035,-0.0061,1.6399
8475,15:53:59.542,2052,0.0022,1.6536
8476,15:53:59.542,2052,0.0022,1.6536
8477,15:53:59.543,2051,0.0017,1.6528
8478,15:53:59.543,2045,-0.0012,1.6480
8479,15:53:59.544,2037,-0.0051,1.6415
8480,15:53:59.544,2038,-0.0046,1.6423
8481,15:53:59.545,2027,-0.0100,1.6335
8482,15:53:59.545,2027,-0.0100,1.6335
8483,15:53:59.546,2023,-0.0120,1.6303
8484,15:53:59.546,2027,-0.0100,1.6335
8485,15:53:59.547,2018,-0.0144,1.6262
8486,15:53:59.547,2013,-0.0168,1.6222
8487,15:53:59.548,2007,-0.0198,1.6174
8488,15:53:59.548,2004,-0.0212,1.6149
8489,15:53:59.549,2002,-0.0222,1.6133
8490,15:53:59.549,1994,-0.0261,1.6069
8491,15:53:59.550,1998,-0.0242,1.6101
8492,15:53:59.550,2007,-0.0198,1.6174
8493,15:53:59.551,2015,-0.0159,1.6238
8494,15:53:59.551,2016,-0.0154,1.6246
8495,15:53:59.552,2018,-0.0144,1.6262
8496,15:53:59.552,2023,-0.0120,1.6303
8497,15:53:59.553,2023,-0.0120,1.6303
8498,15:53:59.553,2025,-0.0110,1.6319
8499,15:53:59.554,2037,-0.0051,1.6415
8500,15:53:59.554,2049,0.0007,1.6512
8501,15:53:59.555,2050,0.0012,1.6520
8502,15:53:59.555,2048,0.0002,1.6504
8503,15:53:59.556,2041,-0.0032,1.6448
8504,15:53:59.556,2038,-0.0046,1.6423
8505,15:53:59.557,2033,-0.0071,1.6383
8506,15:53:59.557,2027,-0.0100,1.6335
8507,15:53:59.558,2028,-0.0095,1.6343
8508,15:53:59.558,2028,-0.0095,1.6343
8509,15:53:59.559,2023,-0.0120,1.6303
8510,15:53:59.559,2015,-0.0159,1.6238
8511,15:53:59.560,2017,-0.0149,1.6254
8512,15:53:59.560,2005,-0.0208,1.6158
8513,15:53:59.561,2003,-0.0217,1.6141
8514,15:53:59.561,1999,-0.0237,1.6109
8515,15:53:59.562,1998,-0.0242,1.6101
8516,15:53:59.562,2001,-0.0227,1.6125
8517,15:53:59.563,2006,-0.0203,1.6166
8518,15:53:59.563,2013,-0.0168,1.6222
8519,15:53:59.564,2022,-0.0125,1.6295
8520,15:53:59.564,2019,-0.0139,1.6270
8521,15:53:59.565,2028,-0.0095,1.6343
8522,15:53:59.565,2025,-0.0110,1.6319
8523,15:53:59.566,2030,-0.0085,1.6359
8524,15:53:59.566,2043,-0.0022,1.6464
8525,15:53:59.567,2052,0.0022,1.6536
8526,15:53:59.567,2051,0.0017,1.6528
8527,15:53:59.568,2045,-0.0012,1.6480
8528,15:53:59.568,2044,-0.0017,1.6472
8529,15:53:59.569,2036,-0.0056,1.6407
8530,15:53:59.569,2031,-0.0081,1.6367
8531,15:53:59.570,2028,-0.0095,1.6343
8532,15:53:59.570,2025,-0.0110,1.6319
8533,15:53:59.571,2027,-0.0100,1.6335
8534,15:53:59.571,2022,-0.0125,1.6295
8535,15:53:59.572,2016,-0.0154,1.6246
8536,15:53:59.572,2012,-0.0173,1.6214
8537,15:53:59.573,2004,-0.0212,1.6149
8538,15:53:59.573,2003,-0.0217,1.6141
8539,15:53:59.574,2000,-0.0232,1.6117
8540,15:53:59.574,1994,-0.0261,1.6069
8541,15:53:59.575,1999,-0.0237,1.6109
8542,15:53:59.575,2006,-0.0203,1.6166
8543,15:53:59.576,2013,-0.0168,1.6222
8544,15:53:59.576,2017,-0.0149,1.6254
8545,15:53:59.577,2021,-0.0129,1.6286
8546,15:53:59.577,2026,-0.0105,1.6327
8547,15:53:59.578,2020,-0.0134,1.6278
8548,15:53:59.578,2031,-0.0081,1.6367
8549,15:53:59.579,2037,-0.0051,1.6415
8550,15:53:59.579,2050,0.0012,1.6520
8551,15:53:59.580,2050,0.0012,1.6520
8552,15:53:59.580,2044,-0.0017,1.6472
8553,15:53:59.581,2041,-0.0032,1.6448
8554,15:53:59.581,2038,-0.0046,1.6423
8555,15:53:59.582,2033,-0.0071,1.6383
8556,15:53:59.582,2028,-0.0095,1.6343
8557,15:53:59.583,2031,-0.0081,1.6367
8558,15:53:59.583,2026,-0.0105,1.6327
8559,15:53:59.584,2022,-0.0125,1.6295
8560,15:53:59.584,2019,-0.0139,1.6270
8561,15:53:59.585,2009,-0.0188,1.6190
8562,15:53:59.585,2006,-0.0203,1.6166
8563,15:53:59.586,2003,-0.0217,1.6141
8564,15:53:59.586,1998,-0.0242,1.6101
8565,15:53:59.587,1999,-0.0237,1.6109
8566,15:53:59.587,2004,-0.0212,1.6149
8567,15:53:59.588,2010,-0.0183,1.6198
8568,15:53:59.588,2007,-0.0198,1.6174
8569,15:53:59.589,2015,-0.0159,1.6238
8570,15:53:59.589,2018,-0.0144,1.6262
8571,15:53:59.590,2024,-0.0115,1.6311
8572,15:53:59.590,2025,-0.0110,1.6319
8573,15:53:59.591,2033,-0.0071,1.6383
8574,15:53:59.591,2041,-0.0032,1.6448
8575,15:53:59.592,2048,0.0002,1.6504
8576,15:53:59.592,2048,0.0002,1.6504
8577,15:53:59.593,2044,-0.0017,1.6472
8578,15:53:59.593,2037,-0.0051,1.6415
8579,15:53:59.594,2037,-0.0051,1.6415
8580,15:53:59.594,2033,-0.0071,1.6383
8581,15:53:59.595,2027,-0.0100,1.6335
8582,15:53:59.595,2024,-0.0115,1.6311
8583,15:53:59.596,2026,-0.0105,1.6327
8584,15:53:59.596,2018,-0.0144,1.6262
8585,15:53:59.597,2015,-0.0159,1.6238
8586,15:53:59.597,2004,-0.0212,1.6149
8587,15:53:59.598,2000,-0.0232,1.6117
8588,15:53:59.598,1998,-0.0242,1.6101
8589,15:53:59.599,1991,-0.0276,1.6045
8590,15:53:59.599,1999,-0.0237,1.6109
8591,15:53:59.600,2004,-0.0212,1.6149
8592,15:53:59.600,2010,-0.0183,1.6198
8593,15:53:59.601,2014,-0.0164,1.6230
8594,15:53:59.601,2019,-0.0139,1.6270
8595,15:53:59.602,2027,-0.0100,1.6335
8596,15:53:59.602,2026,-0.0105,1.6327
8597,15:53:59.603,2025,-0.0110,1.6319
8598,15:53:59.603,2030,-0.0085,1.6359
8599,15:53:59.604,2043,-0.0022,1.6464
8600,15:53:59.604,2049,0.0007,1.6512
8601,15:53:59.605,2051,0.0017,1.6528
8602,15:53:59.605,2045,-0.0012,1.6480
8603,15:53:59.606,2041,-0.0032,1.6448
8604,15:53:59.606,2034,-0.0066,1.6391
8605,15:53:59.607,2032,-0.0076,1.6375
8606,15:53:59.607,2028,-0.0095,1.6343
8607,15:53:59.608,2029,-0.0090,1.6351
8608,15:53:59.608,2027,-0.0100,1.6335
8609,15:53:59.609,2020,-0.0134,1.6278
8610,15:53:59.609,2016,-0.0154,1.6246
8611,15:53:59.610,2011,-0.0178,1.6206
8612,15:53:59.610,2004,-0.0212,1.6149
8613,15:53:59.611,2002,-0.0222,1.6133
8614,15:53:59.611,2000,-0.0232,1.6117
8615,15:53:59.612,2000,-0.0232,1.6117
8616,15:53:59.612,2004,-0.0212,1.6149
8617,15:53:59.613,2009,-0.0188,1.6190
8618,15:53:59.613,2011,-0.0178,1.6206
8619,15:53:59.614,2014,-0.0164,1.6230
8620,15:53:59.614,2021,-0.0129,1.6286
8621,15:53:59.615,2020,-0.0134,1.6278
8622,15:53:59.615,2025,-0.0110,1.6319
8623,15:53:59.616,2034,-0.0066,1.6391
8624,15:53:59.616,2037,-0.0051,1.6415
8625,15:53:59.617,2052,0.0022,1.6536
8626,15:53:59.617,2044,-0.0017,1.6472
8627,15:53:59.618,2043,-0.0022,1.6464
8628,15:53:59.618,2038,-0.0046,1.6423
8629,15:53:59.619,2028,-0.0095,1.6343
8630,15:53:59.619,2029,-0.0090,1.6351
8631,15:53:59.620,2029,-0.0090,1.6351
8632,15:53:59.620,2026,-0.0105,1.6327
8633,15:53:59.621,2029,-0.0090,1.6351
8634,15:53:59.621,2021,-0.0129,1.6286
8635,15:53:59.622,2013,-0.0168,1.6222
8636,15:53:59.622,2007,-0.0198,1.6174
8637,15:53:59.623,2006,-0.0203,1.6166
8638,15:53:59.623,1996,-0.0252,1.6085
8639,15:53:59.624,1998,-0.0242,1.6101
8640,15:53:59.624,2001,-0.0227,1.6125
8641,15:53:59.625,2008,-0.0193,1.6182
8642,15:53:59.625,2012,-0.0173,1.6214
8643,15:53:59.626,2012,-0.0173,1.6214
8644,15:53:59.626,2018,-0.0144,1.6262
8645,15:53:59.627,2024,-0.0115,1.6311
8646,15:53:59.627,2023,-0.0120,1.6303
8647,15:53:59.628,2027,-0.0100,1.6335
8648,15:53:59.628,2035,-0.0061,1.6399
8649,15:53:59.629,2044,-0.0017,1.6472
8650,15:53:59.629,2053,0.0027,1.6544
8651,15:53:59.630,2049,0.0007,1.6512
8652,15:53:59.630,2044,-0.0017,1.6472
8653,15:53:59.631,2039,-0.0042,1.6432
8654,15:53:59.631,2041,-0.0032,1.6448
8655,15:53:59.632,2028,-0.0095,1.6343
8656,15:53:59.632,2027,-0.0100,1.6335
8657,15:53:59.633,2030,-0.0085,1.6359
8658,15:53:59.633,2026,-0.0105,1.6327
8659,15:53:59.634,2023,-0.0120,1.6303
8660,15:53:59.634,2013,-0.0168,1.6222
8661,15:53:59.635,2009,-0.0188,1.6190
8662,15:53:59.635,2001,-0.0227,1.6125
8663,15:53:59.636,2003,-0.0217,1.6141
8664,15:53:59.636,1995,-0.0256,1.6077
8665,15:53:59.637,1996,-0.0252,1.6085
8666,15:53:59.637,2005,-0.0208,1.6158
8667,15:53:59.638,2011,-0.0178,1.6206
8668,15:53:59.638,2011,-0.0178,1.6206
8669,15:53:59.639,2015,-0.0159,1.6238
8670,15:53:59.639,2019,-0.0139,1.6270
8671,15:53:59.640,2022,-0.0125,1.6295
8672,15:53:59.640,2024,-0.0115,1.6311
8673,15:53:59.641,2035,-0.0061,1.6399
8674,15:53:59.641,2038,-0.0046,1.6423
8675,15:53:59.642,2044,-0.0017,1.6472
8676,15:53:59.642,2044,-0.0017,1.6472
8677,15:53:59.643,2034,-0.0066,1.6391
8678,15:53:59.643,2034,-0.0066,1.6391
8679,15:53:59.644,2030,-0.0085,1.6359
8680,15:53:59.644,2027,-0.0100,1.6335
8681,15:53:59.645,2024,-0.0115,1.6311
8682,15:53:59.645,2029,-0.0090,1.6351
8683,15:53:59.646,2025,-0.0110,1.6319
8684,15:53:59.646,2018,-0.0144,1.6262
8685,15:53:59.647,2012,-0.0173,1.6214
8686,15:53:59.647,2009,-0.0188,1.6190
8687,15:53:59.648,2004,-0.0212,1.6149
8688,15:53:59.648,1995,-0.0256,1.6077
8689,15:53:59.649,1999,-0.0237,1.6109
8690,15:53:59.649,2003,-0.0217,1.6141
8691,15:53:59.650,2008,-0.0193,1.6182
8692,15:53:59.650,2009,-0.0188,1.6190
8693,15:53:59.651,2014,-0.0164,1.6230
8694,15:53:59.651,2018,-0.0144,1.6262
8695,15:53:59.652,2020,-0.0134,1.6278
8696,15:53:59.652,2022,-0.0125,1.6295
8697,15:53:59.653,2028,-0.0095,1.6343
8698,15:53:59.653,2039,-0.0042,1.6432
8699,15:53:59.654,2042,-0.0027,1.6456
8700,15:53:59.654,2051,0.0017,1.6528
8701,15:53:59.655,2053,0.0027,1.6544
8702,15:53:59.655,2045,-0.0012,1.6480
8703,15:53:59.656,2042,-0.0027,1.6456
8704,15:53:59.656,2036,-0.0056,1.6407
8705,15:53:59.657,2029,-0.0090,1.6351
8706,15:53:59.657,2029,-0.0090,1.6351
8707,15:53:59.658,2030,-0.0085,1.6359
8708,15:53:59.658,2027,-0.0100,1.6335
8709,15:53:59.659,2021,-0.0129,1.6286
8710,15:53:59.659,2016,-0.0154,1.6246
8711,15:53:59.660,2006,-0.0203,1.6166
8712,15:53:59.660,2004,-0.0212,1.6149
8713,15:53:59.661,2002,-0.0222,1.6133
8714,15:53:59.661,2000,-0.0232,1.6117
8715,15:53:59.662,2002,-0.0222,1.6133
8716,15:53:59.662,2009,-0.0188,1.6190
8717,15:53:59.663,2015,-0.0159,1.6238
8718,15:53:59.663,2015,-0.0159,1.6238
8719,15:53:59.664,2017,-0.0149,1.6254
8720,15:53:59.664,2024,-0.0115,1.6311
8721,15:53:59.665,2023,-0.0120,1.6303
8722,15:53:59.665,2029,-0.0090,1.6351
8723,15:53:59.666,2040,-0.0037,1.6440
8724,15:53:59.666,2044,-0.0017,1.6472
8725,15:53:59.667,2046,-0.0007,1.6488
8726,15:53:59.667,2043,-0.0022,1.6464
8727,15:53:59.668,2043,-0.0022,1.6464
8728,15:53:59.668,2035,-0.0061,1.6399
8729,15:53:59.669,2030,-0.0085,1.6359
8730,15:53:59.669,2030,-0.0085,1.6359
8731,15:53:59.670,2024,-0.0115,1.6311
8732,15:53:59.670,2026,-0.0105,1.6327
8733,15:53:59.671,2023,-0.0120,1.6303
8734,15:53:59.671,2017,-0.0149,1.6254
8735,15:53:59.672,2008,-0.0193,1.6182
8736,15:53:59.672,2003,-0.0217,1.6141
8737,15:53:59.673,1999,-0.0237,1.6109
8738,15:53:59.673,1997,-0.0247,1.6093
8739,15:53:59.674,1994,-0.0261,1.6069
8740,15:53:59.674,2003,-0.0217,1.6141
8741,15:53:59.675,2005,-0.0208,1.6158
8742,15:53:59.675,2007,-0.0198,1.6174
8743,15:53:59.676,2014,-0.0164,1.6230
8744,15:53:59.676,2019,-0.0139,1.6270
8745,15:53:59.677,2020,-0.0134,1.6278
8746,15:53:59.677,2024,-0.0115,1.6311
8747,15:53:59.678,2030,-0.0085,1.6359
8748,15:53:59.678,2044,-0.0017,1.6472
8749,15:53:59.679,2048,0.0002,1.6504
8750,15:53:59.679,2049,0.0007,1.6512
8751,15:53:59.680,2039,-0.0042,1.6432
8752,15:53:59.680,2038,-0.0046,1.6423
8753,15:53:59.681,2038,-0.0046,1.6423
8754,15:53:59.681,2035,-0.0061,1.6399
8755,15:53:59.682,2031,-0.0081,1.6367
8756,15:53:59.682,2032,-0.0076,1.6375
8757,15:53:59.683,2029,-0.0090,1.6351
8758,15:53:59.683,2029,-0.0090,1.6351
8759,15:53:59.684,2023,-0.0120,1.6303
8760,15:53:59.684,2009,-0.0188,1.6190
8761,15:53:59.685,2005,-0.0208,1.6158
8762,15:53:59.685,2005,-0.0208,1.6158
8763,15:53:59.686,1999,-0.0237,1.6109
8764,15:53:59.686,2003,-0.0217,1.6141
8765,15:53:59.687,2005,-0.0208,1.6158
8766,15:53:59.687,2014,-0.0164,1.6230
8767,15:53:59.688,2013,-0.0168,1.6222
8768,15:53:59.688,2013,-0.0168,1.6222
8769,15:53:59.689,2019,-0.0139,1.6270
8770,15:53:59.689,2023,-0.0120,1.6303
8771,15:53:59.690,2027,-0.0100,1.6335
8772,15:53:59.690,2030,-0.0085,1.6359
8773,15:53:59.691,2039,-0.0042,1.6432
8774,15:53:59.691,2044,-0.0017,1.6472
8775,15:53:59.692,2048,0.0002,1.6504
8776,15:53:59.692,2049,0.0007,1.6512
8777,15:53:59.693,2039,-0.0042,1.6432
8778,15:53:59.693,2028,-0.0095,1.6343
8779,15:53:59.694,2025,-0.0110,1.6319
8780,15:53:59.694,2026,-0.0105,1.6327
8781,15:53:59.695,2027,-0.0100,1.6335
8782,15:53:59.695,2027,-0.0100,1.6335
8783,15:53:59.696,2023,-0.0120,1.6303
8784,15:53:59.696,2011,-0.0178,1.6206
8785,15:53:59.697,2009,-0.0188,1.6190
8786,15:53:59.697,2000,-0.0232,1.6117
8787,15:53:59.698,1998,-0.0242,1.6101
8788,15:53:59.698,1995,-0.0256,1.6077
8789,15:53:59.699,1999,-0.0237,1.6109
8790,15:53:59.699,2005,-0.0208,1.6158
8791,15:53:59.700,2011,-0.0178,1.6206
8792,15:53:59.700,2008,-0.0193,1.6182
8793,15:53:59.701,2010,-0.0183,1.6198
8794,15:53:59.701,2019,-0.0139,1.6270
8795,15:53:59.702,2020,-0.0134,1.6278
8796,15:53:59.702,2021,-0.0129,1.6286
8797,15:53:59.703,2032,-0.0076,1.6375
8798,15:53:59.703,2039,-0.0042,1.6432
8799,15:53:59.704,2052,0.0022,1.6536
8800,15:53:59.704,2049,0.0007,1.6512
8801,15:53:59.705,2044,-0.0017,1.6472
8802,15:53:59.705,2039,-0.0042,1.6432
8803,15:53:59.706,2036,-0.0056,1.6407
8804,15:53:59.706,2032,-0.0076,1.6375
8805,15:53:59.707,2030,-0.0085,1.6359
8806,15:53:59.707,2034,-0.0066,1.6391
8807,15:53:59.708,2034,-0.0066,1.6391
8808,15:53:59.708,2026,-0.0105,1.6327
8809,15:53:59.709,2018,-0.0144,1.6262
8810,15:53:59.709,2011,-0.0178,1.6206
8811,15:53:59.710,2008,-0.0193,1.6182
8812,15:53:59.710,2003,-0.0217,1.6141
8813,15:53:59.711,2002,-0.0222,1.6133
8814,15:53:59.711,1999,-0.0237,1.6109
8815,15:53:59.712,2004,-0.0212,1.6149
8816,15:53:59.712,2013,-0.0168,1.6222
8817,15:53:59.713,2011,-0.0178,1.6206
8818,15:53:59.713,2018,-0.0144,1.6262
8819,15:53:59.714,2021,-0.0129,1.6286
8820,15:53:59.714,2023,-0.0120,1.6303
8821,15:53:59.715,2024,-0.0115,1.6311
8822,15:53:59.715,2036,-0.0056,1.6407
8823,15:53:59.716,2044,-0.0017,1.6472
8824,15:53:59.716,2051,0.0017,1.6528
8825,15:53:59.717,2048,0.0002,1.6504
8826,15:53:59.717,2045,-0.0012,1.6480
8827,15:53:59.718,2037,-0.0051,1.6415
8828,15:53:59.718,2036,-0.0056,1.6407
8829,15:53:59.719,2032,-0.0076,1.6375
8830,15:53:59.719,2028,-0.0095,1.6343
8831,15:53:59.720,2031,-0.0081,1.6367
8832,15:53:59.720,2031,-0.0081,1.6367
8833,15:53:59.721,2023,-0.0120,1.6303
8834,15:53:59.721,2009,-0.0188,1.6190
8835,15:53:59.722,2007,-0.0198,1.6174
8836,15:53:59.722,2000,-0.0232,1.6117
8837,15:53:59.723,1998,-0.0242,1.6101
8838,15:53:59.723,1999,-0.0237,1.6109
8839,15:53:59.724,1998,-0.0242,1.6101
8840,15:53:59.724,2010,-0.0183,1.6198
8841,15:53:59.725,2006,-0.0203,1.6166
8842,15:53:59.725,2009,-0.0188,1.6190
8843,15:53:59.726,2013,-0.0168,1.6222
8844,15:53:59.726,2015,-0.0159,1.6238
8845,15:53:59.727,2019,-0.0139,1.6270
8846,15:53:59.727,2019,-0.0139,1.6270
8847,15:53:59.728,2028,-0.0095,1.6343
8848,15:53:59.728,2041,-0.0032,1.6448
8849,15:53:59.729,2045,-0.0012,1.6480
8850,15:53:59.729,2044,-0.0017,1.6472
8851,15:53:59.730,2043,-0.0022,1.6464
8852,15:53:59.730,2043,-0.0022,1.6464
8853,15:53:59.731,2036,-0.0056,1.6407
8854,15:53:59.731,2030,-0.0085,1.6359
8855,15:53:59.732,2032,-0.0076,1.6375
8856,15:53:59.732,2033,-0.0071,1.6383
8857,15:53:59.733,2028,-0.0095,1.6343
8858,15:53:59.733,2025,-0.0110,1.6319
8859,15:53:59.734,2013,-0.0168,1.6222
8860,15:53:59.734,2006,-0.0203,1.6166
8861,15:53:59.735,2006,-0.0203,1.6166
8862,15:53:59.735,2003,-0.0217,1.6141
8863,15:53:59.736,2002,-0.0222,1.6133
8864,15:53:59.736,2004,-0.0212,1.6149
8865,15:53:59.737,2006,-0.0203,1.6166
8866,15:53:59.737,2012,-0.0173,1.6214
8867,15:53:59.738,2015,-0.0159,1.6238
8868,15:53:59.738,2014,-0.0164,1.6230
8869,15:53:59.739,2021,-0.0129,1.6286
8870,15:53:59.739,2026,-0.0105,1.6327
8871,15:53:59.740,2027,-0.0100,1.6335
8872,15:53:59.740,2038,-0.0046,1.6423
8873,15:53:59.741,2043,-0.0022,1.6464
8874,15:53:59.741,2052,0.0022,1.6536
8875,15:53:59.742,2049,0.0007,1.6512
8876,15:53:59.742,2038,-0.0046,1.6423
8877,15:53:59.743,2039,-0.0042,1.6432
8878,15:53:59.743,2034,-0.0066,1.6391
8879,15:53:59.744,2030,-0.0085,1.6359
8880,15:53:59.744,2032,-0.0076,1.6375
8881,15:53:59.745,2030,-0.0085,1.6359
8882,15:53:59.745,2030,-0.0085,1.6359
8883,15:53:59.746,2021,-0.0129,1.6286
8884,15:53:59.746,2015,-0.0159,1.6238
8885,15:53:59.747,2008,-0.0193,1.6182
8886,15:53:59.747,2005,-0.0208,1.6158
8887,15:53:59.748,1999,-0.0237,1.6109
8888,15:53:59.748,2000,-0.0232,1.6117
8889,15:53:59.749,2002,-0.0222,1.6133
8890,15:53:59.749,2005,-0.0208,1.6158
8891,15:53:59.750,2009,-0.0188,1.6190
8892,15:53:59.750,2013,-0.0168,1.6222
8893,15:53:59.751,2013,-0.0168,1.6222
8894,15:53:59.751,2020,-0.0134,1.6278
8895,15:53:59.752,2019,-0.0139,1.6270
8896,15:53:59.752,2022,-0.0125,1.6295
8897,15:53:59.753,2035,-0.0061,1.6399
8898,15:53:59.753,2049,0.0007,1.6512
8899,15:53:59.754,2054,0.0032,1.6552
8900,15:53:59.754,2049,0.0007,1.6512
8901,15:53:59.755,2038,-0.0046,1.6423
8902,15:53:59.755,2038,-0.0046,1.6423
8903,15:53:59.756,2031,-0.0081,1.6367
8904,15:53:59.756,2033,-0.0071,1.6383
8905,15:53:59.757,2031,-0.0081,1.6367
8906,15:53:59.757,2030,-0.0085,1.6359
8907,15:53:59.758,2032,-0.0076,1.6375
8908,15:53:59.758,2020,-0.0134,1.6278
8909,15:53:59.759,2011,-0.0178,1.6206
8910,15:53:59.759,2010,-0.0183,1.6198
8911,15:53:59.760,2002,-0.0222,1.6133
8912,15:53:59.760,1999,-0.0237,1.6109
8913,15:53:59.761,2003,-0.0217,1.6141
8914,15:53:59.761,2000,-0.0232,1.6117
8915,15:53:59.762,2008,-0.0193,1.6182
8916,15:53:59.762,2014,-0.0164,1.6230
8917,15:53:59.763,2018,-0.0144,1.6262
8918,15:53:59.763,2016,-0.0154,1.6246
8919,15:53:59.764,2017,-0.0149,1.6254
8920,15:53:59.764,2023,-0.0120,1.6303
8921,15:53:59.765,2029,-0.0090,1.6351
8922,15:53:59.765,2040,-0.0037,1.6440
8923,15:53:59.766,2051,0.0017,1.6528
8924,15:53:59.766,2046,-0.0007,1.6488
8925,15:53:59.767,2046,-0.0007,1.6488
8926,15:53:59.767,2042,-0.0027,1.6456
8927,15:53:59.768,2037,-0.0051,1.6415
8928,15:53:59.768,2035,-0.0061,1.6399
8929,15:53:59.769,2030,-0.0085,1.6359
8930,15:53:59.769,2038,-0.0046,1.6423
8931,15:53:59.770,2033,-0.0071,1.6383
8932,15:53:59.770,2033,-0.0071,1.6383
8933,15:53:59.771,2019,-0.0139,1.6270
8934,15:53:59.771,2011,-0.0178,1.6206
8935,15:53:59.772,2008,-0.0193,1.6182
8936,15:53:59.772,2002,-0.0222,1.6133
8937,15:53:59.773,1999,-0.0237,1.6109
8938,15:53:59.773,2002,-0.0222,1.6133
8939,15:53:59.774,2001,-0.0227,1.6125
8940,15:53:59.774,2008,-0.0193,1.6182
8941,15:53:59.775,2013,-0.0168,1.6222
8942,15:53:59.775,2010,-0.0183,1.6198
8943,15:53:59.776,2010,-0.0183,1.6198
8944,15:53:59.776,2016,-0.0154,1.6246
8945,15:53:59.777,2018,-0.0144,1.6262
8946,15:53:59.777,2024,-0.0115,1.6311
8947,15:53:59.778,2038,-0.0046,1.6423
8948,15:53:59.778,2046,-0.0007,1.6488
8949,15:53:59.779,2047,-0.0002,1.6496
8950,15:53:59.779,2044,-0.0017,1.6472
8951,15:53:59.780,2041,-0.0032,1.6448
8952,15:53:59.780,2035,-0.0061,1.6399
8953,15:53:59.781,2028,-0.0095,1.6343
8954,15:53:59.781,2030,-0.0085,1.6359
8955,15:53:59.782,2032,-0.0076,1.6375
8956,15:53:59.782,2030,-0.0085,1.6359
8957,15:53:59.783,2029,-0.0090,1.6351
8958,15:53:59.783,2013,-0.0168,1.6222
8959,15:53:59.784,2011,-0.0178,1.6206
8960,15:53:59.784,2002,-0.0222,1.6133
8961,15:53:59.785,1999,-0.0237,1.6109
8962,15:53:59.785,1999,-0.0237,1.6109
8963,15:53:59.786,2002,-0.0222,1.6133
8964,15:53:59.786,2004,-0.0212,1.6149
8965,15:53:59.787,2007,-0.0198,1.6174
8966,15:53:59.787,2007,-0.0198,1.6174
8967,15:53:59.788,2010,-0.0183,1.6198
8968,15:53:59.788,2012,-0.0173,1.6214
8969,15:53:59.789,2019,-0.0139,1.6270
8970,15:53:59.789,2022,-0.0125,1.6295
8971,15:53:59.790,2027,-0.0100,1.6335
8972,15:53:59.790,2038,-0.0046,1.6423
8973,15:53:59.791,2044,-0.0017,1.6472
8974,15:53:59.791,2049,0.0007,1.6512
8975,15:53:59.792,2051,0.0017,1.6528
8976,15:53:59.792,2038,-0.0046,1.6423
8977,15:53:59.793,2039,-0.0042,1.6432
8978,15:53:59.793,2032,-0.0076,1.6375
8979,15:53:59.794,2031,-0.0081,1.6367
8980,15:53:59.794,2034,-0.0066,1.6391
8981,15:53:59.795,2035,-0.0061,1.6399
8982,15:53:59.795,2024,-0.0115,1.6311
8983,15:53:59.796,2020,-0.0134,1.6278
8984,15:53:59.796,2009,-0.0188,1.6190
8985,15:53:59.797,2006,-0.0203,1.6166
8986,15:53:59.797,2002,-0.0222,1.6133
8987,15:53:59.798,1998,-0.0242,1.6101
8988,15:53:59.798,1997,-0.0247,1.6093
8989,15:53:59.799,2005,-0.0208,1.6158
8990,15:53:59.799,2011,-0.0178,1.6206
8991,15:53:59.800,2008,-0.0193,1.6182
8992,15:53:59.800,2008,-0.0193,1.6182
8993,15:53:59.801,2018,-0.0144,1.6262
8994,15:53:59.801,2014,-0.0164,1.6230
8995,15:53:59.802,2024,-0.0115,1.6311
8996,15:53:59.802,2026,-0.0105,1.6327
8997,15:53:59.803,2039,-0.0042,1.6432
8998,15:53:59.803,2051,0.0017,1.6528
8999,15:53:59.804,2048,0.0002,1.6504
9000,15:53:59.804,2043,-0.0022,1.6464
9001,15:53:59.805,2039,-0.0042,1.6432
9002,15:53:59.805,2033,-0.0071,1.6383
9003,15:53:59.806,2032,-0.0076,1.6375
9004,15:53:59.806,2031,-0.0081,1.6367
9005,15:53:59.807,2034,-0.0066,1.6391
9006,15:53:59.807,2033,-0.0071,1.6383
9007,15:53:59.808,2026,-0.0105,1.6327
9008,15:53:59.808,2016,-0.0154,1.6246
9009,15:53:59.809,2009,-0.0188,1.6190
9010,15:53:59.809,2007,-0.0198,1.6174
9011,15:53:59.810,2002,-0.0222,1.6133
9012,15:53:59.810,2000,-0.0232,1.6117
9013,15:53:59.811,2004,-0.0212,1.6149
9014,15:53:59.811,2007,-0.0198,1.6174
9015,15:53:59.812,2014,-0.0164,1.6230
9016,15:53:59.812,2011,-0.0178,1.6206
9017,15:53:59.813,2008,-0.0193,1.6182
9018,15:53:59.813,2012,-0.0173,1.6214
9019,15:53:59.814,2016,-0.0154,1.6246
9020,15:53:59.814,2022,-0.0125,1.6295
9021,15:53:59.815,2027,-0.0100,1.6335
9022,15:53:59.815,2040,-0.0037,1.6440
9023,15:53:59.816,2052,0.0022,1.6536
9024,15:53:59.816,2050,0.0012,1.6520
9025,15:53:59.817,2043,-0.0022,1.6464
9026,15:53:59.817,2041,-0.0032,1.6448
9027,15:53:59.818,2035,-0.0061,1.6399
9028,15:53:59.818,2031,-0.0081,1.6367
9029,15:53:59.819,2033,-0.0071,1.6383
9030,15:53:59.819,2032,-0.0076,1.6375
9031,15:53:59.820,2036,-0.0056,1.6407
9032,15:53:59.820,2026,-0.0105,1.6327
9033,15:53:59.821,2017,-0.0149,1.6254
9034,15:53:59.821,2012,-0.0173,1.6214
9035,15:53:59.822,2011,-0.0178,1.6206
9036,15:53:59.822,2002,-0.0222,1.6133
9037,15:53:59.823,2003,-0.0217,1.6141
9038,15:53:59.823,2008,-0.0193,1.6182
9039,15:53:59.824,2009,-0.0188,1.6190
9040,15:53:59.824,2012,-0.0173,1.6214
9041,15:53:59.825,2012,-0.0173,1.6214
9042,15:53:59.825,2011,-0.0178,1.6206
9043,15:53:59.826,2012,-0.0173,1.6214
9044,15:53:59.826,2018,-0.0144,1.6262
9045,15:53:59.827,2022,-0.0125,1.6295
9046,15:53:59.827,2029,-0.0090,1.6351
9047,15:53:59.828,2042,-0.0027,1.6456
9048,15:53:59.828,2046,-0.0007,1.6488
9049,15:53:59.829,2050,0.0012,1.6520
9050,15:53:59.829,2044,-0.0017,1.6472
9051,15:53:59.830,2039,-0.0042,1.6432
9052,15:53:59.830,2035,-0.0061,1.6399
9053,15:53:59.831,2033,-0.0071,1.6383
9054,15:53:59.831,2032,-0.0076,1.6375
9055,15:53:59.832,2031,-0.0081,1.6367
9056,15:53:59.832,2032,-0.0076,1.6375
9057,15:53:59.833,2030,-0.0085,1.6359
9058,15:53:59.833,2015,-0.0159,1.6238
9059,15:53:59.834,2007,-0.0198,1.6174
9060,15:53:59.834,2005,-0.0208,1.6158
9061,15:53:59.835,2003,-0.0217,1.6141
9062,15:53:59.835,1999,-0.0237,1.6109
9063,15:53:59.836,2005,-0.0208,1.6158
9064,15:53:59.836,2007,-0.0198,1.6174
9065,15:53:59.837,2012,-0.0173,1.6214
9066,15:53:59.837,2009,-0.0188,1.6190
9067,15:53:59.838,2009,-0.0188,1.6190
9068,15:53:59.838,2014,-0.0164,1.6230
9069,15:53:59.839,2022,-0.0125,1.6295
9070,15:53:59.839,2022,-0.0125,1.6295
9071,15:53:59.840,2034,-0.0066,1.6391
9072,15:53:59.840,2042,-0.0027,1.6456
9073,15:53:59.841,2053,0.0027,1.6544
9074,15:53:59.841,2047,-0.0002,1.6496
9075,15:53:59.842,2042,-0.0027,1.6456
9076,15:53:59.842,2036,-0.0056,1.6407
9077,15:53:59.843,2030,-0.0085,1.6359
9078,15:53:59.843,2032,-0.0076,1.6375
9079,15:53:59.844,2031,-0.0081,1.6367
9080,15:53:59.844,2035,-0.0061,1.6399
9081,15:53:59.845,2036,-0.0056,1.6407
9082,15:53:59.845,2022,-0.0125,1.6295
9083,15:53:59.846,2014,-0.0164,1.6230
9084,15:53:59.846,2006,-0.0203,1.6166
9085,15:53:59.847,2002,-0.0222,1.6133
9086,15:53:59.847,1999,-0.0237,1.6109
9087,15:53:59.848,2001,-0.0227,1.6125
9088,15:53:59.848,2006,-0.0203,1.6166
9089,15:53:59.849,2013,-0.0168,1.6222
9090,15:53:59.849,2006,-0.0203,1.6166
9091,15:53:59.850,2010,-0.0183,1.6198
9092,15:53:59.850,2008,-0.0193,1.6182
9093,15:53:59.851,2014,-0.0164,1.6230
9094,15:53:59.851,2018,-0.0144,1.6262
9095,15:53:59.852,2023,-0.0120,1.6303
9096,15:53:59.852,2036,-0.0056,1.6407
9097,15:53:59.853,2044,-0.0017,1.6472
9098,15:53:59.853,2052,0.0022,1.6536
9099,15:53:59.854,2050,0.0012,1.6520
9100,15:53:59.854,2045,-0.0012,1.6480
9101,15:53:59.855,2036,-0.0056,1.6407
9102,15:53:59.855,2038,-0.0046,1.6423
9103,15:53:59.856,2035,-0.0061,1.6399
9104,15:53:59.856,2032,-0.0076,1.6375
9105,15:53:59.857,2035,-0.0061,1.6399
9106,15:53:59.857,2032,-0.0076,1.6375
9107,15:53:59.858,2018,-0.0144,1.6262
9108,15:53:59.858,2013,-0.0168,1.6222
9109,15:53:59.859,2003,-0.0217,1.6141
9110,15:53:59.859,1999,-0.0237,1.6109
9111,15:53:59.860,2000,-0.0232,1.6117
9112,15:53:59.860,1999,-0.0237,1.6109
9113,15:53:59.861,2005,-0.0208,1.6158
9114,15:53:59.861,2007,-0.0198,1.6174
9115,15:53:59.862,2006,-0.0203,1.6166
9116,15:53:59.862,2007,-0.0198,1.6174
9117,15:53:59.863,2008,-0.0193,1.6182
9118,15:53:59.863,2014,-0.0164,1.6230
9119,15:53:59.864,2019,-0.0139,1.6270
9120,15:53:59.864,2024,-0.0115,1.6311
9121,15:53:59.865,2037,-0.0051,1.6415
9122,15:53:59.865,2044,-0.0017,1.6472
9123,15:53:59.866,2050,0.0012,1.6520
9124,15:53:59.866,2044,-0.0017,1.6472
9125,15:53:59.867,2038,-0.0046,1.6423
9126,15:53:59.867,2032,-0.0076,1.6375
9127,15:53:59.868,2029,-0.0090,1.6351
9128,15:53:59.868,2031,-0.0081,1.6367
9129,15:53:59.869,2031,-0.0081,1.6367
9130,15:53:59.869,2034,-0.0066,1.6391
9131,15:53:59.870,2034,-0.0066,1.6391
9132,15:53:59.870,2025,-0.0110,1.6319
9133,15:53:59.871,2010,-0.0183,1.6198
9134,15:53:59.871,2006,-0.0203,1.6166
9135,15:53:59.872,2004,-0.0212,1.6149
9136,15:53:59.872,1999,-0.0237,1.6109
9137,15:53:59.873,2004,-0.0212,1.6149
9138,15:53:59.873,2006,-0.0203,1.6166
9139,15:53:59.874,2008,-0.0193,1.6182
9140,15:53:59.874,2008,-0.0193,1.6182
9141,15:53:59.875,2009,-0.0188,1.6190
9142,15:53:59.875,2011,-0.0178,1.6206
9143,15:53:59.876,2016,-0.0154,1.6246
9144,15:53:59.876,2018,-0.0144,1.6262
9145,15:53:59.877,2026,-0.0105,1.6327
9146,15:53:59.877,2034,-0.0066,1.6391
9147,15:53:59.878,2044,-0.0017,1.6472
9148,15:53:59.878,2050,0.0012,1.6520
9149,15:53:59.879,2045,-0.0012,1.6480
9150,15:53:59.879,2039,-0.0042,1.6432
9151,15:53:59.880,2040,-0.0037,1.6440
9152,15:53:59.880,2033,-0.0071,1.6383
9153,15:53:59.881,2032,-0.0076,1.6375
9154,15:53:59.881,2032,-0.0076,1.6375
9155,15:53:59.882,2033,-0.0071,1.6383
9156,15:53:59.882,2030,-0.0085,1.6359
9157,15:53:59.883,2024,-0.0115,1.6311
9158,15:53:59.883,2014,-0.0164,1.6230
9159,15:53:59.884,2003,-0.0217,1.6141
9160,15:53:59.884,1999,-0.0237,1.6109
9161,15:53:59.885,2003,-0.0217,1.6141
9162,15:53:59.885,2003,-0.0217,1.6141
9163,15:53:59.886,2007,-0.0198,1.6174
9164,15:53:59.886,2011,-0.0178,1.6206
9165,15:53:59.887,2008,-0.0193,1.6182
9166,15:53:59.887,2007,-0.0198,1.6174
9167,15:53:59.888,2008,-0.0193,1.6182
9168,15:53:59.888,2013,-0.0168,1.6222
9169,15:53:59.889,2018,-0.0144,1.6262
9170,15:53:59.889,2024,-0.0115,1.6311
9171,15:53:59.890,2031,-0.0081,1.6367
9172,15:53:59.890,2051,0.0017,1.6528
9173,15:53:59.891,2046,-0.0007,1.6488
9174,15:53:59.891,2044,-0.0017,1.6472
9175,15:53:59.892,2041,-0.0032,1.6448
9176,15:53:59.892,2036,-0.0056,1.6407
9177,15:53:59.893,2035,-0.0061,1.6399
9178,15:53:59.893,2034,-0.0066,1.6391
9179,15:53:59.894,2034,-0.0066,1.6391
9180,15:53:59.894,2037,-0.0051,1.6415
9181,15:53:59.895,2030,-0.0085,1.6359
9182,15:53:59.895,2023,-0.0120,1.6303
9183,15:53:59.896,2013,-0.0168,1.6222
9184,15:53:59.896,2006,-0.0203,1.6166
9185,15:53:59.897,2001,-0.0227,1.6125
9186,15:53:59.897,2004,-0.0212,1.6149
9187,15:53:59.898,2002,-0.0222,1.6133
9188,15:53:59.898,2006,-0.0203,1.6166
9189,15:53:59.899,2008,-0.0193,1.6182
9190,15:53:59.899,2007,-0.0198,1.6174
9191,15:53:59.900,2007,-0.0198,1.6174
9192,15:53:59.900,2009,-0.0188,1.6190
9193,15:53:59.901,2017,-0.0149,1.6254
9194,15:53:59.901,2019,-0.0139,1.6270
9195,15:53:59.902,2024,-0.0115,1.6311
9196,15:53:59.902,2042,-0.0027,1.6456
9197,15:53:59.903,2045,-0.0012,1.6480
9198,15:53:59.903,2050,0.0012,1.6520
9199,15:53:59.904,2043,-0.0022,1.6464
9200,15:53:59.904,2040,-0.0037,1.6440
9201,15:53:59.905,2037,-0.0051,1.6415
9202,15:53:59.905,2029,-0.0090,1.6351
9203,15:53:59.906,2028,-0.0095,1.6343
9204,15:53:59.906,2032,-0.0076,1.6375
9205,15:53:59.907,2037,-0.0051,1.6415
9206,15:53:59.907,2031,-0.0081,1.6367
9207,15:53:59.908,2022,-0.0125,1.6295
9208,15:53:59.908,2008,-0.0193,1.6182
9209,15:53:59.909,2007,-0.0198,1.6174
9210,15:53:59.909,2001,-0.0227,1.6125
9211,15:53:59.910,2004,-0.0212,1.6149
9212,15:53:59.910,2003,-0.0217,1.6141
9213,15:53:59.911,2005,-0.0208,1.6158
9214,15:53:59.911,2007,-0.0198,1.6174
9215,15:53:59.912,2011,-0.0178,1.6206
9216,15:53:59.912,2007,-0.0198,1.6174
9217,15:53:59.913,2008,-0.0193,1.6182
9218,15:53:59.913,2011,-0.0178,1.6206
9219,15:53:59.914,2021,-0.0129,1.6286
9220,15:53:59.914,2030,-0.0085,1.6359
9221,15:53:59.915,2041,-0.0032,1.6448
9222,15:53:59.915,2048,0.0002,1.6504
9223,15:53:59.916,2050,0.0012,1.6520
9224,15:53:59.916,2045,-0.0012,1.6480
9225,15:53:59.917,2036,-0.0056,1.6407
9226,15:53:59.917,2038,-0.0046,1.6423
9227,15:53:59.918,2033,-0.0071,1.6383
9228,15:53:59.918,2035,-0.0061,1.6399
9229,15:53:59.919,2034,-0.0066,1.6391
9230,15:53:59.919,2032,-0.0076,1.6375
9231,15:53:59.920,2026,-0.0105,1.6327
9232,15:53:59.920,2018,-0.0144,1.6262
9233,15:53:59.921,2010,-0.0183,1.6198
9234,15:53:59.921,2007,-0.0198,1.6174
9235,15:53:59.922,2004,-0.0212,1.6149
9236,15:53:59.922,2004,-0.0212,1.6149
9237,15:53:59.923,2003,-0.0217,1.6141
9238,15:53:59.923,2009,-0.0188,1.6190
9239,15:53:59.924,2007,-0.0198,1.6174
9240,15:53:59.924,2005,-0.0208,1.6158
9241,15:53:59.925,2005,-0.0208,1.6158
9242,15:53:59.925,2010,-0.0183,1.6198
9243,15:53:59.926,2016,-0.0154,1.6246
9244,15:53:59.926,2022,-0.0125,1.6295
9245,15:53:59.927,2030,-0.0085,1.6359
9246,15:53:59.927,2041,-0.0032,1.6448
9247,15:53:59.928,2045,-0.0012,1.6480
9248,15:53:59.928,2046,-0.0007,1.6488
9249,15:53:59.929,2038,-0.0046,1.6423
9250,15:53:59.929,2035,-0.0061,1.6399
9251,15:53:59.930,2032,-0.0076,1.6375
9252,15:53:59.930,2033,-0.0071,1.6383
9253,15:53:59.931,2033,-0.0071,1.6383
9254,15:53:59.931,2033,-0.0071,1.6383
9255,15:53:59.932,2031,-0.0081,1.6367
9256,15:53:59.932,2026,-0.0105,1.6327
9257,15:53:59.933,2021,-0.0129,1.6286
9258,15:53:59.933,2005,-0.0208,1.6158
9259,15:53:59.934,2004,-0.0212,1.6149
9260,15:53:59.934,2002,-0.0222,1.6133
9261,15:53:59.935,2001,-0.0227,1.6125
9262,15:53:59.935,2005,-0.0208,1.6158
9263,15:53:59.936,2007,-0.0198,1.6174
9264,15:53:59.936,2008,-0.0193,1.6182
9265,15:53:59.937,2007,-0.0198,1.6174
9266,15:53:59.937,2011,-0.0178,1.6206
9267,15:53:59.938,2009,-0.0188,1.6190
9268,15:53:59.938,2016,-0.0154,1.6246
9269,15:53:59.939,2020,-0.0134,1.6278
9270,15:53:59.939,2032,-0.0076,1.6375
9271,15:53:59.940,2042,-0.0027,1.6456
9272,15:53:59.940,2050,0.0012,1.6520
9273,15:53:59.941,2045,-0.0012,1.6480
9274,15:53:59.941,2044,-0.0017,1.6472
9275,15:53:59.942,2036,-0.0056,1.6407
9276,15:53:59.942,2033,-0.0071,1.6383
9277,15:53:59.943,2034,-0.0066,1.6391
9278,15:53:59.943,2035,-0.0061,1.6399
9279,15:53:59.944,2036,-0.0056,1.6407
9280,15:53:59.944,2035,-0.0061,1.6399
9281,15:53:59.945,2024,-0.0115,1.6311
9282,15:53:59.945,2016,-0.0154,1.6246
9283,15:53:59.946,2009,-0.0188,1.6190
9284,15:53:59.946,2005,-0.0208,1.6158
9285,15:53:59.947,2002,-0.0222,1.6133
9286,15:53:59.947,2001,-0.0227,1.6125
9287,15:53:59.948,2007,-0.0198,1.6174
9288,15:53:59.948,2006,-0.0203,1.6166
9289,15:53:59.949,2008,-0.0193,1.6182
9290,15:53:59.949,2009,-0.0188,1.6190
9291,15:53:59.950,2005,-0.0208,1.6158
9292,15:53:59.950,2011,-0.0178,1.6206
9293,15:53:59.951,2015,-0.0159,1.6238
9294,15:53:59.951,2023,-0.0120,1.6303
9295,15:53:59.952,2031,-0.0081,1.6367
9296,15:53:59.952,2040,-0.0037,1.6440
9297,15:53:59.953,2049,0.0007,1.6512
9298,15:53:59.953,2043,-0.0022,1.6464
9299,15:53:59.954,2042,-0.0027,1.6456
9300,15:53:59.954,2036,-0.0056,1.6407
9301,15:53:59.955,2033,-0.0071,1.6383
9302,15:53:59.955,2032,-0.0076,1.6375
9303,15:53:59.956,2033,-0.0071,1.6383
9304,15:53:59.956,2033,-0.0071,1.6383
9305,15:53:59.957,2030,-0.0085,1.6359
9306,15:53:59.957,2024,-0.0115,1.6311
9307,15:53:59.958,2014,-0.0164,1.6230
9308,15:53:59.958,2006,-0.0203,1.6166
9309,15:53:59.959,2004,-0.0212,1.6149
9310,15:53:59.959,2001,-0.0227,1.6125
9311,15:53:59.960,2000,-0.0232,1.6117
9312,15:53:59.960,2002,-0.0222,1.6133
9313,15:53:59.961,2009,-0.0188,1.6190
9314,15:53:59.961,2007,-0.0198,1.6174
9315,15:53:59.962,2003,-0.0217,1.6141
9316,15:53:59.962,2012,-0.0173,1.6214
9317,15:53:59.963,2012,-0.0173,1.6214
9318,15:53:59.963,2015,-0.0159,1.6238
9319,15:53:59.964,2020,-0.0134,1.6278
9320,15:53:59.964,2031,-0.0081,1.6367
9321,15:53:59.965,2042,-0.0027,1.6456
9322,15:53:59.965,2051,0.0017,1.6528
9323,15:53:59.966,2045,-0.0012,1.6480
9324,15:53:59.966,2042,-0.0027,1.6456
9325,15:53:59.967,2032,-0.0076,1.6375
9326,15:53:59.967,2034,-0.0066,1.6391
9327,15:53:59.968,2030,-0.0085,1.6359
9328,15:53:59.968,2033,-0.0071,1.6383
9329,15:53:59.969,2035,-0.0061,1.6399
9330,15:53:59.969,2036,-0.0056,1.6407
9331,15:53:59.970,2027,-0.0100,1.6335
9332,15:53:59.970,2017,-0.0149,1.6254
9333,15:53:59.971,2009,-0.0188,1.6190
9334,15:53:59.971,2005,-0.0208,1.6158
9335,15:53:59.972,2006,-0.0203,1.6166
9336,15:53:59.972,2004,-0.0212,1.6149
9337,15:53:59.973,2005,-0.0208,1.6158
9338,15:53:59.973,2011,-0.0178,1.6206
9339,15:53:59.974,2011,-0.0178,1.6206
9340,15:53:59.974,2008,-0.0193,1.6182
9341,15:53:59.975,2008,-0.0193,1.6182
9342,15:53:59.975,2012,-0.0173,1.6214
9343,15:53:59.976,2019,-0.0139,1.6270
9344,15:53:59.976,2024,-0.0115,1.6311
9345,15:53:59.977,2032,-0.0076,1.6375
9346,15:53:59.977,2045,-0.0012,1.6480
9347,15:53:59.978,2048,0.0002,1.6504
9348,15:53:59.978,2046,-0.0007,1.6488
9349,15:53:59.979,2035,-0.0061,1.6399
9350,15:53:59.979,2034,-0.0066,1.6391
9351,15:53:59.980,2031,-0.0081,1.6367
9352,15:53:59.980,2029,-0.0090,1.6351
9353,15:53:59.981,2032,-0.0076,1.6375
9354,15:53:59.981,2037,-0.0051,1.6415
9355,15:53:59.982,2034,-0.0066,1.6391
9356,15:53:59.982,2023,-0.0120,1.6303
9357,15:53:59.983,2012,-0.0173,1.6214
9358,15:53:59.983,2008,-0.0193,1.6182
9359,15:53:59.984,2001,-0.0227,1.6125
9360,15:53:59.984,2002,-0.0222,1.6133
9361,15:53:59.985,2000,-0.0232,1.6117
9362,15:53:59.985,2007,-0.0198,1.6174
9363,15:53:59.986,2009,-0.0188,1.6190
9364,15:53:59.986,2009,-0.0188,1.6190
9365,15:53:59.987,2007,-0.0198,1.6174
9366,15:53:59.987,2010,-0.0183,1.6198
9367,15:53:59.988,2011,-0.0178,1.6206
9368,15:53:59.988,2017,-0.0149,1.6254
9369,15:53:59.989,2023,-0.0120,1.6303
9370,15:53:59.989,2033,-0.0071,1.6383
9371,15:53:59.990,2043,-0.0022,1.6464
9372,15:53:59.990,2049,0.0007,1.6512
9373,15:53:59.991,2040,-0.0037,1.6440
9374,15:53:59.991,2037,-0.0051,1.6415
9375,15:53:59.992,2031,-0.0081,1.6367
9376,15:53:59.992,2032,-0.0076,1.6375
9377,15:53:59.993,2029,-0.0090,1.6351
9378,15:53:59.993,2035,-0.0061,1.6399
9379,15:53:59.994,2039,-0.0042,1.6432
9380,15:53:59.994,2037,-0.0051,1.6415
9381,15:53:59.995,2024,-0.0115,1.6311
9382,15:53:59.995,2013,-0.0168,1.6222
9383,15:53:59.996,2007,-0.0198,1.6174
9384,15:53:59.996,2007,-0.0198,1.6174
9385,15:53:59.997,2006,-0.0203,1.6166
9386,15:53:59.997,2002,-0.0222,1.6133
9387,15:53:59.998,2011,-0.0178,1.6206
9388,15:53:59.998,2008,-0.0193,1.6182
9389,15:53:59.999,2006,-0.0203,1.6166
9390,15:53:59.999,2011,-0.0178,1.6206
9391,15:54:00.000,2006,-0.0203,1.6166
9392,15:54:00.000,2014,-0.0164,1.6230
9393,15:54:00.001,2019,-0.0139,1.6270
9394,15:54:00.001,2027,-0.0100,1.6335
9395,15:54:00.002,2034,-0.0066,1.6391
9396,15:54:00.002,2048,0.0002,1.6504
9397,15:54:00.003,2048,0.0002,1.6504
9398,15:54:00.003,2043,-0.0022,1.6464
9399,15:54:00.004,2038,-0.0046,1.6423
9400,15:54:00.004,2038,-0.0046,1.6423
9401,15:54:00.005,2036,-0.0056,1.6407
9402,15:54:00.005,2035,-0.0061,1.6399
9403,15:54:00.006,2037,-0.0051,1.6415
9404,15:54:00.006,2036,-0.0056,1.6407
9405,15:54:00.007,2036,-0.0056,1.6407
9406,15:54:00.007,2022,-0.0125,1.6295
9407,15:54:00.008,2009,-0.0188,1.6190
9408,15:54:00.008,2006,-0.0203,1.6166
9409,15:54:00.009,2003,-0.0217,1.6141
9410,15:54:00.009,2000,-0.0232,1.6117
9411,15:54:00.010,2004,-0.0212,1.6149
9412,15:54:00.010,2009,-0.0188,1.6190
9413,15:54:00.011,2007,-0.0198,1.6174
9414,15:54:00.011,2006,-0.0203,1.6166
9415,15:54:00.012,2005,-0.0208,1.6158
9416,15:54:00.012,2008,-0.0193,1.6182
9417,15:54:00.013,2013,-0.0168,1.6222
9418,15:54:00.013,2018,-0.0144,1.6262
9419,15:54:00.014,2027,-0.0100,1.6335
9420,15:54:00.014,2035,-0.0061,1.6399
9421,15:54:00.015,2042,-0.0027,1.6456
9422,15:54:00.015,2042,-0.0027,1.6456
9423,15:54:00.016,2042,-0.0027,1.6456
9424,15:54:00.016,2036,-0.0056,1.6407
9425,15:54:00.017,2036,-0.0056,1.6407
9426,15:54:00.017,2030,-0.0085,1.6359
9427,15:54:00.018,2025,-0.0110,1.6319
9428,15:54:00.018,2034,-0.0066,1.6391
9429,15:54:00.019,2037,-0.0051,1.6415
9430,15:54:00.019,2035,-0.0061,1.6399
9431,15:54:00.020,2019,-0.0139,1.6270
9432,15:54:00.020,2014,-0.0164,1.6230
9433,15:54:00.021,2008,-0.0193,1.6182
9434,15:54:00.021,2008,-0.0193,1.6182
9435,15:54:00.022,2005,-0.0208,1.6158
9436,15:54:00.022,2003,-0.0217,1.6141
9437,15:54:00.023,2012,-0.0173,1.6214
9438,15:54:00.023,2009,-0.0188,1.6190
9439,15:54:00.024,2007,-0.0198,1.6174
9440,15:54:00.024,2006,-0.0203,1.6166
9441,15:54:00.025,2012,-0.0173,1.6214
9442,15:54:00.025,2015,-0.0159,1.6238
9443,15:54:00.026,2021,-0.0129,1.6286
9444,15:54:00.026,2027,-0.0100,1.6335
9445,15:54:00.027,2041,-0.0032,1.6448
9446,15:54:00.027,2046,-0.0007,1.6488
9447,15:54:00.028,2051,0.0017,1.6528
9448,15:54:00.028,2044,-0.0017,1.6472
9449,15:54:00.029,2039,-0.0042,1.6432
9450,15:54:00.029,2036,-0.0056,1.6407
9451,15:54:00.030,2035,-0.0061,1.6399
9452,15:54:00.030,2035,-0.0061,1.6399
9453,15:54:00.031,2035,-0.0061,1.6399
9454,15:54:00.031,2040,-0.0037,1.6440
9455,15:54:00.032,2029,-0.0090,1.6351
9456,15:54:00.032,2017,-0.0149,1.6254
9457,15:54:00.033,2009,-0.0188,1.6190
9458,15:54:00.033,2006,-0.0203,1.6166
9459,15:54:00.034,2001,-0.0227,1.6125
9460,15:54:00.034,2004,-0.0212,1.6149
9461,15:54:00.035,2003,-0.0217,1.6141
9462,15:54:00.035,2006,-0.0203,1.6166
9463,15:54:00.036,2007,-0.0198,1.6174
9464,15:54:00.036,2007,-0.0198,1.6174
9465,15:54:00.037,2003,-0.0217,1.6141
9466,15:54:00.037,2007,-0.0198,1.6174
9467,15:54:00.038,2011,-0.0178,1.6206
9468,15:54:00.038,2019,-0.0139,1.6270
9469,15:54:00.039,2027,-0.0100,1.6335
9470,15:54:00.039,2039,-0.0042,1.6432
9471,15:54:00.040,2045,-0.0012,1.6480
9472,15:54:00.040,2042,-0.0027,1.6456
9473,15:54:00.041,2040,-0.0037,1.6440
9474,15:54:00.041,2032,-0.0076,1.6375
9475,15:54:00.042,2037,-0.0051,1.6415
9476,15:54:00.042,2031,-0.0081,1.6367
9477,15:54:00.043,2035,-0.0061,1.6399
9478,15:54:00.043,2036,-0.0056,1.6407
9479,15:54:00.044,2040,-0.0037,1.6440
9480,15:54:00.044,2030,-0.0085,1.6359
9481,15:54:00.045,2021,-0.0129,1.6286
9482,15:54:00.045,2013,-0.0168,1.6222
9483,15:54:00.046,2005,-0.0208,1.6158
9484,15:54:00.046,2007,-0.0198,1.6174
9485,15:54:00.047,2006,-0.0203,1.6166
9486,15:54:00.047,2014,-0.0164,1.6230
9487,15:54:00.048,2011,-0.0178,1.6206
9488,15:54:00.048,2009,-0.0188,1.6190
9489,15:54:00.049,2009,-0.0188,1.6190
9490,15:54:00.049,2006,-0.0203,1.6166
9491,15:54:00.050,2008,-0.0193,1.6182
9492,15:54:00.050,2009,-0.0188,1.6190
9493,15:54:00.051,2023,-0.0120,1.6303
9494,15:54:00.051,2029,-0.0090,1.6351
9495,15:54:00.052,2039,-0.0042,1.6432
9496,15:54:00.052,2052,0.0022,1.6536
9497,15:54:00.053,2045,-0.0012,1.6480
9498,15:54:00.053,2042,-0.0027,1.6456
9499,15:54:00.054,2038,-0.0046,1.6423
9500,15:54:00.054,2037,-0.0051,1.6415
9501,15:54:00.055,2035,-0.0061,1.6399
9502,15:54:00.055,2033,-0.0071,1.6383
9503,15:54:00.056,2039,-0.0042,1.6432
9504,15:54:00.056,2038,-0.0046,1.6423
9505,15:54:00.057,2031,-0.0081,1.6367
9506,15:54:00.057,2018,-0.0144,1.6262
9507,15:54:00.058,2004,-0.0212,1.6149
9508,15:54:00.058,2007,-0.0198,1.6174
9509,15:54:00.059,2004,-0.0212,1.6149
9510,15:54:00.059,2002,-0.0222,1.6133
9511,15:54:00.060,2005,-0.0208,1.6158
9512,15:54:00.060,2009,-0.0188,1.6190
9513,15:54:00.061,2007,-0.0198,1.6174
9514,15:54:00.061,2006,-0.0203,1.6166
9515,15:54:00.062,2009,-0.0188,1.6190
9516,15:54:00.062,2007,-0.0198,1.6174
9517,15:54:00.063,2015,-0.0159,1.6238
9518,15:54:00.063,2019,-0.0139,1.6270
9519,15:54:00.064,2031,-0.0081,1.6367
9520,15:54:00.064,2043,-0.0022,1.6464
9521,15:54:00.065,2046,-0.0007,1.6488
9522,15:54:00.065,2044,-0.0017,1.6472
9523,15:54:00.066,2036,-0.0056,1.6407
9524,15:54:00.066,2034,-0.0066,1.6391
9525,15:54:00.067,2033,-0.0071,1.6383
9526,15:54:00.067,2036,-0.0056,1.6407
9527,15:54:00.068,2032,-0.0076,1.6375
9528,15:54:00.068,2035,-0.0061,1.6399
9529,15:54:00.069,2034,-0.0066,1.6391
9530,15:54:00.069,2022,-0.0125,1.6295
9531,15:54:00.070,2016,-0.0154,1.6246
9532,15:54:00.070,2009,-0.0188,1.6190
9533,15:54:00.071,2009,-0.0188,1.6190
9534,15:54:00.071,2008,-0.0193,1.6182
9535,15:54:00.072,2005,-0.0208,1.6158
9536,15:54:00.072,2009,-0.0188,1.6190
9537,15:54:00.073,2007,-0.0198,1.6174
9538,15:54:00.073,2010,-0.0183,1.6198
9539,15:54:00.074,2005,-0.0208,1.6158
9540,15:54:00.074,2004,-0.0212,1.6149
9541,15:54:00.075,2007,-0.0198,1.6174
9542,15:54:00.075,2015,-0.0159,1.6238
9543,15:54:00.076,2019,-0.0139,1.6270
9544,15:54:00.076,2031,-0.0081,1.6367
9545,15:54:00.077,2036,-0.0056,1.6407
9546,15:54:00.077,2053,0.0027,1.6544
9547,15:54:00.078,2045,-0.0012,1.6480
9548,15:54:00.078,2039,-0.0042,1.6432
9549,15:54:00.079,2036,-0.0056,1.6407
9550,15:54:00.079,2036,-0.0056,1.6407
9551,15:54:00.080,2033,-0.0071,1.6383
9552,15:54:00.080,2038,-0.0046,1.6423
9553,15:54:00.081,2044,-0.0017,1.6472
9554,15:54:00.081,2039,-0.0042,1.6432
9555,15:54:00.082,2028,-0.0095,1.6343
9556,15:54:00.082,2017,-0.0149,1.6254
9557,15:54:00.083,2009,-0.0188,1.6190
9558,15:54:00.083,2001,-0.0227,1.6125
9559,15:54:00.084,2004,-0.0212,1.6149
9560,15:54:00.084,2003,-0.0217,1.6141
9561,15:54:00.085,2006,-0.0203,1.6166
9562,15:54:00.085,2012,-0.0173,1.6214
9563,15:54:00.086,2012,-0.0173,1.6214
9564,15:54:00.086,2008,-0.0193,1.6182
9565,15:54:00.087,2005,-0.0208,1.6158
9566,15:54:00.087,2009,-0.0188,1.6190
9567,15:54:00.088,2016,-0.0154,1.6246
9568,15:54:00.088,2023,-0.0120,1.6303
9569,15:54:00.089,2031,-0.0081,1.6367
9570,15:54:00.089,2043,-0.0022,1.6464
9571,15:54:00.090,2043,-0.0022,1.6464
9572,15:54:00.090,2042,-0.0027,1.6456
9573,15:54:00.091,2038,-0.0046,1.6423
9574,15:54:00.091,2033,-0.0071,1.6383
9575,15:54:00.092,2034,-0.0066,1.6391
9576,15:54:00.092,2035,-0.0061,1.6399
9577,15:54:00.093,2034,-0.0066,1.6391
9578,15:54:00.093,2037,-0.0051,1.6415
9579,15:54:00.094,2036,-0.0056,1.6407
9580,15:54:00.094,2024,-0.0115,1.6311
9581,15:54:00.095,2016,-0.0154,1.6246
9582,15:54:00.095,2009,-0.0188,1.6190
9583,15:54:00.096,2004,-0.0212,1.6149
9584,15:54:00.096,2005,-0.0208,1.6158
9585,15:54:00.097,2006,-0.0203,1.6166
9586,15:54:00.097,2010,-0.0183,1.6198
9587,15:54:00.098,2007,-0.0198,1.6174
9588,15:54:00.098,2006,-0.0203,1.6166
9589,15:54:00.099,2004,-0.0212,1.6149
9590,15:54:00.099,2007,-0.0198,1.6174
9591,15:54:00.100,2008,-0.0193,1.6182
9592,15:54:00.100,2015,-0.0159,1.6238
9593,15:54:00.101,2023,-0.0120,1.6303
9594,15:54:00.101,2034,-0.0066,1.6391
9595,15:54:00.102,2040,-0.0037,1.6440
9596,15:54:00.102,2044,-0.0017,1.6472
9597,15:54:00.103,2036,-0.0056,1.6407
9598,15:54:00.103,2034,-0.0066,1.6391
9599,15:54:00.104,2033,-0.0071,1.6383
9600,15:54:00.104,2034,-0.0066,1.6391
9601,15:54:00.105,2032,-0.0076,1.6375
9602,15:54:00.105,2038,-0.0046,1.6423
9603,15:54:00.106,2037,-0.0051,1.6415
9604,15:54:00.106,2039,-0.0042,1.6432
9605,15:54:00.107,2025,-0.0110,1.6319
9606,15:54:00.107,2013,-0.0168,1.6222
9607,15:54:00.108,2010,-0.0183,1.6198
9608,15:54:00.108,2003,-0.0217,1.6141
9609,15:54:00.109,2007,-0.0198,1.6174
9610,15:54:00.109,2003,-0.0217,1.6141
9611,15:54:00.110,2012,-0.0173,1.6214
9612,15:54:00.110,2008,-0.0193,1.6182
9613,15:54:00.111,2006,-0.0203,1.6166
9614,15:54:00.111,2004,-0.0212,1.6149
9615,15:54:00.112,2009,-0.0188,1.6190
9616,15:54:00.112,2011,-0.0178,1.6206
9617,15:54:00.113,2021,-0.0129,1.6286
9618,15:54:00.113,2026,-0.0105,1.6327
9619,15:54:00.114,2037,-0.0051,1.6415
9620,15:54:00.114,2043,-0.0022,1.6464
9621,15:54:00.115,2048,0.0002,1.6504
9622,15:54:00.115,2043,-0.0022,1.6464
9623,15:54:00.116,2040,-0.0037,1.6440
9624,15:54:00.116,2034,-0.0066,1.6391
9625,15:54:00.117,2037,-0.0051,1.6415
9626,15:54:00.117,2036,-0.0056,1.6407
9627,15:54:00.118,2038,-0.0046,1.6423
9628,15:54:00.118,2038,-0.0046,1.6423
9629,15:54:00.119,2037,-0.0051,1.6415
9630,15:54:00.119,2024,-0.0115,1.6311
9631,15:54:00.120,2015,-0.0159,1.6238
9632,15:54:00.120,2005,-0.0208,1.6158
9633,15:54:00.121,2008,-0.0193,1.6182
9634,15:54:00.121,2000,-0.0232,1.6117
9635,15:54:00.122,2005,-0.0208,1.6158
9636,15:54:00.122,2009,-0.0188,1.6190
9637,15:54:00.123,2007,-0.0198,1.6174
9638,15:54:00.123,2010,-0.0183,1.6198
9639,15:54:00.124,2005,-0.0208,1.6158
9640,15:54:00.124,2005,-0.0208,1.6158
9641,15:54:00.125,2009,-0.0188,1.6190
9642,15:54:00.125,2017,-0.0149,1.6254
9643,15:54:00.126,2024,-0.0115,1.6311
9644,15:54:00.126,2030,-0.0085,1.6359
9645,15:54:00.127,2042,-0.0027,1.6456
9646,15:54:00.127,2045,-0.0012,1.6480
9647,15:54:00.128,2043,-0.0022,1.6464
9648,15:54:00.128,2033,-0.0071,1.6383
9649,15:54:00.129,2036,-0.0056,1.6407
9650,15:54:00.129,2032,-0.0076,1.6375
9651,15:54:00.130,2028,-0.0095,1.6343
9652,15:54:00.130,2034,-0.0066,1.6391
9653,15:54:00.131,2039,-0.0042,1.6432
9654,15:54:00.131,2030,-0.0085,1.6359
9655,15:54:00.132,2021,-0.0129,1.6286
9656,15:54:00.132,2012,-0.0173,1.6214
9657,15:54:00.133,2005,-0.0208,1.6158
9658,15:54:00.133,2005,-0.0208,1.6158
9659,15:54:00.134,2004,-0.0212,1.6149
9660,15:54:00.134,2012,-0.0173,1.6214
9661,15:54:00.135,2006,-0.0203,1.6166
9662,15:54:00.135,2009,-0.0188,1.6190
9663,15:54:00.136,2006,-0.0203,1.6166
9664,15:54:00.136,2005,-0.0208,1.6158
9665,15:54:00.137,2006,-0.0203,1.6166
9666,15:54:00.137,2015,-0.0159,1.6238
9667,15:54:00.138,2020,-0.0134,1.6278
9668,15:54:00.138,2030,-0.0085,1.6359
9669,15:54:00.139,2037,-0.0051,1.6415
9670,15:54:00.139,2045,-0.0012,1.6480
9671,15:54:00.140,2044,-0.0017,1.6472
9672,15:54:00.140,2041,-0.0032,1.6448
9673,15:54:00.141,2039,-0.0042,1.6432
9674,15:54:00.141,2037,-0.0051,1.6415
9675,15:54:00.142,2034,-0.0066,1.6391
9676,15:54:00.142,2035,-0.0061,1.6399
9677,15:54:00.143,2040,-0.0037,1.6440
9678,15:54:00.143,2038,-0.0046,1.6423
9679,15:54:00.144,2031,-0.0081,1.6367
9680,15:54:00.144,2022,-0.0125,1.6295
9681,15:54:00.145,2011,-0.0178,1.6206
9682,15:54:00.145,2009,-0.0188,1.6190
9683,15:54:00.146,2005,-0.0208,1.6158
9684,15:54:00.146,2005,-0.0208,1.6158
9685,15:54:00.147,2011,-0.0178,1.6206
9686,15:54:00.147,2008,-0.0193,1.6182
9687,15:54:00.148,2011,-0.0178,1.6206
9688,15:54:00.148,2002,-0.0222,1.6133
9689,15:54:00.149,2006,-0.0203,1.6166
9690,15:54:00.149,2004,-0.0212,1.6149
9691,15:54:00.150,2012,-0.0173,1.6214
9692,15:54:00.150,2015,-0.0159,1.6238
9693,15:54:00.151,2030,-0.0085,1.6359
9694,15:54:00.151,2035,-0.0061,1.6399
9695,15:54:00.152,2039,-0.0042,1.6432
9696,15:54:00.152,2041,-0.0032,1.6448
9697,15:54:00.153,2035,-0.0061,1.6399
9698,15:54:00.153,2031,-0.0081,1.6367
9699,15:54:00.154,2029,-0.0090,1.6351
9700,15:54:00.154,2032,-0.0076,1.6375
9701,15:54:00.155,2033,-0.0071,1.6383
9702,15:54:00.155,2035,-0.0061,1.6399
9703,15:54:00.156,2038,-0.0046,1.6423
9704,15:54:00.156,2032,-0.0076,1.6375
9705,15:54:00.157,2020,-0.0134,1.6278
9706,15:54:00.157,2013,-0.0168,1.6222
9707,15:54:00.158,2006,-0.0203,1.6166
9708,15:54:00.158,2008,-0.0193,1.6182
9709,15:54:00.159,2007,-0.0198,1.6174
9710,15:54:00.159,2007,-0.0198,1.6174
9711,15:54:00.160,2012,-0.0173,1.6214
9712,15:54:00.160,2009,-0.0188,1.6190
9713,15:54:00.161,2006,-0.0203,1.6166
9714,15:54:00.161,2005,-0.0208,1.6158
9715,15:54:00.162,2010,-0.0183,1.6198
9716,15:54:00.162,2012,-0.0173,1.6214
9717,15:54:00.163,2021,-0.0129,1.6286
9718,15:54:00.163,2027,-0.0100,1.6335
9719,15:54:00.164,2039,-0.0042,1.6432
9720,15:54:00.164,2043,-0.0022,1.6464
9721,15:54:00.165,2046,-0.0007,1.6488
9722,15:54:00.165,2038,-0.0046,1.6423
9723,15:54:00.166,2037,-0.0051,1.6415
9724,15:54:00.166,2039,-0.0042,1.6432
9725,15:54:00.167,2037,-0.0051,1.6415
9726,15:54:00.167,2039,-0.0042,1.6432
9727,15:54:00.168,2040,-0.0037,1.6440
9728,15:54:00.168,2036,-0.0056,1.6407
9729,15:54:00.169,2032,-0.0076,1.6375
9730,15:54:00.169,2019,-0.0139,1.6270
9731,15:54:00.170,2014,-0.0164,1.6230
9732,15:54:00.170,2009,-0.0188,1.6190
9733,15:54:00.171,2004,-0.0212,1.6149
9734,15:54:00.171,2007,-0.0198,1.6174
9735,15:54:00.172,2008,-0.0193,1.6182
9736,15:54:00.172,2011,-0.0178,1.6206
9737,15:54:00.173,2008,-0.0193,1.6182
9738,15:54:00.173,2006,-0.0203,1.6166
9739,15:54:00.174,2005,-0.0208,1.6158
9740,15:54:00.174,2006,-0.0203,1.6166
9741,15:54:00.175,2010,-0.0183,1.6198
9742,15:54:00.175,2018,-0.0144,1.6262
9743,15:54:00.176,2029,-0.0090,1.6351
9744,15:54:00.176,2033,-0.0071,1.6383
9745,15:54:00.177,2041,-0.0032,1.6448
9746,15:54:00.177,2041,-0.0032,1.6448
9747,15:54:00.178,2035,-0.0061,1.6399
9748,15:54:00.178,2035,-0.0061,1.6399
9749,15:54:00.179,2034,-0.0066,1.6391
9750,15:54:00.179,2032,-0.0076,1.6375
9751,15:54:00.180,2036,-0.0056,1.6407
9752,15:54:00.180,2040,-0.0037,1.6440
9753,15:54:00.181,2031,-0.0081,1.6367
9754,15:54:00.181,2030,-0.0085,1.6359
9755,15:54:00.182,2014,-0.0164,1.6230
9756,15:54:00.182,2008,-0.0193,1.6182
9757,15:54:00.183,2003,-0.0217,1.6141
9758,15:54:00.183,2005,-0.0208,1.6158
9759,15:54:00.184,2004,-0.0212,1.6149
9760,15:54:00.184,2005,-0.0208,1.6158
9761,15:54:00.185,2012,-0.0173,1.6214
9762,15:54:00.185,2008,-0.0193,1.6182
9763,15:54:00.186,2003,-0.0217,1.6141
9764,15:54:00.186,2007,-0.0198,1.6174
9765,15:54:00.187,2008,-0.0193,1.6182
9766,15:54:00.187,2016,-0.0154,1.6246
9767,15:54:00.188,2020,-0.0134,1.6278
9768,15:54:00.188,2031,-0.0081,1.6367
9769,15:54:00.189,2040,-0.0037,1.6440
9770,15:54:00.189,2043,-0.0022,1.6464
9771,15:54:00.190,2039,-0.0042,1.6432
9772,15:54:00.190,2039,-0.0042,1.6432
9773,15:54:00.191,2036,-0.0056,1.6407
9774,15:54:00.191,2040,-0.0037,1.6440
9775,15:54:00.192,2036,-0.0056,1.6407
9776,15:54:00.192,2040,-0.0037,1.6440
9777,15:54:00.193,2038,-0.0046,1.6423
9778,15:54:00.193,2036,-0.0056,1.6407
9779,15:54:00.194,2027,-0.0100,1.6335
9780,15:54:00.194,2019,-0.0139,1.6270
9781,15:54:00.195,2014,-0.0164,1.6230
9782,15:54:00.195,2007,-0.0198,1.6174
9783,15:54:00.196,2010,-0.0183,1.6198
9784,15:54:00.196,2004,-0.0212,1.6149
9785,15:54:00.197,2011,-0.0178,1.6206
9786,15:54:00.197,2012,-0.0173,1.6214
9787,15:54:00.198,2010,-0.0183,1.6198
9788,15:54:00.198,2002,-0.0222,1.6133
9789,15:54:00.199,2003,-0.0217,1.6141
9790,15:54:00.199,2010,-0.0183,1.6198
9791,15:54:00.200,2014,-0.0164,1.6230
9792,15:54:00.200,2022,-0.0125,1.6295
9793,15:54:00.201,2035,-0.0061,1.6399
9794,15:54:00.201,2036,-0.0056,1.6407
9795,15:54:00.202,2039,-0.0042,1.6432
9796,15:54:00.202,2039,-0.0042,1.6432
9797,15:54:00.203,2035,-0.0061,1.6399
9798,15:54:00.203,2035,-0.0061,1.6399
9799,15:54:00.204,2033,-0.0071,1.6383
9800,15:54:00.204,2033,-0.0071,1.6383
9801,15:54:00.205,2036,-0.0056,1.6407
9802,15:54:00.205,2039,-0.0042,1.6432
9803,15:54:00.206,2033,-0.0071,1.6383
9804,15:54:00.206,2025,-0.0110,1.6319
9805,15:54:00.207,2017,-0.0149,1.6254
9806,15:54:00.207,2009,-0.0188,1.6190
9807,15:54:00.208,2008,-0.0193,1.6182
9808,15:54:00.208,2003,-0.0217,1.6141
9809,15:54:00.209,2008,-0.0193,1.6182
9810,15:54:00.209,2006,-0.0203,1.6166
9811,15:54:00.210,2011,-0.0178,1.6206
9812,15:54:00.210,2002,-0.0222,1.6133
9813,15:54:00.211,2007,-0.0198,1.6174
9814,15:54:00.211,1998,-0.0242,1.6101
9815,15:54:00.212,2008,-0.0193,1.6182
9816,15:54:00.212,2016,-0.0154,1.6246
9817,15:54:00.213,2021,-0.0129,1.6286
9818,15:54:00.213,2029,-0.0090,1.6351
9819,15:54:00.214,2038,-0.0046,1.6423
9820,15:54:00.214,2042,-0.0027,1.6456
9821,15:54:00.215,2043,-0.0022,1.6464
9822,15:54:00.215,2038,-0.0046,1.6423
9823,15:54:00.216,2034,-0.0066,1.6391
9824,15:54:00.216,2034,-0.0066,1.6391
9825,15:54:00.217,2036,-0.0056,1.6407
9826,15:54:00.217,2039,-0.0042,1.6432
9827,15:54:00.218,2044,-0.0017,1.6472
9828,15:54:00.218,2035,-0.0061,1.6399
9829,15:54:00.219,2028,-0.0095,1.6343
9830,15:54:00.219,2018,-0.0144,1.6262
9831,15:54:00.220,2009,-0.0188,1.6190
9832,15:54:00.220,2009,-0.0188,1.6190
9833,15:54:00.221,2006,-0.0203,1.6166
9834,15:54:00.221,2010,-0.0183,1.6198
9835,15:54:00.222,2012,-0.0173,1.6214
9836,15:54:00.222,2006,-0.0203,1.6166
9837,15:54:00.223,2007,-0.0198,1.6174
9838,15:54:00.223,2003,-0.0217,1.6141
9839,15:54:00.224,2005,-0.0208,1.6158
9840,15:54:00.224,2011,-0.0178,1.6206
9841,15:54:00.225,2016,-0.0154,1.6246
9842,15:54:00.225,2023,-0.0120,1.6303
9843,15:54:00.226,2031,-0.0081,1.6367
9844,15:54:00.226,2035,-0.0061,1.6399
9845,15:54:00.227,2043,-0.0022,1.6464
9846,15:54:00.227,2038,-0.0046,1.6423
9847,15:54:00.228,2037,-0.0051,1.6415
9848,15:54:00.228,2038,-0.0046,1.6423
9849,15:54:00.229,2034,-0.0066,1.6391
9850,15:54:00.229,2034,-0.0066,1.6391
9851,15:54:00.230,2035,-0.0061,1.6399
9852,15:54:00.230,2035,-0.0061,1.6399
9853,15:54:00.231,2029,-0.0090,1.6351
9854,15:54:00.231,2027,-0.0100,1.6335
9855,15:54:00.232,2012,-0.0173,1.6214
9856,15:54:00.232,2012,-0.0173,1.6214
9857,15:54:00.233,2003,-0.0217,1.6141
9858,15:54:00.233,2004,-0.0212,1.6149
9859,15:54:00.234,2005,-0.0208,1.6158
9860,15:54:00.234,2009,-0.0188,1.6190
9861,15:54:00.235,2008,-0.0193,1.6182
9862,15:54:00.235,2006,-0.0203,1.6166
9863,15:54:00.236,2001,-0.0227,1.6125
9864,15:54:00.236,2005,-0.0208,1.6158
9865,15:54:00.237,2010,-0.0183,1.6198
9866,15:54:00.237,2016,-0.0154,1.6246
9867,15:54:00.238,2024,-0.0115,1.6311
9868,15:54:00.238,2036,-0.0056,1.6407
9869,15:54:00.239,2043,-0.0022,1.6464
9870,15:54:00.239,2042,-0.0027,1.6456
9871,15:54:00.240,2039,-0.0042,1.6432
9872,15:54:00.240,2039,-0.0042,1.6432
9873,15:54:00.241,2036,-0.0056,1.6407
9874,15:54:00.241,2038,-0.0046,1.6423
9875,15:54:00.242,2038,-0.0046,1.6423
9876,15:54:00.242,2035,-0.0061,1.6399
9877,15:54:00.243,2041,-0.0032,1.6448
9878,15:54:00.243,2040,-0.0037,1.6440
9879,15:54:00.244,2024,-0.0115,1.6311
9880,15:54:00.244,2017,-0.0149,1.6254
9881,15:54:00.245,2011,-0.0178,1.6206
9882,15:54:00.245,2007,-0.0198,1.6174
9883,15:54:00.246,2010,-0.0183,1.6198
9884,15:54:00.246,2012,-0.0173,1.6214
9885,15:54:00.247,2012,-0.0173,1.6214
9886,15:54:00.247,2009,-0.0188,1.6190
9887,15:54:00.248,2005,-0.0208,1.6158
9888,15:54:00.248,2001,-0.0227,1.6125
9889,15:54:00.249,2006,-0.0203,1.6166
9890,15:54:00.249,2008,-0.0193,1.6182
9891,15:54:00.250,2018,-0.0144,1.6262
9892,15:54:00.250,2025,-0.0110,1.6319
9893,15:54:00.251,2032,-0.0076,1.6375
9894,15:54:00.251,2037,-0.0051,1.6415
9895,15:54:00.252,2038,-0.0046,1.6423
9896,15:54:00.252,2043,-0.0022,1.6464
9897,15:54:00.253,2037,-0.0051,1.6415
9898,15:54:00.253,2031,-0.0081,1.6367
9899,15:54:00.254,2036,-0.0056,1.6407
9900,15:54:00.254,2033,-0.0071,1.6383
9901,15:54:00.255,2039,-0.0042,1.6432
9902,15:54:00.255,2036,-0.0056,1.6407
9903,15:54:00.256,2026,-0.0105,1.6327
9904,15:54:00.256,2023,-0.0120,1.6303
9905,15:54:00.257,2010,-0.0183,1.6198
9906,15:54:00.257,2007,-0.0198,1.6174
9907,15:54:00.258,2008,-0.0193,1.6182
9908,15:54:00.258,2006,-0.0203,1.6166
9909,15:54:00.259,2011,-0.0178,1.6206
9910,15:54:00.259,2008,-0.0193,1.6182
9911,15:54:00.260,2009,-0.0188,1.6190
9912,15:54:00.260,2006,-0.0203,1.6166
9913,15:54:00.261,2002,-0.0222,1.6133
9914,15:54:00.261,2010,-0.0183,1.6198
9915,15:54:00.262,2006,-0.0203,1.6166
9916,15:54:00.262,2017,-0.0149,1.6254
9917,15:54:00.263,2026,-0.0105,1.6327
9918,15:54:00.263,2035,-0.0061,1.6399
9919,15:54:00.264,2044,-0.0017,1.6472
9920,15:54:00.264,2045,-0.0012,1.6480
9921,15:54:00.265,2034,-0.0066,1.6391
9922,15:54:00.265,2035,-0.0061,1.6399
9923,15:54:00.266,2034,-0.0066,1.6391
9924,15:54:00.266,2040,-0.0037,1.6440
9925,15:54:00.267,2034,-0.0066,1.6391
9926,15:54:00.267,2037,-0.0051,1.6415
9927,15:54:00.268,2040,-0.0037,1.6440
9928,15:54:00.268,2033,-0.0071,1.6383
9929,15:54:00.269,2020,-0.0134,1.6278
9930,15:54:00.269,2012,-0.0173,1.6214
9931,15:54:00.270,2013,-0.0168,1.6222
9932,15:54:00.270,2010,-0.0183,1.6198
9933,15:54:00.271,2009,-0.0188,1.6190
9934,15:54:00.271,2012,-0.0173,1.6214
9935,15:54:00.272,2015,-0.0159,1.6238
9936,15:54:00.272,2008,-0.0193,1.6182
9937,15:54:00.273,2008,-0.0193,1.6182
9938,15:54:00.273,2003,-0.0217,1.6141
9939,15:54:00.274,2008,-0.0193,1.6182
9940,15:54:00.274,2012,-0.0173,1.6214
9941,15:54:00.275,2019,-0.0139,1.6270
9942,15:54:00.275,2026,-0.0105,1.6327
9943,15:54:00.276,2033,-0.0071,1.6383
9944,15:54:00.276,2041,-0.0032,1.6448
9945,15:54:00.277,2038,-0.0046,1.6423
9946,15:54:00.277,2037,-0.0051,1.6415
9947,15:54:00.278,2036,-0.0056,1.6407
9948,15:54:00.278,2032,-0.0076,1.6375
9949,15:54:00.279,2030,-0.0085,1.6359
9950,15:54:00.279,2033,-0.0071,1.6383
9951,15:54:00.280,2037,-0.0051,1.6415
9952,15:54:00.280,2037,-0.0051,1.6415
9953,15:54:00.281,2030,-0.0085,1.6359
9954,15:54:00.281,2016,-0.0154,1.6246
9955,15:54:00.282,2009,-0.0188,1.6190
9956,15:54:00.282,2003,-0.0217,1.6141
9957,15:54:00.283,2006,-0.0203,1.6166
9958,15:54:00.283,2005,-0.0208,1.6158
9959,15:54:00.284,2009,-0.0188,1.6190
9960,15:54:00.284,2007,-0.0198,1.6174
9961,15:54:00.285,2003,-0.0217,1.6141
9962,15:54:00.285,2001,-0.0227,1.6125
9963,15:54:00.286,1999,-0.0237,1.6109
9964,15:54:00.286,2006,-0.0203,1.6166
9965,15:54:00.287,2013,-0.0168,1.6222
9966,15:54:00.287,2018,-0.0144,1.6262
9967,15:54:00.288,2024,-0.0115,1.6311
9968,15:54:00.288,2031,-0.0081,1.6367
9969,15:54:00.289,2041,-0.0032,1.6448
9970,15:54:00.289,2041,-0.0032,1.6448
9971,15:54:00.290,2037,-0.0051,1.6415
9972,15:54:00.290,2034,-0.0066,1.6391
9973,15:54:00.291,2031,-0.0081,1.6367
9974,15:54:00.291,2033,-0.0071,1.6383
9975,15:54:00.292,2037,-0.0051,1.6415
9976,15:54:00.292,2042,-0.0027,1.6456
9977,15:54:00.293,2038,-0.0046,1.6423
9978,15:54:00.293,2033,-0.0071,1.6383
9979,15:54:00.294,2020,-0.0134,1.6278
9980,15:54:00.294,2013,-0.0168,1.6222
9981,15:54:00.295,2011,-0.0178,1.6206
9982,15:54:00.295,2011,-0.0178,1.6206
9983,15:54:00.296,2014,-0.0164,1.6230
9984,15:54:00.296,2010,-0.0183,1.6198
9985,15:54:00.297,2014,-0.0164,1.6230
9986,15:54:00.297,2012,-0.0173,1.6214
9987,15:54:00.298,2009,-0.0188,1.6190
9988,15:54:00.298,2008,-0.0193,1.6182
9989,15:54:00.299,2013,-0.0168,1.6222
9990,15:54:00.299,2013,-0.0168,1.6222
9991,15:54:00.300,2016,-0.0154,1.6246
9992,15:54:00.300,2028,-0.0095,1.6343
9993,15:54:00.301,2034,-0.0066,1.6391
9994,15:54:00.301,2042,-0.0027,1.6456
9995,15:54:00.302,2042,-0.0027,1.6456
9996,15:54:00.302,2036,-0.0056,1.6407
9997,15:54:00.303,2035,-0.0061,1.6399
9998,15:54:00.303,2040,-0.0037,1.6440
9999,15:54:00.304,2033,-0.0071,1.6383
10000,15:54:00.304,2035,-0.0061,1.6399
10001,15:54:00.305,2042,-0.0027,1.6456
10002,15:54:00.305,2036,-0.0056,1.6407
10003,15:54:00.306,2026,-0.0105,1.6327
10004,15:54:00.306,2018,-0.0144,1.6262
10005,15:54:00.307,2016,-0.0154,1.6246
10006,15:54:00.307,2008,-0.0193,1.6182
10007,15:54:00.308,2008,-0.0193,1.6182
10008,15:54:00.308,2006,-0.0203,1.6166
10009,15:54:00.309,2008,-0.0193,1.6182
10010,15:54:00.309,2008,-0.0193,1.6182
10011,15:54:00.310,2004,-0.0212,1.6149
10012,15:54:00.310,1999,-0.0237,1.6109
10013,15:54:00.311,2001,-0.0227,1.6125
10014,15:54:00.311,1999,-0.0237,1.6109
10015,15:54:00.312,2012,-0.0173,1.6214
10016,15:54:00.312,2017,-0.0149,1.6254
10017,15:54:00.313,2027,-0.0100,1.6335
10018,15:54:00.313,2030,-0.0085,1.6359
10019,15:54:00.314,2034,-0.0066,1.6391
10020,15:54:00.314,2040,-0.0037,1.6440
10021,15:54:00.315,2038,-0.0046,1.6423
10022,15:54:00.315,2037,-0.0051,1.6415
10023,15:54:00.316,2035,-0.0061,1.6399
10024,15:54:00.316,2038,-0.0046,1.6423
10025,15:54:00.317,2039,-0.0042,1.6432
10026,15:54:00.317,2040,-0.0037,1.6440
10027,15:54:00.318,2036,-0.0056,1.6407
10028,15:54:00.318,2033,-0.0071,1.6383
10029,15:54:00.319,2022,-0.0125,1.6295
10030,15:54:00.319,2013,-0.0168,1.6222
10031,15:54:00.320,2012,-0.0173,1.6214
10032,15:54:00.320,2011,-0.0178,1.6206
10033,15:54:00.321,2014,-0.0164,1.6230
10034,15:54:00.321,2011,-0.0178,1.6206
10035,15:54:00.322,2012,-0.0173,1.6214
10036,15:54:00.322,2005,-0.0208,1.6158
10037,15:54:00.323,2006,-0.0203,1.6166
10038,15:54:00.323,2003,-0.0217,1.6141
10039,15:54:00.324,2006,-0.0203,1.6166
10040,15:54:00.324,2017,-0.0149,1.6254
10041,15:54:00.325,2018,-0.0144,1.6262
10042,15:54:00.325,2029,-0.0090,1.6351
10043,15:54:00.326,2039,-0.0042,1.6432
10044,15:54:00.326,2040,-0.0037,1.6440
10045,15:54:00.327,2043,-0.0022,1.6464
10046,15:54:00.327,2035,-0.0061,1.6399
10047,15:54:00.328,2038,-0.0046,1.6423
10048,15:54:00.328,2037,-0.0051,1.6415
10049,15:54:00.329,2034,-0.0066,1.6391
10050,15:54:00.329,2042,-0.0027,1.6456
10051,15:54:00.330,2039,-0.0042,1.6432
10052,15:54:00.330,2033,-0.0071,1.6383
10053,15:54:00.331,2026,-0.0105,1.6327
10054,15:54:00.331,2019,-0.0139,1.6270
10055,15:54:00.332,2012,-0.0173,1.6214
10056,15:54:00.332,2009,-0.0188,1.6190
10057,15:54:00.333,2006,-0.0203,1.6166
10058,15:54:00.333,2006,-0.0203,1.6166
10059,15:54:00.334,2009,-0.0188,1.6190
10060,15:54:00.334,2013,-0.0168,1.6222
10061,15:54:00.335,2003,-0.0217,1.6141
10062,15:54:00.335,2003,-0.0217,1.6141
10063,15:54:00.336,2003,-0.0217,1.6141
10064,15:54:00.336,2005,-0.0208,1.6158
10065,15:54:00.337,2012,-0.0173,1.6214
10066,15:54:00.337,2025,-0.0110,1.6319
10067,15:54:00.338,2030,-0.0085,1.6359
10068,15:54:00.338,2035,-0.0061,1.6399
10069,15:54:00.339,2041,-0.0032,1.6448
10070,15:54:00.339,2042,-0.0027,1.6456
10071,15:54:00.340,2034,-0.0066,1.6391
10072,15:54:00.340,2034,-0.0066,1.6391
10073,15:54:00.341,2036,-0.0056,1.6407
10074,15:54:00.341,2033,-0.0071,1.6383
10075,15:54:00.342,2042,-0.0027,1.6456
10076,15:54:00.342,2044,-0.0017,1.6472
10077,15:54:00.343,2037,-0.0051,1.6415
10078,15:54:00.343,2021,-0.0129,1.6286
10079,15:54:00.344,2015,-0.0159,1.6238
10080,15:54:00.344,2011,-0.0178,1.6206
10081,15:54:00.345,2013,-0.0168,1.6222
10082,15:54:00.345,2012,-0.0173,1.6214
10083,15:54:00.346,2011,-0.0178,1.6206
10084,15:54:00.346,2013,-0.0168,1.6222
10085,15:54:00.347,2012,-0.0173,1.6214
10086,15:54:00.347,2007,-0.0198,1.6174
10087,15:54:00.348,2005,-0.0208,1.6158
10088,15:54:00.348,2008,-0.0193,1.6182
10089,15:54:00.349,2012,-0.0173,1.6214
10090,15:54:00.349,2017,-0.0149,1.6254
10091,15:54:00.350,2022,-0.0125,1.6295
10092,15:54:00.350,2033,-0.0071,1.6383
10093,15:54:00.351,2038,-0.0046,1.6423
10094,15:54:00.351,2041,-0.0032,1.6448
10095,15:54:00.352,2036,-0.0056,1.6407
10096,15:54:00.352,2035,-0.0061,1.6399
10097,15:54:00.353,2038,-0.0046,1.6423
10098,15:54:00.353,2035,-0.0061,1.6399
10099,15:54:00.354,2042,-0.0027,1.6456
10100,15:54:00.354,2034,-0.0066,1.6391
10101,15:54:00.355,2040,-0.0037,1.6440
10102,15:54:00.355,2033,-0.0071,1.6383
10103,15:54:00.356,2020,-0.0134,1.6278
10104,15:54:00.356,2013,-0.0168,1.6222
10105,15:54:00.357,2013,-0.0168,1.6222
10106,15:54:00.357,2008,-0.0193,1.6182
10107,15:54:00.358,2011,-0.0178,1.6206
10108,15:54:00.358,2007,-0.0198,1.6174
10109,15:54:00.359,2009,-0.0188,1.6190
10110,15:54:00.359,2007,-0.0198,1.6174
10111,15:54:00.360,2006,-0.0203,1.6166
10112,15:54:00.360,2002,-0.0222,1.6133
10113,15:54:00.361,2005,-0.0208,1.6158
10114,15:54:00.361,2007,-0.0198,1.6174
10115,15:54:00.362,2016,-0.0154,1.6246
10116,15:54:00.362,2021,-0.0129,1.6286
10117,15:54:00.363,2027,-0.0100,1.6335
10118,15:54:00.363,2040,-0.0037,1.6440
10119,15:54:00.364,2037,-0.0051,1.6415
10120,15:54:00.364,2037,-0.0051,1.6415
10121,15:54:00.365,2033,-0.0071,1.6383
10122,15:54:00.365,2038,-0.0046,1.6423
10123,15:54:00.366,2034,-0.0066,1.6391
10124,15:54:00.366,2040,-0.0037,1.6440
10125,15:54:00.367,2041,-0.0032,1.6448
10126,15:54:00.367,2036,-0.0056,1.6407
10127,15:54:00.368,2028,-0.0095,1.6343
10128,15:54:00.368,2027,-0.0100,1.6335
10129,15:54:00.369,2017,-0.0149,1.6254
10130,15:54:00.369,2011,-0.0178,1.6206
10131,15:54:00.370,2011,-0.0178,1.6206
10132,15:54:00.370,2012,-0.0173,1.6214
10133,15:54:00.371,2014,-0.0164,1.6230
10134,15:54:00.371,2012,-0.0173,1.6214
10135,15:54:00.372,2010,-0.0183,1.6198
10136,15:54:00.372,2006,-0.0203,1.6166
10137,15:54:00.373,2005,-0.0208,1.6158
10138,15:54:00.373,2004,-0.0212,1.6149
10139,15:54:00.374,2012,-0.0173,1.6214
10140,15:54:00.374,2018,-0.0144,1.6262
10141,15:54:00.375,2025,-0.0110,1.6319
10142,15:54:00.375,2034,-0.0066,1.6391
10143,15:54:00.376,2037,-0.0051,1.6415
10144,15:54:00.376,2040,-0.0037,1.6440
10145,15:54:00.377,2033,-0.0071,1.6383
10146,15:54:00.377,2039,-0.0042,1.6432
10147,15:54:00.378,2036,-0.0056,1.6407
10148,15:54:00.378,2034,-0.0066,1.6391
10149,15:54:00.379,2036,-0.0056,1.6407
10150,15:54:00.379,2042,-0.0027,1.6456
10151,15:54:00.380,2041,-0.0032,1.6448
10152,15:54:00.380,2035,-0.0061,1.6399
10153,15:54:00.381,2024,-0.0115,1.6311
10154,15:54:00.381,2014,-0.0164,1.6230
10155,15:54:00.382,2015,-0.0159,1.6238
10156,15:54:00.382,2008,-0.0193,1.6182
10157,15:54:00.383,2010,-0.0183,1.6198
10158,15:54:00.383,2010,-0.0183,1.6198
10159,15:54:00.384,2008,-0.0193,1.6182
10160,15:54:00.384,2003,-0.0217,1.6141
10161,15:54:00.385,2001,-0.0227,1.6125
10162,15:54:00.385,2000,-0.0232,1.6117
10163,15:54:00.386,2004,-0.0212,1.6149
10164,15:54:00.386,2008,-0.0193,1.6182
10165,15:54:00.387,2014,-0.0164,1.6230
10166,15:54:00.387,2020,-0.0134,1.6278
10167,15:54:00.388,2032,-0.0076,1.6375
10168,15:54:00.388,2038,-0.0046,1.6423
10169,15:54:00.389,2034,-0.0066,1.6391
10170,15:54:00.389,2036,-0.0056,1.6407
10171,15:54:00.390,2035,-0.0061,1.6399
10172,15:54:00.390,2036,-0.0056,1.6407
10173,15:54:00.391,2035,-0.0061,1.6399
10174,15:54:00.391,2038,-0.0046,1.6423
10175,15:54:00.392,2041,-0.0032,1.6448
10176,15:54:00.392,2040,-0.0037,1.6440
10177,15:54:00.393,2031,-0.0081,1.6367
10178,15:54:00.393,2026,-0.0105,1.6327
10179,15:54:00.394,2016,-0.0154,1.6246
10180,15:54:00.394,2012,-0.0173,1.6214
10181,15:54:00.395,2013,-0.0168,1.6222
10182,15:54:00.395,2012,-0.0173,1.6214
10183,15:54:00.396,2010,-0.0183,1.6198
10184,15:54:00.396,2013,-0.0168,1.6222
10185,15:54:00.397,2007,-0.0198,1.6174
10186,15:54:00.397,2007,-0.0198,1.6174
10187,15:54:00.398,2004,-0.0212,1.6149
10188,15:54:00.398,2006,-0.0203,1.6166
10189,15:54:00.399,2014,-0.0164,1.6230
10190,15:54:00.399,2020,-0.0134,1.6278
10191,15:54:00.400,2022,-0.0125,1.6295
10192,15:54:00.400,2036,-0.0056,1.6407
10193,15:54:00.401,2037,-0.0051,1.6415
10194,15:54:00.401,2041,-0.0032,1.6448
10195,15:54:00.402,2034,-0.0066,1.6391
10196,15:54:00.402,2034,-0.0066,1.6391
10197,15:54:00.403,2037,-0.0051,1.6415
10198,15:54:00.403,2035,-0.0061,1.6399
10199,15:54:00.404,2038,-0.0046,1.6423
10200,15:54:00.404,2041,-0.0032,1.6448
10201,15:54:00.405,2038,-0.0046,1.6423
10202,15:54:00.405,2026,-0.0105,1.6327
10203,15:54:00.406,2020,-0.0134,1.6278
10204,15:54:00.406,2018,-0.0144,1.6262
10205,15:54:00.407,2014,-0.0164,1.6230
10206,15:54:00.407,2009,-0.0188,1.6190
10207,15:54:00.408,2009,-0.0188,1.6190
10208,15:54:00.408,2011,-0.0178,1.6206
10209,15:54:00.409,2013,-0.0168,1.6222
10210,15:54:00.409,2005,-0.0208,1.6158
10211,15:54:00.410,1999,-0.0237,1.6109
10212,15:54:00.410,2000,-0.0232,1.6117
10213,15:54:00.411,2006,-0.0203,1.6166
10214,15:54:00.411,2010,-0.0183,1.6198
10215,15:54:00.412,2015,-0.0159,1.6238
10216,15:54:00.412,2026,-0.0105,1.6327
10217,15:54:00.413,2030,-0.0085,1.6359
10218,15:54:00.413,2035,-0.0061,1.6399
10219,15:54:00.414,2038,-0.0046,1.6423
10220,15:54:00.414,2034,-0.0066,1.6391
10221,15:54:00.415,2037,-0.0051,1.6415
10222,15:54:00.415,2036,-0.0056,1.6407
10223,15:54:00.416,2034,-0.0066,1.6391
10224,15:54:00.416,2039,-0.0042,1.6432
10225,15:54:00.417,2042,-0.0027,1.6456
10226,15:54:00.417,2036,-0.0056,1.6407
10227,15:54:00.418,2029,-0.0090,1.6351
10228,15:54:00.418,2020,-0.0134,1.6278
10229,15:54:00.419,2013,-0.0168,1.6222
10230,15:54:00.419,2015,-0.0159,1.6238
10231,15:54:00.420,2011,-0.0178,1.6206
10232,15:54:00.420,2011,-0.0178,1.6206
10233,15:54:00.421,2010,-0.0183,1.6198
10234,15:54:00.421,2013,-0.0168,1.6222
10235,15:54:00.422,2004,-0.0212,1.6149
10236,15:54:00.422,2003,-0.0217,1.6141
10237,15:54:00.423,2003,-0.0217,1.6141
10238,15:54:00.423,2009,-0.0188,1.6190
10239,15:54:00.424,2011,-0.0178,1.6206
10240,15:54:00.424,2022,-0.0125,1.6295
10241,15:54:00.425,2029,-0.0090,1.6351
10242,15:54:00.425,2038,-0.0046,1.6423
10243,15:54:00.426,2038,-0.0046,1.6423
10244,15:54:00.426,2037,-0.0051,1.6415
10245,15:54:00.427,2036,-0.0056,1.6407
10246,15:54:00.427,2039,-0.0042,1.6432
10247,15:54:00.428,2040,-0.0037,1.6440
10248,15:54:00.428,2034,-0.0066,1.6391
10249,15:54:00.429,2037,-0.0051,1.6415
10250,15:54:00.429,2039,-0.0042,1.6432
10251,15:54:00.430,2036,-0.0056,1.6407
10252,15:54:00.430,2025,-0.0110,1.6319
10253,15:54:00.431,2020,-0.0134,1.6278
10254,15:54:00.431,2015,-0.0159,1.6238
10255,15:54:00.432,2013,-0.0168,1.6222
10256,15:54:00.432,2012,-0.0173,1.6214
10257,15:54:00.433,2008,-0.0193,1.6182
10258,15:54:00.433,2013,-0.0168,1.6222
10259,15:54:00.434,2005,-0.0208,1.6158
10260,15:54:00.434,2004,-0.0212,1.6149
10261,15:54:00.435,2006,-0.0203,1.6166
10262,15:54:00.435,2001,-0.0227,1.6125
10263,15:54:00.436,2008,-0.0193,1.6182
10264,15:54:00.436,2016,-0.0154,1.6246
10265,15:54:00.437,2019,-0.0139,1.6270
10266,15:54:00.437,2027,-0.0100,1.6335
10267,15:54:00.438,2033,-0.0071,1.6383
10268,15:54:00.438,2037,-0.0051,1.6415
10269,15:54:00.439,2039,-0.0042,1.6432
10270,15:54:00.439,2033,-0.0071,1.6383
10271,15:54:00.440,2037,-0.0051,1.6415
10272,15:54:00.440,2035,-0.0061,1.6399
10273,15:54:00.441,2041,-0.0032,1.6448
10274,15:54:00.441,2038,-0.0046,1.6423
10275,15:54:00.442,2043,-0.0022,1.6464
10276,15:54:00.442,2038,-0.0046,1.6423
10277,15:54:00.443,2029,-0.0090,1.6351
10278,15:54:00.443,2017,-0.0149,1.6254
10279,15:54:00.444,2014,-0.0164,1.6230
10280,15:54:00.444,2014,-0.0164,1.6230
10281,15:54:00.445,2011,-0.0178,1.6206
10282,15:54:00.445,2008,-0.0193,1.6182
10283,15:54:00.446,2013,-0.0168,1.6222
10284,15:54:00.446,2010,-0.0183,1.6198
10285,15:54:00.447,2006,-0.0203,1.6166
10286,15:54:00.447,2002,-0.0222,1.6133
10287,15:54:00.448,2004,-0.0212,1.6149
10288,15:54:00.448,2007,-0.0198,1.6174
10289,15:54:00.449,2012,-0.0173,1.6214
10290,15:54:00.449,2022,-0.0125,1.6295
10291,15:54:00.450,2027,-0.0100,1.6335
10292,15:54:00.450,2033,-0.0071,1.6383
10293,15:54:00.451,2035,-0.0061,1.6399
10294,15:54:00.451,2037,-0.0051,1.6415
10295,15:54:00.452,2038,-0.0046,1.6423
10296,15:54:00.452,2038,-0.0046,1.6423
10297,15:54:00.453,2039,-0.0042,1.6432
10298,15:54:00.453,2038,-0.0046,1.6423
10299,15:54:00.454,2040,-0.0037,1.6440
10300,15:54:00.454,2040,-0.0037,1.6440
10301,15:54:00.455,2035,-0.0061,1.6399
10302,15:54:00.455,2027,-0.0100,1.6335
10303,15:54:00.456,2018,-0.0144,1.6262
10304,15:54:00.456,2011,-0.0178,1.6206
10305,15:54:00.457,2006,-0.0203,1.6166
10306,15:54:00.457,2012,-0.0173,1.6214
10307,15:54:00.458,2011,-0.0178,1.6206
10308,15:54:00.458,2013,-0.0168,1.6222
10309,15:54:00.459,2010,-0.0183,1.6198
10310,15:54:00.459,2005,-0.0208,1.6158
10311,15:54:00.460,2004,-0.0212,1.6149
10312,15:54:00.460,2002,-0.0222,1.6133
10313,15:54:00.461,2011,-0.0178,1.6206
10314,15:54:00.461,2015,-0.0159,1.6238
10315,15:54:00.462,2019,-0.0139,1.6270
10316,15:54:00.462,2024,-0.0115,1.6311
10317,15:54:00.463,2034,-0.0066,1.6391
10318,15:54:00.463,2034,-0.0066,1.6391
10319,15:54:00.464,2036,-0.0056,1.6407
10320,15:54:00.464,2039,-0.0042,1.6432
10321,15:54:00.465,2038,-0.0046,1.6423
10322,15:54:00.465,2034,-0.0066,1.6391
10323,15:54:00.466,2033,-0.0071,1.6383
10324,15:54:00.466,2039,-0.0042,1.6432
10325,15:54:00.467,2041,-0.0032,1.6448
10326,15:54:00.467,2033,-0.0071,1.6383
10327,15:54:00.468,2024,-0.0115,1.6311
10328,15:54:00.468,2021,-0.0129,1.6286
10329,15:54:00.469,2013,-0.0168,1.6222
10330,15:54:00.469,2011,-0.0178,1.6206
10331,15:54:00.470,2018,-0.0144,1.6262
10332,15:54:00.470,2011,-0.0178,1.6206
10333,15:54:00.471,2011,-0.0178,1.6206
10334,15:54:00.471,2012,-0.0173,1.6214
10335,15:54:00.472,2007,-0.0198,1.6174
10336,15:54:00.472,2002,-0.0222,1.6133
10337,15:54:00.473,2006,-0.0203,1.6166
10338,15:54:00.473,2008,-0.0193,1.6182
10339,15:54:00.474,2018,-0.0144,1.6262
10340,15:54:00.474,2021,-0.0129,1.6286
10341,15:54:00.475,2030,-0.0085,1.6359
10342,15:54:00.475,2036,-0.0056,1.6407
10343,15:54:00.476,2039,-0.0042,1.6432
10344,15:54:00.476,2034,-0.0066,1.6391
10345,15:54:00.477,2033,-0.0071,1.6383
10346,15:54:00.477,2037,-0.0051,1.6415
10347,15:54:00.478,2039,-0.0042,1.6432
10348,15:54:00.478,2039,-0.0042,1.6432
10349,15:54:00.479,2040,-0.0037,1.6440
10350,15:54:00.479,2038,-0.0046,1.6423
10351,15:54:00.480,2034,-0.0066,1.6391
10352,15:54:00.480,2023,-0.0120,1.6303
10353,15:54:00.481,2017,-0.0149,1.6254
10354,15:54:00.481,2012,-0.0173,1.6214
10355,15:54:00.482,2012,-0.0173,1.6214
10356,15:54:00.482,2009,-0.0188,1.6190
10357,15:54:00.483,2009,-0.0188,1.6190
10358,15:54:00.483,2010,-0.0183,1.6198
10359,15:54:00.484,2008,-0.0193,1.6182
10360,15:54:00.484,2003,-0.0217,1.6141
10361,15:54:00.485,2000,-0.0232,1.6117
10362,15:54:00.485,2002,-0.0222,1.6133
10363,15:54:00.486,2011,-0.0178,1.6206
10364,15:54:00.486,2019,-0.0139,1.6270
10365,15:54:00.487,2022,-0.0125,1.6295
10366,15:54:00.487,2026,-0.0105,1.6327
10367,15:54:00.488,2028,-0.0095,1.6343
10368,15:54:00.488,2038,-0.0046,1.6423
10369,15:54:00.489,2035,-0.0061,1.6399
10370,15:54:00.489,2033,-0.0071,1.6383
10371,15:54:00.490,2036,-0.0056,1.6407
10372,15:54:00.490,2030,-0.0085,1.6359
10373,15:54:00.491,2035,-0.0061,1.6399
10374,15:54:00.491,2033,-0.0071,1.6383
10375,15:54:00.492,2039,-0.0042,1.6432
10376,15:54:00.492,2031,-0.0081,1.6367
10377,15:54:00.493,2025,-0.0110,1.6319
10378,15:54:00.493,2016,-0.0154,1.6246
10379,15:54:00.494,2013,-0.0168,1.6222
10380,15:54:00.494,2015,-0.0159,1.6238
10381,15:54:00.495,2017,-0.0149,1.6254
10382,15:54:00.495,2015,-0.0159,1.6238
10383,15:54:00.496,2013,-0.0168,1.6222
10384,15:54:00.496,2009,-0.0188,1.6190
10385,15:54:00.497,2003,-0.0217,1.6141
10386,15:54:00.497,2004,-0.0212,1.6149
10387,15:54:00.498,2009,-0.0188,1.6190
10388,15:54:00.498,2011,-0.0178,1.6206
10389,15:54:00.499,2017,-0.0149,1.6254
10390,15:54:00.499,2022,-0.0125,1.6295
10391,15:54:00.500,2029,-0.0090,1.6351
10392,15:54:00.500,2034,-0.0066,1.6391
10393,15:54:00.501,2040,-0.0037,1.6440
10394,15:54:00.501,2036,-0.0056,1.6407
10395,15:54:00.502,2034,-0.0066,1.6391
10396,15:54:00.502,2041,-0.0032,1.6448
10397,15:54:00.503,2036,-0.0056,1.6407
10398,15:54:00.503,2039,-0.0042,1.6432
10399,15:54:00.504,2040,-0.0037,1.6440
10400,15:54:00.504,2036,-0.0056,1.6407
10401,15:54:00.505,2036,-0.0056,1.6407
10402,15:54:00.505,2024,-0.0115,1.6311
10403,15:54:00.506,2018,-0.0144,1.6262
10404,15:54:00.506,2013,-0.0168,1.6222
10405,15:54:00.507,2013,-0.0168,1.6222
10406,15:54:00.507,2012,-0.0173,1.6214
10407,15:54:00.508,2010,-0.0183,1.6198
10408,15:54:00.508,2010,-0.0183,1.6198
10409,15:54:00.509,2002,-0.0222,1.6133
10410,15:54:00.509,2005,-0.0208,1.6158
10411,15:54:00.510,2007,-0.0198,1.6174
10412,15:54:00.510,2008,-0.0193,1.6182
10413,15:54:00.511,2011,-0.0178,1.6206
10414,15:54:00.511,2018,-0.0144,1.6262
10415,15:54:00.512,2024,-0.0115,1.6311
10416,15:54:00.512,2030,-0.0085,1.6359
10417,15:54:00.513,2032,-0.0076,1.6375
10418,15:54:00.513,2033,-0.0071,1.6383
10419,15:54:00.514,2034,-0.0066,1.6391
10420,15:54:00.514,2037,-0.0051,1.6415
10421,15:54:00.515,2039,-0.0042,1.6432
10422,15:54:00.515,2034,-0.0066,1.6391
10423,15:54:00.516,2039,-0.0042,1.6432
10424,15:54:00.516,2039,-0.0042,1.6432
10425,15:54:00.517,2043,-0.0022,1.6464
10426,15:54:00.517,2030,-0.0085,1.6359
10427,15:54:00.518,2022,-0.0125,1.6295
10428,15:54:00.518,2018,-0.0144,1.6262
10429,15:54:00.519,2017,-0.0149,1.6254
10430,15:54:00.519,2014,-0.0164,1.6230
10431,15:54:00.520,2012,-0.0173,1.6214
10432,15:54:00.520,2014,-0.0164,1.6230
10433,15:54:00.521,2012,-0.0173,1.6214
10434,15:54:00.521,2005,-0.0208,1.6158
10435,15:54:00.522,2004,-0.0212,1.6149
10436,15:54:00.522,2003,-0.0217,1.6141
10437,15:54:00.523,2012,-0.0173,1.6214
10438,15:54:00.523,2011,-0.0178,1.6206
10439,15:54:00.524,2017,-0.0149,1.6254
10440,15:54:00.524,2025,-0.0110,1.6319
10441,15:54:00.525,2033,-0.0071,1.6383
10442,15:54:00.525,2034,-0.0066,1.6391
10443,15:54:00.526,2040,-0.0037,1.6440
10444,15:54:00.526,2034,-0.0066,1.6391
10445,15:54:00.527,2039,-0.0042,1.6432
10446,15:54:00.527,2039,-0.0042,1.6432
10447,15:54:00.528,2040,-0.0037,1.6440
10448,15:54:00.528,2041,-0.0032,1.6448
10449,15:54:00.529,2038,-0.0046,1.6423
10450,15:54:00.529,2038,-0.0046,1.6423
10451,15:54:00.530,2028,-0.0095,1.6343
10452,15:54:00.530,2019,-0.0139,1.6270
10453,15:54:00.531,2018,-0.0144,1.6262
10454,15:54:00.531,2013,-0.0168,1.6222
10455,15:54:00.532,2013,-0.0168,1.6222
10456,15:54:00.532,2013,-0.0168,1.6222
10457,15:54:00.533,2013,-0.0168,1.6222
10458,15:54:00.533,2007,-0.0198,1.6174
10459,15:54:00.534,2006,-0.0203,1.6166
10460,15:54:00.534,1999,-0.0237,1.6109
10461,15:54:00.535,2003,-0.0217,1.6141
10462,15:54:00.535,2010,-0.0183,1.6198
10463,15:54:00.536,2012,-0.0173,1.6214
10464,15:54:00.536,2017,-0.0149,1.6254
10465,15:54:00.537,2026,-0.0105,1.6327
10466,15:54:00.537,2026,-0.0105,1.6327
10467,15:54:00.538,2033,-0.0071,1.6383
10468,15:54:00.538,2033,-0.0071,1.6383
10469,15:54:00.539,2032,-0.0076,1.6375
10470,15:54:00.539,2034,-0.0066,1.6391
10471,15:54:00.540,2037,-0.0051,1.6415
10472,15:54:00.540,2034,-0.0066,1.6391
10473,15:54:00.541,2042,-0.0027,1.6456
10474,15:54:00.541,2037,-0.0051,1.6415
10475,15:54:00.542,2036,-0.0056,1.6407
10476,15:54:00.542,2030,-0.0085,1.6359
10477,15:54:00.543,2021,-0.0129,1.6286
10478,15:54:00.543,2019,-0.0139,1.6270
10479,15:54:00.544,2016,-0.0154,1.6246
10480,15:54:00.544,2017,-0.0149,1.6254
10481,15:54:00.545,2012,-0.0173,1.6214
10482,15:54:00.545,2014,-0.0164,1.6230
10483,15:54:00.546,2014,-0.0164,1.6230
10484,15:54:00.546,2005,-0.0208,1.6158
10485,15:54:00.547,2003,-0.0217,1.6141
10486,15:54:00.547,2007,-0.0198,1.6174
10487,15:54:00.548,2008,-0.0193,1.6182
10488,15:54:00.548,2014,-0.0164,1.6230
10489,15:54:00.549,2023,-0.0120,1.6303
10490,15:54:00.549,2027,-0.0100,1.6335
10491,15:54:00.550,2031,-0.0081,1.6367
10492,15:54:00.550,2036,-0.0056,1.6407
10493,15:54:00.551,2039,-0.0042,1.6432
10494,15:54:00.551,2035,-0.0061,1.6399
10495,15:54:00.552,2036,-0.0056,1.6407
10496,15:54:00.552,2037,-0.0051,1.6415
10497,15:54:00.553,2035,-0.0061,1.6399
10498,15:54:00.553,2041,-0.0032,1.6448
10499,15:54:00.554,2041,-0.0032,1.6448
10500,15:54:00.554,2033,-0.0071,1.6383
10501,15:54:00.555,2029,-0.0090,1.6351
10502,15:54:00.555,2022,-0.0125,1.6295
10503,15:54:00.556,2014,-0.0164,1.6230
10504,15:54:00.556,2013,-0.0168,1.6222
10505,15:54:00.557,2014,-0.0164,1.6230
10506,15:54:00.557,2013,-0.0168,1.6222
10507,15:54:00.558,2013,-0.0168,1.6222
10508,15:54:00.558,2005,-0.0208,1.6158
10509,15:54:00.559,2006,-0.0203,1.6166
10510,15:54:00.559,1998,-0.0242,1.6101
10511,15:54:00.560,2004,-0.0212,1.6149
10512,15:54:00.560,2008,-0.0193,1.6182
10513,15:54:00.561,2017,-0.0149,1.6254
10514,15:54:00.561,2013,-0.0168,1.6222
10515,15:54:00.562,2025,-0.0110,1.6319
10516,15:54:00.562,2028,-0.0095,1.6343
10517,15:54:00.563,2035,-0.0061,1.6399
10518,15:54:00.563,2033,-0.0071,1.6383
10519,15:54:00.564,2034,-0.0066,1.6391
10520,15:54:00.564,2039,-0.0042,1.6432
10521,15:54:00.565,2037,-0.0051,1.6415
10522,15:54:00.565,2034,-0.0066,1.6391
10523,15:54:00.566,2039,-0.0042,1.6432
10524,15:54:00.566,2038,-0.0046,1.6423
10525,15:54:00.567,2036,-0.0056,1.6407
10526,15:54:00.567,2028,-0.0095,1.6343
10527,15:54:00.568,2018,-0.0144,1.6262
10528,15:54:00.568,2016,-0.0154,1.6246
10529,15:54:00.569,2013,-0.0168,1.6222
10530,15:54:00.569,2015,-0.0159,1.6238
10531,15:54:00.570,2010,-0.0183,1.6198
10532,15:54:00.570,2013,-0.0168,1.6222
10533,15:54:00.571,2012,-0.0173,1.6214
10534,15:54:00.571,2006,-0.0203,1.6166
10535,15:54:00.572,2002,-0.0222,1.6133
10536,15:54:00.572,2004,-0.0212,1.6149
10537,15:54:00.573,2008,-0.0193,1.6182
10538,15:54:00.573,2012,-0.0173,1.6214
10539,15:54:00.574,2018,-0.0144,1.6262
10540,15:54:00.574,2027,-0.0100,1.6335
10541,15:54:00.575,2034,-0.0066,1.6391
10542,15:54:00.575,2034,-0.0066,1.6391
10543,15:54:00.576,2034,-0.0066,1.6391
10544,15:54:00.576,2039,-0.0042,1.6432
10545,15:54:00.577,2035,-0.0061,1.6399
10546,15:54:00.577,2036,-0.0056,1.6407
10547,15:54:00.578,2039,-0.0042,1.6432
10548,15:54:00.578,2042,-0.0027,1.6456
10549,15:54:00.579,2039,-0.0042,1.6432
10550,15:54:00.579,2034,-0.0066,1.6391
10551,15:54:00.580,2022,-0.0125,1.6295
10552,15:54:00.580,2019,-0.0139,1.6270
10553,15:54:00.581,2015,-0.0159,1.6238
10554,15:54:00.581,2014,-0.0164,1.6230
10555,15:54:00.582,2016,-0.0154,1.6246
10556,15:54:00.582,2016,-0.0154,1.6246
10557,15:54:00.583,2010,-0.0183,1.6198
10558,15:54:00.583,2008,-0.0193,1.6182
10559,15:54:00.584,2002,-0.0222,1.6133
10560,15:54:00.584,2002,-0.0222,1.6133
10561,15:54:00.585,2000,-0.0232,1.6117
10562,15:54:00.585,2008,-0.0193,1.6182
10563,15:54:00.586,2013,-0.0168,1.6222
10564,15:54:00.586,2018,-0.0144,1.6262
10565,15:54:00.587,2024,-0.0115,1.6311
10566,15:54:00.587,2027,-0.0100,1.6335
10567,15:54:00.588,2030,-0.0085,1.6359
10568,15:54:00.588,2031,-0.0081,1.6367
10569,15:54:00.589,2034,-0.0066,1.6391
10570,15:54:00.589,2036,-0.0056,1.6407
10571,15:54:00.590,2035,-0.0061,1.6399
10572,15:54:00.590,2035,-0.0061,1.6399
10573,15:54:00.591,2035,-0.0061,1.6399
10574,15:54:00.591,2038,-0.0046,1.6423
10575,15:54:00.592,2036,-0.0056,1.6407
10576,15:54:00.592,2024,-0.0115,1.6311
10577,15:54:00.593,2020,-0.0134,1.6278
10578,15:54:00.593,2011,-0.0178,1.6206
10579,15:54:00.594,2012,-0.0173,1.6214
10580,15:54:00.594,2011,-0.0178,1.6206
10581,15:54:00.595,2012,-0.0173,1.6214
10582,15:54:00.595,2013,-0.0168,1.6222
10583,15:54:00.596,2007,-0.0198,1.6174
10584,15:54:00.596,2005,-0.0208,1.6158
10585,15:54:00.597,2002,-0.0222,1.6133
10586,15:54:00.597,2005,-0.0208,1.6158
10587,15:54:00.598,2010,-0.0183,1.6198
10588,15:54:00.598,2015,-0.0159,1.6238
10589,15:54:00.599,2021,-0.0129,1.6286
10590,15:54:00.599,2029,-0.0090,1.6351
10591,15:54:00.600,2027,-0.0100,1.6335
10592,15:54:00.600,2037,-0.0051,1.6415
10593,15:54:00.601,2035,-0.0061,1.6399
10594,15:54:00.601,2039,-0.0042,1.6432
10595,15:54:00.602,2034,-0.0066,1.6391
10596,15:54:00.602,2040,-0.0037,1.6440
10597,15:54:00.603,2040,-0.0037,1.6440
10598,15:54:00.603,2042,-0.0027,1.6456
10599,15:54:00.604,2037,-0.0051,1.6415
10600,15:54:00.604,2034,-0.0066,1.6391
10601,15:54:00.605,2029,-0.0090,1.6351
10602,15:54:00.605,2019,-0.0139,1.6270
10603,15:54:00.606,2018,-0.0144,1.6262
10604,15:54:00.606,2013,-0.0168,1.6222
10605,15:54:00.607,2012,-0.0173,1.6214
10606,15:54:00.607,2014,-0.0164,1.6230
10607,15:54:00.608,2015,-0.0159,1.6238
10608,15:54:00.608,2006,-0.0203,1.6166
10609,15:54:00.609,2001,-0.0227,1.6125
10610,15:54:00.609,2004,-0.0212,1.6149
10611,15:54:00.610,2006,-0.0203,1.6166
10612,15:54:00.610,2009,-0.0188,1.6190
10613,15:54:00.611,2016,-0.0154,1.6246
10614,15:54:00.611,2022,-0.0125,1.6295
10615,15:54:00.612,2026,-0.0105,1.6327
10616,15:54:00.612,2028,-0.0095,1.6343
10617,15:54:00.613,2031,-0.0081,1.6367
10618,15:54:00.613,2037,-0.0051,1.6415
10619,15:54:00.614,2033,-0.0071,1.6383
10620,15:54:00.614,2039,-0.0042,1.6432
10621,15:54:00.615,2035,-0.0061,1.6399
10622,15:54:00.615,2039,-0.0042,1.6432
10623,15:54:00.616,2034,-0.0066,1.6391
10624,15:54:00.616,2037,-0.0051,1.6415
10625,15:54:00.617,2031,-0.0081,1.6367
10626,15:54:00.617,2023,-0.0120,1.6303
10627,15:54:00.618,2020,-0.0134,1.6278
10628,15:54:00.618,2015,-0.0159,1.6238
10629,15:54:00.619,2017,-0.0149,1.6254
10630,15:54:00.619,2012,-0.0173,1.6214
10631,15:54:00.620,2014,-0.0164,1.6230
10632,15:54:00.620,2010,-0.0183,1.6198
10633,15:54:00.621,2006,-0.0203,1.6166
10634,15:54:00.621,2005,-0.0208,1.6158
10635,15:54:00.622,2004,-0.0212,1.6149
10636,15:54:00.622,2008,-0.0193,1.6182
10637,15:54:00.623,2013,-0.0168,1.6222
10638,15:54:00.623,2014,-0.0164,1.6230
10639,15:54:00.624,2016,-0.0154,1.6246
10640,15:54:00.624,2028,-0.0095,1.6343
10641,15:54:00.625,2033,-0.0071,1.6383
10642,15:54:00.625,2039,-0.0042,1.6432
10643,15:54:00.626,2034,-0.0066,1.6391
10644,15:54:00.626,2040,-0.0037,1.6440
10645,15:54:00.627,2041,-0.0032,1.6448
10646,15:54:00.627,2039,-0.0042,1.6432
10647,15:54:00.628,2039,-0.0042,1.6432
10648,15:54:00.628,2040,-0.0037,1.6440
10649,15:54:00.629,2039,-0.0042,1.6432
10650,15:54:00.629,2033,-0.0071,1.6383
10651,15:54:00.630,2027,-0.0100,1.6335
10652,15:54:00.630,2019,-0.0139,1.6270
10653,15:54:00.631,2015,-0.0159,1.6238
10654,15:54:00.631,2011,-0.0178,1.6206
10655,15:54:00.632,2016,-0.0154,1.6246
10656,15:54:00.632,2011,-0.0178,1.6206
10657,15:54:00.633,2007,-0.0198,1.6174
10658,15:54:00.633,2008,-0.0193,1.6182
10659,15:54:00.634,2004,-0.0212,1.6149
10660,15:54:00.634,2004,-0.0212,1.6149
10661,15:54:00.635,2009,-0.0188,1.6190
10662,15:54:00.635,2012,-0.0173,1.6214
10663,15:54:00.636,2015,-0.0159,1.6238
10664,15:54:00.636,2020,-0.0134,1.6278
10665,15:54:00.637,2031,-0.0081,1.6367
10666,15:54:00.637,2033,-0.0071,1.6383
10667,15:54:00.638,2032,-0.0076,1.6375
10668,15:54:00.638,2035,-0.0061,1.6399
10669,15:54:00.639,2039,-0.0042,1.6432
10670,15:54:00.639,2036,-0.0056,1.6407
10671,15:54:00.640,2035,-0.0061,1.6399
10672,15:54:00.640,2034,-0.0066,1.6391
10673,15:54:00.641,2039,-0.0042,1.6432
10674,15:54:00.641,2035,-0.0061,1.6399
10675,15:54:00.642,2030,-0.0085,1.6359
10676,15:54:00.642,2021,-0.0129,1.6286
10677,15:54:00.643,2018,-0.0144,1.6262
10678,15:54:00.643,2016,-0.0154,1.6246
10679,15:54:00.644,2012,-0.0173,1.6214
10680,15:54:00.644,2014,-0.0164,1.6230
10681,15:54:00.645,2013,-0.0168,1.6222
10682,15:54:00.645,2010,-0.0183,1.6198
10683,15:54:00.646,2004,-0.0212,1.6149
10684,15:54:00.646,2005,-0.0208,1.6158
10685,15:54:00.647,2001,-0.0227,1.6125
10686,15:54:00.647,2007,-0.0198,1.6174
10687,15:54:00.648,2011,-0.0178,1.6206
10688,15:54:00.648,2015,-0.0159,1.6238
10689,15:54:00.649,2027,-0.0100,1.6335
10690,15:54:00.649,2027,-0.0100,1.6335
10691,15:54:00.650,2033,-0.0071,1.6383
10692,15:54:00.650,2032,-0.0076,1.6375
10693,15:54:00.651,2036,-0.0056,1.6407
10694,15:54:00.651,2040,-0.0037,1.6440
10695,15:54:00.652,2036,-0.0056,1.6407
10696,15:54:00.652,2041,-0.0032,1.6448
10697,15:54:00.653,2036,-0.0056,1.6407
10698,15:54:00.653,2038,-0.0046,1.6423
10699,15:54:00.654,2037,-0.0051,1.6415
10700,15:54:00.654,2028,-0.0095,1.6343
10701,15:54:00.655,2022,-0.0125,1.6295
10702,15:54:00.655,2020,-0.0134,1.6278
10703,15:54:00.656,2018,-0.0144,1.6262
10704,15:54:00.656,2016,-0.0154,1.6246
10705,15:54:00.657,2012,-0.0173,1.6214
10706,15:54:00.657,2013,-0.0168,1.6222
10707,15:54:00.658,2011,-0.0178,1.6206
10708,15:54:00.658,2001,-0.0227,1.6125
10709,15:54:00.659,2003,-0.0217,1.6141
10710,15:54:00.659,2005,-0.0208,1.6158
10711,15:54:00.660,2005,-0.0208,1.6158
10712,15:54:00.660,2014,-0.0164,1.6230
10713,15:54:00.661,2013,-0.0168,1.6222
10714,15:54:00.661,2024,-0.0115,1.6311
10715,15:54:00.662,2025,-0.0110,1.6319
10716,15:54:00.662,2035,-0.0061,1.6399
10717,15:54:00.663,2032,-0.0076,1.6375
10718,15:54:00.663,2034,-0.0066,1.6391
10719,15:54:00.664,2036,-0.0056,1.6407
10720,15:54:00.664,2036,-0.0056,1.6407
10721,15:54:00.665,2036,-0.0056,1.6407
10722,15:54:00.665,2036,-0.0056,1.6407
10723,15:54:00.666,2038,-0.0046,1.6423
10724,15:54:00.666,2035,-0.0061,1.6399
10725,15:54:00.667,2025,-0.0110,1.6319
10726,15:54:00.667,2023,-0.0120,1.6303
10727,15:54:00.668,2020,-0.0134,1.6278
10728,15:54:00.668,2015,-0.0159,1.6238
10729,15:54:00.669,2013,-0.0168,1.6222
10730,15:54:00.669,2014,-0.0164,1.6230
10731,15:54:00.670,2006,-0.0203,1.6166
10732,15:54:00.670,2010,-0.0183,1.6198
10733,15:54:00.671,2002,-0.0222,1.6133
10734,15:54:00.671,2003,-0.0217,1.6141
10735,15:54:00.672,2003,-0.0217,1.6141
10736,15:54:00.672,2007,-0.0198,1.6174
10737,15:54:00.673,2016,-0.0154,1.6246
10738,15:54:00.673,2020,-0.0134,1.6278
10739,15:54:00.674,2020,-0.0134,1.6278
10740,15:54:00.674,2024,-0.0115,1.6311
10741,15:54:00.675,2032,-0.0076,1.6375
10742,15:54:00.675,2034,-0.0066,1.6391
10743,15:54:00.676,2032,-0.0076,1.6375
10744,15:54:00.676,2036,-0.0056,1.6407
10745,15:54:00.677,2039,-0.0042,1.6432
10746,15:54:00.677,2036,-0.0056,1.6407
10747,15:54:00.678,2043,-0.0022,1.6464
10748,15:54:00.678,2041,-0.0032,1.6448
10749,15:54:00.679,2035,-0.0061,1.6399
10750,15:54:00.679,2026,-0.0105,1.6327
10751,15:54:00.680,2020,-0.0134,1.6278
10752,15:54:00.680,2021,-0.0129,1.6286
10753,15:54:00.681,2017,-0.0149,1.6254
10754,15:54:00.681,2014,-0.0164,1.6230
10755,15:54:00.682,2011,-0.0178,1.6206
10756,15:54:00.682,2010,-0.0183,1.6198
10757,15:54:00.683,2001,-0.0227,1.6125
10758,15:54:00.683,2007,-0.0198,1.6174
10759,15:54:00.684,1998,-0.0242,1.6101
10760,15:54:00.684,2003,-0.0217,1.6141
10761,15:54:00.685,2005,-0.0208,1.6158
10762,15:54:00.685,2015,-0.0159,1.6238
10763,15:54:00.686,2015,-0.0159,1.6238
10764,15:54:00.686,2024,-0.0115,1.6311
10765,15:54:00.687,2026,-0.0105,1.6327
10766,15:54:00.687,2034,-0.0066,1.6391
10767,15:54:00.688,2032,-0.0076,1.6375
10768,15:54:00.688,2038,-0.0046,1.6423
10769,15:54:00.689,2036,-0.0056,1.6407
10770,15:54:00.689,2036,-0.0056,1.6407
10771,15:54:00.690,2035,-0.0061,1.6399
10772,15:54:00.690,2037,-0.0051,1.6415
10773,15:54:00.691,2037,-0.0051,1.6415
10774,15:54:00.691,2035,-0.0061,1.6399
10775,15:54:00.692,2021,-0.0129,1.6286
10776,15:54:00.692,2021,-0.0129,1.6286
10777,15:54:00.693,2020,-0.0134,1.6278
10778,15:54:00.693,2017,-0.0149,1.6254
10779,15:54:00.694,2019,-0.0139,1.6270
10780,15:54:00.694,2012,-0.0173,1.6214
10781,15:54:00.695,2013,-0.0168,1.6222
10782,15:54:00.695,2011,-0.0178,1.6206
10783,15:54:00.696,2009,-0.0188,1.6190
10784,15:54:00.696,2003,-0.0217,1.6141
10785,15:54:00.697,2007,-0.0198,1.6174
10786,15:54:00.697,2009,-0.0188,1.6190
10787,15:54:00.698,2016,-0.0154,1.6246
10788,15:54:00.698,2020,-0.0134,1.6278
10789,15:54:00.699,2023,-0.0120,1.6303
10790,15:54:00.699,2027,-0.0100,1.6335
10791,15:54:00.700,2032,-0.0076,1.6375
10792,15:54:00.700,2033,-0.0071,1.6383
10793,15:54:00.701,2040,-0.0037,1.6440
10794,15:54:00.701,2042,-0.0027,1.6456
10795,15:54:00.702,2036,-0.0056,1.6407
10796,15:54:00.702,2036,-0.0056,1.6407
10797,15:54:00.703,2039,-0.0042,1.6432
10798,15:54:00.703,2038,-0.0046,1.6423
10799,15:54:00.704,2032,-0.0076,1.6375
10800,15:54:00.704,2028,-0.0095,1.6343
10801,15:54:00.705,2017,-0.0149,1.6254
10802,15:54:00.705,2016,-0.0154,1.6246
10803,15:54:00.706,2015,-0.0159,1.6238
10804,15:54:00.706,2016,-0.0154,1.6246
10805,15:54:00.707,2014,-0.0164,1.6230
10806,15:54:00.707,2016,-0.0154,1.6246
10807,15:54:00.708,2010,-0.0183,1.6198
10808,15:54:00.708,2001,-0.0227,1.6125
10809,15:54:00.709,2001,-0.0227,1.6125
10810,15:54:00.709,2003,-0.0217,1.6141
10811,15:54:00.710,2010,-0.0183,1.6198
10812,15:54:00.710,2015,-0.0159,1.6238
10813,15:54:00.711,2021,-0.0129,1.6286
10814,15:54:00.711,2030,-0.0085,1.6359
10815,15:54:00.712,2028,-0.0095,1.6343
10816,15:54:00.712,2034,-0.0066,1.6391
10817,15:54:00.713,2037,-0.0051,1.6415
10818,15:54:00.713,2033,-0.0071,1.6383
10819,15:54:00.714,2038,-0.0046,1.6423
10820,15:54:00.714,2040,-0.0037,1.6440
10821,15:54:00.715,2039,-0.0042,1.6432
10822,15:54:00.715,2041,-0.0032,1.6448
10823,15:54:00.716,2040,-0.0037,1.6440
10824,15:54:00.716,2033,-0.0071,1.6383
10825,15:54:00.717,2028,-0.0095,1.6343
10826,15:54:00.717,2024,-0.0115,1.6311
10827,15:54:00.718,2017,-0.0149,1.6254
10828,15:54:00.718,2016,-0.0154,1.6246
10829,15:54:00.719,2018,-0.0144,1.6262
10830,15:54:00.719,2013,-0.0168,1.6222
10831,15:54:00.720,2012,-0.0173,1.6214
10832,15:54:00.720,2009,-0.0188,1.6190
10833,15:54:00.721,2003,-0.0217,1.6141
10834,15:54:00.721,2004,-0.0212,1.6149
10835,15:54:00.722,2004,-0.0212,1.6149
10836,15:54:00.722,2008,-0.0193,1.6182
10837,15:54:00.723,2012,-0.0173,1.6214
10838,15:54:00.723,2018,-0.0144,1.6262
10839,15:54:00.724,2024,-0.0115,1.6311
10840,15:54:00.724,2028,-0.0095,1.6343
10841,15:54:00.725,2030,-0.0085,1.6359
10842,15:54:00.725,2030,-0.0085,1.6359
10843,15:54:00.726,2037,-0.0051,1.6415
10844,15:54:00.726,2039,-0.0042,1.6432
10845,15:54:00.727,2036,-0.0056,1.6407
10846,15:54:00.727,2039,-0.0042,1.6432
10847,15:54:00.728,2038,-0.0046,1.6423
10848,15:54:00.728,2037,-0.0051,1.6415
10849,15:54:00.729,2032,-0.0076,1.6375
10850,15:54:00.729,2025,-0.0110,1.6319
10851,15:54:00.730,2023,-0.0120,1.6303
10852,15:54:00.730,2018,-0.0144,1.6262
10853,15:54:00.731,2016,-0.0154,1.6246
10854,15:54:00.731,2017,-0.0149,1.6254
10855,15:54:00.732,2013,-0.0168,1.6222
10856,15:54:00.732,2012,-0.0173,1.6214
10857,15:54:00.733,2007,-0.0198,1.6174
10858,15:54:00.733,2007,-0.0198,1.6174
10859,15:54:00.734,2001,-0.0227,1.6125
10860,15:54:00.734,2006,-0.0203,1.6166
10861,15:54:00.735,2011,-0.0178,1.6206
10862,15:54:00.735,2014,-0.0164,1.6230
10863,15:54:00.736,2022,-0.0125,1.6295
10864,15:54:00.736,2023,-0.0120,1.6303
10865,15:54:00.737,2031,-0.0081,1.6367
10866,15:54:00.737,2032,-0.0076,1.6375
10867,15:54:00.738,2032,-0.0076,1.6375
10868,15:54:00.738,2034,-0.0066,1.6391
10869,15:54:00.739,2041,-0.0032,1.6448
10870,15:54:00.739,2037,-0.0051,1.6415
10871,15:54:00.740,2038,-0.0046,1.6423
10872,15:54:00.740,2037,-0.0051,1.6415
10873,15:54:00.741,2036,-0.0056,1.6407
10874,15:54:00.741,2033,-0.0071,1.6383
10875,15:54:00.742,2024,-0.0115,1.6311
10876,15:54:00.742,2022,-0.0125,1.6295
10877,15:54:00.743,2017,-0.0149,1.6254
10878,15:54:00.743,2015,-0.0159,1.6238
10879,15:54:00.744,2014,-0.0164,1.6230
10880,15:54:00.744,2010,-0.0183,1.6198
10881,15:54:00.745,2012,-0.0173,1.6214
10882,15:54:00.745,2005,-0.0208,1.6158
10883,15:54:00.746,2005,-0.0208,1.6158
10884,15:54:00.746,2001,-0.0227,1.6125
10885,15:54:00.747,2005,-0.0208,1.6158
10886,15:54:00.747,2008,-0.0193,1.6182
10887,15:54:00.748,2018,-0.0144,1.6262
10888,15:54:00.748,2021,-0.0129,1.6286
10889,15:54:00.749,2019,-0.0139,1.6270
10890,15:54:00.749,2028,-0.0095,1.6343
10891,15:54:00.750,2030,-0.0085,1.6359
10892,15:54:00.750,2034,-0.0066,1.6391
10893,15:54:00.751,2035,-0.0061,1.6399
10894,15:54:00.751,2042,-0.0027,1.6456
10895,15:54:00.752,2038,-0.0046,1.6423
10896,15:54:00.752,2040,-0.0037,1.6440
10897,15:54:00.753,2033,-0.0071,1.6383
10898,15:54:00.753,2035,-0.0061,1.6399
10899,15:54:00.754,2031,-0.0081,1.6367
10900,15:54:00.754,2023,-0.0120,1.6303
10901,15:54:00.755,2021,-0.0129,1.6286
10902,15:54:00.755,2020,-0.0134,1.6278
10903,15:54:00.756,2016,-0.0154,1.6246
10904,15:54:00.756,2018,-0.0144,1.6262
10905,15:54:00.757,2013,-0.0168,1.6222
10906,15:54:00.757,2010,-0.0183,1.6198
10907,15:54:00.758,2010,-0.0183,1.6198
10908,15:54:00.758,2007,-0.0198,1.6174
10909,15:54:00.759,2004,-0.0212,1.6149
10910,15:54:00.759,2007,-0.0198,1.6174
10911,15:54:00.760,2011,-0.0178,1.6206
10912,15:54:00.760,2017,-0.0149,1.6254
10913,15:54:00.761,2021,-0.0129,1.6286
10914,15:54:00.761,2029,-0.0090,1.6351
10915,15:54:00.762,2030,-0.0085,1.6359
10916,15:54:00.762,2033,-0.0071,1.6383
10917,15:54:00.763,2032,-0.0076,1.6375
10918,15:54:00.763,2036,-0.0056,1.6407
10919,15:54:00.764,2039,-0.0042,1.6432
10920,15:54:00.764,2038,-0.0046,1.6423
10921,15:54:00.765,2036,-0.0056,1.6407
10922,15:54:00.765,2034,-0.0066,1.6391
10923,15:54:00.766,2037,-0.0051,1.6415
10924,15:54:00.766,2029,-0.0090,1.6351
10925,15:54:00.767,2022,-0.0125,1.6295
10926,15:54:00.767,2020,-0.0134,1.6278
10927,15:54:00.768,2015,-0.0159,1.6238
10928,15:54:00.768,2017,-0.0149,1.6254
10929,15:54:00.769,2017,-0.0149,1.6254
10930,15:54:00.769,2010,-0.0183,1.6198
10931,15:54:00.770,2005,-0.0208,1.6158
10932,15:54:00.770,2005,-0.0208,1.6158
10933,15:54:00.771,2000,-0.0232,1.6117
10934,15:54:00.771,2003,-0.0217,1.6141
10935,15:54:00.772,2000,-0.0232,1.6117
10936,15:54:00.772,2009,-0.0188,1.6190
10937,15:54:00.773,2016,-0.0154,1.6246
10938,15:54:00.773,2019,-0.0139,1.6270
10939,15:54:00.774,2022,-0.0125,1.6295
10940,15:54:00.774,2029,-0.0090,1.6351
10941,15:54:00.775,2028,-0.0095,1.6343
10942,15:54:00.775,2033,-0.0071,1.6383
10943,15:54:00.776,2039,-0.0042,1.6432
10944,15:54:00.776,2038,-0.0046,1.6423
10945,15:54:00.777,2036,-0.0056,1.6407
10946,15:54:00.777,2040,-0.0037,1.6440
10947,15:54:00.778,2040,-0.0037,1.6440
10948,15:54:00.778,2035,-0.0061,1.6399
10949,15:54:00.779,2028,-0.0095,1.6343
10950,15:54:00.779,2027,-0.0100,1.6335
10951,15:54:00.780,2020,-0.0134,1.6278
10952,15:54:00.780,2019,-0.0139,1.6270
10953,15:54:00.781,2019,-0.0139,1.6270
10954,15:54:00.781,2016,-0.0154,1.6246
10955,15:54:00.782,2011,-0.0178,1.6206
10956,15:54:00.782,2014,-0.0164,1.6230
10957,15:54:00.783,2010,-0.0183,1.6198
10958,15:54:00.783,2002,-0.0222,1.6133
10959,15:54:00.784,2008,-0.0193,1.6182
10960,15:54:00.784,2012,-0.0173,1.6214
10961,15:54:00.785,2011,-0.0178,1.6206
10962,15:54:00.785,2020,-0.0134,1.6278
10963,15:54:00.786,2024,-0.0115,1.6311
10964,15:54:00.786,2029,-0.0090,1.6351
10965,15:54:00.787,2029,-0.0090,1.6351
10966,15:54:00.787,2032,-0.0076,1.6375
10967,15:54:00.788,2033,-0.0071,1.6383
10968,15:54:00.788,2036,-0.0056,1.6407
10969,15:54:00.789,2036,-0.0056,1.6407
10970,15:54:00.789,2037,-0.0051,1.6415
10971,15:54:00.790,2040,-0.0037,1.6440
10972,15:54:00.790,2036,-0.0056,1.6407
10973,15:54:00.791,2034,-0.0066,1.6391
10974,15:54:00.791,2029,-0.0090,1.6351
10975,15:54:00.792,2021,-0.0129,1.6286
10976,15:54:00.792,2018,-0.0144,1.6262
10977,15:54:00.793,2017,-0.0149,1.6254
10978,15:54:00.793,2015,-0.0159,1.6238
10979,15:54:00.794,2011,-0.0178,1.6206
10980,15:54:00.794,2009,-0.0188,1.6190
10981,15:54:00.795,2005,-0.0208,1.6158
10982,15:54:00.795,2005,-0.0208,1.6158
10983,15:54:00.796,2000,-0.0232,1.6117
10984,15:54:00.796,2001,-0.0227,1.6125
10985,15:54:00.797,2008,-0.0193,1.6182
10986,15:54:00.797,2010,-0.0183,1.6198
10987,15:54:00.798,2017,-0.0149,1.6254
10988,15:54:00.798,2023,-0.0120,1.6303
10989,15:54:00.799,2025,-0.0110,1.6319
10990,15:54:00.799,2026,-0.0105,1.6327
10991,15:54:00.800,2032,-0.0076,1.6375
10992,15:54:00.800,2032,-0.0076,1.6375
10993,15:54:00.801,2035,-0.0061,1.6399
10994,15:54:00.801,2041,-0.0032,1.6448
10995,15:54:00.802,2040,-0.0037,1.6440
10996,15:54:00.802,2036,-0.0056,1.6407
10997,15:54:00.803,2038,-0.0046,1.6423
10998,15:54:00.803,2031,-0.0081,1.6367
10999,15:54:00.804,2030,-0.0085,1.6359
11000,15:54:00.804,2026,-0.0105,1.6327
11001,15:54:00.805,2024,-0.0115,1.6311
11002,15:54:00.805,2022,-0.0125,1.6295
11003,15:54:00.806,2021,-0.0129,1.6286
11004,15:54:00.806,2011,-0.0178,1.6206
11005,15:54:00.807,2015,-0.0159,1.6238
11006,15:54:00.807,2009,-0.0188,1.6190
11007,15:54:00.808,2010,-0.0183,1.6198
11008,15:54:00.808,2006,-0.0203,1.6166
11009,15:54:00.809,2010,-0.0183,1.6198
11010,15:54:00.809,2011,-0.0178,1.6206
11011,15:54:00.810,2018,-0.0144,1.6262
11012,15:54:00.810,2023,-0.0120,1.6303
11013,15:54:00.811,2028,-0.0095,1.6343
11014,15:54:00.811,2029,-0.0090,1.6351
11015,15:54:00.812,2032,-0.0076,1.6375
11016,15:54:00.812,2031,-0.0081,1.6367
11017,15:54:00.813,2035,-0.0061,1.6399
11018,15:54:00.813,2039,-0.0042,1.6432
11019,15:54:00.814,2041,-0.0032,1.6448
11020,15:54:00.814,2039,-0.0042,1.6432
11021,15:54:00.815,2038,-0.0046,1.6423
11022,15:54:00.815,2040,-0.0037,1.6440
11023,15:54:00.816,2033,-0.0071,1.6383
11024,15:54:00.816,2028,-0.0095,1.6343
11025,15:54:00.817,2024,-0.0115,1.6311
11026,15:54:00.817,2018,-0.0144,1.6262
11027,15:54:00.818,2016,-0.0154,1.6246
11028,15:54:00.818,2016,-0.0154,1.6246
11029,15:54:00.819,2010,-0.0183,1.6198
11030,15:54:00.819,2008,-0.0193,1.6182
11031,15:54:00.820,2005,-0.0208,1.6158
11032,15:54:00.820,2002,-0.0222,1.6133
11033,15:54:00.821,2003,-0.0217,1.6141
11034,15:54:00.821,2003,-0.0217,1.6141
11035,15:54:00.822,2009,-0.0188,1.6190
11036,15:54:00.822,2013,-0.0168,1.6222
11037,15:54:00.823,2019,-0.0139,1.6270
11038,15:54:00.823,2018,-0.0144,1.6262
11039,15:54:00.824,2023,-0.0120,1.6303
11040,15:54:00.824,2030,-0.0085,1.6359
11041,15:54:00.825,2030,-0.0085,1.6359
11042,15:54:00.825,2033,-0.0071,1.6383
11043,15:54:00.826,2036,-0.0056,1.6407
11044,15:54:00.826,2035,-0.0061,1.6399
11045,15:54:00.827,2036,-0.0056,1.6407
11046,15:54:00.827,2036,-0.0056,1.6407
11047,15:54:00.828,2039,-0.0042,1.6432
11048,15:54:00.828,2028,-0.0095,1.6343
11049,15:54:00.829,2026,-0.0105,1.6327
11050,15:54:00.829,2028,-0.0095,1.6343
11051,15:54:00.830,2024,-0.0115,1.6311
11052,15:54:00.830,2018,-0.0144,1.6262
11053,15:54:00.831,2018,-0.0144,1.6262
11054,15:54:00.831,2014,-0.0164,1.6230
11055,15:54:00.832,2011,-0.0178,1.6206
11056,15:54:00.832,2013,-0.0168,1.6222
11057,15:54:00.833,2008,-0.0193,1.6182
11058,15:54:00.833,2007,-0.0198,1.6174
11059,15:54:00.834,2008,-0.0193,1.6182
11060,15:54:00.834,2018,-0.0144,1.6262
11061,15:54:00.835,2016,-0.0154,1.6246
11062,15:54:00.835,2021,-0.0129,1.6286
11063,15:54:00.836,2026,-0.0105,1.6327
11064,15:54:00.836,2027,-0.0100,1.6335
11065,15:54:00.837,2025,-0.0110,1.6319
11066,15:54:00.837,2030,-0.0085,1.6359
11067,15:54:00.838,2039,-0.0042,1.6432
11068,15:54:00.838,2039,-0.0042,1.6432
11069,15:54:00.839,2041,-0.0032,1.6448
11070,15:54:00.839,2040,-0.0037,1.6440
11071,15:54:00.840,2043,-0.0022,1.6464
11072,15:54:00.840,2036,-0.0056,1.6407
11073,15:54:00.841,2034,-0.0066,1.6391
11074,15:54:00.841,2026,-0.0105,1.6327
11075,15:54:00.842,2024,-0.0115,1.6311
11076,15:54:00.842,2020,-0.0134,1.6278
11077,15:54:00.843,2017,-0.0149,1.6254
11078,15:54:00.843,2018,-0.0144,1.6262
11079,15:54:00.844,2013,-0.0168,1.6222
11080,15:54:00.844,2011,-0.0178,1.6206
11081,15:54:00.845,2006,-0.0203,1.6166
11082,15:54:00.845,2004,-0.0212,1.6149
11083,15:54:00.846,2003,-0.0217,1.6141
11084,15:54:00.846,2003,-0.0217,1.6141
11085,15:54:00.847,2011,-0.0178,1.6206
11086,15:54:00.847,2012,-0.0173,1.6214
11087,15:54:00.848,2018,-0.0144,1.6262
11088,15:54:00.848,2019,-0.0139,1.6270
11089,15:54:00.849,2025,-0.0110,1.6319
11090,15:54:00.849,2027,-0.0100,1.6335
11091,15:54:00.850,2026,-0.0105,1.6327
11092,15:54:00.850,2033,-0.0071,1.6383
11093,15:54:00.851,2039,-0.0042,1.6432
11094,15:54:00.851,2034,-0.0066,1.6391
11095,15:54:00.852,2041,-0.0032,1.6448
11096,15:54:00.852,2035,-0.0061,1.6399
11097,15:54:00.853,2035,-0.0061,1.6399
11098,15:54:00.853,2034,-0.0066,1.6391
11099,15:54:00.854,2027,-0.0100,1.6335
11100,15:54:00.854,2024,-0.0115,1.6311
11101,15:54:00.855,2016,-0.0154,1.6246
11102,15:54:00.855,2022,-0.0125,1.6295
11103,15:54:00.856,2017,-0.0149,1.6254
11104,15:54:00.856,2013,-0.0168,1.6222
11105,15:54:00.857,2014,-0.0164,1.6230
11106,15:54:00.857,2009,-0.0188,1.6190
11107,15:54:00.858,2005,-0.0208,1.6158
11108,15:54:00.858,2005,-0.0208,1.6158
11109,15:54:00.859,2011,-0.0178,1.6206
11110,15:54:00.859,2012,-0.0173,1.6214
11111,15:54:00.860,2018,-0.0144,1.6262
11112,15:54:00.860,2021,-0.0129,1.6286
11113,15:54:00.861,2023,-0.0120,1.6303
11114,15:54:00.861,2029,-0.0090,1.6351
11115,15:54:00.862,2031,-0.0081,1.6367
11116,15:54:00.862,2036,-0.0056,1.6407
11117,15:54:00.863,2039,-0.0042,1.6432
11118,15:54:00.863,2037,-0.0051,1.6415
11119,15:54:00.864,2043,-0.0022,1.6464
11120,15:54:00.864,2039,-0.0042,1.6432
11121,15:54:00.865,2042,-0.0027,1.6456
11122,15:54:00.865,2038,-0.0046,1.6423
11123,15:54:00.866,2032,-0.0076,1.6375
11124,15:54:00.866,2026,-0.0105,1.6327
11125,15:54:00.867,2023,-0.0120,1.6303
11126,15:54:00.867,2017,-0.0149,1.6254
11127,15:54:00.868,2019,-0.0139,1.6270
11128,15:54:00.868,2018,-0.0144,1.6262
11129,15:54:00.869,2009,-0.0188,1.6190
11130,15:54:00.869,2012,-0.0173,1.6214
11131,15:54:00.870,2006,-0.0203,1.6166
11132,15:54:00.870,2004,-0.0212,1.6149
11133,15:54:00.871,2002,-0.0222,1.6133
11134,15:54:00.871,2010,-0.0183,1.6198
11135,15:54:00.872,2009,-0.0188,1.6190
11136,15:54:00.872,2015,-0.0159,1.6238
11137,15:54:00.873,2016,-0.0154,1.6246
11138,15:54:00.873,2022,-0.0125,1.6295
11139,15:54:00.874,2025,-0.0110,1.6319
11140,15:54:00.874,2024,-0.0115,1.6311
11141,15:54:00.875,2032,-0.0076,1.6375
11142,15:54:00.875,2035,-0.0061,1.6399
11143,15:54:00.876,2034,-0.0066,1.6391
11144,15:54:00.876,2034,-0.0066,1.6391
11145,15:54:00.877,2036,-0.0056,1.6407
11146,15:54:00.877,2039,-0.0042,1.6432
11147,15:54:00.878,2033,-0.0071,1.6383
11148,15:54:00.878,2032,-0.0076,1.6375
11149,15:54:00.879,2026,-0.0105,1.6327
11150,15:54:00.879,2021,-0.0129,1.6286
11151,15:54:00.880,2017,-0.0149,1.6254
11152,15:54:00.880,2018,-0.0144,1.6262
11153,15:54:00.881,2012,-0.0173,1.6214
11154,15:54:00.881,2015,-0.0159,1.6238
11155,15:54:00.882,2012,-0.0173,1.6214
11156,15:54:00.882,2008,-0.0193,1.6182
11157,15:54:00.883,1999,-0.0237,1.6109
11158,15:54:00.883,2004,-0.0212,1.6149
11159,15:54:00.884,2012,-0.0173,1.6214
11160,15:54:00.884,2012,-0.0173,1.6214
11161,15:54:00.885,2018,-0.0144,1.6262
11162,15:54:00.885,2024,-0.0115,1.6311
11163,15:54:00.886,2026,-0.0105,1.6327
11164,15:54:00.886,2030,-0.0085,1.6359
11165,15:54:00.887,2032,-0.0076,1.6375
11166,15:54:00.887,2033,-0.0071,1.6383
11167,15:54:00.888,2037,-0.0051,1.6415
11168,15:54:00.888,2043,-0.0022,1.6464
11169,15:54:00.889,2039,-0.0042,1.6432
11170,15:54:00.889,2040,-0.0037,1.6440
11171,15:54:00.890,2040,-0.0037,1.6440
11172,15:54:00.890,2035,-0.0061,1.6399
11173,15:54:00.891,2031,-0.0081,1.6367
11174,15:54:00.891,2030,-0.0085,1.6359
11175,15:54:00.892,2024,-0.0115,1.6311
11176,15:54:00.892,2020,-0.0134,1.6278
11177,15:54:00.893,2021,-0.0129,1.6286
11178,15:54:00.893,2017,-0.0149,1.6254
11179,15:54:00.894,2014,-0.0164,1.6230
11180,15:54:00.894,2012,-0.0173,1.6214
11181,15:54:00.895,2009,-0.0188,1.6190
11182,15:54:00.895,2004,-0.0212,1.6149
11183,15:54:00.896,2002,-0.0222,1.6133
11184,15:54:00.896,2006,-0.0203,1.6166
11185,15:54:00.897,2010,-0.0183,1.6198
11186,15:54:00.897,2014,-0.0164,1.6230
11187,15:54:00.898,2018,-0.0144,1.6262
11188,15:54:00.898,2019,-0.0139,1.6270
11189,15:54:00.899,2025,-0.0110,1.6319
11190,15:54:00.899,2033,-0.0071,1.6383
11191,15:54:00.900,2031,-0.0081,1.6367
11192,15:54:00.900,2036,-0.0056,1.6407
11193,15:54:00.901,2035,-0.0061,1.6399
11194,15:54:00.901,2037,-0.0051,1.6415
11195,15:54:00.902,2040,-0.0037,1.6440
11196,15:54:00.902,2035,-0.0061,1.6399
11197,15:54:00.903,2035,-0.0061,1.6399
11198,15:54:00.903,2035,-0.0061,1.6399
11199,15:54:00.904,2026,-0.0105,1.6327
11200,15:54:00.904,2023,-0.0120,1.6303
11201,15:54:00.905,2020,-0.0134,1.6278
11202,15:54:00.905,2020,-0.0134,1.6278
11203,15:54:00.906,2016,-0.0154,1.6246
11204,15:54:00.906,2011,-0.0178,1.6206
11205,15:54:00.907,2011,-0.0178,1.6206
11206,15:54:00.907,2007,-0.0198,1.6174
11207,15:54:00.908,2003,-0.0217,1.6141
11208,15:54:00.908,2007,-0.0198,1.6174
11209,15:54:00.909,2003,-0.0217,1.6141
11210,15:54:00.909,2008,-0.0193,1.6182
11211,15:54:00.910,2014,-0.0164,1.6230
11212,15:54:00.910,2022,-0.0125,1.6295
11213,15:54:00.911,2024,-0.0115,1.6311
11214,15:54:00.911,2028,-0.0095,1.6343
11215,15:54:00.912,2030,-0.0085,1.6359
11216,15:54:00.912,2035,-0.0061,1.6399
11217,15:54:00.913,2036,-0.0056,1.6407
11218,15:54:00.913,2039,-0.0042,1.6432
11219,15:54:00.914,2045,-0.0012,1.6480
11220,15:54:00.914,2041,-0.0032,1.6448
11221,15:54:00.915,2039,-0.0042,1.6432
11222,15:54:00.915,2038,-0.0046,1.6423
11223,15:54:00.916,2032,-0.0076,1.6375
11224,15:54:00.916,2025,-0.0110,1.6319
11225,15:54:00.917,2023,-0.0120,1.6303
11226,15:54:00.917,2022,-0.0125,1.6295
11227,15:54:00.918,2021,-0.0129,1.6286
11228,15:54:00.918,2019,-0.0139,1.6270
11229,15:54:00.919,2016,-0.0154,1.6246
11230,15:54:00.919,2010,-0.0183,1.6198
11231,15:54:00.920,2005,-0.0208,1.6158
11232,15:54:00.920,2009,-0.0188,1.6190
11233,15:54:00.921,2004,-0.0212,1.6149
11234,15:54:00.921,2009,-0.0188,1.6190
11235,15:54:00.922,2014,-0.0164,1.6230
11236,15:54:00.922,2014,-0.0164,1.6230
11237,15:54:00.923,2021,-0.0129,1.6286
11238,15:54:00.923,2021,-0.0129,1.6286
11239,15:54:00.924,2025,-0.0110,1.6319
11240,15:54:00.924,2029,-0.0090,1.6351
11241,15:54:00.925,2033,-0.0071,1.6383
11242,15:54:00.925,2036,-0.0056,1.6407
11243,15:54:00.926,2039,-0.0042,1.6432
11244,15:54:00.926,2036,-0.0056,1.6407
11245,15:54:00.927,2036,-0.0056,1.6407
11246,15:54:00.927,2035,-0.0061,1.6399
11247,15:54:00.928,2038,-0.0046,1.6423
11248,15:54:00.928,2030,-0.0085,1.6359
11249,15:54:00.929,2023,-0.0120,1.6303
11250,15:54:00.929,2020,-0.0134,1.6278
11251,15:54:00.930,2016,-0.0154,1.6246
11252,15:54:00.930,2017,-0.0149,1.6254
11253,15:54:00.931,2012,-0.0173,1.6214
11254,15:54:00.931,2009,-0.0188,1.6190
11255,15:54:00.932,2007,-0.0198,1.6174
11256,15:54:00.932,2007,-0.0198,1.6174
11257,15:54:00.933,2006,-0.0203,1.6166
11258,15:54:00.933,2007,-0.0198,1.6174
11259,15:54:00.934,2015,-0.0159,1.6238
11260,15:54:00.934,2012,-0.0173,1.6214
11261,15:54:00.935,2018,-0.0144,1.6262
11262,15:54:00.935,2019,-0.0139,1.6270
11263,15:54:00.936,2023,-0.0120,1.6303
11264,15:54:00.936,2026,-0.0105,1.6327
11265,15:54:00.937,2029,-0.0090,1.6351
11266,15:54:00.937,2034,-0.0066,1.6391
11267,15:54:00.938,2037,-0.0051,1.6415
11268,15:54:00.938,2037,-0.0051,1.6415
11269,15:54:00.939,2040,-0.0037,1.6440
11270,15:54:00.939,2041,-0.0032,1.6448
11271,15:54:00.940,2040,-0.0037,1.6440
11272,15:54:00.940,2033,-0.0071,1.6383
11273,15:54:00.941,2030,-0.0085,1.6359
11274,15:54:00.941,2025,-0.0110,1.6319
11275,15:54:00.942,2021,-0.0129,1.6286
11276,15:54:00.942,2024,-0.0115,1.6311
11277,15:54:00.943,2016,-0.0154,1.6246
11278,15:54:00.943,2014,-0.0164,1.6230
11279,15:54:00.944,2013,-0.0168,1.6222
11280,15:54:00.944,2010,-0.0183,1.6198
11281,15:54:00.945,2004,-0.0212,1.6149
11282,15:54:00.945,2002,-0.0222,1.6133
11283,15:54:00.946,2004,-0.0212,1.6149
11284,15:54:00.946,2012,-0.0173,1.6214
11285,15:54:00.947,2013,-0.0168,1.6222
11286,15:54:00.947,2014,-0.0164,1.6230
11287,15:54:00.948,2023,-0.0120,1.6303
11288,15:54:00.948,2024,-0.0115,1.6311
11289,15:54:00.949,2026,-0.0105,1.6327
11290,15:54:00.949,2029,-0.0090,1.6351
11291,15:54:00.950,2033,-0.0071,1.6383
11292,15:54:00.950,2036,-0.0056,1.6407
11293,15:54:00.951,2036,-0.0056,1.6407
11294,15:54:00.951,2035,-0.0061,1.6399
11295,15:54:00.952,2038,-0.0046,1.6423
11296,15:54:00.952,2036,-0.0056,1.6407
11297,15:54:00.953,2035,-0.0061,1.6399
11298,15:54:00.953,2027,-0.0100,1.6335
11299,15:54:00.954,2026,-0.0105,1.6327
11300,15:54:00.954,2025,-0.0110,1.6319
11301,15:54:00.955,2018,-0.0144,1.6262
11302,15:54:00.955,2015,-0.0159,1.6238
11303,15:54:00.956,2014,-0.0164,1.6230
11304,15:54:00.956,2012,-0.0173,1.6214
11305,15:54:00.957,2008,-0.0193,1.6182
11306,15:54:00.957,2005,-0.0208,1.6158
11307,15:54:00.958,2003,-0.0217,1.6141
11308,15:54:00.958,2014,-0.0164,1.6230
11309,15:54:00.959,2009,-0.0188,1.6190
11310,15:54:00.959,2015,-0.0159,1.6238
11311,15:54:00.960,2018,-0.0144,1.6262
11312,15:54:00.960,2022,-0.0125,1.6295
11313,15:54:00.961,2027,-0.0100,1.6335
11314,15:54:00.961,2028,-0.0095,1.6343
11315,15:54:00.962,2033,-0.0071,1.6383
11316,15:54:00.962,2037,-0.0051,1.6415
11317,15:54:00.963,2038,-0.0046,1.6423
11318,15:54:00.963,2034,-0.0066,1.6391
11319,15:54:00.964,2040,-0.0037,1.6440
11320,15:54:00.964,2040,-0.0037,1.6440
11321,15:54:00.965,2036,-0.0056,1.6407
11322,15:54:00.965,2033,-0.0071,1.6383
11323,15:54:00.966,2029,-0.0090,1.6351
11324,15:54:00.966,2027,-0.0100,1.6335
11325,15:54:00.967,2023,-0.0120,1.6303
11326,15:54:00.967,2018,-0.0144,1.6262
11327,15:54:00.968,2019,-0.0139,1.6270
11328,15:54:00.968,2018,-0.0144,1.6262
11329,15:54:00.969,2011,-0.0178,1.6206
11330,15:54:00.969,2005,-0.0208,1.6158
11331,15:54:00.970,2006,-0.0203,1.6166
11332,15:54:00.970,2007,-0.0198,1.6174
11333,15:54:00.971,2014,-0.0164,1.6230
11334,15:54:00.971,2012,-0.0173,1.6214
11335,15:54:00.972,2015,-0.0159,1.6238
11336,15:54:00.972,2013,-0.0168,1.6222
11337,15:54:00.973,2022,-0.0125,1.6295
11338,15:54:00.973,2023,-0.0120,1.6303
11339,15:54:00.974,2025,-0.0110,1.6319
11340,15:54:00.974,2030,-0.0085,1.6359
11341,15:54:00.975,2034,-0.0066,1.6391
11342,15:54:00.975,2036,-0.0056,1.6407
11343,15:54:00.976,2040,-0.0037,1.6440
11344,15:54:00.976,2039,-0.0042,1.6432
11345,15:54:00.977,2036,-0.0056,1.6407
11346,15:54:00.977,2030,-0.0085,1.6359
11347,15:54:00.978,2034,-0.0066,1.6391
11348,15:54:00.978,2027,-0.0100,1.6335
11349,15:54:00.979,2027,-0.0100,1.6335
11350,15:54:00.979,2018,-0.0144,1.6262
11351,15:54:00.980,2017,-0.0149,1.6254
11352,15:54:00.980,2013,-0.0168,1.6222
11353,15:54:00.981,2012,-0.0173,1.6214
11354,15:54:00.981,2012,-0.0173,1.6214
11355,15:54:00.982,2006,-0.0203,1.6166
11356,15:54:00.982,2003,-0.0217,1.6141
11357,15:54:00.983,2003,-0.0217,1.6141
11358,15:54:00.983,2007,-0.0198,1.6174
11359,15:54:00.984,2012,-0.0173,1.6214
11360,15:54:00.984,2015,-0.0159,1.6238
11361,15:54:00.985,2017,-0.0149,1.6254
11362,15:54:00.985,2020,-0.0134,1.6278
11363,15:54:00.986,2022,-0.0125,1.6295
11364,15:54:00.986,2027,-0.0100,1.6335
11365,15:54:00.987,2031,-0.0081,1.6367
11366,15:54:00.987,2032,-0.0076,1.6375
11367,15:54:00.988,2038,-0.0046,1.6423
11368,15:54:00.988,2042,-0.0027,1.6456
11369,15:54:00.989,2036,-0.0056,1.6407
11370,15:54:00.989,2037,-0.0051,1.6415
11371,15:54:00.990,2034,-0.0066,1.6391
11372,15:54:00.990,2031,-0.0081,1.6367
11373,15:54:00.991,2024,-0.0115,1.6311
11374,15:54:00.991,2021,-0.0129,1.6286
11375,15:54:00.992,2023,-0.0120,1.6303
11376,15:54:00.992,2020,-0.0134,1.6278
11377,15:54:00.993,2017,-0.0149,1.6254
11378,15:54:00.993,2013,-0.0168,1.6222
11379,15:54:00.994,2009,-0.0188,1.6190
11380,15:54:00.994,2006,-0.0203,1.6166
11381,15:54:00.995,2005,-0.0208,1.6158
11382,15:54:00.995,2007,-0.0198,1.6174
11383,15:54:00.996,2007,-0.0198,1.6174
11384,15:54:00.996,2013,-0.0168,1.6222
11385,15:54:00.997,2016,-0.0154,1.6246
11386,15:54:00.997,2015,-0.0159,1.6238
11387,15:54:00.998,2020,-0.0134,1.6278
11388,15:54:00.998,2023,-0.0120,1.6303
11389,15:54:00.999,2022,-0.0125,1.6295
11390,15:54:00.999,2033,-0.0071,1.6383
11391,15:54:01.000,2040,-0.0037,1.6440
11392,15:54:01.000,2040,-0.0037,1.6440
11393,15:54:01.001,2037,-0.0051,1.6415
11394,15:54:01.001,2036,-0.0056,1.6407
11395,15:54:01.002,2034,-0.0066,1.6391
11396,15:54:01.002,2034,-0.0066,1.6391
11397,15:54:01.003,2034,-0.0066,1.6391
11398,15:54:01.003,2027,-0.0100,1.6335
11399,15:54:01.004,2022,-0.0125,1.6295
11400,15:54:01.004,2018,-0.0144,1.6262
11401,15:54:01.005,2018,-0.0144,1.6262
11402,15:54:01.005,2019,-0.0139,1.6270
11403,15:54:01.006,2011,-0.0178,1.6206
11404,15:54:01.006,2007,-0.0198,1.6174
11405,15:54:01.007,2004,-0.0212,1.6149
11406,15:54:01.007,2003,-0.0217,1.6141
11407,15:54:01.008,2006,-0.0203,1.6166
11408,15:54:01.008,2005,-0.0208,1.6158
11409,15:54:01.009,2011,-0.0178,1.6206
11410,15:54:01.009,2014,-0.0164,1.6230
11411,15:54:01.010,2018,-0.0144,1.6262
11412,15:54:01.010,2019,-0.0139,1.6270
11413,15:54:01.011,2022,-0.0125,1.6295
11414,15:54:01.011,2027,-0.0100,1.6335
11415,15:54:01.012,2029,-0.0090,1.6351
11416,15:54:01.012,2033,-0.0071,1.6383
11417,15:54:01.013,2038,-0.0046,1.6423
11418,15:54:01.013,2036,-0.0056,1.6407
11419,15:54:01.014,2036,-0.0056,1.6407
11420,15:54:01.014,2036,-0.0056,1.6407
11421,15:54:01.015,2035,-0.0061,1.6399
11422,15:54:01.015,2031,-0.0081,1.6367
11423,15:54:01.016,2030,-0.0085,1.6359
11424,15:54:01.016,2023,-0.0120,1.6303
11425,15:54:01.017,2023,-0.0120,1.6303
11426,15:54:01.017,2017,-0.0149,1.6254
11427,15:54:01.018,2016,-0.0154,1.6246
11428,15:54:01.018,2012,-0.0173,1.6214
11429,15:54:01.019,2004,-0.0212,1.6149
11430,15:54:01.019,2007,-0.0198,1.6174
11431,15:54:01.020,2005,-0.0208,1.6158
11432,15:54:01.020,2005,-0.0208,1.6158
11433,15:54:01.021,2008,-0.0193,1.6182
11434,15:54:01.021,2013,-0.0168,1.6222
11435,15:54:01.022,2019,-0.0139,1.6270
11436,15:54:01.022,2019,-0.0139,1.6270
11437,15:54:01.023,2020,-0.0134,1.6278
11438,15:54:01.023,2022,-0.0125,1.6295
11439,15:54:01.024,2029,-0.0090,1.6351
11440,15:54:01.024,2029,-0.0090,1.6351
11441,15:54:01.025,2035,-0.0061,1.6399
11442,15:54:01.025,2039,-0.0042,1.6432
11443,15:54:01.026,2037,-0.0051,1.6415
11444,15:54:01.026,2039,-0.0042,1.6432
11445,15:54:01.027,2039,-0.0042,1.6432
11446,15:54:01.027,2032,-0.0076,1.6375
11447,15:54:01.028,2031,-0.0081,1.6367
11448,15:54:01.028,2028,-0.0095,1.6343
11449,15:54:01.029,2022,-0.0125,1.6295
11450,15:54:01.029,2022,-0.0125,1.6295
11451,15:54:01.030,2017,-0.0149,1.6254
11452,15:54:01.030,2015,-0.0159,1.6238
11453,15:54:01.031,2013,-0.0168,1.6222
11454,15:54:01.031,2012,-0.0173,1.6214
11455,15:54:01.032,2006,-0.0203,1.6166
11456,15:54:01.032,2004,-0.0212,1.6149
11457,15:54:01.033,2005,-0.0208,1.6158
11458,15:54:01.033,2009,-0.0188,1.6190
11459,15:54:01.034,2012,-0.0173,1.6214
11460,15:54:01.034,2016,-0.0154,1.6246
11461,15:54:01.035,2022,-0.0125,1.6295
11462,15:54:01.035,2025,-0.0110,1.6319
11463,15:54:01.036,2021,-0.0129,1.6286
11464,15:54:01.036,2028,-0.0095,1.6343
11465,15:54:01.037,2035,-0.0061,1.6399
11466,15:54:01.037,2034,-0.0066,1.6391
11467,15:54:01.038,2036,-0.0056,1.6407
11468,15:54:01.038,2038,-0.0046,1.6423
11469,15:54:01.039,2036,-0.0056,1.6407
11470,15:54:01.039,2034,-0.0066,1.6391
11471,15:54:01.040,2034,-0.0066,1.6391
11472,15:54:01.040,2029,-0.0090,1.6351
11473,15:54:01.041,2028,-0.0095,1.6343
11474,15:54:01.041,2024,-0.0115,1.6311
11475,15:54:01.042,2019,-0.0139,1.6270
11476,15:54:01.042,2019,-0.0139,1.6270
11477,15:54:01.043,2014,-0.0164,1.6230
11478,15:54:01.043,2012,-0.0173,1.6214
11479,15:54:01.044,2007,-0.0198,1.6174
11480,15:54:01.044,2006,-0.0203,1.6166
11481,15:54:01.045,2002,-0.0222,1.6133
11482,15:54:01.045,2007,-0.0198,1.6174
11483,15:54:01.046,2012,-0.0173,1.6214
11484,15:54:01.046,2010,-0.0183,1.6198
11485,15:54:01.047,2016,-0.0154,1.6246
11486,15:54:01.047,2016,-0.0154,1.6246
11487,15:54:01.048,2022,-0.0125,1.6295
11488,15:54:01.048,2026,-0.0105,1.6327
11489,15:54:01.049,2029,-0.0090,1.6351
11490,15:54:01.049,2036,-0.0056,1.6407
11491,15:54:01.050,2044,-0.0017,1.6472
11492,15:54:01.050,2038,-0.0046,1.6423
11493,15:54:01.051,2042,-0.0027,1.6456
11494,15:54:01.051,2038,-0.0046,1.6423
11495,15:54:01.052,2037,-0.0051,1.6415
11496,15:54:01.052,2032,-0.0076,1.6375
11497,15:54:01.053,2035,-0.0061,1.6399
11498,15:54:01.053,2028,-0.0095,1.6343
11499,15:54:01.054,2023,-0.0120,1.6303
11500,15:54:01.054,2025,-0.0110,1.6319
11501,15:54:01.055,2020,-0.0134,1.6278
11502,15:54:01.055,2018,-0.0144,1.6262
11503,15:54:01.056,2010,-0.0183,1.6198
11504,15:54:01.056,2010,-0.0183,1.6198
11505,15:54:01.057,2005,-0.0208,1.6158
11506,15:54:01.057,2004,-0.0212,1.6149
11507,15:54:01.058,2003,-0.0217,1.6141
11508,15:54:01.058,2008,-0.0193,1.6182
11509,15:54:01.059,2013,-0.0168,1.6222
11510,15:54:01.059,2014,-0.0164,1.6230
11511,15:54:01.060,2017,-0.0149,1.6254
11512,15:54:01.060,2020,-0.0134,1.6278
11513,15:54:01.061,2021,-0.0129,1.6286
11514,15:54:01.061,2026,-0.0105,1.6327
11515,15:54:01.062,2033,-0.0071,1.6383
11516,15:54:01.062,2037,-0.0051,1.6415
11517,15:54:01.063,2038,-0.0046,1.6423
11518,15:54:01.063,2038,-0.0046,1.6423
11519,15:54:01.064,2035,-0.0061,1.6399
11520,15:54:01.064,2033,-0.0071,1.6383
11521,15:54:01.065,2031,-0.0081,1.6367
11522,15:54:01.065,2031,-0.0081,1.6367
11523,15:54:01.066,2029,-0.0090,1.6351
11524,15:54:01.066,2025,-0.0110,1.6319
11525,15:54:01.067,2024,-0.0115,1.6311
11526,15:54:01.067,2020,-0.0134,1.6278
11527,15:54:01.068,2018,-0.0144,1.6262
11528,15:54:01.068,2014,-0.0164,1.6230
11529,15:54:01.069,2009,-0.0188,1.6190
11530,15:54:01.069,2007,-0.0198,1.6174
11531,15:54:01.070,2005,-0.0208,1.6158
11532,15:54:01.070,2007,-0.0198,1.6174
11533,15:54:01.071,2011,-0.0178,1.6206
11534,15:54:01.071,2017,-0.0149,1.6254
11535,15:54:01.072,2019,-0.0139,1.6270
11536,15:54:01.072,2016,-0.0154,1.6246
11537,15:54:01.073,2019,-0.0139,1.6270
11538,15:54:01.073,2025,-0.0110,1.6319
11539,15:54:01.074,2028,-0.0095,1.6343
11540,15:54:01.074,2032,-0.0076,1.6375
11541,15:54:01.075,2037,-0.0051,1.6415
11542,15:54:01.075,2037,-0.0051,1.6415
11543,15:54:01.076,2042,-0.0027,1.6456
11544,15:54:01.076,2035,-0.0061,1.6399
11545,15:54:01.077,2036,-0.0056,1.6407
11546,15:54:01.077,2034,-0.0066,1.6391
11547,15:54:01.078,2028,-0.0095,1.6343
11548,15:54:01.078,2027,-0.0100,1.6335
11549,15:54:01.079,2023,-0.0120,1.6303
11550,15:54:01.079,2019,-0.0139,1.6270
11551,15:54:01.080,2020,-0.0134,1.6278
11552,15:54:01.080,2017,-0.0149,1.6254
11553,15:54:01.081,2009,-0.0188,1.6190
11554,15:54:01.081,2007,-0.0198,1.6174
11555,15:54:01.082,2005,-0.0208,1.6158
11556,15:54:01.082,2003,-0.0217,1.6141
11557,15:54:01.083,2005,-0.0208,1.6158
11558,15:54:01.083,2009,-0.0188,1.6190
11559,15:54:01.084,2016,-0.0154,1.6246
11560,15:54:01.084,2018,-0.0144,1.6262
11561,15:54:01.085,2016,-0.0154,1.6246
11562,15:54:01.085,2022,-0.0125,1.6295
11563,15:54:01.086,2023,-0.0120,1.6303
11564,15:54:01.086,2025,-0.0110,1.6319
11565,15:54:01.087,2032,-0.0076,1.6375
11566,15:54:01.087,2036,-0.0056,1.6407
11567,15:54:01.088,2035,-0.0061,1.6399
11568,15:54:01.088,2040,-0.0037,1.6440
11569,15:54:01.089,2035,-0.0061,1.6399
11570,15:54:01.089,2036,-0.0056,1.6407
11571,15:54:01.090,2034,-0.0066,1.6391
11572,15:54:01.090,2025,-0.0110,1.6319
11573,15:54:01.091,2026,-0.0105,1.6327
11574,15:54:01.091,2023,-0.0120,1.6303
11575,15:54:01.092,2019,-0.0139,1.6270
11576,15:54:01.092,2020,-0.0134,1.6278
11577,15:54:01.093,2013,-0.0168,1.6222
11578,15:54:01.093,2014,-0.0164,1.6230
11579,15:54:01.094,2007,-0.0198,1.6174
11580,15:54:01.094,2006,-0.0203,1.6166
11581,15:54:01.095,2005,-0.0208,1.6158
11582,15:54:01.095,2005,-0.0208,1.6158
11583,15:54:01.096,2009,-0.0188,1.6190
11584,15:54:01.096,2013,-0.0168,1.6222
11585,15:54:01.097,2015,-0.0159,1.6238
11586,15:54:01.097,2018,-0.0144,1.6262
11587,15:54:01.098,2022,-0.0125,1.6295
11588,15:54:01.098,2024,-0.0115,1.6311
11589,15:54:01.099,2030,-0.0085,1.6359
11590,15:54:01.099,2033,-0.0071,1.6383
11591,15:54:01.100,2037,-0.0051,1.6415
11592,15:54:01.100,2038,-0.0046,1.6423
11593,15:54:01.101,2037,-0.0051,1.6415
11594,15:54:01.101,2040,-0.0037,1.6440
11595,15:54:01.102,2036,-0.0056,1.6407
11596,15:54:01.102,2033,-0.0071,1.6383
11597,15:54:01.103,2027,-0.0100,1.6335
11598,15:54:01.103,2029,-0.0090,1.6351
11599,15:54:01.104,2022,-0.0125,1.6295
11600,15:54:01.104,2024,-0.0115,1.6311
11601,15:54:01.105,2020,-0.0134,1.6278
11602,15:54:01.105,2014,-0.0164,1.6230
11603,15:54:01.106,2014,-0.0164,1.6230
11604,15:54:01.106,2007,-0.0198,1.6174
11605,15:54:01.107,2003,-0.0217,1.6141
11606,15:54:01.107,2007,-0.0198,1.6174
11607,15:54:01.108,2003,-0.0217,1.6141
11608,15:54:01.108,2009,-0.0188,1.6190
11609,15:54:01.109,2014,-0.0164,1.6230
11610,15:54:01.109,2015,-0.0159,1.6238
11611,15:54:01.110,2018,-0.0144,1.6262
11612,15:54:01.110,2022,-0.0125,1.6295
11613,15:54:01.111,2026,-0.0105,1.6327
11614,15:54:01.111,2030,-0.0085,1.6359
11615,15:54:01.112,2036,-0.0056,1.6407
11616,15:54:01.112,2038,-0.0046,1.6423
11617,15:54:01.113,2039,-0.0042,1.6432
11618,15:54:01.113,2039,-0.0042,1.6432
11619,15:54:01.114,2037,-0.0051,1.6415
11620,15:54:01.114,2035,-0.0061,1.6399
11621,15:54:01.115,2031,-0.0081,1.6367
11622,15:54:01.115,2027,-0.0100,1.6335
11623,15:54:01.116,2030,-0.0085,1.6359
11624,15:54:01.116,2024,-0.0115,1.6311
11625,15:54:01.117,2024,-0.0115,1.6311
11626,15:54:01.117,2017,-0.0149,1.6254
11627,15:54:01.118,2018,-0.0144,1.6262
11628,15:54:01.118,2012,-0.0173,1.6214
11629,15:54:01.119,2006,-0.0203,1.6166
11630,15:54:01.119,2004,-0.0212,1.6149
11631,15:54:01.120,2006,-0.0203,1.6166
11632,15:54:01.120,2007,-0.0198,1.6174
11633,15:54:01.121,2010,-0.0183,1.6198
11634,15:54:01.121,2015,-0.0159,1.6238
11635,15:54:01.122,2015,-0.0159,1.6238
11636,15:54:01.122,2021,-0.0129,1.6286
11637,15:54:01.123,2021,-0.0129,1.6286
11638,15:54:01.123,2023,-0.0120,1.6303
11639,15:54:01.124,2033,-0.0071,1.6383
11640,15:54:01.124,2034,-0.0066,1.6391
11641,15:54:01.125,2038,-0.0046,1.6423
11642,15:54:01.125,2041,-0.0032,1.6448
11643,15:54:01.126,2038,-0.0046,1.6423
11644,15:54:01.126,2036,-0.0056,1.6407
11645,15:54:01.127,2038,-0.0046,1.6423
11646,15:54:01.127,2031,-0.0081,1.6367
11647,15:54:01.128,2031,-0.0081,1.6367
11648,15:54:01.128,2028,-0.0095,1.6343
11649,15:54:01.129,2020,-0.0134,1.6278
11650,15:54:01.129,2020,-0.0134,1.6278
11651,15:54:01.130,2015,-0.0159,1.6238
11652,15:54:01.130,2015,-0.0159,1.6238
11653,15:54:01.131,2010,-0.0183,1.6198
11654,15:54:01.131,2008,-0.0193,1.6182
11655,15:54:01.132,2008,-0.0193,1.6182
11656,15:54:01.132,2002,-0.0222,1.6133
11657,15:54:01.133,2006,-0.0203,1.6166
11658,15:54:01.133,2014,-0.0164,1.6230
11659,15:54:01.134,2015,-0.0159,1.6238
11660,15:54:01.134,2018,-0.0144,1.6262
11661,15:54:01.135,2017,-0.0149,1.6254
11662,15:54:01.135,2025,-0.0110,1.6319
11663,15:54:01.136,2026,-0.0105,1.6327
11664,15:54:01.136,2027,-0.0100,1.6335
11665,15:54:01.137,2033,-0.0071,1.6383
11666,15:54:01.137,2035,-0.0061,1.6399
11667,15:54:01.138,2039,-0.0042,1.6432
11668,15:54:01.138,2037,-0.0051,1.6415
11669,15:54:01.139,2034,-0.0066,1.6391
11670,15:54:01.139,2029,-0.0090,1.6351
11671,15:54:01.140,2033,-0.0071,1.6383
11672,15:54:01.140,2021,-0.0129,1.6286
11673,15:54:01.141,2028,-0.0095,1.6343
11674,15:54:01.141,2022,-0.0125,1.6295
11675,15:54:01.142,2022,-0.0125,1.6295
11676,15:54:01.142,2016,-0.0154,1.6246
11677,15:54:01.143,2017,-0.0149,1.6254
11678,15:54:01.143,2006,-0.0203,1.6166
11679,15:54:01.144,2008,-0.0193,1.6182
11680,15:54:01.144,2006,-0.0203,1.6166
11681,15:54:01.145,2007,-0.0198,1.6174
11682,15:54:01.145,2010,-0.0183,1.6198
11683,15:54:01.146,2013,-0.0168,1.6222
11684,15:54:01.146,2014,-0.0164,1.6230
11685,15:54:01.147,2015,-0.0159,1.6238
11686,15:54:01.147,2019,-0.0139,1.6270
11687,15:54:01.148,2022,-0.0125,1.6295
11688,15:54:01.148,2024,-0.0115,1.6311
11689,15:54:01.149,2039,-0.0042,1.6432
11690,15:54:01.149,2038,-0.0046,1.6423
11691,15:54:01.150,2037,-0.0051,1.6415
11692,15:54:01.150,2041,-0.0032,1.6448
11693,15:54:01.151,2041,-0.0032,1.6448
11694,15:54:01.151,2037,-0.0051,1.6415
11695,15:54:01.152,2038,-0.0046,1.6423
11696,15:54:01.152,2030,-0.0085,1.6359
11697,15:54:01.153,2028,-0.0095,1.6343
11698,15:54:01.153,2026,-0.0105,1.6327
11699,15:54:01.154,2025,-0.0110,1.6319
11700,15:54:01.154,2016,-0.0154,1.6246
11701,15:54:01.155,2022,-0.0125,1.6295
11702,15:54:01.155,2012,-0.0173,1.6214
11703,15:54:01.156,2011,-0.0178,1.6206
11704,15:54:01.156,2006,-0.0203,1.6166
11705,15:54:01.157,2003,-0.0217,1.6141
11706,15:54:01.157,2010,-0.0183,1.6198
11707,15:54:01.158,2008,-0.0193,1.6182
11708,15:54:01.158,2013,-0.0168,1.6222
11709,15:54:01.159,2015,-0.0159,1.6238
11710,15:54:01.159,2019,-0.0139,1.6270
11711,15:54:01.160,2019,-0.0139,1.6270
11712,15:54:01.160,2024,-0.0115,1.6311
11713,15:54:01.161,2027,-0.0100,1.6335
11714,15:54:01.161,2031,-0.0081,1.6367
11715,15:54:01.162,2034,-0.0066,1.6391
11716,15:54:01.162,2039,-0.0042,1.6432
11717,15:54:01.163,2034,-0.0066,1.6391
11718,15:54:01.163,2038,-0.0046,1.6423
11719,15:54:01.164,2033,-0.0071,1.6383
11720,15:54:01.164,2036,-0.0056,1.6407
11721,15:54:01.165,2035,-0.0061,1.6399
11722,15:54:01.165,2031,-0.0081,1.6367
11723,15:54:01.166,2026,-0.0105,1.6327
11724,15:54:01.166,2023,-0.0120,1.6303
11725,15:54:01.167,2022,-0.0125,1.6295
11726,15:54:01.167,2017,-0.0149,1.6254
11727,15:54:01.168,2015,-0.0159,1.6238
11728,15:54:01.168,2012,-0.0173,1.6214
11729,15:54:01.169,2006,-0.0203,1.6166
11730,15:54:01.169,2006,-0.0203,1.6166
11731,15:54:01.170,2009,-0.0188,1.6190
11732,15:54:01.170,2008,-0.0193,1.6182
11733,15:54:01.171,2007,-0.0198,1.6174
11734,15:54:01.171,2015,-0.0159,1.6238
11735,15:54:01.172,2020,-0.0134,1.6278
11736,15:54:01.172,2016,-0.0154,1.6246
11737,15:54:01.173,2023,-0.0120,1.6303
11738,15:54:01.173,2025,-0.0110,1.6319
11739,15:54:01.174,2032,-0.0076,1.6375
11740,15:54:01.174,2035,-0.0061,1.6399
11741,15:54:01.175,2042,-0.0027,1.6456
11742,15:54:01.175,2036,-0.0056,1.6407
11743,15:54:01.176,2034,-0.0066,1.6391
11744,15:54:01.176,2032,-0.0076,1.6375
11745,15:54:01.177,2033,-0.0071,1.6383
11746,15:54:01.177,2030,-0.0085,1.6359
11747,15:54:01.178,2032,-0.0076,1.6375
11748,15:54:01.178,2027,-0.0100,1.6335
11749,15:54:01.179,2026,-0.0105,1.6327
11750,15:54:01.179,2026,-0.0105,1.6327
11751,15:54:01.180,2018,-0.0144,1.6262
11752,15:54:01.180,2014,-0.0164,1.6230
11753,15:54:01.181,2011,-0.0178,1.6206
11754,15:54:01.181,2004,-0.0212,1.6149
11755,15:54:01.182,2002,-0.0222,1.6133
11756,15:54:01.182,2011,-0.0178,1.6206
11757,15:54:01.183,2012,-0.0173,1.6214
11758,15:54:01.183,2012,-0.0173,1.6214
11759,15:54:01.184,2018,-0.0144,1.6262
11760,15:54:01.184,2018,-0.0144,1.6262
11761,15:54:01.185,2021,-0.0129,1.6286
11762,15:54:01.185,2025,-0.0110,1.6319
11763,15:54:01.186,2028,-0.0095,1.6343
11764,15:54:01.186,2034,-0.0066,1.6391
11765,15:54:01.187,2038,-0.0046,1.6423
11766,15:54:01.187,2039,-0.0042,1.6432
11767,15:54:01.188,2035,-0.0061,1.6399
11768,15:54:01.188,2039,-0.0042,1.6432
11769,15:54:01.189,2038,-0.0046,1.6423
11770,15:54:01.189,2033,-0.0071,1.6383
11771,15:54:01.190,2032,-0.0076,1.6375
11772,15:54:01.190,2028,-0.0095,1.6343
11773,15:54:01.191,2026,-0.0105,1.6327
11774,15:54:01.191,2023,-0.0120,1.6303
11775,15:54:01.192,2021,-0.0129,1.6286
11776,15:54:01.192,2013,-0.0168,1.6222
11777,15:54:01.193,2014,-0.0164,1.6230
11778,15:54:01.193,2007,-0.0198,1.6174
11779,15:54:01.194,2011,-0.0178,1.6206
11780,15:54:01.194,2002,-0.0222,1.6133
11781,15:54:01.195,2009,-0.0188,1.6190
11782,15:54:01.195,2005,-0.0208,1.6158
11783,15:54:01.196,2014,-0.0164,1.6230
11784,15:54:01.196,2013,-0.0168,1.6222
11785,15:54:01.197,2012,-0.0173,1.6214
11786,15:54:01.197,2019,-0.0139,1.6270
11787,15:54:01.198,2023,-0.0120,1.6303
11788,15:54:01.198,2027,-0.0100,1.6335
11789,15:54:01.199,2034,-0.0066,1.6391
11790,15:54:01.199,2037,-0.0051,1.6415
11791,15:54:01.200,2036,-0.0056,1.6407
11792,15:54:01.200,2036,-0.0056,1.6407
11793,15:54:01.201,2038,-0.0046,1.6423
11794,15:54:01.201,2031,-0.0081,1.6367
11795,15:54:01.202,2035,-0.0061,1.6399
11796,15:54:01.202,2033,-0.0071,1.6383
11797,15:54:01.203,2026,-0.0105,1.6327
11798,15:54:01.203,2026,-0.0105,1.6327
11799,15:54:01.204,2020,-0.0134,1.6278
11800,15:54:01.204,2019,-0.0139,1.6270
11801,15:54:01.205,2018,-0.0144,1.6262
11802,15:54:01.205,2018,-0.0144,1.6262
11803,15:54:01.206,2012,-0.0173,1.6214
11804,15:54:01.206,2006,-0.0203,1.6166
11805,15:54:01.207,2005,-0.0208,1.6158
11806,15:54:01.207,2005,-0.0208,1.6158
11807,15:54:01.208,2009,-0.0188,1.6190
11808,15:54:01.208,2014,-0.0164,1.6230
11809,15:54:01.209,2015,-0.0159,1.6238
11810,15:54:01.209,2016,-0.0154,1.6246
11811,15:54:01.210,2022,-0.0125,1.6295
11812,15:54:01.210,2023,-0.0120,1.6303
11813,15:54:01.211,2027,-0.0100,1.6335
11814,15:54:01.211,2033,-0.0071,1.6383
11815,15:54:01.212,2035,-0.0061,1.6399
11816,15:54:01.212,2040,-0.0037,1.6440
11817,15:54:01.213,2037,-0.0051,1.6415
11818,15:54:01.213,2035,-0.0061,1.6399
11819,15:54:01.214,2038,-0.0046,1.6423
11820,15:54:01.214,2029,-0.0090,1.6351
11821,15:54:01.215,2028,-0.0095,1.6343
11822,15:54:01.215,2028,-0.0095,1.6343
11823,15:54:01.216,2023,-0.0120,1.6303
11824,15:54:01.216,2021,-0.0129,1.6286
11825,15:54:01.217,2022,-0.0125,1.6295
11826,15:54:01.217,2018,-0.0144,1.6262
11827,15:54:01.218,2011,-0.0178,1.6206
11828,15:54:01.218,2007,-0.0198,1.6174
11829,15:54:01.219,2004,-0.0212,1.6149
11830,15:54:01.219,2005,-0.0208,1.6158
11831,15:54:01.220,2010,-0.0183,1.6198
11832,15:54:01.220,2010,-0.0183,1.6198
11833,15:54:01.221,2012,-0.0173,1.6214
11834,15:54:01.221,2019,-0.0139,1.6270
11835,15:54:01.222,2019,-0.0139,1.6270
11836,15:54:01.222,2022,-0.0125,1.6295
11837,15:54:01.223,2024,-0.0115,1.6311
11838,15:54:01.223,2030,-0.0085,1.6359
11839,15:54:01.224,2033,-0.0071,1.6383
11840,15:54:01.224,2038,-0.0046,1.6423
11841,15:54:01.225,2037,-0.0051,1.6415
11842,15:54:01.225,2038,-0.0046,1.6423
11843,15:54:01.226,2036,-0.0056,1.6407
11844,15:54:01.226,2030,-0.0085,1.6359
11845,15:54:01.227,2033,-0.0071,1.6383
11846,15:54:01.227,2031,-0.0081,1.6367
11847,15:54:01.228,2025,-0.0110,1.6319
11848,15:54:01.228,2026,-0.0105,1.6327
11849,15:54:01.229,2020,-0.0134,1.6278
11850,15:54:01.229,2019,-0.0139,1.6270
11851,15:54:01.230,2013,-0.0168,1.6222
11852,15:54:01.230,2013,-0.0168,1.6222
11853,15:54:01.231,2013,-0.0168,1.6222
11854,15:54:01.231,2001,-0.0227,1.6125
11855,15:54:01.232,2007,-0.0198,1.6174
11856,15:54:01.232,2007,-0.0198,1.6174
11857,15:54:01.233,2011,-0.0178,1.6206
11858,15:54:01.233,2013,-0.0168,1.6222
11859,15:54:01.234,2021,-0.0129,1.6286
11860,15:54:01.234,2023,-0.0120,1.6303
11861,15:54:01.235,2019,-0.0139,1.6270
11862,15:54:01.235,2026,-0.0105,1.6327
11863,15:54:01.236,2029,-0.0090,1.6351
11864,15:54:01.236,2036,-0.0056,1.6407
11865,15:54:01.237,2039,-0.0042,1.6432
11866,15:54:01.237,2036,-0.0056,1.6407
11867,15:54:01.238,2036,-0.0056,1.6407
11868,15:54:01.238,2040,-0.0037,1.6440
11869,15:54:01.239,2035,-0.0061,1.6399
11870,15:54:01.239,2037,-0.0051,1.6415
11871,15:54:01.240,2033,-0.0071,1.6383
11872,15:54:01.240,2032,-0.0076,1.6375
11873,15:54:01.241,2022,-0.0125,1.6295
11874,15:54:01.241,2022,-0.0125,1.6295
11875,15:54:01.242,2020,-0.0134,1.6278
11876,15:54:01.242,2016,-0.0154,1.6246
11877,15:54:01.243,2012,-0.0173,1.6214
11878,15:54:01.243,2009,-0.0188,1.6190
11879,15:54:01.244,2007,-0.0198,1.6174
11880,15:54:01.244,2007,-0.0198,1.6174
11881,15:54:01.245,2009,-0.0188,1.6190
11882,15:54:01.245,2011,-0.0178,1.6206
11883,15:54:01.246,2015,-0.0159,1.6238
11884,15:54:01.246,2019,-0.0139,1.6270
11885,15:54:01.247,2016,-0.0154,1.6246
11886,15:54:01.247,2022,-0.0125,1.6295
11887,15:54:01.248,2024,-0.0115,1.6311
11888,15:54:01.248,2029,-0.0090,1.6351
11889,15:54:01.249,2033,-0.0071,1.6383
11890,15:54:01.249,2039,-0.0042,1.6432
11891,15:54:01.250,2038,-0.0046,1.6423
11892,15:54:01.250,2038,-0.0046,1.6423
11893,15:54:01.251,2035,-0.0061,1.6399
11894,15:54:01.251,2036,-0.0056,1.6407
11895,15:54:01.252,2033,-0.0071,1.6383
11896,15:54:01.252,2030,-0.0085,1.6359
11897,15:54:01.253,2028,-0.0095,1.6343
11898,15:54:01.253,2023,-0.0120,1.6303
11899,15:54:01.254,2017,-0.0149,1.6254
11900,15:54:01.254,2020,-0.0134,1.6278
11901,15:54:01.255,2016,-0.0154,1.6246
11902,15:54:01.255,2008,-0.0193,1.6182
11903,15:54:01.256,2009,-0.0188,1.6190
11904,15:54:01.256,2005,-0.0208,1.6158
11905,15:54:01.257,2004,-0.0212,1.6149
11906,15:54:01.257,2006,-0.0203,1.6166
11907,15:54:01.258,2011,-0.0178,1.6206
11908,15:54:01.258,2015,-0.0159,1.6238
11909,15:54:01.259,2023,-0.0120,1.6303
11910,15:54:01.259,2013,-0.0168,1.6222
11911,15:54:01.260,2019,-0.0139,1.6270
11912,15:54:01.260,2023,-0.0120,1.6303
11913,15:54:01.261,2028,-0.0095,1.6343
11914,15:54:01.261,2036,-0.0056,1.6407
11915,15:54:01.262,2036,-0.0056,1.6407
11916,15:54:01.262,2036,-0.0056,1.6407
11917,15:54:01.263,2038,-0.0046,1.6423
11918,15:54:01.263,2038,-0.0046,1.6423
11919,15:54:01.264,2033,-0.0071,1.6383
11920,15:54:01.264,2032,-0.0076,1.6375
11921,15:54:01.265,2032,-0.0076,1.6375
11922,15:54:01.265,2026,-0.0105,1.6327
11923,15:54:01.266,2023,-0.0120,1.6303
11924,15:54:01.266,2021,-0.0129,1.6286
11925,15:54:01.267,2018,-0.0144,1.6262
11926,15:54:01.267,2014,-0.0164,1.6230
11927,15:54:01.268,2011,-0.0178,1.6206
11928,15:54:01.268,2012,-0.0173,1.6214
11929,15:54:01.269,2008,-0.0193,1.6182
11930,15:54:01.269,2002,-0.0222,1.6133
11931,15:54:01.270,2011,-0.0178,1.6206
11932,15:54:01.270,2009,-0.0188,1.6190
11933,15:54:01.271,2013,-0.0168,1.6222
11934,15:54:01.271,2015,-0.0159,1.6238
11935,15:54:01.272,2018,-0.0144,1.6262
11936,15:54:01.272,2021,-0.0129,1.6286
11937,15:54:01.273,2027,-0.0100,1.6335
11938,15:54:01.273,2029,-0.0090,1.6351
11939,15:54:01.274,2039,-0.0042,1.6432
11940,15:54:01.274,2040,-0.0037,1.6440
11941,15:54:01.275,2033,-0.0071,1.6383
11942,15:54:01.275,2034,-0.0066,1.6391
11943,15:54:01.276,2040,-0.0037,1.6440
11944,15:54:01.276,2033,-0.0071,1.6383
11945,15:54:01.277,2031,-0.0081,1.6367
11946,15:54:01.277,2028,-0.0095,1.6343
11947,15:54:01.278,2027,-0.0100,1.6335
11948,15:54:01.278,2021,-0.0129,1.6286
11949,15:54:01.279,2018,-0.0144,1.6262
11950,15:54:01.279,2019,-0.0139,1.6270
11951,15:54:01.280,2012,-0.0173,1.6214
11952,15:54:01.280,2012,-0.0173,1.6214
11953,15:54:01.281,2008,-0.0193,1.6182
11954,15:54:01.281,2005,-0.0208,1.6158
11955,15:54:01.282,2007,-0.0198,1.6174
11956,15:54:01.282,2013,-0.0168,1.6222
11957,15:54:01.283,2012,-0.0173,1.6214
11958,15:54:01.283,2015,-0.0159,1.6238
11959,15:54:01.284,2016,-0.0154,1.6246
11960,15:54:01.284,2016,-0.0154,1.6246
11961,15:54:01.285,2019,-0.0139,1.6270
11962,15:54:01.285,2026,-0.0105,1.6327
11963,15:54:01.286,2031,-0.0081,1.6367
11964,15:54:01.286,2032,-0.0076,1.6375
11965,15:54:01.287,2037,-0.0051,1.6415
11966,15:54:01.287,2036,-0.0056,1.6407
11967,15:54:01.288,2036,-0.0056,1.6407
11968,15:54:01.288,2033,-0.0071,1.6383
11969,15:54:01.289,2032,-0.0076,1.6375
11970,15:54:01.289,2030,-0.0085,1.6359
11971,15:54:01.290,2029,-0.0090,1.6351
11972,15:54:01.290,2025,-0.0110,1.6319
11973,15:54:01.291,2023,-0.0120,1.6303
11974,15:54:01.291,2018,-0.0144,1.6262
11975,15:54:01.292,2017,-0.0149,1.6254
11976,15:54:01.292,2017,-0.0149,1.6254
11977,15:54:01.293,2012,-0.0173,1.6214
11978,15:54:01.293,2007,-0.0198,1.6174
11979,15:54:01.294,2008,-0.0193,1.6182
11980,15:54:01.294,2007,-0.0198,1.6174
11981,15:54:01.295,2013,-0.0168,1.6222
11982,15:54:01.295,2016,-0.0154,1.6246
11983,15:54:01.296,2016,-0.0154,1.6246
11984,15:54:01.296,2018,-0.0144,1.6262
11985,15:54:01.297,2022,-0.0125,1.6295
11986,15:54:01.297,2023,-0.0120,1.6303
11987,15:54:01.298,2029,-0.0090,1.6351
11988,15:54:01.298,2032,-0.0076,1.6375
11989,15:54:01.299,2040,-0.0037,1.6440
11990,15:54:01.299,2037,-0.0051,1.6415
11991,15:54:01.300,2039,-0.0042,1.6432
11992,15:54:01.300,2038,-0.0046,1.6423
11993,15:54:01.301,2041,-0.0032,1.6448
11994,15:54:01.301,2034,-0.0066,1.6391
11995,15:54:01.302,2034,-0.0066,1.6391
11996,15:54:01.302,2028,-0.0095,1.6343
11997,15:54:01.303,2026,-0.0105,1.6327
11998,15:54:01.303,2024,-0.0115,1.6311
11999,15:54:01.304,2021,-0.0129,1.6286
12000,15:54:01.304,2015,-0.0159,1.6238
12001,15:54:01.305,2013,-0.0168,1.6222
12002,15:54:01.305,2004,-0.0212,1.6149
12003,15:54:01.306,2001,-0.0227,1.6125
12004,15:54:01.306,2004,-0.0212,1.6149
12005,15:54:01.307,2007,-0.0198,1.6174
12006,15:54:01.307,2006,-0.0203,1.6166
12007,15:54:01.308,2010,-0.0183,1.6198
12008,15:54:01.308,2013,-0.0168,1.6222
12009,15:54:01.309,2017,-0.0149,1.6254
12010,15:54:01.309,2017,-0.0149,1.6254
12011,15:54:01.310,2020,-0.0134,1.6278
12012,15:54:01.310,2026,-0.0105,1.6327
12013,15:54:01.311,2028,-0.0095,1.6343
12014,15:54:01.311,2033,-0.0071,1.6383
12015,15:54:01.312,2035,-0.0061,1.6399
12016,15:54:01.312,2036,-0.0056,1.6407
12017,15:54:01.313,2037,-0.0051,1.6415
12018,15:54:01.313,2036,-0.0056,1.6407
12019,15:54:01.314,2034,-0.0066,1.6391
12020,15:54:01.314,2034,-0.0066,1.6391
12021,15:54:01.315,2031,-0.0081,1.6367
12022,15:54:01.315,2024,-0.0115,1.6311
12023,15:54:01.316,2025,-0.0110,1.6319
12024,15:54:01.316,2017,-0.0149,1.6254
12025,15:54:01.317,2017,-0.0149,1.6254
12026,15:54:01.317,2016,-0.0154,1.6246
12027,15:54:01.318,2013,-0.0168,1.6222
12028,15:54:01.318,2007,-0.0198,1.6174
12029,15:54:01.319,2006,-0.0203,1.6166
12030,15:54:01.319,2007,-0.0198,1.6174
12031,15:54:01.320,2008,-0.0193,1.6182
12032,15:54:01.320,2014,-0.0164,1.6230
12033,15:54:01.321,2013,-0.0168,1.6222
12034,15:54:01.321,2017,-0.0149,1.6254
12035,15:54:01.322,2019,-0.0139,1.6270
12036,15:54:01.322,2022,-0.0125,1.6295
12037,15:54:01.323,2031,-0.0081,1.6367
12038,15:54:01.323,2031,-0.0081,1.6367
12039,15:54:01.324,2035,-0.0061,1.6399
12040,15:54:01.324,2040,-0.0037,1.6440
12041,15:54:01.325,2039,-0.0042,1.6432
12042,15:54:01.325,2042,-0.0027,1.6456
12043,15:54:01.326,2035,-0.0061,1.6399
12044,15:54:01.326,2037,-0.0051,1.6415
12045,15:54:01.327,2030,-0.0085,1.6359
12046,15:54:01.327,2030,-0.0085,1.6359
12047,15:54:01.328,2024,-0.0115,1.6311
12048,15:54:01.328,2021,-0.0129,1.6286
12049,15:54:01.329,2022,-0.0125,1.6295
12050,15:54:01.329,2015,-0.0159,1.6238
12051,15:54:01.330,2016,-0.0154,1.6246
12052,15:54:01.330,2014,-0.0164,1.6230
12053,15:54:01.331,2005,-0.0208,1.6158
12054,15:54:01.331,2004,-0.0212,1.6149
12055,15:54:01.332,2004,-0.0212,1.6149
12056,15:54:01.332,2015,-0.0159,1.6238
12057,15:54:01.333,2010,-0.0183,1.6198
12058,15:54:01.333,2009,-0.0188,1.6190
12059,15:54:01.334,2018,-0.0144,1.6262
12060,15:54:01.334,2018,-0.0144,1.6262
12061,15:54:01.335,2017,-0.0149,1.6254
12062,15:54:01.335,2024,-0.0115,1.6311
12063,15:54:01.336,2032,-0.0076,1.6375
12064,15:54:01.336,2034,-0.0066,1.6391
12065,15:54:01.337,2036,-0.0056,1.6407
12066,15:54:01.337,2037,-0.0051,1.6415
12067,15:54:01.338,2037,-0.0051,1.6415
12068,15:54:01.338,2036,-0.0056,1.6407
12069,15:54:01.339,2031,-0.0081,1.6367
12070,15:54:01.339,2031,-0.0081,1.6367
12071,15:54:01.340,2027,-0.0100,1.6335
12072,15:54:01.340,2024,-0.0115,1.6311
12073,15:54:01.341,2025,-0.0110,1.6319
12074,15:54:01.341,2019,-0.0139,1.6270
12075,15:54:01.342,2014,-0.0164,1.6230
12076,15:54:01.342,2011,-0.0178,1.6206
12077,15:54:01.343,2011,-0.0178,1.6206
12078,15:54:01.343,2010,-0.0183,1.6198
12079,15:54:01.344,2007,-0.0198,1.6174
12080,15:54:01.344,2006,-0.0203,1.6166
12081,15:54:01.345,2012,-0.0173,1.6214
12082,15:54:01.345,2013,-0.0168,1.6222
12083,15:54:01.346,2016,-0.0154,1.6246
12084,15:54:01.346,2016,-0.0154,1.6246
12085,15:54:01.347,2018,-0.0144,1.6262
12086,15:54:01.347,2021,-0.0129,1.6286
12087,15:54:01.348,2024,-0.0115,1.6311
12088,15:54:01.348,2034,-0.0066,1.6391
12089,15:54:01.349,2036,-0.0056,1.6407
12090,15:54:01.349,2041,-0.0032,1.6448
12091,15:54:01.350,2037,-0.0051,1.6415
12092,15:54:01.350,2034,-0.0066,1.6391
12093,15:54:01.351,2034,-0.0066,1.6391
12094,15:54:01.351,2031,-0.0081,1.6367
12095,15:54:01.352,2034,-0.0066,1.6391
12096,15:54:01.352,2028,-0.0095,1.6343
12097,15:54:01.353,2025,-0.0110,1.6319
12098,15:54:01.353,2026,-0.0105,1.6327
12099,15:54:01.354,2021,-0.0129,1.6286
12100,15:54:01.354,2018,-0.0144,1.6262
12101,15:54:01.355,2012,-0.0173,1.6214
12102,15:54:01.355,2015,-0.0159,1.6238
12103,15:54:01.356,2005,-0.0208,1.6158
12104,15:54:01.356,2004,-0.0212,1.6149
12105,15:54:01.357,2007,-0.0198,1.6174
12106,15:54:01.357,2010,-0.0183,1.6198
12107,15:54:01.358,2012,-0.0173,1.6214
12108,15:54:01.358,2014,-0.0164,1.6230
12109,15:54:01.359,2010,-0.0183,1.6198
12110,15:54:01.359,2016,-0.0154,1.6246
12111,15:54:01.360,2021,-0.0129,1.6286
12112,15:54:01.360,2028,-0.0095,1.6343
12113,15:54:01.361,2033,-0.0071,1.6383
12114,15:54:01.361,2034,-0.0066,1.6391
12115,15:54:01.362,2032,-0.0076,1.6375
12116,15:54:01.362,2035,-0.0061,1.6399
12117,15:54:01.363,2033,-0.0071,1.6383
12118,15:54:01.363,2034,-0.0066,1.6391
12119,15:54:01.364,2034,-0.0066,1.6391
12120,15:54:01.364,2031,-0.0081,1.6367
12121,15:54:01.365,2028,-0.0095,1.6343
12122,15:54:01.365,2029,-0.0090,1.6351
12123,15:54:01.366,2020,-0.0134,1.6278
12124,15:54:01.366,2021,-0.0129,1.6286
12125,15:54:01.367,2018,-0.0144,1.6262
12126,15:54:01.367,2015,-0.0159,1.6238
12127,15:54:01.368,2011,-0.0178,1.6206
12128,15:54:01.368,2004,-0.0212,1.6149
12129,15:54:01.369,2009,-0.0188,1.6190
12130,15:54:01.369,2008,-0.0193,1.6182
12131,15:54:01.370,2014,-0.0164,1.6230
12132,15:54:01.370,2020,-0.0134,1.6278
12133,15:54:01.371,2015,-0.0159,1.6238
12134,15:54:01.371,2020,-0.0134,1.6278
12135,15:54:01.372,2022,-0.0125,1.6295
12136,15:54:01.372,2024,-0.0115,1.6311
12137,15:54:01.373,2031,-0.0081,1.6367
12138,15:54:01.373,2035,-0.0061,1.6399
12139,15:54:01.374,2039,-0.0042,1.6432
12140,15:54:01.374,2038,-0.0046,1.6423
12141,15:54:01.375,2040,-0.0037,1.6440
12142,15:54:01.375,2040,-0.0037,1.6440
12143,15:54:01.376,2034,-0.0066,1.6391
12144,15:54:01.376,2035,-0.0061,1.6399
12145,15:54:01.377,2030,-0.0085,1.6359
12146,15:54:01.377,2032,-0.0076,1.6375
12147,15:54:01.378,2024,-0.0115,1.6311
12148,15:54:01.378,2020,-0.0134,1.6278
12149,15:54:01.379,2018,-0.0144,1.6262
12150,15:54:01.379,2016,-0.0154,1.6246
12151,15:54:01.380,2012,-0.0173,1.6214
12152,15:54:01.380,2009,-0.0188,1.6190
12153,15:54:01.381,2007,-0.0198,1.6174
12154,15:54:01.381,2008,-0.0193,1.6182
12155,15:54:01.382,2012,-0.0173,1.6214
12156,15:54:01.382,2011,-0.0178,1.6206
12157,15:54:01.383,2016,-0.0154,1.6246
12158,15:54:01.383,2013,-0.0168,1.6222
12159,15:54:01.384,2017,-0.0149,1.6254
12160,15:54:01.384,2021,-0.0129,1.6286
12161,15:54:01.385,2022,-0.0125,1.6295
12162,15:54:01.385,2028,-0.0095,1.6343
12163,15:54:01.386,2033,-0.0071,1.6383
12164,15:54:01.386,2033,-0.0071,1.6383
12165,15:54:01.387,2035,-0.0061,1.6399
12166,15:54:01.387,2035,-0.0061,1.6399
12167,15:54:01.388,2033,-0.0071,1.6383
12168,15:54:01.388,2035,-0.0061,1.6399
12169,15:54:01.389,2032,-0.0076,1.6375
12170,15:54:01.389,2027,-0.0100,1.6335
12171,15:54:01.390,2030,-0.0085,1.6359
12172,15:54:01.390,2025,-0.0110,1.6319
12173,15:54:01.391,2020,-0.0134,1.6278
12174,15:54:01.391,2022,-0.0125,1.6295
12175,15:54:01.392,2015,-0.0159,1.6238
12176,15:54:01.392,2012,-0.0173,1.6214
12177,15:54:01.393,2009,-0.0188,1.6190
12178,15:54:01.393,2010,-0.0183,1.6198
12179,15:54:01.394,2007,-0.0198,1.6174
12180,15:54:01.394,2008,-0.0193,1.6182
12181,15:54:01.395,2017,-0.0149,1.6254
12182,15:54:01.395,2017,-0.0149,1.6254
12183,15:54:01.396,2015,-0.0159,1.6238
12184,15:54:01.396,2021,-0.0129,1.6286
12185,15:54:01.397,2020,-0.0134,1.6278
12186,15:54:01.397,2023,-0.0120,1.6303
12187,15:54:01.398,2036,-0.0056,1.6407
12188,15:54:01.398,2035,-0.0061,1.6399
12189,15:54:01.399,2034,-0.0066,1.6391
12190,15:54:01.399,2037,-0.0051,1.6415
12191,15:54:01.400,2038,-0.0046,1.6423
12192,15:54:01.400,2036,-0.0056,1.6407
12193,15:54:01.401,2034,-0.0066,1.6391
12194,15:54:01.401,2029,-0.0090,1.6351
12195,15:54:01.402,2030,-0.0085,1.6359
12196,15:54:01.402,2030,-0.0085,1.6359
12197,15:54:01.403,2023,-0.0120,1.6303
12198,15:54:01.403,2020,-0.0134,1.6278
12199,15:54:01.404,2020,-0.0134,1.6278
12200,15:54:01.404,2018,-0.0144,1.6262
12201,15:54:01.405,2015,-0.0159,1.6238
12202,15:54:01.405,2008,-0.0193,1.6182
12203,15:54:01.406,2007,-0.0198,1.6174
12204,15:54:01.406,2006,-0.0203,1.6166
12205,15:54:01.407,2005,-0.0208,1.6158
12206,15:54:01.407,2012,-0.0173,1.6214
12207,15:54:01.408,2014,-0.0164,1.6230
12208,15:54:01.408,2016,-0.0154,1.6246
12209,15:54:01.409,2017,-0.0149,1.6254
12210,15:54:01.409,2019,-0.0139,1.6270
12211,15:54:01.410,2024,-0.0115,1.6311
12212,15:54:01.410,2029,-0.0090,1.6351
12213,15:54:01.411,2029,-0.0090,1.6351
12214,15:54:01.411,2034,-0.0066,1.6391
12215,15:54:01.412,2034,-0.0066,1.6391
12216,15:54:01.412,2035,-0.0061,1.6399
12217,15:54:01.413,2032,-0.0076,1.6375
12218,15:54:01.413,2035,-0.0061,1.6399
12219,15:54:01.414,2033,-0.0071,1.6383
12220,15:54:01.414,2024,-0.0115,1.6311
12221,15:54:01.415,2029,-0.0090,1.6351
12222,15:54:01.415,2024,-0.0115,1.6311
12223,15:54:01.416,2021,-0.0129,1.6286
12224,15:54:01.416,2016,-0.0154,1.6246
12225,15:54:01.417,2015,-0.0159,1.6238
12226,15:54:01.417,2015,-0.0159,1.6238
12227,15:54:01.418,2007,-0.0198,1.6174
12228,15:54:01.418,2007,-0.0198,1.6174
12229,15:54:01.419,2004,-0.0212,1.6149
12230,15:54:01.419,2009,-0.0188,1.6190
12231,15:54:01.420,2016,-0.0154,1.6246
12232,15:54:01.420,2008,-0.0193,1.6182
12233,15:54:01.421,2014,-0.0164,1.6230
12234,15:54:01.421,2016,-0.0154,1.6246
12235,15:54:01.422,2018,-0.0144,1.6262
12236,15:54:01.422,2023,-0.0120,1.6303
12237,15:54:01.423,2029,-0.0090,1.6351
12238,15:54:01.423,2033,-0.0071,1.6383
12239,15:54:01.424,2035,-0.0061,1.6399
12240,15:54:01.424,2036,-0.0056,1.6407
12241,15:54:01.425,2036,-0.0056,1.6407
12242,15:54:01.425,2037,-0.0051,1.6415
12243,15:54:01.426,2035,-0.0061,1.6399
12244,15:54:01.426,2031,-0.0081,1.6367
12245,15:54:01.427,2034,-0.0066,1.6391
12246,15:54:01.427,2027,-0.0100,1.6335
12247,15:54:01.428,2022,-0.0125,1.6295
12248,15:54:01.428,2023,-0.0120,1.6303
12249,15:54:01.429,2022,-0.0125,1.6295
12250,15:54:01.429,2013,-0.0168,1.6222
12251,15:54:01.430,2013,-0.0168,1.6222
12252,15:54:01.430,2009,-0.0188,1.6190
12253,15:54:01.431,2009,-0.0188,1.6190
12254,15:54:01.431,2008,-0.0193,1.6182
12255,15:54:01.432,2012,-0.0173,1.6214
12256,15:54:01.432,2011,-0.0178,1.6206
12257,15:54:01.433,2014,-0.0164,1.6230
12258,15:54:01.433,2014,-0.0164,1.6230
12259,15:54:01.434,2020,-0.0134,1.6278
12260,15:54:01.434,2020,-0.0134,1.6278
12261,15:54:01.435,2026,-0.0105,1.6327
12262,15:54:01.435,2030,-0.0085,1.6359
12263,15:54:01.436,2032,-0.0076,1.6375
12264,15:54:01.436,2034,-0.0066,1.6391
12265,15:54:01.437,2034,-0.0066,1.6391
12266,15:54:01.437,2036,-0.0056,1.6407
12267,15:54:01.438,2034,-0.0066,1.6391
12268,15:54:01.438,2032,-0.0076,1.6375
12269,15:54:01.439,2031,-0.0081,1.6367
12270,15:54:01.439,2028,-0.0095,1.6343
12271,15:54:01.440,2027,-0.0100,1.6335
12272,15:54:01.440,2028,-0.0095,1.6343
12273,15:54:01.441,2028,-0.0095,1.6343
12274,15:54:01.441,2019,-0.0139,1.6270
12275,15:54:01.442,2016,-0.0154,1.6246
12276,15:54:01.442,2013,-0.0168,1.6222
12277,15:54:01.443,2009,-0.0188,1.6190
12278,15:54:01.443,2006,-0.0203,1.6166
12279,15:54:01.444,2006,-0.0203,1.6166
12280,15:54:01.444,2010,-0.0183,1.6198
12281,15:54:01.445,2012,-0.0173,1.6214
12282,15:54:01.445,2012,-0.0173,1.6214
12283,15:54:01.446,2016,-0.0154,1.6246
12284,15:54:01.446,2018,-0.0144,1.6262
12285,15:54:01.447,2022,-0.0125,1.6295
12286,15:54:01.447,2027,-0.0100,1.6335
12287,15:54:01.448,2030,-0.0085,1.6359
12288,15:54:01.448,2037,-0.0051,1.6415
12289,15:54:01.449,2042,-0.0027,1.6456
12290,15:54:01.449,2039,-0.0042,1.6432
12291,15:54:01.450,2037,-0.0051,1.6415
12292,15:54:01.450,2037,-0.0051,1.6415
12293,15:54:01.451,2036,-0.0056,1.6407
12294,15:54:01.451,2037,-0.0051,1.6415
12295,15:54:01.452,2032,-0.0076,1.6375
12296,15:54:01.452,2027,-0.0100,1.6335
12297,15:54:01.453,2022,-0.0125,1.6295
12298,15:54:01.453,2023,-0.0120,1.6303
12299,15:54:01.454,2016,-0.0154,1.6246
12300,15:54:01.454,2013,-0.0168,1.6222
12301,15:54:01.455,2010,-0.0183,1.6198
12302,15:54:01.455,2007,-0.0198,1.6174
12303,15:54:01.456,2005,-0.0208,1.6158
12304,15:54:01.456,2009,-0.0188,1.6190
12305,15:54:01.457,2009,-0.0188,1.6190
12306,15:54:01.457,2012,-0.0173,1.6214
12307,15:54:01.458,2013,-0.0168,1.6222
12308,15:54:01.458,2016,-0.0154,1.6246
12309,15:54:01.459,2019,-0.0139,1.6270
12310,15:54:01.459,2018,-0.0144,1.6262
12311,15:54:01.460,2027,-0.0100,1.6335
12312,15:54:01.460,2032,-0.0076,1.6375
12313,15:54:01.461,2037,-0.0051,1.6415
12314,15:54:01.461,2035,-0.0061,1.6399
12315,15:54:01.462,2032,-0.0076,1.6375
12316,15:54:01.462,2039,-0.0042,1.6432
12317,15:54:01.463,2036,-0.0056,1.6407
12318,15:54:01.463,2034,-0.0066,1.6391
12319,15:54:01.464,2033,-0.0071,1.6383
12320,15:54:01.464,2030,-0.0085,1.6359
12321,15:54:01.465,2025,-0.0110,1.6319
12322,15:54:01.465,2024,-0.0115,1.6311
12323,15:54:01.466,2020,-0.0134,1.6278
12324,15:54:01.466,2018,-0.0144,1.6262
12325,15:54:01.467,2013,-0.0168,1.6222
12326,15:54:01.467,2010,-0.0183,1.6198
12327,15:54:01.468,2014,-0.0164,1.6230
12328,15:54:01.468,2012,-0.0173,1.6214
12329,15:54:01.469,2006,-0.0203,1.6166
12330,15:54:01.469,2013,-0.0168,1.6222
12331,15:54:01.470,2010,-0.0183,1.6198
12332,15:54:01.470,2017,-0.0149,1.6254
12333,15:54:01.471,2014,-0.0164,1.6230
12334,15:54:01.471,2017,-0.0149,1.6254
12335,15:54:01.472,2022,-0.0125,1.6295
12336,15:54:01.472,2025,-0.0110,1.6319
12337,15:54:01.473,2033,-0.0071,1.6383
12338,15:54:01.473,2036,-0.0056,1.6407
12339,15:54:01.474,2038,-0.0046,1.6423
12340,15:54:01.474,2043,-0.0022,1.6464
12341,15:54:01.475,2034,-0.0066,1.6391
12342,15:54:01.475,2033,-0.0071,1.6383
12343,15:54:01.476,2036,-0.0056,1.6407
12344,15:54:01.476,2033,-0.0071,1.6383
12345,15:54:01.477,2034,-0.0066,1.6391
12346,15:54:01.477,2023,-0.0120,1.6303
12347,15:54:01.478,2019,-0.0139,1.6270
12348,15:54:01.478,2020,-0.0134,1.6278
12349,15:54:01.479,2017,-0.0149,1.6254
12350,15:54:01.479,2013,-0.0168,1.6222
12351,15:54:01.480,2014,-0.0164,1.6230
12352,15:54:01.480,2011,-0.0178,1.6206
12353,15:54:01.481,2006,-0.0203,1.6166
12354,15:54:01.481,2006,-0.0203,1.6166
12355,15:54:01.482,2012,-0.0173,1.6214
12356,15:54:01.482,2011,-0.0178,1.6206
12357,15:54:01.483,2011,-0.0178,1.6206
12358,15:54:01.483,2019,-0.0139,1.6270
12359,15:54:01.484,2018,-0.0144,1.6262
12360,15:54:01.484,2019,-0.0139,1.6270
12361,15:54:01.485,2024,-0.0115,1.6311
12362,15:54:01.485,2030,-0.0085,1.6359
12363,15:54:01.486,2033,-0.0071,1.6383
12364,15:54:01.486,2031,-0.0081,1.6367
12365,15:54:01.487,2035,-0.0061,1.6399
12366,15:54:01.487,2035,-0.0061,1.6399
12367,15:54:01.488,2034,-0.0066,1.6391
12368,15:54:01.488,2032,-0.0076,1.6375
12369,15:54:01.489,2033,-0.0071,1.6383
12370,15:54:01.489,2026,-0.0105,1.6327
12371,15:54:01.490,2027,-0.0100,1.6335
12372,15:54:01.490,2022,-0.0125,1.6295
12373,15:54:01.491,2018,-0.0144,1.6262
12374,15:54:01.491,2020,-0.0134,1.6278
12375,15:54:01.492,2017,-0.0149,1.6254
12376,15:54:01.492,2014,-0.0164,1.6230
12377,15:54:01.493,2004,-0.0212,1.6149
12378,15:54:01.493,2009,-0.0188,1.6190
12379,15:54:01.494,2009,-0.0188,1.6190
12380,15:54:01.494,2006,-0.0203,1.6166
12381,15:54:01.495,2013,-0.0168,1.6222
12382,15:54:01.495,2016,-0.0154,1.6246
12383,15:54:01.496,2015,-0.0159,1.6238
12384,15:54:01.496,2021,-0.0129,1.6286
12385,15:54:01.497,2025,-0.0110,1.6319
12386,15:54:01.497,2026,-0.0105,1.6327
12387,15:54:01.498,2031,-0.0081,1.6367
12388,15:54:01.498,2038,-0.0046,1.6423
12389,15:54:01.499,2037,-0.0051,1.6415
12390,15:54:01.499,2035,-0.0061,1.6399
12391,15:54:01.500,2034,-0.0066,1.6391
12392,15:54:01.500,2033,-0.0071,1.6383
12393,15:54:01.501,2034,-0.0066,1.6391
12394,15:54:01.501,2032,-0.0076,1.6375
12395,15:54:01.502,2031,-0.0081,1.6367
12396,15:54:01.502,2024,-0.0115,1.6311
12397,15:54:01.503,2022,-0.0125,1.6295
12398,15:54:01.503,2027,-0.0100,1.6335
12399,15:54:01.504,2016,-0.0154,1.6246
12400,15:54:01.504,2016,-0.0154,1.6246
12401,15:54:01.505,2010,-0.0183,1.6198
12402,15:54:01.505,2008,-0.0193,1.6182
12403,15:54:01.506,2007,-0.0198,1.6174
12404,15:54:01.506,2009,-0.0188,1.6190
12405,15:54:01.507,2008,-0.0193,1.6182
12406,15:54:01.507,2013,-0.0168,1.6222
12407,15:54:01.508,2015,-0.0159,1.6238
12408,15:54:01.508,2018,-0.0144,1.6262
12409,15:54:01.509,2025,-0.0110,1.6319
12410,15:54:01.509,2024,-0.0115,1.6311
12411,15:54:01.510,2026,-0.0105,1.6327
12412,15:54:01.510,2032,-0.0076,1.6375
12413,15:54:01.511,2035,-0.0061,1.6399
12414,15:54:01.511,2036,-0.0056,1.6407
12415,15:54:01.512,2038,-0.0046,1.6423
12416,15:54:01.512,2035,-0.0061,1.6399
12417,15:54:01.513,2036,-0.0056,1.6407
12418,15:54:01.513,2034,-0.0066,1.6391
12419,15:54:01.514,2031,-0.0081,1.6367
12420,15:54:01.514,2030,-0.0085,1.6359
12421,15:54:01.515,2021,-0.0129,1.6286
12422,15:54:01.515,2024,-0.0115,1.6311
12423,15:54:01.516,2023,-0.0120,1.6303
12424,15:54:01.516,2019,-0.0139,1.6270
12425,15:54:01.517,2013,-0.0168,1.6222
12426,15:54:01.517,2011,-0.0178,1.6206
12427,15:54:01.518,2004,-0.0212,1.6149
12428,15:54:01.518,2008,-0.0193,1.6182
12429,15:54:01.519,2007,-0.0198,1.6174
12430,15:54:01.519,2008,-0.0193,1.6182
12431,15:54:01.520,2014,-0.0164,1.6230
12432,15:54:01.520,2015,-0.0159,1.6238
12433,15:54:01.521,2015,-0.0159,1.6238
12434,15:54:01.521,2019,-0.0139,1.6270
12435,15:54:01.522,2021,-0.0129,1.6286
12436,15:54:01.522,2028,-0.0095,1.6343
12437,15:54:01.523,2033,-0.0071,1.6383
12438,15:54:01.523,2034,-0.0066,1.6391
12439,15:54:01.524,2038,-0.0046,1.6423
12440,15:54:01.524,2039,-0.0042,1.6432
12441,15:54:01.525,2040,-0.0037,1.6440
12442,15:54:01.525,2035,-0.0061,1.6399
12443,15:54:01.526,2030,-0.0085,1.6359
12444,15:54:01.526,2033,-0.0071,1.6383
12445,15:54:01.527,2031,-0.0081,1.6367
12446,15:54:01.527,2024,-0.0115,1.6311
12447,15:54:01.528,2022,-0.0125,1.6295
12448,15:54:01.528,2020,-0.0134,1.6278
12449,15:54:01.529,2017,-0.0149,1.6254
12450,15:54:01.529,2012,-0.0173,1.6214
12451,15:54:01.530,2009,-0.0188,1.6190
12452,15:54:01.530,2009,-0.0188,1.6190
12453,15:54:01.531,2009,-0.0188,1.6190
12454,15:54:01.531,2006,-0.0203,1.6166
12455,15:54:01.532,2013,-0.0168,1.6222
12456,15:54:01.532,2019,-0.0139,1.6270
12457,15:54:01.533,2016,-0.0154,1.6246
12458,15:54:01.533,2019,-0.0139,1.6270
12459,15:54:01.534,2018,-0.0144,1.6262
12460,15:54:01.534,2026,-0.0105,1.6327
12461,15:54:01.535,2030,-0.0085,1.6359
12462,15:54:01.535,2037,-0.0051,1.6415
12463,15:54:01.536,2037,-0.0051,1.6415
12464,15:54:01.536,2038,-0.0046,1.6423
12465,15:54:01.537,2038,-0.0046,1.6423
12466,15:54:01.537,2032,-0.0076,1.6375
12467,15:54:01.538,2033,-0.0071,1.6383
12468,15:54:01.538,2036,-0.0056,1.6407
12469,15:54:01.539,2037,-0.0051,1.6415
12470,15:54:01.539,2032,-0.0076,1.6375
12471,15:54:01.540,2029,-0.0090,1.6351
12472,15:54:01.540,2024,-0.0115,1.6311
12473,15:54:01.541,2021,-0.0129,1.6286
12474,15:54:01.541,2019,-0.0139,1.6270
12475,15:54:01.542,2013,-0.0168,1.6222
12476,15:54:01.542,2007,-0.0198,1.6174
12477,15:54:01.543,2003,-0.0217,1.6141
12478,15:54:01.543,2003,-0.0217,1.6141
12479,15:54:01.544,2012,-0.0173,1.6214
12480,15:54:01.544,2013,-0.0168,1.6222
12481,15:54:01.545,2013,-0.0168,1.6222
12482,15:54:01.545,2013,-0.0168,1.6222
12483,15:54:01.546,2018,-0.0144,1.6262
12484,15:54:01.546,2013,-0.0168,1.6222
12485,15:54:01.547,2020,-0.0134,1.6278
12486,15:54:01.547,2027,-0.0100,1.6335
12487,15:54:01.548,2032,-0.0076,1.6375
12488,15:54:01.548,2033,-0.0071,1.6383
12489,15:54:01.549,2034,-0.0066,1.6391
12490,15:54:01.549,2033,-0.0071,1.6383
12491,15:54:01.550,2037,-0.0051,1.6415
12492,15:54:01.550,2035,-0.0061,1.6399
12493,15:54:01.551,2030,-0.0085,1.6359
12494,15:54:01.551,2031,-0.0081,1.6367
12495,15:54:01.552,2025,-0.0110,1.6319
12496,15:54:01.552,2023,-0.0120,1.6303
12497,15:54:01.553,2024,-0.0115,1.6311
12498,15:54:01.553,2020,-0.0134,1.6278
12499,15:54:01.554,2019,-0.0139,1.6270
12500,15:54:01.554,2012,-0.0173,1.6214
12501,15:54:01.555,2008,-0.0193,1.6182
12502,15:54:01.555,2012,-0.0173,1.6214
12503,15:54:01.556,2008,-0.0193,1.6182
12504,15:54:01.556,2009,-0.0188,1.6190
12505,15:54:01.557,2008,-0.0193,1.6182
12506,15:54:01.557,2012,-0.0173,1.6214
12507,15:54:01.558,2014,-0.0164,1.6230
12508,15:54:01.558,2018,-0.0144,1.6262
12509,15:54:01.559,2019,-0.0139,1.6270
12510,15:54:01.559,2025,-0.0110,1.6319
12511,15:54:01.560,2030,-0.0085,1.6359
12512,15:54:01.560,2033,-0.0071,1.6383
12513,15:54:01.561,2035,-0.0061,1.6399
12514,15:54:01.561,2036,-0.0056,1.6407
12515,15:54:01.562,2038,-0.0046,1.6423
12516,15:54:01.562,2037,-0.0051,1.6415
12517,15:54:01.563,2034,-0.0066,1.6391
12518,15:54:01.563,2035,-0.0061,1.6399
12519,15:54:01.564,2027,-0.0100,1.6335
12520,15:54:01.564,2031,-0.0081,1.6367
12521,15:54:01.565,2024,-0.0115,1.6311
12522,15:54:01.565,2024,-0.0115,1.6311
12523,15:54:01.566,2025,-0.0110,1.6319
12524,15:54:01.566,2016,-0.0154,1.6246
12525,15:54:01.567,2013,-0.0168,1.6222
12526,15:54:01.567,2011,-0.0178,1.6206
12527,15:54:01.568,2006,-0.0203,1.6166
12528,15:54:01.568,2006,-0.0203,1.6166
12529,15:54:01.569,2011,-0.0178,1.6206
12530,15:54:01.569,2013,-0.0168,1.6222
12531,15:54:01.570,2013,-0.0168,1.6222
12532,15:54:01.570,2016,-0.0154,1.6246
12533,15:54:01.571,2017,-0.0149,1.6254
12534,15:54:01.571,2018,-0.0144,1.6262
12535,15:54:01.572,2022,-0.0125,1.6295
12536,15:54:01.572,2025,-0.0110,1.6319
12537,15:54:01.573,2031,-0.0081,1.6367
12538,15:54:01.573,2034,-0.0066,1.6391
12539,15:54:01.574,2037,-0.0051,1.6415
12540,15:54:01.574,2038,-0.0046,1.6423
12541,15:54:01.575,2036,-0.0056,1.6407
12542,15:54:01.575,2039,-0.0042,1.6432
12543,15:54:01.576,2033,-0.0071,1.6383
12544,15:54:01.576,2031,-0.0081,1.6367
12545,15:54:01.577,2029,-0.0090,1.6351
12546,15:54:01.577,2026,-0.0105,1.6327
12547,15:54:01.578,2021,-0.0129,1.6286
12548,15:54:01.578,2017,-0.0149,1.6254
12549,15:54:01.579,2018,-0.0144,1.6262
12550,15:54:01.579,2015,-0.0159,1.6238
12551,15:54:01.580,2011,-0.0178,1.6206
12552,15:54:01.580,2009,-0.0188,1.6190
12553,15:54:01.581,2008,-0.0193,1.6182
12554,15:54:01.581,2006,-0.0203,1.6166
12555,15:54:01.582,2015,-0.0159,1.6238
12556,15:54:01.582,2012,-0.0173,1.6214
12557,15:54:01.583,2022,-0.0125,1.6295
12558,15:54:01.583,2015,-0.0159,1.6238
12559,15:54:01.584,2019,-0.0139,1.6270
12560,15:54:01.584,2023,-0.0120,1.6303
12561,15:54:01.585,2030,-0.0085,1.6359
12562,15:54:01.585,2039,-0.0042,1.6432
12563,15:54:01.586,2041,-0.0032,1.6448
12564,15:54:01.586,2039,-0.0042,1.6432
12565,15:54:01.587,2037,-0.0051,1.6415
12566,15:54:01.587,2039,-0.0042,1.6432
12567,15:54:01.588,2035,-0.0061,1.6399
12568,15:54:01.588,2031,-0.0081,1.6367
12569,15:54:01.589,2033,-0.0071,1.6383
12570,15:54:01.589,2025,-0.0110,1.6319
12571,15:54:01.590,2024,-0.0115,1.6311
12572,15:54:01.590,2026,-0.0105,1.6327
12573,15:54:01.591,2017,-0.0149,1.6254
12574,15:54:01.591,2017,-0.0149,1.6254
12575,15:54:01.592,2012,-0.0173,1.6214
12576,15:54:01.592,2014,-0.0164,1.6230
12577,15:54:01.593,2008,-0.0193,1.6182
12578,15:54:01.593,2010,-0.0183,1.6198
12579,15:54:01.594,2009,-0.0188,1.6190
12580,15:54:01.594,2012,-0.0173,1.6214
12581,15:54:01.595,2012,-0.0173,1.6214
12582,15:54:01.595,2016,-0.0154,1.6246
12583,15:54:01.596,2020,-0.0134,1.6278
12584,15:54:01.596,2019,-0.0139,1.6270
12585,15:54:01.597,2024,-0.0115,1.6311
12586,15:54:01.597,2029,-0.0090,1.6351
12587,15:54:01.598,2035,-0.0061,1.6399
12588,15:54:01.598,2034,-0.0066,1.6391
12589,15:54:01.599,2038,-0.0046,1.6423
12590,15:54:01.599,2039,-0.0042,1.6432
12591,15:54:01.600,2033,-0.0071,1.6383
12592,15:54:01.600,2035,-0.0061,1.6399
12593,15:54:01.601,2030,-0.0085,1.6359
12594,15:54:01.601,2031,-0.0081,1.6367
12595,15:54:01.602,2029,-0.0090,1.6351
12596,15:54:01.602,2025,-0.0110,1.6319
12597,15:54:01.603,2021,-0.0129,1.6286
12598,15:54:01.603,2020,-0.0134,1.6278
12599,15:54:01.604,2020,-0.0134,1.6278
12600,15:54:01.604,2009,-0.0188,1.6190
12601,15:54:01.605,2009,-0.0188,1.6190
12602,15:54:01.605,2005,-0.0208,1.6158
12603,15:54:01.606,2010,-0.0183,1.6198
12604,15:54:01.606,2013,-0.0168,1.6222
12605,15:54:01.607,2013,-0.0168,1.6222
12606,15:54:01.607,2017,-0.0149,1.6254
12607,15:54:01.608,2016,-0.0154,1.6246
12608,15:54:01.608,2017,-0.0149,1.6254
12609,15:54:01.609,2022,-0.0125,1.6295
12610,15:54:01.609,2022,-0.0125,1.6295
12611,15:54:01.610,2027,-0.0100,1.6335
12612,15:54:01.610,2034,-0.0066,1.6391
12613,15:54:01.611,2036,-0.0056,1.6407
12614,15:54:01.611,2035,-0.0061,1.6399
12615,15:54:01.612,2034,-0.0066,1.6391
12616,15:54:01.612,2036,-0.0056,1.6407
12617,15:54:01.613,2035,-0.0061,1.6399
12618,15:54:01.613,2030,-0.0085,1.6359
12619,15:54:01.614,2031,-0.0081,1.6367
12620,15:54:01.614,2027,-0.0100,1.6335
12621,15:54:01.615,2024,-0.0115,1.6311
12622,15:54:01.615,2024,-0.0115,1.6311
12623,15:54:01.616,2019,-0.0139,1.6270
12624,15:54:01.616,2015,-0.0159,1.6238
12625,15:54:01.617,2013,-0.0168,1.6222
12626,15:54:01.617,2011,-0.0178,1.6206
12627,15:54:01.618,2013,-0.0168,1.6222
12628,15:54:01.618,2009,-0.0188,1.6190
12629,15:54:01.619,2008,-0.0193,1.6182
12630,15:54:01.619,2012,-0.0173,1.6214
12631,15:54:01.620,2012,-0.0173,1.6214
12632,15:54:01.620,2018,-0.0144,1.6262
12633,15:54:01.621,2020,-0.0134,1.6278
12634,15:54:01.621,2020,-0.0134,1.6278
12635,15:54:01.622,2027,-0.0100,1.6335
12636,15:54:01.622,2032,-0.0076,1.6375
12637,15:54:01.623,2038,-0.0046,1.6423
12638,15:54:01.623,2038,-0.0046,1.6423
12639,15:54:01.624,2040,-0.0037,1.6440
12640,15:54:01.624,2038,-0.0046,1.6423
12641,15:54:01.625,2034,-0.0066,1.6391
12642,15:54:01.625,2035,-0.0061,1.6399
12643,15:54:01.626,2032,-0.0076,1.6375
12644,15:54:01.626,2029,-0.0090,1.6351
12645,15:54:01.627,2030,-0.0085,1.6359
12646,15:54:01.627,2025,-0.0110,1.6319
12647,15:54:01.628,2021,-0.0129,1.6286
12648,15:54:01.628,2018,-0.0144,1.6262
12649,15:54:01.629,2017,-0.0149,1.6254
12650,15:54:01.629,2009,-0.0188,1.6190
12651,15:54:01.630,2011,-0.0178,1.6206
12652,15:54:01.630,2008,-0.0193,1.6182
12653,15:54:01.631,2009,-0.0188,1.6190
12654,15:54:01.631,2009,-0.0188,1.6190
12655,15:54:01.632,2014,-0.0164,1.6230
12656,15:54:01.632,2013,-0.0168,1.6222
12657,15:54:01.633,2014,-0.0164,1.6230
12658,15:54:01.633,2016,-0.0154,1.6246
12659,15:54:01.634,2023,-0.0120,1.6303
12660,15:54:01.634,2024,-0.0115,1.6311
12661,15:54:01.635,2028,-0.0095,1.6343
12662,15:54:01.635,2031,-0.0081,1.6367
12663,15:54:01.636,2030,-0.0085,1.6359
12664,15:54:01.636,2033,-0.0071,1.6383
12665,15:54:01.637,2037,-0.0051,1.6415
12666,15:54:01.637,2032,-0.0076,1.6375
12667,15:54:01.638,2033,-0.0071,1.6383
12668,15:54:01.638,2033,-0.0071,1.6383
12669,15:54:01.639,2031,-0.0081,1.6367
12670,15:54:01.639,2029,-0.0090,1.6351
12671,15:54:01.640,2023,-0.0120,1.6303
12672,15:54:01.640,2023,-0.0120,1.6303
12673,15:54:01.641,2020,-0.0134,1.6278
12674,15:54:01.641,2014,-0.0164,1.6230
12675,15:54:01.642,2012,-0.0173,1.6214
12676,15:54:01.642,2006,-0.0203,1.6166
12677,15:54:01.643,2007,-0.0198,1.6174
12678,15:54:01.643,2008,-0.0193,1.6182
12679,15:54:01.644,2014,-0.0164,1.6230
12680,15:54:01.644,2010,-0.0183,1.6198
12681,15:54:01.645,2014,-0.0164,1.6230
12682,15:54:01.645,2019,-0.0139,1.6270
12683,15:54:01.646,2018,-0.0144,1.6262
12684,15:54:01.646,2020,-0.0134,1.6278
12685,15:54:01.647,2026,-0.0105,1.6327
12686,15:54:01.647,2036,-0.0056,1.6407
12687,15:54:01.648,2036,-0.0056,1.6407
12688,15:54:01.648,2038,-0.0046,1.6423
12689,15:54:01.649,2035,-0.0061,1.6399
12690,15:54:01.649,2037,-0.0051,1.6415
12691,15:54:01.650,2032,-0.0076,1.6375
12692,15:54:01.650,2038,-0.0046,1.6423
12693,15:54:01.651,2032,-0.0076,1.6375
12694,15:54:01.651,2030,-0.0085,1.6359
12695,15:54:01.652,2028,-0.0095,1.6343
12696,15:54:01.652,2020,-0.0134,1.6278
12697,15:54:01.653,2020,-0.0134,1.6278
12698,15:54:01.653,2019,-0.0139,1.6270
12699,15:54:01.654,2014,-0.0164,1.6230
12700,15:54:01.654,2012,-0.0173,1.6214
12701,15:54:01.655,2007,-0.0198,1.6174
12702,15:54:01.655,2011,-0.0178,1.6206
12703,15:54:01.656,2009,-0.0188,1.6190
12704,15:54:01.656,2012,-0.0173,1.6214
12705,15:54:01.657,2013,-0.0168,1.6222
12706,15:54:01.657,2014,-0.0164,1.6230
12707,15:54:01.658,2017,-0.0149,1.6254
12708,15:54:01.658,2018,-0.0144,1.6262
12709,15:54:01.659,2021,-0.0129,1.6286
12710,15:54:01.659,2026,-0.0105,1.6327
12711,15:54:01.660,2028,-0.0095,1.6343
12712,15:54:01.660,2030,-0.0085,1.6359
12713,15:54:01.661,2037,-0.0051,1.6415
12714,15:54:01.661,2037,-0.0051,1.6415
12715,15:54:01.662,2037,-0.0051,1.6415
12716,15:54:01.662,2030,-0.0085,1.6359
12717,15:54:01.663,2029,-0.0090,1.6351
12718,15:54:01.663,2030,-0.0085,1.6359
12719,15:54:01.664,2035,-0.0061,1.6399
12720,15:54:01.664,2028,-0.0095,1.6343
12721,15:54:01.665,2025,-0.0110,1.6319
12722,15:54:01.665,2023,-0.0120,1.6303
12723,15:54:01.666,2018,-0.0144,1.6262
12724,15:54:01.666,2015,-0.0159,1.6238
12725,15:54:01.667,2009,-0.0188,1.6190
12726,15:54:01.667,2009,-0.0188,1.6190
12727,15:54:01.668,2006,-0.0203,1.6166
12728,15:54:01.668,2011,-0.0178,1.6206
12729,15:54:01.669,2012,-0.0173,1.6214
12730,15:54:01.669,2011,-0.0178,1.6206
12731,15:54:01.670,2015,-0.0159,1.6238
12732,15:54:01.670,2018,-0.0144,1.6262
12733,15:54:01.671,2019,-0.0139,1.6270
12734,15:54:01.671,2020,-0.0134,1.6278
12735,15:54:01.672,2027,-0.0100,1.6335
12736,15:54:01.672,2028,-0.0095,1.6343
12737,15:54:01.673,2030,-0.0085,1.6359
12738,15:54:01.673,2033,-0.0071,1.6383
12739,15:54:01.674,2037,-0.0051,1.6415
12740,15:54:01.674,2037,-0.0051,1.6415
12741,15:54:01.675,2031,-0.0081,1.6367
12742,15:54:01.675,2029,-0.0090,1.6351
12743,15:54:01.676,2027,-0.0100,1.6335
12744,15:54:01.676,2031,-0.0081,1.6367
12745,15:54:01.677,2027,-0.0100,1.6335
12746,15:54:01.677,2023,-0.0120,1.6303
12747,15:54:01.678,2021,-0.0129,1.6286
12748,15:54:01.678,2024,-0.0115,1.6311
12749,15:54:01.679,2015,-0.0159,1.6238
12750,15:54:01.679,2011,-0.0178,1.6206
12751,15:54:01.680,2008,-0.0193,1.6182
12752,15:54:01.680,2008,-0.0193,1.6182
12753,15:54:01.681,2013,-0.0168,1.6222
12754,15:54:01.681,2009,-0.0188,1.6190
12755,15:54:01.682,2012,-0.0173,1.6214
12756,15:54:01.682,2016,-0.0154,1.6246
12757,15:54:01.683,2017,-0.0149,1.6254
12758,15:54:01.683,2017,-0.0149,1.6254
12759,15:54:01.684,2023,-0.0120,1.6303
12760,15:54:01.684,2028,-0.0095,1.6343
12761,15:54:01.685,2034,-0.0066,1.6391
12762,15:54:01.685,2037,-0.0051,1.6415
12763,15:54:01.686,2035,-0.0061,1.6399
12764,15:54:01.686,2035,-0.0061,1.6399
12765,15:54:01.687,2039,-0.0042,1.6432
12766,15:54:01.687,2034,-0.0066,1.6391
12767,15:54:01.688,2033,-0.0071,1.6383
12768,15:54:01.688,2030,-0.0085,1.6359
12769,15:54:01.689,2027,-0.0100,1.6335
12770,15:54:01.689,2025,-0.0110,1.6319
12771,15:54:01.690,2022,-0.0125,1.6295
12772,15:54:01.690,2022,-0.0125,1.6295
12773,15:54:01.691,2020,-0.0134,1.6278
12774,15:54:01.691,2013,-0.0168,1.6222
12775,15:54:01.692,2012,-0.0173,1.6214
12776,15:54:01.692,2008,-0.0193,1.6182
12777,15:54:01.693,2007,-0.0198,1.6174
12778,15:54:01.693,2009,-0.0188,1.6190
12779,15:54:01.694,2008,-0.0193,1.6182
12780,15:54:01.694,2014,-0.0164,1.6230
12781,15:54:01.695,2013,-0.0168,1.6222
12782,15:54:01.695,2014,-0.0164,1.6230
12783,15:54:01.696,2015,-0.0159,1.6238
12784,15:54:01.696,2019,-0.0139,1.6270
12785,15:54:01.697,2025,-0.0110,1.6319
12786,15:54:01.697,2030,-0.0085,1.6359
12787,15:54:01.698,2031,-0.0081,1.6367
12788,15:54:01.698,2036,-0.0056,1.6407
12789,15:54:01.699,2033,-0.0071,1.6383
12790,15:54:01.699,2036,-0.0056,1.6407
12791,15:54:01.700,2034,-0.0066,1.6391
12792,15:54:01.700,2033,-0.0071,1.6383
12793,15:54:01.701,2031,-0.0081,1.6367
12794,15:54:01.701,2027,-0.0100,1.6335
12795,15:54:01.702,2027,-0.0100,1.6335
12796,15:54:01.702,2020,-0.0134,1.6278
12797,15:54:01.703,2019,-0.0139,1.6270
12798,15:54:01.703,2014,-0.0164,1.6230
12799,15:54:01.704,2013,-0.0168,1.6222
12800,15:54:01.704,2009,-0.0188,1.6190
12801,15:54:01.705,2008,-0.0193,1.6182
12802,15:54:01.705,2010,-0.0183,1.6198
12803,15:54:01.706,2012,-0.0173,1.6214
12804,15:54:01.706,2012,-0.0173,1.6214
12805,15:54:01.707,2019,-0.0139,1.6270
12806,15:54:01.707,2019,-0.0139,1.6270
12807,15:54:01.708,2016,-0.0154,1.6246
12808,15:54:01.708,2021,-0.0129,1.6286
12809,15:54:01.709,2025,-0.0110,1.6319
12810,15:54:01.709,2028,-0.0095,1.6343
12811,15:54:01.710,2032,-0.0076,1.6375
12812,15:54:01.710,2035,-0.0061,1.6399
12813,15:54:01.711,2039,-0.0042,1.6432
12814,15:54:01.711,2040,-0.0037,1.6440
12815,15:54:01.712,2038,-0.0046,1.6423
12816,15:54:01.712,2036,-0.0056,1.6407
12817,15:54:01.713,2028,-0.0095,1.6343
12818,15:54:01.713,2030,-0.0085,1.6359
12819,15:54:01.714,2029,-0.0090,1.6351
12820,15:54:01.714,2024,-0.0115,1.6311
12821,15:54:01.715,2025,-0.0110,1.6319
12822,15:54:01.715,2019,-0.0139,1.6270
12823,15:54:01.716,2016,-0.0154,1.6246
12824,15:54:01.716,2015,-0.0159,1.6238
12825,15:54:01.717,2011,-0.0178,1.6206
12826,15:54:01.717,2006,-0.0203,1.6166
12827,15:54:01.718,2006,-0.0203,1.6166
12828,15:54:01.718,2011,-0.0178,1.6206
12829,15:54:01.719,2013,-0.0168,1.6222
12830,15:54:01.719,2013,-0.0168,1.6222
12831,15:54:01.720,2013,-0.0168,1.6222
12832,15:54:01.720,2012,-0.0173,1.6214
12833,15:54:01.721,2016,-0.0154,1.6246
12834,15:54:01.721,2019,-0.0139,1.6270
12835,15:54:01.722,2025,-0.0110,1.6319
12836,15:54:01.722,2026,-0.0105,1.6327
12837,15:54:01.723,2033,-0.0071,1.6383
12838,15:54:01.723,2035,-0.0061,1.6399
12839,15:54:01.724,2037,-0.0051,1.6415
12840,15:54:01.724,2035,-0.0061,1.6399
12841,15:54:01.725,2034,-0.0066,1.6391
12842,15:54:01.725,2038,-0.0046,1.6423
12843,15:54:01.726,2028,-0.0095,1.6343
12844,15:54:01.726,2025,-0.0110,1.6319
12845,15:54:01.727,2026,-0.0105,1.6327
12846,15:54:01.727,2022,-0.0125,1.6295
12847,15:54:01.728,2023,-0.0120,1.6303
12848,15:54:01.728,2017,-0.0149,1.6254
12849,15:54:01.729,2017,-0.0149,1.6254
12850,15:54:01.729,2011,-0.0178,1.6206
12851,15:54:01.730,2007,-0.0198,1.6174
12852,15:54:01.730,2006,-0.0203,1.6166
12853,15:54:01.731,2010,-0.0183,1.6198
12854,15:54:01.731,2009,-0.0188,1.6190
12855,15:54:01.732,2021,-0.0129,1.6286
12856,15:54:01.732,2014,-0.0164,1.6230
12857,15:54:01.733,2021,-0.0129,1.6286
12858,15:54:01.733,2019,-0.0139,1.6270
12859,15:54:01.734,2023,-0.0120,1.6303
12860,15:54:01.734,2030,-0.0085,1.6359
12861,15:54:01.735,2034,-0.0066,1.6391
12862,15:54:01.735,2034,-0.0066,1.6391
12863,15:54:01.736,2035,-0.0061,1.6399
12864,15:54:01.736,2034,-0.0066,1.6391
12865,15:54:01.737,2034,-0.0066,1.6391
12866,15:54:01.737,2033,-0.0071,1.6383
12867,15:54:01.738,2034,-0.0066,1.6391
12868,15:54:01.738,2030,-0.0085,1.6359
12869,15:54:01.739,2029,-0.0090,1.6351
12870,15:54:01.739,2025,-0.0110,1.6319
12871,15:54:01.740,2024,-0.0115,1.6311
12872,15:54:01.740,2024,-0.0115,1.6311
12873,15:54:01.741,2016,-0.0154,1.6246
12874,15:54:01.741,2012,-0.0173,1.6214
12875,15:54:01.742,2007,-0.0198,1.6174
12876,15:54:01.742,2006,-0.0203,1.6166
12877,15:54:01.743,2007,-0.0198,1.6174
12878,15:54:01.743,2009,-0.0188,1.6190
12879,15:54:01.744,2011,-0.0178,1.6206
12880,15:54:01.744,2010,-0.0183,1.6198
12881,15:54:01.745,2012,-0.0173,1.6214
12882,15:54:01.745,2013,-0.0168,1.6222
12883,15:54:01.746,2021,-0.0129,1.6286
12884,15:54:01.746,2024,-0.0115,1.6311
12885,15:54:01.747,2029,-0.0090,1.6351
12886,15:54:01.747,2032,-0.0076,1.6375
12887,15:54:01.748,2034,-0.0066,1.6391
12888,15:54:01.748,2030,-0.0085,1.6359
12889,15:54:01.749,2033,-0.0071,1.6383
12890,15:54:01.749,2032,-0.0076,1.6375
12891,15:54:01.750,2030,-0.0085,1.6359
12892,15:54:01.750,2030,-0.0085,1.6359
12893,15:54:01.751,2030,-0.0085,1.6359
12894,15:54:01.751,2028,-0.0095,1.6343
12895,15:54:01.752,2026,-0.0105,1.6327
12896,15:54:01.752,2021,-0.0129,1.6286
12897,15:54:01.753,2025,-0.0110,1.6319
12898,15:54:01.753,2016,-0.0154,1.6246
12899,15:54:01.754,2015,-0.0159,1.6238
12900,15:54:01.754,2012,-0.0173,1.6214
12901,15:54:01.755,2009,-0.0188,1.6190
12902,15:54:01.755,2010,-0.0183,1.6198
12903,15:54:01.756,2012,-0.0173,1.6214
12904,15:54:01.756,2016,-0.0154,1.6246
12905,15:54:01.757,2020,-0.0134,1.6278
12906,15:54:01.757,2017,-0.0149,1.6254
12907,15:54:01.758,2019,-0.0139,1.6270
12908,15:54:01.758,2020,-0.0134,1.6278
12909,15:54:01.759,2023,-0.0120,1.6303
12910,15:54:01.759,2029,-0.0090,1.6351
12911,15:54:01.760,2031,-0.0081,1.6367
12912,15:54:01.760,2033,-0.0071,1.6383
12913,15:54:01.761,2037,-0.0051,1.6415
12914,15:54:01.761,2036,-0.0056,1.6407
12915,15:54:01.762,2035,-0.0061,1.6399
12916,15:54:01.762,2031,-0.0081,1.6367
12917,15:54:01.763,2034,-0.0066,1.6391
12918,15:54:01.763,2030,-0.0085,1.6359
12919,15:54:01.764,2026,-0.0105,1.6327
12920,15:54:01.764,2026,-0.0105,1.6327
12921,15:54:01.765,2023,-0.0120,1.6303
12922,15:54:01.765,2022,-0.0125,1.6295
12923,15:54:01.766,2021,-0.0129,1.6286
12924,15:54:01.766,2008,-0.0193,1.6182
12925,15:54:01.767,2007,-0.0198,1.6174
12926,15:54:01.767,2006,-0.0203,1.6166
12927,15:54:01.768,2008,-0.0193,1.6182
12928,15:54:01.768,2014,-0.0164,1.6230
12929,15:54:01.769,2015,-0.0159,1.6238
12930,15:54:01.769,2011,-0.0178,1.6206
12931,15:54:01.770,2013,-0.0168,1.6222
12932,15:54:01.770,2014,-0.0164,1.6230
12933,15:54:01.771,2019,-0.0139,1.6270
12934,15:54:01.771,2024,-0.0115,1.6311
12935,15:54:01.772,2032,-0.0076,1.6375
12936,15:54:01.772,2032,-0.0076,1.6375
12937,15:54:01.773,2035,-0.0061,1.6399
12938,15:54:01.773,2038,-0.0046,1.6423
12939,15:54:01.774,2034,-0.0066,1.6391
12940,15:54:01.774,2033,-0.0071,1.6383
12941,15:54:01.775,2031,-0.0081,1.6367
12942,15:54:01.775,2033,-0.0071,1.6383
12943,15:54:01.776,2031,-0.0081,1.6367
12944,15:54:01.776,2025,-0.0110,1.6319
12945,15:54:01.777,2024,-0.0115,1.6311
12946,15:54:01.777,2015,-0.0159,1.6238
12947,15:54:01.778,2017,-0.0149,1.6254
12948,15:54:01.778,2016,-0.0154,1.6246
12949,15:54:01.779,2009,-0.0188,1.6190
12950,15:54:01.779,2007,-0.0198,1.6174
12951,15:54:01.780,2008,-0.0193,1.6182
12952,15:54:01.780,2008,-0.0193,1.6182
12953,15:54:01.781,2009,-0.0188,1.6190
12954,15:54:01.781,2011,-0.0178,1.6206
12955,15:54:01.782,2016,-0.0154,1.6246
12956,15:54:01.782,2012,-0.0173,1.6214
12957,15:54:01.783,2017,-0.0149,1.6254
12958,15:54:01.783,2019,-0.0139,1.6270
12959,15:54:01.784,2031,-0.0081,1.6367
12960,15:54:01.784,2034,-0.0066,1.6391
12961,15:54:01.785,2034,-0.0066,1.6391
12962,15:54:01.785,2036,-0.0056,1.6407
12963,15:54:01.786,2035,-0.0061,1.6399
12964,15:54:01.786,2035,-0.0061,1.6399
12965,15:54:01.787,2029,-0.0090,1.6351
12966,15:54:01.787,2036,-0.0056,1.6407
12967,15:54:01.788,2031,-0.0081,1.6367
12968,15:54:01.788,2030,-0.0085,1.6359
12969,15:54:01.789,2030,-0.0085,1.6359
12970,15:54:01.789,2025,-0.0110,1.6319
12971,15:54:01.790,2022,-0.0125,1.6295
12972,15:54:01.790,2019,-0.0139,1.6270
12973,15:54:01.791,2014,-0.0164,1.6230
12974,15:54:01.791,2010,-0.0183,1.6198
12975,15:54:01.792,2006,-0.0203,1.6166
12976,15:54:01.792,2010,-0.0183,1.6198
12977,15:54:01.793,2011,-0.0178,1.6206
12978,15:54:01.793,2014,-0.0164,1.6230
12979,15:54:01.794,2012,-0.0173,1.6214
12980,15:54:01.794,2015,-0.0159,1.6238
12981,15:54:01.795,2017,-0.0149,1.6254
12982,15:54:01.795,2016,-0.0154,1.6246
12983,15:54:01.796,2020,-0.0134,1.6278
12984,15:54:01.796,2027,-0.0100,1.6335
12985,15:54:01.797,2031,-0.0081,1.6367
12986,15:54:01.797,2034,-0.0066,1.6391
12987,15:54:01.798,2035,-0.0061,1.6399
12988,15:54:01.798,2036,-0.0056,1.6407
12989,15:54:01.799,2038,-0.0046,1.6423
12990,15:54:01.799,2030,-0.0085,1.6359
12991,15:54:01.800,2026,-0.0105,1.6327
12992,15:54:01.800,2030,-0.0085,1.6359
12993,15:54:01.801,2026,-0.0105,1.6327
12994,15:54:01.801,2027,-0.0100,1.6335
12995,15:54:01.802,2024,-0.0115,1.6311
12996,15:54:01.802,2025,-0.0110,1.6319
12997,15:54:01.803,2022,-0.0125,1.6295
12998,15:54:01.803,2013,-0.0168,1.6222
12999,15:54:01.804,2010,-0.0183,1.6198
13000,15:54:01.804,2007,-0.0198,1.6174
13001,15:54:01.805,2012,-0.0173,1.6214
13002,15:54:01.805,2010,-0.0183,1.6198
13003,15:54:01.806,2013,-0.0168,1.6222
13004,15:54:01.806,2014,-0.0164,1.6230
13005,15:54:01.807,2013,-0.0168,1.6222
13006,15:54:01.807,2015,-0.0159,1.6238
13007,15:54:01.808,2017,-0.0149,1.6254
13008,15:54:01.808,2022,-0.0125,1.6295
13009,15:54:01.809,2025,-0.0110,1.6319
13010,15:54:01.809,2032,-0.0076,1.6375
13011,15:54:01.810,2031,-0.0081,1.6367
13012,15:54:01.810,2037,-0.0051,1.6415
13013,15:54:01.811,2037,-0.0051,1.6415
13014,15:54:01.811,2037,-0.0051,1.6415
13015,15:54:01.812,2033,-0.0071,1.6383
13016,15:54:01.812,2033,-0.0071,1.6383
13017,15:54:01.813,2034,-0.0066,1.6391
13018,15:54:01.813,2029,-0.0090,1.6351
13019,15:54:01.814,2029,-0.0090,1.6351
13020,15:54:01.814,2028,-0.0095,1.6343
13021,15:54:01.815,2025,-0.0110,1.6319
13022,15:54:01.815,2019,-0.0139,1.6270
13023,15:54:01.816,2014,-0.0164,1.6230
13024,15:54:01.816,2010,-0.0183,1.6198
13025,15:54:01.817,2013,-0.0168,1.6222
13026,15:54:01.817,2007,-0.0198,1.6174
13027,15:54:01.818,2009,-0.0188,1.6190
13028,15:54:01.818,2015,-0.0159,1.6238
13029,15:54:01.819,2014,-0.0164,1.6230
13030,15:54:01.819,2015,-0.0159,1.6238
13031,15:54:01.820,2012,-0.0173,1.6214
13032,15:54:01.820,2019,-0.0139,1.6270
13033,15:54:01.821,2021,-0.0129,1.6286
13034,15:54:01.821,2024,-0.0115,1.6311
13035,15:54:01.822,2030,-0.0085,1.6359
13036,15:54:01.822,2035,-0.0061,1.6399
13037,15:54:01.823,2035,-0.0061,1.6399
13038,15:54:01.823,2033,-0.0071,1.6383
13039,15:54:01.824,2033,-0.0071,1.6383
13040,15:54:01.824,2031,-0.0081,1.6367
13041,15:54:01.825,2032,-0.0076,1.6375
13042,15:54:01.825,2029,-0.0090,1.6351
13043,15:54:01.826,2033,-0.0071,1.6383
13044,15:54:01.826,2027,-0.0100,1.6335
13045,15:54:01.827,2023,-0.0120,1.6303
13046,15:54:01.827,2023,-0.0120,1.6303
13047,15:54:01.828,2018,-0.0144,1.6262
13048,15:54:01.828,2014,-0.0164,1.6230
13049,15:54:01.829,2013,-0.0168,1.6222
13050,15:54:01.829,2011,-0.0178,1.6206
13051,15:54:01.830,2006,-0.0203,1.6166
13052,15:54:01.830,2009,-0.0188,1.6190
13053,15:54:01.831,2013,-0.0168,1.6222
13054,15:54:01.831,2012,-0.0173,1.6214
13055,15:54:01.832,2013,-0.0168,1.6222
13056,15:54:01.832,2018,-0.0144,1.6262
13057,15:54:01.833,2020,-0.0134,1.6278
13058,15:54:01.833,2023,-0.0120,1.6303
13059,15:54:01.834,2028,-0.0095,1.6343
13060,15:54:01.834,2029,-0.0090,1.6351
13061,15:54:01.835,2036,-0.0056,1.6407
13062,15:54:01.835,2037,-0.0051,1.6415
13063,15:54:01.836,2032,-0.0076,1.6375
13064,15:54:01.836,2033,-0.0071,1.6383
13065,15:54:01.837,2032,-0.0076,1.6375
13066,15:54:01.837,2035,-0.0061,1.6399
13067,15:54:01.838,2028,-0.0095,1.6343
13068,15:54:01.838,2028,-0.0095,1.6343
13069,15:54:01.839,2027,-0.0100,1.6335
13070,15:54:01.839,2024,-0.0115,1.6311
13071,15:54:01.840,2022,-0.0125,1.6295
13072,15:54:01.840,2017,-0.0149,1.6254
13073,15:54:01.841,2010,-0.0183,1.6198
13074,15:54:01.841,2012,-0.0173,1.6214
13075,15:54:01.842,2010,-0.0183,1.6198
13076,15:54:01.842,2007,-0.0198,1.6174
13077,15:54:01.843,2011,-0.0178,1.6206
13078,15:54:01.843,2010,-0.0183,1.6198
13079,15:54:01.844,2012,-0.0173,1.6214
13080,15:54:01.844,2020,-0.0134,1.6278
13081,15:54:01.845,2016,-0.0154,1.6246
13082,15:54:01.845,2017,-0.0149,1.6254
13083,15:54:01.846,2024,-0.0115,1.6311
13084,15:54:01.846,2025,-0.0110,1.6319
13085,15:54:01.847,2032,-0.0076,1.6375
13086,15:54:01.847,2033,-0.0071,1.6383
13087,15:54:01.848,2034,-0.0066,1.6391
13088,15:54:01.848,2036,-0.0056,1.6407
13089,15:54:01.849,2034,-0.0066,1.6391
13090,15:54:01.849,2031,-0.0081,1.6367
13091,15:54:01.850,2030,-0.0085,1.6359
13092,15:54:01.850,2033,-0.0071,1.6383
13093,15:54:01.851,2027,-0.0100,1.6335
13094,15:54:01.851,2030,-0.0085,1.6359
13095,15:54:01.852,2027,-0.0100,1.6335
13096,15:54:01.852,2021,-0.0129,1.6286
13097,15:54:01.853,2015,-0.0159,1.6238
13098,15:54:01.853,2014,-0.0164,1.6230
13099,15:54:01.854,2012,-0.0173,1.6214
13100,15:54:01.854,2009,-0.0188,1.6190
13101,15:54:01.855,2005,-0.0208,1.6158
13102,15:54:01.855,2009,-0.0188,1.6190
13103,15:54:01.856,2015,-0.0159,1.6238
13104,15:54:01.856,2012,-0.0173,1.6214
13105,15:54:01.857,2009,-0.0188,1.6190
13106,15:54:01.857,2018,-0.0144,1.6262
13107,15:54:01.858,2019,-0.0139,1.6270
13108,15:54:01.858,2021,-0.0129,1.6286
13109,15:54:01.859,2027,-0.0100,1.6335
13110,15:54:01.859,2031,-0.0081,1.6367
13111,15:54:01.860,2032,-0.0076,1.6375
13112,15:54:01.860,2038,-0.0046,1.6423
13113,15:54:01.861,2033,-0.0071,1.6383
13114,15:54:01.861,2029,-0.0090,1.6351
13115,15:54:01.862,2032,-0.0076,1.6375
13116,15:54:01.862,2035,-0.0061,1.6399
13117,15:54:01.863,2029,-0.0090,1.6351
13118,15:54:01.863,2029,-0.0090,1.6351
13119,15:54:01.864,2029,-0.0090,1.6351
13120,15:54:01.864,2026,-0.0105,1.6327
13121,15:54:01.865,2025,-0.0110,1.6319
13122,15:54:01.865,2020,-0.0134,1.6278
13123,15:54:01.866,2019,-0.0139,1.6270
13124,15:54:01.866,2011,-0.0178,1.6206
13125,15:54:01.867,2011,-0.0178,1.6206
13126,15:54:01.867,2007,-0.0198,1.6174
13127,15:54:01.868,2007,-0.0198,1.6174
13128,15:54:01.868,2012,-0.0173,1.6214
13129,15:54:01.869,2014,-0.0164,1.6230
13130,15:54:01.869,2016,-0.0154,1.6246
13131,15:54:01.870,2017,-0.0149,1.6254
13132,15:54:01.870,2020,-0.0134,1.6278
13133,15:54:01.871,2022,-0.0125,1.6295
13134,15:54:01.871,2031,-0.0081,1.6367
13135,15:54:01.872,2031,-0.0081,1.6367
13136,15:54:01.872,2032,-0.0076,1.6375
13137,15:54:01.873,2034,-0.0066,1.6391
13138,15:54:01.873,2037,-0.0051,1.6415
13139,15:54:01.874,2033,-0.0071,1.6383
13140,15:54:01.874,2033,-0.0071,1.6383
13141,15:54:01.875,2024,-0.0115,1.6311
13142,15:54:01.875,2033,-0.0071,1.6383
13143,15:54:01.876,2031,-0.0081,1.6367
13144,15:54:01.876,2026,-0.0105,1.6327
13145,15:54:01.877,2025,-0.0110,1.6319
13146,15:54:01.877,2021,-0.0129,1.6286
13147,15:54:01.878,2019,-0.0139,1.6270
13148,15:54:01.878,2016,-0.0154,1.6246
13149,15:54:01.879,2011,-0.0178,1.6206
13150,15:54:01.879,2010,-0.0183,1.6198
13151,15:54:01.880,2008,-0.0193,1.6182
13152,15:54:01.880,2008,-0.0193,1.6182
13153,15:54:01.881,2010,-0.0183,1.6198
13154,15:54:01.881,2015,-0.0159,1.6238
13155,15:54:01.882,2013,-0.0168,1.6222
13156,15:54:01.882,2019,-0.0139,1.6270
13157,15:54:01.883,2020,-0.0134,1.6278
13158,15:54:01.883,2024,-0.0115,1.6311
13159,15:54:01.884,2026,-0.0105,1.6327
13160,15:54:01.884,2031,-0.0081,1.6367
13161,15:54:01.885,2033,-0.0071,1.6383
13162,15:54:01.885,2034,-0.0066,1.6391
13163,15:54:01.886,2033,-0.0071,1.6383
13164,15:54:01.886,2035,-0.0061,1.6399
13165,15:54:01.887,2032,-0.0076,1.6375
13166,15:54:01.887,2034,-0.0066,1.6391
13167,15:54:01.888,2031,-0.0081,1.6367
13168,15:54:01.888,2027,-0.0100,1.6335
13169,15:54:01.889,2027,-0.0100,1.6335
13170,15:54:01.889,2025,-0.0110,1.6319
13171,15:54:01.890,2021,-0.0129,1.6286
13172,15:54:01.890,2015,-0.0159,1.6238
13173,15:54:01.891,2016,-0.0154,1.6246
13174,15:54:01.891,2010,-0.0183,1.6198
13175,15:54:01.892,2007,-0.0198,1.6174
13176,15:54:01.892,2008,-0.0193,1.6182
13177,15:54:01.893,2012,-0.0173,1.6214
13178,15:54:01.893,2011,-0.0178,1.6206
13179,15:54:01.894,2014,-0.0164,1.6230
13180,15:54:01.894,2012,-0.0173,1.6214
13181,15:54:01.895,2011,-0.0178,1.6206
13182,15:54:01.895,2023,-0.0120,1.6303
13183,15:54:01.896,2028,-0.0095,1.6343
13184,15:54:01.896,2030,-0.0085,1.6359
13185,15:54:01.897,2034,-0.0066,1.6391
13186,15:54:01.897,2036,-0.0056,1.6407
13187,15:54:01.898,2036,-0.0056,1.6407
13188,15:54:01.898,2039,-0.0042,1.6432
13189,15:54:01.899,2033,-0.0071,1.6383
13190,15:54:01.899,2031,-0.0081,1.6367
13191,15:54:01.900,2033,-0.0071,1.6383
13192,15:54:01.900,2032,-0.0076,1.6375
13193,15:54:01.901,2028,-0.0095,1.6343
13194,15:54:01.901,2026,-0.0105,1.6327
13195,15:54:01.902,2023,-0.0120,1.6303
13196,15:54:01.902,2019,-0.0139,1.6270
13197,15:54:01.903,2015,-0.0159,1.6238
13198,15:54:01.903,2013,-0.0168,1.6222
13199,15:54:01.904,2011,-0.0178,1.6206
13200,15:54:01.904,2008,-0.0193,1.6182
13201,15:54:01.905,2004,-0.0212,1.6149
13202,15:54:01.905,2009,-0.0188,1.6190
13203,15:54:01.906,2012,-0.0173,1.6214
13204,15:54:01.906,2013,-0.0168,1.6222
13205,15:54:01.907,2014,-0.0164,1.6230
13206,15:54:01.907,2015,-0.0159,1.6238
13207,15:54:01.908,2018,-0.0144,1.6262
13208,15:54:01.908,2022,-0.0125,1.6295
13209,15:54:01.909,2032,-0.0076,1.6375
13210,15:54:01.909,2029,-0.0090,1.6351
13211,15:54:01.910,2031,-0.0081,1.6367
13212,15:54:01.910,2036,-0.0056,1.6407
13213,15:54:01.911,2032,-0.0076,1.6375
13214,15:54:01.911,2034,-0.0066,1.6391
13215,15:54:01.912,2031,-0.0081,1.6367
13216,15:54:01.912,2028,-0.0095,1.6343
13217,15:54:01.913,2030,-0.0085,1.6359
13218,15:54:01.913,2027,-0.0100,1.6335
13219,15:54:01.914,2025,-0.0110,1.6319
13220,15:54:01.914,2027,-0.0100,1.6335
13221,15:54:01.915,2023,-0.0120,1.6303
13222,15:54:01.915,2015,-0.0159,1.6238
13223,15:54:01.916,2014,-0.0164,1.6230
13224,15:54:01.916,2009,-0.0188,1.6190
13225,15:54:01.917,2009,-0.0188,1.6190
13226,15:54:01.917,2008,-0.0193,1.6182
13227,15:54:01.918,2013,-0.0168,1.6222
13228,15:54:01.918,2019,-0.0139,1.6270
13229,15:54:01.919,2013,-0.0168,1.6222
13230,15:54:01.919,2014,-0.0164,1.6230
13231,15:54:01.920,2018,-0.0144,1.6262
13232,15:54:01.920,2025,-0.0110,1.6319
13233,15:54:01.921,2027,-0.0100,1.6335
13234,15:54:01.921,2029,-0.0090,1.6351
13235,15:54:01.922,2033,-0.0071,1.6383
13236,15:54:01.922,2036,-0.0056,1.6407
13237,15:54:01.923,2037,-0.0051,1.6415
13238,15:54:01.923,2038,-0.0046,1.6423
13239,15:54:01.924,2034,-0.0066,1.6391
13240,15:54:01.924,2036,-0.0056,1.6407
13241,15:54:01.925,2033,-0.0071,1.6383
13242,15:54:01.925,2030,-0.0085,1.6359
13243,15:54:01.926,2026,-0.0105,1.6327
13244,15:54:01.926,2027,-0.0100,1.6335
13245,15:54:01.927,2023,-0.0120,1.6303
13246,15:54:01.927,2024,-0.0115,1.6311
13247,15:54:01.928,2017,-0.0149,1.6254
13248,15:54:01.928,2012,-0.0173,1.6214
13249,15:54:01.929,2007,-0.0198,1.6174
13250,15:54:01.929,2011,-0.0178,1.6206
13251,15:54:01.930,2009,-0.0188,1.6190
13252,15:54:01.930,2013,-0.0168,1.6222
13253,15:54:01.931,2010,-0.0183,1.6198
13254,15:54:01.931,2014,-0.0164,1.6230
13255,15:54:01.932,2016,-0.0154,1.6246
13256,15:54:01.932,2015,-0.0159,1.6238
13257,15:54:01.933,2018,-0.0144,1.6262
13258,15:54:01.933,2022,-0.0125,1.6295
13259,15:54:01.934,2028,-0.0095,1.6343
13260,15:54:01.934,2034,-0.0066,1.6391
13261,15:54:01.935,2036,-0.0056,1.6407
13262,15:54:01.935,2033,-0.0071,1.6383
13263,15:54:01.936,2033,-0.0071,1.6383
13264,15:54:01.936,2029,-0.0090,1.6351
13265,15:54:01.937,2029,-0.0090,1.6351
13266,15:54:01.937,2033,-0.0071,1.6383
13267,15:54:01.938,2033,-0.0071,1.6383
13268,15:54:01.938,2030,-0.0085,1.6359
13269,15:54:01.939,2029,-0.0090,1.6351
13270,15:54:01.939,2024,-0.0115,1.6311
13271,15:54:01.940,2021,-0.0129,1.6286
13272,15:54:01.940,2018,-0.0144,1.6262
13273,15:54:01.941,2012,-0.0173,1.6214
13274,15:54:01.941,2008,-0.0193,1.6182
13275,15:54:01.942,2008,-0.0193,1.6182
13276,15:54:01.942,2008,-0.0193,1.6182
13277,15:54:01.943,2013,-0.0168,1.6222
13278,15:54:01.943,2010,-0.0183,1.6198
13279,15:54:01.944,2014,-0.0164,1.6230
13280,15:54:01.944,2012,-0.0173,1.6214
13281,15:54:01.945,2020,-0.0134,1.6278
13282,15:54:01.945,2018,-0.0144,1.6262
13283,15:54:01.946,2025,-0.0110,1.6319
13284,15:54:01.946,2031,-0.0081,1.6367
13285,15:54:01.947,2032,-0.0076,1.6375
13286,15:54:01.947,2034,-0.0066,1.6391
13287,15:54:01.948,2036,-0.0056,1.6407
13288,15:54:01.948,2036,-0.0056,1.6407
13289,15:54:01.949,2033,-0.0071,1.6383
13290,15:54:01.949,2033,-0.0071,1.6383
13291,15:54:01.950,2032,-0.0076,1.6375
13292,15:54:01.950,2029,-0.0090,1.6351
13293,15:54:01.951,2026,-0.0105,1.6327
13294,15:54:01.951,2029,-0.0090,1.6351
13295,15:54:01.952,2024,-0.0115,1.6311
13296,15:54:01.952,2020,-0.0134,1.6278
13297,15:54:01.953,2014,-0.0164,1.6230
13298,15:54:01.953,2011,-0.0178,1.6206
13299,15:54:01.954,2009,-0.0188,1.6190
13300,15:54:01.954,2009,-0.0188,1.6190
13301,15:54:01.955,2009,-0.0188,1.6190
13302,15:54:01.955,2015,-0.0159,1.6238
13303,15:54:01.956,2016,-0.0154,1.6246
13304,15:54:01.956,2012,-0.0173,1.6214
13305,15:54:01.957,2016,-0.0154,1.6246
13306,15:54:01.957,2014,-0.0164,1.6230
13307,15:54:01.958,2022,-0.0125,1.6295
13308,15:54:01.958,2026,-0.0105,1.6327
13309,15:54:01.959,2033,-0.0071,1.6383
13310,15:54:01.959,2033,-0.0071,1.6383
13311,15:54:01.960,2035,-0.0061,1.6399
13312,15:54:01.960,2035,-0.0061,1.6399
13313,15:54:01.961,2033,-0.0071,1.6383
13314,15:54:01.961,2034,-0.0066,1.6391
13315,15:54:01.962,2032,-0.0076,1.6375
13316,15:54:01.962,2035,-0.0061,1.6399
13317,15:54:01.963,2030,-0.0085,1.6359
13318,15:54:01.963,2030,-0.0085,1.6359
13319,15:54:01.964,2025,-0.0110,1.6319
13320,15:54:01.964,2022,-0.0125,1.6295
13321,15:54:01.965,2021,-0.0129,1.6286
13322,15:54:01.965,2016,-0.0154,1.6246
13323,15:54:01.966,2010,-0.0183,1.6198
13324,15:54:01.966,2012,-0.0173,1.6214
13325,15:54:01.967,2011,-0.0178,1.6206
13326,15:54:01.967,2010,-0.0183,1.6198
13327,15:54:01.968,2014,-0.0164,1.6230
13328,15:54:01.968,2011,-0.0178,1.6206
13329,15:54:01.969,2009,-0.0188,1.6190
13330,15:54:01.969,2012,-0.0173,1.6214
13331,15:54:01.970,2011,-0.0178,1.6206
13332,15:54:01.970,2016,-0.0154,1.6246
13333,15:54:01.971,2028,-0.0095,1.6343
13334,15:54:01.971,2027,-0.0100,1.6335
13335,15:54:01.972,2031,-0.0081,1.6367
13336,15:54:01.972,2033,-0.0071,1.6383
13337,15:54:01.973,2035,-0.0061,1.6399
13338,15:54:01.973,2033,-0.0071,1.6383
13339,15:54:01.974,2030,-0.0085,1.6359
13340,15:54:01.974,2031,-0.0081,1.6367
13341,15:54:01.975,2032,-0.0076,1.6375
13342,15:54:01.975,2031,-0.0081,1.6367
13343,15:54:01.976,2033,-0.0071,1.6383
13344,15:54:01.976,2027,-0.0100,1.6335
13345,15:54:01.977,2022,-0.0125,1.6295
13346,15:54:01.977,2020,-0.0134,1.6278
13347,15:54:01.978,2016,-0.0154,1.6246
13348,15:54:01.978,2013,-0.0168,1.6222
13349,15:54:01.979,2009,-0.0188,1.6190
13350,15:54:01.979,2008,-0.0193,1.6182
13351,15:54:01.980,2010,-0.0183,1.6198
13352,15:54:01.980,2012,-0.0173,1.6214
13353,15:54:01.981,2015,-0.0159,1.6238
13354,15:54:01.981,2015,-0.0159,1.6238
13355,15:54:01.982,2014,-0.0164,1.6230
13356,15:54:01.982,2016,-0.0154,1.6246
13357,15:54:01.983,2019,-0.0139,1.6270
13358,15:54:01.983,2025,-0.0110,1.6319
13359,15:54:01.984,2032,-0.0076,1.6375
13360,15:54:01.984,2036,-0.0056,1.6407
13361,15:54:01.985,2038,-0.0046,1.6423
13362,15:54:01.985,2034,-0.0066,1.6391
13363,15:54:01.986,2036,-0.0056,1.6407
13364,15:54:01.986,2032,-0.0076,1.6375
13365,15:54:01.987,2031,-0.0081,1.6367
13366,15:54:01.987,2032,-0.0076,1.6375
13367,15:54:01.988,2030,-0.0085,1.6359
13368,15:54:01.988,2028,-0.0095,1.6343
13369,15:54:01.989,2027,-0.0100,1.6335
13370,15:54:01.989,2024,-0.0115,1.6311
13371,15:54:01.990,2020,-0.0134,1.6278
13372,15:54:01.990,2012,-0.0173,1.6214
13373,15:54:01.991,2013,-0.0168,1.6222
13374,15:54:01.991,2010,-0.0183,1.6198
13375,15:54:01.992,2008,-0.0193,1.6182
13376,15:54:01.992,2009,-0.0188,1.6190
13377,15:54:01.993,2013,-0.0168,1.6222
13378,15:54:01.993,2014,-0.0164,1.6230
13379,15:54:01.994,2013,-0.0168,1.6222
13380,15:54:01.994,2012,-0.0173,1.6214
13381,15:54:01.995,2015,-0.0159,1.6238
13382,15:54:01.995,2023,-0.0120,1.6303
13383,15:54:01.996,2028,-0.0095,1.6343
13384,15:54:01.996,2030,-0.0085,1.6359
13385,15:54:01.997,2035,-0.0061,1.6399
13386,15:54:01.997,2034,-0.0066,1.6391
13387,15:54:01.998,2036,-0.0056,1.6407
13388,15:54:01.998,2035,-0.0061,1.6399
13389,15:54:01.999,2032,-0.0076,1.6375
13390,15:54:01.999,2030,-0.0085,1.6359
13391,15:54:02.000,2029,-0.0090,1.6351
13392,15:54:02.000,2034,-0.0066,1.6391
13393,15:54:02.001,2027,-0.0100,1.6335
13394,15:54:02.001,2025,-0.0110,1.6319
13395,15:54:02.002,2021,-0.0129,1.6286
13396,15:54:02.002,2016,-0.0154,1.6246
13397,15:54:02.003,2014,-0.0164,1.6230
13398,15:54:02.003,2012,-0.0173,1.6214
13399,15:54:02.004,2009,-0.0188,1.6190
13400,15:54:02.004,2006,-0.0203,1.6166
13401,15:54:02.005,2010,-0.0183,1.6198
13402,15:54:02.005,2012,-0.0173,1.6214
13403,15:54:02.006,2012,-0.0173,1.6214
13404,15:54:02.006,2013,-0.0168,1.6222
13405,15:54:02.007,2015,-0.0159,1.6238
13406,15:54:02.007,2016,-0.0154,1.6246
13407,15:54:02.008,2024,-0.0115,1.6311
13408,15:54:02.008,2031,-0.0081,1.6367
13409,15:54:02.009,2030,-0.0085,1.6359
13410,15:54:02.009,2034,-0.0066,1.6391
13411,15:54:02.010,2033,-0.0071,1.6383
13412,15:54:02.010,2031,-0.0081,1.6367
13413,15:54:02.011,2033,-0.0071,1.6383
13414,15:54:02.011,2034,-0.0066,1.6391
13415,15:54:02.012,2032,-0.0076,1.6375
13416,15:54:02.012,2032,-0.0076,1.6375
13417,15:54:02.013,2029,-0.0090,1.6351
13418,15:54:02.013,2033,-0.0071,1.6383
13419,15:54:02.014,2023,-0.0120,1.6303
13420,15:54:02.014,2023,-0.0120,1.6303
13421,15:54:02.015,2021,-0.0129,1.6286
13422,15:54:02.015,2014,-0.0164,1.6230
13423,15:54:02.016,2009,-0.0188,1.6190
13424,15:54:02.016,2010,-0.0183,1.6198
13425,15:54:02.017,2013,-0.0168,1.6222
13426,15:54:02.017,2013,-0.0168,1.6222
13427,15:54:02.018,2015,-0.0159,1.6238
13428,15:54:02.018,2013,-0.0168,1.6222
13429,15:54:02.019,2015,-0.0159,1.6238
13430,15:54:02.019,2009,-0.0188,1.6190
13431,15:54:02.020,2016,-0.0154,1.6246
13432,15:54:02.020,2020,-0.0134,1.6278
13433,15:54:02.021,2028,-0.0095,1.6343
13434,15:54:02.021,2031,-0.0081,1.6367
13435,15:54:02.022,2035,-0.0061,1.6399
13436,15:54:02.022,2039,-0.0042,1.6432
13437,15:54:02.023,2035,-0.0061,1.6399
13438,15:54:02.023,2035,-0.0061,1.6399
13439,15:54:02.024,2033,-0.0071,1.6383
13440,15:54:02.024,2032,-0.0076,1.6375
13441,15:54:02.025,2029,-0.0090,1.6351
13442,15:54:02.025,2030,-0.0085,1.6359
13443,15:54:02.026,2027,-0.0100,1.6335
13444,15:54:02.026,2025,-0.0110,1.6319
13445,15:54:02.027,2023,-0.0120,1.6303
13446,15:54:02.027,2016,-0.0154,1.6246
13447,15:54:02.028,2013,-0.0168,1.6222
13448,15:54:02.028,2012,-0.0173,1.6214
13449,15:54:02.029,2009,-0.0188,1.6190
13450,15:54:02.029,2013,-0.0168,1.6222
13451,15:54:02.030,2013,-0.0168,1.6222
13452,15:54:02.030,2013,-0.0168,1.6222
13453,15:54:02.031,2011,-0.0178,1.6206
13454,15:54:02.031,2013,-0.0168,1.6222
13455,15:54:02.032,2015,-0.0159,1.6238
13456,15:54:02.032,2018,-0.0144,1.6262
13457,15:54:02.033,2020,-0.0134,1.6278
13458,15:54:02.033,2026,-0.0105,1.6327
13459,15:54:02.034,2029,-0.0090,1.6351
13460,15:54:02.034,2034,-0.0066,1.6391
13461,15:54:02.035,2035,-0.0061,1.6399
13462,15:54:02.035,2034,-0.0066,1.6391
13463,15:54:02.036,2034,-0.0066,1.6391
13464,15:54:02.036,2032,-0.0076,1.6375
13465,15:54:02.037,2034,-0.0066,1.6391
13466,15:54:02.037,2032,-0.0076,1.6375
13467,15:54:02.038,2026,-0.0105,1.6327
13468,15:54:02.038,2028,-0.0095,1.6343
13469,15:54:02.039,2026,-0.0105,1.6327
13470,15:54:02.039,2024,-0.0115,1.6311
13471,15:54:02.040,2015,-0.0159,1.6238
13472,15:54:02.040,2014,-0.0164,1.6230
13473,15:54:02.041,2008,-0.0193,1.6182
13474,15:54:02.041,2011,-0.0178,1.6206
13475,15:54:02.042,2010,-0.0183,1.6198
13476,15:54:02.042,2012,-0.0173,1.6214
13477,15:54:02.043,2013,-0.0168,1.6222
13478,15:54:02.043,2014,-0.0164,1.6230
13479,15:54:02.044,2014,-0.0164,1.6230
13480,15:54:02.044,2014,-0.0164,1.6230
13481,15:54:02.045,2017,-0.0149,1.6254
13482,15:54:02.045,2028,-0.0095,1.6343
13483,15:54:02.046,2028,-0.0095,1.6343
13484,15:54:02.046,2032,-0.0076,1.6375
13485,15:54:02.047,2035,-0.0061,1.6399
13486,15:54:02.047,2037,-0.0051,1.6415
13487,15:54:02.048,2035,-0.0061,1.6399
13488,15:54:02.048,2033,-0.0071,1.6383
13489,15:54:02.049,2032,-0.0076,1.6375
13490,15:54:02.049,2031,-0.0081,1.6367
13491,15:54:02.050,2030,-0.0085,1.6359
13492,15:54:02.050,2031,-0.0081,1.6367
13493,15:54:02.051,2033,-0.0071,1.6383
13494,15:54:02.051,2025,-0.0110,1.6319
13495,15:54:02.052,2022,-0.0125,1.6295
13496,15:54:02.052,2018,-0.0144,1.6262
13497,15:54:02.053,2013,-0.0168,1.6222
13498,15:54:02.053,2010,-0.0183,1.6198
13499,15:54:02.054,2009,-0.0188,1.6190
13500,15:54:02.054,2011,-0.0178,1.6206
13501,15:54:02.055,2013,-0.0168,1.6222
13502,15:54:02.055,2013,-0.0168,1.6222
13503,15:54:02.056,2013,-0.0168,1.6222
13504,15:54:02.056,2017,-0.0149,1.6254
13505,15:54:02.057,2018,-0.0144,1.6262
13506,15:54:02.057,2016,-0.0154,1.6246
13507,15:54:02.058,2024,-0.0115,1.6311
13508,15:54:02.058,2031,-0.0081,1.6367
13509,15:54:02.059,2032,-0.0076,1.6375
13510,15:54:02.059,2033,-0.0071,1.6383
13511,15:54:02.060,2037,-0.0051,1.6415
13512,15:54:02.060,2033,-0.0071,1.6383
13513,15:54:02.061,2031,-0.0081,1.6367
13514,15:54:02.061,2032,-0.0076,1.6375
13515,15:54:02.062,2030,-0.0085,1.6359
13516,15:54:02.062,2032,-0.0076,1.6375
13517,15:54:02.063,2028,-0.0095,1.6343
13518,15:54:02.063,2027,-0.0100,1.6335
13519,15:54:02.064,2025,-0.0110,1.6319
13520,15:54:02.064,2021,-0.0129,1.6286
13521,15:54:02.065,2017,-0.0149,1.6254
13522,15:54:02.065,2013,-0.0168,1.6222
13523,15:54:02.066,2012,-0.0173,1.6214
13524,15:54:02.066,2006,-0.0203,1.6166
13525,15:54:02.067,2012,-0.0173,1.6214
13526,15:54:02.067,2014,-0.0164,1.6230
13527,15:54:02.068,2013,-0.0168,1.6222
13528,15:54:02.068,2013,-0.0168,1.6222
13529,15:54:02.069,2009,-0.0188,1.6190
13530,15:54:02.069,2013,-0.0168,1.6222
13531,15:54:02.070,2020,-0.0134,1.6278
13532,15:54:02.070,2023,-0.0120,1.6303
13533,15:54:02.071,2028,-0.0095,1.6343
13534,15:54:02.071,2035,-0.0061,1.6399
13535,15:54:02.072,2041,-0.0032,1.6448
13536,15:54:02.072,2036,-0.0056,1.6407
13537,15:54:02.073,2033,-0.0071,1.6383
13538,15:54:02.073,2034,-0.0066,1.6391
13539,15:54:02.074,2030,-0.0085,1.6359
13540,15:54:02.074,2036,-0.0056,1.6407
13541,15:54:02.075,2033,-0.0071,1.6383
13542,15:54:02.075,2033,-0.0071,1.6383
13543,15:54:02.076,2030,-0.0085,1.6359
13544,15:54:02.076,2027,-0.0100,1.6335
13545,15:54:02.077,2019,-0.0139,1.6270
13546,15:54:02.077,2015,-0.0159,1.6238
13547,15:54:02.078,2012,-0.0173,1.6214
13548,15:54:02.078,2009,-0.0188,1.6190
13549,15:54:02.079,2008,-0.0193,1.6182
13550,15:54:02.079,2010,-0.0183,1.6198
13551,15:54:02.080,2014,-0.0164,1.6230
13552,15:54:02.080,2013,-0.0168,1.6222
13553,15:54:02.081,2009,-0.0188,1.6190
13554,15:54:02.081,2015,-0.0159,1.6238
13555,15:54:02.082,2016,-0.0154,1.6246
13556,15:54:02.082,2021,-0.0129,1.6286
13557,15:54:02.083,2021,-0.0129,1.6286
13558,15:54:02.083,2028,-0.0095,1.6343
13559,15:54:02.084,2033,-0.0071,1.6383
13560,15:54:02.084,2033,-0.0071,1.6383
13561,15:54:02.085,2033,-0.0071,1.6383
13562,15:54:02.085,2034,-0.0066,1.6391
13563,15:54:02.086,2032,-0.0076,1.6375
13564,15:54:02.086,2032,-0.0076,1.6375
13565,15:54:02.087,2028,-0.0095,1.6343
13566,15:54:02.087,2029,-0.0090,1.6351
13567,15:54:02.088,2026,-0.0105,1.6327
13568,15:54:02.088,2024,-0.0115,1.6311
13569,15:54:02.089,2023,-0.0120,1.6303
13570,15:54:02.089,2015,-0.0159,1.6238
13571,15:54:02.090,2014,-0.0164,1.6230
13572,15:54:02.090,2013,-0.0168,1.6222
13573,15:54:02.091,2003,-0.0217,1.6141
13574,15:54:02.091,2009,-0.0188,1.6190
13575,15:54:02.092,2012,-0.0173,1.6214
13576,15:54:02.092,2013,-0.0168,1.6222
13577,15:54:02.093,2018,-0.0144,1.6262
13578,15:54:02.093,2014,-0.0164,1.6230
13579,15:54:02.094,2015,-0.0159,1.6238
13580,15:54:02.094,2012,-0.0173,1.6214
13581,15:54:02.095,2023,-0.0120,1.6303
13582,15:54:02.095,2024,-0.0115,1.6311
13583,15:54:02.096,2030,-0.0085,1.6359
13584,15:54:02.096,2034,-0.0066,1.6391
13585,15:54:02.097,2042,-0.0027,1.6456
13586,15:54:02.097,2037,-0.0051,1.6415
13587,15:54:02.098,2032,-0.0076,1.6375
13588,15:54:02.098,2030,-0.0085,1.6359
13589,15:54:02.099,2030,-0.0085,1.6359
13590,15:54:02.099,2036,-0.0056,1.6407
13591,15:54:02.100,2032,-0.0076,1.6375
13592,15:54:02.100,2030,-0.0085,1.6359
13593,15:54:02.101,2027,-0.0100,1.6335
13594,15:54:02.101,2023,-0.0120,1.6303
13595,15:54:02.102,2021,-0.0129,1.6286
13596,15:54:02.102,2017,-0.0149,1.6254
13597,15:54:02.103,2014,-0.0164,1.6230
13598,15:54:02.103,2010,-0.0183,1.6198
13599,15:54:02.104,2012,-0.0173,1.6214
13600,15:54:02.104,2011,-0.0178,1.6206
13601,15:54:02.105,2008,-0.0193,1.6182
13602,15:54:02.105,2010,-0.0183,1.6198
13603,15:54:02.106,2015,-0.0159,1.6238
13604,15:54:02.106,2015,-0.0159,1.6238
13605,15:54:02.107,2013,-0.0168,1.6222
13606,15:54:02.107,2019,-0.0139,1.6270
13607,15:54:02.108,2024,-0.0115,1.6311
13608,15:54:02.108,2027,-0.0100,1.6335
13609,15:54:02.109,2033,-0.0071,1.6383
13610,15:54:02.109,2034,-0.0066,1.6391
13611,15:54:02.110,2037,-0.0051,1.6415
13612,15:54:02.110,2033,-0.0071,1.6383
13613,15:54:02.111,2030,-0.0085,1.6359
13614,15:54:02.111,2030,-0.0085,1.6359
13615,15:54:02.112,2029,-0.0090,1.6351
13616,15:54:02.112,2032,-0.0076,1.6375
13617,15:54:02.113,2029,-0.0090,1.6351
13618,15:54:02.113,2024,-0.0115,1.6311
13619,15:54:02.114,2023,-0.0120,1.6303
13620,15:54:02.114,2020,-0.0134,1.6278
13621,15:54:02.115,2017,-0.0149,1.6254
13622,15:54:02.115,2008,-0.0193,1.6182
13623,15:54:02.116,2011,-0.0178,1.6206
13624,15:54:02.116,2008,-0.0193,1.6182
13625,15:54:02.117,2011,-0.0178,1.6206
13626,15:54:02.117,2014,-0.0164,1.6230
13627,15:54:02.118,2012,-0.0173,1.6214
13628,15:54:02.118,2013,-0.0168,1.6222
13629,15:54:02.119,2017,-0.0149,1.6254
13630,15:54:02.119,2017,-0.0149,1.6254
13631,15:54:02.120,2021,-0.0129,1.6286
13632,15:54:02.120,2030,-0.0085,1.6359
13633,15:54:02.121,2028,-0.0095,1.6343
13634,15:54:02.121,2033,-0.0071,1.6383
13635,15:54:02.122,2033,-0.0071,1.6383
13636,15:54:02.122,2037,-0.0051,1.6415
13637,15:54:02.123,2033,-0.0071,1.6383
13638,15:54:02.123,2034,-0.0066,1.6391
13639,15:54:02.124,2033,-0.0071,1.6383
13640,15:54:02.124,2030,-0.0085,1.6359
13641,15:54:02.125,2033,-0.0071,1.6383
13642,15:54:02.125,2028,-0.0095,1.6343
13643,15:54:02.126,2027,-0.0100,1.6335
13644,15:54:02.126,2023,-0.0120,1.6303
13645,15:54:02.127,2023,-0.0120,1.6303
13646,15:54:02.127,2019,-0.0139,1.6270
13647,15:54:02.128,2017,-0.0149,1.6254
13648,15:54:02.128,2017,-0.0149,1.6254
13649,15:54:02.129,2013,-0.0168,1.6222
13650,15:54:02.129,2013,-0.0168,1.6222
13651,15:54:02.130,2011,-0.0178,1.6206
13652,15:54:02.130,2014,-0.0164,1.6230
13653,15:54:02.131,2011,-0.0178,1.6206
13654,15:54:02.131,2014,-0.0164,1.6230
13655,15:54:02.132,2021,-0.0129,1.6286
13656,15:54:02.132,2019,-0.0139,1.6270
13657,15:54:02.133,2023,-0.0120,1.6303
13658,15:54:02.133,2033,-0.0071,1.6383
13659,15:54:02.134,2033,-0.0071,1.6383
13660,15:54:02.134,2031,-0.0081,1.6367
13661,15:54:02.135,2033,-0.0071,1.6383
13662,15:54:02.135,2033,-0.0071,1.6383
13663,15:54:02.136,2028,-0.0095,1.6343
13664,15:54:02.136,2029,-0.0090,1.6351
13665,15:54:02.137,2030,-0.0085,1.6359
13666,15:54:02.137,2028,-0.0095,1.6343
13667,15:54:02.138,2025,-0.0110,1.6319
13668,15:54:02.138,2024,-0.0115,1.6311
13669,15:54:02.139,2021,-0.0129,1.6286
13670,15:54:02.139,2016,-0.0154,1.6246
13671,15:54:02.140,2015,-0.0159,1.6238
13672,15:54:02.140,2009,-0.0188,1.6190
13673,15:54:02.141,2007,-0.0198,1.6174
13674,15:54:02.141,2013,-0.0168,1.6222
13675,15:54:02.142,2015,-0.0159,1.6238
13676,15:54:02.142,2016,-0.0154,1.6246
13677,15:54:02.143,2013,-0.0168,1.6222
13678,15:54:02.143,2013,-0.0168,1.6222
13679,15:54:02.144,2014,-0.0164,1.6230
13680,15:54:02.144,2021,-0.0129,1.6286
13681,15:54:02.145,2021,-0.0129,1.6286
13682,15:54:02.145,2026,-0.0105,1.6327
13683,15:54:02.146,2030,-0.0085,1.6359
13684,15:54:02.146,2033,-0.0071,1.6383
13685,15:54:02.147,2035,-0.0061,1.6399
13686,15:54:02.147,2037,-0.0051,1.6415
13687,15:54:02.148,2033,-0.0071,1.6383
13688,15:54:02.148,2032,-0.0076,1.6375
13689,15:54:02.149,2036,-0.0056,1.6407
13690,15:54:02.149,2031,-0.0081,1.6367
13691,15:54:02.150,2033,-0.0071,1.6383
13692,15:54:02.150,2028,-0.0095,1.6343
13693,15:54:02.151,2026,-0.0105,1.6327
13694,15:54:02.151,2023,-0.0120,1.6303
13695,15:54:02.152,2018,-0.0144,1.6262
13696,15:54:02.152,2018,-0.0144,1.6262
13697,15:54:02.153,2015,-0.0159,1.6238
13698,15:54:02.153,2011,-0.0178,1.6206
13699,15:54:02.154,2008,-0.0193,1.6182
13700,15:54:02.154,2013,-0.0168,1.6222
13701,15:54:02.155,2014,-0.0164,1.6230
13702,15:54:02.155,2013,-0.0168,1.6222
13703,15:54:02.156,2016,-0.0154,1.6246
13704,15:54:02.156,2012,-0.0173,1.6214
13705,15:54:02.157,2014,-0.0164,1.6230
13706,15:54:02.157,2019,-0.0139,1.6270
13707,15:54:02.158,2026,-0.0105,1.6327
13708,15:54:02.158,2027,-0.0100,1.6335
13709,15:54:02.159,2038,-0.0046,1.6423
13710,15:54:02.159,2036,-0.0056,1.6407
13711,15:54:02.160,2036,-0.0056,1.6407
13712,15:54:02.160,2029,-0.0090,1.6351
13713,15:54:02.161,2032,-0.0076,1.6375
13714,15:54:02.161,2028,-0.0095,1.6343
13715,15:54:02.162,2031,-0.0081,1.6367
13716,15:54:02.162,2029,-0.0090,1.6351
13717,15:54:02.163,2028,-0.0095,1.6343
13718,15:54:02.163,2025,-0.0110,1.6319
13719,15:54:02.164,2020,-0.0134,1.6278
13720,15:54:02.164,2021,-0.0129,1.6286
13721,15:54:02.165,2014,-0.0164,1.6230
13722,15:54:02.165,2011,-0.0178,1.6206
13723,15:54:02.166,2008,-0.0193,1.6182
13724,15:54:02.166,2011,-0.0178,1.6206
13725,15:54:02.167,2010,-0.0183,1.6198
13726,15:54:02.167,2011,-0.0178,1.6206
13727,15:54:02.168,2012,-0.0173,1.6214
13728,15:54:02.168,2011,-0.0178,1.6206
13729,15:54:02.169,2013,-0.0168,1.6222
13730,15:54:02.169,2020,-0.0134,1.6278
13731,15:54:02.170,2025,-0.0110,1.6319
13732,15:54:02.170,2028,-0.0095,1.6343
13733,15:54:02.171,2032,-0.0076,1.6375
13734,15:54:02.171,2033,-0.0071,1.6383
13735,15:54:02.172,2035,-0.0061,1.6399
13736,15:54:02.172,2035,-0.0061,1.6399
13737,15:54:02.173,2031,-0.0081,1.6367
13738,15:54:02.173,2032,-0.0076,1.6375
13739,15:54:02.174,2027,-0.0100,1.6335
13740,15:54:02.174,2030,-0.0085,1.6359
13741,15:54:02.175,2031,-0.0081,1.6367
13742,15:54:02.175,2028,-0.0095,1.6343
13743,15:54:02.176,2024,-0.0115,1.6311
13744,15:54:02.176,2024,-0.0115,1.6311
13745,15:54:02.177,2018,-0.0144,1.6262
13746,15:54:02.177,2013,-0.0168,1.6222
13747,15:54:02.178,2014,-0.0164,1.6230
13748,15:54:02.178,2010,-0.0183,1.6198
13749,15:54:02.179,2014,-0.0164,1.6230
13750,15:54:02.179,2013,-0.0168,1.6222
13751,15:54:02.180,2014,-0.0164,1.6230
13752,15:54:02.180,2012,-0.0173,1.6214
13753,15:54:02.181,2010,-0.0183,1.6198
13754,15:54:02.181,2015,-0.0159,1.6238
13755,15:54:02.182,2020,-0.0134,1.6278
13756,15:54:02.182,2023,-0.0120,1.6303
13757,15:54:02.183,2033,-0.0071,1.6383
13758,15:54:02.183,2028,-0.0095,1.6343
13759,15:54:02.184,2032,-0.0076,1.6375
13760,15:54:02.184,2035,-0.0061,1.6399
13761,15:54:02.185,2033,-0.0071,1.6383
13762,15:54:02.185,2033,-0.0071,1.6383
13763,15:54:02.186,2029,-0.0090,1.6351
13764,15:54:02.186,2032,-0.0076,1.6375
13765,15:54:02.187,2027,-0.0100,1.6335
13766,15:54:02.187,2030,-0.0085,1.6359
13767,15:54:02.188,2026,-0.0105,1.6327
13768,15:54:02.188,2027,-0.0100,1.6335
13769,15:54:02.189,2018,-0.0144,1.6262
13770,15:54:02.189,2015,-0.0159,1.6238
13771,15:54:02.190,2015,-0.0159,1.6238
13772,15:54:02.190,2012,-0.0173,1.6214
13773,15:54:02.191,2009,-0.0188,1.6190
13774,15:54:02.191,2009,-0.0188,1.6190
13775,15:54:02.192,2009,-0.0188,1.6190
13776,15:54:02.192,2010,-0.0183,1.6198
13777,15:54:02.193,2010,-0.0183,1.6198
13778,15:54:02.193,2014,-0.0164,1.6230
13779,15:54:02.194,2018,-0.0144,1.6262
13780,15:54:02.194,2018,-0.0144,1.6262
13781,15:54:02.195,2022,-0.0125,1.6295
13782,15:54:02.195,2030,-0.0085,1.6359
13783,15:54:02.196,2032,-0.0076,1.6375
13784,15:54:02.196,2032,-0.0076,1.6375
13785,15:54:02.197,2034,-0.0066,1.6391
13786,15:54:02.197,2036,-0.0056,1.6407
13787,15:54:02.198,2031,-0.0081,1.6367
13788,15:54:02.198,2033,-0.0071,1.6383
13789,15:54:02.199,2037,-0.0051,1.6415
13790,15:54:02.199,2030,-0.0085,1.6359
13791,15:54:02.200,2032,-0.0076,1.6375
13792,15:54:02.200,2026,-0.0105,1.6327
13793,15:54:02.201,2022,-0.0125,1.6295
13794,15:54:02.201,2025,-0.0110,1.6319
13795,15:54:02.202,2017,-0.0149,1.6254
13796,15:54:02.202,2020,-0.0134,1.6278
13797,15:54:02.203,2011,-0.0178,1.6206
13798,15:54:02.203,2010,-0.0183,1.6198
13799,15:54:02.204,2013,-0.0168,1.6222
13800,15:54:02.204,2012,-0.0173,1.6214
13801,15:54:02.205,2011,-0.0178,1.6206
13802,15:54:02.205,2011,-0.0178,1.6206
13803,15:54:02.206,2011,-0.0178,1.6206
13804,15:54:02.206,2013,-0.0168,1.6222
13805,15:54:02.207,2019,-0.0139,1.6270
13806,15:54:02.207,2018,-0.0144,1.6262
13807,15:54:02.208,2027,-0.0100,1.6335
13808,15:54:02.208,2027,-0.0100,1.6335
13809,15:54:02.209,2033,-0.0071,1.6383
13810,15:54:02.209,2034,-0.0066,1.6391
13811,15:54:02.210,2032,-0.0076,1.6375
13812,15:54:02.210,2029,-0.0090,1.6351
13813,15:54:02.211,2029,-0.0090,1.6351
13814,15:54:02.211,2026,-0.0105,1.6327
13815,15:54:02.212,2028,-0.0095,1.6343
13816,15:54:02.212,2030,-0.0085,1.6359
13817,15:54:02.213,2022,-0.0125,1.6295
13818,15:54:02.213,2023,-0.0120,1.6303
13819,15:54:02.214,2020,-0.0134,1.6278
13820,15:54:02.214,2016,-0.0154,1.6246
13821,15:54:02.215,2008,-0.0193,1.6182
13822,15:54:02.215,2014,-0.0164,1.6230
13823,15:54:02.216,2014,-0.0164,1.6230
13824,15:54:02.216,2012,-0.0173,1.6214
13825,15:54:02.217,2013,-0.0168,1.6222
13826,15:54:02.217,2015,-0.0159,1.6238
13827,15:54:02.218,2011,-0.0178,1.6206
13828,15:54:02.218,2011,-0.0178,1.6206
13829,15:54:02.219,2020,-0.0134,1.6278
13830,15:54:02.219,2019,-0.0139,1.6270
13831,15:54:02.220,2028,-0.0095,1.6343
13832,15:54:02.220,2029,-0.0090,1.6351
13833,15:54:02.221,2035,-0.0061,1.6399
13834,15:54:02.221,2033,-0.0071,1.6383
13835,15:54:02.222,2033,-0.0071,1.6383
13836,15:54:02.222,2034,-0.0066,1.6391
13837,15:54:02.223,2036,-0.0056,1.6407
13838,15:54:02.223,2033,-0.0071,1.6383
13839,15:54:02.224,2032,-0.0076,1.6375
13840,15:54:02.224,2033,-0.0071,1.6383
13841,15:54:02.225,2029,-0.0090,1.6351
13842,15:54:02.225,2031,-0.0081,1.6367
13843,15:54:02.226,2024,-0.0115,1.6311
13844,15:54:02.226,2019,-0.0139,1.6270
13845,15:54:02.227,2019,-0.0139,1.6270
13846,15:54:02.227,2015,-0.0159,1.6238
13847,15:54:02.228,2011,-0.0178,1.6206
13848,15:54:02.228,2009,-0.0188,1.6190
13849,15:54:02.229,2013,-0.0168,1.6222
13850,15:54:02.229,2010,-0.0183,1.6198
13851,15:54:02.230,2011,-0.0178,1.6206
13852,15:54:02.230,2014,-0.0164,1.6230
13853,15:54:02.231,2013,-0.0168,1.6222
13854,15:54:02.231,2017,-0.0149,1.6254
13855,15:54:02.232,2017,-0.0149,1.6254
13856,15:54:02.232,2020,-0.0134,1.6278
13857,15:54:02.233,2030,-0.0085,1.6359
13858,15:54:02.233,2029,-0.0090,1.6351
13859,15:54:02.234,2032,-0.0076,1.6375
13860,15:54:02.234,2032,-0.0076,1.6375
13861,15:54:02.235,2034,-0.0066,1.6391
13862,15:54:02.235,2030,-0.0085,1.6359
13863,15:54:02.236,2032,-0.0076,1.6375
13864,15:54:02.236,2030,-0.0085,1.6359
13865,15:54:02.237,2029,-0.0090,1.6351
13866,15:54:02.237,2028,-0.0095,1.6343
13867,15:54:02.238,2027,-0.0100,1.6335
13868,15:54:02.238,2022,-0.0125,1.6295
13869,15:54:02.239,2020,-0.0134,1.6278
13870,15:54:02.239,2017,-0.0149,1.6254
13871,15:54:02.240,2012,-0.0173,1.6214
13872,15:54:02.240,2013,-0.0168,1.6222
13873,15:54:02.241,2011,-0.0178,1.6206
13874,15:54:02.241,2010,-0.0183,1.6198
13875,15:54:02.242,2012,-0.0173,1.6214
13876,15:54:02.242,2014,-0.0164,1.6230
13877,15:54:02.243,2011,-0.0178,1.6206
13878,15:54:02.243,2011,-0.0178,1.6206
13879,15:54:02.244,2017,-0.0149,1.6254
13880,15:54:02.244,2021,-0.0129,1.6286
13881,15:54:02.245,2023,-0.0120,1.6303
13882,15:54:02.245,2029,-0.0090,1.6351
13883,15:54:02.246,2032,-0.0076,1.6375
13884,15:54:02.246,2035,-0.0061,1.6399
13885,15:54:02.247,2036,-0.0056,1.6407
13886,15:54:02.247,2033,-0.0071,1.6383
13887,15:54:02.248,2036,-0.0056,1.6407
13888,15:54:02.248,2034,-0.0066,1.6391
13889,15:54:02.249,2034,-0.0066,1.6391
13890,15:54:02.249,2032,-0.0076,1.6375
13891,15:54:02.250,2030,-0.0085,1.6359
13892,15:54:02.250,2030,-0.0085,1.6359
13893,15:54:02.251,2024,-0.0115,1.6311
13894,15:54:02.251,2021,-0.0129,1.6286
13895,15:54:02.252,2015,-0.0159,1.6238
13896,15:54:02.252,2015,-0.0159,1.6238
13897,15:54:02.253,2010,-0.0183,1.6198
13898,15:54:02.253,2009,-0.0188,1.6190
13899,15:54:02.254,2011,-0.0178,1.6206
13900,15:54:02.254,2012,-0.0173,1.6214
13901,15:54:02.255,2011,-0.0178,1.6206
13902,15:54:02.255,2010,-0.0183,1.6198
13903,15:54:02.256,2014,-0.0164,1.6230
13904,15:54:02.256,2014,-0.0164,1.6230
13905,15:54:02.257,2020,-0.0134,1.6278
13906,15:54:02.257,2021,-0.0129,1.6286
13907,15:54:02.258,2030,-0.0085,1.6359
13908,15:54:02.258,2030,-0.0085,1.6359
13909,15:54:02.259,2033,-0.0071,1.6383
13910,15:54:02.259,2031,-0.0081,1.6367
13911,15:54:02.260,2032,-0.0076,1.6375
13912,15:54:02.260,2033,-0.0071,1.6383
13913,15:54:02.261,2031,-0.0081,1.6367
13914,15:54:02.261,2032,-0.0076,1.6375
13915,15:54:02.262,2030,-0.0085,1.6359
13916,15:54:02.262,2024,-0.0115,1.6311
13917,15:54:02.263,2024,-0.0115,1.6311
13918,15:54:02.263,2026,-0.0105,1.6327
13919,15:54:02.264,2018,-0.0144,1.6262
13920,15:54:02.264,2012,-0.0173,1.6214
13921,15:54:02.265,2016,-0.0154,1.6246
13922,15:54:02.265,2011,-0.0178,1.6206
13923,15:54:02.266,2011,-0.0178,1.6206
13924,15:54:02.266,2013,-0.0168,1.6222
13925,15:54:02.267,2013,-0.0168,1.6222
13926,15:54:02.267,2014,-0.0164,1.6230
13927,15:54:02.268,2010,-0.0183,1.6198
13928,15:54:02.268,2016,-0.0154,1.6246
13929,15:54:02.269,2013,-0.0168,1.6222
13930,15:54:02.269,2025,-0.0110,1.6319
13931,15:54:02.270,2025,-0.0110,1.6319
13932,15:54:02.270,2030,-0.0085,1.6359
13933,15:54:02.271,2028,-0.0095,1.6343
13934,15:54:02.271,2034,-0.0066,1.6391
13935,15:54:02.272,2032,-0.0076,1.6375
13936,15:54:02.272,2038,-0.0046,1.6423
13937,15:54:02.273,2033,-0.0071,1.6383
13938,15:54:02.273,2030,-0.0085,1.6359
13939,15:54:02.274,2031,-0.0081,1.6367
13940,15:54:02.274,2033,-0.0071,1.6383
13941,15:54:02.275,2028,-0.0095,1.6343
13942,15:54:02.275,2032,-0.0076,1.6375
13943,15:54:02.276,2022,-0.0125,1.6295
13944,15:54:02.276,2017,-0.0149,1.6254
13945,15:54:02.277,2015,-0.0159,1.6238
13946,15:54:02.277,2013,-0.0168,1.6222
13947,15:54:02.278,2011,-0.0178,1.6206
13948,15:54:02.278,2011,-0.0178,1.6206
13949,15:54:02.279,2011,-0.0178,1.6206
13950,15:54:02.279,2015,-0.0159,1.6238
13951,15:54:02.280,2011,-0.0178,1.6206
13952,15:54:02.280,2013,-0.0168,1.6222
13953,15:54:02.281,2014,-0.0164,1.6230
13954,15:54:02.281,2016,-0.0154,1.6246
13955,15:54:02.282,2025,-0.0110,1.6319
13956,15:54:02.282,2028,-0.0095,1.6343
13957,15:54:02.283,2031,-0.0081,1.6367
13958,15:54:02.283,2032,-0.0076,1.6375
13959,15:54:02.284,2032,-0.0076,1.6375
13960,15:54:02.284,2030,-0.0085,1.6359
13961,15:54:02.285,2032,-0.0076,1.6375
13962,15:54:02.285,2034,-0.0066,1.6391
13963,15:54:02.286,2032,-0.0076,1.6375
13964,15:54:02.286,2033,-0.0071,1.6383
13965,15:54:02.287,2032,-0.0076,1.6375
13966,15:54:02.287,2028,-0.0095,1.6343
13967,15:54:02.288,2024,-0.0115,1.6311
13968,15:54:02.288,2023,-0.0120,1.6303
13969,15:54:02.289,2014,-0.0164,1.6230
13970,15:54:02.289,2016,-0.0154,1.6246
13971,15:54:02.290,2013,-0.0168,1.6222
13972,15:54:02.290,2013,-0.0168,1.6222
13973,15:54:02.291,2008,-0.0193,1.6182
13974,15:54:02.291,2016,-0.0154,1.6246
13975,15:54:02.292,2013,-0.0168,1.6222
13976,15:54:02.292,2012,-0.0173,1.6214
13977,15:54:02.293,2009,-0.0188,1.6190
13978,15:54:02.293,2013,-0.0168,1.6222
13979,15:54:02.294,2015,-0.0159,1.6238
13980,15:54:02.294,2019,-0.0139,1.6270
13981,15:54:02.295,2024,-0.0115,1.6311
13982,15:54:02.295,2029,-0.0090,1.6351
13983,15:54:02.296,2032,-0.0076,1.6375
13984,15:54:02.296,2035,-0.0061,1.6399
13985,15:54:02.297,2032,-0.0076,1.6375
13986,15:54:02.297,2030,-0.0085,1.6359
13987,15:54:02.298,2031,-0.0081,1.6367
13988,15:54:02.298,2036,-0.0056,1.6407
13989,15:54:02.299,2034,-0.0066,1.6391
13990,15:54:02.299,2030,-0.0085,1.6359
13991,15:54:02.300,2030,-0.0085,1.6359
13992,15:54:02.300,2023,-0.0120,1.6303
13993,15:54:02.301,2021,-0.0129,1.6286
13994,15:54:02.301,2020,-0.0134,1.6278
13995,15:54:02.302,2014,-0.0164,1.6230
13996,15:54:02.302,2013,-0.0168,1.6222
13997,15:54:02.303,2012,-0.0173,1.6214
13998,15:54:02.303,2009,-0.0188,1.6190
13999,15:54:02.304,2009,-0.0188,1.6190
14000,15:54:02.304,2014,-0.0164,1.6230
14001,15:54:02.305,2013,-0.0168,1.6222
14002,15:54:02.305,2011,-0.0178,1.6206
14003,15:54:02.306,2014,-0.0164,1.6230
14004,15:54:02.306,2015,-0.0159,1.6238
14005,15:54:02.307,2024,-0.0115,1.6311
14006,15:54:02.307,2028,-0.0095,1.6343
14007,15:54:02.308,2030,-0.0085,1.6359
14008,15:54:02.308,2032,-0.0076,1.6375
14009,15:54:02.309,2035,-0.0061,1.6399
14010,15:54:02.309,2031,-0.0081,1.6367
14011,15:54:02.310,2033,-0.0071,1.6383
14012,15:54:02.310,2029,-0.0090,1.6351
14013,15:54:02.311,2030,-0.0085,1.6359
14014,15:54:02.311,2030,-0.0085,1.6359
14015,15:54:02.312,2028,-0.0095,1.6343
14016,15:54:02.312,2026,-0.0105,1.6327
14017,15:54:02.313,2025,-0.0110,1.6319
14018,15:54:02.313,2024,-0.0115,1.6311
14019,15:54:02.314,2015,-0.0159,1.6238
14020,15:54:02.314,2012,-0.0173,1.6214
14021,15:54:02.315,2011,-0.0178,1.6206
14022,15:54:02.315,2009,-0.0188,1.6190
14023,15:54:02.316,2009,-0.0188,1.6190
14024,15:54:02.316,2009,-0.0188,1.6190
14025,15:54:02.317,2013,-0.0168,1.6222
14026,15:54:02.317,2013,-0.0168,1.6222
14027,15:54:02.318,2013,-0.0168,1.6222
14028,15:54:02.318,2011,-0.0178,1.6206
14029,15:54:02.319,2019,-0.0139,1.6270
14030,15:54:02.319,2026,-0.0105,1.6327
14031,15:54:02.320,2026,-0.0105,1.6327
14032,15:54:02.320,2028,-0.0095,1.6343
14033,15:54:02.321,2031,-0.0081,1.6367
14034,15:54:02.321,2033,-0.0071,1.6383
14035,15:54:02.322,2029,-0.0090,1.6351
14036,15:54:02.322,2029,-0.0090,1.6351
14037,15:54:02.323,2031,-0.0081,1.6367
14038,15:54:02.323,2038,-0.0046,1.6423
14039,15:54:02.324,2032,-0.0076,1.6375
14040,15:54:02.324,2030,-0.0085,1.6359
14041,15:54:02.325,2030,-0.0085,1.6359
14042,15:54:02.325,2023,-0.0120,1.6303
14043,15:54:02.326,2021,-0.0129,1.6286
14044,15:54:02.326,2021,-0.0129,1.6286
14045,15:54:02.327,2019,-0.0139,1.6270
14046,15:54:02.327,2013,-0.0168,1.6222
14047,15:54:02.328,2010,-0.0183,1.6198
14048,15:54:02.328,2012,-0.0173,1.6214
14049,15:54:02.329,2015,-0.0159,1.6238
14050,15:54:02.329,2010,-0.0183,1.6198
14051,15:54:02.330,2013,-0.0168,1.6222
14052,15:54:02.330,2012,-0.0173,1.6214
14053,15:54:02.331,2018,-0.0144,1.6262
14054,15:54:02.331,2019,-0.0139,1.6270
14055,15:54:02.332,2026,-0.0105,1.6327
14056,15:54:02.332,2029,-0.0090,1.6351
14057,15:54:02.333,2029,-0.0090,1.6351
14058,15:54:02.333,2039,-0.0042,1.6432
14059,15:54:02.334,2032,-0.0076,1.6375
14060,15:54:02.334,2033,-0.0071,1.6383
14061,15:54:02.335,2032,-0.0076,1.6375
14062,15:54:02.335,2034,-0.0066,1.6391
14063,15:54:02.336,2034,-0.0066,1.6391
14064,15:54:02.336,2031,-0.0081,1.6367
14065,15:54:02.337,2030,-0.0085,1.6359
14066,15:54:02.337,2030,-0.0085,1.6359
14067,15:54:02.338,2026,-0.0105,1.6327
14068,15:54:02.338,2026,-0.0105,1.6327
14069,15:54:02.339,2020,-0.0134,1.6278
14070,15:54:02.339,2014,-0.0164,1.6230
14071,15:54:02.340,2011,-0.0178,1.6206
14072,15:54:02.340,2011,-0.0178,1.6206
14073,15:54:02.341,2014,-0.0164,1.6230
14074,15:54:02.341,2012,-0.0173,1.6214
14075,15:54:02.342,2013,-0.0168,1.6222
14076,15:54:02.342,2010,-0.0183,1.6198
14077,15:54:02.343,2009,-0.0188,1.6190
14078,15:54:02.343,2013,-0.0168,1.6222
14079,15:54:02.344,2022,-0.0125,1.6295
14080,15:54:02.344,2023,-0.0120,1.6303
14081,15:54:02.345,2024,-0.0115,1.6311
14082,15:54:02.345,2032,-0.0076,1.6375
14083,15:54:02.346,2031,-0.0081,1.6367
14084,15:54:02.346,2035,-0.0061,1.6399
14085,15:54:02.347,2033,-0.0071,1.6383
14086,15:54:02.347,2033,-0.0071,1.6383
14087,15:54:02.348,2033,-0.0071,1.6383
14088,15:54:02.348,2034,-0.0066,1.6391
14089,15:54:02.349,2031,-0.0081,1.6367
14090,15:54:02.349,2031,-0.0081,1.6367
14091,15:54:02.350,2026,-0.0105,1.6327
14092,15:54:02.350,2025,-0.0110,1.6319
14093,15:54:02.351,2023,-0.0120,1.6303
14094,15:54:02.351,2016,-0.0154,1.6246
14095,15:54:02.352,2013,-0.0168,1.6222
14096,15:54:02.352,2015,-0.0159,1.6238
14097,15:54:02.353,2012,-0.0173,1.6214
14098,15:54:02.353,2018,-0.0144,1.6262
14099,15:54:02.354,2010,-0.0183,1.6198
14100,15:54:02.354,2015,-0.0159,1.6238
14101,15:54:02.355,2011,-0.0178,1.6206
14102,15:54:02.355,2016,-0.0154,1.6246
14103,15:54:02.356,2013,-0.0168,1.6222
14104,15:54:02.356,2017,-0.0149,1.6254
14105,15:54:02.357,2023,-0.0120,1.6303
14106,15:54:02.357,2029,-0.0090,1.6351
14107,15:54:02.358,2032,-0.0076,1.6375
14108,15:54:02.358,2034,-0.0066,1.6391
14109,15:54:02.359,2035,-0.0061,1.6399
14110,15:54:02.359,2033,-0.0071,1.6383
14111,15:54:02.360,2034,-0.0066,1.6391
14112,15:54:02.360,2031,-0.0081,1.6367
14113,15:54:02.361,2031,-0.0081,1.6367
14114,15:54:02.361,2029,-0.0090,1.6351
14115,15:54:02.362,2030,-0.0085,1.6359
14116,15:54:02.362,2030,-0.0085,1.6359
14117,15:54:02.363,2027,-0.0100,1.6335
14118,15:54:02.363,2022,-0.0125,1.6295
14119,15:54:02.364,2019,-0.0139,1.6270
14120,15:54:02.364,2013,-0.0168,1.6222
14121,15:54:02.365,2012,-0.0173,1.6214
14122,15:54:02.365,2013,-0.0168,1.6222
14123,15:54:02.366,2012,-0.0173,1.6214
14124,15:54:02.366,2010,-0.0183,1.6198
14125,15:54:02.367,2013,-0.0168,1.6222
14126,15:54:02.367,2008,-0.0193,1.6182
14127,15:54:02.368,2011,-0.0178,1.6206
14128,15:54:02.368,2013,-0.0168,1.6222
14129,15:54:02.369,2021,-0.0129,1.6286
14130,15:54:02.369,2024,-0.0115,1.6311
14131,15:54:02.370,2028,-0.0095,1.6343
14132,15:54:02.370,2034,-0.0066,1.6391
14133,15:54:02.371,2033,-0.0071,1.6383
14134,15:54:02.371,2033,-0.0071,1.6383
14135,15:54:02.372,2032,-0.0076,1.6375
14136,15:54:02.372,2030,-0.0085,1.6359
14137,15:54:02.373,2031,-0.0081,1.6367
14138,15:54:02.373,2031,-0.0081,1.6367
14139,15:54:02.374,2034,-0.0066,1.6391
14140,15:54:02.374,2032,-0.0076,1.6375
14141,15:54:02.375,2024,-0.0115,1.6311
14142,15:54:02.375,2023,-0.0120,1.6303
14143,15:54:02.376,2019,-0.0139,1.6270
14144,15:54:02.376,2016,-0.0154,1.6246
14145,15:54:02.377,2016,-0.0154,1.6246
14146,15:54:02.377,2012,-0.0173,1.6214
14147,15:54:02.378,2011,-0.0178,1.6206
14148,15:54:02.378,2010,-0.0183,1.6198
14149,15:54:02.379,2015,-0.0159,1.6238
14150,15:54:02.379,2013,-0.0168,1.6222
14151,15:54:02.380,2013,-0.0168,1.6222
14152,15:54:02.380,2016,-0.0154,1.6246
14153,15:54:02.381,2015,-0.0159,1.6238
14154,15:54:02.381,2020,-0.0134,1.6278
14155,15:54:02.382,2022,-0.0125,1.6295
14156,15:54:02.382,2026,-0.0105,1.6327
14157,15:54:02.383,2031,-0.0081,1.6367
14158,15:54:02.383,2030,-0.0085,1.6359
14159,15:54:02.384,2036,-0.0056,1.6407
14160,15:54:02.384,2035,-0.0061,1.6399
14161,15:54:02.385,2036,-0.0056,1.6407
14162,15:54:02.385,2035,-0.0061,1.6399
14163,15:54:02.386,2030,-0.0085,1.6359
14164,15:54:02.386,2029,-0.0090,1.6351
14165,15:54:02.387,2029,-0.0090,1.6351
14166,15:54:02.387,2029,-0.0090,1.6351
14167,15:54:02.388,2026,-0.0105,1.6327
14168,15:54:02.388,2015,-0.0159,1.6238
14169,15:54:02.389,2018,-0.0144,1.6262
14170,15:54:02.389,2010,-0.0183,1.6198
14171,15:54:02.390,2012,-0.0173,1.6214
14172,15:54:02.390,2010,-0.0183,1.6198
14173,15:54:02.391,2010,-0.0183,1.6198
14174,15:54:02.391,2011,-0.0178,1.6206
14175,15:54:02.392,2013,-0.0168,1.6222
14176,15:54:02.392,2010,-0.0183,1.6198
14177,15:54:02.393,2010,-0.0183,1.6198
14178,15:54:02.393,2017,-0.0149,1.6254
14179,15:54:02.394,2018,-0.0144,1.6262
14180,15:54:02.394,2025,-0.0110,1.6319
14181,15:54:02.395,2030,-0.0085,1.6359
14182,15:54:02.395,2033,-0.0071,1.6383
14183,15:54:02.396,2034,-0.0066,1.6391
14184,15:54:02.396,2030,-0.0085,1.6359
14185,15:54:02.397,2033,-0.0071,1.6383
14186,15:54:02.397,2032,-0.0076,1.6375
14187,15:54:02.398,2035,-0.0061,1.6399
14188,15:54:02.398,2031,-0.0081,1.6367
14189,15:54:02.399,2031,-0.0081,1.6367
14190,15:54:02.399,2027,-0.0100,1.6335
14191,15:54:02.400,2033,-0.0071,1.6383
14192,15:54:02.400,2023,-0.0120,1.6303
14193,15:54:02.401,2018,-0.0144,1.6262
14194,15:54:02.401,2019,-0.0139,1.6270
14195,15:54:02.402,2014,-0.0164,1.6230
14196,15:54:02.402,2014,-0.0164,1.6230
14197,15:54:02.403,2015,-0.0159,1.6238
14198,15:54:02.403,2014,-0.0164,1.6230
14199,15:54:02.404,2011,-0.0178,1.6206
14200,15:54:02.404,2012,-0.0173,1.6214
14201,15:54:02.405,2008,-0.0193,1.6182
14202,15:54:02.405,2014,-0.0164,1.6230
14203,15:54:02.406,2016,-0.0154,1.6246
14204,15:54:02.406,2019,-0.0139,1.6270
14205,15:54:02.407,2025,-0.0110,1.6319
14206,15:54:02.407,2029,-0.0090,1.6351
14207,15:54:02.408,2034,-0.0066,1.6391
14208,15:54:02.408,2033,-0.0071,1.6383
14209,15:54:02.409,2033,-0.0071,1.6383
14210,15:54:02.409,2032,-0.0076,1.6375
14211,15:54:02.410,2030,-0.0085,1.6359
14212,15:54:02.410,2033,-0.0071,1.6383
14213,15:54:02.411,2029,-0.0090,1.6351
14214,15:54:02.411,2032,-0.0076,1.6375
14215,15:54:02.412,2030,-0.0085,1.6359
14216,15:54:02.412,2027,-0.0100,1.6335
14217,15:54:02.413,2024,-0.0115,1.6311
14218,15:54:02.413,2020,-0.0134,1.6278
14219,15:54:02.414,2013,-0.0168,1.6222
14220,15:54:02.414,2014,-0.0164,1.6230
14221,15:54:02.415,2011,-0.0178,1.6206
14222,15:54:02.415,2015,-0.0159,1.6238
14223,15:54:02.416,2013,-0.0168,1.6222
14224,15:54:02.416,2015,-0.0159,1.6238
14225,15:54:02.417,2013,-0.0168,1.6222
14226,15:54:02.417,2013,-0.0168,1.6222
14227,15:54:02.418,2013,-0.0168,1.6222
14228,15:54:02.418,2016,-0.0154,1.6246
14229,15:54:02.419,2022,-0.0125,1.6295
14230,15:54:02.419,2026,-0.0105,1.6327
14231,15:54:02.420,2027,-0.0100,1.6335
14232,15:54:02.420,2031,-0.0081,1.6367
14233,15:54:02.421,2032,-0.0076,1.6375
14234,15:54:02.421,2034,-0.0066,1.6391
14235,15:54:02.422,2034,-0.0066,1.6391
14236,15:54:02.422,2033,-0.0071,1.6383
14237,15:54:02.423,2033,-0.0071,1.6383
14238,15:54:02.423,2035,-0.0061,1.6399
14239,15:54:02.424,2033,-0.0071,1.6383
14240,15:54:02.424,2030,-0.0085,1.6359
14241,15:54:02.425,2024,-0.0115,1.6311
14242,15:54:02.425,2025,-0.0110,1.6319
14243,15:54:02.426,2023,-0.0120,1.6303
14244,15:54:02.426,2018,-0.0144,1.6262
14245,15:54:02.427,2017,-0.0149,1.6254
14246,15:54:02.427,2015,-0.0159,1.6238
14247,15:54:02.428,2010,-0.0183,1.6198
14248,15:54:02.428,2010,-0.0183,1.6198
14249,15:54:02.429,2010,-0.0183,1.6198
14250,15:54:02.429,2012,-0.0173,1.6214
14251,15:54:02.430,2011,-0.0178,1.6206
14252,15:54:02.430,2011,-0.0178,1.6206
14253,15:54:02.431,2010,-0.0183,1.6198
14254,15:54:02.431,2022,-0.0125,1.6295
14255,15:54:02.432,2025,-0.0110,1.6319
14256,15:54:02.432,2033,-0.0071,1.6383
14257,15:54:02.433,2029,-0.0090,1.6351
14258,15:54:02.433,2030,-0.0085,1.6359
14259,15:54:02.434,2033,-0.0071,1.6383
14260,15:54:02.434,2032,-0.0076,1.6375
14261,15:54:02.435,2030,-0.0085,1.6359
14262,15:54:02.435,2031,-0.0081,1.6367
14263,15:54:02.436,2034,-0.0066,1.6391
14264,15:54:02.436,2027,-0.0100,1.6335
14265,15:54:02.437,2028,-0.0095,1.6343
14266,15:54:02.437,2021,-0.0129,1.6286
14267,15:54:02.438,2024,-0.0115,1.6311
14268,15:54:02.438,2018,-0.0144,1.6262
14269,15:54:02.439,2021,-0.0129,1.6286
14270,15:54:02.439,2011,-0.0178,1.6206
14271,15:54:02.440,2013,-0.0168,1.6222
14272,15:54:02.440,2009,-0.0188,1.6190
14273,15:54:02.441,2016,-0.0154,1.6246
14274,15:54:02.441,2013,-0.0168,1.6222
14275,15:54:02.442,2011,-0.0178,1.6206
14276,15:54:02.442,2005,-0.0208,1.6158
14277,15:54:02.443,2012,-0.0173,1.6214
14278,15:54:02.443,2012,-0.0173,1.6214
14279,15:54:02.444,2019,-0.0139,1.6270
14280,15:54:02.444,2027,-0.0100,1.6335
14281,15:54:02.445,2032,-0.0076,1.6375
14282,15:54:02.445,2033,-0.0071,1.6383
14283,15:54:02.446,2031,-0.0081,1.6367
14284,15:54:02.446,2030,-0.0085,1.6359
14285,15:54:02.447,2034,-0.0066,1.6391
14286,15:54:02.447,2031,-0.0081,1.6367
14287,15:54:02.448,2029,-0.0090,1.6351
14288,15:54:02.448,2033,-0.0071,1.6383
14289,15:54:02.449,2033,-0.0071,1.6383
14290,15:54:02.449,2030,-0.0085,1.6359
14291,15:54:02.450,2027,-0.0100,1.6335
14292,15:54:02.450,2024,-0.0115,1.6311
14293,15:54:02.451,2020,-0.0134,1.6278
14294,15:54:02.451,2019,-0.0139,1.6270
14295,15:54:02.452,2018,-0.0144,1.6262
14296,15:54:02.452,2011,-0.0178,1.6206
14297,15:54:02.453,2016,-0.0154,1.6246
14298,15:54:02.453,2011,-0.0178,1.6206
14299,15:54:02.454,2010,-0.0183,1.6198
14300,15:54:02.454,2013,-0.0168,1.6222
14301,15:54:02.455,2011,-0.0178,1.6206
14302,15:54:02.455,2013,-0.0168,1.6222
14303,15:54:02.456,2018,-0.0144,1.6262
14304,15:54:02.456,2020,-0.0134,1.6278
14305,15:54:02.457,2027,-0.0100,1.6335
14306,15:54:02.457,2033,-0.0071,1.6383
14307,15:54:02.458,2033,-0.0071,1.6383
14308,15:54:02.458,2034,-0.0066,1.6391
14309,15:54:02.459,2029,-0.0090,1.6351
14310,15:54:02.459,2032,-0.0076,1.6375
14311,15:54:02.460,2035,-0.0061,1.6399
14312,15:54:02.460,2035,-0.0061,1.6399
14313,15:54:02.461,2030,-0.0085,1.6359
14314,15:54:02.461,2031,-0.0081,1.6367
14315,15:54:02.462,2030,-0.0085,1.6359
14316,15:54:02.462,2022,-0.0125,1.6295
14317,15:54:02.463,2019,-0.0139,1.6270
14318,15:54:02.463,2016,-0.0154,1.6246
14319,15:54:02.464,2017,-0.0149,1.6254
14320,15:54:02.464,2014,-0.0164,1.6230
14321,15:54:02.465,2013,-0.0168,1.6222
14322,15:54:02.465,2017,-0.0149,1.6254
14323,15:54:02.466,2010,-0.0183,1.6198
14324,15:54:02.466,2011,-0.0178,1.6206
14325,15:54:02.467,2010,-0.0183,1.6198
14326,15:54:02.467,2009,-0.0188,1.6190
14327,15:54:02.468,2013,-0.0168,1.6222
14328,15:54:02.468,2019,-0.0139,1.6270
14329,15:54:02.469,2019,-0.0139,1.6270
14330,15:54:02.469,2025,-0.0110,1.6319
14331,15:54:02.470,2025,-0.0110,1.6319
14332,15:54:02.470,2033,-0.0071,1.6383
14333,15:54:02.471,2032,-0.0076,1.6375
14334,15:54:02.471,2033,-0.0071,1.6383
14335,15:54:02.472,2031,-0.0081,1.6367
14336,15:54:02.472,2032,-0.0076,1.6375
14337,15:54:02.473,2033,-0.0071,1.6383
14338,15:54:02.473,2029,-0.0090,1.6351
14339,15:54:02.474,2029,-0.0090,1.6351
14340,15:54:02.474,2029,-0.0090,1.6351
14341,15:54:02.475,2022,-0.0125,1.6295
14342,15:54:02.475,2021,-0.0129,1.6286
14343,15:54:02.476,2024,-0.0115,1.6311
14344,15:54:02.476,2021,-0.0129,1.6286
14345,15:54:02.477,2017,-0.0149,1.6254
14346,15:54:02.477,2018,-0.0144,1.6262
14347,15:54:02.478,2015,-0.0159,1.6238
14348,15:54:02.478,2015,-0.0159,1.6238
14349,15:54:02.479,2011,-0.0178,1.6206
14350,15:54:02.479,2005,-0.0208,1.6158
14351,15:54:02.480,2011,-0.0178,1.6206
14352,15:54:02.480,2012,-0.0173,1.6214
14353,15:54:02.481,2016,-0.0154,1.6246
14354,15:54:02.481,2023,-0.0120,1.6303
14355,15:54:02.482,2033,-0.0071,1.6383
14356,15:54:02.482,2029,-0.0090,1.6351
14357,15:54:02.483,2030,-0.0085,1.6359
14358,15:54:02.483,2035,-0.0061,1.6399
14359,15:54:02.484,2035,-0.0061,1.6399
14360,15:54:02.484,2034,-0.0066,1.6391
14361,15:54:02.485,2034,-0.0066,1.6391
14362,15:54:02.485,2037,-0.0051,1.6415
14363,15:54:02.486,2031,-0.0081,1.6367
14364,15:54:02.486,2032,-0.0076,1.6375
14365,15:54:02.487,2033,-0.0071,1.6383
14366,15:54:02.487,2026,-0.0105,1.6327
14367,15:54:02.488,2022,-0.0125,1.6295
14368,15:54:02.488,2021,-0.0129,1.6286
14369,15:54:02.489,2016,-0.0154,1.6246
14370,15:54:02.489,2013,-0.0168,1.6222
14371,15:54:02.490,2009,-0.0188,1.6190
14372,15:54:02.490,2011,-0.0178,1.6206
14373,15:54:02.491,2013,-0.0168,1.6222
14374,15:54:02.491,2007,-0.0198,1.6174
14375,15:54:02.492,2013,-0.0168,1.6222
14376,15:54:02.492,2013,-0.0168,1.6222
14377,15:54:02.493,2020,-0.0134,1.6278
14378,15:54:02.493,2015,-0.0159,1.6238
14379,15:54:02.494,2025,-0.0110,1.6319
14380,15:54:02.494,2025,-0.0110,1.6319
14381,15:54:02.495,2027,-0.0100,1.6335
14382,15:54:02.495,2032,-0.0076,1.6375
14383,15:54:02.496,2033,-0.0071,1.6383
14384,15:54:02.496,2031,-0.0081,1.6367
14385,15:54:02.497,2032,-0.0076,1.6375
14386,15:54:02.497,2033,-0.0071,1.6383
14387,15:54:02.498,2035,-0.0061,1.6399
14388,15:54:02.498,2032,-0.0076,1.6375
14389,15:54:02.499,2027,-0.0100,1.6335
14390,15:54:02.499,2025,-0.0110,1.6319
14391,15:54:02.500,2021,-0.0129,1.6286
14392,15:54:02.500,2018,-0.0144,1.6262
14393,15:54:02.501,2020,-0.0134,1.6278
14394,15:54:02.501,2016,-0.0154,1.6246
14395,15:54:02.502,2015,-0.0159,1.6238
14396,15:54:02.502,2016,-0.0154,1.6246
14397,15:54:02.503,2013,-0.0168,1.6222
14398,15:54:02.503,2011,-0.0178,1.6206
14399,15:54:02.504,2015,-0.0159,1.6238
14400,15:54:02.504,2011,-0.0178,1.6206
14401,15:54:02.505,2013,-0.0168,1.6222
14402,15:54:02.505,2018,-0.0144,1.6262
14403,15:54:02.506,2018,-0.0144,1.6262
14404,15:54:02.506,2025,-0.0110,1.6319
14405,15:54:02.507,2031,-0.0081,1.6367
14406,15:54:02.507,2033,-0.0071,1.6383
14407,15:54:02.508,2033,-0.0071,1.6383
14408,15:54:02.508,2035,-0.0061,1.6399
14409,15:54:02.509,2035,-0.0061,1.6399
14410,15:54:02.509,2032,-0.0076,1.6375
14411,15:54:02.510,2034,-0.0066,1.6391
14412,15:54:02.510,2033,-0.0071,1.6383
14413,15:54:02.511,2033,-0.0071,1.6383
14414,15:54:02.511,2030,-0.0085,1.6359
14415,15:54:02.512,2030,-0.0085,1.6359
14416,15:54:02.512,2025,-0.0110,1.6319
14417,15:54:02.513,2019,-0.0139,1.6270
14418,15:54:02.513,2016,-0.0154,1.6246
14419,15:54:02.514,2013,-0.0168,1.6222
14420,15:54:02.514,2016,-0.0154,1.6246
14421,15:54:02.515,2015,-0.0159,1.6238
14422,15:54:02.515,2011,-0.0178,1.6206
14423,15:54:02.516,2010,-0.0183,1.6198
14424,15:54:02.516,2013,-0.0168,1.6222
14425,15:54:02.517,2008,-0.0193,1.6182
14426,15:54:02.517,2015,-0.0159,1.6238
14427,15:54:02.518,2013,-0.0168,1.6222
14428,15:54:02.518,2020,-0.0134,1.6278
14429,15:54:02.519,2023,-0.0120,1.6303
14430,15:54:02.519,2025,-0.0110,1.6319
14431,15:54:02.520,2031,-0.0081,1.6367
14432,15:54:02.520,2032,-0.0076,1.6375
14433,15:54:02.521,2025,-0.0110,1.6319
14434,15:54:02.521,2032,-0.0076,1.6375
14435,15:54:02.522,2033,-0.0071,1.6383
14436,15:54:02.522,2034,-0.0066,1.6391
14437,15:54:02.523,2034,-0.0066,1.6391
14438,15:54:02.523,2029,-0.0090,1.6351
14439,15:54:02.524,2024,-0.0115,1.6311
14440,15:54:02.524,2026,-0.0105,1.6327
14441,15:54:02.525,2024,-0.0115,1.6311
14442,15:54:02.525,2018,-0.0144,1.6262
14443,15:54:02.526,2017,-0.0149,1.6254
14444,15:54:02.526,2017,-0.0149,1.6254
14445,15:54:02.527,2011,-0.0178,1.6206
14446,15:54:02.527,2013,-0.0168,1.6222
14447,15:54:02.528,2015,-0.0159,1.6238
14448,15:54:02.528,2007,-0.0198,1.6174
14449,15:54:02.529,2011,-0.0178,1.6206
14450,15:54:02.529,2010,-0.0183,1.6198
14451,15:54:02.530,2014,-0.0164,1.6230
14452,15:54:02.530,2019,-0.0139,1.6270
14453,15:54:02.531,2025,-0.0110,1.6319
14454,15:54:02.531,2025,-0.0110,1.6319
14455,15:54:02.532,2027,-0.0100,1.6335
14456,15:54:02.532,2027,-0.0100,1.6335
14457,15:54:02.533,2033,-0.0071,1.6383
14458,15:54:02.533,2030,-0.0085,1.6359
14459,15:54:02.534,2033,-0.0071,1.6383
14460,15:54:02.534,2034,-0.0066,1.6391
14461,15:54:02.535,2033,-0.0071,1.6383
14462,15:54:02.535,2033,-0.0071,1.6383
14463,15:54:02.536,2033,-0.0071,1.6383
14464,15:54:02.536,2032,-0.0076,1.6375
14465,15:54:02.537,2026,-0.0105,1.6327
14466,15:54:02.537,2025,-0.0110,1.6319
14467,15:54:02.538,2023,-0.0120,1.6303
14468,15:54:02.538,2023,-0.0120,1.6303
14469,15:54:02.539,2012,-0.0173,1.6214
14470,15:54:02.539,2016,-0.0154,1.6246
14471,15:54:02.540,2016,-0.0154,1.6246
14472,15:54:02.540,2012,-0.0173,1.6214
14473,15:54:02.541,2014,-0.0164,1.6230
14474,15:54:02.541,2009,-0.0188,1.6190
14475,15:54:02.542,2012,-0.0173,1.6214
14476,15:54:02.542,2012,-0.0173,1.6214
14477,15:54:02.543,2010,-0.0183,1.6198
14478,15:54:02.543,2019,-0.0139,1.6270
14479,15:54:02.544,2025,-0.0110,1.6319
14480,15:54:02.544,2026,-0.0105,1.6327
14481,15:54:02.545,2027,-0.0100,1.6335
14482,15:54:02.545,2028,-0.0095,1.6343
14483,15:54:02.546,2032,-0.0076,1.6375
14484,15:54:02.546,2030,-0.0085,1.6359
14485,15:54:02.547,2031,-0.0081,1.6367
14486,15:54:02.547,2033,-0.0071,1.6383
14487,15:54:02.548,2034,-0.0066,1.6391
14488,15:54:02.548,2032,-0.0076,1.6375
14489,15:54:02.549,2027,-0.0100,1.6335
14490,15:54:02.549,2026,-0.0105,1.6327
14491,15:54:02.550,2025,-0.0110,1.6319
14492,15:54:02.550,2022,-0.0125,1.6295
14493,15:54:02.551,2019,-0.0139,1.6270
14494,15:54:02.551,2015,-0.0159,1.6238
14495,15:54:02.552,2011,-0.0178,1.6206
14496,15:54:02.552,2014,-0.0164,1.6230
14497,15:54:02.553,2015,-0.0159,1.6238
14498,15:54:02.553,2010,-0.0183,1.6198
14499,15:54:02.554,2011,-0.0178,1.6206
14500,15:54:02.554,2011,-0.0178,1.6206
14501,15:54:02.555,2013,-0.0168,1.6222
14502,15:54:02.555,2016,-0.0154,1.6246
14503,15:54:02.556,2025,-0.0110,1.6319
14504,15:54:02.556,2024,-0.0115,1.6311
14505,15:54:02.557,2030,-0.0085,1.6359
14506,15:54:02.557,2027,-0.0100,1.6335
14507,15:54:02.558,2032,-0.0076,1.6375
14508,15:54:02.558,2031,-0.0081,1.6367
14509,15:54:02.559,2034,-0.0066,1.6391
14510,15:54:02.559,2034,-0.0066,1.6391
14511,15:54:02.560,2037,-0.0051,1.6415
14512,15:54:02.560,2032,-0.0076,1.6375
14513,15:54:02.561,2028,-0.0095,1.6343
14514,15:54:02.561,2027,-0.0100,1.6335
14515,15:54:02.562,2025,-0.0110,1.6319
14516,15:54:02.562,2020,-0.0134,1.6278
14517,15:54:02.563,2022,-0.0125,1.6295
14518,15:54:02.563,2023,-0.0120,1.6303
14519,15:54:02.564,2013,-0.0168,1.6222
14520,15:54:02.564,2013,-0.0168,1.6222
14521,15:54:02.565,2016,-0.0154,1.6246
14522,15:54:02.565,2010,-0.0183,1.6198
14523,15:54:02.566,2011,-0.0178,1.6206
14524,15:54:02.566,2013,-0.0168,1.6222
14525,15:54:02.567,2013,-0.0168,1.6222
14526,15:54:02.567,2013,-0.0168,1.6222
14527,15:54:02.568,2017,-0.0149,1.6254
14528,15:54:02.568,2023,-0.0120,1.6303
14529,15:54:02.569,2024,-0.0115,1.6311
14530,15:54:02.569,2029,-0.0090,1.6351
14531,15:54:02.570,2032,-0.0076,1.6375
14532,15:54:02.570,2028,-0.0095,1.6343
14533,15:54:02.571,2029,-0.0090,1.6351
14534,15:54:02.571,2033,-0.0071,1.6383
14535,15:54:02.572,2035,-0.0061,1.6399
14536,15:54:02.572,2035,-0.0061,1.6399
14537,15:54:02.573,2030,-0.0085,1.6359
14538,15:54:02.573,2033,-0.0071,1.6383
14539,15:54:02.574,2030,-0.0085,1.6359
14540,15:54:02.574,2028,-0.0095,1.6343
14541,15:54:02.575,2020,-0.0134,1.6278
14542,15:54:02.575,2019,-0.0139,1.6270
14543,15:54:02.576,2022,-0.0125,1.6295
14544,15:54:02.576,2015,-0.0159,1.6238
14545,15:54:02.577,2013,-0.0168,1.6222
14546,15:54:02.577,2011,-0.0178,1.6206
14547,15:54:02.578,2013,-0.0168,1.6222
14548,15:54:02.578,2010,-0.0183,1.6198
14549,15:54:02.579,2009,-0.0188,1.6190
14550,15:54:02.579,2008,-0.0193,1.6182
14551,15:54:02.580,2008,-0.0193,1.6182
14552,15:54:02.580,2017,-0.0149,1.6254
14553,15:54:02.581,2019,-0.0139,1.6270
14554,15:54:02.581,2022,-0.0125,1.6295
14555,15:54:02.582,2025,-0.0110,1.6319
14556,15:54:02.582,2030,-0.0085,1.6359
14557,15:54:02.583,2031,-0.0081,1.6367
14558,15:54:02.583,2028,-0.0095,1.6343
14559,15:54:02.584,2032,-0.0076,1.6375
14560,15:54:02.584,2032,-0.0076,1.6375
14561,15:54:02.585,2038,-0.0046,1.6423
14562,15:54:02.585,2037,-0.0051,1.6415
14563,15:54:02.586,2029,-0.0090,1.6351
14564,15:54:02.586,2027,-0.0100,1.6335
14565,15:54:02.587,2024,-0.0115,1.6311
14566,15:54:02.587,2023,-0.0120,1.6303
14567,15:54:02.588,2020,-0.0134,1.6278
14568,15:54:02.588,2019,-0.0139,1.6270
14569,15:54:02.589,2015,-0.0159,1.6238
14570,15:54:02.589,2014,-0.0164,1.6230
14571,15:54:02.590,2018,-0.0144,1.6262
14572,15:54:02.590,2011,-0.0178,1.6206
14573,15:54:02.591,2015,-0.0159,1.6238
14574,15:54:02.591,2012,-0.0173,1.6214
14575,15:54:02.592,2014,-0.0164,1.6230
14576,15:54:02.592,2020,-0.0134,1.6278
14577,15:54:02.593,2018,-0.0144,1.6262
14578,15:54:02.593,2020,-0.0134,1.6278
14579,15:54:02.594,2028,-0.0095,1.6343
14580,15:54:02.594,2028,-0.0095,1.6343
14581,15:54:02.595,2031,-0.0081,1.6367
14582,15:54:02.595,2033,-0.0071,1.6383
14583,15:54:02.596,2032,-0.0076,1.6375
14584,15:54:02.596,2033,-0.0071,1.6383
14585,15:54:02.597,2035,-0.0061,1.6399
14586,15:54:02.597,2033,-0.0071,1.6383
14587,15:54:02.598,2032,-0.0076,1.6375
14588,15:54:02.598,2034,-0.0066,1.6391
14589,15:54:02.599,2026,-0.0105,1.6327
14590,15:54:02.599,2026,-0.0105,1.6327
14591,15:54:02.600,2020,-0.0134,1.6278
14592,15:54:02.600,2022,-0.0125,1.6295
14593,15:54:02.601,2018,-0.0144,1.6262
14594,15:54:02.601,2020,-0.0134,1.6278
14595,15:54:02.602,2017,-0.0149,1.6254
14596,15:54:02.602,2012,-0.0173,1.6214
14597,15:54:02.603,2014,-0.0164,1.6230
14598,15:54:02.603,2011,-0.0178,1.6206
14599,15:54:02.604,2012,-0.0173,1.6214
14600,15:54:02.604,2008,-0.0193,1.6182
14601,15:54:02.605,2015,-0.0159,1.6238
14602,15:54:02.605,2019,-0.0139,1.6270
14603,15:54:02.606,2023,-0.0120,1.6303
14604,15:54:02.606,2027,-0.0100,1.6335
14605,15:54:02.607,2030,-0.0085,1.6359
14606,15:54:02.607,2033,-0.0071,1.6383
14607,15:54:02.608,2029,-0.0090,1.6351
14608,15:54:02.608,2027,-0.0100,1.6335
14609,15:54:02.609,2034,-0.0066,1.6391
14610,15:54:02.609,2034,-0.0066,1.6391
14611,15:54:02.610,2035,-0.0061,1.6399
14612,15:54:02.610,2031,-0.0081,1.6367
14613,15:54:02.611,2032,-0.0076,1.6375
14614,15:54:02.611,2028,-0.0095,1.6343
14615,15:54:02.612,2025,-0.0110,1.6319
14616,15:54:02.612,2023,-0.0120,1.6303
14617,15:54:02.613,2020,-0.0134,1.6278
14618,15:54:02.613,2018,-0.0144,1.6262
14619,15:54:02.614,2021,-0.0129,1.6286
14620,15:54:02.614,2013,-0.0168,1.6222
14621,15:54:02.615,2010,-0.0183,1.6198
14622,15:54:02.615,2010,-0.0183,1.6198
14623,15:54:02.616,2010,-0.0183,1.6198
14624,15:54:02.616,2006,-0.0203,1.6166
14625,15:54:02.617,2009,-0.0188,1.6190
14626,15:54:02.617,2018,-0.0144,1.6262
14627,15:54:02.618,2015,-0.0159,1.6238
14628,15:54:02.618,2018,-0.0144,1.6262
14629,15:54:02.619,2025,-0.0110,1.6319
14630,15:54:02.619,2027,-0.0100,1.6335
14631,15:54:02.620,2031,-0.0081,1.6367
14632,15:54:02.620,2034,-0.0066,1.6391
14633,15:54:02.621,2030,-0.0085,1.6359
14634,15:54:02.621,2032,-0.0076,1.6375
14635,15:54:02.622,2035,-0.0061,1.6399
14636,15:54:02.622,2033,-0.0071,1.6383
14637,15:54:02.623,2031,-0.0081,1.6367
14638,15:54:02.623,2030,-0.0085,1.6359
14639,15:54:02.624,2030,-0.0085,1.6359
14640,15:54:02.624,2026,-0.0105,1.6327
14641,15:54:02.625,2023,-0.0120,1.6303
14642,15:54:02.625,2024,-0.0115,1.6311
14643,15:54:02.626,2018,-0.0144,1.6262
14644,15:54:02.626,2015,-0.0159,1.6238
14645,15:54:02.627,2019,-0.0139,1.6270
14646,15:54:02.627,2015,-0.0159,1.6238
14647,15:54:02.628,2012,-0.0173,1.6214
14648,15:54:02.628,2011,-0.0178,1.6206
14649,15:54:02.629,2012,-0.0173,1.6214
14650,15:54:02.629,2013,-0.0168,1.6222
14651,15:54:02.630,2017,-0.0149,1.6254
14652,15:54:02.630,2018,-0.0144,1.6262
14653,15:54:02.631,2021,-0.0129,1.6286
14654,15:54:02.631,2026,-0.0105,1.6327
14655,15:54:02.632,2029,-0.0090,1.6351
14656,15:54:02.632,2030,-0.0085,1.6359
14657,15:54:02.633,2029,-0.0090,1.6351
14658,15:54:02.633,2031,-0.0081,1.6367
14659,15:54:02.634,2033,-0.0071,1.6383
14660,15:54:02.634,2036,-0.0056,1.6407
14661,15:54:02.635,2035,-0.0061,1.6399
14662,15:54:02.635,2035,-0.0061,1.6399
14663,15:54:02.636,2030,-0.0085,1.6359
14664,15:54:02.636,2024,-0.0115,1.6311
14665,15:54:02.637,2023,-0.0120,1.6303
14666,15:54:02.637,2023,-0.0120,1.6303
14667,15:54:02.638,2015,-0.0159,1.6238
14668,15:54:02.638,2018,-0.0144,1.6262
14669,15:54:02.639,2015,-0.0159,1.6238
14670,15:54:02.639,2008,-0.0193,1.6182
14671,15:54:02.640,2015,-0.0159,1.6238
14672,15:54:02.640,2015,-0.0159,1.6238
14673,15:54:02.641,2011,-0.0178,1.6206
14674,15:54:02.641,2009,-0.0188,1.6190
14675,15:54:02.642,2013,-0.0168,1.6222
14676,15:54:02.642,2017,-0.0149,1.6254
14677,15:54:02.643,2018,-0.0144,1.6262
14678,15:54:02.643,2025,-0.0110,1.6319
14679,15:54:02.644,2028,-0.0095,1.6343
14680,15:54:02.644,2027,-0.0100,1.6335
14681,15:54:02.645,2028,-0.0095,1.6343
14682,15:54:02.645,2030,-0.0085,1.6359
14683,15:54:02.646,2030,-0.0085,1.6359
14684,15:54:02.646,2031,-0.0081,1.6367
14685,15:54:02.647,2034,-0.0066,1.6391
14686,15:54:02.647,2037,-0.0051,1.6415
14687,15:54:02.648,2035,-0.0061,1.6399
14688,15:54:02.648,2030,-0.0085,1.6359
14689,15:54:02.649,2028,-0.0095,1.6343
14690,15:54:02.649,2023,-0.0120,1.6303
14691,15:54:02.650,2019,-0.0139,1.6270
14692,15:54:02.650,2021,-0.0129,1.6286
14693,15:54:02.651,2016,-0.0154,1.6246
14694,15:54:02.651,2018,-0.0144,1.6262
14695,15:54:02.652,2017,-0.0149,1.6254
14696,15:54:02.652,2016,-0.0154,1.6246
14697,15:54:02.653,2011,-0.0178,1.6206
14698,15:54:02.653,2013,-0.0168,1.6222
14699,15:54:02.654,2010,-0.0183,1.6198
14700,15:54:02.654,2013,-0.0168,1.6222
14701,15:54:02.655,2016,-0.0154,1.6246
14702,15:54:02.655,2020,-0.0134,1.6278
14703,15:54:02.656,2024,-0.0115,1.6311
14704,15:54:02.656,2024,-0.0115,1.6311
14705,15:54:02.657,2032,-0.0076,1.6375
14706,15:54:02.657,2033,-0.0071,1.6383
14707,15:54:02.658,2029,-0.0090,1.6351
14708,15:54:02.658,2031,-0.0081,1.6367
14709,15:54:02.659,2036,-0.0056,1.6407
14710,15:54:02.659,2033,-0.0071,1.6383
14711,15:54:02.660,2037,-0.0051,1.6415
14712,15:54:02.660,2032,-0.0076,1.6375
14713,15:54:02.661,2032,-0.0076,1.6375
14714,15:54:02.661,2027,-0.0100,1.6335
14715,15:54:02.662,2023,-0.0120,1.6303
14716,15:54:02.662,2021,-0.0129,1.6286
14717,15:54:02.663,2020,-0.0134,1.6278
14718,15:54:02.663,2019,-0.0139,1.6270
14719,15:54:02.664,2016,-0.0154,1.6246
14720,15:54:02.664,2013,-0.0168,1.6222
14721,15:54:02.665,2012,-0.0173,1.6214
14722,15:54:02.665,2013,-0.0168,1.6222
14723,15:54:02.666,2009,-0.0188,1.6190
14724,15:54:02.666,2013,-0.0168,1.6222
14725,15:54:02.667,2016,-0.0154,1.6246
14726,15:54:02.667,2016,-0.0154,1.6246
14727,15:54:02.668,2023,-0.0120,1.6303
14728,15:54:02.668,2024,-0.0115,1.6311
14729,15:54:02.669,2023,-0.0120,1.6303
14730,15:54:02.669,2027,-0.0100,1.6335
14731,15:54:02.670,2029,-0.0090,1.6351
14732,15:54:02.670,2032,-0.0076,1.6375
14733,15:54:02.671,2029,-0.0090,1.6351
14734,15:54:02.671,2034,-0.0066,1.6391
14735,15:54:02.672,2037,-0.0051,1.6415
14736,15:54:02.672,2033,-0.0071,1.6383
14737,15:54:02.673,2032,-0.0076,1.6375
14738,15:54:02.673,2028,-0.0095,1.6343
14739,15:54:02.674,2028,-0.0095,1.6343
14740,15:54:02.674,2021,-0.0129,1.6286
14741,15:54:02.675,2021,-0.0129,1.6286
14742,15:54:02.675,2016,-0.0154,1.6246
14743,15:54:02.676,2018,-0.0144,1.6262
14744,15:54:02.676,2012,-0.0173,1.6214
14745,15:54:02.677,2016,-0.0154,1.6246
14746,15:54:02.677,2014,-0.0164,1.6230
14747,15:54:02.678,2014,-0.0164,1.6230
14748,15:54:02.678,2011,-0.0178,1.6206
14749,15:54:02.679,2013,-0.0168,1.6222
14750,15:54:02.679,2010,-0.0183,1.6198
14751,15:54:02.680,2013,-0.0168,1.6222
14752,15:54:02.680,2018,-0.0144,1.6262
14753,15:54:02.681,2023,-0.0120,1.6303
14754,15:54:02.681,2030,-0.0085,1.6359
14755,15:54:02.682,2025,-0.0110,1.6319
14756,15:54:02.682,2027,-0.0100,1.6335
14757,15:54:02.683,2028,-0.0095,1.6343
14758,15:54:02.683,2033,-0.0071,1.6383
14759,15:54:02.684,2034,-0.0066,1.6391
14760,15:54:02.684,2036,-0.0056,1.6407
14761,15:54:02.685,2034,-0.0066,1.6391
14762,15:54:02.685,2032,-0.0076,1.6375
14763,15:54:02.686,2029,-0.0090,1.6351
14764,15:54:02.686,2024,-0.0115,1.6311
14765,15:54:02.687,2021,-0.0129,1.6286
14766,15:54:02.687,2021,-0.0129,1.6286
14767,15:54:02.688,2017,-0.0149,1.6254
14768,15:54:02.688,2016,-0.0154,1.6246
14769,15:54:02.689,2017,-0.0149,1.6254
14770,15:54:02.689,2013,-0.0168,1.6222
14771,15:54:02.690,2015,-0.0159,1.6238
14772,15:54:02.690,2011,-0.0178,1.6206
14773,15:54:02.691,2013,-0.0168,1.6222
14774,15:54:02.691,2012,-0.0173,1.6214
14775,15:54:02.692,2017,-0.0149,1.6254
14776,15:54:02.692,2018,-0.0144,1.6262
14777,15:54:02.693,2020,-0.0134,1.6278
14778,15:54:02.693,2028,-0.0095,1.6343
14779,15:54:02.694,2030,-0.0085,1.6359
14780,15:54:02.694,2031,-0.0081,1.6367
14781,15:54:02.695,2031,-0.0081,1.6367
14782,15:54:02.695,2036,-0.0056,1.6407
14783,15:54:02.696,2035,-0.0061,1.6399
14784,15:54:02.696,2034,-0.0066,1.6391
14785,15:54:02.697,2030,-0.0085,1.6359
14786,15:54:02.697,2033,-0.0071,1.6383
14787,15:54:02.698,2030,-0.0085,1.6359
14788,15:54:02.698,2030,-0.0085,1.6359
14789,15:54:02.699,2025,-0.0110,1.6319
14790,15:54:02.699,2022,-0.0125,1.6295
14791,15:54:02.700,2018,-0.0144,1.6262
14792,15:54:02.700,2020,-0.0134,1.6278
14793,15:54:02.701,2019,-0.0139,1.6270
14794,15:54:02.701,2014,-0.0164,1.6230
14795,15:54:02.702,2014,-0.0164,1.6230
14796,15:54:02.702,2014,-0.0164,1.6230
14797,15:54:02.703,2011,-0.0178,1.6206
14798,15:54:02.703,2013,-0.0168,1.6222
14799,15:54:02.704,2009,-0.0188,1.6190
14800,15:54:02.704,2013,-0.0168,1.6222
14801,15:54:02.705,2017,-0.0149,1.6254
14802,15:54:02.705,2024,-0.0115,1.6311
14803,15:54:02.706,2024,-0.0115,1.6311
14804,15:54:02.706,2026,-0.0105,1.6327
14805,15:54:02.707,2026,-0.0105,1.6327
14806,15:54:02.707,2028,-0.0095,1.6343
14807,15:54:02.708,2027,-0.0100,1.6335
14808,15:54:02.708,2035,-0.0061,1.6399
14809,15:54:02.709,2034,-0.0066,1.6391
14810,15:54:02.709,2037,-0.0051,1.6415
14811,15:54:02.710,2033,-0.0071,1.6383
14812,15:54:02.710,2032,-0.0076,1.6375
14813,15:54:02.711,2030,-0.0085,1.6359
14814,15:54:02.711,2023,-0.0120,1.6303
14815,15:54:02.712,2021,-0.0129,1.6286
14816,15:54:02.712,2022,-0.0125,1.6295
14817,15:54:02.713,2019,-0.0139,1.6270
14818,15:54:02.713,2016,-0.0154,1.6246
14819,15:54:02.714,2013,-0.0168,1.6222
14820,15:54:02.714,2012,-0.0173,1.6214
14821,15:54:02.715,2011,-0.0178,1.6206
14822,15:54:02.715,2007,-0.0198,1.6174
14823,15:54:02.716,2013,-0.0168,1.6222
14824,15:54:02.716,2012,-0.0173,1.6214
14825,15:54:02.717,2012,-0.0173,1.6214
14826,15:54:02.717,2015,-0.0159,1.6238
14827,15:54:02.718,2021,-0.0129,1.6286
14828,15:54:02.718,2024,-0.0115,1.6311
14829,15:54:02.719,2031,-0.0081,1.6367
14830,15:54:02.719,2027,-0.0100,1.6335
14831,15:54:02.720,2031,-0.0081,1.6367
14832,15:54:02.720,2032,-0.0076,1.6375
14833,15:54:02.721,2033,-0.0071,1.6383
14834,15:54:02.721,2034,-0.0066,1.6391
14835,15:54:02.722,2033,-0.0071,1.6383
14836,15:54:02.722,2032,-0.0076,1.6375
14837,15:54:02.723,2034,-0.0066,1.6391
14838,15:54:02.723,2024,-0.0115,1.6311
14839,15:54:02.724,2025,-0.0110,1.6319
14840,15:54:02.724,2023,-0.0120,1.6303
14841,15:54:02.725,2023,-0.0120,1.6303
14842,15:54:02.725,2019,-0.0139,1.6270
14843,15:54:02.726,2015,-0.0159,1.6238
14844,15:54:02.726,2019,-0.0139,1.6270
14845,15:54:02.727,2013,-0.0168,1.6222
14846,15:54:02.727,2014,-0.0164,1.6230
14847,15:54:02.728,2010,-0.0183,1.6198
14848,15:54:02.728,2013,-0.0168,1.6222
14849,15:54:02.729,2010,-0.0183,1.6198
14850,15:54:02.729,2012,-0.0173,1.6214
14851,15:54:02.730,2022,-0.0125,1.6295
14852,15:54:02.730,2023,-0.0120,1.6303
14853,15:54:02.731,2022,-0.0125,1.6295
14854,15:54:02.731,2027,-0.0100,1.6335
14855,15:54:02.732,2024,-0.0115,1.6311
14856,15:54:02.732,2029,-0.0090,1.6351
14857,15:54:02.733,2030,-0.0085,1.6359
14858,15:54:02.733,2030,-0.0085,1.6359
14859,15:54:02.734,2035,-0.0061,1.6399
14860,15:54:02.734,2029,-0.0090,1.6351
14861,15:54:02.735,2030,-0.0085,1.6359
14862,15:54:02.735,2029,-0.0090,1.6351
14863,15:54:02.736,2025,-0.0110,1.6319
14864,15:54:02.736,2024,-0.0115,1.6311
14865,15:54:02.737,2020,-0.0134,1.6278
14866,15:54:02.737,2020,-0.0134,1.6278
14867,15:54:02.738,2017,-0.0149,1.6254
14868,15:54:02.738,2019,-0.0139,1.6270
14869,15:54:02.739,2014,-0.0164,1.6230
14870,15:54:02.739,2015,-0.0159,1.6238
14871,15:54:02.740,2016,-0.0154,1.6246
14872,15:54:02.740,2014,-0.0164,1.6230
14873,15:54:02.741,2011,-0.0178,1.6206
14874,15:54:02.741,2013,-0.0168,1.6222
14875,15:54:02.742,2016,-0.0154,1.6246
14876,15:54:02.742,2016,-0.0154,1.6246
14877,15:54:02.743,2025,-0.0110,1.6319
14878,15:54:02.743,2028,-0.0095,1.6343
14879,15:54:02.744,2030,-0.0085,1.6359
14880,15:54:02.744,2031,-0.0081,1.6367
14881,15:54:02.745,2030,-0.0085,1.6359
14882,15:54:02.745,2034,-0.0066,1.6391
14883,15:54:02.746,2032,-0.0076,1.6375
14884,15:54:02.746,2033,-0.0071,1.6383
14885,15:54:02.747,2034,-0.0066,1.6391
14886,15:54:02.747,2039,-0.0042,1.6432
14887,15:54:02.748,2028,-0.0095,1.6343
14888,15:54:02.748,2027,-0.0100,1.6335
14889,15:54:02.749,2024,-0.0115,1.6311
14890,15:54:02.749,2018,-0.0144,1.6262
14891,15:54:02.750,2026,-0.0105,1.6327
14892,15:54:02.750,2020,-0.0134,1.6278
14893,15:54:02.751,2015,-0.0159,1.6238
14894,15:54:02.751,2013,-0.0168,1.6222
14895,15:54:02.752,2015,-0.0159,1.6238
14896,15:54:02.752,2010,-0.0183,1.6198
14897,15:54:02.753,2009,-0.0188,1.6190
14898,15:54:02.753,2006,-0.0203,1.6166
14899,15:54:02.754,2009,-0.0188,1.6190
14900,15:54:02.754,2013,-0.0168,1.6222
14901,15:54:02.755,2017,-0.0149,1.6254
14902,15:54:02.755,2018,-0.0144,1.6262
14903,15:54:02.756,2021,-0.0129,1.6286
14904,15:54:02.756,2028,-0.0095,1.6343
14905,15:54:02.757,2031,-0.0081,1.6367
14906,15:54:02.757,2031,-0.0081,1.6367
14907,15:54:02.758,2027,-0.0100,1.6335
14908,15:54:02.758,2030,-0.0085,1.6359
14909,15:54:02.759,2035,-0.0061,1.6399
14910,15:54:02.759,2035,-0.0061,1.6399
14911,15:54:02.760,2027,-0.0100,1.6335
14912,15:54:02.760,2035,-0.0061,1.6399
14913,15:54:02.761,2026,-0.0105,1.6327
14914,15:54:02.761,2019,-0.0139,1.6270
14915,15:54:02.762,2020,-0.0134,1.6278
14916,15:54:02.762,2019,-0.0139,1.6270
14917,15:54:02.763,2020,-0.0134,1.6278
14918,15:54:02.763,2018,-0.0144,1.6262
14919,15:54:02.764,2015,-0.0159,1.6238
14920,15:54:02.764,2015,-0.0159,1.6238
14921,15:54:02.765,2012,-0.0173,1.6214
14922,15:54:02.765,2012,-0.0173,1.6214
14923,15:54:02.766,2011,-0.0178,1.6206
14924,15:54:02.766,2014,-0.0164,1.6230
14925,15:54:02.767,2014,-0.0164,1.6230
14926,15:54:02.767,2017,-0.0149,1.6254
14927,15:54:02.768,2023,-0.0120,1.6303
14928,15:54:02.768,2027,-0.0100,1.6335
14929,15:54:02.769,2029,-0.0090,1.6351
14930,15:54:02.769,2027,-0.0100,1.6335
14931,15:54:02.770,2029,-0.0090,1.6351
14932,15:54:02.770,2033,-0.0071,1.6383
14933,15:54:02.771,2035,-0.0061,1.6399
14934,15:54:02.771,2038,-0.0046,1.6423
14935,15:54:02.772,2031,-0.0081,1.6367
14936,15:54:02.772,2035,-0.0061,1.6399
14937,15:54:02.773,2030,-0.0085,1.6359
14938,15:54:02.773,2025,-0.0110,1.6319
14939,15:54:02.774,2026,-0.0105,1.6327
14940,15:54:02.774,2022,-0.0125,1.6295
14941,15:54:02.775,2022,-0.0125,1.6295
14942,15:54:02.775,2021,-0.0129,1.6286
14943,15:54:02.776,2014,-0.0164,1.6230
14944,15:54:02.776,2013,-0.0168,1.6222
14945,15:54:02.777,2014,-0.0164,1.6230
14946,15:54:02.777,2014,-0.0164,1.6230
14947,15:54:02.778,2009,-0.0188,1.6190
14948,15:54:02.778,2014,-0.0164,1.6230
14949,15:54:02.779,2013,-0.0168,1.6222
14950,15:54:02.779,2014,-0.0164,1.6230
14951,15:54:02.780,2016,-0.0154,1.6246
14952,15:54:02.780,2021,-0.0129,1.6286
14953,15:54:02.781,2025,-0.0110,1.6319
14954,15:54:02.781,2024,-0.0115,1.6311
14955,15:54:02.782,2029,-0.0090,1.6351
14956,15:54:02.782,2030,-0.0085,1.6359
14957,15:54:02.783,2031,-0.0081,1.6367
14958,15:54:02.783,2031,-0.0081,1.6367
14959,15:54:02.784,2031,-0.0081,1.6367
14960,15:54:02.784,2038,-0.0046,1.6423
14961,15:54:02.785,2032,-0.0076,1.6375
14962,15:54:02.785,2030,-0.0085,1.6359
14963,15:54:02.786,2026,-0.0105,1.6327
14964,15:54:02.786,2025,-0.0110,1.6319
14965,15:54:02.787,2023,-0.0120,1.6303
14966,15:54:02.787,2021,-0.0129,1.6286
14967,15:54:02.788,2014,-0.0164,1.6230
14968,15:54:02.788,2018,-0.0144,1.6262
14969,15:54:02.789,2015,-0.0159,1.6238
14970,15:54:02.789,2012,-0.0173,1.6214
14971,15:54:02.790,2009,-0.0188,1.6190
14972,15:54:02.790,2014,-0.0164,1.6230
14973,15:54:02.791,2009,-0.0188,1.6190
14974,15:54:02.791,2012,-0.0173,1.6214
14975,15:54:02.792,2013,-0.0168,1.6222
14976,15:54:02.792,2019,-0.0139,1.6270
14977,15:54:02.793,2017,-0.0149,1.6254
14978,15:54:02.793,2026,-0.0105,1.6327
14979,15:54:02.794,2025,-0.0110,1.6319
14980,15:54:02.794,2030,-0.0085,1.6359
14981,15:54:02.795,2030,-0.0085,1.6359
14982,15:54:02.795,2031,-0.0081,1.6367
14983,15:54:02.796,2033,-0.0071,1.6383
14984,15:54:02.796,2034,-0.0066,1.6391
14985,15:54:02.797,2032,-0.0076,1.6375
14986,15:54:02.797,2030,-0.0085,1.6359
14987,15:54:02.798,2027,-0.0100,1.6335
14988,15:54:02.798,2025,-0.0110,1.6319
14989,15:54:02.799,2023,-0.0120,1.6303
14990,15:54:02.799,2019,-0.0139,1.6270
14991,15:54:02.800,2022,-0.0125,1.6295
14992,15:54:02.800,2020,-0.0134,1.6278
14993,15:54:02.801,2015,-0.0159,1.6238
14994,15:54:02.801,2014,-0.0164,1.6230
14995,15:54:02.802,2015,-0.0159,1.6238
14996,15:54:02.802,2009,-0.0188,1.6190
14997,15:54:02.803,2013,-0.0168,1.6222
14998,15:54:02.803,2010,-0.0183,1.6198
14999,15:54:02.804,2013,-0.0168,1.6222
15000,15:54:02.804,2016,-0.0154,1.6246
15001,15:54:02.805,2020,-0.0134,1.6278
15002,15:54:02.805,2022,-0.0125,1.6295
15003,15:54:02.806,2028,-0.0095,1.6343
15004,15:54:02.806,2028,-0.0095,1.6343
15005,15:54:02.807,2026,-0.0105,1.6327
15006,15:54:02.807,2033,-0.0071,1.6383
15007,15:54:02.808,2031,-0.0081,1.6367
15008,15:54:02.808,2037,-0.0051,1.6415
15009,15:54:02.809,2035,-0.0061,1.6399
15010,15:54:02.809,2036,-0.0056,1.6407
15011,15:54:02.810,2035,-0.0061,1.6399
15012,15:54:02.810,2029,-0.0090,1.6351
15013,15:54:02.811,2027,-0.0100,1.6335
15014,15:54:02.811,2027,-0.0100,1.6335
15015,15:54:02.812,2024,-0.0115,1.6311
15016,15:54:02.812,2019,-0.0139,1.6270
15017,15:54:02.813,2014,-0.0164,1.6230
15018,15:54:02.813,2018,-0.0144,1.6262
15019,15:54:02.814,2015,-0.0159,1.6238
15020,15:54:02.814,2016,-0.0154,1.6246
15021,15:54:02.815,2008,-0.0193,1.6182
15022,15:54:02.815,2010,-0.0183,1.6198
15023,15:54:02.816,2010,-0.0183,1.6198
15024,15:54:02.816,2011,-0.0178,1.6206
15025,15:54:02.817,2012,-0.0173,1.6214
15026,15:54:02.817,2019,-0.0139,1.6270
15027,15:54:02.818,2022,-0.0125,1.6295
15028,15:54:02.818,2024,-0.0115,1.6311
15029,15:54:02.819,2029,-0.0090,1.6351
15030,15:54:02.819,2026,-0.0105,1.6327
15031,15:54:02.820,2026,-0.0105,1.6327
15032,15:54:02.820,2032,-0.0076,1.6375
15033,15:54:02.821,2031,-0.0081,1.6367
15034,15:54:02.821,2031,-0.0081,1.6367
15035,15:54:02.822,2030,-0.0085,1.6359
15036,15:54:02.822,2029,-0.0090,1.6351
15037,15:54:02.823,2029,-0.0090,1.6351
15038,15:54:02.823,2025,-0.0110,1.6319
15039,15:54:02.824,2020,-0.0134,1.6278
15040,15:54:02.824,2023,-0.0120,1.6303
15041,15:54:02.825,2019,-0.0139,1.6270
15042,15:54:02.825,2017,-0.0149,1.6254
15043,15:54:02.826,2020,-0.0134,1.6278
15044,15:54:02.826,2015,-0.0159,1.6238
15045,15:54:02.827,2015,-0.0159,1.6238
15046,15:54:02.827,2013,-0.0168,1.6222
15047,15:54:02.828,2010,-0.0183,1.6198
15048,15:54:02.828,2007,-0.0198,1.6174
15049,15:54:02.829,2011,-0.0178,1.6206
15050,15:54:02.829,2015,-0.0159,1.6238
15051,15:54:02.830,2018,-0.0144,1.6262
15052,15:54:02.830,2019,-0.0139,1.6270
15053,15:54:02.831,2019,-0.0139,1.6270
15054,15:54:02.831,2026,-0.0105,1.6327
15055,15:54:02.832,2030,-0.0085,1.6359
15056,15:54:02.832,2032,-0.0076,1.6375
15057,15:54:02.833,2032,-0.0076,1.6375
15058,15:54:02.833,2040,-0.0037,1.6440
15059,15:54:02.834,2038,-0.0046,1.6423
15060,15:54:02.834,2032,-0.0076,1.6375
15061,15:54:02.835,2031,-0.0081,1.6367
15062,15:54:02.835,2027,-0.0100,1.6335
15063,15:54:02.836,2032,-0.0076,1.6375
15064,15:54:02.836,2023,-0.0120,1.6303
15065,15:54:02.837,2024,-0.0115,1.6311
15066,15:54:02.837,2023,-0.0120,1.6303
15067,15:54:02.838,2021,-0.0129,1.6286
15068,15:54:02.838,2019,-0.0139,1.6270
15069,15:54:02.839,2013,-0.0168,1.6222
15070,15:54:02.839,2014,-0.0164,1.6230
15071,15:54:02.840,2007,-0.0198,1.6174
15072,15:54:02.840,2011,-0.0178,1.6206
15073,15:54:02.841,2012,-0.0173,1.6214
15074,15:54:02.841,2017,-0.0149,1.6254
15075,15:54:02.842,2018,-0.0144,1.6262
15076,15:54:02.842,2020,-0.0134,1.6278
15077,15:54:02.843,2024,-0.0115,1.6311
15078,15:54:02.843,2024,-0.0115,1.6311
15079,15:54:02.844,2026,-0.0105,1.6327
15080,15:54:02.844,2026,-0.0105,1.6327
15081,15:54:02.845,2025,-0.0110,1.6319
15082,15:54:02.845,2033,-0.0071,1.6383
15083,15:54:02.846,2035,-0.0061,1.6399
15084,15:54:02.846,2033,-0.0071,1.6383
15085,15:54:02.847,2032,-0.0076,1.6375
15086,15:54:02.847,2030,-0.0085,1.6359
15087,15:54:02.848,2030,-0.0085,1.6359
15088,15:54:02.848,2023,-0.0120,1.6303
15089,15:54:02.849,2022,-0.0125,1.6295
15090,15:54:02.849,2021,-0.0129,1.6286
15091,15:54:02.850,2023,-0.0120,1.6303
15092,15:54:02.850,2020,-0.0134,1.6278
15093,15:54:02.851,2013,-0.0168,1.6222
15094,15:54:02.851,2014,-0.0164,1.6230
15095,15:54:02.852,2009,-0.0188,1.6190
15096,15:54:02.852,2011,-0.0178,1.6206
15097,15:54:02.853,2004,-0.0212,1.6149
15098,15:54:02.853,2015,-0.0159,1.6238
15099,15:54:02.854,2012,-0.0173,1.6214
15100,15:54:02.854,2020,-0.0134,1.6278
15101,15:54:02.855,2021,-0.0129,1.6286
15102,15:54:02.855,2021,-0.0129,1.6286
15103,15:54:02.856,2025,-0.0110,1.6319
15104,15:54:02.856,2029,-0.0090,1.6351
15105,15:54:02.857,2030,-0.0085,1.6359
15106,15:54:02.857,2029,-0.0090,1.6351
15107,15:54:02.858,2034,-0.0066,1.6391
15108,15:54:02.858,2037,-0.0051,1.6415
15109,15:54:02.859,2037,-0.0051,1.6415
15110,15:54:02.859,2038,-0.0046,1.6423
15111,15:54:02.860,2033,-0.0071,1.6383
15112,15:54:02.860,2031,-0.0081,1.6367
15113,15:54:02.861,2024,-0.0115,1.6311
15114,15:54:02.861,2023,-0.0120,1.6303
15115,15:54:02.862,2020,-0.0134,1.6278
15116,15:54:02.862,2017,-0.0149,1.6254
15117,15:54:02.863,2020,-0.0134,1.6278
15118,15:54:02.863,2015,-0.0159,1.6238
15119,15:54:02.864,2013,-0.0168,1.6222
15120,15:54:02.864,2013,-0.0168,1.6222
15121,15:54:02.865,2011,-0.0178,1.6206
15122,15:54:02.865,2013,-0.0168,1.6222
15123,15:54:02.866,2012,-0.0173,1.6214
15124,15:54:02.866,2014,-0.0164,1.6230
15125,15:54:02.867,2015,-0.0159,1.6238
15126,15:54:02.867,2018,-0.0144,1.6262
15127,15:54:02.868,2022,-0.0125,1.6295
15128,15:54:02.868,2023,-0.0120,1.6303
15129,15:54:02.869,2024,-0.0115,1.6311
15130,15:54:02.869,2026,-0.0105,1.6327
15131,15:54:02.870,2027,-0.0100,1.6335
15132,15:54:02.870,2026,-0.0105,1.6327
15133,15:54:02.871,2035,-0.0061,1.6399
15134,15:54:02.871,2035,-0.0061,1.6399
15135,15:54:02.872,2031,-0.0081,1.6367
15136,15:54:02.872,2034,-0.0066,1.6391
15137,15:54:02.873,2028,-0.0095,1.6343
15138,15:54:02.873,2022,-0.0125,1.6295
15139,15:54:02.874,2024,-0.0115,1.6311
15140,15:54:02.874,2021,-0.0129,1.6286
15141,15:54:02.875,2021,-0.0129,1.6286
15142,15:54:02.875,2021,-0.0129,1.6286
15143,15:54:02.876,2017,-0.0149,1.6254
15144,15:54:02.876,2012,-0.0173,1.6214
15145,15:54:02.877,2013,-0.0168,1.6222
15146,15:54:02.877,2013,-0.0168,1.6222
15147,15:54:02.878,2013,-0.0168,1.6222
15148,15:54:02.878,2009,-0.0188,1.6190
15149,15:54:02.879,2016,-0.0154,1.6246
15150,15:54:02.879,2016,-0.0154,1.6246
15151,15:54:02.880,2019,-0.0139,1.6270
15152,15:54:02.880,2022,-0.0125,1.6295
15153,15:54:02.881,2027,-0.0100,1.6335
15154,15:54:02.881,2029,-0.0090,1.6351
15155,15:54:02.882,2028,-0.0095,1.6343
15156,15:54:02.882,2033,-0.0071,1.6383
15157,15:54:02.883,2034,-0.0066,1.6391
15158,15:54:02.883,2037,-0.0051,1.6415
15159,15:54:02.884,2034,-0.0066,1.6391
15160,15:54:02.884,2033,-0.0071,1.6383
15161,15:54:02.885,2033,-0.0071,1.6383
15162,15:54:02.885,2025,-0.0110,1.6319
15163,15:54:02.886,2029,-0.0090,1.6351
15164,15:54:02.886,2025,-0.0110,1.6319
15165,15:54:02.887,2020,-0.0134,1.6278
15166,15:54:02.887,2022,-0.0125,1.6295
15167,15:54:02.888,2016,-0.0154,1.6246
15168,15:54:02.888,2015,-0.0159,1.6238
15169,15:54:02.889,2019,-0.0139,1.6270
15170,15:54:02.889,2014,-0.0164,1.6230
15171,15:54:02.890,2012,-0.0173,1.6214
15172,15:54:02.890,2010,-0.0183,1.6198
15173,15:54:02.891,2011,-0.0178,1.6206
15174,15:54:02.891,2016,-0.0154,1.6246
15175,15:54:02.892,2019,-0.0139,1.6270
15176,15:54:02.892,2020,-0.0134,1.6278
15177,15:54:02.893,2025,-0.0110,1.6319
15178,15:54:02.893,2027,-0.0100,1.6335
15179,15:54:02.894,2025,-0.0110,1.6319
15180,15:54:02.894,2027,-0.0100,1.6335
15181,15:54:02.895,2029,-0.0090,1.6351
15182,15:54:02.895,2034,-0.0066,1.6391
15183,15:54:02.896,2031,-0.0081,1.6367
15184,15:54:02.896,2033,-0.0071,1.6383
15185,15:54:02.897,2032,-0.0076,1.6375
15186,15:54:02.897,2031,-0.0081,1.6367
15187,15:54:02.898,2025,-0.0110,1.6319
15188,15:54:02.898,2022,-0.0125,1.6295
15189,15:54:02.899,2022,-0.0125,1.6295
15190,15:54:02.899,2022,-0.0125,1.6295
15191,15:54:02.900,2018,-0.0144,1.6262
15192,15:54:02.900,2016,-0.0154,1.6246
15193,15:54:02.901,2012,-0.0173,1.6214
15194,15:54:02.901,2015,-0.0159,1.6238
15195,15:54:02.902,2009,-0.0188,1.6190
15196,15:54:02.902,2013,-0.0168,1.6222
15197,15:54:02.903,2011,-0.0178,1.6206
15198,15:54:02.903,2011,-0.0178,1.6206
15199,15:54:02.904,2020,-0.0134,1.6278
15200,15:54:02.904,2018,-0.0144,1.6262
15201,15:54:02.905,2022,-0.0125,1.6295
15202,15:54:02.905,2024,-0.0115,1.6311
15203,15:54:02.906,2024,-0.0115,1.6311
15204,15:54:02.906,2025,-0.0110,1.6319
15205,15:54:02.907,2028,-0.0095,1.6343
15206,15:54:02.907,2029,-0.0090,1.6351
15207,15:54:02.908,2035,-0.0061,1.6399
15208,15:54:02.908,2037,-0.0051,1.6415
15209,15:54:02.909,2036,-0.0056,1.6407
15210,15:54:02.909,2031,-0.0081,1.6367
15211,15:54:02.910,2034,-0.0066,1.6391
15212,15:54:02.910,2026,-0.0105,1.6327
15213,15:54:02.911,2025,-0.0110,1.6319
15214,15:54:02.911,2026,-0.0105,1.6327
15215,15:54:02.912,2019,-0.0139,1.6270
15216,15:54:02.912,2021,-0.0129,1.6286
15217,15:54:02.913,2019,-0.0139,1.6270
15218,15:54:02.913,2015,-0.0159,1.6238
15219,15:54:02.914,2011,-0.0178,1.6206
15220,15:54:02.914,2009,-0.0188,1.6190
15221,15:54:02.915,2012,-0.0173,1.6214
15222,15:54:02.915,2010,-0.0183,1.6198
15223,15:54:02.916,2014,-0.0164,1.6230
15224,15:54:02.916,2016,-0.0154,1.6246
15225,15:54:02.917,2019,-0.0139,1.6270
15226,15:54:02.917,2018,-0.0144,1.6262
15227,15:54:02.918,2022,-0.0125,1.6295
15228,15:54:02.918,2027,-0.0100,1.6335
15229,15:54:02.919,2024,-0.0115,1.6311
15230,15:54:02.919,2022,-0.0125,1.6295
15231,15:54:02.920,2030,-0.0085,1.6359
15232,15:54:02.920,2030,-0.0085,1.6359
15233,15:54:02.921,2033,-0.0071,1.6383
15234,15:54:02.921,2035,-0.0061,1.6399
15235,15:54:02.922,2033,-0.0071,1.6383
15236,15:54:02.922,2031,-0.0081,1.6367
15237,15:54:02.923,2027,-0.0100,1.6335
15238,15:54:02.923,2020,-0.0134,1.6278
15239,15:54:02.924,2020,-0.0134,1.6278
15240,15:54:02.924,2022,-0.0125,1.6295
15241,15:54:02.925,2018,-0.0144,1.6262
15242,15:54:02.925,2014,-0.0164,1.6230
15243,15:54:02.926,2014,-0.0164,1.6230
15244,15:54:02.926,2016,-0.0154,1.6246
15245,15:54:02.927,2010,-0.0183,1.6198
15246,15:54:02.927,2012,-0.0173,1.6214
15247,15:54:02.928,2011,-0.0178,1.6206
15248,15:54:02.928,2013,-0.0168,1.6222
15249,15:54:02.929,2014,-0.0164,1.6230
15250,15:54:02.929,2017,-0.0149,1.6254
15251,15:54:02.930,2019,-0.0139,1.6270
15252,15:54:02.930,2021,-0.0129,1.6286
15253,15:54:02.931,2023,-0.0120,1.6303
15254,15:54:02.931,2026,-0.0105,1.6327
15255,15:54:02.932,2029,-0.0090,1.6351
15256,15:54:02.932,2029,-0.0090,1.6351
15257,15:54:02.933,2036,-0.0056,1.6407
15258,15:54:02.933,2034,-0.0066,1.6391
15259,15:54:02.934,2036,-0.0056,1.6407
15260,15:54:02.934,2034,-0.0066,1.6391
15261,15:54:02.935,2023,-0.0120,1.6303
15262,15:54:02.935,2028,-0.0095,1.6343
15263,15:54:02.936,2027,-0.0100,1.6335
15264,15:54:02.936,2023,-0.0120,1.6303
15265,15:54:02.937,2023,-0.0120,1.6303
15266,15:54:02.937,2019,-0.0139,1.6270
15267,15:54:02.938,2017,-0.0149,1.6254
15268,15:54:02.938,2014,-0.0164,1.6230
15269,15:54:02.939,2016,-0.0154,1.6246
15270,15:54:02.939,2013,-0.0168,1.6222
15271,15:54:02.940,2013,-0.0168,1.6222
15272,15:54:02.940,2013,-0.0168,1.6222
15273,15:54:02.941,2016,-0.0154,1.6246
15274,15:54:02.941,2019,-0.0139,1.6270
15275,15:54:02.942,2017,-0.0149,1.6254
15276,15:54:02.942,2023,-0.0120,1.6303
15277,15:54:02.943,2026,-0.0105,1.6327
15278,15:54:02.943,2025,-0.0110,1.6319
15279,15:54:02.944,2029,-0.0090,1.6351
15280,15:54:02.944,2029,-0.0090,1.6351
15281,15:54:02.945,2033,-0.0071,1.6383
15282,15:54:02.945,2034,-0.0066,1.6391
15283,15:54:02.946,2034,-0.0066,1.6391
15284,15:54:02.946,2037,-0.0051,1.6415
15285,15:54:02.947,2032,-0.0076,1.6375
15286,15:54:02.947,2034,-0.0066,1.6391
15287,15:54:02.948,2025,-0.0110,1.6319
15288,15:54:02.948,2022,-0.0125,1.6295
15289,15:54:02.949,2022,-0.0125,1.6295
15290,15:54:02.949,2019,-0.0139,1.6270
15291,15:54:02.950,2018,-0.0144,1.6262
15292,15:54:02.950,2016,-0.0154,1.6246
15293,15:54:02.951,2017,-0.0149,1.6254
15294,15:54:02.951,2014,-0.0164,1.6230
15295,15:54:02.952,2009,-0.0188,1.6190
15296,15:54:02.952,2015,-0.0159,1.6238
15297,15:54:02.953,2009,-0.0188,1.6190
15298,15:54:02.953,2015,-0.0159,1.6238
15299,15:54:02.954,2014,-0.0164,1.6230
15300,15:54:02.954,2018,-0.0144,1.6262
15301,15:54:02.955,2021,-0.0129,1.6286
15302,15:54:02.955,2024,-0.0115,1.6311
15303,15:54:02.956,2029,-0.0090,1.6351
15304,15:54:02.956,2025,-0.0110,1.6319
15305,15:54:02.957,2027,-0.0100,1.6335
15306,15:54:02.957,2032,-0.0076,1.6375
15307,15:54:02.958,2035,-0.0061,1.6399
15308,15:54:02.958,2036,-0.0056,1.6407
15309,15:54:02.959,2035,-0.0061,1.6399
15310,15:54:02.959,2030,-0.0085,1.6359
15311,15:54:02.960,2026,-0.0105,1.6327
15312,15:54:02.960,2024,-0.0115,1.6311
15313,15:54:02.961,2024,-0.0115,1.6311
15314,15:54:02.961,2021,-0.0129,1.6286
15315,15:54:02.962,2017,-0.0149,1.6254
15316,15:54:02.962,2018,-0.0144,1.6262
15317,15:54:02.963,2016,-0.0154,1.6246
15318,15:54:02.963,2008,-0.0193,1.6182
15319,15:54:02.964,2011,-0.0178,1.6206
15320,15:54:02.964,2012,-0.0173,1.6214
15321,15:54:02.965,2009,-0.0188,1.6190
15322,15:54:02.965,2010,-0.0183,1.6198
15323,15:54:02.966,2014,-0.0164,1.6230
15324,15:54:02.966,2020,-0.0134,1.6278
15325,15:54:02.967,2024,-0.0115,1.6311
15326,15:54:02.967,2024,-0.0115,1.6311
15327,15:54:02.968,2027,-0.0100,1.6335
15328,15:54:02.968,2026,-0.0105,1.6327
15329,15:54:02.969,2030,-0.0085,1.6359
15330,15:54:02.969,2029,-0.0090,1.6351
15331,15:54:02.970,2030,-0.0085,1.6359
15332,15:54:02.970,2033,-0.0071,1.6383
15333,15:54:02.971,2035,-0.0061,1.6399
15334,15:54:02.971,2034,-0.0066,1.6391
15335,15:54:02.972,2032,-0.0076,1.6375
15336,15:54:02.972,2027,-0.0100,1.6335
15337,15:54:02.973,2029,-0.0090,1.6351
15338,15:54:02.973,2027,-0.0100,1.6335
15339,15:54:02.974,2022,-0.0125,1.6295
15340,15:54:02.974,2024,-0.0115,1.6311
15341,15:54:02.975,2023,-0.0120,1.6303
15342,15:54:02.975,2017,-0.0149,1.6254
15343,15:54:02.976,2015,-0.0159,1.6238
15344,15:54:02.976,2012,-0.0173,1.6214
15345,15:54:02.977,2009,-0.0188,1.6190
15346,15:54:02.977,2011,-0.0178,1.6206
15347,15:54:02.978,2010,-0.0183,1.6198
15348,15:54:02.978,2018,-0.0144,1.6262
15349,15:54:02.979,2017,-0.0149,1.6254
15350,15:54:02.979,2016,-0.0154,1.6246
15351,15:54:02.980,2022,-0.0125,1.6295
15352,15:54:02.980,2024,-0.0115,1.6311
15353,15:54:02.981,2026,-0.0105,1.6327
15354,15:54:02.981,2030,-0.0085,1.6359
15355,15:54:02.982,2026,-0.0105,1.6327
15356,15:54:02.982,2031,-0.0081,1.6367
15357,15:54:02.983,2032,-0.0076,1.6375
15358,15:54:02.983,2032,-0.0076,1.6375
15359,15:54:02.984,2030,-0.0085,1.6359
15360,15:54:02.984,2033,-0.0071,1.6383
15361,15:54:02.985,2027,-0.0100,1.6335
15362,15:54:02.985,2023,-0.0120,1.6303
15363,15:54:02.986,2026,-0.0105,1.6327
15364,15:54:02.986,2025,-0.0110,1.6319
15365,15:54:02.987,2022,-0.0125,1.6295
15366,15:54:02.987,2017,-0.0149,1.6254
15367,15:54:02.988,2021,-0.0129,1.6286
15368,15:54:02.988,2015,-0.0159,1.6238
15369,15:54:02.989,2010,-0.0183,1.6198
15370,15:54:02.989,2013,-0.0168,1.6222
15371,15:54:02.990,2010,-0.0183,1.6198
15372,15:54:02.990,2014,-0.0164,1.6230
15373,15:54:02.991,2012,-0.0173,1.6214
15374,15:54:02.991,2019,-0.0139,1.6270
15375,15:54:02.992,2020,-0.0134,1.6278
15376,15:54:02.992,2023,-0.0120,1.6303
15377,15:54:02.993,2027,-0.0100,1.6335
15378,15:54:02.993,2028,-0.0095,1.6343
15379,15:54:02.994,2029,-0.0090,1.6351
15380,15:54:02.994,2029,-0.0090,1.6351
15381,15:54:02.995,2034,-0.0066,1.6391
15382,15:54:02.995,2034,-0.0066,1.6391
15383,15:54:02.996,2032,-0.0076,1.6375
15384,15:54:02.996,2036,-0.0056,1.6407
15385,15:54:02.997,2034,-0.0066,1.6391
15386,15:54:02.997,2030,-0.0085,1.6359
15387,15:54:02.998,2027,-0.0100,1.6335
15388,15:54:02.998,2023,-0.0120,1.6303
15389,15:54:02.999,2020,-0.0134,1.6278
15390,15:54:02.999,2021,-0.0129,1.6286
15391,15:54:03.000,2025,-0.0110,1.6319
15392,15:54:03.000,2017,-0.0149,1.6254
15393,15:54:03.001,2013,-0.0168,1.6222
15394,15:54:03.001,2015,-0.0159,1.6238
15395,15:54:03.002,2011,-0.0178,1.6206
15396,15:54:03.002,2013,-0.0168,1.6222
15397,15:54:03.003,2014,-0.0164,1.6230
15398,15:54:03.003,2013,-0.0168,1.6222
15399,15:54:03.004,2016,-0.0154,1.6246
15400,15:54:03.004,2022,-0.0125,1.6295
15401,15:54:03.005,2023,-0.0120,1.6303
15402,15:54:03.005,2024,-0.0115,1.6311
15403,15:54:03.006,2024,-0.0115,1.6311
15404,15:54:03.006,2026,-0.0105,1.6327
15405,15:54:03.007,2028,-0.0095,1.6343
15406,15:54:03.007,2033,-0.0071,1.6383
15407,15:54:03.008,2032,-0.0076,1.6375
15408,15:54:03.008,2035,-0.0061,1.6399
15409,15:54:03.009,2035,-0.0061,1.6399
15410,15:54:03.009,2027,-0.0100,1.6335
15411,15:54:03.010,2028,-0.0095,1.6343
15412,15:54:03.010,2024,-0.0115,1.6311
15413,15:54:03.011,2018,-0.0144,1.6262
15414,15:54:03.011,2022,-0.0125,1.6295
15415,15:54:03.012,2018,-0.0144,1.6262
15416,15:54:03.012,2016,-0.0154,1.6246
15417,15:54:03.013,2018,-0.0144,1.6262
15418,15:54:03.013,2012,-0.0173,1.6214
15419,15:54:03.014,2013,-0.0168,1.6222
15420,15:54:03.014,2011,-0.0178,1.6206
15421,15:54:03.015,2010,-0.0183,1.6198
15422,15:54:03.015,2014,-0.0164,1.6230
15423,15:54:03.016,2016,-0.0154,1.6246
15424,15:54:03.016,2019,-0.0139,1.6270
15425,15:54:03.017,2021,-0.0129,1.6286
15426,15:54:03.017,2023,-0.0120,1.6303
15427,15:54:03.018,2023,-0.0120,1.6303
15428,15:54:03.018,2026,-0.0105,1.6327
15429,15:54:03.019,2033,-0.0071,1.6383
15430,15:54:03.019,2033,-0.0071,1.6383
15431,15:54:03.020,2035,-0.0061,1.6399
15432,15:54:03.020,2035,-0.0061,1.6399
15433,15:54:03.021,2035,-0.0061,1.6399
15434,15:54:03.021,2035,-0.0061,1.6399
15435,15:54:03.022,2033,-0.0071,1.6383
15436,15:54:03.022,2029,-0.0090,1.6351
15437,15:54:03.023,2032,-0.0076,1.6375
15438,15:54:03.023,2026,-0.0105,1.6327
15439,15:54:03.024,2024,-0.0115,1.6311
15440,15:54:03.024,2024,-0.0115,1.6311
15441,15:54:03.025,2022,-0.0125,1.6295
15442,15:54:03.025,2017,-0.0149,1.6254
15443,15:54:03.026,2020,-0.0134,1.6278
15444,15:54:03.026,2014,-0.0164,1.6230
15445,15:54:03.027,2015,-0.0159,1.6238
15446,15:54:03.027,2011,-0.0178,1.6206
15447,15:54:03.028,2013,-0.0168,1.6222
15448,15:54:03.028,2016,-0.0154,1.6246
15449,15:54:03.029,2015,-0.0159,1.6238
15450,15:54:03.029,2018,-0.0144,1.6262
15451,15:54:03.030,2022,-0.0125,1.6295
15452,15:54:03.030,2022,-0.0125,1.6295
15453,15:54:03.031,2023,-0.0120,1.6303
15454,15:54:03.031,2024,-0.0115,1.6311
15455,15:54:03.032,2031,-0.0081,1.6367
15456,15:54:03.032,2034,-0.0066,1.6391
15457,15:54:03.033,2032,-0.0076,1.6375
15458,15:54:03.033,2033,-0.0071,1.6383
15459,15:54:03.034,2026,-0.0105,1.6327
15460,15:54:03.034,2027,-0.0100,1.6335
15461,15:54:03.035,2027,-0.0100,1.6335
15462,15:54:03.035,2024,-0.0115,1.6311
15463,15:54:03.036,2023,-0.0120,1.6303
15464,15:54:03.036,2020,-0.0134,1.6278
15465,15:54:03.037,2024,-0.0115,1.6311
15466,15:54:03.037,2018,-0.0144,1.6262
15467,15:54:03.038,2015,-0.0159,1.6238
15468,15:54:03.038,2017,-0.0149,1.6254
15469,15:54:03.039,2012,-0.0173,1.6214
15470,15:54:03.039,2014,-0.0164,1.6230
15471,15:54:03.040,2013,-0.0168,1.6222
15472,15:54:03.040,2013,-0.0168,1.6222
15473,15:54:03.041,2019,-0.0139,1.6270
15474,15:54:03.041,2020,-0.0134,1.6278
15475,15:54:03.042,2021,-0.0129,1.6286
15476,15:54:03.042,2027,-0.0100,1.6335
15477,15:54:03.043,2024,-0.0115,1.6311
15478,15:54:03.043,2026,-0.0105,1.6327
15479,15:54:03.044,2035,-0.0061,1.6399
15480,15:54:03.044,2031,-0.0081,1.6367
15481,15:54:03.045,2036,-0.0056,1.6407
15482,15:54:03.045,2038,-0.0046,1.6423
15483,15:54:03.046,2033,-0.0071,1.6383
15484,15:54:03.046,2031,-0.0081,1.6367
15485,15:54:03.047,2031,-0.0081,1.6367
15486,15:54:03.047,2029,-0.0090,1.6351
15487,15:54:03.048,2028,-0.0095,1.6343
15488,15:54:03.048,2024,-0.0115,1.6311
15489,15:54:03.049,2021,-0.0129,1.6286
15490,15:54:03.049,2023,-0.0120,1.6303
15491,15:54:03.050,2018,-0.0144,1.6262
15492,15:54:03.050,2014,-0.0164,1.6230
15493,15:54:03.051,2013,-0.0168,1.6222
15494,15:54:03.051,2009,-0.0188,1.6190
15495,15:54:03.052,2009,-0.0188,1.6190
15496,15:54:03.052,2014,-0.0164,1.6230
15497,15:54:03.053,2011,-0.0178,1.6206
15498,15:54:03.053,2013,-0.0168,1.6222
15499,15:54:03.054,2015,-0.0159,1.6238
15500,15:54:03.054,2018,-0.0144,1.6262
15501,15:54:03.055,2018,-0.0144,1.6262
15502,15:54:03.055,2022,-0.0125,1.6295
15503,15:54:03.056,2023,-0.0120,1.6303
15504,15:54:03.056,2028,-0.0095,1.6343
15505,15:54:03.057,2031,-0.0081,1.6367
15506,15:54:03.057,2032,-0.0076,1.6375
15507,15:54:03.058,2035,-0.0061,1.6399
15508,15:54:03.058,2034,-0.0066,1.6391
15509,15:54:03.059,2031,-0.0081,1.6367
15510,15:54:03.059,2030,-0.0085,1.6359
15511,15:54:03.060,2027,-0.0100,1.6335
15512,15:54:03.060,2024,-0.0115,1.6311
15513,15:54:03.061,2020,-0.0134,1.6278
15514,15:54:03.061,2027,-0.0100,1.6335
15515,15:54:03.062,2021,-0.0129,1.6286
15516,15:54:03.062,2019,-0.0139,1.6270
15517,15:54:03.063,2016,-0.0154,1.6246
15518,15:54:03.063,2011,-0.0178,1.6206
15519,15:54:03.064,2011,-0.0178,1.6206
15520,15:54:03.064,2010,-0.0183,1.6198
15521,15:54:03.065,2012,-0.0173,1.6214
15522,15:54:03.065,2012,-0.0173,1.6214
15523,15:54:03.066,2015,-0.0159,1.6238
15524,15:54:03.066,2021,-0.0129,1.6286
15525,15:54:03.067,2024,-0.0115,1.6311
15526,15:54:03.067,2022,-0.0125,1.6295
15527,15:54:03.068,2027,-0.0100,1.6335
15528,15:54:03.068,2029,-0.0090,1.6351
15529,15:54:03.069,2035,-0.0061,1.6399
15530,15:54:03.069,2030,-0.0085,1.6359
15531,15:54:03.070,2034,-0.0066,1.6391
15532,15:54:03.070,2033,-0.0071,1.6383
15533,15:54:03.071,2036,-0.0056,1.6407
15534,15:54:03.071,2031,-0.0081,1.6367
15535,15:54:03.072,2027,-0.0100,1.6335
15536,15:54:03.072,2029,-0.0090,1.6351
15537,15:54:03.073,2024,-0.0115,1.6311
15538,15:54:03.073,2022,-0.0125,1.6295
15539,15:54:03.074,2022,-0.0125,1.6295
15540,15:54:03.074,2020,-0.0134,1.6278
15541,15:54:03.075,2021,-0.0129,1.6286
15542,15:54:03.075,2013,-0.0168,1.6222
15543,15:54:03.076,2015,-0.0159,1.6238
15544,15:54:03.076,2008,-0.0193,1.6182
15545,15:54:03.077,2010,-0.0183,1.6198
15546,15:54:03.077,2013,-0.0168,1.6222
15547,15:54:03.078,2013,-0.0168,1.6222
15548,15:54:03.078,2016,-0.0154,1.6246
15549,15:54:03.079,2017,-0.0149,1.6254
15550,15:54:03.079,2019,-0.0139,1.6270
15551,15:54:03.080,2019,-0.0139,1.6270
15552,15:54:03.080,2018,-0.0144,1.6262
15553,15:54:03.081,2022,-0.0125,1.6295
15554,15:54:03.081,2031,-0.0081,1.6367
15555,15:54:03.082,2032,-0.0076,1.6375
15556,15:54:03.082,2033,-0.0071,1.6383
15557,15:54:03.083,2033,-0.0071,1.6383
15558,15:54:03.083,2028,-0.0095,1.6343
15559,15:54:03.084,2031,-0.0081,1.6367
15560,15:54:03.084,2024,-0.0115,1.6311
15561,15:54:03.085,2024,-0.0115,1.6311
15562,15:54:03.085,2021,-0.0129,1.6286
15563,15:54:03.086,2021,-0.0129,1.6286
15564,15:54:03.086,2022,-0.0125,1.6295
15565,15:54:03.087,2020,-0.0134,1.6278
15566,15:54:03.087,2015,-0.0159,1.6238
15567,15:54:03.088,2015,-0.0159,1.6238
15568,15:54:03.088,2013,-0.0168,1.6222
15569,15:54:03.089,2013,-0.0168,1.6222
15570,15:54:03.089,2012,-0.0173,1.6214
15571,15:54:03.090,2012,-0.0173,1.6214
15572,15:54:03.090,2013,-0.0168,1.6222
15573,15:54:03.091,2023,-0.0120,1.6303
15574,15:54:03.091,2021,-0.0129,1.6286
15575,15:54:03.092,2019,-0.0139,1.6270
15576,15:54:03.092,2023,-0.0120,1.6303
15577,15:54:03.093,2020,-0.0134,1.6278
15578,15:54:03.093,2030,-0.0085,1.6359
15579,15:54:03.094,2025,-0.0110,1.6319
15580,15:54:03.094,2033,-0.0071,1.6383
15581,15:54:03.095,2035,-0.0061,1.6399
15582,15:54:03.095,2035,-0.0061,1.6399
15583,15:54:03.096,2032,-0.0076,1.6375
15584,15:54:03.096,2030,-0.0085,1.6359
15585,15:54:03.097,2028,-0.0095,1.6343
15586,15:54:03.097,2026,-0.0105,1.6327
15587,15:54:03.098,2024,-0.0115,1.6311
15588,15:54:03.098,2024,-0.0115,1.6311
15589,15:54:03.099,2020,-0.0134,1.6278
15590,15:54:03.099,2020,-0.0134,1.6278
15591,15:54:03.100,2016,-0.0154,1.6246
15592,15:54:03.100,2020,-0.0134,1.6278
15593,15:54:03.101,2012,-0.0173,1.6214
15594,15:54:03.101,2009,-0.0188,1.6190
15595,15:54:03.102,2012,-0.0173,1.6214
15596,15:54:03.102,2011,-0.0178,1.6206
15597,15:54:03.103,2015,-0.0159,1.6238
15598,15:54:03.103,2015,-0.0159,1.6238
15599,15:54:03.104,2017,-0.0149,1.6254
15600,15:54:03.104,2020,-0.0134,1.6278
15601,15:54:03.105,2025,-0.0110,1.6319
15602,15:54:03.105,2025,-0.0110,1.6319
15603,15:54:03.106,2025,-0.0110,1.6319
15604,15:54:03.106,2030,-0.0085,1.6359
15605,15:54:03.107,2029,-0.0090,1.6351
15606,15:54:03.107,2032,-0.0076,1.6375
15607,15:54:03.108,2034,-0.0066,1.6391
15608,15:54:03.108,2031,-0.0081,1.6367
15609,15:54:03.109,2032,-0.0076,1.6375
15610,15:54:03.109,2028,-0.0095,1.6343
15611,15:54:03.110,2022,-0.0125,1.6295
15612,15:54:03.110,2027,-0.0100,1.6335
15613,15:54:03.111,2022,-0.0125,1.6295
15614,15:54:03.111,2022,-0.0125,1.6295
15615,15:54:03.112,2018,-0.0144,1.6262
15616,15:54:03.112,2021,-0.0129,1.6286
15617,15:54:03.113,2014,-0.0164,1.6230
15618,15:54:03.113,2015,-0.0159,1.6238
15619,15:54:03.114,2015,-0.0159,1.6238
15620,15:54:03.114,2008,-0.0193,1.6182
15621,15:54:03.115,2014,-0.0164,1.6230
15622,15:54:03.115,2022,-0.0125,1.6295
15623,15:54:03.116,2018,-0.0144,1.6262
15624,15:54:03.116,2022,-0.0125,1.6295
15625,15:54:03.117,2025,-0.0110,1.6319
15626,15:54:03.117,2019,-0.0139,1.6270
15627,15:54:03.118,2025,-0.0110,1.6319
15628,15:54:03.118,2030,-0.0085,1.6359
15629,15:54:03.119,2033,-0.0071,1.6383
15630,15:54:03.119,2035,-0.0061,1.6399
15631,15:54:03.120,2035,-0.0061,1.6399
15632,15:54:03.120,2037,-0.0051,1.6415
15633,15:54:03.121,2035,-0.0061,1.6399
15634,15:54:03.121,2032,-0.0076,1.6375
15635,15:54:03.122,2028,-0.0095,1.6343
15636,15:54:03.122,2030,-0.0085,1.6359
15637,15:54:03.123,2024,-0.0115,1.6311
15638,15:54:03.123,2025,-0.0110,1.6319
15639,15:54:03.124,2022,-0.0125,1.6295
15640,15:54:03.124,2018,-0.0144,1.6262
15641,15:54:03.125,2021,-0.0129,1.6286
15642,15:54:03.125,2017,-0.0149,1.6254
15643,15:54:03.126,2009,-0.0188,1.6190
15644,15:54:03.126,2012,-0.0173,1.6214
15645,15:54:03.127,2007,-0.0198,1.6174
15646,15:54:03.127,2007,-0.0198,1.6174
15647,15:54:03.128,2012,-0.0173,1.6214
15648,15:54:03.128,2016,-0.0154,1.6246
15649,15:54:03.129,2014,-0.0164,1.6230
15650,15:54:03.129,2020,-0.0134,1.6278
15651,15:54:03.130,2018,-0.0144,1.6262
15652,15:54:03.130,2020,-0.0134,1.6278
15653,15:54:03.131,2026,-0.0105,1.6327
15654,15:54:03.131,2027,-0.0100,1.6335
15655,15:54:03.132,2036,-0.0056,1.6407
15656,15:54:03.132,2032,-0.0076,1.6375
15657,15:54:03.133,2033,-0.0071,1.6383
15658,15:54:03.133,2033,-0.0071,1.6383
15659,15:54:03.134,2031,-0.0081,1.6367
15660,15:54:03.134,2027,-0.0100,1.6335
15661,15:54:03.135,2023,-0.0120,1.6303
15662,15:54:03.135,2023,-0.0120,1.6303
15663,15:54:03.136,2025,-0.0110,1.6319
15664,15:54:03.136,2022,-0.0125,1.6295
15665,15:54:03.137,2019,-0.0139,1.6270
15666,15:54:03.137,2019,-0.0139,1.6270
15667,15:54:03.138,2014,-0.0164,1.6230
15668,15:54:03.138,2011,-0.0178,1.6206
15669,15:54:03.139,2009,-0.0188,1.6190
15670,15:54:03.139,2013,-0.0168,1.6222
15671,15:54:03.140,2018,-0.0144,1.6262
15672,15:54:03.140,2017,-0.0149,1.6254
15673,15:54:03.141,2016,-0.0154,1.6246
15674,15:54:03.141,2019,-0.0139,1.6270
15675,15:54:03.142,2019,-0.0139,1.6270
15676,15:54:03.142,2024,-0.0115,1.6311
15677,15:54:03.143,2028,-0.0095,1.6343
15678,15:54:03.143,2022,-0.0125,1.6295
15679,15:54:03.144,2028,-0.0095,1.6343
15680,15:54:03.144,2035,-0.0061,1.6399
15681,15:54:03.145,2039,-0.0042,1.6432
15682,15:54:03.145,2037,-0.0051,1.6415
15683,15:54:03.146,2032,-0.0076,1.6375
15684,15:54:03.146,2033,-0.0071,1.6383
15685,15:54:03.147,2025,-0.0110,1.6319
15686,15:54:03.147,2026,-0.0105,1.6327
15687,15:54:03.148,2023,-0.0120,1.6303
15688,15:54:03.148,2021,-0.0129,1.6286
15689,15:54:03.149,2021,-0.0129,1.6286
15690,15:54:03.149,2018,-0.0144,1.6262
15691,15:54:03.150,2018,-0.0144,1.6262
15692,15:54:03.150,2012,-0.0173,1.6214
15693,15:54:03.151,2011,-0.0178,1.6206
15694,15:54:03.151,2008,-0.0193,1.6182
15695,15:54:03.152,2014,-0.0164,1.6230
15696,15:54:03.152,2015,-0.0159,1.6238
15697,15:54:03.153,2016,-0.0154,1.6246
15698,15:54:03.153,2013,-0.0168,1.6222
15699,15:54:03.154,2018,-0.0144,1.6262
15700,15:54:03.154,2017,-0.0149,1.6254
15701,15:54:03.155,2022,-0.0125,1.6295
15702,15:54:03.155,2025,-0.0110,1.6319
15703,15:54:03.156,2025,-0.0110,1.6319
15704,15:54:03.156,2032,-0.0076,1.6375
15705,15:54:03.157,2031,-0.0081,1.6367
15706,15:54:03.157,2036,-0.0056,1.6407
15707,15:54:03.158,2036,-0.0056,1.6407
15708,15:54:03.158,2033,-0.0071,1.6383
15709,15:54:03.159,2029,-0.0090,1.6351
15710,15:54:03.159,2025,-0.0110,1.6319
15711,15:54:03.160,2029,-0.0090,1.6351
15712,15:54:03.160,2023,-0.0120,1.6303
15713,15:54:03.161,2022,-0.0125,1.6295
15714,15:54:03.161,2027,-0.0100,1.6335
15715,15:54:03.162,2020,-0.0134,1.6278
15716,15:54:03.162,2017,-0.0149,1.6254
15717,15:54:03.163,2012,-0.0173,1.6214
15718,15:54:03.163,2010,-0.0183,1.6198
15719,15:54:03.164,2010,-0.0183,1.6198
15720,15:54:03.164,2008,-0.0193,1.6182
15721,15:54:03.165,2016,-0.0154,1.6246
15722,15:54:03.165,2013,-0.0168,1.6222
15723,15:54:03.166,2020,-0.0134,1.6278
15724,15:54:03.166,2017,-0.0149,1.6254
15725,15:54:03.167,2020,-0.0134,1.6278
15726,15:54:03.167,2021,-0.0129,1.6286
15727,15:54:03.168,2029,-0.0090,1.6351
15728,15:54:03.168,2029,-0.0090,1.6351
15729,15:54:03.169,2029,-0.0090,1.6351
15730,15:54:03.169,2033,-0.0071,1.6383
15731,15:54:03.170,2036,-0.0056,1.6407
15732,15:54:03.170,2033,-0.0071,1.6383
15733,15:54:03.171,2030,-0.0085,1.6359
15734,15:54:03.171,2025,-0.0110,1.6319
15735,15:54:03.172,2028,-0.0095,1.6343
15736,15:54:03.172,2023,-0.0120,1.6303
15737,15:54:03.173,2023,-0.0120,1.6303
15738,15:54:03.173,2023,-0.0120,1.6303
15739,15:54:03.174,2024,-0.0115,1.6311
15740,15:54:03.174,2021,-0.0129,1.6286
15741,15:54:03.175,2019,-0.0139,1.6270
15742,15:54:03.175,2016,-0.0154,1.6246
15743,15:54:03.176,2009,-0.0188,1.6190
15744,15:54:03.176,2012,-0.0173,1.6214
15745,15:54:03.177,2014,-0.0164,1.6230
15746,15:54:03.177,2016,-0.0154,1.6246
15747,15:54:03.178,2016,-0.0154,1.6246
15748,15:54:03.178,2016,-0.0154,1.6246
15749,15:54:03.179,2021,-0.0129,1.6286
15750,15:54:03.179,2020,-0.0134,1.6278
15751,15:54:03.180,2024,-0.0115,1.6311
15752,15:54:03.180,2024,-0.0115,1.6311
15753,15:54:03.181,2030,-0.0085,1.6359
15754,15:54:03.181,2030,-0.0085,1.6359
15755,15:54:03.182,2032,-0.0076,1.6375
15756,15:54:03.182,2034,-0.0066,1.6391
15757,15:54:03.183,2033,-0.0071,1.6383
15758,15:54:03.183,2028,-0.0095,1.6343
15759,15:54:03.184,2031,-0.0081,1.6367
15760,15:54:03.184,2024,-0.0115,1.6311
15761,15:54:03.185,2026,-0.0105,1.6327
15762,15:54:03.185,2024,-0.0115,1.6311
15763,15:54:03.186,2022,-0.0125,1.6295
15764,15:54:03.186,2020,-0.0134,1.6278
15765,15:54:03.187,2019,-0.0139,1.6270
15766,15:54:03.187,2015,-0.0159,1.6238
15767,15:54:03.188,2011,-0.0178,1.6206
15768,15:54:03.188,2014,-0.0164,1.6230
15769,15:54:03.189,2013,-0.0168,1.6222
15770,15:54:03.189,2012,-0.0173,1.6214
15771,15:54:03.190,2013,-0.0168,1.6222
15772,15:54:03.190,2013,-0.0168,1.6222
15773,15:54:03.191,2021,-0.0129,1.6286
15774,15:54:03.191,2019,-0.0139,1.6270
15775,15:54:03.192,2020,-0.0134,1.6278
15776,15:54:03.192,2022,-0.0125,1.6295
15777,15:54:03.193,2026,-0.0105,1.6327
15778,15:54:03.193,2030,-0.0085,1.6359
15779,15:54:03.194,2030,-0.0085,1.6359
15780,15:54:03.194,2031,-0.0081,1.6367
15781,15:54:03.195,2036,-0.0056,1.6407
15782,15:54:03.195,2033,-0.0071,1.6383
15783,15:54:03.196,2030,-0.0085,1.6359
15784,15:54:03.196,2025,-0.0110,1.6319
15785,15:54:03.197,2026,-0.0105,1.6327
15786,15:54:03.197,2026,-0.0105,1.6327
15787,15:54:03.198,2023,-0.0120,1.6303
15788,15:54:03.198,2023,-0.0120,1.6303
15789,15:54:03.199,2022,-0.0125,1.6295
15790,15:54:03.199,2020,-0.0134,1.6278
15791,15:54:03.200,2014,-0.0164,1.6230
15792,15:54:03.200,2012,-0.0173,1.6214
15793,15:54:03.201,2011,-0.0178,1.6206
15794,15:54:03.201,2013,-0.0168,1.6222
15795,15:54:03.202,2015,-0.0159,1.6238
15796,15:54:03.202,2012,-0.0173,1.6214
15797,15:54:03.203,2018,-0.0144,1.6262
15798,15:54:03.203,2015,-0.0159,1.6238
15799,15:54:03.204,2020,-0.0134,1.6278
15800,15:54:03.204,2022,-0.0125,1.6295
15801,15:54:03.205,2024,-0.0115,1.6311
15802,15:54:03.205,2025,-0.0110,1.6319
15803,15:54:03.206,2029,-0.0090,1.6351
15804,15:54:03.206,2035,-0.0061,1.6399
15805,15:54:03.207,2037,-0.0051,1.6415
15806,15:54:03.207,2033,-0.0071,1.6383
15807,15:54:03.208,2034,-0.0066,1.6391
15808,15:54:03.208,2032,-0.0076,1.6375
15809,15:54:03.209,2032,-0.0076,1.6375
15810,15:54:03.209,2025,-0.0110,1.6319
15811,15:54:03.210,2028,-0.0095,1.6343
15812,15:54:03.210,2023,-0.0120,1.6303
15813,15:54:03.211,2024,-0.0115,1.6311
15814,15:54:03.211,2024,-0.0115,1.6311
15815,15:54:03.212,2022,-0.0125,1.6295
15816,15:54:03.212,2015,-0.0159,1.6238
15817,15:54:03.213,2013,-0.0168,1.6222
15818,15:54:03.213,2011,-0.0178,1.6206
15819,15:54:03.214,2015,-0.0159,1.6238
15820,15:54:03.214,2012,-0.0173,1.6214
15821,15:54:03.215,2014,-0.0164,1.6230
15822,15:54:03.215,2015,-0.0159,1.6238
15823,15:54:03.216,2016,-0.0154,1.6246
15824,15:54:03.216,2018,-0.0144,1.6262
15825,15:54:03.217,2019,-0.0139,1.6270
15826,15:54:03.217,2021,-0.0129,1.6286
15827,15:54:03.218,2024,-0.0115,1.6311
15828,15:54:03.218,2027,-0.0100,1.6335
15829,15:54:03.219,2030,-0.0085,1.6359
15830,15:54:03.219,2033,-0.0071,1.6383
15831,15:54:03.220,2033,-0.0071,1.6383
15832,15:54:03.220,2034,-0.0066,1.6391
15833,15:54:03.221,2034,-0.0066,1.6391
15834,15:54:03.221,2026,-0.0105,1.6327
15835,15:54:03.222,2024,-0.0115,1.6311
15836,15:54:03.222,2026,-0.0105,1.6327
15837,15:54:03.223,2023,-0.0120,1.6303
15838,15:54:03.223,2022,-0.0125,1.6295
15839,15:54:03.224,2020,-0.0134,1.6278
15840,15:54:03.224,2016,-0.0154,1.6246
15841,15:54:03.225,2018,-0.0144,1.6262
15842,15:54:03.225,2014,-0.0164,1.6230
15843,15:54:03.226,2013,-0.0168,1.6222
15844,15:54:03.226,2013,-0.0168,1.6222
15845,15:54:03.227,2013,-0.0168,1.6222
15846,15:54:03.227,2014,-0.0164,1.6230
15847,15:54:03.228,2017,-0.0149,1.6254
15848,15:54:03.228,2015,-0.0159,1.6238
15849,15:54:03.229,2022,-0.0125,1.6295
15850,15:54:03.229,2022,-0.0125,1.6295
15851,15:54:03.230,2022,-0.0125,1.6295
15852,15:54:03.230,2026,-0.0105,1.6327
15853,15:54:03.231,2028,-0.0095,1.6343
15854,15:54:03.231,2029,-0.0090,1.6351
15855,15:54:03.232,2034,-0.0066,1.6391
15856,15:54:03.232,2033,-0.0071,1.6383
15857,15:54:03.233,2034,-0.0066,1.6391
15858,15:54:03.233,2026,-0.0105,1.6327
15859,15:54:03.234,2030,-0.0085,1.6359
15860,15:54:03.234,2029,-0.0090,1.6351
15861,15:54:03.235,2024,-0.0115,1.6311
15862,15:54:03.235,2025,-0.0110,1.6319
15863,15:54:03.236,2025,-0.0110,1.6319
15864,15:54:03.236,2024,-0.0115,1.6311
15865,15:54:03.237,2022,-0.0125,1.6295
15866,15:54:03.237,2019,-0.0139,1.6270
15867,15:54:03.238,2013,-0.0168,1.6222
15868,15:54:03.238,2014,-0.0164,1.6230
15869,15:54:03.239,2014,-0.0164,1.6230
15870,15:54:03.239,2015,-0.0159,1.6238
15871,15:54:03.240,2016,-0.0154,1.6246
15872,15:54:03.240,2015,-0.0159,1.6238
15873,15:54:03.241,2019,-0.0139,1.6270
15874,15:54:03.241,2018,-0.0144,1.6262
15875,15:54:03.242,2022,-0.0125,1.6295
15876,15:54:03.242,2025,-0.0110,1.6319
15877,15:54:03.243,2024,-0.0115,1.6311
15878,15:54:03.243,2029,-0.0090,1.6351
15879,15:54:03.244,2033,-0.0071,1.6383
15880,15:54:03.244,2031,-0.0081,1.6367
15881,15:54:03.245,2033,-0.0071,1.6383
15882,15:54:03.245,2036,-0.0056,1.6407
15883,15:54:03.246,2032,-0.0076,1.6375
15884,15:54:03.246,2030,-0.0085,1.6359
15885,15:54:03.247,2029,-0.0090,1.6351
15886,15:54:03.247,2026,-0.0105,1.6327
15887,15:54:03.248,2032,-0.0076,1.6375
15888,15:54:03.248,2022,-0.0125,1.6295
15889,15:54:03.249,2021,-0.0129,1.6286
15890,15:54:03.249,2017,-0.0149,1.6254
15891,15:54:03.250,2014,-0.0164,1.6230
15892,15:54:03.250,2010,-0.0183,1.6198
15893,15:54:03.251,2013,-0.0168,1.6222
15894,15:54:03.251,2012,-0.0173,1.6214
15895,15:54:03.252,2015,-0.0159,1.6238
15896,15:54:03.252,2012,-0.0173,1.6214
15897,15:54:03.253,2012,-0.0173,1.6214
15898,15:54:03.253,2016,-0.0154,1.6246
15899,15:54:03.254,2020,-0.0134,1.6278
15900,15:54:03.254,2025,-0.0110,1.6319
15901,15:54:03.255,2023,-0.0120,1.6303
15902,15:54:03.255,2026,-0.0105,1.6327
15903,15:54:03.256,2030,-0.0085,1.6359
15904,15:54:03.256,2031,-0.0081,1.6367
15905,15:54:03.257,2031,-0.0081,1.6367
15906,15:54:03.257,2033,-0.0071,1.6383
15907,15:54:03.258,2034,-0.0066,1.6391
15908,15:54:03.258,2029,-0.0090,1.6351
15909,15:54:03.259,2031,-0.0081,1.6367
15910,15:54:03.259,2026,-0.0105,1.6327
15911,15:54:03.260,2022,-0.0125,1.6295
15912,15:54:03.260,2022,-0.0125,1.6295
15913,15:54:03.261,2024,-0.0115,1.6311
15914,15:54:03.261,2021,-0.0129,1.6286
15915,15:54:03.262,2022,-0.0125,1.6295
15916,15:54:03.262,2010,-0.0183,1.6198
15917,15:54:03.263,2012,-0.0173,1.6214
15918,15:54:03.263,2007,-0.0198,1.6174
15919,15:54:03.264,2014,-0.0164,1.6230
15920,15:54:03.264,2010,-0.0183,1.6198
15921,15:54:03.265,2015,-0.0159,1.6238
15922,15:54:03.265,2016,-0.0154,1.6246
15923,15:54:03.266,2018,-0.0144,1.6262
15924,15:54:03.266,2017,-0.0149,1.6254
15925,15:54:03.267,2023,-0.0120,1.6303
15926,15:54:03.267,2021,-0.0129,1.6286
15927,15:54:03.268,2024,-0.0115,1.6311
15928,15:54:03.268,2032,-0.0076,1.6375
15929,15:54:03.269,2036,-0.0056,1.6407
15930,15:54:03.269,2038,-0.0046,1.6423
15931,15:54:03.270,2030,-0.0085,1.6359
15932,15:54:03.270,2035,-0.0061,1.6399
15933,15:54:03.271,2028,-0.0095,1.6343
15934,15:54:03.271,2023,-0.0120,1.6303
15935,15:54:03.272,2028,-0.0095,1.6343
15936,15:54:03.272,2029,-0.0090,1.6351
15937,15:54:03.273,2023,-0.0120,1.6303
15938,15:54:03.273,2025,-0.0110,1.6319
15939,15:54:03.274,2025,-0.0110,1.6319
15940,15:54:03.274,2018,-0.0144,1.6262
15941,15:54:03.275,2018,-0.0144,1.6262
15942,15:54:03.275,2014,-0.0164,1.6230
15943,15:54:03.276,2010,-0.0183,1.6198
15944,15:54:03.276,2016,-0.0154,1.6246
15945,15:54:03.277,2017,-0.0149,1.6254
15946,15:54:03.277,2016,-0.0154,1.6246
15947,15:54:03.278,2015,-0.0159,1.6238
15948,15:54:03.278,2017,-0.0149,1.6254
15949,15:54:03.279,2022,-0.0125,1.6295
15950,15:54:03.279,2020,-0.0134,1.6278
15951,15:54:03.280,2026,-0.0105,1.6327
15952,15:54:03.280,2026,-0.0105,1.6327
15953,15:54:03.281,2029,-0.0090,1.6351
15954,15:54:03.281,2032,-0.0076,1.6375
15955,15:54:03.282,2033,-0.0071,1.6383
15956,15:54:03.282,2031,-0.0081,1.6367
15957,15:54:03.283,2034,-0.0066,1.6391
15958,15:54:03.283,2032,-0.0076,1.6375
15959,15:54:03.284,2026,-0.0105,1.6327
15960,15:54:03.284,2026,-0.0105,1.6327
15961,15:54:03.285,2024,-0.0115,1.6311
15962,15:54:03.285,2025,-0.0110,1.6319
15963,15:54:03.286,2024,-0.0115,1.6311
15964,15:54:03.286,2018,-0.0144,1.6262
15965,15:54:03.287,2013,-0.0168,1.6222
15966,15:54:03.287,2013,-0.0168,1.6222
15967,15:54:03.288,2013,-0.0168,1.6222
15968,15:54:03.288,2008,-0.0193,1.6182
15969,15:54:03.289,2012,-0.0173,1.6214
15970,15:54:03.289,2013,-0.0168,1.6222
15971,15:54:03.290,2015,-0.0159,1.6238
15972,15:54:03.290,2014,-0.0164,1.6230
15973,15:54:03.291,2016,-0.0154,1.6246
15974,15:54:03.291,2020,-0.0134,1.6278
15975,15:54:03.292,2020,-0.0134,1.6278
15976,15:54:03.292,2024,-0.0115,1.6311
15977,15:54:03.293,2025,-0.0110,1.6319
15978,15:54:03.293,2031,-0.0081,1.6367
15979,15:54:03.294,2030,-0.0085,1.6359
15980,15:54:03.294,2030,-0.0085,1.6359
15981,15:54:03.295,2033,-0.0071,1.6383
15982,15:54:03.295,2032,-0.0076,1.6375
15983,15:54:03.296,2029,-0.0090,1.6351
15984,15:54:03.296,2028,-0.0095,1.6343
15985,15:54:03.297,2025,-0.0110,1.6319
15986,15:54:03.297,2025,-0.0110,1.6319
15987,15:54:03.298,2023,-0.0120,1.6303
15988,15:54:03.298,2022,-0.0125,1.6295
15989,15:54:03.299,2016,-0.0154,1.6246
15990,15:54:03.299,2015,-0.0159,1.6238
15991,15:54:03.300,2015,-0.0159,1.6238
15992,15:54:03.300,2013,-0.0168,1.6222
15993,15:54:03.301,2010,-0.0183,1.6198
15994,15:54:03.301,2015,-0.0159,1.6238
15995,15:54:03.302,2014,-0.0164,1.6230
15996,15:54:03.302,2015,-0.0159,1.6238
15997,15:54:03.303,2018,-0.0144,1.6262
15998,15:54:03.303,2021,-0.0129,1.6286
15999,15:54:03.304,2019,-0.0139,1.6270
16000,15:54:03.304,2020,-0.0134,1.6278
16001,15:54:03.305,2024,-0.0115,1.6311
16002,15:54:03.305,2025,-0.0110,1.6319
16003,15:54:03.306,2033,-0.0071,1.6383
16004,15:54:03.306,2033,-0.0071,1.6383
16005,15:54:03.307,2033,-0.0071,1.6383
16006,15:54:03.307,2034,-0.0066,1.6391
16007,15:54:03.308,2031,-0.0081,1.6367
16008,15:54:03.308,2032,-0.0076,1.6375
16009,15:54:03.309,2028,-0.0095,1.6343
16010,15:54:03.309,2028,-0.0095,1.6343
16011,15:54:03.310,2025,-0.0110,1.6319
16012,15:54:03.310,2025,-0.0110,1.6319
16013,15:54:03.311,2024,-0.0115,1.6311
16014,15:54:03.311,2022,-0.0125,1.6295
16015,15:54:03.312,2016,-0.0154,1.6246
16016,15:54:03.312,2012,-0.0173,1.6214
16017,15:54:03.313,2012,-0.0173,1.6214
16018,15:54:03.313,2010,-0.0183,1.6198
16019,15:54:03.314,2010,-0.0183,1.6198
16020,15:54:03.314,2020,-0.0134,1.6278
16021,15:54:03.315,2013,-0.0168,1.6222
16022,15:54:03.315,2015,-0.0159,1.6238
16023,15:54:03.316,2016,-0.0154,1.6246
16024,15:54:03.316,2019,-0.0139,1.6270
16025,15:54:03.317,2018,-0.0144,1.6262
16026,15:54:03.317,2025,-0.0110,1.6319
16027,15:54:03.318,2024,-0.0115,1.6311
16028,15:54:03.318,2031,-0.0081,1.6367
16029,15:54:03.319,2033,-0.0071,1.6383
16030,15:54:03.319,2030,-0.0085,1.6359
16031,15:54:03.320,2032,-0.0076,1.6375
16032,15:54:03.320,2031,-0.0081,1.6367
16033,15:54:03.321,2030,-0.0085,1.6359
16034,15:54:03.321,2025,-0.0110,1.6319
16035,15:54:03.322,2024,-0.0115,1.6311
16036,15:54:03.322,2024,-0.0115,1.6311
16037,15:54:03.323,2027,-0.0100,1.6335
16038,15:54:03.323,2023,-0.0120,1.6303
16039,15:54:03.324,2022,-0.0125,1.6295
16040,15:54:03.324,2018,-0.0144,1.6262
16041,15:54:03.325,2014,-0.0164,1.6230
16042,15:54:03.325,2011,-0.0178,1.6206
16043,15:54:03.326,2014,-0.0164,1.6230
16044,15:54:03.326,2013,-0.0168,1.6222
16045,15:54:03.327,2014,-0.0164,1.6230
16046,15:54:03.327,2017,-0.0149,1.6254
16047,15:54:03.328,2016,-0.0154,1.6246
16048,15:54:03.328,2020,-0.0134,1.6278
16049,15:54:03.329,2022,-0.0125,1.6295
16050,15:54:03.329,2020,-0.0134,1.6278
16051,15:54:03.330,2023,-0.0120,1.6303
16052,15:54:03.330,2030,-0.0085,1.6359
16053,15:54:03.331,2031,-0.0081,1.6367
16054,15:54:03.331,2034,-0.0066,1.6391
16055,15:54:03.332,2038,-0.0046,1.6423
16056,15:54:03.332,2032,-0.0076,1.6375
16057,15:54:03.333,2035,-0.0061,1.6399
16058,15:54:03.333,2031,-0.0081,1.6367
16059,15:54:03.334,2026,-0.0105,1.6327
16060,15:54:03.334,2025,-0.0110,1.6319
16061,15:54:03.335,2023,-0.0120,1.6303
16062,15:54:03.335,2026,-0.0105,1.6327
16063,15:54:03.336,2024,-0.0115,1.6311
16064,15:54:03.336,2021,-0.0129,1.6286
16065,15:54:03.337,2019,-0.0139,1.6270
16066,15:54:03.337,2010,-0.0183,1.6198
16067,15:54:03.338,2017,-0.0149,1.6254
16068,15:54:03.338,2011,-0.0178,1.6206
16069,15:54:03.339,2012,-0.0173,1.6214
16070,15:54:03.339,2015,-0.0159,1.6238
16071,15:54:03.340,2019,-0.0139,1.6270
16072,15:54:03.340,2016,-0.0154,1.6246
16073,15:54:03.341,2022,-0.0125,1.6295
16074,15:54:03.341,2019,-0.0139,1.6270
16075,15:54:03.342,2019,-0.0139,1.6270
16076,15:54:03.342,2024,-0.0115,1.6311
16077,15:54:03.343,2029,-0.0090,1.6351
16078,15:54:03.343,2029,-0.0090,1.6351
16079,15:54:03.344,2031,-0.0081,1.6367
16080,15:54:03.344,2037,-0.0051,1.6415
16081,15:54:03.345,2033,-0.0071,1.6383
16082,15:54:03.345,2029,-0.0090,1.6351
16083,15:54:03.346,2026,-0.0105,1.6327
16084,15:54:03.346,2028,-0.0095,1.6343
16085,15:54:03.347,2029,-0.0090,1.6351
16086,15:54:03.347,2025,-0.0110,1.6319
16087,15:54:03.348,2021,-0.0129,1.6286
16088,15:54:03.348,2023,-0.0120,1.6303
16089,15:54:03.349,2016,-0.0154,1.6246
16090,15:54:03.349,2013,-0.0168,1.6222
16091,15:54:03.350,2011,-0.0178,1.6206
16092,15:54:03.350,2014,-0.0164,1.6230
16093,15:54:03.351,2016,-0.0154,1.6246
16094,15:54:03.351,2013,-0.0168,1.6222
16095,15:54:03.352,2016,-0.0154,1.6246
16096,15:54:03.352,2016,-0.0154,1.6246
16097,15:54:03.353,2018,-0.0144,1.6262
16098,15:54:03.353,2021,-0.0129,1.6286
16099,15:54:03.354,2022,-0.0125,1.6295
16100,15:54:03.354,2024,-0.0115,1.6311
16101,15:54:03.355,2023,-0.0120,1.6303
16102,15:54:03.355,2028,-0.0095,1.6343
16103,15:54:03.356,2032,-0.0076,1.6375
16104,15:54:03.356,2035,-0.0061,1.6399
16105,15:54:03.357,2033,-0.0071,1.6383
16106,15:54:03.357,2033,-0.0071,1.6383
16107,15:54:03.358,2029,-0.0090,1.6351
16108,15:54:03.358,2028,-0.0095,1.6343
16109,15:54:03.359,2029,-0.0090,1.6351
16110,15:54:03.359,2028,-0.0095,1.6343
16111,15:54:03.360,2026,-0.0105,1.6327
16112,15:54:03.360,2025,-0.0110,1.6319
16113,15:54:03.361,2017,-0.0149,1.6254
16114,15:54:03.361,2020,-0.0134,1.6278
16115,15:54:03.362,2017,-0.0149,1.6254
16116,15:54:03.362,2014,-0.0164,1.6230
16117,15:54:03.363,2011,-0.0178,1.6206
16118,15:54:03.363,2012,-0.0173,1.6214
16119,15:54:03.364,2014,-0.0164,1.6230
16120,15:54:03.364,2015,-0.0159,1.6238
16121,15:54:03.365,2019,-0.0139,1.6270
16122,15:54:03.365,2017,-0.0149,1.6254
16123,15:54:03.366,2021,-0.0129,1.6286
16124,15:54:03.366,2018,-0.0144,1.6262
16125,15:54:03.367,2022,-0.0125,1.6295
16126,15:54:03.367,2027,-0.0100,1.6335
16127,15:54:03.368,2030,-0.0085,1.6359
16128,15:54:03.368,2036,-0.0056,1.6407
16129,15:54:03.369,2031,-0.0081,1.6367
16130,15:54:03.369,2034,-0.0066,1.6391
16131,15:54:03.370,2029,-0.0090,1.6351
16132,15:54:03.370,2029,-0.0090,1.6351
16133,15:54:03.371,2031,-0.0081,1.6367
16134,15:54:03.371,2028,-0.0095,1.6343
16135,15:54:03.372,2024,-0.0115,1.6311
16136,15:54:03.372,2030,-0.0085,1.6359
16137,15:54:03.373,2026,-0.0105,1.6327
16138,15:54:03.373,2019,-0.0139,1.6270
16139,15:54:03.374,2020,-0.0134,1.6278
16140,15:54:03.374,2015,-0.0159,1.6238
16141,15:54:03.375,2010,-0.0183,1.6198
16142,15:54:03.375,2008,-0.0193,1.6182
16143,15:54:03.376,2013,-0.0168,1.6222
16144,15:54:03.376,2013,-0.0168,1.6222
16145,15:54:03.377,2016,-0.0154,1.6246
16146,15:54:03.377,2014,-0.0164,1.6230
16147,15:54:03.378,2015,-0.0159,1.6238
16148,15:54:03.378,2017,-0.0149,1.6254
16149,15:54:03.379,2019,-0.0139,1.6270
16150,15:54:03.379,2021,-0.0129,1.6286
16151,15:54:03.380,2027,-0.0100,1.6335
16152,15:54:03.380,2030,-0.0085,1.6359
16153,15:54:03.381,2029,-0.0090,1.6351
16154,15:54:03.381,2031,-0.0081,1.6367
16155,15:54:03.382,2036,-0.0056,1.6407
16156,15:54:03.382,2037,-0.0051,1.6415
16157,15:54:03.383,2033,-0.0071,1.6383
16158,15:54:03.383,2030,-0.0085,1.6359
16159,15:54:03.384,2030,-0.0085,1.6359
16160,15:54:03.384,2032,-0.0076,1.6375
16161,15:54:03.385,2026,-0.0105,1.6327
16162,15:54:03.385,2028,-0.0095,1.6343
16163,15:54:03.386,2022,-0.0125,1.6295
16164,15:54:03.386,2018,-0.0144,1.6262
16165,15:54:03.387,2015,-0.0159,1.6238
16166,15:54:03.387,2015,-0.0159,1.6238
16167,15:54:03.388,2011,-0.0178,1.6206
16168,15:54:03.388,2016,-0.0154,1.6246
16169,15:54:03.389,2015,-0.0159,1.6238
16170,15:54:03.389,2018,-0.0144,1.6262
16171,15:54:03.390,2018,-0.0144,1.6262
16172,15:54:03.390,2017,-0.0149,1.6254
16173,15:54:03.391,2016,-0.0154,1.6246
16174,15:54:03.391,2024,-0.0115,1.6311
16175,15:54:03.392,2025,-0.0110,1.6319
16176,15:54:03.392,2023,-0.0120,1.6303
16177,15:54:03.393,2028,-0.0095,1.6343
16178,15:54:03.393,2032,-0.0076,1.6375
16179,15:54:03.394,2031,-0.0081,1.6367
16180,15:54:03.394,2033,-0.0071,1.6383
16181,15:54:03.395,2031,-0.0081,1.6367
16182,15:54:03.395,2026,-0.0105,1.6327
16183,15:54:03.396,2025,-0.0110,1.6319
16184,15:54:03.396,2022,-0.0125,1.6295
16185,15:54:03.397,2025,-0.0110,1.6319
16186,15:54:03.397,2026,-0.0105,1.6327
16187,15:54:03.398,2022,-0.0125,1.6295
16188,15:54:03.398,2020,-0.0134,1.6278
16189,15:54:03.399,2016,-0.0154,1.6246
16190,15:54:03.399,2014,-0.0164,1.6230
16191,15:54:03.400,2014,-0.0164,1.6230
16192,15:54:03.400,2014,-0.0164,1.6230
16193,15:54:03.401,2013,-0.0168,1.6222
16194,15:54:03.401,2014,-0.0164,1.6230
16195,15:54:03.402,2021,-0.0129,1.6286
16196,15:54:03.402,2016,-0.0154,1.6246
16197,15:54:03.403,2017,-0.0149,1.6254
16198,15:54:03.403,2019,-0.0139,1.6270
16199,15:54:03.404,2018,-0.0144,1.6262
16200,15:54:03.404,2026,-0.0105,1.6327
16201,15:54:03.405,2029,-0.0090,1.6351
16202,15:54:03.405,2029,-0.0090,1.6351
16203,15:54:03.406,2035,-0.0061,1.6399
16204,15:54:03.406,2037,-0.0051,1.6415
16205,15:54:03.407,2034,-0.0066,1.6391
16206,15:54:03.407,2035,-0.0061,1.6399
16207,15:54:03.408,2034,-0.0066,1.6391
16208,15:54:03.408,2032,-0.0076,1.6375
16209,15:54:03.409,2030,-0.0085,1.6359
16210,15:54:03.409,2029,-0.0090,1.6351
16211,15:54:03.410,2026,-0.0105,1.6327
16212,15:54:03.410,2026,-0.0105,1.6327
16213,15:54:03.411,2022,-0.0125,1.6295
16214,15:54:03.411,2021,-0.0129,1.6286
16215,15:54:03.412,2011,-0.0178,1.6206
16216,15:54:03.412,2012,-0.0173,1.6214
16217,15:54:03.413,2011,-0.0178,1.6206
16218,15:54:03.413,2010,-0.0183,1.6198
16219,15:54:03.414,2012,-0.0173,1.6214
16220,15:54:03.414,2013,-0.0168,1.6222
16221,15:54:03.415,2016,-0.0154,1.6246
16222,15:54:03.415,2012,-0.0173,1.6214
16223,15:54:03.416,2018,-0.0144,1.6262
16224,15:54:03.416,2019,-0.0139,1.6270
16225,15:54:03.417,2019,-0.0139,1.6270
16226,15:54:03.417,2024,-0.0115,1.6311
16227,15:54:03.418,2027,-0.0100,1.6335
16228,15:54:03.418,2029,-0.0090,1.6351
16229,15:54:03.419,2031,-0.0081,1.6367
16230,15:54:03.419,2024,-0.0115,1.6311
16231,15:54:03.420,2028,-0.0095,1.6343
16232,15:54:03.420,2025,-0.0110,1.6319
16233,15:54:03.421,2023,-0.0120,1.6303
16234,15:54:03.421,2029,-0.0090,1.6351
16235,15:54:03.422,2025,-0.0110,1.6319
16236,15:54:03.422,2025,-0.0110,1.6319
16237,15:54:03.423,2022,-0.0125,1.6295
16238,15:54:03.423,2023,-0.0120,1.6303
16239,15:54:03.424,2015,-0.0159,1.6238
16240,15:54:03.424,2017,-0.0149,1.6254
16241,15:54:03.425,2012,-0.0173,1.6214
16242,15:54:03.425,2014,-0.0164,1.6230
16243,15:54:03.426,2015,-0.0159,1.6238
16244,15:54:03.426,2017,-0.0149,1.6254
16245,15:54:03.427,2019,-0.0139,1.6270
16246,15:54:03.427,2016,-0.0154,1.6246
16247,15:54:03.428,2021,-0.0129,1.6286
16248,15:54:03.428,2019,-0.0139,1.6270
16249,15:54:03.429,2025,-0.0110,1.6319
16250,15:54:03.429,2028,-0.0095,1.6343
16251,15:54:03.430,2029,-0.0090,1.6351
16252,15:54:03.430,2036,-0.0056,1.6407
16253,15:54:03.431,2034,-0.0066,1.6391
16254,15:54:03.431,2038,-0.0046,1.6423
16255,15:54:03.432,2034,-0.0066,1.6391
16256,15:54:03.432,2036,-0.0056,1.6407
16257,15:54:03.433,2031,-0.0081,1.6367
16258,15:54:03.433,2031,-0.0081,1.6367
16259,15:54:03.434,2031,-0.0081,1.6367
16260,15:54:03.434,2023,-0.0120,1.6303
16261,15:54:03.435,2028,-0.0095,1.6343
16262,15:54:03.435,2023,-0.0120,1.6303
16263,15:54:03.436,2022,-0.0125,1.6295
16264,15:54:03.436,2015,-0.0159,1.6238
16265,15:54:03.437,2010,-0.0183,1.6198
16266,15:54:03.437,2012,-0.0173,1.6214
16267,15:54:03.438,2013,-0.0168,1.6222
16268,15:54:03.438,2010,-0.0183,1.6198
16269,15:54:03.439,2016,-0.0154,1.6246
16270,15:54:03.439,2016,-0.0154,1.6246
16271,15:54:03.440,2014,-0.0164,1.6230
16272,15:54:03.440,2013,-0.0168,1.6222
16273,15:54:03.441,2015,-0.0159,1.6238
16274,15:54:03.441,2018,-0.0144,1.6262
16275,15:54:03.442,2023,-0.0120,1.6303
16276,15:54:03.442,2024,-0.0115,1.6311
16277,15:54:03.443,2027,-0.0100,1.6335
16278,15:54:03.443,2032,-0.0076,1.6375
16279,15:54:03.444,2030,-0.0085,1.6359
16280,15:54:03.444,2031,-0.0081,1.6367
16281,15:54:03.445,2028,-0.0095,1.6343
16282,15:54:03.445,2027,-0.0100,1.6335
16283,15:54:03.446,2029,-0.0090,1.6351
16284,15:54:03.446,2028,-0.0095,1.6343
16285,15:54:03.447,2027,-0.0100,1.6335
16286,15:54:03.447,2022,-0.0125,1.6295
16287,15:54:03.448,2023,-0.0120,1.6303
16288,15:54:03.448,2021,-0.0129,1.6286
16289,15:54:03.449,2017,-0.0149,1.6254
16290,15:54:03.449,2014,-0.0164,1.6230
16291,15:54:03.450,2019,-0.0139,1.6270
16292,15:54:03.450,2016,-0.0154,1.6246
16293,15:54:03.451,2013,-0.0168,1.6222
16294,15:54:03.451,2014,-0.0164,1.6230
16295,15:54:03.452,2014,-0.0164,1.6230
16296,15:54:03.452,2019,-0.0139,1.6270
16297,15:54:03.453,2017,-0.0149,1.6254
16298,15:54:03.453,2018,-0.0144,1.6262
16299,15:54:03.454,2022,-0.0125,1.6295
16300,15:54:03.454,2024,-0.0115,1.6311
16301,15:54:03.455,2028,-0.0095,1.6343
16302,15:54:03.455,2032,-0.0076,1.6375
16303,15:54:03.456,2033,-0.0071,1.6383
16304,15:54:03.456,2033,-0.0071,1.6383
16305,15:54:03.457,2032,-0.0076,1.6375
16306,15:54:03.457,2030,-0.0085,1.6359
16307,15:54:03.458,2028,-0.0095,1.6343
16308,15:54:03.458,2026,-0.0105,1.6327
16309,15:54:03.459,2029,-0.0090,1.6351
16310,15:54:03.459,2028,-0.0095,1.6343
16311,15:54:03.460,2029,-0.0090,1.6351
16312,15:54:03.460,2021,-0.0129,1.6286
16313,15:54:03.461,2019,-0.0139,1.6270
16314,15:54:03.461,2013,-0.0168,1.6222
16315,15:54:03.462,2015,-0.0159,1.6238
16316,15:54:03.462,2011,-0.0178,1.6206
16317,15:54:03.463,2010,-0.0183,1.6198
16318,15:54:03.463,2014,-0.0164,1.6230
16319,15:54:03.464,2013,-0.0168,1.6222
16320,15:54:03.464,2013,-0.0168,1.6222
16321,15:54:03.465,2018,-0.0144,1.6262
16322,15:54:03.465,2017,-0.0149,1.6254
16323,15:54:03.466,2021,-0.0129,1.6286
16324,15:54:03.466,2019,-0.0139,1.6270
16325,15:54:03.467,2022,-0.0125,1.6295
16326,15:54:03.467,2023,-0.0120,1.6303
16327,15:54:03.468,2030,-0.0085,1.6359
16328,15:54:03.468,2028,-0.0095,1.6343
16329,15:54:03.469,2030,-0.0085,1.6359
16330,15:54:03.469,2027,-0.0100,1.6335
16331,15:54:03.470,2031,-0.0081,1.6367
16332,15:54:03.470,2027,-0.0100,1.6335
16333,15:54:03.471,2025,-0.0110,1.6319
16334,15:54:03.471,2024,-0.0115,1.6311
16335,15:54:03.472,2026,-0.0105,1.6327
16336,15:54:03.472,2020,-0.0134,1.6278
16337,15:54:03.473,2022,-0.0125,1.6295
16338,15:54:03.473,2018,-0.0144,1.6262
16339,15:54:03.474,2014,-0.0164,1.6230
16340,15:54:03.474,2015,-0.0159,1.6238
16341,15:54:03.475,2012,-0.0173,1.6214
16342,15:54:03.475,2015,-0.0159,1.6238
16343,15:54:03.476,2013,-0.0168,1.6222
16344,15:54:03.476,2020,-0.0134,1.6278
16345,15:54:03.477,2017,-0.0149,1.6254
16346,15:54:03.477,2018,-0.0144,1.6262
16347,15:54:03.478,2021,-0.0129,1.6286
16348,15:54:03.478,2019,-0.0139,1.6270
16349,15:54:03.479,2022,-0.0125,1.6295
16350,15:54:03.479,2025,-0.0110,1.6319
16351,15:54:03.480,2030,-0.0085,1.6359
16352,15:54:03.480,2034,-0.0066,1.6391
16353,15:54:03.481,2032,-0.0076,1.6375
16354,15:54:03.481,2035,-0.0061,1.6399
16355,15:54:03.482,2033,-0.0071,1.6383
16356,15:54:03.482,2032,-0.0076,1.6375
16357,15:54:03.483,2029,-0.0090,1.6351
16358,15:54:03.483,2030,-0.0085,1.6359
16359,15:54:03.484,2029,-0.0090,1.6351
16360,15:54:03.484,2029,-0.0090,1.6351
16361,15:54:03.485,2026,-0.0105,1.6327
16362,15:54:03.485,2021,-0.0129,1.6286
16363,15:54:03.486,2022,-0.0125,1.6295
16364,15:54:03.486,2018,-0.0144,1.6262
16365,15:54:03.487,2014,-0.0164,1.6230
16366,15:54:03.487,2012,-0.0173,1.6214
16367,15:54:03.488,2010,-0.0183,1.6198
16368,15:54:03.488,2011,-0.0178,1.6206
16369,15:54:03.489,2013,-0.0168,1.6222
16370,15:54:03.489,2012,-0.0173,1.6214
16371,15:54:03.490,2013,-0.0168,1.6222
16372,15:54:03.490,2013,-0.0168,1.6222
16373,15:54:03.491,2019,-0.0139,1.6270
16374,15:54:03.491,2023,-0.0120,1.6303
16375,15:54:03.492,2023,-0.0120,1.6303
16376,15:54:03.492,2024,-0.0115,1.6311
16377,15:54:03.493,2026,-0.0105,1.6327
16378,15:54:03.493,2033,-0.0071,1.6383
16379,15:54:03.494,2031,-0.0081,1.6367
16380,15:54:03.494,2029,-0.0090,1.6351
16381,15:54:03.495,2030,-0.0085,1.6359
16382,15:54:03.495,2026,-0.0105,1.6327
16383,15:54:03.496,2024,-0.0115,1.6311
16384,15:54:03.496,2025,-0.0110,1.6319
16385,15:54:03.497,2023,-0.0120,1.6303
16386,15:54:03.497,2031,-0.0081,1.6367
16387,15:54:03.498,2024,-0.0115,1.6311
16388,15:54:03.498,2018,-0.0144,1.6262
16389,15:54:03.499,2018,-0.0144,1.6262
16390,15:54:03.499,2012,-0.0173,1.6214
16391,15:54:03.500,2016,-0.0154,1.6246
16392,15:54:03.500,2015,-0.0159,1.6238
16393,15:54:03.501,2014,-0.0164,1.6230
16394,15:54:03.501,2019,-0.0139,1.6270
16395,15:54:03.502,2017,-0.0149,1.6254
16396,15:54:03.502,2019,-0.0139,1.6270
16397,15:54:03.503,2017,-0.0149,1.6254
16398,15:54:03.503,2026,-0.0105,1.6327
16399,15:54:03.504,2020,-0.0134,1.6278
16400,15:54:03.504,2029,-0.0090,1.6351
16401,15:54:03.505,2029,-0.0090,1.6351
16402,15:54:03.505,2034,-0.0066,1.6391
16403,15:54:03.506,2034,-0.0066,1.6391
16404,15:54:03.506,2033,-0.0071,1.6383
16405,15:54:03.507,2032,-0.0076,1.6375
16406,15:54:03.507,2029,-0.0090,1.6351
16407,15:54:03.508,2028,-0.0095,1.6343
16408,15:54:03.508,2029,-0.0090,1.6351
16409,15:54:03.509,2026,-0.0105,1.6327
16410,15:54:03.509,2025,-0.0110,1.6319
16411,15:54:03.510,2025,-0.0110,1.6319
16412,15:54:03.510,2018,-0.0144,1.6262
16413,15:54:03.511,2021,-0.0129,1.6286
16414,15:54:03.511,2017,-0.0149,1.6254
16415,15:54:03.512,2017,-0.0149,1.6254
16416,15:54:03.512,2011,-0.0178,1.6206
16417,15:54:03.513,2009,-0.0188,1.6190
16418,15:54:03.513,2015,-0.0159,1.6238
16419,15:54:03.514,2014,-0.0164,1.6230
16420,15:54:03.514,2013,-0.0168,1.6222
16421,15:54:03.515,2015,-0.0159,1.6238
16422,15:54:03.515,2016,-0.0154,1.6246
16423,15:54:03.516,2016,-0.0154,1.6246
16424,15:54:03.516,2021,-0.0129,1.6286
16425,15:54:03.517,2025,-0.0110,1.6319
16426,15:54:03.517,2028,-0.0095,1.6343
16427,15:54:03.518,2032,-0.0076,1.6375
16428,15:54:03.518,2032,-0.0076,1.6375
16429,15:54:03.519,2029,-0.0090,1.6351
16430,15:54:03.519,2034,-0.0066,1.6391
16431,15:54:03.520,2030,-0.0085,1.6359
16432,15:54:03.520,2026,-0.0105,1.6327
16433,15:54:03.521,2029,-0.0090,1.6351
16434,15:54:03.521,2027,-0.0100,1.6335
16435,15:54:03.522,2028,-0.0095,1.6343
16436,15:54:03.522,2026,-0.0105,1.6327
16437,15:54:03.523,2021,-0.0129,1.6286
16438,15:54:03.523,2019,-0.0139,1.6270
16439,15:54:03.524,2014,-0.0164,1.6230
16440,15:54:03.524,2013,-0.0168,1.6222
16441,15:54:03.525,2006,-0.0203,1.6166
16442,15:54:03.525,2012,-0.0173,1.6214
16443,15:54:03.526,2015,-0.0159,1.6238
16444,15:54:03.526,2014,-0.0164,1.6230
16445,15:54:03.527,2017,-0.0149,1.6254
16446,15:54:03.527,2012,-0.0173,1.6214
16447,15:54:03.528,2014,-0.0164,1.6230
16448,15:54:03.528,2018,-0.0144,1.6262
16449,15:54:03.529,2026,-0.0105,1.6327
16450,15:54:03.529,2024,-0.0115,1.6311
16451,15:54:03.530,2029,-0.0090,1.6351
16452,15:54:03.530,2032,-0.0076,1.6375
16453,15:54:03.531,2035,-0.0061,1.6399
16454,15:54:03.531,2031,-0.0081,1.6367
16455,15:54:03.532,2033,-0.0071,1.6383
16456,15:54:03.532,2031,-0.0081,1.6367
16457,15:54:03.533,2029,-0.0090,1.6351
16458,15:54:03.533,2027,-0.0100,1.6335
16459,15:54:03.534,2023,-0.0120,1.6303
16460,15:54:03.534,2026,-0.0105,1.6327
16461,15:54:03.535,2026,-0.0105,1.6327
16462,15:54:03.535,2024,-0.0115,1.6311
16463,15:54:03.536,2018,-0.0144,1.6262
16464,15:54:03.536,2017,-0.0149,1.6254
16465,15:54:03.537,2015,-0.0159,1.6238
16466,15:54:03.537,2015,-0.0159,1.6238
16467,15:54:03.538,2018,-0.0144,1.6262
16468,15:54:03.538,2015,-0.0159,1.6238
16469,15:54:03.539,2016,-0.0154,1.6246
16470,15:54:03.539,2014,-0.0164,1.6230
16471,15:54:03.540,2017,-0.0149,1.6254
16472,15:54:03.540,2017,-0.0149,1.6254
16473,15:54:03.541,2019,-0.0139,1.6270
16474,15:54:03.541,2022,-0.0125,1.6295
16475,15:54:03.542,2022,-0.0125,1.6295
16476,15:54:03.542,2028,-0.0095,1.6343
16477,15:54:03.543,2029,-0.0090,1.6351
16478,15:54:03.543,2029,-0.0090,1.6351
16479,15:54:03.544,2037,-0.0051,1.6415
16480,15:54:03.544,2031,-0.0081,1.6367
16481,15:54:03.545,2029,-0.0090,1.6351
16482,15:54:03.545,2027,-0.0100,1.6335
16483,15:54:03.546,2027,-0.0100,1.6335
16484,15:54:03.546,2028,-0.0095,1.6343
16485,15:54:03.547,2025,-0.0110,1.6319
16486,15:54:03.547,2023,-0.0120,1.6303
16487,15:54:03.548,2020,-0.0134,1.6278
16488,15:54:03.548,2017,-0.0149,1.6254
16489,15:54:03.549,2014,-0.0164,1.6230
16490,15:54:03.549,2015,-0.0159,1.6238
16491,15:54:03.550,2013,-0.0168,1.6222
16492,15:54:03.550,2014,-0.0164,1.6230
16493,15:54:03.551,2013,-0.0168,1.6222
16494,15:54:03.551,2015,-0.0159,1.6238
16495,15:54:03.552,2015,-0.0159,1.6238
16496,15:54:03.552,2011,-0.0178,1.6206
16497,15:54:03.553,2018,-0.0144,1.6262
16498,15:54:03.553,2019,-0.0139,1.6270
16499,15:54:03.554,2022,-0.0125,1.6295
16500,15:54:03.554,2026,-0.0105,1.6327
16501,15:54:03.555,2032,-0.0076,1.6375
16502,15:54:03.555,2031,-0.0081,1.6367
16503,15:54:03.556,2033,-0.0071,1.6383
16504,15:54:03.556,2036,-0.0056,1.6407
16505,15:54:03.557,2032,-0.0076,1.6375
16506,15:54:03.557,2030,-0.0085,1.6359
16507,15:54:03.558,2028,-0.0095,1.6343
16508,15:54:03.558,2026,-0.0105,1.6327
16509,15:54:03.559,2025,-0.0110,1.6319
16510,15:54:03.559,2025,-0.0110,1.6319
16511,15:54:03.560,2026,-0.0105,1.6327
16512,15:54:03.560,2019,-0.0139,1.6270
16513,15:54:03.561,2019,-0.0139,1.6270
16514,15:54:03.561,2017,-0.0149,1.6254
16515,15:54:03.562,2015,-0.0159,1.6238
16516,15:54:03.562,2011,-0.0178,1.6206
16517,15:54:03.563,2009,-0.0188,1.6190
16518,15:54:03.563,2016,-0.0154,1.6246
16519,15:54:03.564,2011,-0.0178,1.6206
16520,15:54:03.564,2018,-0.0144,1.6262
16521,15:54:03.565,2015,-0.0159,1.6238
16522,15:54:03.565,2016,-0.0154,1.6246
16523,15:54:03.566,2018,-0.0144,1.6262
16524,15:54:03.566,2023,-0.0120,1.6303
16525,15:54:03.567,2027,-0.0100,1.6335
16526,15:54:03.567,2030,-0.0085,1.6359
16527,15:54:03.568,2029,-0.0090,1.6351
16528,15:54:03.568,2030,-0.0085,1.6359
16529,15:54:03.569,2035,-0.0061,1.6399
16530,15:54:03.569,2031,-0.0081,1.6367
16531,15:54:03.570,2029,-0.0090,1.6351
16532,15:54:03.570,2030,-0.0085,1.6359
16533,15:54:03.571,2026,-0.0105,1.6327
16534,15:54:03.571,2027,-0.0100,1.6335
16535,15:54:03.572,2026,-0.0105,1.6327
16536,15:54:03.572,2025,-0.0110,1.6319
16537,15:54:03.573,2022,-0.0125,1.6295
16538,15:54:03.573,2013,-0.0168,1.6222
16539,15:54:03.574,2015,-0.0159,1.6238
16540,15:54:03.574,2014,-0.0164,1.6230
16541,15:54:03.575,2014,-0.0164,1.6230
16542,15:54:03.575,2010,-0.0183,1.6198
16543,15:54:03.576,2019,-0.0139,1.6270
16544,15:54:03.576,2016,-0.0154,1.6246
16545,15:54:03.577,2016,-0.0154,1.6246
16546,15:54:03.577,2019,-0.0139,1.6270
16547,15:54:03.578,2020,-0.0134,1.6278
16548,15:54:03.578,2025,-0.0110,1.6319
16549,15:54:03.579,2024,-0.0115,1.6311
16550,15:54:03.579,2025,-0.0110,1.6319
16551,15:54:03.580,2028,-0.0095,1.6343
16552,15:54:03.580,2031,-0.0081,1.6367
16553,15:54:03.581,2033,-0.0071,1.6383
16554,15:54:03.581,2030,-0.0085,1.6359
16555,15:54:03.582,2029,-0.0090,1.6351
16556,15:54:03.582,2028,-0.0095,1.6343
16557,15:54:03.583,2030,-0.0085,1.6359
16558,15:54:03.583,2033,-0.0071,1.6383
16559,15:54:03.584,2030,-0.0085,1.6359
16560,15:54:03.584,2030,-0.0085,1.6359
16561,15:54:03.585,2027,-0.0100,1.6335
16562,15:54:03.585,2023,-0.0120,1.6303
16563,15:54:03.586,2018,-0.0144,1.6262
16564,15:54:03.586,2013,-0.0168,1.6222
16565,15:54:03.587,2012,-0.0173,1.6214
16566,15:54:03.587,2016,-0.0154,1.6246
16567,15:54:03.588,2012,-0.0173,1.6214
16568,15:54:03.588,2018,-0.0144,1.6262
16569,15:54:03.589,2017,-0.0149,1.6254
16570,15:54:03.589,2015,-0.0159,1.6238
16571,15:54:03.590,2018,-0.0144,1.6262
16572,15:54:03.590,2015,-0.0159,1.6238
16573,15:54:03.591,2020,-0.0134,1.6278
16574,15:54:03.591,2024,-0.0115,1.6311
16575,15:54:03.592,2024,-0.0115,1.6311
16576,15:54:03.592,2030,-0.0085,1.6359
16577,15:54:03.593,2031,-0.0081,1.6367
16578,15:54:03.593,2036,-0.0056,1.6407
16579,15:54:03.594,2030,-0.0085,1.6359
16580,15:54:03.594,2028,-0.0095,1.6343
16581,15:54:03.595,2029,-0.0090,1.6351
16582,15:54:03.595,2024,-0.0115,1.6311
16583,15:54:03.596,2026,-0.0105,1.6327
16584,15:54:03.596,2027,-0.0100,1.6335
16585,15:54:03.597,2024,-0.0115,1.6311
16586,15:54:03.597,2025,-0.0110,1.6319
16587,15:54:03.598,2019,-0.0139,1.6270
16588,15:54:03.598,2022,-0.0125,1.6295
16589,15:54:03.599,2016,-0.0154,1.6246
16590,15:54:03.599,2015,-0.0159,1.6238
16591,15:54:03.600,2016,-0.0154,1.6246
16592,15:54:03.600,2016,-0.0154,1.6246
16593,15:54:03.601,2012,-0.0173,1.6214
16594,15:54:03.601,2018,-0.0144,1.6262
16595,15:54:03.602,2015,-0.0159,1.6238
16596,15:54:03.602,2013,-0.0168,1.6222
16597,15:54:03.603,2015,-0.0159,1.6238
16598,15:54:03.603,2026,-0.0105,1.6327
16599,15:54:03.604,2021,-0.0129,1.6286
16600,15:54:03.604,2026,-0.0105,1.6327
16601,15:54:03.605,2030,-0.0085,1.6359
16602,15:54:03.605,2030,-0.0085,1.6359
16603,15:54:03.606,2033,-0.0071,1.6383
16604,15:54:03.606,2033,-0.0071,1.6383
16605,15:54:03.607,2031,-0.0081,1.6367
16606,15:54:03.607,2027,-0.0100,1.6335
16607,15:54:03.608,2027,-0.0100,1.6335
16608,15:54:03.608,2025,-0.0110,1.6319
16609,15:54:03.609,2028,-0.0095,1.6343
16610,15:54:03.609,2024,-0.0115,1.6311
16611,15:54:03.610,2023,-0.0120,1.6303
16612,15:54:03.610,2019,-0.0139,1.6270
16613,15:54:03.611,2019,-0.0139,1.6270
16614,15:54:03.611,2017,-0.0149,1.6254
16615,15:54:03.612,2016,-0.0154,1.6246
16616,15:54:03.612,2014,-0.0164,1.6230
16617,15:54:03.613,2013,-0.0168,1.6222
16618,15:54:03.613,2013,-0.0168,1.6222
16619,15:54:03.614,2014,-0.0164,1.6230
16620,15:54:03.614,2016,-0.0154,1.6246
16621,15:54:03.615,2018,-0.0144,1.6262
16622,15:54:03.615,2019,-0.0139,1.6270
16623,15:54:03.616,2020,-0.0134,1.6278
16624,15:54:03.616,2022,-0.0125,1.6295
16625,15:54:03.617,2024,-0.0115,1.6311
16626,15:54:03.617,2029,-0.0090,1.6351
16627,15:54:03.618,2035,-0.0061,1.6399
16628,15:54:03.618,2030,-0.0085,1.6359
16629,15:54:03.619,2030,-0.0085,1.6359
16630,15:54:03.619,2028,-0.0095,1.6343
16631,15:54:03.620,2030,-0.0085,1.6359
16632,15:54:03.620,2025,-0.0110,1.6319
16633,15:54:03.621,2027,-0.0100,1.6335
16634,15:54:03.621,2027,-0.0100,1.6335
16635,15:54:03.622,2024,-0.0115,1.6311
16636,15:54:03.622,2018,-0.0144,1.6262
16637,15:54:03.623,2018,-0.0144,1.6262
16638,15:54:03.623,2020,-0.0134,1.6278
16639,15:54:03.624,2014,-0.0164,1.6230
16640,15:54:03.624,2012,-0.0173,1.6214
16641,15:54:03.625,2012,-0.0173,1.6214
16642,15:54:03.625,2012,-0.0173,1.6214
16643,15:54:03.626,2015,-0.0159,1.6238
16644,15:54:03.626,2014,-0.0164,1.6230
16645,15:54:03.627,2013,-0.0168,1.6222
16646,15:54:03.627,2015,-0.0159,1.6238
16647,15:54:03.628,2018,-0.0144,1.6262
16648,15:54:03.628,2024,-0.0115,1.6311
16649,15:54:03.629,2028,-0.0095,1.6343
16650,15:54:03.629,2029,-0.0090,1.6351
16651,15:54:03.630,2030,-0.0085,1.6359
16652,15:54:03.630,2034,-0.0066,1.6391
16653,15:54:03.631,2033,-0.0071,1.6383
16654,15:54:03.631,2036,-0.0056,1.6407
16655,15:54:03.632,2031,-0.0081,1.6367
16656,15:54:03.632,2032,-0.0076,1.6375
16657,15:54:03.633,2029,-0.0090,1.6351
16658,15:54:03.633,2026,-0.0105,1.6327
16659,15:54:03.634,2032,-0.0076,1.6375
16660,15:54:03.634,2027,-0.0100,1.6335
16661,15:54:03.635,2021,-0.0129,1.6286
16662,15:54:03.635,2022,-0.0125,1.6295
16663,15:54:03.636,2015,-0.0159,1.6238
16664,15:54:03.636,2018,-0.0144,1.6262
16665,15:54:03.637,2019,-0.0139,1.6270
16666,15:54:03.637,2012,-0.0173,1.6214
16667,15:54:03.638,2012,-0.0173,1.6214
16668,15:54:03.638,2016,-0.0154,1.6246
16669,15:54:03.639,2017,-0.0149,1.6254
16670,15:54:03.639,2016,-0.0154,1.6246
16671,15:54:03.640,2017,-0.0149,1.6254
16672,15:54:03.640,2021,-0.0129,1.6286
16673,15:54:03.641,2023,-0.0120,1.6303
16674,15:54:03.641,2024,-0.0115,1.6311
16675,15:54:03.642,2024,-0.0115,1.6311
16676,15:54:03.642,2028,-0.0095,1.6343
16677,15:54:03.643,2033,-0.0071,1.6383
16678,15:54:03.643,2026,-0.0105,1.6327
16679,15:54:03.644,2033,-0.0071,1.6383
16680,15:54:03.644,2031,-0.0081,1.6367
16681,15:54:03.645,2027,-0.0100,1.6335
16682,15:54:03.645,2028,-0.0095,1.6343
16683,15:54:03.646,2027,-0.0100,1.6335
16684,15:54:03.646,2026,-0.0105,1.6327
16685,15:54:03.647,2023,-0.0120,1.6303
16686,15:54:03.647,2021,-0.0129,1.6286
16687,15:54:03.648,2016,-0.0154,1.6246
16688,15:54:03.648,2021,-0.0129,1.6286
16689,15:54:03.649,2015,-0.0159,1.6238
16690,15:54:03.649,2013,-0.0168,1.6222
16691,15:54:03.650,2013,-0.0168,1.6222
16692,15:54:03.650,2014,-0.0164,1.6230
16693,15:54:03.651,2015,-0.0159,1.6238
16694,15:54:03.651,2015,-0.0159,1.6238
16695,15:54:03.652,2018,-0.0144,1.6262
16696,15:54:03.652,2021,-0.0129,1.6286
16697,15:54:03.653,2021,-0.0129,1.6286
16698,15:54:03.653,2028,-0.0095,1.6343
16699,15:54:03.654,2023,-0.0120,1.6303
16700,15:54:03.654,2030,-0.0085,1.6359
16701,15:54:03.655,2030,-0.0085,1.6359
16702,15:54:03.655,2033,-0.0071,1.6383
16703,15:54:03.656,2035,-0.0061,1.6399
16704,15:54:03.656,2033,-0.0071,1.6383
16705,15:54:03.657,2029,-0.0090,1.6351
16706,15:54:03.657,2028,-0.0095,1.6343
16707,15:54:03.658,2029,-0.0090,1.6351
16708,15:54:03.658,2030,-0.0085,1.6359
16709,15:54:03.659,2031,-0.0081,1.6367
16710,15:54:03.659,2025,-0.0110,1.6319
16711,15:54:03.660,2024,-0.0115,1.6311
16712,15:54:03.660,2018,-0.0144,1.6262
16713,15:54:03.661,2014,-0.0164,1.6230
16714,15:54:03.661,2013,-0.0168,1.6222
16715,15:54:03.662,2009,-0.0188,1.6190
16716,15:54:03.662,2015,-0.0159,1.6238
16717,15:54:03.663,2015,-0.0159,1.6238
16718,15:54:03.663,2012,-0.0173,1.6214
16719,15:54:03.664,2012,-0.0173,1.6214
16720,15:54:03.664,2015,-0.0159,1.6238
16721,15:54:03.665,2018,-0.0144,1.6262
16722,15:54:03.665,2019,-0.0139,1.6270
16723,15:54:03.666,2023,-0.0120,1.6303
16724,15:54:03.666,2025,-0.0110,1.6319
16725,15:54:03.667,2029,-0.0090,1.6351
16726,15:54:03.667,2028,-0.0095,1.6343
16727,15:54:03.668,2030,-0.0085,1.6359
16728,15:54:03.668,2030,-0.0085,1.6359
16729,15:54:03.669,2032,-0.0076,1.6375
16730,15:54:03.669,2024,-0.0115,1.6311
16731,15:54:03.670,2029,-0.0090,1.6351
16732,15:54:03.670,2029,-0.0090,1.6351
16733,15:54:03.671,2029,-0.0090,1.6351
16734,15:54:03.671,2026,-0.0105,1.6327
16735,15:54:03.672,2021,-0.0129,1.6286
16736,15:54:03.672,2023,-0.0120,1.6303
16737,15:54:03.673,2016,-0.0154,1.6246
16738,15:54:03.673,2015,-0.0159,1.6238
16739,15:54:03.674,2013,-0.0168,1.6222
16740,15:54:03.674,2016,-0.0154,1.6246
16741,15:54:03.675,2016,-0.0154,1.6246
16742,15:54:03.675,2014,-0.0164,1.6230
16743,15:54:03.676,2013,-0.0168,1.6222
16744,15:54:03.676,2015,-0.0159,1.6238
16745,15:54:03.677,2017,-0.0149,1.6254
16746,15:54:03.677,2017,-0.0149,1.6254
16747,15:54:03.678,2020,-0.0134,1.6278
16748,15:54:03.678,2022,-0.0125,1.6295
16749,15:54:03.679,2027,-0.0100,1.6335
16750,15:54:03.679,2031,-0.0081,1.6367
16751,15:54:03.680,2031,-0.0081,1.6367
16752,15:54:03.680,2032,-0.0076,1.6375
16753,15:54:03.681,2031,-0.0081,1.6367
16754,15:54:03.681,2031,-0.0081,1.6367
16755,15:54:03.682,2031,-0.0081,1.6367
16756,15:54:03.682,2031,-0.0081,1.6367
16757,15:54:03.683,2031,-0.0081,1.6367
16758,15:54:03.683,2028,-0.0095,1.6343
16759,15:54:03.684,2026,-0.0105,1.6327
16760,15:54:03.684,2026,-0.0105,1.6327
16761,15:54:03.685,2023,-0.0120,1.6303
16762,15:54:03.685,2022,-0.0125,1.6295
16763,15:54:03.686,2018,-0.0144,1.6262
16764,15:54:03.686,2014,-0.0164,1.6230
16765,15:54:03.687,2017,-0.0149,1.6254
16766,15:54:03.687,2019,-0.0139,1.6270
16767,15:54:03.688,2012,-0.0173,1.6214
16768,15:54:03.688,2015,-0.0159,1.6238
16769,15:54:03.689,2015,-0.0159,1.6238
16770,15:54:03.689,2017,-0.0149,1.6254
16771,15:54:03.690,2019,-0.0139,1.6270
16772,15:54:03.690,2019,-0.0139,1.6270
16773,15:54:03.691,2022,-0.0125,1.6295
16774,15:54:03.691,2026,-0.0105,1.6327
16775,15:54:03.692,2027,-0.0100,1.6335
16776,15:54:03.692,2030,-0.0085,1.6359
16777,15:54:03.693,2031,-0.0081,1.6367
16778,15:54:03.693,2030,-0.0085,1.6359
16779,15:54:03.694,2030,-0.0085,1.6359
16780,15:54:03.694,2029,-0.0090,1.6351
16781,15:54:03.695,2027,-0.0100,1.6335
16782,15:54:03.695,2028,-0.0095,1.6343
16783,15:54:03.696,2028,-0.0095,1.6343
16784,15:54:03.696,2029,-0.0090,1.6351
16785,15:54:03.697,2024,-0.0115,1.6311
16786,15:54:03.697,2023,-0.0120,1.6303
16787,15:54:03.698,2017,-0.0149,1.6254
16788,15:54:03.698,2013,-0.0168,1.6222
16789,15:54:03.699,2013,-0.0168,1.6222
16790,15:54:03.699,2014,-0.0164,1.6230
16791,15:54:03.700,2015,-0.0159,1.6238
16792,15:54:03.700,2014,-0.0164,1.6230
16793,15:54:03.701,2014,-0.0164,1.6230
16794,15:54:03.701,2013,-0.0168,1.6222
16795,15:54:03.702,2013,-0.0168,1.6222
16796,15:54:03.702,2018,-0.0144,1.6262
16797,15:54:03.703,2020,-0.0134,1.6278
16798,15:54:03.703,2019,-0.0139,1.6270
16799,15:54:03.704,2026,-0.0105,1.6327
16800,15:54:03.704,2027,-0.0100,1.6335
16801,15:54:03.705,2025,-0.0110,1.6319
16802,15:54:03.705,2033,-0.0071,1.6383
16803,15:54:03.706,2034,-0.0066,1.6391
16804,15:54:03.706,2033,-0.0071,1.6383
16805,15:54:03.707,2027,-0.0100,1.6335
16806,15:54:03.707,2028,-0.0095,1.6343
16807,15:54:03.708,2024,-0.0115,1.6311
16808,15:54:03.708,2027,-0.0100,1.6335
16809,15:54:03.709,2028,-0.0095,1.6343
16810,15:54:03.709,2030,-0.0085,1.6359
16811,15:54:03.710,2020,-0.0134,1.6278
16812,15:54:03.710,2016,-0.0154,1.6246
16813,15:54:03.711,2013,-0.0168,1.6222
16814,15:54:03.711,2018,-0.0144,1.6262
16815,15:54:03.712,2017,-0.0149,1.6254
16816,15:54:03.712,2018,-0.0144,1.6262
16817,15:54:03.713,2014,-0.0164,1.6230
16818,15:54:03.713,2014,-0.0164,1.6230
16819,15:54:03.714,2014,-0.0164,1.6230
16820,15:54:03.714,2016,-0.0154,1.6246
16821,15:54:03.715,2019,-0.0139,1.6270
16822,15:54:03.715,2020,-0.0134,1.6278
16823,15:54:03.716,2022,-0.0125,1.6295
16824,15:54:03.716,2022,-0.0125,1.6295
16825,15:54:03.717,2029,-0.0090,1.6351
16826,15:54:03.717,2028,-0.0095,1.6343
16827,15:54:03.718,2034,-0.0066,1.6391
16828,15:54:03.718,2033,-0.0071,1.6383
16829,15:54:03.719,2032,-0.0076,1.6375
16830,15:54:03.719,2033,-0.0071,1.6383
16831,15:54:03.720,2028,-0.0095,1.6343
16832,15:54:03.720,2029,-0.0090,1.6351
16833,15:54:03.721,2023,-0.0120,1.6303
16834,15:54:03.721,2025,-0.0110,1.6319
16835,15:54:03.722,2021,-0.0129,1.6286
16836,15:54:03.722,2018,-0.0144,1.6262
16837,15:54:03.723,2019,-0.0139,1.6270
16838,15:54:03.723,2016,-0.0154,1.6246
16839,15:54:03.724,2018,-0.0144,1.6262
16840,15:54:03.724,2012,-0.0173,1.6214
16841,15:54:03.725,2015,-0.0159,1.6238
16842,15:54:03.725,2013,-0.0168,1.6222
16843,15:54:03.726,2016,-0.0154,1.6246
16844,15:54:03.726,2015,-0.0159,1.6238
16845,15:54:03.727,2013,-0.0168,1.6222
16846,15:54:03.727,2024,-0.0115,1.6311
16847,15:54:03.728,2018,-0.0144,1.6262
16848,15:54:03.728,2023,-0.0120,1.6303
16849,15:54:03.729,2026,-0.0105,1.6327
16850,15:54:03.729,2030,-0.0085,1.6359
16851,15:54:03.730,2031,-0.0081,1.6367
16852,15:54:03.730,2030,-0.0085,1.6359
16853,15:54:03.731,2035,-0.0061,1.6399
16854,15:54:03.731,2028,-0.0095,1.6343
16855,15:54:03.732,2028,-0.0095,1.6343
16856,15:54:03.732,2030,-0.0085,1.6359
16857,15:54:03.733,2026,-0.0105,1.6327
16858,15:54:03.733,2021,-0.0129,1.6286
16859,15:54:03.734,2026,-0.0105,1.6327
16860,15:54:03.734,2024,-0.0115,1.6311
16861,15:54:03.735,2022,-0.0125,1.6295
16862,15:54:03.735,2018,-0.0144,1.6262
16863,15:54:03.736,2014,-0.0164,1.6230
16864,15:54:03.736,2016,-0.0154,1.6246
16865,15:54:03.737,2015,-0.0159,1.6238
16866,15:54:03.737,2016,-0.0154,1.6246
16867,15:54:03.738,2014,-0.0164,1.6230
16868,15:54:03.738,2013,-0.0168,1.6222
16869,15:54:03.739,2015,-0.0159,1.6238
16870,15:54:03.739,2013,-0.0168,1.6222
16871,15:54:03.740,2018,-0.0144,1.6262
16872,15:54:03.740,2019,-0.0139,1.6270
16873,15:54:03.741,2027,-0.0100,1.6335
16874,15:54:03.741,2024,-0.0115,1.6311
16875,15:54:03.742,2028,-0.0095,1.6343
16876,15:54:03.742,2032,-0.0076,1.6375
16877,15:54:03.743,2030,-0.0085,1.6359
16878,15:54:03.743,2033,-0.0071,1.6383
16879,15:54:03.744,2030,-0.0085,1.6359
16880,15:54:03.744,2028,-0.0095,1.6343
16881,15:54:03.745,2036,-0.0056,1.6407
16882,15:54:03.745,2034,-0.0066,1.6391
16883,15:54:03.746,2028,-0.0095,1.6343
16884,15:54:03.746,2027,-0.0100,1.6335
16885,15:54:03.747,2022,-0.0125,1.6295
16886,15:54:03.747,2023,-0.0120,1.6303
16887,15:54:03.748,2020,-0.0134,1.6278
16888,15:54:03.748,2015,-0.0159,1.6238
16889,15:54:03.749,2018,-0.0144,1.6262
16890,15:54:03.749,2014,-0.0164,1.6230
16891,15:54:03.750,2016,-0.0154,1.6246
16892,15:54:03.750,2021,-0.0129,1.6286
16893,15:54:03.751,2014,-0.0164,1.6230
16894,15:54:03.751,2014,-0.0164,1.6230
16895,15:54:03.752,2018,-0.0144,1.6262
16896,15:54:03.752,2019,-0.0139,1.6270
16897,15:54:03.753,2023,-0.0120,1.6303
16898,15:54:03.753,2023,-0.0120,1.6303
16899,15:54:03.754,2028,-0.0095,1.6343
16900,15:54:03.754,2026,-0.0105,1.6327
16901,15:54:03.755,2032,-0.0076,1.6375
16902,15:54:03.755,2032,-0.0076,1.6375
16903,15:54:03.756,2028,-0.0095,1.6343
16904,15:54:03.756,2031,-0.0081,1.6367
16905,15:54:03.757,2027,-0.0100,1.6335
16906,15:54:03.757,2030,-0.0085,1.6359
16907,15:54:03.758,2029,-0.0090,1.6351
16908,15:54:03.758,2029,-0.0090,1.6351
16909,15:54:03.759,2029,-0.0090,1.6351
16910,15:54:03.759,2024,-0.0115,1.6311
16911,15:54:03.760,2022,-0.0125,1.6295
16912,15:54:03.760,2013,-0.0168,1.6222
16913,15:54:03.761,2014,-0.0164,1.6230
16914,15:54:03.761,2014,-0.0164,1.6230
16915,15:54:03.762,2017,-0.0149,1.6254
16916,15:54:03.762,2015,-0.0159,1.6238
16917,15:54:03.763,2014,-0.0164,1.6230
16918,15:54:03.763,2013,-0.0168,1.6222
16919,15:54:03.764,2015,-0.0159,1.6238
16920,15:54:03.764,2015,-0.0159,1.6238
16921,15:54:03.765,2019,-0.0139,1.6270
16922,15:54:03.765,2020,-0.0134,1.6278
16923,15:54:03.766,2025,-0.0110,1.6319
16924,15:54:03.766,2024,-0.0115,1.6311
16925,15:54:03.767,2028,-0.0095,1.6343
16926,15:54:03.767,2028,-0.0095,1.6343
16927,15:54:03.768,2031,-0.0081,1.6367
16928,15:54:03.768,2032,-0.0076,1.6375
16929,15:54:03.769,2029,-0.0090,1.6351
16930,15:54:03.769,2031,-0.0081,1.6367
16931,15:54:03.770,2030,-0.0085,1.6359
16932,15:54:03.770,2030,-0.0085,1.6359
16933,15:54:03.771,2030,-0.0085,1.6359
16934,15:54:03.771,2028,-0.0095,1.6343
16935,15:54:03.772,2022,-0.0125,1.6295
16936,15:54:03.772,2020,-0.0134,1.6278
16937,15:54:03.773,2011,-0.0178,1.6206
16938,15:54:03.773,2022,-0.0125,1.6295
16939,15:54:03.774,2014,-0.0164,1.6230
16940,15:54:03.774,2015,-0.0159,1.6238
16941,15:54:03.775,2017,-0.0149,1.6254
16942,15:54:03.775,2019,-0.0139,1.6270
16943,15:54:03.776,2017,-0.0149,1.6254
16944,15:54:03.776,2013,-0.0168,1.6222
16945,15:54:03.777,2018,-0.0144,1.6262
16946,15:54:03.777,2018,-0.0144,1.6262
16947,15:54:03.778,2019,-0.0139,1.6270
16948,15:54:03.778,2025,-0.0110,1.6319
16949,15:54:03.779,2025,-0.0110,1.6319
16950,15:54:03.779,2030,-0.0085,1.6359
16951,15:54:03.780,2033,-0.0071,1.6383
16952,15:54:03.780,2030,-0.0085,1.6359
16953,15:54:03.781,2032,-0.0076,1.6375
16954,15:54:03.781,2034,-0.0066,1.6391
16955,15:54:03.782,2028,-0.0095,1.6343
16956,15:54:03.782,2024,-0.0115,1.6311
16957,15:54:03.783,2025,-0.0110,1.6319
16958,15:54:03.783,2028,-0.0095,1.6343
16959,15:54:03.784,2024,-0.0115,1.6311
16960,15:54:03.784,2023,-0.0120,1.6303
16961,15:54:03.785,2020,-0.0134,1.6278
16962,15:54:03.785,2015,-0.0159,1.6238
16963,15:54:03.786,2016,-0.0154,1.6246
16964,15:54:03.786,2014,-0.0164,1.6230
16965,15:54:03.787,2015,-0.0159,1.6238
16966,15:54:03.787,2015,-0.0159,1.6238
16967,15:54:03.788,2014,-0.0164,1.6230
16968,15:54:03.788,2015,-0.0159,1.6238
16969,15:54:03.789,2017,-0.0149,1.6254
16970,15:54:03.789,2016,-0.0154,1.6246
16971,15:54:03.790,2020,-0.0134,1.6278
16972,15:54:03.790,2021,-0.0129,1.6286
16973,15:54:03.791,2024,-0.0115,1.6311
16974,15:54:03.791,2024,-0.0115,1.6311
16975,15:54:03.792,2027,-0.0100,1.6335
16976,15:54:03.792,2036,-0.0056,1.6407
16977,15:54:03.793,2029,-0.0090,1.6351
16978,15:54:03.793,2033,-0.0071,1.6383
16979,15:54:03.794,2030,-0.0085,1.6359
16980,15:54:03.794,2032,-0.0076,1.6375
16981,15:54:03.795,2026,-0.0105,1.6327
16982,15:54:03.795,2029,-0.0090,1.6351
16983,15:54:03.796,2027,-0.0100,1.6335
16984,15:54:03.796,2028,-0.0095,1.6343
16985,15:54:03.797,2017,-0.0149,1.6254
16986,15:54:03.797,2018,-0.0144,1.6262
16987,15:54:03.798,2021,-0.0129,1.6286
16988,15:54:03.798,2018,-0.0144,1.6262
16989,15:54:03.799,2012,-0.0173,1.6214
16990,15:54:03.799,2012,-0.0173,1.6214
16991,15:54:03.800,2012,-0.0173,1.6214
16992,15:54:03.800,2013,-0.0168,1.6222
16993,15:54:03.801,2014,-0.0164,1.6230
16994,15:54:03.801,2015,-0.0159,1.6238
16995,15:54:03.802,2017,-0.0149,1.6254
16996,15:54:03.802,2020,-0.0134,1.6278
16997,15:54:03.803,2017,-0.0149,1.6254
16998,15:54:03.803,2024,-0.0115,1.6311
16999,15:54:03.804,2024,-0.0115,1.6311
17000,15:54:03.804,2024,-0.0115,1.6311
17001,15:54:03.805,2029,-0.0090,1.6351
17002,15:54:03.805,2032,-0.0076,1.6375
17003,15:54:03.806,2029,-0.0090,1.6351
17004,15:54:03.806,2032,-0.0076,1.6375
17005,15:54:03.807,2029,-0.0090,1.6351
17006,15:54:03.807,2026,-0.0105,1.6327
17007,15:54:03.808,2029,-0.0090,1.6351
17008,15:54:03.808,2026,-0.0105,1.6327
17009,15:54:03.809,2026,-0.0105,1.6327
17010,15:54:03.809,2022,-0.0125,1.6295
17011,15:54:03.810,2020,-0.0134,1.6278
17012,15:54:03.810,2017,-0.0149,1.6254
17013,15:54:03.811,2013,-0.0168,1.6222
17014,15:54:03.811,2017,-0.0149,1.6254
17015,15:54:03.812,2016,-0.0154,1.6246
17016,15:54:03.812,2016,-0.0154,1.6246
17017,15:54:03.813,2019,-0.0139,1.6270
17018,15:54:03.813,2017,-0.0149,1.6254
17019,15:54:03.814,2013,-0.0168,1.6222
17020,15:54:03.814,2017,-0.0149,1.6254
17021,15:54:03.815,2020,-0.0134,1.6278
17022,15:54:03.815,2021,-0.0129,1.6286
17023,15:54:03.816,2023,-0.0120,1.6303
17024,15:54:03.816,2024,-0.0115,1.6311
17025,15:54:03.817,2031,-0.0081,1.6367
17026,15:54:03.817,2030,-0.0085,1.6359
17027,15:54:03.818,2031,-0.0081,1.6367
17028,15:54:03.818,2031,-0.0081,1.6367
17029,15:54:03.819,2033,-0.0071,1.6383
17030,15:54:03.819,2028,-0.0095,1.6343
17031,15:54:03.820,2032,-0.0076,1.6375
17032,15:54:03.820,2028,-0.0095,1.6343
17033,15:54:03.821,2026,-0.0105,1.6327
17034,15:54:03.821,2027,-0.0100,1.6335
17035,15:54:03.822,2024,-0.0115,1.6311
17036,15:54:03.822,2018,-0.0144,1.6262
17037,15:54:03.823,2013,-0.0168,1.6222
17038,15:54:03.823,2016,-0.0154,1.6246
17039,15:54:03.824,2013,-0.0168,1.6222
17040,15:54:03.824,2015,-0.0159,1.6238
17041,15:54:03.825,2016,-0.0154,1.6246
17042,15:54:03.825,2009,-0.0188,1.6190
17043,15:54:03.826,2012,-0.0173,1.6214
17044,15:54:03.826,2013,-0.0168,1.6222
17045,15:54:03.827,2016,-0.0154,1.6246
17046,15:54:03.827,2017,-0.0149,1.6254
17047,15:54:03.828,2026,-0.0105,1.6327
17048,15:54:03.828,2026,-0.0105,1.6327
17049,15:54:03.829,2024,-0.0115,1.6311
17050,15:54:03.829,2028,-0.0095,1.6343
17051,15:54:03.830,2025,-0.0110,1.6319
17052,15:54:03.830,2028,-0.0095,1.6343
17053,15:54:03.831,2028,-0.0095,1.6343
17054,15:54:03.831,2028,-0.0095,1.6343
17055,15:54:03.832,2035,-0.0061,1.6399
17056,15:54:03.832,2029,-0.0090,1.6351
17057,15:54:03.833,2024,-0.0115,1.6311
17058,15:54:03.833,2027,-0.0100,1.6335
17059,15:54:03.834,2021,-0.0129,1.6286
17060,15:54:03.834,2022,-0.0125,1.6295
17061,15:54:03.835,2017,-0.0149,1.6254
17062,15:54:03.835,2014,-0.0164,1.6230
17063,15:54:03.836,2015,-0.0159,1.6238
17064,15:54:03.836,2017,-0.0149,1.6254
17065,15:54:03.837,2011,-0.0178,1.6206
17066,15:54:03.837,2014,-0.0164,1.6230
17067,15:54:03.838,2017,-0.0149,1.6254
17068,15:54:03.838,2012,-0.0173,1.6214
17069,15:54:03.839,2017,-0.0149,1.6254
17070,15:54:03.839,2012,-0.0173,1.6214
17071,15:54:03.840,2020,-0.0134,1.6278
17072,15:54:03.840,2024,-0.0115,1.6311
17073,15:54:03.841,2026,-0.0105,1.6327
17074,15:54:03.841,2027,-0.0100,1.6335
17075,15:54:03.842,2032,-0.0076,1.6375
17076,15:54:03.842,2032,-0.0076,1.6375
17077,15:54:03.843,2032,-0.0076,1.6375
17078,15:54:03.843,2029,-0.0090,1.6351
17079,15:54:03.844,2031,-0.0081,1.6367
17080,15:54:03.844,2028,-0.0095,1.6343
17081,15:54:03.845,2027,-0.0100,1.6335
17082,15:54:03.845,2032,-0.0076,1.6375
17083,15:54:03.846,2027,-0.0100,1.6335
17084,15:54:03.846,2024,-0.0115,1.6311
17085,15:54:03.847,2022,-0.0125,1.6295
17086,15:54:03.847,2022,-0.0125,1.6295
17087,15:54:03.848,2018,-0.0144,1.6262
17088,15:54:03.848,2018,-0.0144,1.6262
17089,15:54:03.849,2013,-0.0168,1.6222
17090,15:54:03.849,2014,-0.0164,1.6230
17091,15:54:03.850,2016,-0.0154,1.6246
17092,15:54:03.850,2012,-0.0173,1.6214
17093,15:54:03.851,2014,-0.0164,1.6230
17094,15:54:03.851,2019,-0.0139,1.6270
17095,15:54:03.852,2018,-0.0144,1.6262
17096,15:54:03.852,2023,-0.0120,1.6303
17097,15:54:03.853,2022,-0.0125,1.6295
17098,15:54:03.853,2025,-0.0110,1.6319
17099,15:54:03.854,2030,-0.0085,1.6359
17100,15:54:03.854,2025,-0.0110,1.6319
17101,15:54:03.855,2033,-0.0071,1.6383
17102,15:54:03.855,2031,-0.0081,1.6367
17103,15:54:03.856,2031,-0.0081,1.6367
17104,15:54:03.856,2029,-0.0090,1.6351
17105,15:54:03.857,2030,-0.0085,1.6359
17106,15:54:03.857,2030,-0.0085,1.6359
17107,15:54:03.858,2023,-0.0120,1.6303
17108,15:54:03.858,2025,-0.0110,1.6319
17109,15:54:03.859,2022,-0.0125,1.6295
17110,15:54:03.859,2019,-0.0139,1.6270
17111,15:54:03.860,2017,-0.0149,1.6254
17112,15:54:03.860,2016,-0.0154,1.6246
17113,15:54:03.861,2014,-0.0164,1.6230
17114,15:54:03.861,2015,-0.0159,1.6238
17115,15:54:03.862,2014,-0.0164,1.6230
17116,15:54:03.862,2012,-0.0173,1.6214
17117,15:54:03.863,2016,-0.0154,1.6246
17118,15:54:03.863,2018,-0.0144,1.6262
17119,15:54:03.864,2017,-0.0149,1.6254
17120,15:54:03.864,2014,-0.0164,1.6230
17121,15:54:03.865,2023,-0.0120,1.6303
17122,15:54:03.865,2024,-0.0115,1.6311
17123,15:54:03.866,2024,-0.0115,1.6311
17124,15:54:03.866,2030,-0.0085,1.6359
17125,15:54:03.867,2029,-0.0090,1.6351
17126,15:54:03.867,2033,-0.0071,1.6383
17127,15:54:03.868,2030,-0.0085,1.6359
17128,15:54:03.868,2032,-0.0076,1.6375
17129,15:54:03.869,2030,-0.0085,1.6359
17130,15:54:03.869,2029,-0.0090,1.6351
17131,15:54:03.870,2032,-0.0076,1.6375
17132,15:54:03.870,2029,-0.0090,1.6351
17133,15:54:03.871,2027,-0.0100,1.6335
17134,15:54:03.871,2021,-0.0129,1.6286
17135,15:54:03.872,2023,-0.0120,1.6303
17136,15:54:03.872,2015,-0.0159,1.6238
17137,15:54:03.873,2018,-0.0144,1.6262
17138,15:54:03.873,2018,-0.0144,1.6262
17139,15:54:03.874,2019,-0.0139,1.6270
17140,15:54:03.874,2013,-0.0168,1.6222
17141,15:54:03.875,2014,-0.0164,1.6230
17142,15:54:03.875,2012,-0.0173,1.6214
17143,15:54:03.876,2020,-0.0134,1.6278
17144,15:54:03.876,2017,-0.0149,1.6254
17145,15:54:03.877,2016,-0.0154,1.6246
17146,15:54:03.877,2020,-0.0134,1.6278
17147,15:54:03.878,2020,-0.0134,1.6278
17148,15:54:03.878,2023,-0.0120,1.6303
17149,15:54:03.879,2028,-0.0095,1.6343
17150,15:54:03.879,2030,-0.0085,1.6359
17151,15:54:03.880,2028,-0.0095,1.6343
17152,15:54:03.880,2031,-0.0081,1.6367
17153,15:54:03.881,2025,-0.0110,1.6319
17154,15:54:03.881,2030,-0.0085,1.6359
17155,15:54:03.882,2028,-0.0095,1.6343
17156,15:54:03.882,2028,-0.0095,1.6343
17157,15:54:03.883,2026,-0.0105,1.6327
17158,15:54:03.883,2023,-0.0120,1.6303
17159,15:54:03.884,2022,-0.0125,1.6295
17160,15:54:03.884,2019,-0.0139,1.6270
17161,15:54:03.885,2019,-0.0139,1.6270
17162,15:54:03.885,2017,-0.0149,1.6254
17163,15:54:03.886,2019,-0.0139,1.6270
17164,15:54:03.886,2016,-0.0154,1.6246
17165,15:54:03.887,2020,-0.0134,1.6278
17166,15:54:03.887,2016,-0.0154,1.6246
17167,15:54:03.888,2017,-0.0149,1.6254
17168,15:54:03.888,2016,-0.0154,1.6246
17169,15:54:03.889,2012,-0.0173,1.6214
17170,15:54:03.889,2020,-0.0134,1.6278
17171,15:54:03.890,2023,-0.0120,1.6303
17172,15:54:03.890,2025,-0.0110,1.6319
17173,15:54:03.891,2024,-0.0115,1.6311
17174,15:54:03.891,2031,-0.0081,1.6367
17175,15:54:03.892,2031,-0.0081,1.6367
17176,15:54:03.892,2033,-0.0071,1.6383
17177,15:54:03.893,2033,-0.0071,1.6383
17178,15:54:03.893,2032,-0.0076,1.6375
17179,15:54:03.894,2031,-0.0081,1.6367
17180,15:54:03.894,2028,-0.0095,1.6343
17181,15:54:03.895,2031,-0.0081,1.6367
17182,15:54:03.895,2033,-0.0071,1.6383
17183,15:54:03.896,2028,-0.0095,1.6343
17184,15:54:03.896,2028,-0.0095,1.6343
17185,15:54:03.897,2023,-0.0120,1.6303
17186,15:54:03.897,2013,-0.0168,1.6222
17187,15:54:03.898,2016,-0.0154,1.6246
17188,15:54:03.898,2020,-0.0134,1.6278
17189,15:54:03.899,2009,-0.0188,1.6190
17190,15:54:03.899,2015,-0.0159,1.6238
17191,15:54:03.900,2016,-0.0154,1.6246
17192,15:54:03.900,2013,-0.0168,1.6222
17193,15:54:03.901,2016,-0.0154,1.6246
17194,15:54:03.901,2014,-0.0164,1.6230
17195,15:54:03.902,2018,-0.0144,1.6262
17196,15:54:03.902,2021,-0.0129,1.6286
17197,15:54:03.903,2024,-0.0115,1.6311
17198,15:54:03.903,2024,-0.0115,1.6311
17199,15:54:03.904,2027,-0.0100,1.6335
17200,15:54:03.904,2029,-0.0090,1.6351
17201,15:54:03.905,2032,-0.0076,1.6375
17202,15:54:03.905,2030,-0.0085,1.6359
17203,15:54:03.906,2032,-0.0076,1.6375
17204,15:54:03.906,2029,-0.0090,1.6351
17205,15:54:03.907,2030,-0.0085,1.6359
17206,15:54:03.907,2023,-0.0120,1.6303
17207,15:54:03.908,2029,-0.0090,1.6351
17208,15:54:03.908,2024,-0.0115,1.6311
17209,15:54:03.909,2019,-0.0139,1.6270
17210,15:54:03.909,2020,-0.0134,1.6278
17211,15:54:03.910,2019,-0.0139,1.6270
17212,15:54:03.910,2015,-0.0159,1.6238
17213,15:54:03.911,2021,-0.0129,1.6286
17214,15:54:03.911,2016,-0.0154,1.6246
17215,15:54:03.912,2017,-0.0149,1.6254
17216,15:54:03.912,2016,-0.0154,1.6246
17217,15:54:03.913,2015,-0.0159,1.6238
17218,15:54:03.913,2014,-0.0164,1.6230
17219,15:54:03.914,2018,-0.0144,1.6262
17220,15:54:03.914,2016,-0.0154,1.6246
17221,15:54:03.915,2022,-0.0125,1.6295
17222,15:54:03.915,2025,-0.0110,1.6319
17223,15:54:03.916,2028,-0.0095,1.6343
17224,15:54:03.916,2029,-0.0090,1.6351
17225,15:54:03.917,2031,-0.0081,1.6367
17226,15:54:03.917,2029,-0.0090,1.6351
17227,15:54:03.918,2029,-0.0090,1.6351
17228,15:54:03.918,2031,-0.0081,1.6367
17229,15:54:03.919,2027,-0.0100,1.6335
17230,15:54:03.919,2025,-0.0110,1.6319
17231,15:54:03.920,2029,-0.0090,1.6351
17232,15:54:03.920,2026,-0.0105,1.6327
17233,15:54:03.921,2023,-0.0120,1.6303
17234,15:54:03.921,2020,-0.0134,1.6278
17235,15:54:03.922,2018,-0.0144,1.6262
17236,15:54:03.922,2021,-0.0129,1.6286
17237,15:54:03.923,2013,-0.0168,1.6222
17238,15:54:03.923,2015,-0.0159,1.6238
17239,15:54:03.924,2013,-0.0168,1.6222
17240,15:54:03.924,2018,-0.0144,1.6262
17241,15:54:03.925,2018,-0.0144,1.6262
17242,15:54:03.925,2011,-0.0178,1.6206
17243,15:54:03.926,2014,-0.0164,1.6230
17244,15:54:03.926,2020,-0.0134,1.6278
17245,15:54:03.927,2020,-0.0134,1.6278
17246,15:54:03.927,2021,-0.0129,1.6286
17247,15:54:03.928,2027,-0.0100,1.6335
17248,15:54:03.928,2031,-0.0081,1.6367
17249,15:54:03.929,2028,-0.0095,1.6343
17250,15:54:03.929,2031,-0.0081,1.6367
17251,15:54:03.930,2029,-0.0090,1.6351
17252,15:54:03.930,2028,-0.0095,1.6343
17253,15:54:03.931,2031,-0.0081,1.6367
17254,15:54:03.931,2027,-0.0100,1.6335
17255,15:54:03.932,2026,-0.0105,1.6327
17256,15:54:03.932,2027,-0.0100,1.6335
17257,15:54:03.933,2028,-0.0095,1.6343
17258,15:54:03.933,2026,-0.0105,1.6327
17259,15:54:03.934,2022,-0.0125,1.6295
17260,15:54:03.934,2017,-0.0149,1.6254
17261,15:54:03.935,2017,-0.0149,1.6254
17262,15:54:03.935,2014,-0.0164,1.6230
17263,15:54:03.936,2015,-0.0159,1.6238
17264,15:54:03.936,2015,-0.0159,1.6238
17265,15:54:03.937,2019,-0.0139,1.6270
17266,15:54:03.937,2014,-0.0164,1.6230
17267,15:54:03.938,2017,-0.0149,1.6254
17268,15:54:03.938,2016,-0.0154,1.6246
17269,15:54:03.939,2017,-0.0149,1.6254
17270,15:54:03.939,2018,-0.0144,1.6262
17271,15:54:03.940,2020,-0.0134,1.6278
17272,15:54:03.940,2022,-0.0125,1.6295
17273,15:54:03.941,2026,-0.0105,1.6327
17274,15:54:03.941,2030,-0.0085,1.6359
17275,15:54:03.942,2032,-0.0076,1.6375
17276,15:54:03.942,2034,-0.0066,1.6391
17277,15:54:03.943,2030,-0.0085,1.6359
17278,15:54:03.943,2029,-0.0090,1.6351
17279,15:54:03.944,2031,-0.0081,1.6367
17280,15:54:03.944,2033,-0.0071,1.6383
17281,15:54:03.945,2029,-0.0090,1.6351
17282,15:54:03.945,2029,-0.0090,1.6351
17283,15:54:03.946,2025,-0.0110,1.6319
17284,15:54:03.946,2023,-0.0120,1.6303
17285,15:54:03.947,2019,-0.0139,1.6270
17286,15:54:03.947,2018,-0.0144,1.6262
17287,15:54:03.948,2016,-0.0154,1.6246
17288,15:54:03.948,2017,-0.0149,1.6254
17289,15:54:03.949,2019,-0.0139,1.6270
17290,15:54:03.949,2013,-0.0168,1.6222
17291,15:54:03.950,2013,-0.0168,1.6222
17292,15:54:03.950,2016,-0.0154,1.6246
17293,15:54:03.951,2015,-0.0159,1.6238
17294,15:54:03.951,2016,-0.0154,1.6246
17295,15:54:03.952,2016,-0.0154,1.6246
17296,15:54:03.952,2023,-0.0120,1.6303
17297,15:54:03.953,2024,-0.0115,1.6311
17298,15:54:03.953,2024,-0.0115,1.6311
17299,15:54:03.954,2024,-0.0115,1.6311
17300,15:54:03.954,2027,-0.0100,1.6335
17301,15:54:03.955,2025,-0.0110,1.6319
17302,15:54:03.955,2027,-0.0100,1.6335
17303,15:54:03.956,2031,-0.0081,1.6367
17304,15:54:03.956,2028,-0.0095,1.6343
17305,15:54:03.957,2027,-0.0100,1.6335
17306,15:54:03.957,2030,-0.0085,1.6359
17307,15:54:03.958,2023,-0.0120,1.6303
17308,15:54:03.958,2025,-0.0110,1.6319
17309,15:54:03.959,2020,-0.0134,1.6278
17310,15:54:03.959,2020,-0.0134,1.6278
17311,15:54:03.960,2017,-0.0149,1.6254
17312,15:54:03.960,2013,-0.0168,1.6222
17313,15:54:03.961,2015,-0.0159,1.6238
17314,15:54:03.961,2015,-0.0159,1.6238
17315,15:54:03.962,2013,-0.0168,1.6222
17316,15:54:03.962,2016,-0.0154,1.6246
17317,15:54:03.963,2014,-0.0164,1.6230
17318,15:54:03.963,2015,-0.0159,1.6238
17319,15:54:03.964,2018,-0.0144,1.6262
17320,15:54:03.964,2018,-0.0144,1.6262
17321,15:54:03.965,2023,-0.0120,1.6303
17322,15:54:03.965,2020,-0.0134,1.6278
17323,15:54:03.966,2027,-0.0100,1.6335
17324,15:54:03.966,2033,-0.0071,1.6383
17325,15:54:03.967,2029,-0.0090,1.6351
17326,15:54:03.967,2030,-0.0085,1.6359
17327,15:54:03.968,2032,-0.0076,1.6375
17328,15:54:03.968,2032,-0.0076,1.6375
17329,15:54:03.969,2030,-0.0085,1.6359
17330,15:54:03.969,2026,-0.0105,1.6327
17331,15:54:03.970,2027,-0.0100,1.6335
17332,15:54:03.970,2027,-0.0100,1.6335
17333,15:54:03.971,2028,-0.0095,1.6343
17334,15:54:03.971,2019,-0.0139,1.6270
17335,15:54:03.972,2018,-0.0144,1.6262
17336,15:54:03.972,2017,-0.0149,1.6254
17337,15:54:03.973,2017,-0.0149,1.6254
17338,15:54:03.973,2013,-0.0168,1.6222
17339,15:54:03.974,2016,-0.0154,1.6246
17340,15:54:03.974,2015,-0.0159,1.6238
17341,15:54:03.975,2011,-0.0178,1.6206
17342,15:54:03.975,2014,-0.0164,1.6230
17343,15:54:03.976,2013,-0.0168,1.6222
17344,15:54:03.976,2013,-0.0168,1.6222
17345,15:54:03.977,2018,-0.0144,1.6262
17346,15:54:03.977,2019,-0.0139,1.6270
17347,15:54:03.978,2022,-0.0125,1.6295
17348,15:54:03.978,2025,-0.0110,1.6319
17349,15:54:03.979,2029,-0.0090,1.6351
17350,15:54:03.979,2032,-0.0076,1.6375
17351,15:54:03.980,2033,-0.0071,1.6383
17352,15:54:03.980,2025,-0.0110,1.6319
17353,15:54:03.981,2030,-0.0085,1.6359
17354,15:54:03.981,2030,-0.0085,1.6359
17355,15:54:03.982,2027,-0.0100,1.6335
17356,15:54:03.982,2027,-0.0100,1.6335
17357,15:54:03.983,2025,-0.0110,1.6319
17358,15:54:03.983,2026,-0.0105,1.6327
17359,15:54:03.984,2022,-0.0125,1.6295
17360,15:54:03.984,2020,-0.0134,1.6278
17361,15:54:03.985,2018,-0.0144,1.6262
17362,15:54:03.985,2016,-0.0154,1.6246
17363,15:54:03.986,2017,-0.0149,1.6254
17364,15:54:03.986,2016,-0.0154,1.6246
17365,15:54:03.987,2017,-0.0149,1.6254
17366,15:54:03.987,2014,-0.0164,1.6230
17367,15:54:03.988,2017,-0.0149,1.6254
17368,15:54:03.988,2014,-0.0164,1.6230
17369,15:54:03.989,2013,-0.0168,1.6222
17370,15:54:03.989,2017,-0.0149,1.6254
17371,15:54:03.990,2020,-0.0134,1.6278
17372,15:54:03.990,2027,-0.0100,1.6335
17373,15:54:03.991,2027,-0.0100,1.6335
17374,15:54:03.991,2027,-0.0100,1.6335
17375,15:54:03.992,2028,-0.0095,1.6343
17376,15:54:03.992,2029,-0.0090,1.6351
17377,15:54:03.993,2034,-0.0066,1.6391
17378,15:54:03.993,2030,-0.0085,1.6359
17379,15:54:03.994,2030,-0.0085,1.6359
17380,15:54:03.994,2027,-0.0100,1.6335
17381,15:54:03.995,2029,-0.0090,1.6351
17382,15:54:03.995,2030,-0.0085,1.6359
17383,15:54:03.996,2023,-0.0120,1.6303
17384,15:54:03.996,2021,-0.0129,1.6286
17385,15:54:03.997,2019,-0.0139,1.6270
17386,15:54:03.997,2016,-0.0154,1.6246
17387,15:54:03.998,2017,-0.0149,1.6254
17388,15:54:03.998,2011,-0.0178,1.6206
17389,15:54:03.999,2018,-0.0144,1.6262
17390,15:54:03.999,2019,-0.0139,1.6270
17391,15:54:04.000,2015,-0.0159,1.6238
17392,15:54:04.000,2014,-0.0164,1.6230
17393,15:54:04.001,2018,-0.0144,1.6262
17394,15:54:04.001,2019,-0.0139,1.6270
17395,15:54:04.002,2019,-0.0139,1.6270
17396,15:54:04.002,2023,-0.0120,1.6303
17397,15:54:04.003,2027,-0.0100,1.6335
17398,15:54:04.003,2028,-0.0095,1.6343
17399,15:54:04.004,2030,-0.0085,1.6359
17400,15:54:04.004,2028,-0.0095,1.6343
17401,15:54:04.005,2030,-0.0085,1.6359
17402,15:54:04.005,2031,-0.0081,1.6367
17403,15:54:04.006,2031,-0.0081,1.6367
17404,15:54:04.006,2028,-0.0095,1.6343
17405,15:54:04.007,2027,-0.0100,1.6335
17406,15:54:04.007,2030,-0.0085,1.6359
17407,15:54:04.008,2027,-0.0100,1.6335
17408,15:54:04.008,2022,-0.0125,1.6295
17409,15:54:04.009,2021,-0.0129,1.6286
17410,15:54:04.009,2016,-0.0154,1.6246
17411,15:54:04.010,2017,-0.0149,1.6254
17412,15:54:04.010,2014,-0.0164,1.6230
17413,15:54:04.011,2014,-0.0164,1.6230
17414,15:54:04.011,2015,-0.0159,1.6238
17415,15:54:04.012,2012,-0.0173,1.6214
17416,15:54:04.012,2012,-0.0173,1.6214
17417,15:54:04.013,2012,-0.0173,1.6214
17418,15:54:04.013,2016,-0.0154,1.6246
17419,15:54:04.014,2016,-0.0154,1.6246
17420,15:54:04.014,2019,-0.0139,1.6270
17421,15:54:04.015,2022,-0.0125,1.6295
17422,15:54:04.015,2023,-0.0120,1.6303
17423,15:54:04.016,2021,-0.0129,1.6286
17424,15:54:04.016,2027,-0.0100,1.6335
17425,15:54:04.017,2029,-0.0090,1.6351
17426,15:54:04.017,2032,-0.0076,1.6375
17427,15:54:04.018,2028,-0.0095,1.6343
17428,15:54:04.018,2027,-0.0100,1.6335
17429,15:54:04.019,2032,-0.0076,1.6375
17430,15:54:04.019,2030,-0.0085,1.6359
17431,15:54:04.020,2031,-0.0081,1.6367
17432,15:54:04.020,2022,-0.0125,1.6295
17433,15:54:04.021,2027,-0.0100,1.6335
17434,15:54:04.021,2020,-0.0134,1.6278
17435,15:54:04.022,2018,-0.0144,1.6262
17436,15:54:04.022,2015,-0.0159,1.6238
17437,15:54:04.023,2015,-0.0159,1.6238
17438,15:54:04.023,2018,-0.0144,1.6262
17439,15:54:04.024,2014,-0.0164,1.6230
17440,15:54:04.024,2016,-0.0154,1.6246
17441,15:54:04.025,2015,-0.0159,1.6238
17442,15:54:04.025,2019,-0.0139,1.6270
17443,15:54:04.026,2017,-0.0149,1.6254
17444,15:54:04.026,2015,-0.0159,1.6238
17445,15:54:04.027,2018,-0.0144,1.6262
17446,15:54:04.027,2023,-0.0120,1.6303
17447,15:54:04.028,2028,-0.0095,1.6343
17448,15:54:04.028,2024,-0.0115,1.6311
17449,15:54:04.029,2025,-0.0110,1.6319
17450,15:54:04.029,2029,-0.0090,1.6351
17451,15:54:04.030,2028,-0.0095,1.6343
17452,15:54:04.030,2033,-0.0071,1.6383
17453,15:54:04.031,2029,-0.0090,1.6351
17454,15:54:04.031,2030,-0.0085,1.6359
17455,15:54:04.032,2029,-0.0090,1.6351
17456,15:54:04.032,2030,-0.0085,1.6359
17457,15:54:04.033,2025,-0.0110,1.6319
17458,15:54:04.033,2025,-0.0110,1.6319
17459,15:54:04.034,2019,-0.0139,1.6270
17460,15:54:04.034,2020,-0.0134,1.6278
17461,15:54:04.035,2016,-0.0154,1.6246
17462,15:54:04.035,2016,-0.0154,1.6246
17463,15:54:04.036,2017,-0.0149,1.6254
17464,15:54:04.036,2014,-0.0164,1.6230
17465,15:54:04.037,2017,-0.0149,1.6254
17466,15:54:04.037,2012,-0.0173,1.6214
17467,15:54:04.038,2015,-0.0159,1.6238
17468,15:54:04.038,2014,-0.0164,1.6230
17469,15:54:04.039,2019,-0.0139,1.6270
17470,15:54:04.039,2021,-0.0129,1.6286
17471,15:54:04.040,2026,-0.0105,1.6327
17472,15:54:04.040,2024,-0.0115,1.6311
17473,15:54:04.041,2030,-0.0085,1.6359
17474,15:54:04.041,2032,-0.0076,1.6375
17475,15:54:04.042,2030,-0.0085,1.6359
17476,15:54:04.042,2031,-0.0081,1.6367
17477,15:54:04.043,2030,-0.0085,1.6359
17478,15:54:04.043,2031,-0.0081,1.6367
17479,15:54:04.044,2029,-0.0090,1.6351
17480,15:54:04.044,2031,-0.0081,1.6367
17481,15:54:04.045,2027,-0.0100,1.6335
17482,15:54:04.045,2025,-0.0110,1.6319
17483,15:54:04.046,2021,-0.0129,1.6286
17484,15:54:04.046,2022,-0.0125,1.6295
17485,15:54:04.047,2018,-0.0144,1.6262
17486,15:54:04.047,2022,-0.0125,1.6295
17487,15:54:04.048,2014,-0.0164,1.6230
17488,15:54:04.048,2013,-0.0168,1.6222
17489,15:54:04.049,2015,-0.0159,1.6238
17490,15:54:04.049,2012,-0.0173,1.6214
17491,15:54:04.050,2014,-0.0164,1.6230
17492,15:54:04.050,2011,-0.0178,1.6206
17493,15:54:04.051,2016,-0.0154,1.6246
17494,15:54:04.051,2015,-0.0159,1.6238
17495,15:54:04.052,2022,-0.0125,1.6295
17496,15:54:04.052,2024,-0.0115,1.6311
17497,15:54:04.053,2023,-0.0120,1.6303
17498,15:54:04.053,2024,-0.0115,1.6311
17499,15:54:04.054,2026,-0.0105,1.6327
17500,15:54:04.054,2028,-0.0095,1.6343
17501,15:54:04.055,2024,-0.0115,1.6311
17502,15:54:04.055,2030,-0.0085,1.6359
17503,15:54:04.056,2029,-0.0090,1.6351
17504,15:54:04.056,2031,-0.0081,1.6367
17505,15:54:04.057,2032,-0.0076,1.6375
17506,15:54:04.057,2029,-0.0090,1.6351
17507,15:54:04.058,2027,-0.0100,1.6335
17508,15:54:04.058,2021,-0.0129,1.6286
17509,15:54:04.059,2021,-0.0129,1.6286
17510,15:54:04.059,2021,-0.0129,1.6286
17511,15:54:04.060,2013,-0.0168,1.6222
17512,15:54:04.060,2020,-0.0134,1.6278
17513,15:54:04.061,2017,-0.0149,1.6254
17514,15:54:04.061,2014,-0.0164,1.6230
17515,15:54:04.062,2012,-0.0173,1.6214
17516,15:54:04.062,2016,-0.0154,1.6246
17517,15:54:04.063,2013,-0.0168,1.6222
17518,15:54:04.063,2013,-0.0168,1.6222
17519,15:54:04.064,2017,-0.0149,1.6254
17520,15:54:04.064,2022,-0.0125,1.6295
17521,15:54:04.065,2022,-0.0125,1.6295
17522,15:54:04.065,2029,-0.0090,1.6351
17523,15:54:04.066,2027,-0.0100,1.6335
17524,15:54:04.066,2030,-0.0085,1.6359
17525,15:54:04.067,2032,-0.0076,1.6375
17526,15:54:04.067,2029,-0.0090,1.6351
17527,15:54:04.068,2031,-0.0081,1.6367
17528,15:54:04.068,2028,-0.0095,1.6343
17529,15:54:04.069,2029,-0.0090,1.6351
17530,15:54:04.069,2030,-0.0085,1.6359
17531,15:54:04.070,2029,-0.0090,1.6351
17532,15:54:04.070,2024,-0.0115,1.6311
17533,15:54:04.071,2024,-0.0115,1.6311
17534,15:54:04.071,2018,-0.0144,1.6262
17535,15:54:04.072,2018,-0.0144,1.6262
17536,15:54:04.072,2018,-0.0144,1.6262
17537,15:54:04.073,2013,-0.0168,1.6222
17538,15:54:04.073,2016,-0.0154,1.6246
17539,15:54:04.074,2015,-0.0159,1.6238
17540,15:54:04.074,2013,-0.0168,1.6222
17541,15:54:04.075,2014,-0.0164,1.6230
17542,15:54:04.075,2013,-0.0168,1.6222
17543,15:54:04.076,2016,-0.0154,1.6246
17544,15:54:04.076,2019,-0.0139,1.6270
17545,15:54:04.077,2016,-0.0154,1.6246
17546,15:54:04.077,2021,-0.0129,1.6286
17547,15:54:04.078,2029,-0.0090,1.6351
17548,15:54:04.078,2029,-0.0090,1.6351
17549,15:54:04.079,2030,-0.0085,1.6359
17550,15:54:04.079,2029,-0.0090,1.6351
17551,15:54:04.080,2029,-0.0090,1.6351
17552,15:54:04.080,2029,-0.0090,1.6351
17553,15:54:04.081,2028,-0.0095,1.6343
17554,15:54:04.081,2026,-0.0105,1.6327
17555,15:54:04.082,2029,-0.0090,1.6351
17556,15:54:04.082,2029,-0.0090,1.6351
17557,15:54:04.083,2026,-0.0105,1.6327
17558,15:54:04.083,2023,-0.0120,1.6303
17559,15:54:04.084,2019,-0.0139,1.6270
17560,15:54:04.084,2020,-0.0134,1.6278
17561,15:54:04.085,2022,-0.0125,1.6295
17562,15:54:04.085,2016,-0.0154,1.6246
17563,15:54:04.086,2016,-0.0154,1.6246
17564,15:54:04.086,2015,-0.0159,1.6238
17565,15:54:04.087,2017,-0.0149,1.6254
17566,15:54:04.087,2013,-0.0168,1.6222
17567,15:54:04.088,2017,-0.0149,1.6254
17568,15:54:04.088,2019,-0.0139,1.6270
17569,15:54:04.089,2018,-0.0144,1.6262
17570,15:54:04.089,2026,-0.0105,1.6327
17571,15:54:04.090,2029,-0.0090,1.6351
17572,15:54:04.090,2029,-0.0090,1.6351
17573,15:54:04.091,2033,-0.0071,1.6383
17574,15:54:04.091,2030,-0.0085,1.6359
17575,15:54:04.092,2027,-0.0100,1.6335
17576,15:54:04.092,2033,-0.0071,1.6383
17577,15:54:04.093,2033,-0.0071,1.6383
17578,15:54:04.093,2028,-0.0095,1.6343
17579,15:54:04.094,2031,-0.0081,1.6367
17580,15:54:04.094,2024,-0.0115,1.6311
17581,15:54:04.095,2027,-0.0100,1.6335
17582,15:54:04.095,2023,-0.0120,1.6303
17583,15:54:04.096,2024,-0.0115,1.6311
17584,15:54:04.096,2022,-0.0125,1.6295
17585,15:54:04.097,2016,-0.0154,1.6246
17586,15:54:04.097,2017,-0.0149,1.6254
17587,15:54:04.098,2017,-0.0149,1.6254
17588,15:54:04.098,2015,-0.0159,1.6238
17589,15:54:04.099,2017,-0.0149,1.6254
17590,15:54:04.099,2010,-0.0183,1.6198
17591,15:54:04.100,2015,-0.0159,1.6238
17592,15:54:04.100,2014,-0.0164,1.6230
17593,15:54:04.101,2016,-0.0154,1.6246
17594,15:54:04.101,2020,-0.0134,1.6278
17595,15:54:04.102,2018,-0.0144,1.6262
17596,15:54:04.102,2022,-0.0125,1.6295
17597,15:54:04.103,2024,-0.0115,1.6311
17598,15:54:04.103,2025,-0.0110,1.6319
17599,15:54:04.104,2027,-0.0100,1.6335
17600,15:54:04.104,2030,-0.0085,1.6359
17601,15:54:04.105,2029,-0.0090,1.6351
17602,15:54:04.105,2029,-0.0090,1.6351
17603,15:54:04.106,2029,-0.0090,1.6351
17604,15:54:04.106,2030,-0.0085,1.6359
17605,15:54:04.107,2031,-0.0081,1.6367
17606,15:54:04.107,2028,-0.0095,1.6343
17607,15:54:04.108,2021,-0.0129,1.6286
17608,15:54:04.108,2019,-0.0139,1.6270
17609,15:54:04.109,2023,-0.0120,1.6303
17610,15:54:04.109,2019,-0.0139,1.6270
17611,15:54:04.110,2018,-0.0144,1.6262
17612,15:54:04.110,2022,-0.0125,1.6295
17613,15:54:04.111,2021,-0.0129,1.6286
17614,15:54:04.111,2015,-0.0159,1.6238
17615,15:54:04.112,2018,-0.0144,1.6262
17616,15:54:04.112,2016,-0.0154,1.6246
17617,15:54:04.113,2018,-0.0144,1.6262
17618,15:54:04.113,2018,-0.0144,1.6262
17619,15:54:04.114,2021,-0.0129,1.6286
17620,15:54:04.114,2021,-0.0129,1.6286
17621,15:54:04.115,2024,-0.0115,1.6311
17622,15:54:04.115,2024,-0.0115,1.6311
17623,15:54:04.116,2030,-0.0085,1.6359
17624,15:54:04.116,2028,-0.0095,1.6343
17625,15:54:04.117,2029,-0.0090,1.6351
17626,15:54:04.117,2032,-0.0076,1.6375
17627,15:54:04.118,2033,-0.0071,1.6383
17628,15:54:04.118,2029,-0.0090,1.6351
17629,15:54:04.119,2027,-0.0100,1.6335
17630,15:54:04.119,2026,-0.0105,1.6327
17631,15:54:04.120,2025,-0.0110,1.6319
17632,15:54:04.120,2023,-0.0120,1.6303
17633,15:54:04.121,2023,-0.0120,1.6303
17634,15:54:04.121,2022,-0.0125,1.6295
17635,15:54:04.122,2013,-0.0168,1.6222
17636,15:54:04.122,2013,-0.0168,1.6222
17637,15:54:04.123,2011,-0.0178,1.6206
17638,15:54:04.123,2013,-0.0168,1.6222
17639,15:54:04.124,2018,-0.0144,1.6262
17640,15:54:04.124,2013,-0.0168,1.6222
17641,15:54:04.125,2014,-0.0164,1.6230
17642,15:54:04.125,2013,-0.0168,1.6222
17643,15:54:04.126,2015,-0.0159,1.6238
17644,15:54:04.126,2020,-0.0134,1.6278
17645,15:54:04.127,2023,-0.0120,1.6303
17646,15:54:04.127,2024,-0.0115,1.6311
17647,15:54:04.128,2027,-0.0100,1.6335
17648,15:54:04.128,2025,-0.0110,1.6319
17649,15:54:04.129,2026,-0.0105,1.6327
17650,15:54:04.129,2035,-0.0061,1.6399
17651,15:54:04.130,2032,-0.0076,1.6375
17652,15:54:04.130,2029,-0.0090,1.6351
17653,15:54:04.131,2033,-0.0071,1.6383
17654,15:54:04.131,2030,-0.0085,1.6359
17655,15:54:04.132,2026,-0.0105,1.6327
17656,15:54:04.132,2028,-0.0095,1.6343
17657,15:54:04.133,2024,-0.0115,1.6311
17658,15:54:04.133,2021,-0.0129,1.6286
17659,15:54:04.134,2016,-0.0154,1.6246
17660,15:54:04.134,2020,-0.0134,1.6278
17661,15:54:04.135,2017,-0.0149,1.6254
17662,15:54:04.135,2018,-0.0144,1.6262
17663,15:54:04.136,2020,-0.0134,1.6278
17664,15:54:04.136,2014,-0.0164,1.6230
17665,15:54:04.137,2015,-0.0159,1.6238
17666,15:54:04.137,2010,-0.0183,1.6198
17667,15:54:04.138,2019,-0.0139,1.6270
17668,15:54:04.138,2020,-0.0134,1.6278
17669,15:54:04.139,2020,-0.0134,1.6278
17670,15:54:04.139,2022,-0.0125,1.6295
17671,15:54:04.140,2026,-0.0105,1.6327
17672,15:54:04.140,2026,-0.0105,1.6327
17673,15:54:04.141,2026,-0.0105,1.6327
17674,15:54:04.141,2028,-0.0095,1.6343
17675,15:54:04.142,2032,-0.0076,1.6375
17676,15:54:04.142,2032,-0.0076,1.6375
17677,15:54:04.143,2032,-0.0076,1.6375
17678,15:54:04.143,2030,-0.0085,1.6359
17679,15:54:04.144,2027,-0.0100,1.6335
17680,15:54:04.144,2026,-0.0105,1.6327
17681,15:54:04.145,2024,-0.0115,1.6311
17682,15:54:04.145,2020,-0.0134,1.6278
17683,15:54:04.146,2020,-0.0134,1.6278
17684,15:54:04.146,2023,-0.0120,1.6303
17685,15:54:04.147,2021,-0.0129,1.6286
17686,15:54:04.147,2022,-0.0125,1.6295
17687,15:54:04.148,2015,-0.0159,1.6238
17688,15:54:04.148,2013,-0.0168,1.6222
17689,15:54:04.149,2014,-0.0164,1.6230
17690,15:54:04.149,2013,-0.0168,1.6222
17691,15:54:04.150,2014,-0.0164,1.6230
17692,15:54:04.150,2015,-0.0159,1.6238
17693,15:54:04.151,2018,-0.0144,1.6262
17694,15:54:04.151,2015,-0.0159,1.6238
17695,15:54:04.152,2020,-0.0134,1.6278
17696,15:54:04.152,2018,-0.0144,1.6262
17697,15:54:04.153,2023,-0.0120,1.6303
17698,15:54:04.153,2028,-0.0095,1.6343
17699,15:54:04.154,2030,-0.0085,1.6359
17700,15:54:04.154,2029,-0.0090,1.6351
17701,15:54:04.155,2030,-0.0085,1.6359
17702,15:54:04.155,2032,-0.0076,1.6375
17703,15:54:04.156,2029,-0.0090,1.6351
17704,15:54:04.156,2029,-0.0090,1.6351
17705,15:54:04.157,2027,-0.0100,1.6335
17706,15:54:04.157,2024,-0.0115,1.6311
17707,15:54:04.158,2025,-0.0110,1.6319
17708,15:54:04.158,2021,-0.0129,1.6286
17709,15:54:04.159,2019,-0.0139,1.6270
17710,15:54:04.159,2017,-0.0149,1.6254
17711,15:54:04.160,2020,-0.0134,1.6278
17712,15:54:04.160,2015,-0.0159,1.6238
17713,15:54:04.161,2015,-0.0159,1.6238
17714,15:54:04.161,2013,-0.0168,1.6222
17715,15:54:04.162,2011,-0.0178,1.6206
17716,15:54:04.162,2016,-0.0154,1.6246
17717,15:54:04.163,2015,-0.0159,1.6238
17718,15:54:04.163,2022,-0.0125,1.6295
17719,15:54:04.164,2021,-0.0129,1.6286
17720,15:54:04.164,2025,-0.0110,1.6319
17721,15:54:04.165,2024,-0.0115,1.6311
17722,15:54:04.165,2024,-0.0115,1.6311
17723,15:54:04.166,2023,-0.0120,1.6303
17724,15:54:04.166,2030,-0.0085,1.6359
17725,15:54:04.167,2031,-0.0081,1.6367
17726,15:54:04.167,2029,-0.0090,1.6351
17727,15:54:04.168,2031,-0.0081,1.6367
17728,15:54:04.168,2027,-0.0100,1.6335
17729,15:54:04.169,2026,-0.0105,1.6327
17730,15:54:04.169,2030,-0.0085,1.6359
17731,15:54:04.170,2024,-0.0115,1.6311
17732,15:54:04.170,2024,-0.0115,1.6311
17733,15:54:04.171,2015,-0.0159,1.6238
17734,15:54:04.171,2021,-0.0129,1.6286
17735,15:54:04.172,2017,-0.0149,1.6254
17736,15:54:04.172,2013,-0.0168,1.6222
17737,15:54:04.173,2017,-0.0149,1.6254
17738,15:54:04.173,2016,-0.0154,1.6246
17739,15:54:04.174,2014,-0.0164,1.6230
17740,15:54:04.174,2013,-0.0168,1.6222
17741,15:54:04.175,2014,-0.0164,1.6230
17742,15:54:04.175,2017,-0.0149,1.6254
17743,15:54:04.176,2019,-0.0139,1.6270
17744,15:54:04.176,2018,-0.0144,1.6262
17745,15:54:04.177,2023,-0.0120,1.6303
17746,15:54:04.177,2023,-0.0120,1.6303
17747,15:54:04.178,2026,-0.0105,1.6327
17748,15:54:04.178,2026,-0.0105,1.6327
17749,15:54:04.179,2031,-0.0081,1.6367
17750,15:54:04.179,2029,-0.0090,1.6351
17751,15:54:04.180,2030,-0.0085,1.6359
17752,15:54:04.180,2033,-0.0071,1.6383
17753,15:54:04.181,2026,-0.0105,1.6327
17754,15:54:04.181,2029,-0.0090,1.6351
17755,15:54:04.182,2027,-0.0100,1.6335
17756,15:54:04.182,2028,-0.0095,1.6343
17757,15:54:04.183,2023,-0.0120,1.6303
17758,15:54:04.183,2017,-0.0149,1.6254
17759,15:54:04.184,2023,-0.0120,1.6303
17760,15:54:04.184,2016,-0.0154,1.6246
17761,15:54:04.185,2022,-0.0125,1.6295
17762,15:54:04.185,2017,-0.0149,1.6254
17763,15:54:04.186,2014,-0.0164,1.6230
17764,15:54:04.186,2016,-0.0154,1.6246
17765,15:54:04.187,2017,-0.0149,1.6254
17766,15:54:04.187,2013,-0.0168,1.6222
17767,15:54:04.188,2014,-0.0164,1.6230
17768,15:54:04.188,2019,-0.0139,1.6270
17769,15:54:04.189,2019,-0.0139,1.6270
17770,15:54:04.189,2022,-0.0125,1.6295
17771,15:54:04.190,2027,-0.0100,1.6335
17772,15:54:04.190,2028,-0.0095,1.6343
17773,15:54:04.191,2029,-0.0090,1.6351
17774,15:54:04.191,2028,-0.0095,1.6343
17775,15:54:04.192,2032,-0.0076,1.6375
17776,15:54:04.192,2036,-0.0056,1.6407
17777,15:54:04.193,2030,-0.0085,1.6359
17778,15:54:04.193,2028,-0.0095,1.6343
17779,15:54:04.194,2023,-0.0120,1.6303
17780,15:54:04.194,2026,-0.0105,1.6327
17781,15:54:04.195,2027,-0.0100,1.6335
17782,15:54:04.195,2028,-0.0095,1.6343
17783,15:54:04.196,2021,-0.0129,1.6286
17784,15:54:04.196,2015,-0.0159,1.6238
17785,15:54:04.197,2016,-0.0154,1.6246
17786,15:54:04.197,2015,-0.0159,1.6238
17787,15:54:04.198,2019,-0.0139,1.6270
17788,15:54:04.198,2014,-0.0164,1.6230
17789,15:54:04.199,2014,-0.0164,1.6230
17790,15:54:04.199,2013,-0.0168,1.6222
17791,15:54:04.200,2016,-0.0154,1.6246
17792,15:54:04.200,2016,-0.0154,1.6246
17793,15:54:04.201,2014,-0.0164,1.6230
17794,15:54:04.201,2026,-0.0105,1.6327
17795,15:54:04.202,2019,-0.0139,1.6270
17796,15:54:04.202,2023,-0.0120,1.6303
17797,15:54:04.203,2024,-0.0115,1.6311
17798,15:54:04.203,2030,-0.0085,1.6359
17799,15:54:04.204,2030,-0.0085,1.6359
17800,15:54:04.204,2028,-0.0095,1.6343
17801,15:54:04.205,2026,-0.0105,1.6327
17802,15:54:04.205,2030,-0.0085,1.6359
17803,15:54:04.206,2028,-0.0095,1.6343
17804,15:54:04.206,2023,-0.0120,1.6303
17805,15:54:04.207,2025,-0.0110,1.6319
17806,15:54:04.207,2025,-0.0110,1.6319
17807,15:54:04.208,2020,-0.0134,1.6278
17808,15:54:04.208,2024,-0.0115,1.6311
17809,15:54:04.209,2017,-0.0149,1.6254
17810,15:54:04.209,2016,-0.0154,1.6246
17811,15:54:04.210,2016,-0.0154,1.6246
17812,15:54:04.210,2016,-0.0154,1.6246
17813,15:54:04.211,2014,-0.0164,1.6230
17814,15:54:04.211,2013,-0.0168,1.6222
17815,15:54:04.212,2015,-0.0159,1.6238
17816,15:54:04.212,2014,-0.0164,1.6230
17817,15:54:04.213,2018,-0.0144,1.6262
17818,15:54:04.213,2019,-0.0139,1.6270
17819,15:54:04.214,2016,-0.0154,1.6246
17820,15:54:04.214,2025,-0.0110,1.6319
17821,15:54:04.215,2024,-0.0115,1.6311
17822,15:54:04.215,2028,-0.0095,1.6343
17823,15:54:04.216,2028,-0.0095,1.6343
17824,15:54:04.216,2027,-0.0100,1.6335
17825,15:54:04.217,2029,-0.0090,1.6351
17826,15:54:04.217,2033,-0.0071,1.6383
17827,15:54:04.218,2028,-0.0095,1.6343
17828,15:54:04.218,2030,-0.0085,1.6359
17829,15:54:04.219,2025,-0.0110,1.6319
17830,15:54:04.219,2029,-0.0090,1.6351
17831,15:54:04.220,2024,-0.0115,1.6311
17832,15:54:04.220,2023,-0.0120,1.6303
17833,15:54:04.221,2020,-0.0134,1.6278
17834,15:54:04.221,2017,-0.0149,1.6254
17835,15:54:04.222,2015,-0.0159,1.6238
17836,15:54:04.222,2016,-0.0154,1.6246
17837,15:54:04.223,2018,-0.0144,1.6262
17838,15:54:04.223,2013,-0.0168,1.6222
17839,15:54:04.224,2011,-0.0178,1.6206
17840,15:54:04.224,2011,-0.0178,1.6206
17841,15:54:04.225,2012,-0.0173,1.6214
17842,15:54:04.225,2015,-0.0159,1.6238
17843,15:54:04.226,2019,-0.0139,1.6270
17844,15:54:04.226,2019,-0.0139,1.6270
17845,15:54:04.227,2024,-0.0115,1.6311
17846,15:54:04.227,2023,-0.0120,1.6303
17847,15:54:04.228,2025,-0.0110,1.6319
17848,15:54:04.228,2029,-0.0090,1.6351
17849,15:54:04.229,2027,-0.0100,1.6335
17850,15:54:04.229,2027,-0.0100,1.6335
17851,15:54:04.230,2031,-0.0081,1.6367
17852,15:54:04.230,2033,-0.0071,1.6383
17853,15:54:04.231,2029,-0.0090,1.6351
17854,15:54:04.231,2028,-0.0095,1.6343
17855,15:54:04.232,2025,-0.0110,1.6319
17856,15:54:04.232,2023,-0.0120,1.6303
17857,15:54:04.233,2022,-0.0125,1.6295
17858,15:54:04.233,2022,-0.0125,1.6295
17859,15:54:04.234,2021,-0.0129,1.6286
17860,15:54:04.234,2019,-0.0139,1.6270
17861,15:54:04.235,2018,-0.0144,1.6262
17862,15:54:04.235,2016,-0.0154,1.6246
17863,15:54:04.236,2017,-0.0149,1.6254
17864,15:54:04.236,2012,-0.0173,1.6214
17865,15:54:04.237,2008,-0.0193,1.6182
17866,15:54:04.237,2011,-0.0178,1.6206
17867,15:54:04.238,2017,-0.0149,1.6254
17868,15:54:04.238,2018,-0.0144,1.6262
17869,15:54:04.239,2020,-0.0134,1.6278
17870,15:54:04.239,2022,-0.0125,1.6295
17871,15:54:04.240,2023,-0.0120,1.6303
17872,15:54:04.240,2026,-0.0105,1.6327
17873,15:54:04.241,2027,-0.0100,1.6335
17874,15:54:04.241,2031,-0.0081,1.6367
17875,15:54:04.242,2029,-0.0090,1.6351
17876,15:54:04.242,2030,-0.0085,1.6359
17877,15:54:04.243,2035,-0.0061,1.6399
17878,15:54:04.243,2032,-0.0076,1.6375
17879,15:54:04.244,2029,-0.0090,1.6351
17880,15:54:04.244,2025,-0.0110,1.6319
17881,15:54:04.245,2025,-0.0110,1.6319
17882,15:54:04.245,2024,-0.0115,1.6311
17883,15:54:04.246,2023,-0.0120,1.6303
17884,15:54:04.246,2017,-0.0149,1.6254
17885,15:54:04.247,2017,-0.0149,1.6254
17886,15:54:04.247,2018,-0.0144,1.6262
17887,15:54:04.248,2015,-0.0159,1.6238
17888,15:54:04.248,2014,-0.0164,1.6230
17889,15:54:04.249,2016,-0.0154,1.6246
17890,15:54:04.249,2015,-0.0159,1.6238
17891,15:54:04.250,2016,-0.0154,1.6246
17892,15:54:04.250,2017,-0.0149,1.6254
17893,15:54:04.251,2018,-0.0144,1.6262
17894,15:54:04.251,2019,-0.0139,1.6270
17895,15:54:04.252,2027,-0.0100,1.6335
17896,15:54:04.252,2022,-0.0125,1.6295
17897,15:54:04.253,2024,-0.0115,1.6311
17898,15:54:04.253,2027,-0.0100,1.6335
17899,15:54:04.254,2027,-0.0100,1.6335
17900,15:54:04.254,2027,-0.0100,1.6335
17901,15:54:04.255,2030,-0.0085,1.6359
17902,15:54:04.255,2028,-0.0095,1.6343
17903,15:54:04.256,2028,-0.0095,1.6343
17904,15:54:04.256,2029,-0.0090,1.6351
17905,15:54:04.257,2024,-0.0115,1.6311
17906,15:54:04.257,2023,-0.0120,1.6303
17907,15:54:04.258,2023,-0.0120,1.6303
17908,15:54:04.258,2018,-0.0144,1.6262
17909,15:54:04.259,2016,-0.0154,1.6246
17910,15:54:04.259,2018,-0.0144,1.6262
17911,15:54:04.260,2015,-0.0159,1.6238
17912,15:54:04.260,2017,-0.0149,1.6254
17913,15:54:04.261,2017,-0.0149,1.6254
17914,15:54:04.261,2013,-0.0168,1.6222
17915,15:54:04.262,2013,-0.0168,1.6222
17916,15:54:04.262,2014,-0.0164,1.6230
17917,15:54:04.263,2017,-0.0149,1.6254
17918,15:54:04.263,2019,-0.0139,1.6270
17919,15:54:04.264,2025,-0.0110,1.6319
17920,15:54:04.264,2024,-0.0115,1.6311
17921,15:54:04.265,2025,-0.0110,1.6319
17922,15:54:04.265,2026,-0.0105,1.6327
17923,15:54:04.266,2030,-0.0085,1.6359
17924,15:54:04.266,2032,-0.0076,1.6375
17925,15:54:04.267,2029,-0.0090,1.6351
17926,15:54:04.267,2030,-0.0085,1.6359
17927,15:54:04.268,2037,-0.0051,1.6415
17928,15:54:04.268,2028,-0.0095,1.6343
17929,15:54:04.269,2030,-0.0085,1.6359
17930,15:54:04.269,2026,-0.0105,1.6327
17931,15:54:04.270,2028,-0.0095,1.6343
17932,15:54:04.270,2023,-0.0120,1.6303
17933,15:54:04.271,2020,-0.0134,1.6278
17934,15:54:04.271,2017,-0.0149,1.6254
17935,15:54:04.272,2016,-0.0154,1.6246
17936,15:54:04.272,2019,-0.0139,1.6270
17937,15:54:04.273,2017,-0.0149,1.6254
17938,15:54:04.273,2018,-0.0144,1.6262
17939,15:54:04.274,2013,-0.0168,1.6222
17940,15:54:04.274,2015,-0.0159,1.6238
17941,15:54:04.275,2014,-0.0164,1.6230
17942,15:54:04.275,2016,-0.0154,1.6246
17943,15:54:04.276,2017,-0.0149,1.6254
17944,15:54:04.276,2023,-0.0120,1.6303
17945,15:54:04.277,2021,-0.0129,1.6286
17946,15:54:04.277,2022,-0.0125,1.6295
17947,15:54:04.278,2028,-0.0095,1.6343
17948,15:54:04.278,2027,-0.0100,1.6335
17949,15:54:04.279,2028,-0.0095,1.6343
17950,15:54:04.279,2036,-0.0056,1.6407
17951,15:54:04.280,2030,-0.0085,1.6359
17952,15:54:04.280,2032,-0.0076,1.6375
17953,15:54:04.281,2027,-0.0100,1.6335
17954,15:54:04.281,2031,-0.0081,1.6367
17955,15:54:04.282,2025,-0.0110,1.6319
17956,15:54:04.282,2026,-0.0105,1.6327
17957,15:54:04.283,2022,-0.0125,1.6295
17958,15:54:04.283,2019,-0.0139,1.6270
17959,15:54:04.284,2020,-0.0134,1.6278
17960,15:54:04.284,2019,-0.0139,1.6270
17961,15:54:04.285,2015,-0.0159,1.6238
17962,15:54:04.285,2018,-0.0144,1.6262
17963,15:54:04.286,2017,-0.0149,1.6254
17964,15:54:04.286,2020,-0.0134,1.6278
17965,15:54:04.287,2011,-0.0178,1.6206
17966,15:54:04.287,2017,-0.0149,1.6254
17967,15:54:04.288,2016,-0.0154,1.6246
17968,15:54:04.288,2021,-0.0129,1.6286
17969,15:54:04.289,2026,-0.0105,1.6327
17970,15:54:04.289,2024,-0.0115,1.6311
17971,15:54:04.290,2022,-0.0125,1.6295
17972,15:54:04.290,2025,-0.0110,1.6319
17973,15:54:04.291,2028,-0.0095,1.6343
17974,15:54:04.291,2027,-0.0100,1.6335
17975,15:54:04.292,2029,-0.0090,1.6351
17976,15:54:04.292,2031,-0.0081,1.6367
17977,15:54:04.293,2030,-0.0085,1.6359
17978,15:54:04.293,2030,-0.0085,1.6359
17979,15:54:04.294,2032,-0.0076,1.6375
17980,15:54:04.294,2025,-0.0110,1.6319
17981,15:54:04.295,2027,-0.0100,1.6335
17982,15:54:04.295,2024,-0.0115,1.6311
17983,15:54:04.296,2020,-0.0134,1.6278
17984,15:54:04.296,2019,-0.0139,1.6270
17985,15:54:04.297,2013,-0.0168,1.6222
17986,15:54:04.297,2016,-0.0154,1.6246
17987,15:54:04.298,2017,-0.0149,1.6254
17988,15:54:04.298,2014,-0.0164,1.6230
17989,15:54:04.299,2013,-0.0168,1.6222
17990,15:54:04.299,2016,-0.0154,1.6246
17991,15:54:04.300,2011,-0.0178,1.6206
17992,15:54:04.300,2019,-0.0139,1.6270
17993,15:54:04.301,2017,-0.0149,1.6254
17994,15:54:04.301,2020,-0.0134,1.6278
17995,15:54:04.302,2023,-0.0120,1.6303
17996,15:54:04.302,2026,-0.0105,1.6327
17997,15:54:04.303,2024,-0.0115,1.6311
17998,15:54:04.303,2030,-0.0085,1.6359
17999,15:54:04.304,2028,-0.0095,1.6343
18000,15:54:04.304,2031,-0.0081,1.6367
18001,15:54:04.305,2032,-0.0076,1.6375
18002,15:54:04.305,2027,-0.0100,1.6335
18003,15:54:04.306,2027,-0.0100,1.6335
18004,15:54:04.306,2024,-0.0115,1.6311
18005,15:54:04.307,2027,-0.0100,1.6335
18006,15:54:04.307,2021,-0.0129,1.6286
18007,15:54:04.308,2022,-0.0125,1.6295
18008,15:54:04.308,2017,-0.0149,1.6254
18009,15:54:04.309,2025,-0.0110,1.6319
18010,15:54:04.309,2016,-0.0154,1.6246
18011,15:54:04.310,2018,-0.0144,1.6262
18012,15:54:04.310,2018,-0.0144,1.6262
18013,15:54:04.311,2015,-0.0159,1.6238
18014,15:54:04.311,2014,-0.0164,1.6230
18015,15:54:04.312,2013,-0.0168,1.6222
18016,15:54:04.312,2017,-0.0149,1.6254
18017,15:54:04.313,2020,-0.0134,1.6278
18018,15:54:04.313,2020,-0.0134,1.6278
18019,15:54:04.314,2021,-0.0129,1.6286
18020,15:54:04.314,2021,-0.0129,1.6286
18021,15:54:04.315,2028,-0.0095,1.6343
18022,15:54:04.315,2030,-0.0085,1.6359
18023,15:54:04.316,2030,-0.0085,1.6359
18024,15:54:04.316,2034,-0.0066,1.6391
18025,15:54:04.317,2033,-0.0071,1.6383
18026,15:54:04.317,2032,-0.0076,1.6375
18027,15:54:04.318,2029,-0.0090,1.6351
18028,15:54:04.318,2035,-0.0061,1.6399
18029,15:54:04.319,2033,-0.0071,1.6383
18030,15:54:04.319,2027,-0.0100,1.6335
18031,15:54:04.320,2024,-0.0115,1.6311
18032,15:54:04.320,2025,-0.0110,1.6319
18033,15:54:04.321,2014,-0.0164,1.6230
18034,15:54:04.321,2019,-0.0139,1.6270
18035,15:54:04.322,2018,-0.0144,1.6262
18036,15:54:04.322,2016,-0.0154,1.6246
18037,15:54:04.323,2017,-0.0149,1.6254
18038,15:54:04.323,2016,-0.0154,1.6246
18039,15:54:04.324,2014,-0.0164,1.6230
18040,15:54:04.324,2016,-0.0154,1.6246
18041,15:54:04.325,2018,-0.0144,1.6262
18042,15:54:04.325,2020,-0.0134,1.6278
18043,15:54:04.326,2023,-0.0120,1.6303
18044,15:54:04.326,2024,-0.0115,1.6311
18045,15:54:04.327,2024,-0.0115,1.6311
18046,15:54:04.327,2026,-0.0105,1.6327
18047,15:54:04.328,2024,-0.0115,1.6311
18048,15:54:04.328,2027,-0.0100,1.6335
18049,15:54:04.329,2029,-0.0090,1.6351
18050,15:54:04.329,2033,-0.0071,1.6383
18051,15:54:04.330,2031,-0.0081,1.6367
18052,15:54:04.330,2029,-0.0090,1.6351
18053,15:54:04.331,2024,-0.0115,1.6311
18054,15:54:04.331,2025,-0.0110,1.6319
18055,15:54:04.332,2023,-0.0120,1.6303
18056,15:54:04.332,2024,-0.0115,1.6311
18057,15:54:04.333,2018,-0.0144,1.6262
18058,15:54:04.333,2022,-0.0125,1.6295
18059,15:54:04.334,2016,-0.0154,1.6246
18060,15:54:04.334,2017,-0.0149,1.6254
18061,15:54:04.335,2016,-0.0154,1.6246
18062,15:54:04.335,2018,-0.0144,1.6262
18063,15:54:04.336,2013,-0.0168,1.6222
18064,15:54:04.336,2020,-0.0134,1.6278
18065,15:54:04.337,2014,-0.0164,1.6230
18066,15:54:04.337,2018,-0.0144,1.6262
18067,15:54:04.338,2018,-0.0144,1.6262
18068,15:54:04.338,2020,-0.0134,1.6278
18069,15:54:04.339,2025,-0.0110,1.6319
18070,15:54:04.339,2025,-0.0110,1.6319
18071,15:54:04.340,2022,-0.0125,1.6295
18072,15:54:04.340,2028,-0.0095,1.6343
18073,15:54:04.341,2027,-0.0100,1.6335
18074,15:54:04.341,2028,-0.0095,1.6343
18075,15:54:04.342,2033,-0.0071,1.6383
18076,15:54:04.342,2030,-0.0085,1.6359
18077,15:54:04.343,2031,-0.0081,1.6367
18078,15:54:04.343,2028,-0.0095,1.6343
18079,15:54:04.344,2030,-0.0085,1.6359
18080,15:54:04.344,2029,-0.0090,1.6351
18081,15:54:04.345,2024,-0.0115,1.6311
18082,15:54:04.345,2028,-0.0095,1.6343
18083,15:54:04.346,2023,-0.0120,1.6303
18084,15:54:04.346,2020,-0.0134,1.6278
18085,15:54:04.347,2016,-0.0154,1.6246
18086,15:54:04.347,2016,-0.0154,1.6246
18087,15:54:04.348,2014,-0.0164,1.6230
18088,15:54:04.348,2014,-0.0164,1.6230
18089,15:54:04.349,2012,-0.0173,1.6214
18090,15:54:04.349,2015,-0.0159,1.6238
18091,15:54:04.350,2018,-0.0144,1.6262
18092,15:54:04.350,2016,-0.0154,1.6246
18093,15:54:04.351,2022,-0.0125,1.6295
18094,15:54:04.351,2023,-0.0120,1.6303
18095,15:54:04.352,2023,-0.0120,1.6303
18096,15:54:04.352,2024,-0.0115,1.6311
18097,15:54:04.353,2025,-0.0110,1.6319
18098,15:54:04.353,2032,-0.0076,1.6375
18099,15:54:04.354,2032,-0.0076,1.6375
18100,15:54:04.354,2031,-0.0081,1.6367
18101,15:54:04.355,2031,-0.0081,1.6367
18102,15:54:04.355,2030,-0.0085,1.6359
18103,15:54:04.356,2026,-0.0105,1.6327
18104,15:54:04.356,2030,-0.0085,1.6359
18105,15:54:04.357,2024,-0.0115,1.6311
18106,15:54:04.357,2021,-0.0129,1.6286
18107,15:54:04.358,2020,-0.0134,1.6278
18108,15:54:04.358,2019,-0.0139,1.6270
18109,15:54:04.359,2017,-0.0149,1.6254
18110,15:54:04.359,2019,-0.0139,1.6270
18111,15:54:04.360,2012,-0.0173,1.6214
18112,15:54:04.360,2012,-0.0173,1.6214
18113,15:54:04.361,2012,-0.0173,1.6214
18114,15:54:04.361,2012,-0.0173,1.6214
18115,15:54:04.362,2016,-0.0154,1.6246
18116,15:54:04.362,2014,-0.0164,1.6230
18117,15:54:04.363,2018,-0.0144,1.6262
18118,15:54:04.363,2019,-0.0139,1.6270
18119,15:54:04.364,2023,-0.0120,1.6303
18120,15:54:04.364,2023,-0.0120,1.6303
18121,15:54:04.365,2028,-0.0095,1.6343
18122,15:54:04.365,2029,-0.0090,1.6351
18123,15:54:04.366,2028,-0.0095,1.6343
18124,15:54:04.366,2031,-0.0081,1.6367
18125,15:54:04.367,2033,-0.0071,1.6383
18126,15:54:04.367,2029,-0.0090,1.6351
18127,15:54:04.368,2029,-0.0090,1.6351
18128,15:54:04.368,2027,-0.0100,1.6335
18129,15:54:04.369,2032,-0.0076,1.6375
18130,15:54:04.369,2027,-0.0100,1.6335
18131,15:54:04.370,2025,-0.0110,1.6319
18132,15:54:04.370,2023,-0.0120,1.6303
18133,15:54:04.371,2023,-0.0120,1.6303
18134,15:54:04.371,2019,-0.0139,1.6270
18135,15:54:04.372,2017,-0.0149,1.6254
18136,15:54:04.372,2014,-0.0164,1.6230
18137,15:54:04.373,2013,-0.0168,1.6222
18138,15:54:04.373,2013,-0.0168,1.6222
18139,15:54:04.374,2013,-0.0168,1.6222
18140,15:54:04.374,2016,-0.0154,1.6246
18141,15:54:04.375,2016,-0.0154,1.6246
18142,15:54:04.375,2018,-0.0144,1.6262
18143,15:54:04.376,2016,-0.0154,1.6246
18144,15:54:04.376,2022,-0.0125,1.6295
18145,15:54:04.377,2028,-0.0095,1.6343
18146,15:54:04.377,2025,-0.0110,1.6319
18147,15:54:04.378,2027,-0.0100,1.6335
18148,15:54:04.378,2027,-0.0100,1.6335
18149,15:54:04.379,2031,-0.0081,1.6367
18150,15:54:04.379,2031,-0.0081,1.6367
18151,15:54:04.380,2031,-0.0081,1.6367
18152,15:54:04.380,2032,-0.0076,1.6375
18153,15:54:04.381,2027,-0.0100,1.6335
18154,15:54:04.381,2027,-0.0100,1.6335
18155,15:54:04.382,2023,-0.0120,1.6303
18156,15:54:04.382,2024,-0.0115,1.6311
18157,15:54:04.383,2019,-0.0139,1.6270
18158,15:54:04.383,2018,-0.0144,1.6262
18159,15:54:04.384,2017,-0.0149,1.6254
18160,15:54:04.384,2016,-0.0154,1.6246
18161,15:54:04.385,2019,-0.0139,1.6270
18162,15:54:04.385,2013,-0.0168,1.6222
18163,15:54:04.386,2013,-0.0168,1.6222
18164,15:54:04.386,2016,-0.0154,1.6246
18165,15:54:04.387,2019,-0.0139,1.6270
18166,15:54:04.387,2018,-0.0144,1.6262
18167,15:54:04.388,2020,-0.0134,1.6278
18168,15:54:04.388,2019,-0.0139,1.6270
18169,15:54:04.389,2023,-0.0120,1.6303
18170,15:54:04.389,2024,-0.0115,1.6311
18171,15:54:04.390,2025,-0.0110,1.6319
18172,15:54:04.390,2028,-0.0095,1.6343
18173,15:54:04.391,2032,-0.0076,1.6375
18174,15:54:04.391,2032,-0.0076,1.6375
18175,15:54:04.392,2030,-0.0085,1.6359
18176,15:54:04.392,2030,-0.0085,1.6359
18177,15:54:04.393,2028,-0.0095,1.6343
18178,15:54:04.393,2030,-0.0085,1.6359
18179,15:54:04.394,2024,-0.0115,1.6311
18180,15:54:04.394,2021,-0.0129,1.6286
18181,15:54:04.395,2026,-0.0105,1.6327
18182,15:54:04.395,2022,-0.0125,1.6295
18183,15:54:04.396,2021,-0.0129,1.6286
18184,15:54:04.396,2020,-0.0134,1.6278
18185,15:54:04.397,2017,-0.0149,1.6254
18186,15:54:04.397,2018,-0.0144,1.6262
18187,15:54:04.398,2013,-0.0168,1.6222
18188,15:54:04.398,2012,-0.0173,1.6214
18189,15:54:04.399,2014,-0.0164,1.6230
18190,15:54:04.399,2013,-0.0168,1.6222
18191,15:54:04.400,2016,-0.0154,1.6246
18192,15:54:04.400,2018,-0.0144,1.6262
18193,15:54:04.401,2023,-0.0120,1.6303
18194,15:54:04.401,2021,-0.0129,1.6286
18195,15:54:04.402,2022,-0.0125,1.6295
18196,15:54:04.402,2025,-0.0110,1.6319
18197,15:54:04.403,2028,-0.0095,1.6343
18198,15:54:04.403,2027,-0.0100,1.6335
18199,15:54:04.404,2033,-0.0071,1.6383
18200,15:54:04.404,2029,-0.0090,1.6351
18201,15:54:04.405,2028,-0.0095,1.6343
18202,15:54:04.405,2032,-0.0076,1.6375
18203,15:54:04.406,2036,-0.0056,1.6407
18204,15:54:04.406,2026,-0.0105,1.6327
18205,15:54:04.407,2023,-0.0120,1.6303
18206,15:54:04.407,2025,-0.0110,1.6319
18207,15:54:04.408,2026,-0.0105,1.6327
18208,15:54:04.408,2018,-0.0144,1.6262
18209,15:54:04.409,2016,-0.0154,1.6246
18210,15:54:04.409,2019,-0.0139,1.6270
18211,15:54:04.410,2021,-0.0129,1.6286
18212,15:54:04.410,2012,-0.0173,1.6214
18213,15:54:04.411,2014,-0.0164,1.6230
18214,15:54:04.411,2015,-0.0159,1.6238
18215,15:54:04.412,2016,-0.0154,1.6246
18216,15:54:04.412,2015,-0.0159,1.6238
18217,15:54:04.413,2017,-0.0149,1.6254
18218,15:54:04.413,2023,-0.0120,1.6303
18219,15:54:04.414,2027,-0.0100,1.6335
18220,15:54:04.414,2026,-0.0105,1.6327
18221,15:54:04.415,2029,-0.0090,1.6351
18222,15:54:04.415,2030,-0.0085,1.6359
18223,15:54:04.416,2031,-0.0081,1.6367
18224,15:54:04.416,2036,-0.0056,1.6407
18225,15:54:04.417,2030,-0.0085,1.6359
18226,15:54:04.417,2030,-0.0085,1.6359
18227,15:54:04.418,2031,-0.0081,1.6367
18228,15:54:04.418,2031,-0.0081,1.6367
18229,15:54:04.419,2025,-0.0110,1.6319
18230,15:54:04.419,2024,-0.0115,1.6311
18231,15:54:04.420,2025,-0.0110,1.6319
18232,15:54:04.420,2020,-0.0134,1.6278
18233,15:54:04.421,2020,-0.0134,1.6278
18234,15:54:04.421,2018,-0.0144,1.6262
18235,15:54:04.422,2019,-0.0139,1.6270
18236,15:54:04.422,2016,-0.0154,1.6246
18237,15:54:04.423,2011,-0.0178,1.6206
18238,15:54:04.423,2012,-0.0173,1.6214
18239,15:54:04.424,2011,-0.0178,1.6206
18240,15:54:04.424,2010,-0.0183,1.6198
18241,15:54:04.425,2016,-0.0154,1.6246
18242,15:54:04.425,2017,-0.0149,1.6254
18243,15:54:04.426,2018,-0.0144,1.6262
18244,15:54:04.426,2023,-0.0120,1.6303
18245,15:54:04.427,2026,-0.0105,1.6327
18246,15:54:04.427,2029,-0.0090,1.6351
18247,15:54:04.428,2027,-0.0100,1.6335
18248,15:54:04.428,2027,-0.0100,1.6335
18249,15:54:04.429,2031,-0.0081,1.6367
18250,15:54:04.429,2037,-0.0051,1.6415
18251,15:54:04.430,2031,-0.0081,1.6367
18252,15:54:04.430,2032,-0.0076,1.6375
18253,15:54:04.431,2030,-0.0085,1.6359
18254,15:54:04.431,2025,-0.0110,1.6319
18255,15:54:04.432,2027,-0.0100,1.6335
18256,15:54:04.432,2025,-0.0110,1.6319
18257,15:54:04.433,2020,-0.0134,1.6278
18258,15:54:04.433,2020,-0.0134,1.6278
18259,15:54:04.434,2023,-0.0120,1.6303
18260,15:54:04.434,2021,-0.0129,1.6286
18261,15:54:04.435,2023,-0.0120,1.6303
18262,15:54:04.435,2021,-0.0129,1.6286
18263,15:54:04.436,2017,-0.0149,1.6254
18264,15:54:04.436,2018,-0.0144,1.6262
18265,15:54:04.437,2021,-0.0129,1.6286
18266,15:54:04.437,2019,-0.0139,1.6270
18267,15:54:04.438,2019,-0.0139,1.6270
18268,15:54:04.438,2023,-0.0120,1.6303
18269,15:54:04.439,2022,-0.0125,1.6295
18270,15:54:04.439,2021,-0.0129,1.6286
18271,15:54:04.440,2026,-0.0105,1.6327
18272,15:54:04.440,2025,-0.0110,1.6319
18273,15:54:04.441,2032,-0.0076,1.6375
18274,15:54:04.441,2029,-0.0090,1.6351
18275,15:54:04.442,2029,-0.0090,1.6351
18276,15:54:04.442,2021,-0.0129,1.6286
18277,15:54:04.443,2023,-0.0120,1.6303
18278,15:54:04.443,2022,-0.0125,1.6295
18279,15:54:04.444,2023,-0.0120,1.6303
18280,15:54:04.444,2025,-0.0110,1.6319
18281,15:54:04.445,2016,-0.0154,1.6246
18282,15:54:04.445,2018,-0.0144,1.6262
18283,15:54:04.446,2017,-0.0149,1.6254
18284,15:54:04.446,2015,-0.0159,1.6238
18285,15:54:04.447,2017,-0.0149,1.6254
18286,15:54:04.447,2013,-0.0168,1.6222
18287,15:54:04.448,2016,-0.0154,1.6246
18288,15:54:04.448,2014,-0.0164,1.6230
18289,15:54:04.449,2013,-0.0168,1.6222
18290,15:54:04.449,2013,-0.0168,1.6222
18291,15:54:04.450,2013,-0.0168,1.6222
18292,15:54:04.450,2020,-0.0134,1.6278
18293,15:54:04.451,2022,-0.0125,1.6295
18294,15:54:04.451,2027,-0.0100,1.6335
18295,15:54:04.452,2030,-0.0085,1.6359
18296,15:54:04.452,2027,-0.0100,1.6335
18297,15:54:04.453,2032,-0.0076,1.6375
18298,15:54:04.453,2032,-0.0076,1.6375
18299,15:54:04.454,2034,-0.0066,1.6391
18300,15:54:04.454,2033,-0.0071,1.6383
18301,15:54:04.455,2032,-0.0076,1.6375
18302,15:54:04.455,2033,-0.0071,1.6383
18303,15:54:04.456,2030,-0.0085,1.6359
18304,15:54:04.456,2028,-0.0095,1.6343
18305,15:54:04.457,2025,-0.0110,1.6319
18306,15:54:04.457,2026,-0.0105,1.6327
18307,15:54:04.458,2020,-0.0134,1.6278
18308,15:54:04.458,2019,-0.0139,1.6270
18309,15:54:04.459,2016,-0.0154,1.6246
18310,15:54:04.459,2018,-0.0144,1.6262
18311,15:54:04.460,2017,-0.0149,1.6254
18312,15:54:04.460,2014,-0.0164,1.6230
18313,15:54:04.461,2016,-0.0154,1.6246
18314,15:54:04.461,2013,-0.0168,1.6222
18315,15:54:04.462,2013,-0.0168,1.6222
18316,15:54:04.462,2017,-0.0149,1.6254
18317,15:54:04.463,2019,-0.0139,1.6270
18318,15:54:04.463,2018,-0.0144,1.6262
18319,15:54:04.464,2016,-0.0154,1.6246
18320,15:54:04.464,2021,-0.0129,1.6286
18321,15:54:04.465,2028,-0.0095,1.6343
18322,15:54:04.465,2022,-0.0125,1.6295
18323,15:54:04.466,2030,-0.0085,1.6359
18324,15:54:04.466,2031,-0.0081,1.6367
18325,15:54:04.467,2027,-0.0100,1.6335
18326,15:54:04.467,2030,-0.0085,1.6359
18327,15:54:04.468,2030,-0.0085,1.6359
18328,15:54:04.468,2025,-0.0110,1.6319
18329,15:54:04.469,2025,-0.0110,1.6319
18330,15:54:04.469,2023,-0.0120,1.6303
18331,15:54:04.470,2019,-0.0139,1.6270
18332,15:54:04.470,2020,-0.0134,1.6278
18333,15:54:04.471,2019,-0.0139,1.6270
18334,15:54:04.471,2016,-0.0154,1.6246
18335,15:54:04.472,2017,-0.0149,1.6254
18336,15:54:04.472,2013,-0.0168,1.6222
18337,15:54:04.473,2017,-0.0149,1.6254
18338,15:54:04.473,2013,-0.0168,1.6222
18339,15:54:04.474,2016,-0.0154,1.6246
18340,15:54:04.474,2016,-0.0154,1.6246
18341,15:54:04.475,2020,-0.0134,1.6278
18342,15:54:04.475,2023,-0.0120,1.6303
18343,15:54:04.476,2023,-0.0120,1.6303
18344,15:54:04.476,2023,-0.0120,1.6303
18345,15:54:04.477,2029,-0.0090,1.6351
18346,15:54:04.477,2026,-0.0105,1.6327
18347,15:54:04.478,2031,-0.0081,1.6367
18348,15:54:04.478,2030,-0.0085,1.6359
18349,15:54:04.479,2034,-0.0066,1.6391
18350,15:54:04.479,2034,-0.0066,1.6391
18351,15:54:04.480,2031,-0.0081,1.6367
18352,15:54:04.480,2034,-0.0066,1.6391
18353,15:54:04.481,2030,-0.0085,1.6359
18354,15:54:04.481,2025,-0.0110,1.6319
18355,15:54:04.482,2024,-0.0115,1.6311
18356,15:54:04.482,2024,-0.0115,1.6311
18357,15:54:04.483,2019,-0.0139,1.6270
18358,15:54:04.483,2017,-0.0149,1.6254
18359,15:54:04.484,2021,-0.0129,1.6286
18360,15:54:04.484,2016,-0.0154,1.6246
18361,15:54:04.485,2013,-0.0168,1.6222
18362,15:54:04.485,2011,-0.0178,1.6206
18363,15:54:04.486,2016,-0.0154,1.6246
18364,15:54:04.486,2014,-0.0164,1.6230
18365,15:54:04.487,2013,-0.0168,1.6222
18366,15:54:04.487,2017,-0.0149,1.6254
18367,15:54:04.488,2018,-0.0144,1.6262
18368,15:54:04.488,2022,-0.0125,1.6295
18369,15:54:04.489,2022,-0.0125,1.6295
18370,15:54:04.489,2024,-0.0115,1.6311
18371,15:54:04.490,2027,-0.0100,1.6335
18372,15:54:04.490,2028,-0.0095,1.6343
18373,15:54:04.491,2030,-0.0085,1.6359
18374,15:54:04.491,2033,-0.0071,1.6383
18375,15:54:04.492,2028,-0.0095,1.6343
18376,15:54:04.492,2029,-0.0090,1.6351
18377,15:54:04.493,2028,-0.0095,1.6343
18378,15:54:04.493,2026,-0.0105,1.6327
18379,15:54:04.494,2023,-0.0120,1.6303
18380,15:54:04.494,2019,-0.0139,1.6270
18381,15:54:04.495,2023,-0.0120,1.6303
18382,15:54:04.495,2016,-0.0154,1.6246
18383,15:54:04.496,2018,-0.0144,1.6262
18384,15:54:04.496,2016,-0.0154,1.6246
18385,15:54:04.497,2016,-0.0154,1.6246
18386,15:54:04.497,2015,-0.0159,1.6238
18387,15:54:04.498,2013,-0.0168,1.6222
18388,15:54:04.498,2014,-0.0164,1.6230
18389,15:54:04.499,2013,-0.0168,1.6222
18390,15:54:04.499,2013,-0.0168,1.6222
18391,15:54:04.500,2019,-0.0139,1.6270
18392,15:54:04.500,2021,-0.0129,1.6286
18393,15:54:04.501,2020,-0.0134,1.6278
18394,15:54:04.501,2025,-0.0110,1.6319
18395,15:54:04.502,2024,-0.0115,1.6311
18396,15:54:04.502,2027,-0.0100,1.6335
18397,15:54:04.503,2030,-0.0085,1.6359
18398,15:54:04.503,2032,-0.0076,1.6375
18399,15:54:04.504,2030,-0.0085,1.6359
18400,15:54:04.504,2034,-0.0066,1.6391
18401,15:54:04.505,2032,-0.0076,1.6375
18402,15:54:04.505,2033,-0.0071,1.6383
18403,15:54:04.506,2029,-0.0090,1.6351
18404,15:54:04.506,2030,-0.0085,1.6359
18405,15:54:04.507,2025,-0.0110,1.6319
18406,15:54:04.507,2026,-0.0105,1.6327
18407,15:54:04.508,2018,-0.0144,1.6262
18408,15:54:04.508,2023,-0.0120,1.6303
18409,15:54:04.509,2020,-0.0134,1.6278
18410,15:54:04.509,2021,-0.0129,1.6286
18411,15:54:04.510,2018,-0.0144,1.6262
18412,15:54:04.510,2017,-0.0149,1.6254
18413,15:54:04.511,2016,-0.0154,1.6246
18414,15:54:04.511,2021,-0.0129,1.6286
18415,15:54:04.512,2021,-0.0129,1.6286
18416,15:54:04.512,2023,-0.0120,1.6303
18417,15:54:04.513,2020,-0.0134,1.6278
18418,15:54:04.513,2028,-0.0095,1.6343
18419,15:54:04.514,2025,-0.0110,1.6319
18420,15:54:04.514,2022,-0.0125,1.6295
18421,15:54:04.515,2028,-0.0095,1.6343
18422,15:54:04.515,2026,-0.0105,1.6327
18423,15:54:04.516,2030,-0.0085,1.6359
18424,15:54:04.516,2031,-0.0081,1.6367
18425,15:54:04.517,2030,-0.0085,1.6359
18426,15:54:04.517,2028,-0.0095,1.6343
18427,15:54:04.518,2024,-0.0115,1.6311
18428,15:54:04.518,2024,-0.0115,1.6311
18429,15:54:04.519,2019,-0.0139,1.6270
18430,15:54:04.519,2025,-0.0110,1.6319
18431,15:54:04.520,2021,-0.0129,1.6286
18432,15:54:04.520,2016,-0.0154,1.6246
18433,15:54:04.521,2018,-0.0144,1.6262
18434,15:54:04.521,2014,-0.0164,1.6230
18435,15:54:04.522,2016,-0.0154,1.6246
18436,15:54:04.522,2012,-0.0173,1.6214
18437,15:54:04.523,2014,-0.0164,1.6230
18438,15:54:04.523,2010,-0.0183,1.6198
18439,15:54:04.524,2012,-0.0173,1.6214
18440,15:54:04.524,2015,-0.0159,1.6238
18441,15:54:04.525,2021,-0.0129,1.6286
18442,15:54:04.525,2021,-0.0129,1.6286
18443,15:54:04.526,2025,-0.0110,1.6319
18444,15:54:04.526,2024,-0.0115,1.6311
18445,15:54:04.527,2025,-0.0110,1.6319
18446,15:54:04.527,2029,-0.0090,1.6351
18447,15:54:04.528,2032,-0.0076,1.6375
18448,15:54:04.528,2032,-0.0076,1.6375
18449,15:54:04.529,2034,-0.0066,1.6391
18450,15:54:04.529,2032,-0.0076,1.6375
18451,15:54:04.530,2034,-0.0066,1.6391
18452,15:54:04.530,2029,-0.0090,1.6351
18453,15:54:04.531,2031,-0.0081,1.6367
18454,15:54:04.531,2028,-0.0095,1.6343
18455,15:54:04.532,2025,-0.0110,1.6319
18456,15:54:04.532,2026,-0.0105,1.6327
18457,15:54:04.533,2024,-0.0115,1.6311
18458,15:54:04.533,2018,-0.0144,1.6262
18459,15:54:04.534,2018,-0.0144,1.6262
18460,15:54:04.534,2017,-0.0149,1.6254
18461,15:54:04.535,2017,-0.0149,1.6254
18462,15:54:04.535,2017,-0.0149,1.6254
18463,15:54:04.536,2012,-0.0173,1.6214
18464,15:54:04.536,2011,-0.0178,1.6206
18465,15:54:04.537,2016,-0.0154,1.6246
18466,15:54:04.537,2018,-0.0144,1.6262
18467,15:54:04.538,2020,-0.0134,1.6278
18468,15:54:04.538,2022,-0.0125,1.6295
18469,15:54:04.539,2027,-0.0100,1.6335
18470,15:54:04.539,2027,-0.0100,1.6335
18471,15:54:04.540,2027,-0.0100,1.6335
18472,15:54:04.540,2030,-0.0085,1.6359
18473,15:54:04.541,2028,-0.0095,1.6343
18474,15:54:04.541,2027,-0.0100,1.6335
18475,15:54:04.542,2032,-0.0076,1.6375
18476,15:54:04.542,2030,-0.0085,1.6359
18477,15:54:04.543,2027,-0.0100,1.6335
18478,15:54:04.543,2029,-0.0090,1.6351
18479,15:54:04.544,2023,-0.0120,1.6303
18480,15:54:04.544,2019,-0.0139,1.6270
18481,15:54:04.545,2018,-0.0144,1.6262
18482,15:54:04.545,2016,-0.0154,1.6246
18483,15:54:04.546,2015,-0.0159,1.6238
18484,15:54:04.546,2014,-0.0164,1.6230
18485,15:54:04.547,2014,-0.0164,1.6230
18486,15:54:04.547,2015,-0.0159,1.6238
18487,15:54:04.548,2012,-0.0173,1.6214
18488,15:54:04.548,2011,-0.0178,1.6206
18489,15:54:04.549,2012,-0.0173,1.6214
18490,15:54:04.549,2014,-0.0164,1.6230
18491,15:54:04.550,2021,-0.0129,1.6286
18492,15:54:04.550,2020,-0.0134,1.6278
18493,15:54:04.551,2024,-0.0115,1.6311
18494,15:54:04.551,2021,-0.0129,1.6286
18495,15:54:04.552,2024,-0.0115,1.6311
18496,15:54:04.552,2028,-0.0095,1.6343
18497,15:54:04.553,2032,-0.0076,1.6375
18498,15:54:04.553,2029,-0.0090,1.6351
18499,15:54:04.554,2032,-0.0076,1.6375
18500,15:54:04.554,2030,-0.0085,1.6359
18501,15:54:04.555,2030,-0.0085,1.6359
18502,15:54:04.555,2031,-0.0081,1.6367
18503,15:54:04.556,2030,-0.0085,1.6359
18504,15:54:04.556,2025,-0.0110,1.6319
18505,15:54:04.557,2024,-0.0115,1.6311
18506,15:54:04.557,2022,-0.0125,1.6295
18507,15:54:04.558,2020,-0.0134,1.6278
18508,15:54:04.558,2022,-0.0125,1.6295
18509,15:54:04.559,2017,-0.0149,1.6254
18510,15:54:04.559,2019,-0.0139,1.6270
18511,15:54:04.560,2020,-0.0134,1.6278
18512,15:54:04.560,2015,-0.0159,1.6238
18513,15:54:04.561,2016,-0.0154,1.6246
18514,15:54:04.561,2018,-0.0144,1.6262
18515,15:54:04.562,2016,-0.0154,1.6246
18516,15:54:04.562,2018,-0.0144,1.6262
18517,15:54:04.563,2021,-0.0129,1.6286
18518,15:54:04.563,2024,-0.0115,1.6311
18519,15:54:04.564,2022,-0.0125,1.6295
18520,15:54:04.564,2029,-0.0090,1.6351
18521,15:54:04.565,2029,-0.0090,1.6351
18522,15:54:04.565,2027,-0.0100,1.6335
18523,15:54:04.566,2032,-0.0076,1.6375
18524,15:54:04.566,2028,-0.0095,1.6343
18525,15:54:04.567,2029,-0.0090,1.6351
18526,15:54:04.567,2030,-0.0085,1.6359
18527,15:54:04.568,2032,-0.0076,1.6375
18528,15:54:04.568,2023,-0.0120,1.6303
18529,15:54:04.569,2023,-0.0120,1.6303
18530,15:54:04.569,2021,-0.0129,1.6286
18531,15:54:04.570,2022,-0.0125,1.6295
18532,15:54:04.570,2018,-0.0144,1.6262
18533,15:54:04.571,2018,-0.0144,1.6262
18534,15:54:04.571,2016,-0.0154,1.6246
18535,15:54:04.572,2015,-0.0159,1.6238
18536,15:54:04.572,2017,-0.0149,1.6254
18537,15:54:04.573,2011,-0.0178,1.6206
18538,15:54:04.573,2012,-0.0173,1.6214
18539,15:54:04.574,2015,-0.0159,1.6238
18540,15:54:04.574,2017,-0.0149,1.6254
18541,15:54:04.575,2020,-0.0134,1.6278
18542,15:54:04.575,2025,-0.0110,1.6319
18543,15:54:04.576,2020,-0.0134,1.6278
18544,15:54:04.576,2021,-0.0129,1.6286
18545,15:54:04.577,2027,-0.0100,1.6335
18546,15:54:04.577,2029,-0.0090,1.6351
18547,15:54:04.578,2032,-0.0076,1.6375
18548,15:54:04.578,2030,-0.0085,1.6359
18549,15:54:04.579,2029,-0.0090,1.6351
18550,15:54:04.579,2028,-0.0095,1.6343
18551,15:54:04.580,2029,-0.0090,1.6351
18552,15:54:04.580,2030,-0.0085,1.6359
18553,15:54:04.581,2030,-0.0085,1.6359
18554,15:54:04.581,2024,-0.0115,1.6311
18555,15:54:04.582,2030,-0.0085,1.6359
18556,15:54:04.582,2023,-0.0120,1.6303
18557,15:54:04.583,2021,-0.0129,1.6286
18558,15:54:04.583,2020,-0.0134,1.6278
18559,15:54:04.584,2016,-0.0154,1.6246
18560,15:54:04.584,2017,-0.0149,1.6254
18561,15:54:04.585,2016,-0.0154,1.6246
18562,15:54:04.585,2018,-0.0144,1.6262
18563,15:54:04.586,2017,-0.0149,1.6254
18564,15:54:04.586,2014,-0.0164,1.6230
18565,15:54:04.587,2018,-0.0144,1.6262
18566,15:54:04.587,2020,-0.0134,1.6278
18567,15:54:04.588,2020,-0.0134,1.6278
18568,15:54:04.588,2024,-0.0115,1.6311
18569,15:54:04.589,2022,-0.0125,1.6295
18570,15:54:04.589,2026,-0.0105,1.6327
18571,15:54:04.590,2031,-0.0081,1.6367
18572,15:54:04.590,2027,-0.0100,1.6335
18573,15:54:04.591,2027,-0.0100,1.6335
18574,15:54:04.591,2030,-0.0085,1.6359
18575,15:54:04.592,2028,-0.0095,1.6343
18576,15:54:04.592,2028,-0.0095,1.6343
18577,15:54:04.593,2025,-0.0110,1.6319
18578,15:54:04.593,2026,-0.0105,1.6327
18579,15:54:04.594,2029,-0.0090,1.6351
18580,15:54:04.594,2017,-0.0149,1.6254
18581,15:54:04.595,2024,-0.0115,1.6311
18582,15:54:04.595,2017,-0.0149,1.6254
18583,15:54:04.596,2019,-0.0139,1.6270
18584,15:54:04.596,2014,-0.0164,1.6230
18585,15:54:04.597,2017,-0.0149,1.6254
18586,15:54:04.597,2019,-0.0139,1.6270
18587,15:54:04.598,2016,-0.0154,1.6246
18588,15:54:04.598,2011,-0.0178,1.6206
18589,15:54:04.599,2015,-0.0159,1.6238
18590,15:54:04.599,2020,-0.0134,1.6278
18591,15:54:04.600,2021,-0.0129,1.6286
18592,15:54:04.600,2022,-0.0125,1.6295
18593,15:54:04.601,2021,-0.0129,1.6286
18594,15:54:04.601,2023,-0.0120,1.6303
18595,15:54:04.602,2026,-0.0105,1.6327
18596,15:54:04.602,2026,-0.0105,1.6327
18597,15:54:04.603,2026,-0.0105,1.6327
18598,15:54:04.603,2036,-0.0056,1.6407
18599,15:54:04.604,2028,-0.0095,1.6343
18600,15:54:04.604,2030,-0.0085,1.6359
18601,15:54:04.605,2028,-0.0095,1.6343
18602,15:54:04.605,2028,-0.0095,1.6343
18603,15:54:04.606,2028,-0.0095,1.6343
18604,15:54:04.606,2028,-0.0095,1.6343
18605,15:54:04.607,2024,-0.0115,1.6311
18606,15:54:04.607,2025,-0.0110,1.6319
18607,15:54:04.608,2022,-0.0125,1.6295
18608,15:54:04.608,2022,-0.0125,1.6295
18609,15:54:04.609,2018,-0.0144,1.6262
18610,15:54:04.609,2017,-0.0149,1.6254
18611,15:54:04.610,2015,-0.0159,1.6238
18612,15:54:04.610,2015,-0.0159,1.6238
18613,15:54:04.611,2019,-0.0139,1.6270
18614,15:54:04.611,2017,-0.0149,1.6254
18615,15:54:04.612,2016,-0.0154,1.6246
18616,15:54:04.612,2022,-0.0125,1.6295
18617,15:54:04.613,2018,-0.0144,1.6262
18618,15:54:04.613,2020,-0.0134,1.6278
18619,15:54:04.614,2027,-0.0100,1.6335
18620,15:54:04.614,2029,-0.0090,1.6351
18621,15:54:04.615,2029,-0.0090,1.6351
18622,15:54:04.615,2033,-0.0071,1.6383
18623,15:54:04.616,2029,-0.0090,1.6351
18624,15:54:04.616,2029,-0.0090,1.6351
18625,15:54:04.617,2028,-0.0095,1.6343
18626,15:54:04.617,2031,-0.0081,1.6367
18627,15:54:04.618,2026,-0.0105,1.6327
18628,15:54:04.618,2028,-0.0095,1.6343
18629,15:54:04.619,2022,-0.0125,1.6295
18630,15:54:04.619,2024,-0.0115,1.6311
18631,15:54:04.620,2017,-0.0149,1.6254
18632,15:54:04.620,2020,-0.0134,1.6278
18633,15:54:04.621,2017,-0.0149,1.6254
18634,15:54:04.621,2016,-0.0154,1.6246
18635,15:54:04.622,2014,-0.0164,1.6230
18636,15:54:04.622,2015,-0.0159,1.6238
18637,15:54:04.623,2016,-0.0154,1.6246
18638,15:54:04.623,2013,-0.0168,1.6222
18639,15:54:04.624,2015,-0.0159,1.6238
18640,15:54:04.624,2015,-0.0159,1.6238
18641,15:54:04.625,2019,-0.0139,1.6270
18642,15:54:04.625,2019,-0.0139,1.6270
18643,15:54:04.626,2021,-0.0129,1.6286
18644,15:54:04.626,2026,-0.0105,1.6327
18645,15:54:04.627,2025,-0.0110,1.6319
18646,15:54:04.627,2027,-0.0100,1.6335
18647,15:54:04.628,2026,-0.0105,1.6327
18648,15:54:04.628,2031,-0.0081,1.6367
18649,15:54:04.629,2034,-0.0066,1.6391
18650,15:54:04.629,2033,-0.0071,1.6383
18651,15:54:04.630,2030,-0.0085,1.6359
18652,15:54:04.630,2031,-0.0081,1.6367
18653,15:54:04.631,2027,-0.0100,1.6335
18654,15:54:04.631,2023,-0.0120,1.6303
18655,15:54:04.632,2022,-0.0125,1.6295
18656,15:54:04.632,2019,-0.0139,1.6270
18657,15:54:04.633,2022,-0.0125,1.6295
18658,15:54:04.633,2020,-0.0134,1.6278
18659,15:54:04.634,2022,-0.0125,1.6295
18660,15:54:04.634,2017,-0.0149,1.6254
18661,15:54:04.635,2013,-0.0168,1.6222
18662,15:54:04.635,2014,-0.0164,1.6230
18663,15:54:04.636,2013,-0.0168,1.6222
18664,15:54:04.636,2019,-0.0139,1.6270
18665,15:54:04.637,2018,-0.0144,1.6262
18666,15:54:04.637,2019,-0.0139,1.6270
18667,15:54:04.638,2021,-0.0129,1.6286
18668,15:54:04.638,2021,-0.0129,1.6286
18669,15:54:04.639,2026,-0.0105,1.6327
18670,15:54:04.639,2024,-0.0115,1.6311
18671,15:54:04.640,2029,-0.0090,1.6351
18672,15:54:04.640,2033,-0.0071,1.6383
18673,15:54:04.641,2029,-0.0090,1.6351
18674,15:54:04.641,2029,-0.0090,1.6351
18675,15:54:04.642,2028,-0.0095,1.6343
18676,15:54:04.642,2027,-0.0100,1.6335
18677,15:54:04.643,2026,-0.0105,1.6327
18678,15:54:04.643,2027,-0.0100,1.6335
18679,15:54:04.644,2028,-0.0095,1.6343
18680,15:54:04.644,2022,-0.0125,1.6295
18681,15:54:04.645,2021,-0.0129,1.6286
18682,15:54:04.645,2016,-0.0154,1.6246
18683,15:54:04.646,2017,-0.0149,1.6254
18684,15:54:04.646,2018,-0.0144,1.6262
18685,15:54:04.647,2014,-0.0164,1.6230
18686,15:54:04.647,2015,-0.0159,1.6238
18687,15:54:04.648,2014,-0.0164,1.6230
18688,15:54:04.648,2014,-0.0164,1.6230
18689,15:54:04.649,2020,-0.0134,1.6278
18690,15:54:04.649,2014,-0.0164,1.6230
18691,15:54:04.650,2023,-0.0120,1.6303
18692,15:54:04.650,2022,-0.0125,1.6295
18693,15:54:04.651,2020,-0.0134,1.6278
18694,15:54:04.651,2026,-0.0105,1.6327
18695,15:54:04.652,2023,-0.0120,1.6303
18696,15:54:04.652,2026,-0.0105,1.6327
18697,15:54:04.653,2028,-0.0095,1.6343
18698,15:54:04.653,2031,-0.0081,1.6367
18699,15:54:04.654,2028,-0.0095,1.6343
18700,15:54:04.654,2029,-0.0090,1.6351
18701,15:54:04.655,2027,-0.0100,1.6335
18702,15:54:04.655,2028,-0.0095,1.6343
18703,15:54:04.656,2025,-0.0110,1.6319
18704,15:54:04.656,2025,-0.0110,1.6319
18705,15:54:04.657,2022,-0.0125,1.6295
18706,15:54:04.657,2023,-0.0120,1.6303
18707,15:54:04.658,2018,-0.0144,1.6262
18708,15:54:04.658,2016,-0.0154,1.6246
18709,15:54:04.659,2015,-0.0159,1.6238
18710,15:54:04.659,2016,-0.0154,1.6246
18711,15:54:04.660,2013,-0.0168,1.6222
18712,15:54:04.660,2014,-0.0164,1.6230
18713,15:54:04.661,2018,-0.0144,1.6262
18714,15:54:04.661,2018,-0.0144,1.6262
18715,15:54:04.662,2024,-0.0115,1.6311
18716,15:54:04.662,2022,-0.0125,1.6295
18717,15:54:04.663,2023,-0.0120,1.6303
18718,15:54:04.663,2023,-0.0120,1.6303
18719,15:54:04.664,2024,-0.0115,1.6311
18720,15:54:04.664,2026,-0.0105,1.6327
18721,15:54:04.665,2030,-0.0085,1.6359
18722,15:54:04.665,2031,-0.0081,1.6367
18723,15:54:04.666,2031,-0.0081,1.6367
18724,15:54:04.666,2034,-0.0066,1.6391
18725,15:54:04.667,2028,-0.0095,1.6343
18726,15:54:04.667,2028,-0.0095,1.6343
18727,15:54:04.668,2028,-0.0095,1.6343
18728,15:54:04.668,2027,-0.0100,1.6335
18729,15:54:04.669,2023,-0.0120,1.6303
18730,15:54:04.669,2019,-0.0139,1.6270
18731,15:54:04.670,2016,-0.0154,1.6246
18732,15:54:04.670,2020,-0.0134,1.6278
18733,15:54:04.671,2017,-0.0149,1.6254
18734,15:54:04.671,2015,-0.0159,1.6238
18735,15:54:04.672,2014,-0.0164,1.6230
18736,15:54:04.672,2013,-0.0168,1.6222
18737,15:54:04.673,2015,-0.0159,1.6238
18738,15:54:04.673,2015,-0.0159,1.6238
18739,15:54:04.674,2012,-0.0173,1.6214
18740,15:54:04.674,2023,-0.0120,1.6303
18741,15:54:04.675,2019,-0.0139,1.6270
18742,15:54:04.675,2023,-0.0120,1.6303
18743,15:54:04.676,2023,-0.0120,1.6303
18744,15:54:04.676,2021,-0.0129,1.6286
18745,15:54:04.677,2027,-0.0100,1.6335
18746,15:54:04.677,2029,-0.0090,1.6351
18747,15:54:04.678,2032,-0.0076,1.6375
18748,15:54:04.678,2036,-0.0056,1.6407
18749,15:54:04.679,2030,-0.0085,1.6359
18750,15:54:04.679,2030,-0.0085,1.6359
18751,15:54:04.680,2028,-0.0095,1.6343
18752,15:54:04.680,2028,-0.0095,1.6343
18753,15:54:04.681,2024,-0.0115,1.6311
18754,15:54:04.681,2027,-0.0100,1.6335
18755,15:54:04.682,2022,-0.0125,1.6295
18756,15:54:04.682,2022,-0.0125,1.6295
18757,15:54:04.683,2022,-0.0125,1.6295
18758,15:54:04.683,2025,-0.0110,1.6319
18759,15:54:04.684,2018,-0.0144,1.6262
18760,15:54:04.684,2014,-0.0164,1.6230
18761,15:54:04.685,2015,-0.0159,1.6238
18762,15:54:04.685,2012,-0.0173,1.6214
18763,15:54:04.686,2015,-0.0159,1.6238
18764,15:54:04.686,2019,-0.0139,1.6270
18765,15:54:04.687,2020,-0.0134,1.6278
18766,15:54:04.687,2022,-0.0125,1.6295
18767,15:54:04.688,2019,-0.0139,1.6270
18768,15:54:04.688,2024,-0.0115,1.6311
18769,15:54:04.689,2023,-0.0120,1.6303
18770,15:54:04.689,2028,-0.0095,1.6343
18771,15:54:04.690,2030,-0.0085,1.6359
18772,15:54:04.690,2029,-0.0090,1.6351
18773,15:54:04.691,2030,-0.0085,1.6359
18774,15:54:04.691,2028,-0.0095,1.6343
18775,15:54:04.692,2029,-0.0090,1.6351
18776,15:54:04.692,2028,-0.0095,1.6343
18777,15:54:04.693,2031,-0.0081,1.6367
18778,15:54:04.693,2027,-0.0100,1.6335
18779,15:54:04.694,2023,-0.0120,1.6303
18780,15:54:04.694,2021,-0.0129,1.6286
18781,15:54:04.695,2023,-0.0120,1.6303
18782,15:54:04.695,2018,-0.0144,1.6262
18783,15:54:04.696,2019,-0.0139,1.6270
18784,15:54:04.696,2019,-0.0139,1.6270
18785,15:54:04.697,2016,-0.0154,1.6246
18786,15:54:04.697,2015,-0.0159,1.6238
18787,15:54:04.698,2018,-0.0144,1.6262
18788,15:54:04.698,2019,-0.0139,1.6270
18789,15:54:04.699,2017,-0.0149,1.6254
18790,15:54:04.699,2020,-0.0134,1.6278
18791,15:54:04.700,2023,-0.0120,1.6303
18792,15:54:04.700,2020,-0.0134,1.6278
18793,15:54:04.701,2023,-0.0120,1.6303
18794,15:54:04.701,2029,-0.0090,1.6351
18795,15:54:04.702,2025,-0.0110,1.6319
18796,15:54:04.702,2028,-0.0095,1.6343
18797,15:54:04.703,2028,-0.0095,1.6343
18798,15:54:04.703,2033,-0.0071,1.6383
18799,15:54:04.704,2030,-0.0085,1.6359
18800,15:54:04.704,2029,-0.0090,1.6351
18801,15:54:04.705,2031,-0.0081,1.6367
18802,15:54:04.705,2029,-0.0090,1.6351
18803,15:54:04.706,2030,-0.0085,1.6359
18804,15:54:04.706,2025,-0.0110,1.6319
18805,15:54:04.707,2024,-0.0115,1.6311
18806,15:54:04.707,2023,-0.0120,1.6303
18807,15:54:04.708,2017,-0.0149,1.6254
18808,15:54:04.708,2019,-0.0139,1.6270
18809,15:54:04.709,2018,-0.0144,1.6262
18810,15:54:04.709,2016,-0.0154,1.6246
18811,15:54:04.710,2015,-0.0159,1.6238
18812,15:54:04.710,2015,-0.0159,1.6238
18813,15:54:04.711,2018,-0.0144,1.6262
18814,15:54:04.711,2021,-0.0129,1.6286
18815,15:54:04.712,2019,-0.0139,1.6270
18816,15:54:04.712,2018,-0.0144,1.6262
18817,15:54:04.713,2021,-0.0129,1.6286
18818,15:54:04.713,2021,-0.0129,1.6286
18819,15:54:04.714,2025,-0.0110,1.6319
18820,15:54:04.714,2029,-0.0090,1.6351
18821,15:54:04.715,2030,-0.0085,1.6359
18822,15:54:04.715,2027,-0.0100,1.6335
18823,15:54:04.716,2032,-0.0076,1.6375
18824,15:54:04.716,2029,-0.0090,1.6351
18825,15:54:04.717,2029,-0.0090,1.6351
18826,15:54:04.717,2026,-0.0105,1.6327
18827,15:54:04.718,2026,-0.0105,1.6327
18828,15:54:04.718,2020,-0.0134,1.6278
18829,15:54:04.719,2021,-0.0129,1.6286
18830,15:54:04.719,2021,-0.0129,1.6286
18831,15:54:04.720,2019,-0.0139,1.6270
18832,15:54:04.720,2018,-0.0144,1.6262
18833,15:54:04.721,2019,-0.0139,1.6270
18834,15:54:04.721,2017,-0.0149,1.6254
18835,15:54:04.722,2010,-0.0183,1.6198
18836,15:54:04.722,2011,-0.0178,1.6206
18837,15:54:04.723,2016,-0.0154,1.6246
18838,15:54:04.723,2016,-0.0154,1.6246
18839,15:54:04.724,2018,-0.0144,1.6262
18840,15:54:04.724,2017,-0.0149,1.6254
18841,15:54:04.725,2020,-0.0134,1.6278
18842,15:54:04.725,2023,-0.0120,1.6303
18843,15:54:04.726,2021,-0.0129,1.6286
18844,15:54:04.726,2026,-0.0105,1.6327
18845,15:54:04.727,2027,-0.0100,1.6335
18846,15:54:04.727,2028,-0.0095,1.6343
18847,15:54:04.728,2029,-0.0090,1.6351
18848,15:54:04.728,2032,-0.0076,1.6375
18849,15:54:04.729,2030,-0.0085,1.6359
18850,15:54:04.729,2031,-0.0081,1.6367
18851,15:54:04.730,2029,-0.0090,1.6351
18852,15:54:04.730,2030,-0.0085,1.6359
18853,15:54:04.731,2029,-0.0090,1.6351
18854,15:54:04.731,2027,-0.0100,1.6335
18855,15:54:04.732,2021,-0.0129,1.6286
18856,15:54:04.732,2020,-0.0134,1.6278
18857,15:54:04.733,2023,-0.0120,1.6303
18858,15:54:04.733,2018,-0.0144,1.6262
18859,15:54:04.734,2016,-0.0154,1.6246
18860,15:54:04.734,2016,-0.0154,1.6246
18861,15:54:04.735,2017,-0.0149,1.6254
18862,15:54:04.735,2017,-0.0149,1.6254
18863,15:54:04.736,2017,-0.0149,1.6254
18864,15:54:04.736,2017,-0.0149,1.6254
18865,15:54:04.737,2018,-0.0144,1.6262
18866,15:54:04.737,2022,-0.0125,1.6295
18867,15:54:04.738,2018,-0.0144,1.6262
18868,15:54:04.738,2023,-0.0120,1.6303
18869,15:54:04.739,2024,-0.0115,1.6311
18870,15:54:04.739,2026,-0.0105,1.6327
18871,15:54:04.740,2024,-0.0115,1.6311
18872,15:54:04.740,2027,-0.0100,1.6335
18873,15:54:04.741,2026,-0.0105,1.6327
18874,15:54:04.741,2027,-0.0100,1.6335
18875,15:54:04.742,2028,-0.0095,1.6343
18876,15:54:04.742,2026,-0.0105,1.6327
18877,15:54:04.743,2022,-0.0125,1.6295
18878,15:54:04.743,2021,-0.0129,1.6286
18879,15:54:04.744,2023,-0.0120,1.6303
18880,15:54:04.744,2020,-0.0134,1.6278
18881,15:54:04.745,2022,-0.0125,1.6295
18882,15:54:04.745,2020,-0.0134,1.6278
18883,15:54:04.746,2016,-0.0154,1.6246
18884,15:54:04.746,2015,-0.0159,1.6238
18885,15:54:04.747,2015,-0.0159,1.6238
18886,15:54:04.747,2014,-0.0164,1.6230
18887,15:54:04.748,2013,-0.0168,1.6222
18888,15:54:04.748,2016,-0.0154,1.6246
18889,15:54:04.749,2022,-0.0125,1.6295
18890,15:54:04.749,2023,-0.0120,1.6303
18891,15:54:04.750,2026,-0.0105,1.6327
18892,15:54:04.750,2022,-0.0125,1.6295
18893,15:54:04.751,2023,-0.0120,1.6303
18894,15:54:04.751,2026,-0.0105,1.6327
18895,15:54:04.752,2029,-0.0090,1.6351
18896,15:54:04.752,2028,-0.0095,1.6343
18897,15:54:04.753,2030,-0.0085,1.6359
18898,15:54:04.753,2033,-0.0071,1.6383
18899,15:54:04.754,2033,-0.0071,1.6383
18900,15:54:04.754,2028,-0.0095,1.6343
18901,15:54:04.755,2029,-0.0090,1.6351
18902,15:54:04.755,2029,-0.0090,1.6351
18903,15:54:04.756,2027,-0.0100,1.6335
18904,15:54:04.756,2025,-0.0110,1.6319
18905,15:54:04.757,2024,-0.0115,1.6311
18906,15:54:04.757,2020,-0.0134,1.6278
18907,15:54:04.758,2020,-0.0134,1.6278
18908,15:54:04.758,2021,-0.0129,1.6286
18909,15:54:04.759,2018,-0.0144,1.6262
18910,15:54:04.759,2015,-0.0159,1.6238
18911,15:54:04.760,2013,-0.0168,1.6222
18912,15:54:04.760,2016,-0.0154,1.6246
18913,15:54:04.761,2020,-0.0134,1.6278
18914,15:54:04.761,2022,-0.0125,1.6295
18915,15:54:04.762,2020,-0.0134,1.6278
18916,15:54:04.762,2017,-0.0149,1.6254
18917,15:54:04.763,2022,-0.0125,1.6295
18918,15:54:04.763,2021,-0.0129,1.6286
18919,15:54:04.764,2029,-0.0090,1.6351
18920,15:54:04.764,2028,-0.0095,1.6343
18921,15:54:04.765,2028,-0.0095,1.6343
18922,15:54:04.765,2033,-0.0071,1.6383
18923,15:54:04.766,2028,-0.0095,1.6343
18924,15:54:04.766,2030,-0.0085,1.6359
18925,15:54:04.767,2026,-0.0105,1.6327
18926,15:54:04.767,2027,-0.0100,1.6335
18927,15:54:04.768,2026,-0.0105,1.6327
18928,15:54:04.768,2025,-0.0110,1.6319
18929,15:54:04.769,2027,-0.0100,1.6335
18930,15:54:04.769,2023,-0.0120,1.6303
18931,15:54:04.770,2020,-0.0134,1.6278
18932,15:54:04.770,2019,-0.0139,1.6270
18933,15:54:04.771,2020,-0.0134,1.6278
18934,15:54:04.771,2015,-0.0159,1.6238
18935,15:54:04.772,2018,-0.0144,1.6262
18936,15:54:04.772,2017,-0.0149,1.6254
18937,15:54:04.773,2014,-0.0164,1.6230
18938,15:54:04.773,2015,-0.0159,1.6238
18939,15:54:04.774,2021,-0.0129,1.6286
18940,15:54:04.774,2020,-0.0134,1.6278
18941,15:54:04.775,2023,-0.0120,1.6303
18942,15:54:04.775,2024,-0.0115,1.6311
18943,15:54:04.776,2024,-0.0115,1.6311
18944,15:54:04.776,2026,-0.0105,1.6327
18945,15:54:04.777,2025,-0.0110,1.6319
18946,15:54:04.777,2026,-0.0105,1.6327
18947,15:54:04.778,2030,-0.0085,1.6359
18948,15:54:04.778,2028,-0.0095,1.6343
18949,15:54:04.779,2028,-0.0095,1.6343
18950,15:54:04.779,2030,-0.0085,1.6359
18951,15:54:04.780,2028,-0.0095,1.6343
18952,15:54:04.780,2024,-0.0115,1.6311
18953,15:54:04.781,2022,-0.0125,1.6295
18954,15:54:04.781,2021,-0.0129,1.6286
18955,15:54:04.782,2023,-0.0120,1.6303
18956,15:54:04.782,2017,-0.0149,1.6254
18957,15:54:04.783,2020,-0.0134,1.6278
18958,15:54:04.783,2018,-0.0144,1.6262
18959,15:54:04.784,2016,-0.0154,1.6246
18960,15:54:04.784,2019,-0.0139,1.6270
18961,15:54:04.785,2018,-0.0144,1.6262
18962,15:54:04.785,2018,-0.0144,1.6262
18963,15:54:04.786,2015,-0.0159,1.6238
18964,15:54:04.786,2020,-0.0134,1.6278
18965,15:54:04.787,2022,-0.0125,1.6295
18966,15:54:04.787,2021,-0.0129,1.6286
18967,15:54:04.788,2028,-0.0095,1.6343
18968,15:54:04.788,2023,-0.0120,1.6303
18969,15:54:04.789,2025,-0.0110,1.6319
18970,15:54:04.789,2025,-0.0110,1.6319
18971,15:54:04.790,2030,-0.0085,1.6359
18972,15:54:04.790,2026,-0.0105,1.6327
18973,15:54:04.791,2033,-0.0071,1.6383
18974,15:54:04.791,2033,-0.0071,1.6383
18975,15:54:04.792,2029,-0.0090,1.6351
18976,15:54:04.792,2030,-0.0085,1.6359
18977,15:54:04.793,2026,-0.0105,1.6327
18978,15:54:04.793,2027,-0.0100,1.6335
18979,15:54:04.794,2025,-0.0110,1.6319
18980,15:54:04.794,2021,-0.0129,1.6286
18981,15:54:04.795,2022,-0.0125,1.6295
18982,15:54:04.795,2022,-0.0125,1.6295
18983,15:54:04.796,2018,-0.0144,1.6262
18984,15:54:04.796,2019,-0.0139,1.6270
18985,15:54:04.797,2015,-0.0159,1.6238
18986,15:54:04.797,2015,-0.0159,1.6238
18987,15:54:04.798,2022,-0.0125,1.6295
18988,15:54:04.798,2023,-0.0120,1.6303
18989,15:54:04.799,2021,-0.0129,1.6286
18990,15:54:04.799,2020,-0.0134,1.6278
18991,15:54:04.800,2025,-0.0110,1.6319
18992,15:54:04.800,2024,-0.0115,1.6311
18993,15:54:04.801,2022,-0.0125,1.6295
18994,15:54:04.801,2024,-0.0115,1.6311
18995,15:54:04.802,2024,-0.0115,1.6311
18996,15:54:04.802,2025,-0.0110,1.6319
18997,15:54:04.803,2029,-0.0090,1.6351
18998,15:54:04.803,2028,-0.0095,1.6343
18999,15:54:04.804,2030,-0.0085,1.6359
19000,15:54:04.804,2027,-0.0100,1.6335
19001,15:54:04.805,2029,-0.0090,1.6351
19002,15:54:04.805,2026,-0.0105,1.6327
19003,15:54:04.806,2025,-0.0110,1.6319
19004,15:54:04.806,2020,-0.0134,1.6278
19005,15:54:04.807,2023,-0.0120,1.6303
19006,15:54:04.807,2018,-0.0144,1.6262
19007,15:54:04.808,2025,-0.0110,1.6319
19008,15:54:04.808,2020,-0.0134,1.6278
19009,15:54:04.809,2017,-0.0149,1.6254
19010,15:54:04.809,2013,-0.0168,1.6222
19011,15:54:04.810,2012,-0.0173,1.6214
19012,15:54:04.810,2015,-0.0159,1.6238
19013,15:54:04.811,2019,-0.0139,1.6270
19014,15:54:04.811,2020,-0.0134,1.6278
19015,15:54:04.812,2021,-0.0129,1.6286
19016,15:54:04.812,2020,-0.0134,1.6278
19017,15:54:04.813,2022,-0.0125,1.6295
19018,15:54:04.813,2024,-0.0115,1.6311
19019,15:54:04.814,2022,-0.0125,1.6295
19020,15:54:04.814,2027,-0.0100,1.6335
19021,15:54:04.815,2028,-0.0095,1.6343
19022,15:54:04.815,2030,-0.0085,1.6359
19023,15:54:04.816,2028,-0.0095,1.6343
19024,15:54:04.816,2033,-0.0071,1.6383
19025,15:54:04.817,2029,-0.0090,1.6351
19026,15:54:04.817,2025,-0.0110,1.6319
19027,15:54:04.818,2027,-0.0100,1.6335
19028,15:54:04.818,2027,-0.0100,1.6335
19029,15:54:04.819,2028,-0.0095,1.6343
19030,15:54:04.819,2022,-0.0125,1.6295
19031,15:54:04.820,2018,-0.0144,1.6262
19032,15:54:04.820,2021,-0.0129,1.6286
19033,15:54:04.821,2020,-0.0134,1.6278
19034,15:54:04.821,2021,-0.0129,1.6286
19035,15:54:04.822,2019,-0.0139,1.6270
19036,15:54:04.822,2019,-0.0139,1.6270
19037,15:54:04.823,2021,-0.0129,1.6286
19038,15:54:04.823,2015,-0.0159,1.6238
19039,15:54:04.824,2021,-0.0129,1.6286
19040,15:54:04.824,2019,-0.0139,1.6270
19041,15:54:04.825,2021,-0.0129,1.6286
19042,15:54:04.825,2020,-0.0134,1.6278
19043,15:54:04.826,2022,-0.0125,1.6295
19044,15:54:04.826,2023,-0.0120,1.6303
19045,15:54:04.827,2024,-0.0115,1.6311
19046,15:54:04.827,2030,-0.0085,1.6359
19047,15:54:04.828,2029,-0.0090,1.6351
19048,15:54:04.828,2029,-0.0090,1.6351
19049,15:54:04.829,2035,-0.0061,1.6399
19050,15:54:04.829,2026,-0.0105,1.6327
19051,15:54:04.830,2027,-0.0100,1.6335
19052,15:54:04.830,2024,-0.0115,1.6311
19053,15:54:04.831,2022,-0.0125,1.6295
19054,15:54:04.831,2026,-0.0105,1.6327
19055,15:54:04.832,2021,-0.0129,1.6286
19056,15:54:04.832,2020,-0.0134,1.6278
19057,15:54:04.833,2018,-0.0144,1.6262
19058,15:54:04.833,2019,-0.0139,1.6270
19059,15:54:04.834,2019,-0.0139,1.6270
19060,15:54:04.834,2013,-0.0168,1.6222
19061,15:54:04.835,2015,-0.0159,1.6238
19062,15:54:04.835,2018,-0.0144,1.6262
19063,15:54:04.836,2019,-0.0139,1.6270
19064,15:54:04.836,2016,-0.0154,1.6246
19065,15:54:04.837,2017,-0.0149,1.6254
19066,15:54:04.837,2019,-0.0139,1.6270
19067,15:54:04.838,2018,-0.0144,1.6262
19068,15:54:04.838,2024,-0.0115,1.6311
19069,15:54:04.839,2027,-0.0100,1.6335
19070,15:54:04.839,2025,-0.0110,1.6319
19071,15:54:04.840,2028,-0.0095,1.6343
19072,15:54:04.840,2024,-0.0115,1.6311
19073,15:54:04.841,2032,-0.0076,1.6375
19074,15:54:04.841,2030,-0.0085,1.6359
19075,15:54:04.842,2027,-0.0100,1.6335
19076,15:54:04.842,2026,-0.0105,1.6327
19077,15:54:04.843,2024,-0.0115,1.6311
19078,15:54:04.843,2022,-0.0125,1.6295
19079,15:54:04.844,2023,-0.0120,1.6303
19080,15:54:04.844,2021,-0.0129,1.6286
19081,15:54:04.845,2020,-0.0134,1.6278
19082,15:54:04.845,2021,-0.0129,1.6286
19083,15:54:04.846,2019,-0.0139,1.6270
19084,15:54:04.846,2019,-0.0139,1.6270
19085,15:54:04.847,2016,-0.0154,1.6246
19086,15:54:04.847,2018,-0.0144,1.6262
19087,15:54:04.848,2016,-0.0154,1.6246
19088,15:54:04.848,2022,-0.0125,1.6295
19089,15:54:04.849,2022,-0.0125,1.6295
19090,15:54:04.849,2023,-0.0120,1.6303
19091,15:54:04.850,2022,-0.0125,1.6295
19092,15:54:04.850,2020,-0.0134,1.6278
19093,15:54:04.851,2028,-0.0095,1.6343
19094,15:54:04.851,2023,-0.0120,1.6303
19095,15:54:04.852,2031,-0.0081,1.6367
19096,15:54:04.852,2028,-0.0095,1.6343
19097,15:54:04.853,2029,-0.0090,1.6351
19098,15:54:04.853,2027,-0.0100,1.6335
19099,15:54:04.854,2029,-0.0090,1.6351
19100,15:54:04.854,2027,-0.0100,1.6335
19101,15:54:04.855,2026,-0.0105,1.6327
19102,15:54:04.855,2029,-0.0090,1.6351
19103,15:54:04.856,2025,-0.0110,1.6319
19104,15:54:04.856,2021,-0.0129,1.6286
19105,15:54:04.857,2021,-0.0129,1.6286
19106,15:54:04.857,2023,-0.0120,1.6303
19107,15:54:04.858,2018,-0.0144,1.6262
19108,15:54:04.858,2013,-0.0168,1.6222
19109,15:54:04.859,2013,-0.0168,1.6222
19110,15:54:04.859,2015,-0.0159,1.6238
19111,15:54:04.860,2016,-0.0154,1.6246
19112,15:54:04.860,2019,-0.0139,1.6270
19113,15:54:04.861,2015,-0.0159,1.6238
19114,15:54:04.861,2021,-0.0129,1.6286
19115,15:54:04.862,2018,-0.0144,1.6262
19116,15:54:04.862,2020,-0.0134,1.6278
19117,15:54:04.863,2020,-0.0134,1.6278
19118,15:54:04.863,2022,-0.0125,1.6295
19119,15:54:04.864,2023,-0.0120,1.6303
19120,15:54:04.864,2027,-0.0100,1.6335
19121,15:54:04.865,2026,-0.0105,1.6327
19122,15:54:04.865,2024,-0.0115,1.6311
19123,15:54:04.866,2027,-0.0100,1.6335
19124,15:54:04.866,2028,-0.0095,1.6343
19125,15:54:04.867,2028,-0.0095,1.6343
19126,15:54:04.867,2024,-0.0115,1.6311
19127,15:54:04.868,2023,-0.0120,1.6303
19128,15:54:04.868,2024,-0.0115,1.6311
19129,15:54:04.869,2023,-0.0120,1.6303
19130,15:54:04.869,2022,-0.0125,1.6295
19131,15:54:04.870,2021,-0.0129,1.6286
19132,15:54:04.870,2017,-0.0149,1.6254
19133,15:54:04.871,2016,-0.0154,1.6246
19134,15:54:04.871,2017,-0.0149,1.6254
19135,15:54:04.872,2014,-0.0164,1.6230
19136,15:54:04.872,2015,-0.0159,1.6238
19137,15:54:04.873,2017,-0.0149,1.6254
19138,15:54:04.873,2018,-0.0144,1.6262
19139,15:54:04.874,2021,-0.0129,1.6286
19140,15:54:04.874,2023,-0.0120,1.6303
19141,15:54:04.875,2021,-0.0129,1.6286
19142,15:54:04.875,2023,-0.0120,1.6303
19143,15:54:04.876,2027,-0.0100,1.6335
19144,15:54:04.876,2028,-0.0095,1.6343
19145,15:54:04.877,2033,-0.0071,1.6383
19146,15:54:04.877,2032,-0.0076,1.6375
19147,15:54:04.878,2031,-0.0081,1.6367
19148,15:54:04.878,2033,-0.0071,1.6383
19149,15:54:04.879,2031,-0.0081,1.6367
19150,15:54:04.879,2032,-0.0076,1.6375
19151,15:54:04.880,2029,-0.0090,1.6351
19152,15:54:04.880,2030,-0.0085,1.6359
19153,15:54:04.881,2026,-0.0105,1.6327
19154,15:54:04.881,2021,-0.0129,1.6286
19155,15:54:04.882,2021,-0.0129,1.6286
19156,15:54:04.882,2020,-0.0134,1.6278
19157,15:54:04.883,2019,-0.0139,1.6270
19158,15:54:04.883,2013,-0.0168,1.6222
19159,15:54:04.884,2014,-0.0164,1.6230
19160,15:54:04.884,2013,-0.0168,1.6222
19161,15:54:04.885,2017,-0.0149,1.6254
19162,15:54:04.885,2013,-0.0168,1.6222
19163,15:54:04.886,2015,-0.0159,1.6238
19164,15:54:04.886,2019,-0.0139,1.6270
19165,15:54:04.887,2017,-0.0149,1.6254
19166,15:54:04.887,2018,-0.0144,1.6262
19167,15:54:04.888,2020,-0.0134,1.6278
19168,15:54:04.888,2021,-0.0129,1.6286
19169,15:54:04.889,2022,-0.0125,1.6295
19170,15:54:04.889,2028,-0.0095,1.6343
19171,15:54:04.890,2029,-0.0090,1.6351
19172,15:54:04.890,2031,-0.0081,1.6367
19173,15:54:04.891,2030,-0.0085,1.6359
19174,15:54:04.891,2025,-0.0110,1.6319
19175,15:54:04.892,2028,-0.0095,1.6343
19176,15:54:04.892,2027,-0.0100,1.6335
19177,15:54:04.893,2023,-0.0120,1.6303
19178,15:54:04.893,2026,-0.0105,1.6327
19179,15:54:04.894,2024,-0.0115,1.6311
19180,15:54:04.894,2020,-0.0134,1.6278
19181,15:54:04.895,2019,-0.0139,1.6270
19182,15:54:04.895,2018,-0.0144,1.6262
19183,15:54:04.896,2018,-0.0144,1.6262
19184,15:54:04.896,2016,-0.0154,1.6246
19185,15:54:04.897,2018,-0.0144,1.6262
19186,15:54:04.897,2016,-0.0154,1.6246
19187,15:54:04.898,2016,-0.0154,1.6246
19188,15:54:04.898,2019,-0.0139,1.6270
19189,15:54:04.899,2021,-0.0129,1.6286
19190,15:54:04.899,2021,-0.0129,1.6286
19191,15:54:04.900,2023,-0.0120,1.6303
19192,15:54:04.900,2027,-0.0100,1.6335
19193,15:54:04.901,2028,-0.0095,1.6343
19194,15:54:04.901,2029,-0.0090,1.6351
19195,15:54:04.902,2028,-0.0095,1.6343
19196,15:54:04.902,2029,-0.0090,1.6351
19197,15:54:04.903,2032,-0.0076,1.6375
19198,15:54:04.903,2032,-0.0076,1.6375
19199,15:54:04.904,2029,-0.0090,1.6351
19200,15:54:04.904,2030,-0.0085,1.6359
19201,15:54:04.905,2031,-0.0081,1.6367
19202,15:54:04.905,2028,-0.0095,1.6343
19203,15:54:04.906,2023,-0.0120,1.6303
19204,15:54:04.906,2024,-0.0115,1.6311
19205,15:54:04.907,2019,-0.0139,1.6270
19206,15:54:04.907,2017,-0.0149,1.6254
19207,15:54:04.908,2017,-0.0149,1.6254
19208,15:54:04.908,2012,-0.0173,1.6214
19209,15:54:04.909,2013,-0.0168,1.6222
19210,15:54:04.909,2015,-0.0159,1.6238
19211,15:54:04.910,2015,-0.0159,1.6238
19212,15:54:04.910,2018,-0.0144,1.6262
19213,15:54:04.911,2022,-0.0125,1.6295
19214,15:54:04.911,2020,-0.0134,1.6278
19215,15:54:04.912,2020,-0.0134,1.6278
19216,15:54:04.912,2022,-0.0125,1.6295
19217,15:54:04.913,2021,-0.0129,1.6286
19218,15:54:04.913,2023,-0.0120,1.6303
19219,15:54:04.914,2024,-0.0115,1.6311
19220,15:54:04.914,2029,-0.0090,1.6351
19221,15:54:04.915,2030,-0.0085,1.6359
19222,15:54:04.915,2031,-0.0081,1.6367
19223,15:54:04.916,2032,-0.0076,1.6375
19224,15:54:04.916,2027,-0.0100,1.6335
19225,15:54:04.917,2026,-0.0105,1.6327
19226,15:54:04.917,2027,-0.0100,1.6335
19227,15:54:04.918,2027,-0.0100,1.6335
19228,15:54:04.918,2024,-0.0115,1.6311
19229,15:54:04.919,2019,-0.0139,1.6270
19230,15:54:04.919,2022,-0.0125,1.6295
19231,15:54:04.920,2015,-0.0159,1.6238
19232,15:54:04.920,2019,-0.0139,1.6270
19233,15:54:04.921,2018,-0.0144,1.6262
19234,15:54:04.921,2015,-0.0159,1.6238
19235,15:54:04.922,2015,-0.0159,1.6238
19236,15:54:04.922,2014,-0.0164,1.6230
19237,15:54:04.923,2014,-0.0164,1.6230
19238,15:54:04.923,2012,-0.0173,1.6214
19239,15:54:04.924,2015,-0.0159,1.6238
19240,15:54:04.924,2018,-0.0144,1.6262
19241,15:54:04.925,2020,-0.0134,1.6278
19242,15:54:04.925,2027,-0.0100,1.6335
19243,15:54:04.926,2022,-0.0125,1.6295
19244,15:54:04.926,2031,-0.0081,1.6367
19245,15:54:04.927,2028,-0.0095,1.6343
19246,15:54:04.927,2032,-0.0076,1.6375
19247,15:54:04.928,2030,-0.0085,1.6359
19248,15:54:04.928,2027,-0.0100,1.6335
19249,15:54:04.929,2030,-0.0085,1.6359
19250,15:54:04.929,2026,-0.0105,1.6327
19251,15:54:04.930,2028,-0.0095,1.6343
19252,15:54:04.930,2024,-0.0115,1.6311
19253,15:54:04.931,2020,-0.0134,1.6278
19254,15:54:04.931,2024,-0.0115,1.6311
19255,15:54:04.932,2017,-0.0149,1.6254
19256,15:54:04.932,2016,-0.0154,1.6246
19257,15:54:04.933,2020,-0.0134,1.6278
19258,15:54:04.933,2019,-0.0139,1.6270
19259,15:54:04.934,2012,-0.0173,1.6214
19260,15:54:04.934,2016,-0.0154,1.6246
19261,15:54:04.935,2016,-0.0154,1.6246
19262,15:54:04.935,2018,-0.0144,1.6262
19263,15:54:04.936,2018,-0.0144,1.6262
19264,15:54:04.936,2019,-0.0139,1.6270
19265,15:54:04.937,2021,-0.0129,1.6286
19266,15:54:04.937,2020,-0.0134,1.6278
19267,15:54:04.938,2021,-0.0129,1.6286
19268,15:54:04.938,2026,-0.0105,1.6327
19269,15:54:04.939,2024,-0.0115,1.6311
19270,15:54:04.939,2028,-0.0095,1.6343
19271,15:54:04.940,2031,-0.0081,1.6367
19272,15:54:04.940,2028,-0.0095,1.6343
19273,15:54:04.941,2026,-0.0105,1.6327
19274,15:54:04.941,2025,-0.0110,1.6319
19275,15:54:04.942,2026,-0.0105,1.6327
19276,15:54:04.942,2028,-0.0095,1.6343
19277,15:54:04.943,2023,-0.0120,1.6303
19278,15:54:04.943,2023,-0.0120,1.6303
19279,15:54:04.944,2024,-0.0115,1.6311
19280,15:54:04.944,2022,-0.0125,1.6295
19281,15:54:04.945,2024,-0.0115,1.6311
19282,15:54:04.945,2021,-0.0129,1.6286
19283,15:54:04.946,2015,-0.0159,1.6238
19284,15:54:04.946,2015,-0.0159,1.6238
19285,15:54:04.947,2010,-0.0183,1.6198
19286,15:54:04.947,2016,-0.0154,1.6246
19287,15:54:04.948,2017,-0.0149,1.6254
19288,15:54:04.948,2018,-0.0144,1.6262
19289,15:54:04.949,2016,-0.0154,1.6246
19290,15:54:04.949,2019,-0.0139,1.6270
19291,15:54:04.950,2018,-0.0144,1.6262
19292,15:54:04.950,2025,-0.0110,1.6319
19293,15:54:04.951,2019,-0.0139,1.6270
19294,15:54:04.951,2024,-0.0115,1.6311
19295,15:54:04.952,2027,-0.0100,1.6335
19296,15:54:04.952,2024,-0.0115,1.6311
19297,15:54:04.953,2030,-0.0085,1.6359
19298,15:54:04.953,2026,-0.0105,1.6327
19299,15:54:04.954,2027,-0.0100,1.6335
19300,15:54:04.954,2024,-0.0115,1.6311
19301,15:54:04.955,2023,-0.0120,1.6303
19302,15:54:04.955,2025,-0.0110,1.6319
19303,15:54:04.956,2024,-0.0115,1.6311
19304,15:54:04.956,2019,-0.0139,1.6270
19305,15:54:04.957,2018,-0.0144,1.6262
19306,15:54:04.957,2020,-0.0134,1.6278
19307,15:54:04.958,2016,-0.0154,1.6246
19308,15:54:04.958,2014,-0.0164,1.6230
19309,15:54:04.959,2016,-0.0154,1.6246
19310,15:54:04.959,2012,-0.0173,1.6214
19311,15:54:04.960,2018,-0.0144,1.6262
19312,15:54:04.960,2016,-0.0154,1.6246
19313,15:54:04.961,2019,-0.0139,1.6270
19314,15:54:04.961,2018,-0.0144,1.6262
19315,15:54:04.962,2023,-0.0120,1.6303
19316,15:54:04.962,2021,-0.0129,1.6286
19317,15:54:04.963,2028,-0.0095,1.6343
19318,15:54:04.963,2025,-0.0110,1.6319
19319,15:54:04.964,2027,-0.0100,1.6335
19320,15:54:04.964,2029,-0.0090,1.6351
19321,15:54:04.965,2031,-0.0081,1.6367
19322,15:54:04.965,2034,-0.0066,1.6391
19323,15:54:04.966,2035,-0.0061,1.6399
19324,15:54:04.966,2031,-0.0081,1.6367
19325,15:54:04.967,2031,-0.0081,1.6367
19326,15:54:04.967,2029,-0.0090,1.6351
19327,15:54:04.968,2026,-0.0105,1.6327
19328,15:54:04.968,2029,-0.0090,1.6351
19329,15:54:04.969,2022,-0.0125,1.6295
19330,15:54:04.969,2022,-0.0125,1.6295
19331,15:54:04.970,2016,-0.0154,1.6246
19332,15:54:04.970,2020,-0.0134,1.6278
19333,15:54:04.971,2016,-0.0154,1.6246
19334,15:54:04.971,2015,-0.0159,1.6238
19335,15:54:04.972,2016,-0.0154,1.6246
19336,15:54:04.972,2018,-0.0144,1.6262
19337,15:54:04.973,2020,-0.0134,1.6278
19338,15:54:04.973,2019,-0.0139,1.6270
19339,15:54:04.974,2021,-0.0129,1.6286
19340,15:54:04.974,2022,-0.0125,1.6295
19341,15:54:04.975,2017,-0.0149,1.6254
19342,15:54:04.975,2020,-0.0134,1.6278
19343,15:54:04.976,2024,-0.0115,1.6311
19344,15:54:04.976,2024,-0.0115,1.6311
19345,15:54:04.977,2026,-0.0105,1.6327
19346,15:54:04.977,2030,-0.0085,1.6359
19347,15:54:04.978,2029,-0.0090,1.6351
19348,15:54:04.978,2027,-0.0100,1.6335
19349,15:54:04.979,2025,-0.0110,1.6319
19350,15:54:04.979,2028,-0.0095,1.6343
19351,15:54:04.980,2020,-0.0134,1.6278
19352,15:54:04.980,2021,-0.0129,1.6286
19353,15:54:04.981,2022,-0.0125,1.6295
19354,15:54:04.981,2021,-0.0129,1.6286
19355,15:54:04.982,2020,-0.0134,1.6278
19356,15:54:04.982,2017,-0.0149,1.6254
19357,15:54:04.983,2018,-0.0144,1.6262
19358,15:54:04.983,2013,-0.0168,1.6222
19359,15:54:04.984,2011,-0.0178,1.6206
19360,15:54:04.984,2016,-0.0154,1.6246
19361,15:54:04.985,2015,-0.0159,1.6238
19362,15:54:04.985,2018,-0.0144,1.6262
19363,15:54:04.986,2016,-0.0154,1.6246
19364,15:54:04.986,2014,-0.0164,1.6230
19365,15:54:04.987,2022,-0.0125,1.6295
19366,15:54:04.987,2023,-0.0120,1.6303
19367,15:54:04.988,2023,-0.0120,1.6303
19368,15:54:04.988,2024,-0.0115,1.6311
19369,15:54:04.989,2029,-0.0090,1.6351
19370,15:54:04.989,2030,-0.0085,1.6359
19371,15:54:04.990,2033,-0.0071,1.6383
19372,15:54:04.990,2030,-0.0085,1.6359
19373,15:54:04.991,2029,-0.0090,1.6351
19374,15:54:04.991,2028,-0.0095,1.6343
19375,15:54:04.992,2027,-0.0100,1.6335
19376,15:54:04.992,2026,-0.0105,1.6327
19377,15:54:04.993,2025,-0.0110,1.6319
19378,15:54:04.993,2026,-0.0105,1.6327
19379,15:54:04.994,2022,-0.0125,1.6295
19380,15:54:04.994,2024,-0.0115,1.6311
19381,15:54:04.995,2021,-0.0129,1.6286
19382,15:54:04.995,2017,-0.0149,1.6254
19383,15:54:04.996,2020,-0.0134,1.6278
19384,15:54:04.996,2016,-0.0154,1.6246
19385,15:54:04.997,2016,-0.0154,1.6246
19386,15:54:04.997,2018,-0.0144,1.6262
19387,15:54:04.998,2017,-0.0149,1.6254
19388,15:54:04.998,2018,-0.0144,1.6262
19389,15:54:04.999,2020,-0.0134,1.6278
19390,15:54:04.999,2019,-0.0139,1.6270
19391,15:54:05.000,2023,-0.0120,1.6303
19392,15:54:05.000,2025,-0.0110,1.6319
19393,15:54:05.001,2024,-0.0115,1.6311
19394,15:54:05.001,2030,-0.0085,1.6359
19395,15:54:05.002,2027,-0.0100,1.6335
19396,15:54:05.002,2028,-0.0095,1.6343
19397,15:54:05.003,2029,-0.0090,1.6351
19398,15:54:05.003,2029,-0.0090,1.6351
19399,15:54:05.004,2031,-0.0081,1.6367
19400,15:54:05.004,2028,-0.0095,1.6343
19401,15:54:05.005,2019,-0.0139,1.6270
19402,15:54:05.005,2024,-0.0115,1.6311
19403,15:54:05.006,2021,-0.0129,1.6286
19404,15:54:05.006,2019,-0.0139,1.6270
19405,15:54:05.007,2020,-0.0134,1.6278
19406,15:54:05.007,2018,-0.0144,1.6262
19407,15:54:05.008,2019,-0.0139,1.6270
19408,15:54:05.008,2017,-0.0149,1.6254
19409,15:54:05.009,2014,-0.0164,1.6230
19410,15:54:05.009,2017,-0.0149,1.6254
19411,15:54:05.010,2014,-0.0164,1.6230
19412,15:54:05.010,2012,-0.0173,1.6214
19413,15:54:05.011,2019,-0.0139,1.6270
19414,15:54:05.011,2020,-0.0134,1.6278
19415,15:54:05.012,2021,-0.0129,1.6286
19416,15:54:05.012,2021,-0.0129,1.6286
19417,15:54:05.013,2024,-0.0115,1.6311
19418,15:54:05.013,2021,-0.0129,1.6286
19419,15:54:05.014,2028,-0.0095,1.6343
19420,15:54:05.014,2027,-0.0100,1.6335
19421,15:54:05.015,2030,-0.0085,1.6359
19422,15:54:05.015,2027,-0.0100,1.6335
19423,15:54:05.016,2026,-0.0105,1.6327
19424,15:54:05.016,2028,-0.0095,1.6343
19425,15:54:05.017,2027,-0.0100,1.6335
19426,15:54:05.017,2024,-0.0115,1.6311
19427,15:54:05.018,2024,-0.0115,1.6311
19428,15:54:05.018,2026,-0.0105,1.6327
19429,15:54:05.019,2024,-0.0115,1.6311
19430,15:54:05.019,2025,-0.0110,1.6319
19431,15:54:05.020,2018,-0.0144,1.6262
19432,15:54:05.020,2019,-0.0139,1.6270
19433,15:54:05.021,2016,-0.0154,1.6246
19434,15:54:05.021,2019,-0.0139,1.6270
19435,15:54:05.022,2021,-0.0129,1.6286
19436,15:54:05.022,2016,-0.0154,1.6246
19437,15:54:05.023,2020,-0.0134,1.6278
19438,15:54:05.023,2020,-0.0134,1.6278
19439,15:54:05.024,2021,-0.0129,1.6286
