sample_index,real_time_s,raw_adc,amplitude
0,20:14:47.114,3815,0.8632
1,20:14:47.114,3790,0.8510
2,20:14:47.115,3821,0.8662
3,20:14:47.115,3822,0.8667
4,20:14:47.116,3806,0.8589
5,20:14:47.116,3818,0.8647
6,20:14:47.117,3819,0.8652
7,20:14:47.117,3825,0.8681
8,20:14:47.118,3826,0.8686
9,20:14:47.118,3809,0.8603
10,20:14:47.119,3820,0.8657
11,20:14:47.119,3831,0.8711
12,20:14:47.120,3818,0.8647
13,20:14:47.120,3807,0.8593
14,20:14:47.121,3810,0.8608
15,20:14:47.121,3806,0.8589
16,20:14:47.122,3807,0.8593
17,20:14:47.122,3786,0.8491
18,20:14:47.123,3789,0.8505
19,20:14:47.123,3795,0.8535
20,20:14:47.124,3797,0.8545
21,20:14:47.124,3794,0.8530
22,20:14:47.125,3770,0.8413
23,20:14:47.125,3771,0.8418
24,20:14:47.126,3768,0.8403
25,20:14:47.126,3769,0.8408
26,20:14:47.127,3770,0.8413
27,20:14:47.127,3764,0.8383
28,20:14:47.128,3760,0.8364
29,20:14:47.128,3764,0.8383
30,20:14:47.129,3766,0.8393
31,20:14:47.129,3762,0.8374
32,20:14:47.130,3769,0.8408
33,20:14:47.130,3770,0.8413
34,20:14:47.131,3770,0.8413
35,20:14:47.131,3787,0.8496
36,20:14:47.132,3786,0.8491
37,20:14:47.132,3803,0.8574
38,20:14:47.133,3786,0.8491
39,20:14:47.133,3795,0.8535
40,20:14:47.134,3772,0.8422
41,20:14:47.134,3787,0.8496
42,20:14:47.135,3827,0.8691
43,20:14:47.135,3811,0.8613
44,20:14:47.136,3819,0.8652
45,20:14:47.136,3817,0.8642
46,20:14:47.137,3817,0.8642
47,20:14:47.137,3820,0.8657
48,20:14:47.138,3824,0.8676
49,20:14:47.138,3819,0.8652
50,20:14:47.139,3819,0.8652
51,20:14:47.139,3813,0.8623
52,20:14:47.140,3816,0.8637
53,20:14:47.140,3819,0.8652
54,20:14:47.141,3823,0.8672
55,20:14:47.141,3812,0.8618
56,20:14:47.142,3800,0.8559
57,20:14:47.142,3800,0.8559
58,20:14:47.143,3825,0.8681
59,20:14:47.143,3796,0.8540
60,20:14:47.144,3782,0.8471
61,20:14:47.144,3782,0.8471
62,20:14:47.145,3761,0.8369
63,20:14:47.145,3771,0.8418
64,20:14:47.146,3771,0.8418
65,20:14:47.146,3772,0.8422
66,20:14:47.147,3770,0.8413
67,20:14:47.147,3766,0.8393
68,20:14:47.148,3763,0.8379
69,20:14:47.148,3768,0.8403
70,20:14:47.149,3767,0.8398
71,20:14:47.149,3767,0.8398
72,20:14:47.150,3768,0.8403
73,20:14:47.150,3756,0.8344
74,20:14:47.151,3778,0.8452
75,20:14:47.151,3782,0.8471
76,20:14:47.152,3789,0.8505
77,20:14:47.152,3802,0.8569
78,20:14:47.153,3795,0.8535
79,20:14:47.153,3779,0.8457
80,20:14:47.154,3786,0.8491
81,20:14:47.154,3806,0.8589
82,20:14:47.155,3834,0.8725
83,20:14:47.155,3821,0.8662
84,20:14:47.156,3818,0.8647
85,20:14:47.156,3817,0.8642
86,20:14:47.157,3822,0.8667
87,20:14:47.157,3827,0.8691
88,20:14:47.158,3819,0.8652
89,20:14:47.158,3822,0.8667
90,20:14:47.159,3820,0.8657
91,20:14:47.159,3814,0.8628
92,20:14:47.160,3808,0.8598
93,20:14:47.160,3825,0.8681
94,20:14:47.161,3816,0.8637
95,20:14:47.161,3801,0.8564
96,20:14:47.162,3791,0.8515
97,20:14:47.162,3765,0.8388
98,20:14:47.163,3797,0.8545
99,20:14:47.163,3796,0.8540
100,20:14:47.164,3798,0.8549
101,20:14:47.164,3788,0.8501
102,20:14:47.165,3777,0.8447
103,20:14:47.165,3772,0.8422
104,20:14:47.166,3777,0.8447
105,20:14:47.166,3791,0.8515
106,20:14:47.167,3776,0.8442
107,20:14:47.167,3766,0.8393
108,20:14:47.168,3767,0.8398
109,20:14:47.168,3770,0.8413
110,20:14:47.169,3769,0.8408
111,20:14:47.169,3770,0.8413
112,20:14:47.170,3761,0.8369
113,20:14:47.170,3760,0.8364
114,20:14:47.171,3786,0.8491
115,20:14:47.171,3774,0.8432
116,20:14:47.172,3777,0.8447
117,20:14:47.172,3802,0.8569
118,20:14:47.173,3798,0.8549
119,20:14:47.173,3802,0.8569
120,20:14:47.174,3796,0.8540
121,20:14:47.174,3803,0.8574
122,20:14:47.175,3828,0.8696
123,20:14:47.175,3818,0.8647
124,20:14:47.176,3820,0.8657
125,20:14:47.176,3820,0.8657
126,20:14:47.177,3826,0.8686
127,20:14:47.177,3820,0.8657
128,20:14:47.178,3826,0.8686
129,20:14:47.178,3819,0.8652
130,20:14:47.179,3825,0.8681
131,20:14:47.179,3820,0.8657
132,20:14:47.180,3809,0.8603
133,20:14:47.180,3819,0.8652
134,20:14:47.181,3871,0.8906
135,20:14:47.181,3801,0.8564
136,20:14:47.182,3808,0.8598
137,20:14:47.182,3814,0.8628
138,20:14:47.183,3801,0.8564
139,20:14:47.183,3788,0.8501
140,20:14:47.184,3767,0.8398
141,20:14:47.184,3856,0.8833
142,20:14:47.185,3776,0.8442
143,20:14:47.185,3783,0.8476
144,20:14:47.186,3773,0.8427
145,20:14:47.186,3769,0.8408
146,20:14:47.187,3797,0.8545
147,20:14:47.187,3772,0.8422
148,20:14:47.188,3765,0.8388
149,20:14:47.188,3770,0.8413
150,20:14:47.189,3759,0.8359
151,20:14:47.189,3769,0.8408
152,20:14:47.190,3764,0.8383
153,20:14:47.190,3770,0.8413
154,20:14:47.191,3782,0.8471
155,20:14:47.191,3781,0.8466
156,20:14:47.192,3790,0.8510
157,20:14:47.192,3800,0.8559
158,20:14:47.193,3787,0.8496
159,20:14:47.193,3792,0.8520
160,20:14:47.194,3797,0.8545
161,20:14:47.194,3796,0.8540
162,20:14:47.195,3824,0.8676
163,20:14:47.195,3806,0.8589
164,20:14:47.196,3809,0.8603
165,20:14:47.196,3830,0.8706
166,20:14:47.197,3824,0.8676
167,20:14:47.197,3821,0.8662
168,20:14:47.198,3821,0.8662
169,20:14:47.198,3817,0.8642
170,20:14:47.199,3825,0.8681
171,20:14:47.199,3821,0.8662
172,20:14:47.200,3817,0.8642
173,20:14:47.200,3830,0.8706
174,20:14:47.201,3814,0.8628
175,20:14:47.201,3797,0.8545
176,20:14:47.202,3793,0.8525
177,20:14:47.202,3763,0.8379
178,20:14:47.203,3795,0.8535
179,20:14:47.203,3797,0.8545
180,20:14:47.204,3833,0.8720
181,20:14:47.204,3789,0.8505
182,20:14:47.205,3771,0.8418
183,20:14:47.205,3779,0.8457
184,20:14:47.206,3779,0.8457
185,20:14:47.206,3774,0.8432
186,20:14:47.207,3770,0.8413
187,20:14:47.207,3767,0.8398
188,20:14:47.208,3772,0.8422
189,20:14:47.208,3770,0.8413
190,20:14:47.209,3766,0.8393
191,20:14:47.209,3759,0.8359
192,20:14:47.210,3760,0.8364
193,20:14:47.210,3774,0.8432
194,20:14:47.211,3765,0.8388
195,20:14:47.211,3778,0.8452
196,20:14:47.212,3793,0.8525
197,20:14:47.212,3793,0.8525
198,20:14:47.213,3794,0.8530
199,20:14:47.213,3806,0.8589
200,20:14:47.214,3786,0.8491
201,20:14:47.214,3804,0.8579
202,20:14:47.215,3824,0.8676
203,20:14:47.215,3819,0.8652
204,20:14:47.216,3794,0.8530
205,20:14:47.216,3823,0.8672
206,20:14:47.217,3822,0.8667
207,20:14:47.217,3825,0.8681
208,20:14:47.218,3822,0.8667
209,20:14:47.218,3812,0.8618
210,20:14:47.219,3814,0.8628
211,20:14:47.219,3826,0.8686
212,20:14:47.220,3820,0.8657
213,20:14:47.220,3812,0.8618
214,20:14:47.221,3833,0.8720
215,20:14:47.221,3803,0.8574
216,20:14:47.222,3807,0.8593
217,20:14:47.222,3810,0.8608
218,20:14:47.223,3807,0.8593
219,20:14:47.223,3788,0.8501
220,20:14:47.224,3797,0.8545
221,20:14:47.224,3800,0.8559
222,20:14:47.225,3768,0.8403
223,20:14:47.225,3772,0.8422
224,20:14:47.226,3771,0.8418
225,20:14:47.226,3771,0.8418
226,20:14:47.227,3768,0.8403
227,20:14:47.227,3770,0.8413
228,20:14:47.228,3770,0.8413
229,20:14:47.228,3765,0.8388
230,20:14:47.229,3817,0.8642
231,20:14:47.229,3769,0.8408
232,20:14:47.230,3774,0.8432
233,20:14:47.230,3769,0.8408
234,20:14:47.231,3781,0.8466
235,20:14:47.231,3806,0.8589
236,20:14:47.232,3785,0.8486
237,20:14:47.232,3804,0.8579
238,20:14:47.233,3796,0.8540
239,20:14:47.233,3794,0.8530
240,20:14:47.234,3807,0.8593
241,20:14:47.234,3782,0.8471
242,20:14:47.235,3807,0.8593
243,20:14:47.235,3815,0.8632
244,20:14:47.236,3825,0.8681
245,20:14:47.236,3815,0.8632
246,20:14:47.237,3818,0.8647
247,20:14:47.237,3828,0.8696
248,20:14:47.238,3827,0.8691
249,20:14:47.238,3818,0.8647
250,20:14:47.239,3819,0.8652
251,20:14:47.239,3819,0.8652
252,20:14:47.240,3842,0.8764
253,20:14:47.240,3829,0.8701
254,20:14:47.241,3812,0.8618
255,20:14:47.241,3805,0.8584
256,20:14:47.242,3811,0.8613
257,20:14:47.242,3796,0.8540
258,20:14:47.243,3804,0.8579
259,20:14:47.243,3793,0.8525
260,20:14:47.244,3785,0.8486
261,20:14:47.244,3795,0.8535
262,20:14:47.245,3771,0.8418
263,20:14:47.245,3785,0.8486
264,20:14:47.246,3774,0.8432
265,20:14:47.246,3774,0.8432
266,20:14:47.247,3770,0.8413
267,20:14:47.247,3778,0.8452
268,20:14:47.248,3765,0.8388
269,20:14:47.248,3773,0.8427
270,20:14:47.249,3767,0.8398
271,20:14:47.249,3759,0.8359
272,20:14:47.250,3770,0.8413
273,20:14:47.250,3757,0.8349
274,20:14:47.251,3776,0.8442
275,20:14:47.251,3791,0.8515
276,20:14:47.252,3791,0.8515
277,20:14:47.252,3782,0.8471
278,20:14:47.253,3807,0.8593
279,20:14:47.253,3796,0.8540
280,20:14:47.254,3796,0.8540
281,20:14:47.254,3807,0.8593
282,20:14:47.255,3828,0.8696
283,20:14:47.255,3815,0.8632
284,20:14:47.256,3796,0.8540
285,20:14:47.256,3819,0.8652
286,20:14:47.257,3824,0.8676
287,20:14:47.257,3829,0.8701
288,20:14:47.258,3826,0.8686
289,20:14:47.258,3818,0.8647
290,20:14:47.259,3818,0.8647
291,20:14:47.259,3823,0.8672
292,20:14:47.260,3820,0.8657
293,20:14:47.260,3820,0.8657
294,20:14:47.261,3818,0.8647
295,20:14:47.261,3859,0.8847
296,20:14:47.262,3805,0.8584
297,20:14:47.262,3806,0.8589
298,20:14:47.263,3797,0.8545
299,20:14:47.263,3789,0.8505
300,20:14:47.264,3782,0.8471
301,20:14:47.264,3794,0.8530
302,20:14:47.265,3771,0.8418
303,20:14:47.265,3781,0.8466
304,20:14:47.266,3770,0.8413
305,20:14:47.266,3778,0.8452
306,20:14:47.267,3775,0.8437
307,20:14:47.267,3768,0.8403
308,20:14:47.268,3763,0.8379
309,20:14:47.268,3771,0.8418
310,20:14:47.269,3780,0.8462
311,20:14:47.269,3771,0.8418
312,20:14:47.270,3761,0.8369
313,20:14:47.270,3773,0.8427
314,20:14:47.271,3820,0.8657
315,20:14:47.271,3780,0.8462
316,20:14:47.272,3773,0.8427
317,20:14:47.272,3800,0.8559
318,20:14:47.273,3797,0.8545
319,20:14:47.273,3790,0.8510
320,20:14:47.274,3792,0.8520
321,20:14:47.274,3804,0.8579
322,20:14:47.275,3830,0.8706
323,20:14:47.275,3824,0.8676
324,20:14:47.276,3818,0.8647
325,20:14:47.276,3825,0.8681
326,20:14:47.277,3824,0.8676
327,20:14:47.277,3828,0.8696
328,20:14:47.278,3829,0.8701
329,20:14:47.278,3822,0.8667
330,20:14:47.279,3817,0.8642
331,20:14:47.279,3809,0.8603
332,20:14:47.280,3817,0.8642
333,20:14:47.280,3811,0.8613
334,20:14:47.281,3808,0.8598
335,20:14:47.281,3803,0.8574
336,20:14:47.282,3796,0.8540
337,20:14:47.282,3792,0.8520
338,20:14:47.283,3784,0.8481
339,20:14:47.283,3801,0.8564
340,20:14:47.284,3803,0.8574
341,20:14:47.284,3796,0.8540
342,20:14:47.285,3693,0.8037
343,20:14:47.285,3779,0.8457
344,20:14:47.286,3773,0.8427
345,20:14:47.286,3774,0.8432
346,20:14:47.287,3766,0.8393
347,20:14:47.287,3773,0.8427
348,20:14:47.288,3774,0.8432
349,20:14:47.288,3753,0.8330
350,20:14:47.289,3777,0.8447
351,20:14:47.289,3779,0.8457
352,20:14:47.290,3782,0.8471
353,20:14:47.290,3763,0.8379
354,20:14:47.291,3757,0.8349
355,20:14:47.291,3786,0.8491
356,20:14:47.292,3848,0.8794
357,20:14:47.292,3788,0.8501
358,20:14:47.293,3792,0.8520
359,20:14:47.293,3796,0.8540
360,20:14:47.294,3804,0.8579
361,20:14:47.294,3801,0.8564
362,20:14:47.295,3834,0.8725
363,20:14:47.295,3822,0.8667
364,20:14:47.296,3782,0.8471
365,20:14:47.296,3819,0.8652
366,20:14:47.297,3825,0.8681
367,20:14:47.297,3828,0.8696
368,20:14:47.298,3819,0.8652
369,20:14:47.298,3805,0.8584
370,20:14:47.299,3819,0.8652
371,20:14:47.299,3823,0.8672
372,20:14:47.300,3806,0.8589
373,20:14:47.300,3819,0.8652
374,20:14:47.301,3812,0.8618
375,20:14:47.301,3793,0.8525
376,20:14:47.302,3798,0.8549
377,20:14:47.302,3784,0.8481
378,20:14:47.303,3799,0.8554
379,20:14:47.303,3834,0.8725
380,20:14:47.304,3806,0.8589
381,20:14:47.304,3790,0.8510
382,20:14:47.305,3773,0.8427
383,20:14:47.305,3776,0.8442
384,20:14:47.306,3775,0.8437
385,20:14:47.306,3771,0.8418
386,20:14:47.307,3775,0.8437
387,20:14:47.307,3771,0.8418
388,20:14:47.308,3766,0.8393
389,20:14:47.308,3773,0.8427
390,20:14:47.309,3775,0.8437
391,20:14:47.309,3769,0.8408
392,20:14:47.310,3770,0.8413
393,20:14:47.310,3778,0.8452
394,20:14:47.311,3768,0.8403
395,20:14:47.311,3786,0.8491
396,20:14:47.312,3784,0.8481
397,20:14:47.312,3800,0.8559
398,20:14:47.313,3782,0.8471
399,20:14:47.313,3799,0.8554
400,20:14:47.314,3732,0.8227
401,20:14:47.314,3789,0.8505
402,20:14:47.315,3836,0.8735
403,20:14:47.315,3825,0.8681
404,20:14:47.316,3812,0.8618
405,20:14:47.316,3822,0.8667
406,20:14:47.317,3819,0.8652
407,20:14:47.317,3827,0.8691
408,20:14:47.318,3819,0.8652
409,20:14:47.318,3822,0.8667
410,20:14:47.319,3815,0.8632
411,20:14:47.319,3817,0.8642
412,20:14:47.320,3821,0.8662
413,20:14:47.320,3822,0.8667
414,20:14:47.321,3812,0.8618
415,20:14:47.321,3793,0.8525
416,20:14:47.322,3794,0.8530
417,20:14:47.322,3792,0.8520
418,20:14:47.323,3792,0.8520
419,20:14:47.323,3790,0.8510
420,20:14:47.324,3805,0.8584
421,20:14:47.324,3792,0.8520
422,20:14:47.325,3776,0.8442
423,20:14:47.325,3773,0.8427
424,20:14:47.326,3775,0.8437
425,20:14:47.326,3767,0.8398
426,20:14:47.327,3767,0.8398
427,20:14:47.327,3764,0.8383
428,20:14:47.328,3766,0.8393
429,20:14:47.328,3777,0.8447
430,20:14:47.329,3790,0.8510
431,20:14:47.329,3773,0.8427
432,20:14:47.330,3770,0.8413
433,20:14:47.330,3766,0.8393
434,20:14:47.331,3776,0.8442
435,20:14:47.331,3779,0.8457
436,20:14:47.332,3782,0.8471
437,20:14:47.332,3778,0.8452
438,20:14:47.333,3792,0.8520
439,20:14:47.333,3791,0.8515
440,20:14:47.334,3797,0.8545
441,20:14:47.334,3799,0.8554
442,20:14:47.335,3812,0.8618
443,20:14:47.335,3815,0.8632
444,20:14:47.336,3832,0.8716
445,20:14:47.336,3820,0.8657
446,20:14:47.337,3819,0.8652
447,20:14:47.337,3824,0.8676
448,20:14:47.338,3820,0.8657
449,20:14:47.338,3822,0.8667
450,20:14:47.339,3814,0.8628
451,20:14:47.339,3809,0.8603
452,20:14:47.340,3818,0.8647
453,20:14:47.340,3820,0.8657
454,20:14:47.341,3828,0.8696
455,20:14:47.341,3802,0.8569
456,20:14:47.342,3799,0.8554
457,20:14:47.342,3804,0.8579
458,20:14:47.343,3815,0.8632
459,20:14:47.343,3793,0.8525
460,20:14:47.344,3794,0.8530
461,20:14:47.344,3800,0.8559
462,20:14:47.345,3767,0.8398
463,20:14:47.345,3828,0.8696
464,20:14:47.346,3782,0.8471
465,20:14:47.346,3774,0.8432
466,20:14:47.347,3770,0.8413
467,20:14:47.347,3767,0.8398
468,20:14:47.348,3768,0.8403
469,20:14:47.348,3771,0.8418
470,20:14:47.349,3768,0.8403
471,20:14:47.349,3775,0.8437
472,20:14:47.350,3772,0.8422
473,20:14:47.350,3762,0.8374
474,20:14:47.351,3775,0.8437
475,20:14:47.351,3780,0.8462
476,20:14:47.352,3778,0.8452
477,20:14:47.352,3803,0.8574
478,20:14:47.353,3803,0.8574
479,20:14:47.353,3786,0.8491
480,20:14:47.354,3797,0.8545
481,20:14:47.354,3856,0.8833
482,20:14:47.355,3826,0.8686
483,20:14:47.355,3812,0.8618
484,20:14:47.356,3824,0.8676
485,20:14:47.356,3819,0.8652
486,20:14:47.357,3820,0.8657
487,20:14:47.357,3820,0.8657
488,20:14:47.358,3813,0.8623
489,20:14:47.358,3816,0.8637
490,20:14:47.359,3812,0.8618
491,20:14:47.359,3816,0.8637
492,20:14:47.360,3812,0.8618
493,20:14:47.360,3812,0.8618
494,20:14:47.361,3813,0.8623
495,20:14:47.361,3778,0.8452
496,20:14:47.362,3794,0.8530
497,20:14:47.362,3793,0.8525
498,20:14:47.363,3801,0.8564
499,20:14:47.363,3787,0.8496
500,20:14:47.364,3816,0.8637
501,20:14:47.364,3772,0.8422
502,20:14:47.365,3773,0.8427
503,20:14:47.365,3779,0.8457
504,20:14:47.366,3780,0.8462
505,20:14:47.366,3776,0.8442
506,20:14:47.367,3773,0.8427
507,20:14:47.367,3764,0.8383
508,20:14:47.368,3771,0.8418
509,20:14:47.368,3776,0.8442
510,20:14:47.369,3776,0.8442
511,20:14:47.369,3770,0.8413
512,20:14:47.370,3769,0.8408
513,20:14:47.370,3792,0.8520
514,20:14:47.371,3769,0.8408
515,20:14:47.371,3794,0.8530
516,20:14:47.372,3798,0.8549
517,20:14:47.372,3786,0.8491
518,20:14:47.373,3796,0.8540
519,20:14:47.373,3804,0.8579
520,20:14:47.374,3811,0.8613
521,20:14:47.374,3792,0.8520
522,20:14:47.375,3824,0.8676
523,20:14:47.375,3811,0.8613
524,20:14:47.376,3820,0.8657
525,20:14:47.376,3813,0.8623
526,20:14:47.377,3813,0.8623
527,20:14:47.377,3814,0.8628
528,20:14:47.378,3816,0.8637
529,20:14:47.378,3811,0.8613
530,20:14:47.379,3827,0.8691
531,20:14:47.379,3808,0.8598
532,20:14:47.380,3809,0.8603
533,20:14:47.380,3810,0.8608
534,20:14:47.381,3798,0.8549
535,20:14:47.381,3796,0.8540
536,20:14:47.382,3798,0.8549
537,20:14:47.382,3783,0.8476
538,20:14:47.383,3811,0.8613
539,20:14:47.383,3818,0.8647
540,20:14:47.384,3778,0.8452
541,20:14:47.384,3775,0.8437
542,20:14:47.385,3777,0.8447
543,20:14:47.385,3792,0.8520
544,20:14:47.386,3777,0.8447
545,20:14:47.386,3777,0.8447
546,20:14:47.387,3772,0.8422
547,20:14:47.387,3774,0.8432
548,20:14:47.388,3769,0.8408
549,20:14:47.388,3765,0.8388
550,20:14:47.389,3777,0.8447
551,20:14:47.389,3786,0.8491
552,20:14:47.390,3795,0.8535
553,20:14:47.390,3771,0.8418
554,20:14:47.391,3778,0.8452
555,20:14:47.391,3789,0.8505
556,20:14:47.392,3795,0.8535
557,20:14:47.392,3779,0.8457
558,20:14:47.393,3801,0.8564
559,20:14:47.393,3716,0.8149
560,20:14:47.394,3803,0.8574
561,20:14:47.394,3811,0.8613
562,20:14:47.395,3816,0.8637
563,20:14:47.395,3810,0.8608
564,20:14:47.396,3815,0.8632
565,20:14:47.396,3814,0.8628
566,20:14:47.397,3811,0.8613
567,20:14:47.397,3811,0.8613
568,20:14:47.398,3817,0.8642
569,20:14:47.398,3816,0.8637
570,20:14:47.399,3823,0.8672
571,20:14:47.399,3818,0.8647
572,20:14:47.400,3788,0.8501
573,20:14:47.400,3807,0.8593
574,20:14:47.401,3803,0.8574
575,20:14:47.401,3794,0.8530
576,20:14:47.402,3807,0.8593
577,20:14:47.402,3790,0.8510
578,20:14:47.403,3781,0.8466
579,20:14:47.403,3803,0.8574
580,20:14:47.404,3784,0.8481
581,20:14:47.404,3766,0.8393
582,20:14:47.405,3763,0.8379
583,20:14:47.405,3772,0.8422
584,20:14:47.406,3782,0.8471
585,20:14:47.406,3776,0.8442
586,20:14:47.407,3772,0.8422
587,20:14:47.407,3774,0.8432
588,20:14:47.408,3768,0.8403
589,20:14:47.408,3774,0.8432
590,20:14:47.409,3766,0.8393
591,20:14:47.409,3760,0.8364
592,20:14:47.410,3779,0.8457
593,20:14:47.410,3810,0.8608
594,20:14:47.411,3784,0.8481
595,20:14:47.411,3785,0.8486
596,20:14:47.412,3793,0.8525
597,20:14:47.412,3803,0.8574
598,20:14:47.413,3770,0.8413
599,20:14:47.413,3797,0.8545
600,20:14:47.414,3798,0.8549
601,20:14:47.414,3809,0.8603
602,20:14:47.415,3824,0.8676
603,20:14:47.415,3818,0.8647
604,20:14:47.416,3817,0.8642
605,20:14:47.416,3818,0.8647
606,20:14:47.417,3807,0.8593
607,20:14:47.417,3810,0.8608
608,20:14:47.418,3821,0.8662
609,20:14:47.418,3812,0.8618
610,20:14:47.419,3806,0.8589
611,20:14:47.419,3813,0.8623
612,20:14:47.420,3826,0.8686
613,20:14:47.420,3805,0.8584
614,20:14:47.421,3803,0.8574
615,20:14:47.421,2875,0.4042
616,20:14:47.422,3143,0.5350
617,20:14:47.422,3133,0.5302
618,20:14:47.423,3608,0.7621
619,20:14:47.423,3485,0.7021
620,20:14:47.424,3663,0.7890
621,20:14:47.424,3771,0.8418
622,20:14:47.425,3742,0.8276
623,20:14:47.425,3570,0.7436
624,20:14:47.426,3544,0.7309
625,20:14:47.426,3435,0.6777
626,20:14:47.427,3315,0.6190
627,20:14:47.427,3147,0.5370
628,20:14:47.428,2946,0.4388
629,20:14:47.428,2820,0.3773
630,20:14:47.429,2706,0.3216
631,20:14:47.429,3077,0.5028
632,20:14:47.430,3151,0.5389
633,20:14:47.430,3086,0.5072
634,20:14:47.431,3300,0.6117
635,20:14:47.431,3743,0.8281
636,20:14:47.432,3390,0.6557
637,20:14:47.432,3400,0.6606
638,20:14:47.433,3377,0.6493
639,20:14:47.433,3430,0.6752
640,20:14:47.434,3240,0.5824
641,20:14:47.434,3530,0.7241
642,20:14:47.435,3379,0.6503
643,20:14:47.435,3470,0.6947
644,20:14:47.436,3285,0.6044
645,20:14:47.436,3324,0.6234
646,20:14:47.437,3260,0.5922
647,20:14:47.437,3203,0.5643
648,20:14:47.438,3179,0.5526
649,20:14:47.438,3281,0.6024
650,20:14:47.439,3208,0.5668
651,20:14:47.439,3269,0.5966
652,20:14:47.440,3395,0.6581
653,20:14:47.440,3578,0.7475
654,20:14:47.441,4095,1.0000
655,20:14:47.441,3549,0.7333
656,20:14:47.442,3474,0.6967
657,20:14:47.442,3501,0.7099
658,20:14:47.443,3585,0.7509
659,20:14:47.443,3599,0.7578
660,20:14:47.444,3520,0.7192
661,20:14:47.444,3443,0.6816
662,20:14:47.445,3571,0.7441
663,20:14:47.445,3558,0.7377
664,20:14:47.446,3476,0.6977
665,20:14:47.446,3390,0.6557
666,20:14:47.447,3368,0.6449
667,20:14:47.447,3338,0.6303
668,20:14:47.448,3352,0.6371
669,20:14:47.448,3256,0.5902
670,20:14:47.449,3493,0.7060
671,20:14:47.449,3527,0.7226
672,20:14:47.450,3465,0.6923
673,20:14:47.450,3511,0.7148
674,20:14:47.451,3530,0.7241
675,20:14:47.451,3414,0.6674
676,20:14:47.452,3515,0.7167
677,20:14:47.452,3686,0.8002
678,20:14:47.453,3623,0.7695
679,20:14:47.453,3591,0.7538
680,20:14:47.454,3571,0.7441
681,20:14:47.454,3743,0.8281
682,20:14:47.455,3588,0.7524
683,20:14:47.455,3629,0.7724
684,20:14:47.456,3674,0.7944
685,20:14:47.456,3657,0.7861
686,20:14:47.457,3641,0.7783
687,20:14:47.457,3549,0.7333
688,20:14:47.458,3524,0.7211
689,20:14:47.458,3665,0.7900
690,20:14:47.459,3765,0.8388
691,20:14:47.459,3688,0.8012
692,20:14:47.460,3797,0.8545
693,20:14:47.460,3669,0.7919
694,20:14:47.461,3720,0.8168
695,20:14:47.461,3669,0.7919
696,20:14:47.462,3669,0.7919
697,20:14:47.462,3789,0.8505
698,20:14:47.463,3562,0.7397
699,20:14:47.463,3525,0.7216
700,20:14:47.464,3751,0.8320
701,20:14:47.464,3610,0.7631
702,20:14:47.465,3612,0.7641
703,20:14:47.465,3619,0.7675
704,20:14:47.466,3684,0.7993
705,20:14:47.466,3492,0.7055
706,20:14:47.467,3478,0.6987
707,20:14:47.467,3335,0.6288
708,20:14:47.468,3346,0.6342
709,20:14:47.468,3401,0.6611
710,20:14:47.469,3476,0.6977
711,20:14:47.469,3461,0.6904
712,20:14:47.470,3419,0.6698
713,20:14:47.470,3452,0.6860
714,20:14:47.471,3656,0.7856
715,20:14:47.471,3540,0.7289
716,20:14:47.472,3555,0.7363
717,20:14:47.472,3224,0.5746
718,20:14:47.473,3727,0.8203
719,20:14:47.473,3843,0.8769
720,20:14:47.474,3520,0.7192
721,20:14:47.474,3533,0.7255
722,20:14:47.475,3718,0.8159
723,20:14:47.475,3662,0.7885
724,20:14:47.476,3633,0.7744
725,20:14:47.476,3613,0.7646
726,20:14:47.477,3556,0.7368
727,20:14:47.477,3431,0.6757
728,20:14:47.478,3355,0.6386
729,20:14:47.478,3480,0.6996
730,20:14:47.479,3523,0.7206
731,20:14:47.479,3567,0.7421
732,20:14:47.480,3611,0.7636
733,20:14:47.480,3622,0.7690
734,20:14:47.481,3604,0.7602
735,20:14:47.481,3608,0.7621
736,20:14:47.482,3594,0.7553
737,20:14:47.482,3688,0.8012
738,20:14:47.483,3532,0.7250
739,20:14:47.483,3460,0.6899
740,20:14:47.484,3519,0.7187
741,20:14:47.484,3427,0.6737
742,20:14:47.485,4033,0.9697
743,20:14:47.485,3484,0.7016
744,20:14:47.486,3275,0.5995
745,20:14:47.486,3262,0.5932
746,20:14:47.487,3279,0.6015
747,20:14:47.487,3009,0.4696
748,20:14:47.488,2890,0.4115
749,20:14:47.488,2784,0.3597
750,20:14:47.489,3150,0.5385
751,20:14:47.489,3219,0.5722
752,20:14:47.490,3290,0.6068
753,20:14:47.490,3175,0.5507
754,20:14:47.491,3108,0.5179
755,20:14:47.491,3077,0.5028
756,20:14:47.492,3430,0.6752
757,20:14:47.492,3416,0.6684
758,20:14:47.493,3241,0.5829
759,20:14:47.493,3233,0.5790
760,20:14:47.494,3341,0.6317
761,20:14:47.494,3421,0.6708
762,20:14:47.495,3321,0.6220
763,20:14:47.495,3153,0.5399
764,20:14:47.496,3186,0.5560
765,20:14:47.496,3155,0.5409
766,20:14:47.497,2932,0.4320
767,20:14:47.497,3851,0.8808
768,20:14:47.498,3713,0.8134
769,20:14:47.498,3714,0.8139
770,20:14:47.499,3320,0.6215
771,20:14:47.499,3154,0.5404
772,20:14:47.500,3498,0.7084
773,20:14:47.500,3317,0.6200
774,20:14:47.501,3376,0.6488
775,20:14:47.501,3244,0.5844
776,20:14:47.502,3185,0.5556
777,20:14:47.502,3229,0.5770
778,20:14:47.503,3414,0.6674
779,20:14:47.503,3352,0.6371
780,20:14:47.504,3240,0.5824
781,20:14:47.504,3209,0.5673
782,20:14:47.505,3302,0.6127
783,20:14:47.505,3779,0.8457
784,20:14:47.506,3898,0.9038
785,20:14:47.506,3821,0.8662
786,20:14:47.507,3831,0.8711
787,20:14:47.507,3905,0.9072
788,20:14:47.508,4062,0.9839
789,20:14:47.508,3902,0.9057
790,20:14:47.509,3894,0.9018
791,20:14:47.509,4066,0.9858
792,20:14:47.510,3979,0.9433
793,20:14:47.510,3892,0.9009
794,20:14:47.511,4095,1.0000
795,20:14:47.511,3677,0.7958
796,20:14:47.512,3447,0.6835
797,20:14:47.512,3671,0.7929
798,20:14:47.513,3778,0.8452
799,20:14:47.513,3647,0.7812
800,20:14:47.514,3786,0.8491
801,20:14:47.514,3873,0.8916
802,20:14:47.515,4025,0.9658
803,20:14:47.515,4084,0.9946
804,20:14:47.516,3814,0.8628
805,20:14:47.516,3784,0.8481
806,20:14:47.517,4095,1.0000
807,20:14:47.517,3972,0.9399
808,20:14:47.518,4081,0.9932
809,20:14:47.518,4095,1.0000
810,20:14:47.519,4073,0.9893
811,20:14:47.519,4063,0.9844
812,20:14:47.520,3835,0.8730
813,20:14:47.520,4025,0.9658
814,20:14:47.521,3986,0.9468
815,20:14:47.521,3798,0.8549
816,20:14:47.522,4070,0.9878
817,20:14:47.522,4022,0.9643
818,20:14:47.523,3807,0.8593
819,20:14:47.523,3699,0.8066
820,20:14:47.524,3779,0.8457
821,20:14:47.524,4095,1.0000
822,20:14:47.525,3570,0.7436
823,20:14:47.525,3703,0.8085
824,20:14:47.526,4095,1.0000
825,20:14:47.526,4093,0.9990
826,20:14:47.527,4095,1.0000
827,20:14:47.527,3800,0.8559
828,20:14:47.528,4092,0.9985
829,20:14:47.528,4082,0.9937
830,20:14:47.529,4061,0.9834
831,20:14:47.529,3886,0.8979
832,20:14:47.530,4095,1.0000
833,20:14:47.530,3936,0.9223
834,20:14:47.531,3752,0.8325
835,20:14:47.531,4070,0.9878
836,20:14:47.532,4077,0.9912
837,20:14:47.532,3739,0.8261
838,20:14:47.533,3697,0.8056
839,20:14:47.533,4095,1.0000
840,20:14:47.534,3875,0.8926
841,20:14:47.534,3832,0.8716
842,20:14:47.535,3821,0.8662
843,20:14:47.535,4089,0.9971
844,20:14:47.536,4011,0.9590
845,20:14:47.536,4094,0.9995
846,20:14:47.537,4031,0.9687
847,20:14:47.537,4092,0.9985
848,20:14:47.538,4095,1.0000
849,20:14:47.538,4067,0.9863
850,20:14:47.539,4048,0.9770
851,20:14:47.539,3815,0.8632
852,20:14:47.540,4051,0.9785
853,20:14:47.540,3855,0.8828
854,20:14:47.541,4080,0.9927
855,20:14:47.541,4081,0.9932
856,20:14:47.542,4090,0.9976
857,20:14:47.542,4072,0.9888
858,20:14:47.543,4088,0.9966
859,20:14:47.543,4088,0.9966
860,20:14:47.544,4090,0.9976
861,20:14:47.544,4095,1.0000
862,20:14:47.545,4095,1.0000
863,20:14:47.545,4090,0.9976
864,20:14:47.546,4094,0.9995
865,20:14:47.546,4093,0.9990
866,20:14:47.547,4095,1.0000
867,20:14:47.547,4090,0.9976
868,20:14:47.548,4095,1.0000
869,20:14:47.548,4090,0.9976
870,20:14:47.549,4084,0.9946
871,20:14:47.549,4071,0.9883
872,20:14:47.550,4077,0.9912
873,20:14:47.550,4088,0.9966
874,20:14:47.551,4090,0.9976
875,20:14:47.551,4075,0.9902
876,20:14:47.552,4077,0.9912
877,20:14:47.552,4093,0.9990
878,20:14:47.553,4069,0.9873
879,20:14:47.553,4065,0.9853
880,20:14:47.554,3959,0.9336
881,20:14:47.554,4075,0.9902
882,20:14:47.555,4069,0.9873
883,20:14:47.555,4047,0.9766
884,20:14:47.556,4025,0.9658
885,20:14:47.556,4024,0.9653
886,20:14:47.557,4008,0.9575
887,20:14:47.557,4010,0.9585
888,20:14:47.558,3973,0.9404
889,20:14:47.558,3946,0.9272
890,20:14:47.559,3932,0.9204
891,20:14:47.559,3934,0.9214
892,20:14:47.560,3913,0.9111
893,20:14:47.560,3901,0.9053
894,20:14:47.561,3864,0.8872
895,20:14:47.561,3836,0.8735
896,20:14:47.562,3815,0.8632
897,20:14:47.562,3806,0.8589
898,20:14:47.563,3776,0.8442
899,20:14:47.563,3757,0.8349
900,20:14:47.564,3728,0.8208
901,20:14:47.564,3682,0.7983
902,20:14:47.565,3639,0.7773
903,20:14:47.565,3595,0.7558
904,20:14:47.566,3535,0.7265
905,20:14:47.566,3498,0.7084
906,20:14:47.567,3442,0.6811
907,20:14:47.567,3385,0.6532
908,20:14:47.568,3333,0.6278
909,20:14:47.568,3303,0.6132
910,20:14:47.569,3288,0.6059
911,20:14:47.569,3283,0.6034
912,20:14:47.570,3267,0.5956
913,20:14:47.570,3302,0.6127
914,20:14:47.571,3329,0.6259
915,20:14:47.571,3344,0.6332
916,20:14:47.572,3338,0.6303
917,20:14:47.572,3351,0.6366
918,20:14:47.573,3367,0.6444
919,20:14:47.573,3369,0.6454
920,20:14:47.574,3380,0.6508
921,20:14:47.574,3378,0.6498
922,20:14:47.575,3422,0.6713
923,20:14:47.575,3416,0.6684
924,20:14:47.576,3426,0.6733
925,20:14:47.576,3428,0.6742
926,20:14:47.577,3435,0.6777
927,20:14:47.577,3448,0.6840
928,20:14:47.578,3452,0.6860
929,20:14:47.578,3459,0.6894
930,20:14:47.579,3452,0.6860
931,20:14:47.579,3466,0.6928
932,20:14:47.580,3503,0.7109
933,20:14:47.580,3511,0.7148
934,20:14:47.581,3469,0.6943
935,20:14:47.581,3471,0.6952
936,20:14:47.582,3467,0.6933
937,20:14:47.582,3488,0.7035
938,20:14:47.583,3502,0.7104
939,20:14:47.583,3507,0.7128
940,20:14:47.584,3480,0.6996
941,20:14:47.584,3516,0.7172
942,20:14:47.585,3495,0.7070
943,20:14:47.585,3499,0.7089
944,20:14:47.586,3508,0.7133
945,20:14:47.586,3496,0.7074
946,20:14:47.587,3507,0.7128
947,20:14:47.587,3512,0.7153
948,20:14:47.588,3519,0.7187
949,20:14:47.588,3522,0.7201
950,20:14:47.589,3530,0.7241
951,20:14:47.589,3525,0.7216
952,20:14:47.590,3541,0.7294
953,20:14:47.590,3530,0.7241
954,20:14:47.591,3554,0.7358
955,20:14:47.591,3551,0.7343
956,20:14:47.592,3563,0.7402
957,20:14:47.592,3558,0.7377
958,20:14:47.593,3575,0.7460
959,20:14:47.593,3589,0.7529
960,20:14:47.594,3591,0.7538
961,20:14:47.594,3589,0.7529
962,20:14:47.595,3630,0.7729
963,20:14:47.595,3664,0.7895
964,20:14:47.596,3630,0.7729
965,20:14:47.596,3624,0.7700
966,20:14:47.597,3634,0.7748
967,20:14:47.597,3631,0.7734
968,20:14:47.598,3640,0.7778
969,20:14:47.598,3630,0.7729
970,20:14:47.599,3638,0.7768
971,20:14:47.599,3636,0.7758
972,20:14:47.600,3640,0.7778
973,20:14:47.600,3654,0.7846
974,20:14:47.601,3645,0.7802
975,20:14:47.601,3646,0.7807
976,20:14:47.602,3630,0.7729
977,20:14:47.602,3618,0.7670
978,20:14:47.603,3648,0.7817
979,20:14:47.603,3652,0.7836
980,20:14:47.604,3656,0.7856
981,20:14:47.604,3633,0.7744
982,20:14:47.605,3624,0.7700
983,20:14:47.605,3635,0.7753
984,20:14:47.606,3639,0.7773
985,20:14:47.606,3644,0.7797
986,20:14:47.607,3648,0.7817
987,20:14:47.607,3631,0.7734
988,20:14:47.608,3646,0.7807
989,20:14:47.608,3654,0.7846
990,20:14:47.609,3653,0.7841
991,20:14:47.609,3655,0.7851
992,20:14:47.610,3658,0.7866
993,20:14:47.610,3667,0.7910
994,20:14:47.611,3688,0.8012
995,20:14:47.611,3682,0.7983
996,20:14:47.612,3687,0.8007
997,20:14:47.612,3684,0.7993
998,20:14:47.613,3753,0.8330
999,20:14:47.613,3697,0.8056
1000,20:14:47.614,3696,0.8051
1001,20:14:47.614,3699,0.8066
1002,20:14:47.615,3724,0.8188
1003,20:14:47.615,3718,0.8159
1004,20:14:47.616,3727,0.8203
1005,20:14:47.616,3725,0.8193
1006,20:14:47.617,3722,0.8178
1007,20:14:47.617,3731,0.8222
1008,20:14:47.618,3737,0.8252
1009,20:14:47.618,3725,0.8193
1010,20:14:47.619,3721,0.8173
1011,20:14:47.619,3740,0.8266
1012,20:14:47.620,3725,0.8193
1013,20:14:47.620,3726,0.8198
1014,20:14:47.621,3731,0.8222
1015,20:14:47.621,3729,0.8212
1016,20:14:47.622,3733,0.8232
1017,20:14:47.622,3713,0.8134
1018,20:14:47.623,3701,0.8076
1019,20:14:47.623,3695,0.8046
1020,20:14:47.624,3733,0.8232
1021,20:14:47.624,3721,0.8173
1022,20:14:47.625,3715,0.8144
1023,20:14:47.625,3713,0.8134
1024,20:14:47.626,3715,0.8144
1025,20:14:47.626,3716,0.8149
1026,20:14:47.627,3717,0.8154
1027,20:14:47.627,3705,0.8095
1028,20:14:47.628,3708,0.8110
1029,20:14:47.628,3705,0.8095
1030,20:14:47.629,3717,0.8154
1031,20:14:47.629,3721,0.8173
1032,20:14:47.630,3729,0.8212
1033,20:14:47.630,3716,0.8149
1034,20:14:47.631,3730,0.8217
1035,20:14:47.631,3747,0.8300
1036,20:14:47.632,3734,0.8237
1037,20:14:47.632,3767,0.8398
1038,20:14:47.633,3733,0.8232
1039,20:14:47.633,3739,0.8261
1040,20:14:47.634,3767,0.8398
1041,20:14:47.634,4095,1.0000
1042,20:14:47.635,4095,1.0000
1043,20:14:47.635,4095,1.0000
1044,20:14:47.636,4095,1.0000
1045,20:14:47.636,4095,1.0000
1046,20:14:47.637,4095,1.0000
1047,20:14:47.637,3853,0.8818
1048,20:14:47.638,3925,0.9170
1049,20:14:47.638,4091,0.9980
1050,20:14:47.639,4095,1.0000
1051,20:14:47.639,4095,1.0000
1052,20:14:47.640,3773,0.8427
1053,20:14:47.640,4095,1.0000
1054,20:14:47.641,4090,0.9976
1055,20:14:47.641,4093,0.9990
1056,20:14:47.642,3791,0.8515
1057,20:14:47.642,4095,1.0000
1058,20:14:47.643,4036,0.9712
1059,20:14:47.643,3758,0.8354
1060,20:14:47.644,3690,0.8022
1061,20:14:47.644,4032,0.9692
1062,20:14:47.645,4095,1.0000
1063,20:14:47.645,3713,0.8134
1064,20:14:47.646,3899,0.9043
1065,20:14:47.646,4087,0.9961
1066,20:14:47.647,4092,0.9985
1067,20:14:47.647,4095,1.0000
1068,20:14:47.648,3735,0.8242
1069,20:14:47.648,4095,1.0000
1070,20:14:47.649,4095,1.0000
1071,20:14:47.649,3831,0.8711
1072,20:14:47.650,3773,0.8427
1073,20:14:47.650,4095,1.0000
1074,20:14:47.651,3976,0.9419
1075,20:14:47.651,3727,0.8203
1076,20:14:47.652,3932,0.9204
1077,20:14:47.652,3984,0.9458
1078,20:14:47.653,3629,0.7724
1079,20:14:47.653,3473,0.6962
1080,20:14:47.654,3260,0.5922
1081,20:14:47.654,3356,0.6391
1082,20:14:47.655,3377,0.6493
1083,20:14:47.655,3254,0.5893
1084,20:14:47.656,3169,0.5477
1085,20:14:47.656,3227,0.5761
1086,20:14:47.657,3203,0.5643
1087,20:14:47.657,3267,0.5956
1088,20:14:47.658,3414,0.6674
1089,20:14:47.658,3490,0.7045
1090,20:14:47.659,3481,0.7001
1091,20:14:47.659,3574,0.7455
1092,20:14:47.660,3588,0.7524
1093,20:14:47.660,3614,0.7651
1094,20:14:47.661,3715,0.8144
1095,20:14:47.661,3774,0.8432
1096,20:14:47.662,3886,0.8979
1097,20:14:47.662,3803,0.8574
1098,20:14:47.663,3658,0.7866
1099,20:14:47.663,3772,0.8422
1100,20:14:47.664,3775,0.8437
1101,20:14:47.664,3730,0.8217
1102,20:14:47.665,3674,0.7944
1103,20:14:47.665,3726,0.8198
1104,20:14:47.666,3752,0.8325
1105,20:14:47.666,3894,0.9018
1106,20:14:47.667,3757,0.8349
1107,20:14:47.667,3746,0.8295
1108,20:14:47.668,3793,0.8525
1109,20:14:47.668,3865,0.8877
1110,20:14:47.669,3738,0.8256
1111,20:14:47.669,3769,0.8408
1112,20:14:47.670,3748,0.8305
1113,20:14:47.670,3697,0.8056
1114,20:14:47.671,3720,0.8168
1115,20:14:47.671,3850,0.8803
1116,20:14:47.672,3712,0.8129
1117,20:14:47.672,3598,0.7573
1118,20:14:47.673,3660,0.7875
1119,20:14:47.673,3778,0.8452
1120,20:14:47.674,3754,0.8335
1121,20:14:47.674,3645,0.7802
1122,20:14:47.675,3427,0.6737
1123,20:14:47.675,3714,0.8139
1124,20:14:47.676,3882,0.8960
1125,20:14:47.676,3781,0.8466
1126,20:14:47.677,3762,0.8374
1127,20:14:47.677,3697,0.8056
1128,20:14:47.678,3655,0.7851
1129,20:14:47.678,3691,0.8027
1130,20:14:47.679,3788,0.8501
1131,20:14:47.679,3774,0.8432
1132,20:14:47.680,3742,0.8276
1133,20:14:47.680,3741,0.8271
1134,20:14:47.681,3832,0.8716
1135,20:14:47.681,3684,0.7993
1136,20:14:47.682,3657,0.7861
1137,20:14:47.682,3596,0.7563
1138,20:14:47.683,3716,0.8149
1139,20:14:47.683,3668,0.7915
1140,20:14:47.684,3692,0.8032
1141,20:14:47.684,3641,0.7783
1142,20:14:47.685,3551,0.7343
1143,20:14:47.685,3634,0.7748
1144,20:14:47.686,3436,0.6781
1145,20:14:47.686,3459,0.6894
1146,20:14:47.687,3350,0.6361
1147,20:14:47.687,3332,0.6274
1148,20:14:47.688,3169,0.5477
1149,20:14:47.688,3047,0.4882
1150,20:14:47.689,2875,0.4042
1151,20:14:47.689,3403,0.6620
1152,20:14:47.690,3291,0.6073
1153,20:14:47.690,3293,0.6083
1154,20:14:47.691,3272,0.5980
1155,20:14:47.691,3396,0.6586
1156,20:14:47.692,3381,0.6513
1157,20:14:47.692,3379,0.6503
1158,20:14:47.693,3347,0.6347
1159,20:14:47.693,3121,0.5243
1160,20:14:47.694,3267,0.5956
1161,20:14:47.694,3494,0.7065
1162,20:14:47.695,3333,0.6278
1163,20:14:47.695,3193,0.5595
1164,20:14:47.696,3280,0.6020
1165,20:14:47.696,3323,0.6230
1166,20:14:47.697,3899,0.9043
1167,20:14:47.697,3861,0.8857
1168,20:14:47.698,3949,0.9287
1169,20:14:47.698,4080,0.9927
1170,20:14:47.699,3902,0.9057
1171,20:14:47.699,3652,0.7836
1172,20:14:47.700,3823,0.8672
1173,20:14:47.700,3990,0.9487
1174,20:14:47.701,3684,0.7993
1175,20:14:47.701,3669,0.7919
1176,20:14:47.702,3675,0.7949
1177,20:14:47.702,3630,0.7729
1178,20:14:47.703,3602,0.7592
1179,20:14:47.703,4053,0.9795
1180,20:14:47.704,3944,0.9263
1181,20:14:47.704,3675,0.7949
1182,20:14:47.705,3889,0.8994
1183,20:14:47.705,4095,1.0000
1184,20:14:47.706,4095,1.0000
1185,20:14:47.706,4091,0.9980
1186,20:14:47.707,3920,0.9145
1187,20:14:47.707,4094,0.9995
1188,20:14:47.708,4093,0.9990
1189,20:14:47.708,4051,0.9785
1190,20:14:47.709,3849,0.8799
1191,20:14:47.709,4091,0.9980
1192,20:14:47.710,4093,0.9990
1193,20:14:47.710,3908,0.9087
1194,20:14:47.711,4095,1.0000
1195,20:14:47.711,4020,0.9634
1196,20:14:47.712,3754,0.8335
1197,20:14:47.712,3742,0.8276
1198,20:14:47.713,4092,0.9985
1199,20:14:47.713,4094,0.9995
1200,20:14:47.714,3814,0.8628
1201,20:14:47.714,3815,0.8632
1202,20:14:47.715,4092,0.9985
1203,20:14:47.715,4095,1.0000
1204,20:14:47.716,4092,0.9985
1205,20:14:47.716,3846,0.8784
1206,20:14:47.717,4093,0.9990
1207,20:14:47.717,4095,1.0000
1208,20:14:47.718,4093,0.9990
1209,20:14:47.718,4095,1.0000
1210,20:14:47.719,4095,1.0000
1211,20:14:47.719,4095,1.0000
1212,20:14:47.720,4006,0.9565
1213,20:14:47.720,3720,0.8168
1214,20:14:47.721,4095,1.0000
1215,20:14:47.721,3935,0.9219
1216,20:14:47.722,3822,0.8667
1217,20:14:47.722,3987,0.9473
1218,20:14:47.723,3911,0.9101
1219,20:14:47.723,3754,0.8335
1220,20:14:47.724,3777,0.8447
1221,20:14:47.724,3824,0.8676
1222,20:14:47.725,4065,0.9853
1223,20:14:47.725,3908,0.9087
1224,20:14:47.726,3868,0.8891
1225,20:14:47.726,4085,0.9951
1226,20:14:47.727,4095,1.0000
1227,20:14:47.727,4095,1.0000
1228,20:14:47.728,3937,0.9228
1229,20:14:47.728,4070,0.9878
1230,20:14:47.729,4093,0.9990
1231,20:14:47.729,4089,0.9971
1232,20:14:47.730,4073,0.9893
1233,20:14:47.730,4095,1.0000
1234,20:14:47.731,4094,0.9995
1235,20:14:47.731,4091,0.9980
1236,20:14:47.732,4092,0.9985
1237,20:14:47.732,4091,0.9980
1238,20:14:47.733,4094,0.9995
1239,20:14:47.733,4093,0.9990
1240,20:14:47.734,4090,0.9976
1241,20:14:47.734,4094,0.9995
1242,20:14:47.735,4088,0.9966
1243,20:14:47.735,4084,0.9946
1244,20:14:47.736,4086,0.9956
1245,20:14:47.736,4092,0.9985
1246,20:14:47.737,4095,1.0000
1247,20:14:47.737,4091,0.9980
1248,20:14:47.738,4088,0.9966
1249,20:14:47.738,4095,1.0000
1250,20:14:47.739,4095,1.0000
1251,20:14:47.739,4090,0.9976
1252,20:14:47.740,4095,1.0000
1253,20:14:47.740,4088,0.9966
1254,20:14:47.741,4095,1.0000
1255,20:14:47.741,4081,0.9932
1256,20:14:47.742,4085,0.9951
1257,20:14:47.742,4087,0.9961
1258,20:14:47.743,4091,0.9980
1259,20:14:47.743,4089,0.9971
1260,20:14:47.744,4076,0.9907
1261,20:14:47.744,4090,0.9976
1262,20:14:47.745,4082,0.9937
1263,20:14:47.745,4090,0.9976
1264,20:14:47.746,4085,0.9951
1265,20:14:47.746,4095,1.0000
1266,20:14:47.747,4087,0.9961
1267,20:14:47.747,4086,0.9956
1268,20:14:47.748,4089,0.9971
1269,20:14:47.748,4080,0.9927
1270,20:14:47.749,4086,0.9956
1271,20:14:47.749,4072,0.9888
1272,20:14:47.750,4071,0.9883
1273,20:14:47.750,4093,0.9990
1274,20:14:47.751,4095,1.0000
1275,20:14:47.751,4073,0.9893
1276,20:14:47.752,4063,0.9844
1277,20:14:47.752,4058,0.9819
1278,20:14:47.753,4066,0.9858
1279,20:14:47.753,4073,0.9893
1280,20:14:47.754,4028,0.9673
1281,20:14:47.754,4035,0.9707
1282,20:14:47.755,4010,0.9585
1283,20:14:47.755,4000,0.9536
1284,20:14:47.756,3985,0.9463
1285,20:14:47.756,3960,0.9341
1286,20:14:47.757,3954,0.9311
1287,20:14:47.757,3945,0.9267
1288,20:14:47.758,3925,0.9170
1289,20:14:47.758,3901,0.9053
1290,20:14:47.759,3890,0.8999
1291,20:14:47.759,3876,0.8930
1292,20:14:47.760,3848,0.8794
1293,20:14:47.760,3826,0.8686
1294,20:14:47.761,3793,0.8525
1295,20:14:47.761,3784,0.8481
1296,20:14:47.762,3800,0.8559
1297,20:14:47.762,3666,0.7905
1298,20:14:47.763,3662,0.7885
1299,20:14:47.763,3630,0.7729
1300,20:14:47.764,3594,0.7553
1301,20:14:47.764,3555,0.7363
1302,20:14:47.765,3508,0.7133
1303,20:14:47.765,3450,0.6850
1304,20:14:47.766,3402,0.6615
1305,20:14:47.766,3357,0.6396
1306,20:14:47.767,3314,0.6186
1307,20:14:47.767,3283,0.6034
1308,20:14:47.768,3264,0.5941
1309,20:14:47.768,3276,0.6000
1310,20:14:47.769,3292,0.6078
1311,20:14:47.769,3289,0.6063
1312,20:14:47.770,3302,0.6127
1313,20:14:47.770,3303,0.6132
1314,20:14:47.771,3337,0.6298
1315,20:14:47.771,3370,0.6459
1316,20:14:47.772,3334,0.6283
1317,20:14:47.772,3364,0.6430
1318,20:14:47.773,3363,0.6425
1319,20:14:47.773,3375,0.6484
1320,20:14:47.774,3372,0.6469
1321,20:14:47.774,3394,0.6576
1322,20:14:47.775,3412,0.6664
1323,20:14:47.775,3417,0.6689
1324,20:14:47.776,3415,0.6679
1325,20:14:47.776,3426,0.6733
1326,20:14:47.777,3422,0.6713
1327,20:14:47.777,3415,0.6679
1328,20:14:47.778,3438,0.6791
1329,20:14:47.778,3441,0.6806
1330,20:14:47.779,3457,0.6884
1331,20:14:47.779,3449,0.6845
1332,20:14:47.780,3460,0.6899
1333,20:14:47.780,3462,0.6908
1334,20:14:47.781,3478,0.6987
1335,20:14:47.781,3457,0.6884
1336,20:14:47.782,3448,0.6840
1337,20:14:47.782,3476,0.6977
1338,20:14:47.783,3519,0.7187
1339,20:14:47.783,3464,0.6918
1340,20:14:47.784,3459,0.6894
1341,20:14:47.784,3484,0.7016
1342,20:14:47.785,3471,0.6952
1343,20:14:47.785,3477,0.6982
1344,20:14:47.786,3483,0.7011
1345,20:14:47.786,3488,0.7035
1346,20:14:47.787,3491,0.7050
1347,20:14:47.787,3496,0.7074
1348,20:14:47.788,3497,0.7079
1349,20:14:47.788,3506,0.7123
1350,20:14:47.789,3494,0.7065
1351,20:14:47.789,3501,0.7099
1352,20:14:47.790,3522,0.7201
1353,20:14:47.790,3528,0.7231
1354,20:14:47.791,3526,0.7221
1355,20:14:47.791,3562,0.7397
1356,20:14:47.792,3530,0.7241
1357,20:14:47.792,3556,0.7368
1358,20:14:47.793,3554,0.7358
1359,20:14:47.793,3561,0.7392
1360,20:14:47.794,3567,0.7421
1361,20:14:47.794,3561,0.7392
1362,20:14:47.795,3606,0.7612
1363,20:14:47.795,3606,0.7612
1364,20:14:47.796,3597,0.7568
1365,20:14:47.796,3606,0.7612
1366,20:14:47.797,3603,0.7597
1367,20:14:47.797,3607,0.7617
1368,20:14:47.798,3612,0.7641
1369,20:14:47.798,3599,0.7578
1370,20:14:47.799,3610,0.7631
1371,20:14:47.799,3619,0.7675
1372,20:14:47.800,3614,0.7651
1373,20:14:47.800,3619,0.7675
1374,20:14:47.801,3613,0.7646
1375,20:14:47.801,3613,0.7646
1376,20:14:47.802,3615,0.7656
1377,20:14:47.802,3608,0.7621
1378,20:14:47.803,3531,0.7245
1379,20:14:47.803,3613,0.7646
1380,20:14:47.804,3614,0.7651
1381,20:14:47.804,3619,0.7675
1382,20:14:47.805,3614,0.7651
1383,20:14:47.805,3622,0.7690
1384,20:14:47.806,3618,0.7670
1385,20:14:47.806,3619,0.7675
1386,20:14:47.807,3614,0.7651
1387,20:14:47.807,3621,0.7685
1388,20:14:47.808,3615,0.7656
1389,20:14:47.808,3623,0.7695
1390,20:14:47.809,3610,0.7631
1391,20:14:47.809,3620,0.7680
1392,20:14:47.810,3616,0.7661
1393,20:14:47.810,3622,0.7690
1394,20:14:47.811,3633,0.7744
1395,20:14:47.811,3633,0.7744
1396,20:14:47.812,3649,0.7822
1397,20:14:47.812,3660,0.7875
1398,20:14:47.813,4040,0.9731
1399,20:14:47.813,4095,1.0000
1400,20:14:47.814,3925,0.9170
1401,20:14:47.814,4095,1.0000
1402,20:14:47.815,3931,0.9199
1403,20:14:47.815,3768,0.8403
1404,20:14:47.816,3791,0.8515
1405,20:14:47.816,4094,0.9995
1406,20:14:47.817,4095,1.0000
1407,20:14:47.817,4094,0.9995
1408,20:14:47.818,4091,0.9980
1409,20:14:47.818,4093,0.9990
1410,20:14:47.819,4095,1.0000
1411,20:14:47.819,3936,0.9223
1412,20:14:47.820,4080,0.9927
1413,20:14:47.820,4093,0.9990
1414,20:14:47.821,3758,0.8354
1415,20:14:47.821,3530,0.7241
1416,20:14:47.822,4082,0.9937
1417,20:14:47.822,4095,1.0000
1418,20:14:47.823,3913,0.9111
1419,20:14:47.823,4031,0.9687
1420,20:14:47.824,4095,1.0000
1421,20:14:47.824,3941,0.9248
1422,20:14:47.825,4067,0.9863
1423,20:14:47.825,4085,0.9951
1424,20:14:47.826,4068,0.9868
1425,20:14:47.826,4091,0.9980
1426,20:14:47.827,4021,0.9639
1427,20:14:47.827,3692,0.8032
1428,20:14:47.828,4092,0.9985
1429,20:14:47.828,4088,0.9966
1430,20:14:47.829,3930,0.9194
1431,20:14:47.829,3876,0.8930
1432,20:14:47.830,4050,0.9780
1433,20:14:47.830,4095,1.0000
1434,20:14:47.831,3696,0.8051
1435,20:14:47.831,3629,0.7724
1436,20:14:47.832,3835,0.8730
1437,20:14:47.832,3805,0.8584
1438,20:14:47.833,3357,0.6396
1439,20:14:47.833,3212,0.5687
1440,20:14:47.834,3432,0.6762
1441,20:14:47.834,3317,0.6200
1442,20:14:47.835,3051,0.4901
1443,20:14:47.835,3175,0.5507
1444,20:14:47.836,3316,0.6195
1445,20:14:47.836,3727,0.8203
1446,20:14:47.837,3382,0.6518
1447,20:14:47.837,3365,0.6435
1448,20:14:47.838,3349,0.6357
1449,20:14:47.838,3718,0.8159
1450,20:14:47.839,3697,0.8056
1451,20:14:47.839,3772,0.8422
1452,20:14:47.840,3848,0.8794
1453,20:14:47.840,3822,0.8667
1454,20:14:47.841,3827,0.8691
1455,20:14:47.841,3776,0.8442
1456,20:14:47.842,3740,0.8266
1457,20:14:47.842,3821,0.8662
1458,20:14:47.843,3804,0.8579
1459,20:14:47.843,3939,0.9238
1460,20:14:47.844,3866,0.8882
1461,20:14:47.844,3751,0.8320
1462,20:14:47.845,3733,0.8232
1463,20:14:47.845,3817,0.8642
1464,20:14:47.846,3836,0.8735
1465,20:14:47.846,3804,0.8579
1466,20:14:47.847,3822,0.8667
1467,20:14:47.847,3803,0.8574
1468,20:14:47.848,3950,0.9292
1469,20:14:47.848,3902,0.9057
1470,20:14:47.849,3695,0.8046
1471,20:14:47.849,3806,0.8589
1472,20:14:47.850,3884,0.8969
1473,20:14:47.850,3735,0.8242
1474,20:14:47.851,3785,0.8486
1475,20:14:47.851,3695,0.8046
1476,20:14:47.852,3699,0.8066
1477,20:14:47.852,3793,0.8525
1478,20:14:47.853,3833,0.8720
1479,20:14:47.853,3822,0.8667
1480,20:14:47.854,3816,0.8637
1481,20:14:47.854,3788,0.8501
1482,20:14:47.855,3884,0.8969
1483,20:14:47.855,4095,1.0000
1484,20:14:47.856,3807,0.8593
1485,20:14:47.856,3757,0.8349
1486,20:14:47.857,3774,0.8432
1487,20:14:47.857,3827,0.8691
1488,20:14:47.858,3749,0.8310
1489,20:14:47.858,3817,0.8642
1490,20:14:47.859,3805,0.8584
1491,20:14:47.859,3896,0.9028
1492,20:14:47.860,3825,0.8681
1493,20:14:47.860,3699,0.8066
1494,20:14:47.861,3896,0.9028
1495,20:14:47.861,3665,0.7900
1496,20:14:47.862,3763,0.8379
1497,20:14:47.862,3766,0.8393
1498,20:14:47.863,3669,0.7919
1499,20:14:47.863,3570,0.7436
1500,20:14:47.864,3568,0.7426
1501,20:14:47.864,3663,0.7890
1502,20:14:47.865,3531,0.7245
1503,20:14:47.865,3465,0.6923
1504,20:14:47.866,3414,0.6674
1505,20:14:47.866,3300,0.6117
1506,20:14:47.867,3241,0.5829
1507,20:14:47.867,2868,0.4007
1508,20:14:47.868,2779,0.3573
1509,20:14:47.868,3100,0.5140
1510,20:14:47.869,3258,0.5912
1511,20:14:47.869,3229,0.5770
1512,20:14:47.870,3236,0.5805
1513,20:14:47.870,3153,0.5399
1514,20:14:47.871,3319,0.6210
1515,20:14:47.871,3196,0.5609
1516,20:14:47.872,3293,0.6083
1517,20:14:47.872,3367,0.6444
1518,20:14:47.873,2736,0.3363
1519,20:14:47.873,3414,0.6674
1520,20:14:47.874,3487,0.7031
1521,20:14:47.874,3358,0.6400
1522,20:14:47.875,3543,0.7304
1523,20:14:47.875,3715,0.8144
1524,20:14:47.876,3848,0.8794
1525,20:14:47.876,4081,0.9932
1526,20:14:47.877,4092,0.9985
1527,20:14:47.877,4094,0.9995
1528,20:14:47.878,4081,0.9932
1529,20:14:47.878,4095,1.0000
1530,20:14:47.879,4089,0.9971
1531,20:14:47.879,3885,0.8974
1532,20:14:47.880,4090,0.9976
1533,20:14:47.880,4038,0.9722
1534,20:14:47.881,4048,0.9770
1535,20:14:47.881,4095,1.0000
1536,20:14:47.882,4024,0.9653
1537,20:14:47.882,3731,0.8222
1538,20:14:47.883,4088,0.9966
1539,20:14:47.883,4069,0.9873
1540,20:14:47.884,3851,0.8808
1541,20:14:47.884,3589,0.7529
1542,20:14:47.885,4086,0.9956
1543,20:14:47.885,4071,0.9883
1544,20:14:47.886,4095,1.0000
1545,20:14:47.886,3816,0.8637
1546,20:14:47.887,4095,1.0000
1547,20:14:47.887,4094,0.9995
1548,20:14:47.888,4095,1.0000
1549,20:14:47.888,3795,0.8535
1550,20:14:47.889,4095,1.0000
1551,20:14:47.889,4095,1.0000
1552,20:14:47.890,4095,1.0000
1553,20:14:47.890,4082,0.9937
1554,20:14:47.891,4095,1.0000
1555,20:14:47.891,3854,0.8823
1556,20:14:47.892,3705,0.8095
1557,20:14:47.892,4095,1.0000
1558,20:14:47.893,4067,0.9863
1559,20:14:47.893,3763,0.8379
1560,20:14:47.894,3687,0.8007
1561,20:14:47.894,3688,0.8012
1562,20:14:47.895,4095,1.0000
1563,20:14:47.895,3882,0.8960
1564,20:14:47.896,3859,0.8847
1565,20:14:47.896,4095,1.0000
1566,20:14:47.897,4095,1.0000
1567,20:14:47.897,4082,0.9937
1568,20:14:47.898,4093,0.9990
1569,20:14:47.898,4095,1.0000
1570,20:14:47.899,4087,0.9961
1571,20:14:47.899,4095,1.0000
1572,20:14:47.900,3766,0.8393
1573,20:14:47.900,4095,1.0000
1574,20:14:47.901,4095,1.0000
1575,20:14:47.901,3772,0.8422
1576,20:14:47.902,3816,0.8637
1577,20:14:47.902,3975,0.9414
1578,20:14:47.903,3882,0.8960
1579,20:14:47.903,4095,1.0000
1580,20:14:47.904,4093,0.9990
1581,20:14:47.904,4090,0.9976
1582,20:14:47.905,4095,1.0000
1583,20:14:47.905,4090,0.9976
1584,20:14:47.906,4092,0.9985
1585,20:14:47.906,4090,0.9976
1586,20:14:47.907,4093,0.9990
1587,20:14:47.907,4091,0.9980
1588,20:14:47.908,4093,0.9990
1589,20:14:47.908,4095,1.0000
1590,20:14:47.909,4093,0.9990
1591,20:14:47.909,4089,0.9971
1592,20:14:47.910,4090,0.9976
1593,20:14:47.910,4093,0.9990
1594,20:14:47.911,4095,1.0000
1595,20:14:47.911,4088,0.9966
1596,20:14:47.912,4095,1.0000
1597,20:14:47.912,4095,1.0000
1598,20:14:47.913,4088,0.9966
1599,20:14:47.913,4085,0.9951
1600,20:14:47.914,4095,1.0000
1601,20:14:47.914,4083,0.9941
1602,20:14:47.915,4094,0.9995
1603,20:14:47.915,4093,0.9990
1604,20:14:47.916,4091,0.9980
1605,20:14:47.916,4095,1.0000
1606,20:14:47.917,4095,1.0000
1607,20:14:47.917,4095,1.0000
1608,20:14:47.918,4095,1.0000
1609,20:14:47.918,4095,1.0000
1610,20:14:47.919,4095,1.0000
1611,20:14:47.919,4090,0.9976
1612,20:14:47.920,4089,0.9971
1613,20:14:47.920,4089,0.9971
1614,20:14:47.921,4095,1.0000
1615,20:14:47.921,4093,0.9990
1616,20:14:47.922,4086,0.9956
1617,20:14:47.922,4076,0.9907
1618,20:14:47.923,4081,0.9932
1619,20:14:47.923,4095,1.0000
1620,20:14:47.924,4095,1.0000
1621,20:14:47.924,4095,1.0000
1622,20:14:47.925,4083,0.9941
1623,20:14:47.925,4084,0.9946
1624,20:14:47.926,4086,0.9956
1625,20:14:47.926,4081,0.9932
1626,20:14:47.927,4082,0.9937
1627,20:14:47.927,4088,0.9966
1628,20:14:47.928,4078,0.9917
1629,20:14:47.928,4048,0.9770
1630,20:14:47.929,4078,0.9917
1631,20:14:47.929,4075,0.9902
1632,20:14:47.930,4087,0.9961
1633,20:14:47.930,4076,0.9907
1634,20:14:47.931,4059,0.9824
1635,20:14:47.931,4068,0.9868
1636,20:14:47.932,4075,0.9902
1637,20:14:47.932,4047,0.9766
1638,20:14:47.933,4043,0.9746
1639,20:14:47.933,4009,0.9580
1640,20:14:47.934,4005,0.9560
1641,20:14:47.934,3986,0.9468
1642,20:14:47.935,3986,0.9468
1643,20:14:47.935,3946,0.9272
1644,20:14:47.936,3943,0.9258
1645,20:14:47.936,3918,0.9136
1646,20:14:47.937,3906,0.9077
1647,20:14:47.937,3897,0.9033
1648,20:14:47.938,3873,0.8916
1649,20:14:47.938,3853,0.8818
1650,20:14:47.939,3829,0.8701
1651,20:14:47.939,3805,0.8584
1652,20:14:47.940,3775,0.8437
1653,20:14:47.940,3719,0.8164
1654,20:14:47.941,3722,0.8178
1655,20:14:47.941,3680,0.7973
1656,20:14:47.942,3638,0.7768
1657,20:14:47.942,3593,0.7548
1658,20:14:47.943,3538,0.7280
1659,20:14:47.943,3508,0.7133
1660,20:14:47.944,3469,0.6943
1661,20:14:47.944,3429,0.6747
1662,20:14:47.945,3363,0.6425
1663,20:14:47.945,3316,0.6195
1664,20:14:47.946,3265,0.5946
1665,20:14:47.946,3277,0.6005
1666,20:14:47.947,3274,0.5990
1667,20:14:47.947,3278,0.6010
1668,20:14:47.948,3282,0.6029
1669,20:14:47.948,3276,0.6000
1670,20:14:47.949,3303,0.6132
1671,20:14:47.949,3287,0.6054
1672,20:14:47.950,3309,0.6161
1673,20:14:47.950,3331,0.6269
1674,20:14:47.951,3306,0.6147
1675,20:14:47.951,3335,0.6288
1676,20:14:47.952,3356,0.6391
1677,20:14:47.952,3378,0.6498
1678,20:14:47.953,3409,0.6650
1679,20:14:47.953,3374,0.6479
1680,20:14:47.954,3389,0.6552
1681,20:14:47.954,3409,0.6650
1682,20:14:47.955,3426,0.6733
1683,20:14:47.955,3424,0.6723
1684,20:14:47.956,3428,0.6742
1685,20:14:47.956,3429,0.6747
1686,20:14:47.957,3436,0.6781
1687,20:14:47.957,3443,0.6816
1688,20:14:47.958,3439,0.6796
1689,20:14:47.958,3451,0.6855
1690,20:14:47.959,3461,0.6904
1691,20:14:47.959,3444,0.6821
1692,20:14:47.960,3465,0.6923
1693,20:14:47.960,3479,0.6991
1694,20:14:47.961,3485,0.7021
1695,20:14:47.961,3476,0.6977
1696,20:14:47.962,3476,0.6977
1697,20:14:47.962,3471,0.6952
1698,20:14:47.963,3472,0.6957
1699,20:14:47.963,3481,0.7001
1700,20:14:47.964,3487,0.7031
1701,20:14:47.964,3489,0.7040
1702,20:14:47.965,3466,0.6928
1703,20:14:47.965,3481,0.7001
1704,20:14:47.966,3482,0.7006
1705,20:14:47.966,3491,0.7050
1706,20:14:47.967,3491,0.7050
1707,20:14:47.967,3491,0.7050
1708,20:14:47.968,3496,0.7074
1709,20:14:47.968,3495,0.7070
1710,20:14:47.969,3500,0.7094
1711,20:14:47.969,3517,0.7177
1712,20:14:47.970,3512,0.7153
1713,20:14:47.970,3503,0.7109
1714,20:14:47.971,3522,0.7201
1715,20:14:47.971,3556,0.7368
1716,20:14:47.972,3563,0.7402
1717,20:14:47.972,3546,0.7319
1718,20:14:47.973,3469,0.6943
1719,20:14:47.973,3564,0.7407
1720,20:14:47.974,3691,0.8027
1721,20:14:47.974,3574,0.7455
1722,20:14:47.975,3608,0.7621
1723,20:14:47.975,3596,0.7563
1724,20:14:47.976,3596,0.7563
1725,20:14:47.976,3597,0.7568
1726,20:14:47.977,3597,0.7568
1727,20:14:47.977,3605,0.7607
1728,20:14:47.978,3605,0.7607
1729,20:14:47.978,3598,0.7573
1730,20:14:47.979,3607,0.7617
1731,20:14:47.979,3606,0.7612
1732,20:14:47.980,3599,0.7578
1733,20:14:47.980,3619,0.7675
1734,20:14:47.981,3626,0.7709
1735,20:14:47.981,3603,0.7597
1736,20:14:47.982,3608,0.7621
1737,20:14:47.982,3606,0.7612
1738,20:14:47.983,3605,0.7607
1739,20:14:47.983,3613,0.7646
1740,20:14:47.984,3526,0.7221
1741,20:14:47.984,3622,0.7690
1742,20:14:47.985,3605,0.7607
1743,20:14:47.985,3623,0.7695
1744,20:14:47.986,3616,0.7661
1745,20:14:47.986,3605,0.7607
1746,20:14:47.987,3613,0.7646
1747,20:14:47.987,3616,0.7661
1748,20:14:47.988,3617,0.7665
1749,20:14:47.988,3626,0.7709
1750,20:14:47.989,3608,0.7621
1751,20:14:47.989,3627,0.7714
1752,20:14:47.990,3626,0.7709
1753,20:14:47.990,3628,0.7719
1754,20:14:47.991,3661,0.7880
1755,20:14:47.991,3651,0.7832
1756,20:14:47.992,3645,0.7802
1757,20:14:47.992,3656,0.7856
1758,20:14:47.993,3663,0.7890
1759,20:14:47.993,3652,0.7836
1760,20:14:47.994,3660,0.7875
1761,20:14:47.994,3698,0.8061
1762,20:14:47.995,3692,0.8032
1763,20:14:47.995,3682,0.7983
1764,20:14:47.996,3619,0.7675
1765,20:14:47.996,3683,0.7988
1766,20:14:47.997,3690,0.8022
1767,20:14:47.997,3689,0.8017
1768,20:14:47.998,3688,0.8012
1769,20:14:47.998,3694,0.8042
1770,20:14:47.999,3694,0.8042
1771,20:14:47.999,3690,0.8022
1772,20:14:48.000,3682,0.7983
1773,20:14:48.000,3707,0.8105
1774,20:14:48.001,3678,0.7963
1775,20:14:48.001,3253,0.5888
1776,20:14:48.002,4095,1.0000
1777,20:14:48.002,4095,1.0000
1778,20:14:48.003,4095,1.0000
1779,20:14:48.003,4095,1.0000
1780,20:14:48.004,3809,0.8603
1781,20:14:48.004,3610,0.7631
1782,20:14:48.005,3513,0.7158
1783,20:14:48.005,4093,0.9990
1784,20:14:48.006,4095,1.0000
1785,20:14:48.006,4095,1.0000
1786,20:14:48.007,4093,0.9990
1787,20:14:48.007,4091,0.9980
1788,20:14:48.008,4089,0.9971
1789,20:14:48.008,3939,0.9238
1790,20:14:48.009,4095,1.0000
1791,20:14:48.009,4092,0.9985
1792,20:14:48.010,4094,0.9995
1793,20:14:48.010,3884,0.8969
1794,20:14:48.011,4095,1.0000
1795,20:14:48.011,4095,1.0000
1796,20:14:48.012,3688,0.8012
1797,20:14:48.012,4095,1.0000
1798,20:14:48.013,4095,1.0000
1799,20:14:48.013,3955,0.9316
1800,20:14:48.014,3748,0.8305
1801,20:14:48.014,3832,0.8716
1802,20:14:48.015,4094,0.9995
1803,20:14:48.015,4095,1.0000
1804,20:14:48.016,4095,1.0000
1805,20:14:48.016,3817,0.8642
1806,20:14:48.017,4095,1.0000
1807,20:14:48.017,4092,0.9985
1808,20:14:48.018,4095,1.0000
1809,20:14:48.018,4094,0.9995
1810,20:14:48.019,4086,0.9956
1811,20:14:48.019,4095,1.0000
1812,20:14:48.020,4033,0.9697
1813,20:14:48.020,3913,0.9111
1814,20:14:48.021,4095,1.0000
1815,20:14:48.021,3940,0.9243
1816,20:14:48.022,3727,0.8203
1817,20:14:48.022,4082,0.9937
1818,20:14:48.023,4061,0.9834
1819,20:14:48.023,3836,0.8735
1820,20:14:48.024,3625,0.7705
1821,20:14:48.024,3867,0.8886
1822,20:14:48.025,3956,0.9321
1823,20:14:48.025,4052,0.9790
1824,20:14:48.026,3829,0.8701
1825,20:14:48.026,3883,0.8965
1826,20:14:48.027,3342,0.6322
1827,20:14:48.027,3696,0.8051
1828,20:14:48.028,3193,0.5595
1829,20:14:48.028,3443,0.6816
1830,20:14:48.029,3398,0.6596
1831,20:14:48.029,3332,0.6274
1832,20:14:48.030,3297,0.6103
1833,20:14:48.030,3104,0.5160
1834,20:14:48.031,3435,0.6777
1835,20:14:48.031,3566,0.7416
1836,20:14:48.032,3368,0.6449
1837,20:14:48.032,3526,0.7221
1838,20:14:48.033,3488,0.7035
1839,20:14:48.033,3560,0.7387
1840,20:14:48.034,3478,0.6987
1841,20:14:48.034,3717,0.8154
1842,20:14:48.035,3570,0.7436
1843,20:14:48.035,3365,0.6435
1844,20:14:48.036,3669,0.7919
1845,20:14:48.036,3697,0.8056
1846,20:14:48.037,3663,0.7890
1847,20:14:48.037,3648,0.7817
1848,20:14:48.038,3607,0.7617
1849,20:14:48.038,3629,0.7724
1850,20:14:48.039,3841,0.8759
1851,20:14:48.039,3697,0.8056
1852,20:14:48.040,3689,0.8017
1853,20:14:48.040,3747,0.8300
1854,20:14:48.041,3779,0.8457
1855,20:14:48.041,3688,0.8012
1856,20:14:48.042,3678,0.7963
1857,20:14:48.042,3560,0.7387
1858,20:14:48.043,3567,0.7421
1859,20:14:48.043,3572,0.7446
1860,20:14:48.044,3575,0.7460
1861,20:14:48.044,3549,0.7333
1862,20:14:48.045,3490,0.7045
1863,20:14:48.045,3428,0.6742
1864,20:14:48.046,3349,0.6357
1865,20:14:48.046,3274,0.5990
1866,20:14:48.047,3241,0.5829
1867,20:14:48.047,3005,0.4676
1868,20:14:48.048,2922,0.4271
1869,20:14:48.048,3031,0.4803
1870,20:14:48.049,3173,0.5497
1871,20:14:48.049,3124,0.5258
1872,20:14:48.050,3172,0.5492
1873,20:14:48.050,3242,0.5834
1874,20:14:48.051,3257,0.5907
1875,20:14:48.051,3222,0.5736
1876,20:14:48.052,3303,0.6132
1877,20:14:48.052,3308,0.6156
1878,20:14:48.053,3343,0.6327
1879,20:14:48.053,3424,0.6723
1880,20:14:48.054,3449,0.6845
1881,20:14:48.054,3474,0.6967
1882,20:14:48.055,3285,0.6044
1883,20:14:48.055,3255,0.5897
1884,20:14:48.056,3277,0.6005
1885,20:14:48.056,3148,0.5375
1886,20:14:48.057,3078,0.5033
1887,20:14:48.057,3608,0.7621
1888,20:14:48.058,4081,0.9932
1889,20:14:48.058,3876,0.8930
1890,20:14:48.059,3178,0.5521
1891,20:14:48.059,3028,0.4789
1892,20:14:48.060,3209,0.5673
1893,20:14:48.060,3371,0.6464
1894,20:14:48.061,3013,0.4716
1895,20:14:48.061,3242,0.5834
1896,20:14:48.062,3374,0.6479
1897,20:14:48.062,3428,0.6742
1898,20:14:48.063,3081,0.5048
1899,20:14:48.063,3481,0.7001
1900,20:14:48.064,3159,0.5429
1901,20:14:48.064,3461,0.6904
1902,20:14:48.065,3751,0.8320
1903,20:14:48.065,3793,0.8525
1904,20:14:48.066,3625,0.7705
1905,20:14:48.066,3774,0.8432
1906,20:14:48.067,3963,0.9355
1907,20:14:48.067,4091,0.9980
1908,20:14:48.068,4072,0.9888
1909,20:14:48.068,3794,0.8530
1910,20:14:48.069,4095,1.0000
1911,20:14:48.069,4094,0.9995
1912,20:14:48.070,3873,0.8916
1913,20:14:48.070,4034,0.9702
1914,20:14:48.071,4095,1.0000
1915,20:14:48.071,3899,0.9043
1916,20:14:48.072,4095,1.0000
1917,20:14:48.072,4095,1.0000
1918,20:14:48.073,3934,0.9214
1919,20:14:48.073,3698,0.8061
1920,20:14:48.074,3970,0.9389
1921,20:14:48.074,3939,0.9238
1922,20:14:48.075,3979,0.9433
1923,20:14:48.075,3775,0.8437
1924,20:14:48.076,4053,0.9795
1925,20:14:48.076,4095,1.0000
1926,20:14:48.077,4095,1.0000
1927,20:14:48.077,4093,0.9990
1928,20:14:48.078,4087,0.9961
1929,20:14:48.078,4088,0.9966
1930,20:14:48.079,4081,0.9932
1931,20:14:48.079,3929,0.9189
1932,20:14:48.080,3947,0.9277
1933,20:14:48.080,4085,0.9951
1934,20:14:48.081,3843,0.8769
1935,20:14:48.081,4093,0.9990
1936,20:14:48.082,3929,0.9189
1937,20:14:48.082,3945,0.9267
1938,20:14:48.083,3801,0.8564
1939,20:14:48.083,4049,0.9775
1940,20:14:48.084,3721,0.8173
1941,20:14:48.084,3815,0.8632
1942,20:14:48.085,3760,0.8364
1943,20:14:48.085,3911,0.9101
1944,20:14:48.086,4079,0.9922
1945,20:14:48.086,4095,1.0000
1946,20:14:48.087,4074,0.9897
1947,20:14:48.087,4088,0.9966
1948,20:14:48.088,4095,1.0000
1949,20:14:48.088,4095,1.0000
1950,20:14:48.089,4082,0.9937
1951,20:14:48.089,4095,1.0000
1952,20:14:48.090,4094,0.9995
1953,20:14:48.090,4095,1.0000
1954,20:14:48.091,4093,0.9990
1955,20:14:48.091,4089,0.9971
1956,20:14:48.092,4094,0.9995
1957,20:14:48.092,4095,1.0000
1958,20:14:48.093,4095,1.0000
1959,20:14:48.093,4095,1.0000
1960,20:14:48.094,4095,1.0000
1961,20:14:48.094,4087,0.9961
1962,20:14:48.095,4095,1.0000
1963,20:14:48.095,4089,0.9971
1964,20:14:48.096,4088,0.9966
1965,20:14:48.096,4092,0.9985
1966,20:14:48.097,4085,0.9951
1967,20:14:48.097,4085,0.9951
1968,20:14:48.098,4092,0.9985
1969,20:14:48.098,4086,0.9956
1970,20:14:48.099,4088,0.9966
1971,20:14:48.099,4087,0.9961
1972,20:14:48.100,4081,0.9932
1973,20:14:48.100,4093,0.9990
1974,20:14:48.101,4087,0.9961
1975,20:14:48.101,4085,0.9951
1976,20:14:48.102,4087,0.9961
1977,20:14:48.102,4087,0.9961
1978,20:14:48.103,4095,1.0000
1979,20:14:48.103,4085,0.9951
1980,20:14:48.104,4077,0.9912
1981,20:14:48.104,4074,0.9897
1982,20:14:48.105,4079,0.9922
1983,20:14:48.105,4070,0.9878
1984,20:14:48.106,4052,0.9790
1985,20:14:48.106,4056,0.9810
1986,20:14:48.107,4047,0.9766
1987,20:14:48.107,4040,0.9731
1988,20:14:48.108,4025,0.9658
1989,20:14:48.108,4015,0.9609
1990,20:14:48.109,4004,0.9556
1991,20:14:48.109,3999,0.9531
1992,20:14:48.110,3980,0.9438
1993,20:14:48.110,3960,0.9341
1994,20:14:48.111,3947,0.9277
1995,20:14:48.111,4002,0.9546
1996,20:14:48.112,3912,0.9106
1997,20:14:48.112,3871,0.8906
1998,20:14:48.113,3860,0.8852
1999,20:14:48.113,3796,0.8540
2000,20:14:48.114,3805,0.8584
2001,20:14:48.114,3795,0.8535
2002,20:14:48.115,3769,0.8408
2003,20:14:48.115,3698,0.8061
2004,20:14:48.116,3668,0.7915
2005,20:14:48.116,3636,0.7758
2006,20:14:48.117,3586,0.7514
2007,20:14:48.117,3543,0.7304
2008,20:14:48.118,3500,0.7094
2009,20:14:48.118,3437,0.6786
2010,20:14:48.119,3406,0.6635
2011,20:14:48.119,3359,0.6405
2012,20:14:48.120,3334,0.6283
2013,20:14:48.120,3322,0.6225
2014,20:14:48.121,3321,0.6220
2015,20:14:48.121,3298,0.6107
2016,20:14:48.122,3310,0.6166
2017,20:14:48.122,3332,0.6274
2018,20:14:48.123,3334,0.6283
2019,20:14:48.123,3254,0.5893
2020,20:14:48.124,3331,0.6269
2021,20:14:48.124,3334,0.6283
2022,20:14:48.125,3318,0.6205
2023,20:14:48.125,3343,0.6327
2024,20:14:48.126,3344,0.6332
2025,20:14:48.126,3350,0.6361
2026,20:14:48.127,3361,0.6415
2027,20:14:48.127,3362,0.6420
2028,20:14:48.128,3362,0.6420
2029,20:14:48.128,3368,0.6449
2030,20:14:48.129,3365,0.6435
2031,20:14:48.129,3371,0.6464
2032,20:14:48.130,3402,0.6615
2033,20:14:48.130,3393,0.6571
2034,20:14:48.131,3409,0.6650
2035,20:14:48.131,3433,0.6767
2036,20:14:48.132,3435,0.6777
2037,20:14:48.132,3450,0.6850
2038,20:14:48.133,3451,0.6855
2039,20:14:48.133,3462,0.6908
2040,20:14:48.134,3457,0.6884
2041,20:14:48.134,3486,0.7026
2042,20:14:48.135,3499,0.7089
2043,20:14:48.135,3490,0.7045
2044,20:14:48.136,3498,0.7084
2045,20:14:48.136,3499,0.7089
2046,20:14:48.137,3495,0.7070
2047,20:14:48.137,3509,0.7138
2048,20:14:48.138,3514,0.7162
2049,20:14:48.138,3518,0.7182
2050,20:14:48.139,3529,0.7236
2051,20:14:48.139,3520,0.7192
2052,20:14:48.140,3543,0.7304
2053,20:14:48.140,3509,0.7138
2054,20:14:48.141,3525,0.7216
2055,20:14:48.141,3540,0.7289
2056,20:14:48.142,3541,0.7294
2057,20:14:48.142,3518,0.7182
2058,20:14:48.143,3524,0.7211
2059,20:14:48.143,3537,0.7275
2060,20:14:48.144,3547,0.7324
2061,20:14:48.144,3545,0.7314
2062,20:14:48.145,3525,0.7216
2063,20:14:48.145,3540,0.7289
2064,20:14:48.146,3609,0.7626
2065,20:14:48.146,3545,0.7314
2066,20:14:48.147,3539,0.7284
2067,20:14:48.147,3544,0.7309
2068,20:14:48.148,3543,0.7304
2069,20:14:48.148,3550,0.7338
2070,20:14:48.149,3567,0.7421
2071,20:14:48.149,3563,0.7402
2072,20:14:48.150,3564,0.7407
2073,20:14:48.150,3563,0.7402
2074,20:14:48.151,3561,0.7392
2075,20:14:48.151,3603,0.7597
2076,20:14:48.152,3594,0.7553
2077,20:14:48.152,3600,0.7582
2078,20:14:48.153,3599,0.7578
2079,20:14:48.153,3624,0.7700
2080,20:14:48.154,3598,0.7573
2081,20:14:48.154,3609,0.7626
2082,20:14:48.155,3640,0.7778
2083,20:14:48.155,3635,0.7753
2084,20:14:48.156,3644,0.7797
2085,20:14:48.156,3635,0.7753
2086,20:14:48.157,3635,0.7753
2087,20:14:48.157,3642,0.7788
2088,20:14:48.158,3645,0.7802
2089,20:14:48.158,3646,0.7807
2090,20:14:48.159,3644,0.7797
2091,20:14:48.159,3640,0.7778
2092,20:14:48.160,3645,0.7802
2093,20:14:48.160,3629,0.7724
2094,20:14:48.161,3640,0.7778
2095,20:14:48.161,3636,0.7758
2096,20:14:48.162,3603,0.7597
2097,20:14:48.162,3649,0.7822
2098,20:14:48.163,3639,0.7773
2099,20:14:48.163,3638,0.7768
2100,20:14:48.164,3639,0.7773
2101,20:14:48.164,3648,0.7817
2102,20:14:48.165,3625,0.7705
2103,20:14:48.165,3629,0.7724
2104,20:14:48.166,3636,0.7758
2105,20:14:48.166,3639,0.7773
2106,20:14:48.167,3647,0.7812
2107,20:14:48.167,3642,0.7788
2108,20:14:48.168,3644,0.7797
2109,20:14:48.168,3648,0.7817
2110,20:14:48.169,3655,0.7851
2111,20:14:48.169,3649,0.7822
2112,20:14:48.170,3638,0.7768
2113,20:14:48.170,3653,0.7841
2114,20:14:48.171,3663,0.7890
2115,20:14:48.171,3660,0.7875
2116,20:14:48.172,3745,0.8291
2117,20:14:48.172,3689,0.8017
2118,20:14:48.173,3675,0.7949
2119,20:14:48.173,3681,0.7978
2120,20:14:48.174,3691,0.8027
2121,20:14:48.174,3690,0.8022
2122,20:14:48.175,3701,0.8076
2123,20:14:48.175,3702,0.8081
2124,20:14:48.176,3715,0.8144
2125,20:14:48.176,3720,0.8168
2126,20:14:48.177,3713,0.8134
2127,20:14:48.177,3720,0.8168
2128,20:14:48.178,3717,0.8154
2129,20:14:48.178,3720,0.8168
2130,20:14:48.179,3716,0.8149
2131,20:14:48.179,3721,0.8173
2132,20:14:48.180,3704,0.8090
2133,20:14:48.180,3714,0.8139
2134,20:14:48.181,3727,0.8203
2135,20:14:48.181,3743,0.8281
2136,20:14:48.182,3706,0.8100
2137,20:14:48.182,3694,0.8042
2138,20:14:48.183,3715,0.8144
2139,20:14:48.183,3741,0.8271
2140,20:14:48.184,3693,0.8037
2141,20:14:48.184,3699,0.8066
2142,20:14:48.185,3680,0.7973
2143,20:14:48.185,3697,0.8056
2144,20:14:48.186,3694,0.8042
2145,20:14:48.186,3687,0.8007
2146,20:14:48.187,3693,0.8037
2147,20:14:48.187,3691,0.8027
2148,20:14:48.188,3690,0.8022
2149,20:14:48.188,3701,0.8076
2150,20:14:48.189,3703,0.8085
2151,20:14:48.189,3698,0.8061
2152,20:14:48.190,3704,0.8090
2153,20:14:48.190,3717,0.8154
2154,20:14:48.191,3707,0.8105
2155,20:14:48.191,3726,0.8198
2156,20:14:48.192,3721,0.8173
2157,20:14:48.192,3724,0.8188
2158,20:14:48.193,3734,0.8237
2159,20:14:48.193,3724,0.8188
2160,20:14:48.194,3736,0.8247
2161,20:14:48.194,3707,0.8105
2162,20:14:48.195,3765,0.8388
2163,20:14:48.195,3762,0.8374
2164,20:14:48.196,3752,0.8325
2165,20:14:48.196,3747,0.8300
2166,20:14:48.197,3752,0.8325
2167,20:14:48.197,3748,0.8305
2168,20:14:48.198,3752,0.8325
2169,20:14:48.198,3751,0.8320
2170,20:14:48.199,3751,0.8320
2171,20:14:48.199,3751,0.8320
2172,20:14:48.200,3742,0.8276
2173,20:14:48.200,3757,0.8349
2174,20:14:48.201,3748,0.8305
2175,20:14:48.201,3736,0.8247
2176,20:14:48.202,3746,0.8295
2177,20:14:48.202,3722,0.8178
2178,20:14:48.203,3716,0.8149
2179,20:14:48.203,3733,0.8232
2180,20:14:48.204,3745,0.8291
2181,20:14:48.204,3759,0.8359
2182,20:14:48.205,3721,0.8173
2183,20:14:48.205,3723,0.8183
2184,20:14:48.206,3727,0.8203
2185,20:14:48.206,3724,0.8188
2186,20:14:48.207,3729,0.8212
2187,20:14:48.207,3722,0.8178
2188,20:14:48.208,3725,0.8193
2189,20:14:48.208,3733,0.8232
2190,20:14:48.209,3722,0.8178
2191,20:14:48.209,3739,0.8261
2192,20:14:48.210,3731,0.8222
2193,20:14:48.210,3723,0.8183
2194,20:14:48.211,3740,0.8266
2195,20:14:48.211,3739,0.8261
2196,20:14:48.212,3749,0.8310
2197,20:14:48.212,3777,0.8447
2198,20:14:48.213,3753,0.8330
2199,20:14:48.213,3761,0.8369
2200,20:14:48.214,3759,0.8359
2201,20:14:48.214,3775,0.8437
2202,20:14:48.215,3774,0.8432
2203,20:14:48.215,3778,0.8452
2204,20:14:48.216,3778,0.8452
2205,20:14:48.216,3773,0.8427
2206,20:14:48.217,3770,0.8413
2207,20:14:48.217,3777,0.8447
2208,20:14:48.218,3771,0.8418
2209,20:14:48.218,3778,0.8452
2210,20:14:48.219,3771,0.8418
2211,20:14:48.219,3768,0.8403
2212,20:14:48.220,3762,0.8374
2213,20:14:48.220,3773,0.8427
2214,20:14:48.221,3770,0.8413
2215,20:14:48.221,3780,0.8462
2216,20:14:48.222,3750,0.8315
2217,20:14:48.222,3755,0.8339
2218,20:14:48.223,3762,0.8374
2219,20:14:48.223,3763,0.8379
2220,20:14:48.224,3756,0.8344
2221,20:14:48.224,3756,0.8344
2222,20:14:48.225,3740,0.8266
2223,20:14:48.225,3765,0.8388
2224,20:14:48.226,3758,0.8354
2225,20:14:48.226,3738,0.8256
2226,20:14:48.227,3741,0.8271
2227,20:14:48.227,3741,0.8271
2228,20:14:48.228,3744,0.8286
2229,20:14:48.228,3742,0.8276
2230,20:14:48.229,3742,0.8276
2231,20:14:48.229,3743,0.8281
2232,20:14:48.230,3833,0.8720
2233,20:14:48.230,3757,0.8349
2234,20:14:48.231,3763,0.8379
2235,20:14:48.231,3764,0.8383
2236,20:14:48.232,3762,0.8374
2237,20:14:48.232,3765,0.8388
2238,20:14:48.233,3775,0.8437
2239,20:14:48.233,3764,0.8383
2240,20:14:48.234,3772,0.8422
2241,20:14:48.234,3766,0.8393
2242,20:14:48.235,3787,0.8496
2243,20:14:48.235,3779,0.8457
2244,20:14:48.236,3791,0.8515
2245,20:14:48.236,3790,0.8510
2246,20:14:48.237,3784,0.8481
2247,20:14:48.237,3787,0.8496
2248,20:14:48.238,3784,0.8481
2249,20:14:48.238,3788,0.8501
2250,20:14:48.239,3789,0.8505
2251,20:14:48.239,3785,0.8486
2252,20:14:48.240,3780,0.8462
2253,20:14:48.240,3779,0.8457
2254,20:14:48.241,3788,0.8501
2255,20:14:48.241,3775,0.8437
2256,20:14:48.242,3803,0.8574
2257,20:14:48.242,3771,0.8418
2258,20:14:48.243,3758,0.8354
2259,20:14:48.243,3778,0.8452
2260,20:14:48.244,3758,0.8354
2261,20:14:48.244,3761,0.8369
2262,20:14:48.245,3741,0.8271
2263,20:14:48.245,3758,0.8354
2264,20:14:48.246,3754,0.8335
2265,20:14:48.246,3750,0.8315
2266,20:14:48.247,3757,0.8349
2267,20:14:48.247,3728,0.8208
2268,20:14:48.248,3746,0.8295
2269,20:14:48.248,3748,0.8305
2270,20:14:48.249,3751,0.8320
2271,20:14:48.249,3756,0.8344
2272,20:14:48.250,3755,0.8339
2273,20:14:48.250,3752,0.8325
2274,20:14:48.251,3778,0.8452
2275,20:14:48.251,3764,0.8383
2276,20:14:48.252,3786,0.8491
2277,20:14:48.252,3761,0.8369
2278,20:14:48.253,3785,0.8486
2279,20:14:48.253,3781,0.8466
2280,20:14:48.254,3783,0.8476
2281,20:14:48.254,3788,0.8501
2282,20:14:48.255,3807,0.8593
2283,20:14:48.255,3795,0.8535
2284,20:14:48.256,3797,0.8545
2285,20:14:48.256,3796,0.8540
2286,20:14:48.257,3789,0.8505
2287,20:14:48.257,3799,0.8554
2288,20:14:48.258,3812,0.8618
2289,20:14:48.258,3791,0.8515
2290,20:14:48.259,3787,0.8496
2291,20:14:48.259,3794,0.8530
2292,20:14:48.260,3790,0.8510
2293,20:14:48.260,3794,0.8530
2294,20:14:48.261,3779,0.8457
2295,20:14:48.261,3753,0.8330
2296,20:14:48.262,3793,0.8525
2297,20:14:48.262,3845,0.8779
2298,20:14:48.263,3778,0.8452
2299,20:14:48.263,3766,0.8393
2300,20:14:48.264,3775,0.8437
2301,20:14:48.264,3788,0.8501
2302,20:14:48.265,3753,0.8330
2303,20:14:48.265,3763,0.8379
2304,20:14:48.266,3757,0.8349
2305,20:14:48.266,3762,0.8374
2306,20:14:48.267,3759,0.8359
2307,20:14:48.267,3756,0.8344
2308,20:14:48.268,3759,0.8359
2309,20:14:48.268,3728,0.8208
2310,20:14:48.269,3751,0.8320
2311,20:14:48.269,3752,0.8325
2312,20:14:48.270,3753,0.8330
2313,20:14:48.270,3755,0.8339
2314,20:14:48.271,3753,0.8330
2315,20:14:48.271,3783,0.8476
2316,20:14:48.272,3770,0.8413
2317,20:14:48.272,3785,0.8486
2318,20:14:48.273,3786,0.8491
2319,20:14:48.273,3786,0.8491
2320,20:14:48.274,3814,0.8628
2321,20:14:48.274,3783,0.8476
2322,20:14:48.275,3807,0.8593
2323,20:14:48.275,3799,0.8554
2324,20:14:48.276,3798,0.8549
2325,20:14:48.276,3800,0.8559
2326,20:14:48.277,3799,0.8554
2327,20:14:48.277,3803,0.8574
2328,20:14:48.278,3783,0.8476
2329,20:14:48.278,3806,0.8589
2330,20:14:48.279,3796,0.8540
2331,20:14:48.279,3797,0.8545
2332,20:14:48.280,3784,0.8481
2333,20:14:48.280,3788,0.8501
2334,20:14:48.281,3803,0.8574
2335,20:14:48.281,3795,0.8535
2336,20:14:48.282,3769,0.8408
2337,20:14:48.282,3758,0.8354
2338,20:14:48.283,3790,0.8510
2339,20:14:48.283,3772,0.8422
2340,20:14:48.284,3776,0.8442
2341,20:14:48.284,3781,0.8466
2342,20:14:48.285,3770,0.8413
2343,20:14:48.285,3782,0.8471
2344,20:14:48.286,3761,0.8369
2345,20:14:48.286,3766,0.8393
2346,20:14:48.287,3762,0.8374
2347,20:14:48.287,3768,0.8403
2348,20:14:48.288,3768,0.8403
2349,20:14:48.288,3763,0.8379
2350,20:14:48.289,3769,0.8408
2351,20:14:48.289,3753,0.8330
2352,20:14:48.290,3766,0.8393
2353,20:14:48.290,3776,0.8442
2354,20:14:48.291,3764,0.8383
2355,20:14:48.291,3777,0.8447
2356,20:14:48.292,3776,0.8442
2357,20:14:48.292,3780,0.8462
2358,20:14:48.293,3788,0.8501
2359,20:14:48.293,3783,0.8476
2360,20:14:48.294,3779,0.8457
2361,20:14:48.294,3791,0.8515
2362,20:14:48.295,3821,0.8662
2363,20:14:48.295,3782,0.8471
2364,20:14:48.296,3807,0.8593
2365,20:14:48.296,3807,0.8593
2366,20:14:48.297,3804,0.8579
2367,20:14:48.297,3805,0.8584
2368,20:14:48.298,3806,0.8589
2369,20:14:48.298,3803,0.8574
2370,20:14:48.299,3796,0.8540
2371,20:14:48.299,3801,0.8564
2372,20:14:48.300,3802,0.8569
2373,20:14:48.300,3806,0.8589
2374,20:14:48.301,3763,0.8379
2375,20:14:48.301,3781,0.8466
2376,20:14:48.302,3787,0.8496
2377,20:14:48.302,3786,0.8491
2378,20:14:48.303,3781,0.8466
2379,20:14:48.303,3771,0.8418
2380,20:14:48.304,3788,0.8501
2381,20:14:48.304,3814,0.8628
2382,20:14:48.305,3749,0.8310
2383,20:14:48.305,3762,0.8374
2384,20:14:48.306,3761,0.8369
2385,20:14:48.306,3770,0.8413
2386,20:14:48.307,3770,0.8413
2387,20:14:48.307,3765,0.8388
2388,20:14:48.308,3758,0.8354
2389,20:14:48.308,3766,0.8393
2390,20:14:48.309,3761,0.8369
2391,20:14:48.309,3770,0.8413
2392,20:14:48.310,3774,0.8432
2393,20:14:48.310,3768,0.8403
2394,20:14:48.311,3733,0.8232
2395,20:14:48.311,3808,0.8598
2396,20:14:48.312,3791,0.8515
2397,20:14:48.312,3790,0.8510
2398,20:14:48.313,3767,0.8398
2399,20:14:48.313,3788,0.8501
2400,20:14:48.314,3796,0.8540
2401,20:14:48.314,3768,0.8403
2402,20:14:48.315,3814,0.8628
2403,20:14:48.315,3809,0.8603
2404,20:14:48.316,3810,0.8608
2405,20:14:48.316,3805,0.8584
2406,20:14:48.317,3803,0.8574
2407,20:14:48.317,3809,0.8603
2408,20:14:48.318,3804,0.8579
2409,20:14:48.318,3808,0.8598
2410,20:14:48.319,3802,0.8569
2411,20:14:48.319,3803,0.8574
2412,20:14:48.320,3812,0.8618
2413,20:14:48.320,3806,0.8589
2414,20:14:48.321,3796,0.8540
2415,20:14:48.321,3795,0.8535
2416,20:14:48.322,3784,0.8481
2417,20:14:48.322,3775,0.8437
2418,20:14:48.323,3810,0.8608
2419,20:14:48.323,3785,0.8486
2420,20:14:48.324,3774,0.8432
2421,20:14:48.324,3782,0.8471
2422,20:14:48.325,3752,0.8325
2423,20:14:48.325,3773,0.8427
2424,20:14:48.326,3773,0.8427
2425,20:14:48.326,3756,0.8344
2426,20:14:48.327,3763,0.8379
2427,20:14:48.327,3778,0.8452
2428,20:14:48.328,3766,0.8393
2429,20:14:48.328,3767,0.8398
2430,20:14:48.329,3767,0.8398
2431,20:14:48.329,3756,0.8344
2432,20:14:48.330,3774,0.8432
2433,20:14:48.330,3772,0.8422
2434,20:14:48.331,3770,0.8413
2435,20:14:48.331,3747,0.8300
2436,20:14:48.332,3776,0.8442
2437,20:14:48.332,3787,0.8496
2438,20:14:48.333,3793,0.8525
2439,20:14:48.333,3788,0.8501
2440,20:14:48.334,3769,0.8408
2441,20:14:48.334,3798,0.8549
2442,20:14:48.335,3823,0.8672
2443,20:14:48.335,3797,0.8545
2444,20:14:48.336,3807,0.8593
2445,20:14:48.336,3805,0.8584
2446,20:14:48.337,3805,0.8584
2447,20:14:48.337,3810,0.8608
2448,20:14:48.338,3808,0.8598
2449,20:14:48.338,3800,0.8559
2450,20:14:48.339,3802,0.8569
2451,20:14:48.339,3799,0.8554
2452,20:14:48.340,3798,0.8549
2453,20:14:48.340,3800,0.8559
2454,20:14:48.341,3787,0.8496
2455,20:14:48.341,3783,0.8476
2456,20:14:48.342,3779,0.8457
2457,20:14:48.342,3786,0.8491
2458,20:14:48.343,3795,0.8535
2459,20:14:48.343,3781,0.8466
2460,20:14:48.344,3803,0.8574
2461,20:14:48.344,3780,0.8462
2462,20:14:48.345,3729,0.8212
2463,20:14:48.345,3763,0.8379
2464,20:14:48.346,3774,0.8432
2465,20:14:48.346,3774,0.8432
2466,20:14:48.347,3770,0.8413
2467,20:14:48.347,3769,0.8408
2468,20:14:48.348,3777,0.8447
2469,20:14:48.348,3769,0.8408
2470,20:14:48.349,3778,0.8452
2471,20:14:48.349,3765,0.8388
2472,20:14:48.350,3775,0.8437
2473,20:14:48.350,3771,0.8418
2474,20:14:48.351,3772,0.8422
2475,20:14:48.351,3776,0.8442
2476,20:14:48.352,3795,0.8535
2477,20:14:48.352,3788,0.8501
2478,20:14:48.353,3789,0.8505
2479,20:14:48.353,3846,0.8784
2480,20:14:48.354,3786,0.8491
2481,20:14:48.354,3780,0.8462
2482,20:14:48.355,3808,0.8598
2483,20:14:48.355,3806,0.8589
2484,20:14:48.356,3811,0.8613
2485,20:14:48.356,3800,0.8559
2486,20:14:48.357,3804,0.8579
2487,20:14:48.357,3806,0.8589
2488,20:14:48.358,3808,0.8598
2489,20:14:48.358,3808,0.8598
2490,20:14:48.359,3802,0.8569
2491,20:14:48.359,3802,0.8569
2492,20:14:48.360,3809,0.8603
2493,20:14:48.360,3802,0.8569
2494,20:14:48.361,3799,0.8554
2495,20:14:48.361,3786,0.8491
2496,20:14:48.362,3785,0.8486
2497,20:14:48.362,3779,0.8457
2498,20:14:48.363,3790,0.8510
2499,20:14:48.363,3774,0.8432
2500,20:14:48.364,3771,0.8418
2501,20:14:48.364,3776,0.8442
2502,20:14:48.365,3784,0.8481
2503,20:14:48.365,3781,0.8466
2504,20:14:48.366,3766,0.8393
2505,20:14:48.366,3751,0.8320
2506,20:14:48.367,3772,0.8422
2507,20:14:48.367,3766,0.8393
2508,20:14:48.368,3767,0.8398
2509,20:14:48.368,3764,0.8383
2510,20:14:48.369,3767,0.8398
2511,20:14:48.369,3770,0.8413
2512,20:14:48.370,3786,0.8491
2513,20:14:48.370,3764,0.8383
2514,20:14:48.371,3774,0.8432
2515,20:14:48.371,3787,0.8496
2516,20:14:48.372,3786,0.8491
2517,20:14:48.372,3791,0.8515
2518,20:14:48.373,3795,0.8535
2519,20:14:48.373,3781,0.8466
2520,20:14:48.374,3805,0.8584
2521,20:14:48.374,3794,0.8530
2522,20:14:48.375,3813,0.8623
2523,20:14:48.375,3797,0.8545
2524,20:14:48.376,3811,0.8613
2525,20:14:48.376,3807,0.8593
2526,20:14:48.377,3804,0.8579
2527,20:14:48.377,3809,0.8603
2528,20:14:48.378,3807,0.8593
2529,20:14:48.378,3809,0.8603
2530,20:14:48.379,3804,0.8579
2531,20:14:48.379,3809,0.8603
2532,20:14:48.380,3807,0.8593
2533,20:14:48.380,3811,0.8613
2534,20:14:48.381,3806,0.8589
2535,20:14:48.381,3783,0.8476
2536,20:14:48.382,3786,0.8491
2537,20:14:48.382,3786,0.8491
2538,20:14:48.383,3773,0.8427
2539,20:14:48.383,3701,0.8076
2540,20:14:48.384,3786,0.8491
2541,20:14:48.384,3786,0.8491
2542,20:14:48.385,3758,0.8354
2543,20:14:48.385,3773,0.8427
2544,20:14:48.386,3774,0.8432
2545,20:14:48.386,3773,0.8427
2546,20:14:48.387,3774,0.8432
2547,20:14:48.387,3765,0.8388
2548,20:14:48.388,3775,0.8437
2549,20:14:48.388,3776,0.8442
2550,20:14:48.389,3785,0.8486
2551,20:14:48.389,3756,0.8344
2552,20:14:48.390,3775,0.8437
2553,20:14:48.390,3793,0.8525
2554,20:14:48.391,3780,0.8462
2555,20:14:48.391,3772,0.8422
2556,20:14:48.392,3782,0.8471
2557,20:14:48.392,3789,0.8505
2558,20:14:48.393,3793,0.8525
2559,20:14:48.393,3796,0.8540
2560,20:14:48.394,3785,0.8486
2561,20:14:48.394,3781,0.8466
2562,20:14:48.395,3805,0.8584
2563,20:14:48.395,3808,0.8598
2564,20:14:48.396,3801,0.8564
2565,20:14:48.396,3809,0.8603
2566,20:14:48.397,3805,0.8584
2567,20:14:48.397,3810,0.8608
2568,20:14:48.398,3812,0.8618
2569,20:14:48.398,3795,0.8535
2570,20:14:48.399,3796,0.8540
2571,20:14:48.399,3808,0.8598
2572,20:14:48.400,3810,0.8608
2573,20:14:48.400,3806,0.8589
2574,20:14:48.401,3796,0.8540
2575,20:14:48.401,3792,0.8520
2576,20:14:48.402,3795,0.8535
2577,20:14:48.402,3796,0.8540
2578,20:14:48.403,3778,0.8452
2579,20:14:48.403,3796,0.8540
2580,20:14:48.404,3774,0.8432
2581,20:14:48.404,3790,0.8510
2582,20:14:48.405,3776,0.8442
2583,20:14:48.405,3769,0.8408
2584,20:14:48.406,3756,0.8344
2585,20:14:48.406,3770,0.8413
2586,20:14:48.407,3774,0.8432
2587,20:14:48.407,3774,0.8432
2588,20:14:48.408,3772,0.8422
2589,20:14:48.408,3767,0.8398
2590,20:14:48.409,3766,0.8393
2591,20:14:48.409,3767,0.8398
2592,20:14:48.410,3760,0.8364
2593,20:14:48.410,3795,0.8535
2594,20:14:48.411,3766,0.8393
2595,20:14:48.411,3820,0.8657
2596,20:14:48.412,3794,0.8530
2597,20:14:48.412,3786,0.8491
2598,20:14:48.413,3789,0.8505
2599,20:14:48.413,3796,0.8540
2600,20:14:48.414,3794,0.8530
2601,20:14:48.414,3798,0.8549
2602,20:14:48.415,3826,0.8686
2603,20:14:48.415,3812,0.8618
2604,20:14:48.416,3809,0.8603
2605,20:14:48.416,3812,0.8618
2606,20:14:48.417,3810,0.8608
2607,20:14:48.417,3812,0.8618
2608,20:14:48.418,3804,0.8579
2609,20:14:48.418,3816,0.8637
2610,20:14:48.419,3797,0.8545
2611,20:14:48.419,3803,0.8574
2612,20:14:48.420,3795,0.8535
2613,20:14:48.420,3798,0.8549
2614,20:14:48.421,3827,0.8691
2615,20:14:48.421,3786,0.8491
2616,20:14:48.422,3696,0.8051
2617,20:14:48.422,3783,0.8476
2618,20:14:48.423,3796,0.8540
2619,20:14:48.423,3785,0.8486
2620,20:14:48.424,3784,0.8481
2621,20:14:48.424,3808,0.8598
2622,20:14:48.425,3755,0.8339
2623,20:14:48.425,3743,0.8281
2624,20:14:48.426,3764,0.8383
2625,20:14:48.426,3772,0.8422
2626,20:14:48.427,3773,0.8427
2627,20:14:48.427,3762,0.8374
2628,20:14:48.428,3776,0.8442
2629,20:14:48.428,3765,0.8388
2630,20:14:48.429,3759,0.8359
2631,20:14:48.429,3784,0.8481
2632,20:14:48.430,3771,0.8418
2633,20:14:48.430,3767,0.8398
2634,20:14:48.431,3698,0.8061
2635,20:14:48.431,3775,0.8437
2636,20:14:48.432,3794,0.8530
2637,20:14:48.432,3828,0.8696
2638,20:14:48.433,3784,0.8481
2639,20:14:48.433,3776,0.8442
2640,20:14:48.434,3803,0.8574
2641,20:14:48.434,3804,0.8579
2642,20:14:48.435,3818,0.8647
2643,20:14:48.435,3806,0.8589
2644,20:14:48.436,3814,0.8628
2645,20:14:48.436,3812,0.8618
2646,20:14:48.437,3807,0.8593
2647,20:14:48.437,3813,0.8623
2648,20:14:48.438,3812,0.8618
2649,20:14:48.438,3789,0.8505
2650,20:14:48.439,3808,0.8598
2651,20:14:48.439,3805,0.8584
2652,20:14:48.440,3806,0.8589
2653,20:14:48.440,3808,0.8598
2654,20:14:48.441,3792,0.8520
2655,20:14:48.441,3807,0.8593
2656,20:14:48.442,3801,0.8564
2657,20:14:48.442,3781,0.8466
2658,20:14:48.443,3794,0.8530
2659,20:14:48.443,3794,0.8530
2660,20:14:48.444,3786,0.8491
2661,20:14:48.444,3787,0.8496
2662,20:14:48.445,3764,0.8383
2663,20:14:48.445,3775,0.8437
2664,20:14:48.446,3768,0.8403
2665,20:14:48.446,3770,0.8413
2666,20:14:48.447,3770,0.8413
2667,20:14:48.447,3764,0.8383
2668,20:14:48.448,3788,0.8501
2669,20:14:48.448,3775,0.8437
2670,20:14:48.449,3762,0.8374
2671,20:14:48.449,3773,0.8427
2672,20:14:48.450,3771,0.8418
2673,20:14:48.450,3758,0.8354
2674,20:14:48.451,3786,0.8491
2675,20:14:48.451,3785,0.8486
2676,20:14:48.452,3792,0.8520
2677,20:14:48.452,3782,0.8471
2678,20:14:48.453,3846,0.8784
2679,20:14:48.453,3803,0.8574
2680,20:14:48.454,3769,0.8408
2681,20:14:48.454,3778,0.8452
2682,20:14:48.455,3825,0.8681
2683,20:14:48.455,3820,0.8657
2684,20:14:48.456,3815,0.8632
2685,20:14:48.456,3803,0.8574
2686,20:14:48.457,3811,0.8613
2687,20:14:48.457,3810,0.8608
2688,20:14:48.458,3810,0.8608
2689,20:14:48.458,3794,0.8530
2690,20:14:48.459,3804,0.8579
2691,20:14:48.459,3802,0.8569
2692,20:14:48.460,3808,0.8598
2693,20:14:48.460,3809,0.8603
2694,20:14:48.461,3796,0.8540
2695,20:14:48.461,3786,0.8491
2696,20:14:48.462,3785,0.8486
2697,20:14:48.462,3787,0.8496
2698,20:14:48.463,3787,0.8496
2699,20:14:48.463,3789,0.8505
2700,20:14:48.464,3771,0.8418
2701,20:14:48.464,3780,0.8462
2702,20:14:48.465,3770,0.8413
2703,20:14:48.465,3778,0.8452
2704,20:14:48.466,3769,0.8408
2705,20:14:48.466,3770,0.8413
2706,20:14:48.467,3768,0.8403
2707,20:14:48.467,3763,0.8379
2708,20:14:48.468,3771,0.8418
2709,20:14:48.468,3773,0.8427
2710,20:14:48.469,3770,0.8413
2711,20:14:48.469,3765,0.8388
2712,20:14:48.470,3774,0.8432
2713,20:14:48.470,3831,0.8711
2714,20:14:48.471,3781,0.8466
2715,20:14:48.471,3779,0.8457
2716,20:14:48.472,3827,0.8691
2717,20:14:48.472,3795,0.8535
2718,20:14:48.473,3780,0.8462
2719,20:14:48.473,3799,0.8554
2720,20:14:48.474,3806,0.8589
2721,20:14:48.474,3800,0.8559
2722,20:14:48.475,3818,0.8647
2723,20:14:48.475,3723,0.8183
2724,20:14:48.476,3812,0.8618
2725,20:14:48.476,3814,0.8628
2726,20:14:48.477,3809,0.8603
2727,20:14:48.477,3803,0.8574
2728,20:14:48.478,3807,0.8593
2729,20:14:48.478,3810,0.8608
2730,20:14:48.479,3807,0.8593
2731,20:14:48.479,3801,0.8564
2732,20:14:48.480,3804,0.8579
2733,20:14:48.480,3796,0.8540
2734,20:14:48.481,3800,0.8559
2735,20:14:48.481,3797,0.8545
2736,20:14:48.482,3793,0.8525
2737,20:14:48.482,3792,0.8520
2738,20:14:48.483,3793,0.8525
2739,20:14:48.483,3802,0.8569
2740,20:14:48.484,3789,0.8505
2741,20:14:48.484,3776,0.8442
2742,20:14:48.485,3757,0.8349
2743,20:14:48.485,3778,0.8452
2744,20:14:48.486,3815,0.8632
2745,20:14:48.486,3773,0.8427
2746,20:14:48.487,3779,0.8457
2747,20:14:48.487,3768,0.8403
2748,20:14:48.488,3770,0.8413
2749,20:14:48.488,3770,0.8413
2750,20:14:48.489,3767,0.8398
2751,20:14:48.489,3767,0.8398
2752,20:14:48.490,3775,0.8437
2753,20:14:48.490,3775,0.8437
2754,20:14:48.491,3781,0.8466
2755,20:14:48.491,3784,0.8481
2756,20:14:48.492,3775,0.8437
2757,20:14:48.492,3785,0.8486
2758,20:14:48.493,3802,0.8569
2759,20:14:48.493,3799,0.8554
2760,20:14:48.494,3785,0.8486
2761,20:14:48.494,3800,0.8559
2762,20:14:48.495,3822,0.8667
2763,20:14:48.495,3802,0.8569
2764,20:14:48.496,3806,0.8589
2765,20:14:48.496,3806,0.8589
2766,20:14:48.497,3807,0.8593
2767,20:14:48.497,3805,0.8584
2768,20:14:48.498,3811,0.8613
2769,20:14:48.498,3800,0.8559
2770,20:14:48.499,3794,0.8530
2771,20:14:48.499,3801,0.8564
2772,20:14:48.500,3798,0.8549
2773,20:14:48.500,3811,0.8613
2774,20:14:48.501,3798,0.8549
2775,20:14:48.501,3804,0.8579
2776,20:14:48.502,3799,0.8554
2777,20:14:48.502,3792,0.8520
2778,20:14:48.503,3777,0.8447
2779,20:14:48.503,3781,0.8466
2780,20:14:48.504,3800,0.8559
2781,20:14:48.504,3790,0.8510
2782,20:14:48.505,3776,0.8442
2783,20:14:48.505,3764,0.8383
2784,20:14:48.506,3767,0.8398
2785,20:14:48.506,3772,0.8422
2786,20:14:48.507,3781,0.8466
2787,20:14:48.507,3768,0.8403
2788,20:14:48.508,3769,0.8408
2789,20:14:48.508,3792,0.8520
2790,20:14:48.509,3779,0.8457
2791,20:14:48.509,3767,0.8398
2792,20:14:48.510,3765,0.8388
2793,20:14:48.510,3773,0.8427
2794,20:14:48.511,3774,0.8432
2795,20:14:48.511,3778,0.8452
2796,20:14:48.512,3787,0.8496
2797,20:14:48.512,3799,0.8554
2798,20:14:48.513,3763,0.8379
2799,20:14:48.513,3786,0.8491
2800,20:14:48.514,3815,0.8632
2801,20:14:48.514,3796,0.8540
2802,20:14:48.515,3786,0.8491
2803,20:14:48.515,3796,0.8540
2804,20:14:48.516,3809,0.8603
2805,20:14:48.516,3891,0.9004
2806,20:14:48.517,3809,0.8603
2807,20:14:48.517,3796,0.8540
2808,20:14:48.518,3809,0.8603
2809,20:14:48.518,3825,0.8681
2810,20:14:48.519,3803,0.8574
2811,20:14:48.519,3802,0.8569
2812,20:14:48.520,3807,0.8593
2813,20:14:48.520,3804,0.8579
2814,20:14:48.521,3810,0.8608
2815,20:14:48.521,3794,0.8530
2816,20:14:48.522,3795,0.8535
2817,20:14:48.522,3802,0.8569
2818,20:14:48.523,3780,0.8462
2819,20:14:48.523,3786,0.8491
2820,20:14:48.524,3788,0.8501
2821,20:14:48.524,3784,0.8481
2822,20:14:48.525,3758,0.8354
2823,20:14:48.525,3771,0.8418
2824,20:14:48.526,3778,0.8452
2825,20:14:48.526,3764,0.8383
2826,20:14:48.527,3772,0.8422
2827,20:14:48.527,3771,0.8418
2828,20:14:48.528,3773,0.8427
2829,20:14:48.528,3769,0.8408
2830,20:14:48.529,3746,0.8295
2831,20:14:48.529,3769,0.8408
2832,20:14:48.530,3776,0.8442
2833,20:14:48.530,3774,0.8432
2834,20:14:48.531,3779,0.8457
2835,20:14:48.531,3798,0.8549
2836,20:14:48.532,3779,0.8457
2837,20:14:48.532,3790,0.8510
2838,20:14:48.533,3795,0.8535
2839,20:14:48.533,3784,0.8481
2840,20:14:48.534,3801,0.8564
2841,20:14:48.534,3780,0.8462
2842,20:14:48.535,3826,0.8686
2843,20:14:48.535,3813,0.8623
2844,20:14:48.536,3810,0.8608
2845,20:14:48.536,3809,0.8603
2846,20:14:48.537,3812,0.8618
2847,20:14:48.537,3809,0.8603
2848,20:14:48.538,3806,0.8589
2849,20:14:48.538,3799,0.8554
2850,20:14:48.539,3806,0.8589
2851,20:14:48.539,3811,0.8613
2852,20:14:48.540,3804,0.8579
2853,20:14:48.540,3793,0.8525
2854,20:14:48.541,3808,0.8598
2855,20:14:48.541,3800,0.8559
2856,20:14:48.542,3793,0.8525
2857,20:14:48.542,3784,0.8481
2858,20:14:48.543,3789,0.8505
2859,20:14:48.543,3788,0.8501
2860,20:14:48.544,3785,0.8486
2861,20:14:48.544,3771,0.8418
2862,20:14:48.545,3769,0.8408
2863,20:14:48.545,3734,0.8237
2864,20:14:48.546,3771,0.8418
2865,20:14:48.546,3776,0.8442
2866,20:14:48.547,3778,0.8452
2867,20:14:48.547,3767,0.8398
2868,20:14:48.548,3772,0.8422
2869,20:14:48.548,3774,0.8432
2870,20:14:48.549,3766,0.8393
2871,20:14:48.549,3776,0.8442
2872,20:14:48.550,3737,0.8252
2873,20:14:48.550,3779,0.8457
2874,20:14:48.551,3834,0.8725
2875,20:14:48.551,3798,0.8549
2876,20:14:48.552,3795,0.8535
2877,20:14:48.552,3806,0.8589
2878,20:14:48.553,3791,0.8515
2879,20:14:48.553,3800,0.8559
2880,20:14:48.554,3801,0.8564
2881,20:14:48.554,3791,0.8515
2882,20:14:48.555,3805,0.8584
2883,20:14:48.555,3801,0.8564
2884,20:14:48.556,3812,0.8618
2885,20:14:48.556,3807,0.8593
2886,20:14:48.557,3804,0.8579
2887,20:14:48.557,3811,0.8613
2888,20:14:48.558,3813,0.8623
2889,20:14:48.558,3800,0.8559
2890,20:14:48.559,3803,0.8574
2891,20:14:48.559,3805,0.8584
2892,20:14:48.560,3797,0.8545
2893,20:14:48.560,3805,0.8584
2894,20:14:48.561,3809,0.8603
2895,20:14:48.561,3798,0.8549
2896,20:14:48.562,3791,0.8515
2897,20:14:48.562,3800,0.8559
2898,20:14:48.563,3779,0.8457
2899,20:14:48.563,3783,0.8476
2900,20:14:48.564,3792,0.8520
2901,20:14:48.564,3811,0.8613
2902,20:14:48.565,3774,0.8432
2903,20:14:48.565,3776,0.8442
2904,20:14:48.566,3763,0.8379
2905,20:14:48.566,3775,0.8437
2906,20:14:48.567,3768,0.8403
2907,20:14:48.567,3778,0.8452
2908,20:14:48.568,3770,0.8413
2909,20:14:48.568,3766,0.8393
2910,20:14:48.569,3763,0.8379
2911,20:14:48.569,3776,0.8442
2912,20:14:48.570,3771,0.8418
2913,20:14:48.570,3768,0.8403
2914,20:14:48.571,3783,0.8476
2915,20:14:48.571,3791,0.8515
2916,20:14:48.572,3788,0.8501
2917,20:14:48.572,3787,0.8496
2918,20:14:48.573,3816,0.8637
2919,20:14:48.573,3802,0.8569
2920,20:14:48.574,3802,0.8569
2921,20:14:48.574,3785,0.8486
2922,20:14:48.575,3827,0.8691
2923,20:14:48.575,3805,0.8584
2924,20:14:48.576,3813,0.8623
2925,20:14:48.576,3805,0.8584
2926,20:14:48.577,3803,0.8574
2927,20:14:48.577,3802,0.8569
2928,20:14:48.578,3810,0.8608
2929,20:14:48.578,3798,0.8549
2930,20:14:48.579,3807,0.8593
2931,20:14:48.579,3807,0.8593
2932,20:14:48.580,3802,0.8569
2933,20:14:48.580,3806,0.8589
2934,20:14:48.581,3809,0.8603
2935,20:14:48.581,3804,0.8579
2936,20:14:48.582,3795,0.8535
2937,20:14:48.582,3779,0.8457
2938,20:14:48.583,3785,0.8486
2939,20:14:48.583,3801,0.8564
2940,20:14:48.584,3786,0.8491
2941,20:14:48.584,3793,0.8525
2942,20:14:48.585,3767,0.8398
2943,20:14:48.585,3771,0.8418
2944,20:14:48.586,3769,0.8408
2945,20:14:48.586,3771,0.8418
2946,20:14:48.587,3763,0.8379
2947,20:14:48.587,3766,0.8393
2948,20:14:48.588,3776,0.8442
2949,20:14:48.588,3769,0.8408
2950,20:14:48.589,3768,0.8403
2951,20:14:48.589,3763,0.8379
2952,20:14:48.590,3773,0.8427
2953,20:14:48.590,3774,0.8432
2954,20:14:48.591,3828,0.8696
2955,20:14:48.591,3791,0.8515
2956,20:14:48.592,3777,0.8447
2957,20:14:48.592,3798,0.8549
2958,20:14:48.593,3804,0.8579
2959,20:14:48.593,3784,0.8481
2960,20:14:48.594,3785,0.8486
2961,20:14:48.594,3802,0.8569
2962,20:14:48.595,3808,0.8598
2963,20:14:48.595,3808,0.8598
2964,20:14:48.596,3810,0.8608
2965,20:14:48.596,3807,0.8593
2966,20:14:48.597,3806,0.8589
2967,20:14:48.597,3809,0.8603
2968,20:14:48.598,3805,0.8584
2969,20:14:48.598,3807,0.8593
2970,20:14:48.599,3810,0.8608
2971,20:14:48.599,3801,0.8564
2972,20:14:48.600,3800,0.8559
2973,20:14:48.600,3804,0.8579
2974,20:14:48.601,3802,0.8569
2975,20:14:48.601,3793,0.8525
2976,20:14:48.602,3790,0.8510
2977,20:14:48.602,3797,0.8545
2978,20:14:48.603,3764,0.8383
2979,20:14:48.603,3747,0.8300
2980,20:14:48.604,3816,0.8637
2981,20:14:48.604,3787,0.8496
2982,20:14:48.605,3762,0.8374
2983,20:14:48.605,3779,0.8457
2984,20:14:48.606,3791,0.8515
2985,20:14:48.606,3768,0.8403
2986,20:14:48.607,3773,0.8427
2987,20:14:48.607,3768,0.8403
2988,20:14:48.608,3774,0.8432
2989,20:14:48.608,3765,0.8388
2990,20:14:48.609,3767,0.8398
2991,20:14:48.609,3788,0.8501
2992,20:14:48.610,3773,0.8427
2993,20:14:48.610,3770,0.8413
2994,20:14:48.611,3773,0.8427
2995,20:14:48.611,3796,0.8540
2996,20:14:48.612,3798,0.8549
2997,20:14:48.612,3792,0.8520
2998,20:14:48.613,3799,0.8554
2999,20:14:48.613,3797,0.8545
3000,20:14:48.614,3844,0.8774
3001,20:14:48.614,3794,0.8530
3002,20:14:48.615,3818,0.8647
3003,20:14:48.615,3808,0.8598
3004,20:14:48.616,3810,0.8608
3005,20:14:48.616,3804,0.8579
3006,20:14:48.617,3811,0.8613
3007,20:14:48.617,3811,0.8613
3008,20:14:48.618,3800,0.8559
3009,20:14:48.618,3805,0.8584
3010,20:14:48.619,3799,0.8554
3011,20:14:48.619,3808,0.8598
3012,20:14:48.620,3794,0.8530
3013,20:14:48.620,3780,0.8462
3014,20:14:48.621,3791,0.8515
3015,20:14:48.621,3792,0.8520
3016,20:14:48.622,3783,0.8476
3017,20:14:48.622,3786,0.8491
3018,20:14:48.623,3779,0.8457
3019,20:14:48.623,3804,0.8579
3020,20:14:48.624,3763,0.8379
3021,20:14:48.624,3782,0.8471
3022,20:14:48.625,3775,0.8437
3023,20:14:48.625,3834,0.8725
3024,20:14:48.626,3779,0.8457
3025,20:14:48.626,3769,0.8408
3026,20:14:48.627,3772,0.8422
3027,20:14:48.627,3769,0.8408
3028,20:14:48.628,3775,0.8437
3029,20:14:48.628,3791,0.8515
3030,20:14:48.629,3773,0.8427
3031,20:14:48.629,3764,0.8383
3032,20:14:48.630,3769,0.8408
3033,20:14:48.630,3773,0.8427
3034,20:14:48.631,3776,0.8442
3035,20:14:48.631,3773,0.8427
3036,20:14:48.632,3780,0.8462
3037,20:14:48.632,3783,0.8476
3038,20:14:48.633,3810,0.8608
3039,20:14:48.633,3782,0.8471
3040,20:14:48.634,3728,0.8208
3041,20:14:48.634,3801,0.8564
3042,20:14:48.635,3828,0.8696
3043,20:14:48.635,3804,0.8579
3044,20:14:48.636,3805,0.8584
3045,20:14:48.636,3801,0.8564
3046,20:14:48.637,3808,0.8598
3047,20:14:48.637,3813,0.8623
3048,20:14:48.638,3803,0.8574
3049,20:14:48.638,3801,0.8564
3050,20:14:48.639,3801,0.8564
3051,20:14:48.639,3792,0.8520
3052,20:14:48.640,3801,0.8564
3053,20:14:48.640,3801,0.8564
3054,20:14:48.641,3783,0.8476
3055,20:14:48.641,3785,0.8486
3056,20:14:48.642,3804,0.8579
3057,20:14:48.642,3822,0.8667
3058,20:14:48.643,3788,0.8501
3059,20:14:48.643,3802,0.8569
3060,20:14:48.644,3803,0.8574
3061,20:14:48.644,3786,0.8491
3062,20:14:48.645,3777,0.8447
3063,20:14:48.645,3768,0.8403
3064,20:14:48.646,3772,0.8422
3065,20:14:48.646,3795,0.8535
3066,20:14:48.647,3777,0.8447
3067,20:14:48.647,3771,0.8418
3068,20:14:48.648,3772,0.8422
3069,20:14:48.648,3776,0.8442
3070,20:14:48.649,3768,0.8403
3071,20:14:48.649,3792,0.8520
3072,20:14:48.650,3777,0.8447
3073,20:14:48.650,3771,0.8418
3074,20:14:48.651,3767,0.8398
3075,20:14:48.651,3790,0.8510
3076,20:14:48.652,3794,0.8530
3077,20:14:48.652,3690,0.8022
3078,20:14:48.653,3781,0.8466
3079,20:14:48.653,3808,0.8598
3080,20:14:48.654,3797,0.8545
3081,20:14:48.654,3768,0.8403
3082,20:14:48.655,3728,0.8208
3083,20:14:48.655,3793,0.8525
3084,20:14:48.656,3812,0.8618
3085,20:14:48.656,3817,0.8642
3086,20:14:48.657,3808,0.8598
3087,20:14:48.657,3812,0.8618
3088,20:14:48.658,3809,0.8603
3089,20:14:48.658,3807,0.8593
3090,20:14:48.659,3802,0.8569
3091,20:14:48.659,3806,0.8589
3092,20:14:48.660,3801,0.8564
3093,20:14:48.660,3799,0.8554
3094,20:14:48.661,3806,0.8589
3095,20:14:48.661,3792,0.8520
3096,20:14:48.662,3794,0.8530
3097,20:14:48.662,3781,0.8466
3098,20:14:48.663,3784,0.8481
3099,20:14:48.663,3798,0.8549
3100,20:14:48.664,3777,0.8447
3101,20:14:48.664,3786,0.8491
3102,20:14:48.665,3774,0.8432
3103,20:14:48.665,3773,0.8427
3104,20:14:48.666,3761,0.8369
3105,20:14:48.666,3775,0.8437
3106,20:14:48.667,3771,0.8418
3107,20:14:48.667,3769,0.8408
3108,20:14:48.668,3769,0.8408
3109,20:14:48.668,3774,0.8432
3110,20:14:48.669,3756,0.8344
3111,20:14:48.669,3772,0.8422
3112,20:14:48.670,3778,0.8452
3113,20:14:48.670,3778,0.8452
3114,20:14:48.671,3779,0.8457
3115,20:14:48.671,3767,0.8398
3116,20:14:48.672,3781,0.8466
3117,20:14:48.672,3781,0.8466
3118,20:14:48.673,3785,0.8486
3119,20:14:48.673,3751,0.8320
3120,20:14:48.674,3793,0.8525
3121,20:14:48.674,3805,0.8584
3122,20:14:48.675,3818,0.8647
3123,20:14:48.675,3796,0.8540
3124,20:14:48.676,3812,0.8618
3125,20:14:48.676,3806,0.8589
3126,20:14:48.677,3833,0.8720
3127,20:14:48.677,3812,0.8618
3128,20:14:48.678,3811,0.8613
3129,20:14:48.678,3812,0.8618
3130,20:14:48.679,3805,0.8584
3131,20:14:48.679,3798,0.8549
3132,20:14:48.680,3796,0.8540
3133,20:14:48.680,3798,0.8549
3134,20:14:48.681,3804,0.8579
3135,20:14:48.681,3795,0.8535
3136,20:14:48.682,3797,0.8545
3137,20:14:48.682,3786,0.8491
3138,20:14:48.683,3806,0.8589
3139,20:14:48.683,3789,0.8505
3140,20:14:48.684,3803,0.8574
3141,20:14:48.684,3782,0.8471
3142,20:14:48.685,3769,0.8408
3143,20:14:48.685,3772,0.8422
3144,20:14:48.686,3769,0.8408
3145,20:14:48.686,3776,0.8442
3146,20:14:48.687,3771,0.8418
3147,20:14:48.687,3766,0.8393
3148,20:14:48.688,3773,0.8427
3149,20:14:48.688,3775,0.8437
3150,20:14:48.689,3771,0.8418
3151,20:14:48.689,3771,0.8418
3152,20:14:48.690,3782,0.8471
3153,20:14:48.690,3767,0.8398
3154,20:14:48.691,3766,0.8393
3155,20:14:48.691,3793,0.8525
3156,20:14:48.692,3844,0.8774
3157,20:14:48.692,3791,0.8515
3158,20:14:48.693,3773,0.8427
3159,20:14:48.693,3805,0.8584
3160,20:14:48.694,3791,0.8515
3161,20:14:48.694,3795,0.8535
3162,20:14:48.695,3819,0.8652
3163,20:14:48.695,3808,0.8598
3164,20:14:48.696,3782,0.8471
3165,20:14:48.696,3807,0.8593
3166,20:14:48.697,3806,0.8589
3167,20:14:48.697,3812,0.8618
3168,20:14:48.698,3803,0.8574
3169,20:14:48.698,3808,0.8598
3170,20:14:48.699,3803,0.8574
3171,20:14:48.699,3810,0.8608
3172,20:14:48.700,3853,0.8818
3173,20:14:48.700,3805,0.8584
3174,20:14:48.701,3799,0.8554
3175,20:14:48.701,3794,0.8530
3176,20:14:48.702,3773,0.8427
3177,20:14:48.702,3784,0.8481
3178,20:14:48.703,3815,0.8632
3179,20:14:48.703,3803,0.8574
3180,20:14:48.704,3779,0.8457
3181,20:14:48.704,3784,0.8481
3182,20:14:48.705,3767,0.8398
3183,20:14:48.705,3775,0.8437
3184,20:14:48.706,3769,0.8408
3185,20:14:48.706,3762,0.8374
3186,20:14:48.707,3772,0.8422
3187,20:14:48.707,3766,0.8393
3188,20:14:48.708,3772,0.8422
3189,20:14:48.708,3768,0.8403
3190,20:14:48.709,3771,0.8418
3191,20:14:48.709,3865,0.8877
3192,20:14:48.710,3776,0.8442
3193,20:14:48.710,3794,0.8530
3194,20:14:48.711,3777,0.8447
3195,20:14:48.711,3798,0.8549
3196,20:14:48.712,3795,0.8535
3197,20:14:48.712,3793,0.8525
3198,20:14:48.713,3798,0.8549
3199,20:14:48.713,3788,0.8501
3200,20:14:48.714,3787,0.8496
3201,20:14:48.714,3785,0.8486
3202,20:14:48.715,3816,0.8637
3203,20:14:48.715,3798,0.8549
3204,20:14:48.716,3806,0.8589
3205,20:14:48.716,3815,0.8632
3206,20:14:48.717,3798,0.8549
3207,20:14:48.717,3811,0.8613
3208,20:14:48.718,3801,0.8564
3209,20:14:48.718,3804,0.8579
3210,20:14:48.719,3798,0.8549
3211,20:14:48.719,3800,0.8559
3212,20:14:48.720,3798,0.8549
3213,20:14:48.720,3805,0.8584
3214,20:14:48.721,3807,0.8593
3215,20:14:48.721,3770,0.8413
3216,20:14:48.722,3791,0.8515
3217,20:14:48.722,3787,0.8496
3218,20:14:48.723,3788,0.8501
3219,20:14:48.723,3790,0.8510
3220,20:14:48.724,3798,0.8549
3221,20:14:48.724,3784,0.8481
3222,20:14:48.725,3770,0.8413
3223,20:14:48.725,3782,0.8471
3224,20:14:48.726,3765,0.8388
3225,20:14:48.726,3775,0.8437
3226,20:14:48.727,3752,0.8325
3227,20:14:48.727,3764,0.8383
3228,20:14:48.728,3770,0.8413
3229,20:14:48.728,3766,0.8393
3230,20:14:48.729,3768,0.8403
3231,20:14:48.729,3771,0.8418
3232,20:14:48.730,3774,0.8432
3233,20:14:48.730,3803,0.8574
3234,20:14:48.731,3764,0.8383
3235,20:14:48.731,3785,0.8486
3236,20:14:48.732,3791,0.8515
3237,20:14:48.732,3798,0.8549
3238,20:14:48.733,3808,0.8598
3239,20:14:48.733,3793,0.8525
3240,20:14:48.734,3798,0.8549
3241,20:14:48.734,3779,0.8457
3242,20:14:48.735,3774,0.8432
3243,20:14:48.735,3809,0.8603
3244,20:14:48.736,3808,0.8598
3245,20:14:48.736,3801,0.8564
3246,20:14:48.737,3798,0.8549
3247,20:14:48.737,3812,0.8618
3248,20:14:48.738,3802,0.8569
3249,20:14:48.738,3807,0.8593
3250,20:14:48.739,3800,0.8559
3251,20:14:48.739,3805,0.8584
3252,20:14:48.740,3797,0.8545
3253,20:14:48.740,3802,0.8569
3254,20:14:48.741,3794,0.8530
3255,20:14:48.741,3796,0.8540
3256,20:14:48.742,3782,0.8471
3257,20:14:48.742,3794,0.8530
3258,20:14:48.743,3800,0.8559
3259,20:14:48.743,3792,0.8520
3260,20:14:48.744,3809,0.8603
3261,20:14:48.744,3776,0.8442
3262,20:14:48.745,3775,0.8437
3263,20:14:48.745,3774,0.8432
3264,20:14:48.746,3773,0.8427
3265,20:14:48.746,3765,0.8388
3266,20:14:48.747,3773,0.8427
3267,20:14:48.747,3766,0.8393
3268,20:14:48.748,3773,0.8427
3269,20:14:48.748,3770,0.8413
3270,20:14:48.749,3766,0.8393
3271,20:14:48.749,3782,0.8471
3272,20:14:48.750,3772,0.8422
3273,20:14:48.750,3765,0.8388
3274,20:14:48.751,3776,0.8442
3275,20:14:48.751,3774,0.8432
3276,20:14:48.752,3795,0.8535
3277,20:14:48.752,3800,0.8559
3278,20:14:48.753,3783,0.8476
3279,20:14:48.753,3805,0.8584
3280,20:14:48.754,3780,0.8462
3281,20:14:48.754,3782,0.8471
3282,20:14:48.755,3796,0.8540
3283,20:14:48.755,3806,0.8589
3284,20:14:48.756,3808,0.8598
3285,20:14:48.756,3808,0.8598
3286,20:14:48.757,3797,0.8545
3287,20:14:48.757,3792,0.8520
3288,20:14:48.758,3805,0.8584
3289,20:14:48.758,3798,0.8549
3290,20:14:48.759,3805,0.8584
3291,20:14:48.759,3803,0.8574
3292,20:14:48.760,3803,0.8574
3293,20:14:48.760,3814,0.8628
3294,20:14:48.761,3807,0.8593
3295,20:14:48.761,3795,0.8535
3296,20:14:48.762,3789,0.8505
3297,20:14:48.762,3798,0.8549
3298,20:14:48.763,3837,0.8740
3299,20:14:48.763,3787,0.8496
3300,20:14:48.764,3785,0.8486
3301,20:14:48.764,3796,0.8540
3302,20:14:48.765,3761,0.8369
3303,20:14:48.765,3735,0.8242
3304,20:14:48.766,3769,0.8408
3305,20:14:48.766,3778,0.8452
3306,20:14:48.767,3769,0.8408
3307,20:14:48.767,3768,0.8403
3308,20:14:48.768,3769,0.8408
3309,20:14:48.768,3769,0.8408
3310,20:14:48.769,3747,0.8300
3311,20:14:48.769,3775,0.8437
3312,20:14:48.770,3777,0.8447
3313,20:14:48.770,3782,0.8471
3314,20:14:48.771,3770,0.8413
3315,20:14:48.771,3790,0.8510
3316,20:14:48.772,3789,0.8505
3317,20:14:48.772,3791,0.8515
3318,20:14:48.773,3783,0.8476
3319,20:14:48.773,3763,0.8379
3320,20:14:48.774,3788,0.8501
3321,20:14:48.774,3775,0.8437
3322,20:14:48.775,3778,0.8452
3323,20:14:48.775,3803,0.8574
3324,20:14:48.776,3809,0.8603
3325,20:14:48.776,3811,0.8613
3326,20:14:48.777,3810,0.8608
3327,20:14:48.777,3810,0.8608
3328,20:14:48.778,3803,0.8574
3329,20:14:48.778,3798,0.8549
3330,20:14:48.779,3809,0.8603
3331,20:14:48.779,3812,0.8618
3332,20:14:48.780,3797,0.8545
3333,20:14:48.780,3795,0.8535
3334,20:14:48.781,3791,0.8515
3335,20:14:48.781,3805,0.8584
3336,20:14:48.782,3798,0.8549
3337,20:14:48.782,3789,0.8505
3338,20:14:48.783,3780,0.8462
3339,20:14:48.783,3776,0.8442
3340,20:14:48.784,3899,0.9043
3341,20:14:48.784,3773,0.8427
3342,20:14:48.785,3783,0.8476
3343,20:14:48.785,3781,0.8466
3344,20:14:48.786,3773,0.8427
3345,20:14:48.786,3774,0.8432
3346,20:14:48.787,3778,0.8452
3347,20:14:48.787,3768,0.8403
3348,20:14:48.788,3771,0.8418
3349,20:14:48.788,3774,0.8432
3350,20:14:48.789,3761,0.8369
3351,20:14:48.789,3767,0.8398
3352,20:14:48.790,3754,0.8335
3353,20:14:48.790,3780,0.8462
3354,20:14:48.791,3776,0.8442
3355,20:14:48.791,3789,0.8505
3356,20:14:48.792,3783,0.8476
3357,20:14:48.792,3793,0.8525
3358,20:14:48.793,3804,0.8579
3359,20:14:48.793,3800,0.8559
3360,20:14:48.794,3806,0.8589
3361,20:14:48.794,3787,0.8496
3362,20:14:48.795,3814,0.8628
3363,20:14:48.795,3821,0.8662
3364,20:14:48.796,3823,0.8672
3365,20:14:48.796,3813,0.8623
3366,20:14:48.797,3814,0.8628
3367,20:14:48.797,3804,0.8579
3368,20:14:48.798,3805,0.8584
3369,20:14:48.798,3815,0.8632
3370,20:14:48.799,3809,0.8603
3371,20:14:48.799,3798,0.8549
3372,20:14:48.800,3804,0.8579
3373,20:14:48.800,3807,0.8593
3374,20:14:48.801,3798,0.8549
3375,20:14:48.801,3768,0.8403
3376,20:14:48.802,3782,0.8471
3377,20:14:48.802,3815,0.8632
3378,20:14:48.803,3786,0.8491
3379,20:14:48.803,3785,0.8486
3380,20:14:48.804,3790,0.8510
3381,20:14:48.804,3796,0.8540
3382,20:14:48.805,3764,0.8383
3383,20:14:48.805,3765,0.8388
3384,20:14:48.806,3769,0.8408
3385,20:14:48.806,3769,0.8408
3386,20:14:48.807,3776,0.8442
3387,20:14:48.807,3770,0.8413
3388,20:14:48.808,3763,0.8379
3389,20:14:48.808,3771,0.8418
3390,20:14:48.809,3775,0.8437
3391,20:14:48.809,3775,0.8437
3392,20:14:48.810,3783,0.8476
3393,20:14:48.810,3771,0.8418
3394,20:14:48.811,3759,0.8359
3395,20:14:48.811,3790,0.8510
3396,20:14:48.812,3814,0.8628
3397,20:14:48.812,3789,0.8505
3398,20:14:48.813,3810,0.8608
3399,20:14:48.813,3750,0.8315
3400,20:14:48.814,3787,0.8496
3401,20:14:48.814,3879,0.8945
3402,20:14:48.815,3833,0.8720
3403,20:14:48.815,3798,0.8549
3404,20:14:48.816,3813,0.8623
3405,20:14:48.816,3812,0.8618
3406,20:14:48.817,3806,0.8589
3407,20:14:48.817,3805,0.8584
3408,20:14:48.818,3805,0.8584
3409,20:14:48.818,3808,0.8598
3410,20:14:48.819,3804,0.8579
3411,20:14:48.819,3803,0.8574
3412,20:14:48.820,3808,0.8598
3413,20:14:48.820,3805,0.8584
3414,20:14:48.821,3815,0.8632
3415,20:14:48.821,3790,0.8510
3416,20:14:48.822,3790,0.8510
3417,20:14:48.822,3772,0.8422
3418,20:14:48.823,3787,0.8496
3419,20:14:48.823,3793,0.8525
3420,20:14:48.824,3797,0.8545
3421,20:14:48.824,3776,0.8442
3422,20:14:48.825,3784,0.8481
3423,20:14:48.825,3780,0.8462
3424,20:14:48.826,3770,0.8413
3425,20:14:48.826,3771,0.8418
3426,20:14:48.827,3777,0.8447
3427,20:14:48.827,3773,0.8427
3428,20:14:48.828,3791,0.8515
3429,20:14:48.828,3777,0.8447
3430,20:14:48.829,3755,0.8339
3431,20:14:48.829,3762,0.8374
3432,20:14:48.830,3781,0.8466
3433,20:14:48.830,3780,0.8462
3434,20:14:48.831,3788,0.8501
3435,20:14:48.831,3777,0.8447
3436,20:14:48.832,3801,0.8564
3437,20:14:48.832,3789,0.8505
3438,20:14:48.833,3810,0.8608
3439,20:14:48.833,3788,0.8501
3440,20:14:48.834,3785,0.8486
3441,20:14:48.834,3796,0.8540
3442,20:14:48.835,3832,0.8716
3443,20:14:48.835,3804,0.8579
3444,20:14:48.836,3804,0.8579
3445,20:14:48.836,3796,0.8540
3446,20:14:48.837,3800,0.8559
3447,20:14:48.837,3808,0.8598
3448,20:14:48.838,3802,0.8569
3449,20:14:48.838,3807,0.8593
3450,20:14:48.839,3798,0.8549
3451,20:14:48.839,3807,0.8593
3452,20:14:48.840,3801,0.8564
3453,20:14:48.840,3813,0.8623
3454,20:14:48.841,3808,0.8598
3455,20:14:48.841,3787,0.8496
3456,20:14:48.842,3790,0.8510
3457,20:14:48.842,3793,0.8525
3458,20:14:48.843,3787,0.8496
3459,20:14:48.843,3789,0.8505
3460,20:14:48.844,3779,0.8457
3461,20:14:48.844,3799,0.8554
3462,20:14:48.845,3799,0.8554
3463,20:14:48.845,3783,0.8476
3464,20:14:48.846,3770,0.8413
3465,20:14:48.846,3771,0.8418
3466,20:14:48.847,3768,0.8403
3467,20:14:48.847,3772,0.8422
3468,20:14:48.848,3771,0.8418
3469,20:14:48.848,3776,0.8442
3470,20:14:48.849,3773,0.8427
3471,20:14:48.849,3766,0.8393
3472,20:14:48.850,3775,0.8437
3473,20:14:48.850,3778,0.8452
3474,20:14:48.851,3781,0.8466
3475,20:14:48.851,3775,0.8437
3476,20:14:48.852,3785,0.8486
3477,20:14:48.852,3782,0.8471
3478,20:14:48.853,3786,0.8491
3479,20:14:48.853,3798,0.8549
3480,20:14:48.854,3796,0.8540
3481,20:14:48.854,3791,0.8515
3482,20:14:48.855,3761,0.8369
3483,20:14:48.855,3801,0.8564
3484,20:14:48.856,3812,0.8618
3485,20:14:48.856,3802,0.8569
3486,20:14:48.857,3802,0.8569
3487,20:14:48.857,3808,0.8598
3488,20:14:48.858,3801,0.8564
3489,20:14:48.858,3804,0.8579
3490,20:14:48.859,3809,0.8603
3491,20:14:48.859,3782,0.8471
3492,20:14:48.860,3798,0.8549
3493,20:14:48.860,3818,0.8647
3494,20:14:48.861,3801,0.8564
3495,20:14:48.861,3797,0.8545
3496,20:14:48.862,3790,0.8510
3497,20:14:48.862,3778,0.8452
3498,20:14:48.863,3804,0.8579
3499,20:14:48.863,3791,0.8515
3500,20:14:48.864,3788,0.8501
3501,20:14:48.864,3798,0.8549
3502,20:14:48.865,3761,0.8369
3503,20:14:48.865,3772,0.8422
3504,20:14:48.866,3770,0.8413
3505,20:14:48.866,3763,0.8379
3506,20:14:48.867,3764,0.8383
3507,20:14:48.867,3773,0.8427
3508,20:14:48.868,3775,0.8437
3509,20:14:48.868,3779,0.8457
3510,20:14:48.869,3766,0.8393
3511,20:14:48.869,3766,0.8393
3512,20:14:48.870,3790,0.8510
3513,20:14:48.870,3793,0.8525
3514,20:14:48.871,3764,0.8383
3515,20:14:48.871,3778,0.8452
3516,20:14:48.872,3788,0.8501
3517,20:14:48.872,3796,0.8540
3518,20:14:48.873,3790,0.8510
3519,20:14:48.873,3782,0.8471
3520,20:14:48.874,3799,0.8554
3521,20:14:48.874,3799,0.8554
3522,20:14:48.875,3801,0.8564
3523,20:14:48.875,3828,0.8696
3524,20:14:48.876,3805,0.8584
3525,20:14:48.876,3801,0.8564
3526,20:14:48.877,3798,0.8549
3527,20:14:48.877,3806,0.8589
3528,20:14:48.878,3804,0.8579
3529,20:14:48.878,3803,0.8574
3530,20:14:48.879,3802,0.8569
3531,20:14:48.879,3796,0.8540
3532,20:14:48.880,3799,0.8554
3533,20:14:48.880,3807,0.8593
3534,20:14:48.881,3803,0.8574
3535,20:14:48.881,3836,0.8735
3536,20:14:48.882,3798,0.8549
3537,20:14:48.882,3779,0.8457
3538,20:14:48.883,3774,0.8432
3539,20:14:48.883,3791,0.8515
3540,20:14:48.884,3791,0.8515
3541,20:14:48.884,3766,0.8393
3542,20:14:48.885,3782,0.8471
3543,20:14:48.885,3747,0.8300
3544,20:14:48.886,3760,0.8364
3545,20:14:48.886,3768,0.8403
3546,20:14:48.887,3747,0.8300
3547,20:14:48.887,3759,0.8359
3548,20:14:48.888,3765,0.8388
3549,20:14:48.888,3763,0.8379
3550,20:14:48.889,3763,0.8379
3551,20:14:48.889,3771,0.8418
3552,20:14:48.890,3775,0.8437
3553,20:14:48.890,3788,0.8501
3554,20:14:48.891,3801,0.8564
3555,20:14:48.891,3786,0.8491
3556,20:14:48.892,3783,0.8476
3557,20:14:48.892,3785,0.8486
3558,20:14:48.893,3788,0.8501
3559,20:14:48.893,3788,0.8501
3560,20:14:48.894,3806,0.8589
3561,20:14:48.894,3804,0.8579
3562,20:14:48.895,3784,0.8481
3563,20:14:48.895,3810,0.8608
3564,20:14:48.896,3829,0.8701
3565,20:14:48.896,3808,0.8598
3566,20:14:48.897,3803,0.8574
3567,20:14:48.897,3809,0.8603
3568,20:14:48.898,3799,0.8554
3569,20:14:48.898,3800,0.8559
3570,20:14:48.899,3797,0.8545
3571,20:14:48.899,3779,0.8457
3572,20:14:48.900,3813,0.8623
3573,20:14:48.900,3799,0.8554
3574,20:14:48.901,3793,0.8525
3575,20:14:48.901,3794,0.8530
3576,20:14:48.902,3805,0.8584
3577,20:14:48.902,3790,0.8510
3578,20:14:48.903,3775,0.8437
3579,20:14:48.903,3782,0.8471
3580,20:14:48.904,3768,0.8403
3581,20:14:48.904,3793,0.8525
3582,20:14:48.905,3693,0.8037
3583,20:14:48.905,3773,0.8427
3584,20:14:48.906,3771,0.8418
3585,20:14:48.906,3774,0.8432
3586,20:14:48.907,3770,0.8413
3587,20:14:48.907,3767,0.8398
3588,20:14:48.908,3776,0.8442
3589,20:14:48.908,3752,0.8325
3590,20:14:48.909,3756,0.8344
3591,20:14:48.909,3773,0.8427
3592,20:14:48.910,3772,0.8422
3593,20:14:48.910,3742,0.8276
3594,20:14:48.911,3764,0.8383
3595,20:14:48.911,3810,0.8608
3596,20:14:48.912,3879,0.8945
3597,20:14:48.912,3794,0.8530
3598,20:14:48.913,3783,0.8476
3599,20:14:48.913,3806,0.8589
3600,20:14:48.914,3810,0.8608
3601,20:14:48.914,3771,0.8418
3602,20:14:48.915,3802,0.8569
3603,20:14:48.915,3808,0.8598
3604,20:14:48.916,3807,0.8593
3605,20:14:48.916,3809,0.8603
3606,20:14:48.917,3804,0.8579
3607,20:14:48.917,3807,0.8593
3608,20:14:48.918,3785,0.8486
3609,20:14:48.918,3801,0.8564
3610,20:14:48.919,3807,0.8593
3611,20:14:48.919,3798,0.8549
3612,20:14:48.920,3797,0.8545
3613,20:14:48.920,3800,0.8559
3614,20:14:48.921,3812,0.8618
3615,20:14:48.921,3795,0.8535
3616,20:14:48.922,3786,0.8491
3617,20:14:48.922,3780,0.8462
3618,20:14:48.923,3799,0.8554
3619,20:14:48.923,3778,0.8452
3620,20:14:48.924,3791,0.8515
3621,20:14:48.924,3749,0.8310
3622,20:14:48.925,3759,0.8359
3623,20:14:48.925,3770,0.8413
3624,20:14:48.926,3763,0.8379
3625,20:14:48.926,3770,0.8413
3626,20:14:48.927,3772,0.8422
3627,20:14:48.927,3764,0.8383
3628,20:14:48.928,3775,0.8437
3629,20:14:48.928,3776,0.8442
3630,20:14:48.929,3771,0.8418
3631,20:14:48.929,3778,0.8452
3632,20:14:48.930,3768,0.8403
3633,20:14:48.930,3766,0.8393
3634,20:14:48.931,3767,0.8398
3635,20:14:48.931,3777,0.8447
3636,20:14:48.932,3806,0.8589
3637,20:14:48.932,3810,0.8608
3638,20:14:48.933,3795,0.8535
3639,20:14:48.933,3795,0.8535
3640,20:14:48.934,3778,0.8452
3641,20:14:48.934,3797,0.8545
3642,20:14:48.935,3813,0.8623
3643,20:14:48.935,3807,0.8593
3644,20:14:48.936,3805,0.8584
3645,20:14:48.936,3804,0.8579
3646,20:14:48.937,3808,0.8598
3647,20:14:48.937,3802,0.8569
3648,20:14:48.938,3807,0.8593
3649,20:14:48.938,3794,0.8530
3650,20:14:48.939,3806,0.8589
3651,20:14:48.939,3802,0.8569
3652,20:14:48.940,3794,0.8530
3653,20:14:48.940,3800,0.8559
3654,20:14:48.941,3808,0.8598
3655,20:14:48.941,3792,0.8520
3656,20:14:48.942,3800,0.8559
3657,20:14:48.942,3782,0.8471
3658,20:14:48.943,3783,0.8476
3659,20:14:48.943,3775,0.8437
3660,20:14:48.944,3792,0.8520
3661,20:14:48.944,3797,0.8545
3662,20:14:48.945,3771,0.8418
3663,20:14:48.945,3760,0.8364
3664,20:14:48.946,3756,0.8344
3665,20:14:48.946,3764,0.8383
3666,20:14:48.947,3759,0.8359
3667,20:14:48.947,3771,0.8418
3668,20:14:48.948,3772,0.8422
3669,20:14:48.948,3775,0.8437
3670,20:14:48.949,3773,0.8427
3671,20:14:48.949,3771,0.8418
3672,20:14:48.950,3774,0.8432
3673,20:14:48.950,3763,0.8379
3674,20:14:48.951,3778,0.8452
3675,20:14:48.951,3794,0.8530
3676,20:14:48.952,3783,0.8476
3677,20:14:48.952,3780,0.8462
3678,20:14:48.953,3784,0.8481
3679,20:14:48.953,3794,0.8530
3680,20:14:48.954,3800,0.8559
3681,20:14:48.954,3790,0.8510
3682,20:14:48.955,3802,0.8569
3683,20:14:48.955,3802,0.8569
3684,20:14:48.956,3812,0.8618
3685,20:14:48.956,3811,0.8613
3686,20:14:48.957,3806,0.8589
3687,20:14:48.957,3811,0.8613
3688,20:14:48.958,3801,0.8564
3689,20:14:48.958,3793,0.8525
3690,20:14:48.959,3807,0.8593
3691,20:14:48.959,3799,0.8554
3692,20:14:48.960,3797,0.8545
3693,20:14:48.960,3799,0.8554
3694,20:14:48.961,3828,0.8696
3695,20:14:48.961,3802,0.8569
3696,20:14:48.962,3773,0.8427
3697,20:14:48.962,3785,0.8486
3698,20:14:48.963,3792,0.8520
3699,20:14:48.963,3778,0.8452
3700,20:14:48.964,3736,0.8247
3701,20:14:48.964,3773,0.8427
3702,20:14:48.965,3783,0.8476
3703,20:14:48.965,3868,0.8891
3704,20:14:48.966,3784,0.8481
3705,20:14:48.966,3770,0.8413
3706,20:14:48.967,3766,0.8393
3707,20:14:48.967,3775,0.8437
3708,20:14:48.968,3773,0.8427
3709,20:14:48.968,3767,0.8398
3710,20:14:48.969,3764,0.8383
3711,20:14:48.969,3767,0.8398
3712,20:14:48.970,3773,0.8427
3713,20:14:48.970,3784,0.8481
3714,20:14:48.971,3776,0.8442
3715,20:14:48.971,3772,0.8422
3716,20:14:48.972,3777,0.8447
3717,20:14:48.972,3804,0.8579
3718,20:14:48.973,3779,0.8457
3719,20:14:48.973,3796,0.8540
3720,20:14:48.974,3790,0.8510
3721,20:14:48.974,3787,0.8496
3722,20:14:48.975,3796,0.8540
3723,20:14:48.975,3800,0.8559
3724,20:14:48.976,3814,0.8628
3725,20:14:48.976,3806,0.8589
3726,20:14:48.977,3805,0.8584
3727,20:14:48.977,3801,0.8564
3728,20:14:48.978,3795,0.8535
3729,20:14:48.978,3805,0.8584
3730,20:14:48.979,3799,0.8554
3731,20:14:48.979,3802,0.8569
3732,20:14:48.980,3803,0.8574
3733,20:14:48.980,3799,0.8554
3734,20:14:48.981,3798,0.8549
3735,20:14:48.981,3798,0.8549
3736,20:14:48.982,3856,0.8833
3737,20:14:48.982,3788,0.8501
3738,20:14:48.983,3807,0.8593
3739,20:14:48.983,3781,0.8466
3740,20:14:48.984,3780,0.8462
3741,20:14:48.984,3777,0.8447
3742,20:14:48.985,3766,0.8393
3743,20:14:48.985,3770,0.8413
3744,20:14:48.986,3769,0.8408
3745,20:14:48.986,3773,0.8427
3746,20:14:48.987,3767,0.8398
3747,20:14:48.987,3769,0.8408
3748,20:14:48.988,3767,0.8398
3749,20:14:48.988,3770,0.8413
3750,20:14:48.989,3773,0.8427
3751,20:14:48.989,3769,0.8408
3752,20:14:48.990,3767,0.8398
3753,20:14:48.990,3773,0.8427
3754,20:14:48.991,3776,0.8442
3755,20:14:48.991,3804,0.8579
3756,20:14:48.992,3776,0.8442
3757,20:14:48.992,3806,0.8589
3758,20:14:48.993,3784,0.8481
3759,20:14:48.993,3805,0.8584
3760,20:14:48.994,3799,0.8554
3761,20:14:48.994,3783,0.8476
3762,20:14:48.995,3787,0.8496
3763,20:14:48.995,3793,0.8525
3764,20:14:48.996,3831,0.8711
3765,20:14:48.996,3809,0.8603
3766,20:14:48.997,3805,0.8584
3767,20:14:48.997,3811,0.8613
3768,20:14:48.998,3821,0.8662
3769,20:14:48.998,3798,0.8549
3770,20:14:48.999,3798,0.8549
3771,20:14:48.999,3808,0.8598
3772,20:14:49.000,3806,0.8589
3773,20:14:49.000,3805,0.8584
3774,20:14:49.001,3792,0.8520
3775,20:14:49.001,3786,0.8491
3776,20:14:49.002,3800,0.8559
3777,20:14:49.002,3779,0.8457
3778,20:14:49.003,3791,0.8515
3779,20:14:49.003,3795,0.8535
3780,20:14:49.004,3774,0.8432
3781,20:14:49.004,3761,0.8369
3782,20:14:49.005,3830,0.8706
3783,20:14:49.005,3774,0.8432
3784,20:14:49.006,3758,0.8354
3785,20:14:49.006,3770,0.8413
3786,20:14:49.007,3766,0.8393
3787,20:14:49.007,3767,0.8398
3788,20:14:49.008,3766,0.8393
3789,20:14:49.008,3766,0.8393
3790,20:14:49.009,3764,0.8383
3791,20:14:49.009,3790,0.8510
3792,20:14:49.010,3783,0.8476
3793,20:14:49.010,3757,0.8349
3794,20:14:49.011,3769,0.8408
3795,20:14:49.011,3779,0.8457
3796,20:14:49.012,3788,0.8501
3797,20:14:49.012,3801,0.8564
3798,20:14:49.013,3780,0.8462
3799,20:14:49.013,3801,0.8564
3800,20:14:49.014,3777,0.8447
3801,20:14:49.014,3788,0.8501
3802,20:14:49.015,3789,0.8505
3803,20:14:49.015,3812,0.8618
3804,20:14:49.016,3806,0.8589
3805,20:14:49.016,3809,0.8603
3806,20:14:49.017,3809,0.8603
3807,20:14:49.017,3808,0.8598
3808,20:14:49.018,3799,0.8554
3809,20:14:49.018,3804,0.8579
3810,20:14:49.019,3874,0.8921
3811,20:14:49.019,3796,0.8540
3812,20:14:49.020,3796,0.8540
3813,20:14:49.020,3790,0.8510
3814,20:14:49.021,3801,0.8564
3815,20:14:49.021,3789,0.8505
3816,20:14:49.022,3795,0.8535
3817,20:14:49.022,3787,0.8496
3818,20:14:49.023,3781,0.8466
3819,20:14:49.023,3788,0.8501
3820,20:14:49.024,3789,0.8505
3821,20:14:49.024,3781,0.8466
3822,20:14:49.025,3759,0.8359
3823,20:14:49.025,3761,0.8369
3824,20:14:49.026,3766,0.8393
3825,20:14:49.026,3765,0.8388
3826,20:14:49.027,3767,0.8398
3827,20:14:49.027,3764,0.8383
3828,20:14:49.028,3771,0.8418
3829,20:14:49.028,3758,0.8354
3830,20:14:49.029,3765,0.8388
3831,20:14:49.029,3762,0.8374
3832,20:14:49.030,3777,0.8447
3833,20:14:49.030,3776,0.8442
3834,20:14:49.031,3769,0.8408
3835,20:14:49.031,3777,0.8447
3836,20:14:49.032,3789,0.8505
3837,20:14:49.032,3792,0.8520
3838,20:14:49.033,3786,0.8491
3839,20:14:49.033,3776,0.8442
3840,20:14:49.034,3781,0.8466
3841,20:14:49.034,3804,0.8579
3842,20:14:49.035,3795,0.8535
3843,20:14:49.035,3855,0.8828
3844,20:14:49.036,3828,0.8696
3845,20:14:49.036,3806,0.8589
3846,20:14:49.037,3799,0.8554
3847,20:14:49.037,3808,0.8598
3848,20:14:49.038,3791,0.8515
3849,20:14:49.038,3802,0.8569
3850,20:14:49.039,3801,0.8564
3851,20:14:49.039,3801,0.8564
3852,20:14:49.040,3799,0.8554
3853,20:14:49.040,3810,0.8608
3854,20:14:49.041,3794,0.8530
3855,20:14:49.041,3786,0.8491
3856,20:14:49.042,3787,0.8496
3857,20:14:49.042,3789,0.8505
3858,20:14:49.043,3815,0.8632
3859,20:14:49.043,3785,0.8486
3860,20:14:49.044,3786,0.8491
3861,20:14:49.044,3801,0.8564
3862,20:14:49.045,3787,0.8496
3863,20:14:49.045,3777,0.8447
3864,20:14:49.046,3766,0.8393
3865,20:14:49.046,3763,0.8379
3866,20:14:49.047,3773,0.8427
3867,20:14:49.047,3770,0.8413
3868,20:14:49.048,3772,0.8422
3869,20:14:49.048,3761,0.8369
3870,20:14:49.049,3771,0.8418
3871,20:14:49.049,3769,0.8408
3872,20:14:49.050,3762,0.8374
3873,20:14:49.050,3759,0.8359
3874,20:14:49.051,3767,0.8398
3875,20:14:49.051,3770,0.8413
3876,20:14:49.052,3778,0.8452
3877,20:14:49.052,3773,0.8427
3878,20:14:49.053,3790,0.8510
3879,20:14:49.053,3795,0.8535
3880,20:14:49.054,3788,0.8501
3881,20:14:49.054,3794,0.8530
3882,20:14:49.055,3784,0.8481
3883,20:14:49.055,3806,0.8589
3884,20:14:49.056,3806,0.8589
3885,20:14:49.056,3809,0.8603
3886,20:14:49.057,3812,0.8618
3887,20:14:49.057,3800,0.8559
3888,20:14:49.058,3794,0.8530
3889,20:14:49.058,3831,0.8711
3890,20:14:49.059,3799,0.8554
3891,20:14:49.059,3801,0.8564
3892,20:14:49.060,3801,0.8564
3893,20:14:49.060,3805,0.8584
3894,20:14:49.061,3789,0.8505
3895,20:14:49.061,3792,0.8520
3896,20:14:49.062,3795,0.8535
3897,20:14:49.062,3792,0.8520
3898,20:14:49.063,3785,0.8486
3899,20:14:49.063,3772,0.8422
3900,20:14:49.064,3783,0.8476
3901,20:14:49.064,3773,0.8427
3902,20:14:49.065,3768,0.8403
3903,20:14:49.065,3759,0.8359
3904,20:14:49.066,3763,0.8379
3905,20:14:49.066,3762,0.8374
3906,20:14:49.067,3772,0.8422
3907,20:14:49.067,3762,0.8374
3908,20:14:49.068,3771,0.8418
3909,20:14:49.068,3776,0.8442
3910,20:14:49.069,3766,0.8393
3911,20:14:49.069,3766,0.8393
3912,20:14:49.070,3776,0.8442
3913,20:14:49.070,3776,0.8442
3914,20:14:49.071,3766,0.8393
3915,20:14:49.071,3792,0.8520
3916,20:14:49.072,3792,0.8520
3917,20:14:49.072,3791,0.8515
3918,20:14:49.073,3785,0.8486
3919,20:14:49.073,3782,0.8471
3920,20:14:49.074,3766,0.8393
3921,20:14:49.074,3791,0.8515
3922,20:14:49.075,3791,0.8515
3923,20:14:49.075,3806,0.8589
3924,20:14:49.076,3807,0.8593
3925,20:14:49.076,3798,0.8549
3926,20:14:49.077,3802,0.8569
3927,20:14:49.077,3795,0.8535
3928,20:14:49.078,3801,0.8564
3929,20:14:49.078,3796,0.8540
3930,20:14:49.079,3807,0.8593
3931,20:14:49.079,3799,0.8554
3932,20:14:49.080,3801,0.8564
3933,20:14:49.080,3775,0.8437
3934,20:14:49.081,3794,0.8530
3935,20:14:49.081,3787,0.8496
3936,20:14:49.082,3781,0.8466
3937,20:14:49.082,3737,0.8252
3938,20:14:49.083,3738,0.8256
3939,20:14:49.083,3776,0.8442
3940,20:14:49.084,3797,0.8545
3941,20:14:49.084,3755,0.8339
3942,20:14:49.085,3775,0.8437
3943,20:14:49.085,3763,0.8379
3944,20:14:49.086,3770,0.8413
3945,20:14:49.086,3766,0.8393
3946,20:14:49.087,3770,0.8413
3947,20:14:49.087,3767,0.8398
3948,20:14:49.088,3771,0.8418
3949,20:14:49.088,3769,0.8408
3950,20:14:49.089,3766,0.8393
3951,20:14:49.089,3761,0.8369
3952,20:14:49.090,3776,0.8442
3953,20:14:49.090,3769,0.8408
3954,20:14:49.091,3782,0.8471
3955,20:14:49.091,3782,0.8471
3956,20:14:49.092,3776,0.8442
3957,20:14:49.092,3786,0.8491
3958,20:14:49.093,3785,0.8486
3959,20:14:49.093,3791,0.8515
3960,20:14:49.094,3794,0.8530
3961,20:14:49.094,3775,0.8437
3962,20:14:49.095,3799,0.8554
3963,20:14:49.095,3806,0.8589
3964,20:14:49.096,3803,0.8574
3965,20:14:49.096,3809,0.8603
3966,20:14:49.097,3809,0.8603
3967,20:14:49.097,3806,0.8589
3968,20:14:49.098,3801,0.8564
3969,20:14:49.098,3799,0.8554
3970,20:14:49.099,3805,0.8584
3971,20:14:49.099,3790,0.8510
3972,20:14:49.100,3791,0.8515
3973,20:14:49.100,3808,0.8598
3974,20:14:49.101,3802,0.8569
3975,20:14:49.101,3792,0.8520
3976,20:14:49.102,3779,0.8457
3977,20:14:49.102,3798,0.8549
3978,20:14:49.103,3790,0.8510
3979,20:14:49.103,3748,0.8305
3980,20:14:49.104,3770,0.8413
3981,20:14:49.104,3791,0.8515
3982,20:14:49.105,3769,0.8408
3983,20:14:49.105,3766,0.8393
3984,20:14:49.106,3761,0.8369
3985,20:14:49.106,3767,0.8398
3986,20:14:49.107,3778,0.8452
3987,20:14:49.107,3763,0.8379
3988,20:14:49.108,3770,0.8413
3989,20:14:49.108,3755,0.8339
3990,20:14:49.109,3773,0.8427
3991,20:14:49.109,3767,0.8398
3992,20:14:49.110,3758,0.8354
3993,20:14:49.110,3769,0.8408
3994,20:14:49.111,3767,0.8398
3995,20:14:49.111,3774,0.8432
3996,20:14:49.112,3774,0.8432
3997,20:14:49.112,3786,0.8491
3998,20:14:49.113,3797,0.8545
3999,20:14:49.113,3786,0.8491
4000,20:14:49.114,3786,0.8491
4001,20:14:49.114,3814,0.8628
4002,20:14:49.115,3797,0.8545
4003,20:14:49.115,3808,0.8598
4004,20:14:49.116,3803,0.8574
4005,20:14:49.116,3805,0.8584
4006,20:14:49.117,3801,0.8564
4007,20:14:49.117,3804,0.8579
4008,20:14:49.118,3801,0.8564
4009,20:14:49.118,3800,0.8559
4010,20:14:49.119,3807,0.8593
4011,20:14:49.119,3797,0.8545
4012,20:14:49.120,3808,0.8598
4013,20:14:49.120,3796,0.8540
4014,20:14:49.121,3795,0.8535
4015,20:14:49.121,3805,0.8584
4016,20:14:49.122,3784,0.8481
4017,20:14:49.122,3789,0.8505
4018,20:14:49.123,3774,0.8432
4019,20:14:49.123,3796,0.8540
4020,20:14:49.124,3792,0.8520
4021,20:14:49.124,3759,0.8359
4022,20:14:49.125,3768,0.8403
4023,20:14:49.125,3766,0.8393
4024,20:14:49.126,3799,0.8554
4025,20:14:49.126,3765,0.8388
4026,20:14:49.127,3766,0.8393
4027,20:14:49.127,3757,0.8349
4028,20:14:49.128,3768,0.8403
4029,20:14:49.128,3766,0.8393
4030,20:14:49.129,3765,0.8388
4031,20:14:49.129,3775,0.8437
4032,20:14:49.130,3768,0.8403
4033,20:14:49.130,3766,0.8393
4034,20:14:49.131,3771,0.8418
4035,20:14:49.131,3782,0.8471
4036,20:14:49.132,3680,0.7973
4037,20:14:49.132,3790,0.8510
4038,20:14:49.133,3780,0.8462
4039,20:14:49.133,3790,0.8510
4040,20:14:49.134,3784,0.8481
4041,20:14:49.134,3786,0.8491
4042,20:14:49.135,3832,0.8716
4043,20:14:49.135,3798,0.8549
4044,20:14:49.136,3806,0.8589
4045,20:14:49.136,3788,0.8501
4046,20:14:49.137,3798,0.8549
4047,20:14:49.137,3809,0.8603
4048,20:14:49.138,3798,0.8549
4049,20:14:49.138,3799,0.8554
4050,20:14:49.139,3809,0.8603
4051,20:14:49.139,3807,0.8593
4052,20:14:49.140,3797,0.8545
4053,20:14:49.140,3802,0.8569
4054,20:14:49.141,3802,0.8569
4055,20:14:49.141,3798,0.8549
4056,20:14:49.142,3791,0.8515
4057,20:14:49.142,3792,0.8520
4058,20:14:49.143,3786,0.8491
4059,20:14:49.143,3777,0.8447
4060,20:14:49.144,3776,0.8442
4061,20:14:49.144,3788,0.8501
4062,20:14:49.145,3784,0.8481
4063,20:14:49.145,3753,0.8330
4064,20:14:49.146,3762,0.8374
4065,20:14:49.146,3762,0.8374
4066,20:14:49.147,3770,0.8413
4067,20:14:49.147,3765,0.8388
4068,20:14:49.148,3773,0.8427
4069,20:14:49.148,3754,0.8335
4070,20:14:49.149,3773,0.8427
4071,20:14:49.149,3767,0.8398
4072,20:14:49.150,3765,0.8388
4073,20:14:49.150,3766,0.8393
4074,20:14:49.151,3767,0.8398
4075,20:14:49.151,3774,0.8432
4076,20:14:49.152,3793,0.8525
4077,20:14:49.152,3791,0.8515
4078,20:14:49.153,3753,0.8330
4079,20:14:49.153,3793,0.8525
4080,20:14:49.154,3841,0.8759
4081,20:14:49.154,3805,0.8584
4082,20:14:49.155,3794,0.8530
4083,20:14:49.155,3806,0.8589
4084,20:14:49.156,3802,0.8569
4085,20:14:49.156,3804,0.8579
4086,20:14:49.157,3801,0.8564
4087,20:14:49.157,3790,0.8510
4088,20:14:49.158,3804,0.8579
4089,20:14:49.158,3804,0.8579
4090,20:14:49.159,3804,0.8579
4091,20:14:49.159,3788,0.8501
4092,20:14:49.160,3800,0.8559
4093,20:14:49.160,3810,0.8608
4094,20:14:49.161,3787,0.8496
4095,20:14:49.161,3786,0.8491
4096,20:14:49.162,3792,0.8520
4097,20:14:49.162,3789,0.8505
4098,20:14:49.163,3788,0.8501
4099,20:14:49.163,3794,0.8530
4100,20:14:49.164,3773,0.8427
4101,20:14:49.164,3783,0.8476
4102,20:14:49.165,3786,0.8491
4103,20:14:49.165,3770,0.8413
4104,20:14:49.166,3767,0.8398
4105,20:14:49.166,3764,0.8383
4106,20:14:49.167,3769,0.8408
4107,20:14:49.167,3761,0.8369
4108,20:14:49.168,3773,0.8427
4109,20:14:49.168,3758,0.8354
4110,20:14:49.169,3768,0.8403
4111,20:14:49.169,3778,0.8452
4112,20:14:49.170,3769,0.8408
4113,20:14:49.170,3773,0.8427
4114,20:14:49.171,3773,0.8427
4115,20:14:49.171,3777,0.8447
4116,20:14:49.172,3797,0.8545
4117,20:14:49.172,3781,0.8466
4118,20:14:49.173,3785,0.8486
4119,20:14:49.173,3796,0.8540
4120,20:14:49.174,3785,0.8486
4121,20:14:49.174,3784,0.8481
4122,20:14:49.175,3804,0.8579
4123,20:14:49.175,3809,0.8603
4124,20:14:49.176,3811,0.8613
4125,20:14:49.176,3806,0.8589
4126,20:14:49.177,3806,0.8589
4127,20:14:49.177,3809,0.8603
4128,20:14:49.178,3809,0.8603
4129,20:14:49.178,3796,0.8540
4130,20:14:49.179,3789,0.8505
4131,20:14:49.179,3799,0.8554
4132,20:14:49.180,3796,0.8540
4133,20:14:49.180,3804,0.8579
4134,20:14:49.181,3800,0.8559
4135,20:14:49.181,3806,0.8589
4136,20:14:49.182,3778,0.8452
4137,20:14:49.182,3778,0.8452
4138,20:14:49.183,3782,0.8471
4139,20:14:49.183,3771,0.8418
4140,20:14:49.184,3786,0.8491
4141,20:14:49.184,3784,0.8481
4142,20:14:49.185,3811,0.8613
4143,20:14:49.185,3759,0.8359
4144,20:14:49.186,3750,0.8315
4145,20:14:49.186,3776,0.8442
4146,20:14:49.187,3756,0.8344
4147,20:14:49.187,3766,0.8393
4148,20:14:49.188,3769,0.8408
4149,20:14:49.188,3773,0.8427
4150,20:14:49.189,3761,0.8369
4151,20:14:49.189,3764,0.8383
4152,20:14:49.190,3776,0.8442
4153,20:14:49.190,3771,0.8418
4154,20:14:49.191,3768,0.8403
4155,20:14:49.191,3781,0.8466
4156,20:14:49.192,3780,0.8462
4157,20:14:49.192,3793,0.8525
4158,20:14:49.193,3781,0.8466
4159,20:14:49.193,3797,0.8545
4160,20:14:49.194,3808,0.8598
4161,20:14:49.194,3774,0.8432
4162,20:14:49.195,3790,0.8510
4163,20:14:49.195,3806,0.8589
4164,20:14:49.196,3806,0.8589
4165,20:14:49.196,3800,0.8559
4166,20:14:49.197,3799,0.8554
4167,20:14:49.197,3806,0.8589
4168,20:14:49.198,3805,0.8584
4169,20:14:49.198,3801,0.8564
4170,20:14:49.199,3796,0.8540
4171,20:14:49.199,3798,0.8549
4172,20:14:49.200,3797,0.8545
4173,20:14:49.200,3797,0.8545
4174,20:14:49.201,3804,0.8579
4175,20:14:49.201,3797,0.8545
4176,20:14:49.202,3792,0.8520
4177,20:14:49.202,3779,0.8457
4178,20:14:49.203,3771,0.8418
4179,20:14:49.203,3778,0.8452
4180,20:14:49.204,3779,0.8457
4181,20:14:49.204,3794,0.8530
4182,20:14:49.205,3778,0.8452
4183,20:14:49.205,3774,0.8432
4184,20:14:49.206,3768,0.8403
4185,20:14:49.206,3765,0.8388
4186,20:14:49.207,3769,0.8408
4187,20:14:49.207,3766,0.8393
4188,20:14:49.208,3780,0.8462
4189,20:14:49.208,3767,0.8398
4190,20:14:49.209,3756,0.8344
4191,20:14:49.209,3768,0.8403
4192,20:14:49.210,3797,0.8545
4193,20:14:49.210,3776,0.8442
4194,20:14:49.211,3771,0.8418
4195,20:14:49.211,3775,0.8437
4196,20:14:49.212,3807,0.8593
4197,20:14:49.212,3788,0.8501
4198,20:14:49.213,3787,0.8496
4199,20:14:49.213,3856,0.8833
4200,20:14:49.214,3784,0.8481
4201,20:14:49.214,3785,0.8486
4202,20:14:49.215,3885,0.8974
4203,20:14:49.215,3810,0.8608
4204,20:14:49.216,3795,0.8535
4205,20:14:49.216,3807,0.8593
4206,20:14:49.217,3802,0.8569
4207,20:14:49.217,3801,0.8564
4208,20:14:49.218,3799,0.8554
4209,20:14:49.218,3809,0.8603
4210,20:14:49.219,3803,0.8574
4211,20:14:49.219,3805,0.8584
4212,20:14:49.220,3791,0.8515
4213,20:14:49.220,3803,0.8574
4214,20:14:49.221,3797,0.8545
4215,20:14:49.221,3798,0.8549
4216,20:14:49.222,3790,0.8510
4217,20:14:49.222,3783,0.8476
4218,20:14:49.223,3783,0.8476
4219,20:14:49.223,3788,0.8501
4220,20:14:49.224,3776,0.8442
4221,20:14:49.224,3774,0.8432
4222,20:14:49.225,3774,0.8432
4223,20:14:49.225,3771,0.8418
4224,20:14:49.226,3760,0.8364
4225,20:14:49.226,3758,0.8354
4226,20:14:49.227,3764,0.8383
4227,20:14:49.227,3735,0.8242
4228,20:14:49.228,3769,0.8408
4229,20:14:49.228,3793,0.8525
4230,20:14:49.229,3759,0.8359
4231,20:14:49.229,3767,0.8398
4232,20:14:49.230,3765,0.8388
4233,20:14:49.230,3764,0.8383
4234,20:14:49.231,3771,0.8418
4235,20:14:49.231,3785,0.8486
4236,20:14:49.232,3713,0.8134
4237,20:14:49.232,3772,0.8422
4238,20:14:49.233,3802,0.8569
4239,20:14:49.233,3794,0.8530
4240,20:14:49.234,3771,0.8418
4241,20:14:49.234,3801,0.8564
4242,20:14:49.235,3800,0.8559
4243,20:14:49.235,3798,0.8549
4244,20:14:49.236,3803,0.8574
4245,20:14:49.236,3814,0.8628
4246,20:14:49.237,3797,0.8545
4247,20:14:49.237,3802,0.8569
4248,20:14:49.238,3800,0.8559
4249,20:14:49.238,3798,0.8549
4250,20:14:49.239,3795,0.8535
4251,20:14:49.239,3795,0.8535
4252,20:14:49.240,3802,0.8569
4253,20:14:49.240,3805,0.8584
4254,20:14:49.241,3791,0.8515
4255,20:14:49.241,3784,0.8481
4256,20:14:49.242,3776,0.8442
4257,20:14:49.242,3816,0.8637
4258,20:14:49.243,3782,0.8471
4259,20:14:49.243,3786,0.8491
4260,20:14:49.244,3795,0.8535
4261,20:14:49.244,3806,0.8589
4262,20:14:49.245,3774,0.8432
4263,20:14:49.245,3766,0.8393
4264,20:14:49.246,3759,0.8359
4265,20:14:49.246,3763,0.8379
4266,20:14:49.247,3766,0.8393
4267,20:14:49.247,3760,0.8364
4268,20:14:49.248,3770,0.8413
4269,20:14:49.248,3764,0.8383
4270,20:14:49.249,3758,0.8354
4271,20:14:49.249,3771,0.8418
4272,20:14:49.250,3765,0.8388
4273,20:14:49.250,3776,0.8442
4274,20:14:49.251,3770,0.8413
4275,20:14:49.251,3765,0.8388
4276,20:14:49.252,3778,0.8452
4277,20:14:49.252,3786,0.8491
4278,20:14:49.253,3789,0.8505
4279,20:14:49.253,3792,0.8520
4280,20:14:49.254,3800,0.8559
4281,20:14:49.254,3795,0.8535
4282,20:14:49.255,3799,0.8554
4283,20:14:49.255,3828,0.8696
4284,20:14:49.256,3806,0.8589
4285,20:14:49.256,3802,0.8569
4286,20:14:49.257,3801,0.8564
4287,20:14:49.257,3807,0.8593
4288,20:14:49.258,3797,0.8545
4289,20:14:49.258,3805,0.8584
4290,20:14:49.259,3814,0.8628
4291,20:14:49.259,3798,0.8549
4292,20:14:49.260,3795,0.8535
4293,20:14:49.260,3799,0.8554
4294,20:14:49.261,3806,0.8589
4295,20:14:49.261,3792,0.8520
4296,20:14:49.262,3787,0.8496
4297,20:14:49.262,3783,0.8476
4298,20:14:49.263,3789,0.8505
4299,20:14:49.263,3782,0.8471
4300,20:14:49.264,3787,0.8496
4301,20:14:49.264,3771,0.8418
4302,20:14:49.265,3773,0.8427
4303,20:14:49.265,3768,0.8403
4304,20:14:49.266,3763,0.8379
4305,20:14:49.266,3767,0.8398
4306,20:14:49.267,3770,0.8413
4307,20:14:49.267,3763,0.8379
4308,20:14:49.268,3771,0.8418
4309,20:14:49.268,3758,0.8354
4310,20:14:49.269,3755,0.8339
4311,20:14:49.269,3774,0.8432
4312,20:14:49.270,3764,0.8383
4313,20:14:49.270,3758,0.8354
4314,20:14:49.271,3760,0.8364
4315,20:14:49.271,3774,0.8432
4316,20:14:49.272,3794,0.8530
4317,20:14:49.272,3820,0.8657
4318,20:14:49.273,3778,0.8452
4319,20:14:49.273,3781,0.8466
4320,20:14:49.274,3781,0.8466
4321,20:14:49.274,3782,0.8471
4322,20:14:49.275,3803,0.8574
4323,20:14:49.275,3810,0.8608
4324,20:14:49.276,3808,0.8598
4325,20:14:49.276,3810,0.8608
4326,20:14:49.277,3802,0.8569
4327,20:14:49.277,3805,0.8584
4328,20:14:49.278,3801,0.8564
4329,20:14:49.278,3800,0.8559
4330,20:14:49.279,3807,0.8593
4331,20:14:49.279,3797,0.8545
4332,20:14:49.280,3793,0.8525
4333,20:14:49.280,3789,0.8505
4334,20:14:49.281,3772,0.8422
4335,20:14:49.281,3787,0.8496
4336,20:14:49.282,3806,0.8589
4337,20:14:49.282,3785,0.8486
4338,20:14:49.283,3774,0.8432
4339,20:14:49.283,3782,0.8471
4340,20:14:49.284,3785,0.8486
4341,20:14:49.284,3792,0.8520
4342,20:14:49.285,3771,0.8418
4343,20:14:49.285,3756,0.8344
4344,20:14:49.286,3763,0.8379
4345,20:14:49.286,3778,0.8452
4346,20:14:49.287,3764,0.8383
4347,20:14:49.287,3762,0.8374
4348,20:14:49.288,3759,0.8359
4349,20:14:49.288,3767,0.8398
4350,20:14:49.289,3770,0.8413
4351,20:14:49.289,3770,0.8413
4352,20:14:49.290,3759,0.8359
4353,20:14:49.290,3772,0.8422
4354,20:14:49.291,3776,0.8442
4355,20:14:49.291,3801,0.8564
4356,20:14:49.292,3787,0.8496
4357,20:14:49.292,3783,0.8476
4358,20:14:49.293,3774,0.8432
4359,20:14:49.293,3789,0.8505
4360,20:14:49.294,3788,0.8501
4361,20:14:49.294,3783,0.8476
4362,20:14:49.295,3806,0.8589
4363,20:14:49.295,3806,0.8589
4364,20:14:49.296,3808,0.8598
4365,20:14:49.296,3800,0.8559
4366,20:14:49.297,3801,0.8564
4367,20:14:49.297,3808,0.8598
4368,20:14:49.298,3803,0.8574
4369,20:14:49.298,3809,0.8603
4370,20:14:49.299,3803,0.8574
4371,20:14:49.299,3804,0.8579
4372,20:14:49.300,3806,0.8589
4373,20:14:49.300,3795,0.8535
4374,20:14:49.301,3808,0.8598
4375,20:14:49.301,3808,0.8598
4376,20:14:49.302,3791,0.8515
4377,20:14:49.302,3781,0.8466
4378,20:14:49.303,3783,0.8476
4379,20:14:49.303,3785,0.8486
4380,20:14:49.304,3786,0.8491
4381,20:14:49.304,3766,0.8393
4382,20:14:49.305,3792,0.8520
4383,20:14:49.305,3768,0.8403
4384,20:14:49.306,3755,0.8339
4385,20:14:49.306,3764,0.8383
4386,20:14:49.307,3765,0.8388
4387,20:14:49.307,3768,0.8403
4388,20:14:49.308,3778,0.8452
4389,20:14:49.308,3769,0.8408
4390,20:14:49.309,3763,0.8379
4391,20:14:49.309,3769,0.8408
4392,20:14:49.310,3766,0.8393
4393,20:14:49.310,3760,0.8364
4394,20:14:49.311,3753,0.8330
4395,20:14:49.311,3776,0.8442
4396,20:14:49.312,3785,0.8486
4397,20:14:49.312,3806,0.8589
4398,20:14:49.313,3801,0.8564
4399,20:14:49.313,3791,0.8515
4400,20:14:49.314,3803,0.8574
4401,20:14:49.314,3808,0.8598
4402,20:14:49.315,3805,0.8584
4403,20:14:49.315,3801,0.8564
4404,20:14:49.316,3808,0.8598
4405,20:14:49.316,3808,0.8598
4406,20:14:49.317,3823,0.8672
4407,20:14:49.317,3810,0.8608
4408,20:14:49.318,3800,0.8559
4409,20:14:49.318,3802,0.8569
4410,20:14:49.319,3798,0.8549
4411,20:14:49.319,3807,0.8593
4412,20:14:49.320,3798,0.8549
4413,20:14:49.320,3801,0.8564
4414,20:14:49.321,3804,0.8579
4415,20:14:49.321,3795,0.8535
4416,20:14:49.322,3779,0.8457
4417,20:14:49.322,3755,0.8339
4418,20:14:49.323,3777,0.8447
4419,20:14:49.323,3785,0.8486
4420,20:14:49.324,3774,0.8432
4421,20:14:49.324,3781,0.8466
4422,20:14:49.325,3764,0.8383
4423,20:14:49.325,3768,0.8403
4424,20:14:49.326,3760,0.8364
4425,20:14:49.326,3769,0.8408
4426,20:14:49.327,3767,0.8398
4427,20:14:49.327,3763,0.8379
4428,20:14:49.328,3771,0.8418
4429,20:14:49.328,3766,0.8393
4430,20:14:49.329,3758,0.8354
4431,20:14:49.329,3781,0.8466
4432,20:14:49.330,3758,0.8354
4433,20:14:49.330,3780,0.8462
4434,20:14:49.331,3764,0.8383
4435,20:14:49.331,3779,0.8457
4436,20:14:49.332,3791,0.8515
4437,20:14:49.332,3787,0.8496
4438,20:14:49.333,3785,0.8486
4439,20:14:49.333,3780,0.8462
4440,20:14:49.334,3789,0.8505
4441,20:14:49.334,3692,0.8032
4442,20:14:49.335,3786,0.8491
4443,20:14:49.335,3806,0.8589
4444,20:14:49.336,3809,0.8603
4445,20:14:49.336,3799,0.8554
4446,20:14:49.337,3807,0.8593
4447,20:14:49.337,3812,0.8618
4448,20:14:49.338,3800,0.8559
4449,20:14:49.338,3803,0.8574
4450,20:14:49.339,3807,0.8593
4451,20:14:49.339,3803,0.8574
4452,20:14:49.340,3809,0.8603
4453,20:14:49.340,3772,0.8422
4454,20:14:49.341,3798,0.8549
4455,20:14:49.341,3812,0.8618
4456,20:14:49.342,3773,0.8427
4457,20:14:49.342,3780,0.8462
4458,20:14:49.343,3792,0.8520
4459,20:14:49.343,3776,0.8442
4460,20:14:49.344,3793,0.8525
4461,20:14:49.344,3776,0.8442
4462,20:14:49.345,3805,0.8584
4463,20:14:49.345,3768,0.8403
4464,20:14:49.346,3760,0.8364
4465,20:14:49.346,3760,0.8364
4466,20:14:49.347,3770,0.8413
4467,20:14:49.347,3768,0.8403
4468,20:14:49.348,3766,0.8393
4469,20:14:49.348,3769,0.8408
4470,20:14:49.349,3760,0.8364
4471,20:14:49.349,3767,0.8398
4472,20:14:49.350,3769,0.8408
4473,20:14:49.350,3760,0.8364
4474,20:14:49.351,3762,0.8374
4475,20:14:49.351,3765,0.8388
4476,20:14:49.352,3775,0.8437
4477,20:14:49.352,3796,0.8540
4478,20:14:49.353,3785,0.8486
4479,20:14:49.353,3785,0.8486
4480,20:14:49.354,3781,0.8466
4481,20:14:49.354,3785,0.8486
4482,20:14:49.355,3806,0.8589
4483,20:14:49.355,3771,0.8418
4484,20:14:49.356,3798,0.8549
4485,20:14:49.356,3811,0.8613
4486,20:14:49.357,3811,0.8613
4487,20:14:49.357,3805,0.8584
4488,20:14:49.358,3808,0.8598
4489,20:14:49.358,3809,0.8603
4490,20:14:49.359,3812,0.8618
4491,20:14:49.359,3799,0.8554
4492,20:14:49.360,3794,0.8530
4493,20:14:49.360,3796,0.8540
4494,20:14:49.361,3822,0.8667
4495,20:14:49.361,3803,0.8574
4496,20:14:49.362,3787,0.8496
4497,20:14:49.362,3770,0.8413
4498,20:14:49.363,3775,0.8437
4499,20:14:49.363,3781,0.8466
4500,20:14:49.364,3786,0.8491
4501,20:14:49.364,3782,0.8471
4502,20:14:49.365,3769,0.8408
4503,20:14:49.365,3761,0.8369
4504,20:14:49.366,3765,0.8388
4505,20:14:49.366,3761,0.8369
4506,20:14:49.367,3753,0.8330
4507,20:14:49.367,3764,0.8383
4508,20:14:49.368,3770,0.8413
4509,20:14:49.368,3763,0.8379
4510,20:14:49.369,3758,0.8354
4511,20:14:49.369,3754,0.8335
4512,20:14:49.370,3769,0.8408
4513,20:14:49.370,3801,0.8564
4514,20:14:49.371,3763,0.8379
4515,20:14:49.371,3758,0.8354
4516,20:14:49.372,3783,0.8476
4517,20:14:49.372,3786,0.8491
4518,20:14:49.373,3782,0.8471
4519,20:14:49.373,3774,0.8432
4520,20:14:49.374,3796,0.8540
4521,20:14:49.374,3781,0.8466
4522,20:14:49.375,3807,0.8593
4523,20:14:49.375,3807,0.8593
4524,20:14:49.376,3806,0.8589
4525,20:14:49.376,3790,0.8510
4526,20:14:49.377,3795,0.8535
4527,20:14:49.377,3815,0.8632
4528,20:14:49.378,3810,0.8608
4529,20:14:49.378,3808,0.8598
4530,20:14:49.379,3806,0.8589
4531,20:14:49.379,3801,0.8564
4532,20:14:49.380,3802,0.8569
4533,20:14:49.380,3799,0.8554
4534,20:14:49.381,3808,0.8598
4535,20:14:49.381,3792,0.8520
4536,20:14:49.382,3797,0.8545
4537,20:14:49.382,3791,0.8515
4538,20:14:49.383,3768,0.8403
4539,20:14:49.383,3780,0.8462
4540,20:14:49.384,3798,0.8549
4541,20:14:49.384,3772,0.8422
4542,20:14:49.385,3773,0.8427
4543,20:14:49.385,3774,0.8432
4544,20:14:49.386,3760,0.8364
4545,20:14:49.386,3760,0.8364
4546,20:14:49.387,3765,0.8388
4547,20:14:49.387,3763,0.8379
4548,20:14:49.388,3743,0.8281
4549,20:14:49.388,3765,0.8388
4550,20:14:49.389,3774,0.8432
4551,20:14:49.389,3757,0.8349
4552,20:14:49.390,3756,0.8344
4553,20:14:49.390,3767,0.8398
4554,20:14:49.391,3784,0.8481
4555,20:14:49.391,3777,0.8447
4556,20:14:49.392,3783,0.8476
4557,20:14:49.392,3793,0.8525
4558,20:14:49.393,3801,0.8564
4559,20:14:49.393,3782,0.8471
4560,20:14:49.394,3796,0.8540
4561,20:14:49.394,3784,0.8481
4562,20:14:49.395,3797,0.8545
4563,20:14:49.395,3810,0.8608
4564,20:14:49.396,3806,0.8589
4565,20:14:49.396,3810,0.8608
4566,20:14:49.397,3802,0.8569
4567,20:14:49.397,3808,0.8598
4568,20:14:49.398,3800,0.8559
4569,20:14:49.398,3802,0.8569
4570,20:14:49.399,3812,0.8618
4571,20:14:49.399,3786,0.8491
4572,20:14:49.400,3794,0.8530
4573,20:14:49.400,3803,0.8574
4574,20:14:49.401,3803,0.8574
4575,20:14:49.401,3796,0.8540
4576,20:14:49.402,3776,0.8442
4577,20:14:49.402,3784,0.8481
4578,20:14:49.403,3809,0.8603
4579,20:14:49.403,3786,0.8491
4580,20:14:49.404,3781,0.8466
4581,20:14:49.404,3791,0.8515
4582,20:14:49.405,3768,0.8403
4583,20:14:49.405,3768,0.8403
4584,20:14:49.406,3760,0.8364
4585,20:14:49.406,3760,0.8364
4586,20:14:49.407,3766,0.8393
4587,20:14:49.407,3763,0.8379
4588,20:14:49.408,3762,0.8374
4589,20:14:49.408,3766,0.8393
4590,20:14:49.409,3750,0.8315
4591,20:14:49.409,3752,0.8325
4592,20:14:49.410,3763,0.8379
4593,20:14:49.410,3776,0.8442
4594,20:14:49.411,3764,0.8383
4595,20:14:49.411,3754,0.8335
4596,20:14:49.412,3778,0.8452
4597,20:14:49.412,3787,0.8496
4598,20:14:49.413,3777,0.8447
4599,20:14:49.413,3777,0.8447
4600,20:14:49.414,3793,0.8525
4601,20:14:49.414,3799,0.8554
4602,20:14:49.415,3809,0.8603
4603,20:14:49.415,3806,0.8589
4604,20:14:49.416,3809,0.8603
4605,20:14:49.416,3802,0.8569
4606,20:14:49.417,3806,0.8589
4607,20:14:49.417,3805,0.8584
4608,20:14:49.418,3796,0.8540
4609,20:14:49.418,3807,0.8593
4610,20:14:49.419,3802,0.8569
4611,20:14:49.419,3807,0.8593
4612,20:14:49.420,3799,0.8554
4613,20:14:49.420,3796,0.8540
4614,20:14:49.421,3798,0.8549
4615,20:14:49.421,3789,0.8505
4616,20:14:49.422,3786,0.8491
4617,20:14:49.422,3778,0.8452
4618,20:14:49.423,3796,0.8540
4619,20:14:49.423,3849,0.8799
4620,20:14:49.424,3788,0.8501
4621,20:14:49.424,3755,0.8339
4622,20:14:49.425,3747,0.8300
4623,20:14:49.425,3772,0.8422
4624,20:14:49.426,3763,0.8379
4625,20:14:49.426,3764,0.8383
4626,20:14:49.427,3763,0.8379
4627,20:14:49.427,3758,0.8354
4628,20:14:49.428,3764,0.8383
4629,20:14:49.428,3770,0.8413
4630,20:14:49.429,3757,0.8349
4631,20:14:49.429,3762,0.8374
4632,20:14:49.430,3760,0.8364
4633,20:14:49.430,3756,0.8344
4634,20:14:49.431,3778,0.8452
4635,20:14:49.431,3790,0.8510
4636,20:14:49.432,3766,0.8393
4637,20:14:49.432,3773,0.8427
4638,20:14:49.433,3786,0.8491
4639,20:14:49.433,3802,0.8569
4640,20:14:49.434,3776,0.8442
4641,20:14:49.434,3801,0.8564
4642,20:14:49.435,3796,0.8540
4643,20:14:49.435,3809,0.8603
4644,20:14:49.436,3815,0.8632
4645,20:14:49.436,3806,0.8589
4646,20:14:49.437,3805,0.8584
4647,20:14:49.437,3814,0.8628
4648,20:14:49.438,3805,0.8584
4649,20:14:49.438,3804,0.8579
4650,20:14:49.439,3808,0.8598
4651,20:14:49.439,3794,0.8530
4652,20:14:49.440,3807,0.8593
4653,20:14:49.440,3792,0.8520
4654,20:14:49.441,3810,0.8608
4655,20:14:49.441,3788,0.8501
4656,20:14:49.442,3794,0.8530
4657,20:14:49.442,3795,0.8535
4658,20:14:49.443,3784,0.8481
4659,20:14:49.443,3787,0.8496
4660,20:14:49.444,3758,0.8354
4661,20:14:49.444,3789,0.8505
4662,20:14:49.445,3862,0.8862
4663,20:14:49.445,3765,0.8388
4664,20:14:49.446,3750,0.8315
4665,20:14:49.446,3758,0.8354
4666,20:14:49.447,3766,0.8393
4667,20:14:49.447,3766,0.8393
4668,20:14:49.448,3763,0.8379
4669,20:14:49.448,3758,0.8354
4670,20:14:49.449,3740,0.8266
4671,20:14:49.449,3774,0.8432
4672,20:14:49.450,3763,0.8379
4673,20:14:49.450,3764,0.8383
4674,20:14:49.451,3752,0.8325
4675,20:14:49.451,3777,0.8447
4676,20:14:49.452,3780,0.8462
4677,20:14:49.452,3780,0.8462
4678,20:14:49.453,3790,0.8510
4679,20:14:49.453,3785,0.8486
4680,20:14:49.454,3786,0.8491
4681,20:14:49.454,3806,0.8589
4682,20:14:49.455,3792,0.8520
4683,20:14:49.455,3806,0.8589
4684,20:14:49.456,3816,0.8637
4685,20:14:49.456,3876,0.8930
4686,20:14:49.457,3811,0.8613
4687,20:14:49.457,3809,0.8603
4688,20:14:49.458,3800,0.8559
4689,20:14:49.458,3802,0.8569
4690,20:14:49.459,3802,0.8569
4691,20:14:49.459,3800,0.8559
4692,20:14:49.460,3800,0.8559
4693,20:14:49.460,3797,0.8545
4694,20:14:49.461,3799,0.8554
4695,20:14:49.461,3786,0.8491
4696,20:14:49.462,3785,0.8486
4697,20:14:49.462,3764,0.8383
4698,20:14:49.463,3769,0.8408
4699,20:14:49.463,3788,0.8501
4700,20:14:49.464,3785,0.8486
4701,20:14:49.464,3763,0.8379
4702,20:14:49.465,3769,0.8408
4703,20:14:49.465,3765,0.8388
4704,20:14:49.466,3762,0.8374
4705,20:14:49.466,3761,0.8369
4706,20:14:49.467,3769,0.8408
4707,20:14:49.467,3768,0.8403
4708,20:14:49.468,3767,0.8398
4709,20:14:49.468,3769,0.8408
4710,20:14:49.469,3766,0.8393
4711,20:14:49.469,3762,0.8374
4712,20:14:49.470,3757,0.8349
4713,20:14:49.470,3763,0.8379
4714,20:14:49.471,3759,0.8359
4715,20:14:49.471,3760,0.8364
4716,20:14:49.472,3766,0.8393
4717,20:14:49.472,3783,0.8476
4718,20:14:49.473,3807,0.8593
4719,20:14:49.473,3775,0.8437
4720,20:14:49.474,3779,0.8457
4721,20:14:49.474,3798,0.8549
4722,20:14:49.475,3830,0.8706
4723,20:14:49.475,3809,0.8603
4724,20:14:49.476,3818,0.8647
4725,20:14:49.476,3793,0.8525
4726,20:14:49.477,3801,0.8564
4727,20:14:49.477,3807,0.8593
4728,20:14:49.478,3807,0.8593
4729,20:14:49.478,3797,0.8545
4730,20:14:49.479,3806,0.8589
4731,20:14:49.479,3798,0.8549
4732,20:14:49.480,3802,0.8569
4733,20:14:49.480,3803,0.8574
4734,20:14:49.481,3802,0.8569
4735,20:14:49.481,3807,0.8593
4736,20:14:49.482,3787,0.8496
4737,20:14:49.482,3801,0.8564
4738,20:14:49.483,3790,0.8510
4739,20:14:49.483,3682,0.7983
4740,20:14:49.484,3776,0.8442
4741,20:14:49.484,3764,0.8383
4742,20:14:49.485,3774,0.8432
4743,20:14:49.485,3761,0.8369
4744,20:14:49.486,3755,0.8339
4745,20:14:49.486,3765,0.8388
4746,20:14:49.487,3762,0.8374
4747,20:14:49.487,3759,0.8359
4748,20:14:49.488,3762,0.8374
4749,20:14:49.488,3762,0.8374
4750,20:14:49.489,3753,0.8330
4751,20:14:49.489,3754,0.8335
4752,20:14:49.490,3753,0.8330
4753,20:14:49.490,3760,0.8364
4754,20:14:49.491,3767,0.8398
4755,20:14:49.491,3764,0.8383
4756,20:14:49.492,3769,0.8408
4757,20:14:49.492,3782,0.8471
4758,20:14:49.493,3788,0.8501
4759,20:14:49.493,3783,0.8476
4760,20:14:49.494,3790,0.8510
4761,20:14:49.494,3799,0.8554
4762,20:14:49.495,3802,0.8569
4763,20:14:49.495,3804,0.8579
4764,20:14:49.496,3804,0.8579
4765,20:14:49.496,3806,0.8589
4766,20:14:49.497,3802,0.8569
4767,20:14:49.497,3799,0.8554
4768,20:14:49.498,3803,0.8574
4769,20:14:49.498,3816,0.8637
4770,20:14:49.499,3804,0.8579
4771,20:14:49.499,3794,0.8530
4772,20:14:49.500,3802,0.8569
4773,20:14:49.500,3798,0.8549
4774,20:14:49.501,3803,0.8574
4775,20:14:49.501,3784,0.8481
4776,20:14:49.502,3783,0.8476
4777,20:14:49.502,3775,0.8437
4778,20:14:49.503,3773,0.8427
4779,20:14:49.503,3785,0.8486
4780,20:14:49.504,3788,0.8501
4781,20:14:49.504,3771,0.8418
4782,20:14:49.505,3771,0.8418
4783,20:14:49.505,3773,0.8427
4784,20:14:49.506,3760,0.8364
4785,20:14:49.506,3759,0.8359
4786,20:14:49.507,3766,0.8393
4787,20:14:49.507,3758,0.8354
4788,20:14:49.508,3761,0.8369
4789,20:14:49.508,3757,0.8349
4790,20:14:49.509,3757,0.8349
4791,20:14:49.509,3760,0.8364
4792,20:14:49.510,3768,0.8403
4793,20:14:49.510,3767,0.8398
4794,20:14:49.511,3775,0.8437
4795,20:14:49.511,3764,0.8383
4796,20:14:49.512,3780,0.8462
4797,20:14:49.512,3790,0.8510
4798,20:14:49.513,3781,0.8466
4799,20:14:49.513,3820,0.8657
4800,20:14:49.514,3805,0.8584
4801,20:14:49.514,3786,0.8491
4802,20:14:49.515,3788,0.8501
4803,20:14:49.515,3807,0.8593
4804,20:14:49.516,3800,0.8559
4805,20:14:49.516,3807,0.8593
4806,20:14:49.517,3808,0.8598
4807,20:14:49.517,3796,0.8540
4808,20:14:49.518,3802,0.8569
4809,20:14:49.518,3772,0.8422
4810,20:14:49.519,3812,0.8618
4811,20:14:49.519,3790,0.8510
4812,20:14:49.520,3804,0.8579
4813,20:14:49.520,3799,0.8554
4814,20:14:49.521,3805,0.8584
4815,20:14:49.521,3795,0.8535
4816,20:14:49.522,3802,0.8569
4817,20:14:49.522,3784,0.8481
4818,20:14:49.523,3787,0.8496
4819,20:14:49.523,3789,0.8505
4820,20:14:49.524,3785,0.8486
4821,20:14:49.524,3779,0.8457
4822,20:14:49.525,3770,0.8413
4823,20:14:49.525,3766,0.8393
4824,20:14:49.526,3753,0.8330
4825,20:14:49.526,3762,0.8374
4826,20:14:49.527,3767,0.8398
4827,20:14:49.527,3759,0.8359
4828,20:14:49.528,3762,0.8374
4829,20:14:49.528,3766,0.8393
4830,20:14:49.529,3761,0.8369
4831,20:14:49.529,3769,0.8408
4832,20:14:49.530,3760,0.8364
4833,20:14:49.530,3766,0.8393
4834,20:14:49.531,3759,0.8359
4835,20:14:49.531,3777,0.8447
4836,20:14:49.532,3745,0.8291
4837,20:14:49.532,3785,0.8486
4838,20:14:49.533,3788,0.8501
4839,20:14:49.533,3773,0.8427
4840,20:14:49.534,3797,0.8545
4841,20:14:49.534,3784,0.8481
4842,20:14:49.535,3775,0.8437
4843,20:14:49.535,3807,0.8593
4844,20:14:49.536,3803,0.8574
4845,20:14:49.536,3800,0.8559
4846,20:14:49.537,3807,0.8593
4847,20:14:49.537,3802,0.8569
4848,20:14:49.538,3800,0.8559
4849,20:14:49.538,3802,0.8569
4850,20:14:49.539,3799,0.8554
4851,20:14:49.539,3793,0.8525
4852,20:14:49.540,3802,0.8569
4853,20:14:49.540,3791,0.8515
4854,20:14:49.541,3793,0.8525
4855,20:14:49.541,3780,0.8462
4856,20:14:49.542,3777,0.8447
4857,20:14:49.542,3783,0.8476
4858,20:14:49.543,3776,0.8442
4859,20:14:49.543,3779,0.8457
4860,20:14:49.544,3779,0.8457
4861,20:14:49.544,3771,0.8418
4862,20:14:49.545,3766,0.8393
4863,20:14:49.545,3756,0.8344
4864,20:14:49.546,3761,0.8369
4865,20:14:49.546,3737,0.8252
4866,20:14:49.547,3766,0.8393
4867,20:14:49.547,3757,0.8349
4868,20:14:49.548,3761,0.8369
4869,20:14:49.548,3761,0.8369
4870,20:14:49.549,3754,0.8335
4871,20:14:49.549,3759,0.8359
4872,20:14:49.550,3771,0.8418
4873,20:14:49.550,3764,0.8383
4874,20:14:49.551,3780,0.8462
4875,20:14:49.551,3777,0.8447
4876,20:14:49.552,3773,0.8427
4877,20:14:49.552,3783,0.8476
4878,20:14:49.553,3770,0.8413
4879,20:14:49.553,3796,0.8540
4880,20:14:49.554,3797,0.8545
4881,20:14:49.554,3783,0.8476
4882,20:14:49.555,3804,0.8579
4883,20:14:49.555,3802,0.8569
4884,20:14:49.556,3809,0.8603
4885,20:14:49.556,3797,0.8545
4886,20:14:49.557,3793,0.8525
4887,20:14:49.557,3800,0.8559
4888,20:14:49.558,3795,0.8535
4889,20:14:49.558,3799,0.8554
4890,20:14:49.559,3803,0.8574
4891,20:14:49.559,3786,0.8491
4892,20:14:49.560,3791,0.8515
4893,20:14:49.560,3797,0.8545
4894,20:14:49.561,3803,0.8574
4895,20:14:49.561,3781,0.8466
4896,20:14:49.562,3758,0.8354
4897,20:14:49.562,3747,0.8300
4898,20:14:49.563,3791,0.8515
4899,20:14:49.563,3791,0.8515
4900,20:14:49.564,3802,0.8569
4901,20:14:49.564,3763,0.8379
4902,20:14:49.565,3773,0.8427
4903,20:14:49.565,3769,0.8408
4904,20:14:49.566,3762,0.8374
4905,20:14:49.566,3764,0.8383
4906,20:14:49.567,3766,0.8393
4907,20:14:49.567,3759,0.8359
4908,20:14:49.568,3759,0.8359
4909,20:14:49.568,3767,0.8398
4910,20:14:49.569,3763,0.8379
4911,20:14:49.569,3750,0.8315
4912,20:14:49.570,3766,0.8393
4913,20:14:49.570,3759,0.8359
4914,20:14:49.571,3767,0.8398
4915,20:14:49.571,3769,0.8408
4916,20:14:49.572,3778,0.8452
4917,20:14:49.572,3773,0.8427
4918,20:14:49.573,3781,0.8466
4919,20:14:49.573,3779,0.8457
4920,20:14:49.574,3789,0.8505
4921,20:14:49.574,3796,0.8540
4922,20:14:49.575,3790,0.8510
4923,20:14:49.575,3804,0.8579
4924,20:14:49.576,3806,0.8589
4925,20:14:49.576,3804,0.8579
4926,20:14:49.577,3803,0.8574
4927,20:14:49.577,3803,0.8574
4928,20:14:49.578,3792,0.8520
4929,20:14:49.578,3805,0.8584
4930,20:14:49.579,3800,0.8559
4931,20:14:49.579,3790,0.8510
4932,20:14:49.580,3803,0.8574
4933,20:14:49.580,3798,0.8549
4934,20:14:49.581,3796,0.8540
4935,20:14:49.581,3731,0.8222
4936,20:14:49.582,3773,0.8427
4937,20:14:49.582,3778,0.8452
4938,20:14:49.583,3750,0.8315
4939,20:14:49.583,3714,0.8139
4940,20:14:49.584,3795,0.8535
4941,20:14:49.584,3787,0.8496
4942,20:14:49.585,3784,0.8481
4943,20:14:49.585,3749,0.8310
4944,20:14:49.586,3756,0.8344
4945,20:14:49.586,3767,0.8398
4946,20:14:49.587,3769,0.8408
4947,20:14:49.587,3762,0.8374
4948,20:14:49.588,3760,0.8364
4949,20:14:49.588,3764,0.8383
4950,20:14:49.589,3761,0.8369
4951,20:14:49.589,3769,0.8408
4952,20:14:49.590,3766,0.8393
4953,20:14:49.590,3761,0.8369
4954,20:14:49.591,3783,0.8476
4955,20:14:49.591,3769,0.8408
4956,20:14:49.592,3776,0.8442
4957,20:14:49.592,3770,0.8413
4958,20:14:49.593,3787,0.8496
4959,20:14:49.593,3808,0.8598
4960,20:14:49.594,3812,0.8618
4961,20:14:49.594,3762,0.8374
4962,20:14:49.595,3782,0.8471
4963,20:14:49.595,3805,0.8584
4964,20:14:49.596,3812,0.8618
4965,20:14:49.596,3801,0.8564
4966,20:14:49.597,3799,0.8554
4967,20:14:49.597,3811,0.8613
4968,20:14:49.598,3803,0.8574
4969,20:14:49.598,3803,0.8574
4970,20:14:49.599,3812,0.8618
4971,20:14:49.599,3799,0.8554
4972,20:14:49.600,3792,0.8520
4973,20:14:49.600,3795,0.8535
4974,20:14:49.601,3801,0.8564
4975,20:14:49.601,3804,0.8579
4976,20:14:49.602,3778,0.8452
4977,20:14:49.602,3775,0.8437
4978,20:14:49.603,3776,0.8442
4979,20:14:49.603,3790,0.8510
4980,20:14:49.604,3797,0.8545
4981,20:14:49.604,3771,0.8418
4982,20:14:49.605,3768,0.8403
4983,20:14:49.605,3844,0.8774
4984,20:14:49.606,3767,0.8398
4985,20:14:49.606,3761,0.8369
4986,20:14:49.607,3761,0.8369
4987,20:14:49.607,3762,0.8374
4988,20:14:49.608,3763,0.8379
4989,20:14:49.608,3761,0.8369
4990,20:14:49.609,3761,0.8369
4991,20:14:49.609,3770,0.8413
4992,20:14:49.610,3759,0.8359
4993,20:14:49.610,3771,0.8418
4994,20:14:49.611,3783,0.8476
4995,20:14:49.611,3743,0.8281
4996,20:14:49.612,3768,0.8403
4997,20:14:49.612,3777,0.8447
4998,20:14:49.613,3790,0.8510
4999,20:14:49.613,3774,0.8432
5000,20:14:49.614,3782,0.8471
5001,20:14:49.614,3790,0.8510
5002,20:14:49.615,3783,0.8476
5003,20:14:49.615,3807,0.8593
5004,20:14:49.616,3777,0.8447
5005,20:14:49.616,3791,0.8515
5006,20:14:49.617,3804,0.8579
5007,20:14:49.617,3809,0.8603
5008,20:14:49.618,3803,0.8574
5009,20:14:49.618,3798,0.8549
5010,20:14:49.619,3807,0.8593
5011,20:14:49.619,3801,0.8564
5012,20:14:49.620,3802,0.8569
5013,20:14:49.620,3800,0.8559
5014,20:14:49.621,3792,0.8520
5015,20:14:49.621,3795,0.8535
5016,20:14:49.622,3780,0.8462
5017,20:14:49.622,3785,0.8486
5018,20:14:49.623,3786,0.8491
5019,20:14:49.623,3780,0.8462
5020,20:14:49.624,3791,0.8515
5021,20:14:49.624,3767,0.8398
5022,20:14:49.625,3761,0.8369
5023,20:14:49.625,3759,0.8359
5024,20:14:49.626,3766,0.8393
5025,20:14:49.626,3761,0.8369
5026,20:14:49.627,3771,0.8418
5027,20:14:49.627,3763,0.8379
5028,20:14:49.628,3770,0.8413
5029,20:14:49.628,3766,0.8393
5030,20:14:49.629,3762,0.8374
5031,20:14:49.629,3771,0.8418
5032,20:14:49.630,3769,0.8408
5033,20:14:49.630,3770,0.8413
5034,20:14:49.631,3758,0.8354
5035,20:14:49.631,3778,0.8452
5036,20:14:49.632,3769,0.8408
5037,20:14:49.632,3701,0.8076
5038,20:14:49.633,3776,0.8442
5039,20:14:49.633,3787,0.8496
5040,20:14:49.634,3799,0.8554
5041,20:14:49.634,3789,0.8505
5042,20:14:49.635,3792,0.8520
5043,20:14:49.635,3805,0.8584
5044,20:14:49.636,3810,0.8608
5045,20:14:49.636,3803,0.8574
5046,20:14:49.637,3797,0.8545
5047,20:14:49.637,3808,0.8598
5048,20:14:49.638,3802,0.8569
5049,20:14:49.638,3800,0.8559
5050,20:14:49.639,3798,0.8549
5051,20:14:49.639,3793,0.8525
5052,20:14:49.640,3802,0.8569
5053,20:14:49.640,3796,0.8540
5054,20:14:49.641,3800,0.8559
5055,20:14:49.641,3753,0.8330
5056,20:14:49.642,3698,0.8061
5057,20:14:49.642,3776,0.8442
5058,20:14:49.643,3831,0.8711
5059,20:14:49.643,3782,0.8471
5060,20:14:49.644,3738,0.8256
5061,20:14:49.644,3788,0.8501
5062,20:14:49.645,3821,0.8662
5063,20:14:49.645,3770,0.8413
5064,20:14:49.646,3738,0.8256
5065,20:14:49.646,3761,0.8369
5066,20:14:49.647,3767,0.8398
5067,20:14:49.647,3765,0.8388
5068,20:14:49.648,3762,0.8374
5069,20:14:49.648,3762,0.8374
5070,20:14:49.649,3768,0.8403
5071,20:14:49.649,3771,0.8418
5072,20:14:49.650,3771,0.8418
5073,20:14:49.650,3763,0.8379
5074,20:14:49.651,3767,0.8398
5075,20:14:49.651,3776,0.8442
5076,20:14:49.652,3782,0.8471
5077,20:14:49.652,3772,0.8422
5078,20:14:49.653,3792,0.8520
5079,20:14:49.653,3788,0.8501
5080,20:14:49.654,3773,0.8427
5081,20:14:49.654,3778,0.8452
5082,20:14:49.655,3797,0.8545
5083,20:14:49.655,3797,0.8545
5084,20:14:49.656,3806,0.8589
5085,20:14:49.656,3797,0.8545
5086,20:14:49.657,3799,0.8554
5087,20:14:49.657,3798,0.8549
5088,20:14:49.658,3802,0.8569
5089,20:14:49.658,3802,0.8569
5090,20:14:49.659,3808,0.8598
5091,20:14:49.659,3796,0.8540
5092,20:14:49.660,3792,0.8520
5093,20:14:49.660,3795,0.8535
5094,20:14:49.661,3795,0.8535
5095,20:14:49.661,3795,0.8535
5096,20:14:49.662,3785,0.8486
5097,20:14:49.662,3788,0.8501
5098,20:14:49.663,3770,0.8413
5099,20:14:49.663,3769,0.8408
5100,20:14:49.664,3776,0.8442
5101,20:14:49.664,3768,0.8403
5102,20:14:49.665,3761,0.8369
5103,20:14:49.665,3768,0.8403
5104,20:14:49.666,3763,0.8379
5105,20:14:49.666,3770,0.8413
5106,20:14:49.667,3757,0.8349
5107,20:14:49.667,3750,0.8315
5108,20:14:49.668,3762,0.8374
5109,20:14:49.668,3783,0.8476
5110,20:14:49.669,3748,0.8305
5111,20:14:49.669,3759,0.8359
5112,20:14:49.670,3762,0.8374
5113,20:14:49.670,3788,0.8501
5114,20:14:49.671,3761,0.8369
5115,20:14:49.671,3780,0.8462
5116,20:14:49.672,3788,0.8501
5117,20:14:49.672,3808,0.8598
5118,20:14:49.673,3800,0.8559
5119,20:14:49.673,3795,0.8535
5120,20:14:49.674,3770,0.8413
5121,20:14:49.674,3717,0.8154
5122,20:14:49.675,3789,0.8505
5123,20:14:49.675,3816,0.8637
5124,20:14:49.676,3809,0.8603
5125,20:14:49.676,3803,0.8574
5126,20:14:49.677,3806,0.8589
5127,20:14:49.677,3806,0.8589
5128,20:14:49.678,3797,0.8545
5129,20:14:49.678,3805,0.8584
5130,20:14:49.679,3797,0.8545
5131,20:14:49.679,3800,0.8559
5132,20:14:49.680,3806,0.8589
5133,20:14:49.680,3792,0.8520
5134,20:14:49.681,3796,0.8540
5135,20:14:49.681,3789,0.8505
5136,20:14:49.682,3771,0.8418
5137,20:14:49.682,3776,0.8442
5138,20:14:49.683,3784,0.8481
5139,20:14:49.683,3784,0.8481
5140,20:14:49.684,3795,0.8535
5141,20:14:49.684,3770,0.8413
5142,20:14:49.685,3761,0.8369
5143,20:14:49.685,3777,0.8447
5144,20:14:49.686,3758,0.8354
5145,20:14:49.686,3759,0.8359
5146,20:14:49.687,3762,0.8374
5147,20:14:49.687,3763,0.8379
5148,20:14:49.688,3765,0.8388
5149,20:14:49.688,3764,0.8383
5150,20:14:49.689,3764,0.8383
5151,20:14:49.689,3763,0.8379
5152,20:14:49.690,3767,0.8398
5153,20:14:49.690,3754,0.8335
5154,20:14:49.691,3771,0.8418
5155,20:14:49.691,3768,0.8403
5156,20:14:49.692,3777,0.8447
5157,20:14:49.692,3778,0.8452
5158,20:14:49.693,3782,0.8471
5159,20:14:49.693,3783,0.8476
5160,20:14:49.694,3787,0.8496
5161,20:14:49.694,3764,0.8383
5162,20:14:49.695,3792,0.8520
5163,20:14:49.695,3797,0.8545
5164,20:14:49.696,3809,0.8603
5165,20:14:49.696,3806,0.8589
5166,20:14:49.697,3809,0.8603
5167,20:14:49.697,3804,0.8579
5168,20:14:49.698,3795,0.8535
5169,20:14:49.698,3798,0.8549
5170,20:14:49.699,3799,0.8554
5171,20:14:49.699,3797,0.8545
5172,20:14:49.700,3793,0.8525
5173,20:14:49.700,3801,0.8564
5174,20:14:49.701,3806,0.8589
5175,20:14:49.701,3780,0.8462
5176,20:14:49.702,3765,0.8388
5177,20:14:49.702,3780,0.8462
5178,20:14:49.703,3783,0.8476
5179,20:14:49.703,3794,0.8530
5180,20:14:49.704,3784,0.8481
5181,20:14:49.704,3777,0.8447
5182,20:14:49.705,3776,0.8442
5183,20:14:49.705,3768,0.8403
5184,20:14:49.706,3762,0.8374
5185,20:14:49.706,3764,0.8383
5186,20:14:49.707,3766,0.8393
5187,20:14:49.707,3763,0.8379
5188,20:14:49.708,3771,0.8418
5189,20:14:49.708,3771,0.8418
5190,20:14:49.709,3753,0.8330
5191,20:14:49.709,3763,0.8379
5192,20:14:49.710,3768,0.8403
5193,20:14:49.710,3767,0.8398
5194,20:14:49.711,3772,0.8422
5195,20:14:49.711,3766,0.8393
5196,20:14:49.712,3798,0.8549
5197,20:14:49.712,3784,0.8481
5198,20:14:49.713,3793,0.8525
5199,20:14:49.713,3788,0.8501
5200,20:14:49.714,3785,0.8486
5201,20:14:49.714,3791,0.8515
5202,20:14:49.715,3790,0.8510
5203,20:14:49.715,3809,0.8603
5204,20:14:49.716,3803,0.8574
5205,20:14:49.716,3812,0.8618
5206,20:14:49.717,3802,0.8569
5207,20:14:49.717,3795,0.8535
5208,20:14:49.718,3810,0.8608
5209,20:14:49.718,3802,0.8569
5210,20:14:49.719,3803,0.8574
5211,20:14:49.719,3797,0.8545
5212,20:14:49.720,3801,0.8564
5213,20:14:49.720,3796,0.8540
5214,20:14:49.721,3796,0.8540
5215,20:14:49.721,3780,0.8462
5216,20:14:49.722,3812,0.8618
5217,20:14:49.722,3760,0.8364
5218,20:14:49.723,3795,0.8535
5219,20:14:49.723,3779,0.8457
5220,20:14:49.724,3778,0.8452
5221,20:14:49.724,3691,0.8027
5222,20:14:49.725,3766,0.8393
5223,20:14:49.725,3773,0.8427
5224,20:14:49.726,3767,0.8398
5225,20:14:49.726,3771,0.8418
5226,20:14:49.727,3760,0.8364
5227,20:14:49.727,3764,0.8383
5228,20:14:49.728,3765,0.8388
5229,20:14:49.728,3761,0.8369
5230,20:14:49.729,3758,0.8354
5231,20:14:49.729,3766,0.8393
5232,20:14:49.730,3767,0.8398
5233,20:14:49.730,3769,0.8408
5234,20:14:49.731,3771,0.8418
5235,20:14:49.731,3776,0.8442
5236,20:14:49.732,3767,0.8398
5237,20:14:49.732,3782,0.8471
5238,20:14:49.733,3805,0.8584
5239,20:14:49.733,3889,0.8994
5240,20:14:49.734,3800,0.8559
5241,20:14:49.734,3769,0.8408
5242,20:14:49.735,3791,0.8515
5243,20:14:49.735,3807,0.8593
5244,20:14:49.736,3806,0.8589
5245,20:14:49.736,3800,0.8559
5246,20:14:49.737,3802,0.8569
5247,20:14:49.737,3808,0.8598
5248,20:14:49.738,3808,0.8598
5249,20:14:49.738,3803,0.8574
5250,20:14:49.739,3798,0.8549
5251,20:14:49.739,3794,0.8530
5252,20:14:49.740,3793,0.8525
5253,20:14:49.740,3809,0.8603
5254,20:14:49.741,3797,0.8545
5255,20:14:49.741,3806,0.8589
5256,20:14:49.742,3782,0.8471
5257,20:14:49.742,3784,0.8481
5258,20:14:49.743,3786,0.8491
5259,20:14:49.743,3796,0.8540
5260,20:14:49.744,3792,0.8520
5261,20:14:49.744,3772,0.8422
5262,20:14:49.745,3783,0.8476
5263,20:14:49.745,3764,0.8383
5264,20:14:49.746,3762,0.8374
5265,20:14:49.746,3761,0.8369
5266,20:14:49.747,3758,0.8354
5267,20:14:49.747,3756,0.8344
5268,20:14:49.748,3759,0.8359
5269,20:14:49.748,3760,0.8364
5270,20:14:49.749,3754,0.8335
5271,20:14:49.749,3753,0.8330
5272,20:14:49.750,3742,0.8276
5273,20:14:49.750,3749,0.8310
5274,20:14:49.751,3744,0.8286
5275,20:14:49.751,3728,0.8208
5276,20:14:49.752,3758,0.8354
5277,20:14:49.752,3767,0.8398
5278,20:14:49.753,3746,0.8295
5279,20:14:49.753,3750,0.8315
5280,20:14:49.754,3743,0.8281
5281,20:14:49.754,3861,0.8857
5282,20:14:49.755,3757,0.8349
5283,20:14:49.755,3752,0.8325
5284,20:14:49.756,3762,0.8374
5285,20:14:49.756,3768,0.8403
5286,20:14:49.757,3758,0.8354
5287,20:14:49.757,3758,0.8354
5288,20:14:49.758,3739,0.8261
5289,20:14:49.758,3743,0.8281
5290,20:14:49.759,3744,0.8286
5291,20:14:49.759,3741,0.8271
5292,20:14:49.760,3739,0.8261
5293,20:14:49.760,3722,0.8178
5294,20:14:49.761,3729,0.8212
5295,20:14:49.761,3701,0.8076
5296,20:14:49.762,3714,0.8139
5297,20:14:49.762,3690,0.8022
5298,20:14:49.763,3678,0.7963
5299,20:14:49.763,3680,0.7973
5300,20:14:49.764,3668,0.7915
5301,20:14:49.764,3662,0.7885
5302,20:14:49.765,3672,0.7934
5303,20:14:49.765,3649,0.7822
5304,20:14:49.766,3648,0.7817
5305,20:14:49.766,3647,0.7812
5306,20:14:49.767,3640,0.7778
5307,20:14:49.767,3648,0.7817
5308,20:14:49.768,3630,0.7729
5309,20:14:49.768,3633,0.7744
5310,20:14:49.769,3635,0.7753
5311,20:14:49.769,3637,0.7763
5312,20:14:49.770,3637,0.7763
5313,20:14:49.770,3615,0.7656
5314,20:14:49.771,3629,0.7724
5315,20:14:49.771,3648,0.7817
5316,20:14:49.772,3642,0.7788
5317,20:14:49.772,3637,0.7763
5318,20:14:49.773,3639,0.7773
5319,20:14:49.773,3637,0.7763
5320,20:14:49.774,3627,0.7714
5321,20:14:49.774,3619,0.7675
5322,20:14:49.775,3640,0.7778
5323,20:14:49.775,3670,0.7924
5324,20:14:49.776,3653,0.7841
5325,20:14:49.776,3644,0.7797
5326,20:14:49.777,3637,0.7763
5327,20:14:49.777,3636,0.7758
5328,20:14:49.778,3639,0.7773
5329,20:14:49.778,3642,0.7788
5330,20:14:49.779,3642,0.7788
5331,20:14:49.779,3640,0.7778
5332,20:14:49.780,3622,0.7690
5333,20:14:49.780,3632,0.7739
5334,20:14:49.781,3623,0.7695
5335,20:14:49.781,3615,0.7656
5336,20:14:49.782,3608,0.7621
5337,20:14:49.782,3616,0.7661
5338,20:14:49.783,3601,0.7587
5339,20:14:49.783,3601,0.7587
5340,20:14:49.784,3587,0.7519
5341,20:14:49.784,3632,0.7739
5342,20:14:49.785,3604,0.7602
5343,20:14:49.785,3567,0.7421
5344,20:14:49.786,3573,0.7451
5345,20:14:49.786,3572,0.7446
5346,20:14:49.787,3577,0.7470
5347,20:14:49.787,3585,0.7509
5348,20:14:49.788,3574,0.7455
5349,20:14:49.788,3556,0.7368
5350,20:14:49.789,3579,0.7480
5351,20:14:49.789,3587,0.7519
5352,20:14:49.790,3570,0.7436
5353,20:14:49.790,3571,0.7441
5354,20:14:49.791,3600,0.7582
5355,20:14:49.791,3618,0.7670
5356,20:14:49.792,3628,0.7719
5357,20:14:49.792,3608,0.7621
5358,20:14:49.793,3587,0.7519
5359,20:14:49.793,3597,0.7568
5360,20:14:49.794,3600,0.7582
5361,20:14:49.794,3585,0.7509
5362,20:14:49.795,3609,0.7626
5363,20:14:49.795,3620,0.7680
5364,20:14:49.796,3604,0.7602
5365,20:14:49.796,3672,0.7934
5366,20:14:49.797,3632,0.7739
5367,20:14:49.797,3602,0.7592
5368,20:14:49.798,3591,0.7538
5369,20:14:49.798,3599,0.7578
5370,20:14:49.799,3601,0.7587
5371,20:14:49.799,3596,0.7563
5372,20:14:49.800,3588,0.7524
5373,20:14:49.800,3596,0.7563
5374,20:14:49.801,3589,0.7529
5375,20:14:49.801,3611,0.7636
5376,20:14:49.802,3560,0.7387
5377,20:14:49.802,3546,0.7319
5378,20:14:49.803,3568,0.7426
5379,20:14:49.803,3569,0.7431
5380,20:14:49.804,3567,0.7421
5381,20:14:49.804,3551,0.7343
5382,20:14:49.805,3572,0.7446
5383,20:14:49.805,3551,0.7343
5384,20:14:49.806,3560,0.7387
5385,20:14:49.806,3543,0.7304
5386,20:14:49.807,3548,0.7328
5387,20:14:49.807,3540,0.7289
5388,20:14:49.808,3606,0.7612
5389,20:14:49.808,3548,0.7328
5390,20:14:49.809,3518,0.7182
5391,20:14:49.809,3552,0.7348
5392,20:14:49.810,3557,0.7372
5393,20:14:49.810,3551,0.7343
5394,20:14:49.811,3549,0.7333
5395,20:14:49.811,3560,0.7387
5396,20:14:49.812,3581,0.7490
5397,20:14:49.812,3589,0.7529
5398,20:14:49.813,3591,0.7538
5399,20:14:49.813,3589,0.7529
5400,20:14:49.814,3587,0.7519
5401,20:14:49.814,3578,0.7475
5402,20:14:49.815,3616,0.7661
5403,20:14:49.815,3630,0.7729
5404,20:14:49.816,3602,0.7592
5405,20:14:49.816,3618,0.7670
5406,20:14:49.817,3620,0.7680
5407,20:14:49.817,3654,0.7846
5408,20:14:49.818,3621,0.7685
5409,20:14:49.818,3617,0.7665
5410,20:14:49.819,3622,0.7690
5411,20:14:49.819,3615,0.7656
5412,20:14:49.820,3613,0.7646
5413,20:14:49.820,3618,0.7670
5414,20:14:49.821,3622,0.7690
5415,20:14:49.821,3609,0.7626
5416,20:14:49.822,3610,0.7631
5417,20:14:49.822,3599,0.7578
5418,20:14:49.823,3605,0.7607
5419,20:14:49.823,3622,0.7690
5420,20:14:49.824,3585,0.7509
5421,20:14:49.824,3620,0.7680
5422,20:14:49.825,3589,0.7529
5423,20:14:49.825,3563,0.7402
5424,20:14:49.826,3559,0.7382
5425,20:14:49.826,3562,0.7397
5426,20:14:49.827,3572,0.7446
5427,20:14:49.827,3560,0.7387
5428,20:14:49.828,3573,0.7451
5429,20:14:49.828,3550,0.7338
5430,20:14:49.829,3581,0.7490
5431,20:14:49.829,3571,0.7441
5432,20:14:49.830,3569,0.7431
5433,20:14:49.830,3578,0.7475
5434,20:14:49.831,3562,0.7397
5435,20:14:49.831,3598,0.7573
5436,20:14:49.832,3592,0.7543
5437,20:14:49.832,3598,0.7573
5438,20:14:49.833,3603,0.7597
5439,20:14:49.833,3618,0.7670
5440,20:14:49.834,3591,0.7538
5441,20:14:49.834,3610,0.7631
5442,20:14:49.835,3618,0.7670
5443,20:14:49.835,3602,0.7592
5444,20:14:49.836,3632,0.7739
5445,20:14:49.836,3624,0.7700
5446,20:14:49.837,3628,0.7719
5447,20:14:49.837,3633,0.7744
5448,20:14:49.838,3635,0.7753
5449,20:14:49.838,3635,0.7753
5450,20:14:49.839,3610,0.7631
5451,20:14:49.839,3630,0.7729
5452,20:14:49.840,3632,0.7739
5453,20:14:49.840,3743,0.8281
5454,20:14:49.841,3637,0.7763
5455,20:14:49.841,3620,0.7680
5456,20:14:49.842,3622,0.7690
5457,20:14:49.842,3630,0.7729
5458,20:14:49.843,3631,0.7734
5459,20:14:49.843,3644,0.7797
5460,20:14:49.844,3620,0.7680
5461,20:14:49.844,3621,0.7685
5462,20:14:49.845,3622,0.7690
5463,20:14:49.845,3612,0.7641
5464,20:14:49.846,3606,0.7612
5465,20:14:49.846,3594,0.7553
5466,20:14:49.847,3611,0.7636
5467,20:14:49.847,3600,0.7582
5468,20:14:49.848,3602,0.7592
5469,20:14:49.848,3597,0.7568
5470,20:14:49.849,3603,0.7597
5471,20:14:49.849,3606,0.7612
5472,20:14:49.850,3636,0.7758
5473,20:14:49.850,3625,0.7705
5474,20:14:49.851,3606,0.7612
5475,20:14:49.851,3608,0.7621
5476,20:14:49.852,3626,0.7709
5477,20:14:49.852,3620,0.7680
5478,20:14:49.853,3633,0.7744
5479,20:14:49.853,3630,0.7729
5480,20:14:49.854,3626,0.7709
5481,20:14:49.854,3615,0.7656
5482,20:14:49.855,3699,0.8066
5483,20:14:49.855,3664,0.7895
5484,20:14:49.856,3649,0.7822
5485,20:14:49.856,3643,0.7792
5486,20:14:49.857,3647,0.7812
5487,20:14:49.857,3643,0.7792
5488,20:14:49.858,3639,0.7773
5489,20:14:49.858,3636,0.7758
5490,20:14:49.859,3643,0.7792
5491,20:14:49.859,3643,0.7792
5492,20:14:49.860,3631,0.7734
5493,20:14:49.860,3625,0.7705
5494,20:14:49.861,3640,0.7778
5495,20:14:49.861,3714,0.8139
5496,20:14:49.862,3638,0.7768
5497,20:14:49.862,3630,0.7729
5498,20:14:49.863,3619,0.7675
5499,20:14:49.863,3630,0.7729
5500,20:14:49.864,3630,0.7729
5501,20:14:49.864,3621,0.7685
5502,20:14:49.865,3645,0.7802
5503,20:14:49.865,3621,0.7685
5504,20:14:49.866,3625,0.7705
5505,20:14:49.866,3621,0.7685
5506,20:14:49.867,3622,0.7690
5507,20:14:49.867,3607,0.7617
5508,20:14:49.868,3627,0.7714
5509,20:14:49.868,3620,0.7680
5510,20:14:49.869,3624,0.7700
5511,20:14:49.869,3630,0.7729
5512,20:14:49.870,3648,0.7817
5513,20:14:49.870,3640,0.7778
5514,20:14:49.871,3636,0.7758
5515,20:14:49.871,3638,0.7768
5516,20:14:49.872,3648,0.7817
5517,20:14:49.872,3668,0.7915
5518,20:14:49.873,3670,0.7924
5519,20:14:49.873,3672,0.7934
5520,20:14:49.874,3685,0.7998
5521,20:14:49.874,3690,0.8022
5522,20:14:49.875,3682,0.7983
5523,20:14:49.875,3727,0.8203
5524,20:14:49.876,3717,0.8154
5525,20:14:49.876,3703,0.8085
5526,20:14:49.877,3706,0.8100
5527,20:14:49.877,3715,0.8144
5528,20:14:49.878,3717,0.8154
5529,20:14:49.878,3718,0.8159
5530,20:14:49.879,3713,0.8134
5531,20:14:49.879,3719,0.8164
5532,20:14:49.880,3723,0.8183
5533,20:14:49.880,3717,0.8154
5534,20:14:49.881,3721,0.8173
5535,20:14:49.881,3701,0.8076
5536,20:14:49.882,3695,0.8046
5537,20:14:49.882,3701,0.8076
5538,20:14:49.883,3697,0.8056
5539,20:14:49.883,3689,0.8017
5540,20:14:49.884,3718,0.8159
5541,20:14:49.884,3752,0.8325
5542,20:14:49.885,3708,0.8110
5543,20:14:49.885,3701,0.8076
5544,20:14:49.886,3693,0.8037
5545,20:14:49.886,3699,0.8066
5546,20:14:49.887,3704,0.8090
5547,20:14:49.887,3701,0.8076
5548,20:14:49.888,3700,0.8071
5549,20:14:49.888,3679,0.7968
5550,20:14:49.889,3700,0.8071
5551,20:14:49.889,3699,0.8066
5552,20:14:49.890,3700,0.8071
5553,20:14:49.890,3707,0.8105
5554,20:14:49.891,3704,0.8090
5555,20:14:49.891,3720,0.8168
5556,20:14:49.892,3742,0.8276
5557,20:14:49.892,3736,0.8247
5558,20:14:49.893,3728,0.8208
5559,20:14:49.893,3817,0.8642
5560,20:14:49.894,3762,0.8374
5561,20:14:49.894,3741,0.8271
5562,20:14:49.895,3747,0.8300
5563,20:14:49.895,3771,0.8418
5564,20:14:49.896,3794,0.8530
5565,20:14:49.896,3757,0.8349
5566,20:14:49.897,3763,0.8379
5567,20:14:49.897,3747,0.8300
5568,20:14:49.898,3759,0.8359
5569,20:14:49.898,3774,0.8432
5570,20:14:49.899,3776,0.8442
5571,20:14:49.899,3753,0.8330
5572,20:14:49.900,3759,0.8359
5573,20:14:49.900,3771,0.8418
5574,20:14:49.901,3776,0.8442
5575,20:14:49.901,3771,0.8418
5576,20:14:49.902,3750,0.8315
5577,20:14:49.902,3762,0.8374
5578,20:14:49.903,3766,0.8393
5579,20:14:49.903,3765,0.8388
5580,20:14:49.904,3742,0.8276
5581,20:14:49.904,3755,0.8339
5582,20:14:49.905,3770,0.8413
5583,20:14:49.905,3736,0.8247
5584,20:14:49.906,3742,0.8276
5585,20:14:49.906,3743,0.8281
5586,20:14:49.907,3747,0.8300
5587,20:14:49.907,3737,0.8252
5588,20:14:49.908,3744,0.8286
5589,20:14:49.908,3749,0.8310
5590,20:14:49.909,3736,0.8247
5591,20:14:49.909,3742,0.8276
5592,20:14:49.910,3737,0.8252
5593,20:14:49.910,3756,0.8344
5594,20:14:49.911,3754,0.8335
5595,20:14:49.911,3754,0.8335
5596,20:14:49.912,3750,0.8315
5597,20:14:49.912,3761,0.8369
5598,20:14:49.913,3767,0.8398
5599,20:14:49.913,3796,0.8540
5600,20:14:49.914,3781,0.8466
5601,20:14:49.914,3768,0.8403
5602,20:14:49.915,3815,0.8632
5603,20:14:49.915,3797,0.8545
5604,20:14:49.916,3781,0.8466
5605,20:14:49.916,3785,0.8486
5606,20:14:49.917,3793,0.8525
5607,20:14:49.917,3794,0.8530
5608,20:14:49.918,3793,0.8525
5609,20:14:49.918,3791,0.8515
5610,20:14:49.919,3797,0.8545
5611,20:14:49.919,3794,0.8530
5612,20:14:49.920,3797,0.8545
5613,20:14:49.920,3801,0.8564
5614,20:14:49.921,3781,0.8466
5615,20:14:49.921,3727,0.8203
5616,20:14:49.922,3766,0.8393
5617,20:14:49.922,3792,0.8520
5618,20:14:49.923,3763,0.8379
5619,20:14:49.923,3763,0.8379
5620,20:14:49.924,3844,0.8774
5621,20:14:49.924,3791,0.8515
5622,20:14:49.925,3695,0.8046
5623,20:14:49.925,3755,0.8339
5624,20:14:49.926,3758,0.8354
5625,20:14:49.926,3763,0.8379
5626,20:14:49.927,3754,0.8335
5627,20:14:49.927,3752,0.8325
5628,20:14:49.928,3751,0.8320
5629,20:14:49.928,3764,0.8383
5630,20:14:49.929,3754,0.8335
5631,20:14:49.929,3748,0.8305
5632,20:14:49.930,3750,0.8315
5633,20:14:49.930,3761,0.8369
5634,20:14:49.931,3756,0.8344
5635,20:14:49.931,3771,0.8418
5636,20:14:49.932,3759,0.8359
5637,20:14:49.932,3774,0.8432
5638,20:14:49.933,3773,0.8427
5639,20:14:49.933,3784,0.8481
5640,20:14:49.934,3768,0.8403
5641,20:14:49.934,3764,0.8383
5642,20:14:49.935,3777,0.8447
5643,20:14:49.935,3788,0.8501
5644,20:14:49.936,3790,0.8510
5645,20:14:49.936,3769,0.8408
5646,20:14:49.937,3788,0.8501
5647,20:14:49.937,3782,0.8471
5648,20:14:49.938,3779,0.8457
5649,20:14:49.938,3781,0.8466
5650,20:14:49.939,3773,0.8427
5651,20:14:49.939,3776,0.8442
5652,20:14:49.940,3785,0.8486
5653,20:14:49.940,3772,0.8422
5654,20:14:49.941,3782,0.8471
5655,20:14:49.941,3778,0.8452
5656,20:14:49.942,3756,0.8344
5657,20:14:49.942,3746,0.8295
5658,20:14:49.943,3778,0.8452
5659,20:14:49.943,3750,0.8315
5660,20:14:49.944,3763,0.8379
5661,20:14:49.944,3752,0.8325
5662,20:14:49.945,3742,0.8276
5663,20:14:49.945,3759,0.8359
5664,20:14:49.946,3731,0.8222
5665,20:14:49.946,3726,0.8198
5666,20:14:49.947,3726,0.8198
5667,20:14:49.947,3727,0.8203
5668,20:14:49.948,3729,0.8212
5669,20:14:49.948,3721,0.8173
5670,20:14:49.949,3734,0.8237
5671,20:14:49.949,3723,0.8183
5672,20:14:49.950,3723,0.8183
5673,20:14:49.950,3726,0.8198
5674,20:14:49.951,3727,0.8203
5675,20:14:49.951,3767,0.8398
5676,20:14:49.952,3739,0.8261
5677,20:14:49.952,3760,0.8364
5678,20:14:49.953,3747,0.8300
5679,20:14:49.953,3735,0.8242
5680,20:14:49.954,3732,0.8227
5681,20:14:49.954,3757,0.8349
5682,20:14:49.955,3748,0.8305
5683,20:14:49.955,3752,0.8325
5684,20:14:49.956,3761,0.8369
5685,20:14:49.956,3760,0.8364
5686,20:14:49.957,3753,0.8330
5687,20:14:49.957,3758,0.8354
5688,20:14:49.958,3752,0.8325
5689,20:14:49.958,3760,0.8364
5690,20:14:49.959,3751,0.8320
5691,20:14:49.959,3753,0.8330
5692,20:14:49.960,3746,0.8295
5693,20:14:49.960,3750,0.8315
5694,20:14:49.961,3752,0.8325
5695,20:14:49.961,3750,0.8315
5696,20:14:49.962,3729,0.8212
5697,20:14:49.962,3742,0.8276
5698,20:14:49.963,3648,0.7817
5699,20:14:49.963,3729,0.8212
5700,20:14:49.964,3725,0.8193
5701,20:14:49.964,3728,0.8208
5702,20:14:49.965,3738,0.8256
5703,20:14:49.965,3707,0.8105
5704,20:14:49.966,3715,0.8144
5705,20:14:49.966,3767,0.8398
5706,20:14:49.967,3724,0.8188
5707,20:14:49.967,3704,0.8090
5708,20:14:49.968,3715,0.8144
5709,20:14:49.968,3747,0.8300
5710,20:14:49.969,3714,0.8139
5711,20:14:49.969,3715,0.8144
5712,20:14:49.970,3706,0.8100
5713,20:14:49.970,3713,0.8134
5714,20:14:49.971,3708,0.8110
5715,20:14:49.971,3728,0.8208
5716,20:14:49.972,3704,0.8090
5717,20:14:49.972,3676,0.7954
5718,20:14:49.973,3730,0.8217
5719,20:14:49.973,3755,0.8339
5720,20:14:49.974,3731,0.8222
5721,20:14:49.974,3732,0.8227
5722,20:14:49.975,3700,0.8071
5723,20:14:49.975,3760,0.8364
5724,20:14:49.976,3768,0.8403
5725,20:14:49.976,3745,0.8291
5726,20:14:49.977,3750,0.8315
5727,20:14:49.977,3752,0.8325
5728,20:14:49.978,3763,0.8379
5729,20:14:49.978,3758,0.8354
5730,20:14:49.979,3751,0.8320
5731,20:14:49.979,3740,0.8266
5732,20:14:49.980,3746,0.8295
5733,20:14:49.980,3744,0.8286
5734,20:14:49.981,3750,0.8315
5735,20:14:49.981,3748,0.8305
5736,20:14:49.982,3729,0.8212
5737,20:14:49.982,3728,0.8208
5738,20:14:49.983,3724,0.8188
5739,20:14:49.983,3717,0.8154
5740,20:14:49.984,3726,0.8198
5741,20:14:49.984,3730,0.8217
5742,20:14:49.985,3718,0.8159
5743,20:14:49.985,3700,0.8071
5744,20:14:49.986,3700,0.8071
5745,20:14:49.986,3697,0.8056
5746,20:14:49.987,3702,0.8081
5747,20:14:49.987,3700,0.8071
5748,20:14:49.988,3708,0.8110
5749,20:14:49.988,3690,0.8022
5750,20:14:49.989,3687,0.8007
5751,20:14:49.989,3701,0.8076
5752,20:14:49.990,3703,0.8085
5753,20:14:49.990,3718,0.8159
5754,20:14:49.991,3732,0.8227
5755,20:14:49.991,3729,0.8212
5756,20:14:49.992,3747,0.8300
5757,20:14:49.992,3738,0.8256
5758,20:14:49.993,3741,0.8271
5759,20:14:49.993,3739,0.8261
5760,20:14:49.994,3738,0.8256
5761,20:14:49.994,3769,0.8408
5762,20:14:49.995,3735,0.8242
5763,20:14:49.995,3751,0.8320
5764,20:14:49.996,3762,0.8374
5765,20:14:49.996,3767,0.8398
5766,20:14:49.997,3758,0.8354
5767,20:14:49.997,3761,0.8369
5768,20:14:49.998,3757,0.8349
5769,20:14:49.998,3749,0.8310
5770,20:14:49.999,3758,0.8354
5771,20:14:49.999,3758,0.8354
5772,20:14:50.000,3763,0.8379
5773,20:14:50.000,3749,0.8310
5774,20:14:50.001,3762,0.8374
5775,20:14:50.001,3767,0.8398
5776,20:14:50.002,3754,0.8335
5777,20:14:50.002,3743,0.8281
5778,20:14:50.003,3734,0.8237
5779,20:14:50.003,3745,0.8291
5780,20:14:50.004,3723,0.8183
5781,20:14:50.004,3818,0.8647
5782,20:14:50.005,3737,0.8252
5783,20:14:50.005,3723,0.8183
5784,20:14:50.006,3723,0.8183
5785,20:14:50.006,3720,0.8168
5786,20:14:50.007,3724,0.8188
5787,20:14:50.007,3718,0.8159
5788,20:14:50.008,3731,0.8222
5789,20:14:50.008,3734,0.8237
5790,20:14:50.009,3708,0.8110
5791,20:14:50.009,3730,0.8217
5792,20:14:50.010,3703,0.8085
5793,20:14:50.010,3735,0.8242
5794,20:14:50.011,3721,0.8173
5795,20:14:50.011,3726,0.8198
5796,20:14:50.012,3752,0.8325
5797,20:14:50.012,3746,0.8295
5798,20:14:50.013,3754,0.8335
5799,20:14:50.013,3753,0.8330
5800,20:14:50.014,3748,0.8305
5801,20:14:50.014,3761,0.8369
5802,20:14:50.015,3745,0.8291
5803,20:14:50.015,3769,0.8408
5804,20:14:50.016,3778,0.8452
5805,20:14:50.016,3747,0.8300
5806,20:14:50.017,3766,0.8393
5807,20:14:50.017,3770,0.8413
5808,20:14:50.018,3778,0.8452
5809,20:14:50.018,3768,0.8403
5810,20:14:50.019,3774,0.8432
5811,20:14:50.019,3760,0.8364
5812,20:14:50.020,3761,0.8369
5813,20:14:50.020,3770,0.8413
5814,20:14:50.021,3763,0.8379
5815,20:14:50.021,3765,0.8388
5816,20:14:50.022,3752,0.8325
5817,20:14:50.022,3748,0.8305
5818,20:14:50.023,3743,0.8281
5819,20:14:50.023,3747,0.8300
5820,20:14:50.024,3754,0.8335
5821,20:14:50.024,3736,0.8247
5822,20:14:50.025,3747,0.8300
5823,20:14:50.025,3730,0.8217
5824,20:14:50.026,3730,0.8217
5825,20:14:50.026,3733,0.8232
5826,20:14:50.027,3734,0.8237
5827,20:14:50.027,3729,0.8212
5828,20:14:50.028,3734,0.8237
5829,20:14:50.028,3731,0.8222
5830,20:14:50.029,3730,0.8217
5831,20:14:50.029,3730,0.8217
5832,20:14:50.030,3726,0.8198
5833,20:14:50.030,3733,0.8232
5834,20:14:50.031,3748,0.8305
5835,20:14:50.031,3852,0.8813
5836,20:14:50.032,3732,0.8227
5837,20:14:50.032,3748,0.8305
5838,20:14:50.033,3759,0.8359
5839,20:14:50.033,3750,0.8315
5840,20:14:50.034,3756,0.8344
5841,20:14:50.034,3755,0.8339
5842,20:14:50.035,3766,0.8393
5843,20:14:50.035,3756,0.8344
5844,20:14:50.036,3773,0.8427
5845,20:14:50.036,3775,0.8437
5846,20:14:50.037,3775,0.8437
5847,20:14:50.037,3781,0.8466
5848,20:14:50.038,3784,0.8481
5849,20:14:50.038,3788,0.8501
5850,20:14:50.039,3784,0.8481
5851,20:14:50.039,3768,0.8403
5852,20:14:50.040,3779,0.8457
5853,20:14:50.040,3778,0.8452
5854,20:14:50.041,3796,0.8540
5855,20:14:50.041,3759,0.8359
5856,20:14:50.042,3770,0.8413
5857,20:14:50.042,3762,0.8374
5858,20:14:50.043,3808,0.8598
5859,20:14:50.043,3762,0.8374
5860,20:14:50.044,3744,0.8286
5861,20:14:50.044,3762,0.8374
5862,20:14:50.045,3760,0.8364
5863,20:14:50.045,3748,0.8305
5864,20:14:50.046,3747,0.8300
5865,20:14:50.046,3742,0.8276
5866,20:14:50.047,3740,0.8266
5867,20:14:50.047,3735,0.8242
5868,20:14:50.048,3744,0.8286
5869,20:14:50.048,3738,0.8256
5870,20:14:50.049,3736,0.8247
5871,20:14:50.049,3738,0.8256
5872,20:14:50.050,3737,0.8252
5873,20:14:50.050,3740,0.8266
5874,20:14:50.051,3744,0.8286
5875,20:14:50.051,3744,0.8286
5876,20:14:50.052,3784,0.8481
5877,20:14:50.052,3763,0.8379
5878,20:14:50.053,3766,0.8393
5879,20:14:50.053,3753,0.8330
5880,20:14:50.054,3786,0.8491
5881,20:14:50.054,3771,0.8418
5882,20:14:50.055,3757,0.8349
5883,20:14:50.055,3794,0.8530
5884,20:14:50.056,3794,0.8530
5885,20:14:50.056,3788,0.8501
5886,20:14:50.057,3787,0.8496
5887,20:14:50.057,3787,0.8496
5888,20:14:50.058,3788,0.8501
5889,20:14:50.058,3758,0.8354
5890,20:14:50.059,3787,0.8496
5891,20:14:50.059,3786,0.8491
5892,20:14:50.060,3784,0.8481
5893,20:14:50.060,3772,0.8422
5894,20:14:50.061,3776,0.8442
5895,20:14:50.061,3786,0.8491
5896,20:14:50.062,3770,0.8413
5897,20:14:50.062,3767,0.8398
5898,20:14:50.063,3687,0.8007
5899,20:14:50.063,3781,0.8466
5900,20:14:50.064,3785,0.8486
5901,20:14:50.064,3788,0.8501
5902,20:14:50.065,3785,0.8486
5903,20:14:50.065,3746,0.8295
5904,20:14:50.066,3746,0.8295
5905,20:14:50.066,3743,0.8281
5906,20:14:50.067,3747,0.8300
5907,20:14:50.067,3748,0.8305
5908,20:14:50.068,3748,0.8305
5909,20:14:50.068,3736,0.8247
5910,20:14:50.069,3743,0.8281
5911,20:14:50.069,3747,0.8300
5912,20:14:50.070,3739,0.8261
5913,20:14:50.070,3754,0.8335
5914,20:14:50.071,3752,0.8325
5915,20:14:50.071,3739,0.8261
5916,20:14:50.072,3757,0.8349
5917,20:14:50.072,3780,0.8462
5918,20:14:50.073,3779,0.8457
5919,20:14:50.073,3792,0.8520
5920,20:14:50.074,3762,0.8374
5921,20:14:50.074,3752,0.8325
5922,20:14:50.075,3776,0.8442
5923,20:14:50.075,3812,0.8618
5924,20:14:50.076,3795,0.8535
5925,20:14:50.076,3793,0.8525
5926,20:14:50.077,3802,0.8569
5927,20:14:50.077,3791,0.8515
5928,20:14:50.078,3799,0.8554
5929,20:14:50.078,3790,0.8510
5930,20:14:50.079,3795,0.8535
5931,20:14:50.079,3787,0.8496
5932,20:14:50.080,3797,0.8545
5933,20:14:50.080,3784,0.8481
5934,20:14:50.081,3795,0.8535
5935,20:14:50.081,3785,0.8486
5936,20:14:50.082,3776,0.8442
5937,20:14:50.082,3767,0.8398
5938,20:14:50.083,3772,0.8422
5939,20:14:50.083,3764,0.8383
5940,20:14:50.084,3777,0.8447
5941,20:14:50.084,3781,0.8466
5942,20:14:50.085,3758,0.8354
5943,20:14:50.085,3749,0.8310
5944,20:14:50.086,3752,0.8325
5945,20:14:50.086,3752,0.8325
5946,20:14:50.087,3760,0.8364
5947,20:14:50.087,3754,0.8335
5948,20:14:50.088,3756,0.8344
5949,20:14:50.088,3749,0.8310
5950,20:14:50.089,3758,0.8354
5951,20:14:50.089,3758,0.8354
5952,20:14:50.090,3759,0.8359
5953,20:14:50.090,3767,0.8398
5954,20:14:50.091,3739,0.8261
5955,20:14:50.091,3749,0.8310
5956,20:14:50.092,3786,0.8491
5957,20:14:50.092,3774,0.8432
5958,20:14:50.093,3776,0.8442
5959,20:14:50.093,3772,0.8422
5960,20:14:50.094,3796,0.8540
5961,20:14:50.094,3788,0.8501
5962,20:14:50.095,3794,0.8530
5963,20:14:50.095,3741,0.8271
5964,20:14:50.096,3797,0.8545
5965,20:14:50.096,3799,0.8554
5966,20:14:50.097,3798,0.8549
5967,20:14:50.097,3800,0.8559
5968,20:14:50.098,3807,0.8593
5969,20:14:50.098,3810,0.8608
5970,20:14:50.099,3802,0.8569
5971,20:14:50.099,3798,0.8549
5972,20:14:50.100,3802,0.8569
5973,20:14:50.100,3790,0.8510
5974,20:14:50.101,3793,0.8525
5975,20:14:50.101,3790,0.8510
5976,20:14:50.102,3792,0.8520
5977,20:14:50.102,3772,0.8422
5978,20:14:50.103,3782,0.8471
5979,20:14:50.103,3785,0.8486
5980,20:14:50.104,3767,0.8398
5981,20:14:50.104,3796,0.8540
5982,20:14:50.105,3767,0.8398
5983,20:14:50.105,3774,0.8432
5984,20:14:50.106,3827,0.8691
5985,20:14:50.106,3757,0.8349
5986,20:14:50.107,3766,0.8393
5987,20:14:50.107,3758,0.8354
5988,20:14:50.108,3750,0.8315
5989,20:14:50.108,3756,0.8344
5990,20:14:50.109,3757,0.8349
5991,20:14:50.109,3771,0.8418
5992,20:14:50.110,3753,0.8330
5993,20:14:50.110,3772,0.8422
5994,20:14:50.111,3764,0.8383
5995,20:14:50.111,3759,0.8359
5996,20:14:50.112,3793,0.8525
5997,20:14:50.112,3784,0.8481
5998,20:14:50.113,3798,0.8549
5999,20:14:50.113,3781,0.8466
6000,20:14:50.114,3792,0.8520
6001,20:14:50.114,3791,0.8515
6002,20:14:50.115,3799,0.8554
6003,20:14:50.115,3801,0.8564
6004,20:14:50.116,3802,0.8569
6005,20:14:50.116,3801,0.8564
6006,20:14:50.117,3797,0.8545
6007,20:14:50.117,3808,0.8598
6008,20:14:50.118,3809,0.8603
6009,20:14:50.118,3803,0.8574
6010,20:14:50.119,3801,0.8564
6011,20:14:50.119,3797,0.8545
6012,20:14:50.120,3802,0.8569
6013,20:14:50.120,3826,0.8686
6014,20:14:50.121,3805,0.8584
6015,20:14:50.121,3785,0.8486
6016,20:14:50.122,3778,0.8452
6017,20:14:50.122,3790,0.8510
6018,20:14:50.123,3789,0.8505
6019,20:14:50.123,3771,0.8418
6020,20:14:50.124,3776,0.8442
6021,20:14:50.124,3795,0.8535
6022,20:14:50.125,3789,0.8505
6023,20:14:50.125,3759,0.8359
6024,20:14:50.126,3755,0.8339
6025,20:14:50.126,3758,0.8354
6026,20:14:50.127,3761,0.8369
6027,20:14:50.127,3758,0.8354
6028,20:14:50.128,3736,0.8247
6029,20:14:50.128,3754,0.8335
6030,20:14:50.129,3760,0.8364
6031,20:14:50.129,3765,0.8388
6032,20:14:50.130,3761,0.8369
6033,20:14:50.130,3757,0.8349
6034,20:14:50.131,3773,0.8427
6035,20:14:50.131,3777,0.8447
6036,20:14:50.132,3783,0.8476
6037,20:14:50.132,3800,0.8559
6038,20:14:50.133,3702,0.8081
6039,20:14:50.133,3769,0.8408
6040,20:14:50.134,3802,0.8569
6041,20:14:50.134,3801,0.8564
6042,20:14:50.135,3783,0.8476
6043,20:14:50.135,3807,0.8593
6044,20:14:50.136,3809,0.8603
6045,20:14:50.136,3800,0.8559
6046,20:14:50.137,3807,0.8593
6047,20:14:50.137,3805,0.8584
6048,20:14:50.138,3805,0.8584
6049,20:14:50.138,3802,0.8569
6050,20:14:50.139,3809,0.8603
6051,20:14:50.139,3800,0.8559
6052,20:14:50.140,3805,0.8584
6053,20:14:50.140,3801,0.8564
6054,20:14:50.141,3806,0.8589
6055,20:14:50.141,3799,0.8554
6056,20:14:50.142,3781,0.8466
6057,20:14:50.142,3778,0.8452
6058,20:14:50.143,3794,0.8530
6059,20:14:50.143,3781,0.8466
6060,20:14:50.144,3766,0.8393
6061,20:14:50.144,3766,0.8393
6062,20:14:50.145,3770,0.8413
6063,20:14:50.145,3759,0.8359
6064,20:14:50.146,3761,0.8369
6065,20:14:50.146,3759,0.8359
6066,20:14:50.147,3763,0.8379
6067,20:14:50.147,3760,0.8364
6068,20:14:50.148,3765,0.8388
6069,20:14:50.148,3773,0.8427
6070,20:14:50.149,3765,0.8388
6071,20:14:50.149,3778,0.8452
6072,20:14:50.150,3772,0.8422
6073,20:14:50.150,3765,0.8388
6074,20:14:50.151,3766,0.8393
6075,20:14:50.151,3771,0.8418
6076,20:14:50.152,3766,0.8393
6077,20:14:50.152,3787,0.8496
6078,20:14:50.153,3770,0.8413
6079,20:14:50.153,3776,0.8442
6080,20:14:50.154,3785,0.8486
6081,20:14:50.154,3772,0.8422
6082,20:14:50.155,3790,0.8510
6083,20:14:50.155,3806,0.8589
6084,20:14:50.156,3804,0.8579
6085,20:14:50.156,3803,0.8574
6086,20:14:50.157,3798,0.8549
6087,20:14:50.157,3807,0.8593
6088,20:14:50.158,3809,0.8603
6089,20:14:50.158,3799,0.8554
6090,20:14:50.159,3804,0.8579
6091,20:14:50.159,3819,0.8652
6092,20:14:50.160,3794,0.8530
6093,20:14:50.160,3786,0.8491
6094,20:14:50.161,3877,0.8935
6095,20:14:50.161,3806,0.8589
6096,20:14:50.162,3781,0.8466
6097,20:14:50.162,3788,0.8501
6098,20:14:50.163,3780,0.8462
6099,20:14:50.163,3770,0.8413
6100,20:14:50.164,3773,0.8427
6101,20:14:50.164,3786,0.8491
6102,20:14:50.165,3781,0.8466
6103,20:14:50.165,3753,0.8330
6104,20:14:50.166,3762,0.8374
6105,20:14:50.166,3783,0.8476
6106,20:14:50.167,3765,0.8388
6107,20:14:50.167,3758,0.8354
6108,20:14:50.168,3761,0.8369
6109,20:14:50.168,3758,0.8354
6110,20:14:50.169,3759,0.8359
6111,20:14:50.169,3762,0.8374
6112,20:14:50.170,3758,0.8354
6113,20:14:50.170,3759,0.8359
6114,20:14:50.171,3760,0.8364
6115,20:14:50.171,3762,0.8374
6116,20:14:50.172,3781,0.8466
6117,20:14:50.172,3780,0.8462
6118,20:14:50.173,3787,0.8496
6119,20:14:50.173,3781,0.8466
6120,20:14:50.174,3782,0.8471
6121,20:14:50.174,3779,0.8457
6122,20:14:50.175,3681,0.7978
6123,20:14:50.175,3795,0.8535
6124,20:14:50.176,3804,0.8579
6125,20:14:50.176,3805,0.8584
6126,20:14:50.177,3800,0.8559
6127,20:14:50.177,3789,0.8505
6128,20:14:50.178,3802,0.8569
6129,20:14:50.178,3825,0.8681
6130,20:14:50.179,3800,0.8559
6131,20:14:50.179,3797,0.8545
6132,20:14:50.180,3794,0.8530
6133,20:14:50.180,3794,0.8530
6134,20:14:50.181,3801,0.8564
6135,20:14:50.181,3785,0.8486
6136,20:14:50.182,3775,0.8437
6137,20:14:50.182,3772,0.8422
6138,20:14:50.183,3786,0.8491
6139,20:14:50.183,3796,0.8540
6140,20:14:50.184,3776,0.8442
6141,20:14:50.184,3810,0.8608
6142,20:14:50.185,3781,0.8466
6143,20:14:50.185,3763,0.8379
6144,20:14:50.186,3758,0.8354
6145,20:14:50.186,3758,0.8354
6146,20:14:50.187,3759,0.8359
6147,20:14:50.187,3759,0.8359
6148,20:14:50.188,3766,0.8393
6149,20:14:50.188,3748,0.8305
6150,20:14:50.189,3755,0.8339
6151,20:14:50.189,3765,0.8388
6152,20:14:50.190,3766,0.8393
6153,20:14:50.190,3750,0.8315
6154,20:14:50.191,3755,0.8339
6155,20:14:50.191,3768,0.8403
6156,20:14:50.192,3769,0.8408
6157,20:14:50.192,3766,0.8393
6158,20:14:50.193,3782,0.8471
6159,20:14:50.193,3786,0.8491
6160,20:14:50.194,3780,0.8462
6161,20:14:50.194,3787,0.8496
6162,20:14:50.195,3785,0.8486
6163,20:14:50.195,3808,0.8598
6164,20:14:50.196,3805,0.8584
6165,20:14:50.196,3802,0.8569
6166,20:14:50.197,3824,0.8676
6167,20:14:50.197,3803,0.8574
6168,20:14:50.198,3801,0.8564
6169,20:14:50.198,3803,0.8574
6170,20:14:50.199,3798,0.8549
6171,20:14:50.199,3808,0.8598
6172,20:14:50.200,3788,0.8501
6173,20:14:50.200,3797,0.8545
6174,20:14:50.201,3795,0.8535
6175,20:14:50.201,3855,0.8828
6176,20:14:50.202,3768,0.8403
6177,20:14:50.202,3769,0.8408
6178,20:14:50.203,3789,0.8505
6179,20:14:50.203,3806,0.8589
6180,20:14:50.204,3780,0.8462
6181,20:14:50.204,3783,0.8476
6182,20:14:50.205,3765,0.8388
6183,20:14:50.205,3756,0.8344
6184,20:14:50.206,3760,0.8364
6185,20:14:50.206,3759,0.8359
6186,20:14:50.207,3765,0.8388
6187,20:14:50.207,3764,0.8383
6188,20:14:50.208,3756,0.8344
6189,20:14:50.208,3756,0.8344
6190,20:14:50.209,3756,0.8344
6191,20:14:50.209,3753,0.8330
6192,20:14:50.210,3755,0.8339
6193,20:14:50.210,3785,0.8486
6194,20:14:50.211,3766,0.8393
6195,20:14:50.211,3761,0.8369
6196,20:14:50.212,3773,0.8427
6197,20:14:50.212,3789,0.8505
6198,20:14:50.213,3786,0.8491
6199,20:14:50.213,3769,0.8408
6200,20:14:50.214,3787,0.8496
6201,20:14:50.214,3785,0.8486
6202,20:14:50.215,3808,0.8598
6203,20:14:50.215,3809,0.8603
6204,20:14:50.216,3806,0.8589
6205,20:14:50.216,3793,0.8525
6206,20:14:50.217,3800,0.8559
6207,20:14:50.217,3805,0.8584
6208,20:14:50.218,3809,0.8603
6209,20:14:50.218,3805,0.8584
6210,20:14:50.219,3799,0.8554
6211,20:14:50.219,3803,0.8574
6212,20:14:50.220,3796,0.8540
6213,20:14:50.220,3828,0.8696
6214,20:14:50.221,3794,0.8530
6215,20:14:50.221,3810,0.8608
6216,20:14:50.222,3790,0.8510
6217,20:14:50.222,3855,0.8828
6218,20:14:50.223,3770,0.8413
6219,20:14:50.223,3736,0.8247
6220,20:14:50.224,3790,0.8510
6221,20:14:50.224,3798,0.8549
6222,20:14:50.225,3797,0.8545
6223,20:14:50.225,3759,0.8359
6224,20:14:50.226,3766,0.8393
6225,20:14:50.226,3766,0.8393
6226,20:14:50.227,3765,0.8388
6227,20:14:50.227,3754,0.8335
6228,20:14:50.228,3762,0.8374
6229,20:14:50.228,3748,0.8305
6230,20:14:50.229,3760,0.8364
6231,20:14:50.229,3773,0.8427
6232,20:14:50.230,3751,0.8320
6233,20:14:50.230,3765,0.8388
6234,20:14:50.231,3769,0.8408
6235,20:14:50.231,3769,0.8408
6236,20:14:50.232,3786,0.8491
6237,20:14:50.232,3778,0.8452
6238,20:14:50.233,3774,0.8432
6239,20:14:50.233,3786,0.8491
6240,20:14:50.234,3818,0.8647
6241,20:14:50.234,3796,0.8540
6242,20:14:50.235,3795,0.8535
6243,20:14:50.235,3809,0.8603
6244,20:14:50.236,3806,0.8589
6245,20:14:50.236,3804,0.8579
6246,20:14:50.237,3805,0.8584
6247,20:14:50.237,3802,0.8569
6248,20:14:50.238,3804,0.8579
6249,20:14:50.238,3814,0.8628
6250,20:14:50.239,3804,0.8579
6251,20:14:50.239,3795,0.8535
6252,20:14:50.240,3796,0.8540
6253,20:14:50.240,3799,0.8554
6254,20:14:50.241,3809,0.8603
6255,20:14:50.241,3801,0.8564
6256,20:14:50.242,3795,0.8535
6257,20:14:50.242,3785,0.8486
6258,20:14:50.243,3784,0.8481
6259,20:14:50.243,3776,0.8442
6260,20:14:50.244,3774,0.8432
6261,20:14:50.244,3756,0.8344
6262,20:14:50.245,3779,0.8457
6263,20:14:50.245,3762,0.8374
6264,20:14:50.246,3729,0.8212
6265,20:14:50.246,3771,0.8418
6266,20:14:50.247,3764,0.8383
6267,20:14:50.247,3762,0.8374
6268,20:14:50.248,3761,0.8369
6269,20:14:50.248,3752,0.8325
6270,20:14:50.249,3787,0.8496
6271,20:14:50.249,3762,0.8374
6272,20:14:50.250,3762,0.8374
6273,20:14:50.250,3775,0.8437
6274,20:14:50.251,3767,0.8398
6275,20:14:50.251,3764,0.8383
6276,20:14:50.252,3765,0.8388
6277,20:14:50.252,3783,0.8476
6278,20:14:50.253,3776,0.8442
6279,20:14:50.253,3779,0.8457
6280,20:14:50.254,3779,0.8457
6281,20:14:50.254,3762,0.8374
6282,20:14:50.255,3863,0.8867
6283,20:14:50.255,3813,0.8623
6284,20:14:50.256,3797,0.8545
6285,20:14:50.256,3801,0.8564
6286,20:14:50.257,3807,0.8593
6287,20:14:50.257,3800,0.8559
6288,20:14:50.258,3801,0.8564
6289,20:14:50.258,3809,0.8603
6290,20:14:50.259,3800,0.8559
6291,20:14:50.259,3798,0.8549
6292,20:14:50.260,3802,0.8569
6293,20:14:50.260,3799,0.8554
6294,20:14:50.261,3790,0.8510
6295,20:14:50.261,3731,0.8222
6296,20:14:50.262,3800,0.8559
6297,20:14:50.262,3781,0.8466
6298,20:14:50.263,3772,0.8422
6299,20:14:50.263,3776,0.8442
6300,20:14:50.264,3795,0.8535
6301,20:14:50.264,3785,0.8486
6302,20:14:50.265,3766,0.8393
6303,20:14:50.265,3757,0.8349
6304,20:14:50.266,3754,0.8335
6305,20:14:50.266,3762,0.8374
6306,20:14:50.267,3760,0.8364
6307,20:14:50.267,3762,0.8374
6308,20:14:50.268,3756,0.8344
6309,20:14:50.268,3768,0.8403
6310,20:14:50.269,3764,0.8383
6311,20:14:50.269,3764,0.8383
6312,20:14:50.270,3762,0.8374
6313,20:14:50.270,3755,0.8339
6314,20:14:50.271,3765,0.8388
6315,20:14:50.271,3766,0.8393
6316,20:14:50.272,3781,0.8466
6317,20:14:50.272,3757,0.8349
6318,20:14:50.273,3780,0.8462
6319,20:14:50.273,3796,0.8540
6320,20:14:50.274,3768,0.8403
6321,20:14:50.274,3788,0.8501
6322,20:14:50.275,3772,0.8422
6323,20:14:50.275,3812,0.8618
6324,20:14:50.276,3822,0.8667
6325,20:14:50.276,3808,0.8598
6326,20:14:50.277,3798,0.8549
6327,20:14:50.277,3795,0.8535
6328,20:14:50.278,3803,0.8574
6329,20:14:50.278,3814,0.8628
6330,20:14:50.279,3800,0.8559
6331,20:14:50.279,3796,0.8540
6332,20:14:50.280,3806,0.8589
6333,20:14:50.280,3785,0.8486
6334,20:14:50.281,3794,0.8530
6335,20:14:50.281,3800,0.8559
6336,20:14:50.282,3715,0.8144
6337,20:14:50.282,3776,0.8442
6338,20:14:50.283,3779,0.8457
6339,20:14:50.283,3781,0.8466
6340,20:14:50.284,3776,0.8442
6341,20:14:50.284,3766,0.8393
6342,20:14:50.285,3787,0.8496
6343,20:14:50.285,3754,0.8335
6344,20:14:50.286,3761,0.8369
6345,20:14:50.286,3759,0.8359
6346,20:14:50.287,3763,0.8379
6347,20:14:50.287,3757,0.8349
6348,20:14:50.288,3761,0.8369
6349,20:14:50.288,3760,0.8364
6350,20:14:50.289,3745,0.8291
6351,20:14:50.289,3776,0.8442
6352,20:14:50.290,3766,0.8393
6353,20:14:50.290,3761,0.8369
6354,20:14:50.291,3775,0.8437
6355,20:14:50.291,3782,0.8471
6356,20:14:50.292,3743,0.8281
6357,20:14:50.292,3789,0.8505
6358,20:14:50.293,3796,0.8540
6359,20:14:50.293,3784,0.8481
6360,20:14:50.294,3788,0.8501
6361,20:14:50.294,3792,0.8520
6362,20:14:50.295,3792,0.8520
6363,20:14:50.295,3798,0.8549
6364,20:14:50.296,3809,0.8603
6365,20:14:50.296,3808,0.8598
6366,20:14:50.297,3802,0.8569
6367,20:14:50.297,3797,0.8545
6368,20:14:50.298,3803,0.8574
6369,20:14:50.298,3809,0.8603
6370,20:14:50.299,3802,0.8569
6371,20:14:50.299,3792,0.8520
6372,20:14:50.300,3795,0.8535
6373,20:14:50.300,3796,0.8540
6374,20:14:50.301,3801,0.8564
6375,20:14:50.301,3804,0.8579
6376,20:14:50.302,3792,0.8520
6377,20:14:50.302,3787,0.8496
6378,20:14:50.303,3697,0.8056
6379,20:14:50.303,3781,0.8466
6380,20:14:50.304,3789,0.8505
6381,20:14:50.304,3780,0.8462
6382,20:14:50.305,3773,0.8427
6383,20:14:50.305,3763,0.8379
6384,20:14:50.306,3760,0.8364
6385,20:14:50.306,3759,0.8359
6386,20:14:50.307,3757,0.8349
6387,20:14:50.307,3759,0.8359
6388,20:14:50.308,3753,0.8330
6389,20:14:50.308,3765,0.8388
6390,20:14:50.309,3766,0.8393
6391,20:14:50.309,3750,0.8315
6392,20:14:50.310,3758,0.8354
6393,20:14:50.310,3763,0.8379
6394,20:14:50.311,3764,0.8383
6395,20:14:50.311,3751,0.8320
6396,20:14:50.312,3766,0.8393
6397,20:14:50.312,3771,0.8418
6398,20:14:50.313,3780,0.8462
6399,20:14:50.313,3789,0.8505
6400,20:14:50.314,3794,0.8530
6401,20:14:50.314,3697,0.8056
6402,20:14:50.315,3770,0.8413
6403,20:14:50.315,3802,0.8569
6404,20:14:50.316,3817,0.8642
6405,20:14:50.316,3804,0.8579
6406,20:14:50.317,3791,0.8515
6407,20:14:50.317,3808,0.8598
6408,20:14:50.318,3800,0.8559
6409,20:14:50.318,3807,0.8593
6410,20:14:50.319,3798,0.8549
6411,20:14:50.319,3796,0.8540
6412,20:14:50.320,3845,0.8779
6413,20:14:50.320,3800,0.8559
6414,20:14:50.321,3794,0.8530
6415,20:14:50.321,3789,0.8505
6416,20:14:50.322,3773,0.8427
6417,20:14:50.322,3784,0.8481
6418,20:14:50.323,3766,0.8393
6419,20:14:50.323,3799,0.8554
6420,20:14:50.324,3754,0.8335
6421,20:14:50.324,3784,0.8481
6422,20:14:50.325,3800,0.8559
6423,20:14:50.325,3756,0.8344
6424,20:14:50.326,3757,0.8349
6425,20:14:50.326,3757,0.8349
6426,20:14:50.327,3754,0.8335
6427,20:14:50.327,3758,0.8354
6428,20:14:50.328,3757,0.8349
6429,20:14:50.328,3752,0.8325
6430,20:14:50.329,3758,0.8354
6431,20:14:50.329,3760,0.8364
6432,20:14:50.330,3746,0.8295
6433,20:14:50.330,3743,0.8281
6434,20:14:50.331,3762,0.8374
6435,20:14:50.331,3788,0.8501
6436,20:14:50.332,3750,0.8315
6437,20:14:50.332,3783,0.8476
6438,20:14:50.333,3778,0.8452
6439,20:14:50.333,3792,0.8520
6440,20:14:50.334,3759,0.8359
6441,20:14:50.334,3807,0.8593
6442,20:14:50.335,3774,0.8432
6443,20:14:50.335,3804,0.8579
6444,20:14:50.336,3802,0.8569
6445,20:14:50.336,3806,0.8589
6446,20:14:50.337,3800,0.8559
6447,20:14:50.337,3797,0.8545
6448,20:14:50.338,3806,0.8589
6449,20:14:50.338,3800,0.8559
6450,20:14:50.339,3788,0.8501
6451,20:14:50.339,3786,0.8491
6452,20:14:50.340,3781,0.8466
6453,20:14:50.340,3792,0.8520
6454,20:14:50.341,3799,0.8554
6455,20:14:50.341,3787,0.8496
6456,20:14:50.342,3761,0.8369
6457,20:14:50.342,3771,0.8418
6458,20:14:50.343,3787,0.8496
6459,20:14:50.343,3794,0.8530
6460,20:14:50.344,3775,0.8437
6461,20:14:50.344,3777,0.8447
6462,20:14:50.345,3779,0.8457
6463,20:14:50.345,3766,0.8393
6464,20:14:50.346,3757,0.8349
6465,20:14:50.346,3762,0.8374
6466,20:14:50.347,3756,0.8344
6467,20:14:50.347,3757,0.8349
6468,20:14:50.348,3758,0.8354
6469,20:14:50.348,3752,0.8325
6470,20:14:50.349,3755,0.8339
6471,20:14:50.349,3758,0.8354
6472,20:14:50.350,3758,0.8354
6473,20:14:50.350,3753,0.8330
6474,20:14:50.351,3754,0.8335
6475,20:14:50.351,3752,0.8325
6476,20:14:50.352,3769,0.8408
6477,20:14:50.352,3770,0.8413
6478,20:14:50.353,3779,0.8457
6479,20:14:50.353,3779,0.8457
6480,20:14:50.354,3783,0.8476
6481,20:14:50.354,3770,0.8413
6482,20:14:50.355,3802,0.8569
6483,20:14:50.355,3802,0.8569
6484,20:14:50.356,3806,0.8589
6485,20:14:50.356,3796,0.8540
6486,20:14:50.357,3793,0.8525
6487,20:14:50.357,3805,0.8584
6488,20:14:50.358,3804,0.8579
6489,20:14:50.358,3798,0.8549
6490,20:14:50.359,3798,0.8549
6491,20:14:50.359,3800,0.8559
6492,20:14:50.360,3797,0.8545
6493,20:14:50.360,3795,0.8535
6494,20:14:50.361,3788,0.8501
6495,20:14:50.361,3794,0.8530
6496,20:14:50.362,3793,0.8525
6497,20:14:50.362,3790,0.8510
6498,20:14:50.363,3759,0.8359
6499,20:14:50.363,3772,0.8422
6500,20:14:50.364,3785,0.8486
6501,20:14:50.364,3780,0.8462
6502,20:14:50.365,3791,0.8515
6503,20:14:50.365,3758,0.8354
6504,20:14:50.366,3759,0.8359
6505,20:14:50.366,3758,0.8354
6506,20:14:50.367,3756,0.8344
6507,20:14:50.367,3757,0.8349
6508,20:14:50.368,3755,0.8339
6509,20:14:50.368,3754,0.8335
6510,20:14:50.369,3759,0.8359
6511,20:14:50.369,3763,0.8379
6512,20:14:50.370,3761,0.8369
6513,20:14:50.370,3763,0.8379
6514,20:14:50.371,3761,0.8369
6515,20:14:50.371,3760,0.8364
6516,20:14:50.372,3778,0.8452
6517,20:14:50.372,3740,0.8266
6518,20:14:50.373,3791,0.8515
6519,20:14:50.373,3773,0.8427
6520,20:14:50.374,3778,0.8452
6521,20:14:50.374,3781,0.8466
6522,20:14:50.375,3766,0.8393
6523,20:14:50.375,3807,0.8593
6524,20:14:50.376,3788,0.8501
6525,20:14:50.376,3800,0.8559
6526,20:14:50.377,3795,0.8535
6527,20:14:50.377,3802,0.8569
6528,20:14:50.378,3796,0.8540
6529,20:14:50.378,3804,0.8579
6530,20:14:50.379,3799,0.8554
6531,20:14:50.379,3794,0.8530
6532,20:14:50.380,3799,0.8554
6533,20:14:50.380,3809,0.8603
6534,20:14:50.381,3789,0.8505
6535,20:14:50.381,3781,0.8466
6536,20:14:50.382,3763,0.8379
6537,20:14:50.382,3801,0.8564
6538,20:14:50.383,3775,0.8437
6539,20:14:50.383,3770,0.8413
6540,20:14:50.384,3769,0.8408
6541,20:14:50.384,3779,0.8457
6542,20:14:50.385,3786,0.8491
6543,20:14:50.385,3758,0.8354
6544,20:14:50.386,3753,0.8330
6545,20:14:50.386,3762,0.8374
6546,20:14:50.387,3756,0.8344
6547,20:14:50.387,3759,0.8359
6548,20:14:50.388,3761,0.8369
6549,20:14:50.388,3747,0.8300
6550,20:14:50.389,3754,0.8335
6551,20:14:50.389,3770,0.8413
6552,20:14:50.390,3761,0.8369
6553,20:14:50.390,3760,0.8364
6554,20:14:50.391,3755,0.8339
6555,20:14:50.391,3779,0.8457
6556,20:14:50.392,3779,0.8457
6557,20:14:50.392,3777,0.8447
6558,20:14:50.393,3778,0.8452
6559,20:14:50.393,3785,0.8486
6560,20:14:50.394,3785,0.8486
6561,20:14:50.394,3763,0.8379
6562,20:14:50.395,3782,0.8471
6563,20:14:50.395,3813,0.8623
6564,20:14:50.396,3793,0.8525
6565,20:14:50.396,3807,0.8593
6566,20:14:50.397,3798,0.8549
6567,20:14:50.397,3793,0.8525
6568,20:14:50.398,3798,0.8549
6569,20:14:50.398,3802,0.8569
6570,20:14:50.399,3797,0.8545
6571,20:14:50.399,3795,0.8535
6572,20:14:50.400,3795,0.8535
6573,20:14:50.400,3786,0.8491
6574,20:14:50.401,3796,0.8540
6575,20:14:50.401,3800,0.8559
6576,20:14:50.402,3796,0.8540
6577,20:14:50.402,3776,0.8442
6578,20:14:50.403,3768,0.8403
6579,20:14:50.403,3780,0.8462
6580,20:14:50.404,3799,0.8554
6581,20:14:50.404,3805,0.8584
6582,20:14:50.405,3786,0.8491
6583,20:14:50.405,3768,0.8403
6584,20:14:50.406,3765,0.8388
6585,20:14:50.406,3762,0.8374
6586,20:14:50.407,3765,0.8388
6587,20:14:50.407,3757,0.8349
6588,20:14:50.408,3755,0.8339
6589,20:14:50.408,3760,0.8364
6590,20:14:50.409,3759,0.8359
6591,20:14:50.409,3752,0.8325
6592,20:14:50.410,3753,0.8330
6593,20:14:50.410,3754,0.8335
6594,20:14:50.411,3761,0.8369
6595,20:14:50.411,3766,0.8393
6596,20:14:50.412,3781,0.8466
6597,20:14:50.412,3788,0.8501
6598,20:14:50.413,3777,0.8447
6599,20:14:50.413,3769,0.8408
6600,20:14:50.414,3773,0.8427
6601,20:14:50.414,3782,0.8471
6602,20:14:50.415,3799,0.8554
6603,20:14:50.415,3801,0.8564
6604,20:14:50.416,3779,0.8457
6605,20:14:50.416,3793,0.8525
6606,20:14:50.417,3795,0.8535
6607,20:14:50.417,3804,0.8579
6608,20:14:50.418,3799,0.8554
6609,20:14:50.418,3805,0.8584
6610,20:14:50.419,3791,0.8515
6611,20:14:50.419,3796,0.8540
6612,20:14:50.420,3797,0.8545
6613,20:14:50.420,3793,0.8525
6614,20:14:50.421,3805,0.8584
6615,20:14:50.421,3784,0.8481
6616,20:14:50.422,3773,0.8427
6617,20:14:50.422,3792,0.8520
6618,20:14:50.423,3775,0.8437
6619,20:14:50.423,3754,0.8335
6620,20:14:50.424,3786,0.8491
6621,20:14:50.424,3782,0.8471
6622,20:14:50.425,3775,0.8437
6623,20:14:50.425,3755,0.8339
6624,20:14:50.426,3751,0.8320
6625,20:14:50.426,3757,0.8349
6626,20:14:50.427,3764,0.8383
6627,20:14:50.427,3756,0.8344
6628,20:14:50.428,3755,0.8339
6629,20:14:50.428,3751,0.8320
6630,20:14:50.429,3754,0.8335
6631,20:14:50.429,3756,0.8344
6632,20:14:50.430,3760,0.8364
6633,20:14:50.430,3795,0.8535
6634,20:14:50.431,3747,0.8300
6635,20:14:50.431,3784,0.8481
6636,20:14:50.432,3779,0.8457
6637,20:14:50.432,3776,0.8442
6638,20:14:50.433,3771,0.8418
6639,20:14:50.433,3757,0.8349
6640,20:14:50.434,3785,0.8486
6641,20:14:50.434,3794,0.8530
6642,20:14:50.435,3720,0.8168
6643,20:14:50.435,3762,0.8374
6644,20:14:50.436,3810,0.8608
6645,20:14:50.436,3803,0.8574
6646,20:14:50.437,3797,0.8545
6647,20:14:50.437,3795,0.8535
6648,20:14:50.438,3798,0.8549
6649,20:14:50.438,3802,0.8569
6650,20:14:50.439,3798,0.8549
6651,20:14:50.439,3808,0.8598
6652,20:14:50.440,3800,0.8559
6653,20:14:50.440,3788,0.8501
6654,20:14:50.441,3794,0.8530
6655,20:14:50.441,3802,0.8569
6656,20:14:50.442,3785,0.8486
6657,20:14:50.442,3776,0.8442
6658,20:14:50.443,3773,0.8427
6659,20:14:50.443,3795,0.8535
6660,20:14:50.444,3777,0.8447
6661,20:14:50.444,3781,0.8466
6662,20:14:50.445,3756,0.8344
6663,20:14:50.445,3765,0.8388
6664,20:14:50.446,3747,0.8300
6665,20:14:50.446,3761,0.8369
6666,20:14:50.447,3758,0.8354
6667,20:14:50.447,3761,0.8369
6668,20:14:50.448,3759,0.8359
6669,20:14:50.448,3754,0.8335
6670,20:14:50.449,3750,0.8315
6671,20:14:50.449,3760,0.8364
6672,20:14:50.450,3741,0.8271
6673,20:14:50.450,3757,0.8349
6674,20:14:50.451,3752,0.8325
6675,20:14:50.451,3764,0.8383
6676,20:14:50.452,3782,0.8471
6677,20:14:50.452,3784,0.8481
6678,20:14:50.453,3770,0.8413
6679,20:14:50.453,3776,0.8442
6680,20:14:50.454,3772,0.8422
6681,20:14:50.454,3767,0.8398
6682,20:14:50.455,3777,0.8447
6683,20:14:50.455,3806,0.8589
6684,20:14:50.456,3799,0.8554
6685,20:14:50.456,3794,0.8530
6686,20:14:50.457,3790,0.8510
6687,20:14:50.457,3802,0.8569
6688,20:14:50.458,3796,0.8540
6689,20:14:50.458,3799,0.8554
6690,20:14:50.459,3799,0.8554
6691,20:14:50.459,3798,0.8549
6692,20:14:50.460,3790,0.8510
6693,20:14:50.460,3796,0.8540
6694,20:14:50.461,3811,0.8613
6695,20:14:50.461,3790,0.8510
6696,20:14:50.462,3757,0.8349
6697,20:14:50.462,3765,0.8388
6698,20:14:50.463,3775,0.8437
6699,20:14:50.463,3685,0.7998
6700,20:14:50.464,3763,0.8379
6701,20:14:50.464,3799,0.8554
6702,20:14:50.465,3766,0.8393
6703,20:14:50.465,3756,0.8344
6704,20:14:50.466,3747,0.8300
6705,20:14:50.466,3763,0.8379
6706,20:14:50.467,3761,0.8369
6707,20:14:50.467,3752,0.8325
6708,20:14:50.468,3753,0.8330
6709,20:14:50.468,3756,0.8344
6710,20:14:50.469,3768,0.8403
6711,20:14:50.469,3762,0.8374
6712,20:14:50.470,3756,0.8344
6713,20:14:50.470,3760,0.8364
6714,20:14:50.471,3760,0.8364
6715,20:14:50.471,3759,0.8359
6716,20:14:50.472,3762,0.8374
6717,20:14:50.472,3788,0.8501
6718,20:14:50.473,3776,0.8442
6719,20:14:50.473,3786,0.8491
6720,20:14:50.474,3847,0.8789
6721,20:14:50.474,3782,0.8471
6722,20:14:50.475,3768,0.8403
6723,20:14:50.475,3808,0.8598
6724,20:14:50.476,3801,0.8564
6725,20:14:50.476,3799,0.8554
6726,20:14:50.477,3798,0.8549
6727,20:14:50.477,3805,0.8584
6728,20:14:50.478,3796,0.8540
6729,20:14:50.478,3805,0.8584
6730,20:14:50.479,3794,0.8530
6731,20:14:50.479,3794,0.8530
6732,20:14:50.480,3795,0.8535
6733,20:14:50.480,3800,0.8559
6734,20:14:50.481,3794,0.8530
6735,20:14:50.481,3795,0.8535
6736,20:14:50.482,3792,0.8520
6737,20:14:50.482,3786,0.8491
6738,20:14:50.483,3770,0.8413
6739,20:14:50.483,3781,0.8466
6740,20:14:50.484,3766,0.8393
6741,20:14:50.484,3700,0.8071
6742,20:14:50.485,3745,0.8291
6743,20:14:50.485,3761,0.8369
6744,20:14:50.486,3755,0.8339
6745,20:14:50.486,3755,0.8339
6746,20:14:50.487,3758,0.8354
6747,20:14:50.487,3763,0.8379
6748,20:14:50.488,3756,0.8344
6749,20:14:50.488,3752,0.8325
6750,20:14:50.489,3757,0.8349
6751,20:14:50.489,3755,0.8339
6752,20:14:50.490,3752,0.8325
6753,20:14:50.490,3770,0.8413
6754,20:14:50.491,3764,0.8383
6755,20:14:50.491,3756,0.8344
6756,20:14:50.492,3786,0.8491
6757,20:14:50.492,3778,0.8452
6758,20:14:50.493,3770,0.8413
6759,20:14:50.493,3779,0.8457
6760,20:14:50.494,3780,0.8462
6761,20:14:50.494,3798,0.8549
6762,20:14:50.495,3791,0.8515
6763,20:14:50.495,3808,0.8598
6764,20:14:50.496,3798,0.8549
6765,20:14:50.496,3795,0.8535
6766,20:14:50.497,3799,0.8554
6767,20:14:50.497,3795,0.8535
6768,20:14:50.498,3797,0.8545
6769,20:14:50.498,3791,0.8515
6770,20:14:50.499,3795,0.8535
6771,20:14:50.499,3794,0.8530
6772,20:14:50.500,3791,0.8515
6773,20:14:50.500,3793,0.8525
6774,20:14:50.501,3800,0.8559
6775,20:14:50.501,3803,0.8574
6776,20:14:50.502,3756,0.8344
6777,20:14:50.502,3770,0.8413
6778,20:14:50.503,3770,0.8413
6779,20:14:50.503,3769,0.8408
6780,20:14:50.504,3714,0.8139
6781,20:14:50.504,3770,0.8413
6782,20:14:50.505,3778,0.8452
6783,20:14:50.505,3759,0.8359
6784,20:14:50.506,3757,0.8349
6785,20:14:50.506,3751,0.8320
6786,20:14:50.507,3755,0.8339
6787,20:14:50.507,3753,0.8330
6788,20:14:50.508,3755,0.8339
6789,20:14:50.508,3761,0.8369
6790,20:14:50.509,3786,0.8491
6791,20:14:50.509,3762,0.8374
6792,20:14:50.510,3754,0.8335
6793,20:14:50.510,3792,0.8520
6794,20:14:50.511,3764,0.8383
6795,20:14:50.511,3773,0.8427
6796,20:14:50.512,3781,0.8466
6797,20:14:50.512,3781,0.8466
6798,20:14:50.513,3774,0.8432
6799,20:14:50.513,3778,0.8452
6800,20:14:50.514,3792,0.8520
6801,20:14:50.514,3798,0.8549
6802,20:14:50.515,3791,0.8515
6803,20:14:50.515,3810,0.8608
6804,20:14:50.516,3799,0.8554
6805,20:14:50.516,3799,0.8554
6806,20:14:50.517,3792,0.8520
6807,20:14:50.517,3797,0.8545
6808,20:14:50.518,3796,0.8540
6809,20:14:50.518,3794,0.8530
6810,20:14:50.519,3792,0.8520
6811,20:14:50.519,3797,0.8545
6812,20:14:50.520,3785,0.8486
6813,20:14:50.520,3791,0.8515
6814,20:14:50.521,3782,0.8471
6815,20:14:50.521,3772,0.8422
6816,20:14:50.522,3779,0.8457
6817,20:14:50.522,3781,0.8466
6818,20:14:50.523,3795,0.8535
6819,20:14:50.523,3775,0.8437
6820,20:14:50.524,3776,0.8442
6821,20:14:50.524,3785,0.8486
6822,20:14:50.525,3773,0.8427
6823,20:14:50.525,3757,0.8349
6824,20:14:50.526,3759,0.8359
6825,20:14:50.526,3757,0.8349
6826,20:14:50.527,3756,0.8344
6827,20:14:50.527,3752,0.8325
6828,20:14:50.528,3752,0.8325
6829,20:14:50.528,3747,0.8300
6830,20:14:50.529,3751,0.8320
6831,20:14:50.529,3758,0.8354
6832,20:14:50.530,3759,0.8359
6833,20:14:50.530,3756,0.8344
6834,20:14:50.531,3785,0.8486
6835,20:14:50.531,3763,0.8379
6836,20:14:50.532,3767,0.8398
6837,20:14:50.532,3771,0.8418
6838,20:14:50.533,3788,0.8501
6839,20:14:50.533,3783,0.8476
6840,20:14:50.534,3786,0.8491
6841,20:14:50.534,3778,0.8452
6842,20:14:50.535,3784,0.8481
6843,20:14:50.535,3807,0.8593
6844,20:14:50.536,3769,0.8408
6845,20:14:50.536,3795,0.8535
6846,20:14:50.537,3793,0.8525
6847,20:14:50.537,3797,0.8545
6848,20:14:50.538,3796,0.8540
6849,20:14:50.538,3798,0.8549
6850,20:14:50.539,3810,0.8608
6851,20:14:50.539,3796,0.8540
6852,20:14:50.540,3794,0.8530
6853,20:14:50.540,3776,0.8442
6854,20:14:50.541,3800,0.8559
6855,20:14:50.541,3781,0.8466
6856,20:14:50.542,3774,0.8432
6857,20:14:50.542,3778,0.8452
6858,20:14:50.543,3774,0.8432
6859,20:14:50.543,3791,0.8515
6860,20:14:50.544,3767,0.8398
6861,20:14:50.544,3779,0.8457
6862,20:14:50.545,3785,0.8486
6863,20:14:50.545,3758,0.8354
6864,20:14:50.546,3733,0.8232
6865,20:14:50.546,3754,0.8335
6866,20:14:50.547,3755,0.8339
6867,20:14:50.547,3758,0.8354
6868,20:14:50.548,3754,0.8335
6869,20:14:50.548,3748,0.8305
6870,20:14:50.549,3751,0.8320
6871,20:14:50.549,3763,0.8379
6872,20:14:50.550,3749,0.8310
6873,20:14:50.550,3754,0.8335
6874,20:14:50.551,3755,0.8339
6875,20:14:50.551,3764,0.8383
6876,20:14:50.552,3773,0.8427
6877,20:14:50.552,3767,0.8398
6878,20:14:50.553,3776,0.8442
6879,20:14:50.553,3776,0.8442
6880,20:14:50.554,3786,0.8491
6881,20:14:50.554,3766,0.8393
6882,20:14:50.555,3801,0.8564
6883,20:14:50.555,3794,0.8530
6884,20:14:50.556,3792,0.8520
6885,20:14:50.556,3803,0.8574
6886,20:14:50.557,3798,0.8549
6887,20:14:50.557,3805,0.8584
6888,20:14:50.558,3795,0.8535
6889,20:14:50.558,3798,0.8549
6890,20:14:50.559,3800,0.8559
6891,20:14:50.559,3795,0.8535
6892,20:14:50.560,3793,0.8525
6893,20:14:50.560,3799,0.8554
6894,20:14:50.561,3798,0.8549
6895,20:14:50.561,3798,0.8549
6896,20:14:50.562,3785,0.8486
6897,20:14:50.562,3774,0.8432
6898,20:14:50.563,3781,0.8466
6899,20:14:50.563,3775,0.8437
6900,20:14:50.564,3776,0.8442
6901,20:14:50.564,3784,0.8481
6902,20:14:50.565,3755,0.8339
6903,20:14:50.565,3745,0.8291
6904,20:14:50.566,3761,0.8369
6905,20:14:50.566,3761,0.8369
6906,20:14:50.567,3762,0.8374
6907,20:14:50.567,3756,0.8344
6908,20:14:50.568,3752,0.8325
6909,20:14:50.568,3750,0.8315
6910,20:14:50.569,3752,0.8325
6911,20:14:50.569,3755,0.8339
6912,20:14:50.570,3764,0.8383
6913,20:14:50.570,3738,0.8256
6914,20:14:50.571,3752,0.8325
6915,20:14:50.571,3768,0.8403
6916,20:14:50.572,3793,0.8525
6917,20:14:50.572,3780,0.8462
6918,20:14:50.573,3778,0.8452
6919,20:14:50.573,3776,0.8442
6920,20:14:50.574,3781,0.8466
6921,20:14:50.574,3751,0.8320
6922,20:14:50.575,3754,0.8335
6923,20:14:50.575,3797,0.8545
6924,20:14:50.576,3787,0.8496
6925,20:14:50.576,3796,0.8540
6926,20:14:50.577,3792,0.8520
6927,20:14:50.577,3795,0.8535
6928,20:14:50.578,3798,0.8549
6929,20:14:50.578,3794,0.8530
6930,20:14:50.579,3798,0.8549
6931,20:14:50.579,3789,0.8505
6932,20:14:50.580,3784,0.8481
6933,20:14:50.580,3782,0.8471
6934,20:14:50.581,3790,0.8510
6935,20:14:50.581,3790,0.8510
6936,20:14:50.582,3764,0.8383
6937,20:14:50.582,3768,0.8403
6938,20:14:50.583,3760,0.8364
6939,20:14:50.583,3772,0.8422
6940,20:14:50.584,3756,0.8344
6941,20:14:50.584,3805,0.8584
6942,20:14:50.585,3763,0.8379
6943,20:14:50.585,3768,0.8403
6944,20:14:50.586,3747,0.8300
6945,20:14:50.586,3755,0.8339
6946,20:14:50.587,3758,0.8354
6947,20:14:50.587,3754,0.8335
6948,20:14:50.588,3749,0.8310
6949,20:14:50.588,3756,0.8344
6950,20:14:50.589,3762,0.8374
6951,20:14:50.589,3746,0.8295
6952,20:14:50.590,3754,0.8335
6953,20:14:50.590,3758,0.8354
6954,20:14:50.591,3771,0.8418
6955,20:14:50.591,3765,0.8388
6956,20:14:50.592,3762,0.8374
6957,20:14:50.592,3787,0.8496
6958,20:14:50.593,3808,0.8598
6959,20:14:50.593,3768,0.8403
6960,20:14:50.594,3773,0.8427
6961,20:14:50.594,3786,0.8491
6962,20:14:50.595,3801,0.8564
6963,20:14:50.595,3796,0.8540
6964,20:14:50.596,3802,0.8569
6965,20:14:50.596,3796,0.8540
6966,20:14:50.597,3806,0.8589
6967,20:14:50.597,3793,0.8525
6968,20:14:50.598,3790,0.8510
6969,20:14:50.598,3790,0.8510
6970,20:14:50.599,3799,0.8554
6971,20:14:50.599,3791,0.8515
6972,20:14:50.600,3786,0.8491
6973,20:14:50.600,3784,0.8481
6974,20:14:50.601,3791,0.8515
6975,20:14:50.601,3786,0.8491
6976,20:14:50.602,3799,0.8554
6977,20:14:50.602,3778,0.8452
6978,20:14:50.603,3761,0.8369
6979,20:14:50.603,3761,0.8369
6980,20:14:50.604,3782,0.8471
6981,20:14:50.604,3773,0.8427
6982,20:14:50.605,3765,0.8388
6983,20:14:50.605,3750,0.8315
6984,20:14:50.606,3761,0.8369
6985,20:14:50.606,3754,0.8335
6986,20:14:50.607,3753,0.8330
6987,20:14:50.607,3745,0.8291
6988,20:14:50.608,3753,0.8330
6989,20:14:50.608,3743,0.8281
6990,20:14:50.609,3750,0.8315
6991,20:14:50.609,3761,0.8369
6992,20:14:50.610,3758,0.8354
6993,20:14:50.610,3756,0.8344
6994,20:14:50.611,3748,0.8305
6995,20:14:50.611,3754,0.8335
6996,20:14:50.612,3767,0.8398
6997,20:14:50.612,3690,0.8022
6998,20:14:50.613,3777,0.8447
6999,20:14:50.613,3796,0.8540
7000,20:14:50.614,3782,0.8471
7001,20:14:50.614,3783,0.8476
7002,20:14:50.615,3767,0.8398
7003,20:14:50.615,3792,0.8520
7004,20:14:50.616,3796,0.8540
7005,20:14:50.616,3781,0.8466
7006,20:14:50.617,3791,0.8515
7007,20:14:50.617,3802,0.8569
7008,20:14:50.618,3790,0.8510
7009,20:14:50.618,3791,0.8515
7010,20:14:50.619,3796,0.8540
7011,20:14:50.619,3796,0.8540
7012,20:14:50.620,3802,0.8569
7013,20:14:50.620,3792,0.8520
7014,20:14:50.621,3791,0.8515
7015,20:14:50.621,3781,0.8466
7016,20:14:50.622,3782,0.8471
7017,20:14:50.622,3783,0.8476
7018,20:14:50.623,3792,0.8520
7019,20:14:50.623,3768,0.8403
7020,20:14:50.624,3774,0.8432
7021,20:14:50.624,3770,0.8413
7022,20:14:50.625,3787,0.8496
7023,20:14:50.625,3752,0.8325
7024,20:14:50.626,3754,0.8335
7025,20:14:50.626,3747,0.8300
7026,20:14:50.627,3756,0.8344
7027,20:14:50.627,3755,0.8339
7028,20:14:50.628,3752,0.8325
7029,20:14:50.628,3756,0.8344
7030,20:14:50.629,3751,0.8320
7031,20:14:50.629,3754,0.8335
7032,20:14:50.630,3748,0.8305
7033,20:14:50.630,3760,0.8364
7034,20:14:50.631,3770,0.8413
7035,20:14:50.631,3767,0.8398
7036,20:14:50.632,3750,0.8315
7037,20:14:50.632,3762,0.8374
7038,20:14:50.633,3769,0.8408
7039,20:14:50.633,3779,0.8457
7040,20:14:50.634,3772,0.8422
7041,20:14:50.634,3778,0.8452
7042,20:14:50.635,3773,0.8427
7043,20:14:50.635,3788,0.8501
7044,20:14:50.636,3794,0.8530
7045,20:14:50.636,3794,0.8530
7046,20:14:50.637,3792,0.8520
7047,20:14:50.637,3794,0.8530
7048,20:14:50.638,3798,0.8549
7049,20:14:50.638,3789,0.8505
7050,20:14:50.639,3793,0.8525
7051,20:14:50.639,3790,0.8510
7052,20:14:50.640,3806,0.8589
7053,20:14:50.640,3792,0.8520
7054,20:14:50.641,3791,0.8515
7055,20:14:50.641,3790,0.8510
7056,20:14:50.642,3785,0.8486
7057,20:14:50.642,3768,0.8403
7058,20:14:50.643,3771,0.8418
7059,20:14:50.643,3778,0.8452
7060,20:14:50.644,3776,0.8442
7061,20:14:50.644,3775,0.8437
7062,20:14:50.645,3767,0.8398
7063,20:14:50.645,3759,0.8359
7064,20:14:50.646,3757,0.8349
7065,20:14:50.646,3751,0.8320
7066,20:14:50.647,3752,0.8325
7067,20:14:50.647,3746,0.8295
7068,20:14:50.648,3744,0.8286
7069,20:14:50.648,3757,0.8349
7070,20:14:50.649,3752,0.8325
7071,20:14:50.649,3752,0.8325
7072,20:14:50.650,3749,0.8310
7073,20:14:50.650,3778,0.8452
7074,20:14:50.651,3755,0.8339
7075,20:14:50.651,3760,0.8364
7076,20:14:50.652,3761,0.8369
7077,20:14:50.652,3763,0.8379
7078,20:14:50.653,3776,0.8442
7079,20:14:50.653,3793,0.8525
7080,20:14:50.654,3774,0.8432
7081,20:14:50.654,3684,0.7993
7082,20:14:50.655,3765,0.8388
7083,20:14:50.655,3801,0.8564
7084,20:14:50.656,3790,0.8510
7085,20:14:50.656,3780,0.8462
7086,20:14:50.657,3783,0.8476
7087,20:14:50.657,3795,0.8535
7088,20:14:50.658,3797,0.8545
7089,20:14:50.658,3797,0.8545
7090,20:14:50.659,3776,0.8442
7091,20:14:50.659,3789,0.8505
7092,20:14:50.660,3792,0.8520
7093,20:14:50.660,3785,0.8486
7094,20:14:50.661,3781,0.8466
7095,20:14:50.661,3779,0.8457
7096,20:14:50.662,3765,0.8388
7097,20:14:50.662,3773,0.8427
7098,20:14:50.663,3773,0.8427
7099,20:14:50.663,3773,0.8427
7100,20:14:50.664,3754,0.8335
7101,20:14:50.664,3764,0.8383
7102,20:14:50.665,3761,0.8369
7103,20:14:50.665,3760,0.8364
7104,20:14:50.666,3751,0.8320
7105,20:14:50.666,3749,0.8310
7106,20:14:50.667,3757,0.8349
7107,20:14:50.667,3740,0.8266
7108,20:14:50.668,3761,0.8369
7109,20:14:50.668,3752,0.8325
7110,20:14:50.669,3754,0.8335
7111,20:14:50.669,3772,0.8422
7112,20:14:50.670,3761,0.8369
7113,20:14:50.670,3763,0.8379
7114,20:14:50.671,3758,0.8354
7115,20:14:50.671,3823,0.8672
7116,20:14:50.672,3767,0.8398
7117,20:14:50.672,3755,0.8339
7118,20:14:50.673,3777,0.8447
7119,20:14:50.673,3767,0.8398
7120,20:14:50.674,3768,0.8403
7121,20:14:50.674,3779,0.8457
7122,20:14:50.675,3776,0.8442
7123,20:14:50.675,3802,0.8569
7124,20:14:50.676,3786,0.8491
7125,20:14:50.676,3786,0.8491
7126,20:14:50.677,3798,0.8549
7127,20:14:50.677,3767,0.8398
7128,20:14:50.678,3794,0.8530
7129,20:14:50.678,3800,0.8559
7130,20:14:50.679,3799,0.8554
7131,20:14:50.679,3792,0.8520
7132,20:14:50.680,3792,0.8520
7133,20:14:50.680,3791,0.8515
7134,20:14:50.681,3791,0.8515
7135,20:14:50.681,3776,0.8442
7136,20:14:50.682,3749,0.8310
7137,20:14:50.682,3771,0.8418
7138,20:14:50.683,3777,0.8447
7139,20:14:50.683,3755,0.8339
7140,20:14:50.684,3760,0.8364
7141,20:14:50.684,3768,0.8403
7142,20:14:50.685,3774,0.8432
7143,20:14:50.685,3755,0.8339
7144,20:14:50.686,3759,0.8359
7145,20:14:50.686,3751,0.8320
7146,20:14:50.687,3754,0.8335
7147,20:14:50.687,3748,0.8305
7148,20:14:50.688,3760,0.8364
7149,20:14:50.688,3763,0.8379
7150,20:14:50.689,3750,0.8315
7151,20:14:50.689,3755,0.8339
7152,20:14:50.690,3751,0.8320
7153,20:14:50.690,3758,0.8354
7154,20:14:50.691,3750,0.8315
7155,20:14:50.691,3751,0.8320
7156,20:14:50.692,3760,0.8364
7157,20:14:50.692,3801,0.8564
7158,20:14:50.693,3788,0.8501
7159,20:14:50.693,3767,0.8398
7160,20:14:50.694,3775,0.8437
7161,20:14:50.694,3765,0.8388
7162,20:14:50.695,3776,0.8442
7163,20:14:50.695,3797,0.8545
7164,20:14:50.696,3791,0.8515
7165,20:14:50.696,3796,0.8540
7166,20:14:50.697,3790,0.8510
7167,20:14:50.697,3803,0.8574
7168,20:14:50.698,3794,0.8530
7169,20:14:50.698,3786,0.8491
7170,20:14:50.699,3785,0.8486
7171,20:14:50.699,3790,0.8510
7172,20:14:50.700,3794,0.8530
7173,20:14:50.700,3791,0.8515
7174,20:14:50.701,3784,0.8481
7175,20:14:50.701,3793,0.8525
7176,20:14:50.702,3767,0.8398
7177,20:14:50.702,3765,0.8388
7178,20:14:50.703,3725,0.8193
7179,20:14:50.703,3774,0.8432
7180,20:14:50.704,3774,0.8432
7181,20:14:50.704,3799,0.8554
7182,20:14:50.705,3754,0.8335
7183,20:14:50.705,3747,0.8300
7184,20:14:50.706,3751,0.8320
7185,20:14:50.706,3759,0.8359
7186,20:14:50.707,3758,0.8354
7187,20:14:50.707,3752,0.8325
7188,20:14:50.708,3751,0.8320
7189,20:14:50.708,3748,0.8305
7190,20:14:50.709,3761,0.8369
7191,20:14:50.709,3758,0.8354
7192,20:14:50.710,3771,0.8418
7193,20:14:50.710,3754,0.8335
7194,20:14:50.711,3766,0.8393
7195,20:14:50.711,3766,0.8393
7196,20:14:50.712,3782,0.8471
7197,20:14:50.712,3758,0.8354
7198,20:14:50.713,3793,0.8525
7199,20:14:50.713,3807,0.8593
7200,20:14:50.714,3760,0.8364
7201,20:14:50.714,3776,0.8442
7202,20:14:50.715,3773,0.8427
7203,20:14:50.715,3801,0.8564
7204,20:14:50.716,3794,0.8530
7205,20:14:50.716,3792,0.8520
7206,20:14:50.717,3794,0.8530
7207,20:14:50.717,3792,0.8520
7208,20:14:50.718,3796,0.8540
7209,20:14:50.718,3799,0.8554
7210,20:14:50.719,3798,0.8549
7211,20:14:50.719,3791,0.8515
7212,20:14:50.720,3787,0.8496
7213,20:14:50.720,3789,0.8505
7214,20:14:50.721,3801,0.8564
7215,20:14:50.721,3786,0.8491
7216,20:14:50.722,3764,0.8383
7217,20:14:50.722,3758,0.8354
7218,20:14:50.723,3784,0.8481
7219,20:14:50.723,3782,0.8471
7220,20:14:50.724,3782,0.8471
7221,20:14:50.724,3850,0.8803
7222,20:14:50.725,3786,0.8491
7223,20:14:50.725,3752,0.8325
7224,20:14:50.726,3744,0.8286
7225,20:14:50.726,3756,0.8344
7226,20:14:50.727,3760,0.8364
7227,20:14:50.727,3756,0.8344
7228,20:14:50.728,3749,0.8310
7229,20:14:50.728,3749,0.8310
7230,20:14:50.729,3759,0.8359
7231,20:14:50.729,3764,0.8383
7232,20:14:50.730,3758,0.8354
7233,20:14:50.730,3760,0.8364
7234,20:14:50.731,3741,0.8271
7235,20:14:50.731,3768,0.8403
7236,20:14:50.732,3787,0.8496
7237,20:14:50.732,3787,0.8496
7238,20:14:50.733,3775,0.8437
7239,20:14:50.733,3780,0.8462
7240,20:14:50.734,3788,0.8501
7241,20:14:50.734,3757,0.8349
7242,20:14:50.735,3777,0.8447
7243,20:14:50.735,3800,0.8559
7244,20:14:50.736,3803,0.8574
7245,20:14:50.736,3800,0.8559
7246,20:14:50.737,3793,0.8525
7247,20:14:50.737,3788,0.8501
7248,20:14:50.738,3792,0.8520
7249,20:14:50.738,3800,0.8559
7250,20:14:50.739,3793,0.8525
7251,20:14:50.739,3781,0.8466
7252,20:14:50.740,3789,0.8505
7253,20:14:50.740,3784,0.8481
7254,20:14:50.741,3787,0.8496
7255,20:14:50.741,3785,0.8486
7256,20:14:50.742,3783,0.8476
7257,20:14:50.742,3773,0.8427
7258,20:14:50.743,3775,0.8437
7259,20:14:50.743,3778,0.8452
7260,20:14:50.744,3781,0.8466
7261,20:14:50.744,3760,0.8364
7262,20:14:50.745,3671,0.7929
7263,20:14:50.745,3760,0.8364
7264,20:14:50.746,3757,0.8349
7265,20:14:50.746,3754,0.8335
7266,20:14:50.747,3756,0.8344
7267,20:14:50.747,3757,0.8349
7268,20:14:50.748,3766,0.8393
7269,20:14:50.748,3747,0.8300
7270,20:14:50.749,3753,0.8330
7271,20:14:50.749,3755,0.8339
7272,20:14:50.750,3747,0.8300
7273,20:14:50.750,3760,0.8364
7274,20:14:50.751,3781,0.8466
7275,20:14:50.751,3764,0.8383
7276,20:14:50.752,3760,0.8364
7277,20:14:50.752,3780,0.8462
7278,20:14:50.753,3769,0.8408
7279,20:14:50.753,3776,0.8442
7280,20:14:50.754,3779,0.8457
7281,20:14:50.754,3791,0.8515
7282,20:14:50.755,3802,0.8569
7283,20:14:50.755,3807,0.8593
7284,20:14:50.756,3788,0.8501
7285,20:14:50.756,3798,0.8549
7286,20:14:50.757,3794,0.8530
7287,20:14:50.757,3797,0.8545
7288,20:14:50.758,3794,0.8530
7289,20:14:50.758,3805,0.8584
7290,20:14:50.759,3796,0.8540
7291,20:14:50.759,3795,0.8535
7292,20:14:50.760,3788,0.8501
7293,20:14:50.760,3789,0.8505
7294,20:14:50.761,3787,0.8496
7295,20:14:50.761,3783,0.8476
7296,20:14:50.762,3762,0.8374
7297,20:14:50.762,3766,0.8393
7298,20:14:50.763,3784,0.8481
7299,20:14:50.763,3769,0.8408
7300,20:14:50.764,3767,0.8398
7301,20:14:50.764,3761,0.8369
7302,20:14:50.765,3765,0.8388
7303,20:14:50.765,3745,0.8291
7304,20:14:50.766,3765,0.8388
7305,20:14:50.766,3756,0.8344
7306,20:14:50.767,3765,0.8388
7307,20:14:50.767,3757,0.8349
7308,20:14:50.768,3749,0.8310
7309,20:14:50.768,3747,0.8300
7310,20:14:50.769,3766,0.8393
7311,20:14:50.769,3763,0.8379
7312,20:14:50.770,3768,0.8403
7313,20:14:50.770,3757,0.8349
7314,20:14:50.771,3762,0.8374
7315,20:14:50.771,3753,0.8330
7316,20:14:50.772,3771,0.8418
7317,20:14:50.772,3780,0.8462
7318,20:14:50.773,3786,0.8491
7319,20:14:50.773,3774,0.8432
7320,20:14:50.774,3835,0.8730
7321,20:14:50.774,3770,0.8413
7322,20:14:50.775,3741,0.8271
7323,20:14:50.775,3799,0.8554
7324,20:14:50.776,3797,0.8545
7325,20:14:50.776,3796,0.8540
7326,20:14:50.777,3794,0.8530
7327,20:14:50.777,3795,0.8535
7328,20:14:50.778,3790,0.8510
7329,20:14:50.778,3798,0.8549
7330,20:14:50.779,3795,0.8535
7331,20:14:50.779,3788,0.8501
7332,20:14:50.780,3800,0.8559
7333,20:14:50.780,3783,0.8476
7334,20:14:50.781,3796,0.8540
7335,20:14:50.781,3784,0.8481
7336,20:14:50.782,3774,0.8432
7337,20:14:50.782,3768,0.8403
7338,20:14:50.783,3771,0.8418
7339,20:14:50.783,3790,0.8510
7340,20:14:50.784,3765,0.8388
7341,20:14:50.784,3779,0.8457
7342,20:14:50.785,3770,0.8413
7343,20:14:50.785,3752,0.8325
7344,20:14:50.786,3758,0.8354
7345,20:14:50.786,3753,0.8330
7346,20:14:50.787,3754,0.8335
7347,20:14:50.787,3757,0.8349
7348,20:14:50.788,3761,0.8369
7349,20:14:50.788,3754,0.8335
7350,20:14:50.789,3757,0.8349
7351,20:14:50.789,3751,0.8320
7352,20:14:50.790,3766,0.8393
7353,20:14:50.790,3760,0.8364
7354,20:14:50.791,3764,0.8383
7355,20:14:50.791,3762,0.8374
7356,20:14:50.792,3778,0.8452
7357,20:14:50.792,3776,0.8442
7358,20:14:50.793,3785,0.8486
7359,20:14:50.793,3768,0.8403
7360,20:14:50.794,3795,0.8535
7361,20:14:50.794,3779,0.8457
7362,20:14:50.795,3789,0.8505
7363,20:14:50.795,3810,0.8608
7364,20:14:50.796,3796,0.8540
7365,20:14:50.796,3778,0.8452
7366,20:14:50.797,3794,0.8530
7367,20:14:50.797,3794,0.8530
7368,20:14:50.798,3799,0.8554
7369,20:14:50.798,3788,0.8501
7370,20:14:50.799,3796,0.8540
7371,20:14:50.799,3812,0.8618
7372,20:14:50.800,3792,0.8520
7373,20:14:50.800,3785,0.8486
7374,20:14:50.801,3809,0.8603
7375,20:14:50.801,3791,0.8515
7376,20:14:50.802,3764,0.8383
7377,20:14:50.802,3772,0.8422
7378,20:14:50.803,3760,0.8364
7379,20:14:50.803,3771,0.8418
7380,20:14:50.804,3775,0.8437
7381,20:14:50.804,3761,0.8369
7382,20:14:50.805,3774,0.8432
7383,20:14:50.805,3741,0.8271
7384,20:14:50.806,3756,0.8344
7385,20:14:50.806,3759,0.8359
7386,20:14:50.807,3754,0.8335
7387,20:14:50.807,3751,0.8320
7388,20:14:50.808,3749,0.8310
7389,20:14:50.808,3737,0.8252
7390,20:14:50.809,3759,0.8359
7391,20:14:50.809,3753,0.8330
7392,20:14:50.810,3752,0.8325
7393,20:14:50.810,3757,0.8349
7394,20:14:50.811,3761,0.8369
7395,20:14:50.811,3770,0.8413
7396,20:14:50.812,3771,0.8418
7397,20:14:50.812,3792,0.8520
7398,20:14:50.813,3790,0.8510
7399,20:14:50.813,3772,0.8422
7400,20:14:50.814,3774,0.8432
7401,20:14:50.814,3774,0.8432
7402,20:14:50.815,3795,0.8535
7403,20:14:50.815,3797,0.8545
7404,20:14:50.816,3797,0.8545
7405,20:14:50.816,3797,0.8545
7406,20:14:50.817,3799,0.8554
7407,20:14:50.817,3795,0.8535
7408,20:14:50.818,3802,0.8569
7409,20:14:50.818,3799,0.8554
7410,20:14:50.819,3786,0.8491
7411,20:14:50.819,3786,0.8491
7412,20:14:50.820,3790,0.8510
7413,20:14:50.820,3788,0.8501
7414,20:14:50.821,3805,0.8584
7415,20:14:50.821,3776,0.8442
7416,20:14:50.822,3773,0.8427
7417,20:14:50.822,3780,0.8462
7418,20:14:50.823,3777,0.8447
7419,20:14:50.823,3788,0.8501
7420,20:14:50.824,3797,0.8545
7421,20:14:50.824,3780,0.8462
7422,20:14:50.825,3770,0.8413
7423,20:14:50.825,3751,0.8320
7424,20:14:50.826,3754,0.8335
7425,20:14:50.826,3744,0.8286
7426,20:14:50.827,3754,0.8335
7427,20:14:50.827,3753,0.8330
7428,20:14:50.828,3753,0.8330
7429,20:14:50.828,3755,0.8339
7430,20:14:50.829,3759,0.8359
7431,20:14:50.829,3749,0.8310
7432,20:14:50.830,3752,0.8325
7433,20:14:50.830,3765,0.8388
7434,20:14:50.831,3733,0.8232
7435,20:14:50.831,3768,0.8403
7436,20:14:50.832,3801,0.8564
7437,20:14:50.832,3764,0.8383
7438,20:14:50.833,3773,0.8427
7439,20:14:50.833,3790,0.8510
7440,20:14:50.834,3797,0.8545
7441,20:14:50.834,3792,0.8520
7442,20:14:50.835,3813,0.8623
7443,20:14:50.835,3799,0.8554
7444,20:14:50.836,3798,0.8549
7445,20:14:50.836,3792,0.8520
7446,20:14:50.837,3795,0.8535
7447,20:14:50.837,3793,0.8525
7448,20:14:50.838,3796,0.8540
7449,20:14:50.838,3778,0.8452
7450,20:14:50.839,3785,0.8486
7451,20:14:50.839,3785,0.8486
7452,20:14:50.840,3795,0.8535
7453,20:14:50.840,3736,0.8247
7454,20:14:50.841,3785,0.8486
7455,20:14:50.841,3790,0.8510
7456,20:14:50.842,3785,0.8486
7457,20:14:50.842,3772,0.8422
7458,20:14:50.843,3766,0.8393
7459,20:14:50.843,3780,0.8462
7460,20:14:50.844,3785,0.8486
7461,20:14:50.844,3775,0.8437
7462,20:14:50.845,3759,0.8359
7463,20:14:50.845,3754,0.8335
7464,20:14:50.846,3756,0.8344
7465,20:14:50.846,3754,0.8335
7466,20:14:50.847,3771,0.8418
7467,20:14:50.847,3758,0.8354
7468,20:14:50.848,3751,0.8320
7469,20:14:50.848,3756,0.8344
7470,20:14:50.849,3753,0.8330
7471,20:14:50.849,3757,0.8349
7472,20:14:50.850,3754,0.8335
7473,20:14:50.850,3763,0.8379
7474,20:14:50.851,3751,0.8320
7475,20:14:50.851,3763,0.8379
7476,20:14:50.852,3781,0.8466
7477,20:14:50.852,3782,0.8471
7478,20:14:50.853,3763,0.8379
7479,20:14:50.853,3788,0.8501
7480,20:14:50.854,3779,0.8457
7481,20:14:50.854,3780,0.8462
7482,20:14:50.855,3775,0.8437
7483,20:14:50.855,3802,0.8569
7484,20:14:50.856,3802,0.8569
7485,20:14:50.856,3795,0.8535
7486,20:14:50.857,3792,0.8520
7487,20:14:50.857,3791,0.8515
7488,20:14:50.858,3794,0.8530
7489,20:14:50.858,3793,0.8525
7490,20:14:50.859,3796,0.8540
7491,20:14:50.859,3788,0.8501
7492,20:14:50.860,3799,0.8554
7493,20:14:50.860,3793,0.8525
7494,20:14:50.861,3773,0.8427
7495,20:14:50.861,3786,0.8491
7496,20:14:50.862,3784,0.8481
7497,20:14:50.862,3786,0.8491
7498,20:14:50.863,3780,0.8462
7499,20:14:50.863,3787,0.8496
7500,20:14:50.864,3779,0.8457
7501,20:14:50.864,3774,0.8432
7502,20:14:50.865,3770,0.8413
7503,20:14:50.865,3759,0.8359
7504,20:14:50.866,3759,0.8359
7505,20:14:50.866,3759,0.8359
7506,20:14:50.867,3758,0.8354
7507,20:14:50.867,3757,0.8349
7508,20:14:50.868,3756,0.8344
7509,20:14:50.868,3747,0.8300
7510,20:14:50.869,3760,0.8364
7511,20:14:50.869,3767,0.8398
7512,20:14:50.870,3755,0.8339
7513,20:14:50.870,3758,0.8354
7514,20:14:50.871,3764,0.8383
7515,20:14:50.871,3775,0.8437
7516,20:14:50.872,3771,0.8418
7517,20:14:50.872,3753,0.8330
7518,20:14:50.873,3780,0.8462
7519,20:14:50.873,3786,0.8491
7520,20:14:50.874,3785,0.8486
7521,20:14:50.874,3777,0.8447
7522,20:14:50.875,3788,0.8501
7523,20:14:50.875,3806,0.8589
7524,20:14:50.876,3807,0.8593
7525,20:14:50.876,3797,0.8545
7526,20:14:50.877,3792,0.8520
7527,20:14:50.877,3793,0.8525
7528,20:14:50.878,3796,0.8540
7529,20:14:50.878,3800,0.8559
7530,20:14:50.879,3799,0.8554
7531,20:14:50.879,3791,0.8515
7532,20:14:50.880,3797,0.8545
7533,20:14:50.880,3791,0.8515
7534,20:14:50.881,3797,0.8545
7535,20:14:50.881,3779,0.8457
7536,20:14:50.882,3786,0.8491
7537,20:14:50.882,3717,0.8154
7538,20:14:50.883,3776,0.8442
7539,20:14:50.883,3897,0.9033
7540,20:14:50.884,3756,0.8344
7541,20:14:50.884,3762,0.8374
7542,20:14:50.885,3772,0.8422
7543,20:14:50.885,3750,0.8315
7544,20:14:50.886,3758,0.8354
7545,20:14:50.886,3758,0.8354
7546,20:14:50.887,3754,0.8335
7547,20:14:50.887,3756,0.8344
7548,20:14:50.888,3750,0.8315
7549,20:14:50.888,3756,0.8344
7550,20:14:50.889,3769,0.8408
7551,20:14:50.889,3759,0.8359
7552,20:14:50.890,3757,0.8349
7553,20:14:50.890,3759,0.8359
7554,20:14:50.891,3755,0.8339
7555,20:14:50.891,3759,0.8359
7556,20:14:50.892,3750,0.8315
7557,20:14:50.892,3769,0.8408
7558,20:14:50.893,3785,0.8486
7559,20:14:50.893,3774,0.8432
7560,20:14:50.894,3795,0.8535
7561,20:14:50.894,3852,0.8813
7562,20:14:50.895,3898,0.9038
7563,20:14:50.895,3815,0.8632
7564,20:14:50.896,3804,0.8579
7565,20:14:50.896,3797,0.8545
7566,20:14:50.897,3795,0.8535
7567,20:14:50.897,3800,0.8559
7568,20:14:50.898,3801,0.8564
7569,20:14:50.898,3796,0.8540
7570,20:14:50.899,3786,0.8491
7571,20:14:50.899,3801,0.8564
7572,20:14:50.900,3787,0.8496
7573,20:14:50.900,3785,0.8486
7574,20:14:50.901,3780,0.8462
7575,20:14:50.901,3788,0.8501
7576,20:14:50.902,3813,0.8623
7577,20:14:50.902,3797,0.8545
7578,20:14:50.903,3772,0.8422
7579,20:14:50.903,3774,0.8432
7580,20:14:50.904,3778,0.8452
7581,20:14:50.904,3781,0.8466
7582,20:14:50.905,3762,0.8374
7583,20:14:50.905,3726,0.8198
7584,20:14:50.906,3750,0.8315
7585,20:14:50.906,3774,0.8432
7586,20:14:50.907,3752,0.8325
7587,20:14:50.907,3757,0.8349
7588,20:14:50.908,3757,0.8349
7589,20:14:50.908,3757,0.8349
7590,20:14:50.909,3756,0.8344
7591,20:14:50.909,3749,0.8310
7592,20:14:50.910,3743,0.8281
7593,20:14:50.910,3746,0.8295
7594,20:14:50.911,3753,0.8330
7595,20:14:50.911,3777,0.8447
7596,20:14:50.912,3771,0.8418
7597,20:14:50.912,3777,0.8447
7598,20:14:50.913,3787,0.8496
7599,20:14:50.913,3786,0.8491
7600,20:14:50.914,3793,0.8525
7601,20:14:50.914,3775,0.8437
7602,20:14:50.915,3758,0.8354
7603,20:14:50.915,3802,0.8569
7604,20:14:50.916,3795,0.8535
7605,20:14:50.916,3794,0.8530
7606,20:14:50.917,3806,0.8589
7607,20:14:50.917,3792,0.8520
7608,20:14:50.918,3797,0.8545
7609,20:14:50.918,3802,0.8569
7610,20:14:50.919,3788,0.8501
7611,20:14:50.919,3790,0.8510
7612,20:14:50.920,3795,0.8535
7613,20:14:50.920,3795,0.8535
7614,20:14:50.921,3800,0.8559
7615,20:14:50.921,3787,0.8496
7616,20:14:50.922,3776,0.8442
7617,20:14:50.922,3774,0.8432
7618,20:14:50.923,3796,0.8540
7619,20:14:50.923,3802,0.8569
7620,20:14:50.924,3770,0.8413
7621,20:14:50.924,3776,0.8442
7622,20:14:50.925,3776,0.8442
7623,20:14:50.925,3759,0.8359
7624,20:14:50.926,3757,0.8349
7625,20:14:50.926,3753,0.8330
7626,20:14:50.927,3748,0.8305
7627,20:14:50.927,3755,0.8339
7628,20:14:50.928,3751,0.8320
7629,20:14:50.928,3753,0.8330
7630,20:14:50.929,3726,0.8198
7631,20:14:50.929,3763,0.8379
7632,20:14:50.930,3757,0.8349
7633,20:14:50.930,3763,0.8379
7634,20:14:50.931,3782,0.8471
7635,20:14:50.931,3757,0.8349
7636,20:14:50.932,3776,0.8442
7637,20:14:50.932,3805,0.8584
7638,20:14:50.933,3781,0.8466
7639,20:14:50.933,3775,0.8437
7640,20:14:50.934,3779,0.8457
7641,20:14:50.934,3781,0.8466
7642,20:14:50.935,3771,0.8418
7643,20:14:50.935,3802,0.8569
7644,20:14:50.936,3801,0.8564
7645,20:14:50.936,3801,0.8564
7646,20:14:50.937,3859,0.8847
7647,20:14:50.937,3808,0.8598
7648,20:14:50.938,3796,0.8540
7649,20:14:50.938,3798,0.8549
7650,20:14:50.939,3799,0.8554
7651,20:14:50.939,3792,0.8520
7652,20:14:50.940,3801,0.8564
7653,20:14:50.940,3789,0.8505
7654,20:14:50.941,3796,0.8540
7655,20:14:50.941,3793,0.8525
7656,20:14:50.942,3787,0.8496
7657,20:14:50.942,3787,0.8496
7658,20:14:50.943,3750,0.8315
7659,20:14:50.943,3766,0.8393
7660,20:14:50.944,3783,0.8476
7661,20:14:50.944,3809,0.8603
7662,20:14:50.945,3780,0.8462
7663,20:14:50.945,3753,0.8330
7664,20:14:50.946,3759,0.8359
7665,20:14:50.946,3770,0.8413
7666,20:14:50.947,3754,0.8335
7667,20:14:50.947,3762,0.8374
7668,20:14:50.948,3759,0.8359
7669,20:14:50.948,3784,0.8481
7670,20:14:50.949,3760,0.8364
7671,20:14:50.949,3770,0.8413
7672,20:14:50.950,3757,0.8349
7673,20:14:50.950,3769,0.8408
7674,20:14:50.951,3771,0.8418
7675,20:14:50.951,3771,0.8418
7676,20:14:50.952,3768,0.8403
7677,20:14:50.952,3780,0.8462
7678,20:14:50.953,3790,0.8510
7679,20:14:50.953,3847,0.8789
7680,20:14:50.954,3789,0.8505
7681,20:14:50.954,3756,0.8344
7682,20:14:50.955,3780,0.8462
7683,20:14:50.955,3815,0.8632
7684,20:14:50.956,3803,0.8574
7685,20:14:50.956,3797,0.8545
7686,20:14:50.957,3796,0.8540
7687,20:14:50.957,3801,0.8564
7688,20:14:50.958,3799,0.8554
7689,20:14:50.958,3799,0.8554
7690,20:14:50.959,3786,0.8491
7691,20:14:50.959,3793,0.8525
7692,20:14:50.960,3803,0.8574
7693,20:14:50.960,3787,0.8496
7694,20:14:50.961,3790,0.8510
7695,20:14:50.961,3791,0.8515
7696,20:14:50.962,3787,0.8496
7697,20:14:50.962,3786,0.8491
7698,20:14:50.963,3790,0.8510
7699,20:14:50.963,3771,0.8418
7700,20:14:50.964,3785,0.8486
7701,20:14:50.964,3749,0.8310
7702,20:14:50.965,3783,0.8476
7703,20:14:50.965,3757,0.8349
7704,20:14:50.966,3763,0.8379
7705,20:14:50.966,3758,0.8354
7706,20:14:50.967,3759,0.8359
7707,20:14:50.967,3761,0.8369
7708,20:14:50.968,3760,0.8364
7709,20:14:50.968,3763,0.8379
7710,20:14:50.969,3760,0.8364
7711,20:14:50.969,3756,0.8344
7712,20:14:50.970,3764,0.8383
7713,20:14:50.970,3755,0.8339
7714,20:14:50.971,3755,0.8339
7715,20:14:50.971,3765,0.8388
7716,20:14:50.972,3776,0.8442
7717,20:14:50.972,3777,0.8447
7718,20:14:50.973,3791,0.8515
7719,20:14:50.973,3776,0.8442
7720,20:14:50.974,3788,0.8501
7721,20:14:50.974,3783,0.8476
7722,20:14:50.975,3783,0.8476
7723,20:14:50.975,3802,0.8569
7724,20:14:50.976,3810,0.8608
7725,20:14:50.976,3807,0.8593
7726,20:14:50.977,3801,0.8564
7727,20:14:50.977,3798,0.8549
7728,20:14:50.978,3777,0.8447
7729,20:14:50.978,3795,0.8535
7730,20:14:50.979,3799,0.8554
7731,20:14:50.979,3778,0.8452
7732,20:14:50.980,3780,0.8462
7733,20:14:50.980,3807,0.8593
7734,20:14:50.981,3797,0.8545
7735,20:14:50.981,3777,0.8447
7736,20:14:50.982,3783,0.8476
7737,20:14:50.982,3806,0.8589
7738,20:14:50.983,3785,0.8486
7739,20:14:50.983,3784,0.8481
7740,20:14:50.984,3786,0.8491
7741,20:14:50.984,3780,0.8462
7742,20:14:50.985,3770,0.8413
7743,20:14:50.985,3750,0.8315
7744,20:14:50.986,3762,0.8374
7745,20:14:50.986,3759,0.8359
7746,20:14:50.987,3762,0.8374
7747,20:14:50.987,3760,0.8364
7748,20:14:50.988,3759,0.8359
7749,20:14:50.988,3755,0.8339
7750,20:14:50.989,3757,0.8349
7751,20:14:50.989,3763,0.8379
7752,20:14:50.990,3781,0.8466
7753,20:14:50.990,3751,0.8320
7754,20:14:50.991,3763,0.8379
7755,20:14:50.991,3752,0.8325
7756,20:14:50.992,3781,0.8466
7757,20:14:50.992,3762,0.8374
7758,20:14:50.993,3783,0.8476
7759,20:14:50.993,3786,0.8491
7760,20:14:50.994,3796,0.8540
7761,20:14:50.994,3775,0.8437
7762,20:14:50.995,3786,0.8491
7763,20:14:50.995,3814,0.8628
7764,20:14:50.996,3803,0.8574
7765,20:14:50.996,3791,0.8515
7766,20:14:50.997,3796,0.8540
7767,20:14:50.997,3799,0.8554
7768,20:14:50.998,3804,0.8579
7769,20:14:50.998,3803,0.8574
7770,20:14:50.999,3786,0.8491
7771,20:14:50.999,3796,0.8540
7772,20:14:51.000,3802,0.8569
7773,20:14:51.000,3794,0.8530
7774,20:14:51.001,3789,0.8505
7775,20:14:51.001,3785,0.8486
7776,20:14:51.002,3789,0.8505
7777,20:14:51.002,3784,0.8481
7778,20:14:51.003,3786,0.8491
7779,20:14:51.003,3771,0.8418
7780,20:14:51.004,3777,0.8447
7781,20:14:51.004,3767,0.8398
7782,20:14:51.005,3768,0.8403
7783,20:14:51.005,3760,0.8364
7784,20:14:51.006,3762,0.8374
7785,20:14:51.006,3757,0.8349
7786,20:14:51.007,3758,0.8354
7787,20:14:51.007,3764,0.8383
7788,20:14:51.008,3753,0.8330
7789,20:14:51.008,3753,0.8330
7790,20:14:51.009,3774,0.8432
7791,20:14:51.009,3751,0.8320
7792,20:14:51.010,3761,0.8369
7793,20:14:51.010,3767,0.8398
7794,20:14:51.011,3762,0.8374
7795,20:14:51.011,3769,0.8408
7796,20:14:51.012,3786,0.8491
7797,20:14:51.012,3759,0.8359
7798,20:14:51.013,3799,0.8554
7799,20:14:51.013,3801,0.8564
7800,20:14:51.014,3790,0.8510
7801,20:14:51.014,3785,0.8486
7802,20:14:51.015,3783,0.8476
7803,20:14:51.015,3805,0.8584
7804,20:14:51.016,3796,0.8540
7805,20:14:51.016,3800,0.8559
7806,20:14:51.017,3796,0.8540
7807,20:14:51.017,3797,0.8545
7808,20:14:51.018,3785,0.8486
7809,20:14:51.018,3803,0.8574
7810,20:14:51.019,3803,0.8574
7811,20:14:51.019,3794,0.8530
7812,20:14:51.020,3795,0.8535
7813,20:14:51.020,3790,0.8510
7814,20:14:51.021,3800,0.8559
7815,20:14:51.021,3785,0.8486
7816,20:14:51.022,3735,0.8242
7817,20:14:51.022,3783,0.8476
7818,20:14:51.023,3831,0.8711
7819,20:14:51.023,3789,0.8505
7820,20:14:51.024,3765,0.8388
7821,20:14:51.024,3759,0.8359
7822,20:14:51.025,3756,0.8344
7823,20:14:51.025,3758,0.8354
7824,20:14:51.026,3758,0.8354
7825,20:14:51.026,3759,0.8359
7826,20:14:51.027,3758,0.8354
7827,20:14:51.027,3760,0.8364
7828,20:14:51.028,3761,0.8369
7829,20:14:51.028,3760,0.8364
7830,20:14:51.029,3737,0.8252
7831,20:14:51.029,3753,0.8330
7832,20:14:51.030,3767,0.8398
7833,20:14:51.030,3771,0.8418
7834,20:14:51.031,3741,0.8271
7835,20:14:51.031,3762,0.8374
7836,20:14:51.032,3786,0.8491
7837,20:14:51.032,3786,0.8491
7838,20:14:51.033,3766,0.8393
7839,20:14:51.033,3758,0.8354
7840,20:14:51.034,3772,0.8422
7841,20:14:51.034,3808,0.8598
7842,20:14:51.035,3785,0.8486
7843,20:14:51.035,3813,0.8623
7844,20:14:51.036,3796,0.8540
7845,20:14:51.036,3789,0.8505
7846,20:14:51.037,3805,0.8584
7847,20:14:51.037,3800,0.8559
7848,20:14:51.038,3800,0.8559
7849,20:14:51.038,3788,0.8501
7850,20:14:51.039,3803,0.8574
7851,20:14:51.039,3799,0.8554
7852,20:14:51.040,3798,0.8549
7853,20:14:51.040,3795,0.8535
7854,20:14:51.041,3798,0.8549
7855,20:14:51.041,3789,0.8505
7856,20:14:51.042,3779,0.8457
7857,20:14:51.042,3776,0.8442
7858,20:14:51.043,3769,0.8408
7859,20:14:51.043,3775,0.8437
7860,20:14:51.044,3785,0.8486
7861,20:14:51.044,3778,0.8452
7862,20:14:51.045,3778,0.8452
7863,20:14:51.045,3751,0.8320
7864,20:14:51.046,3764,0.8383
7865,20:14:51.046,3757,0.8349
7866,20:14:51.047,3758,0.8354
7867,20:14:51.047,3758,0.8354
7868,20:14:51.048,3758,0.8354
7869,20:14:51.048,3755,0.8339
7870,20:14:51.049,3752,0.8325
7871,20:14:51.049,3758,0.8354
7872,20:14:51.050,3759,0.8359
7873,20:14:51.050,3759,0.8359
7874,20:14:51.051,3757,0.8349
7875,20:14:51.051,3764,0.8383
7876,20:14:51.052,3790,0.8510
7877,20:14:51.052,3777,0.8447
7878,20:14:51.053,3767,0.8398
7879,20:14:51.053,3781,0.8466
7880,20:14:51.054,3787,0.8496
7881,20:14:51.054,3785,0.8486
7882,20:14:51.055,3810,0.8608
7883,20:14:51.055,3801,0.8564
7884,20:14:51.056,3788,0.8501
7885,20:14:51.056,3796,0.8540
7886,20:14:51.057,3795,0.8535
7887,20:14:51.057,3802,0.8569
7888,20:14:51.058,3796,0.8540
7889,20:14:51.058,3806,0.8589
7890,20:14:51.059,3797,0.8545
7891,20:14:51.059,3793,0.8525
7892,20:14:51.060,3794,0.8530
7893,20:14:51.060,3794,0.8530
7894,20:14:51.061,3796,0.8540
7895,20:14:51.061,3791,0.8515
7896,20:14:51.062,3779,0.8457
7897,20:14:51.062,3793,0.8525
7898,20:14:51.063,3768,0.8403
7899,20:14:51.063,3758,0.8354
7900,20:14:51.064,3771,0.8418
7901,20:14:51.064,3766,0.8393
7902,20:14:51.065,3836,0.8735
7903,20:14:51.065,3740,0.8266
7904,20:14:51.066,3750,0.8315
7905,20:14:51.066,3772,0.8422
7906,20:14:51.067,3759,0.8359
7907,20:14:51.067,3763,0.8379
7908,20:14:51.068,3759,0.8359
7909,20:14:51.068,3759,0.8359
7910,20:14:51.069,3764,0.8383
7911,20:14:51.069,3760,0.8364
7912,20:14:51.070,3760,0.8364
7913,20:14:51.070,3758,0.8354
7914,20:14:51.071,3765,0.8388
7915,20:14:51.071,3764,0.8383
7916,20:14:51.072,3875,0.8926
7917,20:14:51.072,3791,0.8515
7918,20:14:51.073,3781,0.8466
7919,20:14:51.073,3779,0.8457
7920,20:14:51.074,3792,0.8520
7921,20:14:51.074,3775,0.8437
7922,20:14:51.075,3776,0.8442
7923,20:14:51.075,3811,0.8613
7924,20:14:51.076,3796,0.8540
7925,20:14:51.076,3886,0.8979
7926,20:14:51.077,3803,0.8574
7927,20:14:51.077,3801,0.8564
7928,20:14:51.078,3799,0.8554
7929,20:14:51.078,3801,0.8564
7930,20:14:51.079,3786,0.8491
7931,20:14:51.079,3785,0.8486
7932,20:14:51.080,3793,0.8525
7933,20:14:51.080,3792,0.8520
7934,20:14:51.081,3793,0.8525
7935,20:14:51.081,3815,0.8632
7936,20:14:51.082,3780,0.8462
7937,20:14:51.082,3779,0.8457
7938,20:14:51.083,3742,0.8276
7939,20:14:51.083,3802,0.8569
7940,20:14:51.084,3766,0.8393
7941,20:14:51.084,3764,0.8383
7942,20:14:51.085,3786,0.8491
7943,20:14:51.085,3758,0.8354
7944,20:14:51.086,3750,0.8315
7945,20:14:51.086,3751,0.8320
7946,20:14:51.087,3752,0.8325
7947,20:14:51.087,3754,0.8335
7948,20:14:51.088,3762,0.8374
7949,20:14:51.088,3750,0.8315
7950,20:14:51.089,3760,0.8364
7951,20:14:51.089,3758,0.8354
7952,20:14:51.090,3776,0.8442
7953,20:14:51.090,3749,0.8310
7954,20:14:51.091,3756,0.8344
7955,20:14:51.091,3760,0.8364
7956,20:14:51.092,3699,0.8066
7957,20:14:51.092,3765,0.8388
7958,20:14:51.093,3789,0.8505
7959,20:14:51.093,3775,0.8437
7960,20:14:51.094,3772,0.8422
7961,20:14:51.094,3781,0.8466
7962,20:14:51.095,3788,0.8501
7963,20:14:51.095,3802,0.8569
7964,20:14:51.096,3793,0.8525
7965,20:14:51.096,3797,0.8545
7966,20:14:51.097,3788,0.8501
7967,20:14:51.097,3791,0.8515
7968,20:14:51.098,3805,0.8584
7969,20:14:51.098,3796,0.8540
7970,20:14:51.099,3796,0.8540
7971,20:14:51.099,3791,0.8515
7972,20:14:51.100,3792,0.8520
7973,20:14:51.100,3788,0.8501
7974,20:14:51.101,3781,0.8466
7975,20:14:51.101,3778,0.8452
7976,20:14:51.102,3767,0.8398
7977,20:14:51.102,3822,0.8667
7978,20:14:51.103,3777,0.8447
7979,20:14:51.103,3785,0.8486
7980,20:14:51.104,3761,0.8369
7981,20:14:51.104,3761,0.8369
7982,20:14:51.105,3770,0.8413
7983,20:14:51.105,3753,0.8330
7984,20:14:51.106,3755,0.8339
7985,20:14:51.106,3758,0.8354
7986,20:14:51.107,3766,0.8393
7987,20:14:51.107,3756,0.8344
7988,20:14:51.108,3751,0.8320
7989,20:14:51.108,3753,0.8330
7990,20:14:51.109,3781,0.8466
7991,20:14:51.109,3759,0.8359
7992,20:14:51.110,3755,0.8339
7993,20:14:51.110,3760,0.8364
7994,20:14:51.111,3769,0.8408
7995,20:14:51.111,3766,0.8393
7996,20:14:51.112,3783,0.8476
7997,20:14:51.112,3772,0.8422
7998,20:14:51.113,3767,0.8398
7999,20:14:51.113,3773,0.8427
8000,20:14:51.114,3808,0.8598
8001,20:14:51.114,3794,0.8530
8002,20:14:51.115,3763,0.8379
8003,20:14:51.115,3799,0.8554
8004,20:14:51.116,3790,0.8510
8005,20:14:51.116,3794,0.8530
8006,20:14:51.117,3793,0.8525
8007,20:14:51.117,3791,0.8515
8008,20:14:51.118,3796,0.8540
8009,20:14:51.118,3798,0.8549
8010,20:14:51.119,3790,0.8510
8011,20:14:51.119,3794,0.8530
8012,20:14:51.120,3797,0.8545
8013,20:14:51.120,3784,0.8481
8014,20:14:51.121,3786,0.8491
8015,20:14:51.121,3781,0.8466
8016,20:14:51.122,3789,0.8505
8017,20:14:51.122,3788,0.8501
8018,20:14:51.123,3779,0.8457
8019,20:14:51.123,3772,0.8422
8020,20:14:51.124,3770,0.8413
8021,20:14:51.124,3781,0.8466
8022,20:14:51.125,3777,0.8447
8023,20:14:51.125,3761,0.8369
8024,20:14:51.126,3752,0.8325
8025,20:14:51.126,3754,0.8335
8026,20:14:51.127,3753,0.8330
8027,20:14:51.127,3760,0.8364
8028,20:14:51.128,3752,0.8325
8029,20:14:51.128,3753,0.8330
8030,20:14:51.129,3758,0.8354
8031,20:14:51.129,3758,0.8354
8032,20:14:51.130,3788,0.8501
8033,20:14:51.130,3773,0.8427
8034,20:14:51.131,3771,0.8418
8035,20:14:51.131,3758,0.8354
8036,20:14:51.132,3769,0.8408
8037,20:14:51.132,3766,0.8393
8038,20:14:51.133,3779,0.8457
8039,20:14:51.133,3786,0.8491
8040,20:14:51.134,3681,0.7978
8041,20:14:51.134,3774,0.8432
8042,20:14:51.135,3785,0.8486
8043,20:14:51.135,3792,0.8520
8044,20:14:51.136,3789,0.8505
8045,20:14:51.136,3797,0.8545
8046,20:14:51.137,3796,0.8540
8047,20:14:51.137,3795,0.8535
8048,20:14:51.138,3802,0.8569
8049,20:14:51.138,3794,0.8530
8050,20:14:51.139,3782,0.8471
8051,20:14:51.139,3799,0.8554
8052,20:14:51.140,3795,0.8535
8053,20:14:51.140,3782,0.8471
8054,20:14:51.141,3798,0.8549
8055,20:14:51.141,3781,0.8466
8056,20:14:51.142,3791,0.8515
8057,20:14:51.142,3759,0.8359
8058,20:14:51.143,3762,0.8374
8059,20:14:51.143,3763,0.8379
8060,20:14:51.144,3784,0.8481
8061,20:14:51.144,3786,0.8491
8062,20:14:51.145,3774,0.8432
8063,20:14:51.145,3744,0.8286
8064,20:14:51.146,3753,0.8330
8065,20:14:51.146,3764,0.8383
8066,20:14:51.147,3756,0.8344
8067,20:14:51.147,3752,0.8325
8068,20:14:51.148,3750,0.8315
8069,20:14:51.148,3753,0.8330
8070,20:14:51.149,3758,0.8354
8071,20:14:51.149,3761,0.8369
8072,20:14:51.150,3753,0.8330
8073,20:14:51.150,3758,0.8354
8074,20:14:51.151,3791,0.8515
8075,20:14:51.151,3751,0.8320
8076,20:14:51.152,3756,0.8344
8077,20:14:51.152,3849,0.8799
8078,20:14:51.153,3785,0.8486
8079,20:14:51.153,3777,0.8447
8080,20:14:51.154,3777,0.8447
8081,20:14:51.154,3785,0.8486
8082,20:14:51.155,3779,0.8457
8083,20:14:51.155,3802,0.8569
8084,20:14:51.156,3790,0.8510
8085,20:14:51.156,3792,0.8520
8086,20:14:51.157,3785,0.8486
8087,20:14:51.157,3794,0.8530
8088,20:14:51.158,3795,0.8535
8089,20:14:51.158,3795,0.8535
8090,20:14:51.159,3795,0.8535
8091,20:14:51.159,3787,0.8496
8092,20:14:51.160,3788,0.8501
8093,20:14:51.160,3781,0.8466
8094,20:14:51.161,3788,0.8501
8095,20:14:51.161,3751,0.8320
8096,20:14:51.162,3781,0.8466
8097,20:14:51.162,3799,0.8554
8098,20:14:51.163,3771,0.8418
8099,20:14:51.163,3769,0.8408
8100,20:14:51.164,3762,0.8374
8101,20:14:51.164,3777,0.8447
8102,20:14:51.165,3790,0.8510
8103,20:14:51.165,3749,0.8310
8104,20:14:51.166,3759,0.8359
8105,20:14:51.166,3761,0.8369
8106,20:14:51.167,3754,0.8335
8107,20:14:51.167,3759,0.8359
8108,20:14:51.168,3757,0.8349
8109,20:14:51.168,3749,0.8310
8110,20:14:51.169,3749,0.8310
8111,20:14:51.169,3785,0.8486
8112,20:14:51.170,3764,0.8383
8113,20:14:51.170,3761,0.8369
8114,20:14:51.171,3760,0.8364
8115,20:14:51.171,3757,0.8349
8116,20:14:51.172,3786,0.8491
8117,20:14:51.172,3782,0.8471
8118,20:14:51.173,3736,0.8247
8119,20:14:51.173,3796,0.8540
8120,20:14:51.174,3784,0.8481
8121,20:14:51.174,3769,0.8408
8122,20:14:51.175,3791,0.8515
8123,20:14:51.175,3801,0.8564
8124,20:14:51.176,3796,0.8540
8125,20:14:51.176,3800,0.8559
8126,20:14:51.177,3790,0.8510
8127,20:14:51.177,3793,0.8525
8128,20:14:51.178,3787,0.8496
8129,20:14:51.178,3799,0.8554
8130,20:14:51.179,3796,0.8540
8131,20:14:51.179,3788,0.8501
8132,20:14:51.180,3791,0.8515
8133,20:14:51.180,3790,0.8510
8134,20:14:51.181,3796,0.8540
8135,20:14:51.181,3787,0.8496
8136,20:14:51.182,3783,0.8476
8137,20:14:51.182,3785,0.8486
8138,20:14:51.183,3775,0.8437
8139,20:14:51.183,3797,0.8545
8140,20:14:51.184,3778,0.8452
8141,20:14:51.184,3781,0.8466
8142,20:14:51.185,3770,0.8413
8143,20:14:51.185,3747,0.8300
8144,20:14:51.186,3752,0.8325
8145,20:14:51.186,3758,0.8354
8146,20:14:51.187,3757,0.8349
8147,20:14:51.187,3759,0.8359
8148,20:14:51.188,3751,0.8320
8149,20:14:51.188,3753,0.8330
8150,20:14:51.189,3760,0.8364
8151,20:14:51.189,3750,0.8315
8152,20:14:51.190,3751,0.8320
8153,20:14:51.190,3760,0.8364
8154,20:14:51.191,3833,0.8720
8155,20:14:51.191,3765,0.8388
8156,20:14:51.192,3773,0.8427
8157,20:14:51.192,3782,0.8471
8158,20:14:51.193,3801,0.8564
8159,20:14:51.193,3780,0.8462
8160,20:14:51.194,3766,0.8393
8161,20:14:51.194,3784,0.8481
8162,20:14:51.195,3802,0.8569
8163,20:14:51.195,3811,0.8613
8164,20:14:51.196,3802,0.8569
8165,20:14:51.196,3799,0.8554
8166,20:14:51.197,3795,0.8535
8167,20:14:51.197,3789,0.8505
8168,20:14:51.198,3797,0.8545
8169,20:14:51.198,3800,0.8559
8170,20:14:51.199,3792,0.8520
8171,20:14:51.199,3790,0.8510
8172,20:14:51.200,3819,0.8652
8173,20:14:51.200,3786,0.8491
8174,20:14:51.201,3775,0.8437
8175,20:14:51.201,3789,0.8505
8176,20:14:51.202,3801,0.8564
8177,20:14:51.202,3778,0.8452
8178,20:14:51.203,3766,0.8393
8179,20:14:51.203,3778,0.8452
8180,20:14:51.204,3796,0.8540
8181,20:14:51.204,3788,0.8501
8182,20:14:51.205,3778,0.8452
8183,20:14:51.205,3749,0.8310
8184,20:14:51.206,3756,0.8344
8185,20:14:51.206,3763,0.8379
8186,20:14:51.207,3758,0.8354
8187,20:14:51.207,3756,0.8344
8188,20:14:51.208,3755,0.8339
8189,20:14:51.208,3748,0.8305
8190,20:14:51.209,3756,0.8344
8191,20:14:51.209,3762,0.8374
8192,20:14:51.210,3756,0.8344
8193,20:14:51.210,3746,0.8295
8194,20:14:51.211,3745,0.8291
8195,20:14:51.211,3769,0.8408
8196,20:14:51.212,3773,0.8427
8197,20:14:51.212,3773,0.8427
8198,20:14:51.213,3812,0.8618
8199,20:14:51.213,3773,0.8427
8200,20:14:51.214,3768,0.8403
8201,20:14:51.214,3782,0.8471
8202,20:14:51.215,3767,0.8398
8203,20:14:51.215,3807,0.8593
8204,20:14:51.216,3791,0.8515
8205,20:14:51.216,3800,0.8559
8206,20:14:51.217,3797,0.8545
8207,20:14:51.217,3805,0.8584
8208,20:14:51.218,3792,0.8520
8209,20:14:51.218,3797,0.8545
8210,20:14:51.219,3792,0.8520
8211,20:14:51.219,3797,0.8545
8212,20:14:51.220,3784,0.8481
8213,20:14:51.220,3793,0.8525
8214,20:14:51.221,3799,0.8554
8215,20:14:51.221,3781,0.8466
8216,20:14:51.222,3787,0.8496
8217,20:14:51.222,3750,0.8315
8218,20:14:51.223,3784,0.8481
8219,20:14:51.223,3779,0.8457
8220,20:14:51.224,3774,0.8432
8221,20:14:51.224,3756,0.8344
8222,20:14:51.225,3773,0.8427
8223,20:14:51.225,3755,0.8339
8224,20:14:51.226,3761,0.8369
8225,20:14:51.226,3755,0.8339
8226,20:14:51.227,3758,0.8354
8227,20:14:51.227,3766,0.8393
8228,20:14:51.228,3750,0.8315
8229,20:14:51.228,3756,0.8344
8230,20:14:51.229,3760,0.8364
8231,20:14:51.229,3761,0.8369
8232,20:14:51.230,3749,0.8310
8233,20:14:51.230,3760,0.8364
8234,20:14:51.231,3767,0.8398
8235,20:14:51.231,3695,0.8046
8236,20:14:51.232,3777,0.8447
8237,20:14:51.232,3785,0.8486
8238,20:14:51.233,3771,0.8418
8239,20:14:51.233,3787,0.8496
8240,20:14:51.234,3786,0.8491
8241,20:14:51.234,3773,0.8427
8242,20:14:51.235,3804,0.8579
8243,20:14:51.235,3798,0.8549
8244,20:14:51.236,3779,0.8457
8245,20:14:51.236,3800,0.8559
8246,20:14:51.237,3801,0.8564
8247,20:14:51.237,3797,0.8545
8248,20:14:51.238,3806,0.8589
8249,20:14:51.238,3796,0.8540
8250,20:14:51.239,3795,0.8535
8251,20:14:51.239,3799,0.8554
8252,20:14:51.240,3794,0.8530
8253,20:14:51.240,3784,0.8481
8254,20:14:51.241,3794,0.8530
8255,20:14:51.241,3790,0.8510
8256,20:14:51.242,3789,0.8505
8257,20:14:51.242,3784,0.8481
8258,20:14:51.243,3743,0.8281
8259,20:14:51.243,3766,0.8393
8260,20:14:51.244,3766,0.8393
8261,20:14:51.244,3780,0.8462
8262,20:14:51.245,3769,0.8408
8263,20:14:51.245,3765,0.8388
8264,20:14:51.246,3760,0.8364
8265,20:14:51.246,3760,0.8364
8266,20:14:51.247,3757,0.8349
8267,20:14:51.247,3753,0.8330
8268,20:14:51.248,3759,0.8359
8269,20:14:51.248,3754,0.8335
8270,20:14:51.249,3763,0.8379
8271,20:14:51.249,3764,0.8383
8272,20:14:51.250,3765,0.8388
8273,20:14:51.250,3761,0.8369
8274,20:14:51.251,3781,0.8466
8275,20:14:51.251,3755,0.8339
8276,20:14:51.252,3784,0.8481
8277,20:14:51.252,3696,0.8051
8278,20:14:51.253,3770,0.8413
8279,20:14:51.253,3785,0.8486
8280,20:14:51.254,3800,0.8559
8281,20:14:51.254,3769,0.8408
8282,20:14:51.255,3769,0.8408
8283,20:14:51.255,3846,0.8784
8284,20:14:51.256,3797,0.8545
8285,20:14:51.256,3796,0.8540
8286,20:14:51.257,3793,0.8525
8287,20:14:51.257,3794,0.8530
8288,20:14:51.258,3801,0.8564
8289,20:14:51.258,3796,0.8540
8290,20:14:51.259,3800,0.8559
8291,20:14:51.259,3780,0.8462
8292,20:14:51.260,3793,0.8525
8293,20:14:51.260,3790,0.8510
8294,20:14:51.261,3796,0.8540
8295,20:14:51.261,3785,0.8486
8296,20:14:51.262,3794,0.8530
8297,20:14:51.262,3790,0.8510
8298,20:14:51.263,3776,0.8442
8299,20:14:51.263,3771,0.8418
8300,20:14:51.264,3775,0.8437
8301,20:14:51.264,3767,0.8398
8302,20:14:51.265,3785,0.8486
8303,20:14:51.265,3753,0.8330
8304,20:14:51.266,3762,0.8374
8305,20:14:51.266,3744,0.8286
8306,20:14:51.267,3763,0.8379
8307,20:14:51.267,3768,0.8403
8308,20:14:51.268,3761,0.8369
8309,20:14:51.268,3755,0.8339
8310,20:14:51.269,3758,0.8354
8311,20:14:51.269,3772,0.8422
8312,20:14:51.270,3743,0.8281
8313,20:14:51.270,3763,0.8379
8314,20:14:51.271,3750,0.8315
8315,20:14:51.271,3764,0.8383
8316,20:14:51.272,3747,0.8300
8317,20:14:51.272,3793,0.8525
8318,20:14:51.273,3779,0.8457
8319,20:14:51.273,3752,0.8325
8320,20:14:51.274,3778,0.8452
8321,20:14:51.274,3802,0.8569
8322,20:14:51.275,3797,0.8545
8323,20:14:51.275,3794,0.8530
8324,20:14:51.276,3788,0.8501
8325,20:14:51.276,3798,0.8549
8326,20:14:51.277,3869,0.8896
8327,20:14:51.277,3799,0.8554
8328,20:14:51.278,3799,0.8554
8329,20:14:51.278,3797,0.8545
8330,20:14:51.279,3792,0.8520
8331,20:14:51.279,3796,0.8540
8332,20:14:51.280,3799,0.8554
8333,20:14:51.280,3782,0.8471
8334,20:14:51.281,3788,0.8501
8335,20:14:51.281,3785,0.8486
8336,20:14:51.282,3790,0.8510
8337,20:14:51.282,3784,0.8481
8338,20:14:51.283,3789,0.8505
8339,20:14:51.283,3791,0.8515
8340,20:14:51.284,3782,0.8471
8341,20:14:51.284,3766,0.8393
8342,20:14:51.285,3754,0.8335
8343,20:14:51.285,3749,0.8310
8344,20:14:51.286,3769,0.8408
8345,20:14:51.286,3761,0.8369
8346,20:14:51.287,3751,0.8320
8347,20:14:51.287,3760,0.8364
8348,20:14:51.288,3754,0.8335
8349,20:14:51.288,3757,0.8349
8350,20:14:51.289,3762,0.8374
8351,20:14:51.289,3760,0.8364
8352,20:14:51.290,3762,0.8374
8353,20:14:51.290,3768,0.8403
8354,20:14:51.291,3758,0.8354
8355,20:14:51.291,3763,0.8379
8356,20:14:51.292,3768,0.8403
8357,20:14:51.292,3779,0.8457
8358,20:14:51.293,3771,0.8418
8359,20:14:51.293,3787,0.8496
8360,20:14:51.294,3784,0.8481
8361,20:14:51.294,3779,0.8457
8362,20:14:51.295,3786,0.8491
8363,20:14:51.295,3796,0.8540
8364,20:14:51.296,3800,0.8559
8365,20:14:51.296,3801,0.8564
8366,20:14:51.297,3789,0.8505
8367,20:14:51.297,3795,0.8535
8368,20:14:51.298,3792,0.8520
8369,20:14:51.298,3792,0.8520
8370,20:14:51.299,3795,0.8535
8371,20:14:51.299,3790,0.8510
8372,20:14:51.300,3808,0.8598
8373,20:14:51.300,3794,0.8530
8374,20:14:51.301,3771,0.8418
8375,20:14:51.301,3778,0.8452
8376,20:14:51.302,3775,0.8437
8377,20:14:51.302,3793,0.8525
8378,20:14:51.303,3776,0.8442
8379,20:14:51.303,3767,0.8398
8380,20:14:51.304,3773,0.8427
8381,20:14:51.304,3780,0.8462
8382,20:14:51.305,3819,0.8652
8383,20:14:51.305,3747,0.8300
8384,20:14:51.306,3750,0.8315
8385,20:14:51.306,3756,0.8344
8386,20:14:51.307,3764,0.8383
8387,20:14:51.307,3759,0.8359
8388,20:14:51.308,3749,0.8310
8389,20:14:51.308,3757,0.8349
8390,20:14:51.309,3762,0.8374
8391,20:14:51.309,3762,0.8374
8392,20:14:51.310,3763,0.8379
8393,20:14:51.310,3792,0.8520
8394,20:14:51.311,3773,0.8427
8395,20:14:51.311,3768,0.8403
8396,20:14:51.312,3762,0.8374
8397,20:14:51.312,3773,0.8427
8398,20:14:51.313,3781,0.8466
8399,20:14:51.313,3785,0.8486
8400,20:14:51.314,3780,0.8462
8401,20:14:51.314,3781,0.8466
8402,20:14:51.315,3774,0.8432
8403,20:14:51.315,3798,0.8549
8404,20:14:51.316,3793,0.8525
8405,20:14:51.316,3802,0.8569
8406,20:14:51.317,3797,0.8545
8407,20:14:51.317,3804,0.8579
8408,20:14:51.318,3802,0.8569
8409,20:14:51.318,3800,0.8559
8410,20:14:51.319,3802,0.8569
8411,20:14:51.319,3793,0.8525
8412,20:14:51.320,3802,0.8569
8413,20:14:51.320,3794,0.8530
8414,20:14:51.321,3796,0.8540
8415,20:14:51.321,3767,0.8398
8416,20:14:51.322,3789,0.8505
8417,20:14:51.322,3767,0.8398
8418,20:14:51.323,3784,0.8481
8419,20:14:51.323,3767,0.8398
8420,20:14:51.324,3786,0.8491
8421,20:14:51.324,3782,0.8471
8422,20:14:51.325,3768,0.8403
8423,20:14:51.325,3749,0.8310
8424,20:14:51.326,3767,0.8398
8425,20:14:51.326,3765,0.8388
8426,20:14:51.327,3759,0.8359
8427,20:14:51.327,3767,0.8398
8428,20:14:51.328,3763,0.8379
8429,20:14:51.328,3759,0.8359
8430,20:14:51.329,3742,0.8276
8431,20:14:51.329,3761,0.8369
8432,20:14:51.330,3761,0.8369
8433,20:14:51.330,3763,0.8379
8434,20:14:51.331,3764,0.8383
8435,20:14:51.331,3769,0.8408
8436,20:14:51.332,3781,0.8466
8437,20:14:51.332,3814,0.8628
8438,20:14:51.333,3778,0.8452
8439,20:14:51.333,3781,0.8466
8440,20:14:51.334,3770,0.8413
8441,20:14:51.334,3810,0.8608
8442,20:14:51.335,3779,0.8457
8443,20:14:51.335,3810,0.8608
8444,20:14:51.336,3791,0.8515
8445,20:14:51.336,3805,0.8584
8446,20:14:51.337,3796,0.8540
8447,20:14:51.337,3797,0.8545
8448,20:14:51.338,3788,0.8501
8449,20:14:51.338,3801,0.8564
8450,20:14:51.339,3798,0.8549
8451,20:14:51.339,3790,0.8510
8452,20:14:51.340,3796,0.8540
8453,20:14:51.340,3786,0.8491
8454,20:14:51.341,3794,0.8530
8455,20:14:51.341,3805,0.8584
8456,20:14:51.342,3780,0.8462
8457,20:14:51.342,3770,0.8413
8458,20:14:51.343,3774,0.8432
8459,20:14:51.343,3776,0.8442
8460,20:14:51.344,3781,0.8466
8461,20:14:51.344,3772,0.8422
8462,20:14:51.345,3774,0.8432
8463,20:14:51.345,3758,0.8354
8464,20:14:51.346,3755,0.8339
8465,20:14:51.346,3757,0.8349
8466,20:14:51.347,3766,0.8393
8467,20:14:51.347,3766,0.8393
8468,20:14:51.348,3762,0.8374
8469,20:14:51.348,3761,0.8369
8470,20:14:51.349,3766,0.8393
8471,20:14:51.349,3763,0.8379
8472,20:14:51.350,3762,0.8374
8473,20:14:51.350,3758,0.8354
8474,20:14:51.351,3764,0.8383
8475,20:14:51.351,3759,0.8359
8476,20:14:51.352,3784,0.8481
8477,20:14:51.352,3783,0.8476
8478,20:14:51.353,3772,0.8422
8479,20:14:51.353,3763,0.8379
8480,20:14:51.354,3791,0.8515
8481,20:14:51.354,3798,0.8549
8482,20:14:51.355,3788,0.8501
8483,20:14:51.355,3813,0.8623
8484,20:14:51.356,3800,0.8559
8485,20:14:51.356,3818,0.8647
8486,20:14:51.357,3795,0.8535
8487,20:14:51.357,3793,0.8525
8488,20:14:51.358,3809,0.8603
8489,20:14:51.358,3798,0.8549
8490,20:14:51.359,3791,0.8515
8491,20:14:51.359,3779,0.8457
8492,20:14:51.360,3797,0.8545
8493,20:14:51.360,3804,0.8579
8494,20:14:51.361,3808,0.8598
8495,20:14:51.361,3776,0.8442
8496,20:14:51.362,3782,0.8471
8497,20:14:51.362,3782,0.8471
8498,20:14:51.363,3806,0.8589
8499,20:14:51.363,3796,0.8540
8500,20:14:51.364,3775,0.8437
8501,20:14:51.364,3771,0.8418
8502,20:14:51.365,3777,0.8447
8503,20:14:51.365,3752,0.8325
8504,20:14:51.366,3763,0.8379
8505,20:14:51.366,3767,0.8398
8506,20:14:51.367,3766,0.8393
8507,20:14:51.367,3752,0.8325
8508,20:14:51.368,3757,0.8349
8509,20:14:51.368,3763,0.8379
8510,20:14:51.369,3762,0.8374
8511,20:14:51.369,3771,0.8418
8512,20:14:51.370,3755,0.8339
8513,20:14:51.370,3763,0.8379
8514,20:14:51.371,3755,0.8339
8515,20:14:51.371,3764,0.8383
8516,20:14:51.372,3789,0.8505
8517,20:14:51.372,3796,0.8540
8518,20:14:51.373,3774,0.8432
8519,20:14:51.373,3768,0.8403
8520,20:14:51.374,3783,0.8476
8521,20:14:51.374,3786,0.8491
8522,20:14:51.375,3806,0.8589
8523,20:14:51.375,3803,0.8574
8524,20:14:51.376,3806,0.8589
8525,20:14:51.376,3803,0.8574
8526,20:14:51.377,3799,0.8554
8527,20:14:51.377,3802,0.8569
8528,20:14:51.378,3798,0.8549
8529,20:14:51.378,3806,0.8589
8530,20:14:51.379,3801,0.8564
8531,20:14:51.379,3796,0.8540
8532,20:14:51.380,3791,0.8515
8533,20:14:51.380,3761,0.8369
8534,20:14:51.381,3783,0.8476
8535,20:14:51.381,3805,0.8584
8536,20:14:51.382,3769,0.8408
8537,20:14:51.382,3782,0.8471
8538,20:14:51.383,3775,0.8437
8539,20:14:51.383,3795,0.8535
8540,20:14:51.384,3781,0.8466
8541,20:14:51.384,3788,0.8501
8542,20:14:51.385,3702,0.8081
8543,20:14:51.385,3751,0.8320
8544,20:14:51.386,3767,0.8398
8545,20:14:51.386,3772,0.8422
8546,20:14:51.387,3759,0.8359
8547,20:14:51.387,3765,0.8388
8548,20:14:51.388,3761,0.8369
8549,20:14:51.388,3754,0.8335
8550,20:14:51.389,3766,0.8393
8551,20:14:51.389,3763,0.8379
8552,20:14:51.390,3724,0.8188
8553,20:14:51.390,3762,0.8374
8554,20:14:51.391,3758,0.8354
8555,20:14:51.391,3776,0.8442
8556,20:14:51.392,3790,0.8510
8557,20:14:51.392,3792,0.8520
8558,20:14:51.393,3787,0.8496
8559,20:14:51.393,3817,0.8642
8560,20:14:51.394,3791,0.8515
8561,20:14:51.394,3784,0.8481
8562,20:14:51.395,3782,0.8471
8563,20:14:51.395,3810,0.8608
8564,20:14:51.396,3803,0.8574
8565,20:14:51.396,3795,0.8535
8566,20:14:51.397,3802,0.8569
8567,20:14:51.397,3794,0.8530
8568,20:14:51.398,3794,0.8530
8569,20:14:51.398,3796,0.8540
8570,20:14:51.399,3792,0.8520
8571,20:14:51.399,3798,0.8549
8572,20:14:51.400,3794,0.8530
8573,20:14:51.400,3802,0.8569
8574,20:14:51.401,3786,0.8491
8575,20:14:51.401,3788,0.8501
8576,20:14:51.402,3765,0.8388
8577,20:14:51.402,3786,0.8491
8578,20:14:51.403,3782,0.8471
8579,20:14:51.403,3775,0.8437
8580,20:14:51.404,3784,0.8481
8581,20:14:51.404,3782,0.8471
8582,20:14:51.405,3794,0.8530
8583,20:14:51.405,3745,0.8291
8584,20:14:51.406,3668,0.7915
8585,20:14:51.406,3758,0.8354
8586,20:14:51.407,3768,0.8403
8587,20:14:51.407,3758,0.8354
8588,20:14:51.408,3760,0.8364
8589,20:14:51.408,3759,0.8359
8590,20:14:51.409,3757,0.8349
8591,20:14:51.409,3760,0.8364
8592,20:14:51.410,3760,0.8364
8593,20:14:51.410,3767,0.8398
8594,20:14:51.411,3763,0.8379
8595,20:14:51.411,3779,0.8457
8596,20:14:51.412,3788,0.8501
8597,20:14:51.412,3799,0.8554
8598,20:14:51.413,3767,0.8398
8599,20:14:51.413,3766,0.8393
8600,20:14:51.414,3791,0.8515
8601,20:14:51.414,3773,0.8427
8602,20:14:51.415,3795,0.8535
8603,20:14:51.415,3791,0.8515
8604,20:14:51.416,3796,0.8540
8605,20:14:51.416,3791,0.8515
8606,20:14:51.417,3799,0.8554
8607,20:14:51.417,3796,0.8540
8608,20:14:51.418,3799,0.8554
8609,20:14:51.418,3781,0.8466
8610,20:14:51.419,3798,0.8549
8611,20:14:51.419,3792,0.8520
8612,20:14:51.420,3791,0.8515
8613,20:14:51.420,3806,0.8589
8614,20:14:51.421,3792,0.8520
8615,20:14:51.421,3793,0.8525
8616,20:14:51.422,3820,0.8657
8617,20:14:51.422,3789,0.8505
8618,20:14:51.423,3790,0.8510
8619,20:14:51.423,3821,0.8662
8620,20:14:51.424,3794,0.8530
8621,20:14:51.424,3754,0.8335
8622,20:14:51.425,3770,0.8413
8623,20:14:51.425,3761,0.8369
8624,20:14:51.426,3765,0.8388
8625,20:14:51.426,3758,0.8354
8626,20:14:51.427,3763,0.8379
8627,20:14:51.427,3758,0.8354
8628,20:14:51.428,3761,0.8369
8629,20:14:51.428,3760,0.8364
8630,20:14:51.429,3740,0.8266
8631,20:14:51.429,3767,0.8398
8632,20:14:51.430,3768,0.8403
8633,20:14:51.430,3763,0.8379
8634,20:14:51.431,3758,0.8354
8635,20:14:51.431,3759,0.8359
8636,20:14:51.432,3778,0.8452
8637,20:14:51.432,3792,0.8520
8638,20:14:51.433,3852,0.8813
8639,20:14:51.433,3778,0.8452
8640,20:14:51.434,3755,0.8339
8641,20:14:51.434,3801,0.8564
8642,20:14:51.435,3795,0.8535
8643,20:14:51.435,3797,0.8545
8644,20:14:51.436,3790,0.8510
8645,20:14:51.436,3784,0.8481
8646,20:14:51.437,3801,0.8564
8647,20:14:51.437,3805,0.8584
8648,20:14:51.438,3797,0.8545
8649,20:14:51.438,3798,0.8549
8650,20:14:51.439,3795,0.8535
8651,20:14:51.439,3800,0.8559
8652,20:14:51.440,3796,0.8540
8653,20:14:51.440,3793,0.8525
8654,20:14:51.441,3788,0.8501
8655,20:14:51.441,3796,0.8540
8656,20:14:51.442,3773,0.8427
8657,20:14:51.442,3770,0.8413
8658,20:14:51.443,3774,0.8432
8659,20:14:51.443,3770,0.8413
8660,20:14:51.444,3776,0.8442
8661,20:14:51.444,3769,0.8408
8662,20:14:51.445,3777,0.8447
8663,20:14:51.445,3746,0.8295
8664,20:14:51.446,3757,0.8349
8665,20:14:51.446,3759,0.8359
8666,20:14:51.447,3757,0.8349
8667,20:14:51.447,3757,0.8349
8668,20:14:51.448,3755,0.8339
8669,20:14:51.448,3756,0.8344
8670,20:14:51.449,3772,0.8422
8671,20:14:51.449,3753,0.8330
8672,20:14:51.450,3756,0.8344
8673,20:14:51.450,3757,0.8349
8674,20:14:51.451,3768,0.8403
8675,20:14:51.451,3756,0.8344
8676,20:14:51.452,3780,0.8462
8677,20:14:51.452,3773,0.8427
8678,20:14:51.453,3779,0.8457
8679,20:14:51.453,3784,0.8481
8680,20:14:51.454,3797,0.8545
8681,20:14:51.454,3790,0.8510
8682,20:14:51.455,3789,0.8505
8683,20:14:51.455,3797,0.8545
8684,20:14:51.456,3906,0.9077
8685,20:14:51.456,3804,0.8579
8686,20:14:51.457,3799,0.8554
8687,20:14:51.457,3797,0.8545
8688,20:14:51.458,3799,0.8554
8689,20:14:51.458,3792,0.8520
8690,20:14:51.459,3792,0.8520
8691,20:14:51.459,3793,0.8525
8692,20:14:51.460,3800,0.8559
8693,20:14:51.460,3794,0.8530
8694,20:14:51.461,3800,0.8559
8695,20:14:51.461,3798,0.8549
8696,20:14:51.462,3777,0.8447
8697,20:14:51.462,3786,0.8491
8698,20:14:51.463,3768,0.8403
8699,20:14:51.463,3798,0.8549
8700,20:14:51.464,3762,0.8374
8701,20:14:51.464,3776,0.8442
8702,20:14:51.465,3786,0.8491
8703,20:14:51.465,3767,0.8398
8704,20:14:51.466,3765,0.8388
8705,20:14:51.466,3753,0.8330
8706,20:14:51.467,3756,0.8344
8707,20:14:51.467,3769,0.8408
8708,20:14:51.468,3755,0.8339
8709,20:14:51.468,3766,0.8393
8710,20:14:51.469,3760,0.8364
8711,20:14:51.469,3744,0.8286
8712,20:14:51.470,3767,0.8398
8713,20:14:51.470,3765,0.8388
8714,20:14:51.471,3763,0.8379
8715,20:14:51.471,3765,0.8388
8716,20:14:51.472,3787,0.8496
8717,20:14:51.472,3804,0.8579
8718,20:14:51.473,3782,0.8471
8719,20:14:51.473,3773,0.8427
8720,20:14:51.474,3782,0.8471
8721,20:14:51.474,3785,0.8486
8722,20:14:51.475,3822,0.8667
8723,20:14:51.475,3798,0.8549
8724,20:14:51.476,3793,0.8525
8725,20:14:51.476,3798,0.8549
8726,20:14:51.477,3797,0.8545
8727,20:14:51.477,3801,0.8564
8728,20:14:51.478,3797,0.8545
8729,20:14:51.478,3780,0.8462
8730,20:14:51.479,3805,0.8584
8731,20:14:51.479,3802,0.8569
8732,20:14:51.480,3795,0.8535
8733,20:14:51.480,3792,0.8520
8734,20:14:51.481,3799,0.8554
8735,20:14:51.481,3786,0.8491
8736,20:14:51.482,3776,0.8442
8737,20:14:51.482,3799,0.8554
8738,20:14:51.483,3777,0.8447
8739,20:14:51.483,3783,0.8476
8740,20:14:51.484,3772,0.8422
8741,20:14:51.484,3771,0.8418
8742,20:14:51.485,3773,0.8427
8743,20:14:51.485,3748,0.8305
8744,20:14:51.486,3761,0.8369
8745,20:14:51.486,3777,0.8447
8746,20:14:51.487,3764,0.8383
8747,20:14:51.487,3762,0.8374
8748,20:14:51.488,3757,0.8349
8749,20:14:51.488,3755,0.8339
8750,20:14:51.489,3754,0.8335
8751,20:14:51.489,3756,0.8344
8752,20:14:51.490,3753,0.8330
8753,20:14:51.490,3760,0.8364
8754,20:14:51.491,3831,0.8711
8755,20:14:51.491,3767,0.8398
8756,20:14:51.492,3777,0.8447
8757,20:14:51.492,3778,0.8452
8758,20:14:51.493,3774,0.8432
8759,20:14:51.493,3757,0.8349
8760,20:14:51.494,3806,0.8589
8761,20:14:51.494,3774,0.8432
8762,20:14:51.495,3761,0.8369
8763,20:14:51.495,3794,0.8530
8764,20:14:51.496,3803,0.8574
8765,20:14:51.496,3808,0.8598
8766,20:14:51.497,3799,0.8554
8767,20:14:51.497,3804,0.8579
8768,20:14:51.498,3804,0.8579
8769,20:14:51.498,3801,0.8564
8770,20:14:51.499,3799,0.8554
8771,20:14:51.499,3784,0.8481
8772,20:14:51.500,3805,0.8584
8773,20:14:51.500,3787,0.8496
8774,20:14:51.501,3777,0.8447
8775,20:14:51.501,3794,0.8530
8776,20:14:51.502,3791,0.8515
8777,20:14:51.502,3789,0.8505
8778,20:14:51.503,3784,0.8481
8779,20:14:51.503,3731,0.8222
8780,20:14:51.504,3785,0.8486
8781,20:14:51.504,3807,0.8593
8782,20:14:51.505,3776,0.8442
8783,20:14:51.505,3751,0.8320
8784,20:14:51.506,3762,0.8374
8785,20:14:51.506,3760,0.8364
8786,20:14:51.507,3758,0.8354
8787,20:14:51.507,3756,0.8344
8788,20:14:51.508,3769,0.8408
8789,20:14:51.508,3746,0.8295
8790,20:14:51.509,3745,0.8291
8791,20:14:51.509,3739,0.8261
8792,20:14:51.510,3752,0.8325
8793,20:14:51.510,3757,0.8349
8794,20:14:51.511,3748,0.8305
8795,20:14:51.511,3771,0.8418
8796,20:14:51.512,3773,0.8427
8797,20:14:51.512,3767,0.8398
8798,20:14:51.513,3725,0.8193
8799,20:14:51.513,3781,0.8466
8800,20:14:51.514,3772,0.8422
8801,20:14:51.514,3775,0.8437
8802,20:14:51.515,3769,0.8408
8803,20:14:51.515,3803,0.8574
8804,20:14:51.516,3809,0.8603
8805,20:14:51.516,3806,0.8589
8806,20:14:51.517,3801,0.8564
8807,20:14:51.517,3806,0.8589
8808,20:14:51.518,3811,0.8613
8809,20:14:51.518,3812,0.8618
8810,20:14:51.519,3810,0.8608
8811,20:14:51.519,3810,0.8608
8812,20:14:51.520,3813,0.8623
8813,20:14:51.520,3806,0.8589
8814,20:14:51.521,3806,0.8589
8815,20:14:51.521,3793,0.8525
8816,20:14:51.522,3786,0.8491
8817,20:14:51.522,3782,0.8471
8818,20:14:51.523,3784,0.8481
8819,20:14:51.523,3802,0.8569
8820,20:14:51.524,3778,0.8452
8821,20:14:51.524,3786,0.8491
8822,20:14:51.525,3785,0.8486
8823,20:14:51.525,3758,0.8354
8824,20:14:51.526,3768,0.8403
8825,20:14:51.526,3761,0.8369
8826,20:14:51.527,3756,0.8344
8827,20:14:51.527,3763,0.8379
8828,20:14:51.528,3759,0.8359
8829,20:14:51.528,3753,0.8330
8830,20:14:51.529,3761,0.8369
8831,20:14:51.529,3759,0.8359
8832,20:14:51.530,3754,0.8335
8833,20:14:51.530,3756,0.8344
8834,20:14:51.531,3754,0.8335
8835,20:14:51.531,3750,0.8315
8836,20:14:51.532,3774,0.8432
8837,20:14:51.532,3783,0.8476
8838,20:14:51.533,3761,0.8369
8839,20:14:51.533,3774,0.8432
8840,20:14:51.534,3753,0.8330
8841,20:14:51.534,3788,0.8501
8842,20:14:51.535,3789,0.8505
8843,20:14:51.535,3798,0.8549
8844,20:14:51.536,3796,0.8540
8845,20:14:51.536,3804,0.8579
8846,20:14:51.537,3806,0.8589
8847,20:14:51.537,3806,0.8589
8848,20:14:51.538,3811,0.8613
8849,20:14:51.538,3803,0.8574
8850,20:14:51.539,3819,0.8652
8851,20:14:51.539,3800,0.8559
8852,20:14:51.540,3810,0.8608
8853,20:14:51.540,3807,0.8593
8854,20:14:51.541,3789,0.8505
8855,20:14:51.541,3802,0.8569
8856,20:14:51.542,3810,0.8608
8857,20:14:51.542,3786,0.8491
8858,20:14:51.543,3754,0.8335
8859,20:14:51.543,3788,0.8501
8860,20:14:51.544,3803,0.8574
8861,20:14:51.544,3785,0.8486
8862,20:14:51.545,3785,0.8486
8863,20:14:51.545,3763,0.8379
8864,20:14:51.546,3763,0.8379
8865,20:14:51.546,3761,0.8369
8866,20:14:51.547,3760,0.8364
8867,20:14:51.547,3757,0.8349
8868,20:14:51.548,3754,0.8335
8869,20:14:51.548,3752,0.8325
8870,20:14:51.549,3754,0.8335
8871,20:14:51.549,3756,0.8344
8872,20:14:51.550,3752,0.8325
8873,20:14:51.550,3752,0.8325
8874,20:14:51.551,3765,0.8388
8875,20:14:51.551,3780,0.8462
8876,20:14:51.552,3777,0.8447
8877,20:14:51.552,3769,0.8408
8878,20:14:51.553,3785,0.8486
8879,20:14:51.553,3769,0.8408
8880,20:14:51.554,3769,0.8408
8881,20:14:51.554,3776,0.8442
8882,20:14:51.555,3779,0.8457
8883,20:14:51.555,3817,0.8642
8884,20:14:51.556,3802,0.8569
8885,20:14:51.556,3804,0.8579
8886,20:14:51.557,3811,0.8613
8887,20:14:51.557,3804,0.8579
8888,20:14:51.558,3809,0.8603
8889,20:14:51.558,3814,0.8628
8890,20:14:51.559,3810,0.8608
8891,20:14:51.559,3800,0.8559
8892,20:14:51.560,3803,0.8574
8893,20:14:51.560,3805,0.8584
8894,20:14:51.561,3811,0.8613
8895,20:14:51.561,3791,0.8515
8896,20:14:51.562,3789,0.8505
8897,20:14:51.562,3792,0.8520
8898,20:14:51.563,3794,0.8530
8899,20:14:51.563,3855,0.8828
8900,20:14:51.564,3777,0.8447
8901,20:14:51.564,3695,0.8046
8902,20:14:51.565,3780,0.8462
8903,20:14:51.565,3755,0.8339
8904,20:14:51.566,3773,0.8427
8905,20:14:51.566,3747,0.8300
8906,20:14:51.567,3753,0.8330
8907,20:14:51.567,3763,0.8379
8908,20:14:51.568,3753,0.8330
8909,20:14:51.568,3752,0.8325
8910,20:14:51.569,3752,0.8325
8911,20:14:51.569,3752,0.8325
8912,20:14:51.570,3750,0.8315
8913,20:14:51.570,3756,0.8344
8914,20:14:51.571,3760,0.8364
8915,20:14:51.571,3765,0.8388
8916,20:14:51.572,3771,0.8418
8917,20:14:51.572,3776,0.8442
8918,20:14:51.573,3783,0.8476
8919,20:14:51.573,3768,0.8403
8920,20:14:51.574,3771,0.8418
8921,20:14:51.574,3786,0.8491
8922,20:14:51.575,3771,0.8418
8923,20:14:51.575,3811,0.8613
8924,20:14:51.576,3796,0.8540
8925,20:14:51.576,3801,0.8564
8926,20:14:51.577,3826,0.8686
8927,20:14:51.577,3808,0.8598
8928,20:14:51.578,3812,0.8618
8929,20:14:51.578,3809,0.8603
8930,20:14:51.579,3809,0.8603
8931,20:14:51.579,3800,0.8559
8932,20:14:51.580,3803,0.8574
8933,20:14:51.580,3799,0.8554
8934,20:14:51.581,3798,0.8549
8935,20:14:51.581,3793,0.8525
8936,20:14:51.582,3790,0.8510
8937,20:14:51.582,3783,0.8476
8938,20:14:51.583,3795,0.8535
8939,20:14:51.583,3787,0.8496
8940,20:14:51.584,3806,0.8589
8941,20:14:51.584,3782,0.8471
8942,20:14:51.585,3778,0.8452
8943,20:14:51.585,3753,0.8330
8944,20:14:51.586,3766,0.8393
8945,20:14:51.586,3798,0.8549
8946,20:14:51.587,3757,0.8349
8947,20:14:51.587,3747,0.8300
8948,20:14:51.588,3757,0.8349
8949,20:14:51.588,3759,0.8359
8950,20:14:51.589,3751,0.8320
8951,20:14:51.589,3752,0.8325
8952,20:14:51.590,3752,0.8325
8953,20:14:51.590,3754,0.8335
8954,20:14:51.591,3755,0.8339
8955,20:14:51.591,3759,0.8359
8956,20:14:51.592,3777,0.8447
8957,20:14:51.592,3766,0.8393
8958,20:14:51.593,3768,0.8403
8959,20:14:51.593,3797,0.8545
8960,20:14:51.594,3776,0.8442
8961,20:14:51.594,3765,0.8388
8962,20:14:51.595,3776,0.8442
8963,20:14:51.595,3817,0.8642
8964,20:14:51.596,3802,0.8569
8965,20:14:51.596,3789,0.8505
8966,20:14:51.597,3804,0.8579
8967,20:14:51.597,3806,0.8589
8968,20:14:51.598,3808,0.8598
8969,20:14:51.598,3818,0.8647
8970,20:14:51.599,3806,0.8589
8971,20:14:51.599,3800,0.8559
8972,20:14:51.600,3824,0.8676
8973,20:14:51.600,3803,0.8574
8974,20:14:51.601,3810,0.8608
8975,20:14:51.601,3806,0.8589
8976,20:14:51.602,3795,0.8535
8977,20:14:51.602,3789,0.8505
8978,20:14:51.603,3851,0.8808
8979,20:14:51.603,3788,0.8501
8980,20:14:51.604,3778,0.8452
8981,20:14:51.604,3767,0.8398
8982,20:14:51.605,3800,0.8559
8983,20:14:51.605,3765,0.8388
8984,20:14:51.606,3763,0.8379
8985,20:14:51.606,3758,0.8354
8986,20:14:51.607,3762,0.8374
8987,20:14:51.607,3761,0.8369
8988,20:14:51.608,3761,0.8369
8989,20:14:51.608,3756,0.8344
8990,20:14:51.609,3748,0.8305
8991,20:14:51.609,3768,0.8403
8992,20:14:51.610,3761,0.8369
8993,20:14:51.610,3755,0.8339
8994,20:14:51.611,3757,0.8349
8995,20:14:51.611,3766,0.8393
8996,20:14:51.612,3775,0.8437
8997,20:14:51.612,3767,0.8398
8998,20:14:51.613,3782,0.8471
8999,20:14:51.613,3786,0.8491
9000,20:14:51.614,3772,0.8422
9001,20:14:51.614,3762,0.8374
9002,20:14:51.615,3791,0.8515
9003,20:14:51.615,3810,0.8608
9004,20:14:51.616,3807,0.8593
9005,20:14:51.616,3810,0.8608
9006,20:14:51.617,3804,0.8579
9007,20:14:51.617,3801,0.8564
9008,20:14:51.618,3806,0.8589
9009,20:14:51.618,3813,0.8623
9010,20:14:51.619,3812,0.8618
9011,20:14:51.619,3807,0.8593
9012,20:14:51.620,3807,0.8593
9013,20:14:51.620,3802,0.8569
9014,20:14:51.621,3813,0.8623
9015,20:14:51.621,3796,0.8540
9016,20:14:51.622,3785,0.8486
9017,20:14:51.622,3797,0.8545
9018,20:14:51.623,3777,0.8447
9019,20:14:51.623,3785,0.8486
9020,20:14:51.624,3784,0.8481
9021,20:14:51.624,3778,0.8452
9022,20:14:51.625,3778,0.8452
9023,20:14:51.625,3746,0.8295
9024,20:14:51.626,3780,0.8462
9025,20:14:51.626,3757,0.8349
9026,20:14:51.627,3752,0.8325
9027,20:14:51.627,3760,0.8364
9028,20:14:51.628,3758,0.8354
9029,20:14:51.628,3749,0.8310
9030,20:14:51.629,3746,0.8295
9031,20:14:51.629,3766,0.8393
9032,20:14:51.630,3757,0.8349
9033,20:14:51.630,3757,0.8349
9034,20:14:51.631,3756,0.8344
9035,20:14:51.631,3717,0.8154
9036,20:14:51.632,3789,0.8505
9037,20:14:51.632,3787,0.8496
9038,20:14:51.633,3764,0.8383
9039,20:14:51.633,3776,0.8442
9040,20:14:51.634,3781,0.8466
9041,20:14:51.634,3813,0.8623
9042,20:14:51.635,3775,0.8437
9043,20:14:51.635,3807,0.8593
9044,20:14:51.636,3802,0.8569
9045,20:14:51.636,3806,0.8589
9046,20:14:51.637,3803,0.8574
9047,20:14:51.637,3815,0.8632
9048,20:14:51.638,3811,0.8613
9049,20:14:51.638,3810,0.8608
9050,20:14:51.639,3806,0.8589
9051,20:14:51.639,3809,0.8603
9052,20:14:51.640,3809,0.8603
9053,20:14:51.640,3807,0.8593
9054,20:14:51.641,3786,0.8491
9055,20:14:51.641,3803,0.8574
9056,20:14:51.642,3798,0.8549
9057,20:14:51.642,3794,0.8530
9058,20:14:51.643,3788,0.8501
9059,20:14:51.643,3786,0.8491
9060,20:14:51.644,3689,0.8017
9061,20:14:51.644,3777,0.8447
9062,20:14:51.645,3771,0.8418
9063,20:14:51.645,3754,0.8335
9064,20:14:51.646,3769,0.8408
9065,20:14:51.646,3759,0.8359
9066,20:14:51.647,3759,0.8359
9067,20:14:51.647,3754,0.8335
9068,20:14:51.648,3751,0.8320
9069,20:14:51.648,3751,0.8320
9070,20:14:51.649,3752,0.8325
9071,20:14:51.649,3762,0.8374
9072,20:14:51.650,3753,0.8330
9073,20:14:51.650,3735,0.8242
9074,20:14:51.651,3815,0.8632
9075,20:14:51.651,3756,0.8344
9076,20:14:51.652,3766,0.8393
9077,20:14:51.652,3775,0.8437
9078,20:14:51.653,3782,0.8471
9079,20:14:51.653,3782,0.8471
9080,20:14:51.654,3774,0.8432
9081,20:14:51.654,3779,0.8457
9082,20:14:51.655,3782,0.8471
9083,20:14:51.655,3815,0.8632
9084,20:14:51.656,3800,0.8559
9085,20:14:51.656,3806,0.8589
9086,20:14:51.657,3809,0.8603
9087,20:14:51.657,3805,0.8584
9088,20:14:51.658,3812,0.8618
9089,20:14:51.658,3813,0.8623
9090,20:14:51.659,3817,0.8642
9091,20:14:51.659,3800,0.8559
9092,20:14:51.660,3799,0.8554
9093,20:14:51.660,3808,0.8598
9094,20:14:51.661,3817,0.8642
9095,20:14:51.661,3799,0.8554
9096,20:14:51.662,3789,0.8505
9097,20:14:51.662,3796,0.8540
9098,20:14:51.663,3793,0.8525
9099,20:14:51.663,3783,0.8476
9100,20:14:51.664,3800,0.8559
9101,20:14:51.664,3776,0.8442
9102,20:14:51.665,3770,0.8413
9103,20:14:51.665,3672,0.7934
9104,20:14:51.666,3751,0.8320
9105,20:14:51.666,3762,0.8374
9106,20:14:51.667,3759,0.8359
9107,20:14:51.667,3751,0.8320
9108,20:14:51.668,3754,0.8335
9109,20:14:51.668,3758,0.8354
9110,20:14:51.669,3732,0.8227
9111,20:14:51.669,3748,0.8305
9112,20:14:51.670,3753,0.8330
9113,20:14:51.670,3757,0.8349
9114,20:14:51.671,3758,0.8354
9115,20:14:51.671,3757,0.8349
9116,20:14:51.672,3790,0.8510
9117,20:14:51.672,3786,0.8491
9118,20:14:51.673,3774,0.8432
9119,20:14:51.673,3788,0.8501
9120,20:14:51.674,3778,0.8452
9121,20:14:51.674,3768,0.8403
9122,20:14:51.675,3791,0.8515
9123,20:14:51.675,3810,0.8608
9124,20:14:51.676,3802,0.8569
9125,20:14:51.676,3809,0.8603
9126,20:14:51.677,3808,0.8598
9127,20:14:51.677,3794,0.8530
9128,20:14:51.678,3820,0.8657
9129,20:14:51.678,3812,0.8618
9130,20:14:51.679,3812,0.8618
9131,20:14:51.679,3817,0.8642
9132,20:14:51.680,3808,0.8598
9133,20:14:51.680,3810,0.8608
9134,20:14:51.681,3803,0.8574
9135,20:14:51.681,3813,0.8623
9136,20:14:51.682,3776,0.8442
9137,20:14:51.682,3771,0.8418
9138,20:14:51.683,3795,0.8535
9139,20:14:51.683,3798,0.8549
9140,20:14:51.684,3770,0.8413
9141,20:14:51.684,3777,0.8447
9142,20:14:51.685,3788,0.8501
9143,20:14:51.685,3753,0.8330
9144,20:14:51.686,3769,0.8408
9145,20:14:51.686,3761,0.8369
9146,20:14:51.687,3762,0.8374
9147,20:14:51.687,3750,0.8315
9148,20:14:51.688,3754,0.8335
9149,20:14:51.688,3758,0.8354
9150,20:14:51.689,3754,0.8335
9151,20:14:51.689,3752,0.8325
9152,20:14:51.690,3752,0.8325
9153,20:14:51.690,3754,0.8335
9154,20:14:51.691,3758,0.8354
9155,20:14:51.691,3756,0.8344
9156,20:14:51.692,3783,0.8476
9157,20:14:51.692,3790,0.8510
9158,20:14:51.693,3781,0.8466
9159,20:14:51.693,3772,0.8422
9160,20:14:51.694,3785,0.8486
9161,20:14:51.694,3764,0.8383
9162,20:14:51.695,3771,0.8418
9163,20:14:51.695,3818,0.8647
9164,20:14:51.696,3801,0.8564
9165,20:14:51.696,3806,0.8589
9166,20:14:51.697,3807,0.8593
9167,20:14:51.697,3790,0.8510
9168,20:14:51.698,3808,0.8598
9169,20:14:51.698,3811,0.8613
9170,20:14:51.699,3814,0.8628
9171,20:14:51.699,3813,0.8623
9172,20:14:51.700,3800,0.8559
9173,20:14:51.700,3807,0.8593
9174,20:14:51.701,3806,0.8589
9175,20:14:51.701,3803,0.8574
9176,20:14:51.702,3758,0.8354
9177,20:14:51.702,3796,0.8540
9178,20:14:51.703,3796,0.8540
9179,20:14:51.703,3775,0.8437
9180,20:14:51.704,3768,0.8403
9181,20:14:51.704,3766,0.8393
9182,20:14:51.705,3856,0.8833
9183,20:14:51.705,3756,0.8344
9184,20:14:51.706,3759,0.8359
9185,20:14:51.706,3759,0.8359
9186,20:14:51.707,3760,0.8364
9187,20:14:51.707,3757,0.8349
9188,20:14:51.708,3752,0.8325
9189,20:14:51.708,3750,0.8315
9190,20:14:51.709,3756,0.8344
9191,20:14:51.709,3755,0.8339
9192,20:14:51.710,3760,0.8364
9193,20:14:51.710,3760,0.8364
9194,20:14:51.711,3751,0.8320
9195,20:14:51.711,3750,0.8315
9196,20:14:51.712,3790,0.8510
9197,20:14:51.712,3781,0.8466
9198,20:14:51.713,3747,0.8300
9199,20:14:51.713,3791,0.8515
9200,20:14:51.714,3810,0.8608
9201,20:14:51.714,3784,0.8481
9202,20:14:51.715,3786,0.8491
9203,20:14:51.715,3808,0.8598
9204,20:14:51.716,3836,0.8735
9205,20:14:51.716,3820,0.8657
9206,20:14:51.717,3810,0.8608
9207,20:14:51.717,3796,0.8540
9208,20:14:51.718,3813,0.8623
9209,20:14:51.718,3807,0.8593
9210,20:14:51.719,3813,0.8623
9211,20:14:51.719,3804,0.8579
9212,20:14:51.720,3804,0.8579
9213,20:14:51.720,3805,0.8584
9214,20:14:51.721,3793,0.8525
9215,20:14:51.721,3847,0.8789
9216,20:14:51.722,3798,0.8549
9217,20:14:51.722,3786,0.8491
9218,20:14:51.723,3783,0.8476
9219,20:14:51.723,3806,0.8589
9220,20:14:51.724,3775,0.8437
9221,20:14:51.724,3803,0.8574
9222,20:14:51.725,3764,0.8383
9223,20:14:51.725,3771,0.8418
9224,20:14:51.726,3763,0.8379
9225,20:14:51.726,3761,0.8369
9226,20:14:51.727,3746,0.8295
9227,20:14:51.727,3759,0.8359
9228,20:14:51.728,3760,0.8364
9229,20:14:51.728,3753,0.8330
9230,20:14:51.729,3754,0.8335
9231,20:14:51.729,3756,0.8344
9232,20:14:51.730,3755,0.8339
9233,20:14:51.730,3757,0.8349
9234,20:14:51.731,3754,0.8335
9235,20:14:51.731,3756,0.8344
9236,20:14:51.732,3783,0.8476
9237,20:14:51.732,3775,0.8437
9238,20:14:51.733,3776,0.8442
9239,20:14:51.733,3783,0.8476
9240,20:14:51.734,3768,0.8403
9241,20:14:51.734,3788,0.8501
9242,20:14:51.735,3769,0.8408
9243,20:14:51.735,3808,0.8598
9244,20:14:51.736,3803,0.8574
9245,20:14:51.736,3796,0.8540
9246,20:14:51.737,3798,0.8549
9247,20:14:51.737,3824,0.8676
9248,20:14:51.738,3806,0.8589
9249,20:14:51.738,3809,0.8603
9250,20:14:51.739,3782,0.8471
9251,20:14:51.739,3812,0.8618
9252,20:14:51.740,3799,0.8554
9253,20:14:51.740,3810,0.8608
9254,20:14:51.741,3802,0.8569
9255,20:14:51.741,3800,0.8559
9256,20:14:51.742,3786,0.8491
9257,20:14:51.742,3787,0.8496
9258,20:14:51.743,3784,0.8481
9259,20:14:51.743,3773,0.8427
9260,20:14:51.744,3773,0.8427
9261,20:14:51.744,3786,0.8491
9262,20:14:51.745,3786,0.8491
9263,20:14:51.745,3757,0.8349
9264,20:14:51.746,3763,0.8379
9265,20:14:51.746,3764,0.8383
9266,20:14:51.747,3783,0.8476
9267,20:14:51.747,3762,0.8374
9268,20:14:51.748,3752,0.8325
9269,20:14:51.748,3749,0.8310
9270,20:14:51.749,3756,0.8344
9271,20:14:51.749,3751,0.8320
9272,20:14:51.750,3756,0.8344
9273,20:14:51.750,3764,0.8383
9274,20:14:51.751,3747,0.8300
9275,20:14:51.751,3747,0.8300
9276,20:14:51.752,3758,0.8354
9277,20:14:51.752,3853,0.8818
9278,20:14:51.753,3777,0.8447
9279,20:14:51.753,3770,0.8413
9280,20:14:51.754,3832,0.8716
9281,20:14:51.754,3794,0.8530
9282,20:14:51.755,3783,0.8476
9283,20:14:51.755,3807,0.8593
9284,20:14:51.756,3800,0.8559
9285,20:14:51.756,3805,0.8584
9286,20:14:51.757,3805,0.8584
9287,20:14:51.757,3805,0.8584
9288,20:14:51.758,3809,0.8603
9289,20:14:51.758,3851,0.8808
9290,20:14:51.759,3809,0.8603
9291,20:14:51.759,3801,0.8564
9292,20:14:51.760,3808,0.8598
9293,20:14:51.760,3809,0.8603
9294,20:14:51.761,3812,0.8618
9295,20:14:51.761,3812,0.8618
9296,20:14:51.762,3787,0.8496
9297,20:14:51.762,3750,0.8315
9298,20:14:51.763,3789,0.8505
9299,20:14:51.763,3792,0.8520
9300,20:14:51.764,3805,0.8584
9301,20:14:51.764,3759,0.8359
9302,20:14:51.765,3794,0.8530
9303,20:14:51.765,3760,0.8364
9304,20:14:51.766,3764,0.8383
9305,20:14:51.766,3754,0.8335
9306,20:14:51.767,3757,0.8349
9307,20:14:51.767,3755,0.8339
9308,20:14:51.768,3783,0.8476
9309,20:14:51.768,3751,0.8320
9310,20:14:51.769,3751,0.8320
9311,20:14:51.769,3758,0.8354
9312,20:14:51.770,3755,0.8339
9313,20:14:51.770,3759,0.8359
9314,20:14:51.771,3749,0.8310
9315,20:14:51.771,3749,0.8310
9316,20:14:51.772,3775,0.8437
9317,20:14:51.772,3775,0.8437
9318,20:14:51.773,3768,0.8403
9319,20:14:51.773,3781,0.8466
9320,20:14:51.774,3782,0.8471
9321,20:14:51.774,3788,0.8501
9322,20:14:51.775,3836,0.8735
9323,20:14:51.775,3802,0.8569
9324,20:14:51.776,3793,0.8525
9325,20:14:51.776,3804,0.8579
9326,20:14:51.777,3806,0.8589
9327,20:14:51.777,3811,0.8613
9328,20:14:51.778,3806,0.8589
9329,20:14:51.778,3814,0.8628
9330,20:14:51.779,3816,0.8637
9331,20:14:51.779,3815,0.8632
9332,20:14:51.780,3807,0.8593
9333,20:14:51.780,3791,0.8515
9334,20:14:51.781,3798,0.8549
9335,20:14:51.781,3796,0.8540
9336,20:14:51.782,3789,0.8505
9337,20:14:51.782,3783,0.8476
9338,20:14:51.783,3776,0.8442
9339,20:14:51.783,3785,0.8486
9340,20:14:51.784,3775,0.8437
9341,20:14:51.784,3820,0.8657
9342,20:14:51.785,3770,0.8413
9343,20:14:51.785,3751,0.8320
9344,20:14:51.786,3769,0.8408
9345,20:14:51.786,3762,0.8374
9346,20:14:51.787,3764,0.8383
9347,20:14:51.787,3753,0.8330
9348,20:14:51.788,3759,0.8359
9349,20:14:51.788,3753,0.8330
9350,20:14:51.789,3758,0.8354
9351,20:14:51.789,3755,0.8339
9352,20:14:51.790,3754,0.8335
9353,20:14:51.790,3768,0.8403
9354,20:14:51.791,3781,0.8466
9355,20:14:51.791,3763,0.8379
9356,20:14:51.792,3766,0.8393
9357,20:14:51.792,3788,0.8501
9358,20:14:51.793,3791,0.8515
9359,20:14:51.793,3777,0.8447
9360,20:14:51.794,3792,0.8520
9361,20:14:51.794,3794,0.8530
9362,20:14:51.795,3793,0.8525
9363,20:14:51.795,3808,0.8598
9364,20:14:51.796,3810,0.8608
9365,20:14:51.796,3809,0.8603
9366,20:14:51.797,3803,0.8574
9367,20:14:51.797,3809,0.8603
9368,20:14:51.798,3802,0.8569
9369,20:14:51.798,3811,0.8613
9370,20:14:51.799,3807,0.8593
9371,20:14:51.799,3811,0.8613
9372,20:14:51.800,3807,0.8593
9373,20:14:51.800,3806,0.8589
9374,20:14:51.801,3821,0.8662
9375,20:14:51.801,3776,0.8442
9376,20:14:51.802,3792,0.8520
9377,20:14:51.802,3788,0.8501
9378,20:14:51.803,3778,0.8452
9379,20:14:51.803,3765,0.8388
9380,20:14:51.804,3783,0.8476
9381,20:14:51.804,3813,0.8623
9382,20:14:51.805,3768,0.8403
9383,20:14:51.805,3770,0.8413
9384,20:14:51.806,3767,0.8398
9385,20:14:51.806,3747,0.8300
9386,20:14:51.807,3763,0.8379
9387,20:14:51.807,3765,0.8388
9388,20:14:51.808,3761,0.8369
9389,20:14:51.808,3751,0.8320
9390,20:14:51.809,3756,0.8344
9391,20:14:51.809,3758,0.8354
9392,20:14:51.810,3742,0.8276
9393,20:14:51.810,3758,0.8354
9394,20:14:51.811,3759,0.8359
9395,20:14:51.811,3763,0.8379
9396,20:14:51.812,3799,0.8554
9397,20:14:51.812,3762,0.8374
9398,20:14:51.813,3771,0.8418
9399,20:14:51.813,3771,0.8418
9400,20:14:51.814,3779,0.8457
9401,20:14:51.814,3775,0.8437
9402,20:14:51.815,3790,0.8510
9403,20:14:51.815,3808,0.8598
9404,20:14:51.816,3798,0.8549
9405,20:14:51.816,3793,0.8525
9406,20:14:51.817,3808,0.8598
9407,20:14:51.817,3811,0.8613
9408,20:14:51.818,3801,0.8564
9409,20:14:51.818,3795,0.8535
9410,20:14:51.819,3796,0.8540
9411,20:14:51.819,3788,0.8501
9412,20:14:51.820,3805,0.8584
9413,20:14:51.820,3782,0.8471
9414,20:14:51.821,3796,0.8540
9415,20:14:51.821,3790,0.8510
9416,20:14:51.822,3794,0.8530
9417,20:14:51.822,3791,0.8515
9418,20:14:51.823,3780,0.8462
9419,20:14:51.823,3779,0.8457
9420,20:14:51.824,3756,0.8344
9421,20:14:51.824,3784,0.8481
9422,20:14:51.825,3776,0.8442
9423,20:14:51.825,3752,0.8325
9424,20:14:51.826,3751,0.8320
9425,20:14:51.826,3757,0.8349
9426,20:14:51.827,3761,0.8369
9427,20:14:51.827,3747,0.8300
9428,20:14:51.828,3752,0.8325
9429,20:14:51.828,3744,0.8286
9430,20:14:51.829,3753,0.8330
9431,20:14:51.829,3741,0.8271
9432,20:14:51.830,3739,0.8261
9433,20:14:51.830,3744,0.8286
9434,20:14:51.831,3750,0.8315
9435,20:14:51.831,3767,0.8398
9436,20:14:51.832,3767,0.8398
9437,20:14:51.832,3782,0.8471
9438,20:14:51.833,3777,0.8447
9439,20:14:51.833,3768,0.8403
9440,20:14:51.834,3776,0.8442
9441,20:14:51.834,3761,0.8369
9442,20:14:51.835,3769,0.8408
9443,20:14:51.835,3770,0.8413
9444,20:14:51.836,3781,0.8466
9445,20:14:51.836,3799,0.8554
9446,20:14:51.837,3802,0.8569
9447,20:14:51.837,3796,0.8540
9448,20:14:51.838,3803,0.8574
9449,20:14:51.838,3807,0.8593
9450,20:14:51.839,3811,0.8613
9451,20:14:51.839,3803,0.8574
9452,20:14:51.840,3809,0.8603
9453,20:14:51.840,3791,0.8515
9454,20:14:51.841,3794,0.8530
9455,20:14:51.841,3789,0.8505
9456,20:14:51.842,3805,0.8584
9457,20:14:51.842,3781,0.8466
9458,20:14:51.843,3770,0.8413
9459,20:14:51.843,3795,0.8535
9460,20:14:51.844,3774,0.8432
9461,20:14:51.844,3798,0.8549
9462,20:14:51.845,3780,0.8462
9463,20:14:51.845,3760,0.8364
9464,20:14:51.846,3764,0.8383
9465,20:14:51.846,3756,0.8344
9466,20:14:51.847,3755,0.8339
9467,20:14:51.847,3751,0.8320
9468,20:14:51.848,3742,0.8276
9469,20:14:51.848,3739,0.8261
9470,20:14:51.849,3746,0.8295
9471,20:14:51.849,3791,0.8515
9472,20:14:51.850,3750,0.8315
9473,20:14:51.850,3740,0.8266
9474,20:14:51.851,3733,0.8232
9475,20:14:51.851,3766,0.8393
9476,20:14:51.852,3770,0.8413
9477,20:14:51.852,3748,0.8305
9478,20:14:51.853,3758,0.8354
9479,20:14:51.853,3767,0.8398
9480,20:14:51.854,3768,0.8403
9481,20:14:51.854,3773,0.8427
9482,20:14:51.855,3707,0.8105
9483,20:14:51.855,3806,0.8589
9484,20:14:51.856,3799,0.8554
9485,20:14:51.856,3793,0.8525
9486,20:14:51.857,3792,0.8520
9487,20:14:51.857,3790,0.8510
9488,20:14:51.858,3793,0.8525
9489,20:14:51.858,3787,0.8496
9490,20:14:51.859,3804,0.8579
9491,20:14:51.859,3794,0.8530
9492,20:14:51.860,3784,0.8481
9493,20:14:51.860,3786,0.8491
9494,20:14:51.861,3785,0.8486
9495,20:14:51.861,3787,0.8496
9496,20:14:51.862,3783,0.8476
9497,20:14:51.862,3774,0.8432
9498,20:14:51.863,3772,0.8422
9499,20:14:51.863,3751,0.8320
9500,20:14:51.864,3756,0.8344
9501,20:14:51.864,3682,0.7983
9502,20:14:51.865,3765,0.8388
9503,20:14:51.865,3764,0.8383
9504,20:14:51.866,3756,0.8344
9505,20:14:51.866,3752,0.8325
9506,20:14:51.867,3749,0.8310
9507,20:14:51.867,3750,0.8315
9508,20:14:51.868,3746,0.8295
9509,20:14:51.868,3752,0.8325
9510,20:14:51.869,3771,0.8418
9511,20:14:51.869,3743,0.8281
9512,20:14:51.870,3754,0.8335
9513,20:14:51.870,3751,0.8320
9514,20:14:51.871,3745,0.8291
9515,20:14:51.871,3754,0.8335
9516,20:14:51.872,3768,0.8403
9517,20:14:51.872,3777,0.8447
9518,20:14:51.873,3788,0.8501
9519,20:14:51.873,3783,0.8476
9520,20:14:51.874,3748,0.8305
9521,20:14:51.874,3789,0.8505
9522,20:14:51.875,3808,0.8598
9523,20:14:51.875,3782,0.8471
9524,20:14:51.876,3779,0.8457
9525,20:14:51.876,3792,0.8520
9526,20:14:51.877,3803,0.8574
9527,20:14:51.877,3798,0.8549
9528,20:14:51.878,3795,0.8535
9529,20:14:51.878,3790,0.8510
9530,20:14:51.879,3784,0.8481
9531,20:14:51.879,3790,0.8510
9532,20:14:51.880,3791,0.8515
9533,20:14:51.880,3788,0.8501
9534,20:14:51.881,3789,0.8505
9535,20:14:51.881,3771,0.8418
9536,20:14:51.882,3808,0.8598
9537,20:14:51.882,3793,0.8525
9538,20:14:51.883,3782,0.8471
9539,20:14:51.883,3779,0.8457
9540,20:14:51.884,3793,0.8525
9541,20:14:51.884,3786,0.8491
9542,20:14:51.885,3764,0.8383
9543,20:14:51.885,3740,0.8266
9544,20:14:51.886,3759,0.8359
9545,20:14:51.886,3762,0.8374
9546,20:14:51.887,3760,0.8364
9547,20:14:51.887,3744,0.8286
9548,20:14:51.888,3752,0.8325
9549,20:14:51.888,3757,0.8349
9550,20:14:51.889,3758,0.8354
9551,20:14:51.889,3755,0.8339
9552,20:14:51.890,3749,0.8310
9553,20:14:51.890,3730,0.8217
9554,20:14:51.891,3747,0.8300
9555,20:14:51.891,3775,0.8437
9556,20:14:51.892,3771,0.8418
9557,20:14:51.892,3756,0.8344
9558,20:14:51.893,3761,0.8369
9559,20:14:51.893,3800,0.8559
9560,20:14:51.894,3778,0.8452
9561,20:14:51.894,3781,0.8466
9562,20:14:51.895,3794,0.8530
9563,20:14:51.895,3813,0.8623
9564,20:14:51.896,3795,0.8535
9565,20:14:51.896,3790,0.8510
9566,20:14:51.897,3800,0.8559
9567,20:14:51.897,3801,0.8564
9568,20:14:51.898,3809,0.8603
9569,20:14:51.898,3800,0.8559
9570,20:14:51.899,3796,0.8540
9571,20:14:51.899,3813,0.8623
9572,20:14:51.900,3803,0.8574
9573,20:14:51.900,3793,0.8525
9574,20:14:51.901,3809,0.8603
9575,20:14:51.901,3809,0.8603
9576,20:14:51.902,3786,0.8491
9577,20:14:51.902,3777,0.8447
9578,20:14:51.903,3805,0.8584
9579,20:14:51.903,3812,0.8618
9580,20:14:51.904,3762,0.8374
9581,20:14:51.904,3761,0.8369
9582,20:14:51.905,3778,0.8452
9583,20:14:51.905,3773,0.8427
9584,20:14:51.906,3778,0.8452
9585,20:14:51.906,3767,0.8398
9586,20:14:51.907,3789,0.8505
9587,20:14:51.907,3783,0.8476
9588,20:14:51.908,3781,0.8466
9589,20:14:51.908,3788,0.8501
9590,20:14:51.909,3789,0.8505
9591,20:14:51.909,3844,0.8774
9592,20:14:51.910,3802,0.8569
9593,20:14:51.910,3813,0.8623
9594,20:14:51.911,3811,0.8613
9595,20:14:51.911,3812,0.8618
9596,20:14:51.912,3827,0.8691
9597,20:14:51.912,3814,0.8628
9598,20:14:51.913,3868,0.8891
9599,20:14:51.913,3826,0.8686
9600,20:14:51.914,3852,0.8813
9601,20:14:51.914,3874,0.8921
9602,20:14:51.915,3859,0.8847
9603,20:14:51.915,3891,0.9004
9604,20:14:51.916,3835,0.8730
9605,20:14:51.916,3880,0.8950
9606,20:14:51.917,3893,0.9013
9607,20:14:51.917,3893,0.9013
9608,20:14:51.918,3882,0.8960
9609,20:14:51.918,3878,0.8940
9610,20:14:51.919,3889,0.8994
9611,20:14:51.919,3876,0.8930
9612,20:14:51.920,3878,0.8940
9613,20:14:51.920,3878,0.8940
9614,20:14:51.921,3878,0.8940
9615,20:14:51.921,3871,0.8906
9616,20:14:51.922,3855,0.8828
9617,20:14:51.922,3874,0.8921
9618,20:14:51.923,3869,0.8896
9619,20:14:51.923,3850,0.8803
9620,20:14:51.924,3882,0.8960
9621,20:14:51.924,3870,0.8901
9622,20:14:51.925,3846,0.8784
9623,20:14:51.925,3827,0.8691
9624,20:14:51.926,3853,0.8818
9625,20:14:51.926,3867,0.8886
9626,20:14:51.927,3860,0.8852
9627,20:14:51.927,3866,0.8882
9628,20:14:51.928,3863,0.8867
9629,20:14:51.928,3866,0.8882
9630,20:14:51.929,3860,0.8852
9631,20:14:51.929,3864,0.8872
9632,20:14:51.930,3868,0.8891
9633,20:14:51.930,3881,0.8955
9634,20:14:51.931,3882,0.8960
9635,20:14:51.931,3883,0.8965
9636,20:14:51.932,3895,0.9023
9637,20:14:51.932,3885,0.8974
9638,20:14:51.933,3899,0.9043
9639,20:14:51.933,3902,0.9057
9640,20:14:51.934,3908,0.9087
9641,20:14:51.934,3918,0.9136
9642,20:14:51.935,3909,0.9092
9643,20:14:51.935,3947,0.9277
9644,20:14:51.936,3907,0.9082
9645,20:14:51.936,3894,0.9018
9646,20:14:51.937,3902,0.9057
9647,20:14:51.937,3905,0.9072
9648,20:14:51.938,3899,0.9043
9649,20:14:51.938,3900,0.9048
9650,20:14:51.939,3887,0.8984
9651,20:14:51.939,3887,0.8984
9652,20:14:51.940,3934,0.9214
9653,20:14:51.940,3884,0.8969
9654,20:14:51.941,3900,0.9048
9655,20:14:51.941,3900,0.9048
9656,20:14:51.942,3890,0.8999
9657,20:14:51.942,3894,0.9018
9658,20:14:51.943,3892,0.9009
9659,20:14:51.943,3887,0.8984
9660,20:14:51.944,3868,0.8891
9661,20:14:51.944,3862,0.8862
9662,20:14:51.945,3857,0.8838
9663,20:14:51.945,3844,0.8774
9664,20:14:51.946,3859,0.8847
9665,20:14:51.946,3855,0.8828
9666,20:14:51.947,3860,0.8852
9667,20:14:51.947,3858,0.8842
9668,20:14:51.948,3860,0.8852
9669,20:14:51.948,3850,0.8803
9670,20:14:51.949,3849,0.8799
9671,20:14:51.949,3916,0.9126
9672,20:14:51.950,3815,0.8632
9673,20:14:51.950,3842,0.8764
9674,20:14:51.951,3854,0.8823
9675,20:14:51.951,3891,0.9004
9676,20:14:51.952,3881,0.8955
9677,20:14:51.952,3869,0.8896
9678,20:14:51.953,3874,0.8921
9679,20:14:51.953,3862,0.8862
9680,20:14:51.954,3904,0.9067
9681,20:14:51.954,3890,0.8999
9682,20:14:51.955,3885,0.8974
9683,20:14:51.955,3900,0.9048
9684,20:14:51.956,3886,0.8979
9685,20:14:51.956,3894,0.9018
9686,20:14:51.957,3880,0.8950
9687,20:14:51.957,3873,0.8916
9688,20:14:51.958,3885,0.8974
9689,20:14:51.958,3889,0.8994
9690,20:14:51.959,3903,0.9062
9691,20:14:51.959,3885,0.8974
9692,20:14:51.960,3897,0.9033
9693,20:14:51.960,3884,0.8969
9694,20:14:51.961,3988,0.9477
9695,20:14:51.961,3905,0.9072
9696,20:14:51.962,3881,0.8955
9697,20:14:51.962,3896,0.9028
9698,20:14:51.963,3871,0.8906
9699,20:14:51.963,3829,0.8701
9700,20:14:51.964,3857,0.8838
9701,20:14:51.964,3873,0.8916
9702,20:14:51.965,3876,0.8930
9703,20:14:51.965,3858,0.8842
9704,20:14:51.966,3883,0.8965
9705,20:14:51.966,3864,0.8872
9706,20:14:51.967,3867,0.8886
9707,20:14:51.967,3879,0.8945
9708,20:14:51.968,3889,0.8994
9709,20:14:51.968,3888,0.8989
9710,20:14:51.969,3879,0.8945
9711,20:14:51.969,3888,0.8989
9712,20:14:51.970,3904,0.9067
9713,20:14:51.970,3902,0.9057
9714,20:14:51.971,3902,0.9057
9715,20:14:51.971,3887,0.8984
9716,20:14:51.972,3962,0.9350
9717,20:14:51.972,3950,0.9292
9718,20:14:51.973,3939,0.9238
9719,20:14:51.973,3946,0.9272
9720,20:14:51.974,3941,0.9248
9721,20:14:51.974,3935,0.9219
9722,20:14:51.975,3959,0.9336
9723,20:14:51.975,3977,0.9424
9724,20:14:51.976,3959,0.9336
9725,20:14:51.976,3954,0.9311
9726,20:14:51.977,3951,0.9297
9727,20:14:51.977,3955,0.9316
9728,20:14:51.978,3955,0.9316
9729,20:14:51.978,3944,0.9263
9730,20:14:51.979,3937,0.9228
9731,20:14:51.979,3961,0.9346
9732,20:14:51.980,3944,0.9263
9733,20:14:51.980,3931,0.9199
9734,20:14:51.981,3944,0.9263
9735,20:14:51.981,3939,0.9238
9736,20:14:51.982,3976,0.9419
9737,20:14:51.982,3941,0.9248
9738,20:14:51.983,3907,0.9082
9739,20:14:51.983,3925,0.9170
9740,20:14:51.984,3928,0.9184
9741,20:14:51.984,3962,0.9350
9742,20:14:51.985,3997,0.9521
9743,20:14:51.985,3928,0.9184
9744,20:14:51.986,3940,0.9243
9745,20:14:51.986,3933,0.9209
9746,20:14:51.987,3933,0.9209
9747,20:14:51.987,3938,0.9233
9748,20:14:51.988,3927,0.9179
9749,20:14:51.988,3939,0.9238
9750,20:14:51.989,3948,0.9282
9751,20:14:51.989,3959,0.9336
9752,20:14:51.990,3948,0.9282
9753,20:14:51.990,3944,0.9263
9754,20:14:51.991,3970,0.9389
9755,20:14:51.991,3955,0.9316
9756,20:14:51.992,3957,0.9326
9757,20:14:51.992,3945,0.9267
9758,20:14:51.993,3979,0.9433
9759,20:14:51.993,3988,0.9477
9760,20:14:51.994,3960,0.9341
9761,20:14:51.994,3962,0.9350
9762,20:14:51.995,3958,0.9331
9763,20:14:51.995,3989,0.9482
9764,20:14:51.996,3984,0.9458
9765,20:14:51.996,3994,0.9507
9766,20:14:51.997,4002,0.9546
9767,20:14:51.997,3997,0.9521
9768,20:14:51.998,3990,0.9487
9769,20:14:51.998,3979,0.9433
9770,20:14:51.999,3985,0.9463
9771,20:14:51.999,3979,0.9433
9772,20:14:52.000,3981,0.9443
9773,20:14:52.000,3974,0.9409
9774,20:14:52.001,3984,0.9458
9775,20:14:52.001,3948,0.9282
9776,20:14:52.002,3949,0.9287
9777,20:14:52.002,3942,0.9253
9778,20:14:52.003,3924,0.9165
9779,20:14:52.003,3934,0.9214
9780,20:14:52.004,3921,0.9150
9781,20:14:52.004,3913,0.9111
9782,20:14:52.005,3932,0.9204
9783,20:14:52.005,3881,0.8955
9784,20:14:52.006,3867,0.8886
9785,20:14:52.006,3851,0.8808
9786,20:14:52.007,3841,0.8759
9787,20:14:52.007,3820,0.8657
9788,20:14:52.008,3803,0.8574
9789,20:14:52.008,3822,0.8667
9790,20:14:52.009,3815,0.8632
9791,20:14:52.009,3808,0.8598
9792,20:14:52.010,3833,0.8720
9793,20:14:52.010,3857,0.8838
9794,20:14:52.011,3854,0.8823
9795,20:14:52.011,3859,0.8847
9796,20:14:52.012,3902,0.9057
9797,20:14:52.012,3901,0.9053
9798,20:14:52.013,3856,0.8833
9799,20:14:52.013,3859,0.8847
9800,20:14:52.014,3847,0.8789
9801,20:14:52.014,3857,0.8838
9802,20:14:52.015,3882,0.8960
9803,20:14:52.015,3869,0.8896
9804,20:14:52.016,3847,0.8789
9805,20:14:52.016,3870,0.8901
9806,20:14:52.017,3927,0.9179
9807,20:14:52.017,3866,0.8882
9808,20:14:52.018,3877,0.8935
9809,20:14:52.018,3822,0.8667
9810,20:14:52.019,3950,0.9292
9811,20:14:52.019,3886,0.8979
9812,20:14:52.020,3753,0.8330
9813,20:14:52.020,3901,0.9053
9814,20:14:52.021,3856,0.8833
9815,20:14:52.021,3804,0.8579
9816,20:14:52.022,3803,0.8574
9817,20:14:52.022,3860,0.8852
9818,20:14:52.023,3733,0.8232
9819,20:14:52.023,3843,0.8769
9820,20:14:52.024,3898,0.9038
9821,20:14:52.024,3787,0.8496
9822,20:14:52.025,3603,0.7597
9823,20:14:52.025,3995,0.9512
9824,20:14:52.026,3989,0.9482
9825,20:14:52.026,3747,0.8300
9826,20:14:52.027,3589,0.7529
9827,20:14:52.027,3688,0.8012
9828,20:14:52.028,3937,0.9228
9829,20:14:52.028,3770,0.8413
9830,20:14:52.029,3648,0.7817
9831,20:14:52.029,3561,0.7392
9832,20:14:52.030,3994,0.9507
9833,20:14:52.030,3884,0.8969
9834,20:14:52.031,3655,0.7851
9835,20:14:52.031,3641,0.7783
9836,20:14:52.032,3755,0.8339
9837,20:14:52.032,3889,0.8994
9838,20:14:52.033,3752,0.8325
9839,20:14:52.033,3703,0.8085
9840,20:14:52.034,3758,0.8354
9841,20:14:52.034,3760,0.8364
9842,20:14:52.035,3723,0.8183
9843,20:14:52.035,3793,0.8525
9844,20:14:52.036,3797,0.8545
9845,20:14:52.036,3673,0.7939
9846,20:14:52.037,3695,0.8046
9847,20:14:52.037,3776,0.8442
9848,20:14:52.038,3643,0.7792
9849,20:14:52.038,3573,0.7451
9850,20:14:52.039,3698,0.8061
9851,20:14:52.039,3688,0.8012
9852,20:14:52.040,3656,0.7856
9853,20:14:52.040,3738,0.8256
9854,20:14:52.041,3648,0.7817
9855,20:14:52.041,3617,0.7665
9856,20:14:52.042,3630,0.7729
9857,20:14:52.042,3651,0.7832
9858,20:14:52.043,3654,0.7846
9859,20:14:52.043,3549,0.7333
9860,20:14:52.044,3630,0.7729
9861,20:14:52.044,3685,0.7998
9862,20:14:52.045,3653,0.7841
9863,20:14:52.045,3518,0.7182
9864,20:14:52.046,3594,0.7553
9865,20:14:52.046,3515,0.7167
9866,20:14:52.047,3474,0.6967
9867,20:14:52.047,3592,0.7543
9868,20:14:52.048,3588,0.7524
9869,20:14:52.048,3507,0.7128
9870,20:14:52.049,3490,0.7045
9871,20:14:52.049,3541,0.7294
9872,20:14:52.050,3520,0.7192
9873,20:14:52.050,3483,0.7011
9874,20:14:52.051,3458,0.6889
9875,20:14:52.051,3461,0.6904
9876,20:14:52.052,3506,0.7123
9877,20:14:52.052,3524,0.7211
9878,20:14:52.053,3490,0.7045
9879,20:14:52.053,3476,0.6977
9880,20:14:52.054,3461,0.6904
9881,20:14:52.054,3469,0.6943
9882,20:14:52.055,3492,0.7055
9883,20:14:52.055,3413,0.6669
9884,20:14:52.056,3510,0.7143
9885,20:14:52.056,3478,0.6987
9886,20:14:52.057,3468,0.6938
9887,20:14:52.057,3477,0.6982
9888,20:14:52.058,3482,0.7006
9889,20:14:52.058,3466,0.6928
9890,20:14:52.059,3488,0.7035
9891,20:14:52.059,3483,0.7011
9892,20:14:52.060,3476,0.6977
9893,20:14:52.060,3483,0.7011
9894,20:14:52.061,3491,0.7050
9895,20:14:52.061,3493,0.7060
9896,20:14:52.062,3500,0.7094
9897,20:14:52.062,3477,0.6982
9898,20:14:52.063,3502,0.7104
9899,20:14:52.063,3517,0.7177
9900,20:14:52.064,3509,0.7138
9901,20:14:52.064,3509,0.7138
9902,20:14:52.065,3533,0.7255
9903,20:14:52.065,3495,0.7070
9904,20:14:52.066,3503,0.7109
9905,20:14:52.066,3485,0.7021
9906,20:14:52.067,3480,0.6996
9907,20:14:52.067,3489,0.7040
9908,20:14:52.068,3490,0.7045
9909,20:14:52.068,3494,0.7065
9910,20:14:52.069,3508,0.7133
9911,20:14:52.069,3495,0.7070
9912,20:14:52.070,3532,0.7250
9913,20:14:52.070,3537,0.7275
9914,20:14:52.071,3520,0.7192
9915,20:14:52.071,3537,0.7275
9916,20:14:52.072,3394,0.6576
9917,20:14:52.072,3552,0.7348
9918,20:14:52.073,3572,0.7446
9919,20:14:52.073,3563,0.7402
9920,20:14:52.074,3574,0.7455
9921,20:14:52.074,3565,0.7411
9922,20:14:52.075,3578,0.7475
9923,20:14:52.075,3591,0.7538
9924,20:14:52.076,3578,0.7475
9925,20:14:52.076,3581,0.7490
9926,20:14:52.077,3596,0.7563
9927,20:14:52.077,3605,0.7607
9928,20:14:52.078,3603,0.7597
9929,20:14:52.078,3600,0.7582
9930,20:14:52.079,3612,0.7641
9931,20:14:52.079,3612,0.7641
9932,20:14:52.080,3603,0.7597
9933,20:14:52.080,3615,0.7656
9934,20:14:52.081,3612,0.7641
9935,20:14:52.081,3623,0.7695
9936,20:14:52.082,3630,0.7729
9937,20:14:52.082,3632,0.7739
9938,20:14:52.083,3624,0.7700
9939,20:14:52.083,3630,0.7729
9940,20:14:52.084,3642,0.7788
9941,20:14:52.084,3639,0.7773
9942,20:14:52.085,3682,0.7983
9943,20:14:52.085,3615,0.7656
9944,20:14:52.086,3631,0.7734
9945,20:14:52.086,3619,0.7675
9946,20:14:52.087,3735,0.8242
9947,20:14:52.087,3624,0.7700
9948,20:14:52.088,3585,0.7509
9949,20:14:52.088,3622,0.7690
9950,20:14:52.089,3637,0.7763
9951,20:14:52.089,3646,0.7807
9952,20:14:52.090,3640,0.7778
9953,20:14:52.090,3619,0.7675
9954,20:14:52.091,3667,0.7910
9955,20:14:52.091,3658,0.7866
9956,20:14:52.092,3657,0.7861
9957,20:14:52.092,3657,0.7861
9958,20:14:52.093,3678,0.7963
9959,20:14:52.093,3654,0.7846
9960,20:14:52.094,3782,0.8471
9961,20:14:52.094,3685,0.7998
9962,20:14:52.095,3681,0.7978
9963,20:14:52.095,3683,0.7988
9964,20:14:52.096,3701,0.8076
9965,20:14:52.096,3701,0.8076
9966,20:14:52.097,3707,0.8105
9967,20:14:52.097,3772,0.8422
9968,20:14:52.098,3716,0.8149
9969,20:14:52.098,3698,0.8061
9970,20:14:52.099,3683,0.7988
9971,20:14:52.099,3701,0.8076
9972,20:14:52.100,3702,0.8081
9973,20:14:52.100,3707,0.8105
9974,20:14:52.101,3717,0.8154
9975,20:14:52.101,3706,0.8100
9976,20:14:52.102,3706,0.8100
9977,20:14:52.102,3706,0.8100
9978,20:14:52.103,3704,0.8090
9979,20:14:52.103,3698,0.8061
9980,20:14:52.104,3719,0.8164
9981,20:14:52.104,3696,0.8051
9982,20:14:52.105,3715,0.8144
9983,20:14:52.105,3732,0.8227
9984,20:14:52.106,3690,0.8022
9985,20:14:52.106,3684,0.7993
9986,20:14:52.107,3716,0.8149
9987,20:14:52.107,3719,0.8164
9988,20:14:52.108,3716,0.8149
9989,20:14:52.108,3725,0.8193
9990,20:14:52.109,3732,0.8227
9991,20:14:52.109,3754,0.8335
9992,20:14:52.110,3756,0.8344
9993,20:14:52.110,3756,0.8344
9994,20:14:52.111,3655,0.7851
9995,20:14:52.111,3770,0.8413
9996,20:14:52.112,3794,0.8530
9997,20:14:52.112,3795,0.8535
9998,20:14:52.113,3804,0.8579
9999,20:14:52.113,3792,0.8520
10000,20:14:52.114,3679,0.7968
10001,20:14:52.114,3788,0.8501
10002,20:14:52.115,3797,0.8545
10003,20:14:52.115,3827,0.8691
10004,20:14:52.116,3806,0.8589
10005,20:14:52.116,3825,0.8681
10006,20:14:52.117,3831,0.8711
10007,20:14:52.117,3830,0.8706
10008,20:14:52.118,3832,0.8716
10009,20:14:52.118,3844,0.8774
10010,20:14:52.119,3844,0.8774
10011,20:14:52.119,3878,0.8940
10012,20:14:52.120,3867,0.8886
10013,20:14:52.120,3856,0.8833
10014,20:14:52.121,3834,0.8725
10015,20:14:52.121,3845,0.8779
10016,20:14:52.122,3827,0.8691
10017,20:14:52.122,3852,0.8813
10018,20:14:52.123,3831,0.8711
10019,20:14:52.123,3845,0.8779
10020,20:14:52.124,3853,0.8818
10021,20:14:52.124,3814,0.8628
10022,20:14:52.125,3827,0.8691
10023,20:14:52.125,3769,0.8408
10024,20:14:52.126,3814,0.8628
10025,20:14:52.126,3821,0.8662
10026,20:14:52.127,3811,0.8613
10027,20:14:52.127,3805,0.8584
10028,20:14:52.128,3777,0.8447
10029,20:14:52.128,3800,0.8559
10030,20:14:52.129,3801,0.8564
10031,20:14:52.129,3804,0.8579
10032,20:14:52.130,3798,0.8549
10033,20:14:52.130,3809,0.8603
10034,20:14:52.131,3823,0.8672
10035,20:14:52.131,3807,0.8593
10036,20:14:52.132,3776,0.8442
10037,20:14:52.132,3833,0.8720
10038,20:14:52.133,3859,0.8847
10039,20:14:52.133,3783,0.8476
10040,20:14:52.134,3828,0.8696
10041,20:14:52.134,3853,0.8818
10042,20:14:52.135,3825,0.8681
10043,20:14:52.135,3845,0.8779
10044,20:14:52.136,3846,0.8784
10045,20:14:52.136,3858,0.8842
10046,20:14:52.137,3844,0.8774
10047,20:14:52.137,3845,0.8779
10048,20:14:52.138,3844,0.8774
10049,20:14:52.138,3832,0.8716
10050,20:14:52.139,3841,0.8759
10051,20:14:52.139,3829,0.8701
10052,20:14:52.140,3851,0.8808
10053,20:14:52.140,3835,0.8730
10054,20:14:52.141,3816,0.8637
10055,20:14:52.141,3809,0.8603
10056,20:14:52.142,3888,0.8989
10057,20:14:52.142,3863,0.8867
10058,20:14:52.143,3803,0.8574
10059,20:14:52.143,3788,0.8501
10060,20:14:52.144,3856,0.8833
10061,20:14:52.144,3803,0.8574
10062,20:14:52.145,3827,0.8691
10063,20:14:52.145,3783,0.8476
10064,20:14:52.146,3788,0.8501
10065,20:14:52.146,3750,0.8315
10066,20:14:52.147,3780,0.8462
10067,20:14:52.147,3773,0.8427
10068,20:14:52.148,3764,0.8383
10069,20:14:52.148,3763,0.8379
10070,20:14:52.149,3766,0.8393
10071,20:14:52.149,3761,0.8369
10072,20:14:52.150,3749,0.8310
10073,20:14:52.150,3771,0.8418
10074,20:14:52.151,3773,0.8427
10075,20:14:52.151,3763,0.8379
10076,20:14:52.152,3914,0.9116
10077,20:14:52.152,3766,0.8393
10078,20:14:52.153,3760,0.8364
10079,20:14:52.153,3764,0.8383
10080,20:14:52.154,3802,0.8569
10081,20:14:52.154,3782,0.8471
10082,20:14:52.155,3792,0.8520
10083,20:14:52.155,3791,0.8515
10084,20:14:52.156,3799,0.8554
10085,20:14:52.156,3796,0.8540
10086,20:14:52.157,3821,0.8662
10087,20:14:52.157,3789,0.8505
10088,20:14:52.158,3782,0.8471
10089,20:14:52.158,3790,0.8510
10090,20:14:52.159,3797,0.8545
10091,20:14:52.159,3778,0.8452
10092,20:14:52.160,3766,0.8393
10093,20:14:52.160,3772,0.8422
10094,20:14:52.161,3778,0.8452
10095,20:14:52.161,3751,0.8320
10096,20:14:52.162,3787,0.8496
10097,20:14:52.162,3738,0.8256
10098,20:14:52.163,3782,0.8471
10099,20:14:52.163,3739,0.8261
10100,20:14:52.164,3757,0.8349
10101,20:14:52.164,3778,0.8452
10102,20:14:52.165,3758,0.8354
10103,20:14:52.165,3781,0.8466
10104,20:14:52.166,3730,0.8217
10105,20:14:52.166,3728,0.8208
10106,20:14:52.167,3733,0.8232
10107,20:14:52.167,3736,0.8247
10108,20:14:52.168,3725,0.8193
10109,20:14:52.168,3737,0.8252
10110,20:14:52.169,3744,0.8286
10111,20:14:52.169,3717,0.8154
10112,20:14:52.170,3727,0.8203
10113,20:14:52.170,3736,0.8247
10114,20:14:52.171,3726,0.8198
10115,20:14:52.171,3721,0.8173
10116,20:14:52.172,3739,0.8261
10117,20:14:52.172,3772,0.8422
10118,20:14:52.173,3746,0.8295
10119,20:14:52.173,3758,0.8354
10120,20:14:52.174,3756,0.8344
10121,20:14:52.174,3778,0.8452
10122,20:14:52.175,3739,0.8261
10123,20:14:52.175,3798,0.8549
10124,20:14:52.176,3777,0.8447
10125,20:14:52.176,3777,0.8447
10126,20:14:52.177,3776,0.8442
10127,20:14:52.177,3775,0.8437
10128,20:14:52.178,3769,0.8408
10129,20:14:52.178,3769,0.8408
10130,20:14:52.179,3767,0.8398
10131,20:14:52.179,3776,0.8442
10132,20:14:52.180,3761,0.8369
10133,20:14:52.180,3793,0.8525
10134,20:14:52.181,3756,0.8344
10135,20:14:52.181,3763,0.8379
10136,20:14:52.182,3775,0.8437
10137,20:14:52.182,3825,0.8681
10138,20:14:52.183,3759,0.8359
10139,20:14:52.183,3754,0.8335
10140,20:14:52.184,3761,0.8369
10141,20:14:52.184,3779,0.8457
10142,20:14:52.185,3726,0.8198
10143,20:14:52.185,3741,0.8271
10144,20:14:52.186,3743,0.8281
10145,20:14:52.186,3748,0.8305
10146,20:14:52.187,3742,0.8276
10147,20:14:52.187,3733,0.8232
10148,20:14:52.188,3737,0.8252
10149,20:14:52.188,3756,0.8344
10150,20:14:52.189,3766,0.8393
10151,20:14:52.189,3749,0.8310
10152,20:14:52.190,3759,0.8359
10153,20:14:52.190,3727,0.8203
10154,20:14:52.191,3739,0.8261
10155,20:14:52.191,3770,0.8413
10156,20:14:52.192,3764,0.8383
10157,20:14:52.192,3776,0.8442
10158,20:14:52.193,3777,0.8447
10159,20:14:52.193,3798,0.8549
10160,20:14:52.194,3773,0.8427
10161,20:14:52.194,3767,0.8398
10162,20:14:52.195,3701,0.8076
10163,20:14:52.195,3802,0.8569
10164,20:14:52.196,3815,0.8632
10165,20:14:52.196,3820,0.8657
10166,20:14:52.197,3805,0.8584
10167,20:14:52.197,3809,0.8603
10168,20:14:52.198,3815,0.8632
10169,20:14:52.198,3806,0.8589
10170,20:14:52.199,3829,0.8701
10171,20:14:52.199,3821,0.8662
10172,20:14:52.200,3829,0.8701
10173,20:14:52.200,3820,0.8657
10174,20:14:52.201,3844,0.8774
10175,20:14:52.201,3824,0.8676
10176,20:14:52.202,3822,0.8667
10177,20:14:52.202,3829,0.8701
10178,20:14:52.203,3820,0.8657
10179,20:14:52.203,3825,0.8681
10180,20:14:52.204,3820,0.8657
10181,20:14:52.204,3819,0.8652
10182,20:14:52.205,3812,0.8618
10183,20:14:52.205,3790,0.8510
10184,20:14:52.206,3790,0.8510
10185,20:14:52.206,3792,0.8520
10186,20:14:52.207,3787,0.8496
10187,20:14:52.207,3810,0.8608
10188,20:14:52.208,3797,0.8545
10189,20:14:52.208,3792,0.8520
10190,20:14:52.209,3809,0.8603
10191,20:14:52.209,3795,0.8535
10192,20:14:52.210,3819,0.8652
10193,20:14:52.210,3809,0.8603
10194,20:14:52.211,3812,0.8618
10195,20:14:52.211,3811,0.8613
10196,20:14:52.212,3798,0.8549
10197,20:14:52.212,3856,0.8833
10198,20:14:52.213,3827,0.8691
10199,20:14:52.213,3846,0.8784
10200,20:14:52.214,3831,0.8711
10201,20:14:52.214,3815,0.8632
10202,20:14:52.215,3899,0.9043
10203,20:14:52.215,3870,0.8901
10204,20:14:52.216,3799,0.8554
10205,20:14:52.216,3861,0.8857
10206,20:14:52.217,3868,0.8891
10207,20:14:52.217,3859,0.8847
10208,20:14:52.218,3870,0.8901
10209,20:14:52.218,3877,0.8935
10210,20:14:52.219,3867,0.8886
10211,20:14:52.219,3877,0.8935
10212,20:14:52.220,3881,0.8955
10213,20:14:52.220,3860,0.8852
10214,20:14:52.221,3878,0.8940
10215,20:14:52.221,3895,0.9023
10216,20:14:52.222,3898,0.9038
10217,20:14:52.222,3874,0.8921
10218,20:14:52.223,3866,0.8882
10219,20:14:52.223,3849,0.8799
10220,20:14:52.224,3878,0.8940
10221,20:14:52.224,3819,0.8652
10222,20:14:52.225,3808,0.8598
10223,20:14:52.225,3836,0.8735
10224,20:14:52.226,3842,0.8764
10225,20:14:52.226,3831,0.8711
10226,20:14:52.227,3818,0.8647
10227,20:14:52.227,3818,0.8647
10228,20:14:52.228,3822,0.8667
10229,20:14:52.228,3823,0.8672
10230,20:14:52.229,3817,0.8642
10231,20:14:52.229,3806,0.8589
10232,20:14:52.230,3818,0.8647
10233,20:14:52.230,3815,0.8632
10234,20:14:52.231,3827,0.8691
10235,20:14:52.231,3836,0.8735
10236,20:14:52.232,3816,0.8637
10237,20:14:52.232,3826,0.8686
10238,20:14:52.233,3820,0.8657
10239,20:14:52.233,3826,0.8686
10240,20:14:52.234,3850,0.8803
10241,20:14:52.234,3820,0.8657
10242,20:14:52.235,3858,0.8842
10243,20:14:52.235,3853,0.8818
10244,20:14:52.236,3858,0.8842
10245,20:14:52.236,3844,0.8774
10246,20:14:52.237,3843,0.8769
10247,20:14:52.237,3836,0.8735
10248,20:14:52.238,3844,0.8774
10249,20:14:52.238,3832,0.8716
10250,20:14:52.239,3825,0.8681
10251,20:14:52.239,3823,0.8672
10252,20:14:52.240,3816,0.8637
10253,20:14:52.240,3826,0.8686
10254,20:14:52.241,3821,0.8662
10255,20:14:52.241,3832,0.8716
10256,20:14:52.242,3817,0.8642
10257,20:14:52.242,3783,0.8476
10258,20:14:52.243,3807,0.8593
10259,20:14:52.243,3796,0.8540
10260,20:14:52.244,3812,0.8618
10261,20:14:52.244,3799,0.8554
10262,20:14:52.245,3836,0.8735
10263,20:14:52.245,3802,0.8569
10264,20:14:52.246,3774,0.8432
10265,20:14:52.246,3762,0.8374
10266,20:14:52.247,3764,0.8383
10267,20:14:52.247,3761,0.8369
10268,20:14:52.248,3750,0.8315
10269,20:14:52.248,3751,0.8320
10270,20:14:52.249,3746,0.8295
10271,20:14:52.249,3765,0.8388
10272,20:14:52.250,3715,0.8144
10273,20:14:52.250,3743,0.8281
10274,20:14:52.251,3739,0.8261
10275,20:14:52.251,3760,0.8364
10276,20:14:52.252,3720,0.8168
10277,20:14:52.252,3737,0.8252
10278,20:14:52.253,3737,0.8252
10279,20:14:52.253,3743,0.8281
10280,20:14:52.254,3740,0.8266
10281,20:14:52.254,3739,0.8261
10282,20:14:52.255,3757,0.8349
10283,20:14:52.255,3755,0.8339
10284,20:14:52.256,3735,0.8242
10285,20:14:52.256,3745,0.8291
10286,20:14:52.257,3735,0.8242
10287,20:14:52.257,3721,0.8173
10288,20:14:52.258,3718,0.8159
10289,20:14:52.258,3717,0.8154
10290,20:14:52.259,3722,0.8178
10291,20:14:52.259,3717,0.8154
10292,20:14:52.260,3700,0.8071
10293,20:14:52.260,3714,0.8139
10294,20:14:52.261,3697,0.8056
10295,20:14:52.261,3717,0.8154
10296,20:14:52.262,3691,0.8027
10297,20:14:52.262,3652,0.7836
10298,20:14:52.263,3678,0.7963
10299,20:14:52.263,3619,0.7675
10300,20:14:52.264,3656,0.7856
10301,20:14:52.264,3662,0.7885
10302,20:14:52.265,3658,0.7866
10303,20:14:52.265,3639,0.7773
10304,20:14:52.266,3657,0.7861
10305,20:14:52.266,3639,0.7773
10306,20:14:52.267,3626,0.7709
10307,20:14:52.267,3618,0.7670
10308,20:14:52.268,3620,0.7680
10309,20:14:52.268,3643,0.7792
10310,20:14:52.269,3617,0.7665
10311,20:14:52.269,3606,0.7612
10312,20:14:52.270,3620,0.7680
10313,20:14:52.270,3639,0.7773
10314,20:14:52.271,3626,0.7709
10315,20:14:52.271,3613,0.7646
10316,20:14:52.272,3633,0.7744
10317,20:14:52.272,3638,0.7768
10318,20:14:52.273,3634,0.7748
10319,20:14:52.273,3636,0.7758
10320,20:14:52.274,3642,0.7788
10321,20:14:52.274,3650,0.7827
10322,20:14:52.275,3616,0.7661
10323,20:14:52.275,3655,0.7851
10324,20:14:52.276,3635,0.7753
10325,20:14:52.276,3607,0.7617
10326,20:14:52.277,3622,0.7690
10327,20:14:52.277,3626,0.7709
10328,20:14:52.278,3630,0.7729
10329,20:14:52.278,3625,0.7705
10330,20:14:52.279,3625,0.7705
10331,20:14:52.279,3624,0.7700
10332,20:14:52.280,3625,0.7705
10333,20:14:52.280,3637,0.7763
10334,20:14:52.281,3590,0.7534
10335,20:14:52.281,3623,0.7695
10336,20:14:52.282,3602,0.7592
10337,20:14:52.282,3619,0.7675
10338,20:14:52.283,3608,0.7621
10339,20:14:52.283,3605,0.7607
10340,20:14:52.284,3599,0.7578
10341,20:14:52.284,3595,0.7558
10342,20:14:52.285,3633,0.7744
10343,20:14:52.285,3591,0.7538
10344,20:14:52.286,3601,0.7587
10345,20:14:52.286,3599,0.7578
10346,20:14:52.287,3608,0.7621
10347,20:14:52.287,3601,0.7587
10348,20:14:52.288,3597,0.7568
10349,20:14:52.288,3610,0.7631
10350,20:14:52.289,3598,0.7573
10351,20:14:52.289,3589,0.7529
10352,20:14:52.290,3593,0.7548
10353,20:14:52.290,3533,0.7255
10354,20:14:52.291,3595,0.7558
10355,20:14:52.291,3599,0.7578
10356,20:14:52.292,3624,0.7700
10357,20:14:52.292,3629,0.7724
10358,20:14:52.293,3616,0.7661
10359,20:14:52.293,3658,0.7866
10360,20:14:52.294,3632,0.7739
10361,20:14:52.294,3638,0.7768
10362,20:14:52.295,3655,0.7851
10363,20:14:52.295,3657,0.7861
10364,20:14:52.296,3658,0.7866
10365,20:14:52.296,3657,0.7861
10366,20:14:52.297,3658,0.7866
10367,20:14:52.297,3659,0.7871
10368,20:14:52.298,3681,0.7978
10369,20:14:52.298,3675,0.7949
10370,20:14:52.299,3684,0.7993
10371,20:14:52.299,3675,0.7949
10372,20:14:52.300,3678,0.7963
10373,20:14:52.300,3695,0.8046
10374,20:14:52.301,3720,0.8168
10375,20:14:52.301,3703,0.8085
10376,20:14:52.302,3674,0.7944
10377,20:14:52.302,3708,0.8110
10378,20:14:52.303,3703,0.8085
10379,20:14:52.303,3683,0.7988
10380,20:14:52.304,3727,0.8203
10381,20:14:52.304,3702,0.8081
10382,20:14:52.305,3718,0.8159
10383,20:14:52.305,3724,0.8188
10384,20:14:52.306,3707,0.8105
10385,20:14:52.306,3722,0.8178
10386,20:14:52.307,3715,0.8144
10387,20:14:52.307,3726,0.8198
10388,20:14:52.308,3743,0.8281
10389,20:14:52.308,3745,0.8291
10390,20:14:52.309,3738,0.8256
10391,20:14:52.309,3758,0.8354
10392,20:14:52.310,3765,0.8388
10393,20:14:52.310,3771,0.8418
10394,20:14:52.311,3778,0.8452
10395,20:14:52.311,3777,0.8447
10396,20:14:52.312,3813,0.8623
10397,20:14:52.312,3824,0.8676
10398,20:14:52.313,3803,0.8574
10399,20:14:52.313,3826,0.8686
10400,20:14:52.314,3854,0.8823
10401,20:14:52.314,3861,0.8857
10402,20:14:52.315,3884,0.8969
10403,20:14:52.315,3863,0.8867
10404,20:14:52.316,3882,0.8960
10405,20:14:52.316,3853,0.8818
10406,20:14:52.317,3866,0.8882
10407,20:14:52.317,3856,0.8833
10408,20:14:52.318,3880,0.8950
10409,20:14:52.318,3857,0.8838
10410,20:14:52.319,3884,0.8969
10411,20:14:52.319,3900,0.9048
10412,20:14:52.320,3902,0.9057
10413,20:14:52.320,3901,0.9053
10414,20:14:52.321,3910,0.9096
10415,20:14:52.321,3916,0.9126
10416,20:14:52.322,3915,0.9121
10417,20:14:52.322,3907,0.9082
10418,20:14:52.323,3802,0.8569
10419,20:14:52.323,3914,0.9116
10420,20:14:52.324,3929,0.9189
10421,20:14:52.324,3919,0.9140
10422,20:14:52.325,3907,0.9082
10423,20:14:52.325,3884,0.8969
10424,20:14:52.326,3920,0.9145
10425,20:14:52.326,3922,0.9155
10426,20:14:52.327,3921,0.9150
10427,20:14:52.327,3930,0.9194
10428,20:14:52.328,3927,0.9179
10429,20:14:52.328,3924,0.9165
10430,20:14:52.329,3932,0.9204
10431,20:14:52.329,3953,0.9306
10432,20:14:52.330,3926,0.9175
10433,20:14:52.330,3929,0.9189
10434,20:14:52.331,3995,0.9512
10435,20:14:52.331,3934,0.9214
10436,20:14:52.332,3927,0.9179
10437,20:14:52.332,3952,0.9302
10438,20:14:52.333,3977,0.9424
10439,20:14:52.333,3940,0.9243
10440,20:14:52.334,3934,0.9214
10441,20:14:52.334,3930,0.9194
10442,20:14:52.335,3906,0.9077
10443,20:14:52.335,3942,0.9253
10444,20:14:52.336,3959,0.9336
10445,20:14:52.336,3961,0.9346
10446,20:14:52.337,3956,0.9321
10447,20:14:52.337,3974,0.9409
10448,20:14:52.338,3957,0.9326
10449,20:14:52.338,3956,0.9321
10450,20:14:52.339,3958,0.9331
10451,20:14:52.339,3947,0.9277
10452,20:14:52.340,3950,0.9292
10453,20:14:52.340,3951,0.9297
10454,20:14:52.341,3949,0.9287
10455,20:14:52.341,3934,0.9214
10456,20:14:52.342,3946,0.9272
10457,20:14:52.342,3942,0.9253
10458,20:14:52.343,3911,0.9101
10459,20:14:52.343,3928,0.9184
10460,20:14:52.344,3871,0.8906
10461,20:14:52.344,3940,0.9243
10462,20:14:52.345,3947,0.9277
10463,20:14:52.345,3920,0.9145
10464,20:14:52.346,3903,0.9062
10465,20:14:52.346,3891,0.9004
10466,20:14:52.347,3906,0.9077
10467,20:14:52.347,3886,0.8979
10468,20:14:52.348,3889,0.8994
10469,20:14:52.348,3870,0.8901
10470,20:14:52.349,3879,0.8945
10471,20:14:52.349,3871,0.8906
10472,20:14:52.350,3868,0.8891
10473,20:14:52.350,3867,0.8886
10474,20:14:52.351,3868,0.8891
10475,20:14:52.351,3855,0.8828
10476,20:14:52.352,3873,0.8916
10477,20:14:52.352,3877,0.8935
10478,20:14:52.353,3895,0.9023
10479,20:14:52.353,3856,0.8833
10480,20:14:52.354,3869,0.8896
10481,20:14:52.354,3856,0.8833
10482,20:14:52.355,3818,0.8647
10483,20:14:52.355,3857,0.8838
10484,20:14:52.356,3836,0.8735
10485,20:14:52.356,3859,0.8847
10486,20:14:52.357,3829,0.8701
10487,20:14:52.357,3815,0.8632
10488,20:14:52.358,3816,0.8637
10489,20:14:52.358,3805,0.8584
10490,20:14:52.359,3779,0.8457
10491,20:14:52.359,3796,0.8540
10492,20:14:52.360,3792,0.8520
10493,20:14:52.360,3808,0.8598
10494,20:14:52.361,3756,0.8344
10495,20:14:52.361,3783,0.8476
10496,20:14:52.362,3758,0.8354
10497,20:14:52.362,3760,0.8364
10498,20:14:52.363,3756,0.8344
10499,20:14:52.363,3748,0.8305
10500,20:14:52.364,3715,0.8144
10501,20:14:52.364,3756,0.8344
10502,20:14:52.365,3714,0.8139
10503,20:14:52.365,3740,0.8266
10504,20:14:52.366,3715,0.8144
10505,20:14:52.366,3731,0.8222
10506,20:14:52.367,3713,0.8134
10507,20:14:52.367,3682,0.7983
10508,20:14:52.368,3680,0.7973
10509,20:14:52.368,3690,0.8022
10510,20:14:52.369,3677,0.7958
10511,20:14:52.369,3666,0.7905
10512,20:14:52.370,3669,0.7919
10513,20:14:52.370,3687,0.8007
10514,20:14:52.371,3690,0.8022
10515,20:14:52.371,3674,0.7944
10516,20:14:52.372,3694,0.8042
10517,20:14:52.372,3663,0.7890
10518,20:14:52.373,3702,0.8081
10519,20:14:52.373,3701,0.8076
10520,20:14:52.374,3683,0.7988
10521,20:14:52.374,3678,0.7963
10522,20:14:52.375,3687,0.8007
10523,20:14:52.375,3694,0.8042
10524,20:14:52.376,3695,0.8046
10525,20:14:52.376,3688,0.8012
10526,20:14:52.377,3689,0.8017
10527,20:14:52.377,3678,0.7963
10528,20:14:52.378,3676,0.7954
10529,20:14:52.378,3679,0.7968
10530,20:14:52.379,3683,0.7988
10531,20:14:52.379,3679,0.7968
10532,20:14:52.380,3658,0.7866
10533,20:14:52.380,3675,0.7949
10534,20:14:52.381,3667,0.7910
10535,20:14:52.381,3672,0.7934
10536,20:14:52.382,3681,0.7978
10537,20:14:52.382,3729,0.8212
10538,20:14:52.383,3668,0.7915
10539,20:14:52.383,3665,0.7900
10540,20:14:52.384,3668,0.7915
10541,20:14:52.384,3679,0.7968
10542,20:14:52.385,3697,0.8056
10543,20:14:52.385,3666,0.7905
10544,20:14:52.386,3674,0.7944
10545,20:14:52.386,3671,0.7929
10546,20:14:52.387,3659,0.7871
10547,20:14:52.387,3669,0.7919
10548,20:14:52.388,3669,0.7919
10549,20:14:52.388,3670,0.7924
10550,20:14:52.389,3705,0.8095
10551,20:14:52.389,3675,0.7949
10552,20:14:52.390,3689,0.8017
10553,20:14:52.390,3674,0.7944
10554,20:14:52.391,3691,0.8027
10555,20:14:52.391,3705,0.8095
10556,20:14:52.392,3717,0.8154
10557,20:14:52.392,3716,0.8149
10558,20:14:52.393,3741,0.8271
10559,20:14:52.393,3733,0.8232
10560,20:14:52.394,3743,0.8281
10561,20:14:52.394,3724,0.8188
10562,20:14:52.395,3752,0.8325
10563,20:14:52.395,3749,0.8310
10564,20:14:52.396,3776,0.8442
10565,20:14:52.396,3765,0.8388
10566,20:14:52.397,3773,0.8427
10567,20:14:52.397,3755,0.8339
10568,20:14:52.398,3767,0.8398
10569,20:14:52.398,3763,0.8379
10570,20:14:52.399,3759,0.8359
10571,20:14:52.399,3769,0.8408
10572,20:14:52.400,3766,0.8393
10573,20:14:52.400,3773,0.8427
10574,20:14:52.401,3767,0.8398
10575,20:14:52.401,3791,0.8515
10576,20:14:52.402,3788,0.8501
10577,20:14:52.402,3620,0.7680
10578,20:14:52.403,3767,0.8398
10579,20:14:52.403,3795,0.8535
10580,20:14:52.404,3834,0.8725
10581,20:14:52.404,3812,0.8618
10582,20:14:52.405,3811,0.8613
10583,20:14:52.405,3795,0.8535
10584,20:14:52.406,3787,0.8496
10585,20:14:52.406,3782,0.8471
10586,20:14:52.407,3781,0.8466
10587,20:14:52.407,3792,0.8520
10588,20:14:52.408,3784,0.8481
10589,20:14:52.408,3793,0.8525
10590,20:14:52.409,3759,0.8359
10591,20:14:52.409,3781,0.8466
10592,20:14:52.410,3830,0.8706
10593,20:14:52.410,3817,0.8642
10594,20:14:52.411,3803,0.8574
10595,20:14:52.411,3807,0.8593
10596,20:14:52.412,3835,0.8730
10597,20:14:52.412,3825,0.8681
10598,20:14:52.413,3816,0.8637
10599,20:14:52.413,3882,0.8960
10600,20:14:52.414,3809,0.8603
10601,20:14:52.414,3817,0.8642
10602,20:14:52.415,3874,0.8921
10603,20:14:52.415,3866,0.8882
10604,20:14:52.416,3827,0.8691
10605,20:14:52.416,3836,0.8735
10606,20:14:52.417,3836,0.8735
10607,20:14:52.417,3852,0.8813
10608,20:14:52.418,3832,0.8716
10609,20:14:52.418,3849,0.8799
10610,20:14:52.419,3848,0.8794
10611,20:14:52.419,3925,0.9170
10612,20:14:52.420,3850,0.8803
10613,20:14:52.420,3837,0.8740
10614,20:14:52.421,3854,0.8823
10615,20:14:52.421,3849,0.8799
10616,20:14:52.422,3847,0.8789
10617,20:14:52.422,3958,0.9331
10618,20:14:52.423,3855,0.8828
10619,20:14:52.423,3855,0.8828
10620,20:14:52.424,3852,0.8813
10621,20:14:52.424,3878,0.8940
10622,20:14:52.425,3823,0.8672
10623,20:14:52.425,3830,0.8706
10624,20:14:52.426,3826,0.8686
10625,20:14:52.426,3812,0.8618
10626,20:14:52.427,3822,0.8667
10627,20:14:52.427,3809,0.8603
10628,20:14:52.428,3801,0.8564
10629,20:14:52.428,3821,0.8662
10630,20:14:52.429,3856,0.8833
10631,20:14:52.429,3793,0.8525
10632,20:14:52.430,3811,0.8613
10633,20:14:52.430,3819,0.8652
10634,20:14:52.431,3846,0.8784
10635,20:14:52.431,3816,0.8637
10636,20:14:52.432,3826,0.8686
10637,20:14:52.432,3850,0.8803
10638,20:14:52.433,3826,0.8686
10639,20:14:52.433,3798,0.8549
10640,20:14:52.434,3826,0.8686
10641,20:14:52.434,3817,0.8642
10642,20:14:52.435,3844,0.8774
10643,20:14:52.435,3757,0.8349
10644,20:14:52.436,3853,0.8818
10645,20:14:52.436,3834,0.8725
10646,20:14:52.437,3816,0.8637
10647,20:14:52.437,3841,0.8759
10648,20:14:52.438,3829,0.8701
10649,20:14:52.438,3832,0.8716
10650,20:14:52.439,3820,0.8657
10651,20:14:52.439,3822,0.8667
10652,20:14:52.440,3822,0.8667
10653,20:14:52.440,3825,0.8681
10654,20:14:52.441,3802,0.8569
10655,20:14:52.441,3810,0.8608
10656,20:14:52.442,3793,0.8525
10657,20:14:52.442,3784,0.8481
10658,20:14:52.443,3776,0.8442
10659,20:14:52.443,3782,0.8471
10660,20:14:52.444,3792,0.8520
10661,20:14:52.444,3796,0.8540
10662,20:14:52.445,3684,0.7993
10663,20:14:52.445,3774,0.8432
10664,20:14:52.446,3772,0.8422
10665,20:14:52.446,3714,0.8139
10666,20:14:52.447,3747,0.8300
10667,20:14:52.447,3764,0.8383
10668,20:14:52.448,3747,0.8300
10669,20:14:52.448,3752,0.8325
10670,20:14:52.449,3742,0.8276
10671,20:14:52.449,3738,0.8256
10672,20:14:52.450,3858,0.8842
10673,20:14:52.450,3747,0.8300
10674,20:14:52.451,3742,0.8276
10675,20:14:52.451,3759,0.8359
10676,20:14:52.452,3764,0.8383
10677,20:14:52.452,3773,0.8427
10678,20:14:52.453,3767,0.8398
10679,20:14:52.453,3738,0.8256
10680,20:14:52.454,3760,0.8364
10681,20:14:52.454,3783,0.8476
10682,20:14:52.455,3760,0.8364
10683,20:14:52.455,3774,0.8432
10684,20:14:52.456,3763,0.8379
10685,20:14:52.456,3769,0.8408
10686,20:14:52.457,3757,0.8349
10687,20:14:52.457,3745,0.8291
10688,20:14:52.458,3753,0.8330
10689,20:14:52.458,3749,0.8310
10690,20:14:52.459,3771,0.8418
10691,20:14:52.459,3753,0.8330
10692,20:14:52.460,3751,0.8320
10693,20:14:52.460,3737,0.8252
10694,20:14:52.461,3754,0.8335
10695,20:14:52.461,3760,0.8364
10696,20:14:52.462,3741,0.8271
10697,20:14:52.462,3742,0.8276
10698,20:14:52.463,3728,0.8208
10699,20:14:52.463,3763,0.8379
10700,20:14:52.464,3736,0.8247
10701,20:14:52.464,3740,0.8266
10702,20:14:52.465,3723,0.8183
10703,20:14:52.465,3730,0.8217
10704,20:14:52.466,3717,0.8154
10705,20:14:52.466,3738,0.8256
10706,20:14:52.467,3718,0.8159
10707,20:14:52.467,3722,0.8178
10708,20:14:52.468,3704,0.8090
10709,20:14:52.468,3725,0.8193
10710,20:14:52.469,3734,0.8237
10711,20:14:52.469,3717,0.8154
10712,20:14:52.470,3722,0.8178
10713,20:14:52.470,3723,0.8183
10714,20:14:52.471,3742,0.8276
10715,20:14:52.471,3726,0.8198
10716,20:14:52.472,3722,0.8178
10717,20:14:52.472,3773,0.8427
10718,20:14:52.473,3768,0.8403
10719,20:14:52.473,3780,0.8462
10720,20:14:52.474,3741,0.8271
10721,20:14:52.474,3757,0.8349
10722,20:14:52.475,3778,0.8452
10723,20:14:52.475,3782,0.8471
10724,20:14:52.476,3775,0.8437
10725,20:14:52.476,3778,0.8452
10726,20:14:52.477,3769,0.8408
10727,20:14:52.477,3770,0.8413
10728,20:14:52.478,3779,0.8457
10729,20:14:52.478,3763,0.8379
10730,20:14:52.479,3760,0.8364
10731,20:14:52.479,3775,0.8437
10732,20:14:52.480,3784,0.8481
10733,20:14:52.480,3767,0.8398
10734,20:14:52.481,3766,0.8393
10735,20:14:52.481,3774,0.8432
10736,20:14:52.482,3773,0.8427
10737,20:14:52.482,3772,0.8422
10738,20:14:52.483,3772,0.8422
10739,20:14:52.483,3750,0.8315
10740,20:14:52.484,3781,0.8466
10741,20:14:52.484,3798,0.8549
10742,20:14:52.485,3774,0.8432
10743,20:14:52.485,3769,0.8408
10744,20:14:52.486,3790,0.8510
10745,20:14:52.486,3780,0.8462
10746,20:14:52.487,3773,0.8427
10747,20:14:52.487,3769,0.8408
10748,20:14:52.488,3766,0.8393
10749,20:14:52.488,3769,0.8408
10750,20:14:52.489,3762,0.8374
10751,20:14:52.489,3774,0.8432
10752,20:14:52.490,3777,0.8447
10753,20:14:52.490,3778,0.8452
10754,20:14:52.491,3784,0.8481
10755,20:14:52.491,3817,0.8642
10756,20:14:52.492,3807,0.8593
10757,20:14:52.492,3832,0.8716
10758,20:14:52.493,3813,0.8623
10759,20:14:52.493,3805,0.8584
10760,20:14:52.494,3833,0.8720
10761,20:14:52.494,3845,0.8779
10762,20:14:52.495,3829,0.8701
10763,20:14:52.495,3810,0.8608
10764,20:14:52.496,3842,0.8764
10765,20:14:52.496,3841,0.8759
10766,20:14:52.497,3833,0.8720
10767,20:14:52.497,3820,0.8657
10768,20:14:52.498,3817,0.8642
10769,20:14:52.498,3818,0.8647
10770,20:14:52.499,3819,0.8652
10771,20:14:52.499,3826,0.8686
10772,20:14:52.500,3808,0.8598
10773,20:14:52.500,3825,0.8681
10774,20:14:52.501,3835,0.8730
10775,20:14:52.501,3834,0.8725
10776,20:14:52.502,3843,0.8769
10777,20:14:52.502,3800,0.8559
10778,20:14:52.503,3831,0.8711
10779,20:14:52.503,3820,0.8657
10780,20:14:52.504,3773,0.8427
10781,20:14:52.504,3783,0.8476
10782,20:14:52.505,3816,0.8637
10783,20:14:52.505,3827,0.8691
10784,20:14:52.506,3808,0.8598
10785,20:14:52.506,3786,0.8491
10786,20:14:52.507,3793,0.8525
10787,20:14:52.507,3806,0.8589
10788,20:14:52.508,3796,0.8540
10789,20:14:52.508,3801,0.8564
10790,20:14:52.509,3788,0.8501
10791,20:14:52.509,3794,0.8530
10792,20:14:52.510,3816,0.8637
10793,20:14:52.510,3790,0.8510
10794,20:14:52.511,3786,0.8491
10795,20:14:52.511,3793,0.8525
10796,20:14:52.512,3817,0.8642
10797,20:14:52.512,3823,0.8672
10798,20:14:52.513,3815,0.8632
10799,20:14:52.513,3836,0.8735
10800,20:14:52.514,3798,0.8549
10801,20:14:52.514,3818,0.8647
10802,20:14:52.515,3830,0.8706
10803,20:14:52.515,3837,0.8740
10804,20:14:52.516,3826,0.8686
10805,20:14:52.516,3820,0.8657
10806,20:14:52.517,3841,0.8759
10807,20:14:52.517,3820,0.8657
10808,20:14:52.518,3826,0.8686
10809,20:14:52.518,3816,0.8637
10810,20:14:52.519,3787,0.8496
10811,20:14:52.519,3809,0.8603
10812,20:14:52.520,3808,0.8598
10813,20:14:52.520,3812,0.8618
10814,20:14:52.521,3765,0.8388
10815,20:14:52.521,3823,0.8672
10816,20:14:52.522,3811,0.8613
10817,20:14:52.522,3798,0.8549
10818,20:14:52.523,3796,0.8540
10819,20:14:52.523,3781,0.8466
10820,20:14:52.524,3797,0.8545
10821,20:14:52.524,3929,0.9189
10822,20:14:52.525,3786,0.8491
10823,20:14:52.525,3796,0.8540
10824,20:14:52.526,3775,0.8437
10825,20:14:52.526,3847,0.8789
10826,20:14:52.527,3765,0.8388
10827,20:14:52.527,3772,0.8422
10828,20:14:52.528,3766,0.8393
10829,20:14:52.528,3778,0.8452
10830,20:14:52.529,3773,0.8427
10831,20:14:52.529,3758,0.8354
10832,20:14:52.530,3762,0.8374
10833,20:14:52.530,3779,0.8457
10834,20:14:52.531,3776,0.8442
10835,20:14:52.531,3833,0.8720
10836,20:14:52.532,3780,0.8462
10837,20:14:52.532,3787,0.8496
10838,20:14:52.533,3799,0.8554
10839,20:14:52.533,3865,0.8877
10840,20:14:52.534,3778,0.8452
10841,20:14:52.534,3778,0.8452
10842,20:14:52.535,3792,0.8520
10843,20:14:52.535,3800,0.8559
10844,20:14:52.536,3796,0.8540
10845,20:14:52.536,3796,0.8540
10846,20:14:52.537,3748,0.8305
10847,20:14:52.537,3794,0.8530
10848,20:14:52.538,3799,0.8554
10849,20:14:52.538,3794,0.8530
10850,20:14:52.539,3795,0.8535
10851,20:14:52.539,3791,0.8515
10852,20:14:52.540,3791,0.8515
10853,20:14:52.540,3799,0.8554
10854,20:14:52.541,3781,0.8466
10855,20:14:52.541,3792,0.8520
10856,20:14:52.542,3766,0.8393
10857,20:14:52.542,3764,0.8383
10858,20:14:52.543,3805,0.8584
10859,20:14:52.543,3764,0.8383
10860,20:14:52.544,3757,0.8349
10861,20:14:52.544,3758,0.8354
10862,20:14:52.545,3765,0.8388
10863,20:14:52.545,3757,0.8349
10864,20:14:52.546,3748,0.8305
10865,20:14:52.546,3731,0.8222
10866,20:14:52.547,3740,0.8266
10867,20:14:52.547,3730,0.8217
10868,20:14:52.548,3736,0.8247
10869,20:14:52.548,3736,0.8247
10870,20:14:52.549,3736,0.8247
10871,20:14:52.549,3730,0.8217
10872,20:14:52.550,3743,0.8281
10873,20:14:52.550,3735,0.8242
10874,20:14:52.551,3736,0.8247
10875,20:14:52.551,3756,0.8344
10876,20:14:52.552,3754,0.8335
10877,20:14:52.552,3771,0.8418
10878,20:14:52.553,3764,0.8383
10879,20:14:52.553,3749,0.8310
10880,20:14:52.554,3760,0.8364
10881,20:14:52.554,3743,0.8281
10882,20:14:52.555,3821,0.8662
10883,20:14:52.555,3788,0.8501
10884,20:14:52.556,3760,0.8364
10885,20:14:52.556,3757,0.8349
10886,20:14:52.557,3763,0.8379
10887,20:14:52.557,3754,0.8335
10888,20:14:52.558,3755,0.8339
10889,20:14:52.558,3753,0.8330
10890,20:14:52.559,3761,0.8369
10891,20:14:52.559,3756,0.8344
10892,20:14:52.560,3757,0.8349
10893,20:14:52.560,3755,0.8339
10894,20:14:52.561,3782,0.8471
10895,20:14:52.561,3778,0.8452
10896,20:14:52.562,3760,0.8364
10897,20:14:52.562,3751,0.8320
10898,20:14:52.563,3735,0.8242
10899,20:14:52.563,3739,0.8261
10900,20:14:52.564,3803,0.8574
10901,20:14:52.564,3715,0.8144
10902,20:14:52.565,3763,0.8379
10903,20:14:52.565,3741,0.8271
10904,20:14:52.566,3750,0.8315
10905,20:14:52.566,3753,0.8330
10906,20:14:52.567,3725,0.8193
10907,20:14:52.567,3745,0.8291
10908,20:14:52.568,3737,0.8252
10909,20:14:52.568,3749,0.8310
10910,20:14:52.569,3749,0.8310
10911,20:14:52.569,3750,0.8315
10912,20:14:52.570,3742,0.8276
10913,20:14:52.570,3765,0.8388
10914,20:14:52.571,3768,0.8403
10915,20:14:52.571,3767,0.8398
10916,20:14:52.572,3868,0.8891
10917,20:14:52.572,3787,0.8496
10918,20:14:52.573,3781,0.8466
10919,20:14:52.573,3782,0.8471
10920,20:14:52.574,3795,0.8535
10921,20:14:52.574,3778,0.8452
10922,20:14:52.575,3774,0.8432
10923,20:14:52.575,3825,0.8681
10924,20:14:52.576,3813,0.8623
10925,20:14:52.576,3809,0.8603
10926,20:14:52.577,3803,0.8574
10927,20:14:52.577,3796,0.8540
10928,20:14:52.578,3798,0.8549
10929,20:14:52.578,3792,0.8520
10930,20:14:52.579,3797,0.8545
10931,20:14:52.579,3800,0.8559
10932,20:14:52.580,3810,0.8608
10933,20:14:52.580,3814,0.8628
10934,20:14:52.581,3815,0.8632
10935,20:14:52.581,3813,0.8623
10936,20:14:52.582,3806,0.8589
10937,20:14:52.582,3797,0.8545
10938,20:14:52.583,3813,0.8623
10939,20:14:52.583,3822,0.8667
10940,20:14:52.584,3805,0.8584
10941,20:14:52.584,3817,0.8642
10942,20:14:52.585,3855,0.8828
10943,20:14:52.585,3843,0.8769
10944,20:14:52.586,3789,0.8505
10945,20:14:52.586,3791,0.8515
10946,20:14:52.587,3795,0.8535
10947,20:14:52.587,3784,0.8481
10948,20:14:52.588,3787,0.8496
10949,20:14:52.588,3795,0.8535
10950,20:14:52.589,3784,0.8481
10951,20:14:52.589,3789,0.8505
10952,20:14:52.590,3809,0.8603
10953,20:14:52.590,3800,0.8559
10954,20:14:52.591,3801,0.8564
10955,20:14:52.591,3800,0.8559
10956,20:14:52.592,3828,0.8696
10957,20:14:52.592,3817,0.8642
10958,20:14:52.593,3781,0.8466
10959,20:14:52.593,3804,0.8579
10960,20:14:52.594,3829,0.8701
10961,20:14:52.594,3834,0.8725
10962,20:14:52.595,3808,0.8598
10963,20:14:52.595,3740,0.8266
10964,20:14:52.596,3828,0.8696
10965,20:14:52.596,3841,0.8759
10966,20:14:52.597,3824,0.8676
10967,20:14:52.597,3824,0.8676
10968,20:14:52.598,3832,0.8716
10969,20:14:52.598,3827,0.8691
10970,20:14:52.599,3826,0.8686
10971,20:14:52.599,3826,0.8686
10972,20:14:52.600,3822,0.8667
10973,20:14:52.600,3820,0.8657
10974,20:14:52.601,3848,0.8794
10975,20:14:52.601,3821,0.8662
10976,20:14:52.602,3815,0.8632
10977,20:14:52.602,3804,0.8579
10978,20:14:52.603,3820,0.8657
10979,20:14:52.603,3831,0.8711
10980,20:14:52.604,3813,0.8623
10981,20:14:52.604,3800,0.8559
10982,20:14:52.605,3795,0.8535
10983,20:14:52.605,3825,0.8681
10984,20:14:52.606,3812,0.8618
10985,20:14:52.606,3795,0.8535
10986,20:14:52.607,3790,0.8510
10987,20:14:52.607,3782,0.8471
10988,20:14:52.608,3785,0.8486
10989,20:14:52.608,3791,0.8515
10990,20:14:52.609,3782,0.8471
10991,20:14:52.609,3783,0.8476
10992,20:14:52.610,3780,0.8462
10993,20:14:52.610,3778,0.8452
10994,20:14:52.611,3787,0.8496
10995,20:14:52.611,3755,0.8339
10996,20:14:52.612,3788,0.8501
10997,20:14:52.612,3894,0.9018
10998,20:14:52.613,3817,0.8642
10999,20:14:52.613,3797,0.8545
11000,20:14:52.614,3869,0.8896
11001,20:14:52.614,3807,0.8593
11002,20:14:52.615,3777,0.8447
11003,20:14:52.615,3801,0.8564
11004,20:14:52.616,3810,0.8608
11005,20:14:52.616,3802,0.8569
11006,20:14:52.617,3795,0.8535
11007,20:14:52.617,3808,0.8598
11008,20:14:52.618,3795,0.8535
11009,20:14:52.618,3757,0.8349
11010,20:14:52.619,3788,0.8501
11011,20:14:52.619,3809,0.8603
11012,20:14:52.620,3792,0.8520
11013,20:14:52.620,3778,0.8452
11014,20:14:52.621,3781,0.8466
11015,20:14:52.621,3793,0.8525
11016,20:14:52.622,3812,0.8618
11017,20:14:52.622,3776,0.8442
11018,20:14:52.623,3759,0.8359
11019,20:14:52.623,3788,0.8501
11020,20:14:52.624,3796,0.8540
11021,20:14:52.624,3769,0.8408
11022,20:14:52.625,3782,0.8471
11023,20:14:52.625,3785,0.8486
11024,20:14:52.626,3742,0.8276
11025,20:14:52.626,3733,0.8232
11026,20:14:52.627,3759,0.8359
11027,20:14:52.627,3756,0.8344
11028,20:14:52.628,3731,0.8222
11029,20:14:52.628,3754,0.8335
11030,20:14:52.629,3756,0.8344
11031,20:14:52.629,3743,0.8281
11032,20:14:52.630,3747,0.8300
11033,20:14:52.630,3746,0.8295
11034,20:14:52.631,3751,0.8320
11035,20:14:52.631,3751,0.8320
11036,20:14:52.632,3738,0.8256
11037,20:14:52.632,3685,0.7998
11038,20:14:52.633,3750,0.8315
11039,20:14:52.633,3770,0.8413
11040,20:14:52.634,3748,0.8305
11041,20:14:52.634,3772,0.8422
11042,20:14:52.635,3765,0.8388
11043,20:14:52.635,3799,0.8554
11044,20:14:52.636,3784,0.8481
11045,20:14:52.636,3780,0.8462
11046,20:14:52.637,3767,0.8398
11047,20:14:52.637,3741,0.8271
11048,20:14:52.638,3761,0.8369
11049,20:14:52.638,3788,0.8501
11050,20:14:52.639,3807,0.8593
11051,20:14:52.639,3782,0.8471
11052,20:14:52.640,3760,0.8364
11053,20:14:52.640,3776,0.8442
11054,20:14:52.641,3776,0.8442
11055,20:14:52.641,3786,0.8491
11056,20:14:52.642,3745,0.8291
11057,20:14:52.642,3791,0.8515
11058,20:14:52.643,3787,0.8496
11059,20:14:52.643,3761,0.8369
11060,20:14:52.644,3800,0.8559
11061,20:14:52.644,3789,0.8505
11062,20:14:52.645,3796,0.8540
11063,20:14:52.645,3770,0.8413
11064,20:14:52.646,3760,0.8364
11065,20:14:52.646,3768,0.8403
11066,20:14:52.647,3779,0.8457
11067,20:14:52.647,3762,0.8374
11068,20:14:52.648,3761,0.8369
11069,20:14:52.648,3749,0.8310
11070,20:14:52.649,3766,0.8393
11071,20:14:52.649,3756,0.8344
11072,20:14:52.650,3767,0.8398
11073,20:14:52.650,3762,0.8374
11074,20:14:52.651,3766,0.8393
11075,20:14:52.651,3762,0.8374
11076,20:14:52.652,3782,0.8471
11077,20:14:52.652,3791,0.8515
11078,20:14:52.653,3776,0.8442
11079,20:14:52.653,3785,0.8486
11080,20:14:52.654,3818,0.8647
11081,20:14:52.654,3807,0.8593
11082,20:14:52.655,3757,0.8349
11083,20:14:52.655,3781,0.8466
11084,20:14:52.656,3817,0.8642
11085,20:14:52.656,3804,0.8579
11086,20:14:52.657,3795,0.8535
11087,20:14:52.657,3809,0.8603
11088,20:14:52.658,3812,0.8618
11089,20:14:52.658,3798,0.8549
11090,20:14:52.659,3801,0.8564
11091,20:14:52.659,3806,0.8589
11092,20:14:52.660,3808,0.8598
11093,20:14:52.660,3794,0.8530
11094,20:14:52.661,3790,0.8510
11095,20:14:52.661,3811,0.8613
11096,20:14:52.662,3819,0.8652
11097,20:14:52.662,3791,0.8515
11098,20:14:52.663,3788,0.8501
11099,20:14:52.663,3799,0.8554
11100,20:14:52.664,3795,0.8535
11101,20:14:52.664,3815,0.8632
11102,20:14:52.665,3669,0.7919
11103,20:14:52.665,3788,0.8501
11104,20:14:52.666,3791,0.8515
11105,20:14:52.666,3767,0.8398
11106,20:14:52.667,3764,0.8383
11107,20:14:52.667,3769,0.8408
11108,20:14:52.668,3769,0.8408
11109,20:14:52.668,3777,0.8447
11110,20:14:52.669,3781,0.8466
11111,20:14:52.669,3787,0.8496
11112,20:14:52.670,3776,0.8442
11113,20:14:52.670,3754,0.8335
11114,20:14:52.671,3778,0.8452
11115,20:14:52.671,3789,0.8505
11116,20:14:52.672,3792,0.8520
11117,20:14:52.672,3793,0.8525
11118,20:14:52.673,3805,0.8584
11119,20:14:52.673,3791,0.8515
11120,20:14:52.674,3754,0.8335
11121,20:14:52.674,3691,0.8027
11122,20:14:52.675,3805,0.8584
11123,20:14:52.675,3811,0.8613
11124,20:14:52.676,3813,0.8623
11125,20:14:52.676,3805,0.8584
11126,20:14:52.677,3814,0.8628
11127,20:14:52.677,3810,0.8608
11128,20:14:52.678,3805,0.8584
11129,20:14:52.678,3809,0.8603
11130,20:14:52.679,3799,0.8554
11131,20:14:52.679,3801,0.8564
11132,20:14:52.680,3800,0.8559
11133,20:14:52.680,3804,0.8579
11134,20:14:52.681,3809,0.8603
11135,20:14:52.681,3813,0.8623
11136,20:14:52.682,3785,0.8486
11137,20:14:52.682,3799,0.8554
11138,20:14:52.683,3805,0.8584
11139,20:14:52.683,3803,0.8574
11140,20:14:52.684,3781,0.8466
11141,20:14:52.684,3809,0.8603
11142,20:14:52.685,3810,0.8608
11143,20:14:52.685,3813,0.8623
11144,20:14:52.686,3791,0.8515
11145,20:14:52.686,3778,0.8452
11146,20:14:52.687,3808,0.8598
11147,20:14:52.687,3783,0.8476
11148,20:14:52.688,3774,0.8432
11149,20:14:52.688,3775,0.8437
11150,20:14:52.689,3772,0.8422
11151,20:14:52.689,3786,0.8491
11152,20:14:52.690,3790,0.8510
11153,20:14:52.690,3784,0.8481
11154,20:14:52.691,3772,0.8422
11155,20:14:52.691,3776,0.8442
11156,20:14:52.692,3791,0.8515
11157,20:14:52.692,3803,0.8574
11158,20:14:52.693,3796,0.8540
11159,20:14:52.693,3815,0.8632
11160,20:14:52.694,3820,0.8657
11161,20:14:52.694,3827,0.8691
11162,20:14:52.695,3792,0.8520
11163,20:14:52.695,3648,0.7817
11164,20:14:52.696,3810,0.8608
11165,20:14:52.696,3883,0.8965
11166,20:14:52.697,3816,0.8637
11167,20:14:52.697,3811,0.8613
11168,20:14:52.698,3821,0.8662
11169,20:14:52.698,3806,0.8589
11170,20:14:52.699,3820,0.8657
11171,20:14:52.699,3819,0.8652
11172,20:14:52.700,3799,0.8554
11173,20:14:52.700,3806,0.8589
11174,20:14:52.701,3816,0.8637
11175,20:14:52.701,3816,0.8637
11176,20:14:52.702,3801,0.8564
11177,20:14:52.702,3777,0.8447
11178,20:14:52.703,3795,0.8535
11179,20:14:52.703,3861,0.8857
11180,20:14:52.704,3807,0.8593
11181,20:14:52.704,3808,0.8598
11182,20:14:52.705,3802,0.8569
11183,20:14:52.705,3844,0.8774
11184,20:14:52.706,3766,0.8393
11185,20:14:52.706,3762,0.8374
11186,20:14:52.707,3750,0.8315
11187,20:14:52.707,3780,0.8462
11188,20:14:52.708,3785,0.8486
11189,20:14:52.708,3771,0.8418
11190,20:14:52.709,3784,0.8481
11191,20:14:52.709,3781,0.8466
11192,20:14:52.710,3796,0.8540
11193,20:14:52.710,3787,0.8496
11194,20:14:52.711,3774,0.8432
11195,20:14:52.711,3787,0.8496
11196,20:14:52.712,3807,0.8593
11197,20:14:52.712,3794,0.8530
11198,20:14:52.713,3811,0.8613
11199,20:14:52.713,3810,0.8608
11200,20:14:52.714,3802,0.8569
11201,20:14:52.714,3815,0.8632
11202,20:14:52.715,3801,0.8564
11203,20:14:52.715,3843,0.8769
11204,20:14:52.716,3816,0.8637
11205,20:14:52.716,3819,0.8652
11206,20:14:52.717,3824,0.8676
11207,20:14:52.717,3808,0.8598
11208,20:14:52.718,3817,0.8642
11209,20:14:52.718,3809,0.8603
11210,20:14:52.719,3812,0.8618
11211,20:14:52.719,3812,0.8618
11212,20:14:52.720,3818,0.8647
11213,20:14:52.720,3810,0.8608
11214,20:14:52.721,3812,0.8618
11215,20:14:52.721,3761,0.8369
11216,20:14:52.722,3805,0.8584
11217,20:14:52.722,3905,0.9072
11218,20:14:52.723,3793,0.8525
11219,20:14:52.723,3768,0.8403
11220,20:14:52.724,3789,0.8505
11221,20:14:52.724,3794,0.8530
11222,20:14:52.725,3804,0.8579
11223,20:14:52.725,3811,0.8613
11224,20:14:52.726,3778,0.8452
11225,20:14:52.726,3777,0.8447
11226,20:14:52.727,3779,0.8457
11227,20:14:52.727,3776,0.8442
11228,20:14:52.728,3775,0.8437
11229,20:14:52.728,3806,0.8589
11230,20:14:52.729,3796,0.8540
11231,20:14:52.729,3772,0.8422
11232,20:14:52.730,3762,0.8374
11233,20:14:52.730,3776,0.8442
11234,20:14:52.731,3786,0.8491
11235,20:14:52.731,3789,0.8505
11236,20:14:52.732,3789,0.8505
11237,20:14:52.732,3794,0.8530
11238,20:14:52.733,3787,0.8496
11239,20:14:52.733,3802,0.8569
11240,20:14:52.734,3826,0.8686
11241,20:14:52.734,3797,0.8545
11242,20:14:52.735,3819,0.8652
11243,20:14:52.735,3807,0.8593
11244,20:14:52.736,3826,0.8686
11245,20:14:52.736,3818,0.8647
11246,20:14:52.737,3806,0.8589
11247,20:14:52.737,3807,0.8593
11248,20:14:52.738,3799,0.8554
11249,20:14:52.738,3796,0.8540
11250,20:14:52.739,3794,0.8530
11251,20:14:52.739,3799,0.8554
11252,20:14:52.740,3787,0.8496
11253,20:14:52.740,3792,0.8520
11254,20:14:52.741,3778,0.8452
11255,20:14:52.741,3792,0.8520
11256,20:14:52.742,3779,0.8457
11257,20:14:52.742,3791,0.8515
11258,20:14:52.743,3776,0.8442
11259,20:14:52.743,3770,0.8413
11260,20:14:52.744,3796,0.8540
11261,20:14:52.744,3779,0.8457
11262,20:14:52.745,3767,0.8398
11263,20:14:52.745,3767,0.8398
11264,20:14:52.746,3762,0.8374
11265,20:14:52.746,3746,0.8295
11266,20:14:52.747,3756,0.8344
11267,20:14:52.747,3748,0.8305
11268,20:14:52.748,3753,0.8330
11269,20:14:52.748,3752,0.8325
11270,20:14:52.749,3746,0.8295
11271,20:14:52.749,3750,0.8315
11272,20:14:52.750,3761,0.8369
11273,20:14:52.750,3744,0.8286
11274,20:14:52.751,3731,0.8222
11275,20:14:52.751,3781,0.8466
11276,20:14:52.752,3783,0.8476
11277,20:14:52.752,3768,0.8403
11278,20:14:52.753,3787,0.8496
11279,20:14:52.753,3766,0.8393
11280,20:14:52.754,3766,0.8393
11281,20:14:52.754,3776,0.8442
11282,20:14:52.755,3854,0.8823
11283,20:14:52.755,3804,0.8579
11284,20:14:52.756,3785,0.8486
11285,20:14:52.756,3772,0.8422
11286,20:14:52.757,3791,0.8515
11287,20:14:52.757,3786,0.8491
11288,20:14:52.758,3786,0.8491
11289,20:14:52.758,3792,0.8520
11290,20:14:52.759,3793,0.8525
11291,20:14:52.759,3783,0.8476
11292,20:14:52.760,3779,0.8457
11293,20:14:52.760,3773,0.8427
11294,20:14:52.761,3785,0.8486
11295,20:14:52.761,3815,0.8632
11296,20:14:52.762,3795,0.8535
11297,20:14:52.762,3791,0.8515
11298,20:14:52.763,3789,0.8505
11299,20:14:52.763,3775,0.8437
11300,20:14:52.764,3803,0.8574
11301,20:14:52.764,3765,0.8388
11302,20:14:52.765,3763,0.8379
11303,20:14:52.765,3791,0.8515
11304,20:14:52.766,3790,0.8510
11305,20:14:52.766,3771,0.8418
11306,20:14:52.767,3772,0.8422
11307,20:14:52.767,3762,0.8374
11308,20:14:52.768,3767,0.8398
11309,20:14:52.768,3771,0.8418
11310,20:14:52.769,3773,0.8427
11311,20:14:52.769,3767,0.8398
11312,20:14:52.770,3760,0.8364
11313,20:14:52.770,3770,0.8413
11314,20:14:52.771,3780,0.8462
11315,20:14:52.771,3771,0.8418
11316,20:14:52.772,3791,0.8515
11317,20:14:52.772,3794,0.8530
11318,20:14:52.773,3817,0.8642
11319,20:14:52.773,3801,0.8564
11320,20:14:52.774,3815,0.8632
11321,20:14:52.774,3786,0.8491
11322,20:14:52.775,3796,0.8540
11323,20:14:52.775,3796,0.8540
11324,20:14:52.776,3861,0.8857
11325,20:14:52.776,3809,0.8603
11326,20:14:52.777,3798,0.8549
11327,20:14:52.777,3802,0.8569
11328,20:14:52.778,3812,0.8618
11329,20:14:52.778,3804,0.8579
11330,20:14:52.779,3794,0.8530
11331,20:14:52.779,3817,0.8642
11332,20:14:52.780,3808,0.8598
11333,20:14:52.780,3811,0.8613
11334,20:14:52.781,3792,0.8520
11335,20:14:52.781,3805,0.8584
11336,20:14:52.782,3808,0.8598
11337,20:14:52.782,3830,0.8706
11338,20:14:52.783,3801,0.8564
11339,20:14:52.783,3786,0.8491
11340,20:14:52.784,3809,0.8603
11341,20:14:52.784,3806,0.8589
11342,20:14:52.785,3787,0.8496
11343,20:14:52.785,3792,0.8520
11344,20:14:52.786,3793,0.8525
11345,20:14:52.786,3769,0.8408
11346,20:14:52.787,3776,0.8442
11347,20:14:52.787,3783,0.8476
11348,20:14:52.788,3776,0.8442
11349,20:14:52.788,3776,0.8442
11350,20:14:52.789,3770,0.8413
11351,20:14:52.789,3790,0.8510
11352,20:14:52.790,3772,0.8422
11353,20:14:52.790,3778,0.8452
11354,20:14:52.791,3830,0.8706
11355,20:14:52.791,3822,0.8667
11356,20:14:52.792,3791,0.8515
11357,20:14:52.792,3781,0.8466
11358,20:14:52.793,3758,0.8354
11359,20:14:52.793,3809,0.8603
11360,20:14:52.794,3847,0.8789
11361,20:14:52.794,3781,0.8466
11362,20:14:52.795,3824,0.8676
11363,20:14:52.795,3820,0.8657
11364,20:14:52.796,3828,0.8696
11365,20:14:52.796,3823,0.8672
11366,20:14:52.797,3827,0.8691
11367,20:14:52.797,3823,0.8672
11368,20:14:52.798,3819,0.8652
11369,20:14:52.798,3814,0.8628
11370,20:14:52.799,3816,0.8637
11371,20:14:52.799,3823,0.8672
11372,20:14:52.800,3811,0.8613
11373,20:14:52.800,3814,0.8628
11374,20:14:52.801,3833,0.8720
11375,20:14:52.801,3835,0.8730
11376,20:14:52.802,3816,0.8637
11377,20:14:52.802,3728,0.8208
11378,20:14:52.803,3813,0.8623
11379,20:14:52.803,3831,0.8711
11380,20:14:52.804,3790,0.8510
11381,20:14:52.804,3811,0.8613
11382,20:14:52.805,3796,0.8540
11383,20:14:52.805,3807,0.8593
11384,20:14:52.806,3798,0.8549
11385,20:14:52.806,3786,0.8491
11386,20:14:52.807,3785,0.8486
11387,20:14:52.807,3786,0.8491
11388,20:14:52.808,3787,0.8496
11389,20:14:52.808,3799,0.8554
11390,20:14:52.809,3791,0.8515
11391,20:14:52.809,3787,0.8496
11392,20:14:52.810,3791,0.8515
11393,20:14:52.810,3802,0.8569
11394,20:14:52.811,3841,0.8759
11395,20:14:52.811,3799,0.8554
11396,20:14:52.812,3703,0.8085
11397,20:14:52.812,3811,0.8613
11398,20:14:52.813,3907,0.9082
11399,20:14:52.813,3808,0.8598
11400,20:14:52.814,3768,0.8403
11401,20:14:52.814,3831,0.8711
11402,20:14:52.815,3830,0.8706
11403,20:14:52.815,3806,0.8589
11404,20:14:52.816,3834,0.8725
11405,20:14:52.816,3824,0.8676
11406,20:14:52.817,3821,0.8662
11407,20:14:52.817,3809,0.8603
11408,20:14:52.818,3811,0.8613
11409,20:14:52.818,3815,0.8632
11410,20:14:52.819,3809,0.8603
11411,20:14:52.819,3807,0.8593
11412,20:14:52.820,3826,0.8686
11413,20:14:52.820,3800,0.8559
11414,20:14:52.821,3803,0.8574
11415,20:14:52.821,3812,0.8618
11416,20:14:52.822,3814,0.8628
11417,20:14:52.822,3807,0.8593
11418,20:14:52.823,3784,0.8481
11419,20:14:52.823,3782,0.8471
11420,20:14:52.824,3781,0.8466
11421,20:14:52.824,3817,0.8642
11422,20:14:52.825,3793,0.8525
11423,20:14:52.825,3766,0.8393
11424,20:14:52.826,3776,0.8442
11425,20:14:52.826,3789,0.8505
11426,20:14:52.827,3765,0.8388
11427,20:14:52.827,3752,0.8325
11428,20:14:52.828,3755,0.8339
11429,20:14:52.828,3752,0.8325
11430,20:14:52.829,3741,0.8271
11431,20:14:52.829,3756,0.8344
11432,20:14:52.830,3758,0.8354
11433,20:14:52.830,3735,0.8242
11434,20:14:52.831,3742,0.8276
11435,20:14:52.831,3769,0.8408
11436,20:14:52.832,3788,0.8501
11437,20:14:52.832,3769,0.8408
11438,20:14:52.833,3766,0.8393
11439,20:14:52.833,3787,0.8496
11440,20:14:52.834,3768,0.8403
11441,20:14:52.834,3767,0.8398
11442,20:14:52.835,3766,0.8393
11443,20:14:52.835,3776,0.8442
11444,20:14:52.836,3801,0.8564
11445,20:14:52.836,3786,0.8491
11446,20:14:52.837,3775,0.8437
11447,20:14:52.837,3771,0.8418
11448,20:14:52.838,3774,0.8432
11449,20:14:52.838,3770,0.8413
11450,20:14:52.839,3775,0.8437
11451,20:14:52.839,3768,0.8403
11452,20:14:52.840,3777,0.8447
11453,20:14:52.840,3774,0.8432
11454,20:14:52.841,3797,0.8545
11455,20:14:52.841,3790,0.8510
11456,20:14:52.842,3746,0.8295
11457,20:14:52.842,3758,0.8354
11458,20:14:52.843,3775,0.8437
11459,20:14:52.843,3750,0.8315
11460,20:14:52.844,3742,0.8276
11461,20:14:52.844,3741,0.8271
11462,20:14:52.845,3749,0.8310
11463,20:14:52.845,3723,0.8183
11464,20:14:52.846,3744,0.8286
11465,20:14:52.846,3674,0.7944
11466,20:14:52.847,3739,0.8261
11467,20:14:52.847,3750,0.8315
11468,20:14:52.848,3741,0.8271
11469,20:14:52.848,3744,0.8286
11470,20:14:52.849,3743,0.8281
11471,20:14:52.849,3745,0.8291
11472,20:14:52.850,3750,0.8315
11473,20:14:52.850,3738,0.8256
11474,20:14:52.851,3752,0.8325
11475,20:14:52.851,3739,0.8261
11476,20:14:52.852,3753,0.8330
11477,20:14:52.852,3787,0.8496
11478,20:14:52.853,3762,0.8374
11479,20:14:52.853,3760,0.8364
11480,20:14:52.854,3692,0.8032
11481,20:14:52.854,3757,0.8349
11482,20:14:52.855,3782,0.8471
11483,20:14:52.855,3779,0.8457
11484,20:14:52.856,3779,0.8457
11485,20:14:52.856,3780,0.8462
11486,20:14:52.857,3767,0.8398
11487,20:14:52.857,3767,0.8398
11488,20:14:52.858,3774,0.8432
11489,20:14:52.858,3768,0.8403
11490,20:14:52.859,3769,0.8408
11491,20:14:52.859,3766,0.8393
11492,20:14:52.860,3766,0.8393
11493,20:14:52.860,3759,0.8359
11494,20:14:52.861,3746,0.8295
11495,20:14:52.861,3758,0.8354
11496,20:14:52.862,3773,0.8427
11497,20:14:52.862,3773,0.8427
11498,20:14:52.863,3741,0.8271
11499,20:14:52.863,3753,0.8330
11500,20:14:52.864,3811,0.8613
11501,20:14:52.864,3752,0.8325
11502,20:14:52.865,3778,0.8452
11503,20:14:52.865,3773,0.8427
11504,20:14:52.866,3750,0.8315
11505,20:14:52.866,3757,0.8349
11506,20:14:52.867,3748,0.8305
11507,20:14:52.867,3738,0.8256
11508,20:14:52.868,3741,0.8271
11509,20:14:52.868,3757,0.8349
11510,20:14:52.869,3751,0.8320
11511,20:14:52.869,3741,0.8271
11512,20:14:52.870,3783,0.8476
11513,20:14:52.870,3775,0.8437
11514,20:14:52.871,3772,0.8422
11515,20:14:52.871,3810,0.8608
11516,20:14:52.872,3776,0.8442
11517,20:14:52.872,3800,0.8559
11518,20:14:52.873,3781,0.8466
11519,20:14:52.873,3850,0.8803
11520,20:14:52.874,3799,0.8554
11521,20:14:52.874,3818,0.8647
11522,20:14:52.875,3798,0.8549
11523,20:14:52.875,3805,0.8584
11524,20:14:52.876,3815,0.8632
11525,20:14:52.876,3815,0.8632
11526,20:14:52.877,3725,0.8193
11527,20:14:52.877,3801,0.8564
11528,20:14:52.878,3807,0.8593
11529,20:14:52.878,3812,0.8618
11530,20:14:52.879,3806,0.8589
11531,20:14:52.879,3811,0.8613
11532,20:14:52.880,3796,0.8540
11533,20:14:52.880,3808,0.8598
11534,20:14:52.881,3795,0.8535
11535,20:14:52.881,3803,0.8574
11536,20:14:52.882,3802,0.8569
11537,20:14:52.882,3805,0.8584
11538,20:14:52.883,3814,0.8628
11539,20:14:52.883,3793,0.8525
11540,20:14:52.884,3800,0.8559
11541,20:14:52.884,3771,0.8418
11542,20:14:52.885,3803,0.8574
11543,20:14:52.885,3789,0.8505
11544,20:14:52.886,3771,0.8418
11545,20:14:52.886,3761,0.8369
11546,20:14:52.887,3776,0.8442
11547,20:14:52.887,3771,0.8418
11548,20:14:52.888,3767,0.8398
11549,20:14:52.888,3744,0.8286
11550,20:14:52.889,3777,0.8447
11551,20:14:52.889,3803,0.8574
11552,20:14:52.890,3774,0.8432
11553,20:14:52.890,3766,0.8393
11554,20:14:52.891,3784,0.8481
11555,20:14:52.891,3776,0.8442
11556,20:14:52.892,3786,0.8491
11557,20:14:52.892,3794,0.8530
11558,20:14:52.893,3776,0.8442
11559,20:14:52.893,3778,0.8452
11560,20:14:52.894,3812,0.8618
11561,20:14:52.894,3833,0.8720
11562,20:14:52.895,3795,0.8535
11563,20:14:52.895,3799,0.8554
11564,20:14:52.896,3808,0.8598
11565,20:14:52.896,3805,0.8584
11566,20:14:52.897,3809,0.8603
11567,20:14:52.897,3798,0.8549
11568,20:14:52.898,3811,0.8613
11569,20:14:52.898,3802,0.8569
11570,20:14:52.899,3844,0.8774
11571,20:14:52.899,3799,0.8554
11572,20:14:52.900,3800,0.8559
11573,20:14:52.900,3795,0.8535
11574,20:14:52.901,3791,0.8515
11575,20:14:52.901,3802,0.8569
11576,20:14:52.902,3795,0.8535
11577,20:14:52.902,3814,0.8628
11578,20:14:52.903,3807,0.8593
11579,20:14:52.903,3798,0.8549
11580,20:14:52.904,3831,0.8711
11581,20:14:52.904,3782,0.8471
11582,20:14:52.905,3831,0.8711
11583,20:14:52.905,3800,0.8559
11584,20:14:52.906,3782,0.8471
11585,20:14:52.906,3776,0.8442
11586,20:14:52.907,3778,0.8452
11587,20:14:52.907,3772,0.8422
11588,20:14:52.908,3778,0.8452
11589,20:14:52.908,3766,0.8393
11590,20:14:52.909,3754,0.8335
11591,20:14:52.909,3766,0.8393
11592,20:14:52.910,3757,0.8349
11593,20:14:52.910,3791,0.8515
11594,20:14:52.911,3776,0.8442
11595,20:14:52.911,3778,0.8452
11596,20:14:52.912,3813,0.8623
11597,20:14:52.912,3796,0.8540
11598,20:14:52.913,3802,0.8569
11599,20:14:52.913,3792,0.8520
11600,20:14:52.914,3825,0.8681
11601,20:14:52.914,3786,0.8491
11602,20:14:52.915,3796,0.8540
11603,20:14:52.915,3773,0.8427
11604,20:14:52.916,3825,0.8681
11605,20:14:52.916,3792,0.8520
11606,20:14:52.917,3789,0.8505
11607,20:14:52.917,3801,0.8564
11608,20:14:52.918,3797,0.8545
11609,20:14:52.918,3793,0.8525
11610,20:14:52.919,3776,0.8442
11611,20:14:52.919,3800,0.8559
11612,20:14:52.920,3785,0.8486
11613,20:14:52.920,3787,0.8496
11614,20:14:52.921,3746,0.8295
11615,20:14:52.921,3779,0.8457
11616,20:14:52.922,3822,0.8667
11617,20:14:52.922,3782,0.8471
11618,20:14:52.923,3778,0.8452
11619,20:14:52.923,3786,0.8491
11620,20:14:52.924,3790,0.8510
11621,20:14:52.924,3811,0.8613
11622,20:14:52.925,3762,0.8374
11623,20:14:52.925,3805,0.8584
11624,20:14:52.926,3761,0.8369
11625,20:14:52.926,3740,0.8266
11626,20:14:52.927,3734,0.8237
11627,20:14:52.927,3739,0.8261
11628,20:14:52.928,3724,0.8188
11629,20:14:52.928,3723,0.8183
11630,20:14:52.929,3734,0.8237
11631,20:14:52.929,3733,0.8232
11632,20:14:52.930,3716,0.8149
11633,20:14:52.930,3715,0.8144
11634,20:14:52.931,3727,0.8203
11635,20:14:52.931,3752,0.8325
11636,20:14:52.932,3770,0.8413
11637,20:14:52.932,3773,0.8427
11638,20:14:52.933,3753,0.8330
11639,20:14:52.933,3749,0.8310
11640,20:14:52.934,3766,0.8393
11641,20:14:52.934,3773,0.8427
11642,20:14:52.935,3717,0.8154
11643,20:14:52.935,3741,0.8271
11644,20:14:52.936,3786,0.8491
11645,20:14:52.936,3765,0.8388
11646,20:14:52.937,3763,0.8379
11647,20:14:52.937,3743,0.8281
11648,20:14:52.938,3758,0.8354
11649,20:14:52.938,3763,0.8379
11650,20:14:52.939,3762,0.8374
11651,20:14:52.939,3751,0.8320
11652,20:14:52.940,3756,0.8344
11653,20:14:52.940,3731,0.8222
11654,20:14:52.941,3757,0.8349
11655,20:14:52.941,3742,0.8276
11656,20:14:52.942,3679,0.7968
11657,20:14:52.942,3743,0.8281
11658,20:14:52.943,3752,0.8325
11659,20:14:52.943,3730,0.8217
11660,20:14:52.944,3736,0.8247
11661,20:14:52.944,3746,0.8295
11662,20:14:52.945,3725,0.8193
11663,20:14:52.945,3752,0.8325
11664,20:14:52.946,3720,0.8168
11665,20:14:52.946,3705,0.8095
11666,20:14:52.947,3694,0.8042
11667,20:14:52.947,3716,0.8149
11668,20:14:52.948,3716,0.8149
11669,20:14:52.948,3718,0.8159
11670,20:14:52.949,3705,0.8095
11671,20:14:52.949,3731,0.8222
11672,20:14:52.950,3725,0.8193
11673,20:14:52.950,3715,0.8144
11674,20:14:52.951,3723,0.8183
11675,20:14:52.951,3702,0.8081
11676,20:14:52.952,3757,0.8349
11677,20:14:52.952,3809,0.8603
11678,20:14:52.953,3745,0.8291
11679,20:14:52.953,3737,0.8252
11680,20:14:52.954,3801,0.8564
11681,20:14:52.954,3761,0.8369
11682,20:14:52.955,3741,0.8271
11683,20:14:52.955,3745,0.8291
11684,20:14:52.956,3764,0.8383
11685,20:14:52.956,3750,0.8315
11686,20:14:52.957,3745,0.8291
11687,20:14:52.957,3755,0.8339
11688,20:14:52.958,3741,0.8271
11689,20:14:52.958,3721,0.8173
11690,20:14:52.959,3752,0.8325
11691,20:14:52.959,3742,0.8276
11692,20:14:52.960,3748,0.8305
11693,20:14:52.960,3761,0.8369
11694,20:14:52.961,3773,0.8427
11695,20:14:52.961,3778,0.8452
11696,20:14:52.962,3775,0.8437
11697,20:14:52.962,3758,0.8354
11698,20:14:52.963,3745,0.8291
11699,20:14:52.963,3760,0.8364
11700,20:14:52.964,3788,0.8501
11701,20:14:52.964,3726,0.8198
11702,20:14:52.965,3722,0.8178
11703,20:14:52.965,3766,0.8393
11704,20:14:52.966,3736,0.8247
11705,20:14:52.966,3732,0.8227
11706,20:14:52.967,3746,0.8295
11707,20:14:52.967,3743,0.8281
11708,20:14:52.968,3730,0.8217
11709,20:14:52.968,3746,0.8295
11710,20:14:52.969,3756,0.8344
11711,20:14:52.969,3747,0.8300
11712,20:14:52.970,3736,0.8247
11713,20:14:52.970,3764,0.8383
11714,20:14:52.971,3777,0.8447
11715,20:14:52.971,3774,0.8432
11716,20:14:52.972,3818,0.8647
11717,20:14:52.972,3613,0.7646
11718,20:14:52.973,3792,0.8520
11719,20:14:52.973,3789,0.8505
11720,20:14:52.974,3800,0.8559
11721,20:14:52.974,3774,0.8432
11722,20:14:52.975,3755,0.8339
11723,20:14:52.975,3834,0.8725
11724,20:14:52.976,3817,0.8642
11725,20:14:52.976,3811,0.8613
11726,20:14:52.977,3801,0.8564
11727,20:14:52.977,3813,0.8623
11728,20:14:52.978,3813,0.8623
11729,20:14:52.978,3818,0.8647
11730,20:14:52.979,3808,0.8598
11731,20:14:52.979,3807,0.8593
11732,20:14:52.980,3801,0.8564
11733,20:14:52.980,3842,0.8764
11734,20:14:52.981,3819,0.8652
11735,20:14:52.981,3826,0.8686
11736,20:14:52.982,3844,0.8774
11737,20:14:52.982,3853,0.8818
11738,20:14:52.983,3846,0.8784
11739,20:14:52.983,3847,0.8789
11740,20:14:52.984,3830,0.8706
11741,20:14:52.984,3844,0.8774
11742,20:14:52.985,3882,0.8960
11743,20:14:52.985,3753,0.8330
11744,20:14:52.986,3815,0.8632
11745,20:14:52.986,3809,0.8603
11746,20:14:52.987,3823,0.8672
11747,20:14:52.987,3821,0.8662
11748,20:14:52.988,3815,0.8632
11749,20:14:52.988,3814,0.8628
11750,20:14:52.989,3776,0.8442
11751,20:14:52.989,3823,0.8672
11752,20:14:52.990,3843,0.8769
11753,20:14:52.990,3834,0.8725
11754,20:14:52.991,3797,0.8545
11755,20:14:52.991,3813,0.8623
11756,20:14:52.992,3867,0.8886
11757,20:14:52.992,3871,0.8906
11758,20:14:52.993,3851,0.8808
11759,20:14:52.993,3873,0.8916
11760,20:14:52.994,3855,0.8828
11761,20:14:52.994,3864,0.8872
11762,20:14:52.995,3865,0.8877
11763,20:14:52.995,3827,0.8691
11764,20:14:52.996,3887,0.8984
11765,20:14:52.996,3894,0.9018
11766,20:14:52.997,3864,0.8872
11767,20:14:52.997,3862,0.8862
11768,20:14:52.998,3889,0.8994
11769,20:14:52.998,3871,0.8906
11770,20:14:52.999,3857,0.8838
11771,20:14:52.999,3881,0.8955
11772,20:14:53.000,3861,0.8857
11773,20:14:53.000,3868,0.8891
11774,20:14:53.001,3859,0.8847
11775,20:14:53.001,3859,0.8847
11776,20:14:53.002,3870,0.8901
11777,20:14:53.002,3854,0.8823
11778,20:14:53.003,3855,0.8828
11779,20:14:53.003,3864,0.8872
11780,20:14:53.004,3853,0.8818
11781,20:14:53.004,3823,0.8672
11782,20:14:53.005,3829,0.8701
11783,20:14:53.005,3833,0.8720
11784,20:14:53.006,3858,0.8842
11785,20:14:53.006,3826,0.8686
11786,20:14:53.007,3812,0.8618
11787,20:14:53.007,3826,0.8686
11788,20:14:53.008,3820,0.8657
11789,20:14:53.008,3818,0.8647
11790,20:14:53.009,3812,0.8618
11791,20:14:53.009,3813,0.8623
11792,20:14:53.010,3821,0.8662
11793,20:14:53.010,3828,0.8696
11794,20:14:53.011,3821,0.8662
11795,20:14:53.011,3851,0.8808
11796,20:14:53.012,3824,0.8676
11797,20:14:53.012,3821,0.8662
11798,20:14:53.013,3861,0.8857
11799,20:14:53.013,3823,0.8672
11800,20:14:53.014,3831,0.8711
11801,20:14:53.014,3824,0.8676
11802,20:14:53.015,3855,0.8828
11803,20:14:53.015,3834,0.8725
11804,20:14:53.016,3863,0.8867
11805,20:14:53.016,3846,0.8784
11806,20:14:53.017,3828,0.8696
11807,20:14:53.017,3829,0.8701
11808,20:14:53.018,3824,0.8676
11809,20:14:53.018,3823,0.8672
11810,20:14:53.019,3817,0.8642
11811,20:14:53.019,3817,0.8642
11812,20:14:53.020,3822,0.8667
11813,20:14:53.020,3809,0.8603
11814,20:14:53.021,3792,0.8520
11815,20:14:53.021,3796,0.8540
11816,20:14:53.022,3796,0.8540
11817,20:14:53.022,3826,0.8686
11818,20:14:53.023,3804,0.8579
11819,20:14:53.023,3770,0.8413
11820,20:14:53.024,3757,0.8349
11821,20:14:53.024,3812,0.8618
11822,20:14:53.025,3787,0.8496
11823,20:14:53.025,3791,0.8515
11824,20:14:53.026,3669,0.7919
11825,20:14:53.026,3753,0.8330
11826,20:14:53.027,3760,0.8364
11827,20:14:53.027,3749,0.8310
11828,20:14:53.028,3747,0.8300
11829,20:14:53.028,3749,0.8310
11830,20:14:53.029,3745,0.8291
11831,20:14:53.029,3743,0.8281
11832,20:14:53.030,3746,0.8295
11833,20:14:53.030,3747,0.8300
11834,20:14:53.031,3753,0.8330
11835,20:14:53.031,3748,0.8305
11836,20:14:53.032,3749,0.8310
11837,20:14:53.032,3764,0.8383
11838,20:14:53.033,3735,0.8242
11839,20:14:53.033,3751,0.8320
11840,20:14:53.034,3796,0.8540
11841,20:14:53.034,3756,0.8344
11842,20:14:53.035,3770,0.8413
11843,20:14:53.035,3731,0.8222
11844,20:14:53.036,3766,0.8393
11845,20:14:53.036,3810,0.8608
11846,20:14:53.037,3750,0.8315
11847,20:14:53.037,3752,0.8325
11848,20:14:53.038,3736,0.8247
11849,20:14:53.038,3740,0.8266
11850,20:14:53.039,3725,0.8193
11851,20:14:53.039,3730,0.8217
11852,20:14:53.040,3728,0.8208
11853,20:14:53.040,3743,0.8281
11854,20:14:53.041,3678,0.7963
11855,20:14:53.041,3738,0.8256
11856,20:14:53.042,3756,0.8344
11857,20:14:53.042,3610,0.7631
11858,20:14:53.043,3724,0.8188
11859,20:14:53.043,3717,0.8154
11860,20:14:53.044,3740,0.8266
11861,20:14:53.044,3695,0.8046
11862,20:14:53.045,3741,0.8271
11863,20:14:53.045,3734,0.8237
11864,20:14:53.046,3688,0.8012
11865,20:14:53.046,3678,0.7963
11866,20:14:53.047,3694,0.8042
11867,20:14:53.047,3702,0.8081
11868,20:14:53.048,3766,0.8393
11869,20:14:53.048,3704,0.8090
11870,20:14:53.049,3682,0.7983
11871,20:14:53.049,3698,0.8061
11872,20:14:53.050,3730,0.8217
11873,20:14:53.050,3699,0.8066
11874,20:14:53.051,3706,0.8100
11875,20:14:53.051,3729,0.8212
11876,20:14:53.052,3691,0.8027
11877,20:14:53.052,3708,0.8110
11878,20:14:53.053,3730,0.8217
11879,20:14:53.053,3736,0.8247
11880,20:14:53.054,3770,0.8413
11881,20:14:53.054,3744,0.8286
11882,20:14:53.055,3753,0.8330
11883,20:14:53.055,3732,0.8227
11884,20:14:53.056,3758,0.8354
11885,20:14:53.056,3777,0.8447
11886,20:14:53.057,3778,0.8452
11887,20:14:53.057,3765,0.8388
11888,20:14:53.058,3771,0.8418
11889,20:14:53.058,3763,0.8379
11890,20:14:53.059,3786,0.8491
11891,20:14:53.059,3804,0.8579
11892,20:14:53.060,3773,0.8427
11893,20:14:53.060,3757,0.8349
11894,20:14:53.061,3771,0.8418
11895,20:14:53.061,3772,0.8422
11896,20:14:53.062,3769,0.8408
11897,20:14:53.062,3707,0.8105
11898,20:14:53.063,3785,0.8486
11899,20:14:53.063,3882,0.8960
11900,20:14:53.064,3817,0.8642
11901,20:14:53.064,3860,0.8852
11902,20:14:53.065,3847,0.8789
11903,20:14:53.065,3797,0.8545
11904,20:14:53.066,3748,0.8305
11905,20:14:53.066,3785,0.8486
11906,20:14:53.067,3795,0.8535
11907,20:14:53.067,3809,0.8603
11908,20:14:53.068,3813,0.8623
11909,20:14:53.068,3815,0.8632
11910,20:14:53.069,3824,0.8676
11911,20:14:53.069,3844,0.8774
11912,20:14:53.070,3844,0.8774
11913,20:14:53.070,3845,0.8779
11914,20:14:53.071,3879,0.8945
11915,20:14:53.071,3890,0.8999
11916,20:14:53.072,3891,0.9004
11917,20:14:53.072,3880,0.8950
11918,20:14:53.073,3874,0.8921
11919,20:14:53.073,3865,0.8877
11920,20:14:53.074,3860,0.8852
11921,20:14:53.074,3868,0.8891
11922,20:14:53.075,3869,0.8896
11923,20:14:53.075,3885,0.8974
11924,20:14:53.076,3902,0.9057
11925,20:14:53.076,3882,0.8960
11926,20:14:53.077,3884,0.8969
11927,20:14:53.077,3894,0.9018
11928,20:14:53.078,3890,0.8999
11929,20:14:53.078,3890,0.8999
11930,20:14:53.079,3886,0.8979
11931,20:14:53.079,3888,0.8989
11932,20:14:53.080,3884,0.8969
11933,20:14:53.080,3897,0.9033
11934,20:14:53.081,3866,0.8882
11935,20:14:53.081,3873,0.8916
11936,20:14:53.082,3877,0.8935
11937,20:14:53.082,3848,0.8794
11938,20:14:53.083,3852,0.8813
11939,20:14:53.083,3862,0.8862
11940,20:14:53.084,3854,0.8823
11941,20:14:53.084,3860,0.8852
11942,20:14:53.085,3820,0.8657
11943,20:14:53.085,3833,0.8720
11944,20:14:53.086,3908,0.9087
11945,20:14:53.086,3827,0.8691
11946,20:14:53.087,3828,0.8696
11947,20:14:53.087,3835,0.8730
11948,20:14:53.088,3823,0.8672
11949,20:14:53.088,3821,0.8662
11950,20:14:53.089,3824,0.8676
11951,20:14:53.089,3830,0.8706
11952,20:14:53.090,3831,0.8711
11953,20:14:53.090,3818,0.8647
11954,20:14:53.091,3758,0.8354
11955,20:14:53.091,3816,0.8637
11956,20:14:53.092,3836,0.8735
11957,20:14:53.092,3821,0.8662
11958,20:14:53.093,3859,0.8847
11959,20:14:53.093,3841,0.8759
11960,20:14:53.094,3827,0.8691
11961,20:14:53.094,3835,0.8730
11962,20:14:53.095,3891,0.9004
11963,20:14:53.095,3899,0.9043
11964,20:14:53.096,3858,0.8842
11965,20:14:53.096,3804,0.8579
11966,20:14:53.097,3829,0.8701
11967,20:14:53.097,3835,0.8730
11968,20:14:53.098,3828,0.8696
11969,20:14:53.098,3845,0.8779
11970,20:14:53.099,3848,0.8794
11971,20:14:53.099,3857,0.8838
11972,20:14:53.100,3832,0.8716
11973,20:14:53.100,3846,0.8784
11974,20:14:53.101,3846,0.8784
11975,20:14:53.101,3858,0.8842
11976,20:14:53.102,3868,0.8891
11977,20:14:53.102,3830,0.8706
11978,20:14:53.103,3819,0.8652
11979,20:14:53.103,3832,0.8716
11980,20:14:53.104,3818,0.8647
11981,20:14:53.104,3812,0.8618
11982,20:14:53.105,3819,0.8652
11983,20:14:53.105,3842,0.8764
11984,20:14:53.106,3796,0.8540
11985,20:14:53.106,3797,0.8545
11986,20:14:53.107,3782,0.8471
11987,20:14:53.107,3791,0.8515
11988,20:14:53.108,3798,0.8549
11989,20:14:53.108,3786,0.8491
11990,20:14:53.109,3788,0.8501
11991,20:14:53.109,3793,0.8525
11992,20:14:53.110,3787,0.8496
11993,20:14:53.110,3798,0.8549
11994,20:14:53.111,3801,0.8564
11995,20:14:53.111,3786,0.8491
11996,20:14:53.112,3796,0.8540
11997,20:14:53.112,3813,0.8623
11998,20:14:53.113,3835,0.8730
11999,20:14:53.113,3827,0.8691
12000,20:14:53.114,3843,0.8769
12001,20:14:53.114,3822,0.8667
12002,20:14:53.115,3801,0.8564
12003,20:14:53.115,3815,0.8632
12004,20:14:53.116,3837,0.8740
12005,20:14:53.116,3832,0.8716
12006,20:14:53.117,3833,0.8720
12007,20:14:53.117,3817,0.8642
12008,20:14:53.118,3818,0.8647
12009,20:14:53.118,3812,0.8618
12010,20:14:53.119,3811,0.8613
12011,20:14:53.119,3815,0.8632
12012,20:14:53.120,3815,0.8632
12013,20:14:53.120,3809,0.8603
12014,20:14:53.121,3816,0.8637
12015,20:14:53.121,3806,0.8589
12016,20:14:53.122,3809,0.8603
12017,20:14:53.122,3833,0.8720
12018,20:14:53.123,3811,0.8613
12019,20:14:53.123,3777,0.8447
12020,20:14:53.124,3788,0.8501
12021,20:14:53.124,3806,0.8589
12022,20:14:53.125,3785,0.8486
12023,20:14:53.125,3764,0.8383
12024,20:14:53.126,3777,0.8447
12025,20:14:53.126,3769,0.8408
12026,20:14:53.127,3755,0.8339
12027,20:14:53.127,3760,0.8364
12028,20:14:53.128,3753,0.8330
12029,20:14:53.128,3747,0.8300
12030,20:14:53.129,3755,0.8339
12031,20:14:53.129,3766,0.8393
12032,20:14:53.130,3756,0.8344
12033,20:14:53.130,3751,0.8320
12034,20:14:53.131,3735,0.8242
12035,20:14:53.131,3930,0.9194
12036,20:14:53.132,3876,0.8930
12037,20:14:53.132,3763,0.8379
12038,20:14:53.133,3683,0.7988
12039,20:14:53.133,3801,0.8564
12040,20:14:53.134,3808,0.8598
12041,20:14:53.134,3799,0.8554
12042,20:14:53.135,3817,0.8642
12043,20:14:53.135,3802,0.8569
12044,20:14:53.136,3822,0.8667
12045,20:14:53.136,3809,0.8603
12046,20:14:53.137,3820,0.8657
12047,20:14:53.137,3801,0.8564
12048,20:14:53.138,3806,0.8589
12049,20:14:53.138,3813,0.8623
12050,20:14:53.139,3816,0.8637
12051,20:14:53.139,3825,0.8681
12052,20:14:53.140,3799,0.8554
12053,20:14:53.140,3813,0.8623
12054,20:14:53.141,3819,0.8652
12055,20:14:53.141,3806,0.8589
12056,20:14:53.142,3785,0.8486
12057,20:14:53.142,3811,0.8613
12058,20:14:53.143,3808,0.8598
12059,20:14:53.143,3814,0.8628
12060,20:14:53.144,3798,0.8549
12061,20:14:53.144,3812,0.8618
12062,20:14:53.145,3817,0.8642
12063,20:14:53.145,3817,0.8642
12064,20:14:53.146,3780,0.8462
12065,20:14:53.146,3780,0.8462
12066,20:14:53.147,3780,0.8462
12067,20:14:53.147,3787,0.8496
12068,20:14:53.148,3771,0.8418
12069,20:14:53.148,3784,0.8481
12070,20:14:53.149,3774,0.8432
12071,20:14:53.149,3762,0.8374
12072,20:14:53.150,3788,0.8501
12073,20:14:53.150,3793,0.8525
12074,20:14:53.151,3848,0.8794
12075,20:14:53.151,3763,0.8379
12076,20:14:53.152,3757,0.8349
12077,20:14:53.152,3808,0.8598
12078,20:14:53.153,3806,0.8589
12079,20:14:53.153,3794,0.8530
12080,20:14:53.154,3796,0.8540
12081,20:14:53.154,3821,0.8662
12082,20:14:53.155,3789,0.8505
12083,20:14:53.155,3783,0.8476
12084,20:14:53.156,3825,0.8681
12085,20:14:53.156,3806,0.8589
12086,20:14:53.157,3823,0.8672
12087,20:14:53.157,3803,0.8574
12088,20:14:53.158,3806,0.8589
12089,20:14:53.158,3809,0.8603
12090,20:14:53.159,3807,0.8593
12091,20:14:53.159,3799,0.8554
12092,20:14:53.160,3803,0.8574
12093,20:14:53.160,3803,0.8574
12094,20:14:53.161,3796,0.8540
12095,20:14:53.161,3792,0.8520
12096,20:14:53.162,3795,0.8535
12097,20:14:53.162,3783,0.8476
12098,20:14:53.163,3759,0.8359
12099,20:14:53.163,3782,0.8471
12100,20:14:53.164,3785,0.8486
12101,20:14:53.164,3794,0.8530
12102,20:14:53.165,3777,0.8447
12103,20:14:53.165,3775,0.8437
12104,20:14:53.166,3754,0.8335
12105,20:14:53.166,3781,0.8466
12106,20:14:53.167,3745,0.8291
12107,20:14:53.167,3755,0.8339
12108,20:14:53.168,3756,0.8344
12109,20:14:53.168,3766,0.8393
12110,20:14:53.169,3752,0.8325
12111,20:14:53.169,3755,0.8339
12112,20:14:53.170,3766,0.8393
12113,20:14:53.170,3744,0.8286
12114,20:14:53.171,3744,0.8286
12115,20:14:53.171,3756,0.8344
12116,20:14:53.172,3783,0.8476
12117,20:14:53.172,3807,0.8593
12118,20:14:53.173,3773,0.8427
12119,20:14:53.173,3791,0.8515
12120,20:14:53.174,3782,0.8471
12121,20:14:53.174,3779,0.8457
12122,20:14:53.175,3779,0.8457
12123,20:14:53.175,3781,0.8466
12124,20:14:53.176,3803,0.8574
12125,20:14:53.176,3802,0.8569
12126,20:14:53.177,3772,0.8422
12127,20:14:53.177,3775,0.8437
12128,20:14:53.178,3780,0.8462
12129,20:14:53.178,3772,0.8422
12130,20:14:53.179,3787,0.8496
12131,20:14:53.179,3781,0.8466
12132,20:14:53.180,3769,0.8408
12133,20:14:53.180,3773,0.8427
12134,20:14:53.181,3793,0.8525
12135,20:14:53.181,3789,0.8505
12136,20:14:53.182,3759,0.8359
12137,20:14:53.182,3775,0.8437
12138,20:14:53.183,3934,0.9214
12139,20:14:53.183,3784,0.8481
12140,20:14:53.184,3777,0.8447
12141,20:14:53.184,3734,0.8237
12142,20:14:53.185,3798,0.8549
12143,20:14:53.185,3778,0.8452
12144,20:14:53.186,3749,0.8310
12145,20:14:53.186,3701,0.8076
12146,20:14:53.187,3735,0.8242
12147,20:14:53.187,3759,0.8359
12148,20:14:53.188,3745,0.8291
12149,20:14:53.188,3747,0.8300
12150,20:14:53.189,3724,0.8188
12151,20:14:53.189,3732,0.8227
12152,20:14:53.190,3742,0.8276
12153,20:14:53.190,3741,0.8271
12154,20:14:53.191,3749,0.8310
12155,20:14:53.191,3691,0.8027
12156,20:14:53.192,3735,0.8242
12157,20:14:53.192,3782,0.8471
12158,20:14:53.193,3769,0.8408
12159,20:14:53.193,3743,0.8281
12160,20:14:53.194,3774,0.8432
12161,20:14:53.194,3801,0.8564
12162,20:14:53.195,3773,0.8427
12163,20:14:53.195,3774,0.8432
12164,20:14:53.196,3795,0.8535
12165,20:14:53.196,4095,1.0000
12166,20:14:53.197,3935,0.9219
12167,20:14:53.197,3878,0.8940
12168,20:14:53.198,4088,0.9966
12169,20:14:53.198,4091,0.9980
12170,20:14:53.199,4086,0.9956
12171,20:14:53.199,4095,1.0000
12172,20:14:53.200,4089,0.9971
12173,20:14:53.200,4090,0.9976
12174,20:14:53.201,4095,1.0000
12175,20:14:53.201,4083,0.9941
12176,20:14:53.202,4089,0.9971
12177,20:14:53.202,4094,0.9995
12178,20:14:53.203,4095,1.0000
12179,20:14:53.203,4036,0.9712
12180,20:14:53.204,4074,0.9897
12181,20:14:53.204,4090,0.9976
12182,20:14:53.205,4091,0.9980
12183,20:14:53.205,4073,0.9893
12184,20:14:53.206,4093,0.9990
12185,20:14:53.206,4095,1.0000
12186,20:14:53.207,4088,0.9966
12187,20:14:53.207,4081,0.9932
12188,20:14:53.208,4085,0.9951
12189,20:14:53.208,4042,0.9741
12190,20:14:53.209,4055,0.9805
12191,20:14:53.209,4082,0.9937
12192,20:14:53.210,4049,0.9775
12193,20:14:53.210,4044,0.9751
12194,20:14:53.211,3942,0.9253
12195,20:14:53.211,3695,0.8046
12196,20:14:53.212,3595,0.7558
12197,20:14:53.212,3592,0.7543
12198,20:14:53.213,3493,0.7060
12199,20:14:53.213,3412,0.6664
12200,20:14:53.214,3330,0.6264
12201,20:14:53.214,3177,0.5516
12202,20:14:53.215,3156,0.5414
12203,20:14:53.215,3195,0.5604
12204,20:14:53.216,3125,0.5263
12205,20:14:53.216,3149,0.5380
12206,20:14:53.217,3174,0.5502
12207,20:14:53.217,3156,0.5414
12208,20:14:53.218,3194,0.5600
12209,20:14:53.218,3188,0.5570
12210,20:14:53.219,3195,0.5604
12211,20:14:53.219,3214,0.5697
12212,20:14:53.220,3235,0.5800
12213,20:14:53.220,3244,0.5844
12214,20:14:53.221,3277,0.6005
12215,20:14:53.221,3299,0.6112
12216,20:14:53.222,3302,0.6127
12217,20:14:53.222,3311,0.6171
12218,20:14:53.223,3293,0.6083
12219,20:14:53.223,3314,0.6186
12220,20:14:53.224,3354,0.6381
12221,20:14:53.224,3324,0.6234
12222,20:14:53.225,3366,0.6440
12223,20:14:53.225,3370,0.6459
12224,20:14:53.226,3312,0.6176
12225,20:14:53.226,3318,0.6205
12226,20:14:53.227,3338,0.6303
12227,20:14:53.227,3334,0.6283
12228,20:14:53.228,3352,0.6371
12229,20:14:53.228,3343,0.6327
12230,20:14:53.229,3357,0.6396
12231,20:14:53.229,3428,0.6742
12232,20:14:53.230,3378,0.6498
12233,20:14:53.230,3392,0.6567
12234,20:14:53.231,3411,0.6659
12235,20:14:53.231,3421,0.6708
12236,20:14:53.232,3459,0.6894
12237,20:14:53.232,3446,0.6830
12238,20:14:53.233,3443,0.6816
12239,20:14:53.233,3477,0.6982
12240,20:14:53.234,3479,0.6991
12241,20:14:53.234,3496,0.7074
12242,20:14:53.235,3554,0.7358
12243,20:14:53.235,3486,0.7026
12244,20:14:53.236,3524,0.7211
12245,20:14:53.236,3525,0.7216
12246,20:14:53.237,3542,0.7299
12247,20:14:53.237,3544,0.7309
12248,20:14:53.238,3540,0.7289
12249,20:14:53.238,3554,0.7358
12250,20:14:53.239,3648,0.7817
12251,20:14:53.239,3580,0.7485
12252,20:14:53.240,3567,0.7421
12253,20:14:53.240,3576,0.7465
12254,20:14:53.241,3587,0.7519
12255,20:14:53.241,3592,0.7543
12256,20:14:53.242,3594,0.7553
12257,20:14:53.242,3560,0.7387
12258,20:14:53.243,3535,0.7265
12259,20:14:53.243,3572,0.7446
12260,20:14:53.244,3586,0.7514
12261,20:14:53.244,3563,0.7402
12262,20:14:53.245,3586,0.7514
12263,20:14:53.245,3617,0.7665
12264,20:14:53.246,3617,0.7665
12265,20:14:53.246,3570,0.7436
12266,20:14:53.247,3541,0.7294
12267,20:14:53.247,3548,0.7328
12268,20:14:53.248,3530,0.7241
12269,20:14:53.248,3509,0.7138
12270,20:14:53.249,3508,0.7133
12271,20:14:53.249,3511,0.7148
12272,20:14:53.250,3520,0.7192
12273,20:14:53.250,3616,0.7661
12274,20:14:53.251,3500,0.7094
12275,20:14:53.251,3495,0.7070
12276,20:14:53.252,3512,0.7153
12277,20:14:53.252,3565,0.7411
12278,20:14:53.253,3534,0.7260
12279,20:14:53.253,3570,0.7436
12280,20:14:53.254,3546,0.7319
12281,20:14:53.254,3568,0.7426
12282,20:14:53.255,3573,0.7451
12283,20:14:53.255,3608,0.7621
12284,20:14:53.256,3641,0.7783
12285,20:14:53.256,3623,0.7695
12286,20:14:53.257,3615,0.7656
12287,20:14:53.257,3624,0.7700
12288,20:14:53.258,3616,0.7661
12289,20:14:53.258,3611,0.7636
12290,20:14:53.259,3625,0.7705
12291,20:14:53.259,3618,0.7670
12292,20:14:53.260,3613,0.7646
12293,20:14:53.260,3618,0.7670
12294,20:14:53.261,3559,0.7382
12295,20:14:53.261,3644,0.7797
12296,20:14:53.262,3661,0.7880
12297,20:14:53.262,3619,0.7675
12298,20:14:53.263,3639,0.7773
12299,20:14:53.263,3634,0.7748
12300,20:14:53.264,3658,0.7866
12301,20:14:53.264,3663,0.7890
12302,20:14:53.265,3661,0.7880
12303,20:14:53.265,3681,0.7978
12304,20:14:53.266,3654,0.7846
12305,20:14:53.266,3641,0.7783
12306,20:14:53.267,3656,0.7856
12307,20:14:53.267,3659,0.7871
12308,20:14:53.268,3651,0.7832
12309,20:14:53.268,3643,0.7792
12310,20:14:53.269,3631,0.7734
12311,20:14:53.269,3662,0.7885
12312,20:14:53.270,3654,0.7846
12313,20:14:53.270,3638,0.7768
12314,20:14:53.271,3650,0.7827
12315,20:14:53.271,3648,0.7817
12316,20:14:53.272,3666,0.7905
12317,20:14:53.272,3682,0.7983
12318,20:14:53.273,3681,0.7978
12319,20:14:53.273,3683,0.7988
12320,20:14:53.274,3670,0.7924
12321,20:14:53.274,3684,0.7993
12322,20:14:53.275,3677,0.7958
12323,20:14:53.275,3693,0.8037
12324,20:14:53.276,3697,0.8056
12325,20:14:53.276,3676,0.7954
12326,20:14:53.277,3676,0.7954
12327,20:14:53.277,3648,0.7817
12328,20:14:53.278,3668,0.7915
12329,20:14:53.278,3680,0.7973
12330,20:14:53.279,3674,0.7944
12331,20:14:53.279,3678,0.7963
12332,20:14:53.280,3668,0.7915
12333,20:14:53.280,3668,0.7915
12334,20:14:53.281,3666,0.7905
12335,20:14:53.281,3675,0.7949
12336,20:14:53.282,3674,0.7944
12337,20:14:53.282,3670,0.7924
12338,20:14:53.283,3677,0.7958
12339,20:14:53.283,3678,0.7963
12340,20:14:53.284,3686,0.8002
12341,20:14:53.284,3700,0.8071
12342,20:14:53.285,3685,0.7998
12343,20:14:53.285,3685,0.7998
12344,20:14:53.286,3677,0.7958
12345,20:14:53.286,3691,0.8027
12346,20:14:53.287,3687,0.8007
12347,20:14:53.287,3691,0.8027
12348,20:14:53.288,3694,0.8042
12349,20:14:53.288,3688,0.8012
12350,20:14:53.289,3687,0.8007
12351,20:14:53.289,3696,0.8051
12352,20:14:53.290,3701,0.8076
12353,20:14:53.290,3700,0.8071
12354,20:14:53.291,3697,0.8056
12355,20:14:53.291,3701,0.8076
12356,20:14:53.292,3703,0.8085
12357,20:14:53.292,3697,0.8056
12358,20:14:53.293,3698,0.8061
12359,20:14:53.293,3671,0.7929
12360,20:14:53.294,3687,0.8007
12361,20:14:53.294,3713,0.8134
12362,20:14:53.295,3695,0.8046
12363,20:14:53.295,3698,0.8061
12364,20:14:53.296,3751,0.8320
12365,20:14:53.296,3729,0.8212
12366,20:14:53.297,3736,0.8247
12367,20:14:53.297,3730,0.8217
12368,20:14:53.298,3726,0.8198
12369,20:14:53.298,3732,0.8227
12370,20:14:53.299,3738,0.8256
12371,20:14:53.299,3737,0.8252
12372,20:14:53.300,3731,0.8222
12373,20:14:53.300,3735,0.8242
12374,20:14:53.301,3736,0.8247
12375,20:14:53.301,3758,0.8354
12376,20:14:53.302,3741,0.8271
12377,20:14:53.302,3702,0.8081
12378,20:14:53.303,3755,0.8339
12379,20:14:53.303,3765,0.8388
12380,20:14:53.304,3760,0.8364
12381,20:14:53.304,3728,0.8208
12382,20:14:53.305,3695,0.8046
12383,20:14:53.305,3758,0.8354
12384,20:14:53.306,3734,0.8237
12385,20:14:53.306,3707,0.8105
12386,20:14:53.307,3707,0.8105
12387,20:14:53.307,3698,0.8061
12388,20:14:53.308,3730,0.8217
12389,20:14:53.308,3696,0.8051
12390,20:14:53.309,3701,0.8076
12391,20:14:53.309,3703,0.8085
12392,20:14:53.310,3698,0.8061
12393,20:14:53.310,3690,0.8022
12394,20:14:53.311,3681,0.7978
12395,20:14:53.311,3728,0.8208
12396,20:14:53.312,3759,0.8359
12397,20:14:53.312,3716,0.8149
12398,20:14:53.313,3750,0.8315
12399,20:14:53.313,3752,0.8325
12400,20:14:53.314,3752,0.8325
12401,20:14:53.314,3700,0.8071
12402,20:14:53.315,3778,0.8452
12403,20:14:53.315,3804,0.8579
12404,20:14:53.316,3800,0.8559
12405,20:14:53.316,3804,0.8579
12406,20:14:53.317,3796,0.8540
12407,20:14:53.317,3807,0.8593
12408,20:14:53.318,3810,0.8608
12409,20:14:53.318,3811,0.8613
12410,20:14:53.319,3807,0.8593
12411,20:14:53.319,3808,0.8598
12412,20:14:53.320,3805,0.8584
12413,20:14:53.320,3819,0.8652
12414,20:14:53.321,3826,0.8686
12415,20:14:53.321,3801,0.8564
12416,20:14:53.322,3775,0.8437
12417,20:14:53.322,3797,0.8545
12418,20:14:53.323,3778,0.8452
12419,20:14:53.323,3787,0.8496
12420,20:14:53.324,3776,0.8442
12421,20:14:53.324,3805,0.8584
12422,20:14:53.325,3788,0.8501
12423,20:14:53.325,3750,0.8315
12424,20:14:53.326,3735,0.8242
12425,20:14:53.326,3773,0.8427
12426,20:14:53.327,3754,0.8335
12427,20:14:53.327,3770,0.8413
12428,20:14:53.328,3763,0.8379
12429,20:14:53.328,3767,0.8398
12430,20:14:53.329,3770,0.8413
12431,20:14:53.329,3777,0.8447
12432,20:14:53.330,3773,0.8427
12433,20:14:53.330,3778,0.8452
12434,20:14:53.331,3775,0.8437
12435,20:14:53.331,3768,0.8403
12436,20:14:53.332,3772,0.8422
12437,20:14:53.332,3800,0.8559
12438,20:14:53.333,3775,0.8437
12439,20:14:53.333,3789,0.8505
12440,20:14:53.334,3795,0.8535
12441,20:14:53.334,3874,0.8921
12442,20:14:53.335,3808,0.8598
12443,20:14:53.335,3803,0.8574
12444,20:14:53.336,3809,0.8603
12445,20:14:53.336,3814,0.8628
12446,20:14:53.337,3803,0.8574
12447,20:14:53.337,3802,0.8569
12448,20:14:53.338,3803,0.8574
12449,20:14:53.338,3797,0.8545
12450,20:14:53.339,3812,0.8618
12451,20:14:53.339,3782,0.8471
12452,20:14:53.340,3795,0.8535
12453,20:14:53.340,3805,0.8584
12454,20:14:53.341,3788,0.8501
12455,20:14:53.341,3822,0.8667
12456,20:14:53.342,3804,0.8579
12457,20:14:53.342,3762,0.8374
12458,20:14:53.343,3765,0.8388
12459,20:14:53.343,3789,0.8505
12460,20:14:53.344,3811,0.8613
12461,20:14:53.344,3809,0.8603
12462,20:14:53.345,3768,0.8403
12463,20:14:53.345,3786,0.8491
12464,20:14:53.346,3772,0.8422
12465,20:14:53.346,3767,0.8398
12466,20:14:53.347,3707,0.8105
12467,20:14:53.347,3762,0.8374
12468,20:14:53.348,3777,0.8447
12469,20:14:53.348,3758,0.8354
12470,20:14:53.349,3772,0.8422
12471,20:14:53.349,3761,0.8369
12472,20:14:53.350,3764,0.8383
12473,20:14:53.350,3768,0.8403
12474,20:14:53.351,3775,0.8437
12475,20:14:53.351,3793,0.8525
12476,20:14:53.352,3799,0.8554
12477,20:14:53.352,3805,0.8584
12478,20:14:53.353,3801,0.8564
12479,20:14:53.353,3807,0.8593
12480,20:14:53.354,3797,0.8545
12481,20:14:53.354,3807,0.8593
12482,20:14:53.355,3826,0.8686
12483,20:14:53.355,3848,0.8794
12484,20:14:53.356,3800,0.8559
12485,20:14:53.356,3805,0.8584
12486,20:14:53.357,3799,0.8554
12487,20:14:53.357,3806,0.8589
12488,20:14:53.358,3812,0.8618
12489,20:14:53.358,3804,0.8579
12490,20:14:53.359,3813,0.8623
12491,20:14:53.359,3814,0.8628
12492,20:14:53.360,3808,0.8598
12493,20:14:53.360,3791,0.8515
12494,20:14:53.361,3811,0.8613
12495,20:14:53.361,3817,0.8642
12496,20:14:53.362,3813,0.8623
12497,20:14:53.362,3826,0.8686
12498,20:14:53.363,3805,0.8584
12499,20:14:53.363,3812,0.8618
12500,20:14:53.364,3825,0.8681
12501,20:14:53.364,3828,0.8696
12502,20:14:53.365,3814,0.8628
12503,20:14:53.365,3801,0.8564
12504,20:14:53.366,3785,0.8486
12505,20:14:53.366,3785,0.8486
12506,20:14:53.367,3779,0.8457
12507,20:14:53.367,3789,0.8505
12508,20:14:53.368,3772,0.8422
12509,20:14:53.368,3784,0.8481
12510,20:14:53.369,3793,0.8525
12511,20:14:53.369,3806,0.8589
12512,20:14:53.370,3789,0.8505
12513,20:14:53.370,3770,0.8413
12514,20:14:53.371,3793,0.8525
12515,20:14:53.371,3779,0.8457
12516,20:14:53.372,3780,0.8462
12517,20:14:53.372,3807,0.8593
12518,20:14:53.373,3810,0.8608
12519,20:14:53.373,3803,0.8574
12520,20:14:53.374,3843,0.8769
12521,20:14:53.374,3816,0.8637
12522,20:14:53.375,3795,0.8535
12523,20:14:53.375,3809,0.8603
12524,20:14:53.376,3842,0.8764
12525,20:14:53.376,3860,0.8852
12526,20:14:53.377,3842,0.8764
12527,20:14:53.377,3812,0.8618
12528,20:14:53.378,3819,0.8652
12529,20:14:53.378,3861,0.8857
12530,20:14:53.379,3829,0.8701
12531,20:14:53.379,3822,0.8667
12532,20:14:53.380,3824,0.8676
12533,20:14:53.380,3825,0.8681
12534,20:14:53.381,3825,0.8681
12535,20:14:53.381,3821,0.8662
12536,20:14:53.382,3826,0.8686
12537,20:14:53.382,3816,0.8637
12538,20:14:53.383,3824,0.8676
12539,20:14:53.383,3841,0.8759
12540,20:14:53.384,3853,0.8818
12541,20:14:53.384,3783,0.8476
12542,20:14:53.385,3813,0.8623
12543,20:14:53.385,3819,0.8652
12544,20:14:53.386,3807,0.8593
12545,20:14:53.386,3754,0.8335
12546,20:14:53.387,3805,0.8584
12547,20:14:53.387,3805,0.8584
12548,20:14:53.388,3799,0.8554
12549,20:14:53.388,3809,0.8603
12550,20:14:53.389,3780,0.8462
12551,20:14:53.389,3817,0.8642
12552,20:14:53.390,3824,0.8676
12553,20:14:53.390,3813,0.8623
12554,20:14:53.391,3820,0.8657
12555,20:14:53.391,3862,0.8862
12556,20:14:53.392,3828,0.8696
12557,20:14:53.392,3825,0.8681
12558,20:14:53.393,3835,0.8730
12559,20:14:53.393,3822,0.8667
12560,20:14:53.394,3842,0.8764
12561,20:14:53.394,3849,0.8799
12562,20:14:53.395,3834,0.8725
12563,20:14:53.395,3830,0.8706
12564,20:14:53.396,3856,0.8833
12565,20:14:53.396,3847,0.8789
12566,20:14:53.397,3855,0.8828
12567,20:14:53.397,3856,0.8833
12568,20:14:53.398,3857,0.8838
12569,20:14:53.398,3861,0.8857
12570,20:14:53.399,3866,0.8882
12571,20:14:53.399,3855,0.8828
12572,20:14:53.400,3845,0.8779
12573,20:14:53.400,3855,0.8828
12574,20:14:53.401,3849,0.8799
12575,20:14:53.401,3855,0.8828
12576,20:14:53.402,3848,0.8794
12577,20:14:53.402,3856,0.8833
12578,20:14:53.403,3821,0.8662
12579,20:14:53.403,3856,0.8833
12580,20:14:53.404,3845,0.8779
12581,20:14:53.404,3858,0.8842
12582,20:14:53.405,3832,0.8716
12583,20:14:53.405,3791,0.8515
12584,20:14:53.406,3826,0.8686
12585,20:14:53.406,3841,0.8759
12586,20:14:53.407,3843,0.8769
12587,20:14:53.407,3826,0.8686
12588,20:14:53.408,3822,0.8667
12589,20:14:53.408,3831,0.8711
12590,20:14:53.409,3830,0.8706
12591,20:14:53.409,3818,0.8647
12592,20:14:53.410,3807,0.8593
12593,20:14:53.410,3816,0.8637
12594,20:14:53.411,3848,0.8794
12595,20:14:53.411,3822,0.8667
12596,20:14:53.412,3829,0.8701
12597,20:14:53.412,3876,0.8930
12598,20:14:53.413,3845,0.8779
12599,20:14:53.413,3857,0.8838
12600,20:14:53.414,3865,0.8877
12601,20:14:53.414,3876,0.8930
12602,20:14:53.415,3847,0.8789
12603,20:14:53.415,3847,0.8789
12604,20:14:53.416,3872,0.8911
12605,20:14:53.416,3869,0.8896
12606,20:14:53.417,3858,0.8842
12607,20:14:53.417,3862,0.8862
12608,20:14:53.418,3859,0.8847
12609,20:14:53.418,3864,0.8872
12610,20:14:53.419,3861,0.8857
12611,20:14:53.419,3870,0.8901
12612,20:14:53.420,3860,0.8852
12613,20:14:53.420,3850,0.8803
12614,20:14:53.421,3851,0.8808
12615,20:14:53.421,3818,0.8647
12616,20:14:53.422,3872,0.8911
12617,20:14:53.422,3832,0.8716
12618,20:14:53.423,3849,0.8799
12619,20:14:53.423,3827,0.8691
12620,20:14:53.424,3836,0.8735
12621,20:14:53.424,3863,0.8867
12622,20:14:53.425,3885,0.8974
12623,20:14:53.425,3834,0.8725
12624,20:14:53.426,3828,0.8696
12625,20:14:53.426,3816,0.8637
12626,20:14:53.427,3820,0.8657
12627,20:14:53.427,3856,0.8833
12628,20:14:53.428,3828,0.8696
12629,20:14:53.428,3802,0.8569
12630,20:14:53.429,3807,0.8593
12631,20:14:53.429,3817,0.8642
12632,20:14:53.430,3827,0.8691
12633,20:14:53.430,3826,0.8686
12634,20:14:53.431,3817,0.8642
12635,20:14:53.431,3813,0.8623
12636,20:14:53.432,3844,0.8774
12637,20:14:53.432,3845,0.8779
12638,20:14:53.433,3832,0.8716
12639,20:14:53.433,3821,0.8662
12640,20:14:53.434,3867,0.8886
12641,20:14:53.434,3835,0.8730
12642,20:14:53.435,3824,0.8676
12643,20:14:53.435,3825,0.8681
12644,20:14:53.436,3855,0.8828
12645,20:14:53.436,3826,0.8686
12646,20:14:53.437,3832,0.8716
12647,20:14:53.437,3827,0.8691
12648,20:14:53.438,3825,0.8681
12649,20:14:53.438,3826,0.8686
12650,20:14:53.439,3841,0.8759
12651,20:14:53.439,3831,0.8711
12652,20:14:53.440,3822,0.8667
12653,20:14:53.440,3822,0.8667
12654,20:14:53.441,3815,0.8632
12655,20:14:53.441,3821,0.8662
12656,20:14:53.442,3843,0.8769
12657,20:14:53.442,3836,0.8735
12658,20:14:53.443,3819,0.8652
12659,20:14:53.443,3813,0.8623
12660,20:14:53.444,3818,0.8647
12661,20:14:53.444,3809,0.8603
12662,20:14:53.445,3806,0.8589
12663,20:14:53.445,3791,0.8515
12664,20:14:53.446,3799,0.8554
12665,20:14:53.446,3792,0.8520
12666,20:14:53.447,3784,0.8481
12667,20:14:53.447,3759,0.8359
12668,20:14:53.448,3780,0.8462
12669,20:14:53.448,3822,0.8667
12670,20:14:53.449,3796,0.8540
12671,20:14:53.449,3787,0.8496
12672,20:14:53.450,3788,0.8501
12673,20:14:53.450,3787,0.8496
12674,20:14:53.451,3791,0.8515
12675,20:14:53.451,3788,0.8501
12676,20:14:53.452,3795,0.8535
12677,20:14:53.452,3796,0.8540
12678,20:14:53.453,3872,0.8911
12679,20:14:53.453,3803,0.8574
12680,20:14:53.454,3798,0.8549
12681,20:14:53.454,3785,0.8486
12682,20:14:53.455,3819,0.8652
12683,20:14:53.455,3796,0.8540
12684,20:14:53.456,3830,0.8706
12685,20:14:53.456,3819,0.8652
12686,20:14:53.457,3819,0.8652
12687,20:14:53.457,3805,0.8584
12688,20:14:53.458,3828,0.8696
12689,20:14:53.458,3811,0.8613
12690,20:14:53.459,3810,0.8608
12691,20:14:53.459,3793,0.8525
12692,20:14:53.460,3812,0.8618
12693,20:14:53.460,3790,0.8510
12694,20:14:53.461,3791,0.8515
12695,20:14:53.461,3780,0.8462
12696,20:14:53.462,3797,0.8545
12697,20:14:53.462,3783,0.8476
12698,20:14:53.463,3776,0.8442
12699,20:14:53.463,3787,0.8496
12700,20:14:53.464,3781,0.8466
12701,20:14:53.464,3807,0.8593
12702,20:14:53.465,3811,0.8613
12703,20:14:53.465,3800,0.8559
12704,20:14:53.466,3809,0.8603
12705,20:14:53.466,3802,0.8569
12706,20:14:53.467,3809,0.8603
12707,20:14:53.467,3804,0.8579
12708,20:14:53.468,3797,0.8545
12709,20:14:53.468,3810,0.8608
12710,20:14:53.469,3808,0.8598
12711,20:14:53.469,3831,0.8711
12712,20:14:53.470,3820,0.8657
12713,20:14:53.470,3798,0.8549
12714,20:14:53.471,3781,0.8466
12715,20:14:53.471,3827,0.8691
12716,20:14:53.472,3862,0.8862
12717,20:14:53.472,3819,0.8652
12718,20:14:53.473,3817,0.8642
12719,20:14:53.473,3812,0.8618
12720,20:14:53.474,3814,0.8628
12721,20:14:53.474,3828,0.8696
12722,20:14:53.475,3846,0.8784
12723,20:14:53.475,3856,0.8833
12724,20:14:53.476,3858,0.8842
12725,20:14:53.476,3845,0.8779
12726,20:14:53.477,3834,0.8725
12727,20:14:53.477,3826,0.8686
12728,20:14:53.478,3811,0.8613
12729,20:14:53.478,3853,0.8818
12730,20:14:53.479,3863,0.8867
12731,20:14:53.479,3831,0.8711
12732,20:14:53.480,3851,0.8808
12733,20:14:53.480,3826,0.8686
12734,20:14:53.481,3846,0.8784
12735,20:14:53.481,3850,0.8803
12736,20:14:53.482,3805,0.8584
12737,20:14:53.482,3809,0.8603
12738,20:14:53.483,3843,0.8769
12739,20:14:53.483,3816,0.8637
12740,20:14:53.484,3823,0.8672
12741,20:14:53.484,3821,0.8662
12742,20:14:53.485,3816,0.8637
12743,20:14:53.485,3830,0.8706
12744,20:14:53.486,3804,0.8579
12745,20:14:53.486,3811,0.8613
12746,20:14:53.487,3803,0.8574
12747,20:14:53.487,3805,0.8584
12748,20:14:53.488,3793,0.8525
12749,20:14:53.488,3793,0.8525
12750,20:14:53.489,3797,0.8545
12751,20:14:53.489,3802,0.8569
12752,20:14:53.490,3823,0.8672
12753,20:14:53.490,3800,0.8559
12754,20:14:53.491,3813,0.8623
12755,20:14:53.491,3798,0.8549
12756,20:14:53.492,3760,0.8364
12757,20:14:53.492,3845,0.8779
12758,20:14:53.493,3826,0.8686
12759,20:14:53.493,3827,0.8691
12760,20:14:53.494,3824,0.8676
12761,20:14:53.494,3855,0.8828
12762,20:14:53.495,3909,0.9092
12763,20:14:53.495,3736,0.8247
12764,20:14:53.496,3835,0.8730
12765,20:14:53.496,3836,0.8735
12766,20:14:53.497,3849,0.8799
12767,20:14:53.497,3830,0.8706
12768,20:14:53.498,3832,0.8716
12769,20:14:53.498,3841,0.8759
12770,20:14:53.499,3848,0.8794
12771,20:14:53.499,3844,0.8774
12772,20:14:53.500,3826,0.8686
12773,20:14:53.500,3829,0.8701
12774,20:14:53.501,3844,0.8774
12775,20:14:53.501,3827,0.8691
12776,20:14:53.502,3866,0.8882
12777,20:14:53.502,3817,0.8642
12778,20:14:53.503,3815,0.8632
12779,20:14:53.503,3824,0.8676
12780,20:14:53.504,3836,0.8735
12781,20:14:53.504,3825,0.8681
12782,20:14:53.505,3841,0.8759
12783,20:14:53.505,3804,0.8579
12784,20:14:53.506,3804,0.8579
12785,20:14:53.506,3817,0.8642
12786,20:14:53.507,3813,0.8623
12787,20:14:53.507,3804,0.8579
12788,20:14:53.508,3795,0.8535
12789,20:14:53.508,3795,0.8535
12790,20:14:53.509,3802,0.8569
12791,20:14:53.509,3818,0.8647
12792,20:14:53.510,3803,0.8574
12793,20:14:53.510,3804,0.8579
12794,20:14:53.511,3809,0.8603
12795,20:14:53.511,3821,0.8662
12796,20:14:53.512,3803,0.8574
12797,20:14:53.512,3813,0.8623
12798,20:14:53.513,3791,0.8515
12799,20:14:53.513,3853,0.8818
12800,20:14:53.514,3819,0.8652
12801,20:14:53.514,3831,0.8711
12802,20:14:53.515,3856,0.8833
12803,20:14:53.515,3874,0.8921
12804,20:14:53.516,3869,0.8896
12805,20:14:53.516,3852,0.8813
12806,20:14:53.517,3844,0.8774
12807,20:14:53.517,3843,0.8769
12808,20:14:53.518,3845,0.8779
12809,20:14:53.518,3843,0.8769
12810,20:14:53.519,3843,0.8769
12811,20:14:53.519,3829,0.8701
12812,20:14:53.520,3851,0.8808
12813,20:14:53.520,3828,0.8696
12814,20:14:53.521,3834,0.8725
12815,20:14:53.521,3857,0.8838
12816,20:14:53.522,3843,0.8769
12817,20:14:53.522,3821,0.8662
12818,20:14:53.523,3861,0.8857
12819,20:14:53.523,3828,0.8696
12820,20:14:53.524,3789,0.8505
12821,20:14:53.524,3834,0.8725
12822,20:14:53.525,3902,0.9057
12823,20:14:53.525,3817,0.8642
12824,20:14:53.526,3744,0.8286
12825,20:14:53.526,3792,0.8520
12826,20:14:53.527,3780,0.8462
12827,20:14:53.527,3782,0.8471
12828,20:14:53.528,3776,0.8442
12829,20:14:53.528,3752,0.8325
12830,20:14:53.529,3776,0.8442
12831,20:14:53.529,3787,0.8496
12832,20:14:53.530,3781,0.8466
12833,20:14:53.530,3779,0.8457
12834,20:14:53.531,3788,0.8501
12835,20:14:53.531,3825,0.8681
12836,20:14:53.532,3786,0.8491
12837,20:14:53.532,3899,0.9043
12838,20:14:53.533,3804,0.8579
12839,20:14:53.533,3321,0.6220
12840,20:14:53.534,2917,0.4247
12841,20:14:53.534,3182,0.5541
12842,20:14:53.535,2902,0.4173
12843,20:14:53.535,2812,0.3734
12844,20:14:53.536,3295,0.6093
12845,20:14:53.536,3546,0.7319
12846,20:14:53.537,3697,0.8056
12847,20:14:53.537,3490,0.7045
12848,20:14:53.538,3676,0.7954
12849,20:14:53.538,3639,0.7773
12850,20:14:53.539,3619,0.7675
12851,20:14:53.539,3410,0.6654
12852,20:14:53.540,3411,0.6659
12853,20:14:53.540,3030,0.4799
12854,20:14:53.541,3225,0.5751
12855,20:14:53.541,2971,0.4510
12856,20:14:53.542,3159,0.5429
12857,20:14:53.542,3147,0.5370
12858,20:14:53.543,3174,0.5502
12859,20:14:53.543,3233,0.5790
12860,20:14:53.544,3195,0.5604
12861,20:14:53.544,3214,0.5697
12862,20:14:53.545,2991,0.4608
12863,20:14:53.545,3120,0.5238
12864,20:14:53.546,3238,0.5814
12865,20:14:53.546,3241,0.5829
12866,20:14:53.547,3146,0.5365
12867,20:14:53.547,3181,0.5536
12868,20:14:53.548,3234,0.5795
12869,20:14:53.548,3185,0.5556
12870,20:14:53.549,3181,0.5536
12871,20:14:53.549,3168,0.5473
12872,20:14:53.550,3222,0.5736
12873,20:14:53.550,3175,0.5507
12874,20:14:53.551,3155,0.5409
12875,20:14:53.551,3192,0.5590
12876,20:14:53.552,3192,0.5590
12877,20:14:53.552,3195,0.5604
12878,20:14:53.553,2982,0.4564
12879,20:14:53.553,3182,0.5541
12880,20:14:53.554,3382,0.6518
12881,20:14:53.554,3133,0.5302
12882,20:14:53.555,3063,0.4960
12883,20:14:53.555,3288,0.6059
12884,20:14:53.556,3181,0.5536
12885,20:14:53.556,3163,0.5448
12886,20:14:53.557,3040,0.4847
12887,20:14:53.557,2862,0.3978
12888,20:14:53.558,3245,0.5849
12889,20:14:53.558,3384,0.6527
12890,20:14:53.559,3222,0.5736
12891,20:14:53.559,2969,0.4501
12892,20:14:53.560,3235,0.5800
12893,20:14:53.560,2857,0.3954
12894,20:14:53.561,3196,0.5609
12895,20:14:53.561,3267,0.5956
12896,20:14:53.562,3193,0.5595
12897,20:14:53.562,3248,0.5863
12898,20:14:53.563,3401,0.6611
12899,20:14:53.563,3051,0.4901
12900,20:14:53.564,3297,0.6103
12901,20:14:53.564,3226,0.5756
12902,20:14:53.565,3542,0.7299
12903,20:14:53.565,3434,0.6772
12904,20:14:53.566,3518,0.7182
12905,20:14:53.566,3480,0.6996
12906,20:14:53.567,4007,0.9570
12907,20:14:53.567,4068,0.9868
12908,20:14:53.568,3877,0.8935
12909,20:14:53.568,3602,0.7592
12910,20:14:53.569,3498,0.7084
12911,20:14:53.569,3957,0.9326
12912,20:14:53.570,3873,0.8916
12913,20:14:53.570,3735,0.8242
12914,20:14:53.571,3792,0.8520
12915,20:14:53.571,3729,0.8212
12916,20:14:53.572,3556,0.7368
12917,20:14:53.572,3718,0.8159
12918,20:14:53.573,3680,0.7973
12919,20:14:53.573,3368,0.6449
12920,20:14:53.574,3391,0.6562
12921,20:14:53.574,3204,0.5648
12922,20:14:53.575,3112,0.5199
12923,20:14:53.575,3235,0.5800
12924,20:14:53.576,3093,0.5106
12925,20:14:53.576,3481,0.7001
12926,20:14:53.577,3457,0.6884
12927,20:14:53.577,3486,0.7026
12928,20:14:53.578,3138,0.5326
12929,20:14:53.578,3933,0.9209
12930,20:14:53.579,3996,0.9516
12931,20:14:53.579,3598,0.7573
12932,20:14:53.580,3222,0.5736
12933,20:14:53.580,3279,0.6015
12934,20:14:53.581,3166,0.5463
12935,20:14:53.581,3321,0.6220
12936,20:14:53.582,3009,0.4696
12937,20:14:53.582,3389,0.6552
12938,20:14:53.583,3169,0.5477
12939,20:14:53.583,3220,0.5726
12940,20:14:53.584,3333,0.6278
12941,20:14:53.584,3226,0.5756
12942,20:14:53.585,3166,0.5463
12943,20:14:53.585,3107,0.5175
12944,20:14:53.586,3605,0.7607
12945,20:14:53.586,3624,0.7700
12946,20:14:53.587,3801,0.8564
12947,20:14:53.587,3719,0.8164
12948,20:14:53.588,3900,0.9048
12949,20:14:53.588,3704,0.8090
12950,20:14:53.589,3758,0.8354
12951,20:14:53.589,3753,0.8330
12952,20:14:53.590,3917,0.9131
12953,20:14:53.590,4017,0.9619
12954,20:14:53.591,3423,0.6718
12955,20:14:53.591,3232,0.5785
12956,20:14:53.592,3424,0.6723
12957,20:14:53.592,3413,0.6669
12958,20:14:53.593,3432,0.6762
12959,20:14:53.593,3618,0.7670
12960,20:14:53.594,3354,0.6381
12961,20:14:53.594,2982,0.4564
12962,20:14:53.595,3319,0.6210
12963,20:14:53.595,3406,0.6635
12964,20:14:53.596,3494,0.7065
12965,20:14:53.596,3448,0.6840
12966,20:14:53.597,3513,0.7158
12967,20:14:53.597,3773,0.8427
12968,20:14:53.598,4023,0.9648
12969,20:14:53.598,3992,0.9497
12970,20:14:53.599,4055,0.9805
12971,20:14:53.599,3304,0.6137
12972,20:14:53.600,4043,0.9746
12973,20:14:53.600,3763,0.8379
12974,20:14:53.601,3704,0.8090
12975,20:14:53.601,3726,0.8198
12976,20:14:53.602,3263,0.5937
12977,20:14:53.602,3207,0.5663
12978,20:14:53.603,3125,0.5263
12979,20:14:53.603,3446,0.6830
12980,20:14:53.604,3392,0.6567
12981,20:14:53.604,3270,0.5971
12982,20:14:53.605,3095,0.5116
12983,20:14:53.605,3162,0.5443
12984,20:14:53.606,3162,0.5443
12985,20:14:53.606,3310,0.6166
12986,20:14:53.607,3804,0.8579
12987,20:14:53.607,3897,0.9033
12988,20:14:53.608,3742,0.8276
12989,20:14:53.608,3626,0.7709
12990,20:14:53.609,4043,0.9746
12991,20:14:53.609,3996,0.9516
12992,20:14:53.610,3747,0.8300
12993,20:14:53.610,3674,0.7944
12994,20:14:53.611,3744,0.8286
12995,20:14:53.611,3629,0.7724
12996,20:14:53.612,3665,0.7900
12997,20:14:53.612,3599,0.7578
12998,20:14:53.613,3444,0.6821
12999,20:14:53.613,3657,0.7861
13000,20:14:53.614,3395,0.6581
13001,20:14:53.614,3780,0.8462
13002,20:14:53.615,3280,0.6020
13003,20:14:53.615,3069,0.4989
13004,20:14:53.616,3378,0.6498
13005,20:14:53.616,3747,0.8300
13006,20:14:53.617,3797,0.8545
13007,20:14:53.617,3991,0.9492
13008,20:14:53.618,3459,0.6894
13009,20:14:53.618,2974,0.4525
13010,20:14:53.619,4029,0.9678
13011,20:14:53.619,3943,0.9258
13012,20:14:53.620,3758,0.8354
13013,20:14:53.620,3736,0.8247
13014,20:14:53.621,3702,0.8081
13015,20:14:53.621,3639,0.7773
13016,20:14:53.622,3263,0.5937
13017,20:14:53.622,2970,0.4505
13018,20:14:53.623,3231,0.5780
13019,20:14:53.623,3106,0.5170
13020,20:14:53.624,3190,0.5580
13021,20:14:53.624,3219,0.5722
13022,20:14:53.625,3238,0.5814
13023,20:14:53.625,3099,0.5136
13024,20:14:53.626,3079,0.5038
13025,20:14:53.626,3245,0.5849
13026,20:14:53.627,3205,0.5653
13027,20:14:53.627,3848,0.8794
13028,20:14:53.628,3862,0.8862
13029,20:14:53.628,3793,0.8525
13030,20:14:53.629,3675,0.7949
13031,20:14:53.629,3557,0.7372
13032,20:14:53.630,3236,0.5805
13033,20:14:53.630,3194,0.5600
13034,20:14:53.631,3034,0.4818
13035,20:14:53.631,2929,0.4305
13036,20:14:53.632,3218,0.5717
13037,20:14:53.632,3263,0.5937
13038,20:14:53.633,3011,0.4706
13039,20:14:53.633,2520,0.2308
13040,20:14:53.634,3242,0.5834
13041,20:14:53.634,3305,0.6142
13042,20:14:53.635,3027,0.4784
13043,20:14:53.635,2912,0.4222
13044,20:14:53.636,3226,0.5756
13045,20:14:53.636,3245,0.5849
13046,20:14:53.637,3232,0.5785
13047,20:14:53.637,3240,0.5824
13048,20:14:53.638,3261,0.5927
13049,20:14:53.638,3313,0.6181
13050,20:14:53.639,3314,0.6186
13051,20:14:53.639,3271,0.5976
13052,20:14:53.640,3335,0.6288
13053,20:14:53.640,3278,0.6010
13054,20:14:53.641,3247,0.5858
13055,20:14:53.641,3203,0.5643
13056,20:14:53.642,3248,0.5863
13057,20:14:53.642,3104,0.5160
13058,20:14:53.643,3156,0.5414
13059,20:14:53.643,3165,0.5458
13060,20:14:53.644,3257,0.5907
13061,20:14:53.644,2806,0.3705
13062,20:14:53.645,2621,0.2801
13063,20:14:53.645,3382,0.6518
13064,20:14:53.646,3234,0.5795
13065,20:14:53.646,2966,0.4486
13066,20:14:53.647,4094,0.9995
13067,20:14:53.647,4095,1.0000
13068,20:14:53.648,3757,0.8349
13069,20:14:53.648,3647,0.7812
13070,20:14:53.649,3500,0.7094
13071,20:14:53.649,3281,0.6024
13072,20:14:53.650,3146,0.5365
13073,20:14:53.650,3219,0.5722
13074,20:14:53.651,3210,0.5678
13075,20:14:53.651,3176,0.5512
13076,20:14:53.652,2928,0.4300
13077,20:14:53.652,3136,0.5316
13078,20:14:53.653,4079,0.9922
13079,20:14:53.653,3854,0.8823
13080,20:14:53.654,3658,0.7866
13081,20:14:53.654,3658,0.7866
13082,20:14:53.655,3893,0.9013
13083,20:14:53.655,4095,1.0000
13084,20:14:53.656,3997,0.9521
13085,20:14:53.656,4095,1.0000
13086,20:14:53.657,4093,0.9990
13087,20:14:53.657,4095,1.0000
13088,20:14:53.658,3875,0.8926
13089,20:14:53.658,4095,1.0000
13090,20:14:53.659,4095,1.0000
13091,20:14:53.659,4095,1.0000
13092,20:14:53.660,3892,0.9009
13093,20:14:53.660,4013,0.9600
13094,20:14:53.661,4086,0.9956
13095,20:14:53.661,3855,0.8828
13096,20:14:53.662,3897,0.9033
13097,20:14:53.662,3917,0.9131
13098,20:14:53.663,3715,0.8144
13099,20:14:53.663,3698,0.8061
13100,20:14:53.664,3181,0.5536
13101,20:14:53.664,3810,0.8608
13102,20:14:53.665,3612,0.7641
13103,20:14:53.665,3332,0.6274
13104,20:14:53.666,4095,1.0000
13105,20:14:53.666,4044,0.9751
13106,20:14:53.667,4095,1.0000
13107,20:14:53.667,3862,0.8862
13108,20:14:53.668,3851,0.8808
13109,20:14:53.668,3776,0.8442
13110,20:14:53.669,3717,0.8154
13111,20:14:53.669,3597,0.7568
13112,20:14:53.670,3365,0.6435
13113,20:14:53.670,3182,0.5541
13114,20:14:53.671,3158,0.5424
13115,20:14:53.671,3116,0.5219
13116,20:14:53.672,4095,1.0000
13117,20:14:53.672,3703,0.8085
13118,20:14:53.673,3666,0.7905
13119,20:14:53.673,4081,0.9932
13120,20:14:53.674,3974,0.9409
13121,20:14:53.674,4095,1.0000
13122,20:14:53.675,3398,0.6596
13123,20:14:53.675,3320,0.6215
13124,20:14:53.676,3850,0.8803
13125,20:14:53.676,3659,0.7871
13126,20:14:53.677,3764,0.8383
13127,20:14:53.677,4055,0.9805
13128,20:14:53.678,3741,0.8271
13129,20:14:53.678,3659,0.7871
13130,20:14:53.679,3624,0.7700
13131,20:14:53.679,4072,0.9888
13132,20:14:53.680,3920,0.9145
13133,20:14:53.680,4095,1.0000
13134,20:14:53.681,3916,0.9126
13135,20:14:53.681,3865,0.8877
13136,20:14:53.682,4095,1.0000
13137,20:14:53.682,3730,0.8217
13138,20:14:53.683,3992,0.9497
13139,20:14:53.683,3641,0.7783
13140,20:14:53.684,3430,0.6752
13141,20:14:53.684,3535,0.7265
13142,20:14:53.685,3533,0.7255
13143,20:14:53.685,3412,0.6664
13144,20:14:53.686,4095,1.0000
13145,20:14:53.686,3777,0.8447
13146,20:14:53.687,4095,1.0000
13147,20:14:53.687,4092,0.9985
13148,20:14:53.688,4095,1.0000
13149,20:14:53.688,3854,0.8823
13150,20:14:53.689,4093,0.9990
13151,20:14:53.689,4095,1.0000
13152,20:14:53.690,4095,1.0000
13153,20:14:53.690,3815,0.8632
13154,20:14:53.691,4095,1.0000
13155,20:14:53.691,4063,0.9844
13156,20:14:53.692,3845,0.8779
13157,20:14:53.692,3879,0.8945
13158,20:14:53.693,3995,0.9512
13159,20:14:53.693,3665,0.7900
13160,20:14:53.694,3666,0.7905
13161,20:14:53.694,3935,0.9219
13162,20:14:53.695,3370,0.6459
13163,20:14:53.695,3533,0.7255
13164,20:14:53.696,3483,0.7011
13165,20:14:53.696,3762,0.8374
13166,20:14:53.697,3992,0.9497
13167,20:14:53.697,4082,0.9937
13168,20:14:53.698,3506,0.7123
13169,20:14:53.698,4092,0.9985
13170,20:14:53.699,4093,0.9990
13171,20:14:53.699,3977,0.9424
13172,20:14:53.700,3659,0.7871
13173,20:14:53.700,3831,0.8711
13174,20:14:53.701,4064,0.9849
13175,20:14:53.701,3811,0.8613
13176,20:14:53.702,3465,0.6923
13177,20:14:53.702,3215,0.5702
13178,20:14:53.703,3376,0.6488
13179,20:14:53.703,3329,0.6259
13180,20:14:53.704,4033,0.9697
13181,20:14:53.704,4002,0.9546
13182,20:14:53.705,3694,0.8042
13183,20:14:53.705,3437,0.6786
13184,20:14:53.706,3777,0.8447
13185,20:14:53.706,4033,0.9697
13186,20:14:53.707,4095,1.0000
13187,20:14:53.707,3919,0.9140
13188,20:14:53.708,3756,0.8344
13189,20:14:53.708,4088,0.9966
13190,20:14:53.709,4095,1.0000
13191,20:14:53.709,3871,0.8906
13192,20:14:53.710,3842,0.8764
13193,20:14:53.710,4006,0.9565
13194,20:14:53.711,3717,0.8154
13195,20:14:53.711,3919,0.9140
13196,20:14:53.712,3722,0.8178
13197,20:14:53.712,3668,0.7915
13198,20:14:53.713,3210,0.5678
13199,20:14:53.713,3134,0.5306
13200,20:14:53.714,3762,0.8374
13201,20:14:53.714,3624,0.7700
13202,20:14:53.715,3410,0.6654
13203,20:14:53.715,3844,0.8774
13204,20:14:53.716,3528,0.7231
13205,20:14:53.716,3756,0.8344
13206,20:14:53.717,3885,0.8974
13207,20:14:53.717,3829,0.8701
13208,20:14:53.718,4095,1.0000
13209,20:14:53.718,4079,0.9922
13210,20:14:53.719,4095,1.0000
13211,20:14:53.719,3836,0.8735
13212,20:14:53.720,3751,0.8320
13213,20:14:53.720,3961,0.9346
13214,20:14:53.721,3907,0.9082
13215,20:14:53.721,3566,0.7416
13216,20:14:53.722,3475,0.6972
13217,20:14:53.722,3233,0.5790
13218,20:14:53.723,3307,0.6151
13219,20:14:53.723,3690,0.8022
13220,20:14:53.724,3343,0.6327
13221,20:14:53.724,3451,0.6855
13222,20:14:53.725,3629,0.7724
13223,20:14:53.725,3076,0.5023
13224,20:14:53.726,3666,0.7905
13225,20:14:53.726,3690,0.8022
13226,20:14:53.727,3810,0.8608
13227,20:14:53.727,3935,0.9219
13228,20:14:53.728,4030,0.9683
13229,20:14:53.728,3466,0.6928
13230,20:14:53.729,3695,0.8046
13231,20:14:53.729,3885,0.8974
13232,20:14:53.730,4095,1.0000
13233,20:14:53.730,3725,0.8193
13234,20:14:53.731,3664,0.7895
13235,20:14:53.731,3871,0.8906
13236,20:14:53.732,3619,0.7675
13237,20:14:53.732,3473,0.6962
13238,20:14:53.733,3630,0.7729
13239,20:14:53.733,3634,0.7748
13240,20:14:53.734,3330,0.6264
13241,20:14:53.734,3260,0.5922
13242,20:14:53.735,3517,0.7177
13243,20:14:53.735,3438,0.6791
13244,20:14:53.736,3418,0.6694
13245,20:14:53.736,3692,0.8032
13246,20:14:53.737,3809,0.8603
13247,20:14:53.737,3951,0.9297
13248,20:14:53.738,3714,0.8139
13249,20:14:53.738,4001,0.9541
13250,20:14:53.739,4047,0.9766
13251,20:14:53.739,3622,0.7690
13252,20:14:53.740,3719,0.8164
13253,20:14:53.740,3686,0.8002
13254,20:14:53.741,3731,0.8222
13255,20:14:53.741,3667,0.7910
13256,20:14:53.742,3494,0.7065
13257,20:14:53.742,3343,0.6327
13258,20:14:53.743,3500,0.7094
13259,20:14:53.743,3288,0.6059
13260,20:14:53.744,3232,0.5785
13261,20:14:53.744,3433,0.6767
13262,20:14:53.745,3039,0.4842
13263,20:14:53.745,3369,0.6454
13264,20:14:53.746,3307,0.6151
13265,20:14:53.746,3341,0.6317
13266,20:14:53.747,3771,0.8418
13267,20:14:53.747,3743,0.8281
13268,20:14:53.748,3376,0.6488
13269,20:14:53.748,3827,0.8691
13270,20:14:53.749,3801,0.8564
13271,20:14:53.749,3744,0.8286
13272,20:14:53.750,3530,0.7241
13273,20:14:53.750,3589,0.7529
13274,20:14:53.751,3717,0.8154
13275,20:14:53.751,3605,0.7607
13276,20:14:53.752,3568,0.7426
13277,20:14:53.752,3416,0.6684
13278,20:14:53.753,3333,0.6278
13279,20:14:53.753,3488,0.7035
13280,20:14:53.754,3093,0.5106
13281,20:14:53.754,3275,0.5995
13282,20:14:53.755,3282,0.6029
13283,20:14:53.755,3551,0.7343
13284,20:14:53.756,3099,0.5136
13285,20:14:53.756,3262,0.5932
13286,20:14:53.757,3445,0.6825
13287,20:14:53.757,3459,0.6894
13288,20:14:53.758,2978,0.4545
13289,20:14:53.758,3694,0.8042
13290,20:14:53.759,3858,0.8842
13291,20:14:53.759,3378,0.6498
13292,20:14:53.760,3335,0.6288
13293,20:14:53.760,3513,0.7158
13294,20:14:53.761,3338,0.6303
13295,20:14:53.761,3160,0.5433
13296,20:14:53.762,3244,0.5844
13297,20:14:53.762,3098,0.5131
13298,20:14:53.763,3191,0.5585
13299,20:14:53.763,3392,0.6567
13300,20:14:53.764,3057,0.4930
13301,20:14:53.764,3148,0.5375
13302,20:14:53.765,3190,0.5580
13303,20:14:53.765,3420,0.6703
13304,20:14:53.766,3525,0.7216
13305,20:14:53.766,3019,0.4745
13306,20:14:53.767,3297,0.6103
13307,20:14:53.767,3690,0.8022
13308,20:14:53.768,3847,0.8789
13309,20:14:53.768,3666,0.7905
13310,20:14:53.769,3046,0.4877
13311,20:14:53.769,3617,0.7665
13312,20:14:53.770,3793,0.8525
13313,20:14:53.770,3624,0.7700
13314,20:14:53.771,3638,0.7768
13315,20:14:53.771,3445,0.6825
13316,20:14:53.772,3802,0.8569
13317,20:14:53.772,3350,0.6361
13318,20:14:53.773,3028,0.4789
13319,20:14:53.773,3420,0.6703
13320,20:14:53.774,3321,0.6220
13321,20:14:53.774,3170,0.5482
13322,20:14:53.775,2978,0.4545
13323,20:14:53.775,3758,0.8354
13324,20:14:53.776,3248,0.5863
13325,20:14:53.776,3387,0.6542
13326,20:14:53.777,3402,0.6615
13327,20:14:53.777,3566,0.7416
13328,20:14:53.778,3357,0.6396
13329,20:14:53.778,3773,0.8427
13330,20:14:53.779,3869,0.8896
13331,20:14:53.779,3748,0.8305
13332,20:14:53.780,3549,0.7333
13333,20:14:53.780,3551,0.7343
13334,20:14:53.781,3329,0.6259
13335,20:14:53.781,3235,0.5800
13336,20:14:53.782,3117,0.5223
13337,20:14:53.782,2940,0.4359
13338,20:14:53.783,3380,0.6508
13339,20:14:53.783,3502,0.7104
13340,20:14:53.784,3090,0.5092
13341,20:14:53.784,3125,0.5263
13342,20:14:53.785,3302,0.6127
13343,20:14:53.785,3097,0.5126
13344,20:14:53.786,3165,0.5458
13345,20:14:53.786,3535,0.7265
13346,20:14:53.787,3460,0.6899
13347,20:14:53.787,3787,0.8496
13348,20:14:53.788,3396,0.6586
13349,20:14:53.788,3598,0.7573
13350,20:14:53.789,3442,0.6811
13351,20:14:53.789,3641,0.7783
13352,20:14:53.790,3611,0.7636
13353,20:14:53.790,3687,0.8007
13354,20:14:53.791,3367,0.6444
13355,20:14:53.791,3112,0.5199
13356,20:14:53.792,3632,0.7739
13357,20:14:53.792,3313,0.6181
13358,20:14:53.793,3002,0.4662
13359,20:14:53.793,2807,0.3709
13360,20:14:53.794,2784,0.3597
13361,20:14:53.794,2914,0.4232
13362,20:14:53.795,2846,0.3900
13363,20:14:53.795,3238,0.5814
13364,20:14:53.796,3186,0.5560
13365,20:14:53.796,3223,0.5741
13366,20:14:53.797,3164,0.5453
13367,20:14:53.797,3689,0.8017
13368,20:14:53.798,3816,0.8637
13369,20:14:53.798,3842,0.8764
13370,20:14:53.799,3822,0.8667
13371,20:14:53.799,3793,0.8525
13372,20:14:53.800,3826,0.8686
13373,20:14:53.800,3789,0.8505
13374,20:14:53.801,3761,0.8369
13375,20:14:53.801,3591,0.7538
13376,20:14:53.802,3587,0.7519
13377,20:14:53.802,3437,0.6786
13378,20:14:53.803,3363,0.6425
13379,20:14:53.803,3361,0.6415
13380,20:14:53.804,3371,0.6464
13381,20:14:53.804,3349,0.6357
13382,20:14:53.805,3409,0.6650
13383,20:14:53.805,3377,0.6493
13384,20:14:53.806,3409,0.6650
13385,20:14:53.806,3437,0.6786
13386,20:14:53.807,3392,0.6567
13387,20:14:53.807,3391,0.6562
13388,20:14:53.808,3387,0.6542
13389,20:14:53.808,3384,0.6527
13390,20:14:53.809,3408,0.6645
13391,20:14:53.809,3384,0.6527
13392,20:14:53.810,3266,0.5951
13393,20:14:53.810,2993,0.4618
13394,20:14:53.811,3393,0.6571
13395,20:14:53.811,3506,0.7123
13396,20:14:53.812,3555,0.7363
13397,20:14:53.812,3496,0.7074
13398,20:14:53.813,3340,0.6313
13399,20:14:53.813,3579,0.7480
13400,20:14:53.814,3058,0.4935
13401,20:14:53.814,3181,0.5536
13402,20:14:53.815,2975,0.4530
13403,20:14:53.815,3410,0.6654
13404,20:14:53.816,2962,0.4466
13405,20:14:53.816,2952,0.4418
13406,20:14:53.817,3575,0.7460
13407,20:14:53.817,3665,0.7900
13408,20:14:53.818,3734,0.8237
13409,20:14:53.818,3732,0.8227
13410,20:14:53.819,3781,0.8466
13411,20:14:53.819,3745,0.8291
13412,20:14:53.820,3739,0.8261
13413,20:14:53.820,3647,0.7812
13414,20:14:53.821,2924,0.4281
13415,20:14:53.821,3603,0.7597
13416,20:14:53.822,3430,0.6752
13417,20:14:53.822,3229,0.5770
13418,20:14:53.823,3155,0.5409
13419,20:14:53.823,2999,0.4647
13420,20:14:53.824,2868,0.4007
13421,20:14:53.824,2997,0.4637
13422,20:14:53.825,3008,0.4691
13423,20:14:53.825,2962,0.4466
13424,20:14:53.826,2877,0.4051
13425,20:14:53.826,3026,0.4779
13426,20:14:53.827,3414,0.6674
13427,20:14:53.827,3404,0.6625
13428,20:14:53.828,3693,0.8037
13429,20:14:53.828,3809,0.8603
13430,20:14:53.829,3787,0.8496
13431,20:14:53.829,3751,0.8320
13432,20:14:53.830,3141,0.5341
13433,20:14:53.830,3055,0.4921
13434,20:14:53.831,3627,0.7714
13435,20:14:53.831,3320,0.6215
13436,20:14:53.832,3592,0.7543
13437,20:14:53.832,3281,0.6024
13438,20:14:53.833,3668,0.7915
13439,20:14:53.833,3493,0.7060
13440,20:14:53.834,3385,0.6532
13441,20:14:53.834,2870,0.4017
13442,20:14:53.835,3033,0.4813
13443,20:14:53.835,3556,0.7368
13444,20:14:53.836,3471,0.6952
13445,20:14:53.836,3278,0.6010
13446,20:14:53.837,3785,0.8486
13447,20:14:53.837,3756,0.8344
13448,20:14:53.838,3756,0.8344
13449,20:14:53.838,3818,0.8647
13450,20:14:53.839,3829,0.8701
13451,20:14:53.839,3809,0.8603
13452,20:14:53.840,3702,0.8081
13453,20:14:53.840,3758,0.8354
13454,20:14:53.841,3676,0.7954
13455,20:14:53.841,3576,0.7465
13456,20:14:53.842,3510,0.7143
13457,20:14:53.842,3383,0.6523
13458,20:14:53.843,3062,0.4955
13459,20:14:53.843,2965,0.4481
13460,20:14:53.844,3055,0.4921
13461,20:14:53.844,3278,0.6010
13462,20:14:53.845,3623,0.7695
13463,20:14:53.845,3141,0.5341
13464,20:14:53.846,3687,0.8007
13465,20:14:53.846,3660,0.7875
13466,20:14:53.847,3537,0.7275
13467,20:14:53.847,3637,0.7763
13468,20:14:53.848,3713,0.8134
13469,20:14:53.848,3733,0.8232
13470,20:14:53.849,3741,0.8271
13471,20:14:53.849,3634,0.7748
13472,20:14:53.850,3226,0.5756
13473,20:14:53.850,3673,0.7939
13474,20:14:53.851,3505,0.7118
13475,20:14:53.851,3360,0.6410
13476,20:14:53.852,3428,0.6742
13477,20:14:53.852,2765,0.3504
13478,20:14:53.853,2227,0.0877
13479,20:14:53.853,3131,0.5292
13480,20:14:53.854,3207,0.5663
13481,20:14:53.854,2628,0.2835
13482,20:14:53.855,3053,0.4911
13483,20:14:53.855,3051,0.4901
13484,20:14:53.856,3128,0.5277
13485,20:14:53.856,2970,0.4505
13486,20:14:53.857,2826,0.3802
13487,20:14:53.857,3322,0.6225
13488,20:14:53.858,3836,0.8735
13489,20:14:53.858,3745,0.8291
13490,20:14:53.859,3806,0.8589
13491,20:14:53.859,3691,0.8027
13492,20:14:53.860,3660,0.7875
13493,20:14:53.860,3257,0.5907
13494,20:14:53.861,3089,0.5087
13495,20:14:53.861,2862,0.3978
13496,20:14:53.862,2891,0.4120
13497,20:14:53.862,2627,0.2830
13498,20:14:53.863,3245,0.5849
13499,20:14:53.863,3120,0.5238
13500,20:14:53.864,2644,0.2913
13501,20:14:53.864,2595,0.2674
13502,20:14:53.865,3121,0.5243
13503,20:14:53.865,2920,0.4261
13504,20:14:53.866,2877,0.4051
13505,20:14:53.866,2993,0.4618
13506,20:14:53.867,3031,0.4803
13507,20:14:53.867,3285,0.6044
13508,20:14:53.868,3088,0.5082
13509,20:14:53.868,3022,0.4759
13510,20:14:53.869,3074,0.5013
13511,20:14:53.869,3096,0.5121
13512,20:14:53.870,2973,0.4520
13513,20:14:53.870,2770,0.3529
13514,20:14:53.871,2996,0.4632
13515,20:14:53.871,3116,0.5219
13516,20:14:53.872,3095,0.5116
13517,20:14:53.872,3243,0.5839
13518,20:14:53.873,2936,0.4339
13519,20:14:53.873,2933,0.4325
13520,20:14:53.874,2622,0.2806
13521,20:14:53.874,2900,0.4164
13522,20:14:53.875,2981,0.4559
13523,20:14:53.875,3083,0.5057
13524,20:14:53.876,3033,0.4813
13525,20:14:53.876,2948,0.4398
13526,20:14:53.877,3053,0.4911
13527,20:14:53.877,3308,0.6156
13528,20:14:53.878,3670,0.7924
13529,20:14:53.878,3745,0.8291
13530,20:14:53.879,3751,0.8320
13531,20:14:53.879,3632,0.7739
13532,20:14:53.880,3406,0.6635
13533,20:14:53.880,3323,0.6230
13534,20:14:53.881,3180,0.5531
13535,20:14:53.881,3184,0.5551
13536,20:14:53.882,3221,0.5731
13537,20:14:53.882,3143,0.5350
13538,20:14:53.883,3085,0.5067
13539,20:14:53.883,3057,0.4930
13540,20:14:53.884,3046,0.4877
13541,20:14:53.884,3177,0.5516
13542,20:14:53.885,2940,0.4359
13543,20:14:53.885,3167,0.5468
13544,20:14:53.886,3258,0.5912
13545,20:14:53.886,3315,0.6190
13546,20:14:53.887,3262,0.5932
13547,20:14:53.887,3090,0.5092
13548,20:14:53.888,2811,0.3729
13549,20:14:53.888,3683,0.7988
13550,20:14:53.889,3374,0.6479
13551,20:14:53.889,2733,0.3348
13552,20:14:53.890,2757,0.3465
13553,20:14:53.890,3266,0.5951
13554,20:14:53.891,3274,0.5990
13555,20:14:53.891,3382,0.6518
13556,20:14:53.892,3525,0.7216
13557,20:14:53.892,3193,0.5595
13558,20:14:53.893,3077,0.5028
13559,20:14:53.893,3237,0.5810
13560,20:14:53.894,3221,0.5731
13561,20:14:53.894,3158,0.5424
13562,20:14:53.895,3370,0.6459
13563,20:14:53.895,3294,0.6088
13564,20:14:53.896,3281,0.6024
13565,20:14:53.896,2708,0.3226
13566,20:14:53.897,2917,0.4247
13567,20:14:53.897,3471,0.6952
13568,20:14:53.898,3371,0.6464
13569,20:14:53.898,3231,0.5780
13570,20:14:53.899,3420,0.6703
13571,20:14:53.899,3614,0.7651
13572,20:14:53.900,3704,0.8090
13573,20:14:53.900,3397,0.6591
13574,20:14:53.901,3154,0.5404
13575,20:14:53.901,2979,0.4549
13576,20:14:53.902,2926,0.4291
13577,20:14:53.902,2885,0.4090
13578,20:14:53.903,2634,0.2864
13579,20:14:53.903,2984,0.4574
13580,20:14:53.904,3156,0.5414
13581,20:14:53.904,3195,0.5604
13582,20:14:53.905,3300,0.6117
13583,20:14:53.905,3125,0.5263
13584,20:14:53.906,3056,0.4926
13585,20:14:53.906,3135,0.5311
13586,20:14:53.907,3320,0.6215
13587,20:14:53.907,3260,0.5922
13588,20:14:53.908,3216,0.5707
13589,20:14:53.908,3088,0.5082
13590,20:14:53.909,3132,0.5297
13591,20:14:53.909,3654,0.7846
13592,20:14:53.910,3716,0.8149
13593,20:14:53.910,3424,0.6723
13594,20:14:53.911,3649,0.7822
13595,20:14:53.911,3687,0.8007
13596,20:14:53.912,3077,0.5028
13597,20:14:53.912,3451,0.6855
13598,20:14:53.913,3303,0.6132
13599,20:14:53.913,3284,0.6039
13600,20:14:53.914,3148,0.5375
13601,20:14:53.914,3203,0.5643
13602,20:14:53.915,2993,0.4618
13603,20:14:53.915,3097,0.5126
13604,20:14:53.916,3178,0.5521
13605,20:14:53.916,3294,0.6088
13606,20:14:53.917,3178,0.5521
13607,20:14:53.917,3129,0.5282
13608,20:14:53.918,2899,0.4159
13609,20:14:53.918,3372,0.6469
13610,20:14:53.919,3413,0.6669
13611,20:14:53.919,2951,0.4413
13612,20:14:53.920,3020,0.4750
13613,20:14:53.920,3471,0.6952
13614,20:14:53.921,3065,0.4969
13615,20:14:53.921,3162,0.5443
13616,20:14:53.922,3052,0.4906
13617,20:14:53.922,3156,0.5414
13618,20:14:53.923,3149,0.5380
13619,20:14:53.923,3223,0.5741
13620,20:14:53.924,3027,0.4784
13621,20:14:53.924,3262,0.5932
13622,20:14:53.925,3191,0.5585
13623,20:14:53.925,3248,0.5863
13624,20:14:53.926,3077,0.5028
13625,20:14:53.926,3224,0.5746
13626,20:14:53.927,3267,0.5956
13627,20:14:53.927,3502,0.7104
13628,20:14:53.928,3639,0.7773
13629,20:14:53.928,3749,0.8310
13630,20:14:53.929,3754,0.8335
13631,20:14:53.929,3516,0.7172
13632,20:14:53.930,3540,0.7289
13633,20:14:53.930,3681,0.7978
13634,20:14:53.931,3539,0.7284
13635,20:14:53.931,3134,0.5306
13636,20:14:53.932,3521,0.7197
13637,20:14:53.932,3399,0.6601
13638,20:14:53.933,3409,0.6650
13639,20:14:53.933,3343,0.6327
13640,20:14:53.934,3386,0.6537
13641,20:14:53.934,3224,0.5746
13642,20:14:53.935,3341,0.6317
13643,20:14:53.935,3315,0.6190
13644,20:14:53.936,3284,0.6039
13645,20:14:53.936,3148,0.5375
13646,20:14:53.937,3265,0.5946
13647,20:14:53.937,3481,0.7001
13648,20:14:53.938,3340,0.6313
13649,20:14:53.938,3705,0.8095
13650,20:14:53.939,3861,0.8857
13651,20:14:53.939,3768,0.8403
13652,20:14:53.940,3292,0.6078
13653,20:14:53.940,3134,0.5306
13654,20:14:53.941,3447,0.6835
13655,20:14:53.941,3262,0.5932
13656,20:14:53.942,3340,0.6313
13657,20:14:53.942,3202,0.5639
13658,20:14:53.943,3379,0.6503
13659,20:14:53.943,3386,0.6537
13660,20:14:53.944,3742,0.8276
13661,20:14:53.944,3229,0.5770
13662,20:14:53.945,3483,0.7011
13663,20:14:53.945,3521,0.7197
13664,20:14:53.946,3192,0.5590
13665,20:14:53.946,3411,0.6659
13666,20:14:53.947,3632,0.7739
13667,20:14:53.947,3866,0.8882
13668,20:14:53.948,3829,0.8701
13669,20:14:53.948,3569,0.7431
13670,20:14:53.949,3866,0.8882
13671,20:14:53.949,3895,0.9023
13672,20:14:53.950,3693,0.8037
13673,20:14:53.950,3694,0.8042
13674,20:14:53.951,3882,0.8960
13675,20:14:53.951,3574,0.7455
13676,20:14:53.952,3270,0.5971
13677,20:14:53.952,3613,0.7646
13678,20:14:53.953,3468,0.6938
13679,20:14:53.953,3395,0.6581
13680,20:14:53.954,3525,0.7216
13681,20:14:53.954,3764,0.8383
13682,20:14:53.955,3324,0.6234
13683,20:14:53.955,3135,0.5311
13684,20:14:53.956,3207,0.5663
13685,20:14:53.956,3674,0.7944
13686,20:14:53.957,3577,0.7470
13687,20:14:53.957,3702,0.8081
13688,20:14:53.958,3441,0.6806
13689,20:14:53.958,3268,0.5961
13690,20:14:53.959,3884,0.8969
13691,20:14:53.959,3421,0.6708
13692,20:14:53.960,3160,0.5433
13693,20:14:53.960,3614,0.7651
13694,20:14:53.961,3552,0.7348
13695,20:14:53.961,3248,0.5863
13696,20:14:53.962,3297,0.6103
13697,20:14:53.962,3490,0.7045
13698,20:14:53.963,3365,0.6435
13699,20:14:53.963,3133,0.5302
13700,20:14:53.964,3284,0.6039
13701,20:14:53.964,3143,0.5350
13702,20:14:53.965,3257,0.5907
13703,20:14:53.965,3260,0.5922
13704,20:14:53.966,3479,0.6991
13705,20:14:53.966,3680,0.7973
13706,20:14:53.967,3818,0.8647
13707,20:14:53.967,3734,0.8237
13708,20:14:53.968,3700,0.8071
13709,20:14:53.968,3829,0.8701
13710,20:14:53.969,3645,0.7802
13711,20:14:53.969,3533,0.7255
13712,20:14:53.970,3726,0.8198
13713,20:14:53.970,3831,0.8711
13714,20:14:53.971,3706,0.8100
13715,20:14:53.971,3169,0.5477
13716,20:14:53.972,3609,0.7626
13717,20:14:53.972,3883,0.8965
13718,20:14:53.973,3204,0.5648
13719,20:14:53.973,3404,0.6625
13720,20:14:53.974,3402,0.6615
13721,20:14:53.974,3246,0.5853
13722,20:14:53.975,3294,0.6088
13723,20:14:53.975,3337,0.6298
13724,20:14:53.976,3347,0.6347
13725,20:14:53.976,3586,0.7514
13726,20:14:53.977,3566,0.7416
13727,20:14:53.977,3661,0.7880
13728,20:14:53.978,3731,0.8222
13729,20:14:53.978,3812,0.8618
13730,20:14:53.979,3556,0.7368
13731,20:14:53.979,3145,0.5360
13732,20:14:53.980,2900,0.4164
13733,20:14:53.980,3067,0.4979
13734,20:14:53.981,3321,0.6220
13735,20:14:53.981,3431,0.6757
13736,20:14:53.982,3313,0.6181
13737,20:14:53.982,3176,0.5512
13738,20:14:53.983,3399,0.6601
13739,20:14:53.983,3363,0.6425
13740,20:14:53.984,3330,0.6264
13741,20:14:53.984,3172,0.5492
13742,20:14:53.985,3240,0.5824
13743,20:14:53.985,3309,0.6161
13744,20:14:53.986,3165,0.5458
13745,20:14:53.986,3028,0.4789
13746,20:14:53.987,3599,0.7578
13747,20:14:53.987,3799,0.8554
13748,20:14:53.988,3768,0.8403
13749,20:14:53.988,3322,0.6225
13750,20:14:53.989,2836,0.3851
13751,20:14:53.989,3823,0.8672
13752,20:14:53.990,3766,0.8393
13753,20:14:53.990,3561,0.7392
13754,20:14:53.991,3591,0.7538
13755,20:14:53.991,3114,0.5209
13756,20:14:53.992,3127,0.5272
13757,20:14:53.992,3358,0.6400
13758,20:14:53.993,3542,0.7299
13759,20:14:53.993,3597,0.7568
13760,20:14:53.994,3366,0.6440
13761,20:14:53.994,3127,0.5272
13762,20:14:53.995,3366,0.6440
13763,20:14:53.995,3758,0.8354
13764,20:14:53.996,3258,0.5912
13765,20:14:53.996,2923,0.4276
13766,20:14:53.997,3718,0.8159
13767,20:14:53.997,3797,0.8545
13768,20:14:53.998,3899,0.9043
13769,20:14:53.998,3882,0.8960
13770,20:14:53.999,3867,0.8886
13771,20:14:53.999,3569,0.7431
13772,20:14:54.000,3627,0.7714
13773,20:14:54.000,3533,0.7255
13774,20:14:54.001,3780,0.8462
13775,20:14:54.001,3538,0.7280
13776,20:14:54.002,3187,0.5565
13777,20:14:54.002,3420,0.6703
13778,20:14:54.003,3375,0.6484
13779,20:14:54.003,3253,0.5888
13780,20:14:54.004,3277,0.6005
13781,20:14:54.004,3465,0.6923
13782,20:14:54.005,3370,0.6459
13783,20:14:54.005,2926,0.4291
13784,20:14:54.006,3422,0.6713
13785,20:14:54.006,3307,0.6151
13786,20:14:54.007,3586,0.7514
13787,20:14:54.007,3746,0.8295
13788,20:14:54.008,3615,0.7656
13789,20:14:54.008,3505,0.7118
13790,20:14:54.009,3830,0.8706
13791,20:14:54.009,3546,0.7319
13792,20:14:54.010,3765,0.8388
13793,20:14:54.010,3685,0.7998
13794,20:14:54.011,3700,0.8071
13795,20:14:54.011,3413,0.6669
13796,20:14:54.012,3460,0.6899
13797,20:14:54.012,3391,0.6562
13798,20:14:54.013,3131,0.5292
13799,20:14:54.013,3534,0.7260
13800,20:14:54.014,3376,0.6488
13801,20:14:54.014,3363,0.6425
13802,20:14:54.015,3095,0.5116
13803,20:14:54.015,3413,0.6669
13804,20:14:54.016,3483,0.7011
13805,20:14:54.016,3447,0.6835
13806,20:14:54.017,3264,0.5941
13807,20:14:54.017,3527,0.7226
13808,20:14:54.018,3472,0.6957
13809,20:14:54.018,3825,0.8681
13810,20:14:54.019,3885,0.8974
13811,20:14:54.019,3318,0.6205
13812,20:14:54.020,3747,0.8300
13813,20:14:54.020,3605,0.7607
13814,20:14:54.021,3644,0.7797
13815,20:14:54.021,3502,0.7104
13816,20:14:54.022,3522,0.7201
13817,20:14:54.022,3168,0.5473
13818,20:14:54.023,3282,0.6029
13819,20:14:54.023,3660,0.7875
13820,20:14:54.024,3147,0.5370
13821,20:14:54.024,3357,0.6396
13822,20:14:54.025,3322,0.6225
13823,20:14:54.025,3270,0.5971
13824,20:14:54.026,3227,0.5761
13825,20:14:54.026,3103,0.5155
13826,20:14:54.027,3253,0.5888
13827,20:14:54.027,3695,0.8046
13828,20:14:54.028,3845,0.8779
13829,20:14:54.028,3606,0.7612
13830,20:14:54.029,3017,0.4735
13831,20:14:54.029,3733,0.8232
13832,20:14:54.030,3767,0.8398
13833,20:14:54.030,3570,0.7436
13834,20:14:54.031,3676,0.7954
13835,20:14:54.031,3752,0.8325
13836,20:14:54.032,3420,0.6703
13837,20:14:54.032,3314,0.6186
13838,20:14:54.033,3442,0.6811
13839,20:14:54.033,3426,0.6733
13840,20:14:54.034,3492,0.7055
13841,20:14:54.034,3265,0.5946
13842,20:14:54.035,3365,0.6435
13843,20:14:54.035,3321,0.6220
13844,20:14:54.036,3282,0.6029
13845,20:14:54.036,3565,0.7411
13846,20:14:54.037,3541,0.7294
13847,20:14:54.037,3625,0.7705
13848,20:14:54.038,3730,0.8217
13849,20:14:54.038,3682,0.7983
13850,20:14:54.039,3784,0.8481
13851,20:14:54.039,3752,0.8325
13852,20:14:54.040,3601,0.7587
13853,20:14:54.040,3670,0.7924
13854,20:14:54.041,3639,0.7773
13855,20:14:54.041,3318,0.6205
13856,20:14:54.042,3259,0.5917
13857,20:14:54.042,2888,0.4105
13858,20:14:54.043,3330,0.6264
13859,20:14:54.043,3177,0.5516
13860,20:14:54.044,3414,0.6674
13861,20:14:54.044,3590,0.7534
13862,20:14:54.045,3286,0.6049
13863,20:14:54.045,3282,0.6029
13864,20:14:54.046,3288,0.6059
13865,20:14:54.046,3436,0.6781
13866,20:14:54.047,3744,0.8286
13867,20:14:54.047,3675,0.7949
13868,20:14:54.048,3617,0.7665
13869,20:14:54.048,3639,0.7773
13870,20:14:54.049,3471,0.6952
13871,20:14:54.049,3554,0.7358
13872,20:14:54.050,3575,0.7460
13873,20:14:54.050,3647,0.7812
13874,20:14:54.051,3618,0.7670
13875,20:14:54.051,3246,0.5853
13876,20:14:54.052,3614,0.7651
13877,20:14:54.052,3309,0.6161
13878,20:14:54.053,3206,0.5658
13879,20:14:54.053,3142,0.5346
13880,20:14:54.054,3343,0.6327
13881,20:14:54.054,3178,0.5521
13882,20:14:54.055,3256,0.5902
13883,20:14:54.055,3363,0.6425
13884,20:14:54.056,3555,0.7363
13885,20:14:54.056,3807,0.8593
13886,20:14:54.057,3688,0.8012
13887,20:14:54.057,3492,0.7055
13888,20:14:54.058,3529,0.7236
13889,20:14:54.058,3993,0.9502
13890,20:14:54.059,3629,0.7724
13891,20:14:54.059,2896,0.4144
13892,20:14:54.060,2887,0.4100
13893,20:14:54.060,3216,0.5707
13894,20:14:54.061,3258,0.5912
13895,20:14:54.061,2947,0.4393
13896,20:14:54.062,3237,0.5810
13897,20:14:54.062,3204,0.5648
13898,20:14:54.063,3191,0.5585
13899,20:14:54.063,3288,0.6059
13900,20:14:54.064,3312,0.6176
13901,20:14:54.064,3359,0.6405
13902,20:14:54.065,3284,0.6039
13903,20:14:54.065,3599,0.7578
13904,20:14:54.066,3212,0.5687
13905,20:14:54.066,3178,0.5521
13906,20:14:54.067,3536,0.7270
13907,20:14:54.067,3661,0.7880
13908,20:14:54.068,3607,0.7617
13909,20:14:54.068,3412,0.6664
13910,20:14:54.069,3460,0.6899
13911,20:14:54.069,3618,0.7670
13912,20:14:54.070,3589,0.7529
13913,20:14:54.070,3581,0.7490
13914,20:14:54.071,3778,0.8452
13915,20:14:54.071,3507,0.7128
13916,20:14:54.072,3402,0.6615
13917,20:14:54.072,3106,0.5170
13918,20:14:54.073,3656,0.7856
13919,20:14:54.073,3425,0.6728
13920,20:14:54.074,3172,0.5492
13921,20:14:54.074,3141,0.5341
13922,20:14:54.075,3308,0.6156
13923,20:14:54.075,3347,0.6347
13924,20:14:54.076,3107,0.5175
13925,20:14:54.076,3444,0.6821
13926,20:14:54.077,3627,0.7714
13927,20:14:54.077,3560,0.7387
13928,20:14:54.078,3430,0.6752
13929,20:14:54.078,3721,0.8173
13930,20:14:54.079,3866,0.8882
13931,20:14:54.079,3585,0.7509
13932,20:14:54.080,3162,0.5443
13933,20:14:54.080,2877,0.4051
13934,20:14:54.081,3489,0.7040
13935,20:14:54.081,3409,0.6650
13936,20:14:54.082,3132,0.5297
13937,20:14:54.082,3310,0.6166
13938,20:14:54.083,3206,0.5658
13939,20:14:54.083,3170,0.5482
13940,20:14:54.084,3271,0.5976
13941,20:14:54.084,3324,0.6234
13942,20:14:54.085,3396,0.6586
13943,20:14:54.085,3457,0.6884
13944,20:14:54.086,3269,0.5966
13945,20:14:54.086,3432,0.6762
13946,20:14:54.087,3603,0.7597
13947,20:14:54.087,3651,0.7832
13948,20:14:54.088,3632,0.7739
13949,20:14:54.088,3151,0.5389
13950,20:14:54.089,3774,0.8432
13951,20:14:54.089,3656,0.7856
13952,20:14:54.090,3610,0.7631
13953,20:14:54.090,3748,0.8305
13954,20:14:54.091,3698,0.8061
13955,20:14:54.091,3278,0.6010
13956,20:14:54.092,3396,0.6586
13957,20:14:54.092,3368,0.6449
13958,20:14:54.093,3078,0.5033
13959,20:14:54.093,3161,0.5438
13960,20:14:54.094,3151,0.5389
13961,20:14:54.094,3213,0.5692
13962,20:14:54.095,3238,0.5814
13963,20:14:54.095,3289,0.6063
13964,20:14:54.096,3227,0.5761
13965,20:14:54.096,3308,0.6156
13966,20:14:54.097,3346,0.6342
13967,20:14:54.097,3503,0.7109
13968,20:14:54.098,3599,0.7578
13969,20:14:54.098,3400,0.6606
13970,20:14:54.099,3781,0.8466
13971,20:14:54.099,3431,0.6757
13972,20:14:54.100,3638,0.7768
13973,20:14:54.100,3756,0.8344
13974,20:14:54.101,3651,0.7832
13975,20:14:54.101,3314,0.6186
13976,20:14:54.102,3398,0.6596
13977,20:14:54.102,3231,0.5780
13978,20:14:54.103,3152,0.5394
13979,20:14:54.103,3557,0.7372
13980,20:14:54.104,3477,0.6982
13981,20:14:54.104,3322,0.6225
13982,20:14:54.105,3315,0.6190
13983,20:14:54.105,3380,0.6508
13984,20:14:54.106,3190,0.5580
13985,20:14:54.106,3316,0.6195
13986,20:14:54.107,3174,0.5502
13987,20:14:54.107,3629,0.7724
13988,20:14:54.108,3807,0.8593
13989,20:14:54.108,3753,0.8330
13990,20:14:54.109,3749,0.8310
13991,20:14:54.109,3598,0.7573
13992,20:14:54.110,3703,0.8085
13993,20:14:54.110,3570,0.7436
13994,20:14:54.111,3477,0.6982
13995,20:14:54.111,3518,0.7182
13996,20:14:54.112,3449,0.6845
13997,20:14:54.112,3165,0.5458
13998,20:14:54.113,3130,0.5287
13999,20:14:54.113,3132,0.5297
14000,20:14:54.114,3488,0.7035
14001,20:14:54.114,3305,0.6142
14002,20:14:54.115,2972,0.4515
14003,20:14:54.115,3284,0.6039
14004,20:14:54.116,3409,0.6650
14005,20:14:54.116,3376,0.6488
14006,20:14:54.117,3323,0.6230
14007,20:14:54.117,3720,0.8168
14008,20:14:54.118,3332,0.6274
14009,20:14:54.118,3800,0.8559
14010,20:14:54.119,3900,0.9048
14011,20:14:54.119,3586,0.7514
14012,20:14:54.120,3496,0.7074
14013,20:14:54.120,3648,0.7817
14014,20:14:54.121,3611,0.7636
14015,20:14:54.121,3359,0.6405
14016,20:14:54.122,3045,0.4872
14017,20:14:54.122,3176,0.5512
14018,20:14:54.123,3427,0.6737
14019,20:14:54.123,3356,0.6391
14020,20:14:54.124,3294,0.6088
14021,20:14:54.124,3434,0.6772
14022,20:14:54.125,3415,0.6679
14023,20:14:54.125,3264,0.5941
14024,20:14:54.126,3405,0.6630
14025,20:14:54.126,3642,0.7788
14026,20:14:54.127,3604,0.7602
14027,20:14:54.127,3754,0.8335
14028,20:14:54.128,3635,0.7753
14029,20:14:54.128,3563,0.7402
14030,20:14:54.129,3752,0.8325
14031,20:14:54.129,3383,0.6523
14032,20:14:54.130,3580,0.7485
14033,20:14:54.130,3670,0.7924
14034,20:14:54.131,3640,0.7778
14035,20:14:54.131,3261,0.5927
14036,20:14:54.132,3397,0.6591
14037,20:14:54.132,3486,0.7026
14038,20:14:54.133,3011,0.4706
14039,20:14:54.133,3382,0.6518
14040,20:14:54.134,3424,0.6723
14041,20:14:54.134,3505,0.7118
14042,20:14:54.135,3428,0.6742
14043,20:14:54.135,3258,0.5912
14044,20:14:54.136,3579,0.7480
14045,20:14:54.136,3758,0.8354
14046,20:14:54.137,3665,0.7900
14047,20:14:54.137,3655,0.7851
14048,20:14:54.138,3058,0.4935
14049,20:14:54.138,3781,0.8466
14050,20:14:54.139,3729,0.8212
14051,20:14:54.139,3537,0.7275
14052,20:14:54.140,2914,0.4232
14053,20:14:54.140,3312,0.6176
14054,20:14:54.141,3437,0.6786
14055,20:14:54.141,3128,0.5277
14056,20:14:54.142,3423,0.6718
14057,20:14:54.142,3251,0.5878
14058,20:14:54.143,3268,0.5961
14059,20:14:54.143,2633,0.2860
14060,20:14:54.144,3223,0.5741
14061,20:14:54.144,3371,0.6464
14062,20:14:54.145,3361,0.6415
14063,20:14:54.145,3282,0.6029
14064,20:14:54.146,3744,0.8286
14065,20:14:54.146,3477,0.6982
14066,20:14:54.147,3466,0.6928
14067,20:14:54.147,3585,0.7509
14068,20:14:54.148,3234,0.5795
14069,20:14:54.148,3757,0.8349
14070,20:14:54.149,3161,0.5438
14071,20:14:54.149,3681,0.7978
14072,20:14:54.150,3636,0.7758
14073,20:14:54.150,3621,0.7685
14074,20:14:54.151,3497,0.7079
14075,20:14:54.151,3460,0.6899
14076,20:14:54.152,3120,0.5238
14077,20:14:54.152,3300,0.6117
14078,20:14:54.153,3651,0.7832
14079,20:14:54.153,3378,0.6498
14080,20:14:54.154,3300,0.6117
14081,20:14:54.154,3119,0.5233
14082,20:14:54.155,2654,0.2962
14083,20:14:54.155,3036,0.4828
14084,20:14:54.156,3990,0.9487
14085,20:14:54.156,3422,0.6713
14086,20:14:54.157,3468,0.6938
14087,20:14:54.157,3558,0.7377
14088,20:14:54.158,3216,0.5707
14089,20:14:54.158,3657,0.7861
14090,20:14:54.159,3412,0.6664
14091,20:14:54.159,3703,0.8085
14092,20:14:54.160,3076,0.5023
14093,20:14:54.160,2866,0.3998
14094,20:14:54.161,2733,0.3348
14095,20:14:54.161,3246,0.5853
14096,20:14:54.162,2955,0.4432
14097,20:14:54.162,3186,0.5560
14098,20:14:54.163,3403,0.6620
14099,20:14:54.163,3459,0.6894
14100,20:14:54.164,3283,0.6034
14101,20:14:54.164,3131,0.5292
14102,20:14:54.165,3427,0.6737
14103,20:14:54.165,3171,0.5487
14104,20:14:54.166,3035,0.4823
14105,20:14:54.166,3041,0.4852
14106,20:14:54.167,3592,0.7543
14107,20:14:54.167,3728,0.8208
14108,20:14:54.168,3618,0.7670
14109,20:14:54.168,3290,0.6068
14110,20:14:54.169,3694,0.8042
14111,20:14:54.169,3637,0.7763
14112,20:14:54.170,3544,0.7309
14113,20:14:54.170,3680,0.7973
14114,20:14:54.171,3702,0.8081
14115,20:14:54.171,3564,0.7407
14116,20:14:54.172,3154,0.5404
14117,20:14:54.172,3424,0.6723
14118,20:14:54.173,3493,0.7060
14119,20:14:54.173,3418,0.6694
14120,20:14:54.174,3183,0.5546
14121,20:14:54.174,3512,0.7153
14122,20:14:54.175,3273,0.5985
14123,20:14:54.175,2962,0.4466
14124,20:14:54.176,3235,0.5800
14125,20:14:54.176,3366,0.6440
14126,20:14:54.177,3417,0.6689
14127,20:14:54.177,3438,0.6791
14128,20:14:54.178,3335,0.6288
14129,20:14:54.178,3774,0.8432
14130,20:14:54.179,3739,0.8261
14131,20:14:54.179,2882,0.4076
14132,20:14:54.180,3360,0.6410
14133,20:14:54.180,3757,0.8349
14134,20:14:54.181,3599,0.7578
14135,20:14:54.181,3661,0.7880
14136,20:14:54.182,2937,0.4344
14137,20:14:54.182,3191,0.5585
14138,20:14:54.183,3296,0.6098
14139,20:14:54.183,3226,0.5756
14140,20:14:54.184,3798,0.8549
14141,20:14:54.184,3289,0.6063
14142,20:14:54.185,3054,0.4916
14143,20:14:54.185,3274,0.5990
14144,20:14:54.186,3378,0.6498
14145,20:14:54.186,3140,0.5336
14146,20:14:54.187,3334,0.6283
14147,20:14:54.187,3541,0.7294
14148,20:14:54.188,3725,0.8193
14149,20:14:54.188,3851,0.8808
14150,20:14:54.189,3507,0.7128
14151,20:14:54.189,3508,0.7133
14152,20:14:54.190,3629,0.7724
14153,20:14:54.190,3620,0.7680
14154,20:14:54.191,3600,0.7582
14155,20:14:54.191,3500,0.7094
14156,20:14:54.192,3244,0.5844
14157,20:14:54.192,3043,0.4862
14158,20:14:54.193,3304,0.6137
14159,20:14:54.193,3648,0.7817
14160,20:14:54.194,3237,0.5810
14161,20:14:54.194,3256,0.5902
14162,20:14:54.195,3401,0.6611
14163,20:14:54.195,3409,0.6650
14164,20:14:54.196,3488,0.7035
14165,20:14:54.196,3356,0.6391
14166,20:14:54.197,2879,0.4061
14167,20:14:54.197,3498,0.7084
14168,20:14:54.198,3763,0.8379
14169,20:14:54.198,3611,0.7636
14170,20:14:54.199,3785,0.8486
14171,20:14:54.199,3527,0.7226
14172,20:14:54.200,3603,0.7597
14173,20:14:54.200,3307,0.6151
14174,20:14:54.201,3283,0.6034
14175,20:14:54.201,3243,0.5839
14176,20:14:54.202,3203,0.5643
14177,20:14:54.202,3181,0.5536
14178,20:14:54.203,3228,0.5766
14179,20:14:54.203,3281,0.6024
14180,20:14:54.204,3349,0.6357
14181,20:14:54.204,3270,0.5971
14182,20:14:54.205,3126,0.5267
14183,20:14:54.205,3430,0.6752
14184,20:14:54.206,2746,0.3411
14185,20:14:54.206,3552,0.7348
14186,20:14:54.207,3421,0.6708
14187,20:14:54.207,3739,0.8261
14188,20:14:54.208,3670,0.7924
14189,20:14:54.208,3442,0.6811
14190,20:14:54.209,3558,0.7377
14191,20:14:54.209,3681,0.7978
14192,20:14:54.210,3522,0.7201
14193,20:14:54.210,3465,0.6923
14194,20:14:54.211,3625,0.7705
14195,20:14:54.211,3400,0.6606
14196,20:14:54.212,3227,0.5761
14197,20:14:54.212,3348,0.6352
14198,20:14:54.213,3212,0.5687
14199,20:14:54.213,3102,0.5150
14200,20:14:54.214,3465,0.6923
14201,20:14:54.214,3500,0.7094
14202,20:14:54.215,3274,0.5990
14203,20:14:54.215,3366,0.6440
14204,20:14:54.216,3251,0.5878
14205,20:14:54.216,3532,0.7250
14206,20:14:54.217,3474,0.6967
14207,20:14:54.217,3607,0.7617
14208,20:14:54.218,3790,0.8510
14209,20:14:54.218,3042,0.4857
14210,20:14:54.219,3799,0.8554
14211,20:14:54.219,3422,0.6713
14212,20:14:54.220,3242,0.5834
14213,20:14:54.220,3474,0.6967
14214,20:14:54.221,3304,0.6137
14215,20:14:54.221,3035,0.4823
14216,20:14:54.222,3416,0.6684
14217,20:14:54.222,3269,0.5966
14218,20:14:54.223,3374,0.6479
14219,20:14:54.223,3111,0.5194
14220,20:14:54.224,3300,0.6117
14221,20:14:54.224,3308,0.6156
14222,20:14:54.225,3084,0.5062
14223,20:14:54.225,3030,0.4799
14224,20:14:54.226,3847,0.8789
14225,20:14:54.226,3821,0.8662
14226,20:14:54.227,3707,0.8105
14227,20:14:54.227,3618,0.7670
14228,20:14:54.228,3350,0.6361
14229,20:14:54.228,3793,0.8525
14230,20:14:54.229,3501,0.7099
14231,20:14:54.229,3486,0.7026
14232,20:14:54.230,3688,0.8012
14233,20:14:54.230,3688,0.8012
14234,20:14:54.231,3560,0.7387
14235,20:14:54.231,3322,0.6225
14236,20:14:54.232,3194,0.5600
14237,20:14:54.232,3100,0.5140
14238,20:14:54.233,3369,0.6454
14239,20:14:54.233,3588,0.7524
14240,20:14:54.234,3429,0.6747
14241,20:14:54.234,3375,0.6484
14242,20:14:54.235,3314,0.6186
14243,20:14:54.235,3410,0.6654
14244,20:14:54.236,3202,0.5639
14245,20:14:54.236,3576,0.7465
14246,20:14:54.237,3624,0.7700
14247,20:14:54.237,3560,0.7387
14248,20:14:54.238,3744,0.8286
14249,20:14:54.238,3678,0.7963
14250,20:14:54.239,3411,0.6659
14251,20:14:54.239,3172,0.5492
14252,20:14:54.240,3078,0.5033
14253,20:14:54.240,3000,0.4652
14254,20:14:54.241,3242,0.5834
14255,20:14:54.241,3412,0.6664
14256,20:14:54.242,3423,0.6718
14257,20:14:54.242,3177,0.5516
14258,20:14:54.243,3011,0.4706
14259,20:14:54.243,3424,0.6723
14260,20:14:54.244,3189,0.5575
14261,20:14:54.244,3441,0.6806
14262,20:14:54.245,3196,0.5609
14263,20:14:54.245,3243,0.5839
14264,20:14:54.246,3170,0.5482
14265,20:14:54.246,3225,0.5751
14266,20:14:54.247,3404,0.6625
14267,20:14:54.247,3797,0.8545
14268,20:14:54.248,3733,0.8232
14269,20:14:54.248,3176,0.5512
14270,20:14:54.249,3474,0.6967
14271,20:14:54.249,3724,0.8188
14272,20:14:54.250,3641,0.7783
14273,20:14:54.250,3543,0.7304
14274,20:14:54.251,3586,0.7514
14275,20:14:54.251,3652,0.7836
14276,20:14:54.252,3293,0.6083
14277,20:14:54.252,3361,0.6415
14278,20:14:54.253,3389,0.6552
14279,20:14:54.253,3172,0.5492
14280,20:14:54.254,3302,0.6127
14281,20:14:54.254,3281,0.6024
14282,20:14:54.255,3114,0.5209
14283,20:14:54.255,3256,0.5902
14284,20:14:54.256,3184,0.5551
14285,20:14:54.256,3216,0.5707
14286,20:14:54.257,3523,0.7206
14287,20:14:54.257,3607,0.7617
14288,20:14:54.258,3541,0.7294
14289,20:14:54.258,3768,0.8403
14290,20:14:54.259,3751,0.8320
14291,20:14:54.259,2956,0.4437
14292,20:14:54.260,3100,0.5140
14293,20:14:54.260,3571,0.7441
14294,20:14:54.261,3529,0.7236
14295,20:14:54.261,3589,0.7529
14296,20:14:54.262,3372,0.6469
14297,20:14:54.262,3362,0.6420
14298,20:14:54.263,3324,0.6234
14299,20:14:54.263,3311,0.6171
14300,20:14:54.264,3293,0.6083
14301,20:14:54.264,3332,0.6274
14302,20:14:54.265,3146,0.5365
14303,20:14:54.265,3248,0.5863
14304,20:14:54.266,3397,0.6591
14305,20:14:54.266,3061,0.4950
14306,20:14:54.267,3557,0.7372
14307,20:14:54.267,3548,0.7328
14308,20:14:54.268,3745,0.8291
14309,20:14:54.268,3587,0.7519
14310,20:14:54.269,3539,0.7284
14311,20:14:54.269,3492,0.7055
14312,20:14:54.270,3654,0.7846
14313,20:14:54.270,3701,0.8076
14314,20:14:54.271,3612,0.7641
14315,20:14:54.271,3294,0.6088
14316,20:14:54.272,3564,0.7407
14317,20:14:54.272,3026,0.4779
14318,20:14:54.273,3225,0.5751
14319,20:14:54.273,3545,0.7314
14320,20:14:54.274,3419,0.6698
14321,20:14:54.274,3365,0.6435
14322,20:14:54.275,3146,0.5365
14323,20:14:54.275,3355,0.6386
14324,20:14:54.276,3116,0.5219
14325,20:14:54.276,3143,0.5350
14326,20:14:54.277,3158,0.5424
14327,20:14:54.277,3514,0.7162
14328,20:14:54.278,3451,0.6855
14329,20:14:54.278,3756,0.8344
14330,20:14:54.279,3820,0.8657
14331,20:14:54.279,3251,0.5878
14332,20:14:54.280,3159,0.5429
14333,20:14:54.280,3025,0.4774
14334,20:14:54.281,2967,0.4491
14335,20:14:54.281,3256,0.5902
14336,20:14:54.282,3096,0.5121
14337,20:14:54.282,3255,0.5897
14338,20:14:54.283,2880,0.4066
14339,20:14:54.283,3062,0.4955
14340,20:14:54.284,3321,0.6220
14341,20:14:54.284,3176,0.5512
14342,20:14:54.285,3203,0.5643
14343,20:14:54.285,3300,0.6117
14344,20:14:54.286,3269,0.5966
14345,20:14:54.286,3470,0.6947
14346,20:14:54.287,3280,0.6020
14347,20:14:54.287,3624,0.7700
14348,20:14:54.288,3734,0.8237
14349,20:14:54.288,3388,0.6547
14350,20:14:54.289,3746,0.8295
14351,20:14:54.289,3415,0.6679
14352,20:14:54.290,3564,0.7407
14353,20:14:54.290,3517,0.7177
14354,20:14:54.291,3517,0.7177
14355,20:14:54.291,3393,0.6571
14356,20:14:54.292,2984,0.4574
14357,20:14:54.292,3138,0.5326
14358,20:14:54.293,3506,0.7123
14359,20:14:54.293,3280,0.6020
14360,20:14:54.294,3190,0.5580
14361,20:14:54.294,3055,0.4921
14362,20:14:54.295,3329,0.6259
14363,20:14:54.295,3192,0.5590
14364,20:14:54.296,3477,0.6982
14365,20:14:54.296,3600,0.7582
14366,20:14:54.297,3293,0.6083
14367,20:14:54.297,3640,0.7778
14368,20:14:54.298,3234,0.5795
14369,20:14:54.298,2789,0.3621
14370,20:14:54.299,3790,0.8510
14371,20:14:54.299,3789,0.8505
14372,20:14:54.300,3633,0.7744
14373,20:14:54.300,3432,0.6762
14374,20:14:54.301,3411,0.6659
14375,20:14:54.301,3385,0.6532
14376,20:14:54.302,3149,0.5380
14377,20:14:54.302,3534,0.7260
14378,20:14:54.303,3511,0.7148
14379,20:14:54.303,3314,0.6186
14380,20:14:54.304,3380,0.6508
14381,20:14:54.304,3078,0.5033
14382,20:14:54.305,3130,0.5287
14383,20:14:54.305,3181,0.5536
14384,20:14:54.306,3428,0.6742
14385,20:14:54.306,3243,0.5839
14386,20:14:54.307,3756,0.8344
14387,20:14:54.307,3671,0.7929
14388,20:14:54.308,3425,0.6728
14389,20:14:54.308,3569,0.7431
14390,20:14:54.309,3780,0.8462
14391,20:14:54.309,3528,0.7231
14392,20:14:54.310,3553,0.7353
14393,20:14:54.310,3692,0.8032
14394,20:14:54.311,3389,0.6552
14395,20:14:54.311,3479,0.6991
14396,20:14:54.312,3571,0.7441
14397,20:14:54.312,3527,0.7226
14398,20:14:54.313,3367,0.6444
14399,20:14:54.313,3363,0.6425
14400,20:14:54.314,3335,0.6288
14401,20:14:54.314,3232,0.5785
14402,20:14:54.315,3152,0.5394
14403,20:14:54.315,2437,0.1902
14404,20:14:54.316,3362,0.6420
14405,20:14:54.316,3539,0.7284
14406,20:14:54.317,3606,0.7612
14407,20:14:54.317,3640,0.7778
14408,20:14:54.318,2740,0.3382
14409,20:14:54.318,3782,0.8471
14410,20:14:54.319,3730,0.8217
14411,20:14:54.319,3332,0.6274
14412,20:14:54.320,3771,0.8418
14413,20:14:54.320,2951,0.4413
14414,20:14:54.321,3275,0.5995
14415,20:14:54.321,3221,0.5731
14416,20:14:54.322,3098,0.5131
14417,20:14:54.322,3224,0.5746
14418,20:14:54.323,3124,0.5258
14419,20:14:54.323,3268,0.5961
14420,20:14:54.324,3322,0.6225
14421,20:14:54.324,3287,0.6054
14422,20:14:54.325,3382,0.6518
14423,20:14:54.325,3406,0.6635
14424,20:14:54.326,3166,0.5463
14425,20:14:54.326,3295,0.6093
14426,20:14:54.327,3299,0.6112
14427,20:14:54.327,3745,0.8291
14428,20:14:54.328,3825,0.8681
14429,20:14:54.328,3525,0.7216
14430,20:14:54.329,3323,0.6230
14431,20:14:54.329,3729,0.8212
14432,20:14:54.330,3689,0.8017
14433,20:14:54.330,3546,0.7319
14434,20:14:54.331,3726,0.8198
14435,20:14:54.331,3861,0.8857
14436,20:14:54.332,3339,0.6308
14437,20:14:54.332,3230,0.5775
14438,20:14:54.333,3682,0.7983
14439,20:14:54.333,3150,0.5385
14440,20:14:54.334,3377,0.6493
14441,20:14:54.334,3147,0.5370
14442,20:14:54.335,3205,0.5653
14443,20:14:54.335,3286,0.6049
14444,20:14:54.336,3176,0.5512
14445,20:14:54.336,3130,0.5287
14446,20:14:54.337,3331,0.6269
14447,20:14:54.337,3910,0.9096
14448,20:14:54.338,3520,0.7192
14449,20:14:54.338,3795,0.8535
14450,20:14:54.339,3836,0.8735
14451,20:14:54.339,3407,0.6640
14452,20:14:54.340,3145,0.5360
14453,20:14:54.340,3553,0.7353
14454,20:14:54.341,3747,0.8300
14455,20:14:54.341,3703,0.8085
14456,20:14:54.342,3436,0.6781
14457,20:14:54.342,3137,0.5321
14458,20:14:54.343,3304,0.6137
14459,20:14:54.343,3211,0.5683
14460,20:14:54.344,3336,0.6293
14461,20:14:54.344,3477,0.6982
14462,20:14:54.345,3207,0.5663
14463,20:14:54.345,3124,0.5258
14464,20:14:54.346,3297,0.6103
14465,20:14:54.346,3314,0.6186
14466,20:14:54.347,3553,0.7353
14467,20:14:54.347,3625,0.7705
14468,20:14:54.348,3481,0.7001
14469,20:14:54.348,3302,0.6127
14470,20:14:54.349,3247,0.5858
14471,20:14:54.349,3624,0.7700
14472,20:14:54.350,3662,0.7885
14473,20:14:54.350,3607,0.7617
14474,20:14:54.351,3189,0.5575
14475,20:14:54.351,3404,0.6625
14476,20:14:54.352,3459,0.6894
14477,20:14:54.352,3408,0.6645
14478,20:14:54.353,2999,0.4647
14479,20:14:54.353,3246,0.5853
14480,20:14:54.354,3626,0.7709
14481,20:14:54.354,3431,0.6757
14482,20:14:54.355,3127,0.5272
14483,20:14:54.355,3532,0.7250
14484,20:14:54.356,3334,0.6283
14485,20:14:54.356,3352,0.6371
14486,20:14:54.357,3094,0.5111
14487,20:14:54.357,3519,0.7187
14488,20:14:54.358,3323,0.6230
14489,20:14:54.358,3826,0.8686
14490,20:14:54.359,3799,0.8554
14491,20:14:54.359,3432,0.6762
14492,20:14:54.360,3068,0.4984
14493,20:14:54.360,3357,0.6396
14494,20:14:54.361,3297,0.6103
14495,20:14:54.361,3242,0.5834
14496,20:14:54.362,3314,0.6186
14497,20:14:54.362,3144,0.5355
14498,20:14:54.363,3313,0.6181
14499,20:14:54.363,3134,0.5306
14500,20:14:54.364,3329,0.6259
14501,20:14:54.364,3240,0.5824
14502,20:14:54.365,3287,0.6054
14503,20:14:54.365,3398,0.6596
14504,20:14:54.366,3008,0.4691
14505,20:14:54.366,3345,0.6337
14506,20:14:54.367,3149,0.5380
14507,20:14:54.367,3641,0.7783
14508,20:14:54.368,3769,0.8408
14509,20:14:54.368,3534,0.7260
14510,20:14:54.369,3562,0.7397
14511,20:14:54.369,3613,0.7646
14512,20:14:54.370,3786,0.8491
14513,20:14:54.370,3514,0.7162
14514,20:14:54.371,3619,0.7675
14515,20:14:54.371,3295,0.6093
14516,20:14:54.372,3174,0.5502
14517,20:14:54.372,3415,0.6679
14518,20:14:54.373,3110,0.5189
14519,20:14:54.373,3224,0.5746
14520,20:14:54.374,3180,0.5531
14521,20:14:54.374,3157,0.5419
14522,20:14:54.375,3423,0.6718
14523,20:14:54.375,3284,0.6039
14524,20:14:54.376,3359,0.6405
14525,20:14:54.376,3462,0.6908
14526,20:14:54.377,3424,0.6723
14527,20:14:54.377,3642,0.7788
14528,20:14:54.378,3510,0.7143
14529,20:14:54.378,3338,0.6303
14530,20:14:54.379,3817,0.8642
14531,20:14:54.379,4054,0.9800
14532,20:14:54.380,3631,0.7734
14533,20:14:54.380,3380,0.6508
14534,20:14:54.381,3353,0.6376
14535,20:14:54.381,3412,0.6664
14536,20:14:54.382,3027,0.4784
14537,20:14:54.382,3148,0.5375
14538,20:14:54.383,3102,0.5150
14539,20:14:54.383,3285,0.6044
14540,20:14:54.384,3176,0.5512
14541,20:14:54.384,3108,0.5179
14542,20:14:54.385,3057,0.4930
14543,20:14:54.385,3194,0.5600
14544,20:14:54.386,3667,0.7910
14545,20:14:54.386,3490,0.7045
14546,20:14:54.387,3620,0.7680
14547,20:14:54.387,3640,0.7778
14548,20:14:54.388,3372,0.6469
14549,20:14:54.388,2926,0.4291
14550,20:14:54.389,3762,0.8374
14551,20:14:54.389,3427,0.6737
14552,20:14:54.390,3471,0.6952
14553,20:14:54.390,3526,0.7221
14554,20:14:54.391,4004,0.9556
14555,20:14:54.391,3447,0.6835
14556,20:14:54.392,3514,0.7162
14557,20:14:54.392,3446,0.6830
14558,20:14:54.393,3206,0.5658
14559,20:14:54.393,3433,0.6767
14560,20:14:54.394,3129,0.5282
14561,20:14:54.394,3354,0.6381
14562,20:14:54.395,3181,0.5536
14563,20:14:54.395,3176,0.5512
14564,20:14:54.396,3734,0.8237
14565,20:14:54.396,3678,0.7963
14566,20:14:54.397,3376,0.6488
14567,20:14:54.397,3617,0.7665
14568,20:14:54.398,3504,0.7114
14569,20:14:54.398,3086,0.5072
14570,20:14:54.399,3567,0.7421
14571,20:14:54.399,3248,0.5863
14572,20:14:54.400,3363,0.6425
14573,20:14:54.400,3576,0.7465
14574,20:14:54.401,3404,0.6625
14575,20:14:54.401,3285,0.6044
14576,20:14:54.402,3236,0.5805
14577,20:14:54.402,3219,0.5722
14578,20:14:54.403,3163,0.5448
14579,20:14:54.403,3559,0.7382
14580,20:14:54.404,3266,0.5951
14581,20:14:54.404,3154,0.5404
14582,20:14:54.405,3238,0.5814
14583,20:14:54.405,3534,0.7260
14584,20:14:54.406,3218,0.5717
14585,20:14:54.406,3074,0.5013
14586,20:14:54.407,3484,0.7016
14587,20:14:54.407,3543,0.7304
14588,20:14:54.408,3783,0.8476
14589,20:14:54.408,3547,0.7324
14590,20:14:54.409,3323,0.6230
14591,20:14:54.409,3613,0.7646
14592,20:14:54.410,3644,0.7797
14593,20:14:54.410,3652,0.7836
14594,20:14:54.411,3639,0.7773
14595,20:14:54.411,3249,0.5868
14596,20:14:54.412,3402,0.6615
14597,20:14:54.412,3164,0.5453
14598,20:14:54.413,3435,0.6777
14599,20:14:54.413,3274,0.5990
14600,20:14:54.414,3320,0.6215
14601,20:14:54.414,3254,0.5893
14602,20:14:54.415,3294,0.6088
14603,20:14:54.415,3396,0.6586
14604,20:14:54.416,3269,0.5966
14605,20:14:54.416,3320,0.6215
14606,20:14:54.417,3250,0.5873
14607,20:14:54.417,3622,0.7690
14608,20:14:54.418,3674,0.7944
14609,20:14:54.418,3790,0.8510
14610,20:14:54.419,3820,0.8657
14611,20:14:54.419,3739,0.8261
14612,20:14:54.420,3560,0.7387
14613,20:14:54.420,3190,0.5580
14614,20:14:54.421,3216,0.5707
14615,20:14:54.421,3317,0.6200
14616,20:14:54.422,3290,0.6068
14617,20:14:54.422,3191,0.5585
14618,20:14:54.423,3501,0.7099
14619,20:14:54.423,3412,0.6664
14620,20:14:54.424,3229,0.5770
14621,20:14:54.424,3170,0.5482
14622,20:14:54.425,3331,0.6269
14623,20:14:54.425,3217,0.5712
14624,20:14:54.426,3169,0.5477
14625,20:14:54.426,3077,0.5028
14626,20:14:54.427,3715,0.8144
14627,20:14:54.427,3818,0.8647
14628,20:14:54.428,3562,0.7397
14629,20:14:54.428,3292,0.6078
14630,20:14:54.429,3764,0.8383
14631,20:14:54.429,3602,0.7592
14632,20:14:54.430,3525,0.7216
14633,20:14:54.430,3656,0.7856
14634,20:14:54.431,3580,0.7485
14635,20:14:54.431,3400,0.6606
14636,20:14:54.432,3392,0.6567
14637,20:14:54.432,3430,0.6752
14638,20:14:54.433,3143,0.5350
14639,20:14:54.433,3206,0.5658
14640,20:14:54.434,3237,0.5810
14641,20:14:54.434,3412,0.6664
14642,20:14:54.435,3104,0.5160
14643,20:14:54.435,3440,0.6801
14644,20:14:54.436,3448,0.6840
14645,20:14:54.436,3302,0.6127
14646,20:14:54.437,3376,0.6488
14647,20:14:54.437,3572,0.7446
14648,20:14:54.438,3526,0.7221
14649,20:14:54.438,3759,0.8359
14650,20:14:54.439,3731,0.8222
14651,20:14:54.439,3567,0.7421
14652,20:14:54.440,3227,0.5761
14653,20:14:54.440,3061,0.4950
14654,20:14:54.441,3436,0.6781
14655,20:14:54.441,3350,0.6361
14656,20:14:54.442,3524,0.7211
14657,20:14:54.442,3267,0.5956
14658,20:14:54.443,3272,0.5980
14659,20:14:54.443,3366,0.6440
14660,20:14:54.444,3186,0.5560
14661,20:14:54.444,3191,0.5585
14662,20:14:54.445,3114,0.5209
14663,20:14:54.445,3409,0.6650
14664,20:14:54.446,3247,0.5858
14665,20:14:54.446,3382,0.6518
14666,20:14:54.447,3106,0.5170
14667,20:14:54.447,3523,0.7206
14668,20:14:54.448,3689,0.8017
14669,20:14:54.448,3672,0.7934
14670,20:14:54.449,3546,0.7319
14671,20:14:54.449,3585,0.7509
14672,20:14:54.450,3693,0.8037
14673,20:14:54.450,3509,0.7138
14674,20:14:54.451,3505,0.7118
14675,20:14:54.451,3377,0.6493
14676,20:14:54.452,2931,0.4315
14677,20:14:54.452,3276,0.6000
14678,20:14:54.453,3215,0.5702
14679,20:14:54.453,3529,0.7236
14680,20:14:54.454,3432,0.6762
14681,20:14:54.454,3289,0.6063
14682,20:14:54.455,3464,0.6918
14683,20:14:54.455,3290,0.6068
14684,20:14:54.456,3287,0.6054
14685,20:14:54.456,3436,0.6781
14686,20:14:54.457,3538,0.7280
14687,20:14:54.457,3548,0.7328
14688,20:14:54.458,3191,0.5585
14689,20:14:54.458,3601,0.7587
14690,20:14:54.459,3587,0.7519
14691,20:14:54.459,3448,0.6840
14692,20:14:54.460,3016,0.4730
14693,20:14:54.460,3405,0.6630
14694,20:14:54.461,3520,0.7192
14695,20:14:54.461,3166,0.5463
14696,20:14:54.462,3128,0.5277
14697,20:14:54.462,3166,0.5463
14698,20:14:54.463,3394,0.6576
14699,20:14:54.463,3283,0.6034
14700,20:14:54.464,3125,0.5263
14701,20:14:54.464,3294,0.6088
14702,20:14:54.465,3370,0.6459
14703,20:14:54.465,3193,0.5595
14704,20:14:54.466,3172,0.5492
14705,20:14:54.466,3301,0.6122
14706,20:14:54.467,3727,0.8203
14707,20:14:54.467,3753,0.8330
14708,20:14:54.468,3575,0.7460
14709,20:14:54.468,3599,0.7578
14710,20:14:54.469,3622,0.7690
14711,20:14:54.469,3602,0.7592
14712,20:14:54.470,3489,0.7040
14713,20:14:54.470,3657,0.7861
14714,20:14:54.471,3681,0.7978
14715,20:14:54.471,3185,0.5556
14716,20:14:54.472,3483,0.7011
14717,20:14:54.472,3660,0.7875
14718,20:14:54.473,3189,0.5575
14719,20:14:54.473,3377,0.6493
14720,20:14:54.474,3473,0.6962
14721,20:14:54.474,3556,0.7368
14722,20:14:54.475,3230,0.5775
14723,20:14:54.475,3282,0.6029
14724,20:14:54.476,3148,0.5375
14725,20:14:54.476,3766,0.8393
14726,20:14:54.477,3721,0.8173
14727,20:14:54.477,3731,0.8222
14728,20:14:54.478,2765,0.3504
14729,20:14:54.478,3495,0.7070
14730,20:14:54.479,3790,0.8510
14731,20:14:54.479,3678,0.7963
14732,20:14:54.480,3496,0.7074
14733,20:14:54.480,2873,0.4032
14734,20:14:54.481,3514,0.7162
14735,20:14:54.481,3139,0.5331
14736,20:14:54.482,3293,0.6083
14737,20:14:54.482,3416,0.6684
14738,20:14:54.483,3078,0.5033
14739,20:14:54.483,3100,0.5140
14740,20:14:54.484,3446,0.6830
14741,20:14:54.484,3284,0.6039
14742,20:14:54.485,3348,0.6352
14743,20:14:54.485,3126,0.5267
14744,20:14:54.486,3452,0.6860
14745,20:14:54.486,3330,0.6264
14746,20:14:54.487,3604,0.7602
14747,20:14:54.487,3440,0.6801
14748,20:14:54.488,3540,0.7289
14749,20:14:54.488,3670,0.7924
14750,20:14:54.489,3517,0.7177
14751,20:14:54.489,3513,0.7158
14752,20:14:54.490,3598,0.7573
14753,20:14:54.490,3571,0.7441
14754,20:14:54.491,3437,0.6786
14755,20:14:54.491,3131,0.5292
14756,20:14:54.492,3142,0.5346
14757,20:14:54.492,3253,0.5888
14758,20:14:54.493,3422,0.6713
14759,20:14:54.493,3475,0.6972
14760,20:14:54.494,3268,0.5961
14761,20:14:54.494,3207,0.5663
14762,20:14:54.495,3100,0.5140
14763,20:14:54.495,3333,0.6278
14764,20:14:54.496,3457,0.6884
14765,20:14:54.496,3381,0.6513
14766,20:14:54.497,3425,0.6728
14767,20:14:54.497,3392,0.6567
14768,20:14:54.498,3625,0.7705
14769,20:14:54.498,3568,0.7426
14770,20:14:54.499,3560,0.7387
14771,20:14:54.499,3349,0.6357
14772,20:14:54.500,3074,0.5013
14773,20:14:54.500,3353,0.6376
14774,20:14:54.501,3397,0.6591
14775,20:14:54.501,3524,0.7211
14776,20:14:54.502,3157,0.5419
14777,20:14:54.502,2650,0.2943
14778,20:14:54.503,3218,0.5717
14779,20:14:54.503,3160,0.5433
14780,20:14:54.504,3096,0.5121
14781,20:14:54.504,3400,0.6606
14782,20:14:54.505,3479,0.6991
14783,20:14:54.505,3586,0.7514
14784,20:14:54.506,3163,0.5448
14785,20:14:54.506,3401,0.6611
14786,20:14:54.507,3547,0.7324
14787,20:14:54.507,3730,0.8217
14788,20:14:54.508,3555,0.7363
14789,20:14:54.508,3268,0.5961
14790,20:14:54.509,2949,0.4403
14791,20:14:54.509,3560,0.7387
14792,20:14:54.510,3384,0.6527
14793,20:14:54.510,3504,0.7114
14794,20:14:54.511,3642,0.7788
14795,20:14:54.511,3490,0.7045
14796,20:14:54.512,3334,0.6283
14797,20:14:54.512,3486,0.7026
14798,20:14:54.513,3134,0.5306
14799,20:14:54.513,3154,0.5404
14800,20:14:54.514,2701,0.3192
14801,20:14:54.514,3373,0.6474
14802,20:14:54.515,3495,0.7070
14803,20:14:54.515,3089,0.5087
14804,20:14:54.516,2973,0.4520
14805,20:14:54.516,3450,0.6850
14806,20:14:54.517,3411,0.6659
14807,20:14:54.517,3406,0.6635
14808,20:14:54.518,3010,0.4701
14809,20:14:54.518,3674,0.7944
14810,20:14:54.519,3659,0.7871
14811,20:14:54.519,3405,0.6630
14812,20:14:54.520,3141,0.5341
14813,20:14:54.520,2755,0.3455
14814,20:14:54.521,3479,0.6991
14815,20:14:54.521,3209,0.5673
14816,20:14:54.522,3179,0.5526
14817,20:14:54.522,3165,0.5458
14818,20:14:54.523,3171,0.5487
14819,20:14:54.523,3268,0.5961
14820,20:14:54.524,3539,0.7284
14821,20:14:54.524,3005,0.4676
14822,20:14:54.525,3201,0.5634
14823,20:14:54.525,3201,0.5634
14824,20:14:54.526,3293,0.6083
14825,20:14:54.526,3105,0.5165
14826,20:14:54.527,3013,0.4716
14827,20:14:54.527,3334,0.6283
14828,20:14:54.528,3589,0.7529
14829,20:14:54.528,3434,0.6772
14830,20:14:54.529,3515,0.7167
14831,20:14:54.529,3491,0.7050
14832,20:14:54.530,3510,0.7143
14833,20:14:54.530,3524,0.7211
14834,20:14:54.531,3601,0.7587
14835,20:14:54.531,3568,0.7426
14836,20:14:54.532,3671,0.7929
14837,20:14:54.532,2984,0.4574
14838,20:14:54.533,3348,0.6352
14839,20:14:54.533,3480,0.6996
14840,20:14:54.534,3423,0.6718
14841,20:14:54.534,2922,0.4271
14842,20:14:54.535,3285,0.6044
14843,20:14:54.535,3255,0.5897
14844,20:14:54.536,3416,0.6684
14845,20:14:54.536,3406,0.6635
14846,20:14:54.537,3025,0.4774
14847,20:14:54.537,3594,0.7553
14848,20:14:54.538,3683,0.7988
14849,20:14:54.538,3114,0.5209
14850,20:14:54.539,3841,0.8759
14851,20:14:54.539,3219,0.5722
14852,20:14:54.540,3194,0.5600
14853,20:14:54.540,2914,0.4232
14854,20:14:54.541,2750,0.3431
14855,20:14:54.541,3394,0.6576
14856,20:14:54.542,3281,0.6024
14857,20:14:54.542,3001,0.4657
14858,20:14:54.543,2989,0.4598
14859,20:14:54.543,3413,0.6669
14860,20:14:54.544,3419,0.6698
14861,20:14:54.544,3305,0.6142
14862,20:14:54.545,3264,0.5941
14863,20:14:54.545,3251,0.5878
14864,20:14:54.546,3000,0.4652
14865,20:14:54.546,3300,0.6117
14866,20:14:54.547,3434,0.6772
14867,20:14:54.547,3850,0.8803
14868,20:14:54.548,3510,0.7143
14869,20:14:54.548,3540,0.7289
14870,20:14:54.549,3751,0.8320
14871,20:14:54.549,3695,0.8046
14872,20:14:54.550,3593,0.7548
14873,20:14:54.550,3568,0.7426
14874,20:14:54.551,3628,0.7719
14875,20:14:54.551,3233,0.5790
14876,20:14:54.552,3248,0.5863
14877,20:14:54.552,3556,0.7368
14878,20:14:54.553,3407,0.6640
14879,20:14:54.553,3226,0.5756
14880,20:14:54.554,3386,0.6537
14881,20:14:54.554,3135,0.5311
14882,20:14:54.555,3040,0.4847
14883,20:14:54.555,3078,0.5033
14884,20:14:54.556,3379,0.6503
14885,20:14:54.556,3679,0.7968
14886,20:14:54.557,3659,0.7871
14887,20:14:54.557,3646,0.7807
14888,20:14:54.558,3392,0.6567
14889,20:14:54.558,3422,0.6713
14890,20:14:54.559,3668,0.7915
14891,20:14:54.559,3667,0.7910
14892,20:14:54.560,3396,0.6586
14893,20:14:54.560,3409,0.6650
14894,20:14:54.561,3388,0.6547
14895,20:14:54.561,3250,0.5873
14896,20:14:54.562,3067,0.4979
14897,20:14:54.562,3343,0.6327
14898,20:14:54.563,3257,0.5907
14899,20:14:54.563,3149,0.5380
14900,20:14:54.564,3242,0.5834
14901,20:14:54.564,3390,0.6557
14902,20:14:54.565,2992,0.4613
14903,20:14:54.565,3038,0.4838
14904,20:14:54.566,2931,0.4315
14905,20:14:54.566,3438,0.6791
14906,20:14:54.567,3571,0.7441
14907,20:14:54.567,3568,0.7426
14908,20:14:54.568,3386,0.6537
14909,20:14:54.568,3467,0.6933
14910,20:14:54.569,3334,0.6283
14911,20:14:54.569,3392,0.6567
14912,20:14:54.570,3469,0.6943
14913,20:14:54.570,3652,0.7836
14914,20:14:54.571,3501,0.7099
14915,20:14:54.571,2979,0.4549
14916,20:14:54.572,3427,0.6737
14917,20:14:54.572,3335,0.6288
14918,20:14:54.573,3398,0.6596
14919,20:14:54.573,3396,0.6586
14920,20:14:54.574,3223,0.5741
14921,20:14:54.574,3062,0.4955
14922,20:14:54.575,3210,0.5678
14923,20:14:54.575,3010,0.4701
14924,20:14:54.576,3194,0.5600
14925,20:14:54.576,3294,0.6088
14926,20:14:54.577,3420,0.6703
14927,20:14:54.577,3202,0.5639
14928,20:14:54.578,3717,0.8154
14929,20:14:54.578,3625,0.7705
14930,20:14:54.579,3679,0.7968
14931,20:14:54.579,3638,0.7768
14932,20:14:54.580,3019,0.4745
14933,20:14:54.580,2764,0.3499
14934,20:14:54.581,2828,0.3812
14935,20:14:54.581,3539,0.7284
14936,20:14:54.582,3213,0.5692
14937,20:14:54.582,3084,0.5062
14938,20:14:54.583,3323,0.6230
14939,20:14:54.583,3174,0.5502
14940,20:14:54.584,3020,0.4750
14941,20:14:54.584,3155,0.5409
14942,20:14:54.585,3333,0.6278
14943,20:14:54.585,3134,0.5306
14944,20:14:54.586,3175,0.5507
14945,20:14:54.586,3175,0.5507
14946,20:14:54.587,3376,0.6488
14947,20:14:54.587,3551,0.7343
14948,20:14:54.588,3506,0.7123
14949,20:14:54.588,3087,0.5077
14950,20:14:54.589,2768,0.3519
14951,20:14:54.589,3367,0.6444
14952,20:14:54.590,3467,0.6933
14953,20:14:54.590,3425,0.6728
14954,20:14:54.591,3470,0.6947
14955,20:14:54.591,3606,0.7612
14956,20:14:54.592,2911,0.4217
14957,20:14:54.592,3292,0.6078
14958,20:14:54.593,3332,0.6274
14959,20:14:54.593,3273,0.5985
14960,20:14:54.594,3017,0.4735
14961,20:14:54.594,3349,0.6357
14962,20:14:54.595,3257,0.5907
14963,20:14:54.595,3113,0.5204
14964,20:14:54.596,3212,0.5687
14965,20:14:54.596,3336,0.6293
14966,20:14:54.597,3205,0.5653
14967,20:14:54.597,3240,0.5824
14968,20:14:54.598,2935,0.4335
14969,20:14:54.598,3780,0.8462
14970,20:14:54.599,3723,0.8183
14971,20:14:54.599,3656,0.7856
14972,20:14:54.600,2936,0.4339
14973,20:14:54.600,3286,0.6049
14974,20:14:54.601,2870,0.4017
14975,20:14:54.601,2832,0.3832
14976,20:14:54.602,2923,0.4276
14977,20:14:54.602,3136,0.5316
14978,20:14:54.603,3038,0.4838
14979,20:14:54.603,3139,0.5331
14980,20:14:54.604,3096,0.5121
14981,20:14:54.604,3292,0.6078
14982,20:14:54.605,3343,0.6327
14983,20:14:54.605,3067,0.4979
14984,20:14:54.606,3054,0.4916
14985,20:14:54.606,3079,0.5038
14986,20:14:54.607,3561,0.7392
14987,20:14:54.607,3516,0.7172
14988,20:14:54.608,3246,0.5853
14989,20:14:54.608,3552,0.7348
14990,20:14:54.609,3654,0.7846
14991,20:14:54.609,3471,0.6952
14992,20:14:54.610,3708,0.8110
14993,20:14:54.610,3695,0.8046
14994,20:14:54.611,3525,0.7216
14995,20:14:54.611,3373,0.6474
14996,20:14:54.612,3382,0.6518
14997,20:14:54.612,2887,0.4100
14998,20:14:54.613,3111,0.5194
14999,20:14:54.613,3684,0.7993
15000,20:14:54.614,3587,0.7519
15001,20:14:54.614,3156,0.5414
15002,20:14:54.615,3147,0.5370
15003,20:14:54.615,3523,0.7206
15004,20:14:54.616,3494,0.7065
15005,20:14:54.616,3159,0.5429
15006,20:14:54.617,3131,0.5292
15007,20:14:54.617,3449,0.6845
15008,20:14:54.618,3287,0.6054
15009,20:14:54.618,3399,0.6601
15010,20:14:54.619,3614,0.7651
15011,20:14:54.619,3240,0.5824
15012,20:14:54.620,3288,0.6059
15013,20:14:54.620,3025,0.4774
15014,20:14:54.621,3078,0.5033
15015,20:14:54.621,3366,0.6440
15016,20:14:54.622,3346,0.6342
15017,20:14:54.622,3177,0.5516
15018,20:14:54.623,2883,0.4081
15019,20:14:54.623,3373,0.6474
15020,20:14:54.624,3231,0.5780
15021,20:14:54.624,3322,0.6225
15022,20:14:54.625,3387,0.6542
15023,20:14:54.625,3272,0.5980
15024,20:14:54.626,3227,0.5761
15025,20:14:54.626,3164,0.5453
15026,20:14:54.627,2974,0.4525
15027,20:14:54.627,3550,0.7338
15028,20:14:54.628,3647,0.7812
15029,20:14:54.628,3391,0.6562
15030,20:14:54.629,3727,0.8203
15031,20:14:54.629,3503,0.7109
15032,20:14:54.630,3653,0.7841
15033,20:14:54.630,3653,0.7841
15034,20:14:54.631,3687,0.8007
15035,20:14:54.631,3269,0.5966
15036,20:14:54.632,2926,0.4291
15037,20:14:54.632,3462,0.6908
15038,20:14:54.633,3201,0.5634
15039,20:14:54.633,3314,0.6186
15040,20:14:54.634,3017,0.4735
15041,20:14:54.634,3444,0.6821
15042,20:14:54.635,2905,0.4188
15043,20:14:54.635,3124,0.5258
15044,20:14:54.636,3001,0.4657
15045,20:14:54.636,3353,0.6376
15046,20:14:54.637,3591,0.7538
15047,20:14:54.637,3555,0.7363
15048,20:14:54.638,2985,0.4579
15049,20:14:54.638,2930,0.4310
15050,20:14:54.639,3372,0.6469
15051,20:14:54.639,3727,0.8203
15052,20:14:54.640,3358,0.6400
15053,20:14:54.640,3302,0.6127
15054,20:14:54.641,3524,0.7211
15055,20:14:54.641,3414,0.6674
15056,20:14:54.642,3178,0.5521
15057,20:14:54.642,3405,0.6630
15058,20:14:54.643,3114,0.5209
15059,20:14:54.643,3209,0.5673
15060,20:14:54.644,3293,0.6083
15061,20:14:54.644,3317,0.6200
15062,20:14:54.645,3240,0.5824
15063,20:14:54.645,3238,0.5814
15064,20:14:54.646,3134,0.5306
15065,20:14:54.646,3380,0.6508
15066,20:14:54.647,3693,0.8037
15067,20:14:54.647,3602,0.7592
15068,20:14:54.648,3350,0.6361
15069,20:14:54.648,3597,0.7568
15070,20:14:54.649,3399,0.6601
15071,20:14:54.649,2672,0.3050
15072,20:14:54.650,3509,0.7138
15073,20:14:54.650,3626,0.7709
15074,20:14:54.651,3586,0.7514
15075,20:14:54.651,3109,0.5184
15076,20:14:54.652,3405,0.6630
15077,20:14:54.652,3278,0.6010
15078,20:14:54.653,3229,0.5770
15079,20:14:54.653,3449,0.6845
15080,20:14:54.654,3311,0.6171
15081,20:14:54.654,3245,0.5849
15082,20:14:54.655,3212,0.5687
15083,20:14:54.655,3193,0.5595
15084,20:14:54.656,3136,0.5316
15085,20:14:54.656,3412,0.6664
15086,20:14:54.657,3298,0.6107
15087,20:14:54.657,3271,0.5976
15088,20:14:54.658,3178,0.5521
15089,20:14:54.658,3665,0.7900
15090,20:14:54.659,3624,0.7700
15091,20:14:54.659,3260,0.5922
15092,20:14:54.660,2931,0.4315
15093,20:14:54.660,3308,0.6156
15094,20:14:54.661,3290,0.6068
15095,20:14:54.661,3280,0.6020
15096,20:14:54.662,3316,0.6195
15097,20:14:54.662,3212,0.5687
15098,20:14:54.663,3287,0.6054
15099,20:14:54.663,3485,0.7021
15100,20:14:54.664,3322,0.6225
15101,20:14:54.664,3094,0.5111
15102,20:14:54.665,3119,0.5233
15103,20:14:54.665,3250,0.5873
15104,20:14:54.666,3040,0.4847
15105,20:14:54.666,3143,0.5350
15106,20:14:54.667,2984,0.4574
15107,20:14:54.667,3539,0.7284
15108,20:14:54.668,3636,0.7758
15109,20:14:54.668,3413,0.6669
15110,20:14:54.669,3013,0.4716
15111,20:14:54.669,3105,0.5165
15112,20:14:54.670,3558,0.7377
15113,20:14:54.670,3486,0.7026
15114,20:14:54.671,3464,0.6918
15115,20:14:54.671,3602,0.7592
15116,20:14:54.672,3190,0.5580
15117,20:14:54.672,3100,0.5140
15118,20:14:54.673,3157,0.5419
15119,20:14:54.673,3238,0.5814
15120,20:14:54.674,3126,0.5267
15121,20:14:54.674,2976,0.4535
15122,20:14:54.675,3307,0.6151
15123,20:14:54.675,3634,0.7748
15124,20:14:54.676,3097,0.5126
15125,20:14:54.676,3296,0.6098
15126,20:14:54.677,3112,0.5199
15127,20:14:54.677,3530,0.7241
15128,20:14:54.678,3147,0.5370
15129,20:14:54.678,3728,0.8208
15130,20:14:54.679,3752,0.8325
15131,20:14:54.679,3747,0.8300
15132,20:14:54.680,3457,0.6884
15133,20:14:54.680,3150,0.5385
15134,20:14:54.681,2918,0.4252
15135,20:14:54.681,3089,0.5087
15136,20:14:54.682,2643,0.2908
15137,20:14:54.682,3094,0.5111
15138,20:14:54.683,3400,0.6606
15139,20:14:54.683,3187,0.5565
15140,20:14:54.684,3153,0.5399
15141,20:14:54.684,3208,0.5668
15142,20:14:54.685,3076,0.5023
15143,20:14:54.685,2918,0.4252
15144,20:14:54.686,3016,0.4730
15145,20:14:54.686,3319,0.6210
15146,20:14:54.687,3241,0.5829
15147,20:14:54.687,3353,0.6376
15148,20:14:54.688,3193,0.5595
15149,20:14:54.688,3169,0.5477
15150,20:14:54.689,3756,0.8344
15151,20:14:54.689,3429,0.6747
15152,20:14:54.690,3427,0.6737
15153,20:14:54.690,3585,0.7509
15154,20:14:54.691,3565,0.7411
15155,20:14:54.691,3292,0.6078
15156,20:14:54.692,3576,0.7465
15157,20:14:54.692,3067,0.4979
15158,20:14:54.693,3141,0.5341
15159,20:14:54.693,3388,0.6547
15160,20:14:54.694,3178,0.5521
15161,20:14:54.694,3110,0.5189
15162,20:14:54.695,3004,0.4672
15163,20:14:54.695,3340,0.6313
15164,20:14:54.696,3433,0.6767
15165,20:14:54.696,3030,0.4799
15166,20:14:54.697,3117,0.5223
15167,20:14:54.697,3226,0.5756
15168,20:14:54.698,2800,0.3675
15169,20:14:54.698,3743,0.8281
15170,20:14:54.699,3725,0.8193
15171,20:14:54.699,3392,0.6567
15172,20:14:54.700,2950,0.4408
15173,20:14:54.700,3599,0.7578
15174,20:14:54.701,3163,0.5448
15175,20:14:54.701,3269,0.5966
15176,20:14:54.702,3261,0.5927
15177,20:14:54.702,3181,0.5536
15178,20:14:54.703,3289,0.6063
15179,20:14:54.703,3231,0.5780
15180,20:14:54.704,3258,0.5912
15181,20:14:54.704,3047,0.4882
15182,20:14:54.705,3173,0.5497
15183,20:14:54.705,3344,0.6332
15184,20:14:54.706,2968,0.4496
15185,20:14:54.706,3249,0.5868
15186,20:14:54.707,3083,0.5057
15187,20:14:54.707,3595,0.7558
15188,20:14:54.708,3544,0.7309
15189,20:14:54.708,3238,0.5814
15190,20:14:54.709,3249,0.5868
15191,20:14:54.709,3461,0.6904
15192,20:14:54.710,3681,0.7978
15193,20:14:54.710,3541,0.7294
15194,20:14:54.711,3382,0.6518
15195,20:14:54.711,3856,0.8833
15196,20:14:54.712,3167,0.5468
15197,20:14:54.712,3274,0.5990
15198,20:14:54.713,3391,0.6562
15199,20:14:54.713,3215,0.5702
15200,20:14:54.714,3296,0.6098
15201,20:14:54.714,3383,0.6523
15202,20:14:54.715,3139,0.5331
15203,20:14:54.715,3172,0.5492
15204,20:14:54.716,3147,0.5370
15205,20:14:54.716,3513,0.7158
15206,20:14:54.717,3405,0.6630
15207,20:14:54.717,3440,0.6801
15208,20:14:54.718,3099,0.5136
15209,20:14:54.718,3770,0.8413
15210,20:14:54.719,3865,0.8877
15211,20:14:54.719,3771,0.8418
15212,20:14:54.720,3216,0.5707
15213,20:14:54.720,3529,0.7236
15214,20:14:54.721,3665,0.7900
15215,20:14:54.721,3287,0.6054
15216,20:14:54.722,3124,0.5258
15217,20:14:54.722,2898,0.4154
15218,20:14:54.723,3108,0.5179
15219,20:14:54.723,3232,0.5785
15220,20:14:54.724,3232,0.5785
15221,20:14:54.724,3381,0.6513
15222,20:14:54.725,3185,0.5556
15223,20:14:54.725,3003,0.4667
15224,20:14:54.726,3022,0.4759
15225,20:14:54.726,3313,0.6181
15226,20:14:54.727,3662,0.7885
15227,20:14:54.727,3672,0.7934
15228,20:14:54.728,3562,0.7397
15229,20:14:54.728,3623,0.7695
15230,20:14:54.729,3600,0.7582
15231,20:14:54.729,3384,0.6527
15232,20:14:54.730,3524,0.7211
15233,20:14:54.730,3611,0.7636
15234,20:14:54.731,3690,0.8022
15235,20:14:54.731,3412,0.6664
15236,20:14:54.732,3341,0.6317
15237,20:14:54.732,3351,0.6366
15238,20:14:54.733,2973,0.4520
15239,20:14:54.733,3155,0.5409
15240,20:14:54.734,3391,0.6562
15241,20:14:54.734,3418,0.6694
15242,20:14:54.735,3048,0.4886
15243,20:14:54.735,3108,0.5179
15244,20:14:54.736,3241,0.5829
15245,20:14:54.736,3581,0.7490
15246,20:14:54.737,3575,0.7460
15247,20:14:54.737,3500,0.7094
15248,20:14:54.738,3018,0.4740
15249,20:14:54.738,3700,0.8071
15250,20:14:54.739,3650,0.7827
15251,20:14:54.739,3404,0.6625
15252,20:14:54.740,3165,0.5458
15253,20:14:54.740,3230,0.5775
15254,20:14:54.741,3080,0.5043
15255,20:14:54.741,3039,0.4842
15256,20:14:54.742,3264,0.5941
15257,20:14:54.742,3159,0.5429
15258,20:14:54.743,3244,0.5844
15259,20:14:54.743,2923,0.4276
15260,20:14:54.744,3214,0.5697
15261,20:14:54.744,3159,0.5429
15262,20:14:54.745,3142,0.5346
15263,20:14:54.745,3260,0.5922
15264,20:14:54.746,3222,0.5736
15265,20:14:54.746,3184,0.5551
15266,20:14:54.747,3490,0.7045
15267,20:14:54.747,3560,0.7387
15268,20:14:54.748,3502,0.7104
15269,20:14:54.748,3173,0.5497
15270,20:14:54.749,2784,0.3597
15271,20:14:54.749,3232,0.5785
15272,20:14:54.750,3667,0.7910
15273,20:14:54.750,3567,0.7421
15274,20:14:54.751,3523,0.7206
15275,20:14:54.751,3464,0.6918
15276,20:14:54.752,3042,0.4857
15277,20:14:54.752,3057,0.4930
15278,20:14:54.753,3335,0.6288
15279,20:14:54.753,3433,0.6767
15280,20:14:54.754,3158,0.5424
15281,20:14:54.754,3286,0.6049
15282,20:14:54.755,3240,0.5824
15283,20:14:54.755,3235,0.5800
15284,20:14:54.756,3165,0.5458
15285,20:14:54.756,3304,0.6137
15286,20:14:54.757,3560,0.7387
15287,20:14:54.757,3498,0.7084
15288,20:14:54.758,3263,0.5937
15289,20:14:54.758,3717,0.8154
15290,20:14:54.759,3784,0.8481
15291,20:14:54.759,3193,0.5595
15292,20:14:54.760,2888,0.4105
15293,20:14:54.760,2861,0.3973
15294,20:14:54.761,3400,0.6606
15295,20:14:54.761,3510,0.7143
15296,20:14:54.762,2907,0.4198
15297,20:14:54.762,2854,0.3939
15298,20:14:54.763,3261,0.5927
15299,20:14:54.763,3377,0.6493
15300,20:14:54.764,3085,0.5067
15301,20:14:54.764,2594,0.2669
15302,20:14:54.765,3042,0.4857
15303,20:14:54.765,3267,0.5956
15304,20:14:54.766,3158,0.5424
15305,20:14:54.766,3299,0.6112
15306,20:14:54.767,3393,0.6571
15307,20:14:54.767,3739,0.8261
15308,20:14:54.768,3471,0.6952
15309,20:14:54.768,3764,0.8383
15310,20:14:54.769,3416,0.6684
15311,20:14:54.769,3377,0.6493
15312,20:14:54.770,3431,0.6757
15313,20:14:54.770,3580,0.7485
15314,20:14:54.771,3546,0.7319
15315,20:14:54.771,3608,0.7621
15316,20:14:54.772,3544,0.7309
15317,20:14:54.772,3298,0.6107
15318,20:14:54.773,3176,0.5512
15319,20:14:54.773,3293,0.6083
15320,20:14:54.774,3213,0.5692
15321,20:14:54.774,3248,0.5863
15322,20:14:54.775,3195,0.5604
15323,20:14:54.775,3073,0.5009
15324,20:14:54.776,3414,0.6674
15325,20:14:54.776,3208,0.5668
15326,20:14:54.777,3345,0.6337
15327,20:14:54.777,3386,0.6537
15328,20:14:54.778,3117,0.5223
15329,20:14:54.778,3203,0.5643
15330,20:14:54.779,3783,0.8476
15331,20:14:54.779,3468,0.6938
15332,20:14:54.780,3439,0.6796
15333,20:14:54.780,2783,0.3592
15334,20:14:54.781,2659,0.2987
15335,20:14:54.781,3027,0.4784
15336,20:14:54.782,3202,0.5639
15337,20:14:54.782,3192,0.5590
15338,20:14:54.783,3286,0.6049
15339,20:14:54.783,3270,0.5971
15340,20:14:54.784,3273,0.5985
15341,20:14:54.784,3096,0.5121
15342,20:14:54.785,3237,0.5810
15343,20:14:54.785,3216,0.5707
15344,20:14:54.786,3339,0.6308
15345,20:14:54.786,3125,0.5263
15346,20:14:54.787,3049,0.4891
15347,20:14:54.787,3443,0.6816
15348,20:14:54.788,3460,0.6899
15349,20:14:54.788,3450,0.6850
15350,20:14:54.789,3634,0.7748
15351,20:14:54.789,3416,0.6684
15352,20:14:54.790,3644,0.7797
15353,20:14:54.790,3578,0.7475
15354,20:14:54.791,3537,0.7275
15355,20:14:54.791,3479,0.6991
15356,20:14:54.792,3500,0.7094
15357,20:14:54.792,3101,0.5145
15358,20:14:54.793,3100,0.5140
15359,20:14:54.793,3395,0.6581
15360,20:14:54.794,3203,0.5643
15361,20:14:54.794,3267,0.5956
15362,20:14:54.795,2708,0.3226
15363,20:14:54.795,3187,0.5565
15364,20:14:54.796,3074,0.5013
15365,20:14:54.796,3254,0.5893
15366,20:14:54.797,3256,0.5902
15367,20:14:54.797,3354,0.6381
15368,20:14:54.798,3094,0.5111
15369,20:14:54.798,3491,0.7050
15370,20:14:54.799,3732,0.8227
15371,20:14:54.799,3637,0.7763
15372,20:14:54.800,3609,0.7626
15373,20:14:54.800,3169,0.5477
15374,20:14:54.801,2769,0.3524
15375,20:14:54.801,3196,0.5609
15376,20:14:54.802,3050,0.4896
15377,20:14:54.802,2856,0.3949
15378,20:14:54.803,3194,0.5600
15379,20:14:54.803,3215,0.5702
15380,20:14:54.804,3268,0.5961
15381,20:14:54.804,3034,0.4818
15382,20:14:54.805,3062,0.4955
15383,20:14:54.805,3053,0.4911
15384,20:14:54.806,3106,0.5170
15385,20:14:54.806,3314,0.6186
15386,20:14:54.807,3472,0.6957
15387,20:14:54.807,3625,0.7705
15388,20:14:54.808,3459,0.6894
15389,20:14:54.808,3385,0.6532
15390,20:14:54.809,3276,0.6000
15391,20:14:54.809,3175,0.5507
15392,20:14:54.810,3446,0.6830
15393,20:14:54.810,3610,0.7631
15394,20:14:54.811,3662,0.7885
15395,20:14:54.811,3022,0.4759
15396,20:14:54.812,3384,0.6527
15397,20:14:54.812,3368,0.6449
15398,20:14:54.813,3399,0.6601
15399,20:14:54.813,3101,0.5145
15400,20:14:54.814,3353,0.6376
15401,20:14:54.814,3702,0.8081
15402,20:14:54.815,3226,0.5756
15403,20:14:54.815,3389,0.6552
15404,20:14:54.816,3378,0.6498
15405,20:14:54.816,3551,0.7343
15406,20:14:54.817,3736,0.8247
15407,20:14:54.817,3542,0.7299
15408,20:14:54.818,3096,0.5121
15409,20:14:54.818,3716,0.8149
15410,20:14:54.819,3589,0.7529
15411,20:14:54.819,3623,0.7695
15412,20:14:54.820,3161,0.5438
15413,20:14:54.820,3204,0.5648
15414,20:14:54.821,3612,0.7641
15415,20:14:54.821,3385,0.6532
15416,20:14:54.822,3150,0.5385
15417,20:14:54.822,3302,0.6127
15418,20:14:54.823,3163,0.5448
15419,20:14:54.823,3179,0.5526
15420,20:14:54.824,3483,0.7011
15421,20:14:54.824,3247,0.5858
15422,20:14:54.825,2991,0.4608
15423,20:14:54.825,3038,0.4838
15424,20:14:54.826,3383,0.6523
15425,20:14:54.826,3532,0.7250
15426,20:14:54.827,3547,0.7324
15427,20:14:54.827,3478,0.6987
15428,20:14:54.828,3450,0.6850
15429,20:14:54.828,3297,0.6103
15430,20:14:54.829,3252,0.5883
15431,20:14:54.829,3325,0.6239
15432,20:14:54.830,3237,0.5810
15433,20:14:54.830,3571,0.7441
15434,20:14:54.831,3559,0.7382
15435,20:14:54.831,3600,0.7582
15436,20:14:54.832,3348,0.6352
15437,20:14:54.832,3239,0.5819
15438,20:14:54.833,3400,0.6606
15439,20:14:54.833,3714,0.8139
15440,20:14:54.834,3409,0.6650
15441,20:14:54.834,2906,0.4193
15442,20:14:54.835,3280,0.6020
15443,20:14:54.835,3473,0.6962
15444,20:14:54.836,3135,0.5311
15445,20:14:54.836,3186,0.5560
15446,20:14:54.837,3039,0.4842
15447,20:14:54.837,3284,0.6039
15448,20:14:54.838,3707,0.8105
15449,20:14:54.838,3603,0.7597
15450,20:14:54.839,3706,0.8100
15451,20:14:54.839,3131,0.5292
15452,20:14:54.840,3616,0.7661
15453,20:14:54.840,3475,0.6972
15454,20:14:54.841,3407,0.6640
15455,20:14:54.841,3434,0.6772
15456,20:14:54.842,3099,0.5136
15457,20:14:54.842,3018,0.4740
15458,20:14:54.843,3227,0.5761
15459,20:14:54.843,3669,0.7919
15460,20:14:54.844,3125,0.5263
15461,20:14:54.844,3207,0.5663
15462,20:14:54.845,3444,0.6821
15463,20:14:54.845,3497,0.7079
15464,20:14:54.846,3029,0.4794
15465,20:14:54.846,3479,0.6991
15466,20:14:54.847,3419,0.6698
15467,20:14:54.847,3715,0.8144
15468,20:14:54.848,3426,0.6733
15469,20:14:54.848,3442,0.6811
15470,20:14:54.849,3673,0.7939
15471,20:14:54.849,3315,0.6190
15472,20:14:54.850,3526,0.7221
15473,20:14:54.850,3500,0.7094
15474,20:14:54.851,3596,0.7563
15475,20:14:54.851,3580,0.7485
15476,20:14:54.852,3400,0.6606
15477,20:14:54.852,3572,0.7446
15478,20:14:54.853,3519,0.7187
15479,20:14:54.853,3572,0.7446
15480,20:14:54.854,3101,0.5145
15481,20:14:54.854,3506,0.7123
15482,20:14:54.855,3045,0.4872
15483,20:14:54.855,2868,0.4007
15484,20:14:54.856,3194,0.5600
15485,20:14:54.856,3316,0.6195
15486,20:14:54.857,3346,0.6342
15487,20:14:54.857,3410,0.6654
15488,20:14:54.858,2980,0.4554
15489,20:14:54.858,3766,0.8393
15490,20:14:54.859,3898,0.9038
15491,20:14:54.859,3613,0.7646
15492,20:14:54.860,3113,0.5204
15493,20:14:54.860,2784,0.3597
15494,20:14:54.861,3090,0.5092
15495,20:14:54.861,2899,0.4159
15496,20:14:54.862,2659,0.2987
15497,20:14:54.862,2906,0.4193
15498,20:14:54.863,3079,0.5038
15499,20:14:54.863,3163,0.5448
15500,20:14:54.864,3129,0.5282
15501,20:14:54.864,3302,0.6127
15502,20:14:54.865,3165,0.5458
15503,20:14:54.865,3336,0.6293
15504,20:14:54.866,3088,0.5082
15505,20:14:54.866,3261,0.5927
15506,20:14:54.867,3257,0.5907
15507,20:14:54.867,2806,0.3705
15508,20:14:54.868,2961,0.4462
15509,20:14:54.868,3808,0.8598
15510,20:14:54.869,3772,0.8422
15511,20:14:54.869,3618,0.7670
15512,20:14:54.870,3171,0.5487
15513,20:14:54.870,3776,0.8442
15514,20:14:54.871,3631,0.7734
15515,20:14:54.871,3748,0.8305
15516,20:14:54.872,3686,0.8002
15517,20:14:54.872,3675,0.7949
15518,20:14:54.873,3401,0.6611
15519,20:14:54.873,3717,0.8154
15520,20:14:54.874,3799,0.8554
15521,20:14:54.874,3732,0.8227
15522,20:14:54.875,3728,0.8208
15523,20:14:54.875,3612,0.7641
15524,20:14:54.876,3512,0.7153
15525,20:14:54.876,3384,0.6527
15526,20:14:54.877,3286,0.6049
15527,20:14:54.877,3239,0.5819
15528,20:14:54.878,3225,0.5751
15529,20:14:54.878,3235,0.5800
15530,20:14:54.879,3227,0.5761
15531,20:14:54.879,3242,0.5834
15532,20:14:54.880,3289,0.6063
15533,20:14:54.880,3282,0.6029
15534,20:14:54.881,3277,0.6005
15535,20:14:54.881,3264,0.5941
15536,20:14:54.882,3264,0.5941
15537,20:14:54.882,3284,0.6039
15538,20:14:54.883,3266,0.5951
15539,20:14:54.883,3024,0.4769
15540,20:14:54.884,3499,0.7089
15541,20:14:54.884,3467,0.6933
15542,20:14:54.885,3382,0.6518
15543,20:14:54.885,3356,0.6391
15544,20:14:54.886,3391,0.6562
15545,20:14:54.886,3154,0.5404
15546,20:14:54.887,3601,0.7587
15547,20:14:54.887,3630,0.7729
15548,20:14:54.888,3614,0.7651
15549,20:14:54.888,3540,0.7289
15550,20:14:54.889,3726,0.8198
15551,20:14:54.889,3670,0.7924
15552,20:14:54.890,3303,0.6132
15553,20:14:54.890,3195,0.5604
15554,20:14:54.891,2743,0.3397
15555,20:14:54.891,3767,0.8398
15556,20:14:54.892,2880,0.4066
15557,20:14:54.892,3041,0.4852
15558,20:14:54.893,3210,0.5678
15559,20:14:54.893,3322,0.6225
15560,20:14:54.894,3205,0.5653
15561,20:14:54.894,3436,0.6781
15562,20:14:54.895,3313,0.6181
15563,20:14:54.895,3123,0.5253
15564,20:14:54.896,3007,0.4686
15565,20:14:54.896,3153,0.5399
15566,20:14:54.897,2951,0.4413
15567,20:14:54.897,2864,0.3988
15568,20:14:54.898,3061,0.4950
15569,20:14:54.898,3095,0.5116
15570,20:14:54.899,3078,0.5033
15571,20:14:54.899,3129,0.5282
15572,20:14:54.900,3055,0.4921
15573,20:14:54.900,2986,0.4584
15574,20:14:54.901,3138,0.5326
15575,20:14:54.901,3032,0.4808
15576,20:14:54.902,3122,0.5248
15577,20:14:54.902,3110,0.5189
15578,20:14:54.903,3134,0.5306
15579,20:14:54.903,3118,0.5228
15580,20:14:54.904,3334,0.6283
15581,20:14:54.904,3094,0.5111
15582,20:14:54.905,3044,0.4867
15583,20:14:54.905,3259,0.5917
15584,20:14:54.906,3519,0.7187
15585,20:14:54.906,3735,0.8242
15586,20:14:54.907,3800,0.8559
15587,20:14:54.907,3727,0.8203
15588,20:14:54.908,3766,0.8393
15589,20:14:54.908,4095,1.0000
15590,20:14:54.909,3909,0.9092
15591,20:14:54.909,3730,0.8217
15592,20:14:54.910,3932,0.9204
15593,20:14:54.910,3971,0.9394
15594,20:14:54.911,3870,0.8901
15595,20:14:54.911,3727,0.8203
15596,20:14:54.912,3515,0.7167
15597,20:14:54.912,3130,0.5287
15598,20:14:54.913,3362,0.6420
15599,20:14:54.913,3396,0.6586
15600,20:14:54.914,3439,0.6796
15601,20:14:54.914,3338,0.6303
15602,20:14:54.915,3438,0.6791
15603,20:14:54.915,3223,0.5741
15604,20:14:54.916,3307,0.6151
15605,20:14:54.916,3450,0.6850
15606,20:14:54.917,3406,0.6635
15607,20:14:54.917,3353,0.6376
15608,20:14:54.918,3188,0.5570
15609,20:14:54.918,3490,0.7045
15610,20:14:54.919,3354,0.6381
15611,20:14:54.919,2837,0.3856
15612,20:14:54.920,3054,0.4916
15613,20:14:54.920,2835,0.3846
15614,20:14:54.921,3216,0.5707
15615,20:14:54.921,3077,0.5028
15616,20:14:54.922,3663,0.7890
15617,20:14:54.922,3211,0.5683
15618,20:14:54.923,3012,0.4711
15619,20:14:54.923,3146,0.5365
15620,20:14:54.924,3342,0.6322
15621,20:14:54.924,3315,0.6190
15622,20:14:54.925,2961,0.4462
15623,20:14:54.925,3168,0.5473
15624,20:14:54.926,3129,0.5282
15625,20:14:54.926,3110,0.5189
15626,20:14:54.927,3068,0.4984
15627,20:14:54.927,3507,0.7128
15628,20:14:54.928,3679,0.7968
15629,20:14:54.928,3695,0.8046
15630,20:14:54.929,3408,0.6645
15631,20:14:54.929,3598,0.7573
15632,20:14:54.930,3605,0.7607
15633,20:14:54.930,3522,0.7201
15634,20:14:54.931,3644,0.7797
15635,20:14:54.931,3749,0.8310
15636,20:14:54.932,3321,0.6220
15637,20:14:54.932,3562,0.7397
15638,20:14:54.933,3470,0.6947
15639,20:14:54.933,3368,0.6449
15640,20:14:54.934,3396,0.6586
15641,20:14:54.934,3504,0.7114
15642,20:14:54.935,3400,0.6606
15643,20:14:54.935,3294,0.6088
15644,20:14:54.936,3347,0.6347
15645,20:14:54.936,3172,0.5492
15646,20:14:54.937,3601,0.7587
15647,20:14:54.937,3623,0.7695
15648,20:14:54.938,3481,0.7001
15649,20:14:54.938,3596,0.7563
15650,20:14:54.939,3744,0.8286
15651,20:14:54.939,3745,0.8291
15652,20:14:54.940,3385,0.6532
15653,20:14:54.940,3046,0.4877
15654,20:14:54.941,3475,0.6972
15655,20:14:54.941,3301,0.6122
15656,20:14:54.942,3174,0.5502
15657,20:14:54.942,3266,0.5951
15658,20:14:54.943,3249,0.5868
15659,20:14:54.943,2921,0.4266
15660,20:14:54.944,3279,0.6015
15661,20:14:54.944,3468,0.6938
15662,20:14:54.945,3221,0.5731
15663,20:14:54.945,3243,0.5839
15664,20:14:54.946,3238,0.5814
15665,20:14:54.946,3250,0.5873
15666,20:14:54.947,3031,0.4803
15667,20:14:54.947,3480,0.6996
15668,20:14:54.948,3525,0.7216
15669,20:14:54.948,3525,0.7216
15670,20:14:54.949,3645,0.7802
15671,20:14:54.949,3485,0.7021
15672,20:14:54.950,3608,0.7621
15673,20:14:54.950,3586,0.7514
15674,20:14:54.951,3562,0.7397
15675,20:14:54.951,3234,0.5795
15676,20:14:54.952,3321,0.6220
15677,20:14:54.952,3307,0.6151
15678,20:14:54.953,3179,0.5526
15679,20:14:54.953,3474,0.6967
15680,20:14:54.954,3553,0.7353
15681,20:14:54.954,3383,0.6523
15682,20:14:54.955,3149,0.5380
15683,20:14:54.955,2946,0.4388
15684,20:14:54.956,3403,0.6620
15685,20:14:54.956,3320,0.6215
15686,20:14:54.957,3111,0.5194
15687,20:14:54.957,3377,0.6493
15688,20:14:54.958,3464,0.6918
15689,20:14:54.958,3719,0.8164
15690,20:14:54.959,3802,0.8569
15691,20:14:54.959,3714,0.8139
15692,20:14:54.960,3189,0.5575
15693,20:14:54.960,3214,0.5697
15694,20:14:54.961,3246,0.5853
15695,20:14:54.961,3410,0.6654
15696,20:14:54.962,3924,0.9165
15697,20:14:54.962,3118,0.5228
15698,20:14:54.963,3158,0.5424
15699,20:14:54.963,3422,0.6713
15700,20:14:54.964,3374,0.6479
15701,20:14:54.964,3407,0.6640
15702,20:14:54.965,3403,0.6620
15703,20:14:54.965,3969,0.9385
15704,20:14:54.966,3279,0.6015
15705,20:14:54.966,3268,0.5961
15706,20:14:54.967,2900,0.4164
15707,20:14:54.967,3678,0.7963
15708,20:14:54.968,3732,0.8227
15709,20:14:54.968,3650,0.7827
15710,20:14:54.969,3446,0.6830
15711,20:14:54.969,3760,0.8364
15712,20:14:54.970,3628,0.7719
15713,20:14:54.970,3648,0.7817
15714,20:14:54.971,3612,0.7641
15715,20:14:54.971,3451,0.6855
15716,20:14:54.972,3400,0.6606
15717,20:14:54.972,3184,0.5551
15718,20:14:54.973,3296,0.6098
15719,20:14:54.973,3163,0.5448
15720,20:14:54.974,3280,0.6020
15721,20:14:54.974,3605,0.7607
15722,20:14:54.975,3121,0.5243
15723,20:14:54.975,3440,0.6801
15724,20:14:54.976,3290,0.6068
15725,20:14:54.976,3156,0.5414
15726,20:14:54.977,3619,0.7675
15727,20:14:54.977,3775,0.8437
15728,20:14:54.978,3788,0.8501
15729,20:14:54.978,3348,0.6352
15730,20:14:54.979,3787,0.8496
15731,20:14:54.979,3821,0.8662
15732,20:14:54.980,3161,0.5438
15733,20:14:54.980,3448,0.6840
15734,20:14:54.981,3713,0.8134
15735,20:14:54.981,3486,0.7026
15736,20:14:54.982,3105,0.5165
15737,20:14:54.982,2990,0.4603
15738,20:14:54.983,3242,0.5834
15739,20:14:54.983,3057,0.4930
15740,20:14:54.984,3363,0.6425
15741,20:14:54.984,3386,0.6537
15742,20:14:54.985,3045,0.4872
15743,20:14:54.985,3081,0.5048
15744,20:14:54.986,3244,0.5844
15745,20:14:54.986,3279,0.6015
15746,20:14:54.987,3621,0.7685
15747,20:14:54.987,3678,0.7963
15748,20:14:54.988,3637,0.7763
15749,20:14:54.988,3578,0.7475
15750,20:14:54.989,3822,0.8667
15751,20:14:54.989,3643,0.7792
15752,20:14:54.990,3544,0.7309
15753,20:14:54.990,3691,0.8027
15754,20:14:54.991,3743,0.8281
15755,20:14:54.991,3504,0.7114
15756,20:14:54.992,3599,0.7578
15757,20:14:54.992,3125,0.5263
15758,20:14:54.993,3201,0.5634
15759,20:14:54.993,3340,0.6313
15760,20:14:54.994,3830,0.8706
15761,20:14:54.994,3360,0.6410
15762,20:14:54.995,3164,0.5453
15763,20:14:54.995,3543,0.7304
15764,20:14:54.996,3571,0.7441
15765,20:14:54.996,3526,0.7221
15766,20:14:54.997,3682,0.7983
15767,20:14:54.997,3368,0.6449
15768,20:14:54.998,3484,0.7016
15769,20:14:54.998,3843,0.8769
15770,20:14:54.999,3740,0.8266
15771,20:14:54.999,3498,0.7084
15772,20:14:55.000,3261,0.5927
15773,20:14:55.000,3535,0.7265
15774,20:14:55.001,3565,0.7411
15775,20:14:55.001,3440,0.6801
15776,20:14:55.002,3275,0.5995
15777,20:14:55.002,3343,0.6327
15778,20:14:55.003,3289,0.6063
15779,20:14:55.003,3642,0.7788
15780,20:14:55.004,3267,0.5956
15781,20:14:55.004,3123,0.5253
15782,20:14:55.005,3142,0.5346
15783,20:14:55.005,3385,0.6532
15784,20:14:55.006,3204,0.5648
15785,20:14:55.006,3356,0.6391
15786,20:14:55.007,3308,0.6156
15787,20:14:55.007,3774,0.8432
15788,20:14:55.008,3817,0.8642
15789,20:14:55.008,3471,0.6952
15790,20:14:55.009,2954,0.4427
15791,20:14:55.009,3721,0.8173
15792,20:14:55.010,3663,0.7890
15793,20:14:55.010,3608,0.7621
15794,20:14:55.011,3734,0.8237
15795,20:14:55.011,3421,0.6708
15796,20:14:55.012,3422,0.6713
15797,20:14:55.012,3610,0.7631
15798,20:14:55.013,3501,0.7099
15799,20:14:55.013,3536,0.7270
15800,20:14:55.014,3266,0.5951
15801,20:14:55.014,3669,0.7919
15802,20:14:55.015,3347,0.6347
15803,20:14:55.015,3133,0.5302
15804,20:14:55.016,3022,0.4759
15805,20:14:55.016,3245,0.5849
15806,20:14:55.017,3470,0.6947
15807,20:14:55.017,3748,0.8305
15808,20:14:55.018,3528,0.7231
15809,20:14:55.018,3485,0.7021
15810,20:14:55.019,3807,0.8593
15811,20:14:55.019,3810,0.8608
15812,20:14:55.020,3544,0.7309
15813,20:14:55.020,3286,0.6049
15814,20:14:55.021,3335,0.6288
15815,20:14:55.021,3496,0.7074
15816,20:14:55.022,3194,0.5600
15817,20:14:55.022,3020,0.4750
15818,20:14:55.023,3149,0.5380
15819,20:14:55.023,3241,0.5829
15820,20:14:55.024,2812,0.3734
15821,20:14:55.024,3159,0.5429
15822,20:14:55.025,3377,0.6493
15823,20:14:55.025,3227,0.5761
15824,20:14:55.026,3252,0.5883
15825,20:14:55.026,3406,0.6635
15826,20:14:55.027,3461,0.6904
15827,20:14:55.027,3645,0.7802
15828,20:14:55.028,3536,0.7270
15829,20:14:55.028,3461,0.6904
15830,20:14:55.029,3721,0.8173
15831,20:14:55.029,3580,0.7485
15832,20:14:55.030,3449,0.6845
15833,20:14:55.030,3596,0.7563
15834,20:14:55.031,3539,0.7284
15835,20:14:55.031,3315,0.6190
15836,20:14:55.032,3605,0.7607
15837,20:14:55.032,3254,0.5893
15838,20:14:55.033,3420,0.6703
15839,20:14:55.033,3286,0.6049
15840,20:14:55.034,3352,0.6371
15841,20:14:55.034,3214,0.5697
15842,20:14:55.035,3080,0.5043
15843,20:14:55.035,3343,0.6327
15844,20:14:55.036,3288,0.6059
15845,20:14:55.036,3388,0.6547
15846,20:14:55.037,3066,0.4974
15847,20:14:55.037,3485,0.7021
15848,20:14:55.038,3448,0.6840
15849,20:14:55.038,3756,0.8344
15850,20:14:55.039,3683,0.7988
15851,20:14:55.039,3650,0.7827
15852,20:14:55.040,2953,0.4422
15853,20:14:55.040,2900,0.4164
15854,20:14:55.041,3501,0.7099
15855,20:14:55.041,3389,0.6552
15856,20:14:55.042,3502,0.7104
15857,20:14:55.042,3093,0.5106
15858,20:14:55.043,3210,0.5678
15859,20:14:55.043,3104,0.5160
15860,20:14:55.044,3391,0.6562
15861,20:14:55.044,3320,0.6215
15862,20:14:55.045,3219,0.5722
15863,20:14:55.045,3390,0.6557
15864,20:14:55.046,3269,0.5966
15865,20:14:55.046,2811,0.3729
15866,20:14:55.047,3042,0.4857
15867,20:14:55.047,3612,0.7641
15868,20:14:55.048,3834,0.8725
15869,20:14:55.048,3566,0.7416
15870,20:14:55.049,3146,0.5365
15871,20:14:55.049,3408,0.6645
15872,20:14:55.050,3713,0.8134
15873,20:14:55.050,3555,0.7363
15874,20:14:55.051,3536,0.7270
15875,20:14:55.051,3530,0.7241
15876,20:14:55.052,3100,0.5140
15877,20:14:55.052,3163,0.5448
15878,20:14:55.053,3529,0.7236
15879,20:14:55.053,3427,0.6737
15880,20:14:55.054,3183,0.5546
15881,20:14:55.054,3244,0.5844
15882,20:14:55.055,3062,0.4955
15883,20:14:55.055,3180,0.5531
15884,20:14:55.056,3011,0.4706
15885,20:14:55.056,3466,0.6928
15886,20:14:55.057,3341,0.6317
15887,20:14:55.057,3796,0.8540
15888,20:14:55.058,3695,0.8046
15889,20:14:55.058,3470,0.6947
15890,20:14:55.059,3869,0.8896
15891,20:14:55.059,3799,0.8554
15892,20:14:55.060,3599,0.7578
15893,20:14:55.060,3671,0.7929
15894,20:14:55.061,3689,0.8017
15895,20:14:55.061,3723,0.8183
15896,20:14:55.062,3132,0.5297
15897,20:14:55.062,3166,0.5463
15898,20:14:55.063,3488,0.7035
15899,20:14:55.063,3424,0.6723
15900,20:14:55.064,3206,0.5658
15901,20:14:55.064,3186,0.5560
15902,20:14:55.065,3643,0.7792
15903,20:14:55.065,3385,0.6532
15904,20:14:55.066,3130,0.5287
15905,20:14:55.066,3478,0.6987
15906,20:14:55.067,3818,0.8647
15907,20:14:55.067,3770,0.8413
15908,20:14:55.068,3619,0.7675
15909,20:14:55.068,3681,0.7978
15910,20:14:55.069,3792,0.8520
15911,20:14:55.069,3570,0.7436
15912,20:14:55.070,3426,0.6733
15913,20:14:55.070,3763,0.8379
15914,20:14:55.071,3747,0.8300
15915,20:14:55.071,3419,0.6698
15916,20:14:55.072,3546,0.7319
15917,20:14:55.072,3283,0.6034
15918,20:14:55.073,3459,0.6894
15919,20:14:55.073,3249,0.5868
15920,20:14:55.074,3150,0.5385
15921,20:14:55.074,3341,0.6317
15922,20:14:55.075,3332,0.6274
15923,20:14:55.075,3343,0.6327
15924,20:14:55.076,3499,0.7089
15925,20:14:55.076,3251,0.5878
15926,20:14:55.077,3779,0.8457
15927,20:14:55.077,3720,0.8168
15928,20:14:55.078,3604,0.7602
15929,20:14:55.078,3875,0.8926
15930,20:14:55.079,3713,0.8134
15931,20:14:55.079,3462,0.6908
15932,20:14:55.080,3547,0.7324
15933,20:14:55.080,3253,0.5888
15934,20:14:55.081,3644,0.7797
15935,20:14:55.081,3432,0.6762
15936,20:14:55.082,3433,0.6767
15937,20:14:55.082,3268,0.5961
15938,20:14:55.083,3376,0.6488
15939,20:14:55.083,3322,0.6225
15940,20:14:55.084,3259,0.5917
15941,20:14:55.084,3286,0.6049
15942,20:14:55.085,3282,0.6029
15943,20:14:55.085,3346,0.6342
15944,20:14:55.086,3393,0.6571
15945,20:14:55.086,3244,0.5844
15946,20:14:55.087,3336,0.6293
15947,20:14:55.087,3769,0.8408
15948,20:14:55.088,3635,0.7753
15949,20:14:55.088,3747,0.8300
15950,20:14:55.089,3396,0.6586
15951,20:14:55.089,3511,0.7148
15952,20:14:55.090,3619,0.7675
15953,20:14:55.090,3573,0.7451
15954,20:14:55.091,3529,0.7236
15955,20:14:55.091,3692,0.8032
15956,20:14:55.092,3213,0.5692
15957,20:14:55.092,3396,0.6586
15958,20:14:55.093,3592,0.7543
15959,20:14:55.093,3591,0.7538
15960,20:14:55.094,3274,0.5990
15961,20:14:55.094,3290,0.6068
15962,20:14:55.095,3353,0.6376
15963,20:14:55.095,3224,0.5746
15964,20:14:55.096,3299,0.6112
15965,20:14:55.096,3345,0.6337
15966,20:14:55.097,3400,0.6606
15967,20:14:55.097,3669,0.7919
15968,20:14:55.098,3510,0.7143
15969,20:14:55.098,3376,0.6488
15970,20:14:55.099,3683,0.7988
15971,20:14:55.099,2819,0.3768
15972,20:14:55.100,3186,0.5560
15973,20:14:55.100,3621,0.7685
15974,20:14:55.101,3530,0.7241
15975,20:14:55.101,3571,0.7441
15976,20:14:55.102,3516,0.7172
15977,20:14:55.102,3006,0.4681
15978,20:14:55.103,3286,0.6049
15979,20:14:55.103,3337,0.6298
15980,20:14:55.104,3226,0.5756
15981,20:14:55.104,2972,0.4515
15982,20:14:55.105,3194,0.5600
15983,20:14:55.105,3102,0.5150
15984,20:14:55.106,3251,0.5878
15985,20:14:55.106,3562,0.7397
15986,20:14:55.107,3521,0.7197
15987,20:14:55.107,3750,0.8315
15988,20:14:55.108,3618,0.7670
15989,20:14:55.108,3415,0.6679
15990,20:14:55.109,3667,0.7910
15991,20:14:55.109,3696,0.8051
15992,20:14:55.110,3500,0.7094
15993,20:14:55.110,3664,0.7895
15994,20:14:55.111,3603,0.7597
15995,20:14:55.111,3338,0.6303
15996,20:14:55.112,3541,0.7294
15997,20:14:55.112,3223,0.5741
15998,20:14:55.113,3233,0.5790
15999,20:14:55.113,3302,0.6127
16000,20:14:55.114,3628,0.7719
16001,20:14:55.114,3571,0.7441
16002,20:14:55.115,3014,0.4720
16003,20:14:55.115,3519,0.7187
16004,20:14:55.116,3521,0.7197
16005,20:14:55.116,3258,0.5912
16006,20:14:55.117,3436,0.6781
16007,20:14:55.117,3362,0.6420
16008,20:14:55.118,3482,0.7006
16009,20:14:55.118,3557,0.7372
16010,20:14:55.119,3717,0.8154
16011,20:14:55.119,3641,0.7783
16012,20:14:55.120,3288,0.6059
16013,20:14:55.120,3611,0.7636
16014,20:14:55.121,3320,0.6215
16015,20:14:55.121,3320,0.6215
16016,20:14:55.122,3566,0.7416
16017,20:14:55.122,3083,0.5057
16018,20:14:55.123,3398,0.6596
16019,20:14:55.123,3529,0.7236
16020,20:14:55.124,3518,0.7182
16021,20:14:55.124,3402,0.6615
16022,20:14:55.125,3271,0.5976
16023,20:14:55.125,3357,0.6396
16024,20:14:55.126,3365,0.6435
16025,20:14:55.126,3469,0.6943
16026,20:14:55.127,2929,0.4305
16027,20:14:55.127,3426,0.6733
16028,20:14:55.128,3672,0.7934
16029,20:14:55.128,3649,0.7822
16030,20:14:55.129,3101,0.5145
16031,20:14:55.129,3527,0.7226
16032,20:14:55.130,3505,0.7118
16033,20:14:55.130,3524,0.7211
16034,20:14:55.131,3443,0.6816
16035,20:14:55.131,3412,0.6664
16036,20:14:55.132,3306,0.6147
16037,20:14:55.132,3182,0.5541
16038,20:14:55.133,3158,0.5424
16039,20:14:55.133,3272,0.5980
16040,20:14:55.134,3357,0.6396
16041,20:14:55.134,3126,0.5267
16042,20:14:55.135,3285,0.6044
16043,20:14:55.135,3304,0.6137
16044,20:14:55.136,3258,0.5912
16045,20:14:55.136,3314,0.6186
16046,20:14:55.137,2369,0.1570
16047,20:14:55.137,3418,0.6694
16048,20:14:55.138,3474,0.6967
16049,20:14:55.138,3594,0.7553
16050,20:14:55.139,3301,0.6122
16051,20:14:55.139,3688,0.8012
16052,20:14:55.140,3304,0.6137
16053,20:14:55.140,2832,0.3832
16054,20:14:55.141,3082,0.5053
16055,20:14:55.141,3146,0.5365
16056,20:14:55.142,3392,0.6567
16057,20:14:55.142,3125,0.5263
16058,20:14:55.143,3481,0.7001
16059,20:14:55.143,3445,0.6825
16060,20:14:55.144,3136,0.5316
16061,20:14:55.144,3362,0.6420
16062,20:14:55.145,3426,0.6733
16063,20:14:55.145,3297,0.6103
16064,20:14:55.146,3237,0.5810
16065,20:14:55.146,3261,0.5927
16066,20:14:55.147,3572,0.7446
16067,20:14:55.147,3742,0.8276
16068,20:14:55.148,3540,0.7289
16069,20:14:55.148,3424,0.6723
16070,20:14:55.149,3300,0.6117
16071,20:14:55.149,3600,0.7582
16072,20:14:55.150,3396,0.6586
16073,20:14:55.150,3521,0.7197
16074,20:14:55.151,3537,0.7275
16075,20:14:55.151,3533,0.7255
16076,20:14:55.152,2931,0.4315
16077,20:14:55.152,3159,0.5429
16078,20:14:55.153,3567,0.7421
16079,20:14:55.153,2570,0.2552
16080,20:14:55.154,3136,0.5316
16081,20:14:55.154,3441,0.6806
16082,20:14:55.155,3341,0.6317
16083,20:14:55.155,3267,0.5956
16084,20:14:55.156,3283,0.6034
16085,20:14:55.156,3389,0.6552
16086,20:14:55.157,3682,0.7983
16087,20:14:55.157,3540,0.7289
16088,20:14:55.158,3254,0.5893
16089,20:14:55.158,2956,0.4437
16090,20:14:55.159,3631,0.7734
16091,20:14:55.159,3569,0.7431
16092,20:14:55.160,3629,0.7724
16093,20:14:55.160,2963,0.4471
16094,20:14:55.161,3321,0.6220
16095,20:14:55.161,3335,0.6288
16096,20:14:55.162,3075,0.5018
16097,20:14:55.162,3114,0.5209
16098,20:14:55.163,3220,0.5726
16099,20:14:55.163,3296,0.6098
16100,20:14:55.164,3944,0.9263
16101,20:14:55.164,3324,0.6234
16102,20:14:55.165,3331,0.6269
16103,20:14:55.165,3163,0.5448
16104,20:14:55.166,3382,0.6518
16105,20:14:55.166,3272,0.5980
16106,20:14:55.167,3477,0.6982
16107,20:14:55.167,3393,0.6571
16108,20:14:55.168,3563,0.7402
16109,20:14:55.168,3663,0.7890
16110,20:14:55.169,2797,0.3661
16111,20:14:55.169,3414,0.6674
16112,20:14:55.170,3375,0.6484
16113,20:14:55.170,3463,0.6913
16114,20:14:55.171,3508,0.7133
16115,20:14:55.171,3274,0.5990
16116,20:14:55.172,3143,0.5350
16117,20:14:55.172,3147,0.5370
16118,20:14:55.173,3338,0.6303
16119,20:14:55.173,3505,0.7118
16120,20:14:55.174,3412,0.6664
16121,20:14:55.174,3175,0.5507
16122,20:14:55.175,3108,0.5179
16123,20:14:55.175,3358,0.6400
16124,20:14:55.176,3082,0.5053
16125,20:14:55.176,3270,0.5971
16126,20:14:55.177,3387,0.6542
16127,20:14:55.177,3585,0.7509
16128,20:14:55.178,3806,0.8589
16129,20:14:55.178,3635,0.7753
16130,20:14:55.179,3574,0.7455
16131,20:14:55.179,3214,0.5697
16132,20:14:55.180,3319,0.6210
16133,20:14:55.180,3175,0.5507
16134,20:14:55.181,3456,0.6879
16135,20:14:55.181,3434,0.6772
16136,20:14:55.182,3308,0.6156
16137,20:14:55.182,3243,0.5839
16138,20:14:55.183,3107,0.5175
16139,20:14:55.183,3331,0.6269
16140,20:14:55.184,3096,0.5121
16141,20:14:55.184,3401,0.6611
16142,20:14:55.185,3209,0.5673
16143,20:14:55.185,3172,0.5492
16144,20:14:55.186,3033,0.4813
16145,20:14:55.186,3404,0.6625
16146,20:14:55.187,3294,0.6088
16147,20:14:55.187,3705,0.8095
16148,20:14:55.188,3591,0.7538
16149,20:14:55.188,3322,0.6225
16150,20:14:55.189,3030,0.4799
16151,20:14:55.189,3629,0.7724
16152,20:14:55.190,3511,0.7148
16153,20:14:55.190,3449,0.6845
16154,20:14:55.191,3386,0.6537
16155,20:14:55.191,3599,0.7578
16156,20:14:55.192,3348,0.6352
16157,20:14:55.192,3530,0.7241
16158,20:14:55.193,3275,0.5995
16159,20:14:55.193,3082,0.5053
16160,20:14:55.194,2684,0.3109
16161,20:14:55.194,3211,0.5683
16162,20:14:55.195,3376,0.6488
16163,20:14:55.195,3191,0.5585
16164,20:14:55.196,3089,0.5087
16165,20:14:55.196,3685,0.7998
16166,20:14:55.197,3448,0.6840
16167,20:14:55.197,3357,0.6396
16168,20:14:55.198,3126,0.5267
16169,20:14:55.198,3702,0.8081
16170,20:14:55.199,3703,0.8085
16171,20:14:55.199,3481,0.7001
16172,20:14:55.200,3560,0.7387
16173,20:14:55.200,3241,0.5829
16174,20:14:55.201,3551,0.7343
16175,20:14:55.201,3364,0.6430
16176,20:14:55.202,3414,0.6674
16177,20:14:55.202,3383,0.6523
16178,20:14:55.203,3093,0.5106
16179,20:14:55.203,3250,0.5873
16180,20:14:55.204,3021,0.4755
16181,20:14:55.204,3152,0.5394
16182,20:14:55.205,3140,0.5336
16183,20:14:55.205,3230,0.5775
16184,20:14:55.206,3180,0.5531
16185,20:14:55.206,3231,0.5780
16186,20:14:55.207,3090,0.5092
16187,20:14:55.207,3393,0.6571
16188,20:14:55.208,3602,0.7592
16189,20:14:55.208,3578,0.7475
16190,20:14:55.209,3178,0.5521
16191,20:14:55.209,3411,0.6659
16192,20:14:55.210,3560,0.7387
16193,20:14:55.210,3548,0.7328
16194,20:14:55.211,3429,0.6747
16195,20:14:55.211,3354,0.6381
16196,20:14:55.212,3275,0.5995
16197,20:14:55.212,3320,0.6215
16198,20:14:55.213,3186,0.5560
16199,20:14:55.213,3141,0.5341
16200,20:14:55.214,3004,0.4672
16201,20:14:55.214,3028,0.4789
16202,20:14:55.215,3369,0.6454
16203,20:14:55.215,3282,0.6029
16204,20:14:55.216,3299,0.6112
16205,20:14:55.216,3196,0.5609
16206,20:14:55.217,3110,0.5189
16207,20:14:55.217,3358,0.6400
16208,20:14:55.218,3553,0.7353
16209,20:14:55.218,3386,0.6537
16210,20:14:55.219,3683,0.7988
16211,20:14:55.219,3670,0.7924
16212,20:14:55.220,3659,0.7871
16213,20:14:55.220,3214,0.5697
16214,20:14:55.221,2709,0.3231
16215,20:14:55.221,3027,0.4784
16216,20:14:55.222,3159,0.5429
16217,20:14:55.222,2868,0.4007
16218,20:14:55.223,3164,0.5453
16219,20:14:55.223,3526,0.7221
16220,20:14:55.224,3293,0.6083
16221,20:14:55.224,3264,0.5941
16222,20:14:55.225,3244,0.5844
16223,20:14:55.225,3311,0.6171
16224,20:14:55.226,3368,0.6449
16225,20:14:55.226,3143,0.5350
16226,20:14:55.227,3408,0.6645
16227,20:14:55.227,3654,0.7846
16228,20:14:55.228,3638,0.7768
16229,20:14:55.228,3493,0.7060
16230,20:14:55.229,2806,0.3705
16231,20:14:55.229,3118,0.5228
16232,20:14:55.230,3349,0.6357
16233,20:14:55.230,3414,0.6674
16234,20:14:55.231,3375,0.6484
16235,20:14:55.231,3421,0.6708
16236,20:14:55.232,3202,0.5639
16237,20:14:55.232,2973,0.4520
16238,20:14:55.233,3132,0.5297
16239,20:14:55.233,3345,0.6337
16240,20:14:55.234,3242,0.5834
16241,20:14:55.234,3284,0.6039
16242,20:14:55.235,3370,0.6459
16243,20:14:55.235,3273,0.5985
16244,20:14:55.236,3086,0.5072
16245,20:14:55.236,3196,0.5609
16246,20:14:55.237,3432,0.6762
16247,20:14:55.237,3393,0.6571
16248,20:14:55.238,3158,0.5424
16249,20:14:55.238,3382,0.6518
16250,20:14:55.239,3384,0.6527
16251,20:14:55.239,3502,0.7104
16252,20:14:55.240,3450,0.6850
16253,20:14:55.240,3346,0.6342
16254,20:14:55.241,3512,0.7153
16255,20:14:55.241,3410,0.6654
16256,20:14:55.242,3150,0.5385
16257,20:14:55.242,3089,0.5087
16258,20:14:55.243,3139,0.5331
16259,20:14:55.243,3059,0.4940
16260,20:14:55.244,3319,0.6210
16261,20:14:55.244,3122,0.5248
16262,20:14:55.245,3416,0.6684
16263,20:14:55.245,3301,0.6122
16264,20:14:55.246,3394,0.6576
16265,20:14:55.246,3393,0.6571
16266,20:14:55.247,3438,0.6791
16267,20:14:55.247,3294,0.6088
16268,20:14:55.248,3169,0.5477
16269,20:14:55.248,3144,0.5355
16270,20:14:55.249,3373,0.6474
16271,20:14:55.249,2957,0.4442
16272,20:14:55.250,3406,0.6635
16273,20:14:55.250,3499,0.7089
16274,20:14:55.251,3379,0.6503
16275,20:14:55.251,3190,0.5580
16276,20:14:55.252,3344,0.6332
16277,20:14:55.252,3147,0.5370
16278,20:14:55.253,3103,0.5155
16279,20:14:55.253,3334,0.6283
16280,20:14:55.254,3280,0.6020
16281,20:14:55.254,3316,0.6195
16282,20:14:55.255,3235,0.5800
16283,20:14:55.255,3139,0.5331
16284,20:14:55.256,3166,0.5463
16285,20:14:55.256,3224,0.5746
16286,20:14:55.257,3439,0.6796
16287,20:14:55.257,3195,0.5604
16288,20:14:55.258,3295,0.6093
16289,20:14:55.258,3625,0.7705
16290,20:14:55.259,3482,0.7006
16291,20:14:55.259,3530,0.7241
16292,20:14:55.260,3465,0.6923
16293,20:14:55.260,3530,0.7241
16294,20:14:55.261,3491,0.7050
16295,20:14:55.261,3491,0.7050
16296,20:14:55.262,3250,0.5873
16297,20:14:55.262,3264,0.5941
16298,20:14:55.263,3226,0.5756
16299,20:14:55.263,3336,0.6293
16300,20:14:55.264,3169,0.5477
16301,20:14:55.264,3166,0.5463
16302,20:14:55.265,3147,0.5370
16303,20:14:55.265,3232,0.5785
16304,20:14:55.266,3225,0.5751
16305,20:14:55.266,3195,0.5604
16306,20:14:55.267,2979,0.4549
16307,20:14:55.267,3330,0.6264
16308,20:14:55.268,3615,0.7656
16309,20:14:55.268,3380,0.6508
16310,20:14:55.269,2905,0.4188
16311,20:14:55.269,3606,0.7612
16312,20:14:55.270,3521,0.7197
16313,20:14:55.270,3407,0.6640
16314,20:14:55.271,3470,0.6947
16315,20:14:55.271,3611,0.7636
16316,20:14:55.272,3377,0.6493
16317,20:14:55.272,3604,0.7602
16318,20:14:55.273,3445,0.6825
16319,20:14:55.273,3486,0.7026
16320,20:14:55.274,3116,0.5219
16321,20:14:55.274,2346,0.1458
16322,20:14:55.275,3020,0.4750
16323,20:14:55.275,3255,0.5897
16324,20:14:55.276,3279,0.6015
16325,20:14:55.276,3348,0.6352
16326,20:14:55.277,3273,0.5985
16327,20:14:55.277,3346,0.6342
16328,20:14:55.278,3138,0.5326
16329,20:14:55.278,3736,0.8247
16330,20:14:55.279,3771,0.8418
16331,20:14:55.279,3729,0.8212
16332,20:14:55.280,3107,0.5175
16333,20:14:55.280,3176,0.5512
16334,20:14:55.281,3203,0.5643
16335,20:14:55.281,3311,0.6171
16336,20:14:55.282,3398,0.6596
16337,20:14:55.282,3184,0.5551
16338,20:14:55.283,3156,0.5414
16339,20:14:55.283,3086,0.5072
16340,20:14:55.284,3485,0.7021
16341,20:14:55.284,3401,0.6611
16342,20:14:55.285,3121,0.5243
16343,20:14:55.285,3131,0.5292
16344,20:14:55.286,3106,0.5170
16345,20:14:55.286,3285,0.6044
16346,20:14:55.287,3164,0.5453
16347,20:14:55.287,3549,0.7333
16348,20:14:55.288,3595,0.7558
16349,20:14:55.288,3539,0.7284
16350,20:14:55.289,3622,0.7690
16351,20:14:55.289,3480,0.6996
16352,20:14:55.290,3623,0.7695
16353,20:14:55.290,3674,0.7944
16354,20:14:55.291,3650,0.7827
16355,20:14:55.291,3331,0.6269
16356,20:14:55.292,3393,0.6571
16357,20:14:55.292,3010,0.4701
16358,20:14:55.293,3192,0.5590
16359,20:14:55.293,3345,0.6337
16360,20:14:55.294,3589,0.7529
16361,20:14:55.294,3332,0.6274
16362,20:14:55.295,3228,0.5766
16363,20:14:55.295,3391,0.6562
16364,20:14:55.296,3228,0.5766
16365,20:14:55.296,3468,0.6938
16366,20:14:55.297,2939,0.4354
16367,20:14:55.297,3259,0.5917
16368,20:14:55.298,3402,0.6615
16369,20:14:55.298,3646,0.7807
16370,20:14:55.299,3810,0.8608
16371,20:14:55.299,3773,0.8427
16372,20:14:55.300,3420,0.6703
16373,20:14:55.300,3479,0.6991
16374,20:14:55.301,3431,0.6757
16375,20:14:55.301,3476,0.6977
16376,20:14:55.302,3295,0.6093
16377,20:14:55.302,3192,0.5590
16378,20:14:55.303,3240,0.5824
16379,20:14:55.303,3489,0.7040
16380,20:14:55.304,3269,0.5966
16381,20:14:55.304,3272,0.5980
16382,20:14:55.305,3133,0.5302
16383,20:14:55.305,3180,0.5531
16384,20:14:55.306,3216,0.5707
16385,20:14:55.306,3116,0.5219
16386,20:14:55.307,2683,0.3104
16387,20:14:55.307,3555,0.7363
16388,20:14:55.308,3733,0.8232
16389,20:14:55.308,3543,0.7304
16390,20:14:55.309,3359,0.6405
16391,20:14:55.309,3631,0.7734
16392,20:14:55.310,3618,0.7670
16393,20:14:55.310,3741,0.8271
16394,20:14:55.311,3573,0.7451
16395,20:14:55.311,3525,0.7216
16396,20:14:55.312,3223,0.5741
16397,20:14:55.312,3241,0.5829
16398,20:14:55.313,3490,0.7045
16399,20:14:55.313,3538,0.7280
16400,20:14:55.314,3136,0.5316
16401,20:14:55.314,3508,0.7133
16402,20:14:55.315,3477,0.6982
16403,20:14:55.315,3621,0.7685
16404,20:14:55.316,3625,0.7705
16405,20:14:55.316,3163,0.5448
16406,20:14:55.317,3497,0.7079
16407,20:14:55.317,3664,0.7895
16408,20:14:55.318,3590,0.7534
16409,20:14:55.318,3286,0.6049
16410,20:14:55.319,3112,0.5199
16411,20:14:55.319,3736,0.8247
16412,20:14:55.320,3323,0.6230
16413,20:14:55.320,3470,0.6947
16414,20:14:55.321,3536,0.7270
16415,20:14:55.321,3522,0.7201
16416,20:14:55.322,3354,0.6381
16417,20:14:55.322,2929,0.4305
16418,20:14:55.323,3819,0.8652
16419,20:14:55.323,3163,0.5448
16420,20:14:55.324,3324,0.6234
16421,20:14:55.324,3269,0.5966
16422,20:14:55.325,3277,0.6005
16423,20:14:55.325,3077,0.5028
16424,20:14:55.326,2990,0.4603
16425,20:14:55.326,3514,0.7162
16426,20:14:55.327,3799,0.8554
16427,20:14:55.327,3578,0.7475
16428,20:14:55.328,3523,0.7206
16429,20:14:55.328,3321,0.6220
16430,20:14:55.329,3755,0.8339
16431,20:14:55.329,3410,0.6654
16432,20:14:55.330,3211,0.5683
16433,20:14:55.330,3683,0.7988
16434,20:14:55.331,3562,0.7397
16435,20:14:55.331,3329,0.6259
16436,20:14:55.332,3521,0.7197
16437,20:14:55.332,3249,0.5868
16438,20:14:55.333,3149,0.5380
16439,20:14:55.333,3391,0.6562
16440,20:14:55.334,3353,0.6376
16441,20:14:55.334,3516,0.7172
16442,20:14:55.335,3517,0.7177
16443,20:14:55.335,2793,0.3641
16444,20:14:55.336,3546,0.7319
16445,20:14:55.336,3374,0.6479
16446,20:14:55.337,3531,0.7245
16447,20:14:55.337,3324,0.6234
16448,20:14:55.338,3321,0.6220
16449,20:14:55.338,3067,0.4979
16450,20:14:55.339,3479,0.6991
16451,20:14:55.339,3692,0.8032
16452,20:14:55.340,2866,0.3998
16453,20:14:55.340,3369,0.6454
16454,20:14:55.341,2990,0.4603
16455,20:14:55.341,3298,0.6107
16456,20:14:55.342,3220,0.5726
16457,20:14:55.342,3207,0.5663
16458,20:14:55.343,3143,0.5350
16459,20:14:55.343,3418,0.6694
16460,20:14:55.344,3335,0.6288
16461,20:14:55.344,3242,0.5834
16462,20:14:55.345,3216,0.5707
16463,20:14:55.345,3305,0.6142
16464,20:14:55.346,3386,0.6537
16465,20:14:55.346,3305,0.6142
16466,20:14:55.347,3269,0.5966
16467,20:14:55.347,3694,0.8042
16468,20:14:55.348,3786,0.8491
16469,20:14:55.348,3406,0.6635
16470,20:14:55.349,3333,0.6278
16471,20:14:55.349,3461,0.6904
16472,20:14:55.350,3705,0.8095
16473,20:14:55.350,3624,0.7700
16474,20:14:55.351,3569,0.7431
16475,20:14:55.351,3516,0.7172
16476,20:14:55.352,3190,0.5580
16477,20:14:55.352,3539,0.7284
16478,20:14:55.353,3474,0.6967
16479,20:14:55.353,3281,0.6024
16480,20:14:55.354,2656,0.2972
16481,20:14:55.354,3252,0.5883
16482,20:14:55.355,3872,0.8911
16483,20:14:55.355,3173,0.5497
16484,20:14:55.356,3098,0.5131
16485,20:14:55.356,3109,0.5184
16486,20:14:55.357,2952,0.4418
16487,20:14:55.357,3613,0.7646
16488,20:14:55.358,3531,0.7245
16489,20:14:55.358,3759,0.8359
16490,20:14:55.359,3764,0.8383
16491,20:14:55.359,3718,0.8159
16492,20:14:55.360,3590,0.7534
16493,20:14:55.360,2919,0.4256
16494,20:14:55.361,3497,0.7079
16495,20:14:55.361,3446,0.6830
16496,20:14:55.362,3315,0.6190
16497,20:14:55.362,3298,0.6107
16498,20:14:55.363,3519,0.7187
16499,20:14:55.363,3366,0.6440
16500,20:14:55.364,3046,0.4877
16501,20:14:55.364,2920,0.4261
16502,20:14:55.365,3189,0.5575
16503,20:14:55.365,3212,0.5687
16504,20:14:55.366,3348,0.6352
16505,20:14:55.366,2918,0.4252
16506,20:14:55.367,3136,0.5316
16507,20:14:55.367,3103,0.5155
16508,20:14:55.368,3245,0.5849
16509,20:14:55.368,3216,0.5707
16510,20:14:55.369,3377,0.6493
16511,20:14:55.369,3314,0.6186
16512,20:14:55.370,3127,0.5272
16513,20:14:55.370,3334,0.6283
16514,20:14:55.371,3543,0.7304
16515,20:14:55.371,3095,0.5116
16516,20:14:55.372,3005,0.4676
16517,20:14:55.372,3106,0.5170
16518,20:14:55.373,3210,0.5678
16519,20:14:55.373,3278,0.6010
16520,20:14:55.374,3451,0.6855
16521,20:14:55.374,3259,0.5917
16522,20:14:55.375,3248,0.5863
16523,20:14:55.375,3435,0.6777
16524,20:14:55.376,3852,0.8813
16525,20:14:55.376,3189,0.5575
16526,20:14:55.377,2972,0.4515
16527,20:14:55.377,3368,0.6449
16528,20:14:55.378,3191,0.5585
16529,20:14:55.378,3290,0.6068
16530,20:14:55.379,3110,0.5189
16531,20:14:55.379,3665,0.7900
16532,20:14:55.380,3202,0.5639
16533,20:14:55.380,3549,0.7333
16534,20:14:55.381,3407,0.6640
16535,20:14:55.381,3397,0.6591
16536,20:14:55.382,3508,0.7133
16537,20:14:55.382,3261,0.5927
16538,20:14:55.383,3268,0.5961
16539,20:14:55.383,3511,0.7148
16540,20:14:55.384,3566,0.7416
16541,20:14:55.384,3324,0.6234
16542,20:14:55.385,3278,0.6010
16543,20:14:55.385,3184,0.5551
16544,20:14:55.386,3120,0.5238
16545,20:14:55.386,3339,0.6308
16546,20:14:55.387,3100,0.5140
16547,20:14:55.387,3610,0.7631
16548,20:14:55.388,3767,0.8398
16549,20:14:55.388,3600,0.7582
16550,20:14:55.389,3157,0.5419
16551,20:14:55.389,3696,0.8051
16552,20:14:55.390,3754,0.8335
16553,20:14:55.390,3664,0.7895
16554,20:14:55.391,3525,0.7216
16555,20:14:55.391,3764,0.8383
16556,20:14:55.392,3377,0.6493
16557,20:14:55.392,3217,0.5712
16558,20:14:55.393,3160,0.5433
16559,20:14:55.393,3351,0.6366
16560,20:14:55.394,3553,0.7353
16561,20:14:55.394,3261,0.5927
16562,20:14:55.395,3094,0.5111
16563,20:14:55.395,3407,0.6640
16564,20:14:55.396,3036,0.4828
16565,20:14:55.396,3244,0.5844
16566,20:14:55.397,3512,0.7153
16567,20:14:55.397,3791,0.8515
16568,20:14:55.398,3680,0.7973
16569,20:14:55.398,3699,0.8066
16570,20:14:55.399,3562,0.7397
16571,20:14:55.399,3444,0.6821
16572,20:14:55.400,3188,0.5570
16573,20:14:55.400,3158,0.5424
16574,20:14:55.401,2835,0.3846
16575,20:14:55.401,3479,0.6991
16576,20:14:55.402,3176,0.5512
16577,20:14:55.402,2597,0.2684
16578,20:14:55.403,3139,0.5331
16579,20:14:55.403,3262,0.5932
16580,20:14:55.404,3124,0.5258
16581,20:14:55.404,3229,0.5770
16582,20:14:55.405,3383,0.6523
16583,20:14:55.405,3064,0.4965
16584,20:14:55.406,3152,0.5394
16585,20:14:55.406,3427,0.6737
16586,20:14:55.407,3488,0.7035
16587,20:14:55.407,3568,0.7426
16588,20:14:55.408,3391,0.6562
16589,20:14:55.408,3276,0.6000
16590,20:14:55.409,3542,0.7299
16591,20:14:55.409,3303,0.6132
16592,20:14:55.410,3360,0.6410
16593,20:14:55.410,3488,0.7035
16594,20:14:55.411,3633,0.7744
16595,20:14:55.411,2939,0.4354
16596,20:14:55.412,3080,0.5043
16597,20:14:55.412,2936,0.4339
16598,20:14:55.413,3111,0.5194
16599,20:14:55.413,3125,0.5263
16600,20:14:55.414,3311,0.6171
16601,20:14:55.414,3249,0.5868
16602,20:14:55.415,3146,0.5365
16603,20:14:55.415,3144,0.5355
16604,20:14:55.416,3037,0.4833
16605,20:14:55.416,3437,0.6786
16606,20:14:55.417,3409,0.6650
16607,20:14:55.417,3395,0.6581
16608,20:14:55.418,3126,0.5267
16609,20:14:55.418,2879,0.4061
16610,20:14:55.419,3620,0.7680
16611,20:14:55.419,3510,0.7143
16612,20:14:55.420,3447,0.6835
16613,20:14:55.420,3555,0.7363
16614,20:14:55.421,2708,0.3226
16615,20:14:55.421,3337,0.6298
16616,20:14:55.422,3342,0.6322
16617,20:14:55.422,3120,0.5238
16618,20:14:55.423,2904,0.4183
16619,20:14:55.423,3229,0.5770
16620,20:14:55.424,3529,0.7236
16621,20:14:55.424,3144,0.5355
16622,20:14:55.425,3101,0.5145
16623,20:14:55.425,3134,0.5306
16624,20:14:55.426,3304,0.6137
16625,20:14:55.426,3376,0.6488
16626,20:14:55.427,3361,0.6415
16627,20:14:55.427,3540,0.7289
16628,20:14:55.428,3622,0.7690
16629,20:14:55.428,3625,0.7705
16630,20:14:55.429,3419,0.6698
16631,20:14:55.429,3461,0.6904
16632,20:14:55.430,3555,0.7363
16633,20:14:55.430,3561,0.7392
16634,20:14:55.431,3424,0.6723
16635,20:14:55.431,3545,0.7314
16636,20:14:55.432,3111,0.5194
16637,20:14:55.432,3190,0.5580
16638,20:14:55.433,3257,0.5907
16639,20:14:55.433,3491,0.7050
16640,20:14:55.434,2970,0.4505
16641,20:14:55.434,3191,0.5585
16642,20:14:55.435,2956,0.4437
16643,20:14:55.435,3046,0.4877
16644,20:14:55.436,3209,0.5673
16645,20:14:55.436,3332,0.6274
16646,20:14:55.437,3523,0.7206
16647,20:14:55.437,3574,0.7455
16648,20:14:55.438,3355,0.6386
16649,20:14:55.438,3264,0.5941
16650,20:14:55.439,3767,0.8398
16651,20:14:55.439,3717,0.8154
16652,20:14:55.440,3697,0.8056
16653,20:14:55.440,3259,0.5917
16654,20:14:55.441,3165,0.5458
16655,20:14:55.441,3338,0.6303
16656,20:14:55.442,3103,0.5155
16657,20:14:55.442,3151,0.5389
16658,20:14:55.443,3391,0.6562
16659,20:14:55.443,3308,0.6156
16660,20:14:55.444,2971,0.4510
16661,20:14:55.444,2894,0.4134
16662,20:14:55.445,3313,0.6181
16663,20:14:55.445,2960,0.4457
16664,20:14:55.446,3032,0.4808
16665,20:14:55.446,3479,0.6991
16666,20:14:55.447,3675,0.7949
16667,20:14:55.447,3605,0.7607
16668,20:14:55.448,3566,0.7416
16669,20:14:55.448,3425,0.6728
16670,20:14:55.449,3325,0.6239
16671,20:14:55.449,3520,0.7192
16672,20:14:55.450,3571,0.7441
16673,20:14:55.450,3534,0.7260
16674,20:14:55.451,3588,0.7524
16675,20:14:55.451,3472,0.6957
16676,20:14:55.452,3578,0.7475
16677,20:14:55.452,3437,0.6786
16678,20:14:55.453,3050,0.4896
16679,20:14:55.453,3380,0.6508
16680,20:14:55.454,3408,0.6645
16681,20:14:55.454,3320,0.6215
16682,20:14:55.455,2985,0.4579
16683,20:14:55.455,3085,0.5067
16684,20:14:55.456,2791,0.3631
16685,20:14:55.456,3205,0.5653
16686,20:14:55.457,3534,0.7260
16687,20:14:55.457,3543,0.7304
16688,20:14:55.458,3369,0.6454
16689,20:14:55.458,3713,0.8134
16690,20:14:55.459,3700,0.8071
16691,20:14:55.459,3649,0.7822
16692,20:14:55.460,3192,0.5590
16693,20:14:55.460,3157,0.5419
16694,20:14:55.461,3063,0.4960
16695,20:14:55.461,3271,0.5976
16696,20:14:55.462,3297,0.6103
16697,20:14:55.462,3130,0.5287
16698,20:14:55.463,3212,0.5687
16699,20:14:55.463,3309,0.6161
16700,20:14:55.464,3311,0.6171
16701,20:14:55.464,3413,0.6669
16702,20:14:55.465,3082,0.5053
16703,20:14:55.465,3284,0.6039
16704,20:14:55.466,3376,0.6488
16705,20:14:55.466,3471,0.6952
16706,20:14:55.467,3211,0.5683
16707,20:14:55.467,3392,0.6567
16708,20:14:55.468,3417,0.6689
16709,20:14:55.468,3762,0.8374
16710,20:14:55.469,3052,0.4906
16711,20:14:55.469,3221,0.5731
16712,20:14:55.470,3534,0.7260
16713,20:14:55.470,3663,0.7890
16714,20:14:55.471,3495,0.7070
16715,20:14:55.471,3549,0.7333
16716,20:14:55.472,3499,0.7089
16717,20:14:55.472,3437,0.6786
16718,20:14:55.473,3032,0.4808
16719,20:14:55.473,3826,0.8686
16720,20:14:55.474,3371,0.6464
16721,20:14:55.474,3099,0.5136
16722,20:14:55.475,3149,0.5380
16723,20:14:55.475,3302,0.6127
16724,20:14:55.476,3217,0.5712
16725,20:14:55.476,3390,0.6557
16726,20:14:55.477,3119,0.5233
16727,20:14:55.477,3325,0.6239
16728,20:14:55.478,3755,0.8339
16729,20:14:55.478,3038,0.4838
16730,20:14:55.479,3780,0.8462
16731,20:14:55.479,3743,0.8281
16732,20:14:55.480,3636,0.7758
16733,20:14:55.480,3390,0.6557
16734,20:14:55.481,3039,0.4842
16735,20:14:55.481,3016,0.4730
16736,20:14:55.482,3277,0.6005
16737,20:14:55.482,3237,0.5810
16738,20:14:55.483,3279,0.6015
16739,20:14:55.483,3333,0.6278
16740,20:14:55.484,3116,0.5219
16741,20:14:55.484,3248,0.5863
16742,20:14:55.485,3308,0.6156
16743,20:14:55.485,3138,0.5326
16744,20:14:55.486,3196,0.5609
16745,20:14:55.486,3288,0.6059
16746,20:14:55.487,3597,0.7568
16747,20:14:55.487,3657,0.7861
16748,20:14:55.488,3579,0.7480
16749,20:14:55.488,3232,0.5785
16750,20:14:55.489,3435,0.6777
16751,20:14:55.489,3662,0.7885
16752,20:14:55.490,3513,0.7158
16753,20:14:55.490,3591,0.7538
16754,20:14:55.491,3697,0.8056
16755,20:14:55.491,3312,0.6176
16756,20:14:55.492,3136,0.5316
16757,20:14:55.492,3310,0.6166
16758,20:14:55.493,3178,0.5521
16759,20:14:55.493,3255,0.5897
16760,20:14:55.494,3297,0.6103
16761,20:14:55.494,3195,0.5604
16762,20:14:55.495,3145,0.5360
16763,20:14:55.495,3074,0.5013
16764,20:14:55.496,3222,0.5736
16765,20:14:55.496,3292,0.6078
16766,20:14:55.497,3476,0.6977
16767,20:14:55.497,3477,0.6982
16768,20:14:55.498,3240,0.5824
16769,20:14:55.498,3745,0.8291
16770,20:14:55.499,3917,0.9131
16771,20:14:55.499,3088,0.5082
16772,20:14:55.500,3560,0.7387
16773,20:14:55.500,3254,0.5893
16774,20:14:55.501,3785,0.8486
16775,20:14:55.501,3349,0.6357
16776,20:14:55.502,3156,0.5414
16777,20:14:55.502,3175,0.5507
16778,20:14:55.503,3203,0.5643
16779,20:14:55.503,3211,0.5683
16780,20:14:55.504,3023,0.4764
16781,20:14:55.504,3295,0.6093
16782,20:14:55.505,2860,0.3968
16783,20:14:55.505,3217,0.5712
16784,20:14:55.506,3349,0.6357
16785,20:14:55.506,3386,0.6537
16786,20:14:55.507,3533,0.7255
16787,20:14:55.507,3488,0.7035
16788,20:14:55.508,3691,0.8027
16789,20:14:55.508,3706,0.8100
16790,20:14:55.509,3245,0.5849
16791,20:14:55.509,3124,0.5258
16792,20:14:55.510,3430,0.6752
16793,20:14:55.510,3541,0.7294
16794,20:14:55.511,3474,0.6967
16795,20:14:55.511,3550,0.7338
16796,20:14:55.512,3374,0.6479
16797,20:14:55.512,3077,0.5028
16798,20:14:55.513,3412,0.6664
16799,20:14:55.513,3145,0.5360
16800,20:14:55.514,3246,0.5853
16801,20:14:55.514,3244,0.5844
16802,20:14:55.515,3250,0.5873
16803,20:14:55.515,3264,0.5941
16804,20:14:55.516,3138,0.5326
16805,20:14:55.516,3248,0.5863
16806,20:14:55.517,3211,0.5683
16807,20:14:55.517,3339,0.6308
16808,20:14:55.518,3313,0.6181
16809,20:14:55.518,3701,0.8076
16810,20:14:55.519,3750,0.8315
16811,20:14:55.519,3668,0.7915
16812,20:14:55.520,3679,0.7968
16813,20:14:55.520,3366,0.6440
16814,20:14:55.521,3495,0.7070
16815,20:14:55.521,3438,0.6791
16816,20:14:55.522,3486,0.7026
16817,20:14:55.522,3274,0.5990
16818,20:14:55.523,2842,0.3880
16819,20:14:55.523,3168,0.5473
16820,20:14:55.524,3224,0.5746
16821,20:14:55.524,3312,0.6176
16822,20:14:55.525,3109,0.5184
16823,20:14:55.525,2989,0.4598
16824,20:14:55.526,3092,0.5101
16825,20:14:55.526,3280,0.6020
16826,20:14:55.527,3304,0.6137
16827,20:14:55.527,3656,0.7856
16828,20:14:55.528,3561,0.7392
16829,20:14:55.528,3166,0.5463
16830,20:14:55.529,2746,0.3411
16831,20:14:55.529,3676,0.7954
16832,20:14:55.530,3497,0.7079
16833,20:14:55.530,3435,0.6777
16834,20:14:55.531,3591,0.7538
16835,20:14:55.531,3666,0.7905
16836,20:14:55.532,3399,0.6601
16837,20:14:55.532,3449,0.6845
16838,20:14:55.533,3354,0.6381
16839,20:14:55.533,3384,0.6527
16840,20:14:55.534,3108,0.5179
16841,20:14:55.534,3340,0.6313
16842,20:14:55.535,3030,0.4799
16843,20:14:55.535,3170,0.5482
16844,20:14:55.536,3290,0.6068
16845,20:14:55.536,3417,0.6689
16846,20:14:55.537,3103,0.5155
16847,20:14:55.537,3608,0.7621
16848,20:14:55.538,3463,0.6913
16849,20:14:55.538,3058,0.4935
16850,20:14:55.539,3754,0.8335
16851,20:14:55.539,3706,0.8100
16852,20:14:55.540,3400,0.6606
16853,20:14:55.540,2910,0.4212
16854,20:14:55.541,3249,0.5868
16855,20:14:55.541,3384,0.6527
16856,20:14:55.542,3080,0.5043
16857,20:14:55.542,3107,0.5175
16858,20:14:55.543,3169,0.5477
16859,20:14:55.543,3245,0.5849
16860,20:14:55.544,3314,0.6186
16861,20:14:55.544,3332,0.6274
16862,20:14:55.545,3142,0.5346
16863,20:14:55.545,3269,0.5966
16864,20:14:55.546,2926,0.4291
16865,20:14:55.546,3617,0.7665
16866,20:14:55.547,3269,0.5966
16867,20:14:55.547,3371,0.6464
16868,20:14:55.548,3659,0.7871
16869,20:14:55.548,3449,0.6845
16870,20:14:55.549,3563,0.7402
16871,20:14:55.549,3136,0.5316
16872,20:14:55.550,3555,0.7363
16873,20:14:55.550,3688,0.8012
16874,20:14:55.551,3528,0.7231
16875,20:14:55.551,3490,0.7045
16876,20:14:55.552,3390,0.6557
16877,20:14:55.552,3398,0.6596
16878,20:14:55.553,3028,0.4789
16879,20:14:55.553,2840,0.3871
16880,20:14:55.554,3355,0.6386
16881,20:14:55.554,3482,0.7006
16882,20:14:55.555,3301,0.6122
16883,20:14:55.555,3034,0.4818
16884,20:14:55.556,3233,0.5790
16885,20:14:55.556,3483,0.7011
16886,20:14:55.557,3035,0.4823
16887,20:14:55.557,3481,0.7001
16888,20:14:55.558,3585,0.7509
16889,20:14:55.558,3067,0.4979
16890,20:14:55.559,3589,0.7529
16891,20:14:55.559,3806,0.8589
16892,20:14:55.560,3109,0.5184
16893,20:14:55.560,2832,0.3832
16894,20:14:55.561,3274,0.5990
16895,20:14:55.561,3549,0.7333
16896,20:14:55.562,3223,0.5741
16897,20:14:55.562,3032,0.4808
16898,20:14:55.563,2951,0.4413
16899,20:14:55.563,3272,0.5980
16900,20:14:55.564,3447,0.6835
16901,20:14:55.564,3181,0.5536
16902,20:14:55.565,2799,0.3670
16903,20:14:55.565,3186,0.5560
16904,20:14:55.566,3331,0.6269
16905,20:14:55.566,3210,0.5678
16906,20:14:55.567,3331,0.6269
16907,20:14:55.567,3486,0.7026
16908,20:14:55.568,3715,0.8144
16909,20:14:55.568,3176,0.5512
16910,20:14:55.569,3252,0.5883
16911,20:14:55.569,3702,0.8081
16912,20:14:55.570,3548,0.7328
16913,20:14:55.570,3498,0.7084
16914,20:14:55.571,3529,0.7236
16915,20:14:55.571,3310,0.6166
16916,20:14:55.572,2969,0.4501
16917,20:14:55.572,3248,0.5863
16918,20:14:55.573,3613,0.7646
16919,20:14:55.573,3257,0.5907
16920,20:14:55.574,3105,0.5165
16921,20:14:55.574,3556,0.7368
16922,20:14:55.575,3235,0.5800
16923,20:14:55.575,3260,0.5922
16924,20:14:55.576,3129,0.5282
16925,20:14:55.576,3370,0.6459
16926,20:14:55.577,3585,0.7509
16927,20:14:55.577,3544,0.7309
16928,20:14:55.578,3209,0.5673
16929,20:14:55.578,3102,0.5150
16930,20:14:55.579,3090,0.5092
16931,20:14:55.579,3062,0.4955
16932,20:14:55.580,3425,0.6728
16933,20:14:55.580,2742,0.3392
16934,20:14:55.581,3714,0.8139
16935,20:14:55.581,3440,0.6801
16936,20:14:55.582,3065,0.4969
16937,20:14:55.582,3159,0.5429
16938,20:14:55.583,3441,0.6806
16939,20:14:55.583,3212,0.5687
16940,20:14:55.584,3368,0.6449
16941,20:14:55.584,3183,0.5546
16942,20:14:55.585,3309,0.6161
16943,20:14:55.585,3138,0.5326
16944,20:14:55.586,3284,0.6039
16945,20:14:55.586,3397,0.6591
16946,20:14:55.587,3632,0.7739
16947,20:14:55.587,3611,0.7636
16948,20:14:55.588,3576,0.7465
16949,20:14:55.588,3471,0.6952
16950,20:14:55.589,3442,0.6811
16951,20:14:55.589,3237,0.5810
16952,20:14:55.590,3514,0.7162
16953,20:14:55.590,3580,0.7485
16954,20:14:55.591,3397,0.6591
16955,20:14:55.591,3458,0.6889
16956,20:14:55.592,3332,0.6274
16957,20:14:55.592,2894,0.4134
16958,20:14:55.593,2974,0.4525
16959,20:14:55.593,3298,0.6107
16960,20:14:55.594,3245,0.5849
16961,20:14:55.594,3277,0.6005
16962,20:14:55.595,3240,0.5824
16963,20:14:55.595,3258,0.5912
16964,20:14:55.596,3253,0.5888
16965,20:14:55.596,3336,0.6293
16966,20:14:55.597,3194,0.5600
16967,20:14:55.597,3167,0.5468
16968,20:14:55.598,2894,0.4134
16969,20:14:55.598,3499,0.7089
16970,20:14:55.599,3441,0.6806
16971,20:14:55.599,3804,0.8579
16972,20:14:55.600,3715,0.8144
16973,20:14:55.600,3772,0.8422
16974,20:14:55.601,4027,0.9668
16975,20:14:55.601,3516,0.7172
16976,20:14:55.602,3737,0.8252
16977,20:14:55.602,3724,0.8188
16978,20:14:55.603,4008,0.9575
16979,20:14:55.603,3930,0.9194
16980,20:14:55.604,3703,0.8085
16981,20:14:55.604,3664,0.7895
16982,20:14:55.605,3903,0.9062
16983,20:14:55.605,3468,0.6938
16984,20:14:55.606,3462,0.6908
16985,20:14:55.606,3301,0.6122
16986,20:14:55.607,3858,0.8842
16987,20:14:55.607,3978,0.9429
16988,20:14:55.608,3928,0.9184
16989,20:14:55.608,3572,0.7446
16990,20:14:55.609,3294,0.6088
16991,20:14:55.609,2683,0.3104
16992,20:14:55.610,3506,0.7123
16993,20:14:55.610,3508,0.7133
16994,20:14:55.611,3532,0.7250
16995,20:14:55.611,3486,0.7026
16996,20:14:55.612,3336,0.6293
16997,20:14:55.612,3471,0.6952
16998,20:14:55.613,3561,0.7392
16999,20:14:55.613,3131,0.5292
17000,20:14:55.614,3116,0.5219
17001,20:14:55.614,3330,0.6264
17002,20:14:55.615,3396,0.6586
17003,20:14:55.615,3219,0.5722
17004,20:14:55.616,3295,0.6093
17005,20:14:55.616,3208,0.5668
17006,20:14:55.617,3443,0.6816
17007,20:14:55.617,3421,0.6708
17008,20:14:55.618,3247,0.5858
17009,20:14:55.618,3189,0.5575
17010,20:14:55.619,3212,0.5687
17011,20:14:55.619,3240,0.5824
17012,20:14:55.620,3179,0.5526
17013,20:14:55.620,3219,0.5722
17014,20:14:55.621,3247,0.5858
17015,20:14:55.621,3171,0.5487
17016,20:14:55.622,3039,0.4842
17017,20:14:55.622,3276,0.6000
17018,20:14:55.623,3217,0.5712
17019,20:14:55.623,2907,0.4198
17020,20:14:55.624,3021,0.4755
17021,20:14:55.624,3195,0.5604
17022,20:14:55.625,3169,0.5477
17023,20:14:55.625,2662,0.3001
17024,20:14:55.626,3164,0.5453
17025,20:14:55.626,3238,0.5814
17026,20:14:55.627,3178,0.5521
17027,20:14:55.627,3146,0.5365
17028,20:14:55.628,3166,0.5463
17029,20:14:55.628,3847,0.8789
17030,20:14:55.629,4088,0.9966
17031,20:14:55.629,3622,0.7690
17032,20:14:55.630,3928,0.9184
17033,20:14:55.630,4095,1.0000
17034,20:14:55.631,3826,0.8686
17035,20:14:55.631,4077,0.9912
17036,20:14:55.632,3873,0.8916
17037,20:14:55.632,3743,0.8281
17038,20:14:55.633,2751,0.3436
17039,20:14:55.633,3171,0.5487
17040,20:14:55.634,3213,0.5692
17041,20:14:55.634,3194,0.5600
17042,20:14:55.635,2938,0.4349
17043,20:14:55.635,3189,0.5575
17044,20:14:55.636,3244,0.5844
17045,20:14:55.636,3254,0.5893
17046,20:14:55.637,3139,0.5331
17047,20:14:55.637,3210,0.5678
17048,20:14:55.638,3210,0.5678
17049,20:14:55.638,3213,0.5692
17050,20:14:55.639,3186,0.5560
17051,20:14:55.639,3224,0.5746
17052,20:14:55.640,3225,0.5751
17053,20:14:55.640,3254,0.5893
17054,20:14:55.641,3781,0.8466
17055,20:14:55.641,3873,0.8916
17056,20:14:55.642,3667,0.7910
17057,20:14:55.642,3386,0.6537
17058,20:14:55.643,3500,0.7094
17059,20:14:55.643,3825,0.8681
17060,20:14:55.644,4022,0.9643
17061,20:14:55.644,3645,0.7802
17062,20:14:55.645,3639,0.7773
17063,20:14:55.645,4095,1.0000
17064,20:14:55.646,3165,0.5458
17065,20:14:55.646,3533,0.7255
17066,20:14:55.647,3677,0.7958
17067,20:14:55.647,3955,0.9316
17068,20:14:55.648,4095,1.0000
17069,20:14:55.648,3873,0.8916
17070,20:14:55.649,3799,0.8554
17071,20:14:55.649,3983,0.9453
17072,20:14:55.650,3757,0.8349
17073,20:14:55.650,3752,0.8325
17074,20:14:55.651,3499,0.7089
17075,20:14:55.651,3649,0.7822
17076,20:14:55.652,3496,0.7074
17077,20:14:55.652,3378,0.6498
17078,20:14:55.653,3375,0.6484
17079,20:14:55.653,3481,0.7001
17080,20:14:55.654,3587,0.7519
17081,20:14:55.654,3339,0.6308
17082,20:14:55.655,3141,0.5341
17083,20:14:55.655,3261,0.5927
17084,20:14:55.656,3118,0.5228
17085,20:14:55.656,3121,0.5243
17086,20:14:55.657,3815,0.8632
17087,20:14:55.657,4027,0.9668
17088,20:14:55.658,3863,0.8867
17089,20:14:55.658,3960,0.9341
17090,20:14:55.659,3989,0.9482
17091,20:14:55.659,4029,0.9678
17092,20:14:55.660,3890,0.8999
17093,20:14:55.660,3060,0.4945
17094,20:14:55.661,3488,0.7035
17095,20:14:55.661,3732,0.8227
17096,20:14:55.662,3695,0.8046
17097,20:14:55.662,3372,0.6469
17098,20:14:55.663,3443,0.6816
17099,20:14:55.663,3287,0.6054
17100,20:14:55.664,3355,0.6386
17101,20:14:55.664,3469,0.6943
17102,20:14:55.665,3576,0.7465
17103,20:14:55.665,3532,0.7250
17104,20:14:55.666,3398,0.6596
17105,20:14:55.666,3113,0.5204
17106,20:14:55.667,3976,0.9419
17107,20:14:55.667,3766,0.8393
17108,20:14:55.668,3730,0.8217
17109,20:14:55.668,3888,0.8989
17110,20:14:55.669,3984,0.9458
17111,20:14:55.669,3723,0.8183
17112,20:14:55.670,3740,0.8266
17113,20:14:55.670,3895,0.9023
17114,20:14:55.671,3778,0.8452
17115,20:14:55.671,3758,0.8354
17116,20:14:55.672,3826,0.8686
17117,20:14:55.672,3117,0.5223
17118,20:14:55.673,3657,0.7861
17119,20:14:55.673,3426,0.6733
17120,20:14:55.674,3597,0.7568
17121,20:14:55.674,3274,0.5990
17122,20:14:55.675,3293,0.6083
17123,20:14:55.675,3472,0.6957
17124,20:14:55.676,3723,0.8183
17125,20:14:55.676,3385,0.6532
17126,20:14:55.677,3539,0.7284
17127,20:14:55.677,3717,0.8154
17128,20:14:55.678,3649,0.7822
17129,20:14:55.678,3547,0.7324
17130,20:14:55.679,3835,0.8730
17131,20:14:55.679,3888,0.8989
17132,20:14:55.680,3776,0.8442
17133,20:14:55.680,3874,0.8921
17134,20:14:55.681,3739,0.8261
17135,20:14:55.681,3602,0.7592
17136,20:14:55.682,3393,0.6571
17137,20:14:55.682,3288,0.6059
17138,20:14:55.683,3346,0.6342
17139,20:14:55.683,3279,0.6015
17140,20:14:55.684,3278,0.6010
17141,20:14:55.684,3322,0.6225
17142,20:14:55.685,3306,0.6147
17143,20:14:55.685,3208,0.5668
17144,20:14:55.686,3203,0.5643
17145,20:14:55.686,3246,0.5853
17146,20:14:55.687,3377,0.6493
17147,20:14:55.687,3748,0.8305
17148,20:14:55.688,3884,0.8969
17149,20:14:55.688,3627,0.7714
17150,20:14:55.689,3494,0.7065
17151,20:14:55.689,3438,0.6791
17152,20:14:55.690,3756,0.8344
17153,20:14:55.690,3755,0.8339
17154,20:14:55.691,3599,0.7578
17155,20:14:55.691,3698,0.8061
17156,20:14:55.692,3382,0.6518
17157,20:14:55.692,3539,0.7284
17158,20:14:55.693,3761,0.8369
17159,20:14:55.693,3441,0.6806
17160,20:14:55.694,3246,0.5853
17161,20:14:55.694,3323,0.6230
17162,20:14:55.695,3267,0.5956
17163,20:14:55.695,3480,0.6996
17164,20:14:55.696,3233,0.5790
17165,20:14:55.696,3437,0.6786
17166,20:14:55.697,3485,0.7021
17167,20:14:55.697,3844,0.8774
17168,20:14:55.698,3778,0.8452
17169,20:14:55.698,3970,0.9389
17170,20:14:55.699,3938,0.9233
17171,20:14:55.699,3929,0.9189
17172,20:14:55.700,3412,0.6664
17173,20:14:55.700,2936,0.4339
17174,20:14:55.701,3201,0.5634
17175,20:14:55.701,3505,0.7118
17176,20:14:55.702,3635,0.7753
17177,20:14:55.702,3016,0.4730
17178,20:14:55.703,3399,0.6601
17179,20:14:55.703,3351,0.6366
17180,20:14:55.704,3340,0.6313
17181,20:14:55.704,3398,0.6596
17182,20:14:55.705,3217,0.5712
17183,20:14:55.705,3266,0.5951
17184,20:14:55.706,3281,0.6024
17185,20:14:55.706,3343,0.6327
17186,20:14:55.707,3181,0.5536
17187,20:14:55.707,3369,0.6454
17188,20:14:55.708,3637,0.7763
17189,20:14:55.708,3671,0.7929
17190,20:14:55.709,3789,0.8505
17191,20:14:55.709,3622,0.7690
17192,20:14:55.710,3680,0.7973
17193,20:14:55.710,3641,0.7783
17194,20:14:55.711,3764,0.8383
17195,20:14:55.711,3674,0.7944
17196,20:14:55.712,3589,0.7529
17197,20:14:55.712,3303,0.6132
17198,20:14:55.713,3594,0.7553
17199,20:14:55.713,3445,0.6825
17200,20:14:55.714,3459,0.6894
17201,20:14:55.714,3359,0.6405
17202,20:14:55.715,3319,0.6210
17203,20:14:55.715,3290,0.6068
17204,20:14:55.716,3058,0.4935
17205,20:14:55.716,3441,0.6806
17206,20:14:55.717,3277,0.6005
17207,20:14:55.717,3581,0.7490
17208,20:14:55.718,3655,0.7851
17209,20:14:55.718,3503,0.7109
17210,20:14:55.719,3649,0.7822
17211,20:14:55.719,3948,0.9282
17212,20:14:55.720,3451,0.6855
17213,20:14:55.720,3149,0.5380
17214,20:14:55.721,3272,0.5980
17215,20:14:55.721,3365,0.6435
17216,20:14:55.722,3181,0.5536
17217,20:14:55.722,3557,0.7372
17218,20:14:55.723,3083,0.5057
17219,20:14:55.723,3298,0.6107
17220,20:14:55.724,3260,0.5922
17221,20:14:55.724,3048,0.4886
17222,20:14:55.725,3221,0.5731
17223,20:14:55.725,3280,0.6020
17224,20:14:55.726,3266,0.5951
17225,20:14:55.726,3309,0.6161
17226,20:14:55.727,3105,0.5165
17227,20:14:55.727,3351,0.6366
17228,20:14:55.728,3819,0.8652
17229,20:14:55.728,3820,0.8657
17230,20:14:55.729,3524,0.7211
17231,20:14:55.729,3728,0.8208
17232,20:14:55.730,3812,0.8618
17233,20:14:55.730,3537,0.7275
17234,20:14:55.731,3433,0.6767
17235,20:14:55.731,3586,0.7514
17236,20:14:55.732,3505,0.7118
17237,20:14:55.732,3091,0.5096
17238,20:14:55.733,3591,0.7538
17239,20:14:55.733,3512,0.7153
17240,20:14:55.734,3377,0.6493
17241,20:14:55.734,3245,0.5849
17242,20:14:55.735,3176,0.5512
17243,20:14:55.735,3086,0.5072
17244,20:14:55.736,3155,0.5409
17245,20:14:55.736,3138,0.5326
17246,20:14:55.737,3653,0.7841
17247,20:14:55.737,3603,0.7597
17248,20:14:55.738,3845,0.8779
17249,20:14:55.738,3528,0.7231
17250,20:14:55.739,3842,0.8764
17251,20:14:55.739,3809,0.8603
17252,20:14:55.740,3766,0.8393
17253,20:14:55.740,3014,0.4720
17254,20:14:55.741,3232,0.5785
17255,20:14:55.741,3480,0.6996
17256,20:14:55.742,3503,0.7109
17257,20:14:55.742,3442,0.6811
17258,20:14:55.743,3174,0.5502
17259,20:14:55.743,3175,0.5507
17260,20:14:55.744,3265,0.5946
17261,20:14:55.744,3471,0.6952
17262,20:14:55.745,3381,0.6513
17263,20:14:55.745,3147,0.5370
17264,20:14:55.746,3296,0.6098
17265,20:14:55.746,3664,0.7895
17266,20:14:55.747,3316,0.6195
17267,20:14:55.747,3642,0.7788
17268,20:14:55.748,3736,0.8247
17269,20:14:55.748,3677,0.7958
17270,20:14:55.749,3814,0.8628
17271,20:14:55.749,3734,0.8237
17272,20:14:55.750,3604,0.7602
17273,20:14:55.750,3663,0.7890
17274,20:14:55.751,3704,0.8090
17275,20:14:55.751,3549,0.7333
17276,20:14:55.752,3416,0.6684
17277,20:14:55.752,3401,0.6611
17278,20:14:55.753,3284,0.6039
17279,20:14:55.753,3271,0.5976
17280,20:14:55.754,3263,0.5937
17281,20:14:55.754,3531,0.7245
17282,20:14:55.755,3402,0.6615
17283,20:14:55.755,3294,0.6088
17284,20:14:55.756,3126,0.5267
17285,20:14:55.756,3492,0.7055
17286,20:14:55.757,3699,0.8066
17287,20:14:55.757,3574,0.7455
17288,20:14:55.758,3552,0.7348
17289,20:14:55.758,3631,0.7734
17290,20:14:55.759,3805,0.8584
17291,20:14:55.759,3667,0.7910
17292,20:14:55.760,3369,0.6454
17293,20:14:55.760,3379,0.6503
17294,20:14:55.761,3488,0.7035
17295,20:14:55.761,3439,0.6796
17296,20:14:55.762,3005,0.4676
17297,20:14:55.762,3314,0.6186
17298,20:14:55.763,3217,0.5712
17299,20:14:55.763,3367,0.6444
17300,20:14:55.764,3528,0.7231
17301,20:14:55.764,3298,0.6107
17302,20:14:55.765,2979,0.4549
17303,20:14:55.765,3320,0.6215
17304,20:14:55.766,3463,0.6913
17305,20:14:55.766,3213,0.5692
17306,20:14:55.767,3401,0.6611
17307,20:14:55.767,3592,0.7543
17308,20:14:55.768,3637,0.7763
17309,20:14:55.768,3733,0.8232
17310,20:14:55.769,3288,0.6059
17311,20:14:55.769,3371,0.6464
17312,20:14:55.770,3506,0.7123
17313,20:14:55.770,3654,0.7846
17314,20:14:55.771,3560,0.7387
17315,20:14:55.771,3684,0.7993
17316,20:14:55.772,3284,0.6039
17317,20:14:55.772,3245,0.5849
17318,20:14:55.773,3705,0.8095
17319,20:14:55.773,3461,0.6904
17320,20:14:55.774,2881,0.4071
17321,20:14:55.774,3301,0.6122
17322,20:14:55.775,3443,0.6816
17323,20:14:55.775,3504,0.7114
17324,20:14:55.776,3213,0.5692
17325,20:14:55.776,3256,0.5902
17326,20:14:55.777,2989,0.4598
17327,20:14:55.777,3499,0.7089
17328,20:14:55.778,3757,0.8349
17329,20:14:55.778,3606,0.7612
17330,20:14:55.779,3826,0.8686
17331,20:14:55.779,3835,0.8730
17332,20:14:55.780,3756,0.8344
17333,20:14:55.780,3607,0.7617
17334,20:14:55.781,3300,0.6117
17335,20:14:55.781,3486,0.7026
17336,20:14:55.782,3254,0.5893
17337,20:14:55.782,3233,0.5790
17338,20:14:55.783,3444,0.6821
17339,20:14:55.783,3267,0.5956
17340,20:14:55.784,3144,0.5355
17341,20:14:55.784,3269,0.5966
17342,20:14:55.785,3236,0.5805
17343,20:14:55.785,3211,0.5683
17344,20:14:55.786,3145,0.5360
17345,20:14:55.786,3321,0.6220
17346,20:14:55.787,3424,0.6723
17347,20:14:55.787,3801,0.8564
17348,20:14:55.788,3533,0.7255
17349,20:14:55.788,3223,0.5741
17350,20:14:55.789,3167,0.5468
17351,20:14:55.789,3489,0.7040
17352,20:14:55.790,3589,0.7529
17353,20:14:55.790,3682,0.7983
17354,20:14:55.791,3488,0.7035
17355,20:14:55.791,3608,0.7621
17356,20:14:55.792,3551,0.7343
17357,20:14:55.792,3379,0.6503
17358,20:14:55.793,3334,0.6283
17359,20:14:55.793,3140,0.5336
17360,20:14:55.794,3644,0.7797
17361,20:14:55.794,3416,0.6684
17362,20:14:55.795,3203,0.5643
17363,20:14:55.795,3309,0.6161
17364,20:14:55.796,3297,0.6103
17365,20:14:55.796,3365,0.6435
17366,20:14:55.797,3349,0.6357
17367,20:14:55.797,3441,0.6806
17368,20:14:55.798,3515,0.7167
17369,20:14:55.798,3357,0.6396
17370,20:14:55.799,3705,0.8095
17371,20:14:55.799,3744,0.8286
17372,20:14:55.800,3381,0.6513
17373,20:14:55.800,3540,0.7289
17374,20:14:55.801,3737,0.8252
17375,20:14:55.801,3513,0.7158
17376,20:14:55.802,3627,0.7714
17377,20:14:55.802,3393,0.6571
17378,20:14:55.803,3257,0.5907
17379,20:14:55.803,3461,0.6904
17380,20:14:55.804,3272,0.5980
17381,20:14:55.804,3431,0.6757
17382,20:14:55.805,3076,0.5023
17383,20:14:55.805,3427,0.6737
17384,20:14:55.806,3589,0.7529
17385,20:14:55.806,3187,0.5565
17386,20:14:55.807,3098,0.5131
17387,20:14:55.807,3278,0.6010
17388,20:14:55.808,3605,0.7607
17389,20:14:55.808,3753,0.8330
17390,20:14:55.809,3331,0.6269
17391,20:14:55.809,3732,0.8227
17392,20:14:55.810,3724,0.8188
17393,20:14:55.810,3751,0.8320
17394,20:14:55.811,3538,0.7280
17395,20:14:55.811,3783,0.8476
17396,20:14:55.812,3052,0.4906
17397,20:14:55.812,3097,0.5126
17398,20:14:55.813,3225,0.5751
17399,20:14:55.813,3538,0.7280
17400,20:14:55.814,3287,0.6054
17401,20:14:55.814,3295,0.6093
17402,20:14:55.815,3077,0.5028
17403,20:14:55.815,3829,0.8701
17404,20:14:55.816,3143,0.5350
17405,20:14:55.816,3347,0.6347
17406,20:14:55.817,3516,0.7172
17407,20:14:55.817,3353,0.6376
17408,20:14:55.818,3652,0.7836
17409,20:14:55.818,3678,0.7963
17410,20:14:55.819,3703,0.8085
17411,20:14:55.819,3835,0.8730
17412,20:14:55.820,3864,0.8872
17413,20:14:55.820,3465,0.6923
17414,20:14:55.821,3557,0.7372
17415,20:14:55.821,3629,0.7724
17416,20:14:55.822,3344,0.6332
17417,20:14:55.822,3385,0.6532
17418,20:14:55.823,3215,0.5702
17419,20:14:55.823,3298,0.6107
17420,20:14:55.824,3151,0.5389
17421,20:14:55.824,3282,0.6029
17422,20:14:55.825,3284,0.6039
17423,20:14:55.825,3283,0.6034
17424,20:14:55.826,3064,0.4965
17425,20:14:55.826,3343,0.6327
17426,20:14:55.827,3605,0.7607
17427,20:14:55.827,3610,0.7631
17428,20:14:55.828,3726,0.8198
17429,20:14:55.828,3542,0.7299
17430,20:14:55.829,3575,0.7460
17431,20:14:55.829,3790,0.8510
17432,20:14:55.830,3649,0.7822
17433,20:14:55.830,3545,0.7314
17434,20:14:55.831,3672,0.7934
17435,20:14:55.831,3219,0.5722
17436,20:14:55.832,3398,0.6596
17437,20:14:55.832,3408,0.6645
17438,20:14:55.833,3291,0.6073
17439,20:14:55.833,3143,0.5350
17440,20:14:55.834,3394,0.6576
17441,20:14:55.834,3480,0.6996
17442,20:14:55.835,3400,0.6606
17443,20:14:55.835,3092,0.5101
17444,20:14:55.836,3509,0.7138
17445,20:14:55.836,3359,0.6405
17446,20:14:55.837,3616,0.7661
17447,20:14:55.837,3551,0.7343
17448,20:14:55.838,3470,0.6947
17449,20:14:55.838,3511,0.7148
17450,20:14:55.839,3111,0.5194
17451,20:14:55.839,3777,0.8447
17452,20:14:55.840,3356,0.6391
17453,20:14:55.840,3546,0.7319
17454,20:14:55.841,3509,0.7138
17455,20:14:55.841,3357,0.6396
17456,20:14:55.842,3127,0.5272
17457,20:14:55.842,3349,0.6357
17458,20:14:55.843,3302,0.6127
17459,20:14:55.843,3114,0.5209
17460,20:14:55.844,3244,0.5844
17461,20:14:55.844,3308,0.6156
17462,20:14:55.845,3242,0.5834
17463,20:14:55.845,3113,0.5204
17464,20:14:55.846,3188,0.5570
17465,20:14:55.846,3029,0.4794
17466,20:14:55.847,3442,0.6811
17467,20:14:55.847,3512,0.7153
17468,20:14:55.848,3693,0.8037
17469,20:14:55.848,3724,0.8188
17470,20:14:55.849,3341,0.6317
17471,20:14:55.849,3189,0.5575
17472,20:14:55.850,3482,0.7006
17473,20:14:55.850,3693,0.8037
17474,20:14:55.851,3496,0.7074
17475,20:14:55.851,3446,0.6830
17476,20:14:55.852,3440,0.6801
17477,20:14:55.852,3104,0.5160
17478,20:14:55.853,3339,0.6308
17479,20:14:55.853,3395,0.6581
17480,20:14:55.854,3266,0.5951
17481,20:14:55.854,3317,0.6200
17482,20:14:55.855,3365,0.6435
17483,20:14:55.855,3286,0.6049
17484,20:14:55.856,3273,0.5985
17485,20:14:55.856,3013,0.4716
17486,20:14:55.857,3202,0.5639
17487,20:14:55.857,3558,0.7377
17488,20:14:55.858,3494,0.7065
17489,20:14:55.858,3517,0.7177
17490,20:14:55.859,3613,0.7646
17491,20:14:55.859,3281,0.6024
17492,20:14:55.860,3646,0.7807
17493,20:14:55.860,3164,0.5453
17494,20:14:55.861,2634,0.2864
17495,20:14:55.861,3204,0.5648
17496,20:14:55.862,3725,0.8193
17497,20:14:55.862,3253,0.5888
17498,20:14:55.863,3139,0.5331
17499,20:14:55.863,3185,0.5556
17500,20:14:55.864,3221,0.5731
17501,20:14:55.864,3344,0.6332
17502,20:14:55.865,3215,0.5702
17503,20:14:55.865,3148,0.5375
17504,20:14:55.866,3264,0.5941
17505,20:14:55.866,3300,0.6117
17506,20:14:55.867,3479,0.6991
17507,20:14:55.867,3718,0.8159
17508,20:14:55.868,3609,0.7626
17509,20:14:55.868,3365,0.6435
17510,20:14:55.869,3366,0.6440
17511,20:14:55.869,3735,0.8242
17512,20:14:55.870,3646,0.7807
17513,20:14:55.870,3486,0.7026
17514,20:14:55.871,3549,0.7333
17515,20:14:55.871,3589,0.7529
17516,20:14:55.872,3507,0.7128
17517,20:14:55.872,3212,0.5687
17518,20:14:55.873,3565,0.7411
17519,20:14:55.873,3858,0.8842
17520,20:14:55.874,3312,0.6176
17521,20:14:55.874,3438,0.6791
17522,20:14:55.875,3342,0.6322
17523,20:14:55.875,3260,0.5922
17524,20:14:55.876,3346,0.6342
17525,20:14:55.876,3140,0.5336
17526,20:14:55.877,3229,0.5770
17527,20:14:55.877,3300,0.6117
17528,20:14:55.878,3473,0.6962
17529,20:14:55.878,3409,0.6650
17530,20:14:55.879,3238,0.5814
17531,20:14:55.879,3188,0.5570
17532,20:14:55.880,2767,0.3514
17533,20:14:55.880,3336,0.6293
17534,20:14:55.881,2829,0.3817
17535,20:14:55.881,2873,0.4032
17536,20:14:55.882,3242,0.5834
17537,20:14:55.882,3442,0.6811
17538,20:14:55.883,3286,0.6049
17539,20:14:55.883,3352,0.6371
17540,20:14:55.884,2900,0.4164
17541,20:14:55.884,2995,0.4628
17542,20:14:55.885,3191,0.5585
17543,20:14:55.885,3106,0.5170
17544,20:14:55.886,3042,0.4857
17545,20:14:55.886,3280,0.6020
17546,20:14:55.887,2989,0.4598
17547,20:14:55.887,3236,0.5805
17548,20:14:55.888,3435,0.6777
17549,20:14:55.888,3669,0.7919
17550,20:14:55.889,3420,0.6703
17551,20:14:55.889,3046,0.4877
17552,20:14:55.890,3499,0.7089
17553,20:14:55.890,3617,0.7665
17554,20:14:55.891,3537,0.7275
17555,20:14:55.891,3504,0.7114
17556,20:14:55.892,3324,0.6234
17557,20:14:55.892,3156,0.5414
17558,20:14:55.893,3175,0.5507
17559,20:14:55.893,3108,0.5179
17560,20:14:55.894,3378,0.6498
17561,20:14:55.894,3354,0.6381
17562,20:14:55.895,3130,0.5287
17563,20:14:55.895,3203,0.5643
17564,20:14:55.896,3168,0.5473
17565,20:14:55.896,3126,0.5267
17566,20:14:55.897,3366,0.6440
17567,20:14:55.897,3436,0.6781
17568,20:14:55.898,3511,0.7148
17569,20:14:55.898,3109,0.5184
17570,20:14:55.899,3689,0.8017
17571,20:14:55.899,3776,0.8442
17572,20:14:55.900,3672,0.7934
17573,20:14:55.900,3214,0.5697
17574,20:14:55.901,3182,0.5541
17575,20:14:55.901,3361,0.6415
17576,20:14:55.902,3497,0.7079
17577,20:14:55.902,3332,0.6274
17578,20:14:55.903,3133,0.5302
17579,20:14:55.903,3594,0.7553
17580,20:14:55.904,3080,0.5043
17581,20:14:55.904,2994,0.4623
17582,20:14:55.905,3014,0.4720
17583,20:14:55.905,3295,0.6093
17584,20:14:55.906,3241,0.5829
17585,20:14:55.906,3244,0.5844
17586,20:14:55.907,3569,0.7431
17587,20:14:55.907,3597,0.7568
17588,20:14:55.908,3633,0.7744
17589,20:14:55.908,3460,0.6899
17590,20:14:55.909,3351,0.6366
17591,20:14:55.909,3546,0.7319
17592,20:14:55.910,3505,0.7118
17593,20:14:55.910,3396,0.6586
17594,20:14:55.911,3333,0.6278
17595,20:14:55.911,3492,0.7055
17596,20:14:55.912,2918,0.4252
17597,20:14:55.912,3323,0.6230
17598,20:14:55.913,3385,0.6532
17599,20:14:55.913,3139,0.5331
17600,20:14:55.914,3065,0.4969
17601,20:14:55.914,2843,0.3885
17602,20:14:55.915,3348,0.6352
17603,20:14:55.915,3224,0.5746
17604,20:14:55.916,3322,0.6225
17605,20:14:55.916,3211,0.5683
17606,20:14:55.917,3601,0.7587
17607,20:14:55.917,3489,0.7040
17608,20:14:55.918,3231,0.5780
17609,20:14:55.918,3095,0.5116
17610,20:14:55.919,3630,0.7729
17611,20:14:55.919,3646,0.7807
17612,20:14:55.920,3272,0.5980
17613,20:14:55.920,3287,0.6054
17614,20:14:55.921,3556,0.7368
17615,20:14:55.921,3311,0.6171
17616,20:14:55.922,3187,0.5565
17617,20:14:55.922,3080,0.5043
17618,20:14:55.923,2976,0.4535
17619,20:14:55.923,3358,0.6400
17620,20:14:55.924,2918,0.4252
17621,20:14:55.924,3317,0.6200
17622,20:14:55.925,3474,0.6967
17623,20:14:55.925,3312,0.6176
17624,20:14:55.926,3006,0.4681
17625,20:14:55.926,3384,0.6527
17626,20:14:55.927,3629,0.7724
17627,20:14:55.927,3485,0.7021
17628,20:14:55.928,3466,0.6928
17629,20:14:55.928,3185,0.5556
17630,20:14:55.929,3606,0.7612
17631,20:14:55.929,3146,0.5365
17632,20:14:55.930,3387,0.6542
17633,20:14:55.930,3484,0.7016
17634,20:14:55.931,3549,0.7333
17635,20:14:55.931,3246,0.5853
17636,20:14:55.932,3355,0.6386
17637,20:14:55.932,3246,0.5853
17638,20:14:55.933,3008,0.4691
17639,20:14:55.933,3211,0.5683
17640,20:14:55.934,3288,0.6059
17641,20:14:55.934,3321,0.6220
17642,20:14:55.935,3220,0.5726
17643,20:14:55.935,3352,0.6371
17644,20:14:55.936,3782,0.8471
17645,20:14:55.936,3211,0.5683
17646,20:14:55.937,3086,0.5072
17647,20:14:55.937,3242,0.5834
17648,20:14:55.938,3348,0.6352
17649,20:14:55.938,3598,0.7573
17650,20:14:55.939,3666,0.7905
17651,20:14:55.939,3167,0.5468
17652,20:14:55.940,3016,0.4730
17653,20:14:55.940,3597,0.7568
17654,20:14:55.941,3379,0.6503
17655,20:14:55.941,3114,0.5209
17656,20:14:55.942,3136,0.5316
17657,20:14:55.942,3155,0.5409
17658,20:14:55.943,3155,0.5409
17659,20:14:55.943,3437,0.6786
17660,20:14:55.944,3173,0.5497
17661,20:14:55.944,3245,0.5849
17662,20:14:55.945,3267,0.5956
17663,20:14:55.945,3049,0.4891
17664,20:14:55.946,3057,0.4930
17665,20:14:55.946,2918,0.4252
17666,20:14:55.947,3402,0.6615
17667,20:14:55.947,3549,0.7333
17668,20:14:55.948,3653,0.7841
17669,20:14:55.948,3416,0.6684
17670,20:14:55.949,2727,0.3319
17671,20:14:55.949,3628,0.7719
17672,20:14:55.950,3634,0.7748
17673,20:14:55.950,3506,0.7123
17674,20:14:55.951,3534,0.7260
17675,20:14:55.951,3569,0.7431
17676,20:14:55.952,3503,0.7109
17677,20:14:55.952,3347,0.6347
17678,20:14:55.953,3332,0.6274
17679,20:14:55.953,3389,0.6552
17680,20:14:55.954,3017,0.4735
17681,20:14:55.954,3346,0.6342
17682,20:14:55.955,3426,0.6733
17683,20:14:55.955,3285,0.6044
17684,20:14:55.956,3122,0.5248
17685,20:14:55.956,3345,0.6337
17686,20:14:55.957,3310,0.6166
17687,20:14:55.957,3744,0.8286
17688,20:14:55.958,3476,0.6977
17689,20:14:55.958,3754,0.8335
17690,20:14:55.959,3738,0.8256
17691,20:14:55.959,3730,0.8217
17692,20:14:55.960,2969,0.4501
17693,20:14:55.960,2931,0.4315
17694,20:14:55.961,3431,0.6757
17695,20:14:55.961,3563,0.7402
17696,20:14:55.962,3551,0.7343
17697,20:14:55.962,3392,0.6567
17698,20:14:55.963,3266,0.5951
17699,20:14:55.963,3167,0.5468
17700,20:14:55.964,3336,0.6293
17701,20:14:55.964,3436,0.6781
17702,20:14:55.965,3256,0.5902
17703,20:14:55.965,3281,0.6024
17704,20:14:55.966,3340,0.6313
17705,20:14:55.966,3445,0.6825
17706,20:14:55.967,3591,0.7538
17707,20:14:55.967,3402,0.6615
17708,20:14:55.968,3423,0.6718
17709,20:14:55.968,3585,0.7509
17710,20:14:55.969,3728,0.8208
17711,20:14:55.969,3642,0.7788
17712,20:14:55.970,3620,0.7680
17713,20:14:55.970,3635,0.7753
17714,20:14:55.971,3551,0.7343
17715,20:14:55.971,3142,0.5346
17716,20:14:55.972,3337,0.6298
17717,20:14:55.972,3260,0.5922
17718,20:14:55.973,3143,0.5350
17719,20:14:55.973,3296,0.6098
17720,20:14:55.974,3502,0.7104
17721,20:14:55.974,3360,0.6410
17722,20:14:55.975,2897,0.4149
17723,20:14:55.975,3267,0.5956
17724,20:14:55.976,3402,0.6615
17725,20:14:55.976,3119,0.5233
17726,20:14:55.977,3264,0.5941
17727,20:14:55.977,3365,0.6435
17728,20:14:55.978,3384,0.6527
17729,20:14:55.978,2917,0.4247
17730,20:14:55.979,3639,0.7773
17731,20:14:55.979,3770,0.8413
17732,20:14:55.980,3531,0.7245
17733,20:14:55.980,3077,0.5028
17734,20:14:55.981,3178,0.5521
17735,20:14:55.981,3292,0.6078
17736,20:14:55.982,3513,0.7158
17737,20:14:55.982,3540,0.7289
17738,20:14:55.983,3270,0.5971
17739,20:14:55.983,3018,0.4740
17740,20:14:55.984,3484,0.7016
17741,20:14:55.984,3001,0.4657
17742,20:14:55.985,3202,0.5639
17743,20:14:55.985,3465,0.6923
17744,20:14:55.986,3423,0.6718
17745,20:14:55.986,3093,0.5106
17746,20:14:55.987,3302,0.6127
17747,20:14:55.987,3282,0.6029
17748,20:14:55.988,3691,0.8027
17749,20:14:55.988,3581,0.7490
17750,20:14:55.989,3290,0.6068
17751,20:14:55.989,3258,0.5912
17752,20:14:55.990,3230,0.5775
17753,20:14:55.990,3486,0.7026
17754,20:14:55.991,3187,0.5565
17755,20:14:55.991,3185,0.5556
17756,20:14:55.992,3171,0.5487
17757,20:14:55.992,3219,0.5722
17758,20:14:55.993,3167,0.5468
17759,20:14:55.993,3119,0.5233
17760,20:14:55.994,3143,0.5350
17761,20:14:55.994,3164,0.5453
17762,20:14:55.995,3234,0.5795
17763,20:14:55.995,3237,0.5810
17764,20:14:55.996,2864,0.3988
17765,20:14:55.996,3162,0.5443
17766,20:14:55.997,3154,0.5404
17767,20:14:55.997,3224,0.5746
17768,20:14:55.998,3189,0.5575
17769,20:14:55.998,3223,0.5741
17770,20:14:55.999,3236,0.5805
17771,20:14:55.999,3214,0.5697
17772,20:14:56.000,3189,0.5575
17773,20:14:56.000,3232,0.5785
17774,20:14:56.001,3215,0.5702
17775,20:14:56.001,4095,1.0000
17776,20:14:56.002,3623,0.7695
17777,20:14:56.002,3746,0.8295
17778,20:14:56.003,3592,0.7543
17779,20:14:56.003,3407,0.6640
17780,20:14:56.004,3171,0.5487
17781,20:14:56.004,3687,0.8007
17782,20:14:56.005,3755,0.8339
17783,20:14:56.005,3264,0.5941
17784,20:14:56.006,3170,0.5482
17785,20:14:56.006,3818,0.8647
17786,20:14:56.007,4046,0.9761
17787,20:14:56.007,3820,0.8657
17788,20:14:56.008,3725,0.8193
17789,20:14:56.008,3607,0.7617
17790,20:14:56.009,4044,0.9751
17791,20:14:56.009,3816,0.8637
17792,20:14:56.010,3281,0.6024
17793,20:14:56.010,3727,0.8203
17794,20:14:56.011,3976,0.9419
17795,20:14:56.011,3755,0.8339
17796,20:14:56.012,3779,0.8457
17797,20:14:56.012,3403,0.6620
17798,20:14:56.013,3092,0.5101
17799,20:14:56.013,3457,0.6884
17800,20:14:56.014,3361,0.6415
17801,20:14:56.014,3513,0.7158
17802,20:14:56.015,3681,0.7978
17803,20:14:56.015,3406,0.6635
17804,20:14:56.016,3244,0.5844
17805,20:14:56.016,3216,0.5707
17806,20:14:56.017,3319,0.6210
17807,20:14:56.017,3556,0.7368
17808,20:14:56.018,3648,0.7817
17809,20:14:56.018,3434,0.6772
17810,20:14:56.019,3775,0.8437
17811,20:14:56.019,3771,0.8418
17812,20:14:56.020,3324,0.6234
17813,20:14:56.020,3430,0.6752
17814,20:14:56.021,3573,0.7451
17815,20:14:56.021,3637,0.7763
17816,20:14:56.022,3135,0.5311
17817,20:14:56.022,3170,0.5482
17818,20:14:56.023,3127,0.5272
17819,20:14:56.023,2876,0.4046
17820,20:14:56.024,3319,0.6210
17821,20:14:56.024,3174,0.5502
17822,20:14:56.025,3083,0.5057
17823,20:14:56.025,3022,0.4759
17824,20:14:56.026,2967,0.4491
17825,20:14:56.026,3089,0.5087
17826,20:14:56.027,3343,0.6327
17827,20:14:56.027,3692,0.8032
17828,20:14:56.028,3716,0.8149
17829,20:14:56.028,3576,0.7465
17830,20:14:56.029,3172,0.5492
17831,20:14:56.029,3144,0.5355
17832,20:14:56.030,3259,0.5917
17833,20:14:56.030,3500,0.7094
17834,20:14:56.031,3577,0.7470
17835,20:14:56.031,3678,0.7963
17836,20:14:56.032,3638,0.7768
17837,20:14:56.032,3084,0.5062
17838,20:14:56.033,3298,0.6107
17839,20:14:56.033,3548,0.7328
17840,20:14:56.034,3414,0.6674
17841,20:14:56.034,3271,0.5976
17842,20:14:56.035,2896,0.4144
17843,20:14:56.035,3134,0.5306
17844,20:14:56.036,3000,0.4652
17845,20:14:56.036,3160,0.5433
17846,20:14:56.037,3218,0.5717
17847,20:14:56.037,3378,0.6498
17848,20:14:56.038,3356,0.6391
17849,20:14:56.038,3019,0.4745
17850,20:14:56.039,3824,0.8676
17851,20:14:56.039,3829,0.8701
17852,20:14:56.040,3501,0.7099
17853,20:14:56.040,2658,0.2982
17854,20:14:56.041,2909,0.4208
17855,20:14:56.041,3392,0.6567
17856,20:14:56.042,3119,0.5233
17857,20:14:56.042,2859,0.3963
17858,20:14:56.043,3377,0.6493
17859,20:14:56.043,3502,0.7104
17860,20:14:56.044,3288,0.6059
17861,20:14:56.044,3407,0.6640
17862,20:14:56.045,3283,0.6034
17863,20:14:56.045,3240,0.5824
17864,20:14:56.046,3058,0.4935
17865,20:14:56.046,3304,0.6137
17866,20:14:56.047,3362,0.6420
17867,20:14:56.047,3639,0.7773
17868,20:14:56.048,2860,0.3968
17869,20:14:56.048,3299,0.6112
17870,20:14:56.049,3301,0.6122
17871,20:14:56.049,3014,0.4720
17872,20:14:56.050,2870,0.4017
17873,20:14:56.050,3143,0.5350
17874,20:14:56.051,3549,0.7333
17875,20:14:56.051,3494,0.7065
17876,20:14:56.052,3479,0.6991
17877,20:14:56.052,3382,0.6518
17878,20:14:56.053,3468,0.6938
17879,20:14:56.053,3358,0.6400
17880,20:14:56.054,3496,0.7074
17881,20:14:56.054,3461,0.6904
17882,20:14:56.055,3110,0.5189
17883,20:14:56.055,3222,0.5736
17884,20:14:56.056,3402,0.6615
17885,20:14:56.056,3625,0.7705
17886,20:14:56.057,3076,0.5023
17887,20:14:56.057,3276,0.6000
17888,20:14:56.058,3125,0.5263
17889,20:14:56.058,3796,0.8540
17890,20:14:56.059,3827,0.8691
17891,20:14:56.059,3853,0.8818
17892,20:14:56.060,3348,0.6352
17893,20:14:56.060,3329,0.6259
17894,20:14:56.061,3261,0.5927
17895,20:14:56.061,3134,0.5306
17896,20:14:56.062,3204,0.5648
17897,20:14:56.062,3243,0.5839
17898,20:14:56.063,2976,0.4535
17899,20:14:56.063,3249,0.5868
17900,20:14:56.064,3521,0.7197
17901,20:14:56.064,3290,0.6068
17902,20:14:56.065,3136,0.5316
17903,20:14:56.065,3270,0.5971
17904,20:14:56.066,3266,0.5951
17905,20:14:56.066,3132,0.5297
17906,20:14:56.067,3144,0.5355
17907,20:14:56.067,3164,0.5453
17908,20:14:56.068,3183,0.5546
17909,20:14:56.068,3176,0.5512
17910,20:14:56.069,3162,0.5443
17911,20:14:56.069,3240,0.5824
17912,20:14:56.070,3166,0.5463
17913,20:14:56.070,2929,0.4305
17914,20:14:56.071,3193,0.5595
17915,20:14:56.071,3247,0.5858
17916,20:14:56.072,3167,0.5468
17917,20:14:56.072,2668,0.3031
17918,20:14:56.073,3219,0.5722
17919,20:14:56.073,3195,0.5604
17920,20:14:56.074,3215,0.5702
17921,20:14:56.074,2978,0.4545
17922,20:14:56.075,3158,0.5424
17923,20:14:56.075,3253,0.5888
17924,20:14:56.076,3184,0.5551
17925,20:14:56.076,3117,0.5223
17926,20:14:56.077,2935,0.4335
17927,20:14:56.077,3213,0.5692
17928,20:14:56.078,3238,0.5814
17929,20:14:56.078,3230,0.5775
17930,20:14:56.079,3261,0.5927
17931,20:14:56.079,3237,0.5810
17932,20:14:56.080,3235,0.5800
17933,20:14:56.080,3247,0.5858
17934,20:14:56.081,3290,0.6068
17935,20:14:56.081,3270,0.5971
17936,20:14:56.082,3212,0.5687
17937,20:14:56.082,3122,0.5248
17938,20:14:56.083,3160,0.5433
17939,20:14:56.083,3274,0.5990
17940,20:14:56.084,3020,0.4750
17941,20:14:56.084,3190,0.5580
17942,20:14:56.085,3207,0.5663
17943,20:14:56.085,3211,0.5683
17944,20:14:56.086,3096,0.5121
17945,20:14:56.086,2908,0.4203
17946,20:14:56.087,3594,0.7553
17947,20:14:56.087,4095,1.0000
17948,20:14:56.088,3823,0.8672
17949,20:14:56.088,3783,0.8476
17950,20:14:56.089,3961,0.9346
17951,20:14:56.089,4069,0.9873
17952,20:14:56.090,3912,0.9106
17953,20:14:56.090,4093,0.9990
17954,20:14:56.091,4095,1.0000
17955,20:14:56.091,3912,0.9106
17956,20:14:56.092,3847,0.8789
17957,20:14:56.092,3961,0.9346
17958,20:14:56.093,3958,0.9331
17959,20:14:56.093,3666,0.7905
17960,20:14:56.094,3801,0.8564
17961,20:14:56.094,3829,0.8701
17962,20:14:56.095,3750,0.8315
17963,20:14:56.095,3700,0.8071
17964,20:14:56.096,3763,0.8379
17965,20:14:56.096,3745,0.8291
17966,20:14:56.097,3978,0.9429
17967,20:14:56.097,3875,0.8926
17968,20:14:56.098,3864,0.8872
17969,20:14:56.098,4074,0.9897
17970,20:14:56.099,4059,0.9824
17971,20:14:56.099,4077,0.9912
17972,20:14:56.100,3563,0.7402
17973,20:14:56.100,3579,0.7480
17974,20:14:56.101,3833,0.8720
17975,20:14:56.101,3815,0.8632
17976,20:14:56.102,3612,0.7641
17977,20:14:56.102,3278,0.6010
17978,20:14:56.103,2655,0.2967
17979,20:14:56.103,3268,0.5961
17980,20:14:56.104,3277,0.6005
17981,20:14:56.104,3308,0.6156
17982,20:14:56.105,2983,0.4569
17983,20:14:56.105,3369,0.6454
17984,20:14:56.106,3341,0.6317
17985,20:14:56.106,3479,0.6991
17986,20:14:56.107,3362,0.6420
17987,20:14:56.107,3647,0.7812
17988,20:14:56.108,3652,0.7836
17989,20:14:56.108,3785,0.8486
17990,20:14:56.109,3558,0.7377
17991,20:14:56.109,3310,0.6166
17992,20:14:56.110,3636,0.7758
17993,20:14:56.110,3796,0.8540
17994,20:14:56.111,3680,0.7973
17995,20:14:56.111,3817,0.8642
17996,20:14:56.112,3766,0.8393
17997,20:14:56.112,3086,0.5072
17998,20:14:56.113,3210,0.5678
17999,20:14:56.113,3446,0.6830
18000,20:14:56.114,3282,0.6029
18001,20:14:56.114,3122,0.5248
18002,20:14:56.115,3260,0.5922
18003,20:14:56.115,3143,0.5350
18004,20:14:56.116,3420,0.6703
18005,20:14:56.116,3233,0.5790
18006,20:14:56.117,3307,0.6151
18007,20:14:56.117,3443,0.6816
18008,20:14:56.118,3461,0.6904
18009,20:14:56.118,3746,0.8295
18010,20:14:56.119,3875,0.8926
18011,20:14:56.119,3844,0.8774
18012,20:14:56.120,3535,0.7265
18013,20:14:56.120,3577,0.7470
18014,20:14:56.121,3154,0.5404
18015,20:14:56.121,2988,0.4593
18016,20:14:56.122,3150,0.5385
18017,20:14:56.122,2873,0.4032
18018,20:14:56.123,3118,0.5228
18019,20:14:56.123,3209,0.5673
18020,20:14:56.124,2844,0.3890
18021,20:14:56.124,2570,0.2552
18022,20:14:56.125,3231,0.5780
18023,20:14:56.125,3007,0.4686
18024,20:14:56.126,3095,0.5116
18025,20:14:56.126,3377,0.6493
18026,20:14:56.127,3411,0.6659
18027,20:14:56.127,3627,0.7714
18028,20:14:56.128,3567,0.7421
18029,20:14:56.128,3371,0.6464
18030,20:14:56.129,3004,0.4672
18031,20:14:56.129,3063,0.4960
18032,20:14:56.130,2648,0.2933
18033,20:14:56.130,3220,0.5726
18034,20:14:56.131,3375,0.6484
18035,20:14:56.131,3701,0.8076
18036,20:14:56.132,3543,0.7304
18037,20:14:56.132,3355,0.6386
18038,20:14:56.133,3165,0.5458
18039,20:14:56.133,2543,0.2420
18040,20:14:56.134,3089,0.5087
18041,20:14:56.134,3297,0.6103
18042,20:14:56.135,3009,0.4696
18043,20:14:56.135,3082,0.5053
18044,20:14:56.136,3307,0.6151
18045,20:14:56.136,3009,0.4696
18046,20:14:56.137,3030,0.4799
18047,20:14:56.137,3154,0.5404
18048,20:14:56.138,2894,0.4134
18049,20:14:56.138,3794,0.8530
18050,20:14:56.139,3822,0.8667
18051,20:14:56.139,3760,0.8364
18052,20:14:56.140,3604,0.7602
18053,20:14:56.140,2902,0.4173
18054,20:14:56.141,3396,0.6586
18055,20:14:56.141,3140,0.5336
18056,20:14:56.142,3067,0.4979
18057,20:14:56.142,3166,0.5463
18058,20:14:56.143,2587,0.2635
18059,20:14:56.143,3004,0.4672
18060,20:14:56.144,3264,0.5941
18061,20:14:56.144,3300,0.6117
18062,20:14:56.145,3119,0.5233
18063,20:14:56.145,3118,0.5228
18064,20:14:56.146,3242,0.5834
18065,20:14:56.146,3241,0.5829
18066,20:14:56.147,3077,0.5028
18067,20:14:56.147,3135,0.5311
18068,20:14:56.148,3217,0.5712
18069,20:14:56.148,3205,0.5653
18070,20:14:56.149,3177,0.5516
18071,20:14:56.149,3175,0.5507
18072,20:14:56.150,3187,0.5565
18073,20:14:56.150,3189,0.5575
18074,20:14:56.151,3192,0.5590
18075,20:14:56.151,3157,0.5419
18076,20:14:56.152,3212,0.5687
18077,20:14:56.152,3166,0.5463
18078,20:14:56.153,3180,0.5531
18079,20:14:56.153,3204,0.5648
18080,20:14:56.154,3272,0.5980
18081,20:14:56.154,3238,0.5814
18082,20:14:56.155,2988,0.4593
18083,20:14:56.155,3258,0.5912
18084,20:14:56.156,3243,0.5839
18085,20:14:56.156,3069,0.4989
18086,20:14:56.157,3138,0.5326
18087,20:14:56.157,3184,0.5551
18088,20:14:56.158,3245,0.5849
18089,20:14:56.158,3222,0.5736
18090,20:14:56.159,3230,0.5775
18091,20:14:56.159,3249,0.5868
18092,20:14:56.160,3379,0.6503
18093,20:14:56.160,3251,0.5878
18094,20:14:56.161,3242,0.5834
18095,20:14:56.161,3232,0.5785
18096,20:14:56.162,3353,0.6376
18097,20:14:56.162,3171,0.5487
18098,20:14:56.163,2910,0.4212
18099,20:14:56.163,3266,0.5951
18100,20:14:56.164,3264,0.5941
18101,20:14:56.164,3102,0.5150
18102,20:14:56.165,2954,0.4427
18103,20:14:56.165,3301,0.6122
18104,20:14:56.166,2883,0.4081
18105,20:14:56.166,3103,0.5155
18106,20:14:56.167,3201,0.5634
18107,20:14:56.167,3216,0.5707
18108,20:14:56.168,3170,0.5482
18109,20:14:56.168,3203,0.5643
18110,20:14:56.169,3218,0.5717
18111,20:14:56.169,3196,0.5609
18112,20:14:56.170,3175,0.5507
18113,20:14:56.170,3165,0.5458
18114,20:14:56.171,3221,0.5731
18115,20:14:56.171,3479,0.6991
18116,20:14:56.172,3157,0.5419
18117,20:14:56.172,2966,0.4486
18118,20:14:56.173,3237,0.5810
18119,20:14:56.173,3241,0.5829
18120,20:14:56.174,3179,0.5526
18121,20:14:56.174,3086,0.5072
18122,20:14:56.175,3235,0.5800
18123,20:14:56.175,3223,0.5741
18124,20:14:56.176,3123,0.5253
18125,20:14:56.176,3147,0.5370
18126,20:14:56.177,3254,0.5893
18127,20:14:56.177,3264,0.5941
18128,20:14:56.178,3302,0.6127
18129,20:14:56.178,3296,0.6098
18130,20:14:56.179,3359,0.6405
18131,20:14:56.179,3335,0.6288
18132,20:14:56.180,3372,0.6469
18133,20:14:56.180,3382,0.6518
18134,20:14:56.181,3386,0.6537
18135,20:14:56.181,3347,0.6347
18136,20:14:56.182,3728,0.8208
18137,20:14:56.182,3970,0.9389
18138,20:14:56.183,3993,0.9502
18139,20:14:56.183,3919,0.9140
18140,20:14:56.184,4095,1.0000
18141,20:14:56.184,3939,0.9238
18142,20:14:56.185,3884,0.8969
18143,20:14:56.185,3850,0.8803
18144,20:14:56.186,3988,0.9477
18145,20:14:56.186,3801,0.8564
18146,20:14:56.187,3785,0.8486
18147,20:14:56.187,3875,0.8926
18148,20:14:56.188,4095,1.0000
18149,20:14:56.188,4094,0.9995
18150,20:14:56.189,4095,1.0000
18151,20:14:56.189,3854,0.8823
18152,20:14:56.190,4095,1.0000
18153,20:14:56.190,4091,0.9980
18154,20:14:56.191,3802,0.8569
18155,20:14:56.191,3935,0.9219
18156,20:14:56.192,4095,1.0000
18157,20:14:56.192,3822,0.8667
18158,20:14:56.193,4095,1.0000
18159,20:14:56.193,4095,1.0000
18160,20:14:56.194,4095,1.0000
18161,20:14:56.194,3670,0.7924
18162,20:14:56.195,3825,0.8681
18163,20:14:56.195,3865,0.8877
18164,20:14:56.196,3802,0.8569
18165,20:14:56.196,3788,0.8501
18166,20:14:56.197,3654,0.7846
18167,20:14:56.197,3975,0.9414
18168,20:14:56.198,3906,0.9077
18169,20:14:56.198,3703,0.8085
18170,20:14:56.199,3552,0.7348
18171,20:14:56.199,3459,0.6894
18172,20:14:56.200,4095,1.0000
18173,20:14:56.200,4095,1.0000
18174,20:14:56.201,3479,0.6991
18175,20:14:56.201,3800,0.8559
18176,20:14:56.202,4094,0.9995
18177,20:14:56.202,3585,0.7509
18178,20:14:56.203,3632,0.7739
18179,20:14:56.203,3495,0.7070
18180,20:14:56.204,3187,0.5565
18181,20:14:56.204,3172,0.5492
18182,20:14:56.205,2827,0.3807
18183,20:14:56.205,3228,0.5766
18184,20:14:56.206,3214,0.5697
18185,20:14:56.206,3208,0.5668
18186,20:14:56.207,3177,0.5516
18187,20:14:56.207,3221,0.5731
18188,20:14:56.208,3204,0.5648
18189,20:14:56.208,3204,0.5648
18190,20:14:56.209,3209,0.5673
18191,20:14:56.209,3194,0.5600
18192,20:14:56.210,3087,0.5077
18193,20:14:56.210,3195,0.5604
18194,20:14:56.211,3221,0.5731
18195,20:14:56.211,3193,0.5595
18196,20:14:56.212,3017,0.4735
18197,20:14:56.212,4063,0.9844
18198,20:14:56.213,3977,0.9424
18199,20:14:56.213,3822,0.8667
18200,20:14:56.214,3266,0.5951
18201,20:14:56.214,4095,1.0000
18202,20:14:56.215,3875,0.8926
18203,20:14:56.215,3823,0.8672
18204,20:14:56.216,3874,0.8921
18205,20:14:56.216,3653,0.7841
18206,20:14:56.217,3342,0.6322
18207,20:14:56.217,3553,0.7353
18208,20:14:56.218,3868,0.8891
18209,20:14:56.218,3503,0.7109
18210,20:14:56.219,4095,1.0000
18211,20:14:56.219,4092,0.9985
18212,20:14:56.220,3852,0.8813
18213,20:14:56.220,3881,0.8955
18214,20:14:56.221,4076,0.9907
18215,20:14:56.221,3917,0.9131
18216,20:14:56.222,3751,0.8320
18217,20:14:56.222,3873,0.8916
18218,20:14:56.223,3432,0.6762
18219,20:14:56.223,3294,0.6088
18220,20:14:56.224,3487,0.7031
18221,20:14:56.224,3477,0.6982
18222,20:14:56.225,3313,0.6181
18223,20:14:56.225,3189,0.5575
18224,20:14:56.226,3307,0.6151
18225,20:14:56.226,2952,0.4418
18226,20:14:56.227,3073,0.5009
18227,20:14:56.227,3333,0.6278
18228,20:14:56.228,3900,0.9048
18229,20:14:56.228,3948,0.9282
18230,20:14:56.229,3955,0.9316
18231,20:14:56.229,4052,0.9790
18232,20:14:56.230,3605,0.7607
18233,20:14:56.230,3999,0.9531
18234,20:14:56.231,3724,0.8188
18235,20:14:56.231,3435,0.6777
18236,20:14:56.232,3706,0.8100
18237,20:14:56.232,3921,0.9150
18238,20:14:56.233,3649,0.7822
18239,20:14:56.233,3724,0.8188
18240,20:14:56.234,3777,0.8447
18241,20:14:56.234,3162,0.5443
18242,20:14:56.235,3003,0.4667
18243,20:14:56.235,3065,0.4969
18244,20:14:56.236,3237,0.5810
18245,20:14:56.236,3337,0.6298
18246,20:14:56.237,2945,0.4383
18247,20:14:56.237,3320,0.6215
18248,20:14:56.238,3969,0.9385
18249,20:14:56.238,3907,0.9082
18250,20:14:56.239,3975,0.9414
18251,20:14:56.239,3989,0.9482
18252,20:14:56.240,3994,0.9507
18253,20:14:56.240,3928,0.9184
18254,20:14:56.241,3534,0.7260
18255,20:14:56.241,3044,0.4867
18256,20:14:56.242,3138,0.5326
18257,20:14:56.242,3022,0.4759
18258,20:14:56.243,2936,0.4339
18259,20:14:56.243,3117,0.5223
18260,20:14:56.244,2880,0.4066
18261,20:14:56.244,2771,0.3534
18262,20:14:56.245,2865,0.3993
18263,20:14:56.245,3114,0.5209
18264,20:14:56.246,3251,0.5878
18265,20:14:56.246,2973,0.4520
18266,20:14:56.247,2808,0.3714
18267,20:14:56.247,3547,0.7324
18268,20:14:56.248,3705,0.8095
18269,20:14:56.248,3613,0.7646
18270,20:14:56.249,3807,0.8593
18271,20:14:56.249,3794,0.8530
18272,20:14:56.250,3688,0.8012
18273,20:14:56.250,3450,0.6850
18274,20:14:56.251,3289,0.6063
18275,20:14:56.251,3693,0.8037
18276,20:14:56.252,3538,0.7280
18277,20:14:56.252,3035,0.4823
18278,20:14:56.253,2998,0.4642
18279,20:14:56.253,3023,0.4764
18280,20:14:56.254,2752,0.3441
18281,20:14:56.254,2973,0.4520
18282,20:14:56.255,3342,0.6322
18283,20:14:56.255,2864,0.3988
18284,20:14:56.256,3163,0.5448
18285,20:14:56.256,2749,0.3426
18286,20:14:56.257,3040,0.4847
18287,20:14:56.257,2923,0.4276
18288,20:14:56.258,3089,0.5087
18289,20:14:56.258,3828,0.8696
18290,20:14:56.259,3820,0.8657
18291,20:14:56.259,3823,0.8672
18292,20:14:56.260,3739,0.8261
18293,20:14:56.260,3677,0.7958
18294,20:14:56.261,3108,0.5179
18295,20:14:56.261,3627,0.7714
18296,20:14:56.262,2997,0.4637
18297,20:14:56.262,3097,0.5126
18298,20:14:56.263,2822,0.3783
18299,20:14:56.263,2600,0.2698
18300,20:14:56.264,2909,0.4208
18301,20:14:56.264,3138,0.5326
18302,20:14:56.265,3243,0.5839
18303,20:14:56.265,3187,0.5565
18304,20:14:56.266,2842,0.3880
18305,20:14:56.266,3232,0.5785
18306,20:14:56.267,3570,0.7436
18307,20:14:56.267,3253,0.5888
18308,20:14:56.268,3164,0.5453
18309,20:14:56.268,3545,0.7314
18310,20:14:56.269,3720,0.8168
18311,20:14:56.269,3309,0.6161
18312,20:14:56.270,3331,0.6269
18313,20:14:56.270,3622,0.7690
18314,20:14:56.271,3637,0.7763
18315,20:14:56.271,3603,0.7597
18316,20:14:56.272,3364,0.6430
18317,20:14:56.272,3503,0.7109
18318,20:14:56.273,3010,0.4701
18319,20:14:56.273,3498,0.7084
18320,20:14:56.274,3323,0.6230
18321,20:14:56.274,3205,0.5653
18322,20:14:56.275,3050,0.4896
18323,20:14:56.275,3151,0.5389
18324,20:14:56.276,3250,0.5873
18325,20:14:56.276,3205,0.5653
18326,20:14:56.277,3046,0.4877
18327,20:14:56.277,2878,0.4056
18328,20:14:56.278,3655,0.7851
18329,20:14:56.278,3765,0.8388
18330,20:14:56.279,3657,0.7861
18331,20:14:56.279,4038,0.9722
18332,20:14:56.280,4009,0.9580
18333,20:14:56.280,3975,0.9414
18334,20:14:56.281,3684,0.7993
18335,20:14:56.281,3570,0.7436
18336,20:14:56.282,3350,0.6361
18337,20:14:56.282,3238,0.5814
18338,20:14:56.283,2993,0.4618
18339,20:14:56.283,3234,0.5795
18340,20:14:56.284,3305,0.6142
18341,20:14:56.284,2884,0.4085
18342,20:14:56.285,3133,0.5302
18343,20:14:56.285,3246,0.5853
18344,20:14:56.286,3261,0.5927
18345,20:14:56.286,3135,0.5311
18346,20:14:56.287,2832,0.3832
18347,20:14:56.287,3236,0.5805
18348,20:14:56.288,3870,0.8901
18349,20:14:56.288,3485,0.7021
18350,20:14:56.289,3151,0.5389
18351,20:14:56.289,4000,0.9536
18352,20:14:56.290,3823,0.8672
18353,20:14:56.290,3491,0.7050
18354,20:14:56.291,3650,0.7827
18355,20:14:56.291,3561,0.7392
18356,20:14:56.292,3861,0.8857
18357,20:14:56.292,3109,0.5184
18358,20:14:56.293,3741,0.8271
18359,20:14:56.293,3649,0.7822
18360,20:14:56.294,3275,0.5995
18361,20:14:56.294,3356,0.6391
18362,20:14:56.295,3768,0.8403
18363,20:14:56.295,3310,0.6166
18364,20:14:56.296,3211,0.5683
18365,20:14:56.296,3163,0.5448
18366,20:14:56.297,3238,0.5814
18367,20:14:56.297,3667,0.7910
18368,20:14:56.298,3599,0.7578
18369,20:14:56.298,3982,0.9448
18370,20:14:56.299,3972,0.9399
18371,20:14:56.299,4064,0.9849
18372,20:14:56.300,3789,0.8505
18373,20:14:56.300,3725,0.8193
18374,20:14:56.301,3910,0.9096
18375,20:14:56.301,3482,0.7006
18376,20:14:56.302,3111,0.5194
18377,20:14:56.302,2730,0.3333
18378,20:14:56.303,2998,0.4642
18379,20:14:56.303,2870,0.4017
18380,20:14:56.304,2988,0.4593
18381,20:14:56.304,3344,0.6332
18382,20:14:56.305,3354,0.6381
18383,20:14:56.305,3163,0.5448
18384,20:14:56.306,3052,0.4906
18385,20:14:56.306,3384,0.6527
18386,20:14:56.307,3493,0.7060
18387,20:14:56.307,3445,0.6825
18388,20:14:56.308,3336,0.6293
18389,20:14:56.308,3439,0.6796
18390,20:14:56.309,3828,0.8696
18391,20:14:56.309,3689,0.8017
18392,20:14:56.310,2951,0.4413
18393,20:14:56.310,3612,0.7641
18394,20:14:56.311,3619,0.7675
18395,20:14:56.311,3367,0.6444
18396,20:14:56.312,3061,0.4950
18397,20:14:56.312,3532,0.7250
18398,20:14:56.313,3026,0.4779
18399,20:14:56.313,3171,0.5487
18400,20:14:56.314,3430,0.6752
18401,20:14:56.314,3418,0.6694
18402,20:14:56.315,3109,0.5184
18403,20:14:56.315,3222,0.5736
18404,20:14:56.316,3631,0.7734
18405,20:14:56.316,3478,0.6987
18406,20:14:56.317,3037,0.4833
18407,20:14:56.317,2810,0.3724
18408,20:14:56.318,3220,0.5726
18409,20:14:56.318,3835,0.8730
18410,20:14:56.319,3777,0.8447
18411,20:14:56.319,3834,0.8725
18412,20:14:56.320,3860,0.8852
18413,20:14:56.320,3232,0.5785
18414,20:14:56.321,3363,0.6425
18415,20:14:56.321,2977,0.4540
18416,20:14:56.322,3521,0.7197
18417,20:14:56.322,3419,0.6698
18418,20:14:56.323,3131,0.5292
18419,20:14:56.323,3227,0.5761
18420,20:14:56.324,3164,0.5453
18421,20:14:56.324,2894,0.4134
18422,20:14:56.325,3122,0.5248
18423,20:14:56.325,3317,0.6200
18424,20:14:56.326,3226,0.5756
18425,20:14:56.326,3045,0.4872
18426,20:14:56.327,3064,0.4965
18427,20:14:56.327,3334,0.6283
18428,20:14:56.328,3319,0.6210
18429,20:14:56.328,3617,0.7665
18430,20:14:56.329,3716,0.8149
18431,20:14:56.329,3749,0.8310
18432,20:14:56.330,3741,0.8271
18433,20:14:56.330,3333,0.6278
18434,20:14:56.331,3080,0.5043
18435,20:14:56.331,3571,0.7441
18436,20:14:56.332,3362,0.6420
18437,20:14:56.332,3207,0.5663
18438,20:14:56.333,3093,0.5106
18439,20:14:56.333,3310,0.6166
18440,20:14:56.334,3061,0.4950
18441,20:14:56.334,2764,0.3499
18442,20:14:56.335,3267,0.5956
18443,20:14:56.335,3283,0.6034
18444,20:14:56.336,3079,0.5038
18445,20:14:56.336,3273,0.5985
18446,20:14:56.337,3045,0.4872
18447,20:14:56.337,2878,0.4056
18448,20:14:56.338,3558,0.7377
18449,20:14:56.338,3750,0.8315
18450,20:14:56.339,3746,0.8295
18451,20:14:56.339,3797,0.8545
18452,20:14:56.340,3684,0.7993
18453,20:14:56.340,3585,0.7509
18454,20:14:56.341,3722,0.8178
18455,20:14:56.341,3798,0.8549
18456,20:14:56.342,3231,0.5780
18457,20:14:56.342,2570,0.2552
18458,20:14:56.343,2828,0.3812
18459,20:14:56.343,3133,0.5302
18460,20:14:56.344,2729,0.3328
18461,20:14:56.344,3144,0.5355
18462,20:14:56.345,3512,0.7153
18463,20:14:56.345,3262,0.5932
18464,20:14:56.346,2498,0.2200
18465,20:14:56.346,3301,0.6122
18466,20:14:56.347,3674,0.7944
18467,20:14:56.347,3402,0.6615
18468,20:14:56.348,3580,0.7485
18469,20:14:56.348,3763,0.8379
18470,20:14:56.349,3771,0.8418
18471,20:14:56.349,3608,0.7621
18472,20:14:56.350,3539,0.7284
18473,20:14:56.350,3752,0.8325
18474,20:14:56.351,3695,0.8046
18475,20:14:56.351,3292,0.6078
18476,20:14:56.352,3488,0.7035
18477,20:14:56.352,3234,0.5795
18478,20:14:56.353,3472,0.6957
18479,20:14:56.353,3051,0.4901
18480,20:14:56.354,3255,0.5897
18481,20:14:56.354,3031,0.4803
18482,20:14:56.355,3123,0.5253
18483,20:14:56.355,3206,0.5658
18484,20:14:56.356,3157,0.5419
18485,20:14:56.356,2965,0.4481
18486,20:14:56.357,2935,0.4335
18487,20:14:56.357,3142,0.5346
18488,20:14:56.358,3682,0.7983
18489,20:14:56.358,3783,0.8476
18490,20:14:56.359,3800,0.8559
18491,20:14:56.359,3772,0.8422
18492,20:14:56.360,3797,0.8545
18493,20:14:56.360,3765,0.8388
18494,20:14:56.361,3720,0.8168
18495,20:14:56.361,3618,0.7670
18496,20:14:56.362,3532,0.7250
18497,20:14:56.362,3506,0.7123
18498,20:14:56.363,3153,0.5399
18499,20:14:56.363,2910,0.4212
18500,20:14:56.364,3092,0.5101
18501,20:14:56.364,3426,0.6733
18502,20:14:56.365,2937,0.4344
18503,20:14:56.365,3603,0.7597
18504,20:14:56.366,3224,0.5746
18505,20:14:56.366,3509,0.7138
18506,20:14:56.367,3459,0.6894
18507,20:14:56.367,3504,0.7114
18508,20:14:56.368,3732,0.8227
18509,20:14:56.368,3651,0.7832
18510,20:14:56.369,3729,0.8212
18511,20:14:56.369,3756,0.8344
18512,20:14:56.370,3740,0.8266
18513,20:14:56.370,3587,0.7519
18514,20:14:56.371,3170,0.5482
18515,20:14:56.371,3123,0.5253
18516,20:14:56.372,3104,0.5160
18517,20:14:56.372,3097,0.5126
18518,20:14:56.373,3253,0.5888
18519,20:14:56.373,2952,0.4418
18520,20:14:56.374,2911,0.4217
18521,20:14:56.374,2713,0.3250
18522,20:14:56.375,3158,0.5424
18523,20:14:56.375,2737,0.3368
18524,20:14:56.376,2879,0.4061
18525,20:14:56.376,2829,0.3817
18526,20:14:56.377,3127,0.5272
18527,20:14:56.377,3780,0.8462
18528,20:14:56.378,3532,0.7250
18529,20:14:56.378,3816,0.8637
18530,20:14:56.379,3883,0.8965
18531,20:14:56.379,3879,0.8945
18532,20:14:56.380,3823,0.8672
18533,20:14:56.380,3799,0.8554
18534,20:14:56.381,3875,0.8926
18535,20:14:56.381,3849,0.8799
18536,20:14:56.382,3781,0.8466
18537,20:14:56.382,3763,0.8379
18538,20:14:56.383,3673,0.7939
18539,20:14:56.383,3702,0.8081
18540,20:14:56.384,3622,0.7690
18541,20:14:56.384,3689,0.8017
18542,20:14:56.385,3785,0.8486
18543,20:14:56.385,3422,0.6713
18544,20:14:56.386,3599,0.7578
18545,20:14:56.386,3795,0.8535
18546,20:14:56.387,3716,0.8149
18547,20:14:56.387,3758,0.8354
18548,20:14:56.388,3753,0.8330
18549,20:14:56.388,3791,0.8515
18550,20:14:56.389,3793,0.8525
18551,20:14:56.389,3776,0.8442
18552,20:14:56.390,3766,0.8393
18553,20:14:56.390,3761,0.8369
18554,20:14:56.391,3804,0.8579
18555,20:14:56.391,3741,0.8271
18556,20:14:56.392,3768,0.8403
18557,20:14:56.392,3781,0.8466
18558,20:14:56.393,3744,0.8286
18559,20:14:56.393,3743,0.8281
18560,20:14:56.394,3698,0.8061
18561,20:14:56.394,3824,0.8676
18562,20:14:56.395,3701,0.8076
18563,20:14:56.395,3801,0.8564
18564,20:14:56.396,3802,0.8569
18565,20:14:56.396,3836,0.8735
18566,20:14:56.397,3585,0.7509
18567,20:14:56.397,3683,0.7988
18568,20:14:56.398,3675,0.7949
18569,20:14:56.398,3532,0.7250
18570,20:14:56.399,3441,0.6806
18571,20:14:56.399,3406,0.6635
18572,20:14:56.400,3396,0.6586
18573,20:14:56.400,3403,0.6620
18574,20:14:56.401,3382,0.6518
18575,20:14:56.401,3405,0.6630
18576,20:14:56.402,3416,0.6684
18577,20:14:56.402,3424,0.6723
18578,20:14:56.403,3431,0.6757
18579,20:14:56.403,3404,0.6625
18580,20:14:56.404,3445,0.6825
18581,20:14:56.404,3479,0.6991
18582,20:14:56.405,3438,0.6791
18583,20:14:56.405,3411,0.6659
18584,20:14:56.406,3440,0.6801
18585,20:14:56.406,3460,0.6899
18586,20:14:56.407,3460,0.6899
18587,20:14:56.407,3447,0.6835
18588,20:14:56.408,3460,0.6899
18589,20:14:56.408,3503,0.7109
18590,20:14:56.409,3810,0.8608
18591,20:14:56.409,3620,0.7680
18592,20:14:56.410,3405,0.6630
18593,20:14:56.410,3252,0.5883
18594,20:14:56.411,3147,0.5370
18595,20:14:56.411,3076,0.5023
18596,20:14:56.412,3117,0.5223
18597,20:14:56.412,3246,0.5853
18598,20:14:56.413,3291,0.6073
18599,20:14:56.413,3269,0.5966
18600,20:14:56.414,3300,0.6117
18601,20:14:56.414,3276,0.6000
18602,20:14:56.415,3267,0.5956
18603,20:14:56.415,3323,0.6230
18604,20:14:56.416,3278,0.6010
18605,20:14:56.416,3308,0.6156
18606,20:14:56.417,3338,0.6303
18607,20:14:56.417,3683,0.7988
18608,20:14:56.418,3571,0.7441
18609,20:14:56.418,3460,0.6899
18610,20:14:56.419,3598,0.7573
18611,20:14:56.419,3608,0.7621
18612,20:14:56.420,3680,0.7973
18613,20:14:56.420,3759,0.8359
18614,20:14:56.421,3884,0.8969
18615,20:14:56.421,3947,0.9277
18616,20:14:56.422,3986,0.9468
18617,20:14:56.422,4013,0.9600
18618,20:14:56.423,4019,0.9629
18619,20:14:56.423,4095,1.0000
18620,20:14:56.424,3789,0.8505
18621,20:14:56.424,3478,0.6987
18622,20:14:56.425,3423,0.6718
18623,20:14:56.425,3388,0.6547
18624,20:14:56.426,3295,0.6093
18625,20:14:56.426,3105,0.5165
18626,20:14:56.427,3108,0.5179
18627,20:14:56.427,3161,0.5438
18628,20:14:56.428,3082,0.5053
18629,20:14:56.428,3617,0.7665
18630,20:14:56.429,3375,0.6484
18631,20:14:56.429,3145,0.5360
18632,20:14:56.430,3175,0.5507
18633,20:14:56.430,3254,0.5893
18634,20:14:56.431,3189,0.5575
18635,20:14:56.431,3184,0.5551
18636,20:14:56.432,3253,0.5888
18637,20:14:56.432,3361,0.6415
18638,20:14:56.433,3242,0.5834
18639,20:14:56.433,3247,0.5858
18640,20:14:56.434,3307,0.6151
18641,20:14:56.434,3301,0.6122
18642,20:14:56.435,3353,0.6376
18643,20:14:56.435,3355,0.6386
18644,20:14:56.436,3365,0.6435
18645,20:14:56.436,3461,0.6904
18646,20:14:56.437,3419,0.6698
18647,20:14:56.437,3501,0.7099
18648,20:14:56.438,3744,0.8286
18649,20:14:56.438,3794,0.8530
18650,20:14:56.439,3805,0.8584
18651,20:14:56.439,3810,0.8608
18652,20:14:56.440,3805,0.8584
18653,20:14:56.440,3799,0.8554
18654,20:14:56.441,3807,0.8593
18655,20:14:56.441,3807,0.8593
18656,20:14:56.442,3808,0.8598
18657,20:14:56.442,3698,0.8061
18658,20:14:56.443,3393,0.6571
18659,20:14:56.443,4009,0.9580
18660,20:14:56.444,3751,0.8320
18661,20:14:56.444,3750,0.8315
18662,20:14:56.445,4012,0.9595
18663,20:14:56.445,3817,0.8642
18664,20:14:56.446,3747,0.8300
18665,20:14:56.446,4055,0.9805
18666,20:14:56.447,3750,0.8315
18667,20:14:56.447,4047,0.9766
18668,20:14:56.448,4078,0.9917
18669,20:14:56.448,4095,1.0000
18670,20:14:56.449,3902,0.9057
18671,20:14:56.449,4093,0.9990
18672,20:14:56.450,4087,0.9961
18673,20:14:56.450,4095,1.0000
18674,20:14:56.451,4095,1.0000
18675,20:14:56.451,4089,0.9971
18676,20:14:56.452,4095,1.0000
18677,20:14:56.452,4095,1.0000
18678,20:14:56.453,4094,0.9995
18679,20:14:56.453,4095,1.0000
18680,20:14:56.454,4095,1.0000
18681,20:14:56.454,4093,0.9990
18682,20:14:56.455,4092,0.9985
18683,20:14:56.455,4095,1.0000
18684,20:14:56.456,4083,0.9941
18685,20:14:56.456,4095,1.0000
18686,20:14:56.457,4095,1.0000
18687,20:14:56.457,4095,1.0000
18688,20:14:56.458,4085,0.9951
18689,20:14:56.458,4090,0.9976
18690,20:14:56.459,4067,0.9863
18691,20:14:56.459,4090,0.9976
18692,20:14:56.460,4095,1.0000
18693,20:14:56.460,4087,0.9961
18694,20:14:56.461,4091,0.9980
18695,20:14:56.461,4095,1.0000
18696,20:14:56.462,4083,0.9941
18697,20:14:56.462,4094,0.9995
18698,20:14:56.463,4091,0.9980
18699,20:14:56.463,4079,0.9922
18700,20:14:56.464,4084,0.9946
18701,20:14:56.464,4054,0.9800
18702,20:14:56.465,4073,0.9893
18703,20:14:56.465,4091,0.9980
18704,20:14:56.466,4085,0.9951
18705,20:14:56.466,4095,1.0000
18706,20:14:56.467,4081,0.9932
18707,20:14:56.467,4082,0.9937
18708,20:14:56.468,4082,0.9937
18709,20:14:56.468,4095,1.0000
18710,20:14:56.469,4083,0.9941
18711,20:14:56.469,4081,0.9932
18712,20:14:56.470,4081,0.9932
18713,20:14:56.470,4089,0.9971
18714,20:14:56.471,4085,0.9951
18715,20:14:56.471,4063,0.9844
18716,20:14:56.472,4095,1.0000
18717,20:14:56.472,4084,0.9946
18718,20:14:56.473,4073,0.9893
18719,20:14:56.473,4081,0.9932
18720,20:14:56.474,4082,0.9937
18721,20:14:56.474,4064,0.9849
18722,20:14:56.475,4074,0.9897
18723,20:14:56.475,4067,0.9863
18724,20:14:56.476,4057,0.9814
18725,20:14:56.476,4025,0.9658
18726,20:14:56.477,4034,0.9702
18727,20:14:56.477,4026,0.9663
18728,20:14:56.478,3904,0.9067
18729,20:14:56.478,3889,0.8994
18730,20:14:56.479,3922,0.9155
18731,20:14:56.479,3873,0.8916
18732,20:14:56.480,3831,0.8711
18733,20:14:56.480,3878,0.8940
18734,20:14:56.481,3808,0.8598
18735,20:14:56.481,3800,0.8559
18736,20:14:56.482,3811,0.8613
18737,20:14:56.482,3829,0.8701
18738,20:14:56.483,3759,0.8359
18739,20:14:56.483,3729,0.8212
18740,20:14:56.484,3753,0.8330
18741,20:14:56.484,3731,0.8222
18742,20:14:56.485,3660,0.7875
18743,20:14:56.485,3637,0.7763
18744,20:14:56.486,3627,0.7714
18745,20:14:56.486,3577,0.7470
18746,20:14:56.487,3520,0.7192
18747,20:14:56.487,3357,0.6396
18748,20:14:56.488,3338,0.6303
18749,20:14:56.488,3380,0.6508
18750,20:14:56.489,3276,0.6000
18751,20:14:56.489,3290,0.6068
18752,20:14:56.490,3384,0.6527
18753,20:14:56.490,3271,0.5976
18754,20:14:56.491,3220,0.5726
18755,20:14:56.491,3281,0.6024
18756,20:14:56.492,3341,0.6317
18757,20:14:56.492,3274,0.5990
18758,20:14:56.493,3267,0.5956
18759,20:14:56.493,3322,0.6225
18760,20:14:56.494,3334,0.6283
18761,20:14:56.494,3334,0.6283
18762,20:14:56.495,3345,0.6337
18763,20:14:56.495,3378,0.6498
18764,20:14:56.496,3373,0.6474
18765,20:14:56.496,3357,0.6396
18766,20:14:56.497,3431,0.6757
18767,20:14:56.497,3464,0.6918
18768,20:14:56.498,3469,0.6943
18769,20:14:56.498,3459,0.6894
18770,20:14:56.499,3490,0.7045
18771,20:14:56.499,3500,0.7094
18772,20:14:56.500,3506,0.7123
18773,20:14:56.500,3512,0.7153
18774,20:14:56.501,3515,0.7167
18775,20:14:56.501,3512,0.7153
18776,20:14:56.502,3517,0.7177
18777,20:14:56.502,3533,0.7255
18778,20:14:56.503,3520,0.7192
18779,20:14:56.503,3530,0.7241
18780,20:14:56.504,3518,0.7182
18781,20:14:56.504,3504,0.7114
18782,20:14:56.505,3517,0.7177
18783,20:14:56.505,3519,0.7187
18784,20:14:56.506,3501,0.7099
18785,20:14:56.506,3479,0.6991
18786,20:14:56.507,3510,0.7143
18787,20:14:56.507,3503,0.7109
18788,20:14:56.508,3504,0.7114
18789,20:14:56.508,3513,0.7158
18790,20:14:56.509,3518,0.7182
18791,20:14:56.509,3529,0.7236
18792,20:14:56.510,3542,0.7299
18793,20:14:56.510,3498,0.7084
18794,20:14:56.511,3519,0.7187
18795,20:14:56.511,3548,0.7328
18796,20:14:56.512,3525,0.7216
18797,20:14:56.512,3505,0.7118
18798,20:14:56.513,3560,0.7387
18799,20:14:56.513,3560,0.7387
18800,20:14:56.514,3568,0.7426
18801,20:14:56.514,3558,0.7377
18802,20:14:56.515,3564,0.7407
18803,20:14:56.515,3587,0.7519
18804,20:14:56.516,3578,0.7475
18805,20:14:56.516,3606,0.7612
18806,20:14:56.517,3630,0.7729
18807,20:14:56.517,3580,0.7485
18808,20:14:56.518,3539,0.7284
18809,20:14:56.518,3550,0.7338
18810,20:14:56.519,3574,0.7455
18811,20:14:56.519,3578,0.7475
18812,20:14:56.520,3601,0.7587
18813,20:14:56.520,3600,0.7582
18814,20:14:56.521,3587,0.7519
18815,20:14:56.521,3560,0.7387
18816,20:14:56.522,3572,0.7446
18817,20:14:56.522,3599,0.7578
18818,20:14:56.523,3642,0.7788
18819,20:14:56.523,3578,0.7475
18820,20:14:56.524,3595,0.7558
18821,20:14:56.524,3585,0.7509
18822,20:14:56.525,3592,0.7543
18823,20:14:56.525,3605,0.7607
18824,20:14:56.526,3613,0.7646
18825,20:14:56.526,3600,0.7582
18826,20:14:56.527,3633,0.7744
18827,20:14:56.527,3626,0.7709
18828,20:14:56.528,3624,0.7700
18829,20:14:56.528,3639,0.7773
18830,20:14:56.529,3636,0.7758
18831,20:14:56.529,3631,0.7734
18832,20:14:56.530,3635,0.7753
18833,20:14:56.530,3647,0.7812
18834,20:14:56.531,3644,0.7797
18835,20:14:56.531,3656,0.7856
18836,20:14:56.532,3646,0.7807
18837,20:14:56.532,3653,0.7841
18838,20:14:56.533,3665,0.7900
18839,20:14:56.533,3689,0.8017
18840,20:14:56.534,3693,0.8037
18841,20:14:56.534,3678,0.7963
18842,20:14:56.535,3696,0.8051
18843,20:14:56.535,3697,0.8056
18844,20:14:56.536,3699,0.8066
18845,20:14:56.536,3635,0.7753
18846,20:14:56.537,3708,0.8110
18847,20:14:56.537,3715,0.8144
18848,20:14:56.538,3706,0.8100
18849,20:14:56.538,3713,0.8134
18850,20:14:56.539,3706,0.8100
18851,20:14:56.539,3705,0.8095
18852,20:14:56.540,3713,0.8134
18853,20:14:56.540,3696,0.8051
18854,20:14:56.541,3696,0.8051
18855,20:14:56.541,3702,0.8081
18856,20:14:56.542,3706,0.8100
18857,20:14:56.542,3689,0.8017
18858,20:14:56.543,3688,0.8012
18859,20:14:56.543,3697,0.8056
18860,20:14:56.544,3722,0.8178
18861,20:14:56.544,3737,0.8252
18862,20:14:56.545,3727,0.8203
18863,20:14:56.545,3691,0.8027
18864,20:14:56.546,3694,0.8042
18865,20:14:56.546,3680,0.7973
18866,20:14:56.547,3665,0.7900
18867,20:14:56.547,3682,0.7983
18868,20:14:56.548,3697,0.8056
18869,20:14:56.548,3658,0.7866
18870,20:14:56.549,3689,0.8017
18871,20:14:56.549,3698,0.8061
18872,20:14:56.550,3654,0.7846
18873,20:14:56.550,3707,0.8105
18874,20:14:56.551,3676,0.7954
18875,20:14:56.551,3672,0.7934
18876,20:14:56.552,3687,0.8007
18877,20:14:56.552,3687,0.8007
18878,20:14:56.553,3689,0.8017
18879,20:14:56.553,3700,0.8071
18880,20:14:56.554,3704,0.8090
18881,20:14:56.554,3730,0.8217
18882,20:14:56.555,3733,0.8232
18883,20:14:56.555,3757,0.8349
18884,20:14:56.556,3740,0.8266
18885,20:14:56.556,3759,0.8359
18886,20:14:56.557,3762,0.8374
18887,20:14:56.557,3771,0.8418
18888,20:14:56.558,3764,0.8383
18889,20:14:56.558,3768,0.8403
18890,20:14:56.559,3774,0.8432
18891,20:14:56.559,3761,0.8369
18892,20:14:56.560,3775,0.8437
18893,20:14:56.560,3780,0.8462
18894,20:14:56.561,3765,0.8388
18895,20:14:56.561,3763,0.8379
18896,20:14:56.562,3772,0.8422
18897,20:14:56.562,3769,0.8408
18898,20:14:56.563,3758,0.8354
18899,20:14:56.563,3750,0.8315
18900,20:14:56.564,3737,0.8252
18901,20:14:56.564,3744,0.8286
18902,20:14:56.565,3748,0.8305
18903,20:14:56.565,3754,0.8335
18904,20:14:56.566,3736,0.8247
18905,20:14:56.566,3733,0.8232
18906,20:14:56.567,3734,0.8237
18907,20:14:56.567,3729,0.8212
18908,20:14:56.568,3704,0.8090
18909,20:14:56.568,3693,0.8037
18910,20:14:56.569,3702,0.8081
18911,20:14:56.569,3701,0.8076
18912,20:14:56.570,3685,0.7998
18913,20:14:56.570,3694,0.8042
18914,20:14:56.571,3692,0.8032
18915,20:14:56.571,3684,0.7993
18916,20:14:56.572,3703,0.8085
18917,20:14:56.572,3704,0.8090
18918,20:14:56.573,3701,0.8076
18919,20:14:56.573,3724,0.8188
18920,20:14:56.574,3739,0.8261
18921,20:14:56.574,3727,0.8203
18922,20:14:56.575,3724,0.8188
18923,20:14:56.575,3685,0.7998
18924,20:14:56.576,3728,0.8208
18925,20:14:56.576,3753,0.8330
18926,20:14:56.577,3761,0.8369
18927,20:14:56.577,3771,0.8418
18928,20:14:56.578,3771,0.8418
18929,20:14:56.578,3766,0.8393
18930,20:14:56.579,3775,0.8437
18931,20:14:56.579,3775,0.8437
18932,20:14:56.580,3784,0.8481
18933,20:14:56.580,3780,0.8462
18934,20:14:56.581,3792,0.8520
18935,20:14:56.581,3781,0.8466
18936,20:14:56.582,3789,0.8505
18937,20:14:56.582,3757,0.8349
18938,20:14:56.583,3768,0.8403
18939,20:14:56.583,3799,0.8554
18940,20:14:56.584,3772,0.8422
18941,20:14:56.584,3770,0.8413
18942,20:14:56.585,3777,0.8447
18943,20:14:56.585,3785,0.8486
18944,20:14:56.586,3789,0.8505
18945,20:14:56.586,3703,0.8085
18946,20:14:56.587,3766,0.8393
18947,20:14:56.587,3753,0.8330
18948,20:14:56.588,3750,0.8315
18949,20:14:56.588,3744,0.8286
18950,20:14:56.589,3749,0.8310
18951,20:14:56.589,3750,0.8315
18952,20:14:56.590,3730,0.8217
18953,20:14:56.590,3747,0.8300
18954,20:14:56.591,3747,0.8300
18955,20:14:56.591,3744,0.8286
18956,20:14:56.592,3725,0.8193
18957,20:14:56.592,3741,0.8271
18958,20:14:56.593,3748,0.8305
18959,20:14:56.593,3753,0.8330
18960,20:14:56.594,3738,0.8256
18961,20:14:56.594,3766,0.8393
18962,20:14:56.595,3760,0.8364
18963,20:14:56.595,3758,0.8354
18964,20:14:56.596,3769,0.8408
18965,20:14:56.596,3783,0.8476
18966,20:14:56.597,3778,0.8452
18967,20:14:56.597,3774,0.8432
18968,20:14:56.598,3776,0.8442
18969,20:14:56.598,3780,0.8462
18970,20:14:56.599,3791,0.8515
18971,20:14:56.599,3779,0.8457
18972,20:14:56.600,3787,0.8496
18973,20:14:56.600,3784,0.8481
18974,20:14:56.601,3786,0.8491
18975,20:14:56.601,3789,0.8505
18976,20:14:56.602,3801,0.8564
18977,20:14:56.602,3845,0.8779
18978,20:14:56.603,3808,0.8598
18979,20:14:56.603,3788,0.8501
18980,20:14:56.604,3725,0.8193
18981,20:14:56.604,3802,0.8569
18982,20:14:56.605,3795,0.8535
18983,20:14:56.605,3784,0.8481
18984,20:14:56.606,3791,0.8515
18985,20:14:56.606,3787,0.8496
18986,20:14:56.607,3771,0.8418
18987,20:14:56.607,3764,0.8383
18988,20:14:56.608,3742,0.8276
18989,20:14:56.608,3770,0.8413
18990,20:14:56.609,3774,0.8432
18991,20:14:56.609,3766,0.8393
18992,20:14:56.610,3756,0.8344
18993,20:14:56.610,3777,0.8447
18994,20:14:56.611,3761,0.8369
18995,20:14:56.611,3762,0.8374
18996,20:14:56.612,3764,0.8383
18997,20:14:56.612,3758,0.8354
18998,20:14:56.613,3768,0.8403
18999,20:14:56.613,3756,0.8344
19000,20:14:56.614,3776,0.8442
19001,20:14:56.614,3771,0.8418
19002,20:14:56.615,3770,0.8413
19003,20:14:56.615,3782,0.8471
19004,20:14:56.616,3776,0.8442
19005,20:14:56.616,3808,0.8598
19006,20:14:56.617,3791,0.8515
19007,20:14:56.617,3792,0.8520
19008,20:14:56.618,3796,0.8540
19009,20:14:56.618,3803,0.8574
19010,20:14:56.619,3804,0.8579
19011,20:14:56.619,3799,0.8554
19012,20:14:56.620,3801,0.8564
19013,20:14:56.620,3800,0.8559
19014,20:14:56.621,3796,0.8540
19015,20:14:56.621,3798,0.8549
19016,20:14:56.622,3805,0.8584
19017,20:14:56.622,3801,0.8564
19018,20:14:56.623,3777,0.8447
19019,20:14:56.623,3786,0.8491
19020,20:14:56.624,3792,0.8520
19021,20:14:56.624,3777,0.8447
19022,20:14:56.625,3776,0.8442
19023,20:14:56.625,3812,0.8618
19024,20:14:56.626,3782,0.8471
19025,20:14:56.626,3760,0.8364
19026,20:14:56.627,3770,0.8413
19027,20:14:56.627,3767,0.8398
19028,20:14:56.628,3759,0.8359
19029,20:14:56.628,3760,0.8364
19030,20:14:56.629,3764,0.8383
19031,20:14:56.629,3759,0.8359
19032,20:14:56.630,3777,0.8447
19033,20:14:56.630,3749,0.8310
19034,20:14:56.631,3761,0.8369
19035,20:14:56.631,3761,0.8369
19036,20:14:56.632,3759,0.8359
19037,20:14:56.632,3761,0.8369
19038,20:14:56.633,3767,0.8398
19039,20:14:56.633,3751,0.8320
19040,20:14:56.634,3760,0.8364
19041,20:14:56.634,3763,0.8379
19042,20:14:56.635,3851,0.8808
19043,20:14:56.635,3794,0.8530
19044,20:14:56.636,3770,0.8413
19045,20:14:56.636,3803,0.8574
19046,20:14:56.637,3809,0.8603
19047,20:14:56.637,3806,0.8589
19048,20:14:56.638,3801,0.8564
19049,20:14:56.638,3810,0.8608
19050,20:14:56.639,3804,0.8579
19051,20:14:56.639,3821,0.8662
19052,20:14:56.640,3802,0.8569
19053,20:14:56.640,3797,0.8545
19054,20:14:56.641,3801,0.8564
19055,20:14:56.641,3804,0.8579
19056,20:14:56.642,3796,0.8540
19057,20:14:56.642,3798,0.8549
19058,20:14:56.643,3800,0.8559
19059,20:14:56.643,3770,0.8413
19060,20:14:56.644,3785,0.8486
19061,20:14:56.644,3788,0.8501
19062,20:14:56.645,3794,0.8530
19063,20:14:56.645,3782,0.8471
19064,20:14:56.646,3790,0.8510
19065,20:14:56.646,3761,0.8369
19066,20:14:56.647,3766,0.8393
19067,20:14:56.647,3764,0.8383
19068,20:14:56.648,3761,0.8369
19069,20:14:56.648,3764,0.8383
19070,20:14:56.649,3780,0.8462
19071,20:14:56.649,3762,0.8374
19072,20:14:56.650,3763,0.8379
19073,20:14:56.650,3762,0.8374
19074,20:14:56.651,3859,0.8847
19075,20:14:56.651,3774,0.8432
19076,20:14:56.652,3766,0.8393
19077,20:14:56.652,3776,0.8442
19078,20:14:56.653,3767,0.8398
19079,20:14:56.653,3778,0.8452
19080,20:14:56.654,3791,0.8515
19081,20:14:56.654,3794,0.8530
19082,20:14:56.655,3789,0.8505
19083,20:14:56.655,3796,0.8540
19084,20:14:56.656,3791,0.8515
19085,20:14:56.656,3801,0.8564
19086,20:14:56.657,3802,0.8569
19087,20:14:56.657,3807,0.8593
19088,20:14:56.658,3806,0.8589
19089,20:14:56.658,3804,0.8579
19090,20:14:56.659,3802,0.8569
19091,20:14:56.659,3803,0.8574
19092,20:14:56.660,3821,0.8662
19093,20:14:56.660,3803,0.8574
19094,20:14:56.661,3808,0.8598
19095,20:14:56.661,3791,0.8515
19096,20:14:56.662,3809,0.8603
19097,20:14:56.662,3812,0.8618
19098,20:14:56.663,3797,0.8545
19099,20:14:56.663,3790,0.8510
19100,20:14:56.664,3779,0.8457
19101,20:14:56.664,3785,0.8486
19102,20:14:56.665,3795,0.8535
19103,20:14:56.665,3782,0.8471
19104,20:14:56.666,3795,0.8535
19105,20:14:56.666,3778,0.8452
19106,20:14:56.667,3768,0.8403
19107,20:14:56.667,3770,0.8413
19108,20:14:56.668,3773,0.8427
19109,20:14:56.668,3759,0.8359
19110,20:14:56.669,3766,0.8393
19111,20:14:56.669,3767,0.8398
19112,20:14:56.670,3771,0.8418
19113,20:14:56.670,3751,0.8320
19114,20:14:56.671,3767,0.8398
19115,20:14:56.671,3761,0.8369
19116,20:14:56.672,3775,0.8437
19117,20:14:56.672,3765,0.8388
19118,20:14:56.673,3772,0.8422
19119,20:14:56.673,3784,0.8481
19120,20:14:56.674,3786,0.8491
19121,20:14:56.674,3776,0.8442
19122,20:14:56.675,3782,0.8471
19123,20:14:56.675,3798,0.8549
19124,20:14:56.676,3793,0.8525
19125,20:14:56.676,3816,0.8637
19126,20:14:56.677,3812,0.8618
19127,20:14:56.677,3824,0.8676
19128,20:14:56.678,3806,0.8589
19129,20:14:56.678,3816,0.8637
19130,20:14:56.679,3819,0.8652
19131,20:14:56.679,3815,0.8632
19132,20:14:56.680,3807,0.8593
19133,20:14:56.680,3812,0.8618
19134,20:14:56.681,3809,0.8603
19135,20:14:56.681,3806,0.8589
19136,20:14:56.682,3807,0.8593
19137,20:14:56.682,3804,0.8579
19138,20:14:56.683,3808,0.8598
19139,20:14:56.683,3844,0.8774
19140,20:14:56.684,3792,0.8520
19141,20:14:56.684,3786,0.8491
19142,20:14:56.685,3771,0.8418
19143,20:14:56.685,3777,0.8447
19144,20:14:56.686,3781,0.8466
19145,20:14:56.686,3778,0.8452
19146,20:14:56.687,3770,0.8413
19147,20:14:56.687,3760,0.8364
19148,20:14:56.688,3769,0.8408
19149,20:14:56.688,3779,0.8457
19150,20:14:56.689,3768,0.8403
19151,20:14:56.689,3765,0.8388
19152,20:14:56.690,3765,0.8388
19153,20:14:56.690,3762,0.8374
19154,20:14:56.691,3770,0.8413
19155,20:14:56.691,3766,0.8393
19156,20:14:56.692,3761,0.8369
19157,20:14:56.692,3756,0.8344
19158,20:14:56.693,3786,0.8491
19159,20:14:56.693,3766,0.8393
19160,20:14:56.694,3781,0.8466
19161,20:14:56.694,3788,0.8501
19162,20:14:56.695,3794,0.8530
19163,20:14:56.695,3798,0.8549
19164,20:14:56.696,3854,0.8823
19165,20:14:56.696,3807,0.8593
19166,20:14:56.697,3807,0.8593
19167,20:14:56.697,3815,0.8632
19168,20:14:56.698,3814,0.8628
19169,20:14:56.698,3815,0.8632
19170,20:14:56.699,3814,0.8628
19171,20:14:56.699,3813,0.8623
19172,20:14:56.700,3810,0.8608
19173,20:14:56.700,3813,0.8623
19174,20:14:56.701,3822,0.8667
19175,20:14:56.701,3814,0.8628
19176,20:14:56.702,3811,0.8613
19177,20:14:56.702,3819,0.8652
19178,20:14:56.703,3797,0.8545
19179,20:14:56.703,3792,0.8520
19180,20:14:56.704,3781,0.8466
19181,20:14:56.704,3853,0.8818
19182,20:14:56.705,3809,0.8603
19183,20:14:56.705,3782,0.8471
19184,20:14:56.706,3795,0.8535
19185,20:14:56.706,3764,0.8383
19186,20:14:56.707,3763,0.8379
19187,20:14:56.707,3764,0.8383
19188,20:14:56.708,3759,0.8359
19189,20:14:56.708,3773,0.8427
19190,20:14:56.709,3763,0.8379
19191,20:14:56.709,3775,0.8437
19192,20:14:56.710,3765,0.8388
19193,20:14:56.710,3758,0.8354
19194,20:14:56.711,3764,0.8383
19195,20:14:56.711,3766,0.8393
19196,20:14:56.712,3758,0.8354
19197,20:14:56.712,3759,0.8359
19198,20:14:56.713,3770,0.8413
19199,20:14:56.713,3771,0.8418
19200,20:14:56.714,3800,0.8559
19201,20:14:56.714,3802,0.8569
19202,20:14:56.715,3777,0.8447
19203,20:14:56.715,3794,0.8530
19204,20:14:56.716,3794,0.8530
19205,20:14:56.716,3805,0.8584
19206,20:14:56.717,3813,0.8623
19207,20:14:56.717,3823,0.8672
19208,20:14:56.718,3822,0.8667
19209,20:14:56.718,3811,0.8613
19210,20:14:56.719,3830,0.8706
19211,20:14:56.719,3808,0.8598
19212,20:14:56.720,3813,0.8623
19213,20:14:56.720,3817,0.8642
19214,20:14:56.721,3823,0.8672
19215,20:14:56.721,3821,0.8662
19216,20:14:56.722,3810,0.8608
19217,20:14:56.722,3809,0.8603
19218,20:14:56.723,3823,0.8672
19219,20:14:56.723,3785,0.8486
19220,20:14:56.724,3784,0.8481
19221,20:14:56.724,3786,0.8491
19222,20:14:56.725,3796,0.8540
19223,20:14:56.725,3812,0.8618
19224,20:14:56.726,3807,0.8593
19225,20:14:56.726,3759,0.8359
19226,20:14:56.727,3772,0.8422
19227,20:14:56.727,3774,0.8432
19228,20:14:56.728,3767,0.8398
19229,20:14:56.728,3767,0.8398
19230,20:14:56.729,3762,0.8374
19231,20:14:56.729,3766,0.8393
19232,20:14:56.730,3769,0.8408
19233,20:14:56.730,3767,0.8398
19234,20:14:56.731,3758,0.8354
19235,20:14:56.731,3766,0.8393
19236,20:14:56.732,3768,0.8403
19237,20:14:56.732,3775,0.8437
19238,20:14:56.733,3794,0.8530
19239,20:14:56.733,3769,0.8408
19240,20:14:56.734,3762,0.8374
19241,20:14:56.734,3796,0.8540
19242,20:14:56.735,3783,0.8476
19243,20:14:56.735,3796,0.8540
19244,20:14:56.736,3799,0.8554
19245,20:14:56.736,3811,0.8613
19246,20:14:56.737,3811,0.8613
19247,20:14:56.737,3814,0.8628
19248,20:14:56.738,3815,0.8632
19249,20:14:56.738,3808,0.8598
19250,20:14:56.739,3813,0.8623
19251,20:14:56.739,3817,0.8642
19252,20:14:56.740,3813,0.8623
19253,20:14:56.740,3816,0.8637
19254,20:14:56.741,3820,0.8657
19255,20:14:56.741,3813,0.8623
19256,20:14:56.742,3823,0.8672
19257,20:14:56.742,3816,0.8637
19258,20:14:56.743,3806,0.8589
19259,20:14:56.743,3786,0.8491
19260,20:14:56.744,3797,0.8545
19261,20:14:56.744,3811,0.8613
19262,20:14:56.745,3787,0.8496
19263,20:14:56.745,3787,0.8496
19264,20:14:56.746,3794,0.8530
19265,20:14:56.746,3788,0.8501
19266,20:14:56.747,3780,0.8462
19267,20:14:56.747,3766,0.8393
19268,20:14:56.748,3768,0.8403
19269,20:14:56.748,3766,0.8393
19270,20:14:56.749,3768,0.8403
19271,20:14:56.749,3765,0.8388
19272,20:14:56.750,3792,0.8520
19273,20:14:56.750,3764,0.8383
19274,20:14:56.751,3769,0.8408
19275,20:14:56.751,3755,0.8339
19276,20:14:56.752,3758,0.8354
19277,20:14:56.752,3757,0.8349
19278,20:14:56.753,3778,0.8452
19279,20:14:56.753,3793,0.8525
19280,20:14:56.754,3793,0.8525
19281,20:14:56.754,3793,0.8525
19282,20:14:56.755,3785,0.8486
19283,20:14:56.755,3800,0.8559
19284,20:14:56.756,3800,0.8559
19285,20:14:56.756,3786,0.8491
19286,20:14:56.757,3788,0.8501
19287,20:14:56.757,3815,0.8632
19288,20:14:56.758,3826,0.8686
19289,20:14:56.758,3815,0.8632
19290,20:14:56.759,3814,0.8628
19291,20:14:56.759,3815,0.8632
19292,20:14:56.760,3816,0.8637
19293,20:14:56.760,3818,0.8647
19294,20:14:56.761,3800,0.8559
19295,20:14:56.761,3816,0.8637
19296,20:14:56.762,3808,0.8598
19297,20:14:56.762,3815,0.8632
19298,20:14:56.763,3824,0.8676
19299,20:14:56.763,3812,0.8618
19300,20:14:56.764,3748,0.8305
19301,20:14:56.764,3791,0.8515
19302,20:14:56.765,3795,0.8535
19303,20:14:56.765,3801,0.8564
19304,20:14:56.766,3769,0.8408
19305,20:14:56.766,3763,0.8379
19306,20:14:56.767,3772,0.8422
19307,20:14:56.767,3777,0.8447
19308,20:14:56.768,3771,0.8418
19309,20:14:56.768,3768,0.8403
19310,20:14:56.769,3768,0.8403
19311,20:14:56.769,3767,0.8398
19312,20:14:56.770,3764,0.8383
19313,20:14:56.770,3756,0.8344
19314,20:14:56.771,3765,0.8388
19315,20:14:56.771,3766,0.8393
19316,20:14:56.772,3764,0.8383
19317,20:14:56.772,3763,0.8379
19318,20:14:56.773,3798,0.8549
19319,20:14:56.773,3777,0.8447
19320,20:14:56.774,3776,0.8442
19321,20:14:56.774,3807,0.8593
19322,20:14:56.775,3775,0.8437
19323,20:14:56.775,3800,0.8559
19324,20:14:56.776,3799,0.8554
19325,20:14:56.776,3808,0.8598
19326,20:14:56.777,3816,0.8637
19327,20:14:56.777,3811,0.8613
19328,20:14:56.778,3815,0.8632
19329,20:14:56.778,3811,0.8613
19330,20:14:56.779,3813,0.8623
19331,20:14:56.779,3820,0.8657
19332,20:14:56.780,3813,0.8623
19333,20:14:56.780,3815,0.8632
19334,20:14:56.781,3821,0.8662
19335,20:14:56.781,3811,0.8613
19336,20:14:56.782,3818,0.8647
19337,20:14:56.782,3823,0.8672
19338,20:14:56.783,3824,0.8676
19339,20:14:56.783,3797,0.8545
19340,20:14:56.784,3796,0.8540
19341,20:14:56.784,3806,0.8589
19342,20:14:56.785,3780,0.8462
19343,20:14:56.785,3779,0.8457
19344,20:14:56.786,3817,0.8642
19345,20:14:56.786,3776,0.8442
19346,20:14:56.787,3772,0.8422
19347,20:14:56.787,3763,0.8379
19348,20:14:56.788,3767,0.8398
19349,20:14:56.788,3771,0.8418
19350,20:14:56.789,3771,0.8418
19351,20:14:56.789,3765,0.8388
19352,20:14:56.790,3772,0.8422
19353,20:14:56.790,3766,0.8393
19354,20:14:56.791,3756,0.8344
19355,20:14:56.791,3775,0.8437
19356,20:14:56.792,3780,0.8462
19357,20:14:56.792,3767,0.8398
19358,20:14:56.793,3781,0.8466
19359,20:14:56.793,3804,0.8579
19360,20:14:56.794,3801,0.8564
19361,20:14:56.794,3801,0.8564
19362,20:14:56.795,3799,0.8554
19363,20:14:56.795,3793,0.8525
19364,20:14:56.796,3792,0.8520
19365,20:14:56.796,3786,0.8491
19366,20:14:56.797,3813,0.8623
19367,20:14:56.797,3825,0.8681
19368,20:14:56.798,3810,0.8608
19369,20:14:56.798,3817,0.8642
19370,20:14:56.799,3819,0.8652
19371,20:14:56.799,3818,0.8647
19372,20:14:56.800,3821,0.8662
19373,20:14:56.800,3823,0.8672
19374,20:14:56.801,3819,0.8652
19375,20:14:56.801,3813,0.8623
19376,20:14:56.802,3815,0.8632
19377,20:14:56.802,3817,0.8642
19378,20:14:56.803,3817,0.8642
19379,20:14:56.803,3291,0.6073
19380,20:14:56.804,3055,0.4921
19381,20:14:56.804,3252,0.5883
19382,20:14:56.805,3332,0.6274
19383,20:14:56.805,3425,0.6728
19384,20:14:56.806,3559,0.7382
19385,20:14:56.806,3559,0.7382
19386,20:14:56.807,3510,0.7143
19387,20:14:56.807,3914,0.9116
19388,20:14:56.808,3422,0.6713
19389,20:14:56.808,4024,0.9653
19390,20:14:56.809,3868,0.8891
19391,20:14:56.809,4095,1.0000
19392,20:14:56.810,4068,0.9868
19393,20:14:56.810,3829,0.8701
19394,20:14:56.811,3520,0.7192
19395,20:14:56.811,3468,0.6938
19396,20:14:56.812,3319,0.6210
19397,20:14:56.812,3261,0.5927
19398,20:14:56.813,3680,0.7973
19399,20:14:56.813,3689,0.8017
19400,20:14:56.814,3718,0.8159
19401,20:14:56.814,3818,0.8647
19402,20:14:56.815,3663,0.7890
19403,20:14:56.815,3622,0.7690
19404,20:14:56.816,3659,0.7871
19405,20:14:56.816,3587,0.7519
19406,20:14:56.817,3530,0.7241
19407,20:14:56.817,3539,0.7284
19408,20:14:56.818,3481,0.7001
19409,20:14:56.818,3457,0.6884
19410,20:14:56.819,3353,0.6376
19411,20:14:56.819,3321,0.6220
19412,20:14:56.820,3224,0.5746
19413,20:14:56.820,3315,0.6190
19414,20:14:56.821,3622,0.7690
19415,20:14:56.821,3224,0.5746
19416,20:14:56.822,3273,0.5985
19417,20:14:56.822,3210,0.5678
19418,20:14:56.823,3307,0.6151
19419,20:14:56.823,3227,0.5761
19420,20:14:56.824,3032,0.4808
19421,20:14:56.824,3264,0.5941
19422,20:14:56.825,3196,0.5609
19423,20:14:56.825,3179,0.5526
19424,20:14:56.826,3259,0.5917
19425,20:14:56.826,3332,0.6274
19426,20:14:56.827,3256,0.5902
19427,20:14:56.827,3085,0.5067
19428,20:14:56.828,3823,0.8672
19429,20:14:56.828,3904,0.9067
19430,20:14:56.829,3809,0.8603
19431,20:14:56.829,3736,0.8247
19432,20:14:56.830,3878,0.8940
19433,20:14:56.830,3913,0.9111
19434,20:14:56.831,3642,0.7788
19435,20:14:56.831,3601,0.7587
19436,20:14:56.832,3626,0.7709
19437,20:14:56.832,3828,0.8696
19438,20:14:56.833,3097,0.5126
19439,20:14:56.833,3065,0.4969
19440,20:14:56.834,3219,0.5722
19441,20:14:56.834,3323,0.6230
19442,20:14:56.835,3382,0.6518
19443,20:14:56.835,3196,0.5609
19444,20:14:56.836,3306,0.6147
19445,20:14:56.836,3322,0.6225
19446,20:14:56.837,3280,0.6020
19447,20:14:56.837,3278,0.6010
19448,20:14:56.838,3283,0.6034
19449,20:14:56.838,3214,0.5697
19450,20:14:56.839,3251,0.5878
19451,20:14:56.839,3567,0.7421
19452,20:14:56.840,3518,0.7182
19453,20:14:56.840,3377,0.6493
19454,20:14:56.841,3170,0.5482
19455,20:14:56.841,3252,0.5883
19456,20:14:56.842,3498,0.7084
19457,20:14:56.842,3479,0.6991
19458,20:14:56.843,3405,0.6630
19459,20:14:56.843,3316,0.6195
19460,20:14:56.844,3443,0.6816
19461,20:14:56.844,3181,0.5536
19462,20:14:56.845,3366,0.6440
19463,20:14:56.845,3492,0.7055
19464,20:14:56.846,3608,0.7621
19465,20:14:56.846,3541,0.7294
19466,20:14:56.847,3488,0.7035
19467,20:14:56.847,3415,0.6679
19468,20:14:56.848,3401,0.6611
19469,20:14:56.848,3279,0.6015
19470,20:14:56.849,3215,0.5702
19471,20:14:56.849,3237,0.5810
19472,20:14:56.850,3127,0.5272
19473,20:14:56.850,3082,0.5053
19474,20:14:56.851,3324,0.6234
19475,20:14:56.851,3337,0.6298
19476,20:14:56.852,3321,0.6220
19477,20:14:56.852,3117,0.5223
19478,20:14:56.853,3345,0.6337
19479,20:14:56.853,4004,0.9556
19480,20:14:56.854,3549,0.7333
19481,20:14:56.854,3443,0.6816
19482,20:14:56.855,3419,0.6698
19483,20:14:56.855,3430,0.6752
19484,20:14:56.856,3593,0.7548
19485,20:14:56.856,3477,0.6982
19486,20:14:56.857,3520,0.7192
19487,20:14:56.857,3535,0.7265
19488,20:14:56.858,3499,0.7089
19489,20:14:56.858,3417,0.6689
19490,20:14:56.859,3372,0.6469
19491,20:14:56.859,3159,0.5429
19492,20:14:56.860,3274,0.5990
19493,20:14:56.860,3310,0.6166
19494,20:14:56.861,3318,0.6205
19495,20:14:56.861,3396,0.6586
19496,20:14:56.862,3424,0.6723
19497,20:14:56.862,3589,0.7529
19498,20:14:56.863,3592,0.7543
19499,20:14:56.863,3472,0.6957
19500,20:14:56.864,3431,0.6757
19501,20:14:56.864,3365,0.6435
19502,20:14:56.865,3534,0.7260
19503,20:14:56.865,3477,0.6982
19504,20:14:56.866,3396,0.6586
19505,20:14:56.866,3462,0.6908
19506,20:14:56.867,3498,0.7084
19507,20:14:56.867,3382,0.6518
19508,20:14:56.868,3217,0.5712
19509,20:14:56.868,3123,0.5253
19510,20:14:56.869,2987,0.4589
19511,20:14:56.869,3097,0.5126
19512,20:14:56.870,3114,0.5209
19513,20:14:56.870,3131,0.5292
19514,20:14:56.871,3261,0.5927
19515,20:14:56.871,3249,0.5868
19516,20:14:56.872,3148,0.5375
19517,20:14:56.872,3189,0.5575
19518,20:14:56.873,3260,0.5922
19519,20:14:56.873,3246,0.5853
19520,20:14:56.874,3373,0.6474
19521,20:14:56.874,3550,0.7338
19522,20:14:56.875,3289,0.6063
19523,20:14:56.875,3378,0.6498
19524,20:14:56.876,3315,0.6190
19525,20:14:56.876,3402,0.6615
19526,20:14:56.877,3433,0.6767
19527,20:14:56.877,3357,0.6396
19528,20:14:56.878,3334,0.6283
19529,20:14:56.878,3320,0.6215
19530,20:14:56.879,3255,0.5897
19531,20:14:56.879,3266,0.5951
19532,20:14:56.880,3106,0.5170
19533,20:14:56.880,3164,0.5453
19534,20:14:56.881,3205,0.5653
19535,20:14:56.881,3293,0.6083
19536,20:14:56.882,3387,0.6542
19537,20:14:56.882,3319,0.6210
19538,20:14:56.883,3290,0.6068
19539,20:14:56.883,3321,0.6220
19540,20:14:56.884,3412,0.6664
19541,20:14:56.884,3356,0.6391
19542,20:14:56.885,3405,0.6630
19543,20:14:56.885,3439,0.6796
19544,20:14:56.886,3611,0.7636
19545,20:14:56.886,3361,0.6415
19546,20:14:56.887,3310,0.6166
19547,20:14:56.887,3217,0.5712
19548,20:14:56.888,3223,0.5741
19549,20:14:56.888,3116,0.5219
19550,20:14:56.889,3171,0.5487
19551,20:14:56.889,2979,0.4549
19552,20:14:56.890,3011,0.4706
19553,20:14:56.890,2949,0.4403
19554,20:14:56.891,3207,0.5663
19555,20:14:56.891,3202,0.5639
19556,20:14:56.892,3120,0.5238
19557,20:14:56.892,3329,0.6259
19558,20:14:56.893,3229,0.5770
19559,20:14:56.893,3261,0.5927
19560,20:14:56.894,3169,0.5477
19561,20:14:56.894,3207,0.5663
19562,20:14:56.895,3318,0.6205
19563,20:14:56.895,3367,0.6444
19564,20:14:56.896,3203,0.5643
19565,20:14:56.896,3258,0.5912
19566,20:14:56.897,3361,0.6415
19567,20:14:56.897,3411,0.6659
19568,20:14:56.898,3300,0.6117
19569,20:14:56.898,3241,0.5829
19570,20:14:56.899,3027,0.4784
19571,20:14:56.899,3517,0.7177
19572,20:14:56.900,3661,0.7880
19573,20:14:56.900,3389,0.6552
19574,20:14:56.901,3222,0.5736
19575,20:14:56.901,3038,0.4838
19576,20:14:56.902,3096,0.5121
19577,20:14:56.902,3144,0.5355
19578,20:14:56.903,3281,0.6024
19579,20:14:56.903,3314,0.6186
19580,20:14:56.904,3322,0.6225
19581,20:14:56.904,3265,0.5946
19582,20:14:56.905,3218,0.5717
19583,20:14:56.905,3249,0.5868
19584,20:14:56.906,3232,0.5785
19585,20:14:56.906,3433,0.6767
19586,20:14:56.907,3232,0.5785
19587,20:14:56.907,3175,0.5507
19588,20:14:56.908,3118,0.5228
19589,20:14:56.908,3264,0.5941
19590,20:14:56.909,3556,0.7368
19591,20:14:56.909,3547,0.7324
19592,20:14:56.910,3742,0.8276
19593,20:14:56.910,3549,0.7333
19594,20:14:56.911,3673,0.7939
19595,20:14:56.911,3690,0.8022
19596,20:14:56.912,3540,0.7289
19597,20:14:56.912,3286,0.6049
19598,20:14:56.913,3144,0.5355
19599,20:14:56.913,3190,0.5580
19600,20:14:56.914,3497,0.7079
19601,20:14:56.914,3515,0.7167
19602,20:14:56.915,3388,0.6547
19603,20:14:56.915,3346,0.6342
19604,20:14:56.916,3357,0.6396
19605,20:14:56.916,3737,0.8252
19606,20:14:56.917,2904,0.4183
19607,20:14:56.917,2996,0.4632
19608,20:14:56.918,3148,0.5375
19609,20:14:56.918,3782,0.8471
19610,20:14:56.919,3281,0.6024
19611,20:14:56.919,4051,0.9785
19612,20:14:56.920,4045,0.9756
19613,20:14:56.920,3520,0.7192
19614,20:14:56.921,3053,0.4911
19615,20:14:56.921,3325,0.6239
19616,20:14:56.922,3219,0.5722
19617,20:14:56.922,3225,0.5751
19618,20:14:56.923,3164,0.5453
19619,20:14:56.923,3177,0.5516
19620,20:14:56.924,3154,0.5404
19621,20:14:56.924,3163,0.5448
19622,20:14:56.925,3235,0.5800
19623,20:14:56.925,3289,0.6063
19624,20:14:56.926,3259,0.5917
19625,20:14:56.926,3186,0.5560
19626,20:14:56.927,3014,0.4720
19627,20:14:56.927,3321,0.6220
19628,20:14:56.928,3275,0.5995
19629,20:14:56.928,3352,0.6371
19630,20:14:56.929,3318,0.6205
19631,20:14:56.929,3205,0.5653
19632,20:14:56.930,3302,0.6127
19633,20:14:56.930,2758,0.3470
19634,20:14:56.931,3395,0.6581
19635,20:14:56.931,3474,0.6967
19636,20:14:56.932,3088,0.5082
19637,20:14:56.932,3173,0.5497
19638,20:14:56.933,3042,0.4857
19639,20:14:56.933,3693,0.8037
19640,20:14:56.934,2916,0.4242
19641,20:14:56.934,3186,0.5560
19642,20:14:56.935,3389,0.6552
19643,20:14:56.935,3333,0.6278
19644,20:14:56.936,3137,0.5321
19645,20:14:56.936,3245,0.5849
19646,20:14:56.937,3369,0.6454
19647,20:14:56.937,3305,0.6142
19648,20:14:56.938,2830,0.3822
19649,20:14:56.938,3182,0.5541
19650,20:14:56.939,3671,0.7929
19651,20:14:56.939,3696,0.8051
19652,20:14:56.940,3820,0.8657
19653,20:14:56.940,3687,0.8007
19654,20:14:56.941,3569,0.7431
19655,20:14:56.941,3509,0.7138
19656,20:14:56.942,3421,0.6708
19657,20:14:56.942,3468,0.6938
19658,20:14:56.943,3397,0.6591
19659,20:14:56.943,3366,0.6440
19660,20:14:56.944,3282,0.6029
19661,20:14:56.944,3354,0.6381
19662,20:14:56.945,3370,0.6459
19663,20:14:56.945,3410,0.6654
19664,20:14:56.946,3366,0.6440
19665,20:14:56.946,3431,0.6757
19666,20:14:56.947,3374,0.6479
19667,20:14:56.947,3389,0.6552
19668,20:14:56.948,3374,0.6479
19669,20:14:56.948,3401,0.6611
19670,20:14:56.949,3425,0.6728
19671,20:14:56.949,3413,0.6669
19672,20:14:56.950,3410,0.6654
19673,20:14:56.950,3409,0.6650
19674,20:14:56.951,3427,0.6737
19675,20:14:56.951,3427,0.6737
19676,20:14:56.952,3432,0.6762
19677,20:14:56.952,3445,0.6825
19678,20:14:56.953,3437,0.6786
19679,20:14:56.953,3475,0.6972
19680,20:14:56.954,3492,0.7055
19681,20:14:56.954,3485,0.7021
19682,20:14:56.955,3491,0.7050
19683,20:14:56.955,3499,0.7089
19684,20:14:56.956,3534,0.7260
19685,20:14:56.956,3525,0.7216
19686,20:14:56.957,3547,0.7324
19687,20:14:56.957,3556,0.7368
19688,20:14:56.958,3555,0.7363
19689,20:14:56.958,3564,0.7407
19690,20:14:56.959,3569,0.7431
19691,20:14:56.959,3577,0.7470
19692,20:14:56.960,3581,0.7490
19693,20:14:56.960,3620,0.7680
19694,20:14:56.961,3599,0.7578
19695,20:14:56.961,3593,0.7548
19696,20:14:56.962,3592,0.7543
19697,20:14:56.962,3612,0.7641
19698,20:14:56.963,3598,0.7573
19699,20:14:56.963,3599,0.7578
19700,20:14:56.964,3587,0.7519
19701,20:14:56.964,3592,0.7543
19702,20:14:56.965,3617,0.7665
19703,20:14:56.965,3627,0.7714
19704,20:14:56.966,3629,0.7724
19705,20:14:56.966,3607,0.7617
19706,20:14:56.967,3600,0.7582
19707,20:14:56.967,3612,0.7641
19708,20:14:56.968,3605,0.7607
19709,20:14:56.968,3612,0.7641
19710,20:14:56.969,3605,0.7607
19711,20:14:56.969,3614,0.7651
19712,20:14:56.970,3602,0.7592
19713,20:14:56.970,3615,0.7656
19714,20:14:56.971,3617,0.7665
19715,20:14:56.971,3636,0.7758
19716,20:14:56.972,3623,0.7695
19717,20:14:56.972,3551,0.7343
19718,20:14:56.973,3641,0.7783
19719,20:14:56.973,3648,0.7817
19720,20:14:56.974,3656,0.7856
19721,20:14:56.974,3675,0.7949
19722,20:14:56.975,3660,0.7875
19723,20:14:56.975,3680,0.7973
19724,20:14:56.976,3567,0.7421
19725,20:14:56.976,3659,0.7871
19726,20:14:56.977,3696,0.8051
19727,20:14:56.977,3691,0.8027
19728,20:14:56.978,3673,0.7939
19729,20:14:56.978,3686,0.8002
19730,20:14:56.979,3699,0.8066
19731,20:14:56.979,3701,0.8076
19732,20:14:56.980,3697,0.8056
19733,20:14:56.980,3705,0.8095
19734,20:14:56.981,3699,0.8066
19735,20:14:56.981,3701,0.8076
19736,20:14:56.982,3707,0.8105
19737,20:14:56.982,3700,0.8071
19738,20:14:56.983,3699,0.8066
19739,20:14:56.983,3712,0.8129
19740,20:14:56.984,3690,0.8022
19741,20:14:56.984,3703,0.8085
19742,20:14:56.985,3714,0.8139
19743,20:14:56.985,3699,0.8066
19744,20:14:56.986,3728,0.8208
19745,20:14:56.986,3693,0.8037
19746,20:14:56.987,3676,0.7954
19747,20:14:56.987,3677,0.7958
19748,20:14:56.988,3685,0.7998
19749,20:14:56.988,3691,0.8027
19750,20:14:56.989,3686,0.8002
19751,20:14:56.989,3687,0.8007
19752,20:14:56.990,3680,0.7973
19753,20:14:56.990,3684,0.7993
19754,20:14:56.991,3689,0.8017
19755,20:14:56.991,3681,0.7978
19756,20:14:56.992,3608,0.7621
19757,20:14:56.992,3686,0.8002
19758,20:14:56.993,3716,0.8149
19759,20:14:56.993,3723,0.8183
19760,20:14:56.994,3723,0.8183
19761,20:14:56.994,3731,0.8222
19762,20:14:56.995,3724,0.8188
19763,20:14:56.995,3731,0.8222
19764,20:14:56.996,3739,0.8261
19765,20:14:56.996,3742,0.8276
19766,20:14:56.997,3762,0.8374
19767,20:14:56.997,3743,0.8281
19768,20:14:56.998,3750,0.8315
19769,20:14:56.998,3759,0.8359
19770,20:14:56.999,3755,0.8339
19771,20:14:56.999,3754,0.8335
19772,20:14:57.000,3750,0.8315
19773,20:14:57.000,3748,0.8305
19774,20:14:57.001,3741,0.8271
19775,20:14:57.001,3747,0.8300
19776,20:14:57.002,3762,0.8374
19777,20:14:57.002,3830,0.8706
19778,20:14:57.003,3737,0.8252
19779,20:14:57.003,3724,0.8188
19780,20:14:57.004,3731,0.8222
19781,20:14:57.004,3727,0.8203
19782,20:14:57.005,3722,0.8178
19783,20:14:57.005,3730,0.8217
19784,20:14:57.006,3737,0.8252
19785,20:14:57.006,3730,0.8217
19786,20:14:57.007,3721,0.8173
19787,20:14:57.007,3716,0.8149
19788,20:14:57.008,3721,0.8173
19789,20:14:57.008,3717,0.8154
19790,20:14:57.009,3719,0.8164
19791,20:14:57.009,3723,0.8183
19792,20:14:57.010,3714,0.8139
19793,20:14:57.010,3718,0.8159
19794,20:14:57.011,3724,0.8188
19795,20:14:57.011,3726,0.8198
19796,20:14:57.012,3809,0.8603
19797,20:14:57.012,3738,0.8256
19798,20:14:57.013,3666,0.7905
19799,20:14:57.013,3758,0.8354
19800,20:14:57.014,3756,0.8344
19801,20:14:57.014,3762,0.8374
19802,20:14:57.015,3758,0.8354
19803,20:14:57.015,3767,0.8398
19804,20:14:57.016,3779,0.8457
19805,20:14:57.016,3766,0.8393
19806,20:14:57.017,3796,0.8540
19807,20:14:57.017,3793,0.8525
19808,20:14:57.018,3785,0.8486
19809,20:14:57.018,3786,0.8491
19810,20:14:57.019,3792,0.8520
19811,20:14:57.019,3790,0.8510
19812,20:14:57.020,3785,0.8486
19813,20:14:57.020,3785,0.8486
19814,20:14:57.021,3787,0.8496
19815,20:14:57.021,3787,0.8496
19816,20:14:57.022,3787,0.8496
19817,20:14:57.022,3790,0.8510
19818,20:14:57.023,3795,0.8535
19819,20:14:57.023,3799,0.8554
19820,20:14:57.024,3763,0.8379
19821,20:14:57.024,3750,0.8315
19822,20:14:57.025,3761,0.8369
19823,20:14:57.025,3763,0.8379
19824,20:14:57.026,3768,0.8403
19825,20:14:57.026,3762,0.8374
19826,20:14:57.027,3847,0.8789
19827,20:14:57.027,3747,0.8300
19828,20:14:57.028,3723,0.8183
19829,20:14:57.028,3736,0.8247
19830,20:14:57.029,3737,0.8252
19831,20:14:57.029,3741,0.8271
19832,20:14:57.030,3736,0.8247
19833,20:14:57.030,3746,0.8295
19834,20:14:57.031,3742,0.8276
19835,20:14:57.031,3736,0.8247
19836,20:14:57.032,3745,0.8291
19837,20:14:57.032,3750,0.8315
19838,20:14:57.033,3745,0.8291
19839,20:14:57.033,3750,0.8315
19840,20:14:57.034,3763,0.8379
19841,20:14:57.034,3775,0.8437
19842,20:14:57.035,3777,0.8447
19843,20:14:57.035,3761,0.8369
19844,20:14:57.036,3738,0.8256
19845,20:14:57.036,3779,0.8457
19846,20:14:57.037,3792,0.8520
19847,20:14:57.037,3789,0.8505
19848,20:14:57.038,3790,0.8510
19849,20:14:57.038,3798,0.8549
19850,20:14:57.039,3789,0.8505
19851,20:14:57.039,3793,0.8525
19852,20:14:57.040,3798,0.8549
19853,20:14:57.040,3803,0.8574
19854,20:14:57.041,3788,0.8501
19855,20:14:57.041,3805,0.8584
19856,20:14:57.042,3800,0.8559
19857,20:14:57.042,3799,0.8554
19858,20:14:57.043,3800,0.8559
19859,20:14:57.043,3785,0.8486
19860,20:14:57.044,3776,0.8442
19861,20:14:57.044,3778,0.8452
19862,20:14:57.045,3785,0.8486
19863,20:14:57.045,3776,0.8442
19864,20:14:57.046,3781,0.8466
19865,20:14:57.046,3770,0.8413
19866,20:14:57.047,3766,0.8393
19867,20:14:57.047,3767,0.8398
19868,20:14:57.048,3765,0.8388
19869,20:14:57.048,3760,0.8364
19870,20:14:57.049,3751,0.8320
19871,20:14:57.049,3762,0.8374
19872,20:14:57.050,3750,0.8315
19873,20:14:57.050,3760,0.8364
19874,20:14:57.051,3765,0.8388
19875,20:14:57.051,3746,0.8295
19876,20:14:57.052,3768,0.8403
19877,20:14:57.052,3759,0.8359
19878,20:14:57.053,3755,0.8339
19879,20:14:57.053,3802,0.8569
19880,20:14:57.054,3770,0.8413
19881,20:14:57.054,3779,0.8457
19882,20:14:57.055,3788,0.8501
19883,20:14:57.055,3790,0.8510
19884,20:14:57.056,3787,0.8496
19885,20:14:57.056,3782,0.8471
19886,20:14:57.057,3797,0.8545
19887,20:14:57.057,3814,0.8628
19888,20:14:57.058,3805,0.8584
19889,20:14:57.058,3800,0.8559
19890,20:14:57.059,3809,0.8603
19891,20:14:57.059,3805,0.8584
19892,20:14:57.060,3798,0.8549
19893,20:14:57.060,3812,0.8618
19894,20:14:57.061,3800,0.8559
19895,20:14:57.061,3804,0.8579
19896,20:14:57.062,3803,0.8574
19897,20:14:57.062,3808,0.8598
19898,20:14:57.063,3798,0.8549
19899,20:14:57.063,3776,0.8442
19900,20:14:57.064,3780,0.8462
19901,20:14:57.064,3776,0.8442
19902,20:14:57.065,3778,0.8452
19903,20:14:57.065,3788,0.8501
19904,20:14:57.066,3756,0.8344
19905,20:14:57.066,3771,0.8418
19906,20:14:57.067,3751,0.8320
19907,20:14:57.067,3755,0.8339
19908,20:14:57.068,3758,0.8354
19909,20:14:57.068,3758,0.8354
19910,20:14:57.069,3756,0.8344
19911,20:14:57.069,3751,0.8320
19912,20:14:57.070,3750,0.8315
19913,20:14:57.070,3751,0.8320
19914,20:14:57.071,3753,0.8330
19915,20:14:57.071,3752,0.8325
19916,20:14:57.072,3751,0.8320
19917,20:14:57.072,3785,0.8486
19918,20:14:57.073,3781,0.8466
19919,20:14:57.073,3765,0.8388
19920,20:14:57.074,3782,0.8471
19921,20:14:57.074,3795,0.8535
19922,20:14:57.075,3784,0.8481
19923,20:14:57.075,3787,0.8496
19924,20:14:57.076,3778,0.8452
19925,20:14:57.076,3798,0.8549
19926,20:14:57.077,3858,0.8842
19927,20:14:57.077,3806,0.8589
19928,20:14:57.078,3802,0.8569
19929,20:14:57.078,3807,0.8593
19930,20:14:57.079,3813,0.8623
19931,20:14:57.079,3812,0.8618
19932,20:14:57.080,3804,0.8579
19933,20:14:57.080,3810,0.8608
19934,20:14:57.081,3806,0.8589
19935,20:14:57.081,3803,0.8574
19936,20:14:57.082,3809,0.8603
19937,20:14:57.082,3852,0.8813
19938,20:14:57.083,3768,0.8403
19939,20:14:57.083,3801,0.8564
19940,20:14:57.084,3802,0.8569
19941,20:14:57.084,3786,0.8491
19942,20:14:57.085,3778,0.8452
19943,20:14:57.085,3789,0.8505
19944,20:14:57.086,3797,0.8545
19945,20:14:57.086,3782,0.8471
19946,20:14:57.087,3763,0.8379
19947,20:14:57.087,3753,0.8330
19948,20:14:57.088,3765,0.8388
19949,20:14:57.088,3809,0.8603
19950,20:14:57.089,3757,0.8349
19951,20:14:57.089,3754,0.8335
19952,20:14:57.090,3749,0.8310
19953,20:14:57.090,3754,0.8335
19954,20:14:57.091,3760,0.8364
19955,20:14:57.091,3754,0.8335
19956,20:14:57.092,3764,0.8383
19957,20:14:57.092,3754,0.8335
19958,20:14:57.093,3763,0.8379
19959,20:14:57.093,3776,0.8442
19960,20:14:57.094,3775,0.8437
19961,20:14:57.094,3793,0.8525
19962,20:14:57.095,3788,0.8501
19963,20:14:57.095,3796,0.8540
19964,20:14:57.096,3792,0.8520
19965,20:14:57.096,3777,0.8447
19966,20:14:57.097,3760,0.8364
19967,20:14:57.097,3807,0.8593
19968,20:14:57.098,3814,0.8628
19969,20:14:57.098,3806,0.8589
19970,20:14:57.099,3818,0.8647
19971,20:14:57.099,3813,0.8623
19972,20:14:57.100,3818,0.8647
19973,20:14:57.100,3802,0.8569
19974,20:14:57.101,3809,0.8603
19975,20:14:57.101,3816,0.8637
19976,20:14:57.102,3814,0.8628
19977,20:14:57.102,3810,0.8608
19978,20:14:57.103,3853,0.8818
19979,20:14:57.103,3784,0.8481
19980,20:14:57.104,3783,0.8476
19981,20:14:57.104,3787,0.8496
19982,20:14:57.105,3797,0.8545
19983,20:14:57.105,3779,0.8457
19984,20:14:57.106,3789,0.8505
19985,20:14:57.106,3793,0.8525
19986,20:14:57.107,3764,0.8383
19987,20:14:57.107,3777,0.8447
19988,20:14:57.108,3768,0.8403
19989,20:14:57.108,3761,0.8369
19990,20:14:57.109,3760,0.8364
19991,20:14:57.109,3793,0.8525
19992,20:14:57.110,3763,0.8379
19993,20:14:57.110,3756,0.8344
19994,20:14:57.111,3749,0.8310
19995,20:14:57.111,3774,0.8432
19996,20:14:57.112,3774,0.8432
19997,20:14:57.112,3758,0.8354
19998,20:14:57.113,3763,0.8379
19999,20:14:57.113,3795,0.8535
20000,20:14:57.114,3776,0.8442
20001,20:14:57.114,3860,0.8852
20002,20:14:57.115,3788,0.8501
20003,20:14:57.115,3700,0.8071
20004,20:14:57.116,3761,0.8369
20005,20:14:57.116,3796,0.8540
20006,20:14:57.117,3804,0.8579
20007,20:14:57.117,3801,0.8564
20008,20:14:57.118,3808,0.8598
20009,20:14:57.118,3805,0.8584
20010,20:14:57.119,3813,0.8623
20011,20:14:57.119,3808,0.8598
20012,20:14:57.120,3813,0.8623
20013,20:14:57.120,3814,0.8628
20014,20:14:57.121,3809,0.8603
20015,20:14:57.121,3811,0.8613
20016,20:14:57.122,3806,0.8589
20017,20:14:57.122,3817,0.8642
20018,20:14:57.123,3797,0.8545
20019,20:14:57.123,3790,0.8510
20020,20:14:57.124,3778,0.8452
20021,20:14:57.124,3796,0.8540
20022,20:14:57.125,3775,0.8437
20023,20:14:57.125,3792,0.8520
20024,20:14:57.126,3786,0.8491
20025,20:14:57.126,3772,0.8422
20026,20:14:57.127,3763,0.8379
20027,20:14:57.127,3760,0.8364
20028,20:14:57.128,3768,0.8403
20029,20:14:57.128,3766,0.8393
20030,20:14:57.129,3757,0.8349
20031,20:14:57.129,3768,0.8403
20032,20:14:57.130,3755,0.8339
20033,20:14:57.130,3768,0.8403
20034,20:14:57.131,3770,0.8413
20035,20:14:57.131,3763,0.8379
20036,20:14:57.132,3764,0.8383
20037,20:14:57.132,3764,0.8383
20038,20:14:57.133,3779,0.8457
20039,20:14:57.133,3774,0.8432
20040,20:14:57.134,3768,0.8403
20041,20:14:57.134,3788,0.8501
20042,20:14:57.135,3794,0.8530
20043,20:14:57.135,3802,0.8569
20044,20:14:57.136,3777,0.8447
20045,20:14:57.136,3748,0.8305
20046,20:14:57.137,3799,0.8554
20047,20:14:57.137,3808,0.8598
20048,20:14:57.138,3811,0.8613
20049,20:14:57.138,3818,0.8647
20050,20:14:57.139,3806,0.8589
20051,20:14:57.139,3813,0.8623
20052,20:14:57.140,3815,0.8632
20053,20:14:57.140,3800,0.8559
20054,20:14:57.141,3803,0.8574
20055,20:14:57.141,3812,0.8618
20056,20:14:57.142,3801,0.8564
20057,20:14:57.142,3811,0.8613
20058,20:14:57.143,3791,0.8515
20059,20:14:57.143,3793,0.8525
20060,20:14:57.144,3790,0.8510
20061,20:14:57.144,3794,0.8530
20062,20:14:57.145,3789,0.8505
20063,20:14:57.145,3787,0.8496
20064,20:14:57.146,3800,0.8559
20065,20:14:57.146,3801,0.8564
20066,20:14:57.147,3770,0.8413
20067,20:14:57.147,3765,0.8388
20068,20:14:57.148,3766,0.8393
20069,20:14:57.148,3763,0.8379
20070,20:14:57.149,3762,0.8374
20071,20:14:57.149,3762,0.8374
20072,20:14:57.150,3738,0.8256
20073,20:14:57.150,3756,0.8344
20074,20:14:57.151,3765,0.8388
20075,20:14:57.151,3764,0.8383
20076,20:14:57.152,3773,0.8427
20077,20:14:57.152,3758,0.8354
20078,20:14:57.153,3776,0.8442
20079,20:14:57.153,3776,0.8442
20080,20:14:57.154,3761,0.8369
20081,20:14:57.154,3802,0.8569
20082,20:14:57.155,3794,0.8530
20083,20:14:57.155,3790,0.8510
20084,20:14:57.156,3788,0.8501
20085,20:14:57.156,3784,0.8481
20086,20:14:57.157,3816,0.8637
20087,20:14:57.157,3809,0.8603
20088,20:14:57.158,3812,0.8618
20089,20:14:57.158,3805,0.8584
20090,20:14:57.159,3811,0.8613
20091,20:14:57.159,3813,0.8623
20092,20:14:57.160,3814,0.8628
20093,20:14:57.160,3820,0.8657
20094,20:14:57.161,3811,0.8613
20095,20:14:57.161,3806,0.8589
20096,20:14:57.162,3754,0.8335
20097,20:14:57.162,3807,0.8593
20098,20:14:57.163,3884,0.8969
20099,20:14:57.163,3816,0.8637
20100,20:14:57.164,3802,0.8569
20101,20:14:57.164,3785,0.8486
20102,20:14:57.165,3785,0.8486
20103,20:14:57.165,3793,0.8525
20104,20:14:57.166,3783,0.8476
20105,20:14:57.166,3775,0.8437
20106,20:14:57.167,3782,0.8471
20107,20:14:57.167,3761,0.8369
20108,20:14:57.168,3776,0.8442
20109,20:14:57.168,3765,0.8388
20110,20:14:57.169,3759,0.8359
20111,20:14:57.169,3759,0.8359
20112,20:14:57.170,3761,0.8369
20113,20:14:57.170,3774,0.8432
20114,20:14:57.171,3762,0.8374
20115,20:14:57.171,3748,0.8305
20116,20:14:57.172,3764,0.8383
20117,20:14:57.172,3781,0.8466
20118,20:14:57.173,3782,0.8471
20119,20:14:57.173,3766,0.8393
20120,20:14:57.174,3762,0.8374
20121,20:14:57.174,3800,0.8559
20122,20:14:57.175,3787,0.8496
20123,20:14:57.175,3788,0.8501
20124,20:14:57.176,3803,0.8574
20125,20:14:57.176,3790,0.8510
20126,20:14:57.177,3806,0.8589
20127,20:14:57.177,3811,0.8613
20128,20:14:57.178,3809,0.8603
20129,20:14:57.178,3803,0.8574
20130,20:14:57.179,3729,0.8212
20131,20:14:57.179,3397,0.6591
20132,20:14:57.180,3458,0.6889
20133,20:14:57.180,3817,0.8642
20134,20:14:57.181,3851,0.8808
20135,20:14:57.181,4047,0.9766
20136,20:14:57.182,4095,1.0000
20137,20:14:57.182,4095,1.0000
20138,20:14:57.183,4095,1.0000
20139,20:14:57.183,3776,0.8442
20140,20:14:57.184,4095,1.0000
20141,20:14:57.184,3990,0.9487
20142,20:14:57.185,3747,0.8300
20143,20:14:57.185,3800,0.8559
20144,20:14:57.186,3802,0.8569
20145,20:14:57.186,3809,0.8603
20146,20:14:57.187,3602,0.7592
20147,20:14:57.187,3475,0.6972
20148,20:14:57.188,3352,0.6371
20149,20:14:57.188,3102,0.5150
20150,20:14:57.189,3192,0.5590
20151,20:14:57.189,3450,0.6850
20152,20:14:57.190,3133,0.5302
20153,20:14:57.190,3215,0.5702
20154,20:14:57.191,3619,0.7675
20155,20:14:57.191,4066,0.9858
20156,20:14:57.192,3880,0.8950
20157,20:14:57.192,3817,0.8642
20158,20:14:57.193,3271,0.5976
20159,20:14:57.193,3623,0.7695
20160,20:14:57.194,3314,0.6186
20161,20:14:57.194,3517,0.7177
20162,20:14:57.195,3218,0.5717
20163,20:14:57.195,3249,0.5868
20164,20:14:57.196,3224,0.5746
20165,20:14:57.196,3547,0.7324
20166,20:14:57.197,3493,0.7060
20167,20:14:57.197,3980,0.9438
20168,20:14:57.198,3793,0.8525
20169,20:14:57.198,3775,0.8437
20170,20:14:57.199,4090,0.9976
20171,20:14:57.199,4090,0.9976
20172,20:14:57.200,3612,0.7641
20173,20:14:57.200,2957,0.4442
20174,20:14:57.201,2852,0.3929
20175,20:14:57.201,3086,0.5072
20176,20:14:57.202,3192,0.5590
20177,20:14:57.202,3349,0.6357
20178,20:14:57.203,3301,0.6122
20179,20:14:57.203,3110,0.5189
20180,20:14:57.204,3023,0.4764
20181,20:14:57.204,3285,0.6044
20182,20:14:57.205,3665,0.7900
20183,20:14:57.205,3245,0.5849
20184,20:14:57.206,3215,0.5702
20185,20:14:57.206,3447,0.6835
20186,20:14:57.207,3350,0.6361
20187,20:14:57.207,3227,0.5761
20188,20:14:57.208,3331,0.6269
20189,20:14:57.208,3322,0.6225
20190,20:14:57.209,3254,0.5893
20191,20:14:57.209,3100,0.5140
20192,20:14:57.210,2857,0.3954
20193,20:14:57.210,2874,0.4037
20194,20:14:57.211,2982,0.4564
20195,20:14:57.211,3110,0.5189
20196,20:14:57.212,3255,0.5897
20197,20:14:57.212,3175,0.5507
20198,20:14:57.213,3369,0.6454
20199,20:14:57.213,3358,0.6400
20200,20:14:57.214,3563,0.7402
20201,20:14:57.214,3555,0.7363
20202,20:14:57.215,3459,0.6894
20203,20:14:57.215,3503,0.7109
20204,20:14:57.216,3408,0.6645
20205,20:14:57.216,3900,0.9048
20206,20:14:57.217,3589,0.7529
20207,20:14:57.217,3506,0.7123
20208,20:14:57.218,3522,0.7201
20209,20:14:57.218,3503,0.7109
20210,20:14:57.219,3388,0.6547
20211,20:14:57.219,3316,0.6195
20212,20:14:57.220,3244,0.5844
20213,20:14:57.220,3214,0.5697
20214,20:14:57.221,3276,0.6000
20215,20:14:57.221,3424,0.6723
20216,20:14:57.222,3427,0.6737
20217,20:14:57.222,3587,0.7519
20218,20:14:57.223,3466,0.6928
20219,20:14:57.223,3439,0.6796
20220,20:14:57.224,3476,0.6977
20221,20:14:57.224,3372,0.6469
20222,20:14:57.225,3350,0.6361
20223,20:14:57.225,3374,0.6479
20224,20:14:57.226,3400,0.6606
20225,20:14:57.226,3397,0.6591
20226,20:14:57.227,3345,0.6337
20227,20:14:57.227,3446,0.6830
20228,20:14:57.228,3275,0.5995
20229,20:14:57.228,3151,0.5389
20230,20:14:57.229,3080,0.5043
20231,20:14:57.229,3127,0.5272
20232,20:14:57.230,3807,0.8593
20233,20:14:57.230,3828,0.8696
20234,20:14:57.231,3675,0.7949
20235,20:14:57.231,3751,0.8320
20236,20:14:57.232,3488,0.7035
20237,20:14:57.232,3342,0.6322
20238,20:14:57.233,3244,0.5844
20239,20:14:57.233,3371,0.6464
20240,20:14:57.234,3229,0.5770
20241,20:14:57.234,3252,0.5883
20242,20:14:57.235,3145,0.5360
20243,20:14:57.235,3230,0.5775
20244,20:14:57.236,3323,0.6230
20245,20:14:57.236,3310,0.6166
20246,20:14:57.237,3142,0.5346
20247,20:14:57.237,3102,0.5150
20248,20:14:57.238,3177,0.5516
20249,20:14:57.238,3013,0.4716
20250,20:14:57.239,3108,0.5179
20251,20:14:57.239,3015,0.4725
20252,20:14:57.240,3744,0.8286
20253,20:14:57.240,3869,0.8896
20254,20:14:57.241,3514,0.7162
20255,20:14:57.241,3253,0.5888
20256,20:14:57.242,3218,0.5717
20257,20:14:57.242,3528,0.7231
20258,20:14:57.243,3377,0.6493
20259,20:14:57.243,3030,0.4799
20260,20:14:57.244,3500,0.7094
20261,20:14:57.244,3573,0.7451
20262,20:14:57.245,3367,0.6444
20263,20:14:57.245,3169,0.5477
20264,20:14:57.246,3441,0.6806
20265,20:14:57.246,3354,0.6381
20266,20:14:57.247,3773,0.8427
20267,20:14:57.247,3498,0.7084
20268,20:14:57.248,3639,0.7773
20269,20:14:57.248,4087,0.9961
20270,20:14:57.249,4088,0.9966
20271,20:14:57.249,3795,0.8535
20272,20:14:57.250,4091,0.9980
20273,20:14:57.250,4085,0.9951
20274,20:14:57.251,3955,0.9316
20275,20:14:57.251,3806,0.8589
20276,20:14:57.252,3902,0.9057
20277,20:14:57.252,4066,0.9858
20278,20:14:57.253,3523,0.7206
20279,20:14:57.253,3565,0.7411
20280,20:14:57.254,3865,0.8877
20281,20:14:57.254,3407,0.6640
20282,20:14:57.255,4028,0.9673
20283,20:14:57.255,4084,0.9946
20284,20:14:57.256,4095,1.0000
20285,20:14:57.256,4094,0.9995
20286,20:14:57.257,4095,1.0000
20287,20:14:57.257,4095,1.0000
20288,20:14:57.258,4095,1.0000
20289,20:14:57.258,4091,0.9980
20290,20:14:57.259,4091,0.9980
20291,20:14:57.259,4087,0.9961
20292,20:14:57.260,4093,0.9990
20293,20:14:57.260,4085,0.9951
20294,20:14:57.261,4084,0.9946
20295,20:14:57.261,4082,0.9937
20296,20:14:57.262,4088,0.9966
20297,20:14:57.262,4092,0.9985
20298,20:14:57.263,4075,0.9902
20299,20:14:57.263,4083,0.9941
20300,20:14:57.264,4088,0.9966
20301,20:14:57.264,4095,1.0000
20302,20:14:57.265,4095,1.0000
20303,20:14:57.265,4089,0.9971
20304,20:14:57.266,4087,0.9961
20305,20:14:57.266,4091,0.9980
20306,20:14:57.267,4065,0.9853
20307,20:14:57.267,4070,0.9878
20308,20:14:57.268,4076,0.9907
20309,20:14:57.268,4065,0.9853
20310,20:14:57.269,4057,0.9814
20311,20:14:57.269,4050,0.9780
20312,20:14:57.270,4013,0.9600
20313,20:14:57.270,4015,0.9609
20314,20:14:57.271,4014,0.9604
20315,20:14:57.271,3998,0.9526
20316,20:14:57.272,3981,0.9443
20317,20:14:57.272,3976,0.9419
20318,20:14:57.273,3963,0.9355
20319,20:14:57.273,3934,0.9214
20320,20:14:57.274,3914,0.9116
20321,20:14:57.274,3886,0.8979
20322,20:14:57.275,3876,0.8930
20323,20:14:57.275,3916,0.9126
20324,20:14:57.276,3804,0.8579
20325,20:14:57.276,3773,0.8427
20326,20:14:57.277,3737,0.8252
20327,20:14:57.277,3691,0.8027
20328,20:14:57.278,3648,0.7817
20329,20:14:57.278,3600,0.7582
20330,20:14:57.279,3550,0.7338
20331,20:14:57.279,3535,0.7265
20332,20:14:57.280,3439,0.6796
20333,20:14:57.280,3405,0.6630
20334,20:14:57.281,3369,0.6454
20335,20:14:57.281,3358,0.6400
20336,20:14:57.282,3350,0.6361
20337,20:14:57.282,3349,0.6357
20338,20:14:57.283,3356,0.6391
20339,20:14:57.283,3339,0.6308
20340,20:14:57.284,3338,0.6303
20341,20:14:57.284,3349,0.6357
20342,20:14:57.285,3360,0.6410
20343,20:14:57.285,3356,0.6391
20344,20:14:57.286,3362,0.6420
20345,20:14:57.286,3382,0.6518
20346,20:14:57.287,3353,0.6376
20347,20:14:57.287,3356,0.6391
20348,20:14:57.288,3362,0.6420
20349,20:14:57.288,3380,0.6508
20350,20:14:57.289,3367,0.6444
20351,20:14:57.289,3366,0.6440
20352,20:14:57.290,3368,0.6449
20353,20:14:57.290,3378,0.6498
20354,20:14:57.291,3386,0.6537
20355,20:14:57.291,3382,0.6518
20356,20:14:57.292,3392,0.6567
20357,20:14:57.292,3406,0.6635
20358,20:14:57.293,3406,0.6635
20359,20:14:57.293,3440,0.6801
20360,20:14:57.294,3445,0.6825
20361,20:14:57.294,3450,0.6850
20362,20:14:57.295,3426,0.6733
20363,20:14:57.295,3459,0.6894
20364,20:14:57.296,3504,0.7114
20365,20:14:57.296,3481,0.7001
20366,20:14:57.297,3506,0.7123
20367,20:14:57.297,3512,0.7153
20368,20:14:57.298,3526,0.7221
20369,20:14:57.298,3536,0.7270
20370,20:14:57.299,3540,0.7289
20371,20:14:57.299,3551,0.7343
20372,20:14:57.300,3543,0.7304
20373,20:14:57.300,3562,0.7397
20374,20:14:57.301,3560,0.7387
20375,20:14:57.301,3572,0.7446
20376,20:14:57.302,3568,0.7426
20377,20:14:57.302,3577,0.7470
20378,20:14:57.303,3562,0.7397
20379,20:14:57.303,3567,0.7421
20380,20:14:57.304,3565,0.7411
20381,20:14:57.304,3573,0.7451
20382,20:14:57.305,3578,0.7475
20383,20:14:57.305,3595,0.7558
20384,20:14:57.306,3605,0.7607
20385,20:14:57.306,3588,0.7524
20386,20:14:57.307,3571,0.7441
20387,20:14:57.307,3585,0.7509
20388,20:14:57.308,3590,0.7534
20389,20:14:57.308,3575,0.7460
20390,20:14:57.309,3574,0.7455
20391,20:14:57.309,3574,0.7455
20392,20:14:57.310,3572,0.7446
20393,20:14:57.310,3574,0.7455
20394,20:14:57.311,3593,0.7548
20395,20:14:57.311,3603,0.7597
20396,20:14:57.312,3609,0.7626
20397,20:14:57.312,3573,0.7451
20398,20:14:57.313,3621,0.7685
20399,20:14:57.313,3612,0.7641
20400,20:14:57.314,3618,0.7670
20401,20:14:57.314,3640,0.7778
20402,20:14:57.315,3644,0.7797
20403,20:14:57.315,3647,0.7812
20404,20:14:57.316,3646,0.7807
20405,20:14:57.316,3647,0.7812
20406,20:14:57.317,3675,0.7949
20407,20:14:57.317,3675,0.7949
20408,20:14:57.318,3660,0.7875
20409,20:14:57.318,3670,0.7924
20410,20:14:57.319,3674,0.7944
20411,20:14:57.319,3679,0.7968
20412,20:14:57.320,3684,0.7993
20413,20:14:57.320,3688,0.8012
20414,20:14:57.321,3686,0.8002
20415,20:14:57.321,3686,0.8002
20416,20:14:57.322,3686,0.8002
20417,20:14:57.322,3682,0.7983
20418,20:14:57.323,3693,0.8037
20419,20:14:57.323,3687,0.8007
20420,20:14:57.324,3682,0.7983
20421,20:14:57.324,3686,0.8002
20422,20:14:57.325,3677,0.7958
20423,20:14:57.325,3679,0.7968
20424,20:14:57.326,3660,0.7875
20425,20:14:57.326,3684,0.7993
20426,20:14:57.327,3659,0.7871
20427,20:14:57.327,3669,0.7919
20428,20:14:57.328,3670,0.7924
20429,20:14:57.328,3668,0.7915
20430,20:14:57.329,3669,0.7919
20431,20:14:57.329,3665,0.7900
20432,20:14:57.330,3670,0.7924
20433,20:14:57.330,3668,0.7915
20434,20:14:57.331,3665,0.7900
20435,20:14:57.331,3658,0.7866
20436,20:14:57.332,3669,0.7919
20437,20:14:57.332,3670,0.7924
20438,20:14:57.333,3747,0.8300
20439,20:14:57.333,3692,0.8032
20440,20:14:57.334,3679,0.7968
20441,20:14:57.334,3686,0.8002
20442,20:14:57.335,3697,0.8056
20443,20:14:57.335,3693,0.8037
20444,20:14:57.336,3699,0.8066
20445,20:14:57.336,3713,0.8134
20446,20:14:57.337,3739,0.8261
20447,20:14:57.337,3730,0.8217
20448,20:14:57.338,3745,0.8291
20449,20:14:57.338,3734,0.8237
20450,20:14:57.339,3719,0.8164
20451,20:14:57.339,3735,0.8242
20452,20:14:57.340,3758,0.8354
20453,20:14:57.340,3730,0.8217
20454,20:14:57.341,3736,0.8247
20455,20:14:57.341,3747,0.8300
20456,20:14:57.342,3747,0.8300
20457,20:14:57.342,3750,0.8315
20458,20:14:57.343,3731,0.8222
20459,20:14:57.343,3741,0.8271
20460,20:14:57.344,3735,0.8242
20461,20:14:57.344,3749,0.8310
20462,20:14:57.345,3738,0.8256
20463,20:14:57.345,3732,0.8227
20464,20:14:57.346,3732,0.8227
20465,20:14:57.346,3742,0.8276
20466,20:14:57.347,3722,0.8178
20467,20:14:57.347,3717,0.8154
20468,20:14:57.348,3715,0.8144
20469,20:14:57.348,3697,0.8056
20470,20:14:57.349,3712,0.8129
20471,20:14:57.349,3708,0.8110
20472,20:14:57.350,3717,0.8154
20473,20:14:57.350,3703,0.8085
20474,20:14:57.351,3707,0.8105
20475,20:14:57.351,3713,0.8134
20476,20:14:57.352,3707,0.8105
20477,20:14:57.352,3707,0.8105
20478,20:14:57.353,3706,0.8100
20479,20:14:57.353,3743,0.8281
20480,20:14:57.354,3769,0.8408
20481,20:14:57.354,3741,0.8271
20482,20:14:57.355,3739,0.8261
20483,20:14:57.355,3727,0.8203
20484,20:14:57.356,3719,0.8164
20485,20:14:57.356,3745,0.8291
20486,20:14:57.357,3756,0.8344
20487,20:14:57.357,3753,0.8330
20488,20:14:57.358,3756,0.8344
20489,20:14:57.358,3760,0.8364
20490,20:14:57.359,3764,0.8383
20491,20:14:57.359,3763,0.8379
20492,20:14:57.360,3763,0.8379
20493,20:14:57.360,3761,0.8369
20494,20:14:57.361,3769,0.8408
20495,20:14:57.361,3764,0.8383
20496,20:14:57.362,3770,0.8413
20497,20:14:57.362,3694,0.8042
20498,20:14:57.363,3742,0.8276
20499,20:14:57.363,3835,0.8730
20500,20:14:57.364,3755,0.8339
20501,20:14:57.364,3759,0.8359
20502,20:14:57.365,3774,0.8432
20503,20:14:57.365,3779,0.8457
20504,20:14:57.366,3773,0.8427
20505,20:14:57.366,3751,0.8320
20506,20:14:57.367,3747,0.8300
20507,20:14:57.367,3750,0.8315
20508,20:14:57.368,3744,0.8286
20509,20:14:57.368,3742,0.8276
20510,20:14:57.369,3734,0.8237
20511,20:14:57.369,3731,0.8222
20512,20:14:57.370,3722,0.8178
20513,20:14:57.370,3727,0.8203
20514,20:14:57.371,3744,0.8286
20515,20:14:57.371,3722,0.8178
20516,20:14:57.372,3734,0.8237
20517,20:14:57.372,3744,0.8286
20518,20:14:57.373,3755,0.8339
20519,20:14:57.373,3652,0.7836
20520,20:14:57.374,3741,0.8271
20521,20:14:57.374,3764,0.8383
20522,20:14:57.375,3776,0.8442
20523,20:14:57.375,3737,0.8252
20524,20:14:57.376,3746,0.8295
20525,20:14:57.376,3775,0.8437
20526,20:14:57.377,3786,0.8491
20527,20:14:57.377,3471,0.6952
20528,20:14:57.378,3440,0.6801
20529,20:14:57.378,3294,0.6088
20530,20:14:57.379,2947,0.4393
20531,20:14:57.379,4095,1.0000
20532,20:14:57.380,4095,1.0000
20533,20:14:57.380,4052,0.9790
20534,20:14:57.381,4095,1.0000
20535,20:14:57.381,4095,1.0000
20536,20:14:57.382,4095,1.0000
20537,20:14:57.382,3612,0.7641
20538,20:14:57.383,4092,0.9985
20539,20:14:57.383,4090,0.9976
20540,20:14:57.384,3899,0.9043
20541,20:14:57.384,3696,0.8051
20542,20:14:57.385,4095,1.0000
20543,20:14:57.385,4095,1.0000
20544,20:14:57.386,3763,0.8379
20545,20:14:57.386,4075,0.9902
20546,20:14:57.387,4094,0.9995
20547,20:14:57.387,4057,0.9814
20548,20:14:57.388,4091,0.9980
20549,20:14:57.388,3926,0.9175
20550,20:14:57.389,4095,1.0000
20551,20:14:57.389,4087,0.9961
20552,20:14:57.390,4092,0.9985
20553,20:14:57.390,3824,0.8676
20554,20:14:57.391,4081,0.9932
20555,20:14:57.391,4095,1.0000
20556,20:14:57.392,4095,1.0000
20557,20:14:57.392,3775,0.8437
20558,20:14:57.393,4095,1.0000
20559,20:14:57.393,4095,1.0000
20560,20:14:57.394,4040,0.9731
20561,20:14:57.394,4094,0.9995
20562,20:14:57.395,4063,0.9844
20563,20:14:57.395,3902,0.9057
20564,20:14:57.396,4093,0.9990
20565,20:14:57.396,4095,1.0000
20566,20:14:57.397,4095,1.0000
20567,20:14:57.397,4095,1.0000
20568,20:14:57.398,4032,0.9692
20569,20:14:57.398,3829,0.8701
20570,20:14:57.399,4093,0.9990
20571,20:14:57.399,4095,1.0000
20572,20:14:57.400,4084,0.9946
20573,20:14:57.400,4095,1.0000
20574,20:14:57.401,4095,1.0000
20575,20:14:57.401,4095,1.0000
20576,20:14:57.402,4095,1.0000
20577,20:14:57.402,4095,1.0000
20578,20:14:57.403,4095,1.0000
20579,20:14:57.403,4095,1.0000
20580,20:14:57.404,4056,0.9810
20581,20:14:57.404,4092,0.9985
20582,20:14:57.405,4043,0.9746
20583,20:14:57.405,4095,1.0000
20584,20:14:57.406,4011,0.9590
20585,20:14:57.406,4079,0.9922
20586,20:14:57.407,3984,0.9458
20587,20:14:57.407,4026,0.9663
20588,20:14:57.408,4038,0.9722
20589,20:14:57.408,4039,0.9726
20590,20:14:57.409,4032,0.9692
20591,20:14:57.409,4010,0.9585
20592,20:14:57.410,3986,0.9468
20593,20:14:57.410,3987,0.9473
20594,20:14:57.411,3970,0.9389
20595,20:14:57.411,3993,0.9502
20596,20:14:57.412,3944,0.9263
20597,20:14:57.412,3833,0.8720
20598,20:14:57.413,3957,0.9326
20599,20:14:57.413,3796,0.8540
20600,20:14:57.414,3815,0.8632
20601,20:14:57.414,3887,0.8984
20602,20:14:57.415,3989,0.9482
20603,20:14:57.415,3892,0.9009
20604,20:14:57.416,3850,0.8803
20605,20:14:57.416,3930,0.9194
20606,20:14:57.417,4061,0.9834
20607,20:14:57.417,4036,0.9712
20608,20:14:57.418,4068,0.9868
20609,20:14:57.418,4075,0.9902
20610,20:14:57.419,4095,1.0000
20611,20:14:57.419,4091,0.9980
20612,20:14:57.420,4095,1.0000
20613,20:14:57.420,4088,0.9966
20614,20:14:57.421,3868,0.8891
20615,20:14:57.421,3827,0.8691
20616,20:14:57.422,4086,0.9956
20617,20:14:57.422,4095,1.0000
20618,20:14:57.423,3684,0.7993
20619,20:14:57.423,4089,0.9971
20620,20:14:57.424,3221,0.5731
20621,20:14:57.424,3516,0.7172
20622,20:14:57.425,3721,0.8173
20623,20:14:57.425,3824,0.8676
20624,20:14:57.426,4082,0.9937
20625,20:14:57.426,3688,0.8012
20626,20:14:57.427,3471,0.6952
20627,20:14:57.427,4074,0.9897
20628,20:14:57.428,4087,0.9961
20629,20:14:57.428,4095,1.0000
20630,20:14:57.429,3842,0.8764
20631,20:14:57.429,4091,0.9980
20632,20:14:57.430,4081,0.9932
20633,20:14:57.430,4069,0.9873
20634,20:14:57.431,3891,0.9004
20635,20:14:57.431,4060,0.9829
20636,20:14:57.432,4095,1.0000
20637,20:14:57.432,3764,0.8383
20638,20:14:57.433,3983,0.9453
20639,20:14:57.433,3651,0.7832
20640,20:14:57.434,3127,0.5272
20641,20:14:57.434,3320,0.6215
20642,20:14:57.435,3729,0.8212
20643,20:14:57.435,3813,0.8623
20644,20:14:57.436,3687,0.8007
20645,20:14:57.436,3694,0.8042
20646,20:14:57.437,4073,0.9893
20647,20:14:57.437,3945,0.9267
20648,20:14:57.438,4095,1.0000
20649,20:14:57.438,3948,0.9282
20650,20:14:57.439,4090,0.9976
20651,20:14:57.439,4095,1.0000
20652,20:14:57.440,4095,1.0000
20653,20:14:57.440,4060,0.9829
20654,20:14:57.441,3801,0.8564
20655,20:14:57.441,3987,0.9473
20656,20:14:57.442,4058,0.9819
20657,20:14:57.442,3951,0.9297
20658,20:14:57.443,3725,0.8193
20659,20:14:57.443,3842,0.8764
20660,20:14:57.444,3377,0.6493
20661,20:14:57.444,3806,0.8589
20662,20:14:57.445,4095,1.0000
20663,20:14:57.445,3866,0.8882
20664,20:14:57.446,3394,0.6576
20665,20:14:57.446,3178,0.5521
20666,20:14:57.447,3342,0.6322
20667,20:14:57.447,4091,0.9980
20668,20:14:57.448,3928,0.9184
20669,20:14:57.448,3865,0.8877
20670,20:14:57.449,4095,1.0000
20671,20:14:57.449,4077,0.9912
20672,20:14:57.450,4008,0.9575
20673,20:14:57.450,3793,0.8525
20674,20:14:57.451,4095,1.0000
20675,20:14:57.451,3983,0.9453
20676,20:14:57.452,3733,0.8232
20677,20:14:57.452,3956,0.9321
20678,20:14:57.453,3903,0.9062
20679,20:14:57.453,3598,0.7573
20680,20:14:57.454,3440,0.6801
20681,20:14:57.454,3770,0.8413
20682,20:14:57.455,3409,0.6650
20683,20:14:57.455,3296,0.6098
20684,20:14:57.456,3168,0.5473
20685,20:14:57.456,3293,0.6083
20686,20:14:57.457,3271,0.5976
20687,20:14:57.457,3087,0.5077
20688,20:14:57.458,3186,0.5560
20689,20:14:57.458,2861,0.3973
20690,20:14:57.459,3548,0.7328
20691,20:14:57.459,4090,0.9976
20692,20:14:57.460,4091,0.9980
20693,20:14:57.460,4095,1.0000
20694,20:14:57.461,4095,1.0000
20695,20:14:57.461,4092,0.9985
20696,20:14:57.462,4093,0.9990
20697,20:14:57.462,4089,0.9971
20698,20:14:57.463,4095,1.0000
20699,20:14:57.463,4095,1.0000
20700,20:14:57.464,4077,0.9912
20701,20:14:57.464,4095,1.0000
20702,20:14:57.465,4095,1.0000
20703,20:14:57.465,4079,0.9922
20704,20:14:57.466,4095,1.0000
20705,20:14:57.466,4095,1.0000
20706,20:14:57.467,4084,0.9946
20707,20:14:57.467,4083,0.9941
20708,20:14:57.468,4083,0.9941
20709,20:14:57.468,4090,0.9976
20710,20:14:57.469,4087,0.9961
20711,20:14:57.469,4087,0.9961
20712,20:14:57.470,4083,0.9941
20713,20:14:57.470,4076,0.9907
20714,20:14:57.471,4084,0.9946
20715,20:14:57.471,4070,0.9878
20716,20:14:57.472,4091,0.9980
20717,20:14:57.472,4074,0.9897
20718,20:14:57.473,4067,0.9863
20719,20:14:57.473,4076,0.9907
20720,20:14:57.474,4059,0.9824
20721,20:14:57.474,4057,0.9814
20722,20:14:57.475,4074,0.9897
20723,20:14:57.475,4072,0.9888
20724,20:14:57.476,4064,0.9849
20725,20:14:57.476,4033,0.9697
20726,20:14:57.477,4021,0.9639
20727,20:14:57.477,4003,0.9551
20728,20:14:57.478,3991,0.9492
20729,20:14:57.478,3973,0.9404
20730,20:14:57.479,3957,0.9326
20731,20:14:57.479,3931,0.9199
20732,20:14:57.480,3926,0.9175
20733,20:14:57.480,3906,0.9077
20734,20:14:57.481,3903,0.9062
20735,20:14:57.481,3881,0.8955
20736,20:14:57.482,3935,0.9219
20737,20:14:57.482,3849,0.8799
20738,20:14:57.483,3834,0.8725
20739,20:14:57.483,3801,0.8564
20740,20:14:57.484,3790,0.8510
20741,20:14:57.484,3776,0.8442
20742,20:14:57.485,3747,0.8300
20743,20:14:57.485,3699,0.8066
20744,20:14:57.486,3686,0.8002
20745,20:14:57.486,3653,0.7841
20746,20:14:57.487,3615,0.7656
20747,20:14:57.487,3575,0.7460
20748,20:14:57.488,3544,0.7309
20749,20:14:57.488,3495,0.7070
20750,20:14:57.489,3451,0.6855
20751,20:14:57.489,3404,0.6625
20752,20:14:57.490,3354,0.6381
20753,20:14:57.490,3319,0.6210
20754,20:14:57.491,3279,0.6015
20755,20:14:57.491,3267,0.5956
20756,20:14:57.492,3260,0.5922
20757,20:14:57.492,3192,0.5590
20758,20:14:57.493,3277,0.6005
20759,20:14:57.493,3292,0.6078
20760,20:14:57.494,3302,0.6127
20761,20:14:57.494,3303,0.6132
20762,20:14:57.495,3315,0.6190
20763,20:14:57.495,3330,0.6264
20764,20:14:57.496,3335,0.6288
20765,20:14:57.496,3351,0.6366
20766,20:14:57.497,3379,0.6503
20767,20:14:57.497,3371,0.6464
20768,20:14:57.498,3382,0.6518
20769,20:14:57.498,3417,0.6689
20770,20:14:57.499,3412,0.6664
20771,20:14:57.499,3416,0.6684
20772,20:14:57.500,3418,0.6694
20773,20:14:57.500,3426,0.6733
20774,20:14:57.501,3423,0.6718
20775,20:14:57.501,3429,0.6747
20776,20:14:57.502,3433,0.6767
20777,20:14:57.502,3448,0.6840
20778,20:14:57.503,3440,0.6801
20779,20:14:57.503,3439,0.6796
20780,20:14:57.504,3425,0.6728
20781,20:14:57.504,3437,0.6786
20782,20:14:57.505,3440,0.6801
20783,20:14:57.505,3449,0.6845
20784,20:14:57.506,3438,0.6791
20785,20:14:57.506,3448,0.6840
20786,20:14:57.507,3425,0.6728
20787,20:14:57.507,3436,0.6781
20788,20:14:57.508,3434,0.6772
20789,20:14:57.508,3429,0.6747
20790,20:14:57.509,3430,0.6752
20791,20:14:57.509,3433,0.6767
20792,20:14:57.510,3441,0.6806
20793,20:14:57.510,3447,0.6835
20794,20:14:57.511,3440,0.6801
20795,20:14:57.511,3438,0.6791
20796,20:14:57.512,3459,0.6894
20797,20:14:57.512,3463,0.6913
20798,20:14:57.513,3470,0.6947
20799,20:14:57.513,3472,0.6957
20800,20:14:57.514,3490,0.7045
20801,20:14:57.514,3508,0.7133
20802,20:14:57.515,3504,0.7114
20803,20:14:57.515,3511,0.7148
20804,20:14:57.516,3527,0.7226
20805,20:14:57.516,3507,0.7128
20806,20:14:57.517,3552,0.7348
20807,20:14:57.517,3575,0.7460
20808,20:14:57.518,3561,0.7392
20809,20:14:57.518,3561,0.7392
20810,20:14:57.519,3557,0.7372
20811,20:14:57.519,3568,0.7426
20812,20:14:57.520,3578,0.7475
20813,20:14:57.520,3566,0.7416
20814,20:14:57.521,3573,0.7451
20815,20:14:57.521,3575,0.7460
20816,20:14:57.522,3580,0.7485
20817,20:14:57.522,3580,0.7485
20818,20:14:57.523,3510,0.7143
20819,20:14:57.523,3573,0.7451
20820,20:14:57.524,3590,0.7534
20821,20:14:57.524,3575,0.7460
20822,20:14:57.525,3564,0.7407
20823,20:14:57.525,3576,0.7465
20824,20:14:57.526,3575,0.7460
20825,20:14:57.526,3578,0.7475
20826,20:14:57.527,3541,0.7294
20827,20:14:57.527,3561,0.7392
20828,20:14:57.528,3569,0.7431
20829,20:14:57.528,3568,0.7426
20830,20:14:57.529,3558,0.7377
20831,20:14:57.529,3556,0.7368
20832,20:14:57.530,3580,0.7485
20833,20:14:57.530,3551,0.7343
20834,20:14:57.531,3568,0.7426
20835,20:14:57.531,3570,0.7436
20836,20:14:57.532,3569,0.7431
20837,20:14:57.532,3576,0.7465
20838,20:14:57.533,3589,0.7529
20839,20:14:57.533,3596,0.7563
20840,20:14:57.534,3596,0.7563
20841,20:14:57.534,3603,0.7597
20842,20:14:57.535,3613,0.7646
20843,20:14:57.535,3589,0.7529
20844,20:14:57.536,3615,0.7656
20845,20:14:57.536,3618,0.7670
20846,20:14:57.537,3651,0.7832
20847,20:14:57.537,3643,0.7792
20848,20:14:57.538,3635,0.7753
20849,20:14:57.538,3647,0.7812
20850,20:14:57.539,3648,0.7817
20851,20:14:57.539,3664,0.7895
20852,20:14:57.540,3664,0.7895
20853,20:14:57.540,3658,0.7866
20854,20:14:57.541,3676,0.7954
20855,20:14:57.541,3673,0.7939
20856,20:14:57.542,3662,0.7885
20857,20:14:57.542,3675,0.7949
20858,20:14:57.543,3658,0.7866
20859,20:14:57.543,3654,0.7846
20860,20:14:57.544,3645,0.7802
20861,20:14:57.544,3657,0.7861
20862,20:14:57.545,3655,0.7851
20863,20:14:57.545,3627,0.7714
20864,20:14:57.546,3644,0.7797
20865,20:14:57.546,3635,0.7753
20866,20:14:57.547,3627,0.7714
20867,20:14:57.547,3637,0.7763
20868,20:14:57.548,3632,0.7739
20869,20:14:57.548,3632,0.7739
20870,20:14:57.549,3630,0.7729
20871,20:14:57.549,3631,0.7734
20872,20:14:57.550,3633,0.7744
20873,20:14:57.550,3638,0.7768
20874,20:14:57.551,3635,0.7753
20875,20:14:57.551,3632,0.7739
20876,20:14:57.552,3638,0.7768
20877,20:14:57.552,3644,0.7797
20878,20:14:57.553,3637,0.7763
20879,20:14:57.553,3668,0.7915
20880,20:14:57.554,3662,0.7885
20881,20:14:57.554,3675,0.7949
20882,20:14:57.555,3664,0.7895
20883,20:14:57.555,3674,0.7944
20884,20:14:57.556,3668,0.7915
20885,20:14:57.556,3718,0.8159
20886,20:14:57.557,3698,0.8061
20887,20:14:57.557,3677,0.7958
20888,20:14:57.558,3699,0.8066
20889,20:14:57.558,3699,0.8066
20890,20:14:57.559,3706,0.8100
20891,20:14:57.559,3720,0.8168
20892,20:14:57.560,3707,0.8105
20893,20:14:57.560,3719,0.8164
20894,20:14:57.561,3702,0.8081
20895,20:14:57.561,3733,0.8232
20896,20:14:57.562,3719,0.8164
20897,20:14:57.562,3694,0.8042
20898,20:14:57.563,3692,0.8032
20899,20:14:57.563,3715,0.8144
20900,20:14:57.564,3701,0.8076
20901,20:14:57.564,3688,0.8012
20902,20:14:57.565,3701,0.8076
20903,20:14:57.565,3717,0.8154
20904,20:14:57.566,3690,0.8022
20905,20:14:57.566,3662,0.7885
20906,20:14:57.567,3661,0.7880
20907,20:14:57.567,3675,0.7949
20908,20:14:57.568,3763,0.8379
20909,20:14:57.568,3686,0.8002
20910,20:14:57.569,3674,0.7944
20911,20:14:57.569,3675,0.7949
20912,20:14:57.570,3666,0.7905
20913,20:14:57.570,3681,0.7978
20914,20:14:57.571,3676,0.7954
20915,20:14:57.571,3666,0.7905
20916,20:14:57.572,3682,0.7983
20917,20:14:57.572,3681,0.7978
20918,20:14:57.573,3689,0.8017
20919,20:14:57.573,3698,0.8061
20920,20:14:57.574,3682,0.7983
20921,20:14:57.574,3696,0.8051
20922,20:14:57.575,3724,0.8188
20923,20:14:57.575,3704,0.8090
20924,20:14:57.576,3716,0.8149
20925,20:14:57.576,3626,0.7709
20926,20:14:57.577,3737,0.8252
20927,20:14:57.577,3746,0.8295
20928,20:14:57.578,3728,0.8208
20929,20:14:57.578,3742,0.8276
20930,20:14:57.579,3738,0.8256
20931,20:14:57.579,3745,0.8291
20932,20:14:57.580,3751,0.8320
20933,20:14:57.580,3735,0.8242
20934,20:14:57.581,3743,0.8281
20935,20:14:57.581,3739,0.8261
20936,20:14:57.582,3752,0.8325
20937,20:14:57.582,3735,0.8242
20938,20:14:57.583,3726,0.8198
20939,20:14:57.583,3674,0.7944
20940,20:14:57.584,3707,0.8105
20941,20:14:57.584,3719,0.8164
20942,20:14:57.585,3735,0.8242
20943,20:14:57.585,3668,0.7915
20944,20:14:57.586,3726,0.8198
20945,20:14:57.586,3727,0.8203
20946,20:14:57.587,3715,0.8144
20947,20:14:57.587,3714,0.8139
20948,20:14:57.588,3696,0.8051
20949,20:14:57.588,3717,0.8154
20950,20:14:57.589,3727,0.8203
20951,20:14:57.589,3702,0.8081
20952,20:14:57.590,3682,0.7983
20953,20:14:57.590,3694,0.8042
20954,20:14:57.591,3245,0.5849
20955,20:14:57.591,3518,0.7182
20956,20:14:57.592,3748,0.8305
20957,20:14:57.592,3960,0.9341
20958,20:14:57.593,3764,0.8383
20959,20:14:57.593,4000,0.9536
20960,20:14:57.594,4093,0.9990
20961,20:14:57.594,3683,0.7988
20962,20:14:57.595,3176,0.5512
20963,20:14:57.595,4089,0.9971
20964,20:14:57.596,3908,0.9087
20965,20:14:57.596,4093,0.9990
20966,20:14:57.597,4093,0.9990
20967,20:14:57.597,4095,1.0000
20968,20:14:57.598,4092,0.9985
20969,20:14:57.598,4095,1.0000
20970,20:14:57.599,4095,1.0000
20971,20:14:57.599,4095,1.0000
20972,20:14:57.600,4090,0.9976
20973,20:14:57.600,4095,1.0000
20974,20:14:57.601,3778,0.8452
20975,20:14:57.601,4095,1.0000
20976,20:14:57.602,4095,1.0000
20977,20:14:57.602,3991,0.9492
20978,20:14:57.603,4095,1.0000
20979,20:14:57.603,3899,0.9043
20980,20:14:57.604,3802,0.8569
20981,20:14:57.604,3909,0.9092
20982,20:14:57.605,4095,1.0000
20983,20:14:57.605,3988,0.9477
20984,20:14:57.606,3768,0.8403
20985,20:14:57.606,3865,0.8877
20986,20:14:57.607,4095,1.0000
20987,20:14:57.607,4095,1.0000
20988,20:14:57.608,4095,1.0000
20989,20:14:57.608,3806,0.8589
20990,20:14:57.609,4091,0.9980
20991,20:14:57.609,4085,0.9951
20992,20:14:57.610,4093,0.9990
20993,20:14:57.610,3806,0.8589
20994,20:14:57.611,4084,0.9946
20995,20:14:57.611,4076,0.9907
20996,20:14:57.612,4095,1.0000
20997,20:14:57.612,4095,1.0000
20998,20:14:57.613,3767,0.8398
20999,20:14:57.613,3945,0.9267
21000,20:14:57.614,3864,0.8872
21001,20:14:57.614,4095,1.0000
21002,20:14:57.615,4082,0.9937
21003,20:14:57.615,3816,0.8637
21004,20:14:57.616,3343,0.6327
21005,20:14:57.616,4095,1.0000
21006,20:14:57.617,4054,0.9800
21007,20:14:57.617,4095,1.0000
21008,20:14:57.618,3929,0.9189
21009,20:14:57.618,3878,0.8940
21010,20:14:57.619,4093,0.9990
21011,20:14:57.619,4095,1.0000
21012,20:14:57.620,4095,1.0000
21013,20:14:57.620,4095,1.0000
21014,20:14:57.621,4095,1.0000
21015,20:14:57.621,4001,0.9541
21016,20:14:57.622,3865,0.8877
21017,20:14:57.622,4095,1.0000
21018,20:14:57.623,3865,0.8877
21019,20:14:57.623,3663,0.7890
21020,20:14:57.624,4095,1.0000
21021,20:14:57.624,4095,1.0000
21022,20:14:57.625,3873,0.8916
21023,20:14:57.625,3626,0.7709
21024,20:14:57.626,3750,0.8315
21025,20:14:57.626,4054,0.9800
21026,20:14:57.627,3749,0.8310
21027,20:14:57.627,3835,0.8730
21028,20:14:57.628,3852,0.8813
21029,20:14:57.628,4092,0.9985
21030,20:14:57.629,4090,0.9976
21031,20:14:57.629,3960,0.9341
21032,20:14:57.630,4095,1.0000
21033,20:14:57.630,4089,0.9971
21034,20:14:57.631,4048,0.9770
21035,20:14:57.631,3853,0.8818
21036,20:14:57.632,4095,1.0000
21037,20:14:57.632,4095,1.0000
21038,20:14:57.633,3735,0.8242
21039,20:14:57.633,4095,1.0000
21040,20:14:57.634,4095,1.0000
21041,20:14:57.634,3827,0.8691
21042,20:14:57.635,3576,0.7465
21043,20:14:57.635,4095,1.0000
21044,20:14:57.636,4088,0.9966
21045,20:14:57.636,3751,0.8320
21046,20:14:57.637,3720,0.8168
21047,20:14:57.637,4094,0.9995
21048,20:14:57.638,4054,0.9800
21049,20:14:57.638,4090,0.9976
21050,20:14:57.639,4088,0.9966
21051,20:14:57.639,4095,1.0000
21052,20:14:57.640,4093,0.9990
21053,20:14:57.640,4095,1.0000
21054,20:14:57.641,4027,0.9668
21055,20:14:57.641,3896,0.9028
21056,20:14:57.642,4080,0.9927
21057,20:14:57.642,3997,0.9521
21058,20:14:57.643,3897,0.9033
21059,20:14:57.643,4095,1.0000
21060,20:14:57.644,3795,0.8535
21061,20:14:57.644,3750,0.8315
21062,20:14:57.645,4093,0.9990
21063,20:14:57.645,3825,0.8681
21064,20:14:57.646,3593,0.7548
21065,20:14:57.646,3565,0.7411
21066,20:14:57.647,4067,0.9863
21067,20:14:57.647,4047,0.9766
21068,20:14:57.648,4095,1.0000
21069,20:14:57.648,3901,0.9053
21070,20:14:57.649,3690,0.8022
21071,20:14:57.649,4090,0.9976
21072,20:14:57.650,4095,1.0000
21073,20:14:57.650,3935,0.9219
21074,20:14:57.651,3954,0.9311
21075,20:14:57.651,4084,0.9946
21076,20:14:57.652,4095,1.0000
21077,20:14:57.652,3727,0.8203
21078,20:14:57.653,4095,1.0000
21079,20:14:57.653,3648,0.7817
21080,20:14:57.654,3647,0.7812
21081,20:14:57.654,3908,0.9087
21082,20:14:57.655,3735,0.8242
21083,20:14:57.655,3708,0.8110
21084,20:14:57.656,3375,0.6484
21085,20:14:57.656,3576,0.7465
21086,20:14:57.657,3861,0.8857
21087,20:14:57.657,3810,0.8608
21088,20:14:57.658,3736,0.8247
21089,20:14:57.658,3924,0.9165
21090,20:14:57.659,3779,0.8457
21091,20:14:57.659,4082,0.9937
21092,20:14:57.660,4095,1.0000
21093,20:14:57.660,3972,0.9399
21094,20:14:57.661,3811,0.8613
21095,20:14:57.661,3714,0.8139
21096,20:14:57.662,3891,0.9004
21097,20:14:57.662,3703,0.8085
21098,20:14:57.663,3739,0.8261
21099,20:14:57.663,3668,0.7915
21100,20:14:57.664,3286,0.6049
21101,20:14:57.664,3497,0.7079
21102,20:14:57.665,3189,0.5575
21103,20:14:57.665,2981,0.4559
21104,20:14:57.666,3129,0.5282
21105,20:14:57.666,3311,0.6171
21106,20:14:57.667,3630,0.7729
21107,20:14:57.667,4091,0.9980
21108,20:14:57.668,4088,0.9966
21109,20:14:57.668,4095,1.0000
21110,20:14:57.669,4092,0.9985
21111,20:14:57.669,4088,0.9966
21112,20:14:57.670,4091,0.9980
21113,20:14:57.670,4073,0.9893
21114,20:14:57.671,4095,1.0000
21115,20:14:57.671,4094,0.9995
21116,20:14:57.672,4094,0.9995
21117,20:14:57.672,4084,0.9946
21118,20:14:57.673,4095,1.0000
21119,20:14:57.673,4092,0.9985
21120,20:14:57.674,4082,0.9937
21121,20:14:57.674,4092,0.9985
21122,20:14:57.675,4078,0.9917
21123,20:14:57.675,4092,0.9985
21124,20:14:57.676,4095,1.0000
21125,20:14:57.676,4095,1.0000
21126,20:14:57.677,4082,0.9937
21127,20:14:57.677,4088,0.9966
21128,20:14:57.678,4081,0.9932
21129,20:14:57.678,4079,0.9922
21130,20:14:57.679,4074,0.9897
21131,20:14:57.679,4070,0.9878
21132,20:14:57.680,4069,0.9873
21133,20:14:57.680,4071,0.9883
21134,20:14:57.681,4063,0.9844
21135,20:14:57.681,4058,0.9819
21136,20:14:57.682,4047,0.9766
21137,20:14:57.682,4040,0.9731
21138,20:14:57.683,4032,0.9692
21139,20:14:57.683,4035,0.9707
21140,20:14:57.684,3996,0.9516
21141,20:14:57.684,3984,0.9458
21142,20:14:57.685,3983,0.9453
21143,20:14:57.685,3948,0.9282
21144,20:14:57.686,3929,0.9189
21145,20:14:57.686,3899,0.9043
21146,20:14:57.687,3907,0.9082
21147,20:14:57.687,3886,0.8979
21148,20:14:57.688,3866,0.8882
21149,20:14:57.688,3846,0.8784
21150,20:14:57.689,3814,0.8628
21151,20:14:57.689,3787,0.8496
21152,20:14:57.690,3758,0.8354
21153,20:14:57.690,3681,0.7978
21154,20:14:57.691,3684,0.7993
21155,20:14:57.691,3637,0.7763
21156,20:14:57.692,3596,0.7563
21157,20:14:57.692,3570,0.7436
21158,20:14:57.693,3508,0.7133
21159,20:14:57.693,3467,0.6933
21160,20:14:57.694,3415,0.6679
21161,20:14:57.694,3381,0.6513
21162,20:14:57.695,3342,0.6322
21163,20:14:57.695,3305,0.6142
21164,20:14:57.696,3356,0.6391
21165,20:14:57.696,3284,0.6039
21166,20:14:57.697,3316,0.6195
21167,20:14:57.697,3320,0.6215
21168,20:14:57.698,3321,0.6220
21169,20:14:57.698,3329,0.6259
21170,20:14:57.699,3334,0.6283
21171,20:14:57.699,3335,0.6288
21172,20:14:57.700,3349,0.6357
21173,20:14:57.700,3344,0.6332
21174,20:14:57.701,3355,0.6386
21175,20:14:57.701,3358,0.6400
21176,20:14:57.702,3365,0.6435
21177,20:14:57.702,3365,0.6435
21178,20:14:57.703,3370,0.6459
21179,20:14:57.703,3372,0.6469
21180,20:14:57.704,3374,0.6479
21181,20:14:57.704,3369,0.6454
21182,20:14:57.705,3366,0.6440
21183,20:14:57.705,3354,0.6381
21184,20:14:57.706,3351,0.6366
21185,20:14:57.706,3375,0.6484
21186,20:14:57.707,3381,0.6513
21187,20:14:57.707,3379,0.6503
21188,20:14:57.708,3376,0.6488
21189,20:14:57.708,3384,0.6527
21190,20:14:57.709,3390,0.6557
21191,20:14:57.709,3393,0.6571
21192,20:14:57.710,3393,0.6571
21193,20:14:57.710,3406,0.6635
21194,20:14:57.711,3408,0.6645
21195,20:14:57.711,3370,0.6459
21196,20:14:57.712,3416,0.6684
21197,20:14:57.712,3432,0.6762
21198,20:14:57.713,3445,0.6825
21199,20:14:57.713,3464,0.6918
21200,20:14:57.714,3467,0.6933
21201,20:14:57.714,3478,0.6987
21202,20:14:57.715,3485,0.7021
21203,20:14:57.715,3461,0.6904
21204,20:14:57.716,3490,0.7045
21205,20:14:57.716,3501,0.7099
21206,20:14:57.717,3515,0.7167
21207,20:14:57.717,3519,0.7187
21208,20:14:57.718,3530,0.7241
21209,20:14:57.718,3534,0.7260
21210,20:14:57.719,3543,0.7304
21211,20:14:57.719,3545,0.7314
21212,20:14:57.720,3549,0.7333
21213,20:14:57.720,3554,0.7358
21214,20:14:57.721,3549,0.7333
21215,20:14:57.721,3552,0.7348
21216,20:14:57.722,3554,0.7358
21217,20:14:57.722,3562,0.7397
21218,20:14:57.723,3526,0.7221
21219,20:14:57.723,3536,0.7270
21220,20:14:57.724,3539,0.7284
21221,20:14:57.724,3543,0.7304
21222,20:14:57.725,3540,0.7289
21223,20:14:57.725,3553,0.7353
21224,20:14:57.726,3547,0.7324
21225,20:14:57.726,3555,0.7363
21226,20:14:57.727,3539,0.7284
21227,20:14:57.727,3536,0.7270
21228,20:14:57.728,3535,0.7265
21229,20:14:57.728,3545,0.7314
21230,20:14:57.729,3534,0.7260
21231,20:14:57.729,3539,0.7284
21232,20:14:57.730,3530,0.7241
21233,20:14:57.730,3533,0.7255
21234,20:14:57.731,3547,0.7324
21235,20:14:57.731,3553,0.7353
21236,20:14:57.732,3544,0.7309
21237,20:14:57.732,3541,0.7294
21238,20:14:57.733,3546,0.7319
21239,20:14:57.733,3571,0.7441
21240,20:14:57.734,3571,0.7441
21241,20:14:57.734,3572,0.7446
21242,20:14:57.735,3575,0.7460
21243,20:14:57.735,3593,0.7548
21244,20:14:57.736,3609,0.7626
21245,20:14:57.736,3602,0.7592
21246,20:14:57.737,3624,0.7700
21247,20:14:57.737,3628,0.7719
21248,20:14:57.738,3640,0.7778
21249,20:14:57.738,3627,0.7714
21250,20:14:57.739,3633,0.7744
21251,20:14:57.739,3638,0.7768
21252,20:14:57.740,3647,0.7812
21253,20:14:57.740,3643,0.7792
21254,20:14:57.741,3641,0.7783
21255,20:14:57.741,3645,0.7802
21256,20:14:57.742,3648,0.7817
21257,20:14:57.742,3657,0.7861
21258,20:14:57.743,3643,0.7792
21259,20:14:57.743,3633,0.7744
21260,20:14:57.744,3609,0.7626
21261,20:14:57.744,3628,0.7719
21262,20:14:57.745,3649,0.7822
21263,20:14:57.745,3641,0.7783
21264,20:14:57.746,3647,0.7812
21265,20:14:57.746,3572,0.7446
21266,20:14:57.747,3602,0.7592
21267,20:14:57.747,3628,0.7719
21268,20:14:57.748,3629,0.7724
21269,20:14:57.748,3626,0.7709
21270,20:14:57.749,3628,0.7719
21271,20:14:57.749,3630,0.7729
21272,20:14:57.750,3629,0.7724
21273,20:14:57.750,3626,0.7709
21274,20:14:57.751,3634,0.7748
21275,20:14:57.751,3630,0.7729
21276,20:14:57.752,3630,0.7729
21277,20:14:57.752,3637,0.7763
21278,20:14:57.753,3645,0.7802
21279,20:14:57.753,3648,0.7817
21280,20:14:57.754,3649,0.7822
21281,20:14:57.754,3660,0.7875
21282,20:14:57.755,3670,0.7924
21283,20:14:57.755,3665,0.7900
21284,20:14:57.756,3654,0.7846
21285,20:14:57.756,3669,0.7919
21286,20:14:57.757,3705,0.8095
21287,20:14:57.757,3680,0.7973
21288,20:14:57.758,3634,0.7748
21289,20:14:57.758,3686,0.8002
21290,20:14:57.759,3695,0.8046
21291,20:14:57.759,3700,0.8071
21292,20:14:57.760,3696,0.8051
21293,20:14:57.760,3697,0.8056
21294,20:14:57.761,3697,0.8056
21295,20:14:57.761,3696,0.8051
21296,20:14:57.762,3696,0.8051
21297,20:14:57.762,3701,0.8076
21298,20:14:57.763,3701,0.8076
21299,20:14:57.763,3682,0.7983
21300,20:14:57.764,3679,0.7968
21301,20:14:57.764,3675,0.7949
21302,20:14:57.765,3666,0.7905
21303,20:14:57.765,3680,0.7973
21304,20:14:57.766,3692,0.8032
21305,20:14:57.766,3695,0.8046
21306,20:14:57.767,3652,0.7836
21307,20:14:57.767,3673,0.7939
21308,20:14:57.768,3672,0.7934
21309,20:14:57.768,3678,0.7963
21310,20:14:57.769,3664,0.7895
21311,20:14:57.769,3672,0.7934
21312,20:14:57.770,3673,0.7939
21313,20:14:57.770,3703,0.8085
21314,20:14:57.771,3666,0.7905
21315,20:14:57.771,3669,0.7919
21316,20:14:57.772,3681,0.7978
21317,20:14:57.772,3685,0.7998
21318,20:14:57.773,3678,0.7963
21319,20:14:57.773,3688,0.8012
21320,20:14:57.774,3691,0.8027
21321,20:14:57.774,3705,0.8095
21322,20:14:57.775,3699,0.8066
21323,20:14:57.775,3744,0.8286
21324,20:14:57.776,3719,0.8164
21325,20:14:57.776,3717,0.8154
21326,20:14:57.777,3742,0.8276
21327,20:14:57.777,3737,0.8252
21328,20:14:57.778,3740,0.8266
21329,20:14:57.778,3737,0.8252
21330,20:14:57.779,3725,0.8193
21331,20:14:57.779,3748,0.8305
21332,20:14:57.780,3745,0.8291
21333,20:14:57.780,3750,0.8315
21334,20:14:57.781,3736,0.8247
21335,20:14:57.781,3747,0.8300
21336,20:14:57.782,3744,0.8286
21337,20:14:57.782,3744,0.8286
21338,20:14:57.783,3732,0.8227
21339,20:14:57.783,3725,0.8193
21340,20:14:57.784,3707,0.8105
21341,20:14:57.784,3734,0.8237
21342,20:14:57.785,3739,0.8261
21343,20:14:57.785,3742,0.8276
21344,20:14:57.786,3680,0.7973
21345,20:14:57.786,3717,0.8154
21346,20:14:57.787,3706,0.8100
21347,20:14:57.787,3696,0.8051
21348,20:14:57.788,3693,0.8037
21349,20:14:57.788,3692,0.8032
21350,20:14:57.789,3701,0.8076
21351,20:14:57.789,3695,0.8046
21352,20:14:57.790,3688,0.8012
21353,20:14:57.790,3707,0.8105
21354,20:14:57.791,3695,0.8046
21355,20:14:57.791,3697,0.8056
21356,20:14:57.792,3702,0.8081
21357,20:14:57.792,3697,0.8056
21358,20:14:57.793,3700,0.8071
21359,20:14:57.793,3719,0.8164
21360,20:14:57.794,3701,0.8076
21361,20:14:57.794,3732,0.8227
21362,20:14:57.795,3737,0.8252
21363,20:14:57.795,3747,0.8300
21364,20:14:57.796,3719,0.8164
21365,20:14:57.796,3716,0.8149
21366,20:14:57.797,3767,0.8398
21367,20:14:57.797,3751,0.8320
21368,20:14:57.798,3755,0.8339
21369,20:14:57.798,3756,0.8344
21370,20:14:57.799,3805,0.8584
21371,20:14:57.799,3775,0.8437
21372,20:14:57.800,3284,0.6039
21373,20:14:57.800,2720,0.3284
21374,20:14:57.801,3931,0.9199
21375,20:14:57.801,3570,0.7436
21376,20:14:57.802,3824,0.8676
21377,20:14:57.802,4095,1.0000
21378,20:14:57.803,3899,0.9043
21379,20:14:57.803,4095,1.0000
21380,20:14:57.804,4095,1.0000
21381,20:14:57.804,3865,0.8877
21382,20:14:57.805,3851,0.8808
21383,20:14:57.805,4078,0.9917
21384,20:14:57.806,4095,1.0000
21385,20:14:57.806,4095,1.0000
21386,20:14:57.807,3549,0.7333
21387,20:14:57.807,4091,0.9980
21388,20:14:57.808,4095,1.0000
21389,20:14:57.808,4095,1.0000
21390,20:14:57.809,3679,0.7968
21391,20:14:57.809,4094,0.9995
21392,20:14:57.810,4095,1.0000
21393,20:14:57.810,4095,1.0000
21394,20:14:57.811,3781,0.8466
21395,20:14:57.811,4095,1.0000
21396,20:14:57.812,4095,1.0000
21397,20:14:57.812,3816,0.8637
21398,20:14:57.813,3952,0.9302
21399,20:14:57.813,4095,1.0000
21400,20:14:57.814,3986,0.9468
21401,20:14:57.814,3898,0.9038
21402,20:14:57.815,4090,0.9976
21403,20:14:57.815,3921,0.9150
21404,20:14:57.816,3846,0.8784
21405,20:14:57.816,3781,0.8466
21406,20:14:57.817,4091,0.9980
21407,20:14:57.817,4095,1.0000
21408,20:14:57.818,4068,0.9868
21409,20:14:57.818,3769,0.8408
21410,20:14:57.819,4088,0.9966
21411,20:14:57.819,4084,0.9946
21412,20:14:57.820,4094,0.9995
21413,20:14:57.820,3870,0.8901
21414,20:14:57.821,4095,1.0000
21415,20:14:57.821,4085,0.9951
21416,20:14:57.822,4094,0.9995
21417,20:14:57.822,3929,0.9189
21418,20:14:57.823,4073,0.9893
21419,20:14:57.823,3751,0.8320
21420,20:14:57.824,4095,1.0000
21421,20:14:57.824,4095,1.0000
21422,20:14:57.825,4095,1.0000
21423,20:14:57.825,3662,0.7885
21424,20:14:57.826,3700,0.8071
21425,20:14:57.826,3926,0.9175
21426,20:14:57.827,4095,1.0000
21427,20:14:57.827,3850,0.8803
21428,20:14:57.828,3925,0.9170
21429,20:14:57.828,3912,0.9106
21430,20:14:57.829,4095,1.0000
21431,20:14:57.829,4087,0.9961
21432,20:14:57.830,4091,0.9980
21433,20:14:57.830,3891,0.9004
21434,20:14:57.831,4095,1.0000
21435,20:14:57.831,4095,1.0000
21436,20:14:57.832,3795,0.8535
21437,20:14:57.832,4095,1.0000
21438,20:14:57.833,3697,0.8056
21439,20:14:57.833,3664,0.7895
21440,20:14:57.834,4012,0.9595
21441,20:14:57.834,4042,0.9741
21442,20:14:57.835,3764,0.8383
21443,20:14:57.835,3757,0.8349
21444,20:14:57.836,4062,0.9839
21445,20:14:57.836,3682,0.7983
21446,20:14:57.837,4095,1.0000
21447,20:14:57.837,3755,0.8339
21448,20:14:57.838,3935,0.9219
21449,20:14:57.838,4095,1.0000
21450,20:14:57.839,4095,1.0000
21451,20:14:57.839,4095,1.0000
21452,20:14:57.840,4067,0.9863
21453,20:14:57.840,3789,0.8505
21454,20:14:57.841,4095,1.0000
21455,20:14:57.841,3918,0.9136
21456,20:14:57.842,3892,0.9009
21457,20:14:57.842,4095,1.0000
21458,20:14:57.843,3877,0.8935
21459,20:14:57.843,3911,0.9101
21460,20:14:57.844,3927,0.9179
21461,20:14:57.844,3804,0.8579
21462,20:14:57.845,4095,1.0000
21463,20:14:57.845,3975,0.9414
21464,20:14:57.846,3593,0.7548
21465,20:14:57.846,3977,0.9424
21466,20:14:57.847,3822,0.8667
21467,20:14:57.847,4071,0.9883
21468,20:14:57.848,4066,0.9858
21469,20:14:57.848,4095,1.0000
21470,20:14:57.849,3884,0.8969
21471,20:14:57.849,3908,0.9087
21472,20:14:57.850,4095,1.0000
21473,20:14:57.850,3960,0.9341
21474,20:14:57.851,3768,0.8403
21475,20:14:57.851,3969,0.9385
21476,20:14:57.852,4095,1.0000
21477,20:14:57.852,3978,0.9429
21478,20:14:57.853,3481,0.7001
21479,20:14:57.853,4000,0.9536
21480,20:14:57.854,3847,0.8789
21481,20:14:57.854,4095,1.0000
21482,20:14:57.855,3540,0.7289
21483,20:14:57.855,4095,1.0000
21484,20:14:57.856,3725,0.8193
21485,20:14:57.856,3572,0.7446
21486,20:14:57.857,3659,0.7871
21487,20:14:57.857,3815,0.8632
21488,20:14:57.858,4095,1.0000
21489,20:14:57.858,4090,0.9976
21490,20:14:57.859,4025,0.9658
21491,20:14:57.859,4086,0.9956
21492,20:14:57.860,4095,1.0000
21493,20:14:57.860,4074,0.9897
21494,20:14:57.861,4014,0.9604
21495,20:14:57.861,4067,0.9863
21496,20:14:57.862,4086,0.9956
21497,20:14:57.862,3723,0.8183
21498,20:14:57.863,3860,0.8852
21499,20:14:57.863,3698,0.8061
21500,20:14:57.864,3270,0.5971
21501,20:14:57.864,3524,0.7211
21502,20:14:57.865,3892,0.9009
21503,20:14:57.865,3765,0.8388
21504,20:14:57.866,3554,0.7358
21505,20:14:57.866,3615,0.7656
21506,20:14:57.867,3653,0.7841
21507,20:14:57.867,4020,0.9634
21508,20:14:57.868,3997,0.9521
21509,20:14:57.868,3871,0.8906
21510,20:14:57.869,3799,0.8554
21511,20:14:57.869,4090,0.9976
21512,20:14:57.870,4092,0.9985
21513,20:14:57.870,3832,0.8716
21514,20:14:57.871,4077,0.9912
21515,20:14:57.871,4080,0.9927
21516,20:14:57.872,3940,0.9243
21517,20:14:57.872,3424,0.6723
21518,20:14:57.873,3608,0.7621
21519,20:14:57.873,3262,0.5932
21520,20:14:57.874,3211,0.5683
21521,20:14:57.874,2835,0.3846
21522,20:14:57.875,3324,0.6234
21523,20:14:57.875,3297,0.6103
21524,20:14:57.876,3246,0.5853
21525,20:14:57.876,2957,0.4442
21526,20:14:57.877,3349,0.6357
21527,20:14:57.877,3463,0.6913
21528,20:14:57.878,3315,0.6190
21529,20:14:57.878,3277,0.6005
21530,20:14:57.879,3300,0.6117
21531,20:14:57.879,4095,1.0000
21532,20:14:57.880,4041,0.9736
21533,20:14:57.880,3954,0.9311
21534,20:14:57.881,4074,0.9897
21535,20:14:57.881,4045,0.9756
21536,20:14:57.882,4093,0.9990
21537,20:14:57.882,4081,0.9932
21538,20:14:57.883,4068,0.9868
21539,20:14:57.883,4095,1.0000
21540,20:14:57.884,4081,0.9932
21541,20:14:57.884,4056,0.9810
21542,20:14:57.885,4075,0.9902
21543,20:14:57.885,4089,0.9971
21544,20:14:57.886,4095,1.0000
21545,20:14:57.886,4095,1.0000
21546,20:14:57.887,4052,0.9790
21547,20:14:57.887,3996,0.9516
21548,20:14:57.888,4070,0.9878
21549,20:14:57.888,4044,0.9751
21550,20:14:57.889,4028,0.9673
21551,20:14:57.889,4025,0.9658
21552,20:14:57.890,4017,0.9619
21553,20:14:57.890,4013,0.9600
21554,20:14:57.891,3983,0.9453
21555,20:14:57.891,3963,0.9355
21556,20:14:57.892,3981,0.9443
21557,20:14:57.892,3975,0.9414
21558,20:14:57.893,3942,0.9253
21559,20:14:57.893,3914,0.9116
21560,20:14:57.894,3946,0.9272
21561,20:14:57.894,3855,0.8828
21562,20:14:57.895,3782,0.8471
21563,20:14:57.895,3777,0.8447
21564,20:14:57.896,3782,0.8471
21565,20:14:57.896,3785,0.8486
21566,20:14:57.897,3810,0.8608
21567,20:14:57.897,3811,0.8613
21568,20:14:57.898,3806,0.8589
21569,20:14:57.898,3804,0.8579
21570,20:14:57.899,3807,0.8593
21571,20:14:57.899,3812,0.8618
21572,20:14:57.900,3810,0.8608
21573,20:14:57.900,3806,0.8589
21574,20:14:57.901,3807,0.8593
21575,20:14:57.901,3816,0.8637
21576,20:14:57.902,3801,0.8564
21577,20:14:57.902,3807,0.8593
21578,20:14:57.903,3807,0.8593
21579,20:14:57.903,3791,0.8515
21580,20:14:57.904,3801,0.8564
21581,20:14:57.904,3776,0.8442
21582,20:14:57.905,3776,0.8442
21583,20:14:57.905,3776,0.8442
21584,20:14:57.906,3778,0.8452
21585,20:14:57.906,3777,0.8447
21586,20:14:57.907,3749,0.8310
21587,20:14:57.907,3765,0.8388
21588,20:14:57.908,3825,0.8681
21589,20:14:57.908,3763,0.8379
21590,20:14:57.909,3756,0.8344
21591,20:14:57.909,3759,0.8359
21592,20:14:57.910,3749,0.8310
21593,20:14:57.910,3756,0.8344
21594,20:14:57.911,3758,0.8354
21595,20:14:57.911,3749,0.8310
21596,20:14:57.912,3755,0.8339
21597,20:14:57.912,3750,0.8315
21598,20:14:57.913,3747,0.8300
21599,20:14:57.913,3767,0.8398
21600,20:14:57.914,3768,0.8403
21601,20:14:57.914,3788,0.8501
21602,20:14:57.915,3781,0.8466
21603,20:14:57.915,3783,0.8476
21604,20:14:57.916,3781,0.8466
21605,20:14:57.916,3782,0.8471
21606,20:14:57.917,3816,0.8637
21607,20:14:57.917,3804,0.8579
21608,20:14:57.918,3806,0.8589
21609,20:14:57.918,3815,0.8632
21610,20:14:57.919,3817,0.8642
21611,20:14:57.919,3816,0.8637
21612,20:14:57.920,3810,0.8608
21613,20:14:57.920,3817,0.8642
21614,20:14:57.921,3814,0.8628
21615,20:14:57.921,3818,0.8647
21616,20:14:57.922,3813,0.8623
21617,20:14:57.922,3807,0.8593
21618,20:14:57.923,3811,0.8613
21619,20:14:57.923,3809,0.8603
21620,20:14:57.924,3804,0.8579
21621,20:14:57.924,3804,0.8579
21622,20:14:57.925,3795,0.8535
21623,20:14:57.925,3773,0.8427
21624,20:14:57.926,3743,0.8281
21625,20:14:57.926,3798,0.8549
21626,20:14:57.927,3760,0.8364
21627,20:14:57.927,3759,0.8359
21628,20:14:57.928,3739,0.8261
21629,20:14:57.928,3765,0.8388
21630,20:14:57.929,3763,0.8379
21631,20:14:57.929,3757,0.8349
21632,20:14:57.930,3758,0.8354
21633,20:14:57.930,3749,0.8310
21634,20:14:57.931,3763,0.8379
21635,20:14:57.931,3762,0.8374
21636,20:14:57.932,3764,0.8383
21637,20:14:57.932,3756,0.8344
21638,20:14:57.933,3741,0.8271
21639,20:14:57.933,3765,0.8388
21640,20:14:57.934,3771,0.8418
21641,20:14:57.934,3783,0.8476
21642,20:14:57.935,3794,0.8530
21643,20:14:57.935,3775,0.8437
21644,20:14:57.936,3790,0.8510
21645,20:14:57.936,3789,0.8505
21646,20:14:57.937,3806,0.8589
21647,20:14:57.937,3814,0.8628
21648,20:14:57.938,3826,0.8686
21649,20:14:57.938,3812,0.8618
21650,20:14:57.939,3815,0.8632
21651,20:14:57.939,3819,0.8652
21652,20:14:57.940,3816,0.8637
21653,20:14:57.940,3815,0.8632
21654,20:14:57.941,3812,0.8618
21655,20:14:57.941,3813,0.8623
21656,20:14:57.942,3812,0.8618
21657,20:14:57.942,3809,0.8603
21658,20:14:57.943,3806,0.8589
21659,20:14:57.943,3800,0.8559
21660,20:14:57.944,3801,0.8564
21661,20:14:57.944,3791,0.8515
21662,20:14:57.945,3792,0.8520
21663,20:14:57.945,3786,0.8491
21664,20:14:57.946,3801,0.8564
21665,20:14:57.946,3793,0.8525
21666,20:14:57.947,3763,0.8379
21667,20:14:57.947,3771,0.8418
21668,20:14:57.948,3763,0.8379
21669,20:14:57.948,3758,0.8354
21670,20:14:57.949,3758,0.8354
21671,20:14:57.949,3758,0.8354
21672,20:14:57.950,3788,0.8501
21673,20:14:57.950,3758,0.8354
21674,20:14:57.951,3760,0.8364
21675,20:14:57.951,3759,0.8359
21676,20:14:57.952,3767,0.8398
21677,20:14:57.952,3761,0.8369
21678,20:14:57.953,3759,0.8359
21679,20:14:57.953,3783,0.8476
21680,20:14:57.954,3779,0.8457
21681,20:14:57.954,3787,0.8496
21682,20:14:57.955,3783,0.8476
21683,20:14:57.955,3788,0.8501
21684,20:14:57.956,3783,0.8476
21685,20:14:57.956,3790,0.8510
21686,20:14:57.957,3819,0.8652
21687,20:14:57.957,3808,0.8598
21688,20:14:57.958,3807,0.8593
21689,20:14:57.958,3818,0.8647
21690,20:14:57.959,3817,0.8642
21691,20:14:57.959,3815,0.8632
21692,20:14:57.960,3815,0.8632
21693,20:14:57.960,3806,0.8589
21694,20:14:57.961,3814,0.8628
21695,20:14:57.961,3867,0.8886
21696,20:14:57.962,3816,0.8637
21697,20:14:57.962,3810,0.8608
21698,20:14:57.963,3805,0.8584
21699,20:14:57.963,3796,0.8540
21700,20:14:57.964,3793,0.8525
21701,20:14:57.964,3783,0.8476
21702,20:14:57.965,3772,0.8422
21703,20:14:57.965,3768,0.8403
21704,20:14:57.966,3510,0.7143
21705,20:14:57.966,3322,0.6225
21706,20:14:57.967,3652,0.7836
21707,20:14:57.967,3723,0.8183
21708,20:14:57.968,3721,0.8173
21709,20:14:57.968,3743,0.8281
21710,20:14:57.969,3749,0.8310
21711,20:14:57.969,3748,0.8305
21712,20:14:57.970,3752,0.8325
21713,20:14:57.970,3758,0.8354
21714,20:14:57.971,3770,0.8413
21715,20:14:57.971,3744,0.8286
21716,20:14:57.972,3375,0.6484
21717,20:14:57.972,3394,0.6576
21718,20:14:57.973,3638,0.7768
21719,20:14:57.973,3722,0.8178
21720,20:14:57.974,3475,0.6972
21721,20:14:57.974,3512,0.7153
21722,20:14:57.975,3233,0.5790
21723,20:14:57.975,3174,0.5502
21724,20:14:57.976,3117,0.5223
21725,20:14:57.976,3146,0.5365
21726,20:14:57.977,3143,0.5350
21727,20:14:57.977,3135,0.5311
21728,20:14:57.978,3156,0.5414
21729,20:14:57.978,3164,0.5453
21730,20:14:57.979,3157,0.5419
21731,20:14:57.979,3182,0.5541
21732,20:14:57.980,3203,0.5643
21733,20:14:57.980,3213,0.5692
21734,20:14:57.981,3216,0.5707
21735,20:14:57.981,3227,0.5761
21736,20:14:57.982,3232,0.5785
21737,20:14:57.982,3261,0.5927
21738,20:14:57.983,3258,0.5912
21739,20:14:57.983,3241,0.5829
21740,20:14:57.984,3256,0.5902
21741,20:14:57.984,3253,0.5888
21742,20:14:57.985,3273,0.5985
21743,20:14:57.985,3264,0.5941
21744,20:14:57.986,3276,0.6000
21745,20:14:57.986,3283,0.6034
21746,20:14:57.987,3276,0.6000
21747,20:14:57.987,3285,0.6044
21748,20:14:57.988,3293,0.6083
21749,20:14:57.988,3292,0.6078
21750,20:14:57.989,3299,0.6112
21751,20:14:57.989,3310,0.6166
21752,20:14:57.990,3311,0.6171
21753,20:14:57.990,3316,0.6195
21754,20:14:57.991,3322,0.6225
21755,20:14:57.991,3333,0.6278
21756,20:14:57.992,3350,0.6361
21757,20:14:57.992,3364,0.6430
21758,20:14:57.993,3371,0.6464
21759,20:14:57.993,3382,0.6518
21760,20:14:57.994,3407,0.6640
21761,20:14:57.994,3393,0.6571
21762,20:14:57.995,3410,0.6654
21763,20:14:57.995,3417,0.6689
21764,20:14:57.996,3421,0.6708
21765,20:14:57.996,3421,0.6708
21766,20:14:57.997,3452,0.6860
21767,20:14:57.997,3461,0.6904
21768,20:14:57.998,3471,0.6952
21769,20:14:57.998,3477,0.6982
21770,20:14:57.999,3480,0.6996
21771,20:14:57.999,3485,0.7021
21772,20:14:58.000,3488,0.7035
21773,20:14:58.000,3492,0.7055
21774,20:14:58.001,3504,0.7114
21775,20:14:58.001,3494,0.7065
21776,20:14:58.002,3500,0.7094
21777,20:14:58.002,3513,0.7158
21778,20:14:58.003,3508,0.7133
21779,20:14:58.003,3509,0.7138
21780,20:14:58.004,3506,0.7123
21781,20:14:58.004,3488,0.7035
21782,20:14:58.005,3505,0.7118
21783,20:14:58.005,3508,0.7133
21784,20:14:58.006,3530,0.7241
21785,20:14:58.006,3527,0.7226
21786,20:14:58.007,3495,0.7070
21787,20:14:58.007,3506,0.7123
21788,20:14:58.008,3504,0.7114
21789,20:14:58.008,3491,0.7050
21790,20:14:58.009,3509,0.7138
21791,20:14:58.009,3492,0.7055
21792,20:14:58.010,3513,0.7158
21793,20:14:58.010,3522,0.7201
21794,20:14:58.011,3532,0.7250
21795,20:14:58.011,3536,0.7270
21796,20:14:58.012,3521,0.7197
21797,20:14:58.012,3530,0.7241
21798,20:14:58.013,3541,0.7294
21799,20:14:58.013,3556,0.7368
21800,20:14:58.014,3553,0.7353
21801,20:14:58.014,3572,0.7446
21802,20:14:58.015,3629,0.7724
21803,20:14:58.015,3579,0.7480
21804,20:14:58.016,3600,0.7582
21805,20:14:58.016,3590,0.7534
21806,20:14:58.017,3621,0.7685
21807,20:14:58.017,3614,0.7651
21808,20:14:58.018,3621,0.7685
21809,20:14:58.018,3625,0.7705
21810,20:14:58.019,3628,0.7719
21811,20:14:58.019,3630,0.7729
21812,20:14:58.020,3631,0.7734
21813,20:14:58.020,3630,0.7729
21814,20:14:58.021,3623,0.7695
21815,20:14:58.021,3645,0.7802
21816,20:14:58.022,3646,0.7807
21817,20:14:58.022,3647,0.7812
21818,20:14:58.023,3634,0.7748
21819,20:14:58.023,3630,0.7729
21820,20:14:58.024,3646,0.7807
21821,20:14:58.024,3628,0.7719
21822,20:14:58.025,3615,0.7656
21823,20:14:58.025,3633,0.7744
21824,20:14:58.026,3673,0.7939
21825,20:14:58.026,3635,0.7753
21826,20:14:58.027,3611,0.7636
21827,20:14:58.027,3623,0.7695
21828,20:14:58.028,3624,0.7700
21829,20:14:58.028,3613,0.7646
21830,20:14:58.029,3624,0.7700
21831,20:14:58.029,3616,0.7661
21832,20:14:58.030,3618,0.7670
21833,20:14:58.030,3618,0.7670
21834,20:14:58.031,3601,0.7587
21835,20:14:58.031,3628,0.7719
21836,20:14:58.032,3628,0.7719
21837,20:14:58.032,3609,0.7626
21838,20:14:58.033,3635,0.7753
21839,20:14:58.033,3648,0.7817
21840,20:14:58.034,3654,0.7846
21841,20:14:58.034,3656,0.7856
21842,20:14:58.035,3658,0.7866
21843,20:14:58.035,3683,0.7988
21844,20:14:58.036,3661,0.7880
21845,20:14:58.036,3688,0.8012
21846,20:14:58.037,3702,0.8081
21847,20:14:58.037,3689,0.8017
21848,20:14:58.038,3700,0.8071
21849,20:14:58.038,3707,0.8105
21850,20:14:58.039,3698,0.8061
21851,20:14:58.039,3702,0.8081
21852,20:14:58.040,3704,0.8090
21853,20:14:58.040,3698,0.8061
21854,20:14:58.041,3691,0.8027
21855,20:14:58.041,3713,0.8134
21856,20:14:58.042,3699,0.8066
21857,20:14:58.042,3713,0.8134
21858,20:14:58.043,3706,0.8100
21859,20:14:58.043,3694,0.8042
21860,20:14:58.044,3701,0.8076
21861,20:14:58.044,3682,0.7983
21862,20:14:58.045,3688,0.8012
21863,20:14:58.045,3694,0.8042
21864,20:14:58.046,3648,0.7817
21865,20:14:58.046,3690,0.8022
21866,20:14:58.047,3671,0.7929
21867,20:14:58.047,3763,0.8379
21868,20:14:58.048,3684,0.7993
21869,20:14:58.048,3672,0.7934
21870,20:14:58.049,3677,0.7958
21871,20:14:58.049,3674,0.7944
21872,20:14:58.050,3675,0.7949
21873,20:14:58.050,3682,0.7983
21874,20:14:58.051,3677,0.7958
21875,20:14:58.051,3675,0.7949
21876,20:14:58.052,3681,0.7978
21877,20:14:58.052,3687,0.8007
21878,20:14:58.053,3686,0.8002
21879,20:14:58.053,3696,0.8051
21880,20:14:58.054,3692,0.8032
21881,20:14:58.054,3706,0.8100
21882,20:14:58.055,3715,0.8144
21883,20:14:58.055,3694,0.8042
21884,20:14:58.056,3707,0.8105
21885,20:14:58.056,3728,0.8208
21886,20:14:58.057,3753,0.8330
21887,20:14:58.057,3738,0.8256
21888,20:14:58.058,3744,0.8286
21889,20:14:58.058,3740,0.8266
21890,20:14:58.059,3747,0.8300
21891,20:14:58.059,3753,0.8330
21892,20:14:58.060,3747,0.8300
21893,20:14:58.060,3747,0.8300
21894,20:14:58.061,3748,0.8305
21895,20:14:58.061,3751,0.8320
21896,20:14:58.062,3767,0.8398
21897,20:14:58.062,3742,0.8276
21898,20:14:58.063,3751,0.8320
21899,20:14:58.063,3724,0.8188
21900,20:14:58.064,3735,0.8242
21901,20:14:58.064,3759,0.8359
21902,20:14:58.065,3740,0.8266
21903,20:14:58.065,3720,0.8168
21904,20:14:58.066,3743,0.8281
21905,20:14:58.066,3771,0.8418
21906,20:14:58.067,3702,0.8081
21907,20:14:58.067,3717,0.8154
21908,20:14:58.068,3715,0.8144
21909,20:14:58.068,3775,0.8437
21910,20:14:58.069,3707,0.8105
21911,20:14:58.069,3703,0.8085
21912,20:14:58.070,3700,0.8071
21913,20:14:58.070,3718,0.8159
21914,20:14:58.071,3705,0.8095
21915,20:14:58.071,3713,0.8134
21916,20:14:58.072,3707,0.8105
21917,20:14:58.072,3700,0.8071
21918,20:14:58.073,3722,0.8178
21919,20:14:58.073,3733,0.8232
21920,20:14:58.074,3729,0.8212
21921,20:14:58.074,3670,0.7924
21922,20:14:58.075,3738,0.8256
21923,20:14:58.075,3756,0.8344
21924,20:14:58.076,3740,0.8266
21925,20:14:58.076,3731,0.8222
21926,20:14:58.077,3759,0.8359
21927,20:14:58.077,3760,0.8364
21928,20:14:58.078,3767,0.8398
21929,20:14:58.078,3766,0.8393
21930,20:14:58.079,3769,0.8408
21931,20:14:58.079,3773,0.8427
21932,20:14:58.080,3771,0.8418
21933,20:14:58.080,3764,0.8383
21934,20:14:58.081,3764,0.8383
21935,20:14:58.081,3766,0.8393
21936,20:14:58.082,3769,0.8408
21937,20:14:58.082,3769,0.8408
21938,20:14:58.083,3773,0.8427
21939,20:14:58.083,3752,0.8325
21940,20:14:58.084,3747,0.8300
21941,20:14:58.084,3753,0.8330
21942,20:14:58.085,3754,0.8335
21943,20:14:58.085,3745,0.8291
21944,20:14:58.086,3744,0.8286
21945,20:14:58.086,3741,0.8271
21946,20:14:58.087,3732,0.8227
21947,20:14:58.087,3733,0.8232
21948,20:14:58.088,3725,0.8193
21949,20:14:58.088,3724,0.8188
21950,20:14:58.089,3731,0.8222
21951,20:14:58.089,3733,0.8232
21952,20:14:58.090,3723,0.8183
21953,20:14:58.090,3719,0.8164
21954,20:14:58.091,3722,0.8178
21955,20:14:58.091,3734,0.8237
21956,20:14:58.092,3724,0.8188
21957,20:14:58.092,3729,0.8212
21958,20:14:58.093,3725,0.8193
21959,20:14:58.093,3740,0.8266
21960,20:14:58.094,3750,0.8315
21961,20:14:58.094,3754,0.8335
21962,20:14:58.095,3744,0.8286
21963,20:14:58.095,3742,0.8276
21964,20:14:58.096,3756,0.8344
21965,20:14:58.096,3772,0.8422
21966,20:14:58.097,3777,0.8447
21967,20:14:58.097,3769,0.8408
21968,20:14:58.098,3773,0.8427
21969,20:14:58.098,3783,0.8476
21970,20:14:58.099,3776,0.8442
21971,20:14:58.099,3785,0.8486
21972,20:14:58.100,3781,0.8466
21973,20:14:58.100,3777,0.8447
21974,20:14:58.101,3784,0.8481
21975,20:14:58.101,3781,0.8466
21976,20:14:58.102,3776,0.8442
21977,20:14:58.102,3787,0.8496
21978,20:14:58.103,3776,0.8442
21979,20:14:58.103,3766,0.8393
21980,20:14:58.104,3769,0.8408
21981,20:14:58.104,3767,0.8398
21982,20:14:58.105,3769,0.8408
21983,20:14:58.105,3766,0.8393
21984,20:14:58.106,3767,0.8398
21985,20:14:58.106,3757,0.8349
21986,20:14:58.107,3733,0.8232
21987,20:14:58.107,3739,0.8261
21988,20:14:58.108,3739,0.8261
21989,20:14:58.108,3737,0.8252
21990,20:14:58.109,3736,0.8247
21991,20:14:58.109,3719,0.8164
21992,20:14:58.110,3752,0.8325
21993,20:14:58.110,3754,0.8335
21994,20:14:58.111,3736,0.8247
21995,20:14:58.111,3744,0.8286
21996,20:14:58.112,3741,0.8271
21997,20:14:58.112,3741,0.8271
21998,20:14:58.113,3754,0.8335
21999,20:14:58.113,3759,0.8359
22000,20:14:58.114,3764,0.8383
22001,20:14:58.114,3755,0.8339
22002,20:14:58.115,3757,0.8349
22003,20:14:58.115,3769,0.8408
22004,20:14:58.116,3762,0.8374
22005,20:14:58.116,3783,0.8476
22006,20:14:58.117,3774,0.8432
22007,20:14:58.117,3778,0.8452
22008,20:14:58.118,3794,0.8530
22009,20:14:58.118,3786,0.8491
22010,20:14:58.119,3786,0.8491
22011,20:14:58.119,3794,0.8530
22012,20:14:58.120,3795,0.8535
22013,20:14:58.120,3786,0.8491
22014,20:14:58.121,3781,0.8466
22015,20:14:58.121,3791,0.8515
22016,20:14:58.122,3788,0.8501
22017,20:14:58.122,3776,0.8442
22018,20:14:58.123,3776,0.8442
22019,20:14:58.123,3777,0.8447
22020,20:14:58.124,3790,0.8510
22021,20:14:58.124,3772,0.8422
22022,20:14:58.125,3761,0.8369
22023,20:14:58.125,3773,0.8427
22024,20:14:58.126,3705,0.8095
22025,20:14:58.126,3768,0.8403
22026,20:14:58.127,3751,0.8320
22027,20:14:58.127,3746,0.8295
22028,20:14:58.128,3739,0.8261
22029,20:14:58.128,3742,0.8276
22030,20:14:58.129,3748,0.8305
22031,20:14:58.129,3739,0.8261
22032,20:14:58.130,3741,0.8271
22033,20:14:58.130,3742,0.8276
22034,20:14:58.131,3741,0.8271
22035,20:14:58.131,3750,0.8315
22036,20:14:58.132,3744,0.8286
22037,20:14:58.132,3770,0.8413
22038,20:14:58.133,3749,0.8310
22039,20:14:58.133,3778,0.8452
22040,20:14:58.134,3759,0.8359
22041,20:14:58.134,3777,0.8447
22042,20:14:58.135,3760,0.8364
22043,20:14:58.135,3761,0.8369
22044,20:14:58.136,3775,0.8437
22045,20:14:58.136,3781,0.8466
22046,20:14:58.137,3798,0.8549
22047,20:14:58.137,3783,0.8476
22048,20:14:58.138,3779,0.8457
22049,20:14:58.138,3789,0.8505
22050,20:14:58.139,3789,0.8505
22051,20:14:58.139,3799,0.8554
22052,20:14:58.140,3796,0.8540
22053,20:14:58.140,3798,0.8549
22054,20:14:58.141,3797,0.8545
22055,20:14:58.141,3790,0.8510
22056,20:14:58.142,3785,0.8486
22057,20:14:58.142,3793,0.8525
22058,20:14:58.143,3855,0.8828
22059,20:14:58.143,3773,0.8427
22060,20:14:58.144,3760,0.8364
22061,20:14:58.144,3765,0.8388
22062,20:14:58.145,3770,0.8413
22063,20:14:58.145,3689,0.8017
22064,20:14:58.146,3786,0.8491
22065,20:14:58.146,3754,0.8335
22066,20:14:58.147,3746,0.8295
22067,20:14:58.147,3749,0.8310
22068,20:14:58.148,3751,0.8320
22069,20:14:58.148,3135,0.5311
22070,20:14:58.149,2871,0.4022
22071,20:14:58.149,3098,0.5131
22072,20:14:58.150,3061,0.4950
22073,20:14:58.150,3156,0.5414
22074,20:14:58.151,3241,0.5829
22075,20:14:58.151,3142,0.5346
22076,20:14:58.152,3614,0.7651
22077,20:14:58.152,3792,0.8520
22078,20:14:58.153,3442,0.6811
22079,20:14:58.153,3606,0.7612
22080,20:14:58.154,3599,0.7578
22081,20:14:58.154,3717,0.8154
22082,20:14:58.155,3617,0.7665
22083,20:14:58.155,3546,0.7319
22084,20:14:58.156,3247,0.5858
22085,20:14:58.156,3403,0.6620
22086,20:14:58.157,3286,0.6049
22087,20:14:58.157,3343,0.6327
22088,20:14:58.158,3226,0.5756
22089,20:14:58.158,3447,0.6835
22090,20:14:58.159,3504,0.7114
22091,20:14:58.159,4095,1.0000
22092,20:14:58.160,4095,1.0000
22093,20:14:58.160,3933,0.9209
22094,20:14:58.161,3718,0.8159
22095,20:14:58.161,3664,0.7895
22096,20:14:58.162,4095,1.0000
22097,20:14:58.162,3859,0.8847
22098,20:14:58.163,3884,0.8969
22099,20:14:58.163,3707,0.8105
22100,20:14:58.164,3570,0.7436
22101,20:14:58.164,3516,0.7172
22102,20:14:58.165,4000,0.9536
22103,20:14:58.165,3698,0.8061
22104,20:14:58.166,3651,0.7832
22105,20:14:58.166,3683,0.7988
22106,20:14:58.167,3903,0.9062
22107,20:14:58.167,3692,0.8032
22108,20:14:58.168,3625,0.7705
22109,20:14:58.168,3880,0.8950
22110,20:14:58.169,3917,0.9131
22111,20:14:58.169,3900,0.9048
22112,20:14:58.170,3539,0.7284
22113,20:14:58.170,3864,0.8872
22114,20:14:58.171,3936,0.9223
22115,20:14:58.171,4095,1.0000
22116,20:14:58.172,3866,0.8882
22117,20:14:58.172,3843,0.8769
22118,20:14:58.173,4008,0.9575
22119,20:14:58.173,3322,0.6225
22120,20:14:58.174,3444,0.6821
22121,20:14:58.174,3244,0.5844
22122,20:14:58.175,3354,0.6381
22123,20:14:58.175,3365,0.6435
22124,20:14:58.176,3317,0.6200
22125,20:14:58.176,3176,0.5512
22126,20:14:58.177,3425,0.6728
22127,20:14:58.177,3271,0.5976
22128,20:14:58.178,3335,0.6288
22129,20:14:58.178,3318,0.6205
22130,20:14:58.179,3720,0.8168
22131,20:14:58.179,3954,0.9311
22132,20:14:58.180,3934,0.9214
22133,20:14:58.180,3924,0.9165
22134,20:14:58.181,3469,0.6943
22135,20:14:58.181,3248,0.5863
22136,20:14:58.182,3187,0.5565
22137,20:14:58.182,3369,0.6454
22138,20:14:58.183,3244,0.5844
22139,20:14:58.183,3096,0.5121
22140,20:14:58.184,3320,0.6215
22141,20:14:58.184,3364,0.6430
22142,20:14:58.185,3616,0.7661
22143,20:14:58.185,3259,0.5917
22144,20:14:58.186,3183,0.5546
22145,20:14:58.186,3319,0.6210
22146,20:14:58.187,3196,0.5609
22147,20:14:58.187,3259,0.5917
22148,20:14:58.188,3178,0.5521
22149,20:14:58.188,3279,0.6015
22150,20:14:58.189,3334,0.6283
22151,20:14:58.189,3125,0.5263
22152,20:14:58.190,3095,0.5116
22153,20:14:58.190,3342,0.6322
22154,20:14:58.191,3250,0.5873
22155,20:14:58.191,3227,0.5761
22156,20:14:58.192,3181,0.5536
22157,20:14:58.192,3100,0.5140
22158,20:14:58.193,3179,0.5526
22159,20:14:58.193,3157,0.5419
22160,20:14:58.194,3219,0.5722
22161,20:14:58.194,3184,0.5551
22162,20:14:58.195,3222,0.5736
22163,20:14:58.195,3247,0.5858
22164,20:14:58.196,3274,0.5990
22165,20:14:58.196,3314,0.6186
22166,20:14:58.197,3274,0.5990
22167,20:14:58.197,3300,0.6117
22168,20:14:58.198,3227,0.5761
22169,20:14:58.198,3131,0.5292
22170,20:14:58.199,3097,0.5126
22171,20:14:58.199,2948,0.4398
22172,20:14:58.200,2929,0.4305
22173,20:14:58.200,3262,0.5932
22174,20:14:58.201,3195,0.5604
22175,20:14:58.201,3166,0.5463
22176,20:14:58.202,3130,0.5287
22177,20:14:58.202,3225,0.5751
22178,20:14:58.203,3232,0.5785
22179,20:14:58.203,3353,0.6376
22180,20:14:58.204,3424,0.6723
22181,20:14:58.204,3316,0.6195
22182,20:14:58.205,3352,0.6371
22183,20:14:58.205,3356,0.6391
22184,20:14:58.206,3353,0.6376
22185,20:14:58.206,3442,0.6811
22186,20:14:58.207,3355,0.6386
22187,20:14:58.207,3342,0.6322
22188,20:14:58.208,3367,0.6444
22189,20:14:58.208,3353,0.6376
22190,20:14:58.209,3345,0.6337
22191,20:14:58.209,3352,0.6371
22192,20:14:58.210,3362,0.6420
22193,20:14:58.210,3353,0.6376
22194,20:14:58.211,3395,0.6581
22195,20:14:58.211,3372,0.6469
22196,20:14:58.212,3390,0.6557
22197,20:14:58.212,3382,0.6518
22198,20:14:58.213,3401,0.6611
22199,20:14:58.213,3424,0.6723
22200,20:14:58.214,3416,0.6684
22201,20:14:58.214,3390,0.6557
22202,20:14:58.215,3438,0.6791
22203,20:14:58.215,3435,0.6777
22204,20:14:58.216,3417,0.6689
22205,20:14:58.216,3433,0.6767
22206,20:14:58.217,3491,0.7050
22207,20:14:58.217,3466,0.6928
22208,20:14:58.218,3488,0.7035
22209,20:14:58.218,3487,0.7031
22210,20:14:58.219,3493,0.7060
22211,20:14:58.219,3500,0.7094
22212,20:14:58.220,3502,0.7104
22213,20:14:58.220,3514,0.7162
22214,20:14:58.221,3511,0.7148
22215,20:14:58.221,3507,0.7128
22216,20:14:58.222,3518,0.7182
22217,20:14:58.222,3526,0.7221
22218,20:14:58.223,3538,0.7280
22219,20:14:58.223,3513,0.7158
22220,20:14:58.224,3525,0.7216
22221,20:14:58.224,3554,0.7358
22222,20:14:58.225,3543,0.7304
22223,20:14:58.225,3557,0.7372
22224,20:14:58.226,3541,0.7294
22225,20:14:58.226,3535,0.7265
22226,20:14:58.227,3531,0.7245
22227,20:14:58.227,3514,0.7162
22228,20:14:58.228,3520,0.7192
22229,20:14:58.228,3528,0.7231
22230,20:14:58.229,3540,0.7289
22231,20:14:58.229,3525,0.7216
22232,20:14:58.230,3538,0.7280
22233,20:14:58.230,3534,0.7260
22234,20:14:58.231,3536,0.7270
22235,20:14:58.231,3544,0.7309
22236,20:14:58.232,3552,0.7348
22237,20:14:58.232,3532,0.7250
22238,20:14:58.233,3560,0.7387
22239,20:14:58.233,3566,0.7416
22240,20:14:58.234,3580,0.7485
22241,20:14:58.234,3601,0.7587
22242,20:14:58.235,3577,0.7470
22243,20:14:58.235,3580,0.7485
22244,20:14:58.236,3591,0.7538
22245,20:14:58.236,3612,0.7641
22246,20:14:58.237,3624,0.7700
22247,20:14:58.237,3636,0.7758
22248,20:14:58.238,3633,0.7744
22249,20:14:58.238,3639,0.7773
22250,20:14:58.239,3636,0.7758
22251,20:14:58.239,3647,0.7812
22252,20:14:58.240,3652,0.7836
22253,20:14:58.240,3650,0.7827
22254,20:14:58.241,3653,0.7841
22255,20:14:58.241,3648,0.7817
22256,20:14:58.242,3653,0.7841
22257,20:14:58.242,3660,0.7875
22258,20:14:58.243,3661,0.7880
22259,20:14:58.243,3676,0.7954
22260,20:14:58.244,3661,0.7880
22261,20:14:58.244,3644,0.7797
22262,20:14:58.245,3648,0.7817
22263,20:14:58.245,3698,0.8061
22264,20:14:58.246,3669,0.7919
22265,20:14:58.246,3646,0.7807
22266,20:14:58.247,3638,0.7768
22267,20:14:58.247,3665,0.7900
22268,20:14:58.248,3645,0.7802
22269,20:14:58.248,3647,0.7812
22270,20:14:58.249,3641,0.7783
22271,20:14:58.249,3642,0.7788
22272,20:14:58.250,3702,0.8081
22273,20:14:58.250,3647,0.7812
22274,20:14:58.251,3640,0.7778
22275,20:14:58.251,3645,0.7802
22276,20:14:58.252,3660,0.7875
22277,20:14:58.252,3658,0.7866
22278,20:14:58.253,3650,0.7827
22279,20:14:58.253,3656,0.7856
22280,20:14:58.254,3682,0.7983
22281,20:14:58.254,3676,0.7954
22282,20:14:58.255,3676,0.7954
22283,20:14:58.255,3685,0.7998
22284,20:14:58.256,3665,0.7900
22285,20:14:58.256,3701,0.8076
22286,20:14:58.257,3729,0.8212
22287,20:14:58.257,3707,0.8105
22288,20:14:58.258,3726,0.8198
22289,20:14:58.258,3719,0.8164
22290,20:14:58.259,3721,0.8173
22291,20:14:58.259,3730,0.8217
22292,20:14:58.260,3730,0.8217
22293,20:14:58.260,3723,0.8183
22294,20:14:58.261,3731,0.8222
22295,20:14:58.261,3736,0.8247
22296,20:14:58.262,3726,0.8198
22297,20:14:58.262,3735,0.8242
22298,20:14:58.263,3728,0.8208
22299,20:14:58.263,3716,0.8149
22300,20:14:58.264,3726,0.8198
22301,20:14:58.264,3726,0.8198
22302,20:14:58.265,3724,0.8188
22303,20:14:58.265,3705,0.8095
22304,20:14:58.266,3705,0.8095
22305,20:14:58.266,3739,0.8261
22306,20:14:58.267,3702,0.8081
22307,20:14:58.267,3703,0.8085
22308,20:14:58.268,3689,0.8017
22309,20:14:58.268,3690,0.8022
22310,20:14:58.269,3690,0.8022
22311,20:14:58.269,3686,0.8002
22312,20:14:58.270,3691,0.8027
22313,20:14:58.270,3695,0.8046
22314,20:14:58.271,3759,0.8359
22315,20:14:58.271,3703,0.8085
22316,20:14:58.272,3696,0.8051
22317,20:14:58.272,3722,0.8178
22318,20:14:58.273,3698,0.8061
22319,20:14:58.273,3692,0.8032
22320,20:14:58.274,3726,0.8198
22321,20:14:58.274,3737,0.8252
22322,20:14:58.275,3716,0.8149
22323,20:14:58.275,3725,0.8193
22324,20:14:58.276,3743,0.8281
22325,20:14:58.276,3739,0.8261
22326,20:14:58.277,3748,0.8305
22327,20:14:58.277,3749,0.8310
22328,20:14:58.278,3764,0.8383
22329,20:14:58.278,3762,0.8374
22330,20:14:58.279,3754,0.8335
22331,20:14:58.279,3768,0.8403
22332,20:14:58.280,3771,0.8418
22333,20:14:58.280,3800,0.8559
22334,20:14:58.281,3750,0.8315
22335,20:14:58.281,3765,0.8388
22336,20:14:58.282,3770,0.8413
22337,20:14:58.282,3763,0.8379
22338,20:14:58.283,3766,0.8393
22339,20:14:58.283,3753,0.8330
22340,20:14:58.284,3790,0.8510
22341,20:14:58.284,3755,0.8339
22342,20:14:58.285,3737,0.8252
22343,20:14:58.285,3752,0.8325
22344,20:14:58.286,3774,0.8432
22345,20:14:58.286,3758,0.8354
22346,20:14:58.287,3717,0.8154
22347,20:14:58.287,3749,0.8310
22348,20:14:58.288,3732,0.8227
22349,20:14:58.288,3718,0.8159
22350,20:14:58.289,3728,0.8208
22351,20:14:58.289,3724,0.8188
22352,20:14:58.290,3728,0.8208
22353,20:14:58.290,3697,0.8056
22354,20:14:58.291,3720,0.8168
22355,20:14:58.291,3724,0.8188
22356,20:14:58.292,3724,0.8188
22357,20:14:58.292,3720,0.8168
22358,20:14:58.293,3723,0.8183
22359,20:14:58.293,3745,0.8291
22360,20:14:58.294,3739,0.8261
22361,20:14:58.294,3755,0.8339
22362,20:14:58.295,3758,0.8354
22363,20:14:58.295,3755,0.8339
22364,20:14:58.296,3773,0.8427
22365,20:14:58.296,3659,0.7871
22366,20:14:58.297,3768,0.8403
22367,20:14:58.297,3831,0.8711
22368,20:14:58.298,3778,0.8452
22369,20:14:58.298,3762,0.8374
22370,20:14:58.299,3780,0.8462
22371,20:14:58.299,3778,0.8452
22372,20:14:58.300,3782,0.8471
22373,20:14:58.300,3783,0.8476
22374,20:14:58.301,3783,0.8476
22375,20:14:58.301,3786,0.8491
22376,20:14:58.302,3789,0.8505
22377,20:14:58.302,3770,0.8413
22378,20:14:58.303,3780,0.8462
22379,20:14:58.303,3849,0.8799
22380,20:14:58.304,3784,0.8481
22381,20:14:58.304,3773,0.8427
22382,20:14:58.305,3776,0.8442
22383,20:14:58.305,3770,0.8413
22384,20:14:58.306,3772,0.8422
22385,20:14:58.306,3822,0.8667
22386,20:14:58.307,3744,0.8286
22387,20:14:58.307,3755,0.8339
22388,20:14:58.308,3752,0.8325
22389,20:14:58.308,3745,0.8291
22390,20:14:58.309,3737,0.8252
22391,20:14:58.309,3737,0.8252
22392,20:14:58.310,3745,0.8291
22393,20:14:58.310,3746,0.8295
22394,20:14:58.311,3742,0.8276
22395,20:14:58.311,3737,0.8252
22396,20:14:58.312,3744,0.8286
22397,20:14:58.312,3748,0.8305
22398,20:14:58.313,3761,0.8369
22399,20:14:58.313,3745,0.8291
22400,20:14:58.314,3760,0.8364
22401,20:14:58.314,3766,0.8393
22402,20:14:58.315,3762,0.8374
22403,20:14:58.315,3760,0.8364
22404,20:14:58.316,3756,0.8344
22405,20:14:58.316,3765,0.8388
22406,20:14:58.317,3793,0.8525
22407,20:14:58.317,3790,0.8510
22408,20:14:58.318,3794,0.8530
22409,20:14:58.318,3794,0.8530
22410,20:14:58.319,3794,0.8530
22411,20:14:58.319,3793,0.8525
22412,20:14:58.320,3794,0.8530
22413,20:14:58.320,3798,0.8549
22414,20:14:58.321,3784,0.8481
22415,20:14:58.321,3800,0.8559
22416,20:14:58.322,3785,0.8486
22417,20:14:58.322,3849,0.8799
22418,20:14:58.323,3794,0.8530
22419,20:14:58.323,3777,0.8447
22420,20:14:58.324,3781,0.8466
22421,20:14:58.324,3796,0.8540
22422,20:14:58.325,3776,0.8442
22423,20:14:58.325,3767,0.8398
22424,20:14:58.326,3774,0.8432
22425,20:14:58.326,3788,0.8501
22426,20:14:58.327,3753,0.8330
22427,20:14:58.327,3754,0.8335
22428,20:14:58.328,3744,0.8286
22429,20:14:58.328,3749,0.8310
22430,20:14:58.329,3740,0.8266
22431,20:14:58.329,3748,0.8305
22432,20:14:58.330,3758,0.8354
22433,20:14:58.330,3729,0.8212
22434,20:14:58.331,3731,0.8222
22435,20:14:58.331,3759,0.8359
22436,20:14:58.332,3747,0.8300
22437,20:14:58.332,3739,0.8261
22438,20:14:58.333,3749,0.8310
22439,20:14:58.333,3763,0.8379
22440,20:14:58.334,3778,0.8452
22441,20:14:58.334,3770,0.8413
22442,20:14:58.335,3782,0.8471
22443,20:14:58.335,3780,0.8462
22444,20:14:58.336,3781,0.8466
22445,20:14:58.336,3776,0.8442
22446,20:14:58.337,3785,0.8486
22447,20:14:58.337,3789,0.8505
22448,20:14:58.338,3801,0.8564
22449,20:14:58.338,3798,0.8549
22450,20:14:58.339,3797,0.8545
22451,20:14:58.339,3804,0.8579
22452,20:14:58.340,3801,0.8564
22453,20:14:58.340,3799,0.8554
22454,20:14:58.341,3804,0.8579
22455,20:14:58.341,3794,0.8530
22456,20:14:58.342,3794,0.8530
22457,20:14:58.342,3802,0.8569
22458,20:14:58.343,3789,0.8505
22459,20:14:58.343,3799,0.8554
22460,20:14:58.344,3774,0.8432
22461,20:14:58.344,3778,0.8452
22462,20:14:58.345,3776,0.8442
22463,20:14:58.345,3816,0.8637
22464,20:14:58.346,3775,0.8437
22465,20:14:58.346,3761,0.8369
22466,20:14:58.347,3757,0.8349
22467,20:14:58.347,3758,0.8354
22468,20:14:58.348,3756,0.8344
22469,20:14:58.348,3759,0.8359
22470,20:14:58.349,3749,0.8310
22471,20:14:58.349,3752,0.8325
22472,20:14:58.350,3755,0.8339
22473,20:14:58.350,3764,0.8383
22474,20:14:58.351,3750,0.8315
22475,20:14:58.351,3753,0.8330
22476,20:14:58.352,3755,0.8339
22477,20:14:58.352,3750,0.8315
22478,20:14:58.353,3757,0.8349
22479,20:14:58.353,3782,0.8471
22480,20:14:58.354,3766,0.8393
22481,20:14:58.354,3770,0.8413
22482,20:14:58.355,3780,0.8462
22483,20:14:58.355,3761,0.8369
22484,20:14:58.356,3770,0.8413
22485,20:14:58.356,3796,0.8540
22486,20:14:58.357,3800,0.8559
22487,20:14:58.357,3775,0.8437
22488,20:14:58.358,3791,0.8515
22489,20:14:58.358,3800,0.8559
22490,20:14:58.359,3805,0.8584
22491,20:14:58.359,3806,0.8589
22492,20:14:58.360,3798,0.8549
22493,20:14:58.360,3798,0.8549
22494,20:14:58.361,3800,0.8559
22495,20:14:58.361,3806,0.8589
22496,20:14:58.362,3351,0.6366
22497,20:14:58.362,3208,0.5668
22498,20:14:58.363,3209,0.5673
22499,20:14:58.363,3185,0.5556
22500,20:14:58.364,3241,0.5829
22501,20:14:58.364,4095,1.0000
22502,20:14:58.365,4095,1.0000
22503,20:14:58.365,3930,0.9194
22504,20:14:58.366,3681,0.7978
22505,20:14:58.366,3626,0.7709
22506,20:14:58.367,3075,0.5018
22507,20:14:58.367,3510,0.7143
22508,20:14:58.368,4068,0.9868
22509,20:14:58.368,4027,0.9668
22510,20:14:58.369,3731,0.8222
22511,20:14:58.369,3844,0.8774
22512,20:14:58.370,4095,1.0000
22513,20:14:58.370,3845,0.8779
22514,20:14:58.371,3878,0.8940
22515,20:14:58.371,4095,1.0000
22516,20:14:58.372,4093,0.9990
22517,20:14:58.372,3803,0.8574
22518,20:14:58.373,4086,0.9956
22519,20:14:58.373,4095,1.0000
22520,20:14:58.374,3761,0.8369
22521,20:14:58.374,3678,0.7963
22522,20:14:58.375,4095,1.0000
22523,20:14:58.375,4025,0.9658
22524,20:14:58.376,3482,0.7006
22525,20:14:58.376,3809,0.8603
22526,20:14:58.377,3979,0.9433
22527,20:14:58.377,4083,0.9941
22528,20:14:58.378,4095,1.0000
22529,20:14:58.378,3926,0.9175
22530,20:14:58.379,4092,0.9985
22531,20:14:58.379,4095,1.0000
22532,20:14:58.380,4095,1.0000
22533,20:14:58.380,3867,0.8886
22534,20:14:58.381,3854,0.8823
22535,20:14:58.381,4059,0.9824
22536,20:14:58.382,4020,0.9634
22537,20:14:58.382,3534,0.7260
22538,20:14:58.383,3734,0.8237
22539,20:14:58.383,3845,0.8779
22540,20:14:58.384,3730,0.8217
22541,20:14:58.384,4095,1.0000
22542,20:14:58.385,3814,0.8628
22543,20:14:58.385,3827,0.8691
22544,20:14:58.386,3730,0.8217
22545,20:14:58.386,4013,0.9600
22546,20:14:58.387,3617,0.7665
22547,20:14:58.387,4095,1.0000
22548,20:14:58.388,3890,0.8999
22549,20:14:58.388,3826,0.8686
22550,20:14:58.389,3801,0.8564
22551,20:14:58.389,3800,0.8559
22552,20:14:58.390,3975,0.9414
22553,20:14:58.390,3920,0.9145
22554,20:14:58.391,4095,1.0000
22555,20:14:58.391,3927,0.9179
22556,20:14:58.392,3852,0.8813
22557,20:14:58.392,3844,0.8774
22558,20:14:58.393,3497,0.7079
22559,20:14:58.393,3101,0.5145
22560,20:14:58.394,3470,0.6947
22561,20:14:58.394,3677,0.7958
22562,20:14:58.395,3490,0.7045
22563,20:14:58.395,3368,0.6449
22564,20:14:58.396,3338,0.6303
22565,20:14:58.396,3450,0.6850
22566,20:14:58.397,3194,0.5600
22567,20:14:58.397,3271,0.5976
22568,20:14:58.398,3352,0.6371
22569,20:14:58.398,3380,0.6508
22570,20:14:58.399,3302,0.6127
22571,20:14:58.399,3051,0.4901
22572,20:14:58.400,3377,0.6493
22573,20:14:58.400,3128,0.5277
22574,20:14:58.401,3084,0.5062
22575,20:14:58.401,3024,0.4769
22576,20:14:58.402,2975,0.4530
22577,20:14:58.402,3183,0.5546
22578,20:14:58.403,3331,0.6269
22579,20:14:58.403,3384,0.6527
22580,20:14:58.404,3304,0.6137
22581,20:14:58.404,3308,0.6156
22582,20:14:58.405,3040,0.4847
22583,20:14:58.405,3397,0.6591
22584,20:14:58.406,3569,0.7431
22585,20:14:58.406,3411,0.6659
22586,20:14:58.407,3332,0.6274
22587,20:14:58.407,3237,0.5810
22588,20:14:58.408,3231,0.5780
22589,20:14:58.408,3451,0.6855
22590,20:14:58.409,3401,0.6611
22591,20:14:58.409,3104,0.5160
22592,20:14:58.410,3658,0.7866
22593,20:14:58.410,3429,0.6747
22594,20:14:58.411,3346,0.6342
22595,20:14:58.411,3304,0.6137
22596,20:14:58.412,3274,0.5990
22597,20:14:58.412,3236,0.5805
22598,20:14:58.413,2896,0.4144
22599,20:14:58.413,3225,0.5751
22600,20:14:58.414,3259,0.5917
22601,20:14:58.414,3183,0.5546
22602,20:14:58.415,3259,0.5917
22603,20:14:58.415,3729,0.8212
22604,20:14:58.416,3356,0.6391
22605,20:14:58.416,3226,0.5756
22606,20:14:58.417,3290,0.6068
22607,20:14:58.417,3293,0.6083
22608,20:14:58.418,3310,0.6166
22609,20:14:58.418,3226,0.5756
22610,20:14:58.419,3117,0.5223
22611,20:14:58.419,3092,0.5101
22612,20:14:58.420,3386,0.6537
22613,20:14:58.420,3748,0.8305
22614,20:14:58.421,3508,0.7133
22615,20:14:58.421,3351,0.6366
22616,20:14:58.422,3346,0.6342
22617,20:14:58.422,3273,0.5985
22618,20:14:58.423,3274,0.5990
22619,20:14:58.423,3446,0.6830
22620,20:14:58.424,3428,0.6742
22621,20:14:58.424,3433,0.6767
22622,20:14:58.425,3396,0.6586
22623,20:14:58.425,3345,0.6337
22624,20:14:58.426,3391,0.6562
22625,20:14:58.426,3320,0.6215
22626,20:14:58.427,3449,0.6845
22627,20:14:58.427,3242,0.5834
22628,20:14:58.428,3177,0.5516
22629,20:14:58.428,3215,0.5702
22630,20:14:58.429,3165,0.5458
22631,20:14:58.429,3633,0.7744
22632,20:14:58.430,3185,0.5556
22633,20:14:58.430,2826,0.3802
22634,20:14:58.431,3067,0.4979
22635,20:14:58.431,3614,0.7651
22636,20:14:58.432,3300,0.6117
22637,20:14:58.432,3213,0.5692
22638,20:14:58.433,3187,0.5565
22639,20:14:58.433,3134,0.5306
22640,20:14:58.434,3253,0.5888
22641,20:14:58.434,3323,0.6230
22642,20:14:58.435,3347,0.6347
22643,20:14:58.435,3182,0.5541
22644,20:14:58.436,3281,0.6024
22645,20:14:58.436,3451,0.6855
22646,20:14:58.437,3420,0.6703
22647,20:14:58.437,3380,0.6508
22648,20:14:58.438,3290,0.6068
22649,20:14:58.438,3310,0.6166
22650,20:14:58.439,3266,0.5951
22651,20:14:58.439,3232,0.5785
22652,20:14:58.440,3094,0.5111
22653,20:14:58.440,3104,0.5160
22654,20:14:58.441,3522,0.7201
22655,20:14:58.441,3211,0.5683
22656,20:14:58.442,3272,0.5980
22657,20:14:58.442,3342,0.6322
22658,20:14:58.443,3407,0.6640
22659,20:14:58.443,3473,0.6962
22660,20:14:58.444,3323,0.6230
22661,20:14:58.444,3513,0.7158
22662,20:14:58.445,3464,0.6918
22663,20:14:58.445,3433,0.6767
22664,20:14:58.446,3381,0.6513
22665,20:14:58.446,3445,0.6825
22666,20:14:58.447,3473,0.6962
22667,20:14:58.447,3302,0.6127
22668,20:14:58.448,3350,0.6361
22669,20:14:58.448,3219,0.5722
22670,20:14:58.449,3098,0.5131
22671,20:14:58.449,3123,0.5253
22672,20:14:58.450,3338,0.6303
22673,20:14:58.450,3305,0.6142
22674,20:14:58.451,3012,0.4711
22675,20:14:58.451,3154,0.5404
22676,20:14:58.452,3161,0.5438
22677,20:14:58.452,3414,0.6674
22678,20:14:58.453,3142,0.5346
22679,20:14:58.453,3224,0.5746
22680,20:14:58.454,3236,0.5805
22681,20:14:58.454,3332,0.6274
22682,20:14:58.455,3413,0.6669
22683,20:14:58.455,3434,0.6772
22684,20:14:58.456,3417,0.6689
22685,20:14:58.456,3516,0.7172
22686,20:14:58.457,3538,0.7280
22687,20:14:58.457,3469,0.6943
22688,20:14:58.458,3528,0.7231
22689,20:14:58.458,3548,0.7328
22690,20:14:58.459,3402,0.6615
22691,20:14:58.459,3340,0.6313
22692,20:14:58.460,3262,0.5932
22693,20:14:58.460,3289,0.6063
22694,20:14:58.461,3315,0.6190
22695,20:14:58.461,3359,0.6405
22696,20:14:58.462,3518,0.7182
22697,20:14:58.462,3553,0.7353
22698,20:14:58.463,3560,0.7387
22699,20:14:58.463,3485,0.7021
22700,20:14:58.464,3674,0.7944
22701,20:14:58.464,3536,0.7270
22702,20:14:58.465,3562,0.7397
22703,20:14:58.465,3565,0.7411
22704,20:14:58.466,3577,0.7470
22705,20:14:58.466,3670,0.7924
22706,20:14:58.467,3539,0.7284
22707,20:14:58.467,4031,0.9687
22708,20:14:58.468,3358,0.6400
22709,20:14:58.468,3339,0.6308
22710,20:14:58.469,3268,0.5961
22711,20:14:58.469,3157,0.5419
22712,20:14:58.470,2894,0.4134
22713,20:14:58.470,3076,0.5023
22714,20:14:58.471,3214,0.5697
22715,20:14:58.471,3357,0.6396
22716,20:14:58.472,3243,0.5839
22717,20:14:58.472,3207,0.5663
22718,20:14:58.473,3297,0.6103
22719,20:14:58.473,3296,0.6098
22720,20:14:58.474,3525,0.7216
22721,20:14:58.474,3183,0.5546
22722,20:14:58.475,3430,0.6752
22723,20:14:58.475,3554,0.7358
22724,20:14:58.476,3487,0.7031
22725,20:14:58.476,3474,0.6967
22726,20:14:58.477,3399,0.6601
22727,20:14:58.477,3520,0.7192
22728,20:14:58.478,3485,0.7021
22729,20:14:58.478,3545,0.7314
22730,20:14:58.479,3427,0.6737
22731,20:14:58.479,3290,0.6068
22732,20:14:58.480,3340,0.6313
22733,20:14:58.480,3283,0.6034
22734,20:14:58.481,3241,0.5829
22735,20:14:58.481,3361,0.6415
22736,20:14:58.482,3511,0.7148
22737,20:14:58.482,3505,0.7118
22738,20:14:58.483,3511,0.7148
22739,20:14:58.483,3640,0.7778
22740,20:14:58.484,3526,0.7221
22741,20:14:58.484,3458,0.6889
22742,20:14:58.485,3569,0.7431
22743,20:14:58.485,3544,0.7309
22744,20:14:58.486,3482,0.7006
22745,20:14:58.486,3536,0.7270
22746,20:14:58.487,3466,0.6928
22747,20:14:58.487,3440,0.6801
22748,20:14:58.488,3310,0.6166
22749,20:14:58.488,3347,0.6347
22750,20:14:58.489,3276,0.6000
22751,20:14:58.489,3223,0.5741
22752,20:14:58.490,3097,0.5126
22753,20:14:58.490,2862,0.3978
22754,20:14:58.491,3182,0.5541
22755,20:14:58.491,3161,0.5438
22756,20:14:58.492,3225,0.5751
22757,20:14:58.492,3298,0.6107
22758,20:14:58.493,3140,0.5336
22759,20:14:58.493,3409,0.6650
22760,20:14:58.494,3476,0.6977
22761,20:14:58.494,3555,0.7363
22762,20:14:58.495,3355,0.6386
22763,20:14:58.495,3526,0.7221
22764,20:14:58.496,3619,0.7675
22765,20:14:58.496,3596,0.7563
22766,20:14:58.497,3503,0.7109
22767,20:14:58.497,3563,0.7402
22768,20:14:58.498,3570,0.7436
22769,20:14:58.498,3599,0.7578
22770,20:14:58.499,3488,0.7035
22771,20:14:58.499,3399,0.6601
22772,20:14:58.500,3346,0.6342
22773,20:14:58.500,3349,0.6357
22774,20:14:58.501,3508,0.7133
22775,20:14:58.501,3573,0.7451
22776,20:14:58.502,3600,0.7582
22777,20:14:58.502,3626,0.7709
22778,20:14:58.503,3626,0.7709
22779,20:14:58.503,3701,0.8076
22780,20:14:58.504,3507,0.7128
22781,20:14:58.504,3665,0.7900
22782,20:14:58.505,3497,0.7079
22783,20:14:58.505,3569,0.7431
22784,20:14:58.506,3501,0.7099
22785,20:14:58.506,3504,0.7114
22786,20:14:58.507,3540,0.7289
22787,20:14:58.507,3445,0.6825
22788,20:14:58.508,3478,0.6987
22789,20:14:58.508,3379,0.6503
22790,20:14:58.509,3376,0.6488
22791,20:14:58.509,3287,0.6054
22792,20:14:58.510,3246,0.5853
22793,20:14:58.510,3177,0.5516
22794,20:14:58.511,3276,0.6000
22795,20:14:58.511,3378,0.6498
22796,20:14:58.512,3460,0.6899
22797,20:14:58.512,3287,0.6054
22798,20:14:58.513,3449,0.6845
22799,20:14:58.513,3404,0.6625
22800,20:14:58.514,3461,0.6904
22801,20:14:58.514,3521,0.7197
22802,20:14:58.515,3419,0.6698
22803,20:14:58.515,3573,0.7451
22804,20:14:58.516,3519,0.7187
22805,20:14:58.516,3599,0.7578
22806,20:14:58.517,3557,0.7372
22807,20:14:58.517,3636,0.7758
22808,20:14:58.518,3665,0.7900
22809,20:14:58.518,3659,0.7871
22810,20:14:58.519,3552,0.7348
22811,20:14:58.519,3565,0.7411
22812,20:14:58.520,3434,0.6772
22813,20:14:58.520,3480,0.6996
22814,20:14:58.521,3559,0.7382
22815,20:14:58.521,3487,0.7031
22816,20:14:58.522,3692,0.8032
22817,20:14:58.522,3688,0.8012
22818,20:14:58.523,3856,0.8833
22819,20:14:58.523,3707,0.8105
22820,20:14:58.524,3663,0.7890
22821,20:14:58.524,3695,0.8046
22822,20:14:58.525,3656,0.7856
22823,20:14:58.525,3703,0.8085
22824,20:14:58.526,3548,0.7328
22825,20:14:58.526,3742,0.8276
22826,20:14:58.527,4012,0.9595
22827,20:14:58.527,3571,0.7441
22828,20:14:58.528,3402,0.6615
22829,20:14:58.528,3414,0.6674
22830,20:14:58.529,3556,0.7368
22831,20:14:58.529,3420,0.6703
22832,20:14:58.530,3274,0.5990
22833,20:14:58.530,3180,0.5531
22834,20:14:58.531,3393,0.6571
22835,20:14:58.531,3480,0.6996
22836,20:14:58.532,3567,0.7421
22837,20:14:58.532,3427,0.6737
22838,20:14:58.533,3459,0.6894
22839,20:14:58.533,3262,0.5932
22840,20:14:58.534,3622,0.7690
22841,20:14:58.534,3504,0.7114
22842,20:14:58.535,3552,0.7348
22843,20:14:58.535,3573,0.7451
22844,20:14:58.536,3599,0.7578
22845,20:14:58.536,3648,0.7817
22846,20:14:58.537,3501,0.7099
22847,20:14:58.537,3542,0.7299
22848,20:14:58.538,3594,0.7553
22849,20:14:58.538,3690,0.8022
22850,20:14:58.539,3661,0.7880
22851,20:14:58.539,3610,0.7631
22852,20:14:58.540,3548,0.7328
22853,20:14:58.540,3660,0.7875
22854,20:14:58.541,3630,0.7729
22855,20:14:58.541,3661,0.7880
22856,20:14:58.542,3722,0.8178
22857,20:14:58.542,3712,0.8129
22858,20:14:58.543,3704,0.8090
22859,20:14:58.543,3860,0.8852
22860,20:14:58.544,3796,0.8540
22861,20:14:58.544,3677,0.7958
22862,20:14:58.545,3618,0.7670
22863,20:14:58.545,3610,0.7631
22864,20:14:58.546,3624,0.7700
22865,20:14:58.546,3673,0.7939
22866,20:14:58.547,3660,0.7875
22867,20:14:58.547,3589,0.7529
22868,20:14:58.548,3537,0.7275
22869,20:14:58.548,3511,0.7148
22870,20:14:58.549,3392,0.6567
22871,20:14:58.549,3305,0.6142
22872,20:14:58.550,3358,0.6400
22873,20:14:58.550,3314,0.6186
22874,20:14:58.551,3365,0.6435
22875,20:14:58.551,3443,0.6816
22876,20:14:58.552,3416,0.6684
22877,20:14:58.552,3363,0.6425
22878,20:14:58.553,3450,0.6850
22879,20:14:58.553,3382,0.6518
22880,20:14:58.554,3427,0.6737
22881,20:14:58.554,3566,0.7416
22882,20:14:58.555,3601,0.7587
22883,20:14:58.555,3652,0.7836
22884,20:14:58.556,3480,0.6996
22885,20:14:58.556,3557,0.7372
22886,20:14:58.557,3345,0.6337
22887,20:14:58.557,3577,0.7470
22888,20:14:58.558,3636,0.7758
22889,20:14:58.558,3492,0.7055
22890,20:14:58.559,3547,0.7324
22891,20:14:58.559,3476,0.6977
22892,20:14:58.560,3470,0.6947
22893,20:14:58.560,3381,0.6513
22894,20:14:58.561,3472,0.6957
22895,20:14:58.561,3719,0.8164
22896,20:14:58.562,3674,0.7944
22897,20:14:58.562,3665,0.7900
22898,20:14:58.563,3681,0.7978
22899,20:14:58.563,3530,0.7241
22900,20:14:58.564,3601,0.7587
22901,20:14:58.564,3642,0.7788
22902,20:14:58.565,3594,0.7553
22903,20:14:58.565,3487,0.7031
22904,20:14:58.566,3483,0.7011
22905,20:14:58.566,3605,0.7607
22906,20:14:58.567,3541,0.7294
22907,20:14:58.567,3461,0.6904
22908,20:14:58.568,3218,0.5717
22909,20:14:58.568,3344,0.6332
22910,20:14:58.569,3321,0.6220
22911,20:14:58.569,3261,0.5927
22912,20:14:58.570,3051,0.4901
22913,20:14:58.570,2989,0.4598
22914,20:14:58.571,3413,0.6669
22915,20:14:58.571,3233,0.5790
22916,20:14:58.572,3293,0.6083
22917,20:14:58.572,3177,0.5516
22918,20:14:58.573,3205,0.5653
22919,20:14:58.573,3234,0.5795
22920,20:14:58.574,3433,0.6767
22921,20:14:58.574,3347,0.6347
22922,20:14:58.575,3346,0.6342
22923,20:14:58.575,3387,0.6542
22924,20:14:58.576,3493,0.7060
22925,20:14:58.576,3358,0.6400
22926,20:14:58.577,3381,0.6513
22927,20:14:58.577,3494,0.7065
22928,20:14:58.578,3438,0.6791
22929,20:14:58.578,3458,0.6889
22930,20:14:58.579,3400,0.6606
22931,20:14:58.579,3162,0.5443
22932,20:14:58.580,3233,0.5790
22933,20:14:58.580,3333,0.6278
22934,20:14:58.581,3306,0.6147
22935,20:14:58.581,3323,0.6230
22936,20:14:58.582,3407,0.6640
22937,20:14:58.582,3540,0.7289
22938,20:14:58.583,3460,0.6899
22939,20:14:58.583,3567,0.7421
22940,20:14:58.584,3459,0.6894
22941,20:14:58.584,3544,0.7309
22942,20:14:58.585,3557,0.7372
22943,20:14:58.585,3418,0.6694
22944,20:14:58.586,3512,0.7153
22945,20:14:58.586,3258,0.5912
22946,20:14:58.587,3498,0.7084
22947,20:14:58.587,3474,0.6967
22948,20:14:58.588,3320,0.6215
22949,20:14:58.588,3267,0.5956
22950,20:14:58.589,3237,0.5810
22951,20:14:58.589,3044,0.4867
22952,20:14:58.590,3150,0.5385
22953,20:14:58.590,2993,0.4618
22954,20:14:58.591,3023,0.4764
22955,20:14:58.591,3115,0.5214
22956,20:14:58.592,3202,0.5639
22957,20:14:58.592,3105,0.5165
22958,20:14:58.593,3239,0.5819
22959,20:14:58.593,3310,0.6166
22960,20:14:58.594,3294,0.6088
22961,20:14:58.594,3271,0.5976
22962,20:14:58.595,3310,0.6166
22963,20:14:58.595,3419,0.6698
22964,20:14:58.596,3347,0.6347
22965,20:14:58.596,3379,0.6503
22966,20:14:58.597,3693,0.8037
22967,20:14:58.597,3464,0.6918
22968,20:14:58.598,3430,0.6752
22969,20:14:58.598,3348,0.6352
22970,20:14:58.599,3361,0.6415
22971,20:14:58.599,3308,0.6156
22972,20:14:58.600,3282,0.6029
22973,20:14:58.600,3233,0.5790
22974,20:14:58.601,3303,0.6132
22975,20:14:58.601,3565,0.7411
22976,20:14:58.602,3500,0.7094
22977,20:14:58.602,3295,0.6093
22978,20:14:58.603,3590,0.7534
22979,20:14:58.603,3607,0.7617
22980,20:14:58.604,3504,0.7114
22981,20:14:58.604,3597,0.7568
22982,20:14:58.605,3441,0.6806
22983,20:14:58.605,3500,0.7094
22984,20:14:58.606,3568,0.7426
22985,20:14:58.606,3530,0.7241
22986,20:14:58.607,3510,0.7143
22987,20:14:58.607,3429,0.6747
22988,20:14:58.608,3308,0.6156
22989,20:14:58.608,3322,0.6225
22990,20:14:58.609,3243,0.5839
22991,20:14:58.609,3202,0.5639
22992,20:14:58.610,2860,0.3968
22993,20:14:58.610,3054,0.4916
22994,20:14:58.611,2902,0.4173
22995,20:14:58.611,3252,0.5883
22996,20:14:58.612,3239,0.5819
22997,20:14:58.612,3359,0.6405
22998,20:14:58.613,3470,0.6947
22999,20:14:58.613,3292,0.6078
23000,20:14:58.614,3486,0.7026
23001,20:14:58.614,3479,0.6991
23002,20:14:58.615,3451,0.6855
23003,20:14:58.615,3498,0.7084
23004,20:14:58.616,3503,0.7109
23005,20:14:58.616,3524,0.7211
23006,20:14:58.617,3491,0.7050
23007,20:14:58.617,3446,0.6830
23008,20:14:58.618,3482,0.7006
23009,20:14:58.618,3514,0.7162
23010,20:14:58.619,3491,0.7050
23011,20:14:58.619,3387,0.6542
23012,20:14:58.620,3312,0.6176
23013,20:14:58.620,3274,0.5990
23014,20:14:58.621,3387,0.6542
23015,20:14:58.621,3505,0.7118
23016,20:14:58.622,3575,0.7460
23017,20:14:58.622,3919,0.9140
23018,20:14:58.623,3605,0.7607
23019,20:14:58.623,3632,0.7739
23020,20:14:58.624,3506,0.7123
23021,20:14:58.624,3595,0.7558
23022,20:14:58.625,3492,0.7055
23023,20:14:58.625,3625,0.7705
23024,20:14:58.626,3910,0.9096
23025,20:14:58.626,3645,0.7802
23026,20:14:58.627,3638,0.7768
23027,20:14:58.627,3490,0.7045
23028,20:14:58.628,3467,0.6933
23029,20:14:58.628,3410,0.6654
23030,20:14:58.629,3320,0.6215
23031,20:14:58.629,3264,0.5941
23032,20:14:58.630,3225,0.5751
23033,20:14:58.630,3296,0.6098
23034,20:14:58.631,3280,0.6020
23035,20:14:58.631,3318,0.6205
23036,20:14:58.632,3897,0.9033
23037,20:14:58.632,3376,0.6488
23038,20:14:58.633,3263,0.5937
23039,20:14:58.633,3376,0.6488
23040,20:14:58.634,3494,0.7065
23041,20:14:58.634,3512,0.7153
23042,20:14:58.635,3393,0.6571
23043,20:14:58.635,3471,0.6952
23044,20:14:58.636,3653,0.7841
23045,20:14:58.636,3655,0.7851
23046,20:14:58.637,3537,0.7275
23047,20:14:58.637,3664,0.7895
23048,20:14:58.638,3626,0.7709
23049,20:14:58.638,3566,0.7416
23050,20:14:58.639,3591,0.7538
23051,20:14:58.639,3427,0.6737
23052,20:14:58.640,3418,0.6694
23053,20:14:58.640,3367,0.6444
23054,20:14:58.641,3524,0.7211
23055,20:14:58.641,3502,0.7104
23056,20:14:58.642,3617,0.7665
23057,20:14:58.642,3640,0.7778
23058,20:14:58.643,3621,0.7685
23059,20:14:58.643,3757,0.8349
23060,20:14:58.644,3586,0.7514
23061,20:14:58.644,3659,0.7871
23062,20:14:58.645,3573,0.7451
23063,20:14:58.645,3686,0.8002
23064,20:14:58.646,3638,0.7768
23065,20:14:58.646,3594,0.7553
23066,20:14:58.647,3578,0.7475
23067,20:14:58.647,3398,0.6596
23068,20:14:58.648,3282,0.6029
23069,20:14:58.648,3384,0.6527
23070,20:14:58.649,3462,0.6908
23071,20:14:58.649,3465,0.6923
23072,20:14:58.650,3470,0.6947
23073,20:14:58.650,3472,0.6957
23074,20:14:58.651,3482,0.7006
23075,20:14:58.651,3481,0.7001
23076,20:14:58.652,3517,0.7177
23077,20:14:58.652,3480,0.6996
23078,20:14:58.653,3479,0.6991
23079,20:14:58.653,3475,0.6972
23080,20:14:58.654,3513,0.7158
23081,20:14:58.654,3516,0.7172
23082,20:14:58.655,3513,0.7158
23083,20:14:58.655,3506,0.7123
23084,20:14:58.656,3512,0.7153
23085,20:14:58.656,3509,0.7138
23086,20:14:58.657,3547,0.7324
23087,20:14:58.657,3543,0.7304
23088,20:14:58.658,3547,0.7324
23089,20:14:58.658,3543,0.7304
23090,20:14:58.659,3518,0.7182
23091,20:14:58.659,3550,0.7338
23092,20:14:58.660,3564,0.7407
23093,20:14:58.660,3560,0.7387
23094,20:14:58.661,3571,0.7441
23095,20:14:58.661,3561,0.7392
23096,20:14:58.662,3561,0.7392
23097,20:14:58.662,3557,0.7372
23098,20:14:58.663,3563,0.7402
23099,20:14:58.663,3548,0.7328
23100,20:14:58.664,3576,0.7465
23101,20:14:58.664,3595,0.7558
23102,20:14:58.665,3599,0.7578
23103,20:14:58.665,3539,0.7284
23104,20:14:58.666,3567,0.7421
23105,20:14:58.666,3540,0.7289
23106,20:14:58.667,3536,0.7270
23107,20:14:58.667,3542,0.7299
23108,20:14:58.668,3555,0.7363
23109,20:14:58.668,3540,0.7289
23110,20:14:58.669,3542,0.7299
23111,20:14:58.669,3535,0.7265
23112,20:14:58.670,3513,0.7158
23113,20:14:58.670,3525,0.7216
23114,20:14:58.671,3578,0.7475
23115,20:14:58.671,3566,0.7416
23116,20:14:58.672,3557,0.7372
23117,20:14:58.672,3540,0.7289
23118,20:14:58.673,3567,0.7421
23119,20:14:58.673,3578,0.7475
23120,20:14:58.674,3605,0.7607
23121,20:14:58.674,3574,0.7455
23122,20:14:58.675,3600,0.7582
23123,20:14:58.675,3615,0.7656
23124,20:14:58.676,3607,0.7617
23125,20:14:58.676,3588,0.7524
23126,20:14:58.677,3623,0.7695
23127,20:14:58.677,3631,0.7734
23128,20:14:58.678,3642,0.7788
23129,20:14:58.678,3636,0.7758
23130,20:14:58.679,3636,0.7758
23131,20:14:58.679,3651,0.7832
23132,20:14:58.680,3639,0.7773
23133,20:14:58.680,3650,0.7827
23134,20:14:58.681,3655,0.7851
23135,20:14:58.681,3641,0.7783
23136,20:14:58.682,3635,0.7753
23137,20:14:58.682,3651,0.7832
23138,20:14:58.683,3656,0.7856
23139,20:14:58.683,3657,0.7861
23140,20:14:58.684,3647,0.7812
23141,20:14:58.684,3643,0.7792
23142,20:14:58.685,3651,0.7832
23143,20:14:58.685,3649,0.7822
23144,20:14:58.686,3643,0.7792
23145,20:14:58.686,3634,0.7748
23146,20:14:58.687,3647,0.7812
23147,20:14:58.687,3643,0.7792
23148,20:14:58.688,3635,0.7753
23149,20:14:58.688,3633,0.7744
23150,20:14:58.689,3640,0.7778
23151,20:14:58.689,3636,0.7758
23152,20:14:58.690,3636,0.7758
23153,20:14:58.690,3644,0.7797
23154,20:14:58.691,3636,0.7758
23155,20:14:58.691,3628,0.7719
23156,20:14:58.692,3647,0.7812
23157,20:14:58.692,3645,0.7802
23158,20:14:58.693,3639,0.7773
23159,20:14:58.693,3647,0.7812
23160,20:14:58.694,3654,0.7846
23161,20:14:58.694,3662,0.7885
23162,20:14:58.695,3679,0.7968
23163,20:14:58.695,3671,0.7929
23164,20:14:58.696,3668,0.7915
23165,20:14:58.696,3720,0.8168
23166,20:14:58.697,3697,0.8056
23167,20:14:58.697,3731,0.8222
