sample_index,real_time_s,raw_adc,amplitude,voltage
0,15:13:07.562,2023,-0.0120,1.6303
1,15:13:07.563,2024,-0.0115,1.6311
2,15:13:07.563,2024,-0.0115,1.6311
3,15:13:07.564,2027,-0.0100,1.6335
4,15:13:07.564,2024,-0.0115,1.6311
5,15:13:07.565,2024,-0.0115,1.6311
6,15:13:07.565,2023,-0.0120,1.6303
7,15:13:07.566,2025,-0.0110,1.6319
8,15:13:07.566,2024,-0.0115,1.6311
9,15:13:07.567,2027,-0.0100,1.6335
10,15:13:07.567,2025,-0.0110,1.6319
11,15:13:07.568,2027,-0.0100,1.6335
12,15:13:07.568,2026,-0.0105,1.6327
13,15:13:07.569,2023,-0.0120,1.6303
14,15:13:07.569,2022,-0.0125,1.6295
15,15:13:07.570,2022,-0.0125,1.6295
16,15:13:07.570,2021,-0.0129,1.6286
17,15:13:07.571,2026,-0.0105,1.6327
18,15:13:07.571,2023,-0.0120,1.6303
19,15:13:07.572,2022,-0.0125,1.6295
20,15:13:07.572,2024,-0.0115,1.6311
21,15:13:07.573,2025,-0.0110,1.6319
22,15:13:07.573,2024,-0.0115,1.6311
23,15:13:07.574,2024,-0.0115,1.6311
24,15:13:07.574,2019,-0.0139,1.6270
25,15:13:07.575,2021,-0.0129,1.6286
26,15:13:07.575,2016,-0.0154,1.6246
27,15:13:07.576,2017,-0.0149,1.6254
28,15:13:07.576,2018,-0.0144,1.6262
29,15:13:07.577,2019,-0.0139,1.6270
30,15:13:07.577,2017,-0.0149,1.6254
31,15:13:07.578,2018,-0.0144,1.6262
32,15:13:07.578,2019,-0.0139,1.6270
33,15:13:07.579,2022,-0.0125,1.6295
34,15:13:07.579,2019,-0.0139,1.6270
35,15:13:07.580,2015,-0.0159,1.6238
36,15:13:07.580,2020,-0.0134,1.6278
37,15:13:07.581,2019,-0.0139,1.6270
38,15:13:07.581,2022,-0.0125,1.6295
39,15:13:07.582,2021,-0.0129,1.6286
40,15:13:07.582,2024,-0.0115,1.6311
41,15:13:07.583,2024,-0.0115,1.6311
42,15:13:07.583,2021,-0.0129,1.6286
43,15:13:07.584,2024,-0.0115,1.6311
44,15:13:07.584,2026,-0.0105,1.6327
45,15:13:07.585,2029,-0.0090,1.6351
46,15:13:07.585,2027,-0.0100,1.6335
47,15:13:07.586,2019,-0.0139,1.6270
48,15:13:07.586,2022,-0.0125,1.6295
49,15:13:07.587,2022,-0.0125,1.6295
50,15:13:07.587,2025,-0.0110,1.6319
51,15:13:07.588,2024,-0.0115,1.6311
52,15:13:07.588,2026,-0.0105,1.6327
53,15:13:07.589,2028,-0.0095,1.6343
54,15:13:07.589,2025,-0.0110,1.6319
55,15:13:07.590,2024,-0.0115,1.6311
56,15:13:07.590,2027,-0.0100,1.6335
57,15:13:07.591,2027,-0.0100,1.6335
58,15:13:07.591,2028,-0.0095,1.6343
59,15:13:07.592,2026,-0.0105,1.6327
60,15:13:07.592,2024,-0.0115,1.6311
61,15:13:07.593,2024,-0.0115,1.6311
62,15:13:07.593,2023,-0.0120,1.6303
63,15:13:07.594,2026,-0.0105,1.6327
64,15:13:07.594,2028,-0.0095,1.6343
65,15:13:07.595,2021,-0.0129,1.6286
66,15:13:07.595,2026,-0.0105,1.6327
67,15:13:07.596,2023,-0.0120,1.6303
68,15:13:07.596,2021,-0.0129,1.6286
69,15:13:07.597,2026,-0.0105,1.6327
70,15:13:07.597,2020,-0.0134,1.6278
71,15:13:07.598,2021,-0.0129,1.6286
72,15:13:07.598,2024,-0.0115,1.6311
73,15:13:07.599,2023,-0.0120,1.6303
74,15:13:07.599,2020,-0.0134,1.6278
75,15:13:07.600,2019,-0.0139,1.6270
76,15:13:07.600,2023,-0.0120,1.6303
77,15:13:07.601,2021,-0.0129,1.6286
78,15:13:07.601,2019,-0.0139,1.6270
79,15:13:07.602,2020,-0.0134,1.6278
80,15:13:07.602,2020,-0.0134,1.6278
81,15:13:07.603,2020,-0.0134,1.6278
82,15:13:07.603,2021,-0.0129,1.6286
83,15:13:07.604,2018,-0.0144,1.6262
84,15:13:07.604,2021,-0.0129,1.6286
85,15:13:07.605,2020,-0.0134,1.6278
86,15:13:07.605,2020,-0.0134,1.6278
87,15:13:07.606,2023,-0.0120,1.6303
88,15:13:07.606,2021,-0.0129,1.6286
89,15:13:07.607,2020,-0.0134,1.6278
90,15:13:07.607,2019,-0.0139,1.6270
91,15:13:07.608,2021,-0.0129,1.6286
92,15:13:07.608,2023,-0.0120,1.6303
93,15:13:07.609,2022,-0.0125,1.6295
94,15:13:07.609,2025,-0.0110,1.6319
95,15:13:07.610,2023,-0.0120,1.6303
96,15:13:07.610,2024,-0.0115,1.6311
97,15:13:07.611,2025,-0.0110,1.6319
98,15:13:07.611,2025,-0.0110,1.6319
99,15:13:07.612,2024,-0.0115,1.6311
100,15:13:07.612,2023,-0.0120,1.6303
101,15:13:07.613,2026,-0.0105,1.6327
102,15:13:07.613,2023,-0.0120,1.6303
103,15:13:07.614,2029,-0.0090,1.6351
104,15:13:07.614,2023,-0.0120,1.6303
105,15:13:07.615,2026,-0.0105,1.6327
106,15:13:07.615,2024,-0.0115,1.6311
107,15:13:07.616,2024,-0.0115,1.6311
108,15:13:07.616,2027,-0.0100,1.6335
109,15:13:07.617,2024,-0.0115,1.6311
110,15:13:07.617,2023,-0.0120,1.6303
111,15:13:07.618,2023,-0.0120,1.6303
112,15:13:07.618,2025,-0.0110,1.6319
113,15:13:07.619,2025,-0.0110,1.6319
114,15:13:07.619,2022,-0.0125,1.6295
115,15:13:07.620,2022,-0.0125,1.6295
116,15:13:07.620,2019,-0.0139,1.6270
117,15:13:07.621,2021,-0.0129,1.6286
118,15:13:07.621,2018,-0.0144,1.6262
119,15:13:07.622,2020,-0.0134,1.6278
120,15:13:07.622,2021,-0.0129,1.6286
121,15:13:07.623,2023,-0.0120,1.6303
122,15:13:07.623,2021,-0.0129,1.6286
123,15:13:07.624,2025,-0.0110,1.6319
124,15:13:07.624,2020,-0.0134,1.6278
125,15:13:07.625,2020,-0.0134,1.6278
126,15:13:07.625,2023,-0.0120,1.6303
127,15:13:07.626,2022,-0.0125,1.6295
128,15:13:07.626,2023,-0.0120,1.6303
129,15:13:07.627,2023,-0.0120,1.6303
130,15:13:07.627,2019,-0.0139,1.6270
131,15:13:07.628,2021,-0.0129,1.6286
132,15:13:07.628,2020,-0.0134,1.6278
133,15:13:07.629,2021,-0.0129,1.6286
134,15:13:07.629,2023,-0.0120,1.6303
135,15:13:07.630,2023,-0.0120,1.6303
136,15:13:07.630,2022,-0.0125,1.6295
137,15:13:07.631,2021,-0.0129,1.6286
138,15:13:07.631,2022,-0.0125,1.6295
139,15:13:07.632,2022,-0.0125,1.6295
140,15:13:07.632,2024,-0.0115,1.6311
141,15:13:07.633,2024,-0.0115,1.6311
142,15:13:07.633,2026,-0.0105,1.6327
143,15:13:07.634,2024,-0.0115,1.6311
144,15:13:07.634,2026,-0.0105,1.6327
145,15:13:07.635,2021,-0.0129,1.6286
146,15:13:07.635,2021,-0.0129,1.6286
147,15:13:07.636,2024,-0.0115,1.6311
148,15:13:07.636,2021,-0.0129,1.6286
149,15:13:07.637,2025,-0.0110,1.6319
150,15:13:07.637,2025,-0.0110,1.6319
151,15:13:07.638,2027,-0.0100,1.6335
152,15:13:07.638,2023,-0.0120,1.6303
153,15:13:07.639,2026,-0.0105,1.6327
154,15:13:07.639,2027,-0.0100,1.6335
155,15:13:07.640,2027,-0.0100,1.6335
156,15:13:07.640,2024,-0.0115,1.6311
157,15:13:07.641,2022,-0.0125,1.6295
158,15:13:07.641,2022,-0.0125,1.6295
159,15:13:07.642,2025,-0.0110,1.6319
160,15:13:07.642,2025,-0.0110,1.6319
161,15:13:07.643,2028,-0.0095,1.6343
162,15:13:07.643,2025,-0.0110,1.6319
163,15:13:07.644,2027,-0.0100,1.6335
164,15:13:07.644,2022,-0.0125,1.6295
165,15:13:07.645,2028,-0.0095,1.6343
166,15:13:07.645,2029,-0.0090,1.6351
167,15:13:07.646,2023,-0.0120,1.6303
168,15:13:07.646,2020,-0.0134,1.6278
169,15:13:07.647,2021,-0.0129,1.6286
170,15:13:07.647,2023,-0.0120,1.6303
171,15:13:07.648,2021,-0.0129,1.6286
172,15:13:07.648,2021,-0.0129,1.6286
173,15:13:07.649,2023,-0.0120,1.6303
174,15:13:07.649,2022,-0.0125,1.6295
175,15:13:07.650,2021,-0.0129,1.6286
176,15:13:07.650,2023,-0.0120,1.6303
177,15:13:07.651,2023,-0.0120,1.6303
178,15:13:07.651,2022,-0.0125,1.6295
179,15:13:07.652,2025,-0.0110,1.6319
180,15:13:07.652,2019,-0.0139,1.6270
181,15:13:07.653,2023,-0.0120,1.6303
182,15:13:07.653,2024,-0.0115,1.6311
183,15:13:07.654,2017,-0.0149,1.6254
184,15:13:07.654,2020,-0.0134,1.6278
185,15:13:07.655,2021,-0.0129,1.6286
186,15:13:07.655,2022,-0.0125,1.6295
187,15:13:07.656,2026,-0.0105,1.6327
188,15:13:07.656,2023,-0.0120,1.6303
189,15:13:07.657,2023,-0.0120,1.6303
190,15:13:07.657,2021,-0.0129,1.6286
191,15:13:07.658,2022,-0.0125,1.6295
192,15:13:07.658,2026,-0.0105,1.6327
193,15:13:07.659,2021,-0.0129,1.6286
194,15:13:07.659,2026,-0.0105,1.6327
195,15:13:07.660,2023,-0.0120,1.6303
196,15:13:07.660,2020,-0.0134,1.6278
197,15:13:07.661,2023,-0.0120,1.6303
198,15:13:07.661,2022,-0.0125,1.6295
199,15:13:07.662,2022,-0.0125,1.6295
200,15:13:07.662,2022,-0.0125,1.6295
201,15:13:07.663,2024,-0.0115,1.6311
202,15:13:07.663,2024,-0.0115,1.6311
203,15:13:07.664,2021,-0.0129,1.6286
204,15:13:07.664,2024,-0.0115,1.6311
205,15:13:07.665,2026,-0.0105,1.6327
206,15:13:07.665,2028,-0.0095,1.6343
207,15:13:07.666,2024,-0.0115,1.6311
208,15:13:07.666,2022,-0.0125,1.6295
209,15:13:07.667,2023,-0.0120,1.6303
210,15:13:07.667,2024,-0.0115,1.6311
211,15:13:07.668,2022,-0.0125,1.6295
212,15:13:07.668,2024,-0.0115,1.6311
213,15:13:07.669,2024,-0.0115,1.6311
214,15:13:07.669,2022,-0.0125,1.6295
215,15:13:07.670,2026,-0.0105,1.6327
216,15:13:07.670,2018,-0.0144,1.6262
217,15:13:07.671,2024,-0.0115,1.6311
218,15:13:07.671,2022,-0.0125,1.6295
219,15:13:07.672,2023,-0.0120,1.6303
220,15:13:07.672,2023,-0.0120,1.6303
221,15:13:07.673,2023,-0.0120,1.6303
222,15:13:07.673,2025,-0.0110,1.6319
223,15:13:07.674,2020,-0.0134,1.6278
224,15:13:07.674,2022,-0.0125,1.6295
225,15:13:07.675,2022,-0.0125,1.6295
226,15:13:07.675,2021,-0.0129,1.6286
227,15:13:07.676,2022,-0.0125,1.6295
228,15:13:07.676,2021,-0.0129,1.6286
229,15:13:07.677,2019,-0.0139,1.6270
230,15:13:07.677,2022,-0.0125,1.6295
231,15:13:07.678,2023,-0.0120,1.6303
232,15:13:07.678,2022,-0.0125,1.6295
233,15:13:07.679,2026,-0.0105,1.6327
234,15:13:07.679,2028,-0.0095,1.6343
235,15:13:07.680,2022,-0.0125,1.6295
236,15:13:07.680,2023,-0.0120,1.6303
237,15:13:07.681,2021,-0.0129,1.6286
238,15:13:07.681,2024,-0.0115,1.6311
239,15:13:07.682,2022,-0.0125,1.6295
240,15:13:07.682,2019,-0.0139,1.6270
241,15:13:07.683,2024,-0.0115,1.6311
242,15:13:07.683,2020,-0.0134,1.6278
243,15:13:07.684,2022,-0.0125,1.6295
244,15:13:07.684,2022,-0.0125,1.6295
245,15:13:07.685,2022,-0.0125,1.6295
246,15:13:07.685,2023,-0.0120,1.6303
247,15:13:07.686,2017,-0.0149,1.6254
248,15:13:07.686,2021,-0.0129,1.6286
249,15:13:07.687,2023,-0.0120,1.6303
250,15:13:07.687,2020,-0.0134,1.6278
251,15:13:07.688,2023,-0.0120,1.6303
252,15:13:07.688,2024,-0.0115,1.6311
253,15:13:07.689,2024,-0.0115,1.6311
254,15:13:07.689,2020,-0.0134,1.6278
255,15:13:07.690,2019,-0.0139,1.6270
256,15:13:07.690,2021,-0.0129,1.6286
257,15:13:07.691,2021,-0.0129,1.6286
258,15:13:07.691,2024,-0.0115,1.6311
259,15:13:07.692,2022,-0.0125,1.6295
260,15:13:07.692,2021,-0.0129,1.6286
261,15:13:07.693,2023,-0.0120,1.6303
262,15:13:07.693,2021,-0.0129,1.6286
263,15:13:07.694,2023,-0.0120,1.6303
264,15:13:07.694,2026,-0.0105,1.6327
265,15:13:07.695,2026,-0.0105,1.6327
266,15:13:07.695,2024,-0.0115,1.6311
267,15:13:07.696,2023,-0.0120,1.6303
268,15:13:07.696,2023,-0.0120,1.6303
269,15:13:07.697,2022,-0.0125,1.6295
270,15:13:07.697,2026,-0.0105,1.6327
271,15:13:07.698,2021,-0.0129,1.6286
272,15:13:07.698,2025,-0.0110,1.6319
273,15:13:07.699,2022,-0.0125,1.6295
274,15:13:07.699,2022,-0.0125,1.6295
275,15:13:07.700,2022,-0.0125,1.6295
276,15:13:07.700,2022,-0.0125,1.6295
277,15:13:07.701,2023,-0.0120,1.6303
278,15:13:07.701,2019,-0.0139,1.6270
279,15:13:07.702,2024,-0.0115,1.6311
280,15:13:07.702,2025,-0.0110,1.6319
281,15:13:07.703,2022,-0.0125,1.6295
282,15:13:07.703,2023,-0.0120,1.6303
283,15:13:07.704,2024,-0.0115,1.6311
284,15:13:07.704,2022,-0.0125,1.6295
285,15:13:07.705,2021,-0.0129,1.6286
286,15:13:07.705,2023,-0.0120,1.6303
287,15:13:07.706,2024,-0.0115,1.6311
288,15:13:07.706,2022,-0.0125,1.6295
289,15:13:07.707,2020,-0.0134,1.6278
290,15:13:07.707,2023,-0.0120,1.6303
291,15:13:07.708,2021,-0.0129,1.6286
292,15:13:07.708,2025,-0.0110,1.6319
293,15:13:07.709,2022,-0.0125,1.6295
294,15:13:07.709,2024,-0.0115,1.6311
295,15:13:07.710,2022,-0.0125,1.6295
296,15:13:07.710,2023,-0.0120,1.6303
297,15:13:07.711,2020,-0.0134,1.6278
298,15:13:07.711,2020,-0.0134,1.6278
299,15:13:07.712,2020,-0.0134,1.6278
300,15:13:07.712,2020,-0.0134,1.6278
301,15:13:07.713,2023,-0.0120,1.6303
302,15:13:07.713,2020,-0.0134,1.6278
303,15:13:07.714,2019,-0.0139,1.6270
304,15:13:07.714,2024,-0.0115,1.6311
305,15:13:07.715,2020,-0.0134,1.6278
306,15:13:07.715,2020,-0.0134,1.6278
307,15:13:07.716,2021,-0.0129,1.6286
308,15:13:07.716,2021,-0.0129,1.6286
309,15:13:07.717,2025,-0.0110,1.6319
310,15:13:07.717,2020,-0.0134,1.6278
311,15:13:07.718,2021,-0.0129,1.6286
312,15:13:07.718,2021,-0.0129,1.6286
313,15:13:07.719,2022,-0.0125,1.6295
314,15:13:07.719,2024,-0.0115,1.6311
315,15:13:07.720,2024,-0.0115,1.6311
316,15:13:07.720,2021,-0.0129,1.6286
317,15:13:07.721,2024,-0.0115,1.6311
318,15:13:07.721,2022,-0.0125,1.6295
319,15:13:07.722,2022,-0.0125,1.6295
320,15:13:07.722,2026,-0.0105,1.6327
321,15:13:07.723,2026,-0.0105,1.6327
322,15:13:07.723,2022,-0.0125,1.6295
323,15:13:07.724,2027,-0.0100,1.6335
324,15:13:07.724,2026,-0.0105,1.6327
325,15:13:07.725,2025,-0.0110,1.6319
326,15:13:07.725,2023,-0.0120,1.6303
327,15:13:07.726,2026,-0.0105,1.6327
328,15:13:07.726,2026,-0.0105,1.6327
329,15:13:07.727,2027,-0.0100,1.6335
330,15:13:07.727,2026,-0.0105,1.6327
331,15:13:07.728,2027,-0.0100,1.6335
332,15:13:07.728,2024,-0.0115,1.6311
333,15:13:07.729,2029,-0.0090,1.6351
334,15:13:07.729,2023,-0.0120,1.6303
335,15:13:07.730,2024,-0.0115,1.6311
336,15:13:07.730,2024,-0.0115,1.6311
337,15:13:07.731,2024,-0.0115,1.6311
338,15:13:07.731,2024,-0.0115,1.6311
339,15:13:07.732,2023,-0.0120,1.6303
340,15:13:07.732,2021,-0.0129,1.6286
341,15:13:07.733,2024,-0.0115,1.6311
342,15:13:07.733,2024,-0.0115,1.6311
343,15:13:07.734,2023,-0.0120,1.6303
344,15:13:07.734,2026,-0.0105,1.6327
345,15:13:07.735,2023,-0.0120,1.6303
346,15:13:07.735,2025,-0.0110,1.6319
347,15:13:07.736,2022,-0.0125,1.6295
348,15:13:07.736,2026,-0.0105,1.6327
349,15:13:07.737,2021,-0.0129,1.6286
350,15:13:07.737,2025,-0.0110,1.6319
351,15:13:07.738,2021,-0.0129,1.6286
352,15:13:07.738,2024,-0.0115,1.6311
353,15:13:07.739,2021,-0.0129,1.6286
354,15:13:07.739,2022,-0.0125,1.6295
355,15:13:07.740,2022,-0.0125,1.6295
356,15:13:07.740,2022,-0.0125,1.6295
357,15:13:07.741,2024,-0.0115,1.6311
358,15:13:07.741,2023,-0.0120,1.6303
359,15:13:07.742,2021,-0.0129,1.6286
360,15:13:07.742,2024,-0.0115,1.6311
361,15:13:07.743,2022,-0.0125,1.6295
362,15:13:07.743,2022,-0.0125,1.6295
363,15:13:07.744,2020,-0.0134,1.6278
364,15:13:07.744,2020,-0.0134,1.6278
365,15:13:07.745,2024,-0.0115,1.6311
366,15:13:07.745,2020,-0.0134,1.6278
367,15:13:07.746,2019,-0.0139,1.6270
368,15:13:07.746,2021,-0.0129,1.6286
369,15:13:07.747,2024,-0.0115,1.6311
370,15:13:07.747,2019,-0.0139,1.6270
371,15:13:07.748,2023,-0.0120,1.6303
372,15:13:07.748,2019,-0.0139,1.6270
373,15:13:07.749,2022,-0.0125,1.6295
374,15:13:07.749,2020,-0.0134,1.6278
375,15:13:07.750,2023,-0.0120,1.6303
376,15:13:07.750,2019,-0.0139,1.6270
377,15:13:07.751,2020,-0.0134,1.6278
378,15:13:07.751,2023,-0.0120,1.6303
379,15:13:07.752,2027,-0.0100,1.6335
380,15:13:07.752,2023,-0.0120,1.6303
381,15:13:07.753,2027,-0.0100,1.6335
382,15:13:07.753,2022,-0.0125,1.6295
383,15:13:07.754,2023,-0.0120,1.6303
384,15:13:07.754,2025,-0.0110,1.6319
385,15:13:07.755,2024,-0.0115,1.6311
386,15:13:07.755,2021,-0.0129,1.6286
387,15:13:07.756,2024,-0.0115,1.6311
388,15:13:07.756,2027,-0.0100,1.6335
389,15:13:07.757,2024,-0.0115,1.6311
390,15:13:07.757,2024,-0.0115,1.6311
391,15:13:07.758,2026,-0.0105,1.6327
392,15:13:07.758,2024,-0.0115,1.6311
393,15:13:07.759,2029,-0.0090,1.6351
394,15:13:07.759,2022,-0.0125,1.6295
395,15:13:07.760,2024,-0.0115,1.6311
396,15:13:07.760,2023,-0.0120,1.6303
397,15:13:07.761,2024,-0.0115,1.6311
398,15:13:07.761,2024,-0.0115,1.6311
399,15:13:07.762,2024,-0.0115,1.6311
400,15:13:07.762,2023,-0.0120,1.6303
401,15:13:07.763,2023,-0.0120,1.6303
402,15:13:07.763,2024,-0.0115,1.6311
403,15:13:07.764,2025,-0.0110,1.6319
404,15:13:07.764,2027,-0.0100,1.6335
405,15:13:07.765,2028,-0.0095,1.6343
406,15:13:07.765,2023,-0.0120,1.6303
407,15:13:07.766,2019,-0.0139,1.6270
408,15:13:07.766,2023,-0.0120,1.6303
409,15:13:07.767,2024,-0.0115,1.6311
410,15:13:07.767,2024,-0.0115,1.6311
411,15:13:07.768,2030,-0.0085,1.6359
412,15:13:07.768,2023,-0.0120,1.6303
413,15:13:07.769,2024,-0.0115,1.6311
414,15:13:07.769,2027,-0.0100,1.6335
415,15:13:07.770,2023,-0.0120,1.6303
416,15:13:07.770,2022,-0.0125,1.6295
417,15:13:07.771,2022,-0.0125,1.6295
418,15:13:07.771,2021,-0.0129,1.6286
419,15:13:07.772,2024,-0.0115,1.6311
420,15:13:07.772,2023,-0.0120,1.6303
421,15:13:07.773,2019,-0.0139,1.6270
422,15:13:07.773,2024,-0.0115,1.6311
423,15:13:07.774,2022,-0.0125,1.6295
424,15:13:07.774,2020,-0.0134,1.6278
425,15:13:07.775,2020,-0.0134,1.6278
426,15:13:07.775,2021,-0.0129,1.6286
427,15:13:07.776,2017,-0.0149,1.6254
428,15:13:07.776,2020,-0.0134,1.6278
429,15:13:07.777,2019,-0.0139,1.6270
430,15:13:07.777,2022,-0.0125,1.6295
431,15:13:07.778,2023,-0.0120,1.6303
432,15:13:07.778,2021,-0.0129,1.6286
433,15:13:07.779,2021,-0.0129,1.6286
434,15:13:07.779,2019,-0.0139,1.6270
435,15:13:07.780,2023,-0.0120,1.6303
436,15:13:07.780,2023,-0.0120,1.6303
437,15:13:07.781,2019,-0.0139,1.6270
438,15:13:07.781,2022,-0.0125,1.6295
439,15:13:07.782,2023,-0.0120,1.6303
440,15:13:07.782,2026,-0.0105,1.6327
441,15:13:07.783,2019,-0.0139,1.6270
442,15:13:07.783,2021,-0.0129,1.6286
443,15:13:07.784,2020,-0.0134,1.6278
444,15:13:07.784,2021,-0.0129,1.6286
445,15:13:07.785,2023,-0.0120,1.6303
446,15:13:07.785,2020,-0.0134,1.6278
447,15:13:07.786,2019,-0.0139,1.6270
448,15:13:07.786,2020,-0.0134,1.6278
449,15:13:07.787,2022,-0.0125,1.6295
450,15:13:07.787,2023,-0.0120,1.6303
451,15:13:07.788,2021,-0.0129,1.6286
452,15:13:07.788,2022,-0.0125,1.6295
453,15:13:07.789,2023,-0.0120,1.6303
454,15:13:07.789,2023,-0.0120,1.6303
455,15:13:07.790,2026,-0.0105,1.6327
456,15:13:07.790,2028,-0.0095,1.6343
457,15:13:07.791,2025,-0.0110,1.6319
458,15:13:07.791,2027,-0.0100,1.6335
459,15:13:07.792,2022,-0.0125,1.6295
460,15:13:07.792,2029,-0.0090,1.6351
461,15:13:07.793,2026,-0.0105,1.6327
462,15:13:07.793,2028,-0.0095,1.6343
463,15:13:07.794,2026,-0.0105,1.6327
464,15:13:07.794,2031,-0.0081,1.6367
465,15:13:07.795,2027,-0.0100,1.6335
466,15:13:07.795,2028,-0.0095,1.6343
467,15:13:07.796,2029,-0.0090,1.6351
468,15:13:07.796,2027,-0.0100,1.6335
469,15:13:07.797,2021,-0.0129,1.6286
470,15:13:07.797,2023,-0.0120,1.6303
471,15:13:07.798,2026,-0.0105,1.6327
472,15:13:07.798,2022,-0.0125,1.6295
473,15:13:07.799,2023,-0.0120,1.6303
474,15:13:07.799,2028,-0.0095,1.6343
475,15:13:07.800,2018,-0.0144,1.6262
476,15:13:07.800,2023,-0.0120,1.6303
477,15:13:07.801,2021,-0.0129,1.6286
478,15:13:07.801,2018,-0.0144,1.6262
479,15:13:07.802,2018,-0.0144,1.6262
480,15:13:07.802,2018,-0.0144,1.6262
481,15:13:07.803,2019,-0.0139,1.6270
482,15:13:07.803,2022,-0.0125,1.6295
483,15:13:07.804,2020,-0.0134,1.6278
484,15:13:07.804,2019,-0.0139,1.6270
485,15:13:07.805,2018,-0.0144,1.6262
486,15:13:07.805,2019,-0.0139,1.6270
487,15:13:07.806,2019,-0.0139,1.6270
488,15:13:07.806,2015,-0.0159,1.6238
489,15:13:07.807,2015,-0.0159,1.6238
490,15:13:07.807,2017,-0.0149,1.6254
491,15:13:07.808,2017,-0.0149,1.6254
492,15:13:07.808,2016,-0.0154,1.6246
493,15:13:07.809,2020,-0.0134,1.6278
494,15:13:07.809,2020,-0.0134,1.6278
495,15:13:07.810,2019,-0.0139,1.6270
496,15:13:07.810,2019,-0.0139,1.6270
497,15:13:07.811,2023,-0.0120,1.6303
498,15:13:07.811,2019,-0.0139,1.6270
499,15:13:07.812,2019,-0.0139,1.6270
500,15:13:07.812,2024,-0.0115,1.6311
501,15:13:07.813,2022,-0.0125,1.6295
502,15:13:07.813,2026,-0.0105,1.6327
503,15:13:07.814,2024,-0.0115,1.6311
504,15:13:07.814,2030,-0.0085,1.6359
505,15:13:07.815,2031,-0.0081,1.6367
506,15:13:07.815,2030,-0.0085,1.6359
507,15:13:07.816,2030,-0.0085,1.6359
508,15:13:07.816,2031,-0.0081,1.6367
509,15:13:07.817,2031,-0.0081,1.6367
510,15:13:07.817,2029,-0.0090,1.6351
511,15:13:07.818,2033,-0.0071,1.6383
512,15:13:07.818,2032,-0.0076,1.6375
513,15:13:07.819,2030,-0.0085,1.6359
514,15:13:07.819,2029,-0.0090,1.6351
515,15:13:07.820,2026,-0.0105,1.6327
516,15:13:07.820,2030,-0.0085,1.6359
517,15:13:07.821,2029,-0.0090,1.6351
518,15:13:07.821,2027,-0.0100,1.6335
519,15:13:07.822,2027,-0.0100,1.6335
520,15:13:07.822,2024,-0.0115,1.6311
521,15:13:07.823,2023,-0.0120,1.6303
522,15:13:07.823,2018,-0.0144,1.6262
523,15:13:07.824,2024,-0.0115,1.6311
524,15:13:07.824,2022,-0.0125,1.6295
525,15:13:07.825,2021,-0.0129,1.6286
526,15:13:07.825,2023,-0.0120,1.6303
527,15:13:07.826,2018,-0.0144,1.6262
528,15:13:07.826,2019,-0.0139,1.6270
529,15:13:07.827,2019,-0.0139,1.6270
530,15:13:07.827,2017,-0.0149,1.6254
531,15:13:07.828,2018,-0.0144,1.6262
532,15:13:07.828,2016,-0.0154,1.6246
533,15:13:07.829,2019,-0.0139,1.6270
534,15:13:07.829,2020,-0.0134,1.6278
535,15:13:07.830,2020,-0.0134,1.6278
536,15:13:07.830,2018,-0.0144,1.6262
537,15:13:07.831,2017,-0.0149,1.6254
538,15:13:07.831,2019,-0.0139,1.6270
539,15:13:07.832,2025,-0.0110,1.6319
540,15:13:07.832,2022,-0.0125,1.6295
541,15:13:07.833,2023,-0.0120,1.6303
542,15:13:07.833,2021,-0.0129,1.6286
543,15:13:07.834,2023,-0.0120,1.6303
544,15:13:07.834,2024,-0.0115,1.6311
545,15:13:07.835,2020,-0.0134,1.6278
546,15:13:07.835,2021,-0.0129,1.6286
547,15:13:07.836,2022,-0.0125,1.6295
548,15:13:07.836,2021,-0.0129,1.6286
549,15:13:07.837,2025,-0.0110,1.6319
550,15:13:07.837,2021,-0.0129,1.6286
551,15:13:07.838,2024,-0.0115,1.6311
552,15:13:07.838,2022,-0.0125,1.6295
553,15:13:07.839,2021,-0.0129,1.6286
554,15:13:07.839,2025,-0.0110,1.6319
555,15:13:07.840,2024,-0.0115,1.6311
556,15:13:07.840,2021,-0.0129,1.6286
557,15:13:07.841,2022,-0.0125,1.6295
558,15:13:07.841,2025,-0.0110,1.6319
559,15:13:07.842,2022,-0.0125,1.6295
560,15:13:07.842,2021,-0.0129,1.6286
561,15:13:07.843,2025,-0.0110,1.6319
562,15:13:07.843,2023,-0.0120,1.6303
563,15:13:07.844,2026,-0.0105,1.6327
564,15:13:07.844,2029,-0.0090,1.6351
565,15:13:07.845,2025,-0.0110,1.6319
566,15:13:07.845,2027,-0.0100,1.6335
567,15:13:07.846,2023,-0.0120,1.6303
568,15:13:07.846,2025,-0.0110,1.6319
569,15:13:07.847,2027,-0.0100,1.6335
570,15:13:07.847,2029,-0.0090,1.6351
571,15:13:07.848,2026,-0.0105,1.6327
572,15:13:07.848,2028,-0.0095,1.6343
573,15:13:07.849,2025,-0.0110,1.6319
574,15:13:07.849,2027,-0.0100,1.6335
575,15:13:07.850,2028,-0.0095,1.6343
576,15:13:07.850,2029,-0.0090,1.6351
577,15:13:07.851,2023,-0.0120,1.6303
578,15:13:07.851,2024,-0.0115,1.6311
579,15:13:07.852,2027,-0.0100,1.6335
580,15:13:07.852,2026,-0.0105,1.6327
581,15:13:07.853,2021,-0.0129,1.6286
582,15:13:07.853,2026,-0.0105,1.6327
583,15:13:07.854,2027,-0.0100,1.6335
584,15:13:07.854,2023,-0.0120,1.6303
585,15:13:07.855,2019,-0.0139,1.6270
586,15:13:07.855,2020,-0.0134,1.6278
587,15:13:07.856,2019,-0.0139,1.6270
588,15:13:07.856,2020,-0.0134,1.6278
589,15:13:07.857,2019,-0.0139,1.6270
590,15:13:07.857,2017,-0.0149,1.6254
591,15:13:07.858,2015,-0.0159,1.6238
592,15:13:07.858,2018,-0.0144,1.6262
593,15:13:07.859,2014,-0.0164,1.6230
594,15:13:07.859,2017,-0.0149,1.6254
595,15:13:07.860,2017,-0.0149,1.6254
596,15:13:07.860,2019,-0.0139,1.6270
597,15:13:07.861,2017,-0.0149,1.6254
598,15:13:07.861,2018,-0.0144,1.6262
599,15:13:07.862,2015,-0.0159,1.6238
600,15:13:07.862,2018,-0.0144,1.6262
601,15:13:07.863,2021,-0.0129,1.6286
602,15:13:07.863,2020,-0.0134,1.6278
603,15:13:07.864,2017,-0.0149,1.6254
604,15:13:07.864,2023,-0.0120,1.6303
605,15:13:07.865,2022,-0.0125,1.6295
606,15:13:07.865,2024,-0.0115,1.6311
607,15:13:07.866,2026,-0.0105,1.6327
608,15:13:07.866,2027,-0.0100,1.6335
609,15:13:07.867,2022,-0.0125,1.6295
610,15:13:07.867,2027,-0.0100,1.6335
611,15:13:07.868,2024,-0.0115,1.6311
612,15:13:07.868,2026,-0.0105,1.6327
613,15:13:07.869,2030,-0.0085,1.6359
614,15:13:07.869,2029,-0.0090,1.6351
615,15:13:07.870,2029,-0.0090,1.6351
616,15:13:07.870,2027,-0.0100,1.6335
617,15:13:07.871,2024,-0.0115,1.6311
618,15:13:07.871,2025,-0.0110,1.6319
619,15:13:07.872,2030,-0.0085,1.6359
620,15:13:07.872,2024,-0.0115,1.6311
621,15:13:07.873,2022,-0.0125,1.6295
622,15:13:07.873,2027,-0.0100,1.6335
623,15:13:07.874,2025,-0.0110,1.6319
624,15:13:07.874,2022,-0.0125,1.6295
625,15:13:07.875,2025,-0.0110,1.6319
626,15:13:07.875,2021,-0.0129,1.6286
627,15:13:07.876,2020,-0.0134,1.6278
628,15:13:07.876,2019,-0.0139,1.6270
629,15:13:07.877,2018,-0.0144,1.6262
630,15:13:07.877,2021,-0.0129,1.6286
631,15:13:07.878,2022,-0.0125,1.6295
632,15:13:07.878,2022,-0.0125,1.6295
633,15:13:07.879,2026,-0.0105,1.6327
634,15:13:07.879,2024,-0.0115,1.6311
635,15:13:07.880,2026,-0.0105,1.6327
636,15:13:07.880,2024,-0.0115,1.6311
637,15:13:07.881,2022,-0.0125,1.6295
638,15:13:07.881,2023,-0.0120,1.6303
639,15:13:07.882,2023,-0.0120,1.6303
640,15:13:07.882,2021,-0.0129,1.6286
641,15:13:07.883,2020,-0.0134,1.6278
642,15:13:07.883,2026,-0.0105,1.6327
643,15:13:07.884,2023,-0.0120,1.6303
644,15:13:07.884,2025,-0.0110,1.6319
645,15:13:07.885,2024,-0.0115,1.6311
646,15:13:07.885,2023,-0.0120,1.6303
647,15:13:07.886,2025,-0.0110,1.6319
648,15:13:07.886,2020,-0.0134,1.6278
649,15:13:07.887,2019,-0.0139,1.6270
650,15:13:07.887,2020,-0.0134,1.6278
651,15:13:07.888,2020,-0.0134,1.6278
652,15:13:07.888,2020,-0.0134,1.6278
653,15:13:07.889,2020,-0.0134,1.6278
654,15:13:07.889,2026,-0.0105,1.6327
655,15:13:07.890,2023,-0.0120,1.6303
656,15:13:07.890,2025,-0.0110,1.6319
657,15:13:07.891,2028,-0.0095,1.6343
658,15:13:07.891,2025,-0.0110,1.6319
659,15:13:07.892,2022,-0.0125,1.6295
660,15:13:07.892,2020,-0.0134,1.6278
661,15:13:07.893,2026,-0.0105,1.6327
662,15:13:07.893,2022,-0.0125,1.6295
663,15:13:07.894,2023,-0.0120,1.6303
664,15:13:07.894,2019,-0.0139,1.6270
665,15:13:07.895,2022,-0.0125,1.6295
666,15:13:07.895,2020,-0.0134,1.6278
667,15:13:07.896,2023,-0.0120,1.6303
668,15:13:07.896,2022,-0.0125,1.6295
669,15:13:07.897,2023,-0.0120,1.6303
670,15:13:07.897,2020,-0.0134,1.6278
671,15:13:07.898,2025,-0.0110,1.6319
672,15:13:07.898,2021,-0.0129,1.6286
673,15:13:07.899,2023,-0.0120,1.6303
674,15:13:07.899,2023,-0.0120,1.6303
675,15:13:07.900,2023,-0.0120,1.6303
676,15:13:07.900,2020,-0.0134,1.6278
677,15:13:07.901,2025,-0.0110,1.6319
678,15:13:07.901,2026,-0.0105,1.6327
679,15:13:07.902,2029,-0.0090,1.6351
680,15:13:07.902,2029,-0.0090,1.6351
681,15:13:07.903,2027,-0.0100,1.6335
682,15:13:07.903,2026,-0.0105,1.6327
683,15:13:07.904,2027,-0.0100,1.6335
684,15:13:07.904,2027,-0.0100,1.6335
685,15:13:07.905,2025,-0.0110,1.6319
686,15:13:07.905,2023,-0.0120,1.6303
687,15:13:07.906,2021,-0.0129,1.6286
688,15:13:07.906,2021,-0.0129,1.6286
689,15:13:07.907,2024,-0.0115,1.6311
690,15:13:07.907,2022,-0.0125,1.6295
691,15:13:07.908,2020,-0.0134,1.6278
692,15:13:07.908,2024,-0.0115,1.6311
693,15:13:07.909,2026,-0.0105,1.6327
694,15:13:07.909,2025,-0.0110,1.6319
695,15:13:07.910,2021,-0.0129,1.6286
696,15:13:07.910,2023,-0.0120,1.6303
697,15:13:07.911,2024,-0.0115,1.6311
698,15:13:07.911,2023,-0.0120,1.6303
699,15:13:07.912,2029,-0.0090,1.6351
700,15:13:07.912,2026,-0.0105,1.6327
701,15:13:07.913,2026,-0.0105,1.6327
702,15:13:07.913,2024,-0.0115,1.6311
703,15:13:07.914,2026,-0.0105,1.6327
704,15:13:07.914,2025,-0.0110,1.6319
705,15:13:07.915,2016,-0.0154,1.6246
706,15:13:07.915,2025,-0.0110,1.6319
707,15:13:07.916,2020,-0.0134,1.6278
708,15:13:07.916,2023,-0.0120,1.6303
709,15:13:07.917,2021,-0.0129,1.6286
710,15:13:07.917,2026,-0.0105,1.6327
711,15:13:07.918,2095,0.0232,1.6883
712,15:13:07.918,2188,0.0686,1.7632
713,15:13:07.919,2293,0.1199,1.8478
714,15:13:07.919,2246,0.0969,1.8100
715,15:13:07.920,2236,0.0921,1.8019
716,15:13:07.920,2144,0.0471,1.7278
717,15:13:07.921,2034,-0.0066,1.6391
718,15:13:07.921,1925,-0.0598,1.5513
719,15:13:07.922,1899,-0.0725,1.5303
720,15:13:07.922,1963,-0.0413,1.5819
721,15:13:07.923,1857,-0.0930,1.4965
722,15:13:07.923,1871,-0.0862,1.5078
723,15:13:07.924,1997,-0.0247,1.6093
724,15:13:07.924,2009,-0.0188,1.6190
725,15:13:07.925,2060,0.0061,1.6601
726,15:13:07.925,2120,0.0354,1.7084
727,15:13:07.926,2127,0.0388,1.7141
728,15:13:07.926,2102,0.0266,1.6939
729,15:13:07.927,2008,-0.0193,1.6182
730,15:13:07.927,1894,-0.0750,1.5263
731,15:13:07.928,1821,-0.1106,1.4675
732,15:13:07.928,1775,-0.1331,1.4304
733,15:13:07.929,1611,-0.2132,1.2982
734,15:13:07.929,1591,-0.2230,1.2821
735,15:13:07.930,1827,-0.1077,1.4723
736,15:13:07.930,1970,-0.0379,1.5875
737,15:13:07.931,1997,-0.0247,1.6093
738,15:13:07.931,2069,0.0105,1.6673
739,15:13:07.932,2073,0.0125,1.6705
740,15:13:07.932,2055,0.0037,1.6560
741,15:13:07.933,1978,-0.0339,1.5940
742,15:13:07.933,1907,-0.0686,1.5368
743,15:13:07.934,1837,-0.1028,1.4804
744,15:13:07.934,1818,-0.1121,1.4651
745,15:13:07.935,1698,-0.1707,1.3684
746,15:13:07.935,1632,-0.2029,1.3152
747,15:13:07.936,1799,-0.1214,1.4497
748,15:13:07.936,2017,-0.0149,1.6254
749,15:13:07.937,2090,0.0208,1.6842
750,15:13:07.937,2204,0.0764,1.7761
751,15:13:07.938,2247,0.0974,1.8108
752,15:13:07.938,2259,0.1033,1.8204
753,15:13:07.939,2196,0.0725,1.7697
754,15:13:07.939,2123,0.0369,1.7108
755,15:13:07.940,2018,-0.0144,1.6262
756,15:13:07.940,2050,0.0012,1.6520
757,15:13:07.941,1958,-0.0437,1.5779
758,15:13:07.941,1951,-0.0471,1.5722
759,15:13:07.942,2065,0.0085,1.6641
760,15:13:07.942,2239,0.0935,1.8043
761,15:13:07.943,2240,0.0940,1.8051
762,15:13:07.943,2312,0.1292,1.8632
763,15:13:07.944,2386,0.1653,1.9228
764,15:13:07.944,2362,0.1536,1.9034
765,15:13:07.945,2297,0.1219,1.8511
766,15:13:07.945,2267,0.1072,1.8269
767,15:13:07.946,2121,0.0359,1.7092
768,15:13:07.946,2103,0.0271,1.6947
769,15:13:07.947,1963,-0.0413,1.5819
770,15:13:07.947,1860,-0.0916,1.4989
771,15:13:07.948,1963,-0.0413,1.5819
772,15:13:07.948,2114,0.0325,1.7036
773,15:13:07.949,2139,0.0447,1.7237
774,15:13:07.949,2156,0.0530,1.7374
775,15:13:07.950,2217,0.0828,1.7866
776,15:13:07.950,2190,0.0696,1.7648
777,15:13:07.951,2107,0.0291,1.6979
778,15:13:07.951,2031,-0.0081,1.6367
779,15:13:07.952,1938,-0.0535,1.5618
780,15:13:07.952,1909,-0.0676,1.5384
781,15:13:07.953,1846,-0.0984,1.4876
782,15:13:07.953,1695,-0.1722,1.3659
783,15:13:07.954,1768,-0.1365,1.4248
784,15:13:07.954,1951,-0.0471,1.5722
785,15:13:07.955,1998,-0.0242,1.6101
786,15:13:07.955,2022,-0.0125,1.6295
787,15:13:07.956,2089,0.0203,1.6834
788,15:13:07.956,2073,0.0125,1.6705
789,15:13:07.957,2060,0.0061,1.6601
790,15:13:07.957,1953,-0.0462,1.5738
791,15:13:07.958,1893,-0.0755,1.5255
792,15:13:07.958,1832,-0.1053,1.4763
793,15:13:07.959,1859,-0.0921,1.4981
794,15:13:07.959,1710,-0.1648,1.3780
795,15:13:07.960,1736,-0.1521,1.3990
796,15:13:07.960,1983,-0.0315,1.5980
797,15:13:07.961,2049,0.0007,1.6512
798,15:13:07.961,2036,-0.0056,1.6407
799,15:13:07.962,2140,0.0452,1.7245
800,15:13:07.962,2117,0.0339,1.7060
801,15:13:07.963,2114,0.0325,1.7036
802,15:13:07.963,2033,-0.0071,1.6383
803,15:13:07.964,1981,-0.0325,1.5964
804,15:13:07.964,1891,-0.0764,1.5239
805,15:13:07.965,1942,-0.0515,1.5650
806,15:13:07.965,1821,-0.1106,1.4675
807,15:13:07.966,1789,-0.1263,1.4417
808,15:13:07.966,2034,-0.0066,1.6391
809,15:13:07.967,2146,0.0481,1.7294
810,15:13:07.967,2122,0.0364,1.7100
811,15:13:07.968,2220,0.0842,1.7890
812,15:13:07.968,2233,0.0906,1.7995
813,15:13:07.969,2185,0.0672,1.7608
814,15:13:07.969,2123,0.0369,1.7108
815,15:13:07.970,2079,0.0154,1.6754
816,15:13:07.970,1986,-0.0300,1.6004
817,15:13:07.971,1989,-0.0286,1.6029
818,15:13:07.971,1911,-0.0667,1.5400
819,15:13:07.972,1885,-0.0794,1.5190
820,15:13:07.972,2014,-0.0164,1.6230
821,15:13:07.973,2161,0.0554,1.7415
822,15:13:07.973,2155,0.0525,1.7366
823,15:13:07.974,2206,0.0774,1.7777
824,15:13:07.974,2263,0.1053,1.8237
825,15:13:07.975,2220,0.0842,1.7890
826,15:13:07.975,2140,0.0452,1.7245
827,15:13:07.976,2110,0.0305,1.7004
828,15:13:07.976,2010,-0.0183,1.6198
829,15:13:07.977,1953,-0.0462,1.5738
830,15:13:07.977,1862,-0.0906,1.5005
831,15:13:07.978,1832,-0.1053,1.4763
832,15:13:07.978,1914,-0.0652,1.5424
833,15:13:07.979,2062,0.0071,1.6617
834,15:13:07.979,2099,0.0252,1.6915
835,15:13:07.980,2116,0.0335,1.7052
836,15:13:07.980,2192,0.0706,1.7664
837,15:13:07.981,2170,0.0598,1.7487
838,15:13:07.981,2099,0.0252,1.6915
839,15:13:07.982,2035,-0.0061,1.6399
840,15:13:07.982,1968,-0.0388,1.5859
841,15:13:07.983,1899,-0.0725,1.5303
842,15:13:07.983,1805,-0.1184,1.4546
843,15:13:07.984,1729,-0.1556,1.3933
844,15:13:07.984,1823,-0.1096,1.4691
845,15:13:07.985,1989,-0.0286,1.6029
846,15:13:07.985,2067,0.0095,1.6657
847,15:13:07.986,2077,0.0144,1.6738
848,15:13:07.986,2125,0.0379,1.7125
849,15:13:07.987,2128,0.0393,1.7149
850,15:13:07.987,2098,0.0247,1.6907
851,15:13:07.988,1989,-0.0286,1.6029
852,15:13:07.988,1954,-0.0457,1.5747
853,15:13:07.989,1925,-0.0598,1.5513
854,15:13:07.989,1875,-0.0842,1.5110
855,15:13:07.990,1739,-0.1507,1.4014
856,15:13:07.990,1839,-0.1018,1.4820
857,15:13:07.991,2008,-0.0193,1.6182
858,15:13:07.991,2083,0.0173,1.6786
859,15:13:07.992,2098,0.0247,1.6907
860,15:13:07.992,2179,0.0642,1.7560
861,15:13:07.993,2142,0.0462,1.7262
862,15:13:07.993,2156,0.0530,1.7374
863,15:13:07.994,2056,0.0042,1.6568
864,15:13:07.994,2010,-0.0183,1.6198
865,15:13:07.995,1969,-0.0383,1.5867
866,15:13:07.995,1991,-0.0276,1.6045
867,15:13:07.996,1827,-0.1077,1.4723
868,15:13:07.996,1858,-0.0926,1.4973
869,15:13:07.997,2051,0.0017,1.6528
870,15:13:07.997,2136,0.0432,1.7213
871,15:13:07.998,2128,0.0393,1.7149
872,15:13:07.998,2215,0.0818,1.7850
873,15:13:07.999,2206,0.0774,1.7777
874,15:13:07.999,2196,0.0725,1.7697
875,15:13:08.000,2118,0.0344,1.7068
876,15:13:08.000,2062,0.0071,1.6617
877,15:13:08.001,1963,-0.0413,1.5819
878,15:13:08.001,1993,-0.0266,1.6061
879,15:13:08.002,1864,-0.0896,1.5021
880,15:13:08.002,1824,-0.1092,1.4699
881,15:13:08.003,2010,-0.0183,1.6198
882,15:13:08.003,2135,0.0427,1.7205
883,15:13:08.004,2137,0.0437,1.7221
884,15:13:08.004,2187,0.0681,1.7624
885,15:13:08.005,2223,0.0857,1.7914
886,15:13:08.005,2155,0.0525,1.7366
887,15:13:08.006,2083,0.0173,1.6786
888,15:13:08.006,2041,-0.0032,1.6448
889,15:13:08.007,1932,-0.0564,1.5569
890,15:13:08.007,1909,-0.0676,1.5384
891,15:13:08.008,1858,-0.0926,1.4973
892,15:13:08.008,1787,-0.1272,1.4401
893,15:13:08.009,1939,-0.0530,1.5626
894,15:13:08.009,2085,0.0183,1.6802
895,15:13:08.010,2093,0.0222,1.6867
896,15:13:08.010,2118,0.0344,1.7068
897,15:13:08.011,2196,0.0725,1.7697
898,15:13:08.011,2137,0.0437,1.7221
899,15:13:08.012,2049,0.0007,1.6512
900,15:13:08.012,2001,-0.0227,1.6125
901,15:13:08.013,1954,-0.0457,1.5747
902,15:13:08.013,1866,-0.0886,1.5037
903,15:13:08.014,1847,-0.0979,1.4884
904,15:13:08.014,1788,-0.1267,1.4409
905,15:13:08.015,1884,-0.0799,1.5182
906,15:13:08.015,2056,0.0042,1.6568
907,15:13:08.016,2084,0.0178,1.6794
908,15:13:08.016,2081,0.0164,1.6770
909,15:13:08.017,2169,0.0593,1.7479
910,15:13:08.017,2143,0.0466,1.7270
911,15:13:08.018,2086,0.0188,1.6810
912,15:13:08.018,1990,-0.0281,1.6037
913,15:13:08.019,2006,-0.0203,1.6166
914,15:13:08.019,1932,-0.0564,1.5569
915,15:13:08.020,1877,-0.0833,1.5126
916,15:13:08.020,1836,-0.1033,1.4796
917,15:13:08.021,1908,-0.0681,1.5376
918,15:13:08.021,2065,0.0085,1.6641
919,15:13:08.022,2143,0.0466,1.7270
920,15:13:08.022,2108,0.0295,1.6988
921,15:13:08.023,2195,0.0720,1.7689
922,15:13:08.023,2164,0.0569,1.7439
923,15:13:08.024,2148,0.0491,1.7310
924,15:13:08.024,2024,-0.0115,1.6311
925,15:13:08.025,2025,-0.0110,1.6319
926,15:13:08.025,2006,-0.0203,1.6166
927,15:13:08.026,1959,-0.0432,1.5787
928,15:13:08.026,1855,-0.0940,1.4949
929,15:13:08.027,1933,-0.0559,1.5577
930,15:13:08.027,2063,0.0076,1.6625
931,15:13:08.028,2152,0.0510,1.7342
932,15:13:08.028,2110,0.0305,1.7004
933,15:13:08.029,2165,0.0574,1.7447
934,15:13:08.029,2152,0.0510,1.7342
935,15:13:08.030,2142,0.0462,1.7262
936,15:13:08.030,2050,0.0012,1.6520
937,15:13:08.031,2003,-0.0217,1.6141
938,15:13:08.031,1976,-0.0349,1.5924
939,15:13:08.032,1976,-0.0349,1.5924
940,15:13:08.032,1817,-0.1126,1.4642
941,15:13:08.033,1866,-0.0886,1.5037
942,15:13:08.033,2004,-0.0212,1.6149
943,15:13:08.034,2092,0.0217,1.6859
944,15:13:08.034,2084,0.0178,1.6794
945,15:13:08.035,2094,0.0227,1.6875
946,15:13:08.035,2125,0.0379,1.7125
947,15:13:08.036,2101,0.0261,1.6931
948,15:13:08.036,2046,-0.0007,1.6488
949,15:13:08.037,2011,-0.0178,1.6206
950,15:13:08.037,1942,-0.0515,1.5650
951,15:13:08.038,1948,-0.0486,1.5698
952,15:13:08.038,1813,-0.1145,1.4610
953,15:13:08.039,1784,-0.1287,1.4377
954,15:13:08.039,1956,-0.0447,1.5763
955,15:13:08.040,2035,-0.0061,1.6399
956,15:13:08.040,2071,0.0115,1.6689
957,15:13:08.041,2081,0.0164,1.6770
958,15:13:08.041,2151,0.0505,1.7334
959,15:13:08.042,2105,0.0281,1.6963
960,15:13:08.042,2053,0.0027,1.6544
961,15:13:08.043,2031,-0.0081,1.6367
962,15:13:08.043,1975,-0.0354,1.5916
963,15:13:08.044,1928,-0.0584,1.5537
964,15:13:08.044,1884,-0.0799,1.5182
965,15:13:08.045,1805,-0.1184,1.4546
966,15:13:08.045,1958,-0.0437,1.5779
967,15:13:08.046,2057,0.0046,1.6577
968,15:13:08.046,2091,0.0212,1.6851
969,15:13:08.047,2099,0.0252,1.6915
970,15:13:08.047,2185,0.0672,1.7608
971,15:13:08.048,2142,0.0462,1.7262
972,15:13:08.048,2097,0.0242,1.6899
973,15:13:08.049,2040,-0.0037,1.6440
974,15:13:08.049,2038,-0.0046,1.6423
975,15:13:08.050,1931,-0.0569,1.5561
976,15:13:08.050,1916,-0.0642,1.5440
977,15:13:08.051,1836,-0.1033,1.4796
978,15:13:08.051,1931,-0.0569,1.5561
979,15:13:08.052,2073,0.0125,1.6705
980,15:13:08.052,2102,0.0266,1.6939
981,15:13:08.053,2098,0.0247,1.6907
982,15:13:08.053,2190,0.0696,1.7648
983,15:13:08.054,2145,0.0476,1.7286
984,15:13:08.054,2124,0.0374,1.7116
985,15:13:08.055,2023,-0.0120,1.6303
986,15:13:08.055,2052,0.0022,1.6536
987,15:13:08.056,1971,-0.0374,1.5884
988,15:13:08.056,1913,-0.0657,1.5416
989,15:13:08.057,1841,-0.1009,1.4836
990,15:13:08.057,1886,-0.0789,1.5199
991,15:13:08.058,2051,0.0017,1.6528
992,15:13:08.058,2106,0.0286,1.6971
993,15:13:08.059,2079,0.0154,1.6754
994,15:13:08.059,2161,0.0554,1.7415
995,15:13:08.060,2146,0.0481,1.7294
996,15:13:08.060,2122,0.0364,1.7100
997,15:13:08.061,2028,-0.0095,1.6343
998,15:13:08.061,2010,-0.0183,1.6198
999,15:13:08.062,1990,-0.0281,1.6037
1000,15:13:08.062,1925,-0.0598,1.5513
1001,15:13:08.063,1824,-0.1092,1.4699
1002,15:13:08.063,1858,-0.0926,1.4973
1003,15:13:08.064,1994,-0.0261,1.6069
1004,15:13:08.064,2089,0.0203,1.6834
1005,15:13:08.065,2066,0.0090,1.6649
1006,15:13:08.065,2105,0.0281,1.6963
1007,15:13:08.066,2139,0.0447,1.7237
1008,15:13:08.066,2105,0.0281,1.6963
1009,15:13:08.067,2060,0.0061,1.6601
1010,15:13:08.067,1998,-0.0242,1.6101
1011,15:13:08.068,1978,-0.0339,1.5940
1012,15:13:08.068,1934,-0.0554,1.5585
1013,15:13:08.069,1802,-0.1199,1.4522
1014,15:13:08.069,1820,-0.1111,1.4667
1015,15:13:08.070,1957,-0.0442,1.5771
1016,15:13:08.070,2067,0.0095,1.6657
1017,15:13:08.071,2092,0.0217,1.6859
1018,15:13:08.071,2096,0.0237,1.6891
1019,15:13:08.072,2172,0.0608,1.7503
1020,15:13:08.072,2127,0.0388,1.7141
1021,15:13:08.073,2076,0.0139,1.6730
1022,15:13:08.073,2038,-0.0046,1.6423
1023,15:13:08.074,1977,-0.0344,1.5932
1024,15:13:08.074,1947,-0.0491,1.5690
1025,15:13:08.075,1837,-0.1028,1.4804
1026,15:13:08.075,1811,-0.1155,1.4594
1027,15:13:08.076,1964,-0.0408,1.5827
1028,15:13:08.076,2043,-0.0022,1.6464
1029,15:13:08.077,2110,0.0305,1.7004
1030,15:13:08.077,2113,0.0320,1.7028
1031,15:13:08.078,2194,0.0716,1.7681
1032,15:13:08.078,2154,0.0520,1.7358
1033,15:13:08.079,2090,0.0208,1.6842
1034,15:13:08.079,2048,0.0002,1.6504
1035,15:13:08.080,2016,-0.0154,1.6246
1036,15:13:08.080,1934,-0.0554,1.5585
1037,15:13:08.081,1902,-0.0711,1.5327
1038,15:13:08.081,1815,-0.1136,1.4626
1039,15:13:08.082,1955,-0.0452,1.5755
1040,15:13:08.082,2048,0.0002,1.6504
1041,15:13:08.083,2089,0.0203,1.6834
1042,15:13:08.083,2102,0.0266,1.6939
1043,15:13:08.084,2182,0.0657,1.7584
1044,15:13:08.084,2144,0.0471,1.7278
1045,15:13:08.085,2109,0.0300,1.6996
1046,15:13:08.085,2024,-0.0115,1.6311
1047,15:13:08.086,2049,0.0007,1.6512
1048,15:13:08.086,1954,-0.0457,1.5747
1049,15:13:08.087,1926,-0.0593,1.5521
1050,15:13:08.087,1824,-0.1092,1.4699
1051,15:13:08.088,1885,-0.0794,1.5190
1052,15:13:08.088,2043,-0.0022,1.6464
1053,15:13:08.089,2076,0.0139,1.6730
1054,15:13:08.089,2087,0.0193,1.6818
1055,15:13:08.090,2165,0.0574,1.7447
1056,15:13:08.090,2141,0.0457,1.7253
1057,15:13:08.091,2120,0.0354,1.7084
1058,15:13:08.091,2022,-0.0125,1.6295
1059,15:13:08.092,2030,-0.0085,1.6359
1060,15:13:08.092,1983,-0.0315,1.5980
1061,15:13:08.093,1926,-0.0593,1.5521
1062,15:13:08.093,1844,-0.0994,1.4860
1063,15:13:08.094,1848,-0.0974,1.4892
1064,15:13:08.094,2023,-0.0120,1.6303
1065,15:13:08.095,2092,0.0217,1.6859
1066,15:13:08.095,2080,0.0159,1.6762
1067,15:13:08.096,2140,0.0452,1.7245
1068,15:13:08.096,2171,0.0603,1.7495
1069,15:13:08.097,2124,0.0374,1.7116
1070,15:13:08.097,2060,0.0061,1.6601
1071,15:13:08.098,2009,-0.0188,1.6190
1072,15:13:08.098,1999,-0.0237,1.6109
1073,15:13:08.099,1912,-0.0662,1.5408
1074,15:13:08.099,1827,-0.1077,1.4723
1075,15:13:08.100,1839,-0.1018,1.4820
1076,15:13:08.100,1976,-0.0349,1.5924
1077,15:13:08.101,2084,0.0178,1.6794
1078,15:13:08.101,2093,0.0222,1.6867
1079,15:13:08.102,2108,0.0295,1.6988
1080,15:13:08.102,2196,0.0725,1.7697
1081,15:13:08.103,2127,0.0388,1.7141
1082,15:13:08.103,2077,0.0144,1.6738
1083,15:13:08.104,2015,-0.0159,1.6238
1084,15:13:08.104,1989,-0.0286,1.6029
1085,15:13:08.105,1916,-0.0642,1.5440
1086,15:13:08.105,1810,-0.1160,1.4586
1087,15:13:08.106,1824,-0.1092,1.4699
1088,15:13:08.106,1951,-0.0471,1.5722
1089,15:13:08.107,2053,0.0027,1.6544
1090,15:13:08.107,2108,0.0295,1.6988
1091,15:13:08.108,2112,0.0315,1.7020
1092,15:13:08.108,2202,0.0755,1.7745
1093,15:13:08.109,2148,0.0491,1.7310
1094,15:13:08.109,2087,0.0193,1.6818
1095,15:13:08.110,2027,-0.0100,1.6335
1096,15:13:08.110,1989,-0.0286,1.6029
1097,15:13:08.111,1937,-0.0540,1.5610
1098,15:13:08.111,1846,-0.0984,1.4876
1099,15:13:08.112,1808,-0.1170,1.4570
1100,15:13:08.112,1945,-0.0501,1.5674
1101,15:13:08.113,2040,-0.0037,1.6440
1102,15:13:08.113,2106,0.0286,1.6971
1103,15:13:08.114,2120,0.0354,1.7084
1104,15:13:08.114,2188,0.0686,1.7632
1105,15:13:08.115,2159,0.0545,1.7399
1106,15:13:08.115,2096,0.0237,1.6891
1107,15:13:08.116,2024,-0.0115,1.6311
1108,15:13:08.116,2009,-0.0188,1.6190
1109,15:13:08.117,1950,-0.0476,1.5714
1110,15:13:08.117,1896,-0.0740,1.5279
1111,15:13:08.118,1804,-0.1189,1.4538
1112,15:13:08.118,1917,-0.0637,1.5448
1113,15:13:08.119,2052,0.0022,1.6536
1114,15:13:08.119,2095,0.0232,1.6883
1115,15:13:08.120,2112,0.0315,1.7020
1116,15:13:08.120,2167,0.0584,1.7463
1117,15:13:08.121,2141,0.0457,1.7253
1118,15:13:08.121,2102,0.0266,1.6939
1119,15:13:08.122,2025,-0.0110,1.6319
1120,15:13:08.122,2021,-0.0129,1.6286
1121,15:13:08.123,1965,-0.0403,1.5835
1122,15:13:08.123,1941,-0.0520,1.5642
1123,15:13:08.124,1830,-0.1062,1.4747
1124,15:13:08.124,1872,-0.0857,1.5086
1125,15:13:08.125,2045,-0.0012,1.6480
1126,15:13:08.125,2089,0.0203,1.6834
1127,15:13:08.126,2095,0.0232,1.6883
1128,15:13:08.126,2153,0.0515,1.7350
1129,15:13:08.127,2157,0.0535,1.7382
1130,15:13:08.127,2111,0.0310,1.7012
1131,15:13:08.128,2042,-0.0027,1.6456
1132,15:13:08.128,2022,-0.0125,1.6295
1133,15:13:08.129,1977,-0.0344,1.5932
1134,15:13:08.129,1927,-0.0589,1.5529
1135,15:13:08.130,1840,-0.1013,1.4828
1136,15:13:08.130,1845,-0.0989,1.4868
1137,15:13:08.131,2016,-0.0154,1.6246
1138,15:13:08.131,2096,0.0237,1.6891
1139,15:13:08.132,2086,0.0188,1.6810
1140,15:13:08.132,2116,0.0335,1.7052
1141,15:13:08.133,2180,0.0647,1.7568
1142,15:13:08.133,2118,0.0344,1.7068
1143,15:13:08.134,2051,0.0017,1.6528
1144,15:13:08.134,2010,-0.0183,1.6198
1145,15:13:08.135,1986,-0.0300,1.6004
1146,15:13:08.135,1901,-0.0716,1.5319
1147,15:13:08.136,1833,-0.1048,1.4771
1148,15:13:08.136,1837,-0.1028,1.4804
1149,15:13:08.137,1959,-0.0432,1.5787
1150,15:13:08.137,2077,0.0144,1.6738
1151,15:13:08.138,2095,0.0232,1.6883
1152,15:13:08.138,2103,0.0271,1.6947
1153,15:13:08.139,2188,0.0686,1.7632
1154,15:13:08.139,2137,0.0437,1.7221
1155,15:13:08.140,2074,0.0129,1.6714
1156,15:13:08.140,2012,-0.0173,1.6214
1157,15:13:08.141,2001,-0.0227,1.6125
1158,15:13:08.141,1931,-0.0569,1.5561
1159,15:13:08.142,1840,-0.1013,1.4828
1160,15:13:08.142,1839,-0.1018,1.4820
1161,15:13:08.143,1943,-0.0510,1.5658
1162,15:13:08.143,2056,0.0042,1.6568
1163,15:13:08.144,2106,0.0286,1.6971
1164,15:13:08.144,2113,0.0320,1.7028
1165,15:13:08.145,2171,0.0603,1.7495
1166,15:13:08.145,2147,0.0486,1.7302
1167,15:13:08.146,2098,0.0247,1.6907
1168,15:13:08.146,2024,-0.0115,1.6311
1169,15:13:08.147,2006,-0.0203,1.6166
1170,15:13:08.147,1970,-0.0379,1.5875
1171,15:13:08.148,1877,-0.0833,1.5126
1172,15:13:08.148,1837,-0.1028,1.4804
1173,15:13:08.149,1939,-0.0530,1.5626
1174,15:13:08.149,2048,0.0002,1.6504
1175,15:13:08.150,2099,0.0252,1.6915
1176,15:13:08.150,2103,0.0271,1.6947
1177,15:13:08.151,2149,0.0496,1.7318
1178,15:13:08.151,2129,0.0398,1.7157
1179,15:13:08.152,2094,0.0227,1.6875
1180,15:13:08.152,2030,-0.0085,1.6359
1181,15:13:08.153,2009,-0.0188,1.6190
1182,15:13:08.153,1986,-0.0300,1.6004
1183,15:13:08.154,1934,-0.0554,1.5585
1184,15:13:08.154,1824,-0.1092,1.4699
1185,15:13:08.155,1901,-0.0716,1.5319
1186,15:13:08.155,2037,-0.0051,1.6415
1187,15:13:08.156,2086,0.0188,1.6810
1188,15:13:08.156,2094,0.0227,1.6875
1189,15:13:08.157,2138,0.0442,1.7229
1190,15:13:08.157,2144,0.0471,1.7278
1191,15:13:08.158,2097,0.0242,1.6899
1192,15:13:08.158,2042,-0.0027,1.6456
1193,15:13:08.159,2027,-0.0100,1.6335
1194,15:13:08.159,1982,-0.0320,1.5972
1195,15:13:08.160,1956,-0.0447,1.5763
1196,15:13:08.160,1838,-0.1023,1.4812
1197,15:13:08.161,1864,-0.0896,1.5021
1198,15:13:08.161,2021,-0.0129,1.6286
1199,15:13:08.162,2076,0.0139,1.6730
1200,15:13:08.162,2092,0.0217,1.6859
1201,15:13:08.163,2122,0.0364,1.7100
1202,15:13:08.163,2179,0.0642,1.7560
1203,15:13:08.164,2124,0.0374,1.7116
1204,15:13:08.164,2055,0.0037,1.6560
1205,15:13:08.165,2032,-0.0076,1.6375
1206,15:13:08.165,1983,-0.0315,1.5980
1207,15:13:08.166,1925,-0.0598,1.5513
1208,15:13:08.166,1854,-0.0945,1.4941
1209,15:13:08.167,1836,-0.1033,1.4796
1210,15:13:08.167,1983,-0.0315,1.5980
1211,15:13:08.168,2068,0.0100,1.6665
1212,15:13:08.168,2083,0.0173,1.6786
1213,15:13:08.169,2110,0.0305,1.7004
1214,15:13:08.169,2166,0.0579,1.7455
1215,15:13:08.170,2140,0.0452,1.7245
1216,15:13:08.170,2060,0.0061,1.6601
1217,15:13:08.171,2023,-0.0120,1.6303
1218,15:13:08.171,2009,-0.0188,1.6190
1219,15:13:08.172,1915,-0.0647,1.5432
1220,15:13:08.172,1857,-0.0930,1.4965
1221,15:13:08.173,1844,-0.0994,1.4860
1222,15:13:08.173,1941,-0.0520,1.5642
1223,15:13:08.174,2056,0.0042,1.6568
1224,15:13:08.174,2075,0.0134,1.6722
1225,15:13:08.175,2101,0.0261,1.6931
1226,15:13:08.175,2151,0.0505,1.7334
1227,15:13:08.176,2138,0.0442,1.7229
1228,15:13:08.176,2092,0.0217,1.6859
1229,15:13:08.177,2017,-0.0149,1.6254
1230,15:13:08.177,2024,-0.0115,1.6311
1231,15:13:08.178,1965,-0.0403,1.5835
1232,15:13:08.178,1872,-0.0857,1.5086
1233,15:13:08.179,1855,-0.0940,1.4949
1234,15:13:08.179,1914,-0.0652,1.5424
1235,15:13:08.180,2034,-0.0066,1.6391
1236,15:13:08.180,2082,0.0168,1.6778
1237,15:13:08.181,2091,0.0212,1.6851
1238,15:13:08.181,2147,0.0486,1.7302
1239,15:13:08.182,2124,0.0374,1.7116
1240,15:13:08.182,2109,0.0300,1.6996
1241,15:13:08.183,2043,-0.0022,1.6464
1242,15:13:08.183,2021,-0.0129,1.6286
1243,15:13:08.184,2015,-0.0159,1.6238
1244,15:13:08.184,1930,-0.0574,1.5553
1245,15:13:08.185,1844,-0.0994,1.4860
1246,15:13:08.185,1910,-0.0672,1.5392
1247,15:13:08.186,2023,-0.0120,1.6303
1248,15:13:08.186,2081,0.0164,1.6770
1249,15:13:08.187,2082,0.0168,1.6778
1250,15:13:08.187,2131,0.0408,1.7173
1251,15:13:08.188,2142,0.0462,1.7262
1252,15:13:08.188,2108,0.0295,1.6988
1253,15:13:08.189,2066,0.0090,1.6649
1254,15:13:08.189,2026,-0.0105,1.6327
1255,15:13:08.190,2006,-0.0203,1.6166
1256,15:13:08.190,1974,-0.0359,1.5908
1257,15:13:08.191,1825,-0.1087,1.4707
1258,15:13:08.191,1876,-0.0838,1.5118
1259,15:13:08.192,2003,-0.0217,1.6141
1260,15:13:08.192,2068,0.0100,1.6665
1261,15:13:08.193,2070,0.0110,1.6681
1262,15:13:08.193,2114,0.0325,1.7036
1263,15:13:08.194,2172,0.0608,1.7503
1264,15:13:08.194,2123,0.0369,1.7108
1265,15:13:08.195,2066,0.0090,1.6649
1266,15:13:08.195,2053,0.0027,1.6544
1267,15:13:08.196,1984,-0.0310,1.5988
1268,15:13:08.196,1948,-0.0486,1.5698
1269,15:13:08.197,1838,-0.1023,1.4812
1270,15:13:08.197,1839,-0.1018,1.4820
1271,15:13:08.198,1967,-0.0393,1.5851
1272,15:13:08.198,2043,-0.0022,1.6464
1273,15:13:08.199,2075,0.0134,1.6722
1274,15:13:08.199,2108,0.0295,1.6988
1275,15:13:08.200,2168,0.0589,1.7471
1276,15:13:08.200,2152,0.0510,1.7342
1277,15:13:08.201,2058,0.0051,1.6585
1278,15:13:08.201,2056,0.0042,1.6568
1279,15:13:08.202,2002,-0.0222,1.6133
1280,15:13:08.202,1911,-0.0667,1.5400
1281,15:13:08.203,1857,-0.0930,1.4965
1282,15:13:08.203,1821,-0.1106,1.4675
1283,15:13:08.204,1928,-0.0584,1.5537
1284,15:13:08.204,2034,-0.0066,1.6391
1285,15:13:08.205,2075,0.0134,1.6722
1286,15:13:08.205,2109,0.0300,1.6996
1287,15:13:08.206,2156,0.0530,1.7374
1288,15:13:08.206,2161,0.0554,1.7415
1289,15:13:08.207,2098,0.0247,1.6907
1290,15:13:08.207,2025,-0.0110,1.6319
1291,15:13:08.208,2040,-0.0037,1.6440
1292,15:13:08.208,1945,-0.0501,1.5674
1293,15:13:08.209,1868,-0.0877,1.5053
1294,15:13:08.209,1836,-0.1033,1.4796
1295,15:13:08.210,1906,-0.0691,1.5360
1296,15:13:08.210,2034,-0.0066,1.6391
1297,15:13:08.211,2073,0.0125,1.6705
1298,15:13:08.211,2102,0.0266,1.6939
1299,15:13:08.212,2159,0.0545,1.7399
1300,15:13:08.212,2137,0.0437,1.7221
1301,15:13:08.213,2129,0.0398,1.7157
1302,15:13:08.213,2038,-0.0046,1.6423
1303,15:13:08.214,2037,-0.0051,1.6415
1304,15:13:08.214,2009,-0.0188,1.6190
1305,15:13:08.215,1903,-0.0706,1.5336
1306,15:13:08.215,1834,-0.1043,1.4779
1307,15:13:08.216,1904,-0.0701,1.5344
1308,15:13:08.216,2018,-0.0144,1.6262
1309,15:13:08.217,2079,0.0154,1.6754
1310,15:13:08.217,2083,0.0173,1.6786
1311,15:13:08.218,2147,0.0486,1.7302
1312,15:13:08.218,2137,0.0437,1.7221
1313,15:13:08.219,2119,0.0349,1.7076
1314,15:13:08.219,2073,0.0125,1.6705
1315,15:13:08.220,2022,-0.0125,1.6295
1316,15:13:08.220,2015,-0.0159,1.6238
1317,15:13:08.221,1950,-0.0476,1.5714
1318,15:13:08.221,1819,-0.1116,1.4659
1319,15:13:08.222,1885,-0.0794,1.5190
1320,15:13:08.222,1998,-0.0242,1.6101
1321,15:13:08.223,2071,0.0115,1.6689
1322,15:13:08.223,2075,0.0134,1.6722
1323,15:13:08.224,2124,0.0374,1.7116
1324,15:13:08.224,2167,0.0584,1.7463
1325,15:13:08.225,2113,0.0320,1.7028
1326,15:13:08.225,2071,0.0115,1.6689
1327,15:13:08.226,2036,-0.0056,1.6407
1328,15:13:08.226,1975,-0.0354,1.5916
1329,15:13:08.227,1959,-0.0432,1.5787
1330,15:13:08.227,1826,-0.1082,1.4715
1331,15:13:08.228,1854,-0.0945,1.4941
1332,15:13:08.228,1969,-0.0383,1.5867
1333,15:13:08.229,2051,0.0017,1.6528
1334,15:13:08.229,2072,0.0120,1.6697
1335,15:13:08.230,2109,0.0300,1.6996
1336,15:13:08.230,2169,0.0593,1.7479
1337,15:13:08.231,2141,0.0457,1.7253
1338,15:13:08.231,2057,0.0046,1.6577
1339,15:13:08.232,2053,0.0027,1.6544
1340,15:13:08.232,1982,-0.0320,1.5972
1341,15:13:08.233,1930,-0.0574,1.5553
1342,15:13:08.233,1854,-0.0945,1.4941
1343,15:13:08.234,1828,-0.1072,1.4731
1344,15:13:08.234,1943,-0.0510,1.5658
1345,15:13:08.235,2041,-0.0032,1.6448
1346,15:13:08.235,2076,0.0139,1.6730
1347,15:13:08.236,2114,0.0325,1.7036
1348,15:13:08.236,2153,0.0515,1.7350
1349,15:13:08.237,2159,0.0545,1.7399
1350,15:13:08.237,2081,0.0164,1.6770
1351,15:13:08.238,2032,-0.0076,1.6375
1352,15:13:08.238,2035,-0.0061,1.6399
1353,15:13:08.239,1948,-0.0486,1.5698
1354,15:13:08.239,1886,-0.0789,1.5199
1355,15:13:08.240,1842,-0.1004,1.4844
1356,15:13:08.240,1929,-0.0579,1.5545
1357,15:13:08.241,2036,-0.0056,1.6407
1358,15:13:08.241,2072,0.0120,1.6697
1359,15:13:08.242,2103,0.0271,1.6947
1360,15:13:08.242,2150,0.0501,1.7326
1361,15:13:08.243,2136,0.0432,1.7213
1362,15:13:08.243,2122,0.0364,1.7100
1363,15:13:08.244,2026,-0.0105,1.6327
1364,15:13:08.244,2051,0.0017,1.6528
1365,15:13:08.245,2005,-0.0208,1.6158
1366,15:13:08.245,1912,-0.0662,1.5408
1367,15:13:08.246,1850,-0.0965,1.4908
1368,15:13:08.246,1913,-0.0657,1.5416
1369,15:13:08.247,2020,-0.0134,1.6278
1370,15:13:08.247,2075,0.0134,1.6722
1371,15:13:08.248,2070,0.0110,1.6681
1372,15:13:08.248,2141,0.0457,1.7253
1373,15:13:08.249,2120,0.0354,1.7084
1374,15:13:08.249,2123,0.0369,1.7108
1375,15:13:08.250,2054,0.0032,1.6552
1376,15:13:08.250,2027,-0.0100,1.6335
1377,15:13:08.251,2022,-0.0125,1.6295
1378,15:13:08.251,1952,-0.0466,1.5730
1379,15:13:08.252,1829,-0.1067,1.4739
1380,15:13:08.252,1888,-0.0779,1.5215
1381,15:13:08.253,1991,-0.0276,1.6045
1382,15:13:08.253,2068,0.0100,1.6665
1383,15:13:08.254,2061,0.0066,1.6609
1384,15:13:08.254,2122,0.0364,1.7100
1385,15:13:08.255,2148,0.0491,1.7310
1386,15:13:08.255,2111,0.0310,1.7012
1387,15:13:08.256,2072,0.0120,1.6697
1388,15:13:08.256,2023,-0.0120,1.6303
1389,15:13:08.257,1994,-0.0261,1.6069
1390,15:13:08.257,1962,-0.0418,1.5811
1391,15:13:08.258,1834,-0.1043,1.4779
1392,15:13:08.258,1864,-0.0896,1.5021
1393,15:13:08.259,1968,-0.0388,1.5859
1394,15:13:08.259,2039,-0.0042,1.6432
1395,15:13:08.260,2072,0.0120,1.6697
1396,15:13:08.260,2102,0.0266,1.6939
1397,15:13:08.261,2161,0.0554,1.7415
1398,15:13:08.261,2126,0.0383,1.7133
1399,15:13:08.262,2066,0.0090,1.6649
1400,15:13:08.262,2045,-0.0012,1.6480
1401,15:13:08.263,1979,-0.0335,1.5948
1402,15:13:08.263,1951,-0.0471,1.5722
1403,15:13:08.264,1859,-0.0921,1.4981
1404,15:13:08.264,1841,-0.1009,1.4836
1405,15:13:08.265,1953,-0.0462,1.5738
1406,15:13:08.265,2034,-0.0066,1.6391
1407,15:13:08.266,2075,0.0134,1.6722
1408,15:13:08.266,2102,0.0266,1.6939
1409,15:13:08.267,2151,0.0505,1.7334
1410,15:13:08.267,2145,0.0476,1.7286
1411,15:13:08.268,2073,0.0125,1.6705
1412,15:13:08.268,2049,0.0007,1.6512
1413,15:13:08.269,2023,-0.0120,1.6303
1414,15:13:08.269,1961,-0.0422,1.5803
1415,15:13:08.270,1897,-0.0735,1.5287
1416,15:13:08.270,1849,-0.0969,1.4900
1417,15:13:08.271,1941,-0.0520,1.5642
1418,15:13:08.271,2035,-0.0061,1.6399
1419,15:13:08.272,2072,0.0120,1.6697
1420,15:13:08.272,2097,0.0242,1.6899
1421,15:13:08.273,2144,0.0471,1.7278
1422,15:13:08.273,2132,0.0413,1.7181
1423,15:13:08.274,2104,0.0276,1.6955
1424,15:13:08.274,2028,-0.0095,1.6343
1425,15:13:08.275,2053,0.0027,1.6544
1426,15:13:08.275,1994,-0.0261,1.6069
1427,15:13:08.276,1936,-0.0545,1.5601
1428,15:13:08.276,1860,-0.0916,1.4989
1429,15:13:08.277,1927,-0.0589,1.5529
1430,15:13:08.277,2019,-0.0139,1.6270
1431,15:13:08.278,2062,0.0071,1.6617
1432,15:13:08.278,2068,0.0100,1.6665
1433,15:13:08.279,2124,0.0374,1.7116
1434,15:13:08.279,2110,0.0305,1.7004
1435,15:13:08.280,2114,0.0325,1.7036
1436,15:13:08.280,2033,-0.0071,1.6383
1437,15:13:08.281,2029,-0.0090,1.6351
1438,15:13:08.281,2020,-0.0134,1.6278
1439,15:13:08.282,1962,-0.0418,1.5811
1440,15:13:08.282,1851,-0.0960,1.4916
1441,15:13:08.283,1899,-0.0725,1.5303
1442,15:13:08.283,1995,-0.0256,1.6077
1443,15:13:08.284,2056,0.0042,1.6568
1444,15:13:08.284,2051,0.0017,1.6528
1445,15:13:08.285,2106,0.0286,1.6971
1446,15:13:08.285,2126,0.0383,1.7133
1447,15:13:08.286,2106,0.0286,1.6971
1448,15:13:08.286,2058,0.0051,1.6585
1449,15:13:08.287,2027,-0.0100,1.6335
1450,15:13:08.287,2011,-0.0178,1.6206
1451,15:13:08.288,1970,-0.0379,1.5875
1452,15:13:08.288,1854,-0.0945,1.4941
1453,15:13:08.289,1874,-0.0847,1.5102
1454,15:13:08.289,1966,-0.0398,1.5843
1455,15:13:08.290,2039,-0.0042,1.6432
1456,15:13:08.290,2053,0.0027,1.6544
1457,15:13:08.291,2099,0.0252,1.6915
1458,15:13:08.291,2143,0.0466,1.7270
1459,15:13:08.292,2115,0.0330,1.7044
1460,15:13:08.292,2069,0.0105,1.6673
1461,15:13:08.293,2040,-0.0037,1.6440
1462,15:13:08.293,1997,-0.0247,1.6093
1463,15:13:08.294,1970,-0.0379,1.5875
1464,15:13:08.294,1879,-0.0823,1.5142
1465,15:13:08.295,1860,-0.0916,1.4989
1466,15:13:08.295,1948,-0.0486,1.5698
1467,15:13:08.296,2021,-0.0129,1.6286
1468,15:13:08.296,2060,0.0061,1.6601
1469,15:13:08.297,2089,0.0203,1.6834
1470,15:13:08.297,2137,0.0437,1.7221
1471,15:13:08.298,2127,0.0388,1.7141
1472,15:13:08.298,2083,0.0173,1.6786
1473,15:13:08.299,2057,0.0046,1.6577
1474,15:13:08.299,2031,-0.0081,1.6367
1475,15:13:08.300,1984,-0.0310,1.5988
1476,15:13:08.300,1911,-0.0667,1.5400
1477,15:13:08.301,1860,-0.0916,1.4989
1478,15:13:08.301,1934,-0.0554,1.5585
1479,15:13:08.302,2017,-0.0149,1.6254
1480,15:13:08.302,2056,0.0042,1.6568
1481,15:13:08.303,2077,0.0144,1.6738
1482,15:13:08.303,2127,0.0388,1.7141
1483,15:13:08.304,2127,0.0388,1.7141
1484,15:13:08.304,2104,0.0276,1.6955
1485,15:13:08.305,2050,0.0012,1.6520
1486,15:13:08.305,2065,0.0085,1.6641
1487,15:13:08.306,2016,-0.0154,1.6246
1488,15:13:08.306,1949,-0.0481,1.5706
1489,15:13:08.307,1863,-0.0901,1.5013
1490,15:13:08.307,1925,-0.0598,1.5513
1491,15:13:08.308,2002,-0.0222,1.6133
1492,15:13:08.308,2048,0.0002,1.6504
1493,15:13:08.309,2055,0.0037,1.6560
1494,15:13:08.309,2117,0.0339,1.7060
1495,15:13:08.310,2124,0.0374,1.7116
1496,15:13:08.310,2116,0.0335,1.7052
1497,15:13:08.311,2045,-0.0012,1.6480
1498,15:13:08.311,2055,0.0037,1.6560
1499,15:13:08.312,2032,-0.0076,1.6375
1500,15:13:08.312,1974,-0.0359,1.5908
1501,15:13:08.313,1854,-0.0945,1.4941
1502,15:13:08.313,1899,-0.0725,1.5303
1503,15:13:08.314,1980,-0.0330,1.5956
1504,15:13:08.314,2038,-0.0046,1.6423
1505,15:13:08.315,2039,-0.0042,1.6432
1506,15:13:08.315,2105,0.0281,1.6963
1507,15:13:08.316,2127,0.0388,1.7141
1508,15:13:08.316,2119,0.0349,1.7076
1509,15:13:08.317,2063,0.0076,1.6625
1510,15:13:08.317,2044,-0.0017,1.6472
1511,15:13:08.318,2019,-0.0139,1.6270
1512,15:13:08.318,1973,-0.0364,1.5900
1513,15:13:08.319,1850,-0.0965,1.4908
1514,15:13:08.319,1865,-0.0891,1.5029
1515,15:13:08.320,1960,-0.0427,1.5795
1516,15:13:08.320,2029,-0.0090,1.6351
1517,15:13:08.321,2051,0.0017,1.6528
1518,15:13:08.321,2106,0.0286,1.6971
1519,15:13:08.322,2137,0.0437,1.7221
1520,15:13:08.322,2131,0.0408,1.7173
1521,15:13:08.323,2078,0.0149,1.6746
1522,15:13:08.323,2045,-0.0012,1.6480
1523,15:13:08.324,2011,-0.0178,1.6206
1524,15:13:08.324,1966,-0.0398,1.5843
1525,15:13:08.325,1879,-0.0823,1.5142
1526,15:13:08.325,1856,-0.0935,1.4957
1527,15:13:08.326,1947,-0.0491,1.5690
1528,15:13:08.326,2023,-0.0120,1.6303
1529,15:13:08.327,2054,0.0032,1.6552
1530,15:13:08.327,2095,0.0232,1.6883
1531,15:13:08.328,2146,0.0481,1.7294
1532,15:13:08.328,2132,0.0413,1.7181
1533,15:13:08.329,2096,0.0237,1.6891
1534,15:13:08.329,2045,-0.0012,1.6480
1535,15:13:08.330,2035,-0.0061,1.6399
1536,15:13:08.330,1984,-0.0310,1.5988
1537,15:13:08.331,1914,-0.0652,1.5424
1538,15:13:08.331,1865,-0.0891,1.5029
1539,15:13:08.332,1940,-0.0525,1.5634
1540,15:13:08.332,2019,-0.0139,1.6270
1541,15:13:08.333,2059,0.0056,1.6593
1542,15:13:08.333,2078,0.0149,1.6746
1543,15:13:08.334,2135,0.0427,1.7205
1544,15:13:08.334,2117,0.0339,1.7060
1545,15:13:08.335,2102,0.0266,1.6939
1546,15:13:08.335,2049,0.0007,1.6512
1547,15:13:08.336,2050,0.0012,1.6520
1548,15:13:08.336,2008,-0.0193,1.6182
1549,15:13:08.337,1948,-0.0486,1.5698
1550,15:13:08.337,1862,-0.0906,1.5005
1551,15:13:08.338,1917,-0.0637,1.5448
1552,15:13:08.338,2001,-0.0227,1.6125
1553,15:13:08.339,2054,0.0032,1.6552
1554,15:13:08.339,2049,0.0007,1.6512
1555,15:13:08.340,2113,0.0320,1.7028
1556,15:13:08.340,2115,0.0330,1.7044
1557,15:13:08.341,2103,0.0271,1.6947
1558,15:13:08.341,2052,0.0022,1.6536
1559,15:13:08.342,2050,0.0012,1.6520
1560,15:13:08.342,2014,-0.0164,1.6230
1561,15:13:08.343,1975,-0.0354,1.5916
1562,15:13:08.343,1864,-0.0896,1.5021
1563,15:13:08.344,1905,-0.0696,1.5352
1564,15:13:08.344,1981,-0.0325,1.5964
1565,15:13:08.345,2044,-0.0017,1.6472
1566,15:13:08.345,2045,-0.0012,1.6480
1567,15:13:08.346,2104,0.0276,1.6955
1568,15:13:08.346,2137,0.0437,1.7221
1569,15:13:08.347,2119,0.0349,1.7076
1570,15:13:08.347,2055,0.0037,1.6560
1571,15:13:08.348,2050,0.0012,1.6520
1572,15:13:08.348,2010,-0.0183,1.6198
1573,15:13:08.349,1975,-0.0354,1.5916
1574,15:13:08.349,1866,-0.0886,1.5037
1575,15:13:08.350,1886,-0.0789,1.5199
1576,15:13:08.350,1964,-0.0408,1.5827
1577,15:13:08.351,2030,-0.0085,1.6359
1578,15:13:08.351,2053,0.0027,1.6544
1579,15:13:08.352,2097,0.0242,1.6899
1580,15:13:08.352,2130,0.0403,1.7165
1581,15:13:08.353,2125,0.0379,1.7125
1582,15:13:08.353,2068,0.0100,1.6665
1583,15:13:08.354,2043,-0.0022,1.6464
1584,15:13:08.354,2013,-0.0168,1.6222
1585,15:13:08.355,1973,-0.0364,1.5900
1586,15:13:08.355,1889,-0.0774,1.5223
1587,15:13:08.356,1867,-0.0882,1.5045
1588,15:13:08.356,1949,-0.0481,1.5706
1589,15:13:08.357,2020,-0.0134,1.6278
1590,15:13:08.357,2054,0.0032,1.6552
1591,15:13:08.358,2098,0.0247,1.6907
1592,15:13:08.358,2132,0.0413,1.7181
1593,15:13:08.359,2122,0.0364,1.7100
1594,15:13:08.359,2092,0.0217,1.6859
1595,15:13:08.360,2040,-0.0037,1.6440
1596,15:13:08.360,2034,-0.0066,1.6391
1597,15:13:08.361,1988,-0.0291,1.6021
1598,15:13:08.361,1924,-0.0603,1.5505
1599,15:13:08.362,1867,-0.0882,1.5045
1600,15:13:08.362,1942,-0.0515,1.5650
1601,15:13:08.363,2016,-0.0154,1.6246
1602,15:13:08.363,2053,0.0027,1.6544
1603,15:13:08.364,2071,0.0115,1.6689
1604,15:13:08.364,2127,0.0388,1.7141
1605,15:13:08.365,2102,0.0266,1.6939
1606,15:13:08.365,2102,0.0266,1.6939
1607,15:13:08.366,2046,-0.0007,1.6488
1608,15:13:08.366,2043,-0.0022,1.6464
1609,15:13:08.367,2012,-0.0173,1.6214
1610,15:13:08.367,1961,-0.0422,1.5803
1611,15:13:08.368,1869,-0.0872,1.5062
1612,15:13:08.368,1930,-0.0574,1.5553
1613,15:13:08.369,2004,-0.0212,1.6149
1614,15:13:08.369,2053,0.0027,1.6544
1615,15:13:08.370,2046,-0.0007,1.6488
1616,15:13:08.370,2121,0.0359,1.7092
1617,15:13:08.371,2114,0.0325,1.7036
1618,15:13:08.371,2102,0.0266,1.6939
1619,15:13:08.372,2052,0.0022,1.6536
1620,15:13:08.372,2043,-0.0022,1.6464
1621,15:13:08.373,2018,-0.0144,1.6262
1622,15:13:08.373,1979,-0.0335,1.5948
1623,15:13:08.374,1867,-0.0882,1.5045
1624,15:13:08.374,1911,-0.0667,1.5400
1625,15:13:08.375,1977,-0.0344,1.5932
1626,15:13:08.375,2044,-0.0017,1.6472
1627,15:13:08.376,2043,-0.0022,1.6464
1628,15:13:08.376,2102,0.0266,1.6939
1629,15:13:08.377,2131,0.0408,1.7173
1630,15:13:08.377,2101,0.0261,1.6931
1631,15:13:08.378,2052,0.0022,1.6536
1632,15:13:08.378,2049,0.0007,1.6512
1633,15:13:08.379,1998,-0.0242,1.6101
1634,15:13:08.379,1973,-0.0364,1.5900
1635,15:13:08.380,1873,-0.0852,1.5094
1636,15:13:08.380,1892,-0.0759,1.5247
1637,15:13:08.381,1971,-0.0374,1.5884
1638,15:13:08.381,2031,-0.0081,1.6367
1639,15:13:08.382,2054,0.0032,1.6552
1640,15:13:08.382,2097,0.0242,1.6899
1641,15:13:08.383,2130,0.0403,1.7165
1642,15:13:08.383,2119,0.0349,1.7076
1643,15:13:08.384,2057,0.0046,1.6577
1644,15:13:08.384,2037,-0.0051,1.6415
1645,15:13:08.385,2005,-0.0208,1.6158
1646,15:13:08.385,1973,-0.0364,1.5900
1647,15:13:08.386,1895,-0.0745,1.5271
1648,15:13:08.386,1876,-0.0838,1.5118
1649,15:13:08.387,1958,-0.0437,1.5779
1650,15:13:08.387,2027,-0.0100,1.6335
1651,15:13:08.388,2062,0.0071,1.6617
1652,15:13:08.388,2090,0.0208,1.6842
1653,15:13:08.389,2122,0.0364,1.7100
1654,15:13:08.389,2115,0.0330,1.7044
1655,15:13:08.390,2077,0.0144,1.6738
1656,15:13:08.390,2032,-0.0076,1.6375
1657,15:13:08.391,2034,-0.0066,1.6391
1658,15:13:08.391,1996,-0.0252,1.6085
1659,15:13:08.392,1940,-0.0525,1.5634
1660,15:13:08.392,1877,-0.0833,1.5126
1661,15:13:08.393,1947,-0.0491,1.5690
1662,15:13:08.393,2020,-0.0134,1.6278
1663,15:13:08.394,2048,0.0002,1.6504
1664,15:13:08.394,2067,0.0095,1.6657
1665,15:13:08.395,2119,0.0349,1.7076
1666,15:13:08.395,2092,0.0217,1.6859
1667,15:13:08.396,2097,0.0242,1.6899
1668,15:13:08.396,2037,-0.0051,1.6415
1669,15:13:08.397,2043,-0.0022,1.6464
1670,15:13:08.397,2016,-0.0154,1.6246
1671,15:13:08.398,1974,-0.0359,1.5908
1672,15:13:08.398,1881,-0.0813,1.5158
1673,15:13:08.399,1937,-0.0540,1.5610
1674,15:13:08.399,2004,-0.0212,1.6149
1675,15:13:08.400,2044,-0.0017,1.6472
1676,15:13:08.400,2039,-0.0042,1.6432
1677,15:13:08.401,2104,0.0276,1.6955
1678,15:13:08.401,2091,0.0212,1.6851
1679,15:13:08.402,2092,0.0217,1.6859
1680,15:13:08.402,2044,-0.0017,1.6472
1681,15:13:08.403,2044,-0.0017,1.6472
1682,15:13:08.403,2020,-0.0134,1.6278
1683,15:13:08.404,1991,-0.0276,1.6045
1684,15:13:08.404,1885,-0.0794,1.5190
1685,15:13:08.405,1925,-0.0598,1.5513
1686,15:13:08.405,1984,-0.0310,1.5988
1687,15:13:08.406,2037,-0.0051,1.6415
1688,15:13:08.406,2032,-0.0076,1.6375
1689,15:13:08.407,2093,0.0222,1.6867
1690,15:13:08.407,2114,0.0325,1.7036
1691,15:13:08.408,2095,0.0232,1.6883
1692,15:13:08.408,2052,0.0022,1.6536
1693,15:13:08.409,2050,0.0012,1.6520
1694,15:13:08.409,2016,-0.0154,1.6246
1695,15:13:08.410,1982,-0.0320,1.5972
1696,15:13:08.410,1892,-0.0759,1.5247
1697,15:13:08.411,1907,-0.0686,1.5368
1698,15:13:08.411,1966,-0.0398,1.5843
1699,15:13:08.412,2022,-0.0125,1.6295
1700,15:13:08.412,2041,-0.0032,1.6448
1701,15:13:08.413,2076,0.0139,1.6730
1702,15:13:08.413,2123,0.0369,1.7108
1703,15:13:08.414,2108,0.0295,1.6988
1704,15:13:08.414,2058,0.0051,1.6585
1705,15:13:08.415,2052,0.0022,1.6536
1706,15:13:08.415,2026,-0.0105,1.6327
1707,15:13:08.416,1982,-0.0320,1.5972
1708,15:13:08.416,1907,-0.0686,1.5368
1709,15:13:08.417,1888,-0.0779,1.5215
1710,15:13:08.417,1955,-0.0452,1.5755
1711,15:13:08.418,2015,-0.0159,1.6238
1712,15:13:08.418,2049,0.0007,1.6512
1713,15:13:08.419,2076,0.0139,1.6730
1714,15:13:08.419,2117,0.0339,1.7060
1715,15:13:08.420,2112,0.0315,1.7020
1716,15:13:08.420,2085,0.0183,1.6802
1717,15:13:08.421,2038,-0.0046,1.6423
1718,15:13:08.421,2050,0.0012,1.6520
1719,15:13:08.422,2003,-0.0217,1.6141
1720,15:13:08.422,1950,-0.0476,1.5714
1721,15:13:08.423,1882,-0.0808,1.5166
1722,15:13:08.423,1953,-0.0462,1.5738
1723,15:13:08.424,2008,-0.0193,1.6182
1724,15:13:08.424,2043,-0.0022,1.6464
1725,15:13:08.425,2062,0.0071,1.6617
1726,15:13:08.425,2109,0.0300,1.6996
1727,15:13:08.426,2093,0.0222,1.6867
1728,15:13:08.426,2099,0.0252,1.6915
1729,15:13:08.427,2043,-0.0022,1.6464
1730,15:13:08.427,2060,0.0061,1.6601
1731,15:13:08.428,2026,-0.0105,1.6327
1732,15:13:08.428,1987,-0.0295,1.6012
1733,15:13:08.429,1885,-0.0794,1.5190
1734,15:13:08.429,1937,-0.0540,1.5610
1735,15:13:08.430,1994,-0.0261,1.6069
1736,15:13:08.430,2036,-0.0056,1.6407
1737,15:13:08.431,2039,-0.0042,1.6432
1738,15:13:08.431,2109,0.0300,1.6996
1739,15:13:08.432,2094,0.0227,1.6875
1740,15:13:08.432,2101,0.0261,1.6931
1741,15:13:08.433,2057,0.0046,1.6577
1742,15:13:08.433,2051,0.0017,1.6528
1743,15:13:08.434,2012,-0.0173,1.6214
1744,15:13:08.434,1990,-0.0281,1.6037
1745,15:13:08.435,1878,-0.0828,1.5134
1746,15:13:08.435,1908,-0.0681,1.5376
1747,15:13:08.436,1964,-0.0408,1.5827
1748,15:13:08.436,2025,-0.0110,1.6319
1749,15:13:08.437,2029,-0.0090,1.6351
1750,15:13:08.437,2096,0.0237,1.6891
1751,15:13:08.438,2117,0.0339,1.7060
1752,15:13:08.438,2098,0.0247,1.6907
1753,15:13:08.439,2057,0.0046,1.6577
1754,15:13:08.439,2052,0.0022,1.6536
1755,15:13:08.440,2007,-0.0198,1.6174
1756,15:13:08.440,1978,-0.0339,1.5940
1757,15:13:08.441,1890,-0.0769,1.5231
1758,15:13:08.441,1895,-0.0745,1.5271
1759,15:13:08.442,1955,-0.0452,1.5755
1760,15:13:08.442,2025,-0.0110,1.6319
1761,15:13:08.443,2043,-0.0022,1.6464
1762,15:13:08.443,2085,0.0183,1.6802
1763,15:13:08.444,2136,0.0432,1.7213
1764,15:13:08.444,2113,0.0320,1.7028
1765,15:13:08.445,2072,0.0120,1.6697
1766,15:13:08.445,2048,0.0002,1.6504
1767,15:13:08.446,2027,-0.0100,1.6335
1768,15:13:08.446,1980,-0.0330,1.5956
1769,15:13:08.447,1911,-0.0667,1.5400
1770,15:13:08.447,1893,-0.0755,1.5255
1771,15:13:08.448,1954,-0.0457,1.5747
1772,15:13:08.448,2016,-0.0154,1.6246
1773,15:13:08.449,2057,0.0046,1.6577
1774,15:13:08.449,2075,0.0134,1.6722
1775,15:13:08.450,2124,0.0374,1.7116
1776,15:13:08.450,2110,0.0305,1.7004
1777,15:13:08.451,2083,0.0173,1.6786
1778,15:13:08.451,2040,-0.0037,1.6440
1779,15:13:08.452,2050,0.0012,1.6520
1780,15:13:08.452,2002,-0.0222,1.6133
1781,15:13:08.453,1947,-0.0491,1.5690
1782,15:13:08.453,1884,-0.0799,1.5182
1783,15:13:08.454,1951,-0.0471,1.5722
1784,15:13:08.454,2006,-0.0203,1.6166
1785,15:13:08.455,2049,0.0007,1.6512
1786,15:13:08.455,2063,0.0076,1.6625
1787,15:13:08.456,2110,0.0305,1.7004
1788,15:13:08.456,2099,0.0252,1.6915
1789,15:13:08.457,2100,0.0256,1.6923
1790,15:13:08.457,2041,-0.0032,1.6448
1791,15:13:08.458,2054,0.0032,1.6552
1792,15:13:08.458,2014,-0.0164,1.6230
1793,15:13:08.459,1988,-0.0291,1.6021
1794,15:13:08.459,1883,-0.0803,1.5174
1795,15:13:08.460,1934,-0.0554,1.5585
1796,15:13:08.460,1988,-0.0291,1.6021
1797,15:13:08.461,2034,-0.0066,1.6391
1798,15:13:08.461,2038,-0.0046,1.6423
1799,15:13:08.462,2103,0.0271,1.6947
1800,15:13:08.462,2103,0.0271,1.6947
1801,15:13:08.463,2106,0.0286,1.6971
1802,15:13:08.463,2052,0.0022,1.6536
1803,15:13:08.464,2050,0.0012,1.6520
1804,15:13:08.464,2011,-0.0178,1.6206
1805,15:13:08.465,1990,-0.0281,1.6037
1806,15:13:08.465,1887,-0.0784,1.5207
1807,15:13:08.466,1908,-0.0681,1.5376
1808,15:13:08.466,1968,-0.0388,1.5859
1809,15:13:08.467,2023,-0.0120,1.6303
1810,15:13:08.467,2035,-0.0061,1.6399
1811,15:13:08.468,2096,0.0237,1.6891
1812,15:13:08.468,2113,0.0320,1.7028
1813,15:13:08.469,2098,0.0247,1.6907
1814,15:13:08.469,2062,0.0071,1.6617
1815,15:13:08.470,2050,0.0012,1.6520
1816,15:13:08.470,2008,-0.0193,1.6182
1817,15:13:08.471,1975,-0.0354,1.5916
1818,15:13:08.471,1898,-0.0730,1.5295
1819,15:13:08.472,1900,-0.0720,1.5311
1820,15:13:08.472,1957,-0.0442,1.5771
1821,15:13:08.473,2020,-0.0134,1.6278
1822,15:13:08.473,2038,-0.0046,1.6423
1823,15:13:08.474,2085,0.0183,1.6802
1824,15:13:08.474,2128,0.0393,1.7149
1825,15:13:08.475,2099,0.0252,1.6915
1826,15:13:08.475,2067,0.0095,1.6657
1827,15:13:08.476,2039,-0.0042,1.6432
1828,15:13:08.476,2023,-0.0120,1.6303
1829,15:13:08.477,1976,-0.0349,1.5924
1830,15:13:08.477,1923,-0.0608,1.5497
1831,15:13:08.478,1895,-0.0745,1.5271
1832,15:13:08.478,1951,-0.0471,1.5722
1833,15:13:08.479,2013,-0.0168,1.6222
1834,15:13:08.479,2060,0.0061,1.6601
1835,15:13:08.480,2064,0.0081,1.6633
1836,15:13:08.480,2128,0.0393,1.7149
1837,15:13:08.481,2099,0.0252,1.6915
1838,15:13:08.481,2085,0.0183,1.6802
1839,15:13:08.482,2037,-0.0051,1.6415
1840,15:13:08.482,2048,0.0002,1.6504
1841,15:13:08.483,2001,-0.0227,1.6125
1842,15:13:08.483,1962,-0.0418,1.5811
1843,15:13:08.484,1891,-0.0764,1.5239
1844,15:13:08.484,1954,-0.0457,1.5747
1845,15:13:08.485,2000,-0.0232,1.6117
1846,15:13:08.485,2058,0.0051,1.6585
1847,15:13:08.486,2051,0.0017,1.6528
1848,15:13:08.486,2112,0.0315,1.7020
1849,15:13:08.487,2106,0.0286,1.6971
1850,15:13:08.487,2097,0.0242,1.6899
1851,15:13:08.488,2038,-0.0046,1.6423
1852,15:13:08.488,2049,0.0007,1.6512
1853,15:13:08.489,2015,-0.0159,1.6238
1854,15:13:08.489,1985,-0.0305,1.5996
1855,15:13:08.490,1887,-0.0784,1.5207
1856,15:13:08.490,1937,-0.0540,1.5610
1857,15:13:08.491,1982,-0.0320,1.5972
1858,15:13:08.491,2033,-0.0071,1.6383
1859,15:13:08.492,2044,-0.0017,1.6472
1860,15:13:08.492,2103,0.0271,1.6947
1861,15:13:08.493,2108,0.0295,1.6988
1862,15:13:08.493,2106,0.0286,1.6971
1863,15:13:08.494,2053,0.0027,1.6544
1864,15:13:08.494,2048,0.0002,1.6504
1865,15:13:08.495,2008,-0.0193,1.6182
1866,15:13:08.495,1983,-0.0315,1.5980
1867,15:13:08.496,1891,-0.0764,1.5239
1868,15:13:08.496,1911,-0.0667,1.5400
1869,15:13:08.497,1969,-0.0383,1.5867
1870,15:13:08.497,2025,-0.0110,1.6319
1871,15:13:08.498,2042,-0.0027,1.6456
1872,15:13:08.498,2098,0.0247,1.6907
1873,15:13:08.499,2114,0.0325,1.7036
1874,15:13:08.499,2105,0.0281,1.6963
1875,15:13:08.500,2058,0.0051,1.6585
1876,15:13:08.500,2043,-0.0022,1.6464
1877,15:13:08.501,2008,-0.0193,1.6182
1878,15:13:08.501,1976,-0.0349,1.5924
1879,15:13:08.502,1905,-0.0696,1.5352
1880,15:13:08.502,1902,-0.0711,1.5327
1881,15:13:08.503,1964,-0.0408,1.5827
1882,15:13:08.503,2024,-0.0115,1.6311
1883,15:13:08.504,2042,-0.0027,1.6456
1884,15:13:08.504,2081,0.0164,1.6770
1885,15:13:08.505,2124,0.0374,1.7116
1886,15:13:08.505,2102,0.0266,1.6939
1887,15:13:08.506,2072,0.0120,1.6697
1888,15:13:08.506,2042,-0.0027,1.6456
1889,15:13:08.507,2032,-0.0076,1.6375
1890,15:13:08.507,1980,-0.0330,1.5956
1891,15:13:08.508,1936,-0.0545,1.5601
1892,15:13:08.508,1897,-0.0735,1.5287
1893,15:13:08.509,1957,-0.0442,1.5771
1894,15:13:08.509,2013,-0.0168,1.6222
1895,15:13:08.510,2048,0.0002,1.6504
1896,15:13:08.510,2058,0.0051,1.6585
1897,15:13:08.511,2121,0.0359,1.7092
1898,15:13:08.511,2092,0.0217,1.6859
1899,15:13:08.512,2086,0.0188,1.6810
1900,15:13:08.512,2035,-0.0061,1.6399
1901,15:13:08.513,2043,-0.0022,1.6464
1902,15:13:08.513,2009,-0.0188,1.6190
1903,15:13:08.514,1972,-0.0369,1.5892
1904,15:13:08.514,1899,-0.0725,1.5303
1905,15:13:08.515,1953,-0.0462,1.5738
1906,15:13:08.515,2001,-0.0227,1.6125
1907,15:13:08.516,2042,-0.0027,1.6456
1908,15:13:08.516,2043,-0.0022,1.6464
1909,15:13:08.517,2104,0.0276,1.6955
1910,15:13:08.517,2092,0.0217,1.6859
1911,15:13:08.518,2086,0.0188,1.6810
1912,15:13:08.518,2046,-0.0007,1.6488
1913,15:13:08.519,2059,0.0056,1.6593
1914,15:13:08.519,2019,-0.0139,1.6270
1915,15:13:08.520,1996,-0.0252,1.6085
1916,15:13:08.520,1905,-0.0696,1.5352
1917,15:13:08.521,1940,-0.0525,1.5634
1918,15:13:08.521,1979,-0.0335,1.5948
1919,15:13:08.522,2029,-0.0090,1.6351
1920,15:13:08.522,2037,-0.0051,1.6415
1921,15:13:08.523,2089,0.0203,1.6834
1922,15:13:08.523,2107,0.0291,1.6979
1923,15:13:08.524,2100,0.0256,1.6923
1924,15:13:08.524,2055,0.0037,1.6560
1925,15:13:08.525,2058,0.0051,1.6585
1926,15:13:08.525,2018,-0.0144,1.6262
1927,15:13:08.526,1990,-0.0281,1.6037
1928,15:13:08.526,1908,-0.0681,1.5376
1929,15:13:08.527,1922,-0.0613,1.5489
1930,15:13:08.527,1969,-0.0383,1.5867
1931,15:13:08.528,2014,-0.0164,1.6230
1932,15:13:08.528,2032,-0.0076,1.6375
1933,15:13:08.529,2084,0.0178,1.6794
1934,15:13:08.529,2110,0.0305,1.7004
1935,15:13:08.530,2099,0.0252,1.6915
1936,15:13:08.530,2067,0.0095,1.6657
1937,15:13:08.531,2050,0.0012,1.6520
1938,15:13:08.531,2021,-0.0129,1.6286
1939,15:13:08.532,1984,-0.0310,1.5988
1940,15:13:08.532,1917,-0.0637,1.5448
1941,15:13:08.533,1906,-0.0691,1.5360
1942,15:13:08.533,1961,-0.0422,1.5803
1943,15:13:08.534,2005,-0.0208,1.6158
1944,15:13:08.534,2034,-0.0066,1.6391
1945,15:13:08.535,2068,0.0100,1.6665
1946,15:13:08.535,2114,0.0325,1.7036
1947,15:13:08.536,2092,0.0217,1.6859
1948,15:13:08.536,2077,0.0144,1.6738
1949,15:13:08.537,2037,-0.0051,1.6415
1950,15:13:08.537,2038,-0.0046,1.6423
1951,15:13:08.538,2001,-0.0227,1.6125
1952,15:13:08.538,1951,-0.0471,1.5722
1953,15:13:08.539,1901,-0.0716,1.5319
1954,15:13:08.539,1955,-0.0452,1.5755
1955,15:13:08.540,2005,-0.0208,1.6158
1956,15:13:08.540,2037,-0.0051,1.6415
1957,15:13:08.541,2049,0.0007,1.6512
1958,15:13:08.541,2117,0.0339,1.7060
1959,15:13:08.542,2088,0.0198,1.6826
1960,15:13:08.542,2093,0.0222,1.6867
1961,15:13:08.543,2048,0.0002,1.6504
1962,15:13:08.543,2055,0.0037,1.6560
1963,15:13:08.544,2021,-0.0129,1.6286
1964,15:13:08.544,1979,-0.0335,1.5948
1965,15:13:08.545,1905,-0.0696,1.5352
1966,15:13:08.545,1943,-0.0510,1.5658
1967,15:13:08.546,1992,-0.0271,1.6053
1968,15:13:08.546,2034,-0.0066,1.6391
1969,15:13:08.547,2035,-0.0061,1.6399
1970,15:13:08.547,2097,0.0242,1.6899
1971,15:13:08.548,2100,0.0256,1.6923
1972,15:13:08.548,2098,0.0247,1.6907
1973,15:13:08.549,2054,0.0032,1.6552
1974,15:13:08.549,2066,0.0090,1.6649
1975,15:13:08.550,2025,-0.0110,1.6319
1976,15:13:08.550,1995,-0.0256,1.6077
1977,15:13:08.551,1910,-0.0672,1.5392
1978,15:13:08.551,1928,-0.0584,1.5537
1979,15:13:08.552,1965,-0.0403,1.5835
1980,15:13:08.552,2022,-0.0125,1.6295
1981,15:13:08.553,2029,-0.0090,1.6351
1982,15:13:08.553,2081,0.0164,1.6770
1983,15:13:08.554,2111,0.0310,1.7012
1984,15:13:08.554,2100,0.0256,1.6923
1985,15:13:08.555,2068,0.0100,1.6665
1986,15:13:08.555,2065,0.0085,1.6641
1987,15:13:08.556,2023,-0.0120,1.6303
1988,15:13:08.556,1987,-0.0295,1.6012
1989,15:13:08.557,1908,-0.0681,1.5376
1990,15:13:08.557,1911,-0.0667,1.5400
1991,15:13:08.558,1954,-0.0457,1.5747
1992,15:13:08.558,1998,-0.0242,1.6101
1993,15:13:08.559,2031,-0.0081,1.6367
1994,15:13:08.559,2071,0.0115,1.6689
1995,15:13:08.560,2112,0.0315,1.7020
1996,15:13:08.560,2105,0.0281,1.6963
1997,15:13:08.561,2074,0.0129,1.6714
1998,15:13:08.561,2053,0.0027,1.6544
1999,15:13:08.562,2025,-0.0110,1.6319
2000,15:13:08.562,1982,-0.0320,1.5972
2001,15:13:08.563,1927,-0.0589,1.5529
2002,15:13:08.563,1897,-0.0735,1.5287
2003,15:13:08.564,1954,-0.0457,1.5747
2004,15:13:08.564,2000,-0.0232,1.6117
2005,15:13:08.565,2037,-0.0051,1.6415
2006,15:13:08.565,2063,0.0076,1.6625
2007,15:13:08.566,2116,0.0335,1.7052
2008,15:13:08.566,2096,0.0237,1.6891
2009,15:13:08.567,2085,0.0183,1.6802
2010,15:13:08.567,2044,-0.0017,1.6472
2011,15:13:08.568,2048,0.0002,1.6504
2012,15:13:08.568,2000,-0.0232,1.6117
2013,15:13:08.569,1957,-0.0442,1.5771
2014,15:13:08.569,1897,-0.0735,1.5287
2015,15:13:08.570,1946,-0.0496,1.5682
2016,15:13:08.570,1998,-0.0242,1.6101
2017,15:13:08.571,2033,-0.0071,1.6383
2018,15:13:08.571,2045,-0.0012,1.6480
2019,15:13:08.572,2113,0.0320,1.7028
2020,15:13:08.572,2094,0.0227,1.6875
2021,15:13:08.573,2093,0.0222,1.6867
2022,15:13:08.573,2054,0.0032,1.6552
2023,15:13:08.574,2059,0.0056,1.6593
2024,15:13:08.574,2022,-0.0125,1.6295
2025,15:13:08.575,1986,-0.0300,1.6004
2026,15:13:08.575,1898,-0.0730,1.5295
2027,15:13:08.576,1939,-0.0530,1.5626
2028,15:13:08.576,1985,-0.0305,1.5996
2029,15:13:08.577,2030,-0.0085,1.6359
2030,15:13:08.577,2035,-0.0061,1.6399
2031,15:13:08.578,2099,0.0252,1.6915
2032,15:13:08.578,2098,0.0247,1.6907
2033,15:13:08.579,2097,0.0242,1.6899
2034,15:13:08.579,2063,0.0076,1.6625
2035,15:13:08.580,2064,0.0081,1.6633
2036,15:13:08.580,2021,-0.0129,1.6286
2037,15:13:08.581,1997,-0.0247,1.6093
2038,15:13:08.581,1911,-0.0667,1.5400
2039,15:13:08.582,1927,-0.0589,1.5529
2040,15:13:08.582,1960,-0.0427,1.5795
2041,15:13:08.583,2013,-0.0168,1.6222
2042,15:13:08.583,2031,-0.0081,1.6367
2043,15:13:08.584,2078,0.0149,1.6746
2044,15:13:08.584,2110,0.0305,1.7004
2045,15:13:08.585,2100,0.0256,1.6923
2046,15:13:08.585,2066,0.0090,1.6649
2047,15:13:08.586,2064,0.0081,1.6633
2048,15:13:08.586,2022,-0.0125,1.6295
2049,15:13:08.587,1984,-0.0310,1.5988
2050,15:13:08.587,1916,-0.0642,1.5440
2051,15:13:08.588,1907,-0.0686,1.5368
2052,15:13:08.588,1950,-0.0476,1.5714
2053,15:13:08.589,2003,-0.0217,1.6141
2054,15:13:08.589,2033,-0.0071,1.6383
2055,15:13:08.590,2067,0.0095,1.6657
2056,15:13:08.590,2113,0.0320,1.7028
2057,15:13:08.591,2102,0.0266,1.6939
2058,15:13:08.591,2078,0.0149,1.6746
2059,15:13:08.592,2044,-0.0017,1.6472
2060,15:13:08.592,2033,-0.0071,1.6383
2061,15:13:08.593,1985,-0.0305,1.5996
2062,15:13:08.593,1935,-0.0549,1.5593
2063,15:13:08.594,1907,-0.0686,1.5368
2064,15:13:08.594,1956,-0.0447,1.5763
2065,15:13:08.595,1995,-0.0256,1.6077
2066,15:13:08.595,2036,-0.0056,1.6407
2067,15:13:08.596,2063,0.0076,1.6625
2068,15:13:08.596,2107,0.0291,1.6979
2069,15:13:08.597,2090,0.0208,1.6842
2070,15:13:08.597,2090,0.0208,1.6842
2071,15:13:08.598,2044,-0.0017,1.6472
2072,15:13:08.598,2051,0.0017,1.6528
2073,15:13:08.599,2004,-0.0212,1.6149
2074,15:13:08.599,1969,-0.0383,1.5867
2075,15:13:08.600,1906,-0.0691,1.5360
2076,15:13:08.600,1954,-0.0457,1.5747
2077,15:13:08.601,1996,-0.0252,1.6085
2078,15:13:08.601,2024,-0.0115,1.6311
2079,15:13:08.602,2044,-0.0017,1.6472
2080,15:13:08.602,2105,0.0281,1.6963
2081,15:13:08.603,2093,0.0222,1.6867
2082,15:13:08.603,2092,0.0217,1.6859
2083,15:13:08.604,2056,0.0042,1.6568
2084,15:13:08.604,2062,0.0071,1.6617
2085,15:13:08.605,2027,-0.0100,1.6335
2086,15:13:08.605,2000,-0.0232,1.6117
2087,15:13:08.606,1910,-0.0672,1.5392
2088,15:13:08.606,1944,-0.0505,1.5666
2089,15:13:08.607,1978,-0.0339,1.5940
2090,15:13:08.607,2018,-0.0144,1.6262
2091,15:13:08.608,2026,-0.0105,1.6327
2092,15:13:08.608,2083,0.0173,1.6786
2093,15:13:08.609,2098,0.0247,1.6907
2094,15:13:08.609,2093,0.0222,1.6867
2095,15:13:08.610,2065,0.0085,1.6641
2096,15:13:08.610,2065,0.0085,1.6641
2097,15:13:08.611,2025,-0.0110,1.6319
2098,15:13:08.611,1996,-0.0252,1.6085
2099,15:13:08.612,1915,-0.0647,1.5432
2100,15:13:08.612,1924,-0.0603,1.5505
2101,15:13:08.613,1960,-0.0427,1.5795
2102,15:13:08.613,2008,-0.0193,1.6182
2103,15:13:08.614,2023,-0.0120,1.6303
2104,15:13:08.614,2071,0.0115,1.6689
2105,15:13:08.615,2104,0.0276,1.6955
2106,15:13:08.615,2099,0.0252,1.6915
2107,15:13:08.616,2069,0.0105,1.6673
2108,15:13:08.616,2054,0.0032,1.6552
2109,15:13:08.617,2028,-0.0095,1.6343
2110,15:13:08.617,1988,-0.0291,1.6021
2111,15:13:08.618,1928,-0.0584,1.5537
2112,15:13:08.618,1911,-0.0667,1.5400
2113,15:13:08.619,1951,-0.0471,1.5722
2114,15:13:08.619,1998,-0.0242,1.6101
2115,15:13:08.620,2031,-0.0081,1.6367
2116,15:13:08.620,2066,0.0090,1.6649
2117,15:13:08.621,2112,0.0315,1.7020
2118,15:13:08.621,2095,0.0232,1.6883
2119,15:13:08.622,2080,0.0159,1.6762
2120,15:13:08.622,2043,-0.0022,1.6464
2121,15:13:08.623,2040,-0.0037,1.6440
2122,15:13:08.623,1995,-0.0256,1.6077
2123,15:13:08.624,1953,-0.0462,1.5738
2124,15:13:08.624,1911,-0.0667,1.5400
2125,15:13:08.625,1958,-0.0437,1.5779
2126,15:13:08.625,1993,-0.0266,1.6061
2127,15:13:08.626,2030,-0.0085,1.6359
2128,15:13:08.626,2054,0.0032,1.6552
2129,15:13:08.627,2107,0.0291,1.6979
2130,15:13:08.627,2085,0.0183,1.6802
2131,15:13:08.628,2082,0.0168,1.6778
2132,15:13:08.628,2042,-0.0027,1.6456
2133,15:13:08.629,2056,0.0042,1.6568
2134,15:13:08.629,2018,-0.0144,1.6262
2135,15:13:08.630,1980,-0.0330,1.5956
2136,15:13:08.630,1924,-0.0603,1.5505
2137,15:13:08.631,1959,-0.0432,1.5787
2138,15:13:08.631,1989,-0.0286,1.6029
2139,15:13:08.632,2022,-0.0125,1.6295
2140,15:13:08.632,2036,-0.0056,1.6407
2141,15:13:08.633,2094,0.0227,1.6875
2142,15:13:08.633,2084,0.0178,1.6794
2143,15:13:08.634,2086,0.0188,1.6810
2144,15:13:08.634,2055,0.0037,1.6560
2145,15:13:08.635,2062,0.0071,1.6617
2146,15:13:08.635,2031,-0.0081,1.6367
2147,15:13:08.636,2002,-0.0222,1.6133
2148,15:13:08.636,1923,-0.0608,1.5497
2149,15:13:08.637,1947,-0.0491,1.5690
2150,15:13:08.637,1974,-0.0359,1.5908
2151,15:13:08.638,2011,-0.0178,1.6206
2152,15:13:08.638,2019,-0.0139,1.6270
2153,15:13:08.639,2073,0.0125,1.6705
2154,15:13:08.639,2099,0.0252,1.6915
2155,15:13:08.640,2094,0.0227,1.6875
2156,15:13:08.640,2065,0.0085,1.6641
2157,15:13:08.641,2066,0.0090,1.6649
2158,15:13:08.641,2031,-0.0081,1.6367
2159,15:13:08.642,2001,-0.0227,1.6125
2160,15:13:08.642,1931,-0.0569,1.5561
2161,15:13:08.643,1929,-0.0579,1.5545
2162,15:13:08.643,1958,-0.0437,1.5779
2163,15:13:08.644,1994,-0.0261,1.6069
2164,15:13:08.644,2013,-0.0168,1.6222
2165,15:13:08.645,2059,0.0056,1.6593
2166,15:13:08.645,2100,0.0256,1.6923
2167,15:13:08.646,2091,0.0212,1.6851
2168,15:13:08.646,2071,0.0115,1.6689
2169,15:13:08.647,2059,0.0056,1.6593
2170,15:13:08.647,2036,-0.0056,1.6407
2171,15:13:08.648,1999,-0.0237,1.6109
2172,15:13:08.648,1945,-0.0501,1.5674
2173,15:13:08.649,1911,-0.0667,1.5400
2174,15:13:08.649,1947,-0.0491,1.5690
2175,15:13:08.650,1988,-0.0291,1.6021
2176,15:13:08.650,2019,-0.0139,1.6270
2177,15:13:08.651,2050,0.0012,1.6520
2178,15:13:08.651,2100,0.0256,1.6923
2179,15:13:08.652,2084,0.0178,1.6794
2180,15:13:08.652,2080,0.0159,1.6762
2181,15:13:08.653,2050,0.0012,1.6520
2182,15:13:08.653,2055,0.0037,1.6560
2183,15:13:08.654,2009,-0.0188,1.6190
2184,15:13:08.654,1976,-0.0349,1.5924
2185,15:13:08.655,1926,-0.0593,1.5521
2186,15:13:08.655,1956,-0.0447,1.5763
2187,15:13:08.656,1991,-0.0276,1.6045
2188,15:13:08.656,2026,-0.0105,1.6327
2189,15:13:08.657,2038,-0.0046,1.6423
2190,15:13:08.657,2095,0.0232,1.6883
2191,15:13:08.658,2080,0.0159,1.6762
2192,15:13:08.658,2088,0.0198,1.6826
2193,15:13:08.659,2055,0.0037,1.6560
2194,15:13:08.659,2071,0.0115,1.6689
2195,15:13:08.660,2033,-0.0071,1.6383
2196,15:13:08.660,2000,-0.0232,1.6117
2197,15:13:08.661,1929,-0.0579,1.5545
2198,15:13:08.661,1956,-0.0447,1.5763
2199,15:13:08.662,1984,-0.0310,1.5988
2200,15:13:08.662,2014,-0.0164,1.6230
2201,15:13:08.663,2021,-0.0129,1.6286
2202,15:13:08.663,2086,0.0188,1.6810
2203,15:13:08.664,2089,0.0203,1.6834
2204,15:13:08.664,2092,0.0217,1.6859
2205,15:13:08.665,2061,0.0066,1.6609
2206,15:13:08.665,2071,0.0115,1.6689
2207,15:13:08.666,2039,-0.0042,1.6432
2208,15:13:08.666,2007,-0.0198,1.6174
2209,15:13:08.667,1930,-0.0574,1.5553
2210,15:13:08.667,1943,-0.0510,1.5658
2211,15:13:08.668,1957,-0.0442,1.5771
2212,15:13:08.668,1993,-0.0266,1.6061
2213,15:13:08.669,2008,-0.0193,1.6182
2214,15:13:08.669,2063,0.0076,1.6625
2215,15:13:08.670,2093,0.0222,1.6867
2216,15:13:08.670,2092,0.0217,1.6859
2217,15:13:08.671,2067,0.0095,1.6657
2218,15:13:08.671,2068,0.0100,1.6665
2219,15:13:08.672,2040,-0.0037,1.6440
2220,15:13:08.672,2001,-0.0227,1.6125
2221,15:13:08.673,1935,-0.0549,1.5593
2222,15:13:08.673,1916,-0.0642,1.5440
2223,15:13:08.674,1946,-0.0496,1.5682
2224,15:13:08.674,1980,-0.0330,1.5956
2225,15:13:08.675,2011,-0.0178,1.6206
2226,15:13:08.675,2054,0.0032,1.6552
2227,15:13:08.676,2098,0.0247,1.6907
2228,15:13:08.676,2092,0.0217,1.6859
2229,15:13:08.677,2077,0.0144,1.6738
2230,15:13:08.677,2055,0.0037,1.6560
2231,15:13:08.678,2044,-0.0017,1.6472
2232,15:13:08.678,2001,-0.0227,1.6125
2233,15:13:08.679,1961,-0.0422,1.5803
2234,15:13:08.679,1917,-0.0637,1.5448
2235,15:13:08.680,1959,-0.0432,1.5787
2236,15:13:08.680,1989,-0.0286,1.6029
2237,15:13:08.681,2020,-0.0134,1.6278
2238,15:13:08.681,2045,-0.0012,1.6480
2239,15:13:08.682,2102,0.0266,1.6939
2240,15:13:08.682,2087,0.0193,1.6818
2241,15:13:08.683,2085,0.0183,1.6802
2242,15:13:08.683,2052,0.0022,1.6536
2243,15:13:08.684,2063,0.0076,1.6625
2244,15:13:08.684,2013,-0.0168,1.6222
2245,15:13:08.685,1989,-0.0286,1.6029
2246,15:13:08.685,1925,-0.0598,1.5513
2247,15:13:08.686,1953,-0.0462,1.5738
2248,15:13:08.686,1988,-0.0291,1.6021
2249,15:13:08.687,2021,-0.0129,1.6286
2250,15:13:08.687,2034,-0.0066,1.6391
2251,15:13:08.688,2097,0.0242,1.6899
2252,15:13:08.688,2085,0.0183,1.6802
2253,15:13:08.689,2086,0.0188,1.6810
2254,15:13:08.689,2058,0.0051,1.6585
2255,15:13:08.690,2071,0.0115,1.6689
2256,15:13:08.690,2031,-0.0081,1.6367
2257,15:13:08.691,2006,-0.0203,1.6166
2258,15:13:08.691,1933,-0.0559,1.5577
2259,15:13:08.692,1953,-0.0462,1.5738
2260,15:13:08.692,1973,-0.0364,1.5900
2261,15:13:08.693,2009,-0.0188,1.6190
2262,15:13:08.693,2020,-0.0134,1.6278
2263,15:13:08.694,2071,0.0115,1.6689
2264,15:13:08.694,2093,0.0222,1.6867
2265,15:13:08.695,2091,0.0212,1.6851
2266,15:13:08.695,2061,0.0066,1.6609
2267,15:13:08.696,2073,0.0125,1.6705
2268,15:13:08.696,2036,-0.0056,1.6407
2269,15:13:08.697,2008,-0.0193,1.6182
2270,15:13:08.697,1932,-0.0564,1.5569
2271,15:13:08.698,1938,-0.0535,1.5618
2272,15:13:08.698,1954,-0.0457,1.5747
2273,15:13:08.699,1989,-0.0286,1.6029
2274,15:13:08.699,2008,-0.0193,1.6182
2275,15:13:08.700,2056,0.0042,1.6568
2276,15:13:08.700,2093,0.0222,1.6867
2277,15:13:08.701,2087,0.0193,1.6818
2278,15:13:08.701,2062,0.0071,1.6617
2279,15:13:08.702,2062,0.0071,1.6617
2280,15:13:08.702,2044,-0.0017,1.6472
2281,15:13:08.703,2005,-0.0208,1.6158
2282,15:13:08.703,1945,-0.0501,1.5674
2283,15:13:08.704,1926,-0.0593,1.5521
2284,15:13:08.704,1958,-0.0437,1.5779
2285,15:13:08.705,1989,-0.0286,1.6029
2286,15:13:08.705,2020,-0.0134,1.6278
2287,15:13:08.706,2053,0.0027,1.6544
2288,15:13:08.706,2100,0.0256,1.6923
2289,15:13:08.707,2085,0.0183,1.6802
2290,15:13:08.707,2080,0.0159,1.6762
2291,15:13:08.708,2052,0.0022,1.6536
2292,15:13:08.708,2055,0.0037,1.6560
2293,15:13:08.709,2012,-0.0173,1.6214
2294,15:13:08.709,1974,-0.0359,1.5908
2295,15:13:08.710,1936,-0.0545,1.5601
2296,15:13:08.710,1960,-0.0427,1.5795
2297,15:13:08.711,1992,-0.0271,1.6053
2298,15:13:08.711,2023,-0.0120,1.6303
2299,15:13:08.712,2039,-0.0042,1.6432
2300,15:13:08.712,2096,0.0237,1.6891
2301,15:13:08.713,2080,0.0159,1.6762
2302,15:13:08.713,2085,0.0183,1.6802
2303,15:13:08.714,2048,0.0002,1.6504
2304,15:13:08.714,2066,0.0090,1.6649
2305,15:13:08.715,2023,-0.0120,1.6303
2306,15:13:08.715,2003,-0.0217,1.6141
2307,15:13:08.716,1934,-0.0554,1.5585
2308,15:13:08.716,1964,-0.0408,1.5827
2309,15:13:08.717,1984,-0.0310,1.5988
2310,15:13:08.717,2022,-0.0125,1.6295
2311,15:13:08.718,2026,-0.0105,1.6327
2312,15:13:08.718,2084,0.0178,1.6794
2313,15:13:08.719,2080,0.0159,1.6762
2314,15:13:08.719,2088,0.0198,1.6826
2315,15:13:08.720,2056,0.0042,1.6568
2316,15:13:08.720,2069,0.0105,1.6673
2317,15:13:08.721,2036,-0.0056,1.6407
2318,15:13:08.721,2004,-0.0212,1.6149
2319,15:13:08.722,1939,-0.0530,1.5626
2320,15:13:08.722,1951,-0.0471,1.5722
2321,15:13:08.723,1966,-0.0398,1.5843
2322,15:13:08.723,2004,-0.0212,1.6149
2323,15:13:08.724,2012,-0.0173,1.6214
2324,15:13:08.724,2056,0.0042,1.6568
2325,15:13:08.725,2094,0.0227,1.6875
2326,15:13:08.725,2084,0.0178,1.6794
2327,15:13:08.726,2058,0.0051,1.6585
2328,15:13:08.726,2067,0.0095,1.6657
2329,15:13:08.727,2039,-0.0042,1.6432
2330,15:13:08.727,2007,-0.0198,1.6174
2331,15:13:08.728,1941,-0.0520,1.5642
2332,15:13:08.728,1940,-0.0525,1.5634
2333,15:13:08.729,1957,-0.0442,1.5771
2334,15:13:08.729,1988,-0.0291,1.6021
2335,15:13:08.730,2008,-0.0193,1.6182
2336,15:13:08.730,2044,-0.0017,1.6472
2337,15:13:08.731,2090,0.0208,1.6842
2338,15:13:08.731,2083,0.0173,1.6786
2339,15:13:08.732,2068,0.0100,1.6665
2340,15:13:08.732,2054,0.0032,1.6552
2341,15:13:08.733,2044,-0.0017,1.6472
2342,15:13:08.733,2002,-0.0222,1.6133
2343,15:13:08.734,1961,-0.0422,1.5803
2344,15:13:08.734,1938,-0.0535,1.5618
2345,15:13:08.735,1960,-0.0427,1.5795
2346,15:13:08.735,1987,-0.0295,1.6012
2347,15:13:08.736,2020,-0.0134,1.6278
2348,15:13:08.736,2039,-0.0042,1.6432
2349,15:13:08.737,2093,0.0222,1.6867
2350,15:13:08.737,2081,0.0164,1.6770
2351,15:13:08.738,2079,0.0154,1.6754
2352,15:13:08.738,2046,-0.0007,1.6488
2353,15:13:08.739,2059,0.0056,1.6593
2354,15:13:08.739,2014,-0.0164,1.6230
2355,15:13:08.740,1987,-0.0295,1.6012
2356,15:13:08.740,1937,-0.0540,1.5610
2357,15:13:08.741,1964,-0.0408,1.5827
2358,15:13:08.741,1994,-0.0261,1.6069
2359,15:13:08.742,2023,-0.0120,1.6303
2360,15:13:08.742,2029,-0.0090,1.6351
2361,15:13:08.743,2088,0.0198,1.6826
2362,15:13:08.743,2078,0.0149,1.6746
2363,15:13:08.744,2080,0.0159,1.6762
2364,15:13:08.744,2049,0.0007,1.6512
2365,15:13:08.745,2065,0.0085,1.6641
2366,15:13:08.745,2027,-0.0100,1.6335
2367,15:13:08.746,2006,-0.0203,1.6166
2368,15:13:08.746,1940,-0.0525,1.5634
2369,15:13:08.747,1969,-0.0383,1.5867
2370,15:13:08.747,1979,-0.0335,1.5948
2371,15:13:08.748,2013,-0.0168,1.6222
2372,15:13:08.748,2015,-0.0159,1.6238
2373,15:13:08.749,2072,0.0120,1.6697
2374,15:13:08.749,2077,0.0144,1.6738
2375,15:13:08.750,2072,0.0120,1.6697
2376,15:13:08.750,2055,0.0037,1.6560
2377,15:13:08.751,2064,0.0081,1.6633
2378,15:13:08.751,2036,-0.0056,1.6407
2379,15:13:08.752,2010,-0.0183,1.6198
2380,15:13:08.752,1943,-0.0510,1.5658
2381,15:13:08.753,1952,-0.0466,1.5730
2382,15:13:08.753,1967,-0.0393,1.5851
2383,15:13:08.754,1993,-0.0266,1.6061
2384,15:13:08.754,2007,-0.0198,1.6174
2385,15:13:08.755,2044,-0.0017,1.6472
2386,15:13:08.755,2085,0.0183,1.6802
2387,15:13:08.756,2079,0.0154,1.6754
2388,15:13:08.756,2060,0.0061,1.6601
2389,15:13:08.757,2067,0.0095,1.6657
2390,15:13:08.757,2048,0.0002,1.6504
2391,15:13:08.758,2008,-0.0193,1.6182
2392,15:13:08.758,1956,-0.0447,1.5763
2393,15:13:08.759,1939,-0.0530,1.5626
2394,15:13:08.759,1961,-0.0422,1.5803
2395,15:13:08.760,1984,-0.0310,1.5988
2396,15:13:08.760,2008,-0.0193,1.6182
2397,15:13:08.761,2034,-0.0066,1.6391
2398,15:13:08.761,2086,0.0188,1.6810
2399,15:13:08.762,2077,0.0144,1.6738
2400,15:13:08.762,2068,0.0100,1.6665
2401,15:13:08.763,2052,0.0022,1.6536
2402,15:13:08.763,2056,0.0042,1.6568
2403,15:13:08.764,2013,-0.0168,1.6222
2404,15:13:08.764,1982,-0.0320,1.5972
2405,15:13:08.765,1941,-0.0520,1.5642
2406,15:13:08.765,1966,-0.0398,1.5843
2407,15:13:08.766,1990,-0.0281,1.6037
2408,15:13:08.766,2019,-0.0139,1.6270
2409,15:13:08.767,2030,-0.0085,1.6359
2410,15:13:08.767,2088,0.0198,1.6826
2411,15:13:08.768,2069,0.0105,1.6673
2412,15:13:08.768,2078,0.0149,1.6746
2413,15:13:08.769,2043,-0.0022,1.6464
2414,15:13:08.769,2066,0.0090,1.6649
2415,15:13:08.770,2027,-0.0100,1.6335
2416,15:13:08.770,2000,-0.0232,1.6117
2417,15:13:08.771,1951,-0.0471,1.5722
2418,15:13:08.771,1971,-0.0374,1.5884
2419,15:13:08.772,1988,-0.0291,1.6021
2420,15:13:08.772,2016,-0.0154,1.6246
2421,15:13:08.773,2024,-0.0115,1.6311
2422,15:13:08.773,2079,0.0154,1.6754
2423,15:13:08.774,2072,0.0120,1.6697
2424,15:13:08.774,2076,0.0139,1.6730
2425,15:13:08.775,2053,0.0027,1.6544
2426,15:13:08.775,2071,0.0115,1.6689
2427,15:13:08.776,2038,-0.0046,1.6423
2428,15:13:08.776,2014,-0.0164,1.6230
2429,15:13:08.777,1944,-0.0505,1.5666
2430,15:13:08.777,1965,-0.0403,1.5835
2431,15:13:08.778,1977,-0.0344,1.5932
2432,15:13:08.778,2004,-0.0212,1.6149
2433,15:13:08.779,2009,-0.0188,1.6190
2434,15:13:08.779,2055,0.0037,1.6560
2435,15:13:08.780,2082,0.0168,1.6778
2436,15:13:08.780,2073,0.0125,1.6705
2437,15:13:08.781,2058,0.0051,1.6585
2438,15:13:08.781,2070,0.0110,1.6681
2439,15:13:08.782,2044,-0.0017,1.6472
2440,15:13:08.782,2013,-0.0168,1.6222
2441,15:13:08.783,1945,-0.0501,1.5674
2442,15:13:08.783,1944,-0.0505,1.5666
2443,15:13:08.784,1963,-0.0413,1.5819
2444,15:13:08.784,1985,-0.0305,1.5996
2445,15:13:08.785,1999,-0.0237,1.6109
2446,15:13:08.785,2031,-0.0081,1.6367
2447,15:13:08.786,2085,0.0183,1.6802
2448,15:13:08.786,2078,0.0149,1.6746
2449,15:13:08.787,2065,0.0085,1.6641
2450,15:13:08.787,2061,0.0066,1.6609
2451,15:13:08.788,2051,0.0017,1.6528
2452,15:13:08.788,2009,-0.0188,1.6190
2453,15:13:08.789,1968,-0.0388,1.5859
2454,15:13:08.789,1938,-0.0535,1.5618
2455,15:13:08.790,1957,-0.0442,1.5771
2456,15:13:08.790,1983,-0.0315,1.5980
2457,15:13:08.791,2007,-0.0198,1.6174
2458,15:13:08.791,2032,-0.0076,1.6375
2459,15:13:08.792,2088,0.0198,1.6826
2460,15:13:08.792,2073,0.0125,1.6705
2461,15:13:08.793,2075,0.0134,1.6722
2462,15:13:08.793,2051,0.0017,1.6528
2463,15:13:08.794,2059,0.0056,1.6593
2464,15:13:08.794,2015,-0.0159,1.6238
2465,15:13:08.795,1993,-0.0266,1.6061
2466,15:13:08.795,1949,-0.0481,1.5706
2467,15:13:08.796,1967,-0.0393,1.5851
2468,15:13:08.796,1992,-0.0271,1.6053
2469,15:13:08.797,2019,-0.0139,1.6270
2470,15:13:08.797,2030,-0.0085,1.6359
2471,15:13:08.798,2085,0.0183,1.6802
2472,15:13:08.798,2073,0.0125,1.6705
2473,15:13:08.799,2075,0.0134,1.6722
2474,15:13:08.799,2049,0.0007,1.6512
2475,15:13:08.800,2066,0.0090,1.6649
2476,15:13:08.800,2027,-0.0100,1.6335
2477,15:13:08.801,2006,-0.0203,1.6166
2478,15:13:08.801,1948,-0.0486,1.5698
2479,15:13:08.802,1969,-0.0383,1.5867
2480,15:13:08.802,1982,-0.0320,1.5972
2481,15:13:08.803,2013,-0.0168,1.6222
2482,15:13:08.803,2021,-0.0129,1.6286
2483,15:13:08.804,2072,0.0120,1.6697
2484,15:13:08.804,2081,0.0164,1.6770
2485,15:13:08.805,2072,0.0120,1.6697
2486,15:13:08.805,2054,0.0032,1.6552
2487,15:13:08.806,2070,0.0110,1.6681
2488,15:13:08.806,2038,-0.0046,1.6423
2489,15:13:08.807,2008,-0.0193,1.6182
2490,15:13:08.807,1942,-0.0515,1.5650
2491,15:13:08.808,1957,-0.0442,1.5771
2492,15:13:08.808,1972,-0.0369,1.5892
2493,15:13:08.809,1994,-0.0261,1.6069
2494,15:13:08.809,2007,-0.0198,1.6174
2495,15:13:08.810,2043,-0.0022,1.6464
2496,15:13:08.810,2089,0.0203,1.6834
2497,15:13:08.811,2073,0.0125,1.6705
2498,15:13:08.811,2055,0.0037,1.6560
2499,15:13:08.812,2063,0.0076,1.6625
2500,15:13:08.812,2044,-0.0017,1.6472
2501,15:13:08.813,2011,-0.0178,1.6206
2502,15:13:08.813,1961,-0.0422,1.5803
2503,15:13:08.814,1943,-0.0510,1.5658
2504,15:13:08.814,1971,-0.0374,1.5884
2505,15:13:08.815,1985,-0.0305,1.5996
2506,15:13:08.815,2008,-0.0193,1.6182
2507,15:13:08.816,2039,-0.0042,1.6432
2508,15:13:08.816,2086,0.0188,1.6810
2509,15:13:08.817,2077,0.0144,1.6738
2510,15:13:08.817,2070,0.0110,1.6681
2511,15:13:08.818,2053,0.0027,1.6544
2512,15:13:08.818,2055,0.0037,1.6560
2513,15:13:08.819,2014,-0.0164,1.6230
2514,15:13:08.819,1985,-0.0305,1.5996
2515,15:13:08.820,1942,-0.0515,1.5650
2516,15:13:08.820,1964,-0.0408,1.5827
2517,15:13:08.821,1996,-0.0252,1.6085
2518,15:13:08.821,2021,-0.0129,1.6286
2519,15:13:08.822,2037,-0.0051,1.6415
2520,15:13:08.822,2082,0.0168,1.6778
2521,15:13:08.823,2072,0.0120,1.6697
2522,15:13:08.823,2070,0.0110,1.6681
2523,15:13:08.824,2040,-0.0037,1.6440
2524,15:13:08.824,2062,0.0071,1.6617
2525,15:13:08.825,2016,-0.0154,1.6246
2526,15:13:08.825,1999,-0.0237,1.6109
2527,15:13:08.826,1949,-0.0481,1.5706
2528,15:13:08.826,1972,-0.0369,1.5892
2529,15:13:08.827,1987,-0.0295,1.6012
2530,15:13:08.827,2024,-0.0115,1.6311
2531,15:13:08.828,2028,-0.0095,1.6343
2532,15:13:08.828,2081,0.0164,1.6770
2533,15:13:08.829,2074,0.0129,1.6714
2534,15:13:08.829,2070,0.0110,1.6681
2535,15:13:08.830,2045,-0.0012,1.6480
2536,15:13:08.830,2062,0.0071,1.6617
2537,15:13:08.831,2031,-0.0081,1.6367
2538,15:13:08.831,2002,-0.0222,1.6133
2539,15:13:08.832,1945,-0.0501,1.5674
2540,15:13:08.832,1972,-0.0369,1.5892
2541,15:13:08.833,1981,-0.0325,1.5964
2542,15:13:08.833,2006,-0.0203,1.6166
2543,15:13:08.834,2019,-0.0139,1.6270
2544,15:13:08.834,2059,0.0056,1.6593
2545,15:13:08.835,2086,0.0188,1.6810
2546,15:13:08.835,2067,0.0095,1.6657
2547,15:13:08.836,2052,0.0022,1.6536
2548,15:13:08.836,2065,0.0085,1.6641
2549,15:13:08.837,2040,-0.0037,1.6440
2550,15:13:08.837,2014,-0.0164,1.6230
2551,15:13:08.838,1955,-0.0452,1.5755
2552,15:13:08.838,1959,-0.0432,1.5787
2553,15:13:08.839,1974,-0.0359,1.5908
2554,15:13:08.839,1990,-0.0281,1.6037
2555,15:13:08.840,2007,-0.0198,1.6174
2556,15:13:08.840,2038,-0.0046,1.6423
2557,15:13:08.841,2084,0.0178,1.6794
2558,15:13:08.841,2072,0.0120,1.6697
2559,15:13:08.842,2060,0.0061,1.6601
2560,15:13:08.842,2058,0.0051,1.6585
2561,15:13:08.843,2052,0.0022,1.6536
2562,15:13:08.843,2010,-0.0183,1.6198
2563,15:13:08.844,1971,-0.0374,1.5884
2564,15:13:08.844,1946,-0.0496,1.5682
2565,15:13:08.845,1965,-0.0403,1.5835
2566,15:13:08.845,1985,-0.0305,1.5996
2567,15:13:08.846,2011,-0.0178,1.6206
2568,15:13:08.846,2034,-0.0066,1.6391
2569,15:13:08.847,2082,0.0168,1.6778
2570,15:13:08.847,2067,0.0095,1.6657
2571,15:13:08.848,2065,0.0085,1.6641
2572,15:13:08.848,2043,-0.0022,1.6464
2573,15:13:08.849,2052,0.0022,1.6536
2574,15:13:08.849,2018,-0.0144,1.6262
2575,15:13:08.850,1992,-0.0271,1.6053
2576,15:13:08.850,1950,-0.0476,1.5714
2577,15:13:08.851,1967,-0.0393,1.5851
2578,15:13:08.851,1986,-0.0300,1.6004
2579,15:13:08.852,2019,-0.0139,1.6270
2580,15:13:08.852,2031,-0.0081,1.6367
2581,15:13:08.853,2083,0.0173,1.6786
2582,15:13:08.853,2066,0.0090,1.6649
2583,15:13:08.854,2072,0.0120,1.6697
2584,15:13:08.854,2045,-0.0012,1.6480
2585,15:13:08.855,2062,0.0071,1.6617
2586,15:13:08.855,2026,-0.0105,1.6327
2587,15:13:08.856,2004,-0.0212,1.6149
2588,15:13:08.856,1950,-0.0476,1.5714
2589,15:13:08.857,1978,-0.0339,1.5940
2590,15:13:08.857,1987,-0.0295,1.6012
2591,15:13:08.858,2022,-0.0125,1.6295
2592,15:13:08.858,2021,-0.0129,1.6286
2593,15:13:08.859,2068,0.0100,1.6665
2594,15:13:08.859,2076,0.0139,1.6730
2595,15:13:08.860,2065,0.0085,1.6641
2596,15:13:08.860,2052,0.0022,1.6536
2597,15:13:08.861,2067,0.0095,1.6657
2598,15:13:08.861,2034,-0.0066,1.6391
2599,15:13:08.862,2009,-0.0188,1.6190
2600,15:13:08.862,1953,-0.0462,1.5738
2601,15:13:08.863,1968,-0.0388,1.5859
2602,15:13:08.863,1984,-0.0310,1.5988
2603,15:13:08.864,1998,-0.0242,1.6101
2604,15:13:08.864,2016,-0.0154,1.6246
2605,15:13:08.865,2043,-0.0022,1.6464
2606,15:13:08.865,2088,0.0198,1.6826
2607,15:13:08.866,2070,0.0110,1.6681
2608,15:13:08.866,2051,0.0017,1.6528
2609,15:13:08.867,2067,0.0095,1.6657
2610,15:13:08.867,2049,0.0007,1.6512
2611,15:13:08.868,2014,-0.0164,1.6230
2612,15:13:08.868,1962,-0.0418,1.5811
2613,15:13:08.869,1955,-0.0452,1.5755
2614,15:13:08.869,1970,-0.0379,1.5875
2615,15:13:08.870,1990,-0.0281,1.6037
2616,15:13:08.870,2012,-0.0173,1.6214
2617,15:13:08.871,2036,-0.0056,1.6407
2618,15:13:08.871,2079,0.0154,1.6754
2619,15:13:08.872,2071,0.0115,1.6689
2620,15:13:08.872,2057,0.0046,1.6577
2621,15:13:08.873,2052,0.0022,1.6536
2622,15:13:08.873,2052,0.0022,1.6536
2623,15:13:08.874,2011,-0.0178,1.6206
2624,15:13:08.874,1992,-0.0271,1.6053
2625,15:13:08.875,1949,-0.0481,1.5706
2626,15:13:08.875,1969,-0.0383,1.5867
2627,15:13:08.876,1990,-0.0281,1.6037
2628,15:13:08.876,2013,-0.0168,1.6222
2629,15:13:08.877,2030,-0.0085,1.6359
2630,15:13:08.877,2072,0.0120,1.6697
2631,15:13:08.878,2064,0.0081,1.6633
2632,15:13:08.878,2065,0.0085,1.6641
2633,15:13:08.879,2041,-0.0032,1.6448
2634,15:13:08.879,2060,0.0061,1.6601
2635,15:13:08.880,2021,-0.0129,1.6286
2636,15:13:08.880,2000,-0.0232,1.6117
2637,15:13:08.881,1958,-0.0437,1.5779
2638,15:13:08.881,1972,-0.0369,1.5892
2639,15:13:08.882,1988,-0.0291,1.6021
2640,15:13:08.882,2017,-0.0149,1.6254
2641,15:13:08.883,2026,-0.0105,1.6327
2642,15:13:08.883,2076,0.0139,1.6730
2643,15:13:08.884,2071,0.0115,1.6689
2644,15:13:08.884,2068,0.0100,1.6665
2645,15:13:08.885,2048,0.0002,1.6504
2646,15:13:08.885,2061,0.0066,1.6609
2647,15:13:08.886,2030,-0.0085,1.6359
2648,15:13:08.886,2003,-0.0217,1.6141
2649,15:13:08.887,1955,-0.0452,1.5755
2650,15:13:08.887,1978,-0.0339,1.5940
2651,15:13:08.888,1982,-0.0320,1.5972
2652,15:13:08.888,2010,-0.0183,1.6198
2653,15:13:08.889,2016,-0.0154,1.6246
2654,15:13:08.889,2058,0.0051,1.6585
2655,15:13:08.890,2082,0.0168,1.6778
2656,15:13:08.890,2065,0.0085,1.6641
2657,15:13:08.891,2053,0.0027,1.6544
2658,15:13:08.891,2068,0.0100,1.6665
2659,15:13:08.892,2041,-0.0032,1.6448
2660,15:13:08.892,2015,-0.0159,1.6238
2661,15:13:08.893,1958,-0.0437,1.5779
2662,15:13:08.893,1963,-0.0413,1.5819
2663,15:13:08.894,1977,-0.0344,1.5932
2664,15:13:08.894,1985,-0.0305,1.5996
2665,15:13:08.895,2004,-0.0212,1.6149
2666,15:13:08.895,2039,-0.0042,1.6432
2667,15:13:08.896,2085,0.0183,1.6802
2668,15:13:08.896,2071,0.0115,1.6689
2669,15:13:08.897,2060,0.0061,1.6601
2670,15:13:08.897,2063,0.0076,1.6625
2671,15:13:08.898,2057,0.0046,1.6577
2672,15:13:08.898,2011,-0.0178,1.6206
2673,15:13:08.899,1976,-0.0349,1.5924
2674,15:13:08.899,1948,-0.0486,1.5698
2675,15:13:08.900,1967,-0.0393,1.5851
2676,15:13:08.900,1982,-0.0320,1.5972
2677,15:13:08.901,2006,-0.0203,1.6166
2678,15:13:08.901,2027,-0.0100,1.6335
2679,15:13:08.902,2078,0.0149,1.6746
2680,15:13:08.902,2067,0.0095,1.6657
2681,15:13:08.903,2063,0.0076,1.6625
2682,15:13:08.903,2045,-0.0012,1.6480
2683,15:13:08.904,2060,0.0061,1.6601
2684,15:13:08.904,2018,-0.0144,1.6262
2685,15:13:08.905,1994,-0.0261,1.6069
2686,15:13:08.905,1952,-0.0466,1.5730
2687,15:13:08.906,1963,-0.0413,1.5819
2688,15:13:08.906,1981,-0.0325,1.5964
2689,15:13:08.907,2015,-0.0159,1.6238
2690,15:13:08.907,2024,-0.0115,1.6311
2691,15:13:08.908,2078,0.0149,1.6746
2692,15:13:08.908,2066,0.0090,1.6649
2693,15:13:08.909,2068,0.0100,1.6665
2694,15:13:08.909,2048,0.0002,1.6504
2695,15:13:08.910,2060,0.0061,1.6601
2696,15:13:08.910,2029,-0.0090,1.6351
2697,15:13:08.911,1998,-0.0242,1.6101
2698,15:13:08.911,1954,-0.0457,1.5747
2699,15:13:08.912,1974,-0.0359,1.5908
2700,15:13:08.912,1982,-0.0320,1.5972
2701,15:13:08.913,2017,-0.0149,1.6254
2702,15:13:08.913,2021,-0.0129,1.6286
2703,15:13:08.914,2069,0.0105,1.6673
2704,15:13:08.914,2081,0.0164,1.6770
2705,15:13:08.915,2067,0.0095,1.6657
2706,15:13:08.915,2058,0.0051,1.6585
2707,15:13:08.916,2059,0.0056,1.6593
2708,15:13:08.916,2039,-0.0042,1.6432
2709,15:13:08.917,2006,-0.0203,1.6166
2710,15:13:08.917,1951,-0.0471,1.5722
2711,15:13:08.918,1972,-0.0369,1.5892
2712,15:13:08.918,1981,-0.0325,1.5964
2713,15:13:08.919,1999,-0.0237,1.6109
2714,15:13:08.919,2017,-0.0149,1.6254
2715,15:13:08.920,2051,0.0017,1.6528
2716,15:13:08.920,2087,0.0193,1.6818
2717,15:13:08.921,2072,0.0120,1.6697
2718,15:13:08.921,2058,0.0051,1.6585
2719,15:13:08.922,2065,0.0085,1.6641
2720,15:13:08.922,2046,-0.0007,1.6488
2721,15:13:08.923,2011,-0.0178,1.6206
2722,15:13:08.923,1965,-0.0403,1.5835
2723,15:13:08.924,1953,-0.0462,1.5738
2724,15:13:08.924,1977,-0.0344,1.5932
2725,15:13:08.925,1986,-0.0300,1.6004
2726,15:13:08.925,2009,-0.0188,1.6190
2727,15:13:08.926,2036,-0.0056,1.6407
2728,15:13:08.926,2082,0.0168,1.6778
2729,15:13:08.927,2073,0.0125,1.6705
2730,15:13:08.927,2064,0.0081,1.6633
2731,15:13:08.928,2053,0.0027,1.6544
2732,15:13:08.928,2061,0.0066,1.6609
2733,15:13:08.929,2015,-0.0159,1.6238
2734,15:13:08.929,1986,-0.0300,1.6004
2735,15:13:08.930,1953,-0.0462,1.5738
2736,15:13:08.930,1964,-0.0408,1.5827
2737,15:13:08.931,1986,-0.0300,1.6004
2738,15:13:08.931,2010,-0.0183,1.6198
2739,15:13:08.932,2033,-0.0071,1.6383
2740,15:13:08.932,2079,0.0154,1.6754
2741,15:13:08.933,2069,0.0105,1.6673
2742,15:13:08.933,2070,0.0110,1.6681
2743,15:13:08.934,2039,-0.0042,1.6432
2744,15:13:08.934,2062,0.0071,1.6617
2745,15:13:08.935,2019,-0.0139,1.6270
2746,15:13:08.935,1993,-0.0266,1.6061
2747,15:13:08.936,1955,-0.0452,1.5755
2748,15:13:08.936,1973,-0.0364,1.5900
2749,15:13:08.937,1982,-0.0320,1.5972
2750,15:13:08.937,2022,-0.0125,1.6295
2751,15:13:08.938,2028,-0.0095,1.6343
2752,15:13:08.938,2075,0.0134,1.6722
2753,15:13:08.939,2074,0.0129,1.6714
2754,15:13:08.939,2069,0.0105,1.6673
2755,15:13:08.940,2046,-0.0007,1.6488
2756,15:13:08.940,2059,0.0056,1.6593
2757,15:13:08.941,2027,-0.0100,1.6335
2758,15:13:08.941,1998,-0.0242,1.6101
2759,15:13:08.942,1956,-0.0447,1.5763
2760,15:13:08.942,1978,-0.0339,1.5940
2761,15:13:08.943,1979,-0.0335,1.5948
2762,15:13:08.943,2007,-0.0198,1.6174
2763,15:13:08.944,2016,-0.0154,1.6246
2764,15:13:08.944,2054,0.0032,1.6552
2765,15:13:08.945,2081,0.0164,1.6770
2766,15:13:08.945,2070,0.0110,1.6681
2767,15:13:08.946,2054,0.0032,1.6552
2768,15:13:08.946,2062,0.0071,1.6617
2769,15:13:08.947,2040,-0.0037,1.6440
2770,15:13:08.947,2004,-0.0212,1.6149
2771,15:13:08.948,1956,-0.0447,1.5763
2772,15:13:08.948,1965,-0.0403,1.5835
2773,15:13:08.949,1977,-0.0344,1.5932
2774,15:13:08.949,1992,-0.0271,1.6053
2775,15:13:08.950,2008,-0.0193,1.6182
2776,15:13:08.950,2034,-0.0066,1.6391
2777,15:13:08.951,2081,0.0164,1.6770
2778,15:13:08.951,2075,0.0134,1.6722
2779,15:13:08.952,2059,0.0056,1.6593
2780,15:13:08.952,2062,0.0071,1.6617
2781,15:13:08.953,2055,0.0037,1.6560
2782,15:13:08.953,2014,-0.0164,1.6230
2783,15:13:08.954,1980,-0.0330,1.5956
2784,15:13:08.954,1954,-0.0457,1.5747
2785,15:13:08.955,1971,-0.0374,1.5884
2786,15:13:08.955,1985,-0.0305,1.5996
2787,15:13:08.956,2012,-0.0173,1.6214
2788,15:13:08.956,2033,-0.0071,1.6383
2789,15:13:08.957,2078,0.0149,1.6746
2790,15:13:08.957,2069,0.0105,1.6673
2791,15:13:08.958,2063,0.0076,1.6625
2792,15:13:08.958,2045,-0.0012,1.6480
2793,15:13:08.959,2060,0.0061,1.6601
2794,15:13:08.959,2023,-0.0120,1.6303
2795,15:13:08.960,1999,-0.0237,1.6109
2796,15:13:08.960,1960,-0.0427,1.5795
2797,15:13:08.961,1965,-0.0403,1.5835
2798,15:13:08.961,1986,-0.0300,1.6004
2799,15:13:08.962,2013,-0.0168,1.6222
2800,15:13:08.962,2027,-0.0100,1.6335
2801,15:13:08.963,2073,0.0125,1.6705
2802,15:13:08.963,2068,0.0100,1.6665
2803,15:13:08.964,2068,0.0100,1.6665
2804,15:13:08.964,2044,-0.0017,1.6472
2805,15:13:08.965,2059,0.0056,1.6593
2806,15:13:08.965,2027,-0.0100,1.6335
2807,15:13:08.966,1996,-0.0252,1.6085
2808,15:13:08.966,1955,-0.0452,1.5755
2809,15:13:08.967,1976,-0.0349,1.5924
2810,15:13:08.967,1982,-0.0320,1.5972
2811,15:13:08.968,2012,-0.0173,1.6214
2812,15:13:08.968,2019,-0.0139,1.6270
2813,15:13:08.969,2060,0.0061,1.6601
2814,15:13:08.969,2075,0.0134,1.6722
2815,15:13:08.970,2062,0.0071,1.6617
2816,15:13:08.970,2050,0.0012,1.6520
2817,15:13:08.971,2064,0.0081,1.6633
2818,15:13:08.971,2036,-0.0056,1.6407
2819,15:13:08.972,2003,-0.0217,1.6141
2820,15:13:08.972,1953,-0.0462,1.5738
2821,15:13:08.973,1975,-0.0354,1.5916
2822,15:13:08.973,1986,-0.0300,1.6004
2823,15:13:08.974,1997,-0.0247,1.6093
2824,15:13:08.974,2014,-0.0164,1.6230
2825,15:13:08.975,2043,-0.0022,1.6464
2826,15:13:08.975,2076,0.0139,1.6730
2827,15:13:08.976,2071,0.0115,1.6689
2828,15:13:08.976,2056,0.0042,1.6568
2829,15:13:08.977,2068,0.0100,1.6665
2830,15:13:08.977,2044,-0.0017,1.6472
2831,15:13:08.978,2012,-0.0173,1.6214
2832,15:13:08.978,1973,-0.0364,1.5900
2833,15:13:08.979,1962,-0.0418,1.5811
2834,15:13:08.979,1978,-0.0339,1.5940
2835,15:13:08.980,1989,-0.0286,1.6029
2836,15:13:08.980,2007,-0.0198,1.6174
2837,15:13:08.981,2033,-0.0071,1.6383
2838,15:13:08.981,2077,0.0144,1.6738
2839,15:13:08.982,2066,0.0090,1.6649
2840,15:13:08.982,2059,0.0056,1.6593
2841,15:13:08.983,2053,0.0027,1.6544
2842,15:13:08.983,2062,0.0071,1.6617
2843,15:13:08.984,2013,-0.0168,1.6222
2844,15:13:08.984,1991,-0.0276,1.6045
2845,15:13:08.985,1961,-0.0422,1.5803
2846,15:13:08.985,1968,-0.0388,1.5859
2847,15:13:08.986,1987,-0.0295,1.6012
2848,15:13:08.986,2007,-0.0198,1.6174
2849,15:13:08.987,2030,-0.0085,1.6359
2850,15:13:08.987,2075,0.0134,1.6722
2851,15:13:08.988,2066,0.0090,1.6649
2852,15:13:08.988,2068,0.0100,1.6665
2853,15:13:08.989,2049,0.0007,1.6512
2854,15:13:08.989,2062,0.0071,1.6617
2855,15:13:08.990,2024,-0.0115,1.6311
2856,15:13:08.990,1996,-0.0252,1.6085
2857,15:13:08.991,1962,-0.0418,1.5811
2858,15:13:08.991,1976,-0.0349,1.5924
2859,15:13:08.992,1978,-0.0339,1.5940
2860,15:13:08.992,2008,-0.0193,1.6182
2861,15:13:08.993,2018,-0.0144,1.6262
2862,15:13:08.993,2063,0.0076,1.6625
2863,15:13:08.994,2071,0.0115,1.6689
2864,15:13:08.994,2068,0.0100,1.6665
2865,15:13:08.995,2052,0.0022,1.6536
2866,15:13:08.995,2061,0.0066,1.6609
2867,15:13:08.996,2034,-0.0066,1.6391
2868,15:13:08.996,2002,-0.0222,1.6133
2869,15:13:08.997,1960,-0.0427,1.5795
2870,15:13:08.997,1976,-0.0349,1.5924
2871,15:13:08.998,1982,-0.0320,1.5972
2872,15:13:08.998,2002,-0.0222,1.6133
2873,15:13:08.999,2011,-0.0178,1.6206
2874,15:13:08.999,2049,0.0007,1.6512
2875,15:13:09.000,2081,0.0164,1.6770
2876,15:13:09.000,2063,0.0076,1.6625
2877,15:13:09.001,2054,0.0032,1.6552
2878,15:13:09.001,2067,0.0095,1.6657
2879,15:13:09.002,2046,-0.0007,1.6488
2880,15:13:09.002,2008,-0.0193,1.6182
2881,15:13:09.003,1965,-0.0403,1.5835
2882,15:13:09.003,1967,-0.0393,1.5851
2883,15:13:09.004,1979,-0.0335,1.5948
2884,15:13:09.004,1991,-0.0276,1.6045
2885,15:13:09.005,2006,-0.0203,1.6166
2886,15:13:09.005,2032,-0.0076,1.6375
2887,15:13:09.006,2075,0.0134,1.6722
2888,15:13:09.006,2066,0.0090,1.6649
2889,15:13:09.007,2054,0.0032,1.6552
2890,15:13:09.007,2060,0.0061,1.6601
2891,15:13:09.008,2055,0.0037,1.6560
2892,15:13:09.008,2012,-0.0173,1.6214
2893,15:13:09.009,1978,-0.0339,1.5940
2894,15:13:09.009,1959,-0.0432,1.5787
2895,15:13:09.010,1968,-0.0388,1.5859
2896,15:13:09.010,1982,-0.0320,1.5972
2897,15:13:09.011,2001,-0.0227,1.6125
2898,15:13:09.011,2020,-0.0134,1.6278
2899,15:13:09.012,2071,0.0115,1.6689
2900,15:13:09.012,2065,0.0085,1.6641
2901,15:13:09.013,2064,0.0081,1.6633
2902,15:13:09.013,2053,0.0027,1.6544
2903,15:13:09.014,2066,0.0090,1.6649
2904,15:13:09.014,2026,-0.0105,1.6327
2905,15:13:09.015,1998,-0.0242,1.6101
2906,15:13:09.015,1963,-0.0413,1.5819
2907,15:13:09.016,1969,-0.0383,1.5867
2908,15:13:09.016,1986,-0.0300,1.6004
2909,15:13:09.017,2009,-0.0188,1.6190
2910,15:13:09.017,2020,-0.0134,1.6278
2911,15:13:09.018,2069,0.0105,1.6673
2912,15:13:09.018,2065,0.0085,1.6641
2913,15:13:09.019,2065,0.0085,1.6641
2914,15:13:09.019,2051,0.0017,1.6528
2915,15:13:09.020,2065,0.0085,1.6641
2916,15:13:09.020,2037,-0.0051,1.6415
2917,15:13:09.021,2002,-0.0222,1.6133
2918,15:13:09.021,1963,-0.0413,1.5819
2919,15:13:09.022,1971,-0.0374,1.5884
2920,15:13:09.022,1976,-0.0349,1.5924
2921,15:13:09.023,2003,-0.0217,1.6141
2922,15:13:09.023,2012,-0.0173,1.6214
2923,15:13:09.024,2055,0.0037,1.6560
2924,15:13:09.024,2078,0.0149,1.6746
2925,15:13:09.025,2064,0.0081,1.6633
2926,15:13:09.025,2059,0.0056,1.6593
2927,15:13:09.026,2072,0.0120,1.6697
2928,15:13:09.026,2042,-0.0027,1.6456
2929,15:13:09.027,2006,-0.0203,1.6166
2930,15:13:09.027,1958,-0.0437,1.5779
2931,15:13:09.028,1972,-0.0369,1.5892
2932,15:13:09.028,1980,-0.0330,1.5956
2933,15:13:09.029,1992,-0.0271,1.6053
2934,15:13:09.029,2010,-0.0183,1.6198
2935,15:13:09.030,2040,-0.0037,1.6440
2936,15:13:09.030,2078,0.0149,1.6746
2937,15:13:09.031,2070,0.0110,1.6681
2938,15:13:09.031,2052,0.0022,1.6536
2939,15:13:09.032,2064,0.0081,1.6633
2940,15:13:09.032,2053,0.0027,1.6544
2941,15:13:09.033,2009,-0.0188,1.6190
2942,15:13:09.033,1977,-0.0344,1.5932
2943,15:13:09.034,1958,-0.0437,1.5779
2944,15:13:09.034,1969,-0.0383,1.5867
2945,15:13:09.035,1984,-0.0310,1.5988
2946,15:13:09.035,2003,-0.0217,1.6141
2947,15:13:09.036,2031,-0.0081,1.6367
2948,15:13:09.036,2072,0.0120,1.6697
2949,15:13:09.037,2070,0.0110,1.6681
2950,15:13:09.037,2061,0.0066,1.6609
2951,15:13:09.038,2059,0.0056,1.6593
2952,15:13:09.038,2063,0.0076,1.6625
2953,15:13:09.039,2019,-0.0139,1.6270
2954,15:13:09.039,1993,-0.0266,1.6061
2955,15:13:09.040,1959,-0.0432,1.5787
2956,15:13:09.040,1967,-0.0393,1.5851
2957,15:13:09.041,1983,-0.0315,1.5980
2958,15:13:09.041,2007,-0.0198,1.6174
2959,15:13:09.042,2028,-0.0095,1.6343
2960,15:13:09.042,2069,0.0105,1.6673
2961,15:13:09.043,2064,0.0081,1.6633
2962,15:13:09.043,2066,0.0090,1.6649
2963,15:13:09.044,2058,0.0051,1.6585
2964,15:13:09.044,2064,0.0081,1.6633
2965,15:13:09.045,2033,-0.0071,1.6383
2966,15:13:09.045,2004,-0.0212,1.6149
2967,15:13:09.046,1965,-0.0403,1.5835
2968,15:13:09.046,1972,-0.0369,1.5892
2969,15:13:09.047,1978,-0.0339,1.5940
2970,15:13:09.047,2006,-0.0203,1.6166
2971,15:13:09.048,2016,-0.0154,1.6246
2972,15:13:09.048,2061,0.0066,1.6609
2973,15:13:09.049,2070,0.0110,1.6681
2974,15:13:09.049,2070,0.0110,1.6681
2975,15:13:09.050,2057,0.0046,1.6577
2976,15:13:09.050,2070,0.0110,1.6681
2977,15:13:09.051,2040,-0.0037,1.6440
2978,15:13:09.051,2011,-0.0178,1.6206
2979,15:13:09.052,1957,-0.0442,1.5771
2980,15:13:09.052,1980,-0.0330,1.5956
2981,15:13:09.053,1977,-0.0344,1.5932
2982,15:13:09.053,1999,-0.0237,1.6109
2983,15:13:09.054,2013,-0.0168,1.6222
2984,15:13:09.054,2049,0.0007,1.6512
2985,15:13:09.055,2076,0.0139,1.6730
2986,15:13:09.055,2062,0.0071,1.6617
2987,15:13:09.056,2056,0.0042,1.6568
2988,15:13:09.056,2063,0.0076,1.6625
2989,15:13:09.057,2046,-0.0007,1.6488
2990,15:13:09.057,2010,-0.0183,1.6198
2991,15:13:09.058,1966,-0.0398,1.5843
2992,15:13:09.058,1961,-0.0422,1.5803
2993,15:13:09.059,1974,-0.0359,1.5908
2994,15:13:09.059,1983,-0.0315,1.5980
2995,15:13:09.060,2005,-0.0208,1.6158
2996,15:13:09.060,2033,-0.0071,1.6383
2997,15:13:09.061,2072,0.0120,1.6697
2998,15:13:09.061,2063,0.0076,1.6625
2999,15:13:09.062,2057,0.0046,1.6577
3000,15:13:09.062,2060,0.0061,1.6601
3001,15:13:09.063,2061,0.0066,1.6609
3002,15:13:09.063,2013,-0.0168,1.6222
3003,15:13:09.064,1988,-0.0291,1.6021
3004,15:13:09.064,1966,-0.0398,1.5843
3005,15:13:09.065,1973,-0.0364,1.5900
3006,15:13:09.065,1986,-0.0300,1.6004
3007,15:13:09.066,2005,-0.0208,1.6158
3008,15:13:09.066,2023,-0.0120,1.6303
3009,15:13:09.067,2068,0.0100,1.6665
3010,15:13:09.067,2066,0.0090,1.6649
3011,15:13:09.068,2062,0.0071,1.6617
3012,15:13:09.068,2048,0.0002,1.6504
3013,15:13:09.069,2070,0.0110,1.6681
3014,15:13:09.069,2028,-0.0095,1.6343
3015,15:13:09.070,2002,-0.0222,1.6133
3016,15:13:09.070,1969,-0.0383,1.5867
3017,15:13:09.071,1971,-0.0374,1.5884
3018,15:13:09.071,1982,-0.0320,1.5972
3019,15:13:09.072,2007,-0.0198,1.6174
3020,15:13:09.072,2021,-0.0129,1.6286
3021,15:13:09.073,2060,0.0061,1.6601
3022,15:13:09.073,2062,0.0071,1.6617
3023,15:13:09.074,2063,0.0076,1.6625
3024,15:13:09.074,2055,0.0037,1.6560
3025,15:13:09.075,2067,0.0095,1.6657
3026,15:13:09.075,2041,-0.0032,1.6448
3027,15:13:09.076,2010,-0.0183,1.6198
3028,15:13:09.076,1970,-0.0379,1.5875
3029,15:13:09.077,1980,-0.0330,1.5956
3030,15:13:09.077,1979,-0.0335,1.5948
3031,15:13:09.078,2001,-0.0227,1.6125
3032,15:13:09.078,2016,-0.0154,1.6246
3033,15:13:09.079,2051,0.0017,1.6528
3034,15:13:09.079,2071,0.0115,1.6689
3035,15:13:09.080,2061,0.0066,1.6609
3036,15:13:09.080,2059,0.0056,1.6593
3037,15:13:09.081,2064,0.0081,1.6633
3038,15:13:09.081,2048,0.0002,1.6504
3039,15:13:09.082,2015,-0.0159,1.6238
3040,15:13:09.082,1969,-0.0383,1.5867
3041,15:13:09.083,1974,-0.0359,1.5908
3042,15:13:09.083,1977,-0.0344,1.5932
3043,15:13:09.084,1989,-0.0286,1.6029
3044,15:13:09.084,2006,-0.0203,1.6166
3045,15:13:09.085,2036,-0.0056,1.6407
3046,15:13:09.085,2071,0.0115,1.6689
3047,15:13:09.086,2060,0.0061,1.6601
3048,15:13:09.086,2057,0.0046,1.6577
3049,15:13:09.087,2063,0.0076,1.6625
3050,15:13:09.087,2054,0.0032,1.6552
3051,15:13:09.088,2013,-0.0168,1.6222
3052,15:13:09.088,1984,-0.0310,1.5988
3053,15:13:09.089,1967,-0.0393,1.5851
3054,15:13:09.089,1978,-0.0339,1.5940
3055,15:13:09.090,1986,-0.0300,1.6004
3056,15:13:09.090,2005,-0.0208,1.6158
3057,15:13:09.091,2023,-0.0120,1.6303
3058,15:13:09.091,2069,0.0105,1.6673
3059,15:13:09.092,2062,0.0071,1.6617
3060,15:13:09.092,2060,0.0061,1.6601
3061,15:13:09.093,2054,0.0032,1.6552
3062,15:13:09.093,2064,0.0081,1.6633
3063,15:13:09.094,2024,-0.0115,1.6311
3064,15:13:09.094,1998,-0.0242,1.6101
3065,15:13:09.095,1971,-0.0374,1.5884
3066,15:13:09.095,1973,-0.0364,1.5900
3067,15:13:09.096,1983,-0.0315,1.5980
3068,15:13:09.096,2004,-0.0212,1.6149
3069,15:13:09.097,2020,-0.0134,1.6278
3070,15:13:09.097,2063,0.0076,1.6625
3071,15:13:09.098,2067,0.0095,1.6657
3072,15:13:09.098,2062,0.0071,1.6617
3073,15:13:09.099,2056,0.0042,1.6568
3074,15:13:09.099,2071,0.0115,1.6689
3075,15:13:09.100,2041,-0.0032,1.6448
3076,15:13:09.100,2009,-0.0188,1.6190
3077,15:13:09.101,1976,-0.0349,1.5924
3078,15:13:09.101,1978,-0.0339,1.5940
3079,15:13:09.102,1978,-0.0339,1.5940
3080,15:13:09.102,2004,-0.0212,1.6149
3081,15:13:09.103,2014,-0.0164,1.6230
3082,15:13:09.103,2051,0.0017,1.6528
3083,15:13:09.104,2065,0.0085,1.6641
3084,15:13:09.104,2062,0.0071,1.6617
3085,15:13:09.105,2056,0.0042,1.6568
3086,15:13:09.105,2070,0.0110,1.6681
3087,15:13:09.106,2046,-0.0007,1.6488
3088,15:13:09.106,2009,-0.0188,1.6190
3089,15:13:09.107,1972,-0.0369,1.5892
3090,15:13:09.107,1983,-0.0315,1.5980
3091,15:13:09.108,1982,-0.0320,1.5972
3092,15:13:09.108,1990,-0.0281,1.6037
3093,15:13:09.109,2009,-0.0188,1.6190
3094,15:13:09.109,2036,-0.0056,1.6407
3095,15:13:09.110,2067,0.0095,1.6657
3096,15:13:09.110,2060,0.0061,1.6601
3097,15:13:09.111,2055,0.0037,1.6560
3098,15:13:09.111,2063,0.0076,1.6625
3099,15:13:09.112,2051,0.0017,1.6528
3100,15:13:09.112,2012,-0.0173,1.6214
3101,15:13:09.113,1978,-0.0339,1.5940
3102,15:13:09.113,1974,-0.0359,1.5908
3103,15:13:09.114,1979,-0.0335,1.5948
3104,15:13:09.114,1984,-0.0310,1.5988
3105,15:13:09.115,2003,-0.0217,1.6141
3106,15:13:09.115,2024,-0.0115,1.6311
3107,15:13:09.116,2067,0.0095,1.6657
3108,15:13:09.116,2059,0.0056,1.6593
3109,15:13:09.117,2053,0.0027,1.6544
3110,15:13:09.117,2054,0.0032,1.6552
3111,15:13:09.118,2064,0.0081,1.6633
3112,15:13:09.118,2019,-0.0139,1.6270
3113,15:13:09.119,1995,-0.0256,1.6077
3114,15:13:09.119,1971,-0.0374,1.5884
3115,15:13:09.120,1974,-0.0359,1.5908
3116,15:13:09.120,1982,-0.0320,1.5972
3117,15:13:09.121,2002,-0.0222,1.6133
3118,15:13:09.121,2021,-0.0129,1.6286
3119,15:13:09.122,2057,0.0046,1.6577
3120,15:13:09.122,2061,0.0066,1.6609
3121,15:13:09.123,2059,0.0056,1.6593
3122,15:13:09.123,2052,0.0022,1.6536
3123,15:13:09.124,2068,0.0100,1.6665
3124,15:13:09.124,2039,-0.0042,1.6432
3125,15:13:09.125,2008,-0.0193,1.6182
3126,15:13:09.125,1974,-0.0359,1.5908
3127,15:13:09.126,1977,-0.0344,1.5932
3128,15:13:09.126,1980,-0.0330,1.5956
3129,15:13:09.127,2001,-0.0227,1.6125
3130,15:13:09.127,2014,-0.0164,1.6230
3131,15:13:09.128,2055,0.0037,1.6560
3132,15:13:09.128,2066,0.0090,1.6649
3133,15:13:09.129,2064,0.0081,1.6633
3134,15:13:09.129,2055,0.0037,1.6560
3135,15:13:09.130,2071,0.0115,1.6689
3136,15:13:09.130,2048,0.0002,1.6504
3137,15:13:09.131,2013,-0.0168,1.6222
3138,15:13:09.131,1974,-0.0359,1.5908
3139,15:13:09.132,1980,-0.0330,1.5956
3140,15:13:09.132,1979,-0.0335,1.5948
3141,15:13:09.133,1994,-0.0261,1.6069
3142,15:13:09.133,2011,-0.0178,1.6206
3143,15:13:09.134,2037,-0.0051,1.6415
3144,15:13:09.134,2066,0.0090,1.6649
3145,15:13:09.135,2054,0.0032,1.6552
3146,15:13:09.135,2055,0.0037,1.6560
3147,15:13:09.136,2062,0.0071,1.6617
3148,15:13:09.136,2050,0.0012,1.6520
3149,15:13:09.137,2015,-0.0159,1.6238
3150,15:13:09.137,1977,-0.0344,1.5932
3151,15:13:09.138,1980,-0.0330,1.5956
3152,15:13:09.138,1979,-0.0335,1.5948
3153,15:13:09.139,1984,-0.0310,1.5988
3154,15:13:09.139,2003,-0.0217,1.6141
3155,15:13:09.140,2025,-0.0110,1.6319
3156,15:13:09.140,2065,0.0085,1.6641
3157,15:13:09.141,2059,0.0056,1.6593
3158,15:13:09.141,2054,0.0032,1.6552
3159,15:13:09.142,2059,0.0056,1.6593
3160,15:13:09.142,2058,0.0051,1.6585
3161,15:13:09.143,2014,-0.0164,1.6230
3162,15:13:09.143,1990,-0.0281,1.6037
3163,15:13:09.144,1975,-0.0354,1.5916
3164,15:13:09.144,1974,-0.0359,1.5908
3165,15:13:09.145,1983,-0.0315,1.5980
3166,15:13:09.145,1998,-0.0242,1.6101
3167,15:13:09.146,2020,-0.0134,1.6278
3168,15:13:09.146,2063,0.0076,1.6625
3169,15:13:09.147,2061,0.0066,1.6609
3170,15:13:09.147,2055,0.0037,1.6560
3171,15:13:09.148,2052,0.0022,1.6536
3172,15:13:09.148,2073,0.0125,1.6705
3173,15:13:09.149,2026,-0.0105,1.6327
3174,15:13:09.149,2000,-0.0232,1.6117
3175,15:13:09.150,1975,-0.0354,1.5916
3176,15:13:09.150,1974,-0.0359,1.5908
3177,15:13:09.151,1981,-0.0325,1.5964
3178,15:13:09.151,1999,-0.0237,1.6109
3179,15:13:09.152,2018,-0.0144,1.6262
3180,15:13:09.152,2056,0.0042,1.6568
3181,15:13:09.153,2058,0.0051,1.6585
3182,15:13:09.153,2062,0.0071,1.6617
3183,15:13:09.154,2057,0.0046,1.6577
3184,15:13:09.154,2066,0.0090,1.6649
3185,15:13:09.155,2048,0.0002,1.6504
3186,15:13:09.155,2006,-0.0203,1.6166
3187,15:13:09.156,1974,-0.0359,1.5908
3188,15:13:09.156,1980,-0.0330,1.5956
3189,15:13:09.157,1977,-0.0344,1.5932
3190,15:13:09.157,1998,-0.0242,1.6101
3191,15:13:09.158,2010,-0.0183,1.6198
3192,15:13:09.158,2050,0.0012,1.6520
3193,15:13:09.159,2065,0.0085,1.6641
3194,15:13:09.159,2058,0.0051,1.6585
3195,15:13:09.160,2056,0.0042,1.6568
3196,15:13:09.160,2069,0.0105,1.6673
3197,15:13:09.161,2049,0.0007,1.6512
3198,15:13:09.161,2015,-0.0159,1.6238
3199,15:13:09.162,1984,-0.0310,1.5988
3200,15:13:09.162,1984,-0.0310,1.5988
3201,15:13:09.163,1983,-0.0315,1.5980
3202,15:13:09.163,1989,-0.0286,1.6029
3203,15:13:09.164,2006,-0.0203,1.6166
3204,15:13:09.164,2032,-0.0076,1.6375
3205,15:13:09.165,2068,0.0100,1.6665
3206,15:13:09.165,2061,0.0066,1.6609
3207,15:13:09.166,2051,0.0017,1.6528
3208,15:13:09.166,2057,0.0046,1.6577
3209,15:13:09.167,2055,0.0037,1.6560
3210,15:13:09.167,2019,-0.0139,1.6270
3211,15:13:09.168,1989,-0.0286,1.6029
3212,15:13:09.168,1982,-0.0320,1.5972
3213,15:13:09.169,1982,-0.0320,1.5972
3214,15:13:09.169,1988,-0.0291,1.6021
3215,15:13:09.170,2005,-0.0208,1.6158
3216,15:13:09.170,2029,-0.0090,1.6351
3217,15:13:09.171,2061,0.0066,1.6609
3218,15:13:09.171,2058,0.0051,1.6585
3219,15:13:09.172,2051,0.0017,1.6528
3220,15:13:09.172,2055,0.0037,1.6560
3221,15:13:09.173,2062,0.0071,1.6617
3222,15:13:09.173,2024,-0.0115,1.6311
3223,15:13:09.174,1998,-0.0242,1.6101
3224,15:13:09.174,1984,-0.0310,1.5988
3225,15:13:09.175,1983,-0.0315,1.5980
3226,15:13:09.175,1985,-0.0305,1.5996
3227,15:13:09.176,2001,-0.0227,1.6125
3228,15:13:09.176,2015,-0.0159,1.6238
3229,15:13:09.177,2052,0.0022,1.6536
3230,15:13:09.177,2057,0.0046,1.6577
3231,15:13:09.178,2051,0.0017,1.6528
3232,15:13:09.178,2049,0.0007,1.6512
3233,15:13:09.179,2066,0.0090,1.6649
3234,15:13:09.179,2037,-0.0051,1.6415
3235,15:13:09.180,2002,-0.0222,1.6133
3236,15:13:09.180,1978,-0.0339,1.5940
3237,15:13:09.181,1980,-0.0330,1.5956
3238,15:13:09.181,1983,-0.0315,1.5980
3239,15:13:09.182,2002,-0.0222,1.6133
3240,15:13:09.182,2016,-0.0154,1.6246
3241,15:13:09.183,2044,-0.0017,1.6472
3242,15:13:09.183,2056,0.0042,1.6568
3243,15:13:09.184,2054,0.0032,1.6552
3244,15:13:09.184,2050,0.0012,1.6520
3245,15:13:09.185,2065,0.0085,1.6641
3246,15:13:09.185,2044,-0.0017,1.6472
3247,15:13:09.186,2010,-0.0183,1.6198
3248,15:13:09.186,1976,-0.0349,1.5924
3249,15:13:09.187,1981,-0.0325,1.5964
3250,15:13:09.187,1982,-0.0320,1.5972
3251,15:13:09.188,1990,-0.0281,1.6037
3252,15:13:09.188,2009,-0.0188,1.6190
3253,15:13:09.189,2034,-0.0066,1.6391
3254,15:13:09.189,2065,0.0085,1.6641
3255,15:13:09.190,2056,0.0042,1.6568
3256,15:13:09.190,2052,0.0022,1.6536
3257,15:13:09.191,2062,0.0071,1.6617
3258,15:13:09.191,2053,0.0027,1.6544
3259,15:13:09.192,2016,-0.0154,1.6246
3260,15:13:09.192,1985,-0.0305,1.5996
3261,15:13:09.193,1979,-0.0335,1.5948
3262,15:13:09.193,1982,-0.0320,1.5972
3263,15:13:09.194,1986,-0.0300,1.6004
3264,15:13:09.194,2003,-0.0217,1.6141
3265,15:13:09.195,2026,-0.0105,1.6327
3266,15:13:09.195,2060,0.0061,1.6601
3267,15:13:09.196,2058,0.0051,1.6585
3268,15:13:09.196,2049,0.0007,1.6512
3269,15:13:09.197,2056,0.0042,1.6568
3270,15:13:09.197,2059,0.0056,1.6593
3271,15:13:09.198,2019,-0.0139,1.6270
3272,15:13:09.198,1999,-0.0237,1.6109
3273,15:13:09.199,1984,-0.0310,1.5988
3274,15:13:09.199,1983,-0.0315,1.5980
3275,15:13:09.200,1988,-0.0291,1.6021
3276,15:13:09.200,2006,-0.0203,1.6166
3277,15:13:09.201,2024,-0.0115,1.6311
3278,15:13:09.201,2059,0.0056,1.6593
3279,15:13:09.202,2056,0.0042,1.6568
3280,15:13:09.202,2052,0.0022,1.6536
3281,15:13:09.203,2054,0.0032,1.6552
3282,15:13:09.203,2069,0.0105,1.6673
3283,15:13:09.204,2033,-0.0071,1.6383
3284,15:13:09.204,2004,-0.0212,1.6149
3285,15:13:09.205,1981,-0.0325,1.5964
3286,15:13:09.205,1983,-0.0315,1.5980
3287,15:13:09.206,1986,-0.0300,1.6004
3288,15:13:09.206,2002,-0.0222,1.6133
3289,15:13:09.207,2018,-0.0144,1.6262
3290,15:13:09.207,2049,0.0007,1.6512
3291,15:13:09.208,2055,0.0037,1.6560
3292,15:13:09.208,2052,0.0022,1.6536
3293,15:13:09.209,2048,0.0002,1.6504
3294,15:13:09.209,2063,0.0076,1.6625
3295,15:13:09.210,2041,-0.0032,1.6448
3296,15:13:09.210,2008,-0.0193,1.6182
3297,15:13:09.211,1980,-0.0330,1.5956
3298,15:13:09.211,1984,-0.0310,1.5988
3299,15:13:09.212,1983,-0.0315,1.5980
3300,15:13:09.212,1993,-0.0266,1.6061
3301,15:13:09.213,2010,-0.0183,1.6198
3302,15:13:09.213,2034,-0.0066,1.6391
3303,15:13:09.214,2057,0.0046,1.6577
3304,15:13:09.214,2050,0.0012,1.6520
3305,15:13:09.215,2049,0.0007,1.6512
3306,15:13:09.215,2062,0.0071,1.6617
3307,15:13:09.216,2054,0.0032,1.6552
3308,15:13:09.216,2014,-0.0164,1.6230
3309,15:13:09.217,1983,-0.0315,1.5980
3310,15:13:09.217,1984,-0.0310,1.5988
3311,15:13:09.218,1983,-0.0315,1.5980
3312,15:13:09.218,1989,-0.0286,1.6029
3313,15:13:09.219,2007,-0.0198,1.6174
3314,15:13:09.219,2024,-0.0115,1.6311
3315,15:13:09.220,2061,0.0066,1.6609
3316,15:13:09.220,2051,0.0017,1.6528
3317,15:13:09.221,2051,0.0017,1.6528
3318,15:13:09.221,2053,0.0027,1.6544
3319,15:13:09.222,2056,0.0042,1.6568
3320,15:13:09.222,2021,-0.0129,1.6286
3321,15:13:09.223,1994,-0.0261,1.6069
3322,15:13:09.223,1982,-0.0320,1.5972
3323,15:13:09.224,1984,-0.0310,1.5988
3324,15:13:09.224,1989,-0.0286,1.6029
3325,15:13:09.225,2008,-0.0193,1.6182
3326,15:13:09.225,2024,-0.0115,1.6311
3327,15:13:09.226,2055,0.0037,1.6560
3328,15:13:09.226,2057,0.0046,1.6577
3329,15:13:09.227,2053,0.0027,1.6544
3330,15:13:09.227,2050,0.0012,1.6520
3331,15:13:09.228,2064,0.0081,1.6633
3332,15:13:09.228,2028,-0.0095,1.6343
3333,15:13:09.229,2001,-0.0227,1.6125
3334,15:13:09.229,1980,-0.0330,1.5956
3335,15:13:09.230,1984,-0.0310,1.5988
3336,15:13:09.230,1988,-0.0291,1.6021
3337,15:13:09.231,2005,-0.0208,1.6158
3338,15:13:09.231,2017,-0.0149,1.6254
3339,15:13:09.232,2051,0.0017,1.6528
3340,15:13:09.232,2055,0.0037,1.6560
3341,15:13:09.233,2051,0.0017,1.6528
3342,15:13:09.233,2043,-0.0022,1.6464
3343,15:13:09.234,2065,0.0085,1.6641
3344,15:13:09.234,2040,-0.0037,1.6440
3345,15:13:09.235,2006,-0.0203,1.6166
3346,15:13:09.235,1981,-0.0325,1.5964
3347,15:13:09.236,1985,-0.0305,1.5996
3348,15:13:09.236,1985,-0.0305,1.5996
3349,15:13:09.237,1998,-0.0242,1.6101
3350,15:13:09.237,2016,-0.0154,1.6246
3351,15:13:09.238,2042,-0.0027,1.6456
3352,15:13:09.238,2059,0.0056,1.6593
3353,15:13:09.239,2050,0.0012,1.6520
3354,15:13:09.239,2053,0.0027,1.6544
3355,15:13:09.240,2066,0.0090,1.6649
3356,15:13:09.240,2052,0.0022,1.6536
3357,15:13:09.241,2013,-0.0168,1.6222
3358,15:13:09.241,1981,-0.0325,1.5964
3359,15:13:09.242,1988,-0.0291,1.6021
3360,15:13:09.242,1985,-0.0305,1.5996
3361,15:13:09.243,1992,-0.0271,1.6053
3362,15:13:09.243,2012,-0.0173,1.6214
3363,15:13:09.244,2027,-0.0100,1.6335
3364,15:13:09.244,2062,0.0071,1.6617
3365,15:13:09.245,2051,0.0017,1.6528
3366,15:13:09.245,2051,0.0017,1.6528
3367,15:13:09.246,2061,0.0066,1.6609
3368,15:13:09.246,2052,0.0022,1.6536
3369,15:13:09.247,2020,-0.0134,1.6278
3370,15:13:09.247,1994,-0.0261,1.6069
3371,15:13:09.248,1985,-0.0305,1.5996
3372,15:13:09.248,1984,-0.0310,1.5988
3373,15:13:09.249,1990,-0.0281,1.6037
3374,15:13:09.249,2006,-0.0203,1.6166
3375,15:13:09.250,2020,-0.0134,1.6278
3376,15:13:09.250,2060,0.0061,1.6601
3377,15:13:09.251,2052,0.0022,1.6536
3378,15:13:09.251,2048,0.0002,1.6504
3379,15:13:09.252,2051,0.0017,1.6528
3380,15:13:09.252,2062,0.0071,1.6617
3381,15:13:09.253,2024,-0.0115,1.6311
3382,15:13:09.253,1997,-0.0247,1.6093
3383,15:13:09.254,1985,-0.0305,1.5996
3384,15:13:09.254,1983,-0.0315,1.5980
3385,15:13:09.255,1985,-0.0305,1.5996
3386,15:13:09.255,2004,-0.0212,1.6149
3387,15:13:09.256,2021,-0.0129,1.6286
3388,15:13:09.256,2056,0.0042,1.6568
3389,15:13:09.257,2056,0.0042,1.6568
3390,15:13:09.257,2051,0.0017,1.6528
3391,15:13:09.258,2050,0.0012,1.6520
3392,15:13:09.258,2063,0.0076,1.6625
3393,15:13:09.259,2030,-0.0085,1.6359
3394,15:13:09.259,2007,-0.0198,1.6174
3395,15:13:09.260,1981,-0.0325,1.5964
3396,15:13:09.260,1984,-0.0310,1.5988
3397,15:13:09.261,1987,-0.0295,1.6012
3398,15:13:09.261,1995,-0.0256,1.6077
3399,15:13:09.262,2015,-0.0159,1.6238
3400,15:13:09.262,2044,-0.0017,1.6472
3401,15:13:09.263,2060,0.0061,1.6601
3402,15:13:09.263,2057,0.0046,1.6577
3403,15:13:09.264,2053,0.0027,1.6544
3404,15:13:09.264,2063,0.0076,1.6625
3405,15:13:09.265,2045,-0.0012,1.6480
3406,15:13:09.265,2010,-0.0183,1.6198
3407,15:13:09.266,1980,-0.0330,1.5956
3408,15:13:09.266,1985,-0.0305,1.5996
3409,15:13:09.267,1986,-0.0300,1.6004
3410,15:13:09.267,1994,-0.0261,1.6069
3411,15:13:09.268,2013,-0.0168,1.6222
3412,15:13:09.268,2035,-0.0061,1.6399
3413,15:13:09.269,2059,0.0056,1.6593
3414,15:13:09.269,2052,0.0022,1.6536
3415,15:13:09.270,2051,0.0017,1.6528
3416,15:13:09.270,2061,0.0066,1.6609
3417,15:13:09.271,2055,0.0037,1.6560
3418,15:13:09.271,2018,-0.0144,1.6262
3419,15:13:09.272,1987,-0.0295,1.6012
3420,15:13:09.272,1984,-0.0310,1.5988
3421,15:13:09.273,1984,-0.0310,1.5988
3422,15:13:09.273,1987,-0.0295,1.6012
3423,15:13:09.274,2007,-0.0198,1.6174
3424,15:13:09.274,2025,-0.0110,1.6319
3425,15:13:09.275,2061,0.0066,1.6609
3426,15:13:09.275,2053,0.0027,1.6544
3427,15:13:09.276,2046,-0.0007,1.6488
3428,15:13:09.276,2053,0.0027,1.6544
3429,15:13:09.277,2055,0.0037,1.6560
3430,15:13:09.277,2022,-0.0125,1.6295
3431,15:13:09.278,1993,-0.0266,1.6061
3432,15:13:09.278,1978,-0.0339,1.5940
3433,15:13:09.279,1984,-0.0310,1.5988
3434,15:13:09.279,1989,-0.0286,1.6029
3435,15:13:09.280,2007,-0.0198,1.6174
3436,15:13:09.280,2026,-0.0105,1.6327
3437,15:13:09.281,2053,0.0027,1.6544
3438,15:13:09.281,2056,0.0042,1.6568
3439,15:13:09.282,2052,0.0022,1.6536
3440,15:13:09.282,2051,0.0017,1.6528
3441,15:13:09.283,2056,0.0042,1.6568
3442,15:13:09.283,2030,-0.0085,1.6359
3443,15:13:09.284,2005,-0.0208,1.6158
3444,15:13:09.284,1987,-0.0295,1.6012
3445,15:13:09.285,1985,-0.0305,1.5996
3446,15:13:09.285,1988,-0.0291,1.6021
3447,15:13:09.286,2005,-0.0208,1.6158
3448,15:13:09.286,2023,-0.0120,1.6303
3449,15:13:09.287,2050,0.0012,1.6520
3450,15:13:09.287,2058,0.0051,1.6585
3451,15:13:09.288,2049,0.0007,1.6512
3452,15:13:09.288,2049,0.0007,1.6512
3453,15:13:09.289,2058,0.0051,1.6585
3454,15:13:09.289,2040,-0.0037,1.6440
3455,15:13:09.290,2008,-0.0193,1.6182
3456,15:13:09.290,1985,-0.0305,1.5996
3457,15:13:09.291,1987,-0.0295,1.6012
3458,15:13:09.291,1989,-0.0286,1.6029
3459,15:13:09.292,2000,-0.0232,1.6117
3460,15:13:09.292,2014,-0.0164,1.6230
3461,15:13:09.293,2038,-0.0046,1.6423
3462,15:13:09.293,2059,0.0056,1.6593
3463,15:13:09.294,2046,-0.0007,1.6488
3464,15:13:09.294,2050,0.0012,1.6520
3465,15:13:09.295,2057,0.0046,1.6577
3466,15:13:09.295,2045,-0.0012,1.6480
3467,15:13:09.296,2015,-0.0159,1.6238
3468,15:13:09.296,1988,-0.0291,1.6021
3469,15:13:09.297,1989,-0.0286,1.6029
3470,15:13:09.297,1983,-0.0315,1.5980
3471,15:13:09.298,1991,-0.0276,1.6045
3472,15:13:09.298,2011,-0.0178,1.6206
3473,15:13:09.299,2028,-0.0095,1.6343
3474,15:13:09.299,2059,0.0056,1.6593
3475,15:13:09.300,2051,0.0017,1.6528
3476,15:13:09.300,2048,0.0002,1.6504
3477,15:13:09.301,2057,0.0046,1.6577
3478,15:13:09.301,2057,0.0046,1.6577
3479,15:13:09.302,2024,-0.0115,1.6311
3480,15:13:09.302,1990,-0.0281,1.6037
3481,15:13:09.303,1986,-0.0300,1.6004
3482,15:13:09.303,1984,-0.0310,1.5988
3483,15:13:09.304,1992,-0.0271,1.6053
3484,15:13:09.304,2007,-0.0198,1.6174
3485,15:13:09.305,2022,-0.0125,1.6295
3486,15:13:09.305,2054,0.0032,1.6552
3487,15:13:09.306,2052,0.0022,1.6536
3488,15:13:09.306,2045,-0.0012,1.6480
3489,15:13:09.307,2049,0.0007,1.6512
3490,15:13:09.307,2058,0.0051,1.6585
3491,15:13:09.308,2030,-0.0085,1.6359
3492,15:13:09.308,2002,-0.0222,1.6133
3493,15:13:09.309,1993,-0.0266,1.6061
3494,15:13:09.309,1990,-0.0281,1.6037
3495,15:13:09.310,1986,-0.0300,1.6004
3496,15:13:09.310,2004,-0.0212,1.6149
3497,15:13:09.311,2021,-0.0129,1.6286
3498,15:13:09.311,2050,0.0012,1.6520
3499,15:13:09.312,2054,0.0032,1.6552
3500,15:13:09.312,2046,-0.0007,1.6488
3501,15:13:09.313,2049,0.0007,1.6512
3502,15:13:09.313,2059,0.0056,1.6593
3503,15:13:09.314,2038,-0.0046,1.6423
3504,15:13:09.314,2006,-0.0203,1.6166
3505,15:13:09.315,1986,-0.0300,1.6004
3506,15:13:09.315,1992,-0.0271,1.6053
3507,15:13:09.316,1988,-0.0291,1.6021
3508,15:13:09.316,2001,-0.0227,1.6125
3509,15:13:09.317,2016,-0.0154,1.6246
3510,15:13:09.317,2044,-0.0017,1.6472
3511,15:13:09.318,2051,0.0017,1.6528
3512,15:13:09.318,2046,-0.0007,1.6488
3513,15:13:09.319,2045,-0.0012,1.6480
3514,15:13:09.319,2055,0.0037,1.6560
3515,15:13:09.320,2044,-0.0017,1.6472
3516,15:13:09.320,2008,-0.0193,1.6182
3517,15:13:09.321,1984,-0.0310,1.5988
3518,15:13:09.321,1987,-0.0295,1.6012
3519,15:13:09.322,1984,-0.0310,1.5988
3520,15:13:09.322,1993,-0.0266,1.6061
3521,15:13:09.323,2009,-0.0188,1.6190
3522,15:13:09.323,2032,-0.0076,1.6375
3523,15:13:09.324,2060,0.0061,1.6601
3524,15:13:09.324,2049,0.0007,1.6512
3525,15:13:09.325,2047,-0.0002,1.6496
3526,15:13:09.325,2058,0.0051,1.6585
3527,15:13:09.326,2053,0.0027,1.6544
3528,15:13:09.326,2017,-0.0149,1.6254
3529,15:13:09.327,1992,-0.0271,1.6053
3530,15:13:09.327,1986,-0.0300,1.6004
3531,15:13:09.328,1987,-0.0295,1.6012
3532,15:13:09.328,1988,-0.0291,1.6021
3533,15:13:09.329,2008,-0.0193,1.6182
3534,15:13:09.329,2023,-0.0120,1.6303
3535,15:13:09.330,2056,0.0042,1.6568
3536,15:13:09.330,2049,0.0007,1.6512
3537,15:13:09.331,2049,0.0007,1.6512
3538,15:13:09.331,2051,0.0017,1.6528
3539,15:13:09.332,2055,0.0037,1.6560
3540,15:13:09.332,2026,-0.0105,1.6327
3541,15:13:09.333,2003,-0.0217,1.6141
3542,15:13:09.333,1985,-0.0305,1.5996
3543,15:13:09.334,1986,-0.0300,1.6004
3544,15:13:09.334,1987,-0.0295,1.6012
3545,15:13:09.335,2002,-0.0222,1.6133
3546,15:13:09.335,2025,-0.0110,1.6319
3547,15:13:09.336,2052,0.0022,1.6536
3548,15:13:09.336,2058,0.0051,1.6585
3549,15:13:09.337,2046,-0.0007,1.6488
3550,15:13:09.337,2050,0.0012,1.6520
3551,15:13:09.338,2058,0.0051,1.6585
3552,15:13:09.338,2035,-0.0061,1.6399
3553,15:13:09.339,2002,-0.0222,1.6133
3554,15:13:09.339,1988,-0.0291,1.6021
3555,15:13:09.340,1991,-0.0276,1.6045
3556,15:13:09.340,1988,-0.0291,1.6021
3557,15:13:09.341,2004,-0.0212,1.6149
3558,15:13:09.341,2020,-0.0134,1.6278
3559,15:13:09.342,2045,-0.0012,1.6480
3560,15:13:09.342,2056,0.0042,1.6568
3561,15:13:09.343,2046,-0.0007,1.6488
3562,15:13:09.343,2053,0.0027,1.6544
3563,15:13:09.344,2059,0.0056,1.6593
3564,15:13:09.344,2041,-0.0032,1.6448
3565,15:13:09.345,2006,-0.0203,1.6166
3566,15:13:09.345,1982,-0.0320,1.5972
3567,15:13:09.346,1989,-0.0286,1.6029
3568,15:13:09.346,1987,-0.0295,1.6012
3569,15:13:09.347,1994,-0.0261,1.6069
3570,15:13:09.347,2013,-0.0168,1.6222
3571,15:13:09.348,2035,-0.0061,1.6399
3572,15:13:09.348,2058,0.0051,1.6585
3573,15:13:09.349,2044,-0.0017,1.6472
3574,15:13:09.349,2052,0.0022,1.6536
3575,15:13:09.350,2058,0.0051,1.6585
3576,15:13:09.350,2053,0.0027,1.6544
3577,15:13:09.351,2018,-0.0144,1.6262
3578,15:13:09.351,1988,-0.0291,1.6021
3579,15:13:09.352,1986,-0.0300,1.6004
3580,15:13:09.352,1985,-0.0305,1.5996
3581,15:13:09.353,1991,-0.0276,1.6045
3582,15:13:09.353,2013,-0.0168,1.6222
3583,15:13:09.354,2027,-0.0100,1.6335
3584,15:13:09.354,2061,0.0066,1.6609
3585,15:13:09.355,2050,0.0012,1.6520
3586,15:13:09.355,2049,0.0007,1.6512
3587,15:13:09.356,2051,0.0017,1.6528
3588,15:13:09.356,2056,0.0042,1.6568
3589,15:13:09.357,2023,-0.0120,1.6303
3590,15:13:09.357,1998,-0.0242,1.6101
3591,15:13:09.358,1987,-0.0295,1.6012
3592,15:13:09.358,1986,-0.0300,1.6004
3593,15:13:09.359,1985,-0.0305,1.5996
3594,15:13:09.359,2009,-0.0188,1.6190
3595,15:13:09.360,2028,-0.0095,1.6343
3596,15:13:09.360,2054,0.0032,1.6552
3597,15:13:09.361,2052,0.0022,1.6536
3598,15:13:09.361,2050,0.0012,1.6520
3599,15:13:09.362,2051,0.0017,1.6528
3600,15:13:09.362,2062,0.0071,1.6617
3601,15:13:09.363,2029,-0.0090,1.6351
3602,15:13:09.363,2000,-0.0232,1.6117
3603,15:13:09.364,1990,-0.0281,1.6037
3604,15:13:09.364,1989,-0.0286,1.6029
3605,15:13:09.365,1987,-0.0295,1.6012
3606,15:13:09.365,2002,-0.0222,1.6133
3607,15:13:09.366,2023,-0.0120,1.6303
3608,15:13:09.366,2042,-0.0027,1.6456
3609,15:13:09.367,2055,0.0037,1.6560
3610,15:13:09.367,2046,-0.0007,1.6488
3611,15:13:09.368,2050,0.0012,1.6520
3612,15:13:09.368,2063,0.0076,1.6625
3613,15:13:09.369,2037,-0.0051,1.6415
3614,15:13:09.369,2007,-0.0198,1.6174
3615,15:13:09.370,1986,-0.0300,1.6004
3616,15:13:09.370,1987,-0.0295,1.6012
3617,15:13:09.371,1986,-0.0300,1.6004
3618,15:13:09.371,1997,-0.0247,1.6093
3619,15:13:09.372,2008,-0.0193,1.6182
3620,15:13:09.372,2038,-0.0046,1.6423
3621,15:13:09.373,2054,0.0032,1.6552
3622,15:13:09.373,2050,0.0012,1.6520
3623,15:13:09.374,2052,0.0022,1.6536
3624,15:13:09.374,2059,0.0056,1.6593
3625,15:13:09.375,2045,-0.0012,1.6480
3626,15:13:09.375,2011,-0.0178,1.6206
3627,15:13:09.376,1987,-0.0295,1.6012
3628,15:13:09.376,1992,-0.0271,1.6053
3629,15:13:09.377,1985,-0.0305,1.5996
3630,15:13:09.377,1992,-0.0271,1.6053
3631,15:13:09.378,2010,-0.0183,1.6198
3632,15:13:09.378,2029,-0.0090,1.6351
3633,15:13:09.379,2056,0.0042,1.6568
3634,15:13:09.379,2052,0.0022,1.6536
3635,15:13:09.380,2051,0.0017,1.6528
3636,15:13:09.380,2058,0.0051,1.6585
3637,15:13:09.381,2053,0.0027,1.6544
3638,15:13:09.381,2018,-0.0144,1.6262
3639,15:13:09.382,1993,-0.0266,1.6061
3640,15:13:09.382,1987,-0.0295,1.6012
3641,15:13:09.383,1984,-0.0310,1.5988
3642,15:13:09.383,1992,-0.0271,1.6053
3643,15:13:09.384,2009,-0.0188,1.6190
3644,15:13:09.384,2030,-0.0085,1.6359
3645,15:13:09.385,2055,0.0037,1.6560
3646,15:13:09.385,2054,0.0032,1.6552
3647,15:13:09.386,2052,0.0022,1.6536
3648,15:13:09.386,2057,0.0046,1.6577
3649,15:13:09.387,2060,0.0061,1.6601
3650,15:13:09.387,2026,-0.0105,1.6327
3651,15:13:09.388,2001,-0.0227,1.6125
3652,15:13:09.388,1989,-0.0286,1.6029
3653,15:13:09.389,1986,-0.0300,1.6004
3654,15:13:09.389,1988,-0.0291,1.6021
3655,15:13:09.390,2003,-0.0217,1.6141
3656,15:13:09.390,2025,-0.0110,1.6319
3657,15:13:09.391,2044,-0.0017,1.6472
3658,15:13:09.391,2056,0.0042,1.6568
3659,15:13:09.392,2051,0.0017,1.6528
3660,15:13:09.392,2049,0.0007,1.6512
3661,15:13:09.393,2062,0.0071,1.6617
3662,15:13:09.393,2036,-0.0056,1.6407
3663,15:13:09.394,1999,-0.0237,1.6109
3664,15:13:09.394,1988,-0.0291,1.6021
3665,15:13:09.395,1983,-0.0315,1.5980
3666,15:13:09.395,1986,-0.0300,1.6004
3667,15:13:09.396,1994,-0.0261,1.6069
3668,15:13:09.396,2022,-0.0125,1.6295
3669,15:13:09.397,2043,-0.0022,1.6464
3670,15:13:09.397,2053,0.0027,1.6544
3671,15:13:09.398,2049,0.0007,1.6512
3672,15:13:09.398,2052,0.0022,1.6536
3673,15:13:09.399,2060,0.0061,1.6601
3674,15:13:09.399,2042,-0.0027,1.6456
3675,15:13:09.400,2008,-0.0193,1.6182
3676,15:13:09.400,1987,-0.0295,1.6012
3677,15:13:09.401,1994,-0.0261,1.6069
3678,15:13:09.401,1985,-0.0305,1.5996
3679,15:13:09.402,1993,-0.0266,1.6061
3680,15:13:09.402,2018,-0.0144,1.6262
3681,15:13:09.403,2033,-0.0071,1.6383
3682,15:13:09.403,2058,0.0051,1.6585
3683,15:13:09.404,2051,0.0017,1.6528
3684,15:13:09.404,2051,0.0017,1.6528
3685,15:13:09.405,2058,0.0051,1.6585
3686,15:13:09.405,2053,0.0027,1.6544
3687,15:13:09.406,2016,-0.0154,1.6246
3688,15:13:09.406,1992,-0.0271,1.6053
3689,15:13:09.407,1992,-0.0271,1.6053
3690,15:13:09.407,1986,-0.0300,1.6004
3691,15:13:09.408,1995,-0.0256,1.6077
3692,15:13:09.408,2009,-0.0188,1.6190
3693,15:13:09.409,2026,-0.0105,1.6327
3694,15:13:09.409,2058,0.0051,1.6585
3695,15:13:09.410,2050,0.0012,1.6520
3696,15:13:09.410,2050,0.0012,1.6520
3697,15:13:09.411,2054,0.0032,1.6552
3698,15:13:09.411,2054,0.0032,1.6552
3699,15:13:09.412,2023,-0.0120,1.6303
3700,15:13:09.412,1997,-0.0247,1.6093
3701,15:13:09.413,1987,-0.0295,1.6012
3702,15:13:09.413,1985,-0.0305,1.5996
3703,15:13:09.414,1990,-0.0281,1.6037
3704,15:13:09.414,2003,-0.0217,1.6141
3705,15:13:09.415,2022,-0.0125,1.6295
3706,15:13:09.415,2045,-0.0012,1.6480
3707,15:13:09.416,2050,0.0012,1.6520
3708,15:13:09.416,2048,0.0002,1.6504
3709,15:13:09.417,2050,0.0012,1.6520
3710,15:13:09.417,2059,0.0056,1.6593
3711,15:13:09.418,2030,-0.0085,1.6359
3712,15:13:09.418,2002,-0.0222,1.6133
3713,15:13:09.419,1986,-0.0300,1.6004
3714,15:13:09.419,1989,-0.0286,1.6029
3715,15:13:09.420,1988,-0.0291,1.6021
3716,15:13:09.420,1996,-0.0252,1.6085
3717,15:13:09.421,2022,-0.0125,1.6295
3718,15:13:09.421,2043,-0.0022,1.6464
3719,15:13:09.422,2051,0.0017,1.6528
3720,15:13:09.422,2048,0.0002,1.6504
3721,15:13:09.423,2054,0.0032,1.6552
3722,15:13:09.423,2059,0.0056,1.6593
3723,15:13:09.424,2044,-0.0017,1.6472
3724,15:13:09.424,2007,-0.0198,1.6174
3725,15:13:09.425,1989,-0.0286,1.6029
3726,15:13:09.425,1990,-0.0281,1.6037
3727,15:13:09.426,1991,-0.0276,1.6045
3728,15:13:09.426,1999,-0.0237,1.6109
3729,15:13:09.427,2017,-0.0149,1.6254
3730,15:13:09.427,2036,-0.0056,1.6407
3731,15:13:09.428,2056,0.0042,1.6568
3732,15:13:09.428,2048,0.0002,1.6504
3733,15:13:09.429,2053,0.0027,1.6544
3734,15:13:09.429,2055,0.0037,1.6560
3735,15:13:09.430,2051,0.0017,1.6528
3736,15:13:09.430,2013,-0.0168,1.6222
3737,15:13:09.431,1993,-0.0266,1.6061
3738,15:13:09.431,1994,-0.0261,1.6069
3739,15:13:09.432,1991,-0.0276,1.6045
3740,15:13:09.432,1993,-0.0266,1.6061
3741,15:13:09.433,2009,-0.0188,1.6190
3742,15:13:09.433,2028,-0.0095,1.6343
3743,15:13:09.434,2056,0.0042,1.6568
3744,15:13:09.434,2051,0.0017,1.6528
3745,15:13:09.435,2049,0.0007,1.6512
3746,15:13:09.435,2057,0.0046,1.6577
3747,15:13:09.436,2058,0.0051,1.6585
3748,15:13:09.436,2019,-0.0139,1.6270
3749,15:13:09.437,1998,-0.0242,1.6101
3750,15:13:09.437,1987,-0.0295,1.6012
3751,15:13:09.438,1986,-0.0300,1.6004
3752,15:13:09.438,1987,-0.0295,1.6012
3753,15:13:09.439,2000,-0.0232,1.6117
3754,15:13:09.439,2021,-0.0129,1.6286
3755,15:13:09.440,2043,-0.0022,1.6464
3756,15:13:09.440,2045,-0.0012,1.6480
3757,15:13:09.441,2044,-0.0017,1.6472
3758,15:13:09.441,2046,-0.0007,1.6488
3759,15:13:09.442,2058,0.0051,1.6585
3760,15:13:09.442,2026,-0.0105,1.6327
3761,15:13:09.443,2001,-0.0227,1.6125
3762,15:13:09.443,1983,-0.0315,1.5980
3763,15:13:09.444,1985,-0.0305,1.5996
3764,15:13:09.444,1982,-0.0320,1.5972
3765,15:13:09.445,1998,-0.0242,1.6101
3766,15:13:09.445,2019,-0.0139,1.6270
3767,15:13:09.446,2042,-0.0027,1.6456
3768,15:13:09.446,2050,0.0012,1.6520
3769,15:13:09.447,2049,0.0007,1.6512
3770,15:13:09.447,2051,0.0017,1.6528
3771,15:13:09.448,2059,0.0056,1.6593
3772,15:13:09.448,2043,-0.0022,1.6464
3773,15:13:09.449,2011,-0.0178,1.6206
3774,15:13:09.449,1990,-0.0281,1.6037
3775,15:13:09.450,1993,-0.0266,1.6061
3776,15:13:09.450,1987,-0.0295,1.6012
3777,15:13:09.451,2000,-0.0232,1.6117
3778,15:13:09.451,2019,-0.0139,1.6270
3779,15:13:09.452,2039,-0.0042,1.6432
3780,15:13:09.452,2054,0.0032,1.6552
3781,15:13:09.453,2052,0.0022,1.6536
3782,15:13:09.453,2057,0.0046,1.6577
3783,15:13:09.454,2062,0.0071,1.6617
3784,15:13:09.454,2051,0.0017,1.6528
3785,15:13:09.455,2016,-0.0154,1.6246
3786,15:13:09.455,1993,-0.0266,1.6061
3787,15:13:09.456,1992,-0.0271,1.6053
3788,15:13:09.456,1988,-0.0291,1.6021
3789,15:13:09.457,1994,-0.0261,1.6069
3790,15:13:09.457,2013,-0.0168,1.6222
3791,15:13:09.458,2034,-0.0066,1.6391
3792,15:13:09.458,2055,0.0037,1.6560
3793,15:13:09.459,2048,0.0002,1.6504
3794,15:13:09.459,2048,0.0002,1.6504
3795,15:13:09.460,2053,0.0027,1.6544
3796,15:13:09.460,2053,0.0027,1.6544
3797,15:13:09.461,2020,-0.0134,1.6278
3798,15:13:09.461,1996,-0.0252,1.6085
3799,15:13:09.462,1987,-0.0295,1.6012
3800,15:13:09.462,1985,-0.0305,1.5996
3801,15:13:09.463,1988,-0.0291,1.6021
3802,15:13:09.463,2001,-0.0227,1.6125
3803,15:13:09.464,2018,-0.0144,1.6262
3804,15:13:09.464,2050,0.0012,1.6520
3805,15:13:09.465,2047,-0.0002,1.6496
3806,15:13:09.465,2046,-0.0007,1.6488
3807,15:13:09.466,2052,0.0022,1.6536
3808,15:13:09.466,2062,0.0071,1.6617
3809,15:13:09.467,2029,-0.0090,1.6351
3810,15:13:09.467,1998,-0.0242,1.6101
3811,15:13:09.468,1991,-0.0276,1.6045
3812,15:13:09.468,1983,-0.0315,1.5980
3813,15:13:09.469,1986,-0.0300,1.6004
3814,15:13:09.469,2001,-0.0227,1.6125
3815,15:13:09.470,2022,-0.0125,1.6295
3816,15:13:09.470,2045,-0.0012,1.6480
3817,15:13:09.471,2052,0.0022,1.6536
3818,15:13:09.471,2048,0.0002,1.6504
3819,15:13:09.472,2058,0.0051,1.6585
3820,15:13:09.472,2062,0.0071,1.6617
3821,15:13:09.473,2041,-0.0032,1.6448
3822,15:13:09.473,2009,-0.0188,1.6190
3823,15:13:09.474,1992,-0.0271,1.6053
3824,15:13:09.474,1992,-0.0271,1.6053
3825,15:13:09.475,1988,-0.0291,1.6021
3826,15:13:09.475,1995,-0.0256,1.6077
3827,15:13:09.476,2022,-0.0125,1.6295
3828,15:13:09.476,2039,-0.0042,1.6432
3829,15:13:09.477,2060,0.0061,1.6601
3830,15:13:09.477,2050,0.0012,1.6520
3831,15:13:09.478,2058,0.0051,1.6585
3832,15:13:09.478,2062,0.0071,1.6617
3833,15:13:09.479,2045,-0.0012,1.6480
3834,15:13:09.479,2015,-0.0159,1.6238
3835,15:13:09.480,1994,-0.0261,1.6069
3836,15:13:09.480,1992,-0.0271,1.6053
3837,15:13:09.481,1990,-0.0281,1.6037
3838,15:13:09.481,1992,-0.0271,1.6053
3839,15:13:09.482,2013,-0.0168,1.6222
3840,15:13:09.482,2032,-0.0076,1.6375
3841,15:13:09.483,2054,0.0032,1.6552
3842,15:13:09.483,2048,0.0002,1.6504
3843,15:13:09.484,2050,0.0012,1.6520
3844,15:13:09.484,2055,0.0037,1.6560
3845,15:13:09.485,2055,0.0037,1.6560
3846,15:13:09.485,2016,-0.0154,1.6246
3847,15:13:09.486,1993,-0.0266,1.6061
3848,15:13:09.486,1988,-0.0291,1.6021
3849,15:13:09.487,1985,-0.0305,1.5996
3850,15:13:09.487,1986,-0.0300,1.6004
3851,15:13:09.488,2007,-0.0198,1.6174
3852,15:13:09.488,2028,-0.0095,1.6343
3853,15:13:09.489,2049,0.0007,1.6512
3854,15:13:09.489,2044,-0.0017,1.6472
3855,15:13:09.490,2046,-0.0007,1.6488
3856,15:13:09.490,2055,0.0037,1.6560
3857,15:13:09.491,2055,0.0037,1.6560
3858,15:13:09.491,2024,-0.0115,1.6311
3859,15:13:09.492,1998,-0.0242,1.6101
3860,15:13:09.492,1991,-0.0276,1.6045
3861,15:13:09.493,1987,-0.0295,1.6012
3862,15:13:09.493,1980,-0.0330,1.5956
3863,15:13:09.494,1998,-0.0242,1.6101
3864,15:13:09.494,2022,-0.0125,1.6295
3865,15:13:09.495,2044,-0.0017,1.6472
3866,15:13:09.495,2047,-0.0002,1.6496
3867,15:13:09.496,2045,-0.0012,1.6480
3868,15:13:09.496,2054,0.0032,1.6552
3869,15:13:09.497,2060,0.0061,1.6601
3870,15:13:09.497,2036,-0.0056,1.6407
3871,15:13:09.498,2007,-0.0198,1.6174
3872,15:13:09.498,1990,-0.0281,1.6037
3873,15:13:09.499,1984,-0.0310,1.5988
3874,15:13:09.499,1986,-0.0300,1.6004
3875,15:13:09.500,1998,-0.0242,1.6101
3876,15:13:09.500,2020,-0.0134,1.6278
3877,15:13:09.501,2043,-0.0022,1.6464
3878,15:13:09.501,2054,0.0032,1.6552
3879,15:13:09.502,2052,0.0022,1.6536
3880,15:13:09.502,2057,0.0046,1.6577
3881,15:13:09.503,2060,0.0061,1.6601
3882,15:13:09.503,2044,-0.0017,1.6472
3883,15:13:09.504,2011,-0.0178,1.6206
3884,15:13:09.504,1993,-0.0266,1.6061
3885,15:13:09.505,1991,-0.0276,1.6045
3886,15:13:09.505,1989,-0.0286,1.6029
3887,15:13:09.506,1996,-0.0252,1.6085
3888,15:13:09.506,2019,-0.0139,1.6270
3889,15:13:09.507,2035,-0.0061,1.6399
3890,15:13:09.507,2055,0.0037,1.6560
3891,15:13:09.508,2051,0.0017,1.6528
3892,15:13:09.508,2056,0.0042,1.6568
3893,15:13:09.509,2062,0.0071,1.6617
3894,15:13:09.509,2053,0.0027,1.6544
3895,15:13:09.510,2018,-0.0144,1.6262
3896,15:13:09.510,1993,-0.0266,1.6061
3897,15:13:09.511,1995,-0.0256,1.6077
3898,15:13:09.511,1987,-0.0295,1.6012
3899,15:13:09.512,1990,-0.0281,1.6037
3900,15:13:09.512,2010,-0.0183,1.6198
3901,15:13:09.513,2028,-0.0095,1.6343
3902,15:13:09.513,2049,0.0007,1.6512
3903,15:13:09.514,2039,-0.0042,1.6432
3904,15:13:09.514,2048,0.0002,1.6504
3905,15:13:09.515,2055,0.0037,1.6560
3906,15:13:09.515,2053,0.0027,1.6544
3907,15:13:09.516,2023,-0.0120,1.6303
3908,15:13:09.516,1995,-0.0256,1.6077
3909,15:13:09.517,1988,-0.0291,1.6021
3910,15:13:09.517,1986,-0.0300,1.6004
3911,15:13:09.518,1986,-0.0300,1.6004
3912,15:13:09.518,1999,-0.0237,1.6109
3913,15:13:09.519,2021,-0.0129,1.6286
3914,15:13:09.519,2040,-0.0037,1.6440
3915,15:13:09.520,2049,0.0007,1.6512
3916,15:13:09.520,2048,0.0002,1.6504
3917,15:13:09.521,2057,0.0046,1.6577
3918,15:13:09.521,2062,0.0071,1.6617
3919,15:13:09.522,2034,-0.0066,1.6391
3920,15:13:09.522,2004,-0.0212,1.6149
3921,15:13:09.523,1989,-0.0286,1.6029
3922,15:13:09.523,1990,-0.0281,1.6037
3923,15:13:09.524,1987,-0.0295,1.6012
3924,15:13:09.524,1999,-0.0237,1.6109
3925,15:13:09.525,2024,-0.0115,1.6311
3926,15:13:09.525,2040,-0.0037,1.6440
3927,15:13:09.526,2053,0.0027,1.6544
3928,15:13:09.526,2044,-0.0017,1.6472
3929,15:13:09.527,2052,0.0022,1.6536
3930,15:13:09.527,2060,0.0061,1.6601
3931,15:13:09.528,2041,-0.0032,1.6448
3932,15:13:09.528,2008,-0.0193,1.6182
3933,15:13:09.529,1995,-0.0256,1.6077
3934,15:13:09.529,1992,-0.0271,1.6053
3935,15:13:09.530,1988,-0.0291,1.6021
3936,15:13:09.530,1993,-0.0266,1.6061
3937,15:13:09.531,2013,-0.0168,1.6222
3938,15:13:09.531,2034,-0.0066,1.6391
3939,15:13:09.532,2049,0.0007,1.6512
3940,15:13:09.532,2046,-0.0007,1.6488
3941,15:13:09.533,2054,0.0032,1.6552
3942,15:13:09.533,2057,0.0046,1.6577
3943,15:13:09.534,2052,0.0022,1.6536
3944,15:13:09.534,2014,-0.0164,1.6230
3945,15:13:09.535,2000,-0.0232,1.6117
3946,15:13:09.535,1993,-0.0266,1.6061
3947,15:13:09.536,1990,-0.0281,1.6037
3948,15:13:09.536,1992,-0.0271,1.6053
3949,15:13:09.537,2011,-0.0178,1.6206
3950,15:13:09.537,2029,-0.0090,1.6351
3951,15:13:09.538,2045,-0.0012,1.6480
3952,15:13:09.538,2043,-0.0022,1.6464
3953,15:13:09.539,2052,0.0022,1.6536
3954,15:13:09.539,2055,0.0037,1.6560
3955,15:13:09.540,2055,0.0037,1.6560
3956,15:13:09.540,2020,-0.0134,1.6278
3957,15:13:09.541,2000,-0.0232,1.6117
3958,15:13:09.541,1994,-0.0261,1.6069
3959,15:13:09.542,1987,-0.0295,1.6012
3960,15:13:09.542,1988,-0.0291,1.6021
3961,15:13:09.543,2001,-0.0227,1.6125
3962,15:13:09.543,2021,-0.0129,1.6286
3963,15:13:09.544,2044,-0.0017,1.6472
3964,15:13:09.544,2045,-0.0012,1.6480
3965,15:13:09.545,2046,-0.0007,1.6488
3966,15:13:09.545,2052,0.0022,1.6536
3967,15:13:09.546,2060,0.0061,1.6601
3968,15:13:09.546,2030,-0.0085,1.6359
3969,15:13:09.547,2001,-0.0227,1.6125
3970,15:13:09.547,1995,-0.0256,1.6077
3971,15:13:09.548,1988,-0.0291,1.6021
3972,15:13:09.548,1991,-0.0276,1.6045
3973,15:13:09.549,1997,-0.0247,1.6093
3974,15:13:09.549,2018,-0.0144,1.6262
3975,15:13:09.550,2034,-0.0066,1.6391
3976,15:13:09.550,2048,0.0002,1.6504
3977,15:13:09.551,2041,-0.0032,1.6448
3978,15:13:09.551,2052,0.0022,1.6536
3979,15:13:09.552,2058,0.0051,1.6585
3980,15:13:09.552,2043,-0.0022,1.6464
3981,15:13:09.553,2006,-0.0203,1.6166
3982,15:13:09.553,1993,-0.0266,1.6061
3983,15:13:09.554,1991,-0.0276,1.6045
3984,15:13:09.554,1989,-0.0286,1.6029
3985,15:13:09.555,1992,-0.0271,1.6053
3986,15:13:09.555,2017,-0.0149,1.6254
3987,15:13:09.556,2038,-0.0046,1.6423
3988,15:13:09.556,2049,0.0007,1.6512
3989,15:13:09.557,2044,-0.0017,1.6472
3990,15:13:09.557,2053,0.0027,1.6544
3991,15:13:09.558,2059,0.0056,1.6593
3992,15:13:09.558,2048,0.0002,1.6504
3993,15:13:09.559,2014,-0.0164,1.6230
3994,15:13:09.559,1999,-0.0237,1.6109
3995,15:13:09.560,1994,-0.0261,1.6069
3996,15:13:09.560,1985,-0.0305,1.5996
3997,15:13:09.561,1991,-0.0276,1.6045
3998,15:13:09.561,2014,-0.0164,1.6230
3999,15:13:09.562,2024,-0.0115,1.6311
4000,15:13:09.562,2046,-0.0007,1.6488
4001,15:13:09.563,2046,-0.0007,1.6488
4002,15:13:09.563,2049,0.0007,1.6512
4003,15:13:09.564,2058,0.0051,1.6585
4004,15:13:09.564,2057,0.0046,1.6577
4005,15:13:09.565,2021,-0.0129,1.6286
4006,15:13:09.565,2000,-0.0232,1.6117
4007,15:13:09.566,1991,-0.0276,1.6045
4008,15:13:09.566,1990,-0.0281,1.6037
4009,15:13:09.567,1988,-0.0291,1.6021
4010,15:13:09.567,2003,-0.0217,1.6141
4011,15:13:09.568,2027,-0.0100,1.6335
4012,15:13:09.568,2043,-0.0022,1.6464
4013,15:13:09.569,2041,-0.0032,1.6448
4014,15:13:09.569,2048,0.0002,1.6504
4015,15:13:09.570,2060,0.0061,1.6601
4016,15:13:09.570,2059,0.0056,1.6593
4017,15:13:09.571,2031,-0.0081,1.6367
4018,15:13:09.571,2005,-0.0208,1.6158
4019,15:13:09.572,1995,-0.0256,1.6077
4020,15:13:09.572,1990,-0.0281,1.6037
4021,15:13:09.573,1990,-0.0281,1.6037
4022,15:13:09.573,2000,-0.0232,1.6117
4023,15:13:09.574,2024,-0.0115,1.6311
4024,15:13:09.574,2037,-0.0051,1.6415
4025,15:13:09.575,2044,-0.0017,1.6472
4026,15:13:09.575,2044,-0.0017,1.6472
4027,15:13:09.576,2053,0.0027,1.6544
4028,15:13:09.576,2062,0.0071,1.6617
4029,15:13:09.577,2040,-0.0037,1.6440
4030,15:13:09.577,2008,-0.0193,1.6182
4031,15:13:09.578,2000,-0.0232,1.6117
4032,15:13:09.578,1993,-0.0266,1.6061
4033,15:13:09.579,1989,-0.0286,1.6029
4034,15:13:09.579,1994,-0.0261,1.6069
4035,15:13:09.580,2017,-0.0149,1.6254
4036,15:13:09.580,2032,-0.0076,1.6375
4037,15:13:09.581,2044,-0.0017,1.6472
4038,15:13:09.581,2044,-0.0017,1.6472
4039,15:13:09.582,2053,0.0027,1.6544
4040,15:13:09.582,2058,0.0051,1.6585
4041,15:13:09.583,2049,0.0007,1.6512
4042,15:13:09.583,2015,-0.0159,1.6238
4043,15:13:09.584,1995,-0.0256,1.6077
4044,15:13:09.584,1992,-0.0271,1.6053
4045,15:13:09.585,1987,-0.0295,1.6012
4046,15:13:09.585,1992,-0.0271,1.6053
4047,15:13:09.586,2013,-0.0168,1.6222
4048,15:13:09.586,2028,-0.0095,1.6343
4049,15:13:09.587,2043,-0.0022,1.6464
4050,15:13:09.587,2038,-0.0046,1.6423
4051,15:13:09.588,2051,0.0017,1.6528
4052,15:13:09.588,2057,0.0046,1.6577
4053,15:13:09.589,2052,0.0022,1.6536
4054,15:13:09.589,2019,-0.0139,1.6270
4055,15:13:09.590,1998,-0.0242,1.6101
4056,15:13:09.590,1996,-0.0252,1.6085
4057,15:13:09.591,1986,-0.0300,1.6004
4058,15:13:09.591,1990,-0.0281,1.6037
4059,15:13:09.592,2007,-0.0198,1.6174
4060,15:13:09.592,2025,-0.0110,1.6319
4061,15:13:09.593,2044,-0.0017,1.6472
4062,15:13:09.593,2048,0.0002,1.6504
4063,15:13:09.594,2046,-0.0007,1.6488
4064,15:13:09.594,2054,0.0032,1.6552
4065,15:13:09.595,2056,0.0042,1.6568
4066,15:13:09.595,2026,-0.0105,1.6327
4067,15:13:09.596,2004,-0.0212,1.6149
4068,15:13:09.596,2002,-0.0222,1.6133
4069,15:13:09.597,1992,-0.0271,1.6053
4070,15:13:09.597,1992,-0.0271,1.6053
4071,15:13:09.598,2005,-0.0208,1.6158
4072,15:13:09.598,2023,-0.0120,1.6303
4073,15:13:09.599,2040,-0.0037,1.6440
4074,15:13:09.599,2048,0.0002,1.6504
4075,15:13:09.600,2048,0.0002,1.6504
4076,15:13:09.600,2054,0.0032,1.6552
4077,15:13:09.601,2060,0.0061,1.6601
4078,15:13:09.601,2041,-0.0032,1.6448
4079,15:13:09.602,2009,-0.0188,1.6190
4080,15:13:09.602,1998,-0.0242,1.6101
4081,15:13:09.603,1992,-0.0271,1.6053
4082,15:13:09.603,1987,-0.0295,1.6012
4083,15:13:09.604,1998,-0.0242,1.6101
4084,15:13:09.604,2021,-0.0129,1.6286
4085,15:13:09.605,2034,-0.0066,1.6391
4086,15:13:09.605,2046,-0.0007,1.6488
4087,15:13:09.606,2042,-0.0027,1.6456
4088,15:13:09.606,2053,0.0027,1.6544
4089,15:13:09.607,2060,0.0061,1.6601
4090,15:13:09.607,2044,-0.0017,1.6472
4091,15:13:09.608,2011,-0.0178,1.6206
4092,15:13:09.608,2002,-0.0222,1.6133
4093,15:13:09.609,1993,-0.0266,1.6061
4094,15:13:09.609,1987,-0.0295,1.6012
4095,15:13:09.610,1992,-0.0271,1.6053
4096,15:13:09.610,2014,-0.0164,1.6230
4097,15:13:09.611,2031,-0.0081,1.6367
4098,15:13:09.611,2040,-0.0037,1.6440
4099,15:13:09.612,2038,-0.0046,1.6423
4100,15:13:09.612,2054,0.0032,1.6552
4101,15:13:09.613,2056,0.0042,1.6568
4102,15:13:09.613,2049,0.0007,1.6512
4103,15:13:09.614,2014,-0.0164,1.6230
4104,15:13:09.614,2000,-0.0232,1.6117
4105,15:13:09.615,1999,-0.0237,1.6109
4106,15:13:09.615,1989,-0.0286,1.6029
4107,15:13:09.616,1988,-0.0291,1.6021
4108,15:13:09.616,2010,-0.0183,1.6198
4109,15:13:09.617,2026,-0.0105,1.6327
4110,15:13:09.617,2041,-0.0032,1.6448
4111,15:13:09.618,2041,-0.0032,1.6448
4112,15:13:09.618,2046,-0.0007,1.6488
4113,15:13:09.619,2052,0.0022,1.6536
4114,15:13:09.619,2052,0.0022,1.6536
4115,15:13:09.620,2026,-0.0105,1.6327
4116,15:13:09.620,2006,-0.0203,1.6166
4117,15:13:09.621,2003,-0.0217,1.6141
4118,15:13:09.621,1991,-0.0276,1.6045
4119,15:13:09.622,1990,-0.0281,1.6037
4120,15:13:09.622,2007,-0.0198,1.6174
4121,15:13:09.623,2025,-0.0110,1.6319
4122,15:13:09.623,2043,-0.0022,1.6464
4123,15:13:09.624,2045,-0.0012,1.6480
4124,15:13:09.624,2048,0.0002,1.6504
4125,15:13:09.625,2057,0.0046,1.6577
4126,15:13:09.625,2060,0.0061,1.6601
4127,15:13:09.626,2033,-0.0071,1.6383
4128,15:13:09.626,2004,-0.0212,1.6149
4129,15:13:09.627,2000,-0.0232,1.6117
4130,15:13:09.627,1997,-0.0247,1.6093
4131,15:13:09.628,1996,-0.0252,1.6085
4132,15:13:09.628,2000,-0.0232,1.6117
4133,15:13:09.629,2028,-0.0095,1.6343
4134,15:13:09.629,2038,-0.0046,1.6423
4135,15:13:09.630,2043,-0.0022,1.6464
4136,15:13:09.630,2040,-0.0037,1.6440
4137,15:13:09.631,2051,0.0017,1.6528
4138,15:13:09.631,2057,0.0046,1.6577
4139,15:13:09.632,2036,-0.0056,1.6407
4140,15:13:09.632,2014,-0.0164,1.6230
4141,15:13:09.633,1997,-0.0247,1.6093
4142,15:13:09.633,1996,-0.0252,1.6085
4143,15:13:09.634,1991,-0.0276,1.6045
4144,15:13:09.634,1998,-0.0242,1.6101
4145,15:13:09.635,2019,-0.0139,1.6270
4146,15:13:09.635,2029,-0.0090,1.6351
4147,15:13:09.636,2037,-0.0051,1.6415
4148,15:13:09.636,2039,-0.0042,1.6432
4149,15:13:09.637,2046,-0.0007,1.6488
4150,15:13:09.637,2053,0.0027,1.6544
4151,15:13:09.638,2043,-0.0022,1.6464
4152,15:13:09.638,2014,-0.0164,1.6230
4153,15:13:09.639,1997,-0.0247,1.6093
4154,15:13:09.639,1994,-0.0261,1.6069
4155,15:13:09.640,1990,-0.0281,1.6037
4156,15:13:09.640,1990,-0.0281,1.6037
4157,15:13:09.641,2007,-0.0198,1.6174
4158,15:13:09.641,2025,-0.0110,1.6319
4159,15:13:09.642,2039,-0.0042,1.6432
4160,15:13:09.642,2039,-0.0042,1.6432
4161,15:13:09.643,2045,-0.0012,1.6480
4162,15:13:09.643,2052,0.0022,1.6536
4163,15:13:09.644,2050,0.0012,1.6520
4164,15:13:09.644,2024,-0.0115,1.6311
4165,15:13:09.645,2004,-0.0212,1.6149
4166,15:13:09.645,2000,-0.0232,1.6117
4167,15:13:09.646,1994,-0.0261,1.6069
4168,15:13:09.646,1993,-0.0266,1.6061
4169,15:13:09.647,2008,-0.0193,1.6182
4170,15:13:09.647,2031,-0.0081,1.6367
4171,15:13:09.648,2039,-0.0042,1.6432
4172,15:13:09.648,2041,-0.0032,1.6448
4173,15:13:09.649,2044,-0.0017,1.6472
4174,15:13:09.649,2053,0.0027,1.6544
4175,15:13:09.650,2055,0.0037,1.6560
4176,15:13:09.650,2032,-0.0076,1.6375
4177,15:13:09.651,2008,-0.0193,1.6182
4178,15:13:09.651,2000,-0.0232,1.6117
4179,15:13:09.652,1994,-0.0261,1.6069
4180,15:13:09.652,1993,-0.0266,1.6061
4181,15:13:09.653,2006,-0.0203,1.6166
4182,15:13:09.653,2021,-0.0129,1.6286
4183,15:13:09.654,2039,-0.0042,1.6432
4184,15:13:09.654,2039,-0.0042,1.6432
4185,15:13:09.655,2044,-0.0017,1.6472
4186,15:13:09.655,2045,-0.0012,1.6480
4187,15:13:09.656,2057,0.0046,1.6577
4188,15:13:09.656,2035,-0.0061,1.6399
4189,15:13:09.657,2011,-0.0178,1.6206
4190,15:13:09.657,2000,-0.0232,1.6117
4191,15:13:09.658,1996,-0.0252,1.6085
4192,15:13:09.658,1992,-0.0271,1.6053
4193,15:13:09.659,2000,-0.0232,1.6117
4194,15:13:09.659,2020,-0.0134,1.6278
4195,15:13:09.660,2031,-0.0081,1.6367
4196,15:13:09.660,2035,-0.0061,1.6399
4197,15:13:09.661,2038,-0.0046,1.6423
4198,15:13:09.661,2046,-0.0007,1.6488
4199,15:13:09.662,2057,0.0046,1.6577
4200,15:13:09.662,2045,-0.0012,1.6480
4201,15:13:09.663,2019,-0.0139,1.6270
4202,15:13:09.663,1999,-0.0237,1.6109
4203,15:13:09.664,1998,-0.0242,1.6101
4204,15:13:09.664,1995,-0.0256,1.6077
4205,15:13:09.665,1992,-0.0271,1.6053
4206,15:13:09.665,2011,-0.0178,1.6206
4207,15:13:09.666,2027,-0.0100,1.6335
4208,15:13:09.666,2038,-0.0046,1.6423
4209,15:13:09.667,2034,-0.0066,1.6391
4210,15:13:09.667,2048,0.0002,1.6504
4211,15:13:09.668,2053,0.0027,1.6544
4212,15:13:09.668,2049,0.0007,1.6512
4213,15:13:09.669,2020,-0.0134,1.6278
4214,15:13:09.669,2001,-0.0227,1.6125
4215,15:13:09.670,1999,-0.0237,1.6109
4216,15:13:09.670,1992,-0.0271,1.6053
4217,15:13:09.671,1992,-0.0271,1.6053
4218,15:13:09.671,2010,-0.0183,1.6198
4219,15:13:09.672,2027,-0.0100,1.6335
4220,15:13:09.672,2038,-0.0046,1.6423
4221,15:13:09.673,2036,-0.0056,1.6407
4222,15:13:09.673,2048,0.0002,1.6504
4223,15:13:09.674,2054,0.0032,1.6552
4224,15:13:09.674,2052,0.0022,1.6536
4225,15:13:09.675,2028,-0.0095,1.6343
4226,15:13:09.675,2005,-0.0208,1.6158
4227,15:13:09.676,2001,-0.0227,1.6125
4228,15:13:09.676,1995,-0.0256,1.6077
4229,15:13:09.677,1995,-0.0256,1.6077
4230,15:13:09.677,2006,-0.0203,1.6166
4231,15:13:09.678,2020,-0.0134,1.6278
4232,15:13:09.678,2037,-0.0051,1.6415
4233,15:13:09.679,2042,-0.0027,1.6456
4234,15:13:09.679,2045,-0.0012,1.6480
4235,15:13:09.680,2049,0.0007,1.6512
4236,15:13:09.680,2053,0.0027,1.6544
4237,15:13:09.681,2038,-0.0046,1.6423
4238,15:13:09.681,2013,-0.0168,1.6222
4239,15:13:09.682,2003,-0.0217,1.6141
4240,15:13:09.682,2001,-0.0227,1.6125
4241,15:13:09.683,1987,-0.0295,1.6012
4242,15:13:09.683,2003,-0.0217,1.6141
4243,15:13:09.684,2019,-0.0139,1.6270
4244,15:13:09.684,2035,-0.0061,1.6399
4245,15:13:09.685,2043,-0.0022,1.6464
4246,15:13:09.685,2040,-0.0037,1.6440
4247,15:13:09.686,2050,0.0012,1.6520
4248,15:13:09.686,2059,0.0056,1.6593
4249,15:13:09.687,2041,-0.0032,1.6448
4250,15:13:09.687,2017,-0.0149,1.6254
4251,15:13:09.688,2002,-0.0222,1.6133
4252,15:13:09.688,1999,-0.0237,1.6109
4253,15:13:09.689,1992,-0.0271,1.6053
4254,15:13:09.689,1995,-0.0256,1.6077
4255,15:13:09.690,2016,-0.0154,1.6246
4256,15:13:09.690,2031,-0.0081,1.6367
4257,15:13:09.691,2036,-0.0056,1.6407
4258,15:13:09.691,2038,-0.0046,1.6423
4259,15:13:09.692,2050,0.0012,1.6520
4260,15:13:09.692,2052,0.0022,1.6536
4261,15:13:09.693,2049,0.0007,1.6512
4262,15:13:09.693,2021,-0.0129,1.6286
4263,15:13:09.694,2004,-0.0212,1.6149
4264,15:13:09.694,1999,-0.0237,1.6109
4265,15:13:09.695,1991,-0.0276,1.6045
4266,15:13:09.695,1990,-0.0281,1.6037
4267,15:13:09.696,2009,-0.0188,1.6190
4268,15:13:09.696,2025,-0.0110,1.6319
4269,15:13:09.697,2039,-0.0042,1.6432
4270,15:13:09.697,2037,-0.0051,1.6415
4271,15:13:09.698,2049,0.0007,1.6512
4272,15:13:09.698,2051,0.0017,1.6528
4273,15:13:09.699,2049,0.0007,1.6512
4274,15:13:09.699,2025,-0.0110,1.6319
4275,15:13:09.700,2002,-0.0222,1.6133
4276,15:13:09.700,2003,-0.0217,1.6141
4277,15:13:09.701,1994,-0.0261,1.6069
4278,15:13:09.701,1990,-0.0281,1.6037
4279,15:13:09.702,2003,-0.0217,1.6141
4280,15:13:09.702,2026,-0.0105,1.6327
4281,15:13:09.703,2039,-0.0042,1.6432
4282,15:13:09.703,2035,-0.0061,1.6399
4283,15:13:09.704,2044,-0.0017,1.6472
4284,15:13:09.704,2051,0.0017,1.6528
4285,15:13:09.705,2054,0.0032,1.6552
4286,15:13:09.705,2032,-0.0076,1.6375
4287,15:13:09.706,2007,-0.0198,1.6174
4288,15:13:09.706,1998,-0.0242,1.6101
4289,15:13:09.707,1998,-0.0242,1.6101
4290,15:13:09.707,1992,-0.0271,1.6053
4291,15:13:09.708,2003,-0.0217,1.6141
4292,15:13:09.708,2019,-0.0139,1.6270
4293,15:13:09.709,2036,-0.0056,1.6407
4294,15:13:09.709,2042,-0.0027,1.6456
4295,15:13:09.710,2043,-0.0022,1.6464
4296,15:13:09.710,2051,0.0017,1.6528
4297,15:13:09.711,2054,0.0032,1.6552
4298,15:13:09.711,2040,-0.0037,1.6440
4299,15:13:09.712,2014,-0.0164,1.6230
4300,15:13:09.712,2001,-0.0227,1.6125
4301,15:13:09.713,2002,-0.0222,1.6133
4302,15:13:09.713,1989,-0.0286,1.6029
4303,15:13:09.714,1996,-0.0252,1.6085
4304,15:13:09.714,2018,-0.0144,1.6262
4305,15:13:09.715,2033,-0.0071,1.6383
4306,15:13:09.715,2036,-0.0056,1.6407
4307,15:13:09.716,2037,-0.0051,1.6415
4308,15:13:09.716,2051,0.0017,1.6528
4309,15:13:09.717,2052,0.0022,1.6536
4310,15:13:09.717,2046,-0.0007,1.6488
4311,15:13:09.718,2017,-0.0149,1.6254
4312,15:13:09.718,2004,-0.0212,1.6149
4313,15:13:09.719,2002,-0.0222,1.6133
4314,15:13:09.719,1991,-0.0276,1.6045
4315,15:13:09.720,2000,-0.0232,1.6117
4316,15:13:09.720,2013,-0.0168,1.6222
4317,15:13:09.721,2030,-0.0085,1.6359
4318,15:13:09.721,2039,-0.0042,1.6432
4319,15:13:09.722,2036,-0.0056,1.6407
4320,15:13:09.722,2044,-0.0017,1.6472
4321,15:13:09.723,2048,0.0002,1.6504
4322,15:13:09.723,2051,0.0017,1.6528
4323,15:13:09.724,2022,-0.0125,1.6295
4324,15:13:09.724,2002,-0.0222,1.6133
4325,15:13:09.725,1999,-0.0237,1.6109
4326,15:13:09.725,1990,-0.0281,1.6037
4327,15:13:09.726,1995,-0.0256,1.6077
4328,15:13:09.726,2007,-0.0198,1.6174
4329,15:13:09.727,2028,-0.0095,1.6343
4330,15:13:09.727,2033,-0.0071,1.6383
4331,15:13:09.728,2035,-0.0061,1.6399
4332,15:13:09.728,2042,-0.0027,1.6456
4333,15:13:09.729,2050,0.0012,1.6520
4334,15:13:09.729,2049,0.0007,1.6512
4335,15:13:09.730,2025,-0.0110,1.6319
4336,15:13:09.730,2008,-0.0193,1.6182
4337,15:13:09.731,2001,-0.0227,1.6125
4338,15:13:09.731,1998,-0.0242,1.6101
4339,15:13:09.732,1990,-0.0281,1.6037
4340,15:13:09.732,2007,-0.0198,1.6174
4341,15:13:09.733,2021,-0.0129,1.6286
4342,15:13:09.733,2036,-0.0056,1.6407
4343,15:13:09.734,2036,-0.0056,1.6407
4344,15:13:09.734,2038,-0.0046,1.6423
4345,15:13:09.735,2049,0.0007,1.6512
4346,15:13:09.735,2051,0.0017,1.6528
4347,15:13:09.736,2033,-0.0071,1.6383
4348,15:13:09.736,2010,-0.0183,1.6198
4349,15:13:09.737,2004,-0.0212,1.6149
4350,15:13:09.737,1997,-0.0247,1.6093
4351,15:13:09.738,1997,-0.0247,1.6093
4352,15:13:09.738,2001,-0.0227,1.6125
4353,15:13:09.739,2024,-0.0115,1.6311
4354,15:13:09.739,2030,-0.0085,1.6359
4355,15:13:09.740,2038,-0.0046,1.6423
4356,15:13:09.740,2040,-0.0037,1.6440
4357,15:13:09.741,2049,0.0007,1.6512
4358,15:13:09.741,2054,0.0032,1.6552
4359,15:13:09.742,2043,-0.0022,1.6464
4360,15:13:09.742,2017,-0.0149,1.6254
4361,15:13:09.743,2010,-0.0183,1.6198
4362,15:13:09.743,2005,-0.0208,1.6158
4363,15:13:09.744,1997,-0.0247,1.6093
4364,15:13:09.744,1997,-0.0247,1.6093
4365,15:13:09.745,2018,-0.0144,1.6262
4366,15:13:09.745,2030,-0.0085,1.6359
4367,15:13:09.746,2040,-0.0037,1.6440
4368,15:13:09.746,2039,-0.0042,1.6432
4369,15:13:09.747,2049,0.0007,1.6512
4370,15:13:09.747,2052,0.0022,1.6536
4371,15:13:09.748,2044,-0.0017,1.6472
4372,15:13:09.748,2018,-0.0144,1.6262
4373,15:13:09.749,2003,-0.0217,1.6141
4374,15:13:09.749,2003,-0.0217,1.6141
4375,15:13:09.750,1988,-0.0291,1.6021
4376,15:13:09.750,1995,-0.0256,1.6077
4377,15:13:09.751,2012,-0.0173,1.6214
4378,15:13:09.751,2025,-0.0110,1.6319
4379,15:13:09.752,2037,-0.0051,1.6415
4380,15:13:09.752,2037,-0.0051,1.6415
4381,15:13:09.753,2042,-0.0027,1.6456
4382,15:13:09.753,2049,0.0007,1.6512
4383,15:13:09.754,2052,0.0022,1.6536
4384,15:13:09.754,2023,-0.0120,1.6303
4385,15:13:09.755,2007,-0.0198,1.6174
4386,15:13:09.755,2000,-0.0232,1.6117
4387,15:13:09.756,1992,-0.0271,1.6053
4388,15:13:09.756,1993,-0.0266,1.6061
4389,15:13:09.757,2005,-0.0208,1.6158
4390,15:13:09.757,2022,-0.0125,1.6295
4391,15:13:09.758,2033,-0.0071,1.6383
4392,15:13:09.758,2036,-0.0056,1.6407
4393,15:13:09.759,2043,-0.0022,1.6464
4394,15:13:09.759,2050,0.0012,1.6520
4395,15:13:09.760,2053,0.0027,1.6544
4396,15:13:09.760,2032,-0.0076,1.6375
4397,15:13:09.761,2008,-0.0193,1.6182
4398,15:13:09.761,2001,-0.0227,1.6125
4399,15:13:09.762,1998,-0.0242,1.6101
4400,15:13:09.762,1993,-0.0266,1.6061
4401,15:13:09.763,2002,-0.0222,1.6133
4402,15:13:09.763,2023,-0.0120,1.6303
4403,15:13:09.764,2031,-0.0081,1.6367
4404,15:13:09.764,2041,-0.0032,1.6448
4405,15:13:09.765,2040,-0.0037,1.6440
4406,15:13:09.765,2048,0.0002,1.6504
4407,15:13:09.766,2052,0.0022,1.6536
4408,15:13:09.766,2039,-0.0042,1.6432
4409,15:13:09.767,2017,-0.0149,1.6254
4410,15:13:09.767,2002,-0.0222,1.6133
4411,15:13:09.768,2003,-0.0217,1.6141
4412,15:13:09.768,1995,-0.0256,1.6077
4413,15:13:09.769,2000,-0.0232,1.6117
4414,15:13:09.769,2021,-0.0129,1.6286
4415,15:13:09.770,2032,-0.0076,1.6375
4416,15:13:09.770,2041,-0.0032,1.6448
4417,15:13:09.771,2037,-0.0051,1.6415
4418,15:13:09.771,2048,0.0002,1.6504
4419,15:13:09.772,2052,0.0022,1.6536
4420,15:13:09.772,2050,0.0012,1.6520
4421,15:13:09.773,2018,-0.0144,1.6262
4422,15:13:09.773,2002,-0.0222,1.6133
4423,15:13:09.774,2005,-0.0208,1.6158
4424,15:13:09.774,1997,-0.0247,1.6093
4425,15:13:09.775,1995,-0.0256,1.6077
4426,15:13:09.775,2015,-0.0159,1.6238
4427,15:13:09.776,2024,-0.0115,1.6311
4428,15:13:09.776,2038,-0.0046,1.6423
4429,15:13:09.777,2037,-0.0051,1.6415
4430,15:13:09.777,2039,-0.0042,1.6432
4431,15:13:09.778,2046,-0.0007,1.6488
4432,15:13:09.778,2048,0.0002,1.6504
4433,15:13:09.779,2021,-0.0129,1.6286
4434,15:13:09.779,2007,-0.0198,1.6174
4435,15:13:09.780,2001,-0.0227,1.6125
4436,15:13:09.780,1994,-0.0261,1.6069
4437,15:13:09.781,1988,-0.0291,1.6021
4438,15:13:09.781,2011,-0.0178,1.6206
4439,15:13:09.782,2026,-0.0105,1.6327
4440,15:13:09.782,2034,-0.0066,1.6391
4441,15:13:09.783,2036,-0.0056,1.6407
4442,15:13:09.783,2043,-0.0022,1.6464
4443,15:13:09.784,2046,-0.0007,1.6488
4444,15:13:09.784,2051,0.0017,1.6528
4445,15:13:09.785,2034,-0.0066,1.6391
4446,15:13:09.785,2014,-0.0164,1.6230
4447,15:13:09.786,2003,-0.0217,1.6141
4448,15:13:09.786,1999,-0.0237,1.6109
4449,15:13:09.787,1996,-0.0252,1.6085
4450,15:13:09.787,2004,-0.0212,1.6149
4451,15:13:09.788,2027,-0.0100,1.6335
4452,15:13:09.788,2034,-0.0066,1.6391
4453,15:13:09.789,2039,-0.0042,1.6432
4454,15:13:09.789,2043,-0.0022,1.6464
4455,15:13:09.790,2048,0.0002,1.6504
4456,15:13:09.790,2052,0.0022,1.6536
4457,15:13:09.791,2038,-0.0046,1.6423
4458,15:13:09.791,2013,-0.0168,1.6222
4459,15:13:09.792,2007,-0.0198,1.6174
4460,15:13:09.792,2003,-0.0217,1.6141
4461,15:13:09.793,1994,-0.0261,1.6069
4462,15:13:09.793,1999,-0.0237,1.6109
4463,15:13:09.794,2021,-0.0129,1.6286
4464,15:13:09.794,2029,-0.0090,1.6351
4465,15:13:09.795,2037,-0.0051,1.6415
4466,15:13:09.795,2036,-0.0056,1.6407
4467,15:13:09.796,2050,0.0012,1.6520
4468,15:13:09.796,2046,-0.0007,1.6488
4469,15:13:09.797,2043,-0.0022,1.6464
4470,15:13:09.797,2019,-0.0139,1.6270
4471,15:13:09.798,2003,-0.0217,1.6141
4472,15:13:09.798,2003,-0.0217,1.6141
4473,15:13:09.799,1994,-0.0261,1.6069
4474,15:13:09.799,1995,-0.0256,1.6077
4475,15:13:09.800,2011,-0.0178,1.6206
4476,15:13:09.800,2028,-0.0095,1.6343
4477,15:13:09.801,2032,-0.0076,1.6375
4478,15:13:09.801,2035,-0.0061,1.6399
4479,15:13:09.802,2041,-0.0032,1.6448
4480,15:13:09.802,2045,-0.0012,1.6480
4481,15:13:09.803,2044,-0.0017,1.6472
4482,15:13:09.803,2020,-0.0134,1.6278
4483,15:13:09.804,2004,-0.0212,1.6149
4484,15:13:09.804,2004,-0.0212,1.6149
4485,15:13:09.805,1993,-0.0266,1.6061
4486,15:13:09.805,1992,-0.0271,1.6053
4487,15:13:09.806,2007,-0.0198,1.6174
4488,15:13:09.806,2026,-0.0105,1.6327
4489,15:13:09.807,2032,-0.0076,1.6375
4490,15:13:09.807,2032,-0.0076,1.6375
4491,15:13:09.808,2045,-0.0012,1.6480
4492,15:13:09.808,2050,0.0012,1.6520
4493,15:13:09.809,2053,0.0027,1.6544
4494,15:13:09.809,2028,-0.0095,1.6343
4495,15:13:09.810,2006,-0.0203,1.6166
4496,15:13:09.810,2001,-0.0227,1.6125
4497,15:13:09.811,1996,-0.0252,1.6085
4498,15:13:09.811,1995,-0.0256,1.6077
4499,15:13:09.812,2006,-0.0203,1.6166
4500,15:13:09.812,2026,-0.0105,1.6327
4501,15:13:09.813,2040,-0.0037,1.6440
4502,15:13:09.813,2038,-0.0046,1.6423
4503,15:13:09.814,2044,-0.0017,1.6472
4504,15:13:09.814,2049,0.0007,1.6512
4505,15:13:09.815,2050,0.0012,1.6520
4506,15:13:09.815,2034,-0.0066,1.6391
4507,15:13:09.816,2015,-0.0159,1.6238
4508,15:13:09.816,2004,-0.0212,1.6149
4509,15:13:09.817,1997,-0.0247,1.6093
4510,15:13:09.817,1994,-0.0261,1.6069
4511,15:13:09.818,2002,-0.0222,1.6133
4512,15:13:09.818,2025,-0.0110,1.6319
4513,15:13:09.819,2041,-0.0032,1.6448
4514,15:13:09.819,2040,-0.0037,1.6440
4515,15:13:09.820,2039,-0.0042,1.6432
4516,15:13:09.820,2052,0.0022,1.6536
4517,15:13:09.821,2054,0.0032,1.6552
4518,15:13:09.821,2042,-0.0027,1.6456
4519,15:13:09.822,2017,-0.0149,1.6254
4520,15:13:09.822,2003,-0.0217,1.6141
4521,15:13:09.823,2002,-0.0222,1.6133
4522,15:13:09.823,1998,-0.0242,1.6101
4523,15:13:09.824,1995,-0.0256,1.6077
4524,15:13:09.824,2017,-0.0149,1.6254
4525,15:13:09.825,2029,-0.0090,1.6351
4526,15:13:09.825,2036,-0.0056,1.6407
4527,15:13:09.826,2034,-0.0066,1.6391
4528,15:13:09.826,2045,-0.0012,1.6480
4529,15:13:09.827,2051,0.0017,1.6528
4530,15:13:09.827,2043,-0.0022,1.6464
4531,15:13:09.828,2019,-0.0139,1.6270
4532,15:13:09.828,2000,-0.0232,1.6117
4533,15:13:09.829,2001,-0.0227,1.6125
4534,15:13:09.829,1988,-0.0291,1.6021
4535,15:13:09.830,1992,-0.0271,1.6053
4536,15:13:09.830,2011,-0.0178,1.6206
4537,15:13:09.831,2024,-0.0115,1.6311
4538,15:13:09.831,2032,-0.0076,1.6375
4539,15:13:09.832,2034,-0.0066,1.6391
4540,15:13:09.832,2039,-0.0042,1.6432
4541,15:13:09.833,2046,-0.0007,1.6488
4542,15:13:09.833,2048,0.0002,1.6504
4543,15:13:09.834,2022,-0.0125,1.6295
4544,15:13:09.834,2004,-0.0212,1.6149
4545,15:13:09.835,2002,-0.0222,1.6133
4546,15:13:09.835,1995,-0.0256,1.6077
4547,15:13:09.836,1991,-0.0276,1.6045
4548,15:13:09.836,2008,-0.0193,1.6182
4549,15:13:09.837,2026,-0.0105,1.6327
4550,15:13:09.837,2033,-0.0071,1.6383
4551,15:13:09.838,2037,-0.0051,1.6415
4552,15:13:09.838,2050,0.0012,1.6520
4553,15:13:09.839,2051,0.0017,1.6528
4554,15:13:09.839,2053,0.0027,1.6544
4555,15:13:09.840,2030,-0.0085,1.6359
4556,15:13:09.840,2010,-0.0183,1.6198
4557,15:13:09.841,2005,-0.0208,1.6158
4558,15:13:09.841,1999,-0.0237,1.6109
4559,15:13:09.842,1992,-0.0271,1.6053
4560,15:13:09.842,2005,-0.0208,1.6158
4561,15:13:09.843,2028,-0.0095,1.6343
4562,15:13:09.843,2039,-0.0042,1.6432
4563,15:13:09.844,2041,-0.0032,1.6448
4564,15:13:09.844,2041,-0.0032,1.6448
4565,15:13:09.845,2052,0.0022,1.6536
4566,15:13:09.845,2054,0.0032,1.6552
4567,15:13:09.846,2040,-0.0037,1.6440
4568,15:13:09.846,2023,-0.0120,1.6303
4569,15:13:09.847,2006,-0.0203,1.6166
4570,15:13:09.847,2000,-0.0232,1.6117
4571,15:13:09.848,1995,-0.0256,1.6077
4572,15:13:09.848,1998,-0.0242,1.6101
4573,15:13:09.849,2018,-0.0144,1.6262
4574,15:13:09.849,2033,-0.0071,1.6383
4575,15:13:09.850,2036,-0.0056,1.6407
4576,15:13:09.850,2037,-0.0051,1.6415
4577,15:13:09.851,2051,0.0017,1.6528
4578,15:13:09.851,2052,0.0022,1.6536
4579,15:13:09.852,2043,-0.0022,1.6464
4580,15:13:09.852,2018,-0.0144,1.6262
4581,15:13:09.853,2010,-0.0183,1.6198
4582,15:13:09.853,2000,-0.0232,1.6117
4583,15:13:09.854,1994,-0.0261,1.6069
4584,15:13:09.854,1993,-0.0266,1.6061
4585,15:13:09.855,2011,-0.0178,1.6206
4586,15:13:09.855,2027,-0.0100,1.6335
4587,15:13:09.856,2034,-0.0066,1.6391
4588,15:13:09.856,2037,-0.0051,1.6415
4589,15:13:09.857,2045,-0.0012,1.6480
4590,15:13:09.857,2049,0.0007,1.6512
4591,15:13:09.858,2044,-0.0017,1.6472
4592,15:13:09.858,2025,-0.0110,1.6319
4593,15:13:09.859,2011,-0.0178,1.6206
4594,15:13:09.859,2005,-0.0208,1.6158
4595,15:13:09.860,1997,-0.0247,1.6093
4596,15:13:09.860,1994,-0.0261,1.6069
4597,15:13:09.861,2008,-0.0193,1.6182
4598,15:13:09.861,2026,-0.0105,1.6327
4599,15:13:09.862,2033,-0.0071,1.6383
4600,15:13:09.862,2033,-0.0071,1.6383
4601,15:13:09.863,2040,-0.0037,1.6440
4602,15:13:09.863,2048,0.0002,1.6504
4603,15:13:09.864,2043,-0.0022,1.6464
4604,15:13:09.864,2028,-0.0095,1.6343
4605,15:13:09.865,2007,-0.0198,1.6174
4606,15:13:09.865,2004,-0.0212,1.6149
4607,15:13:09.866,1995,-0.0256,1.6077
4608,15:13:09.866,1993,-0.0266,1.6061
4609,15:13:09.867,2004,-0.0212,1.6149
4610,15:13:09.867,2026,-0.0105,1.6327
4611,15:13:09.868,2034,-0.0066,1.6391
4612,15:13:09.868,2035,-0.0061,1.6399
4613,15:13:09.869,2045,-0.0012,1.6480
4614,15:13:09.869,2051,0.0017,1.6528
4615,15:13:09.870,2051,0.0017,1.6528
4616,15:13:09.870,2035,-0.0061,1.6399
4617,15:13:09.871,2016,-0.0154,1.6246
4618,15:13:09.871,2003,-0.0217,1.6141
4619,15:13:09.872,2002,-0.0222,1.6133
4620,15:13:09.872,1996,-0.0252,1.6085
4621,15:13:09.873,2000,-0.0232,1.6117
4622,15:13:09.873,2022,-0.0125,1.6295
4623,15:13:09.874,2034,-0.0066,1.6391
4624,15:13:09.874,2039,-0.0042,1.6432
4625,15:13:09.875,2041,-0.0032,1.6448
4626,15:13:09.875,2052,0.0022,1.6536
4627,15:13:09.876,2049,0.0007,1.6512
4628,15:13:09.876,2040,-0.0037,1.6440
4629,15:13:09.877,2017,-0.0149,1.6254
4630,15:13:09.877,2006,-0.0203,1.6166
4631,15:13:09.878,1999,-0.0237,1.6109
4632,15:13:09.878,1992,-0.0271,1.6053
4633,15:13:09.879,1997,-0.0247,1.6093
4634,15:13:09.879,2014,-0.0164,1.6230
4635,15:13:09.880,2029,-0.0090,1.6351
4636,15:13:09.880,2039,-0.0042,1.6432
4637,15:13:09.881,2037,-0.0051,1.6415
4638,15:13:09.881,2044,-0.0017,1.6472
4639,15:13:09.882,2050,0.0012,1.6520
4640,15:13:09.882,2044,-0.0017,1.6472
4641,15:13:09.883,2023,-0.0120,1.6303
4642,15:13:09.883,2009,-0.0188,1.6190
4643,15:13:09.884,2007,-0.0198,1.6174
4644,15:13:09.884,1996,-0.0252,1.6085
4645,15:13:09.885,1997,-0.0247,1.6093
4646,15:13:09.885,2011,-0.0178,1.6206
4647,15:13:09.886,2024,-0.0115,1.6311
4648,15:13:09.886,2037,-0.0051,1.6415
4649,15:13:09.887,2038,-0.0046,1.6423
4650,15:13:09.887,2045,-0.0012,1.6480
4651,15:13:09.888,2051,0.0017,1.6528
4652,15:13:09.888,2048,0.0002,1.6504
4653,15:13:09.889,2031,-0.0081,1.6367
4654,15:13:09.889,2010,-0.0183,1.6198
4655,15:13:09.890,2003,-0.0217,1.6141
4656,15:13:09.890,1997,-0.0247,1.6093
4657,15:13:09.891,1991,-0.0276,1.6045
4658,15:13:09.891,1998,-0.0242,1.6101
4659,15:13:09.892,2023,-0.0120,1.6303
4660,15:13:09.892,2032,-0.0076,1.6375
4661,15:13:09.893,2033,-0.0071,1.6383
4662,15:13:09.893,2039,-0.0042,1.6432
4663,15:13:09.894,2048,0.0002,1.6504
4664,15:13:09.894,2052,0.0022,1.6536
4665,15:13:09.895,2034,-0.0066,1.6391
4666,15:13:09.895,2012,-0.0173,1.6214
4667,15:13:09.896,2006,-0.0203,1.6166
4668,15:13:09.896,1997,-0.0247,1.6093
4669,15:13:09.897,2000,-0.0232,1.6117
4670,15:13:09.897,2001,-0.0227,1.6125
4671,15:13:09.898,2017,-0.0149,1.6254
4672,15:13:09.898,2030,-0.0085,1.6359
4673,15:13:09.899,2037,-0.0051,1.6415
4674,15:13:09.899,2040,-0.0037,1.6440
4675,15:13:09.900,2048,0.0002,1.6504
4676,15:13:09.900,2051,0.0017,1.6528
4677,15:13:09.901,2038,-0.0046,1.6423
4678,15:13:09.901,2019,-0.0139,1.6270
4679,15:13:09.902,2006,-0.0203,1.6166
4680,15:13:09.902,1996,-0.0252,1.6085
4681,15:13:09.903,1993,-0.0266,1.6061
4682,15:13:09.903,1998,-0.0242,1.6101
4683,15:13:09.904,2021,-0.0129,1.6286
4684,15:13:09.904,2032,-0.0076,1.6375
4685,15:13:09.905,2035,-0.0061,1.6399
4686,15:13:09.905,2039,-0.0042,1.6432
4687,15:13:09.906,2048,0.0002,1.6504
4688,15:13:09.906,2050,0.0012,1.6520
4689,15:13:09.907,2045,-0.0012,1.6480
4690,15:13:09.907,2025,-0.0110,1.6319
4691,15:13:09.908,2005,-0.0208,1.6158
4692,15:13:09.908,2005,-0.0208,1.6158
4693,15:13:09.909,1995,-0.0256,1.6077
4694,15:13:09.909,1994,-0.0261,1.6069
4695,15:13:09.910,2009,-0.0188,1.6190
4696,15:13:09.910,2028,-0.0095,1.6343
4697,15:13:09.911,2027,-0.0100,1.6335
4698,15:13:09.911,2035,-0.0061,1.6399
4699,15:13:09.912,2041,-0.0032,1.6448
4700,15:13:09.912,2046,-0.0007,1.6488
4701,15:13:09.913,2049,0.0007,1.6512
4702,15:13:09.913,2026,-0.0105,1.6327
4703,15:13:09.914,2006,-0.0203,1.6166
4704,15:13:09.914,2005,-0.0208,1.6158
4705,15:13:09.915,1994,-0.0261,1.6069
4706,15:13:09.915,1992,-0.0271,1.6053
4707,15:13:09.916,2005,-0.0208,1.6158
4708,15:13:09.916,2021,-0.0129,1.6286
4709,15:13:09.917,2032,-0.0076,1.6375
4710,15:13:09.917,2034,-0.0066,1.6391
4711,15:13:09.918,2040,-0.0037,1.6440
4712,15:13:09.918,2054,0.0032,1.6552
4713,15:13:09.919,2043,-0.0022,1.6464
4714,15:13:09.919,2030,-0.0085,1.6359
4715,15:13:09.920,2014,-0.0164,1.6230
4716,15:13:09.920,2001,-0.0227,1.6125
4717,15:13:09.921,2000,-0.0232,1.6117
4718,15:13:09.921,1993,-0.0266,1.6061
4719,15:13:09.922,1999,-0.0237,1.6109
4720,15:13:09.922,2019,-0.0139,1.6270
4721,15:13:09.923,2032,-0.0076,1.6375
4722,15:13:09.923,2032,-0.0076,1.6375
4723,15:13:09.924,2034,-0.0066,1.6391
4724,15:13:09.924,2051,0.0017,1.6528
4725,15:13:09.925,2050,0.0012,1.6520
4726,15:13:09.925,2041,-0.0032,1.6448
4727,15:13:09.926,2019,-0.0139,1.6270
4728,15:13:09.926,2008,-0.0193,1.6182
4729,15:13:09.927,2003,-0.0217,1.6141
4730,15:13:09.927,1991,-0.0276,1.6045
4731,15:13:09.928,1997,-0.0247,1.6093
4732,15:13:09.928,2013,-0.0168,1.6222
4733,15:13:09.929,2027,-0.0100,1.6335
4734,15:13:09.929,2035,-0.0061,1.6399
4735,15:13:09.930,2039,-0.0042,1.6432
4736,15:13:09.930,2049,0.0007,1.6512
4737,15:13:09.931,2051,0.0017,1.6528
4738,15:13:09.931,2043,-0.0022,1.6464
4739,15:13:09.932,2024,-0.0115,1.6311
4740,15:13:09.932,2007,-0.0198,1.6174
4741,15:13:09.933,2004,-0.0212,1.6149
4742,15:13:09.933,1994,-0.0261,1.6069
4743,15:13:09.934,1994,-0.0261,1.6069
4744,15:13:09.934,2010,-0.0183,1.6198
4745,15:13:09.935,2029,-0.0090,1.6351
4746,15:13:09.935,2036,-0.0056,1.6407
4747,15:13:09.936,2035,-0.0061,1.6399
4748,15:13:09.936,2044,-0.0017,1.6472
4749,15:13:09.937,2052,0.0022,1.6536
4750,15:13:09.937,2043,-0.0022,1.6464
4751,15:13:09.938,2026,-0.0105,1.6327
4752,15:13:09.938,2009,-0.0188,1.6190
4753,15:13:09.939,2004,-0.0212,1.6149
4754,15:13:09.939,1990,-0.0281,1.6037
4755,15:13:09.940,1992,-0.0271,1.6053
4756,15:13:09.940,2004,-0.0212,1.6149
4757,15:13:09.941,2025,-0.0110,1.6319
4758,15:13:09.941,2033,-0.0071,1.6383
4759,15:13:09.942,2033,-0.0071,1.6383
4760,15:13:09.942,2046,-0.0007,1.6488
4761,15:13:09.943,2052,0.0022,1.6536
4762,15:13:09.943,2050,0.0012,1.6520
4763,15:13:09.944,2036,-0.0056,1.6407
4764,15:13:09.944,2012,-0.0173,1.6214
4765,15:13:09.945,2004,-0.0212,1.6149
4766,15:13:09.945,1995,-0.0256,1.6077
4767,15:13:09.946,1991,-0.0276,1.6045
4768,15:13:09.946,2000,-0.0232,1.6117
4769,15:13:09.947,2020,-0.0134,1.6278
4770,15:13:09.947,2030,-0.0085,1.6359
4771,15:13:09.948,2033,-0.0071,1.6383
4772,15:13:09.948,2040,-0.0037,1.6440
4773,15:13:09.949,2051,0.0017,1.6528
4774,15:13:09.949,2049,0.0007,1.6512
4775,15:13:09.950,2038,-0.0046,1.6423
4776,15:13:09.950,2018,-0.0144,1.6262
4777,15:13:09.951,2006,-0.0203,1.6166
4778,15:13:09.951,1999,-0.0237,1.6109
4779,15:13:09.952,1997,-0.0247,1.6093
4780,15:13:09.952,1998,-0.0242,1.6101
4781,15:13:09.953,2022,-0.0125,1.6295
4782,15:13:09.953,2027,-0.0100,1.6335
4783,15:13:09.954,2033,-0.0071,1.6383
4784,15:13:09.954,2040,-0.0037,1.6440
4785,15:13:09.955,2052,0.0022,1.6536
4786,15:13:09.955,2051,0.0017,1.6528
4787,15:13:09.956,2044,-0.0017,1.6472
4788,15:13:09.956,2020,-0.0134,1.6278
4789,15:13:09.957,2009,-0.0188,1.6190
4790,15:13:09.957,2003,-0.0217,1.6141
4791,15:13:09.958,2001,-0.0227,1.6125
4792,15:13:09.958,1998,-0.0242,1.6101
4793,15:13:09.959,2013,-0.0168,1.6222
4794,15:13:09.959,2031,-0.0081,1.6367
4795,15:13:09.960,2033,-0.0071,1.6383
4796,15:13:09.960,2035,-0.0061,1.6399
4797,15:13:09.961,2049,0.0007,1.6512
4798,15:13:09.961,2052,0.0022,1.6536
4799,15:13:09.962,2052,0.0022,1.6536
4800,15:13:09.962,2024,-0.0115,1.6311
4801,15:13:09.963,2011,-0.0178,1.6206
4802,15:13:09.963,2003,-0.0217,1.6141
4803,15:13:09.964,1994,-0.0261,1.6069
4804,15:13:09.964,1992,-0.0271,1.6053
4805,15:13:09.965,2007,-0.0198,1.6174
4806,15:13:09.965,2024,-0.0115,1.6311
4807,15:13:09.966,2030,-0.0085,1.6359
4808,15:13:09.966,2033,-0.0071,1.6383
4809,15:13:09.967,2044,-0.0017,1.6472
4810,15:13:09.967,2045,-0.0012,1.6480
4811,15:13:09.968,2046,-0.0007,1.6488
4812,15:13:09.968,2030,-0.0085,1.6359
4813,15:13:09.969,2011,-0.0178,1.6206
4814,15:13:09.969,2007,-0.0198,1.6174
4815,15:13:09.970,1996,-0.0252,1.6085
4816,15:13:09.970,1993,-0.0266,1.6061
4817,15:13:09.971,2004,-0.0212,1.6149
4818,15:13:09.971,2020,-0.0134,1.6278
4819,15:13:09.972,2031,-0.0081,1.6367
4820,15:13:09.972,2033,-0.0071,1.6383
4821,15:13:09.973,2042,-0.0027,1.6456
4822,15:13:09.973,2052,0.0022,1.6536
4823,15:13:09.974,2052,0.0022,1.6536
4824,15:13:09.974,2036,-0.0056,1.6407
4825,15:13:09.975,2022,-0.0125,1.6295
4826,15:13:09.975,2009,-0.0188,1.6190
4827,15:13:09.976,1999,-0.0237,1.6109
4828,15:13:09.976,1994,-0.0261,1.6069
4829,15:13:09.977,1998,-0.0242,1.6101
4830,15:13:09.977,2016,-0.0154,1.6246
4831,15:13:09.978,2026,-0.0105,1.6327
4832,15:13:09.978,2034,-0.0066,1.6391
4833,15:13:09.979,2036,-0.0056,1.6407
4834,15:13:09.979,2051,0.0017,1.6528
4835,15:13:09.980,2053,0.0027,1.6544
4836,15:13:09.980,2043,-0.0022,1.6464
4837,15:13:09.981,2021,-0.0129,1.6286
4838,15:13:09.981,2011,-0.0178,1.6206
4839,15:13:09.982,2005,-0.0208,1.6158
4840,15:13:09.982,1996,-0.0252,1.6085
4841,15:13:09.983,1997,-0.0247,1.6093
4842,15:13:09.983,2014,-0.0164,1.6230
4843,15:13:09.984,2028,-0.0095,1.6343
4844,15:13:09.984,2031,-0.0081,1.6367
4845,15:13:09.985,2037,-0.0051,1.6415
4846,15:13:09.985,2050,0.0012,1.6520
4847,15:13:09.986,2052,0.0022,1.6536
4848,15:13:09.986,2043,-0.0022,1.6464
4849,15:13:09.987,2024,-0.0115,1.6311
4850,15:13:09.987,2005,-0.0208,1.6158
4851,15:13:09.988,2004,-0.0212,1.6149
4852,15:13:09.988,1995,-0.0256,1.6077
4853,15:13:09.989,1989,-0.0286,1.6029
4854,15:13:09.989,2006,-0.0203,1.6166
4855,15:13:09.990,2023,-0.0120,1.6303
4856,15:13:09.990,2023,-0.0120,1.6303
4857,15:13:09.991,2034,-0.0066,1.6391
4858,15:13:09.991,2046,-0.0007,1.6488
4859,15:13:09.992,2046,-0.0007,1.6488
4860,15:13:09.992,2042,-0.0027,1.6456
4861,15:13:09.993,2029,-0.0090,1.6351
4862,15:13:09.993,2013,-0.0168,1.6222
4863,15:13:09.994,2007,-0.0198,1.6174
4864,15:13:09.994,1996,-0.0252,1.6085
4865,15:13:09.995,1993,-0.0266,1.6061
4866,15:13:09.995,2003,-0.0217,1.6141
4867,15:13:09.996,2020,-0.0134,1.6278
4868,15:13:09.996,2027,-0.0100,1.6335
4869,15:13:09.997,2030,-0.0085,1.6359
4870,15:13:09.997,2043,-0.0022,1.6464
4871,15:13:09.998,2049,0.0007,1.6512
4872,15:13:09.998,2051,0.0017,1.6528
4873,15:13:09.999,2033,-0.0071,1.6383
4874,15:13:09.999,2020,-0.0134,1.6278
4875,15:13:10.000,2010,-0.0183,1.6198
4876,15:13:10.000,2000,-0.0232,1.6117
4877,15:13:10.001,1994,-0.0261,1.6069
4878,15:13:10.001,2002,-0.0222,1.6133
4879,15:13:10.002,2020,-0.0134,1.6278
4880,15:13:10.002,2027,-0.0100,1.6335
4881,15:13:10.003,2033,-0.0071,1.6383
4882,15:13:10.003,2036,-0.0056,1.6407
4883,15:13:10.004,2052,0.0022,1.6536
4884,15:13:10.004,2048,0.0002,1.6504
4885,15:13:10.005,2036,-0.0056,1.6407
4886,15:13:10.005,2018,-0.0144,1.6262
4887,15:13:10.006,2008,-0.0193,1.6182
4888,15:13:10.006,1999,-0.0237,1.6109
4889,15:13:10.007,1995,-0.0256,1.6077
4890,15:13:10.007,2000,-0.0232,1.6117
4891,15:13:10.008,2013,-0.0168,1.6222
4892,15:13:10.008,2023,-0.0120,1.6303
4893,15:13:10.009,2030,-0.0085,1.6359
4894,15:13:10.009,2033,-0.0071,1.6383
4895,15:13:10.010,2050,0.0012,1.6520
4896,15:13:10.010,2051,0.0017,1.6528
4897,15:13:10.011,2043,-0.0022,1.6464
4898,15:13:10.011,2025,-0.0110,1.6319
4899,15:13:10.012,2008,-0.0193,1.6182
4900,15:13:10.012,2003,-0.0217,1.6141
4901,15:13:10.013,1996,-0.0252,1.6085
4902,15:13:10.013,1994,-0.0261,1.6069
4903,15:13:10.014,2011,-0.0178,1.6206
4904,15:13:10.014,2023,-0.0120,1.6303
4905,15:13:10.015,2027,-0.0100,1.6335
4906,15:13:10.015,2032,-0.0076,1.6375
4907,15:13:10.016,2049,0.0007,1.6512
4908,15:13:10.016,2050,0.0012,1.6520
4909,15:13:10.017,2050,0.0012,1.6520
4910,15:13:10.017,2026,-0.0105,1.6327
4911,15:13:10.018,2013,-0.0168,1.6222
4912,15:13:10.018,2010,-0.0183,1.6198
4913,15:13:10.019,2000,-0.0232,1.6117
4914,15:13:10.019,1995,-0.0256,1.6077
4915,15:13:10.020,2003,-0.0217,1.6141
4916,15:13:10.020,2025,-0.0110,1.6319
4917,15:13:10.021,2030,-0.0085,1.6359
4918,15:13:10.021,2033,-0.0071,1.6383
4919,15:13:10.022,2039,-0.0042,1.6432
4920,15:13:10.022,2048,0.0002,1.6504
4921,15:13:10.023,2045,-0.0012,1.6480
4922,15:13:10.023,2030,-0.0085,1.6359
4923,15:13:10.024,2016,-0.0154,1.6246
4924,15:13:10.024,2014,-0.0164,1.6230
4925,15:13:10.025,2000,-0.0232,1.6117
4926,15:13:10.025,1998,-0.0242,1.6101
4927,15:13:10.026,2002,-0.0222,1.6133
4928,15:13:10.026,2018,-0.0144,1.6262
4929,15:13:10.027,2028,-0.0095,1.6343
4930,15:13:10.027,2032,-0.0076,1.6375
4931,15:13:10.028,2042,-0.0027,1.6456
4932,15:13:10.028,2049,0.0007,1.6512
4933,15:13:10.029,2050,0.0012,1.6520
4934,15:13:10.029,2037,-0.0051,1.6415
4935,15:13:10.030,2020,-0.0134,1.6278
4936,15:13:10.030,2014,-0.0164,1.6230
4937,15:13:10.031,2000,-0.0232,1.6117
4938,15:13:10.031,1997,-0.0247,1.6093
4939,15:13:10.032,2003,-0.0217,1.6141
4940,15:13:10.032,2017,-0.0149,1.6254
4941,15:13:10.033,2027,-0.0100,1.6335
4942,15:13:10.033,2033,-0.0071,1.6383
4943,15:13:10.034,2036,-0.0056,1.6407
4944,15:13:10.034,2051,0.0017,1.6528
4945,15:13:10.035,2052,0.0022,1.6536
4946,15:13:10.035,2042,-0.0027,1.6456
4947,15:13:10.036,2026,-0.0105,1.6327
4948,15:13:10.036,2013,-0.0168,1.6222
4949,15:13:10.037,2009,-0.0188,1.6190
4950,15:13:10.037,1999,-0.0237,1.6109
4951,15:13:10.038,1996,-0.0252,1.6085
4952,15:13:10.038,2009,-0.0188,1.6190
4953,15:13:10.039,2024,-0.0115,1.6311
4954,15:13:10.039,2028,-0.0095,1.6343
4955,15:13:10.040,2033,-0.0071,1.6383
4956,15:13:10.040,2049,0.0007,1.6512
4957,15:13:10.041,2046,-0.0007,1.6488
4958,15:13:10.041,2043,-0.0022,1.6464
4959,15:13:10.042,2025,-0.0110,1.6319
4960,15:13:10.042,2011,-0.0178,1.6206
4961,15:13:10.043,2007,-0.0198,1.6174
4962,15:13:10.043,1996,-0.0252,1.6085
4963,15:13:10.044,1988,-0.0291,1.6021
4964,15:13:10.044,2005,-0.0208,1.6158
4965,15:13:10.045,2022,-0.0125,1.6295
4966,15:13:10.045,2023,-0.0120,1.6303
4967,15:13:10.046,2029,-0.0090,1.6351
4968,15:13:10.046,2041,-0.0032,1.6448
4969,15:13:10.047,2045,-0.0012,1.6480
4970,15:13:10.047,2048,0.0002,1.6504
4971,15:13:10.048,2030,-0.0085,1.6359
4972,15:13:10.048,2016,-0.0154,1.6246
4973,15:13:10.049,2007,-0.0198,1.6174
4974,15:13:10.049,2001,-0.0227,1.6125
4975,15:13:10.050,1993,-0.0266,1.6061
4976,15:13:10.050,2005,-0.0208,1.6158
4977,15:13:10.051,2019,-0.0139,1.6270
4978,15:13:10.051,2033,-0.0071,1.6383
4979,15:13:10.052,2032,-0.0076,1.6375
4980,15:13:10.052,2036,-0.0056,1.6407
4981,15:13:10.053,2049,0.0007,1.6512
4982,15:13:10.053,2045,-0.0012,1.6480
4983,15:13:10.054,2038,-0.0046,1.6423
4984,15:13:10.054,2020,-0.0134,1.6278
4985,15:13:10.055,2013,-0.0168,1.6222
4986,15:13:10.055,2002,-0.0222,1.6133
4987,15:13:10.056,1995,-0.0256,1.6077
4988,15:13:10.056,1995,-0.0256,1.6077
4989,15:13:10.057,2018,-0.0144,1.6262
4990,15:13:10.057,2029,-0.0090,1.6351
4991,15:13:10.058,2030,-0.0085,1.6359
4992,15:13:10.058,2038,-0.0046,1.6423
4993,15:13:10.059,2046,-0.0007,1.6488
4994,15:13:10.059,2052,0.0022,1.6536
4995,15:13:10.060,2039,-0.0042,1.6432
4996,15:13:10.060,2023,-0.0120,1.6303
4997,15:13:10.061,2013,-0.0168,1.6222
4998,15:13:10.061,2005,-0.0208,1.6158
4999,15:13:10.062,1995,-0.0256,1.6077
5000,15:13:10.062,1998,-0.0242,1.6101
5001,15:13:10.063,2012,-0.0173,1.6214
5002,15:13:10.063,2025,-0.0110,1.6319
5003,15:13:10.064,2029,-0.0090,1.6351
5004,15:13:10.064,2033,-0.0071,1.6383
5005,15:13:10.065,2048,0.0002,1.6504
5006,15:13:10.065,2049,0.0007,1.6512
5007,15:13:10.066,2038,-0.0046,1.6423
5008,15:13:10.066,2027,-0.0100,1.6335
5009,15:13:10.067,2016,-0.0154,1.6246
5010,15:13:10.067,2006,-0.0203,1.6166
5011,15:13:10.068,1997,-0.0247,1.6093
5012,15:13:10.068,1996,-0.0252,1.6085
5013,15:13:10.069,2008,-0.0193,1.6182
5014,15:13:10.069,2025,-0.0110,1.6319
5015,15:13:10.070,2025,-0.0110,1.6319
5016,15:13:10.070,2031,-0.0081,1.6367
5017,15:13:10.071,2040,-0.0037,1.6440
5018,15:13:10.071,2049,0.0007,1.6512
5019,15:13:10.072,2043,-0.0022,1.6464
5020,15:13:10.072,2031,-0.0081,1.6367
5021,15:13:10.073,2017,-0.0149,1.6254
5022,15:13:10.073,2008,-0.0193,1.6182
5023,15:13:10.074,1999,-0.0237,1.6109
5024,15:13:10.074,1998,-0.0242,1.6101
5025,15:13:10.075,2005,-0.0208,1.6158
5026,15:13:10.075,2022,-0.0125,1.6295
5027,15:13:10.076,2025,-0.0110,1.6319
5028,15:13:10.076,2032,-0.0076,1.6375
5029,15:13:10.077,2036,-0.0056,1.6407
5030,15:13:10.077,2048,0.0002,1.6504
5031,15:13:10.078,2044,-0.0017,1.6472
5032,15:13:10.078,2035,-0.0061,1.6399
5033,15:13:10.079,2019,-0.0139,1.6270
5034,15:13:10.079,2012,-0.0173,1.6214
5035,15:13:10.080,2004,-0.0212,1.6149
5036,15:13:10.080,2001,-0.0227,1.6125
5037,15:13:10.081,2003,-0.0217,1.6141
5038,15:13:10.081,2019,-0.0139,1.6270
5039,15:13:10.082,2024,-0.0115,1.6311
5040,15:13:10.082,2031,-0.0081,1.6367
5041,15:13:10.083,2035,-0.0061,1.6399
5042,15:13:10.083,2049,0.0007,1.6512
5043,15:13:10.084,2046,-0.0007,1.6488
5044,15:13:10.084,2038,-0.0046,1.6423
5045,15:13:10.085,2023,-0.0120,1.6303
5046,15:13:10.085,2014,-0.0164,1.6230
5047,15:13:10.086,2008,-0.0193,1.6182
5048,15:13:10.086,1998,-0.0242,1.6101
5049,15:13:10.087,1995,-0.0256,1.6077
5050,15:13:10.087,2014,-0.0164,1.6230
5051,15:13:10.088,2024,-0.0115,1.6311
5052,15:13:10.088,2023,-0.0120,1.6303
5053,15:13:10.089,2035,-0.0061,1.6399
5054,15:13:10.089,2050,0.0012,1.6520
5055,15:13:10.090,2051,0.0017,1.6528
5056,15:13:10.090,2041,-0.0032,1.6448
5057,15:13:10.091,2024,-0.0115,1.6311
5058,15:13:10.091,2012,-0.0173,1.6214
5059,15:13:10.092,2011,-0.0178,1.6206
5060,15:13:10.092,1998,-0.0242,1.6101
5061,15:13:10.093,1996,-0.0252,1.6085
5062,15:13:10.093,2013,-0.0168,1.6222
5063,15:13:10.094,2025,-0.0110,1.6319
5064,15:13:10.094,2029,-0.0090,1.6351
5065,15:13:10.095,2033,-0.0071,1.6383
5066,15:13:10.095,2042,-0.0027,1.6456
5067,15:13:10.096,2052,0.0022,1.6536
5068,15:13:10.096,2042,-0.0027,1.6456
5069,15:13:10.097,2030,-0.0085,1.6359
5070,15:13:10.097,2014,-0.0164,1.6230
5071,15:13:10.098,2010,-0.0183,1.6198
5072,15:13:10.098,2003,-0.0217,1.6141
5073,15:13:10.099,1995,-0.0256,1.6077
5074,15:13:10.099,2006,-0.0203,1.6166
5075,15:13:10.100,2024,-0.0115,1.6311
5076,15:13:10.100,2026,-0.0105,1.6327
5077,15:13:10.101,2031,-0.0081,1.6367
5078,15:13:10.101,2038,-0.0046,1.6423
5079,15:13:10.102,2050,0.0012,1.6520
5080,15:13:10.102,2048,0.0002,1.6504
5081,15:13:10.103,2031,-0.0081,1.6367
5082,15:13:10.103,2020,-0.0134,1.6278
5083,15:13:10.104,2011,-0.0178,1.6206
5084,15:13:10.104,2004,-0.0212,1.6149
5085,15:13:10.105,1996,-0.0252,1.6085
5086,15:13:10.105,2002,-0.0222,1.6133
5087,15:13:10.106,2017,-0.0149,1.6254
5088,15:13:10.106,2027,-0.0100,1.6335
5089,15:13:10.107,2031,-0.0081,1.6367
5090,15:13:10.107,2037,-0.0051,1.6415
5091,15:13:10.108,2050,0.0012,1.6520
5092,15:13:10.108,2044,-0.0017,1.6472
5093,15:13:10.109,2041,-0.0032,1.6448
5094,15:13:10.109,2022,-0.0125,1.6295
5095,15:13:10.110,2011,-0.0178,1.6206
5096,15:13:10.110,2003,-0.0217,1.6141
5097,15:13:10.111,1997,-0.0247,1.6093
5098,15:13:10.111,2001,-0.0227,1.6125
5099,15:13:10.112,2015,-0.0159,1.6238
5100,15:13:10.112,2026,-0.0105,1.6327
5101,15:13:10.113,2027,-0.0100,1.6335
5102,15:13:10.113,2031,-0.0081,1.6367
5103,15:13:10.114,2042,-0.0027,1.6456
5104,15:13:10.114,2042,-0.0027,1.6456
5105,15:13:10.115,2036,-0.0056,1.6407
5106,15:13:10.115,2026,-0.0105,1.6327
5107,15:13:10.116,2012,-0.0173,1.6214
5108,15:13:10.116,2006,-0.0203,1.6166
5109,15:13:10.117,2000,-0.0232,1.6117
5110,15:13:10.117,1998,-0.0242,1.6101
5111,15:13:10.118,2012,-0.0173,1.6214
5112,15:13:10.118,2023,-0.0120,1.6303
5113,15:13:10.119,2024,-0.0115,1.6311
5114,15:13:10.119,2029,-0.0090,1.6351
5115,15:13:10.120,2046,-0.0007,1.6488
5116,15:13:10.120,2049,0.0007,1.6512
5117,15:13:10.121,2042,-0.0027,1.6456
5118,15:13:10.121,2028,-0.0095,1.6343
5119,15:13:10.122,2013,-0.0168,1.6222
5120,15:13:10.122,2007,-0.0198,1.6174
5121,15:13:10.123,2000,-0.0232,1.6117
5122,15:13:10.123,1998,-0.0242,1.6101
5123,15:13:10.124,2011,-0.0178,1.6206
5124,15:13:10.124,2026,-0.0105,1.6327
5125,15:13:10.125,2029,-0.0090,1.6351
5126,15:13:10.125,2025,-0.0110,1.6319
5127,15:13:10.126,2040,-0.0037,1.6440
5128,15:13:10.126,2048,0.0002,1.6504
5129,15:13:10.127,2042,-0.0027,1.6456
5130,15:13:10.127,2032,-0.0076,1.6375
5131,15:13:10.128,2016,-0.0154,1.6246
5132,15:13:10.128,2013,-0.0168,1.6222
5133,15:13:10.129,2001,-0.0227,1.6125
5134,15:13:10.129,2003,-0.0217,1.6141
5135,15:13:10.130,2005,-0.0208,1.6158
5136,15:13:10.130,2022,-0.0125,1.6295
5137,15:13:10.131,2030,-0.0085,1.6359
5138,15:13:10.131,2030,-0.0085,1.6359
5139,15:13:10.132,2036,-0.0056,1.6407
5140,15:13:10.132,2049,0.0007,1.6512
5141,15:13:10.133,2048,0.0002,1.6504
5142,15:13:10.133,2034,-0.0066,1.6391
5143,15:13:10.134,2023,-0.0120,1.6303
5144,15:13:10.134,2015,-0.0159,1.6238
5145,15:13:10.135,2006,-0.0203,1.6166
5146,15:13:10.135,2003,-0.0217,1.6141
5147,15:13:10.136,2005,-0.0208,1.6158
5148,15:13:10.136,2019,-0.0139,1.6270
5149,15:13:10.137,2027,-0.0100,1.6335
5150,15:13:10.137,2026,-0.0105,1.6327
5151,15:13:10.138,2033,-0.0071,1.6383
5152,15:13:10.138,2044,-0.0017,1.6472
5153,15:13:10.139,2043,-0.0022,1.6464
5154,15:13:10.139,2033,-0.0071,1.6383
5155,15:13:10.140,2021,-0.0129,1.6286
5156,15:13:10.140,2013,-0.0168,1.6222
5157,15:13:10.141,2013,-0.0168,1.6222
5158,15:13:10.141,2002,-0.0222,1.6133
5159,15:13:10.142,2003,-0.0217,1.6141
5160,15:13:10.142,2013,-0.0168,1.6222
5161,15:13:10.143,2023,-0.0120,1.6303
5162,15:13:10.143,2028,-0.0095,1.6343
5163,15:13:10.144,2030,-0.0085,1.6359
5164,15:13:10.144,2045,-0.0012,1.6480
5165,15:13:10.145,2044,-0.0017,1.6472
5166,15:13:10.145,2038,-0.0046,1.6423
5167,15:13:10.146,2023,-0.0120,1.6303
5168,15:13:10.146,2013,-0.0168,1.6222
5169,15:13:10.147,2007,-0.0198,1.6174
5170,15:13:10.147,1998,-0.0242,1.6101
5171,15:13:10.148,1998,-0.0242,1.6101
5172,15:13:10.148,2011,-0.0178,1.6206
5173,15:13:10.149,2024,-0.0115,1.6311
5174,15:13:10.149,2024,-0.0115,1.6311
5175,15:13:10.150,2029,-0.0090,1.6351
5176,15:13:10.150,2040,-0.0037,1.6440
5177,15:13:10.151,2048,0.0002,1.6504
5178,15:13:10.151,2048,0.0002,1.6504
5179,15:13:10.152,2029,-0.0090,1.6351
5180,15:13:10.152,2016,-0.0154,1.6246
5181,15:13:10.153,2014,-0.0164,1.6230
5182,15:13:10.153,2003,-0.0217,1.6141
5183,15:13:10.154,2003,-0.0217,1.6141
5184,15:13:10.154,2006,-0.0203,1.6166
5185,15:13:10.155,2027,-0.0100,1.6335
5186,15:13:10.155,2023,-0.0120,1.6303
5187,15:13:10.156,2033,-0.0071,1.6383
5188,15:13:10.156,2038,-0.0046,1.6423
5189,15:13:10.157,2051,0.0017,1.6528
5190,15:13:10.157,2052,0.0022,1.6536
5191,15:13:10.158,2038,-0.0046,1.6423
5192,15:13:10.158,2020,-0.0134,1.6278
5193,15:13:10.159,2014,-0.0164,1.6230
5194,15:13:10.159,2004,-0.0212,1.6149
5195,15:13:10.160,2007,-0.0198,1.6174
5196,15:13:10.160,2009,-0.0188,1.6190
5197,15:13:10.161,2016,-0.0154,1.6246
5198,15:13:10.161,2027,-0.0100,1.6335
5199,15:13:10.162,2028,-0.0095,1.6343
5200,15:13:10.162,2035,-0.0061,1.6399
5201,15:13:10.163,2045,-0.0012,1.6480
5202,15:13:10.163,2045,-0.0012,1.6480
5203,15:13:10.164,2039,-0.0042,1.6432
5204,15:13:10.164,2020,-0.0134,1.6278
5205,15:13:10.165,2008,-0.0193,1.6182
5206,15:13:10.165,2007,-0.0198,1.6174
5207,15:13:10.166,1999,-0.0237,1.6109
5208,15:13:10.166,2008,-0.0193,1.6182
5209,15:13:10.167,2016,-0.0154,1.6246
5210,15:13:10.167,2022,-0.0125,1.6295
5211,15:13:10.168,2025,-0.0110,1.6319
5212,15:13:10.168,2029,-0.0090,1.6351
5213,15:13:10.169,2044,-0.0017,1.6472
5214,15:13:10.169,2042,-0.0027,1.6456
5215,15:13:10.170,2034,-0.0066,1.6391
5216,15:13:10.170,2024,-0.0115,1.6311
5217,15:13:10.171,2010,-0.0183,1.6198
5218,15:13:10.171,2005,-0.0208,1.6158
5219,15:13:10.172,1998,-0.0242,1.6101
5220,15:13:10.172,1998,-0.0242,1.6101
5221,15:13:10.173,2011,-0.0178,1.6206
5222,15:13:10.173,2023,-0.0120,1.6303
5223,15:13:10.174,2024,-0.0115,1.6311
5224,15:13:10.174,2033,-0.0071,1.6383
5225,15:13:10.175,2043,-0.0022,1.6464
5226,15:13:10.175,2044,-0.0017,1.6472
5227,15:13:10.176,2043,-0.0022,1.6464
5228,15:13:10.176,2028,-0.0095,1.6343
5229,15:13:10.177,2015,-0.0159,1.6238
5230,15:13:10.177,2015,-0.0159,1.6238
5231,15:13:10.178,2000,-0.0232,1.6117
5232,15:13:10.178,2000,-0.0232,1.6117
5233,15:13:10.179,2011,-0.0178,1.6206
5234,15:13:10.179,2025,-0.0110,1.6319
5235,15:13:10.180,2028,-0.0095,1.6343
5236,15:13:10.180,2029,-0.0090,1.6351
5237,15:13:10.181,2039,-0.0042,1.6432
5238,15:13:10.181,2045,-0.0012,1.6480
5239,15:13:10.182,2044,-0.0017,1.6472
5240,15:13:10.182,2033,-0.0071,1.6383
5241,15:13:10.183,2015,-0.0159,1.6238
5242,15:13:10.183,2012,-0.0173,1.6214
5243,15:13:10.184,2006,-0.0203,1.6166
5244,15:13:10.184,2000,-0.0232,1.6117
5245,15:13:10.185,2011,-0.0178,1.6206
5246,15:13:10.185,2025,-0.0110,1.6319
5247,15:13:10.186,2029,-0.0090,1.6351
5248,15:13:10.186,2026,-0.0105,1.6327
5249,15:13:10.187,2040,-0.0037,1.6440
5250,15:13:10.187,2044,-0.0017,1.6472
5251,15:13:10.188,2041,-0.0032,1.6448
5252,15:13:10.188,2030,-0.0085,1.6359
5253,15:13:10.189,2022,-0.0125,1.6295
5254,15:13:10.189,2018,-0.0144,1.6262
5255,15:13:10.190,2008,-0.0193,1.6182
5256,15:13:10.190,2000,-0.0232,1.6117
5257,15:13:10.191,2003,-0.0217,1.6141
5258,15:13:10.191,2022,-0.0125,1.6295
5259,15:13:10.192,2025,-0.0110,1.6319
5260,15:13:10.192,2027,-0.0100,1.6335
5261,15:13:10.193,2036,-0.0056,1.6407
5262,15:13:10.193,2041,-0.0032,1.6448
5263,15:13:10.194,2048,0.0002,1.6504
5264,15:13:10.194,2037,-0.0051,1.6415
5265,15:13:10.195,2029,-0.0090,1.6351
5266,15:13:10.195,2012,-0.0173,1.6214
5267,15:13:10.196,2010,-0.0183,1.6198
5268,15:13:10.196,2000,-0.0232,1.6117
5269,15:13:10.197,2004,-0.0212,1.6149
5270,15:13:10.197,2016,-0.0154,1.6246
5271,15:13:10.198,2026,-0.0105,1.6327
5272,15:13:10.198,2027,-0.0100,1.6335
5273,15:13:10.199,2029,-0.0090,1.6351
5274,15:13:10.199,2038,-0.0046,1.6423
5275,15:13:10.200,2042,-0.0027,1.6456
5276,15:13:10.200,2041,-0.0032,1.6448
5277,15:13:10.201,2024,-0.0115,1.6311
5278,15:13:10.201,2017,-0.0149,1.6254
5279,15:13:10.202,2013,-0.0168,1.6222
5280,15:13:10.202,1998,-0.0242,1.6101
5281,15:13:10.203,2003,-0.0217,1.6141
5282,15:13:10.203,2011,-0.0178,1.6206
5283,15:13:10.204,2024,-0.0115,1.6311
5284,15:13:10.204,2027,-0.0100,1.6335
5285,15:13:10.205,2029,-0.0090,1.6351
5286,15:13:10.205,2043,-0.0022,1.6464
5287,15:13:10.206,2044,-0.0017,1.6472
5288,15:13:10.206,2043,-0.0022,1.6464
5289,15:13:10.207,2032,-0.0076,1.6375
5290,15:13:10.207,2019,-0.0139,1.6270
5291,15:13:10.208,2013,-0.0168,1.6222
5292,15:13:10.208,2003,-0.0217,1.6141
5293,15:13:10.209,2003,-0.0217,1.6141
5294,15:13:10.209,2010,-0.0183,1.6198
5295,15:13:10.210,2023,-0.0120,1.6303
5296,15:13:10.210,2025,-0.0110,1.6319
5297,15:13:10.211,2030,-0.0085,1.6359
5298,15:13:10.211,2037,-0.0051,1.6415
5299,15:13:10.212,2046,-0.0007,1.6488
5300,15:13:10.212,2045,-0.0012,1.6480
5301,15:13:10.213,2029,-0.0090,1.6351
5302,15:13:10.213,2024,-0.0115,1.6311
5303,15:13:10.214,2013,-0.0168,1.6222
5304,15:13:10.214,2004,-0.0212,1.6149
5305,15:13:10.215,2002,-0.0222,1.6133
5306,15:13:10.215,2007,-0.0198,1.6174
5307,15:13:10.216,2021,-0.0129,1.6286
5308,15:13:10.216,2028,-0.0095,1.6343
5309,15:13:10.217,2030,-0.0085,1.6359
5310,15:13:10.217,2035,-0.0061,1.6399
5311,15:13:10.218,2042,-0.0027,1.6456
5312,15:13:10.218,2039,-0.0042,1.6432
5313,15:13:10.219,2035,-0.0061,1.6399
5314,15:13:10.219,2019,-0.0139,1.6270
5315,15:13:10.220,2012,-0.0173,1.6214
5316,15:13:10.220,2007,-0.0198,1.6174
5317,15:13:10.221,1999,-0.0237,1.6109
5318,15:13:10.221,2003,-0.0217,1.6141
5319,15:13:10.222,2014,-0.0164,1.6230
5320,15:13:10.222,2026,-0.0105,1.6327
5321,15:13:10.223,2024,-0.0115,1.6311
5322,15:13:10.223,2029,-0.0090,1.6351
5323,15:13:10.224,2044,-0.0017,1.6472
5324,15:13:10.224,2043,-0.0022,1.6464
5325,15:13:10.225,2035,-0.0061,1.6399
5326,15:13:10.225,2026,-0.0105,1.6327
5327,15:13:10.226,2011,-0.0178,1.6206
5328,15:13:10.226,2010,-0.0183,1.6198
5329,15:13:10.227,1999,-0.0237,1.6109
5330,15:13:10.227,2004,-0.0212,1.6149
5331,15:13:10.228,2012,-0.0173,1.6214
5332,15:13:10.228,2020,-0.0134,1.6278
5333,15:13:10.229,2024,-0.0115,1.6311
5334,15:13:10.229,2029,-0.0090,1.6351
5335,15:13:10.230,2043,-0.0022,1.6464
5336,15:13:10.230,2043,-0.0022,1.6464
5337,15:13:10.231,2041,-0.0032,1.6448
5338,15:13:10.231,2027,-0.0100,1.6335
5339,15:13:10.232,2011,-0.0178,1.6206
5340,15:13:10.232,2013,-0.0168,1.6222
5341,15:13:10.233,2004,-0.0212,1.6149
5342,15:13:10.233,1997,-0.0247,1.6093
5343,15:13:10.234,2010,-0.0183,1.6198
5344,15:13:10.234,2025,-0.0110,1.6319
5345,15:13:10.235,2031,-0.0081,1.6367
5346,15:13:10.235,2028,-0.0095,1.6343
5347,15:13:10.236,2038,-0.0046,1.6423
5348,15:13:10.236,2048,0.0002,1.6504
5349,15:13:10.237,2043,-0.0022,1.6464
5350,15:13:10.237,2031,-0.0081,1.6367
5351,15:13:10.238,2020,-0.0134,1.6278
5352,15:13:10.238,2014,-0.0164,1.6230
5353,15:13:10.239,2006,-0.0203,1.6166
5354,15:13:10.239,2004,-0.0212,1.6149
5355,15:13:10.240,2009,-0.0188,1.6190
5356,15:13:10.240,2023,-0.0120,1.6303
5357,15:13:10.241,2029,-0.0090,1.6351
5358,15:13:10.241,2033,-0.0071,1.6383
5359,15:13:10.242,2037,-0.0051,1.6415
5360,15:13:10.242,2044,-0.0017,1.6472
5361,15:13:10.243,2042,-0.0027,1.6456
5362,15:13:10.243,2033,-0.0071,1.6383
5363,15:13:10.244,2024,-0.0115,1.6311
5364,15:13:10.244,2013,-0.0168,1.6222
5365,15:13:10.245,2006,-0.0203,1.6166
5366,15:13:10.245,1998,-0.0242,1.6101
5367,15:13:10.246,2006,-0.0203,1.6166
5368,15:13:10.246,2018,-0.0144,1.6262
5369,15:13:10.247,2027,-0.0100,1.6335
5370,15:13:10.247,2025,-0.0110,1.6319
5371,15:13:10.248,2028,-0.0095,1.6343
5372,15:13:10.248,2044,-0.0017,1.6472
5373,15:13:10.249,2041,-0.0032,1.6448
5374,15:13:10.249,2036,-0.0056,1.6407
5375,15:13:10.250,2025,-0.0110,1.6319
5376,15:13:10.250,2016,-0.0154,1.6246
5377,15:13:10.251,2007,-0.0198,1.6174
5378,15:13:10.251,2000,-0.0232,1.6117
5379,15:13:10.252,2000,-0.0232,1.6117
5380,15:13:10.252,2016,-0.0154,1.6246
5381,15:13:10.253,2023,-0.0120,1.6303
5382,15:13:10.253,2028,-0.0095,1.6343
5383,15:13:10.254,2027,-0.0100,1.6335
5384,15:13:10.254,2043,-0.0022,1.6464
5385,15:13:10.255,2043,-0.0022,1.6464
5386,15:13:10.255,2038,-0.0046,1.6423
5387,15:13:10.256,2023,-0.0120,1.6303
5388,15:13:10.256,2013,-0.0168,1.6222
5389,15:13:10.257,2012,-0.0173,1.6214
5390,15:13:10.257,2002,-0.0222,1.6133
5391,15:13:10.258,2003,-0.0217,1.6141
5392,15:13:10.258,2008,-0.0193,1.6182
5393,15:13:10.259,2029,-0.0090,1.6351
5394,15:13:10.259,2024,-0.0115,1.6311
5395,15:13:10.260,2027,-0.0100,1.6335
5396,15:13:10.260,2037,-0.0051,1.6415
5397,15:13:10.261,2044,-0.0017,1.6472
5398,15:13:10.261,2037,-0.0051,1.6415
5399,15:13:10.262,2032,-0.0076,1.6375
5400,15:13:10.262,2018,-0.0144,1.6262
5401,15:13:10.263,2013,-0.0168,1.6222
5402,15:13:10.263,2003,-0.0217,1.6141
5403,15:13:10.264,2003,-0.0217,1.6141
5404,15:13:10.264,2007,-0.0198,1.6174
5405,15:13:10.265,2020,-0.0134,1.6278
5406,15:13:10.265,2026,-0.0105,1.6327
5407,15:13:10.266,2031,-0.0081,1.6367
5408,15:13:10.266,2041,-0.0032,1.6448
5409,15:13:10.267,2045,-0.0012,1.6480
5410,15:13:10.267,2041,-0.0032,1.6448
5411,15:13:10.268,2035,-0.0061,1.6399
5412,15:13:10.268,2019,-0.0139,1.6270
5413,15:13:10.269,2016,-0.0154,1.6246
5414,15:13:10.269,2009,-0.0188,1.6190
5415,15:13:10.270,2000,-0.0232,1.6117
5416,15:13:10.270,2009,-0.0188,1.6190
5417,15:13:10.271,2019,-0.0139,1.6270
5418,15:13:10.271,2025,-0.0110,1.6319
5419,15:13:10.272,2025,-0.0110,1.6319
5420,15:13:10.272,2028,-0.0095,1.6343
5421,15:13:10.273,2043,-0.0022,1.6464
5422,15:13:10.273,2044,-0.0017,1.6472
5423,15:13:10.274,2040,-0.0037,1.6440
5424,15:13:10.274,2027,-0.0100,1.6335
5425,15:13:10.275,2015,-0.0159,1.6238
5426,15:13:10.275,2006,-0.0203,1.6166
5427,15:13:10.276,2003,-0.0217,1.6141
5428,15:13:10.276,2001,-0.0227,1.6125
5429,15:13:10.277,2012,-0.0173,1.6214
5430,15:13:10.277,2022,-0.0125,1.6295
5431,15:13:10.278,2027,-0.0100,1.6335
5432,15:13:10.278,2028,-0.0095,1.6343
5433,15:13:10.279,2043,-0.0022,1.6464
5434,15:13:10.279,2042,-0.0027,1.6456
5435,15:13:10.280,2036,-0.0056,1.6407
5436,15:13:10.280,2024,-0.0115,1.6311
5437,15:13:10.281,2015,-0.0159,1.6238
5438,15:13:10.281,2012,-0.0173,1.6214
5439,15:13:10.282,2002,-0.0222,1.6133
5440,15:13:10.282,2002,-0.0222,1.6133
5441,15:13:10.283,2011,-0.0178,1.6206
5442,15:13:10.283,2025,-0.0110,1.6319
5443,15:13:10.284,2025,-0.0110,1.6319
5444,15:13:10.284,2028,-0.0095,1.6343
5445,15:13:10.285,2041,-0.0032,1.6448
5446,15:13:10.285,2048,0.0002,1.6504
5447,15:13:10.286,2040,-0.0037,1.6440
5448,15:13:10.286,2030,-0.0085,1.6359
5449,15:13:10.287,2016,-0.0154,1.6246
5450,15:13:10.287,2013,-0.0168,1.6222
5451,15:13:10.288,2003,-0.0217,1.6141
5452,15:13:10.288,2002,-0.0222,1.6133
5453,15:13:10.289,2010,-0.0183,1.6198
5454,15:13:10.289,2024,-0.0115,1.6311
5455,15:13:10.290,2029,-0.0090,1.6351
5456,15:13:10.290,2030,-0.0085,1.6359
5457,15:13:10.291,2038,-0.0046,1.6423
5458,15:13:10.291,2046,-0.0007,1.6488
5459,15:13:10.292,2043,-0.0022,1.6464
5460,15:13:10.292,2032,-0.0076,1.6375
5461,15:13:10.293,2021,-0.0129,1.6286
5462,15:13:10.293,2018,-0.0144,1.6262
5463,15:13:10.294,2006,-0.0203,1.6166
5464,15:13:10.294,2001,-0.0227,1.6125
5465,15:13:10.295,2005,-0.0208,1.6158
5466,15:13:10.295,2020,-0.0134,1.6278
5467,15:13:10.296,2027,-0.0100,1.6335
5468,15:13:10.296,2030,-0.0085,1.6359
5469,15:13:10.297,2036,-0.0056,1.6407
5470,15:13:10.297,2044,-0.0017,1.6472
5471,15:13:10.298,2043,-0.0022,1.6464
5472,15:13:10.298,2032,-0.0076,1.6375
5473,15:13:10.299,2021,-0.0129,1.6286
5474,15:13:10.299,2014,-0.0164,1.6230
5475,15:13:10.300,2006,-0.0203,1.6166
5476,15:13:10.300,2000,-0.0232,1.6117
5477,15:13:10.301,2005,-0.0208,1.6158
5478,15:13:10.301,2018,-0.0144,1.6262
5479,15:13:10.302,2023,-0.0120,1.6303
5480,15:13:10.302,2028,-0.0095,1.6343
5481,15:13:10.303,2035,-0.0061,1.6399
5482,15:13:10.303,2044,-0.0017,1.6472
5483,15:13:10.304,2049,0.0007,1.6512
5484,15:13:10.304,2035,-0.0061,1.6399
5485,15:13:10.305,2024,-0.0115,1.6311
5486,15:13:10.305,2013,-0.0168,1.6222
5487,15:13:10.306,2009,-0.0188,1.6190
5488,15:13:10.306,2004,-0.0212,1.6149
5489,15:13:10.307,2005,-0.0208,1.6158
5490,15:13:10.307,2013,-0.0168,1.6222
5491,15:13:10.308,2025,-0.0110,1.6319
5492,15:13:10.308,2025,-0.0110,1.6319
5493,15:13:10.309,2034,-0.0066,1.6391
5494,15:13:10.309,2045,-0.0012,1.6480
5495,15:13:10.310,2044,-0.0017,1.6472
5496,15:13:10.310,2038,-0.0046,1.6423
5497,15:13:10.311,2027,-0.0100,1.6335
5498,15:13:10.311,2021,-0.0129,1.6286
5499,15:13:10.312,2013,-0.0168,1.6222
5500,15:13:10.312,2001,-0.0227,1.6125
5501,15:13:10.313,2001,-0.0227,1.6125
5502,15:13:10.313,2013,-0.0168,1.6222
5503,15:13:10.314,2026,-0.0105,1.6327
5504,15:13:10.314,2026,-0.0105,1.6327
5505,15:13:10.315,2031,-0.0081,1.6367
5506,15:13:10.315,2043,-0.0022,1.6464
5507,15:13:10.316,2050,0.0012,1.6520
5508,15:13:10.316,2042,-0.0027,1.6456
5509,15:13:10.317,2029,-0.0090,1.6351
5510,15:13:10.317,2022,-0.0125,1.6295
5511,15:13:10.318,2009,-0.0188,1.6190
5512,15:13:10.318,2007,-0.0198,1.6174
5513,15:13:10.319,1995,-0.0256,1.6077
5514,15:13:10.319,2004,-0.0212,1.6149
5515,15:13:10.320,2024,-0.0115,1.6311
5516,15:13:10.320,2028,-0.0095,1.6343
5517,15:13:10.321,2027,-0.0100,1.6335
5518,15:13:10.321,2036,-0.0056,1.6407
5519,15:13:10.322,2039,-0.0042,1.6432
5520,15:13:10.322,2042,-0.0027,1.6456
5521,15:13:10.323,2031,-0.0081,1.6367
5522,15:13:10.323,2022,-0.0125,1.6295
5523,15:13:10.324,2013,-0.0168,1.6222
5524,15:13:10.324,2005,-0.0208,1.6158
5525,15:13:10.325,1999,-0.0237,1.6109
5526,15:13:10.325,2005,-0.0208,1.6158
5527,15:13:10.326,2018,-0.0144,1.6262
5528,15:13:10.326,2021,-0.0129,1.6286
5529,15:13:10.327,2028,-0.0095,1.6343
5530,15:13:10.327,2032,-0.0076,1.6375
5531,15:13:10.328,2043,-0.0022,1.6464
5532,15:13:10.328,2042,-0.0027,1.6456
5533,15:13:10.329,2041,-0.0032,1.6448
5534,15:13:10.329,2028,-0.0095,1.6343
5535,15:13:10.330,2019,-0.0139,1.6270
5536,15:13:10.330,2009,-0.0188,1.6190
5537,15:13:10.331,2003,-0.0217,1.6141
5538,15:13:10.331,2003,-0.0217,1.6141
5539,15:13:10.332,2017,-0.0149,1.6254
5540,15:13:10.332,2025,-0.0110,1.6319
5541,15:13:10.333,2024,-0.0115,1.6311
5542,15:13:10.333,2029,-0.0090,1.6351
5543,15:13:10.334,2042,-0.0027,1.6456
5544,15:13:10.334,2049,0.0007,1.6512
5545,15:13:10.335,2040,-0.0037,1.6440
5546,15:13:10.335,2025,-0.0110,1.6319
5547,15:13:10.336,2015,-0.0159,1.6238
5548,15:13:10.336,2011,-0.0178,1.6206
5549,15:13:10.337,2002,-0.0222,1.6133
5550,15:13:10.337,1998,-0.0242,1.6101
5551,15:13:10.338,2011,-0.0178,1.6206
5552,15:13:10.338,2026,-0.0105,1.6327
5553,15:13:10.339,2027,-0.0100,1.6335
5554,15:13:10.339,2028,-0.0095,1.6343
5555,15:13:10.340,2039,-0.0042,1.6432
5556,15:13:10.340,2045,-0.0012,1.6480
5557,15:13:10.341,2042,-0.0027,1.6456
5558,15:13:10.341,2030,-0.0085,1.6359
5559,15:13:10.342,2023,-0.0120,1.6303
5560,15:13:10.342,2013,-0.0168,1.6222
5561,15:13:10.343,2002,-0.0222,1.6133
5562,15:13:10.343,1999,-0.0237,1.6109
5563,15:13:10.344,2009,-0.0188,1.6190
5564,15:13:10.344,2018,-0.0144,1.6262
5565,15:13:10.345,2023,-0.0120,1.6303
5566,15:13:10.345,2026,-0.0105,1.6327
5567,15:13:10.346,2035,-0.0061,1.6399
5568,15:13:10.346,2041,-0.0032,1.6448
5569,15:13:10.347,2040,-0.0037,1.6440
5570,15:13:10.347,2033,-0.0071,1.6383
5571,15:13:10.348,2021,-0.0129,1.6286
5572,15:13:10.348,2015,-0.0159,1.6238
5573,15:13:10.349,2005,-0.0208,1.6158
5574,15:13:10.349,2003,-0.0217,1.6141
5575,15:13:10.350,2003,-0.0217,1.6141
5576,15:13:10.350,2019,-0.0139,1.6270
5577,15:13:10.351,2021,-0.0129,1.6286
5578,15:13:10.351,2024,-0.0115,1.6311
5579,15:13:10.352,2035,-0.0061,1.6399
5580,15:13:10.352,2045,-0.0012,1.6480
5581,15:13:10.353,2039,-0.0042,1.6432
5582,15:13:10.353,2034,-0.0066,1.6391
5583,15:13:10.354,2030,-0.0085,1.6359
5584,15:13:10.354,2016,-0.0154,1.6246
5585,15:13:10.355,2003,-0.0217,1.6141
5586,15:13:10.355,2001,-0.0227,1.6125
5587,15:13:10.356,2003,-0.0217,1.6141
5588,15:13:10.356,2016,-0.0154,1.6246
5589,15:13:10.357,2023,-0.0120,1.6303
5590,15:13:10.357,2024,-0.0115,1.6311
5591,15:13:10.358,2030,-0.0085,1.6359
5592,15:13:10.358,2041,-0.0032,1.6448
5593,15:13:10.359,2042,-0.0027,1.6456
5594,15:13:10.359,2035,-0.0061,1.6399
5595,15:13:10.360,2025,-0.0110,1.6319
5596,15:13:10.360,2018,-0.0144,1.6262
5597,15:13:10.361,2012,-0.0173,1.6214
5598,15:13:10.361,2000,-0.0232,1.6117
5599,15:13:10.362,2001,-0.0227,1.6125
5600,15:13:10.362,2013,-0.0168,1.6222
5601,15:13:10.363,2022,-0.0125,1.6295
5602,15:13:10.363,2024,-0.0115,1.6311
5603,15:13:10.364,2028,-0.0095,1.6343
5604,15:13:10.364,2039,-0.0042,1.6432
5605,15:13:10.365,2046,-0.0007,1.6488
5606,15:13:10.365,2040,-0.0037,1.6440
5607,15:13:10.366,2032,-0.0076,1.6375
5608,15:13:10.366,2022,-0.0125,1.6295
5609,15:13:10.367,2014,-0.0164,1.6230
5610,15:13:10.367,2005,-0.0208,1.6158
5611,15:13:10.368,2001,-0.0227,1.6125
5612,15:13:10.368,2007,-0.0198,1.6174
5613,15:13:10.369,2021,-0.0129,1.6286
5614,15:13:10.369,2023,-0.0120,1.6303
5615,15:13:10.370,2028,-0.0095,1.6343
5616,15:13:10.370,2037,-0.0051,1.6415
5617,15:13:10.371,2046,-0.0007,1.6488
5618,15:13:10.371,2044,-0.0017,1.6472
5619,15:13:10.372,2032,-0.0076,1.6375
5620,15:13:10.372,2023,-0.0120,1.6303
5621,15:13:10.373,2014,-0.0164,1.6230
5622,15:13:10.373,2007,-0.0198,1.6174
5623,15:13:10.374,2001,-0.0227,1.6125
5624,15:13:10.374,2009,-0.0188,1.6190
5625,15:13:10.375,2017,-0.0149,1.6254
5626,15:13:10.375,2024,-0.0115,1.6311
5627,15:13:10.376,2024,-0.0115,1.6311
5628,15:13:10.376,2032,-0.0076,1.6375
5629,15:13:10.377,2043,-0.0022,1.6464
5630,15:13:10.377,2045,-0.0012,1.6480
5631,15:13:10.378,2034,-0.0066,1.6391
5632,15:13:10.378,2031,-0.0081,1.6367
5633,15:13:10.379,2018,-0.0144,1.6262
5634,15:13:10.379,2007,-0.0198,1.6174
5635,15:13:10.380,2004,-0.0212,1.6149
5636,15:13:10.380,2002,-0.0222,1.6133
5637,15:13:10.381,2009,-0.0188,1.6190
5638,15:13:10.381,2020,-0.0134,1.6278
5639,15:13:10.382,2026,-0.0105,1.6327
5640,15:13:10.382,2030,-0.0085,1.6359
5641,15:13:10.383,2041,-0.0032,1.6448
5642,15:13:10.383,2045,-0.0012,1.6480
5643,15:13:10.384,2037,-0.0051,1.6415
5644,15:13:10.384,2028,-0.0095,1.6343
5645,15:13:10.385,2017,-0.0149,1.6254
5646,15:13:10.385,2009,-0.0188,1.6190
5647,15:13:10.386,2004,-0.0212,1.6149
5648,15:13:10.386,2000,-0.0232,1.6117
5649,15:13:10.387,2014,-0.0164,1.6230
5650,15:13:10.387,2021,-0.0129,1.6286
5651,15:13:10.388,2024,-0.0115,1.6311
5652,15:13:10.388,2026,-0.0105,1.6327
5653,15:13:10.389,2043,-0.0022,1.6464
5654,15:13:10.389,2043,-0.0022,1.6464
5655,15:13:10.390,2039,-0.0042,1.6432
5656,15:13:10.390,2031,-0.0081,1.6367
5657,15:13:10.391,2019,-0.0139,1.6270
5658,15:13:10.391,2012,-0.0173,1.6214
5659,15:13:10.392,2002,-0.0222,1.6133
5660,15:13:10.392,2002,-0.0222,1.6133
5661,15:13:10.393,2009,-0.0188,1.6190
5662,15:13:10.393,2020,-0.0134,1.6278
5663,15:13:10.394,2024,-0.0115,1.6311
5664,15:13:10.394,2029,-0.0090,1.6351
5665,15:13:10.395,2037,-0.0051,1.6415
5666,15:13:10.395,2045,-0.0012,1.6480
5667,15:13:10.396,2044,-0.0017,1.6472
5668,15:13:10.396,2032,-0.0076,1.6375
5669,15:13:10.397,2026,-0.0105,1.6327
5670,15:13:10.397,2018,-0.0144,1.6262
5671,15:13:10.398,2008,-0.0193,1.6182
5672,15:13:10.398,2004,-0.0212,1.6149
5673,15:13:10.399,2008,-0.0193,1.6182
5674,15:13:10.399,2020,-0.0134,1.6278
5675,15:13:10.400,2026,-0.0105,1.6327
5676,15:13:10.400,2030,-0.0085,1.6359
5677,15:13:10.401,2033,-0.0071,1.6383
5678,15:13:10.401,2039,-0.0042,1.6432
5679,15:13:10.402,2043,-0.0022,1.6464
5680,15:13:10.402,2035,-0.0061,1.6399
5681,15:13:10.403,2024,-0.0115,1.6311
5682,15:13:10.403,2016,-0.0154,1.6246
5683,15:13:10.404,2005,-0.0208,1.6158
5684,15:13:10.404,1999,-0.0237,1.6109
5685,15:13:10.405,2000,-0.0232,1.6117
5686,15:13:10.405,2014,-0.0164,1.6230
5687,15:13:10.406,2024,-0.0115,1.6311
5688,15:13:10.406,2027,-0.0100,1.6335
5689,15:13:10.407,2030,-0.0085,1.6359
5690,15:13:10.407,2042,-0.0027,1.6456
5691,15:13:10.408,2042,-0.0027,1.6456
5692,15:13:10.408,2035,-0.0061,1.6399
5693,15:13:10.409,2028,-0.0095,1.6343
5694,15:13:10.409,2014,-0.0164,1.6230
5695,15:13:10.410,2013,-0.0168,1.6222
5696,15:13:10.410,2002,-0.0222,1.6133
5697,15:13:10.411,2006,-0.0203,1.6166
5698,15:13:10.411,2018,-0.0144,1.6262
5699,15:13:10.412,2021,-0.0129,1.6286
5700,15:13:10.412,2023,-0.0120,1.6303
5701,15:13:10.413,2030,-0.0085,1.6359
5702,15:13:10.413,2034,-0.0066,1.6391
5703,15:13:10.414,2044,-0.0017,1.6472
5704,15:13:10.414,2040,-0.0037,1.6440
5705,15:13:10.415,2033,-0.0071,1.6383
5706,15:13:10.415,2018,-0.0144,1.6262
5707,15:13:10.416,2011,-0.0178,1.6206
5708,15:13:10.416,2005,-0.0208,1.6158
5709,15:13:10.417,2005,-0.0208,1.6158
5710,15:13:10.417,2011,-0.0178,1.6206
5711,15:13:10.418,2023,-0.0120,1.6303
5712,15:13:10.418,2024,-0.0115,1.6311
5713,15:13:10.419,2026,-0.0105,1.6327
5714,15:13:10.419,2040,-0.0037,1.6440
5715,15:13:10.420,2049,0.0007,1.6512
5716,15:13:10.420,2042,-0.0027,1.6456
5717,15:13:10.421,2031,-0.0081,1.6367
5718,15:13:10.421,2022,-0.0125,1.6295
5719,15:13:10.422,2016,-0.0154,1.6246
5720,15:13:10.422,2005,-0.0208,1.6158
5721,15:13:10.423,2001,-0.0227,1.6125
5722,15:13:10.423,2006,-0.0203,1.6166
5723,15:13:10.424,2023,-0.0120,1.6303
5724,15:13:10.424,2024,-0.0115,1.6311
5725,15:13:10.425,2031,-0.0081,1.6367
5726,15:13:10.425,2033,-0.0071,1.6383
5727,15:13:10.426,2040,-0.0037,1.6440
5728,15:13:10.426,2038,-0.0046,1.6423
5729,15:13:10.427,2034,-0.0066,1.6391
5730,15:13:10.427,2024,-0.0115,1.6311
5731,15:13:10.428,2017,-0.0149,1.6254
5732,15:13:10.428,2005,-0.0208,1.6158
5733,15:13:10.429,2002,-0.0222,1.6133
5734,15:13:10.429,2008,-0.0193,1.6182
5735,15:13:10.430,2013,-0.0168,1.6222
5736,15:13:10.430,2022,-0.0125,1.6295
5737,15:13:10.431,2025,-0.0110,1.6319
5738,15:13:10.431,2027,-0.0100,1.6335
5739,15:13:10.432,2041,-0.0032,1.6448
5740,15:13:10.432,2048,0.0002,1.6504
5741,15:13:10.433,2035,-0.0061,1.6399
5742,15:13:10.433,2028,-0.0095,1.6343
5743,15:13:10.434,2022,-0.0125,1.6295
5744,15:13:10.434,2007,-0.0198,1.6174
5745,15:13:10.435,2003,-0.0217,1.6141
5746,15:13:10.435,2002,-0.0222,1.6133
5747,15:13:10.436,2011,-0.0178,1.6206
5748,15:13:10.436,2021,-0.0129,1.6286
5749,15:13:10.437,2025,-0.0110,1.6319
5750,15:13:10.437,2025,-0.0110,1.6319
5751,15:13:10.438,2041,-0.0032,1.6448
5752,15:13:10.438,2044,-0.0017,1.6472
5753,15:13:10.439,2038,-0.0046,1.6423
5754,15:13:10.439,2030,-0.0085,1.6359
5755,15:13:10.440,2024,-0.0115,1.6311
5756,15:13:10.440,2013,-0.0168,1.6222
5757,15:13:10.441,2004,-0.0212,1.6149
5758,15:13:10.441,2005,-0.0208,1.6158
5759,15:13:10.442,2011,-0.0178,1.6206
5760,15:13:10.442,2022,-0.0125,1.6295
5761,15:13:10.443,2022,-0.0125,1.6295
5762,15:13:10.443,2030,-0.0085,1.6359
5763,15:13:10.444,2040,-0.0037,1.6440
5764,15:13:10.444,2040,-0.0037,1.6440
5765,15:13:10.445,2039,-0.0042,1.6432
5766,15:13:10.445,2033,-0.0071,1.6383
5767,15:13:10.446,2024,-0.0115,1.6311
5768,15:13:10.446,2018,-0.0144,1.6262
5769,15:13:10.447,2005,-0.0208,1.6158
5770,15:13:10.447,2000,-0.0232,1.6117
5771,15:13:10.448,2010,-0.0183,1.6198
5772,15:13:10.448,2017,-0.0149,1.6254
5773,15:13:10.449,2023,-0.0120,1.6303
5774,15:13:10.449,2024,-0.0115,1.6311
5775,15:13:10.450,2034,-0.0066,1.6391
5776,15:13:10.450,2039,-0.0042,1.6432
5777,15:13:10.451,2048,0.0002,1.6504
5778,15:13:10.451,2031,-0.0081,1.6367
5779,15:13:10.452,2024,-0.0115,1.6311
5780,15:13:10.452,2016,-0.0154,1.6246
5781,15:13:10.453,2007,-0.0198,1.6174
5782,15:13:10.453,2002,-0.0222,1.6133
5783,15:13:10.454,2005,-0.0208,1.6158
5784,15:13:10.454,2017,-0.0149,1.6254
5785,15:13:10.455,2022,-0.0125,1.6295
5786,15:13:10.455,2024,-0.0115,1.6311
5787,15:13:10.456,2031,-0.0081,1.6367
5788,15:13:10.456,2040,-0.0037,1.6440
5789,15:13:10.457,2039,-0.0042,1.6432
5790,15:13:10.457,2033,-0.0071,1.6383
5791,15:13:10.458,2023,-0.0120,1.6303
5792,15:13:10.458,2020,-0.0134,1.6278
5793,15:13:10.459,2005,-0.0208,1.6158
5794,15:13:10.459,1999,-0.0237,1.6109
5795,15:13:10.460,2001,-0.0227,1.6125
5796,15:13:10.460,2012,-0.0173,1.6214
5797,15:13:10.461,2018,-0.0144,1.6262
5798,15:13:10.461,2020,-0.0134,1.6278
5799,15:13:10.462,2031,-0.0081,1.6367
5800,15:13:10.462,2043,-0.0022,1.6464
5801,15:13:10.463,2045,-0.0012,1.6480
5802,15:13:10.463,2041,-0.0032,1.6448
5803,15:13:10.464,2027,-0.0100,1.6335
5804,15:13:10.464,2020,-0.0134,1.6278
5805,15:13:10.465,2013,-0.0168,1.6222
5806,15:13:10.465,2007,-0.0198,1.6174
5807,15:13:10.466,2004,-0.0212,1.6149
5808,15:13:10.466,2011,-0.0178,1.6206
5809,15:13:10.467,2020,-0.0134,1.6278
5810,15:13:10.467,2022,-0.0125,1.6295
5811,15:13:10.468,2028,-0.0095,1.6343
5812,15:13:10.468,2041,-0.0032,1.6448
5813,15:13:10.469,2043,-0.0022,1.6464
5814,15:13:10.469,2044,-0.0017,1.6472
5815,15:13:10.470,2030,-0.0085,1.6359
5816,15:13:10.470,2022,-0.0125,1.6295
5817,15:13:10.471,2016,-0.0154,1.6246
5818,15:13:10.471,2008,-0.0193,1.6182
5819,15:13:10.472,2008,-0.0193,1.6182
5820,15:13:10.472,2012,-0.0173,1.6214
5821,15:13:10.473,2020,-0.0134,1.6278
5822,15:13:10.473,2023,-0.0120,1.6303
5823,15:13:10.474,2025,-0.0110,1.6319
5824,15:13:10.474,2038,-0.0046,1.6423
5825,15:13:10.475,2041,-0.0032,1.6448
5826,15:13:10.475,2038,-0.0046,1.6423
5827,15:13:10.476,2036,-0.0056,1.6407
5828,15:13:10.476,2023,-0.0120,1.6303
5829,15:13:10.477,2014,-0.0164,1.6230
5830,15:13:10.477,2007,-0.0198,1.6174
5831,15:13:10.478,2004,-0.0212,1.6149
5832,15:13:10.478,2008,-0.0193,1.6182
5833,15:13:10.479,2018,-0.0144,1.6262
5834,15:13:10.479,2019,-0.0139,1.6270
5835,15:13:10.480,2024,-0.0115,1.6311
5836,15:13:10.480,2032,-0.0076,1.6375
5837,15:13:10.481,2036,-0.0056,1.6407
5838,15:13:10.481,2040,-0.0037,1.6440
5839,15:13:10.482,2034,-0.0066,1.6391
5840,15:13:10.482,2026,-0.0105,1.6327
5841,15:13:10.483,2016,-0.0154,1.6246
5842,15:13:10.483,2010,-0.0183,1.6198
5843,15:13:10.484,2003,-0.0217,1.6141
5844,15:13:10.484,2008,-0.0193,1.6182
5845,15:13:10.485,2015,-0.0159,1.6238
5846,15:13:10.485,2021,-0.0129,1.6286
5847,15:13:10.486,2022,-0.0125,1.6295
5848,15:13:10.486,2030,-0.0085,1.6359
5849,15:13:10.487,2039,-0.0042,1.6432
5850,15:13:10.487,2039,-0.0042,1.6432
5851,15:13:10.488,2032,-0.0076,1.6375
5852,15:13:10.488,2024,-0.0115,1.6311
5853,15:13:10.489,2017,-0.0149,1.6254
5854,15:13:10.489,2012,-0.0173,1.6214
5855,15:13:10.490,2004,-0.0212,1.6149
5856,15:13:10.490,2007,-0.0198,1.6174
5857,15:13:10.491,2018,-0.0144,1.6262
5858,15:13:10.491,2020,-0.0134,1.6278
5859,15:13:10.492,2023,-0.0120,1.6303
5860,15:13:10.492,2027,-0.0100,1.6335
5861,15:13:10.493,2041,-0.0032,1.6448
5862,15:13:10.493,2041,-0.0032,1.6448
5863,15:13:10.494,2039,-0.0042,1.6432
5864,15:13:10.494,2029,-0.0090,1.6351
5865,15:13:10.495,2020,-0.0134,1.6278
5866,15:13:10.495,2017,-0.0149,1.6254
5867,15:13:10.496,2007,-0.0198,1.6174
5868,15:13:10.496,2005,-0.0208,1.6158
5869,15:13:10.497,2011,-0.0178,1.6206
5870,15:13:10.497,2018,-0.0144,1.6262
5871,15:13:10.498,2024,-0.0115,1.6311
5872,15:13:10.498,2025,-0.0110,1.6319
5873,15:13:10.499,2036,-0.0056,1.6407
5874,15:13:10.499,2044,-0.0017,1.6472
5875,15:13:10.500,2038,-0.0046,1.6423
5876,15:13:10.500,2029,-0.0090,1.6351
5877,15:13:10.501,2026,-0.0105,1.6327
5878,15:13:10.501,2019,-0.0139,1.6270
5879,15:13:10.502,2009,-0.0188,1.6190
5880,15:13:10.502,2008,-0.0193,1.6182
5881,15:13:10.503,2007,-0.0198,1.6174
5882,15:13:10.503,2024,-0.0115,1.6311
5883,15:13:10.504,2022,-0.0125,1.6295
5884,15:13:10.504,2025,-0.0110,1.6319
5885,15:13:10.505,2033,-0.0071,1.6383
5886,15:13:10.505,2043,-0.0022,1.6464
5887,15:13:10.506,2041,-0.0032,1.6448
5888,15:13:10.506,2035,-0.0061,1.6399
5889,15:13:10.507,2026,-0.0105,1.6327
5890,15:13:10.507,2020,-0.0134,1.6278
5891,15:13:10.508,2010,-0.0183,1.6198
5892,15:13:10.508,2005,-0.0208,1.6158
5893,15:13:10.509,2002,-0.0222,1.6133
5894,15:13:10.509,2013,-0.0168,1.6222
5895,15:13:10.510,2022,-0.0125,1.6295
5896,15:13:10.510,2019,-0.0139,1.6270
5897,15:13:10.511,2032,-0.0076,1.6375
5898,15:13:10.511,2039,-0.0042,1.6432
5899,15:13:10.512,2042,-0.0027,1.6456
5900,15:13:10.512,2033,-0.0071,1.6383
5901,15:13:10.513,2032,-0.0076,1.6375
5902,15:13:10.513,2019,-0.0139,1.6270
5903,15:13:10.514,2011,-0.0178,1.6206
5904,15:13:10.514,2007,-0.0198,1.6174
5905,15:13:10.515,2005,-0.0208,1.6158
5906,15:13:10.515,2014,-0.0164,1.6230
5907,15:13:10.516,2024,-0.0115,1.6311
5908,15:13:10.516,2022,-0.0125,1.6295
5909,15:13:10.517,2028,-0.0095,1.6343
5910,15:13:10.517,2038,-0.0046,1.6423
5911,15:13:10.518,2046,-0.0007,1.6488
5912,15:13:10.518,2037,-0.0051,1.6415
5913,15:13:10.519,2027,-0.0100,1.6335
5914,15:13:10.519,2016,-0.0154,1.6246
5915,15:13:10.520,2017,-0.0149,1.6254
5916,15:13:10.520,2007,-0.0198,1.6174
5917,15:13:10.521,2004,-0.0212,1.6149
5918,15:13:10.521,2010,-0.0183,1.6198
5919,15:13:10.522,2022,-0.0125,1.6295
5920,15:13:10.522,2022,-0.0125,1.6295
5921,15:13:10.523,2025,-0.0110,1.6319
5922,15:13:10.523,2039,-0.0042,1.6432
5923,15:13:10.524,2043,-0.0022,1.6464
5924,15:13:10.524,2037,-0.0051,1.6415
5925,15:13:10.525,2032,-0.0076,1.6375
5926,15:13:10.525,2027,-0.0100,1.6335
5927,15:13:10.526,2016,-0.0154,1.6246
5928,15:13:10.526,2007,-0.0198,1.6174
5929,15:13:10.527,2003,-0.0217,1.6141
5930,15:13:10.527,2010,-0.0183,1.6198
5931,15:13:10.528,2019,-0.0139,1.6270
5932,15:13:10.528,2022,-0.0125,1.6295
5933,15:13:10.529,2023,-0.0120,1.6303
5934,15:13:10.529,2037,-0.0051,1.6415
5935,15:13:10.530,2042,-0.0027,1.6456
5936,15:13:10.530,2041,-0.0032,1.6448
5937,15:13:10.531,2033,-0.0071,1.6383
5938,15:13:10.531,2023,-0.0120,1.6303
5939,15:13:10.532,2014,-0.0164,1.6230
5940,15:13:10.532,2006,-0.0203,1.6166
5941,15:13:10.533,2003,-0.0217,1.6141
5942,15:13:10.533,2006,-0.0203,1.6166
5943,15:13:10.534,2019,-0.0139,1.6270
5944,15:13:10.534,2020,-0.0134,1.6278
5945,15:13:10.535,2023,-0.0120,1.6303
5946,15:13:10.535,2030,-0.0085,1.6359
5947,15:13:10.536,2038,-0.0046,1.6423
5948,15:13:10.536,2034,-0.0066,1.6391
5949,15:13:10.537,2035,-0.0061,1.6399
5950,15:13:10.537,2027,-0.0100,1.6335
5951,15:13:10.538,2021,-0.0129,1.6286
5952,15:13:10.538,2012,-0.0173,1.6214
5953,15:13:10.539,2004,-0.0212,1.6149
5954,15:13:10.539,2006,-0.0203,1.6166
5955,15:13:10.540,2018,-0.0144,1.6262
5956,15:13:10.540,2023,-0.0120,1.6303
5957,15:13:10.541,2023,-0.0120,1.6303
5958,15:13:10.541,2031,-0.0081,1.6367
5959,15:13:10.542,2036,-0.0056,1.6407
5960,15:13:10.542,2043,-0.0022,1.6464
5961,15:13:10.543,2039,-0.0042,1.6432
5962,15:13:10.543,2028,-0.0095,1.6343
5963,15:13:10.544,2023,-0.0120,1.6303
5964,15:13:10.544,2013,-0.0168,1.6222
5965,15:13:10.545,2006,-0.0203,1.6166
5966,15:13:10.545,2007,-0.0198,1.6174
5967,15:13:10.546,2018,-0.0144,1.6262
5968,15:13:10.546,2019,-0.0139,1.6270
5969,15:13:10.547,2019,-0.0139,1.6270
5970,15:13:10.547,2024,-0.0115,1.6311
5971,15:13:10.548,2034,-0.0066,1.6391
5972,15:13:10.548,2038,-0.0046,1.6423
5973,15:13:10.549,2035,-0.0061,1.6399
5974,15:13:10.549,2033,-0.0071,1.6383
5975,15:13:10.550,2022,-0.0125,1.6295
5976,15:13:10.550,2018,-0.0144,1.6262
5977,15:13:10.551,2005,-0.0208,1.6158
5978,15:13:10.551,2008,-0.0193,1.6182
5979,15:13:10.552,2013,-0.0168,1.6222
5980,15:13:10.552,2015,-0.0159,1.6238
5981,15:13:10.553,2019,-0.0139,1.6270
5982,15:13:10.553,2024,-0.0115,1.6311
5983,15:13:10.554,2035,-0.0061,1.6399
5984,15:13:10.554,2037,-0.0051,1.6415
5985,15:13:10.555,2039,-0.0042,1.6432
5986,15:13:10.555,2033,-0.0071,1.6383
5987,15:13:10.556,2026,-0.0105,1.6327
5988,15:13:10.556,2020,-0.0134,1.6278
5989,15:13:10.557,2008,-0.0193,1.6182
5990,15:13:10.557,2007,-0.0198,1.6174
5991,15:13:10.558,2006,-0.0203,1.6166
5992,15:13:10.558,2022,-0.0125,1.6295
5993,15:13:10.559,2023,-0.0120,1.6303
5994,15:13:10.559,2020,-0.0134,1.6278
5995,15:13:10.560,2030,-0.0085,1.6359
5996,15:13:10.560,2040,-0.0037,1.6440
5997,15:13:10.561,2040,-0.0037,1.6440
5998,15:13:10.561,2033,-0.0071,1.6383
5999,15:13:10.562,2026,-0.0105,1.6327
6000,15:13:10.562,2020,-0.0134,1.6278
6001,15:13:10.563,2015,-0.0159,1.6238
6002,15:13:10.563,2005,-0.0208,1.6158
6003,15:13:10.564,2008,-0.0193,1.6182
6004,15:13:10.564,2016,-0.0154,1.6246
6005,15:13:10.565,2020,-0.0134,1.6278
6006,15:13:10.565,2025,-0.0110,1.6319
6007,15:13:10.566,2028,-0.0095,1.6343
6008,15:13:10.566,2039,-0.0042,1.6432
6009,15:13:10.567,2043,-0.0022,1.6464
6010,15:13:10.567,2033,-0.0071,1.6383
6011,15:13:10.568,2031,-0.0081,1.6367
6012,15:13:10.568,2025,-0.0110,1.6319
6013,15:13:10.569,2015,-0.0159,1.6238
6014,15:13:10.569,2007,-0.0198,1.6174
6015,15:13:10.570,2004,-0.0212,1.6149
6016,15:13:10.570,2012,-0.0173,1.6214
6017,15:13:10.571,2022,-0.0125,1.6295
6018,15:13:10.571,2020,-0.0134,1.6278
6019,15:13:10.572,2025,-0.0110,1.6319
6020,15:13:10.572,2034,-0.0066,1.6391
6021,15:13:10.573,2040,-0.0037,1.6440
6022,15:13:10.573,2034,-0.0066,1.6391
6023,15:13:10.574,2030,-0.0085,1.6359
6024,15:13:10.574,2025,-0.0110,1.6319
6025,15:13:10.575,2013,-0.0168,1.6222
6026,15:13:10.575,2008,-0.0193,1.6182
6027,15:13:10.576,2006,-0.0203,1.6166
6028,15:13:10.576,2017,-0.0149,1.6254
6029,15:13:10.577,2025,-0.0110,1.6319
6030,15:13:10.577,2018,-0.0144,1.6262
6031,15:13:10.578,2026,-0.0105,1.6327
6032,15:13:10.578,2034,-0.0066,1.6391
6033,15:13:10.579,2040,-0.0037,1.6440
6034,15:13:10.579,2036,-0.0056,1.6407
6035,15:13:10.580,2030,-0.0085,1.6359
6036,15:13:10.580,2023,-0.0120,1.6303
6037,15:13:10.581,2016,-0.0154,1.6246
6038,15:13:10.581,2008,-0.0193,1.6182
6039,15:13:10.582,2005,-0.0208,1.6158
6040,15:13:10.582,2009,-0.0188,1.6190
6041,15:13:10.583,2020,-0.0134,1.6278
6042,15:13:10.583,2022,-0.0125,1.6295
6043,15:13:10.584,2021,-0.0129,1.6286
6044,15:13:10.584,2036,-0.0056,1.6407
6045,15:13:10.585,2045,-0.0012,1.6480
6046,15:13:10.585,2038,-0.0046,1.6423
6047,15:13:10.586,2034,-0.0066,1.6391
6048,15:13:10.586,2027,-0.0100,1.6335
6049,15:13:10.587,2018,-0.0144,1.6262
6050,15:13:10.587,2006,-0.0203,1.6166
6051,15:13:10.588,2008,-0.0193,1.6182
6052,15:13:10.588,2006,-0.0203,1.6166
6053,15:13:10.589,2020,-0.0134,1.6278
6054,15:13:10.589,2023,-0.0120,1.6303
6055,15:13:10.590,2024,-0.0115,1.6311
6056,15:13:10.590,2029,-0.0090,1.6351
6057,15:13:10.591,2041,-0.0032,1.6448
6058,15:13:10.591,2039,-0.0042,1.6432
6059,15:13:10.592,2036,-0.0056,1.6407
6060,15:13:10.592,2027,-0.0100,1.6335
6061,15:13:10.593,2021,-0.0129,1.6286
6062,15:13:10.593,2016,-0.0154,1.6246
6063,15:13:10.594,2004,-0.0212,1.6149
6064,15:13:10.594,2008,-0.0193,1.6182
6065,15:13:10.595,2014,-0.0164,1.6230
6066,15:13:10.595,2022,-0.0125,1.6295
6067,15:13:10.596,2020,-0.0134,1.6278
6068,15:13:10.596,2028,-0.0095,1.6343
6069,15:13:10.597,2039,-0.0042,1.6432
6070,15:13:10.597,2040,-0.0037,1.6440
6071,15:13:10.598,2033,-0.0071,1.6383
6072,15:13:10.598,2029,-0.0090,1.6351
6073,15:13:10.599,2021,-0.0129,1.6286
6074,15:13:10.599,2013,-0.0168,1.6222
6075,15:13:10.600,2009,-0.0188,1.6190
6076,15:13:10.600,2006,-0.0203,1.6166
6077,15:13:10.601,2015,-0.0159,1.6238
6078,15:13:10.601,2024,-0.0115,1.6311
6079,15:13:10.602,2023,-0.0120,1.6303
6080,15:13:10.602,2023,-0.0120,1.6303
6081,15:13:10.603,2033,-0.0071,1.6383
6082,15:13:10.603,2043,-0.0022,1.6464
6083,15:13:10.604,2037,-0.0051,1.6415
6084,15:13:10.604,2029,-0.0090,1.6351
6085,15:13:10.605,2024,-0.0115,1.6311
6086,15:13:10.605,2019,-0.0139,1.6270
6087,15:13:10.606,2010,-0.0183,1.6198
6088,15:13:10.606,2009,-0.0188,1.6190
6089,15:13:10.607,2015,-0.0159,1.6238
6090,15:13:10.607,2018,-0.0144,1.6262
6091,15:13:10.608,2019,-0.0139,1.6270
6092,15:13:10.608,2017,-0.0149,1.6254
6093,15:13:10.609,2028,-0.0095,1.6343
6094,15:13:10.609,2041,-0.0032,1.6448
6095,15:13:10.610,2034,-0.0066,1.6391
6096,15:13:10.610,2030,-0.0085,1.6359
6097,15:13:10.611,2028,-0.0095,1.6343
6098,15:13:10.611,2019,-0.0139,1.6270
6099,15:13:10.612,2013,-0.0168,1.6222
6100,15:13:10.612,2009,-0.0188,1.6190
6101,15:13:10.613,2010,-0.0183,1.6198
6102,15:13:10.613,2017,-0.0149,1.6254
6103,15:13:10.614,2020,-0.0134,1.6278
6104,15:13:10.614,2021,-0.0129,1.6286
6105,15:13:10.615,2028,-0.0095,1.6343
6106,15:13:10.615,2035,-0.0061,1.6399
6107,15:13:10.616,2040,-0.0037,1.6440
6108,15:13:10.616,2029,-0.0090,1.6351
6109,15:13:10.617,2026,-0.0105,1.6327
6110,15:13:10.617,2021,-0.0129,1.6286
6111,15:13:10.618,2015,-0.0159,1.6238
6112,15:13:10.618,2011,-0.0178,1.6206
6113,15:13:10.619,2009,-0.0188,1.6190
6114,15:13:10.619,2017,-0.0149,1.6254
6115,15:13:10.620,2022,-0.0125,1.6295
6116,15:13:10.620,2019,-0.0139,1.6270
6117,15:13:10.621,2025,-0.0110,1.6319
6118,15:13:10.621,2035,-0.0061,1.6399
6119,15:13:10.622,2038,-0.0046,1.6423
6120,15:13:10.622,2037,-0.0051,1.6415
6121,15:13:10.623,2028,-0.0095,1.6343
6122,15:13:10.623,2018,-0.0144,1.6262
6123,15:13:10.624,2016,-0.0154,1.6246
6124,15:13:10.624,2004,-0.0212,1.6149
6125,15:13:10.625,2007,-0.0198,1.6174
6126,15:13:10.625,2014,-0.0164,1.6230
6127,15:13:10.626,2021,-0.0129,1.6286
6128,15:13:10.626,2021,-0.0129,1.6286
6129,15:13:10.627,2025,-0.0110,1.6319
6130,15:13:10.627,2037,-0.0051,1.6415
6131,15:13:10.628,2040,-0.0037,1.6440
6132,15:13:10.628,2034,-0.0066,1.6391
6133,15:13:10.629,2032,-0.0076,1.6375
6134,15:13:10.629,2023,-0.0120,1.6303
6135,15:13:10.630,2015,-0.0159,1.6238
6136,15:13:10.630,2008,-0.0193,1.6182
6137,15:13:10.631,2005,-0.0208,1.6158
6138,15:13:10.631,2014,-0.0164,1.6230
6139,15:13:10.632,2020,-0.0134,1.6278
6140,15:13:10.632,2023,-0.0120,1.6303
6141,15:13:10.633,2026,-0.0105,1.6327
6142,15:13:10.633,2032,-0.0076,1.6375
6143,15:13:10.634,2041,-0.0032,1.6448
6144,15:13:10.634,2036,-0.0056,1.6407
6145,15:13:10.635,2031,-0.0081,1.6367
6146,15:13:10.635,2026,-0.0105,1.6327
6147,15:13:10.636,2020,-0.0134,1.6278
6148,15:13:10.636,2011,-0.0178,1.6206
6149,15:13:10.637,2005,-0.0208,1.6158
6150,15:13:10.637,2008,-0.0193,1.6182
6151,15:13:10.638,2018,-0.0144,1.6262
6152,15:13:10.638,2024,-0.0115,1.6311
6153,15:13:10.639,2025,-0.0110,1.6319
6154,15:13:10.639,2031,-0.0081,1.6367
6155,15:13:10.640,2041,-0.0032,1.6448
6156,15:13:10.640,2040,-0.0037,1.6440
6157,15:13:10.641,2035,-0.0061,1.6399
6158,15:13:10.641,2028,-0.0095,1.6343
6159,15:13:10.642,2018,-0.0144,1.6262
6160,15:13:10.642,2011,-0.0178,1.6206
6161,15:13:10.643,2005,-0.0208,1.6158
6162,15:13:10.643,2011,-0.0178,1.6206
6163,15:13:10.644,2015,-0.0159,1.6238
6164,15:13:10.644,2021,-0.0129,1.6286
6165,15:13:10.645,2023,-0.0120,1.6303
6166,15:13:10.645,2024,-0.0115,1.6311
6167,15:13:10.646,2039,-0.0042,1.6432
6168,15:13:10.646,2039,-0.0042,1.6432
6169,15:13:10.647,2031,-0.0081,1.6367
6170,15:13:10.647,2027,-0.0100,1.6335
6171,15:13:10.648,2021,-0.0129,1.6286
6172,15:13:10.648,2012,-0.0173,1.6214
6173,15:13:10.649,2007,-0.0198,1.6174
6174,15:13:10.649,2009,-0.0188,1.6190
6175,15:13:10.650,2016,-0.0154,1.6246
6176,15:13:10.650,2022,-0.0125,1.6295
6177,15:13:10.651,2018,-0.0144,1.6262
6178,15:13:10.651,2026,-0.0105,1.6327
6179,15:13:10.652,2037,-0.0051,1.6415
6180,15:13:10.652,2037,-0.0051,1.6415
6181,15:13:10.653,2033,-0.0071,1.6383
6182,15:13:10.653,2026,-0.0105,1.6327
6183,15:13:10.654,2022,-0.0125,1.6295
6184,15:13:10.654,2015,-0.0159,1.6238
6185,15:13:10.655,2008,-0.0193,1.6182
6186,15:13:10.655,2011,-0.0178,1.6206
6187,15:13:10.656,2015,-0.0159,1.6238
6188,15:13:10.656,2018,-0.0144,1.6262
6189,15:13:10.657,2024,-0.0115,1.6311
6190,15:13:10.657,2023,-0.0120,1.6303
6191,15:13:10.658,2035,-0.0061,1.6399
6192,15:13:10.658,2039,-0.0042,1.6432
6193,15:13:10.659,2033,-0.0071,1.6383
6194,15:13:10.659,2028,-0.0095,1.6343
6195,15:13:10.660,2022,-0.0125,1.6295
6196,15:13:10.660,2017,-0.0149,1.6254
6197,15:13:10.661,2010,-0.0183,1.6198
6198,15:13:10.661,2006,-0.0203,1.6166
6199,15:13:10.662,2013,-0.0168,1.6222
6200,15:13:10.662,2018,-0.0144,1.6262
6201,15:13:10.663,2019,-0.0139,1.6270
6202,15:13:10.663,2020,-0.0134,1.6278
6203,15:13:10.664,2031,-0.0081,1.6367
6204,15:13:10.664,2040,-0.0037,1.6440
6205,15:13:10.665,2036,-0.0056,1.6407
6206,15:13:10.665,2031,-0.0081,1.6367
6207,15:13:10.666,2028,-0.0095,1.6343
6208,15:13:10.666,2020,-0.0134,1.6278
6209,15:13:10.667,2012,-0.0173,1.6214
6210,15:13:10.667,2009,-0.0188,1.6190
6211,15:13:10.668,2015,-0.0159,1.6238
6212,15:13:10.668,2020,-0.0134,1.6278
6213,15:13:10.669,2027,-0.0100,1.6335
6214,15:13:10.669,2026,-0.0105,1.6327
6215,15:13:10.670,2031,-0.0081,1.6367
6216,15:13:10.670,2040,-0.0037,1.6440
6217,15:13:10.671,2038,-0.0046,1.6423
6218,15:13:10.671,2030,-0.0085,1.6359
6219,15:13:10.672,2029,-0.0090,1.6351
6220,15:13:10.672,2020,-0.0134,1.6278
6221,15:13:10.673,2016,-0.0154,1.6246
6222,15:13:10.673,2007,-0.0198,1.6174
6223,15:13:10.674,2012,-0.0173,1.6214
6224,15:13:10.674,2019,-0.0139,1.6270
6225,15:13:10.675,2021,-0.0129,1.6286
6226,15:13:10.675,2020,-0.0134,1.6278
6227,15:13:10.676,2026,-0.0105,1.6327
6228,15:13:10.676,2035,-0.0061,1.6399
6229,15:13:10.677,2041,-0.0032,1.6448
6230,15:13:10.677,2035,-0.0061,1.6399
6231,15:13:10.678,2028,-0.0095,1.6343
6232,15:13:10.678,2020,-0.0134,1.6278
6233,15:13:10.679,2012,-0.0173,1.6214
6234,15:13:10.679,2009,-0.0188,1.6190
6235,15:13:10.680,2007,-0.0198,1.6174
6236,15:13:10.680,2017,-0.0149,1.6254
6237,15:13:10.681,2019,-0.0139,1.6270
6238,15:13:10.681,2015,-0.0159,1.6238
6239,15:13:10.682,2024,-0.0115,1.6311
6240,15:13:10.682,2033,-0.0071,1.6383
6241,15:13:10.683,2033,-0.0071,1.6383
6242,15:13:10.683,2037,-0.0051,1.6415
6243,15:13:10.684,2028,-0.0095,1.6343
6244,15:13:10.684,2021,-0.0129,1.6286
6245,15:13:10.685,2018,-0.0144,1.6262
6246,15:13:10.685,2007,-0.0198,1.6174
6247,15:13:10.686,2005,-0.0208,1.6158
6248,15:13:10.686,2016,-0.0154,1.6246
6249,15:13:10.687,2022,-0.0125,1.6295
6250,15:13:10.687,2019,-0.0139,1.6270
6251,15:13:10.688,2027,-0.0100,1.6335
6252,15:13:10.688,2032,-0.0076,1.6375
6253,15:13:10.689,2038,-0.0046,1.6423
6254,15:13:10.689,2038,-0.0046,1.6423
6255,15:13:10.690,2030,-0.0085,1.6359
6256,15:13:10.690,2025,-0.0110,1.6319
6257,15:13:10.691,2022,-0.0125,1.6295
6258,15:13:10.691,2006,-0.0203,1.6166
6259,15:13:10.692,2009,-0.0188,1.6190
6260,15:13:10.692,2010,-0.0183,1.6198
6261,15:13:10.693,2020,-0.0134,1.6278
6262,15:13:10.693,2020,-0.0134,1.6278
6263,15:13:10.694,2027,-0.0100,1.6335
6264,15:13:10.694,2034,-0.0066,1.6391
6265,15:13:10.695,2044,-0.0017,1.6472
6266,15:13:10.695,2038,-0.0046,1.6423
6267,15:13:10.696,2030,-0.0085,1.6359
6268,15:13:10.696,2028,-0.0095,1.6343
6269,15:13:10.697,2018,-0.0144,1.6262
6270,15:13:10.697,2015,-0.0159,1.6238
6271,15:13:10.698,2010,-0.0183,1.6198
6272,15:13:10.698,2013,-0.0168,1.6222
6273,15:13:10.699,2014,-0.0164,1.6230
6274,15:13:10.699,2024,-0.0115,1.6311
6275,15:13:10.700,2025,-0.0110,1.6319
6276,15:13:10.700,2025,-0.0110,1.6319
6277,15:13:10.701,2040,-0.0037,1.6440
6278,15:13:10.701,2039,-0.0042,1.6432
6279,15:13:10.702,2034,-0.0066,1.6391
6280,15:13:10.702,2032,-0.0076,1.6375
6281,15:13:10.703,2022,-0.0125,1.6295
6282,15:13:10.703,2014,-0.0164,1.6230
6283,15:13:10.704,2006,-0.0203,1.6166
6284,15:13:10.704,2008,-0.0193,1.6182
6285,15:13:10.705,2013,-0.0168,1.6222
6286,15:13:10.705,2019,-0.0139,1.6270
6287,15:13:10.706,2023,-0.0120,1.6303
6288,15:13:10.706,2028,-0.0095,1.6343
6289,15:13:10.707,2040,-0.0037,1.6440
6290,15:13:10.707,2039,-0.0042,1.6432
6291,15:13:10.708,2031,-0.0081,1.6367
6292,15:13:10.708,2026,-0.0105,1.6327
6293,15:13:10.709,2023,-0.0120,1.6303
6294,15:13:10.709,2013,-0.0168,1.6222
6295,15:13:10.710,2006,-0.0203,1.6166
6296,15:13:10.710,2006,-0.0203,1.6166
6297,15:13:10.711,2014,-0.0164,1.6230
6298,15:13:10.711,2019,-0.0139,1.6270
6299,15:13:10.712,2019,-0.0139,1.6270
6300,15:13:10.712,2022,-0.0125,1.6295
6301,15:13:10.713,2034,-0.0066,1.6391
6302,15:13:10.713,2040,-0.0037,1.6440
6303,15:13:10.714,2035,-0.0061,1.6399
6304,15:13:10.714,2026,-0.0105,1.6327
6305,15:13:10.715,2024,-0.0115,1.6311
6306,15:13:10.715,2019,-0.0139,1.6270
6307,15:13:10.716,2012,-0.0173,1.6214
6308,15:13:10.716,2007,-0.0198,1.6174
6309,15:13:10.717,2012,-0.0173,1.6214
6310,15:13:10.717,2020,-0.0134,1.6278
6311,15:13:10.718,2022,-0.0125,1.6295
6312,15:13:10.718,2023,-0.0120,1.6303
6313,15:13:10.719,2032,-0.0076,1.6375
6314,15:13:10.719,2035,-0.0061,1.6399
6315,15:13:10.720,2041,-0.0032,1.6448
6316,15:13:10.720,2034,-0.0066,1.6391
6317,15:13:10.721,2025,-0.0110,1.6319
6318,15:13:10.721,2015,-0.0159,1.6238
6319,15:13:10.722,2012,-0.0173,1.6214
6320,15:13:10.722,2004,-0.0212,1.6149
6321,15:13:10.723,2011,-0.0178,1.6206
6322,15:13:10.723,2019,-0.0139,1.6270
6323,15:13:10.724,2016,-0.0154,1.6246
6324,15:13:10.724,2024,-0.0115,1.6311
6325,15:13:10.725,2030,-0.0085,1.6359
6326,15:13:10.725,2039,-0.0042,1.6432
6327,15:13:10.726,2038,-0.0046,1.6423
6328,15:13:10.726,2037,-0.0051,1.6415
6329,15:13:10.727,2030,-0.0085,1.6359
6330,15:13:10.727,2021,-0.0129,1.6286
6331,15:13:10.728,2016,-0.0154,1.6246
6332,15:13:10.728,2009,-0.0188,1.6190
6333,15:13:10.729,2012,-0.0173,1.6214
6334,15:13:10.729,2015,-0.0159,1.6238
6335,15:13:10.730,2023,-0.0120,1.6303
6336,15:13:10.730,2021,-0.0129,1.6286
6337,15:13:10.731,2030,-0.0085,1.6359
6338,15:13:10.731,2039,-0.0042,1.6432
6339,15:13:10.732,2035,-0.0061,1.6399
6340,15:13:10.732,2039,-0.0042,1.6432
6341,15:13:10.733,2029,-0.0090,1.6351
6342,15:13:10.733,2022,-0.0125,1.6295
6343,15:13:10.734,2017,-0.0149,1.6254
6344,15:13:10.734,2011,-0.0178,1.6206
6345,15:13:10.735,2012,-0.0173,1.6214
6346,15:13:10.735,2017,-0.0149,1.6254
6347,15:13:10.736,2020,-0.0134,1.6278
6348,15:13:10.736,2023,-0.0120,1.6303
6349,15:13:10.737,2026,-0.0105,1.6327
6350,15:13:10.737,2033,-0.0071,1.6383
6351,15:13:10.738,2044,-0.0017,1.6472
6352,15:13:10.738,2034,-0.0066,1.6391
6353,15:13:10.739,2029,-0.0090,1.6351
6354,15:13:10.739,2020,-0.0134,1.6278
6355,15:13:10.740,2016,-0.0154,1.6246
6356,15:13:10.740,2009,-0.0188,1.6190
6357,15:13:10.741,2006,-0.0203,1.6166
6358,15:13:10.741,2010,-0.0183,1.6198
6359,15:13:10.742,2015,-0.0159,1.6238
6360,15:13:10.742,2026,-0.0105,1.6327
6361,15:13:10.743,2021,-0.0129,1.6286
6362,15:13:10.743,2033,-0.0071,1.6383
6363,15:13:10.744,2040,-0.0037,1.6440
6364,15:13:10.744,2035,-0.0061,1.6399
6365,15:13:10.745,2025,-0.0110,1.6319
6366,15:13:10.745,2025,-0.0110,1.6319
6367,15:13:10.746,2015,-0.0159,1.6238
6368,15:13:10.746,2011,-0.0178,1.6206
6369,15:13:10.747,2006,-0.0203,1.6166
6370,15:13:10.747,2010,-0.0183,1.6198
6371,15:13:10.748,2019,-0.0139,1.6270
6372,15:13:10.748,2019,-0.0139,1.6270
6373,15:13:10.749,2020,-0.0134,1.6278
6374,15:13:10.749,2031,-0.0081,1.6367
6375,15:13:10.750,2035,-0.0061,1.6399
6376,15:13:10.750,2040,-0.0037,1.6440
6377,15:13:10.751,2032,-0.0076,1.6375
6378,15:13:10.751,2030,-0.0085,1.6359
6379,15:13:10.752,2023,-0.0120,1.6303
6380,15:13:10.752,2014,-0.0164,1.6230
6381,15:13:10.753,2006,-0.0203,1.6166
6382,15:13:10.753,2010,-0.0183,1.6198
6383,15:13:10.754,2016,-0.0154,1.6246
6384,15:13:10.754,2023,-0.0120,1.6303
6385,15:13:10.755,2021,-0.0129,1.6286
6386,15:13:10.755,2027,-0.0100,1.6335
6387,15:13:10.756,2037,-0.0051,1.6415
6388,15:13:10.756,2037,-0.0051,1.6415
6389,15:13:10.757,2030,-0.0085,1.6359
6390,15:13:10.757,2029,-0.0090,1.6351
6391,15:13:10.758,2022,-0.0125,1.6295
6392,15:13:10.758,2018,-0.0144,1.6262
6393,15:13:10.759,2013,-0.0168,1.6222
6394,15:13:10.759,2010,-0.0183,1.6198
6395,15:13:10.760,2016,-0.0154,1.6246
6396,15:13:10.760,2025,-0.0110,1.6319
6397,15:13:10.761,2023,-0.0120,1.6303
6398,15:13:10.761,2022,-0.0125,1.6295
6399,15:13:10.762,2037,-0.0051,1.6415
6400,15:13:10.762,2037,-0.0051,1.6415
6401,15:13:10.763,2032,-0.0076,1.6375
6402,15:13:10.763,2027,-0.0100,1.6335
6403,15:13:10.764,2028,-0.0095,1.6343
6404,15:13:10.764,2018,-0.0144,1.6262
6405,15:13:10.765,2008,-0.0193,1.6182
6406,15:13:10.765,2004,-0.0212,1.6149
6407,15:13:10.766,2011,-0.0178,1.6206
6408,15:13:10.766,2018,-0.0144,1.6262
6409,15:13:10.767,2018,-0.0144,1.6262
6410,15:13:10.767,2028,-0.0095,1.6343
6411,15:13:10.768,2032,-0.0076,1.6375
6412,15:13:10.768,2036,-0.0056,1.6407
6413,15:13:10.769,2035,-0.0061,1.6399
6414,15:13:10.769,2027,-0.0100,1.6335
6415,15:13:10.770,2022,-0.0125,1.6295
6416,15:13:10.770,2014,-0.0164,1.6230
6417,15:13:10.771,2007,-0.0198,1.6174
6418,15:13:10.771,2006,-0.0203,1.6166
6419,15:13:10.772,2015,-0.0159,1.6238
6420,15:13:10.772,2018,-0.0144,1.6262
6421,15:13:10.773,2023,-0.0120,1.6303
6422,15:13:10.773,2022,-0.0125,1.6295
6423,15:13:10.774,2030,-0.0085,1.6359
6424,15:13:10.774,2042,-0.0027,1.6456
6425,15:13:10.775,2033,-0.0071,1.6383
6426,15:13:10.775,2033,-0.0071,1.6383
6427,15:13:10.776,2025,-0.0110,1.6319
6428,15:13:10.776,2024,-0.0115,1.6311
6429,15:13:10.777,2010,-0.0183,1.6198
6430,15:13:10.777,2009,-0.0188,1.6190
6431,15:13:10.778,2010,-0.0183,1.6198
6432,15:13:10.778,2011,-0.0178,1.6206
6433,15:13:10.779,2018,-0.0144,1.6262
6434,15:13:10.779,2022,-0.0125,1.6295
6435,15:13:10.780,2029,-0.0090,1.6351
6436,15:13:10.780,2038,-0.0046,1.6423
6437,15:13:10.781,2031,-0.0081,1.6367
6438,15:13:10.781,2033,-0.0071,1.6383
6439,15:13:10.782,2031,-0.0081,1.6367
6440,15:13:10.782,2025,-0.0110,1.6319
6441,15:13:10.783,2010,-0.0183,1.6198
6442,15:13:10.783,2007,-0.0198,1.6174
6443,15:13:10.784,2006,-0.0203,1.6166
6444,15:13:10.784,2014,-0.0164,1.6230
6445,15:13:10.785,2020,-0.0134,1.6278
6446,15:13:10.785,2023,-0.0120,1.6303
6447,15:13:10.786,2033,-0.0071,1.6383
6448,15:13:10.786,2036,-0.0056,1.6407
6449,15:13:10.787,2035,-0.0061,1.6399
6450,15:13:10.787,2033,-0.0071,1.6383
6451,15:13:10.788,2030,-0.0085,1.6359
6452,15:13:10.788,2021,-0.0129,1.6286
6453,15:13:10.789,2019,-0.0139,1.6270
6454,15:13:10.789,2011,-0.0178,1.6206
6455,15:13:10.790,2008,-0.0193,1.6182
6456,15:13:10.790,2014,-0.0164,1.6230
6457,15:13:10.791,2021,-0.0129,1.6286
6458,15:13:10.791,2021,-0.0129,1.6286
6459,15:13:10.792,2023,-0.0120,1.6303
6460,15:13:10.792,2029,-0.0090,1.6351
6461,15:13:10.793,2037,-0.0051,1.6415
6462,15:13:10.793,2036,-0.0056,1.6407
6463,15:13:10.794,2029,-0.0090,1.6351
6464,15:13:10.794,2024,-0.0115,1.6311
6465,15:13:10.795,2019,-0.0139,1.6270
6466,15:13:10.795,2006,-0.0203,1.6166
6467,15:13:10.796,2007,-0.0198,1.6174
6468,15:13:10.796,2013,-0.0168,1.6222
6469,15:13:10.797,2017,-0.0149,1.6254
6470,15:13:10.797,2019,-0.0139,1.6270
6471,15:13:10.798,2018,-0.0144,1.6262
6472,15:13:10.798,2032,-0.0076,1.6375
6473,15:13:10.799,2036,-0.0056,1.6407
6474,15:13:10.799,2035,-0.0061,1.6399
6475,15:13:10.800,2030,-0.0085,1.6359
6476,15:13:10.800,2027,-0.0100,1.6335
6477,15:13:10.801,2022,-0.0125,1.6295
6478,15:13:10.801,2013,-0.0168,1.6222
6479,15:13:10.802,2011,-0.0178,1.6206
6480,15:13:10.802,2009,-0.0188,1.6190
6481,15:13:10.803,2016,-0.0154,1.6246
6482,15:13:10.803,2023,-0.0120,1.6303
6483,15:13:10.804,2020,-0.0134,1.6278
6484,15:13:10.804,2028,-0.0095,1.6343
6485,15:13:10.805,2039,-0.0042,1.6432
6486,15:13:10.805,2041,-0.0032,1.6448
6487,15:13:10.806,2034,-0.0066,1.6391
6488,15:13:10.806,2030,-0.0085,1.6359
6489,15:13:10.807,2024,-0.0115,1.6311
6490,15:13:10.807,2012,-0.0173,1.6214
6491,15:13:10.808,2013,-0.0168,1.6222
6492,15:13:10.808,2012,-0.0173,1.6214
6493,15:13:10.809,2019,-0.0139,1.6270
6494,15:13:10.809,2020,-0.0134,1.6278
6495,15:13:10.810,2021,-0.0129,1.6286
6496,15:13:10.810,2026,-0.0105,1.6327
6497,15:13:10.811,2039,-0.0042,1.6432
6498,15:13:10.811,2038,-0.0046,1.6423
6499,15:13:10.812,2036,-0.0056,1.6407
6500,15:13:10.812,2030,-0.0085,1.6359
6501,15:13:10.813,2022,-0.0125,1.6295
6502,15:13:10.813,2012,-0.0173,1.6214
6503,15:13:10.814,2006,-0.0203,1.6166
6504,15:13:10.814,2010,-0.0183,1.6198
6505,15:13:10.815,2011,-0.0178,1.6206
6506,15:13:10.815,2022,-0.0125,1.6295
6507,15:13:10.816,2020,-0.0134,1.6278
6508,15:13:10.816,2026,-0.0105,1.6327
6509,15:13:10.817,2036,-0.0056,1.6407
6510,15:13:10.817,2037,-0.0051,1.6415
6511,15:13:10.818,2038,-0.0046,1.6423
6512,15:13:10.818,2034,-0.0066,1.6391
6513,15:13:10.819,2025,-0.0110,1.6319
6514,15:13:10.819,2014,-0.0164,1.6230
6515,15:13:10.820,2013,-0.0168,1.6222
6516,15:13:10.820,2008,-0.0193,1.6182
6517,15:13:10.821,2014,-0.0164,1.6230
6518,15:13:10.821,2020,-0.0134,1.6278
6519,15:13:10.822,2020,-0.0134,1.6278
6520,15:13:10.822,2025,-0.0110,1.6319
6521,15:13:10.823,2031,-0.0081,1.6367
6522,15:13:10.823,2040,-0.0037,1.6440
6523,15:13:10.824,2039,-0.0042,1.6432
6524,15:13:10.824,2030,-0.0085,1.6359
6525,15:13:10.825,2024,-0.0115,1.6311
6526,15:13:10.825,2020,-0.0134,1.6278
6527,15:13:10.826,2011,-0.0178,1.6206
6528,15:13:10.826,2011,-0.0178,1.6206
6529,15:13:10.827,2009,-0.0188,1.6190
6530,15:13:10.827,2016,-0.0154,1.6246
6531,15:13:10.828,2024,-0.0115,1.6311
6532,15:13:10.828,2022,-0.0125,1.6295
6533,15:13:10.829,2028,-0.0095,1.6343
6534,15:13:10.829,2036,-0.0056,1.6407
6535,15:13:10.830,2039,-0.0042,1.6432
6536,15:13:10.830,2032,-0.0076,1.6375
6537,15:13:10.831,2029,-0.0090,1.6351
6538,15:13:10.831,2024,-0.0115,1.6311
6539,15:13:10.832,2012,-0.0173,1.6214
6540,15:13:10.832,2010,-0.0183,1.6198
6541,15:13:10.833,2009,-0.0188,1.6190
6542,15:13:10.833,2017,-0.0149,1.6254
6543,15:13:10.834,2017,-0.0149,1.6254
6544,15:13:10.834,2019,-0.0139,1.6270
6545,15:13:10.835,2030,-0.0085,1.6359
6546,15:13:10.835,2037,-0.0051,1.6415
6547,15:13:10.836,2037,-0.0051,1.6415
6548,15:13:10.836,2032,-0.0076,1.6375
6549,15:13:10.837,2029,-0.0090,1.6351
6550,15:13:10.837,2024,-0.0115,1.6311
6551,15:13:10.838,2016,-0.0154,1.6246
6552,15:13:10.838,2006,-0.0203,1.6166
6553,15:13:10.839,2008,-0.0193,1.6182
6554,15:13:10.839,2012,-0.0173,1.6214
6555,15:13:10.840,2020,-0.0134,1.6278
6556,15:13:10.840,2018,-0.0144,1.6262
6557,15:13:10.841,2024,-0.0115,1.6311
6558,15:13:10.841,2032,-0.0076,1.6375
6559,15:13:10.842,2033,-0.0071,1.6383
6560,15:13:10.842,2033,-0.0071,1.6383
6561,15:13:10.843,2032,-0.0076,1.6375
6562,15:13:10.843,2028,-0.0095,1.6343
6563,15:13:10.844,2018,-0.0144,1.6262
6564,15:13:10.844,2010,-0.0183,1.6198
6565,15:13:10.845,2011,-0.0178,1.6206
6566,15:13:10.845,2014,-0.0164,1.6230
6567,15:13:10.846,2019,-0.0139,1.6270
6568,15:13:10.846,2020,-0.0134,1.6278
6569,15:13:10.847,2022,-0.0125,1.6295
6570,15:13:10.847,2030,-0.0085,1.6359
6571,15:13:10.848,2038,-0.0046,1.6423
6572,15:13:10.848,2034,-0.0066,1.6391
6573,15:13:10.849,2032,-0.0076,1.6375
6574,15:13:10.849,2027,-0.0100,1.6335
6575,15:13:10.850,2024,-0.0115,1.6311
6576,15:13:10.850,2013,-0.0168,1.6222
6577,15:13:10.851,2011,-0.0178,1.6206
6578,15:13:10.851,2012,-0.0173,1.6214
6579,15:13:10.852,2019,-0.0139,1.6270
6580,15:13:10.852,2023,-0.0120,1.6303
6581,15:13:10.853,2022,-0.0125,1.6295
6582,15:13:10.853,2030,-0.0085,1.6359
6583,15:13:10.854,2043,-0.0022,1.6464
6584,15:13:10.854,2035,-0.0061,1.6399
6585,15:13:10.855,2039,-0.0042,1.6432
6586,15:13:10.855,2029,-0.0090,1.6351
6587,15:13:10.856,2021,-0.0129,1.6286
6588,15:13:10.856,2011,-0.0178,1.6206
6589,15:13:10.857,2010,-0.0183,1.6198
6590,15:13:10.857,2013,-0.0168,1.6222
6591,15:13:10.858,2017,-0.0149,1.6254
6592,15:13:10.858,2018,-0.0144,1.6262
6593,15:13:10.859,2014,-0.0164,1.6230
6594,15:13:10.859,2031,-0.0081,1.6367
6595,15:13:10.860,2034,-0.0066,1.6391
6596,15:13:10.860,2037,-0.0051,1.6415
6597,15:13:10.861,2036,-0.0056,1.6407
6598,15:13:10.861,2030,-0.0085,1.6359
6599,15:13:10.862,2023,-0.0120,1.6303
6600,15:13:10.862,2013,-0.0168,1.6222
6601,15:13:10.863,2009,-0.0188,1.6190
6602,15:13:10.863,2010,-0.0183,1.6198
6603,15:13:10.864,2013,-0.0168,1.6222
6604,15:13:10.864,2016,-0.0154,1.6246
6605,15:13:10.865,2017,-0.0149,1.6254
6606,15:13:10.865,2027,-0.0100,1.6335
6607,15:13:10.866,2033,-0.0071,1.6383
6608,15:13:10.866,2037,-0.0051,1.6415
6609,15:13:10.867,2032,-0.0076,1.6375
6610,15:13:10.867,2029,-0.0090,1.6351
6611,15:13:10.868,2028,-0.0095,1.6343
6612,15:13:10.868,2020,-0.0134,1.6278
6613,15:13:10.869,2008,-0.0193,1.6182
6614,15:13:10.869,2007,-0.0198,1.6174
6615,15:13:10.870,2012,-0.0173,1.6214
6616,15:13:10.870,2018,-0.0144,1.6262
6617,15:13:10.871,2018,-0.0144,1.6262
6618,15:13:10.871,2020,-0.0134,1.6278
6619,15:13:10.872,2032,-0.0076,1.6375
6620,15:13:10.872,2040,-0.0037,1.6440
6621,15:13:10.873,2036,-0.0056,1.6407
6622,15:13:10.873,2030,-0.0085,1.6359
6623,15:13:10.874,2028,-0.0095,1.6343
6624,15:13:10.874,2024,-0.0115,1.6311
6625,15:13:10.875,2011,-0.0178,1.6206
6626,15:13:10.875,2008,-0.0193,1.6182
6627,15:13:10.876,2013,-0.0168,1.6222
6628,15:13:10.876,2022,-0.0125,1.6295
6629,15:13:10.877,2022,-0.0125,1.6295
6630,15:13:10.877,2021,-0.0129,1.6286
6631,15:13:10.878,2032,-0.0076,1.6375
6632,15:13:10.878,2038,-0.0046,1.6423
6633,15:13:10.879,2036,-0.0056,1.6407
6634,15:13:10.879,2034,-0.0066,1.6391
6635,15:13:10.880,2027,-0.0100,1.6335
6636,15:13:10.880,2023,-0.0120,1.6303
6637,15:13:10.881,2012,-0.0173,1.6214
6638,15:13:10.881,2009,-0.0188,1.6190
6639,15:13:10.882,2011,-0.0178,1.6206
6640,15:13:10.882,2015,-0.0159,1.6238
6641,15:13:10.883,2018,-0.0144,1.6262
6642,15:13:10.883,2020,-0.0134,1.6278
6643,15:13:10.884,2026,-0.0105,1.6327
6644,15:13:10.884,2037,-0.0051,1.6415
6645,15:13:10.885,2035,-0.0061,1.6399
6646,15:13:10.885,2032,-0.0076,1.6375
6647,15:13:10.886,2031,-0.0081,1.6367
6648,15:13:10.886,2024,-0.0115,1.6311
6649,15:13:10.887,2017,-0.0149,1.6254
6650,15:13:10.887,2006,-0.0203,1.6166
6651,15:13:10.888,2010,-0.0183,1.6198
6652,15:13:10.888,2017,-0.0149,1.6254
6653,15:13:10.889,2021,-0.0129,1.6286
6654,15:13:10.889,2015,-0.0159,1.6238
6655,15:13:10.890,2028,-0.0095,1.6343
6656,15:13:10.890,2038,-0.0046,1.6423
6657,15:13:10.891,2038,-0.0046,1.6423
6658,15:13:10.891,2035,-0.0061,1.6399
6659,15:13:10.892,2035,-0.0061,1.6399
6660,15:13:10.892,2026,-0.0105,1.6327
6661,15:13:10.893,2020,-0.0134,1.6278
6662,15:13:10.893,2007,-0.0198,1.6174
6663,15:13:10.894,2009,-0.0188,1.6190
6664,15:13:10.894,2014,-0.0164,1.6230
6665,15:13:10.895,2017,-0.0149,1.6254
6666,15:13:10.895,2017,-0.0149,1.6254
6667,15:13:10.896,2026,-0.0105,1.6327
6668,15:13:10.896,2033,-0.0071,1.6383
6669,15:13:10.897,2034,-0.0066,1.6391
6670,15:13:10.897,2035,-0.0061,1.6399
6671,15:13:10.898,2029,-0.0090,1.6351
6672,15:13:10.898,2024,-0.0115,1.6311
6673,15:13:10.899,2019,-0.0139,1.6270
6674,15:13:10.899,2010,-0.0183,1.6198
6675,15:13:10.900,2007,-0.0198,1.6174
6676,15:13:10.900,2013,-0.0168,1.6222
6677,15:13:10.901,2022,-0.0125,1.6295
6678,15:13:10.901,2017,-0.0149,1.6254
6679,15:13:10.902,2021,-0.0129,1.6286
6680,15:13:10.902,2029,-0.0090,1.6351
6681,15:13:10.903,2037,-0.0051,1.6415
6682,15:13:10.903,2033,-0.0071,1.6383
6683,15:13:10.904,2035,-0.0061,1.6399
6684,15:13:10.904,2029,-0.0090,1.6351
6685,15:13:10.905,2018,-0.0144,1.6262
6686,15:13:10.905,2013,-0.0168,1.6222
6687,15:13:10.906,2010,-0.0183,1.6198
6688,15:13:10.906,2011,-0.0178,1.6206
6689,15:13:10.907,2015,-0.0159,1.6238
6690,15:13:10.907,2017,-0.0149,1.6254
6691,15:13:10.908,2017,-0.0149,1.6254
6692,15:13:10.908,2021,-0.0129,1.6286
6693,15:13:10.909,2034,-0.0066,1.6391
6694,15:13:10.909,2038,-0.0046,1.6423
6695,15:13:10.910,2034,-0.0066,1.6391
6696,15:13:10.910,2030,-0.0085,1.6359
6697,15:13:10.911,2020,-0.0134,1.6278
6698,15:13:10.911,2020,-0.0134,1.6278
6699,15:13:10.912,2012,-0.0173,1.6214
6700,15:13:10.912,2012,-0.0173,1.6214
6701,15:13:10.913,2012,-0.0173,1.6214
6702,15:13:10.913,2019,-0.0139,1.6270
6703,15:13:10.914,2022,-0.0125,1.6295
6704,15:13:10.914,2023,-0.0120,1.6303
6705,15:13:10.915,2041,-0.0032,1.6448
6706,15:13:10.915,2039,-0.0042,1.6432
6707,15:13:10.916,2032,-0.0076,1.6375
6708,15:13:10.916,2033,-0.0071,1.6383
6709,15:13:10.917,2030,-0.0085,1.6359
6710,15:13:10.917,2023,-0.0120,1.6303
6711,15:13:10.918,2015,-0.0159,1.6238
6712,15:13:10.918,2011,-0.0178,1.6206
6713,15:13:10.919,2015,-0.0159,1.6238
6714,15:13:10.919,2021,-0.0129,1.6286
6715,15:13:10.920,2018,-0.0144,1.6262
6716,15:13:10.920,2025,-0.0110,1.6319
6717,15:13:10.921,2033,-0.0071,1.6383
6718,15:13:10.921,2036,-0.0056,1.6407
6719,15:13:10.922,2035,-0.0061,1.6399
6720,15:13:10.922,2034,-0.0066,1.6391
6721,15:13:10.923,2028,-0.0095,1.6343
6722,15:13:10.923,2021,-0.0129,1.6286
6723,15:13:10.924,2004,-0.0212,1.6149
6724,15:13:10.924,2008,-0.0193,1.6182
6725,15:13:10.925,2013,-0.0168,1.6222
6726,15:13:10.925,2015,-0.0159,1.6238
6727,15:13:10.926,2015,-0.0159,1.6238
6728,15:13:10.926,2023,-0.0120,1.6303
6729,15:13:10.927,2031,-0.0081,1.6367
6730,15:13:10.927,2037,-0.0051,1.6415
6731,15:13:10.928,2033,-0.0071,1.6383
6732,15:13:10.928,2031,-0.0081,1.6367
6733,15:13:10.929,2031,-0.0081,1.6367
6734,15:13:10.929,2020,-0.0134,1.6278
6735,15:13:10.930,2010,-0.0183,1.6198
6736,15:13:10.930,2005,-0.0208,1.6158
6737,15:13:10.931,2009,-0.0188,1.6190
6738,15:13:10.931,2013,-0.0168,1.6222
6739,15:13:10.932,2018,-0.0144,1.6262
6740,15:13:10.932,2019,-0.0139,1.6270
6741,15:13:10.933,2028,-0.0095,1.6343
6742,15:13:10.933,2034,-0.0066,1.6391
6743,15:13:10.934,2038,-0.0046,1.6423
6744,15:13:10.934,2033,-0.0071,1.6383
6745,15:13:10.935,2028,-0.0095,1.6343
6746,15:13:10.935,2026,-0.0105,1.6327
6747,15:13:10.936,2014,-0.0164,1.6230
6748,15:13:10.936,2010,-0.0183,1.6198
6749,15:13:10.937,2013,-0.0168,1.6222
6750,15:13:10.937,2017,-0.0149,1.6254
6751,15:13:10.938,2020,-0.0134,1.6278
6752,15:13:10.938,2018,-0.0144,1.6262
6753,15:13:10.939,2027,-0.0100,1.6335
6754,15:13:10.939,2035,-0.0061,1.6399
6755,15:13:10.940,2039,-0.0042,1.6432
6756,15:13:10.940,2034,-0.0066,1.6391
6757,15:13:10.941,2031,-0.0081,1.6367
6758,15:13:10.941,2022,-0.0125,1.6295
6759,15:13:10.942,2016,-0.0154,1.6246
6760,15:13:10.942,2011,-0.0178,1.6206
6761,15:13:10.943,2016,-0.0154,1.6246
6762,15:13:10.943,2010,-0.0183,1.6198
6763,15:13:10.944,2016,-0.0154,1.6246
6764,15:13:10.944,2022,-0.0125,1.6295
6765,15:13:10.945,2022,-0.0125,1.6295
6766,15:13:10.945,2034,-0.0066,1.6391
6767,15:13:10.946,2036,-0.0056,1.6407
6768,15:13:10.946,2032,-0.0076,1.6375
6769,15:13:10.947,2028,-0.0095,1.6343
6770,15:13:10.947,2024,-0.0115,1.6311
6771,15:13:10.948,2019,-0.0139,1.6270
6772,15:13:10.948,2011,-0.0178,1.6206
6773,15:13:10.949,2010,-0.0183,1.6198
6774,15:13:10.949,2013,-0.0168,1.6222
6775,15:13:10.950,2021,-0.0129,1.6286
6776,15:13:10.950,2017,-0.0149,1.6254
6777,15:13:10.951,2024,-0.0115,1.6311
6778,15:13:10.951,2030,-0.0085,1.6359
6779,15:13:10.952,2037,-0.0051,1.6415
6780,15:13:10.952,2034,-0.0066,1.6391
6781,15:13:10.953,2029,-0.0090,1.6351
6782,15:13:10.953,2024,-0.0115,1.6311
6783,15:13:10.954,2019,-0.0139,1.6270
6784,15:13:10.954,2014,-0.0164,1.6230
6785,15:13:10.955,2009,-0.0188,1.6190
6786,15:13:10.955,2013,-0.0168,1.6222
6787,15:13:10.956,2016,-0.0154,1.6246
6788,15:13:10.956,2016,-0.0154,1.6246
6789,15:13:10.957,2019,-0.0139,1.6270
6790,15:13:10.957,2027,-0.0100,1.6335
6791,15:13:10.958,2031,-0.0081,1.6367
6792,15:13:10.958,2033,-0.0071,1.6383
6793,15:13:10.959,2030,-0.0085,1.6359
6794,15:13:10.959,2029,-0.0090,1.6351
6795,15:13:10.960,2024,-0.0115,1.6311
6796,15:13:10.960,2013,-0.0168,1.6222
6797,15:13:10.961,2011,-0.0178,1.6206
6798,15:13:10.961,2013,-0.0168,1.6222
6799,15:13:10.962,2015,-0.0159,1.6238
6800,15:13:10.962,2018,-0.0144,1.6262
6801,15:13:10.963,2021,-0.0129,1.6286
6802,15:13:10.963,2028,-0.0095,1.6343
6803,15:13:10.964,2032,-0.0076,1.6375
6804,15:13:10.964,2033,-0.0071,1.6383
6805,15:13:10.965,2030,-0.0085,1.6359
6806,15:13:10.965,2030,-0.0085,1.6359
6807,15:13:10.966,2021,-0.0129,1.6286
6808,15:13:10.966,2022,-0.0125,1.6295
6809,15:13:10.967,2015,-0.0159,1.6238
6810,15:13:10.967,2012,-0.0173,1.6214
6811,15:13:10.968,2015,-0.0159,1.6238
6812,15:13:10.968,2016,-0.0154,1.6246
6813,15:13:10.969,2018,-0.0144,1.6262
6814,15:13:10.969,2024,-0.0115,1.6311
6815,15:13:10.970,2032,-0.0076,1.6375
6816,15:13:10.970,2039,-0.0042,1.6432
6817,15:13:10.971,2033,-0.0071,1.6383
6818,15:13:10.971,2033,-0.0071,1.6383
6819,15:13:10.972,2028,-0.0095,1.6343
6820,15:13:10.972,2012,-0.0173,1.6214
6821,15:13:10.973,2014,-0.0164,1.6230
6822,15:13:10.973,2017,-0.0149,1.6254
6823,15:13:10.974,2016,-0.0154,1.6246
6824,15:13:10.974,2019,-0.0139,1.6270
6825,15:13:10.975,2019,-0.0139,1.6270
6826,15:13:10.975,2025,-0.0110,1.6319
6827,15:13:10.976,2032,-0.0076,1.6375
6828,15:13:10.976,2036,-0.0056,1.6407
6829,15:13:10.977,2035,-0.0061,1.6399
6830,15:13:10.977,2028,-0.0095,1.6343
6831,15:13:10.978,2028,-0.0095,1.6343
6832,15:13:10.978,2022,-0.0125,1.6295
6833,15:13:10.979,2010,-0.0183,1.6198
6834,15:13:10.979,2009,-0.0188,1.6190
6835,15:13:10.980,2010,-0.0183,1.6198
6836,15:13:10.980,2016,-0.0154,1.6246
6837,15:13:10.981,2018,-0.0144,1.6262
6838,15:13:10.981,2022,-0.0125,1.6295
6839,15:13:10.982,2026,-0.0105,1.6327
6840,15:13:10.982,2035,-0.0061,1.6399
6841,15:13:10.983,2033,-0.0071,1.6383
6842,15:13:10.983,2033,-0.0071,1.6383
6843,15:13:10.984,2031,-0.0081,1.6367
6844,15:13:10.984,2023,-0.0120,1.6303
6845,15:13:10.985,2015,-0.0159,1.6238
6846,15:13:10.985,2012,-0.0173,1.6214
6847,15:13:10.986,2015,-0.0159,1.6238
6848,15:13:10.986,2012,-0.0173,1.6214
6849,15:13:10.987,2015,-0.0159,1.6238
6850,15:13:10.987,2018,-0.0144,1.6262
6851,15:13:10.988,2028,-0.0095,1.6343
6852,15:13:10.988,2036,-0.0056,1.6407
6853,15:13:10.989,2037,-0.0051,1.6415
6854,15:13:10.989,2033,-0.0071,1.6383
6855,15:13:10.990,2029,-0.0090,1.6351
6856,15:13:10.990,2027,-0.0100,1.6335
6857,15:13:10.991,2016,-0.0154,1.6246
6858,15:13:10.991,2013,-0.0168,1.6222
6859,15:13:10.992,2013,-0.0168,1.6222
6860,15:13:10.992,2016,-0.0154,1.6246
6861,15:13:10.993,2019,-0.0139,1.6270
6862,15:13:10.993,2019,-0.0139,1.6270
6863,15:13:10.994,2024,-0.0115,1.6311
6864,15:13:10.994,2035,-0.0061,1.6399
6865,15:13:10.995,2043,-0.0022,1.6464
6866,15:13:10.995,2036,-0.0056,1.6407
6867,15:13:10.996,2026,-0.0105,1.6327
6868,15:13:10.996,2025,-0.0110,1.6319
6869,15:13:10.997,2016,-0.0154,1.6246
6870,15:13:10.997,2010,-0.0183,1.6198
6871,15:13:10.998,2015,-0.0159,1.6238
6872,15:13:10.998,2014,-0.0164,1.6230
6873,15:13:10.999,2020,-0.0134,1.6278
6874,15:13:10.999,2022,-0.0125,1.6295
6875,15:13:11.000,2024,-0.0115,1.6311
6876,15:13:11.000,2031,-0.0081,1.6367
6877,15:13:11.001,2038,-0.0046,1.6423
6878,15:13:11.001,2031,-0.0081,1.6367
6879,15:13:11.002,2030,-0.0085,1.6359
6880,15:13:11.002,2029,-0.0090,1.6351
6881,15:13:11.003,2016,-0.0154,1.6246
6882,15:13:11.003,2011,-0.0178,1.6206
6883,15:13:11.004,2013,-0.0168,1.6222
6884,15:13:11.004,2017,-0.0149,1.6254
6885,15:13:11.005,2020,-0.0134,1.6278
6886,15:13:11.005,2018,-0.0144,1.6262
6887,15:13:11.006,2020,-0.0134,1.6278
6888,15:13:11.006,2031,-0.0081,1.6367
6889,15:13:11.007,2035,-0.0061,1.6399
6890,15:13:11.007,2034,-0.0066,1.6391
6891,15:13:11.008,2031,-0.0081,1.6367
6892,15:13:11.008,2025,-0.0110,1.6319
6893,15:13:11.009,2021,-0.0129,1.6286
6894,15:13:11.009,2014,-0.0164,1.6230
6895,15:13:11.010,2013,-0.0168,1.6222
6896,15:13:11.010,2015,-0.0159,1.6238
6897,15:13:11.011,2018,-0.0144,1.6262
6898,15:13:11.011,2019,-0.0139,1.6270
6899,15:13:11.012,2021,-0.0129,1.6286
6900,15:13:11.012,2027,-0.0100,1.6335
6901,15:13:11.013,2033,-0.0071,1.6383
6902,15:13:11.013,2038,-0.0046,1.6423
6903,15:13:11.014,2034,-0.0066,1.6391
6904,15:13:11.014,2030,-0.0085,1.6359
6905,15:13:11.015,2024,-0.0115,1.6311
6906,15:13:11.015,2017,-0.0149,1.6254
6907,15:13:11.016,2013,-0.0168,1.6222
6908,15:13:11.016,2014,-0.0164,1.6230
6909,15:13:11.017,2015,-0.0159,1.6238
6910,15:13:11.017,2022,-0.0125,1.6295
6911,15:13:11.018,2022,-0.0125,1.6295
6912,15:13:11.018,2026,-0.0105,1.6327
6913,15:13:11.019,2034,-0.0066,1.6391
6914,15:13:11.019,2033,-0.0071,1.6383
6915,15:13:11.020,2029,-0.0090,1.6351
6916,15:13:11.020,2031,-0.0081,1.6367
6917,15:13:11.021,2023,-0.0120,1.6303
6918,15:13:11.021,2020,-0.0134,1.6278
6919,15:13:11.022,2014,-0.0164,1.6230
6920,15:13:11.022,2013,-0.0168,1.6222
6921,15:13:11.023,2012,-0.0173,1.6214
6922,15:13:11.023,2018,-0.0144,1.6262
6923,15:13:11.024,2016,-0.0154,1.6246
6924,15:13:11.024,2023,-0.0120,1.6303
6925,15:13:11.025,2029,-0.0090,1.6351
6926,15:13:11.025,2033,-0.0071,1.6383
6927,15:13:11.026,2030,-0.0085,1.6359
6928,15:13:11.026,2030,-0.0085,1.6359
6929,15:13:11.027,2026,-0.0105,1.6327
6930,15:13:11.027,2019,-0.0139,1.6270
6931,15:13:11.028,2009,-0.0188,1.6190
6932,15:13:11.028,2007,-0.0198,1.6174
6933,15:13:11.029,2015,-0.0159,1.6238
6934,15:13:11.029,2014,-0.0164,1.6230
6935,15:13:11.030,2015,-0.0159,1.6238
6936,15:13:11.030,2019,-0.0139,1.6270
6937,15:13:11.031,2028,-0.0095,1.6343
6938,15:13:11.031,2034,-0.0066,1.6391
6939,15:13:11.032,2033,-0.0071,1.6383
6940,15:13:11.032,2027,-0.0100,1.6335
6941,15:13:11.033,2030,-0.0085,1.6359
6942,15:13:11.033,2023,-0.0120,1.6303
6943,15:13:11.034,2013,-0.0168,1.6222
6944,15:13:11.034,2012,-0.0173,1.6214
6945,15:13:11.035,2017,-0.0149,1.6254
6946,15:13:11.035,2014,-0.0164,1.6230
6947,15:13:11.036,2017,-0.0149,1.6254
6948,15:13:11.036,2023,-0.0120,1.6303
6949,15:13:11.037,2028,-0.0095,1.6343
6950,15:13:11.037,2035,-0.0061,1.6399
6951,15:13:11.038,2040,-0.0037,1.6440
6952,15:13:11.038,2031,-0.0081,1.6367
6953,15:13:11.039,2029,-0.0090,1.6351
6954,15:13:11.039,2025,-0.0110,1.6319
6955,15:13:11.040,2014,-0.0164,1.6230
6956,15:13:11.040,2016,-0.0154,1.6246
6957,15:13:11.041,2013,-0.0168,1.6222
6958,15:13:11.041,2018,-0.0144,1.6262
6959,15:13:11.042,2017,-0.0149,1.6254
6960,15:13:11.042,2021,-0.0129,1.6286
6961,15:13:11.043,2029,-0.0090,1.6351
6962,15:13:11.043,2034,-0.0066,1.6391
6963,15:13:11.044,2033,-0.0071,1.6383
6964,15:13:11.044,2032,-0.0076,1.6375
6965,15:13:11.045,2031,-0.0081,1.6367
6966,15:13:11.045,2023,-0.0120,1.6303
6967,15:13:11.046,2017,-0.0149,1.6254
6968,15:13:11.046,2013,-0.0168,1.6222
6969,15:13:11.047,2013,-0.0168,1.6222
6970,15:13:11.047,2013,-0.0168,1.6222
6971,15:13:11.048,2020,-0.0134,1.6278
6972,15:13:11.048,2018,-0.0144,1.6262
6973,15:13:11.049,2024,-0.0115,1.6311
6974,15:13:11.049,2029,-0.0090,1.6351
6975,15:13:11.050,2034,-0.0066,1.6391
6976,15:13:11.050,2034,-0.0066,1.6391
6977,15:13:11.051,2031,-0.0081,1.6367
6978,15:13:11.051,2030,-0.0085,1.6359
6979,15:13:11.052,2018,-0.0144,1.6262
6980,15:13:11.052,2010,-0.0183,1.6198
6981,15:13:11.053,2010,-0.0183,1.6198
6982,15:13:11.053,2013,-0.0168,1.6222
6983,15:13:11.054,2018,-0.0144,1.6262
6984,15:13:11.054,2016,-0.0154,1.6246
6985,15:13:11.055,2022,-0.0125,1.6295
6986,15:13:11.055,2028,-0.0095,1.6343
6987,15:13:11.056,2035,-0.0061,1.6399
6988,15:13:11.056,2033,-0.0071,1.6383
6989,15:13:11.057,2029,-0.0090,1.6351
6990,15:13:11.057,2025,-0.0110,1.6319
6991,15:13:11.058,2017,-0.0149,1.6254
6992,15:13:11.058,2012,-0.0173,1.6214
6993,15:13:11.059,2011,-0.0178,1.6206
6994,15:13:11.059,2014,-0.0164,1.6230
6995,15:13:11.060,2017,-0.0149,1.6254
6996,15:13:11.060,2021,-0.0129,1.6286
6997,15:13:11.061,2022,-0.0125,1.6295
6998,15:13:11.061,2031,-0.0081,1.6367
6999,15:13:11.062,2031,-0.0081,1.6367
7000,15:13:11.062,2030,-0.0085,1.6359
7001,15:13:11.063,2032,-0.0076,1.6375
7002,15:13:11.063,2025,-0.0110,1.6319
7003,15:13:11.064,2022,-0.0125,1.6295
7004,15:13:11.064,2014,-0.0164,1.6230
7005,15:13:11.065,2018,-0.0144,1.6262
7006,15:13:11.065,2014,-0.0164,1.6230
7007,15:13:11.066,2015,-0.0159,1.6238
7008,15:13:11.066,2021,-0.0129,1.6286
7009,15:13:11.067,2023,-0.0120,1.6303
7010,15:13:11.067,2029,-0.0090,1.6351
7011,15:13:11.068,2031,-0.0081,1.6367
7012,15:13:11.068,2031,-0.0081,1.6367
7013,15:13:11.069,2032,-0.0076,1.6375
7014,15:13:11.069,2024,-0.0115,1.6311
7015,15:13:11.070,2030,-0.0085,1.6359
7016,15:13:11.070,2021,-0.0129,1.6286
7017,15:13:11.071,2013,-0.0168,1.6222
7018,15:13:11.071,2014,-0.0164,1.6230
7019,15:13:11.072,2021,-0.0129,1.6286
7020,15:13:11.072,2017,-0.0149,1.6254
7021,15:13:11.073,2022,-0.0125,1.6295
7022,15:13:11.073,2024,-0.0115,1.6311
7023,15:13:11.074,2035,-0.0061,1.6399
7024,15:13:11.074,2036,-0.0056,1.6407
7025,15:13:11.075,2033,-0.0071,1.6383
7026,15:13:11.075,2028,-0.0095,1.6343
7027,15:13:11.076,2027,-0.0100,1.6335
7028,15:13:11.076,2018,-0.0144,1.6262
7029,15:13:11.077,2016,-0.0154,1.6246
7030,15:13:11.077,2013,-0.0168,1.6222
7031,15:13:11.078,2017,-0.0149,1.6254
7032,15:13:11.078,2016,-0.0154,1.6246
7033,15:13:11.079,2016,-0.0154,1.6246
7034,15:13:11.079,2022,-0.0125,1.6295
7035,15:13:11.080,2025,-0.0110,1.6319
7036,15:13:11.080,2034,-0.0066,1.6391
7037,15:13:11.081,2030,-0.0085,1.6359
7038,15:13:11.081,2031,-0.0081,1.6367
7039,15:13:11.082,2026,-0.0105,1.6327
7040,15:13:11.082,2020,-0.0134,1.6278
7041,15:13:11.083,2007,-0.0198,1.6174
7042,15:13:11.083,2014,-0.0164,1.6230
7043,15:13:11.084,2017,-0.0149,1.6254
7044,15:13:11.084,2018,-0.0144,1.6262
7045,15:13:11.085,2019,-0.0139,1.6270
7046,15:13:11.085,2020,-0.0134,1.6278
7047,15:13:11.086,2029,-0.0090,1.6351
7048,15:13:11.086,2035,-0.0061,1.6399
7049,15:13:11.087,2033,-0.0071,1.6383
7050,15:13:11.087,2030,-0.0085,1.6359
7051,15:13:11.088,2029,-0.0090,1.6351
7052,15:13:11.088,2022,-0.0125,1.6295
7053,15:13:11.089,2015,-0.0159,1.6238
7054,15:13:11.089,2012,-0.0173,1.6214
7055,15:13:11.090,2015,-0.0159,1.6238
7056,15:13:11.090,2016,-0.0154,1.6246
7057,15:13:11.091,2019,-0.0139,1.6270
7058,15:13:11.091,2023,-0.0120,1.6303
7059,15:13:11.092,2027,-0.0100,1.6335
7060,15:13:11.092,2033,-0.0071,1.6383
7061,15:13:11.093,2032,-0.0076,1.6375
7062,15:13:11.093,2031,-0.0081,1.6367
7063,15:13:11.094,2028,-0.0095,1.6343
7064,15:13:11.094,2026,-0.0105,1.6327
7065,15:13:11.095,2015,-0.0159,1.6238
7066,15:13:11.095,2012,-0.0173,1.6214
7067,15:13:11.096,2016,-0.0154,1.6246
7068,15:13:11.096,2017,-0.0149,1.6254
7069,15:13:11.097,2018,-0.0144,1.6262
7070,15:13:11.097,2019,-0.0139,1.6270
7071,15:13:11.098,2030,-0.0085,1.6359
7072,15:13:11.098,2034,-0.0066,1.6391
7073,15:13:11.099,2031,-0.0081,1.6367
7074,15:13:11.099,2031,-0.0081,1.6367
7075,15:13:11.100,2032,-0.0076,1.6375
7076,15:13:11.100,2023,-0.0120,1.6303
7077,15:13:11.101,2022,-0.0125,1.6295
7078,15:13:11.101,2015,-0.0159,1.6238
7079,15:13:11.102,2017,-0.0149,1.6254
7080,15:13:11.102,2012,-0.0173,1.6214
7081,15:13:11.103,2018,-0.0144,1.6262
7082,15:13:11.103,2017,-0.0149,1.6254
7083,15:13:11.104,2027,-0.0100,1.6335
7084,15:13:11.104,2027,-0.0100,1.6335
7085,15:13:11.105,2034,-0.0066,1.6391
7086,15:13:11.105,2029,-0.0090,1.6351
7087,15:13:11.106,2030,-0.0085,1.6359
7088,15:13:11.106,2022,-0.0125,1.6295
7089,15:13:11.107,2023,-0.0120,1.6303
7090,15:13:11.107,2014,-0.0164,1.6230
7091,15:13:11.108,2012,-0.0173,1.6214
7092,15:13:11.108,2015,-0.0159,1.6238
7093,15:13:11.109,2018,-0.0144,1.6262
7094,15:13:11.109,2015,-0.0159,1.6238
7095,15:13:11.110,2025,-0.0110,1.6319
7096,15:13:11.110,2029,-0.0090,1.6351
7097,15:13:11.111,2038,-0.0046,1.6423
7098,15:13:11.111,2031,-0.0081,1.6367
7099,15:13:11.112,2027,-0.0100,1.6335
7100,15:13:11.112,2027,-0.0100,1.6335
7101,15:13:11.113,2018,-0.0144,1.6262
7102,15:13:11.113,2011,-0.0178,1.6206
7103,15:13:11.114,2013,-0.0168,1.6222
7104,15:13:11.114,2015,-0.0159,1.6238
7105,15:13:11.115,2018,-0.0144,1.6262
7106,15:13:11.115,2019,-0.0139,1.6270
7107,15:13:11.116,2023,-0.0120,1.6303
7108,15:13:11.116,2030,-0.0085,1.6359
7109,15:13:11.117,2033,-0.0071,1.6383
7110,15:13:11.117,2030,-0.0085,1.6359
7111,15:13:11.118,2032,-0.0076,1.6375
7112,15:13:11.118,2029,-0.0090,1.6351
7113,15:13:11.119,2024,-0.0115,1.6311
7114,15:13:11.119,2018,-0.0144,1.6262
7115,15:13:11.120,2009,-0.0188,1.6190
7116,15:13:11.120,2013,-0.0168,1.6222
7117,15:13:11.121,2016,-0.0154,1.6246
7118,15:13:11.121,2020,-0.0134,1.6278
7119,15:13:11.122,2017,-0.0149,1.6254
7120,15:13:11.122,2032,-0.0076,1.6375
7121,15:13:11.123,2031,-0.0081,1.6367
7122,15:13:11.123,2035,-0.0061,1.6399
7123,15:13:11.124,2030,-0.0085,1.6359
7124,15:13:11.124,2030,-0.0085,1.6359
7125,15:13:11.125,2027,-0.0100,1.6335
7126,15:13:11.125,2015,-0.0159,1.6238
7127,15:13:11.126,2013,-0.0168,1.6222
7128,15:13:11.126,2013,-0.0168,1.6222
7129,15:13:11.127,2014,-0.0164,1.6230
7130,15:13:11.127,2018,-0.0144,1.6262
7131,15:13:11.128,2018,-0.0144,1.6262
7132,15:13:11.128,2025,-0.0110,1.6319
7133,15:13:11.129,2030,-0.0085,1.6359
7134,15:13:11.129,2035,-0.0061,1.6399
7135,15:13:11.130,2035,-0.0061,1.6399
7136,15:13:11.130,2030,-0.0085,1.6359
7137,15:13:11.131,2023,-0.0120,1.6303
7138,15:13:11.131,2017,-0.0149,1.6254
7139,15:13:11.132,2011,-0.0178,1.6206
7140,15:13:11.132,2015,-0.0159,1.6238
7141,15:13:11.133,2015,-0.0159,1.6238
7142,15:13:11.133,2019,-0.0139,1.6270
7143,15:13:11.134,2018,-0.0144,1.6262
7144,15:13:11.134,2025,-0.0110,1.6319
7145,15:13:11.135,2033,-0.0071,1.6383
7146,15:13:11.135,2030,-0.0085,1.6359
7147,15:13:11.136,2033,-0.0071,1.6383
7148,15:13:11.136,2028,-0.0095,1.6343
7149,15:13:11.137,2026,-0.0105,1.6327
7150,15:13:11.137,2018,-0.0144,1.6262
7151,15:13:11.138,2016,-0.0154,1.6246
7152,15:13:11.138,2013,-0.0168,1.6222
7153,15:13:11.139,2014,-0.0164,1.6230
7154,15:13:11.139,2018,-0.0144,1.6262
7155,15:13:11.140,2020,-0.0134,1.6278
7156,15:13:11.140,2023,-0.0120,1.6303
7157,15:13:11.141,2026,-0.0105,1.6327
7158,15:13:11.141,2031,-0.0081,1.6367
7159,15:13:11.142,2032,-0.0076,1.6375
7160,15:13:11.142,2026,-0.0105,1.6327
7161,15:13:11.143,2026,-0.0105,1.6327
7162,15:13:11.143,2024,-0.0115,1.6311
7163,15:13:11.144,2021,-0.0129,1.6286
7164,15:13:11.144,2006,-0.0203,1.6166
7165,15:13:11.145,2014,-0.0164,1.6230
7166,15:13:11.145,2017,-0.0149,1.6254
7167,15:13:11.146,2014,-0.0164,1.6230
7168,15:13:11.146,2022,-0.0125,1.6295
7169,15:13:11.147,2029,-0.0090,1.6351
7170,15:13:11.147,2031,-0.0081,1.6367
7171,15:13:11.148,2034,-0.0066,1.6391
7172,15:13:11.148,2027,-0.0100,1.6335
7173,15:13:11.149,2028,-0.0095,1.6343
7174,15:13:11.149,2024,-0.0115,1.6311
7175,15:13:11.150,2017,-0.0149,1.6254
7176,15:13:11.150,2016,-0.0154,1.6246
7177,15:13:11.151,2016,-0.0154,1.6246
7178,15:13:11.151,2019,-0.0139,1.6270
7179,15:13:11.152,2018,-0.0144,1.6262
7180,15:13:11.152,2019,-0.0139,1.6270
7181,15:13:11.153,2024,-0.0115,1.6311
7182,15:13:11.153,2032,-0.0076,1.6375
7183,15:13:11.154,2034,-0.0066,1.6391
7184,15:13:11.154,2026,-0.0105,1.6327
7185,15:13:11.155,2030,-0.0085,1.6359
7186,15:13:11.155,2023,-0.0120,1.6303
7187,15:13:11.156,2017,-0.0149,1.6254
7188,15:13:11.156,2010,-0.0183,1.6198
7189,15:13:11.157,2015,-0.0159,1.6238
7190,15:13:11.157,2015,-0.0159,1.6238
7191,15:13:11.158,2016,-0.0154,1.6246
7192,15:13:11.158,2018,-0.0144,1.6262
7193,15:13:11.159,2023,-0.0120,1.6303
7194,15:13:11.159,2029,-0.0090,1.6351
7195,15:13:11.160,2032,-0.0076,1.6375
7196,15:13:11.160,2033,-0.0071,1.6383
7197,15:13:11.161,2030,-0.0085,1.6359
7198,15:13:11.161,2026,-0.0105,1.6327
7199,15:13:11.162,2023,-0.0120,1.6303
7200,15:13:11.162,2013,-0.0168,1.6222
7201,15:13:11.163,2009,-0.0188,1.6190
7202,15:13:11.163,2015,-0.0159,1.6238
7203,15:13:11.164,2015,-0.0159,1.6238
7204,15:13:11.164,2018,-0.0144,1.6262
7205,15:13:11.165,2022,-0.0125,1.6295
7206,15:13:11.165,2031,-0.0081,1.6367
7207,15:13:11.166,2037,-0.0051,1.6415
7208,15:13:11.166,2033,-0.0071,1.6383
7209,15:13:11.167,2030,-0.0085,1.6359
7210,15:13:11.167,2026,-0.0105,1.6327
7211,15:13:11.168,2024,-0.0115,1.6311
7212,15:13:11.168,2017,-0.0149,1.6254
7213,15:13:11.169,2014,-0.0164,1.6230
7214,15:13:11.169,2013,-0.0168,1.6222
7215,15:13:11.170,2020,-0.0134,1.6278
7216,15:13:11.170,2023,-0.0120,1.6303
7217,15:13:11.171,2021,-0.0129,1.6286
7218,15:13:11.171,2030,-0.0085,1.6359
7219,15:13:11.172,2032,-0.0076,1.6375
7220,15:13:11.172,2037,-0.0051,1.6415
7221,15:13:11.173,2029,-0.0090,1.6351
7222,15:13:11.173,2028,-0.0095,1.6343
7223,15:13:11.174,2025,-0.0110,1.6319
7224,15:13:11.174,2017,-0.0149,1.6254
7225,15:13:11.175,2016,-0.0154,1.6246
7226,15:13:11.175,2017,-0.0149,1.6254
7227,15:13:11.176,2016,-0.0154,1.6246
7228,15:13:11.176,2016,-0.0154,1.6246
7229,15:13:11.177,2020,-0.0134,1.6278
7230,15:13:11.177,2024,-0.0115,1.6311
7231,15:13:11.178,2028,-0.0095,1.6343
7232,15:13:11.178,2035,-0.0061,1.6399
7233,15:13:11.179,2031,-0.0081,1.6367
7234,15:13:11.179,2031,-0.0081,1.6367
7235,15:13:11.180,2023,-0.0120,1.6303
7236,15:13:11.180,2016,-0.0154,1.6246
7237,15:13:11.181,2009,-0.0188,1.6190
7238,15:13:11.181,2016,-0.0154,1.6246
7239,15:13:11.182,2014,-0.0164,1.6230
7240,15:13:11.182,2020,-0.0134,1.6278
7241,15:13:11.183,2022,-0.0125,1.6295
7242,15:13:11.183,2027,-0.0100,1.6335
7243,15:13:11.184,2034,-0.0066,1.6391
7244,15:13:11.184,2032,-0.0076,1.6375
7245,15:13:11.185,2030,-0.0085,1.6359
7246,15:13:11.185,2032,-0.0076,1.6375
7247,15:13:11.186,2028,-0.0095,1.6343
7248,15:13:11.186,2020,-0.0134,1.6278
7249,15:13:11.187,2013,-0.0168,1.6222
7250,15:13:11.187,2013,-0.0168,1.6222
7251,15:13:11.188,2018,-0.0144,1.6262
7252,15:13:11.188,2019,-0.0139,1.6270
7253,15:13:11.189,2019,-0.0139,1.6270
7254,15:13:11.189,2028,-0.0095,1.6343
7255,15:13:11.190,2029,-0.0090,1.6351
7256,15:13:11.190,2035,-0.0061,1.6399
7257,15:13:11.191,2031,-0.0081,1.6367
7258,15:13:11.191,2027,-0.0100,1.6335
7259,15:13:11.192,2025,-0.0110,1.6319
7260,15:13:11.192,2020,-0.0134,1.6278
7261,15:13:11.193,2017,-0.0149,1.6254
7262,15:13:11.193,2011,-0.0178,1.6206
7263,15:13:11.194,2017,-0.0149,1.6254
7264,15:13:11.194,2015,-0.0159,1.6238
7265,15:13:11.195,2017,-0.0149,1.6254
7266,15:13:11.195,2017,-0.0149,1.6254
7267,15:13:11.196,2033,-0.0071,1.6383
7268,15:13:11.196,2034,-0.0066,1.6391
7269,15:13:11.197,2035,-0.0061,1.6399
7270,15:13:11.197,2028,-0.0095,1.6343
7271,15:13:11.198,2028,-0.0095,1.6343
7272,15:13:11.198,2022,-0.0125,1.6295
7273,15:13:11.199,2016,-0.0154,1.6246
7274,15:13:11.199,2015,-0.0159,1.6238
7275,15:13:11.200,2013,-0.0168,1.6222
7276,15:13:11.200,2016,-0.0154,1.6246
7277,15:13:11.201,2018,-0.0144,1.6262
7278,15:13:11.201,2018,-0.0144,1.6262
7279,15:13:11.202,2027,-0.0100,1.6335
7280,15:13:11.202,2034,-0.0066,1.6391
7281,15:13:11.203,2032,-0.0076,1.6375
7282,15:13:11.203,2032,-0.0076,1.6375
7283,15:13:11.204,2031,-0.0081,1.6367
7284,15:13:11.204,2027,-0.0100,1.6335
7285,15:13:11.205,2016,-0.0154,1.6246
7286,15:13:11.205,2015,-0.0159,1.6238
7287,15:13:11.206,2013,-0.0168,1.6222
7288,15:13:11.206,2017,-0.0149,1.6254
7289,15:13:11.207,2014,-0.0164,1.6230
7290,15:13:11.207,2019,-0.0139,1.6270
7291,15:13:11.208,2027,-0.0100,1.6335
7292,15:13:11.208,2033,-0.0071,1.6383
7293,15:13:11.209,2031,-0.0081,1.6367
7294,15:13:11.209,2031,-0.0081,1.6367
7295,15:13:11.210,2028,-0.0095,1.6343
7296,15:13:11.210,2023,-0.0120,1.6303
7297,15:13:11.211,2015,-0.0159,1.6238
7298,15:13:11.211,2013,-0.0168,1.6222
7299,15:13:11.212,2014,-0.0164,1.6230
7300,15:13:11.212,2013,-0.0168,1.6222
7301,15:13:11.213,2018,-0.0144,1.6262
7302,15:13:11.213,2019,-0.0139,1.6270
7303,15:13:11.214,2027,-0.0100,1.6335
7304,15:13:11.214,2030,-0.0085,1.6359
7305,15:13:11.215,2036,-0.0056,1.6407
7306,15:13:11.215,2033,-0.0071,1.6383
7307,15:13:11.216,2029,-0.0090,1.6351
7308,15:13:11.216,2030,-0.0085,1.6359
7309,15:13:11.217,2017,-0.0149,1.6254
7310,15:13:11.217,2015,-0.0159,1.6238
7311,15:13:11.218,2015,-0.0159,1.6238
7312,15:13:11.218,2013,-0.0168,1.6222
7313,15:13:11.219,2016,-0.0154,1.6246
7314,15:13:11.219,2020,-0.0134,1.6278
7315,15:13:11.220,2021,-0.0129,1.6286
7316,15:13:11.220,2030,-0.0085,1.6359
7317,15:13:11.221,2036,-0.0056,1.6407
7318,15:13:11.221,2035,-0.0061,1.6399
7319,15:13:11.222,2032,-0.0076,1.6375
7320,15:13:11.222,2033,-0.0071,1.6383
7321,15:13:11.223,2024,-0.0115,1.6311
7322,15:13:11.223,2014,-0.0164,1.6230
7323,15:13:11.224,2014,-0.0164,1.6230
7324,15:13:11.224,2016,-0.0154,1.6246
7325,15:13:11.225,2016,-0.0154,1.6246
7326,15:13:11.225,2022,-0.0125,1.6295
7327,15:13:11.226,2018,-0.0144,1.6262
7328,15:13:11.226,2028,-0.0095,1.6343
7329,15:13:11.227,2028,-0.0095,1.6343
7330,15:13:11.227,2030,-0.0085,1.6359
7331,15:13:11.228,2030,-0.0085,1.6359
7332,15:13:11.228,2031,-0.0081,1.6367
7333,15:13:11.229,2021,-0.0129,1.6286
7334,15:13:11.229,2019,-0.0139,1.6270
7335,15:13:11.230,2009,-0.0188,1.6190
7336,15:13:11.230,2015,-0.0159,1.6238
7337,15:13:11.231,2015,-0.0159,1.6238
7338,15:13:11.231,2017,-0.0149,1.6254
7339,15:13:11.232,2018,-0.0144,1.6262
7340,15:13:11.232,2027,-0.0100,1.6335
7341,15:13:11.233,2029,-0.0090,1.6351
7342,15:13:11.233,2031,-0.0081,1.6367
7343,15:13:11.234,2032,-0.0076,1.6375
7344,15:13:11.234,2030,-0.0085,1.6359
7345,15:13:11.235,2023,-0.0120,1.6303
7346,15:13:11.235,2015,-0.0159,1.6238
7347,15:13:11.236,2006,-0.0203,1.6166
7348,15:13:11.236,2015,-0.0159,1.6238
7349,15:13:11.237,2013,-0.0168,1.6222
7350,15:13:11.237,2018,-0.0144,1.6262
7351,15:13:11.238,2019,-0.0139,1.6270
7352,15:13:11.238,2022,-0.0125,1.6295
7353,15:13:11.239,2028,-0.0095,1.6343
7354,15:13:11.239,2034,-0.0066,1.6391
7355,15:13:11.240,2032,-0.0076,1.6375
7356,15:13:11.240,2029,-0.0090,1.6351
7357,15:13:11.241,2023,-0.0120,1.6303
7358,15:13:11.241,2024,-0.0115,1.6311
7359,15:13:11.242,2013,-0.0168,1.6222
7360,15:13:11.242,2013,-0.0168,1.6222
7361,15:13:11.243,2019,-0.0139,1.6270
7362,15:13:11.243,2016,-0.0154,1.6246
7363,15:13:11.244,2022,-0.0125,1.6295
7364,15:13:11.244,2024,-0.0115,1.6311
7365,15:13:11.245,2031,-0.0081,1.6367
7366,15:13:11.245,2033,-0.0071,1.6383
7367,15:13:11.246,2037,-0.0051,1.6415
7368,15:13:11.246,2028,-0.0095,1.6343
7369,15:13:11.247,2030,-0.0085,1.6359
7370,15:13:11.247,2029,-0.0090,1.6351
7371,15:13:11.248,2015,-0.0159,1.6238
7372,15:13:11.248,2015,-0.0159,1.6238
7373,15:13:11.249,2020,-0.0134,1.6278
7374,15:13:11.249,2023,-0.0120,1.6303
7375,15:13:11.250,2022,-0.0125,1.6295
7376,15:13:11.250,2025,-0.0110,1.6319
7377,15:13:11.251,2033,-0.0071,1.6383
7378,15:13:11.251,2035,-0.0061,1.6399
7379,15:13:11.252,2033,-0.0071,1.6383
7380,15:13:11.252,2029,-0.0090,1.6351
7381,15:13:11.253,2028,-0.0095,1.6343
7382,15:13:11.253,2025,-0.0110,1.6319
7383,15:13:11.254,2019,-0.0139,1.6270
7384,15:13:11.254,2013,-0.0168,1.6222
7385,15:13:11.255,2013,-0.0168,1.6222
7386,15:13:11.255,2014,-0.0164,1.6230
7387,15:13:11.256,2015,-0.0159,1.6238
7388,15:13:11.256,2016,-0.0154,1.6246
7389,15:13:11.257,2025,-0.0110,1.6319
7390,15:13:11.257,2036,-0.0056,1.6407
7391,15:13:11.258,2032,-0.0076,1.6375
7392,15:13:11.258,2030,-0.0085,1.6359
7393,15:13:11.259,2031,-0.0081,1.6367
7394,15:13:11.259,2024,-0.0115,1.6311
7395,15:13:11.260,2015,-0.0159,1.6238
7396,15:13:11.260,2010,-0.0183,1.6198
7397,15:13:11.261,2012,-0.0173,1.6214
7398,15:13:11.261,2016,-0.0154,1.6246
7399,15:13:11.262,2012,-0.0173,1.6214
7400,15:13:11.262,2014,-0.0164,1.6230
7401,15:13:11.263,2020,-0.0134,1.6278
7402,15:13:11.263,2031,-0.0081,1.6367
7403,15:13:11.264,2030,-0.0085,1.6359
7404,15:13:11.264,2032,-0.0076,1.6375
7405,15:13:11.265,2032,-0.0076,1.6375
7406,15:13:11.265,2025,-0.0110,1.6319
7407,15:13:11.266,2021,-0.0129,1.6286
7408,15:13:11.266,2011,-0.0178,1.6206
7409,15:13:11.267,2015,-0.0159,1.6238
7410,15:13:11.267,2013,-0.0168,1.6222
7411,15:13:11.268,2019,-0.0139,1.6270
7412,15:13:11.268,2018,-0.0144,1.6262
7413,15:13:11.269,2025,-0.0110,1.6319
7414,15:13:11.269,2027,-0.0100,1.6335
7415,15:13:11.270,2035,-0.0061,1.6399
7416,15:13:11.270,2034,-0.0066,1.6391
7417,15:13:11.271,2034,-0.0066,1.6391
7418,15:13:11.271,2032,-0.0076,1.6375
7419,15:13:11.272,2023,-0.0120,1.6303
7420,15:13:11.272,2016,-0.0154,1.6246
7421,15:13:11.273,2017,-0.0149,1.6254
7422,15:13:11.273,2017,-0.0149,1.6254
7423,15:13:11.274,2017,-0.0149,1.6254
7424,15:13:11.274,2021,-0.0129,1.6286
7425,15:13:11.275,2021,-0.0129,1.6286
7426,15:13:11.275,2030,-0.0085,1.6359
7427,15:13:11.276,2039,-0.0042,1.6432
7428,15:13:11.276,2033,-0.0071,1.6383
7429,15:13:11.277,2033,-0.0071,1.6383
7430,15:13:11.277,2030,-0.0085,1.6359
7431,15:13:11.278,2026,-0.0105,1.6327
7432,15:13:11.278,2019,-0.0139,1.6270
7433,15:13:11.279,2014,-0.0164,1.6230
7434,15:13:11.279,2011,-0.0178,1.6206
7435,15:13:11.280,2018,-0.0144,1.6262
7436,15:13:11.280,2016,-0.0154,1.6246
7437,15:13:11.281,2022,-0.0125,1.6295
7438,15:13:11.281,2026,-0.0105,1.6327
7439,15:13:11.282,2034,-0.0066,1.6391
7440,15:13:11.282,2035,-0.0061,1.6399
7441,15:13:11.283,2032,-0.0076,1.6375
7442,15:13:11.283,2029,-0.0090,1.6351
7443,15:13:11.284,2022,-0.0125,1.6295
7444,15:13:11.284,2020,-0.0134,1.6278
7445,15:13:11.285,2013,-0.0168,1.6222
7446,15:13:11.285,2014,-0.0164,1.6230
7447,15:13:11.286,2020,-0.0134,1.6278
7448,15:13:11.286,2014,-0.0164,1.6230
7449,15:13:11.287,2016,-0.0154,1.6246
7450,15:13:11.287,2022,-0.0125,1.6295
7451,15:13:11.288,2028,-0.0095,1.6343
7452,15:13:11.288,2032,-0.0076,1.6375
7453,15:13:11.289,2030,-0.0085,1.6359
7454,15:13:11.289,2029,-0.0090,1.6351
7455,15:13:11.290,2024,-0.0115,1.6311
7456,15:13:11.290,2022,-0.0125,1.6295
7457,15:13:11.291,2006,-0.0203,1.6166
7458,15:13:11.291,2010,-0.0183,1.6198
7459,15:13:11.292,2018,-0.0144,1.6262
7460,15:13:11.292,2017,-0.0149,1.6254
7461,15:13:11.293,2017,-0.0149,1.6254
7462,15:13:11.293,2022,-0.0125,1.6295
7463,15:13:11.294,2032,-0.0076,1.6375
7464,15:13:11.294,2031,-0.0081,1.6367
7465,15:13:11.295,2030,-0.0085,1.6359
7466,15:13:11.295,2032,-0.0076,1.6375
7467,15:13:11.296,2028,-0.0095,1.6343
7468,15:13:11.296,2022,-0.0125,1.6295
7469,15:13:11.297,2016,-0.0154,1.6246
7470,15:13:11.297,2016,-0.0154,1.6246
7471,15:13:11.298,2016,-0.0154,1.6246
7472,15:13:11.298,2019,-0.0139,1.6270
7473,15:13:11.299,2018,-0.0144,1.6262
7474,15:13:11.299,2023,-0.0120,1.6303
7475,15:13:11.300,2027,-0.0100,1.6335
7476,15:13:11.300,2032,-0.0076,1.6375
7477,15:13:11.301,2034,-0.0066,1.6391
7478,15:13:11.301,2032,-0.0076,1.6375
7479,15:13:11.302,2026,-0.0105,1.6327
7480,15:13:11.302,2025,-0.0110,1.6319
7481,15:13:11.303,2019,-0.0139,1.6270
7482,15:13:11.303,2013,-0.0168,1.6222
7483,15:13:11.304,2016,-0.0154,1.6246
7484,15:13:11.304,2020,-0.0134,1.6278
7485,15:13:11.305,2018,-0.0144,1.6262
7486,15:13:11.305,2020,-0.0134,1.6278
7487,15:13:11.306,2028,-0.0095,1.6343
7488,15:13:11.306,2034,-0.0066,1.6391
7489,15:13:11.307,2031,-0.0081,1.6367
7490,15:13:11.307,2030,-0.0085,1.6359
7491,15:13:11.308,2029,-0.0090,1.6351
7492,15:13:11.308,2027,-0.0100,1.6335
7493,15:13:11.309,2021,-0.0129,1.6286
7494,15:13:11.309,2013,-0.0168,1.6222
7495,15:13:11.310,2013,-0.0168,1.6222
7496,15:13:11.310,2015,-0.0159,1.6238
7497,15:13:11.311,2016,-0.0154,1.6246
7498,15:13:11.311,2015,-0.0159,1.6238
7499,15:13:11.312,2023,-0.0120,1.6303
7500,15:13:11.312,2027,-0.0100,1.6335
7501,15:13:11.313,2027,-0.0100,1.6335
7502,15:13:11.313,2027,-0.0100,1.6335
7503,15:13:11.314,2029,-0.0090,1.6351
7504,15:13:11.314,2029,-0.0090,1.6351
7505,15:13:11.315,2015,-0.0159,1.6238
7506,15:13:11.315,2014,-0.0164,1.6230
7507,15:13:11.316,2015,-0.0159,1.6238
7508,15:13:11.316,2014,-0.0164,1.6230
7509,15:13:11.317,2014,-0.0164,1.6230
7510,15:13:11.317,2020,-0.0134,1.6278
7511,15:13:11.318,2025,-0.0110,1.6319
7512,15:13:11.318,2030,-0.0085,1.6359
7513,15:13:11.319,2033,-0.0071,1.6383
7514,15:13:11.319,2034,-0.0066,1.6391
7515,15:13:11.320,2027,-0.0100,1.6335
7516,15:13:11.320,2031,-0.0081,1.6367
7517,15:13:11.321,2015,-0.0159,1.6238
7518,15:13:11.321,2014,-0.0164,1.6230
7519,15:13:11.322,2016,-0.0154,1.6246
7520,15:13:11.322,2014,-0.0164,1.6230
7521,15:13:11.323,2015,-0.0159,1.6238
7522,15:13:11.323,2016,-0.0154,1.6246
7523,15:13:11.324,2021,-0.0129,1.6286
7524,15:13:11.324,2031,-0.0081,1.6367
7525,15:13:11.325,2031,-0.0081,1.6367
7526,15:13:11.325,2032,-0.0076,1.6375
7527,15:13:11.326,2033,-0.0071,1.6383
7528,15:13:11.326,2028,-0.0095,1.6343
7529,15:13:11.327,2020,-0.0134,1.6278
7530,15:13:11.327,2018,-0.0144,1.6262
7531,15:13:11.328,2016,-0.0154,1.6246
7532,15:13:11.328,2014,-0.0164,1.6230
7533,15:13:11.329,2020,-0.0134,1.6278
7534,15:13:11.329,2020,-0.0134,1.6278
7535,15:13:11.330,2020,-0.0134,1.6278
7536,15:13:11.330,2027,-0.0100,1.6335
7537,15:13:11.331,2030,-0.0085,1.6359
7538,15:13:11.331,2033,-0.0071,1.6383
7539,15:13:11.332,2030,-0.0085,1.6359
7540,15:13:11.332,2034,-0.0066,1.6391
7541,15:13:11.333,2027,-0.0100,1.6335
7542,15:13:11.333,2019,-0.0139,1.6270
7543,15:13:11.334,2010,-0.0183,1.6198
7544,15:13:11.334,2017,-0.0149,1.6254
7545,15:13:11.335,2020,-0.0134,1.6278
7546,15:13:11.335,2014,-0.0164,1.6230
7547,15:13:11.336,2022,-0.0125,1.6295
7548,15:13:11.336,2023,-0.0120,1.6303
7549,15:13:11.337,2033,-0.0071,1.6383
7550,15:13:11.337,2034,-0.0066,1.6391
7551,15:13:11.338,2030,-0.0085,1.6359
7552,15:13:11.338,2033,-0.0071,1.6383
7553,15:13:11.339,2023,-0.0120,1.6303
7554,15:13:11.339,2017,-0.0149,1.6254
7555,15:13:11.340,2017,-0.0149,1.6254
7556,15:13:11.340,2013,-0.0168,1.6222
7557,15:13:11.341,2017,-0.0149,1.6254
7558,15:13:11.341,2015,-0.0159,1.6238
7559,15:13:11.342,2020,-0.0134,1.6278
7560,15:13:11.342,2022,-0.0125,1.6295
7561,15:13:11.343,2030,-0.0085,1.6359
7562,15:13:11.343,2029,-0.0090,1.6351
7563,15:13:11.344,2031,-0.0081,1.6367
7564,15:13:11.344,2031,-0.0081,1.6367
7565,15:13:11.345,2025,-0.0110,1.6319
7566,15:13:11.345,2022,-0.0125,1.6295
7567,15:13:11.346,2016,-0.0154,1.6246
7568,15:13:11.346,2013,-0.0168,1.6222
7569,15:13:11.347,2015,-0.0159,1.6238
7570,15:13:11.347,2015,-0.0159,1.6238
7571,15:13:11.348,2022,-0.0125,1.6295
7572,15:13:11.348,2023,-0.0120,1.6303
7573,15:13:11.349,2027,-0.0100,1.6335
7574,15:13:11.349,2034,-0.0066,1.6391
7575,15:13:11.350,2030,-0.0085,1.6359
7576,15:13:11.350,2035,-0.0061,1.6399
7577,15:13:11.351,2030,-0.0085,1.6359
7578,15:13:11.351,2019,-0.0139,1.6270
7579,15:13:11.352,2020,-0.0134,1.6278
7580,15:13:11.352,2017,-0.0149,1.6254
7581,15:13:11.353,2012,-0.0173,1.6214
7582,15:13:11.353,2013,-0.0168,1.6222
7583,15:13:11.354,2017,-0.0149,1.6254
7584,15:13:11.354,2023,-0.0120,1.6303
7585,15:13:11.355,2026,-0.0105,1.6327
7586,15:13:11.355,2030,-0.0085,1.6359
7587,15:13:11.356,2026,-0.0105,1.6327
7588,15:13:11.356,2032,-0.0076,1.6375
7589,15:13:11.357,2034,-0.0066,1.6391
7590,15:13:11.357,2022,-0.0125,1.6295
7591,15:13:11.358,2013,-0.0168,1.6222
7592,15:13:11.358,2015,-0.0159,1.6238
7593,15:13:11.359,2011,-0.0178,1.6206
7594,15:13:11.359,2012,-0.0173,1.6214
7595,15:13:11.360,2016,-0.0154,1.6246
7596,15:13:11.360,2021,-0.0129,1.6286
7597,15:13:11.361,2028,-0.0095,1.6343
7598,15:13:11.361,2029,-0.0090,1.6351
7599,15:13:11.362,2028,-0.0095,1.6343
7600,15:13:11.362,2031,-0.0081,1.6367
7601,15:13:11.363,2027,-0.0100,1.6335
7602,15:13:11.363,2027,-0.0100,1.6335
7603,15:13:11.364,2020,-0.0134,1.6278
7604,15:13:11.364,2015,-0.0159,1.6238
7605,15:13:11.365,2014,-0.0164,1.6230
7606,15:13:11.365,2016,-0.0154,1.6246
7607,15:13:11.366,2014,-0.0164,1.6230
7608,15:13:11.366,2020,-0.0134,1.6278
7609,15:13:11.367,2025,-0.0110,1.6319
7610,15:13:11.367,2036,-0.0056,1.6407
7611,15:13:11.368,2032,-0.0076,1.6375
7612,15:13:11.368,2027,-0.0100,1.6335
7613,15:13:11.369,2033,-0.0071,1.6383
7614,15:13:11.369,2027,-0.0100,1.6335
7615,15:13:11.370,2020,-0.0134,1.6278
7616,15:13:11.370,2018,-0.0144,1.6262
7617,15:13:11.371,2018,-0.0144,1.6262
7618,15:13:11.371,2022,-0.0125,1.6295
7619,15:13:11.372,2016,-0.0154,1.6246
7620,15:13:11.372,2021,-0.0129,1.6286
7621,15:13:11.373,2024,-0.0115,1.6311
7622,15:13:11.373,2028,-0.0095,1.6343
7623,15:13:11.374,2029,-0.0090,1.6351
7624,15:13:11.374,2030,-0.0085,1.6359
7625,15:13:11.375,2030,-0.0085,1.6359
7626,15:13:11.375,2028,-0.0095,1.6343
7627,15:13:11.376,2023,-0.0120,1.6303
7628,15:13:11.376,2017,-0.0149,1.6254
7629,15:13:11.377,2016,-0.0154,1.6246
7630,15:13:11.377,2017,-0.0149,1.6254
7631,15:13:11.378,2017,-0.0149,1.6254
7632,15:13:11.378,2020,-0.0134,1.6278
7633,15:13:11.379,2025,-0.0110,1.6319
7634,15:13:11.379,2027,-0.0100,1.6335
7635,15:13:11.380,2027,-0.0100,1.6335
7636,15:13:11.380,2032,-0.0076,1.6375
7637,15:13:11.381,2035,-0.0061,1.6399
7638,15:13:11.381,2027,-0.0100,1.6335
7639,15:13:11.382,2022,-0.0125,1.6295
7640,15:13:11.382,2018,-0.0144,1.6262
7641,15:13:11.383,2011,-0.0178,1.6206
7642,15:13:11.383,2015,-0.0159,1.6238
7643,15:13:11.384,2018,-0.0144,1.6262
7644,15:13:11.384,2014,-0.0164,1.6230
7645,15:13:11.385,2021,-0.0129,1.6286
7646,15:13:11.385,2024,-0.0115,1.6311
7647,15:13:11.386,2031,-0.0081,1.6367
7648,15:13:11.386,2029,-0.0090,1.6351
7649,15:13:11.387,2031,-0.0081,1.6367
7650,15:13:11.387,2027,-0.0100,1.6335
7651,15:13:11.388,2025,-0.0110,1.6319
7652,15:13:11.388,2019,-0.0139,1.6270
7653,15:13:11.389,2014,-0.0164,1.6230
7654,15:13:11.389,2014,-0.0164,1.6230
7655,15:13:11.390,2017,-0.0149,1.6254
7656,15:13:11.390,2017,-0.0149,1.6254
7657,15:13:11.391,2022,-0.0125,1.6295
7658,15:13:11.391,2025,-0.0110,1.6319
7659,15:13:11.392,2030,-0.0085,1.6359
7660,15:13:11.392,2034,-0.0066,1.6391
7661,15:13:11.393,2030,-0.0085,1.6359
7662,15:13:11.393,2032,-0.0076,1.6375
7663,15:13:11.394,2026,-0.0105,1.6327
7664,15:13:11.394,2021,-0.0129,1.6286
7665,15:13:11.395,2018,-0.0144,1.6262
7666,15:13:11.395,2016,-0.0154,1.6246
7667,15:13:11.396,2017,-0.0149,1.6254
7668,15:13:11.396,2015,-0.0159,1.6238
7669,15:13:11.397,2020,-0.0134,1.6278
7670,15:13:11.397,2022,-0.0125,1.6295
7671,15:13:11.398,2029,-0.0090,1.6351
7672,15:13:11.398,2033,-0.0071,1.6383
7673,15:13:11.399,2033,-0.0071,1.6383
7674,15:13:11.399,2031,-0.0081,1.6367
7675,15:13:11.400,2028,-0.0095,1.6343
7676,15:13:11.400,2024,-0.0115,1.6311
7677,15:13:11.401,2018,-0.0144,1.6262
7678,15:13:11.401,2015,-0.0159,1.6238
7679,15:13:11.402,2014,-0.0164,1.6230
7680,15:13:11.402,2014,-0.0164,1.6230
7681,15:13:11.403,2019,-0.0139,1.6270
7682,15:13:11.403,2023,-0.0120,1.6303
7683,15:13:11.404,2027,-0.0100,1.6335
7684,15:13:11.404,2028,-0.0095,1.6343
7685,15:13:11.405,2032,-0.0076,1.6375
7686,15:13:11.405,2030,-0.0085,1.6359
7687,15:13:11.406,2029,-0.0090,1.6351
7688,15:13:11.406,2025,-0.0110,1.6319
7689,15:13:11.407,2014,-0.0164,1.6230
7690,15:13:11.407,2016,-0.0154,1.6246
7691,15:13:11.408,2016,-0.0154,1.6246
7692,15:13:11.408,2015,-0.0159,1.6238
7693,15:13:11.409,2019,-0.0139,1.6270
7694,15:13:11.409,2020,-0.0134,1.6278
7695,15:13:11.410,2029,-0.0090,1.6351
7696,15:13:11.410,2028,-0.0095,1.6343
7697,15:13:11.411,2030,-0.0085,1.6359
7698,15:13:11.411,2031,-0.0081,1.6367
7699,15:13:11.412,2028,-0.0095,1.6343
7700,15:13:11.412,2024,-0.0115,1.6311
7701,15:13:11.413,2020,-0.0134,1.6278
7702,15:13:11.413,2015,-0.0159,1.6238
7703,15:13:11.414,2018,-0.0144,1.6262
7704,15:13:11.414,2016,-0.0154,1.6246
7705,15:13:11.415,2019,-0.0139,1.6270
7706,15:13:11.415,2018,-0.0144,1.6262
7707,15:13:11.416,2023,-0.0120,1.6303
7708,15:13:11.416,2030,-0.0085,1.6359
7709,15:13:11.417,2031,-0.0081,1.6367
7710,15:13:11.417,2031,-0.0081,1.6367
7711,15:13:11.418,2029,-0.0090,1.6351
7712,15:13:11.418,2028,-0.0095,1.6343
7713,15:13:11.419,2017,-0.0149,1.6254
7714,15:13:11.419,2019,-0.0139,1.6270
7715,15:13:11.420,2020,-0.0134,1.6278
7716,15:13:11.420,2017,-0.0149,1.6254
7717,15:13:11.421,2018,-0.0144,1.6262
7718,15:13:11.421,2020,-0.0134,1.6278
7719,15:13:11.422,2028,-0.0095,1.6343
7720,15:13:11.422,2033,-0.0071,1.6383
7721,15:13:11.423,2031,-0.0081,1.6367
7722,15:13:11.423,2029,-0.0090,1.6351
7723,15:13:11.424,2035,-0.0061,1.6399
7724,15:13:11.424,2029,-0.0090,1.6351
7725,15:13:11.425,2022,-0.0125,1.6295
7726,15:13:11.425,2015,-0.0159,1.6238
7727,15:13:11.426,2017,-0.0149,1.6254
7728,15:13:11.426,2015,-0.0159,1.6238
7729,15:13:11.427,2013,-0.0168,1.6222
7730,15:13:11.427,2013,-0.0168,1.6222
7731,15:13:11.428,2024,-0.0115,1.6311
7732,15:13:11.428,2028,-0.0095,1.6343
7733,15:13:11.429,2030,-0.0085,1.6359
7734,15:13:11.429,2026,-0.0105,1.6327
7735,15:13:11.430,2032,-0.0076,1.6375
7736,15:13:11.430,2029,-0.0090,1.6351
7737,15:13:11.431,2026,-0.0105,1.6327
7738,15:13:11.431,2017,-0.0149,1.6254
7739,15:13:11.432,2016,-0.0154,1.6246
7740,15:13:11.432,2019,-0.0139,1.6270
7741,15:13:11.433,2018,-0.0144,1.6262
7742,15:13:11.433,2016,-0.0154,1.6246
7743,15:13:11.434,2019,-0.0139,1.6270
7744,15:13:11.434,2027,-0.0100,1.6335
7745,15:13:11.435,2027,-0.0100,1.6335
7746,15:13:11.435,2030,-0.0085,1.6359
7747,15:13:11.436,2036,-0.0056,1.6407
7748,15:13:11.436,2031,-0.0081,1.6367
7749,15:13:11.437,2027,-0.0100,1.6335
7750,15:13:11.437,2018,-0.0144,1.6262
7751,15:13:11.438,2017,-0.0149,1.6254
7752,15:13:11.438,2021,-0.0129,1.6286
7753,15:13:11.439,2020,-0.0134,1.6278
7754,15:13:11.439,2014,-0.0164,1.6230
7755,15:13:11.440,2021,-0.0129,1.6286
7756,15:13:11.440,2027,-0.0100,1.6335
7757,15:13:11.441,2030,-0.0085,1.6359
7758,15:13:11.441,2029,-0.0090,1.6351
7759,15:13:11.442,2028,-0.0095,1.6343
7760,15:13:11.442,2031,-0.0081,1.6367
7761,15:13:11.443,2025,-0.0110,1.6319
7762,15:13:11.443,2020,-0.0134,1.6278
7763,15:13:11.444,2016,-0.0154,1.6246
7764,15:13:11.444,2017,-0.0149,1.6254
7765,15:13:11.445,2013,-0.0168,1.6222
7766,15:13:11.445,2019,-0.0139,1.6270
7767,15:13:11.446,2017,-0.0149,1.6254
7768,15:13:11.446,2025,-0.0110,1.6319
7769,15:13:11.447,2027,-0.0100,1.6335
7770,15:13:11.447,2031,-0.0081,1.6367
7771,15:13:11.448,2025,-0.0110,1.6319
7772,15:13:11.448,2030,-0.0085,1.6359
7773,15:13:11.449,2023,-0.0120,1.6303
7774,15:13:11.449,2019,-0.0139,1.6270
7775,15:13:11.450,2014,-0.0164,1.6230
7776,15:13:11.450,2015,-0.0159,1.6238
7777,15:13:11.451,2016,-0.0154,1.6246
7778,15:13:11.451,2014,-0.0164,1.6230
7779,15:13:11.452,2021,-0.0129,1.6286
7780,15:13:11.452,2021,-0.0129,1.6286
7781,15:13:11.453,2023,-0.0120,1.6303
7782,15:13:11.453,2032,-0.0076,1.6375
7783,15:13:11.454,2025,-0.0110,1.6319
7784,15:13:11.454,2033,-0.0071,1.6383
7785,15:13:11.455,2026,-0.0105,1.6327
7786,15:13:11.455,2021,-0.0129,1.6286
7787,15:13:11.456,2014,-0.0164,1.6230
7788,15:13:11.456,2018,-0.0144,1.6262
7789,15:13:11.457,2019,-0.0139,1.6270
7790,15:13:11.457,2019,-0.0139,1.6270
7791,15:13:11.458,2016,-0.0154,1.6246
7792,15:13:11.458,2023,-0.0120,1.6303
7793,15:13:11.459,2029,-0.0090,1.6351
7794,15:13:11.459,2032,-0.0076,1.6375
7795,15:13:11.460,2033,-0.0071,1.6383
7796,15:13:11.460,2029,-0.0090,1.6351
7797,15:13:11.461,2030,-0.0085,1.6359
7798,15:13:11.461,2027,-0.0100,1.6335
7799,15:13:11.462,2016,-0.0154,1.6246
7800,15:13:11.462,2018,-0.0144,1.6262
7801,15:13:11.463,2023,-0.0120,1.6303
7802,15:13:11.463,2011,-0.0178,1.6206
7803,15:13:11.464,2016,-0.0154,1.6246
7804,15:13:11.464,2023,-0.0120,1.6303
7805,15:13:11.465,2023,-0.0120,1.6303
7806,15:13:11.465,2030,-0.0085,1.6359
7807,15:13:11.466,2032,-0.0076,1.6375
7808,15:13:11.466,2026,-0.0105,1.6327
7809,15:13:11.467,2028,-0.0095,1.6343
7810,15:13:11.467,2023,-0.0120,1.6303
7811,15:13:11.468,2019,-0.0139,1.6270
7812,15:13:11.468,2011,-0.0178,1.6206
7813,15:13:11.469,2009,-0.0188,1.6190
7814,15:13:11.469,2022,-0.0125,1.6295
7815,15:13:11.470,2015,-0.0159,1.6238
7816,15:13:11.470,2017,-0.0149,1.6254
7817,15:13:11.471,2023,-0.0120,1.6303
7818,15:13:11.471,2025,-0.0110,1.6319
7819,15:13:11.472,2029,-0.0090,1.6351
7820,15:13:11.472,2027,-0.0100,1.6335
7821,15:13:11.473,2027,-0.0100,1.6335
7822,15:13:11.473,2023,-0.0120,1.6303
7823,15:13:11.474,2019,-0.0139,1.6270
7824,15:13:11.474,2018,-0.0144,1.6262
7825,15:13:11.475,2014,-0.0164,1.6230
7826,15:13:11.475,2018,-0.0144,1.6262
7827,15:13:11.476,2016,-0.0154,1.6246
7828,15:13:11.476,2018,-0.0144,1.6262
7829,15:13:11.477,2024,-0.0115,1.6311
7830,15:13:11.477,2028,-0.0095,1.6343
7831,15:13:11.478,2027,-0.0100,1.6335
7832,15:13:11.478,2030,-0.0085,1.6359
7833,15:13:11.479,2029,-0.0090,1.6351
7834,15:13:11.479,2025,-0.0110,1.6319
7835,15:13:11.480,2019,-0.0139,1.6270
7836,15:13:11.480,2014,-0.0164,1.6230
7837,15:13:11.481,2016,-0.0154,1.6246
7838,15:13:11.481,2017,-0.0149,1.6254
7839,15:13:11.482,2020,-0.0134,1.6278
7840,15:13:11.482,2020,-0.0134,1.6278
7841,15:13:11.483,2022,-0.0125,1.6295
7842,15:13:11.483,2027,-0.0100,1.6335
7843,15:13:11.484,2031,-0.0081,1.6367
7844,15:13:11.484,2033,-0.0071,1.6383
7845,15:13:11.485,2033,-0.0071,1.6383
7846,15:13:11.485,2030,-0.0085,1.6359
7847,15:13:11.486,2023,-0.0120,1.6303
7848,15:13:11.486,2019,-0.0139,1.6270
7849,15:13:11.487,2016,-0.0154,1.6246
7850,15:13:11.487,2017,-0.0149,1.6254
7851,15:13:11.488,2016,-0.0154,1.6246
7852,15:13:11.488,2020,-0.0134,1.6278
7853,15:13:11.489,2022,-0.0125,1.6295
7854,15:13:11.489,2026,-0.0105,1.6327
7855,15:13:11.490,2029,-0.0090,1.6351
7856,15:13:11.490,2030,-0.0085,1.6359
7857,15:13:11.491,2031,-0.0081,1.6367
7858,15:13:11.491,2029,-0.0090,1.6351
7859,15:13:11.492,2023,-0.0120,1.6303
7860,15:13:11.492,2023,-0.0120,1.6303
7861,15:13:11.493,2019,-0.0139,1.6270
7862,15:13:11.493,2022,-0.0125,1.6295
7863,15:13:11.494,2016,-0.0154,1.6246
7864,15:13:11.494,2019,-0.0139,1.6270
7865,15:13:11.495,2020,-0.0134,1.6278
7866,15:13:11.495,2023,-0.0120,1.6303
7867,15:13:11.496,2025,-0.0110,1.6319
7868,15:13:11.496,2023,-0.0120,1.6303
7869,15:13:11.497,2030,-0.0085,1.6359
7870,15:13:11.497,2027,-0.0100,1.6335
7871,15:13:11.498,2025,-0.0110,1.6319
7872,15:13:11.498,2020,-0.0134,1.6278
7873,15:13:11.499,2015,-0.0159,1.6238
7874,15:13:11.499,2016,-0.0154,1.6246
7875,15:13:11.500,2018,-0.0144,1.6262
7876,15:13:11.500,2014,-0.0164,1.6230
7877,15:13:11.501,2014,-0.0164,1.6230
7878,15:13:11.501,2023,-0.0120,1.6303
7879,15:13:11.502,2027,-0.0100,1.6335
7880,15:13:11.502,2030,-0.0085,1.6359
7881,15:13:11.503,2031,-0.0081,1.6367
7882,15:13:11.503,2030,-0.0085,1.6359
7883,15:13:11.504,2027,-0.0100,1.6335
7884,15:13:11.504,2021,-0.0129,1.6286
7885,15:13:11.505,2016,-0.0154,1.6246
7886,15:13:11.505,2018,-0.0144,1.6262
7887,15:13:11.506,2014,-0.0164,1.6230
7888,15:13:11.506,2017,-0.0149,1.6254
7889,15:13:11.507,2016,-0.0154,1.6246
7890,15:13:11.507,2024,-0.0115,1.6311
7891,15:13:11.508,2028,-0.0095,1.6343
7892,15:13:11.508,2029,-0.0090,1.6351
7893,15:13:11.509,2030,-0.0085,1.6359
7894,15:13:11.509,2030,-0.0085,1.6359
7895,15:13:11.510,2034,-0.0066,1.6391
7896,15:13:11.510,2023,-0.0120,1.6303
7897,15:13:11.511,2014,-0.0164,1.6230
7898,15:13:11.511,2018,-0.0144,1.6262
7899,15:13:11.512,2017,-0.0149,1.6254
7900,15:13:11.512,2020,-0.0134,1.6278
7901,15:13:11.513,2021,-0.0129,1.6286
7902,15:13:11.513,2022,-0.0125,1.6295
7903,15:13:11.514,2033,-0.0071,1.6383
7904,15:13:11.514,2030,-0.0085,1.6359
7905,15:13:11.515,2030,-0.0085,1.6359
7906,15:13:11.515,2025,-0.0110,1.6319
7907,15:13:11.516,2031,-0.0081,1.6367
7908,15:13:11.516,2026,-0.0105,1.6327
7909,15:13:11.517,2021,-0.0129,1.6286
7910,15:13:11.517,2015,-0.0159,1.6238
7911,15:13:11.518,2017,-0.0149,1.6254
7912,15:13:11.518,2017,-0.0149,1.6254
7913,15:13:11.519,2017,-0.0149,1.6254
7914,15:13:11.519,2021,-0.0129,1.6286
7915,15:13:11.520,2028,-0.0095,1.6343
7916,15:13:11.520,2031,-0.0081,1.6367
7917,15:13:11.521,2027,-0.0100,1.6335
7918,15:13:11.521,2029,-0.0090,1.6351
7919,15:13:11.522,2024,-0.0115,1.6311
7920,15:13:11.522,2022,-0.0125,1.6295
7921,15:13:11.523,2021,-0.0129,1.6286
7922,15:13:11.523,2013,-0.0168,1.6222
7923,15:13:11.524,2015,-0.0159,1.6238
7924,15:13:11.524,2013,-0.0168,1.6222
7925,15:13:11.525,2014,-0.0164,1.6230
7926,15:13:11.525,2019,-0.0139,1.6270
7927,15:13:11.526,2022,-0.0125,1.6295
7928,15:13:11.526,2027,-0.0100,1.6335
7929,15:13:11.527,2026,-0.0105,1.6327
7930,15:13:11.527,2027,-0.0100,1.6335
7931,15:13:11.528,2026,-0.0105,1.6327
7932,15:13:11.528,2021,-0.0129,1.6286
7933,15:13:11.529,2020,-0.0134,1.6278
7934,15:13:11.529,2015,-0.0159,1.6238
7935,15:13:11.530,2013,-0.0168,1.6222
7936,15:13:11.530,2015,-0.0159,1.6238
7937,15:13:11.531,2014,-0.0164,1.6230
7938,15:13:11.531,2020,-0.0134,1.6278
7939,15:13:11.532,2024,-0.0115,1.6311
7940,15:13:11.532,2027,-0.0100,1.6335
7941,15:13:11.533,2029,-0.0090,1.6351
7942,15:13:11.533,2028,-0.0095,1.6343
7943,15:13:11.534,2027,-0.0100,1.6335
7944,15:13:11.534,2031,-0.0081,1.6367
7945,15:13:11.535,2023,-0.0120,1.6303
7946,15:13:11.535,2021,-0.0129,1.6286
7947,15:13:11.536,2019,-0.0139,1.6270
7948,15:13:11.536,2022,-0.0125,1.6295
7949,15:13:11.537,2022,-0.0125,1.6295
7950,15:13:11.537,2021,-0.0129,1.6286
7951,15:13:11.538,2027,-0.0100,1.6335
7952,15:13:11.538,2027,-0.0100,1.6335
7953,15:13:11.539,2036,-0.0056,1.6407
7954,15:13:11.539,2028,-0.0095,1.6343
7955,15:13:11.540,2033,-0.0071,1.6383
7956,15:13:11.540,2027,-0.0100,1.6335
7957,15:13:11.541,2026,-0.0105,1.6327
7958,15:13:11.541,2020,-0.0134,1.6278
7959,15:13:11.542,2019,-0.0139,1.6270
7960,15:13:11.542,2013,-0.0168,1.6222
7961,15:13:11.543,2018,-0.0144,1.6262
7962,15:13:11.543,2019,-0.0139,1.6270
7963,15:13:11.544,2022,-0.0125,1.6295
7964,15:13:11.544,2026,-0.0105,1.6327
7965,15:13:11.545,2031,-0.0081,1.6367
7966,15:13:11.545,2027,-0.0100,1.6335
7967,15:13:11.546,2026,-0.0105,1.6327
7968,15:13:11.546,2029,-0.0090,1.6351
7969,15:13:11.547,2027,-0.0100,1.6335
7970,15:13:11.547,2016,-0.0154,1.6246
7971,15:13:11.548,2016,-0.0154,1.6246
7972,15:13:11.548,2015,-0.0159,1.6238
7973,15:13:11.549,2018,-0.0144,1.6262
7974,15:13:11.549,2015,-0.0159,1.6238
7975,15:13:11.550,2022,-0.0125,1.6295
7976,15:13:11.550,2020,-0.0134,1.6278
7977,15:13:11.551,2029,-0.0090,1.6351
7978,15:13:11.551,2029,-0.0090,1.6351
7979,15:13:11.552,2025,-0.0110,1.6319
7980,15:13:11.552,2026,-0.0105,1.6327
7981,15:13:11.553,2025,-0.0110,1.6319
7982,15:13:11.553,2020,-0.0134,1.6278
7983,15:13:11.554,2015,-0.0159,1.6238
7984,15:13:11.554,2016,-0.0154,1.6246
7985,15:13:11.555,2015,-0.0159,1.6238
7986,15:13:11.555,2018,-0.0144,1.6262
7987,15:13:11.556,2016,-0.0154,1.6246
7988,15:13:11.556,2022,-0.0125,1.6295
7989,15:13:11.557,2027,-0.0100,1.6335
7990,15:13:11.557,2030,-0.0085,1.6359
7991,15:13:11.558,2028,-0.0095,1.6343
7992,15:13:11.558,2030,-0.0085,1.6359
7993,15:13:11.559,2027,-0.0100,1.6335
7994,15:13:11.559,2021,-0.0129,1.6286
7995,15:13:11.560,2019,-0.0139,1.6270
7996,15:13:11.560,2020,-0.0134,1.6278
7997,15:13:11.561,2019,-0.0139,1.6270
7998,15:13:11.561,2017,-0.0149,1.6254
7999,15:13:11.562,2019,-0.0139,1.6270
8000,15:13:11.562,2026,-0.0105,1.6327
8001,15:13:11.563,2031,-0.0081,1.6367
8002,15:13:11.563,2028,-0.0095,1.6343
8003,15:13:11.564,2027,-0.0100,1.6335
8004,15:13:11.564,2026,-0.0105,1.6327
8005,15:13:11.565,2024,-0.0115,1.6311
8006,15:13:11.565,2025,-0.0110,1.6319
8007,15:13:11.566,2021,-0.0129,1.6286
8008,15:13:11.566,2020,-0.0134,1.6278
8009,15:13:11.567,2017,-0.0149,1.6254
8010,15:13:11.567,2018,-0.0144,1.6262
8011,15:13:11.568,2019,-0.0139,1.6270
8012,15:13:11.568,2021,-0.0129,1.6286
8013,15:13:11.569,2026,-0.0105,1.6327
8014,15:13:11.569,2032,-0.0076,1.6375
8015,15:13:11.570,2026,-0.0105,1.6327
8016,15:13:11.570,2029,-0.0090,1.6351
8017,15:13:11.571,2030,-0.0085,1.6359
8018,15:13:11.571,2022,-0.0125,1.6295
8019,15:13:11.572,2016,-0.0154,1.6246
8020,15:13:11.572,2018,-0.0144,1.6262
8021,15:13:11.573,2017,-0.0149,1.6254
8022,15:13:11.573,2020,-0.0134,1.6278
8023,15:13:11.574,2017,-0.0149,1.6254
8024,15:13:11.574,2020,-0.0134,1.6278
8025,15:13:11.575,2026,-0.0105,1.6327
8026,15:13:11.575,2029,-0.0090,1.6351
8027,15:13:11.576,2030,-0.0085,1.6359
8028,15:13:11.576,2029,-0.0090,1.6351
8029,15:13:11.577,2027,-0.0100,1.6335
8030,15:13:11.577,2029,-0.0090,1.6351
8031,15:13:11.578,2018,-0.0144,1.6262
8032,15:13:11.578,2013,-0.0168,1.6222
8033,15:13:11.579,2015,-0.0159,1.6238
8034,15:13:11.579,2014,-0.0164,1.6230
8035,15:13:11.580,2018,-0.0144,1.6262
8036,15:13:11.580,2019,-0.0139,1.6270
8037,15:13:11.581,2025,-0.0110,1.6319
8038,15:13:11.581,2026,-0.0105,1.6327
8039,15:13:11.582,2029,-0.0090,1.6351
8040,15:13:11.582,2027,-0.0100,1.6335
8041,15:13:11.583,2031,-0.0081,1.6367
8042,15:13:11.583,2025,-0.0110,1.6319
8043,15:13:11.584,2022,-0.0125,1.6295
8044,15:13:11.584,2015,-0.0159,1.6238
8045,15:13:11.585,2017,-0.0149,1.6254
8046,15:13:11.585,2018,-0.0144,1.6262
8047,15:13:11.586,2017,-0.0149,1.6254
8048,15:13:11.586,2023,-0.0120,1.6303
8049,15:13:11.587,2027,-0.0100,1.6335
8050,15:13:11.587,2027,-0.0100,1.6335
8051,15:13:11.588,2030,-0.0085,1.6359
8052,15:13:11.588,2032,-0.0076,1.6375
8053,15:13:11.589,2030,-0.0085,1.6359
8054,15:13:11.589,2028,-0.0095,1.6343
8055,15:13:11.590,2024,-0.0115,1.6311
8056,15:13:11.590,2023,-0.0120,1.6303
8057,15:13:11.591,2019,-0.0139,1.6270
8058,15:13:11.591,2022,-0.0125,1.6295
8059,15:13:11.592,2018,-0.0144,1.6262
8060,15:13:11.592,2020,-0.0134,1.6278
8061,15:13:11.593,2022,-0.0125,1.6295
8062,15:13:11.593,2031,-0.0081,1.6367
8063,15:13:11.594,2027,-0.0100,1.6335
8064,15:13:11.594,2028,-0.0095,1.6343
8065,15:13:11.595,2028,-0.0095,1.6343
8066,15:13:11.595,2026,-0.0105,1.6327
8067,15:13:11.596,2024,-0.0115,1.6311
8068,15:13:11.596,2022,-0.0125,1.6295
8069,15:13:11.597,2020,-0.0134,1.6278
8070,15:13:11.597,2016,-0.0154,1.6246
8071,15:13:11.598,2013,-0.0168,1.6222
8072,15:13:11.598,2021,-0.0129,1.6286
8073,15:13:11.599,2019,-0.0139,1.6270
8074,15:13:11.599,2025,-0.0110,1.6319
8075,15:13:11.600,2032,-0.0076,1.6375
8076,15:13:11.600,2028,-0.0095,1.6343
8077,15:13:11.601,2029,-0.0090,1.6351
8078,15:13:11.601,2028,-0.0095,1.6343
8079,15:13:11.602,2025,-0.0110,1.6319
8080,15:13:11.602,2021,-0.0129,1.6286
8081,15:13:11.603,2017,-0.0149,1.6254
8082,15:13:11.603,2017,-0.0149,1.6254
8083,15:13:11.604,2019,-0.0139,1.6270
8084,15:13:11.604,2017,-0.0149,1.6254
8085,15:13:11.605,2019,-0.0139,1.6270
8086,15:13:11.605,2024,-0.0115,1.6311
8087,15:13:11.606,2026,-0.0105,1.6327
8088,15:13:11.606,2030,-0.0085,1.6359
8089,15:13:11.607,2026,-0.0105,1.6327
8090,15:13:11.607,2032,-0.0076,1.6375
8091,15:13:11.608,2023,-0.0120,1.6303
8092,15:13:11.608,2020,-0.0134,1.6278
8093,15:13:11.609,2019,-0.0139,1.6270
8094,15:13:11.609,2015,-0.0159,1.6238
8095,15:13:11.610,2017,-0.0149,1.6254
8096,15:13:11.610,2018,-0.0144,1.6262
8097,15:13:11.611,2016,-0.0154,1.6246
8098,15:13:11.611,2026,-0.0105,1.6327
8099,15:13:11.612,2026,-0.0105,1.6327
8100,15:13:11.612,2030,-0.0085,1.6359
8101,15:13:11.613,2027,-0.0100,1.6335
8102,15:13:11.613,2028,-0.0095,1.6343
8103,15:13:11.614,2027,-0.0100,1.6335
8104,15:13:11.614,2024,-0.0115,1.6311
8105,15:13:11.615,2019,-0.0139,1.6270
8106,15:13:11.615,2021,-0.0129,1.6286
8107,15:13:11.616,2018,-0.0144,1.6262
8108,15:13:11.616,2018,-0.0144,1.6262
8109,15:13:11.617,2017,-0.0149,1.6254
8110,15:13:11.617,2021,-0.0129,1.6286
8111,15:13:11.618,2025,-0.0110,1.6319
8112,15:13:11.618,2032,-0.0076,1.6375
8113,15:13:11.619,2028,-0.0095,1.6343
8114,15:13:11.619,2026,-0.0105,1.6327
8115,15:13:11.620,2027,-0.0100,1.6335
8116,15:13:11.620,2025,-0.0110,1.6319
8117,15:13:11.621,2018,-0.0144,1.6262
8118,15:13:11.621,2017,-0.0149,1.6254
8119,15:13:11.622,2015,-0.0159,1.6238
8120,15:13:11.622,2016,-0.0154,1.6246
8121,15:13:11.623,2017,-0.0149,1.6254
8122,15:13:11.623,2023,-0.0120,1.6303
8123,15:13:11.624,2026,-0.0105,1.6327
8124,15:13:11.624,2030,-0.0085,1.6359
8125,15:13:11.625,2029,-0.0090,1.6351
8126,15:13:11.625,2032,-0.0076,1.6375
8127,15:13:11.626,2032,-0.0076,1.6375
8128,15:13:11.626,2024,-0.0115,1.6311
8129,15:13:11.627,2017,-0.0149,1.6254
8130,15:13:11.627,2017,-0.0149,1.6254
8131,15:13:11.628,2019,-0.0139,1.6270
8132,15:13:11.628,2017,-0.0149,1.6254
8133,15:13:11.629,2018,-0.0144,1.6262
8134,15:13:11.629,2021,-0.0129,1.6286
8135,15:13:11.630,2026,-0.0105,1.6327
8136,15:13:11.630,2026,-0.0105,1.6327
8137,15:13:11.631,2029,-0.0090,1.6351
8138,15:13:11.631,2032,-0.0076,1.6375
8139,15:13:11.632,2032,-0.0076,1.6375
8140,15:13:11.632,2025,-0.0110,1.6319
8141,15:13:11.633,2020,-0.0134,1.6278
8142,15:13:11.633,2017,-0.0149,1.6254
8143,15:13:11.634,2022,-0.0125,1.6295
8144,15:13:11.634,2018,-0.0144,1.6262
8145,15:13:11.635,2021,-0.0129,1.6286
8146,15:13:11.635,2020,-0.0134,1.6278
8147,15:13:11.636,2027,-0.0100,1.6335
8148,15:13:11.636,2030,-0.0085,1.6359
8149,15:13:11.637,2030,-0.0085,1.6359
8150,15:13:11.637,2030,-0.0085,1.6359
8151,15:13:11.638,2030,-0.0085,1.6359
8152,15:13:11.638,2025,-0.0110,1.6319
8153,15:13:11.639,2016,-0.0154,1.6246
8154,15:13:11.639,2015,-0.0159,1.6238
8155,15:13:11.640,2019,-0.0139,1.6270
8156,15:13:11.640,2017,-0.0149,1.6254
8157,15:13:11.641,2021,-0.0129,1.6286
8158,15:13:11.641,2015,-0.0159,1.6238
8159,15:13:11.642,2023,-0.0120,1.6303
8160,15:13:11.642,2024,-0.0115,1.6311
8161,15:13:11.643,2030,-0.0085,1.6359
8162,15:13:11.643,2031,-0.0081,1.6367
8163,15:13:11.644,2033,-0.0071,1.6383
8164,15:13:11.644,2025,-0.0110,1.6319
8165,15:13:11.645,2024,-0.0115,1.6311
8166,15:13:11.645,2015,-0.0159,1.6238
8167,15:13:11.646,2017,-0.0149,1.6254
8168,15:13:11.646,2017,-0.0149,1.6254
8169,15:13:11.647,2018,-0.0144,1.6262
8170,15:13:11.647,2014,-0.0164,1.6230
8171,15:13:11.648,2021,-0.0129,1.6286
8172,15:13:11.648,2022,-0.0125,1.6295
8173,15:13:11.649,2026,-0.0105,1.6327
8174,15:13:11.649,2024,-0.0115,1.6311
8175,15:13:11.650,2028,-0.0095,1.6343
8176,15:13:11.650,2026,-0.0105,1.6327
8177,15:13:11.651,2022,-0.0125,1.6295
8178,15:13:11.651,2018,-0.0144,1.6262
8179,15:13:11.652,2015,-0.0159,1.6238
8180,15:13:11.652,2016,-0.0154,1.6246
8181,15:13:11.653,2018,-0.0144,1.6262
8182,15:13:11.653,2019,-0.0139,1.6270
8183,15:13:11.654,2024,-0.0115,1.6311
8184,15:13:11.654,2027,-0.0100,1.6335
8185,15:13:11.655,2029,-0.0090,1.6351
8186,15:13:11.655,2027,-0.0100,1.6335
8187,15:13:11.656,2031,-0.0081,1.6367
8188,15:13:11.656,2030,-0.0085,1.6359
8189,15:13:11.657,2025,-0.0110,1.6319
8190,15:13:11.657,2023,-0.0120,1.6303
8191,15:13:11.658,2017,-0.0149,1.6254
8192,15:13:11.658,2018,-0.0144,1.6262
8193,15:13:11.659,2017,-0.0149,1.6254
8194,15:13:11.659,2020,-0.0134,1.6278
8195,15:13:11.660,2019,-0.0139,1.6270
8196,15:13:11.660,2026,-0.0105,1.6327
8197,15:13:11.661,2029,-0.0090,1.6351
8198,15:13:11.661,2026,-0.0105,1.6327
8199,15:13:11.662,2032,-0.0076,1.6375
8200,15:13:11.662,2030,-0.0085,1.6359
8201,15:13:11.663,2023,-0.0120,1.6303
8202,15:13:11.663,2020,-0.0134,1.6278
8203,15:13:11.664,2016,-0.0154,1.6246
8204,15:13:11.664,2018,-0.0144,1.6262
8205,15:13:11.665,2019,-0.0139,1.6270
8206,15:13:11.665,2017,-0.0149,1.6254
8207,15:13:11.666,2015,-0.0159,1.6238
8208,15:13:11.666,2019,-0.0139,1.6270
8209,15:13:11.667,2025,-0.0110,1.6319
8210,15:13:11.667,2031,-0.0081,1.6367
8211,15:13:11.668,2031,-0.0081,1.6367
8212,15:13:11.668,2025,-0.0110,1.6319
8213,15:13:11.669,2026,-0.0105,1.6327
8214,15:13:11.669,2024,-0.0115,1.6311
8215,15:13:11.670,2019,-0.0139,1.6270
8216,15:13:11.670,2014,-0.0164,1.6230
8217,15:13:11.671,2015,-0.0159,1.6238
8218,15:13:11.671,2015,-0.0159,1.6238
8219,15:13:11.672,2017,-0.0149,1.6254
8220,15:13:11.672,2018,-0.0144,1.6262
8221,15:13:11.673,2026,-0.0105,1.6327
8222,15:13:11.673,2029,-0.0090,1.6351
8223,15:13:11.674,2026,-0.0105,1.6327
8224,15:13:11.674,2027,-0.0100,1.6335
8225,15:13:11.675,2030,-0.0085,1.6359
8226,15:13:11.675,2024,-0.0115,1.6311
8227,15:13:11.676,2020,-0.0134,1.6278
8228,15:13:11.676,2019,-0.0139,1.6270
8229,15:13:11.677,2015,-0.0159,1.6238
8230,15:13:11.677,2015,-0.0159,1.6238
8231,15:13:11.678,2011,-0.0178,1.6206
8232,15:13:11.678,2021,-0.0129,1.6286
8233,15:13:11.679,2028,-0.0095,1.6343
8234,15:13:11.679,2028,-0.0095,1.6343
8235,15:13:11.680,2029,-0.0090,1.6351
8236,15:13:11.680,2030,-0.0085,1.6359
8237,15:13:11.681,2028,-0.0095,1.6343
8238,15:13:11.681,2021,-0.0129,1.6286
8239,15:13:11.682,2022,-0.0125,1.6295
8240,15:13:11.682,2018,-0.0144,1.6262
8241,15:13:11.683,2020,-0.0134,1.6278
8242,15:13:11.683,2014,-0.0164,1.6230
8243,15:13:11.684,2015,-0.0159,1.6238
8244,15:13:11.684,2018,-0.0144,1.6262
8245,15:13:11.685,2022,-0.0125,1.6295
8246,15:13:11.685,2033,-0.0071,1.6383
8247,15:13:11.686,2032,-0.0076,1.6375
8248,15:13:11.686,2032,-0.0076,1.6375
8249,15:13:11.687,2030,-0.0085,1.6359
8250,15:13:11.687,2027,-0.0100,1.6335
8251,15:13:11.688,2021,-0.0129,1.6286
8252,15:13:11.688,2021,-0.0129,1.6286
8253,15:13:11.689,2019,-0.0139,1.6270
8254,15:13:11.689,2020,-0.0134,1.6278
8255,15:13:11.690,2017,-0.0149,1.6254
8256,15:13:11.690,2019,-0.0139,1.6270
8257,15:13:11.691,2025,-0.0110,1.6319
8258,15:13:11.691,2031,-0.0081,1.6367
8259,15:13:11.692,2029,-0.0090,1.6351
8260,15:13:11.692,2030,-0.0085,1.6359
8261,15:13:11.693,2032,-0.0076,1.6375
8262,15:13:11.693,2030,-0.0085,1.6359
8263,15:13:11.694,2020,-0.0134,1.6278
8264,15:13:11.694,2020,-0.0134,1.6278
8265,15:13:11.695,2020,-0.0134,1.6278
8266,15:13:11.695,2010,-0.0183,1.6198
8267,15:13:11.696,2018,-0.0144,1.6262
8268,15:13:11.696,2015,-0.0159,1.6238
8269,15:13:11.697,2019,-0.0139,1.6270
8270,15:13:11.697,2026,-0.0105,1.6327
8271,15:13:11.698,2027,-0.0100,1.6335
8272,15:13:11.698,2023,-0.0120,1.6303
8273,15:13:11.699,2029,-0.0090,1.6351
8274,15:13:11.699,2025,-0.0110,1.6319
8275,15:13:11.700,2023,-0.0120,1.6303
8276,15:13:11.700,2019,-0.0139,1.6270
8277,15:13:11.701,2016,-0.0154,1.6246
8278,15:13:11.701,2015,-0.0159,1.6238
8279,15:13:11.702,2017,-0.0149,1.6254
8280,15:13:11.702,2018,-0.0144,1.6262
8281,15:13:11.703,2019,-0.0139,1.6270
8282,15:13:11.703,2023,-0.0120,1.6303
8283,15:13:11.704,2030,-0.0085,1.6359
8284,15:13:11.704,2028,-0.0095,1.6343
8285,15:13:11.705,2027,-0.0100,1.6335
8286,15:13:11.705,2032,-0.0076,1.6375
8287,15:13:11.706,2026,-0.0105,1.6327
8288,15:13:11.706,2019,-0.0139,1.6270
8289,15:13:11.707,2016,-0.0154,1.6246
8290,15:13:11.707,2016,-0.0154,1.6246
8291,15:13:11.708,2022,-0.0125,1.6295
8292,15:13:11.708,2020,-0.0134,1.6278
8293,15:13:11.709,2018,-0.0144,1.6262
8294,15:13:11.709,2023,-0.0120,1.6303
8295,15:13:11.710,2030,-0.0085,1.6359
8296,15:13:11.710,2033,-0.0071,1.6383
8297,15:13:11.711,2030,-0.0085,1.6359
8298,15:13:11.711,2028,-0.0095,1.6343
8299,15:13:11.712,2024,-0.0115,1.6311
8300,15:13:11.712,2021,-0.0129,1.6286
8301,15:13:11.713,2019,-0.0139,1.6270
8302,15:13:11.713,2019,-0.0139,1.6270
8303,15:13:11.714,2020,-0.0134,1.6278
8304,15:13:11.714,2019,-0.0139,1.6270
8305,15:13:11.715,2021,-0.0129,1.6286
8306,15:13:11.715,2025,-0.0110,1.6319
8307,15:13:11.716,2025,-0.0110,1.6319
8308,15:13:11.716,2029,-0.0090,1.6351
8309,15:13:11.717,2027,-0.0100,1.6335
8310,15:13:11.717,2032,-0.0076,1.6375
8311,15:13:11.718,2028,-0.0095,1.6343
8312,15:13:11.718,2021,-0.0129,1.6286
8313,15:13:11.719,2017,-0.0149,1.6254
8314,15:13:11.719,2017,-0.0149,1.6254
8315,15:13:11.720,2021,-0.0129,1.6286
8316,15:13:11.720,2016,-0.0154,1.6246
8317,15:13:11.721,2020,-0.0134,1.6278
8318,15:13:11.721,2021,-0.0129,1.6286
8319,15:13:11.722,2027,-0.0100,1.6335
8320,15:13:11.722,2028,-0.0095,1.6343
8321,15:13:11.723,2030,-0.0085,1.6359
8322,15:13:11.723,2031,-0.0081,1.6367
8323,15:13:11.724,2028,-0.0095,1.6343
8324,15:13:11.724,2026,-0.0105,1.6327
8325,15:13:11.725,2015,-0.0159,1.6238
8326,15:13:11.725,2016,-0.0154,1.6246
8327,15:13:11.726,2016,-0.0154,1.6246
8328,15:13:11.726,2013,-0.0168,1.6222
8329,15:13:11.727,2017,-0.0149,1.6254
8330,15:13:11.727,2017,-0.0149,1.6254
8331,15:13:11.728,2022,-0.0125,1.6295
8332,15:13:11.728,2026,-0.0105,1.6327
8333,15:13:11.729,2027,-0.0100,1.6335
8334,15:13:11.729,2031,-0.0081,1.6367
8335,15:13:11.730,2027,-0.0100,1.6335
8336,15:13:11.730,2021,-0.0129,1.6286
8337,15:13:11.731,2022,-0.0125,1.6295
8338,15:13:11.731,2017,-0.0149,1.6254
8339,15:13:11.732,2017,-0.0149,1.6254
8340,15:13:11.732,2019,-0.0139,1.6270
8341,15:13:11.733,2017,-0.0149,1.6254
8342,15:13:11.733,2024,-0.0115,1.6311
8343,15:13:11.734,2027,-0.0100,1.6335
8344,15:13:11.734,2028,-0.0095,1.6343
8345,15:13:11.735,2029,-0.0090,1.6351
8346,15:13:11.735,2033,-0.0071,1.6383
8347,15:13:11.736,2033,-0.0071,1.6383
8348,15:13:11.736,2026,-0.0105,1.6327
8349,15:13:11.737,2021,-0.0129,1.6286
8350,15:13:11.737,2020,-0.0134,1.6278
8351,15:13:11.738,2022,-0.0125,1.6295
8352,15:13:11.738,2017,-0.0149,1.6254
8353,15:13:11.739,2017,-0.0149,1.6254
8354,15:13:11.739,2017,-0.0149,1.6254
8355,15:13:11.740,2026,-0.0105,1.6327
8356,15:13:11.740,2025,-0.0110,1.6319
8357,15:13:11.741,2029,-0.0090,1.6351
8358,15:13:11.741,2030,-0.0085,1.6359
8359,15:13:11.742,2035,-0.0061,1.6399
8360,15:13:11.742,2028,-0.0095,1.6343
8361,15:13:11.743,2027,-0.0100,1.6335
8362,15:13:11.743,2019,-0.0139,1.6270
8363,15:13:11.744,2017,-0.0149,1.6254
8364,15:13:11.744,2014,-0.0164,1.6230
8365,15:13:11.745,2017,-0.0149,1.6254
8366,15:13:11.745,2018,-0.0144,1.6262
8367,15:13:11.746,2020,-0.0134,1.6278
8368,15:13:11.746,2026,-0.0105,1.6327
8369,15:13:11.747,2026,-0.0105,1.6327
8370,15:13:11.747,2025,-0.0110,1.6319
8371,15:13:11.748,2029,-0.0090,1.6351
8372,15:13:11.748,2031,-0.0081,1.6367
8373,15:13:11.749,2018,-0.0144,1.6262
8374,15:13:11.749,2016,-0.0154,1.6246
8375,15:13:11.750,2018,-0.0144,1.6262
8376,15:13:11.750,2015,-0.0159,1.6238
8377,15:13:11.751,2012,-0.0173,1.6214
8378,15:13:11.751,2014,-0.0164,1.6230
8379,15:13:11.752,2020,-0.0134,1.6278
8380,15:13:11.752,2025,-0.0110,1.6319
8381,15:13:11.753,2023,-0.0120,1.6303
8382,15:13:11.753,2029,-0.0090,1.6351
8383,15:13:11.754,2029,-0.0090,1.6351
8384,15:13:11.754,2029,-0.0090,1.6351
8385,15:13:11.755,2025,-0.0110,1.6319
8386,15:13:11.755,2017,-0.0149,1.6254
8387,15:13:11.756,2021,-0.0129,1.6286
8388,15:13:11.756,2019,-0.0139,1.6270
8389,15:13:11.757,2018,-0.0144,1.6262
8390,15:13:11.757,2015,-0.0159,1.6238
8391,15:13:11.758,2025,-0.0110,1.6319
8392,15:13:11.758,2023,-0.0120,1.6303
8393,15:13:11.759,2025,-0.0110,1.6319
8394,15:13:11.759,2028,-0.0095,1.6343
8395,15:13:11.760,2036,-0.0056,1.6407
8396,15:13:11.760,2032,-0.0076,1.6375
8397,15:13:11.761,2029,-0.0090,1.6351
8398,15:13:11.761,2022,-0.0125,1.6295
8399,15:13:11.762,2023,-0.0120,1.6303
8400,15:13:11.762,2023,-0.0120,1.6303
8401,15:13:11.763,2021,-0.0129,1.6286
8402,15:13:11.763,2016,-0.0154,1.6246
8403,15:13:11.764,2022,-0.0125,1.6295
8404,15:13:11.764,2025,-0.0110,1.6319
8405,15:13:11.765,2031,-0.0081,1.6367
8406,15:13:11.765,2032,-0.0076,1.6375
8407,15:13:11.766,2031,-0.0081,1.6367
8408,15:13:11.766,2029,-0.0090,1.6351
8409,15:13:11.767,2029,-0.0090,1.6351
8410,15:13:11.767,2023,-0.0120,1.6303
8411,15:13:11.768,2018,-0.0144,1.6262
8412,15:13:11.768,2016,-0.0154,1.6246
8413,15:13:11.769,2017,-0.0149,1.6254
8414,15:13:11.769,2015,-0.0159,1.6238
8415,15:13:11.770,2022,-0.0125,1.6295
8416,15:13:11.770,2020,-0.0134,1.6278
8417,15:13:11.771,2024,-0.0115,1.6311
8418,15:13:11.771,2030,-0.0085,1.6359
8419,15:13:11.772,2028,-0.0095,1.6343
8420,15:13:11.772,2028,-0.0095,1.6343
8421,15:13:11.773,2029,-0.0090,1.6351
8422,15:13:11.773,2022,-0.0125,1.6295
8423,15:13:11.774,2015,-0.0159,1.6238
8424,15:13:11.774,2015,-0.0159,1.6238
8425,15:13:11.775,2014,-0.0164,1.6230
8426,15:13:11.775,2015,-0.0159,1.6238
8427,15:13:11.776,2014,-0.0164,1.6230
8428,15:13:11.776,2025,-0.0110,1.6319
8429,15:13:11.777,2023,-0.0120,1.6303
8430,15:13:11.777,2023,-0.0120,1.6303
8431,15:13:11.778,2024,-0.0115,1.6311
8432,15:13:11.778,2030,-0.0085,1.6359
8433,15:13:11.779,2029,-0.0090,1.6351
8434,15:13:11.779,2024,-0.0115,1.6311
8435,15:13:11.780,2018,-0.0144,1.6262
8436,15:13:11.780,2017,-0.0149,1.6254
8437,15:13:11.781,2016,-0.0154,1.6246
8438,15:13:11.781,2018,-0.0144,1.6262
8439,15:13:11.782,2016,-0.0154,1.6246
8440,15:13:11.782,2022,-0.0125,1.6295
8441,15:13:11.783,2025,-0.0110,1.6319
8442,15:13:11.783,2030,-0.0085,1.6359
8443,15:13:11.784,2035,-0.0061,1.6399
8444,15:13:11.784,2024,-0.0115,1.6311
8445,15:13:11.785,2028,-0.0095,1.6343
8446,15:13:11.785,2026,-0.0105,1.6327
8447,15:13:11.786,2022,-0.0125,1.6295
8448,15:13:11.786,2027,-0.0100,1.6335
8449,15:13:11.787,2018,-0.0144,1.6262
8450,15:13:11.787,2018,-0.0144,1.6262
8451,15:13:11.788,2017,-0.0149,1.6254
8452,15:13:11.788,2024,-0.0115,1.6311
8453,15:13:11.789,2024,-0.0115,1.6311
8454,15:13:11.789,2025,-0.0110,1.6319
8455,15:13:11.790,2030,-0.0085,1.6359
8456,15:13:11.790,2031,-0.0081,1.6367
8457,15:13:11.791,2025,-0.0110,1.6319
8458,15:13:11.791,2024,-0.0115,1.6311
8459,15:13:11.792,2020,-0.0134,1.6278
8460,15:13:11.792,2021,-0.0129,1.6286
8461,15:13:11.793,2018,-0.0144,1.6262
8462,15:13:11.793,2017,-0.0149,1.6254
8463,15:13:11.794,2016,-0.0154,1.6246
8464,15:13:11.794,2024,-0.0115,1.6311
8465,15:13:11.795,2023,-0.0120,1.6303
8466,15:13:11.795,2024,-0.0115,1.6311
8467,15:13:11.796,2028,-0.0095,1.6343
8468,15:13:11.796,2027,-0.0100,1.6335
8469,15:13:11.797,2029,-0.0090,1.6351
8470,15:13:11.797,2027,-0.0100,1.6335
8471,15:13:11.798,2022,-0.0125,1.6295
8472,15:13:11.798,2017,-0.0149,1.6254
8473,15:13:11.799,2021,-0.0129,1.6286
8474,15:13:11.799,2015,-0.0159,1.6238
8475,15:13:11.800,2017,-0.0149,1.6254
8476,15:13:11.800,2016,-0.0154,1.6246
8477,15:13:11.801,2022,-0.0125,1.6295
8478,15:13:11.801,2024,-0.0115,1.6311
8479,15:13:11.802,2027,-0.0100,1.6335
8480,15:13:11.802,2033,-0.0071,1.6383
8481,15:13:11.803,2027,-0.0100,1.6335
8482,15:13:11.803,2021,-0.0129,1.6286
8483,15:13:11.804,2022,-0.0125,1.6295
8484,15:13:11.804,2017,-0.0149,1.6254
8485,15:13:11.805,2021,-0.0129,1.6286
8486,15:13:11.805,2019,-0.0139,1.6270
8487,15:13:11.806,2020,-0.0134,1.6278
8488,15:13:11.806,2016,-0.0154,1.6246
8489,15:13:11.807,2022,-0.0125,1.6295
8490,15:13:11.807,2027,-0.0100,1.6335
8491,15:13:11.808,2025,-0.0110,1.6319
8492,15:13:11.808,2028,-0.0095,1.6343
8493,15:13:11.809,2030,-0.0085,1.6359
8494,15:13:11.809,2027,-0.0100,1.6335
8495,15:13:11.810,2024,-0.0115,1.6311
8496,15:13:11.810,2020,-0.0134,1.6278
8497,15:13:11.811,2017,-0.0149,1.6254
8498,15:13:11.811,2016,-0.0154,1.6246
8499,15:13:11.812,2015,-0.0159,1.6238
8500,15:13:11.812,2019,-0.0139,1.6270
8501,15:13:11.813,2020,-0.0134,1.6278
8502,15:13:11.813,2022,-0.0125,1.6295
8503,15:13:11.814,2029,-0.0090,1.6351
8504,15:13:11.814,2030,-0.0085,1.6359
8505,15:13:11.815,2031,-0.0081,1.6367
8506,15:13:11.815,2030,-0.0085,1.6359
8507,15:13:11.816,2027,-0.0100,1.6335
8508,15:13:11.816,2020,-0.0134,1.6278
8509,15:13:11.817,2022,-0.0125,1.6295
8510,15:13:11.817,2021,-0.0129,1.6286
8511,15:13:11.818,2019,-0.0139,1.6270
8512,15:13:11.818,2019,-0.0139,1.6270
8513,15:13:11.819,2019,-0.0139,1.6270
8514,15:13:11.819,2024,-0.0115,1.6311
8515,15:13:11.820,2026,-0.0105,1.6327
8516,15:13:11.820,2028,-0.0095,1.6343
8517,15:13:11.821,2031,-0.0081,1.6367
8518,15:13:11.821,2026,-0.0105,1.6327
8519,15:13:11.822,2025,-0.0110,1.6319
8520,15:13:11.822,2023,-0.0120,1.6303
8521,15:13:11.823,2025,-0.0110,1.6319
8522,15:13:11.823,2021,-0.0129,1.6286
8523,15:13:11.824,2018,-0.0144,1.6262
8524,15:13:11.824,2017,-0.0149,1.6254
8525,15:13:11.825,2022,-0.0125,1.6295
8526,15:13:11.825,2021,-0.0129,1.6286
8527,15:13:11.826,2027,-0.0100,1.6335
8528,15:13:11.826,2031,-0.0081,1.6367
8529,15:13:11.827,2028,-0.0095,1.6343
8530,15:13:11.827,2028,-0.0095,1.6343
8531,15:13:11.828,2028,-0.0095,1.6343
8532,15:13:11.828,2023,-0.0120,1.6303
8533,15:13:11.829,2015,-0.0159,1.6238
8534,15:13:11.829,2016,-0.0154,1.6246
8535,15:13:11.830,2017,-0.0149,1.6254
8536,15:13:11.830,2013,-0.0168,1.6222
8537,15:13:11.831,2019,-0.0139,1.6270
8538,15:13:11.831,2016,-0.0154,1.6246
8539,15:13:11.832,2025,-0.0110,1.6319
8540,15:13:11.832,2027,-0.0100,1.6335
8541,15:13:11.833,2028,-0.0095,1.6343
8542,15:13:11.833,2029,-0.0090,1.6351
8543,15:13:11.834,2030,-0.0085,1.6359
8544,15:13:11.834,2026,-0.0105,1.6327
8545,15:13:11.835,2016,-0.0154,1.6246
8546,15:13:11.835,2013,-0.0168,1.6222
8547,15:13:11.836,2015,-0.0159,1.6238
8548,15:13:11.836,2014,-0.0164,1.6230
8549,15:13:11.837,2015,-0.0159,1.6238
8550,15:13:11.837,2019,-0.0139,1.6270
8551,15:13:11.838,2023,-0.0120,1.6303
8552,15:13:11.838,2021,-0.0129,1.6286
8553,15:13:11.839,2029,-0.0090,1.6351
8554,15:13:11.839,2028,-0.0095,1.6343
8555,15:13:11.840,2029,-0.0090,1.6351
8556,15:13:11.840,2025,-0.0110,1.6319
8557,15:13:11.841,2022,-0.0125,1.6295
8558,15:13:11.841,2021,-0.0129,1.6286
8559,15:13:11.842,2017,-0.0149,1.6254
8560,15:13:11.842,2016,-0.0154,1.6246
8561,15:13:11.843,2019,-0.0139,1.6270
8562,15:13:11.843,2021,-0.0129,1.6286
8563,15:13:11.844,2025,-0.0110,1.6319
8564,15:13:11.844,2024,-0.0115,1.6311
8565,15:13:11.845,2027,-0.0100,1.6335
8566,15:13:11.845,2028,-0.0095,1.6343
8567,15:13:11.846,2031,-0.0081,1.6367
8568,15:13:11.846,2024,-0.0115,1.6311
8569,15:13:11.847,2020,-0.0134,1.6278
8570,15:13:11.847,2020,-0.0134,1.6278
8571,15:13:11.848,2017,-0.0149,1.6254
8572,15:13:11.848,2016,-0.0154,1.6246
8573,15:13:11.849,2016,-0.0154,1.6246
8574,15:13:11.849,2021,-0.0129,1.6286
8575,15:13:11.850,2023,-0.0120,1.6303
8576,15:13:11.850,2023,-0.0120,1.6303
8577,15:13:11.851,2031,-0.0081,1.6367
8578,15:13:11.851,2029,-0.0090,1.6351
8579,15:13:11.852,2031,-0.0081,1.6367
8580,15:13:11.852,2029,-0.0090,1.6351
8581,15:13:11.853,2021,-0.0129,1.6286
8582,15:13:11.853,2021,-0.0129,1.6286
8583,15:13:11.854,2020,-0.0134,1.6278
8584,15:13:11.854,2020,-0.0134,1.6278
8585,15:13:11.855,2016,-0.0154,1.6246
8586,15:13:11.855,2017,-0.0149,1.6254
8587,15:13:11.856,2018,-0.0144,1.6262
8588,15:13:11.856,2025,-0.0110,1.6319
8589,15:13:11.857,2026,-0.0105,1.6327
8590,15:13:11.857,2027,-0.0100,1.6335
8591,15:13:11.858,2028,-0.0095,1.6343
8592,15:13:11.858,2030,-0.0085,1.6359
8593,15:13:11.859,2024,-0.0115,1.6311
8594,15:13:11.859,2020,-0.0134,1.6278
8595,15:13:11.860,2018,-0.0144,1.6262
8596,15:13:11.860,2018,-0.0144,1.6262
8597,15:13:11.861,2017,-0.0149,1.6254
8598,15:13:11.861,2015,-0.0159,1.6238
8599,15:13:11.862,2018,-0.0144,1.6262
8600,15:13:11.862,2024,-0.0115,1.6311
8601,15:13:11.863,2028,-0.0095,1.6343
8602,15:13:11.863,2032,-0.0076,1.6375
8603,15:13:11.864,2028,-0.0095,1.6343
8604,15:13:11.864,2028,-0.0095,1.6343
8605,15:13:11.865,2026,-0.0105,1.6327
8606,15:13:11.865,2024,-0.0115,1.6311
8607,15:13:11.866,2019,-0.0139,1.6270
8608,15:13:11.866,2020,-0.0134,1.6278
8609,15:13:11.867,2017,-0.0149,1.6254
8610,15:13:11.867,2020,-0.0134,1.6278
8611,15:13:11.868,2022,-0.0125,1.6295
8612,15:13:11.868,2030,-0.0085,1.6359
8613,15:13:11.869,2027,-0.0100,1.6335
8614,15:13:11.869,2027,-0.0100,1.6335
8615,15:13:11.870,2028,-0.0095,1.6343
8616,15:13:11.870,2027,-0.0100,1.6335
8617,15:13:11.871,2023,-0.0120,1.6303
8618,15:13:11.871,2022,-0.0125,1.6295
8619,15:13:11.872,2019,-0.0139,1.6270
8620,15:13:11.872,2021,-0.0129,1.6286
8621,15:13:11.873,2020,-0.0134,1.6278
8622,15:13:11.873,2016,-0.0154,1.6246
8623,15:13:11.874,2018,-0.0144,1.6262
8624,15:13:11.874,2021,-0.0129,1.6286
8625,15:13:11.875,2023,-0.0120,1.6303
8626,15:13:11.875,2033,-0.0071,1.6383
8627,15:13:11.876,2033,-0.0071,1.6383
8628,15:13:11.876,2027,-0.0100,1.6335
8629,15:13:11.877,2027,-0.0100,1.6335
8630,15:13:11.877,2023,-0.0120,1.6303
8631,15:13:11.878,2022,-0.0125,1.6295
8632,15:13:11.878,2017,-0.0149,1.6254
8633,15:13:11.879,2015,-0.0159,1.6238
8634,15:13:11.879,2019,-0.0139,1.6270
8635,15:13:11.880,2016,-0.0154,1.6246
8636,15:13:11.880,2021,-0.0129,1.6286
8637,15:13:11.881,2026,-0.0105,1.6327
8638,15:13:11.881,2024,-0.0115,1.6311
8639,15:13:11.882,2027,-0.0100,1.6335
8640,15:13:11.882,2030,-0.0085,1.6359
8641,15:13:11.883,2027,-0.0100,1.6335
8642,15:13:11.883,2020,-0.0134,1.6278
8643,15:13:11.884,2019,-0.0139,1.6270
8644,15:13:11.884,2018,-0.0144,1.6262
8645,15:13:11.885,2019,-0.0139,1.6270
8646,15:13:11.885,2014,-0.0164,1.6230
8647,15:13:11.886,2019,-0.0139,1.6270
8648,15:13:11.886,2021,-0.0129,1.6286
8649,15:13:11.887,2023,-0.0120,1.6303
8650,15:13:11.887,2028,-0.0095,1.6343
8651,15:13:11.888,2025,-0.0110,1.6319
8652,15:13:11.888,2027,-0.0100,1.6335
8653,15:13:11.889,2026,-0.0105,1.6327
8654,15:13:11.889,2024,-0.0115,1.6311
8655,15:13:11.890,2019,-0.0139,1.6270
8656,15:13:11.890,2024,-0.0115,1.6311
8657,15:13:11.891,2019,-0.0139,1.6270
8658,15:13:11.891,2022,-0.0125,1.6295
8659,15:13:11.892,2020,-0.0134,1.6278
8660,15:13:11.892,2020,-0.0134,1.6278
8661,15:13:11.893,2025,-0.0110,1.6319
8662,15:13:11.893,2031,-0.0081,1.6367
8663,15:13:11.894,2030,-0.0085,1.6359
8664,15:13:11.894,2028,-0.0095,1.6343
8665,15:13:11.895,2031,-0.0081,1.6367
8666,15:13:11.895,2027,-0.0100,1.6335
8667,15:13:11.896,2020,-0.0134,1.6278
8668,15:13:11.896,2020,-0.0134,1.6278
8669,15:13:11.897,2020,-0.0134,1.6278
8670,15:13:11.897,2024,-0.0115,1.6311
8671,15:13:11.898,2019,-0.0139,1.6270
8672,15:13:11.898,2019,-0.0139,1.6270
8673,15:13:11.899,2025,-0.0110,1.6319
8674,15:13:11.899,2030,-0.0085,1.6359
8675,15:13:11.900,2028,-0.0095,1.6343
8676,15:13:11.900,2029,-0.0090,1.6351
8677,15:13:11.901,2031,-0.0081,1.6367
8678,15:13:11.901,2023,-0.0120,1.6303
8679,15:13:11.902,2020,-0.0134,1.6278
8680,15:13:11.902,2022,-0.0125,1.6295
8681,15:13:11.903,2018,-0.0144,1.6262
8682,15:13:11.903,2016,-0.0154,1.6246
8683,15:13:11.904,2016,-0.0154,1.6246
8684,15:13:11.904,2019,-0.0139,1.6270
8685,15:13:11.905,2021,-0.0129,1.6286
8686,15:13:11.905,2024,-0.0115,1.6311
8687,15:13:11.906,2023,-0.0120,1.6303
8688,15:13:11.906,2024,-0.0115,1.6311
8689,15:13:11.907,2025,-0.0110,1.6319
8690,15:13:11.907,2026,-0.0105,1.6327
8691,15:13:11.908,2024,-0.0115,1.6311
8692,15:13:11.908,2018,-0.0144,1.6262
8693,15:13:11.909,2023,-0.0120,1.6303
8694,15:13:11.909,2017,-0.0149,1.6254
8695,15:13:11.910,2016,-0.0154,1.6246
8696,15:13:11.910,2015,-0.0159,1.6238
8697,15:13:11.911,2021,-0.0129,1.6286
8698,15:13:11.911,2025,-0.0110,1.6319
8699,15:13:11.912,2022,-0.0125,1.6295
8700,15:13:11.912,2023,-0.0120,1.6303
8701,15:13:11.913,2029,-0.0090,1.6351
8702,15:13:11.913,2028,-0.0095,1.6343
8703,15:13:11.914,2023,-0.0120,1.6303
8704,15:13:11.914,2022,-0.0125,1.6295
8705,15:13:11.915,2018,-0.0144,1.6262
8706,15:13:11.915,2018,-0.0144,1.6262
8707,15:13:11.916,2017,-0.0149,1.6254
8708,15:13:11.916,2014,-0.0164,1.6230
8709,15:13:11.917,2021,-0.0129,1.6286
8710,15:13:11.917,2022,-0.0125,1.6295
8711,15:13:11.918,2029,-0.0090,1.6351
8712,15:13:11.918,2029,-0.0090,1.6351
8713,15:13:11.919,2030,-0.0085,1.6359
8714,15:13:11.919,2032,-0.0076,1.6375
8715,15:13:11.920,2025,-0.0110,1.6319
8716,15:13:11.920,2024,-0.0115,1.6311
8717,15:13:11.921,2022,-0.0125,1.6295
8718,15:13:11.921,2023,-0.0120,1.6303
8719,15:13:11.922,2016,-0.0154,1.6246
8720,15:13:11.922,2020,-0.0134,1.6278
8721,15:13:11.923,2019,-0.0139,1.6270
8722,15:13:11.923,2022,-0.0125,1.6295
8723,15:13:11.924,2027,-0.0100,1.6335
8724,15:13:11.924,2029,-0.0090,1.6351
8725,15:13:11.925,2033,-0.0071,1.6383
8726,15:13:11.925,2033,-0.0071,1.6383
8727,15:13:11.926,2027,-0.0100,1.6335
8728,15:13:11.926,2022,-0.0125,1.6295
8729,15:13:11.927,2023,-0.0120,1.6303
8730,15:13:11.927,2015,-0.0159,1.6238
8731,15:13:11.928,2018,-0.0144,1.6262
8732,15:13:11.928,2020,-0.0134,1.6278
8733,15:13:11.929,2018,-0.0144,1.6262
8734,15:13:11.929,2018,-0.0144,1.6262
8735,15:13:11.930,2028,-0.0095,1.6343
8736,15:13:11.930,2027,-0.0100,1.6335
8737,15:13:11.931,2025,-0.0110,1.6319
8738,15:13:11.931,2026,-0.0105,1.6327
8739,15:13:11.932,2025,-0.0110,1.6319
8740,15:13:11.932,2022,-0.0125,1.6295
8741,15:13:11.933,2022,-0.0125,1.6295
8742,15:13:11.933,2015,-0.0159,1.6238
8743,15:13:11.934,2020,-0.0134,1.6278
8744,15:13:11.934,2018,-0.0144,1.6262
8745,15:13:11.935,2018,-0.0144,1.6262
8746,15:13:11.935,2019,-0.0139,1.6270
8747,15:13:11.936,2027,-0.0100,1.6335
8748,15:13:11.936,2024,-0.0115,1.6311
8749,15:13:11.937,2027,-0.0100,1.6335
8750,15:13:11.937,2026,-0.0105,1.6327
8751,15:13:11.938,2026,-0.0105,1.6327
8752,15:13:11.938,2020,-0.0134,1.6278
8753,15:13:11.939,2018,-0.0144,1.6262
8754,15:13:11.939,2019,-0.0139,1.6270
8755,15:13:11.940,2022,-0.0125,1.6295
8756,15:13:11.940,2019,-0.0139,1.6270
8757,15:13:11.941,2013,-0.0168,1.6222
8758,15:13:11.941,2018,-0.0144,1.6262
8759,15:13:11.942,2022,-0.0125,1.6295
8760,15:13:11.942,2027,-0.0100,1.6335
8761,15:13:11.943,2032,-0.0076,1.6375
8762,15:13:11.943,2028,-0.0095,1.6343
8763,15:13:11.944,2028,-0.0095,1.6343
8764,15:13:11.944,2022,-0.0125,1.6295
8765,15:13:11.945,2022,-0.0125,1.6295
8766,15:13:11.945,2022,-0.0125,1.6295
8767,15:13:11.946,2021,-0.0129,1.6286
8768,15:13:11.946,2017,-0.0149,1.6254
8769,15:13:11.947,2017,-0.0149,1.6254
8770,15:13:11.947,2019,-0.0139,1.6270
8771,15:13:11.948,2026,-0.0105,1.6327
8772,15:13:11.948,2025,-0.0110,1.6319
8773,15:13:11.949,2027,-0.0100,1.6335
8774,15:13:11.949,2026,-0.0105,1.6327
8775,15:13:11.950,2027,-0.0100,1.6335
8776,15:13:11.950,2027,-0.0100,1.6335
8777,15:13:11.951,2018,-0.0144,1.6262
8778,15:13:11.951,2016,-0.0154,1.6246
8779,15:13:11.952,2023,-0.0120,1.6303
8780,15:13:11.952,2022,-0.0125,1.6295
8781,15:13:11.953,2018,-0.0144,1.6262
8782,15:13:11.953,2018,-0.0144,1.6262
8783,15:13:11.954,2024,-0.0115,1.6311
8784,15:13:11.954,2026,-0.0105,1.6327
8785,15:13:11.955,2028,-0.0095,1.6343
8786,15:13:11.955,2026,-0.0105,1.6327
8787,15:13:11.956,2031,-0.0081,1.6367
8788,15:13:11.956,2025,-0.0110,1.6319
8789,15:13:11.957,2026,-0.0105,1.6327
8790,15:13:11.957,2025,-0.0110,1.6319
8791,15:13:11.958,2018,-0.0144,1.6262
8792,15:13:11.958,2022,-0.0125,1.6295
8793,15:13:11.959,2018,-0.0144,1.6262
8794,15:13:11.959,2021,-0.0129,1.6286
8795,15:13:11.960,2023,-0.0120,1.6303
8796,15:13:11.960,2023,-0.0120,1.6303
8797,15:13:11.961,2025,-0.0110,1.6319
8798,15:13:11.961,2026,-0.0105,1.6327
8799,15:13:11.962,2029,-0.0090,1.6351
8800,15:13:11.962,2026,-0.0105,1.6327
8801,15:13:11.963,2024,-0.0115,1.6311
8802,15:13:11.963,2019,-0.0139,1.6270
8803,15:13:11.964,2020,-0.0134,1.6278
8804,15:13:11.964,2021,-0.0129,1.6286
8805,15:13:11.965,2014,-0.0164,1.6230
8806,15:13:11.965,2017,-0.0149,1.6254
8807,15:13:11.966,2022,-0.0125,1.6295
8808,15:13:11.966,2022,-0.0125,1.6295
8809,15:13:11.967,2022,-0.0125,1.6295
8810,15:13:11.967,2024,-0.0115,1.6311
8811,15:13:11.968,2028,-0.0095,1.6343
8812,15:13:11.968,2024,-0.0115,1.6311
8813,15:13:11.969,2022,-0.0125,1.6295
8814,15:13:11.969,2022,-0.0125,1.6295
8815,15:13:11.970,2017,-0.0149,1.6254
8816,15:13:11.970,2024,-0.0115,1.6311
8817,15:13:11.971,2014,-0.0164,1.6230
8818,15:13:11.971,2019,-0.0139,1.6270
8819,15:13:11.972,2022,-0.0125,1.6295
8820,15:13:11.972,2025,-0.0110,1.6319
8821,15:13:11.973,2026,-0.0105,1.6327
8822,15:13:11.973,2023,-0.0120,1.6303
8823,15:13:11.974,2029,-0.0090,1.6351
8824,15:13:11.974,2029,-0.0090,1.6351
8825,15:13:11.975,2022,-0.0125,1.6295
8826,15:13:11.975,2021,-0.0129,1.6286
8827,15:13:11.976,2022,-0.0125,1.6295
8828,15:13:11.976,2017,-0.0149,1.6254
8829,15:13:11.977,2019,-0.0139,1.6270
8830,15:13:11.977,2016,-0.0154,1.6246
8831,15:13:11.978,2019,-0.0139,1.6270
8832,15:13:11.978,2025,-0.0110,1.6319
8833,15:13:11.979,2025,-0.0110,1.6319
8834,15:13:11.979,2029,-0.0090,1.6351
8835,15:13:11.980,2028,-0.0095,1.6343
8836,15:13:11.980,2031,-0.0081,1.6367
8837,15:13:11.981,2026,-0.0105,1.6327
8838,15:13:11.981,2022,-0.0125,1.6295
8839,15:13:11.982,2022,-0.0125,1.6295
8840,15:13:11.982,2020,-0.0134,1.6278
8841,15:13:11.983,2021,-0.0129,1.6286
8842,15:13:11.983,2019,-0.0139,1.6270
8843,15:13:11.984,2020,-0.0134,1.6278
8844,15:13:11.984,2025,-0.0110,1.6319
8845,15:13:11.985,2025,-0.0110,1.6319
8846,15:13:11.985,2029,-0.0090,1.6351
8847,15:13:11.986,2029,-0.0090,1.6351
8848,15:13:11.986,2027,-0.0100,1.6335
8849,15:13:11.987,2026,-0.0105,1.6327
8850,15:13:11.987,2021,-0.0129,1.6286
8851,15:13:11.988,2021,-0.0129,1.6286
8852,15:13:11.988,2024,-0.0115,1.6311
8853,15:13:11.989,2017,-0.0149,1.6254
8854,15:13:11.989,2016,-0.0154,1.6246
8855,15:13:11.990,2019,-0.0139,1.6270
8856,15:13:11.990,2022,-0.0125,1.6295
8857,15:13:11.991,2030,-0.0085,1.6359
8858,15:13:11.991,2027,-0.0100,1.6335
8859,15:13:11.992,2029,-0.0090,1.6351
8860,15:13:11.992,2023,-0.0120,1.6303
8861,15:13:11.993,2025,-0.0110,1.6319
8862,15:13:11.993,2025,-0.0110,1.6319
8863,15:13:11.994,2023,-0.0120,1.6303
8864,15:13:11.994,2022,-0.0125,1.6295
8865,15:13:11.995,2021,-0.0129,1.6286
8866,15:13:11.995,2018,-0.0144,1.6262
8867,15:13:11.996,2018,-0.0144,1.6262
8868,15:13:11.996,2022,-0.0125,1.6295
8869,15:13:11.997,2025,-0.0110,1.6319
8870,15:13:11.997,2023,-0.0120,1.6303
8871,15:13:11.998,2028,-0.0095,1.6343
8872,15:13:11.998,2026,-0.0105,1.6327
8873,15:13:11.999,2032,-0.0076,1.6375
8874,15:13:11.999,2027,-0.0100,1.6335
8875,15:13:12.000,2024,-0.0115,1.6311
8876,15:13:12.000,2022,-0.0125,1.6295
8877,15:13:12.001,2021,-0.0129,1.6286
8878,15:13:12.001,2019,-0.0139,1.6270
8879,15:13:12.002,2020,-0.0134,1.6278
8880,15:13:12.002,2022,-0.0125,1.6295
8881,15:13:12.003,2024,-0.0115,1.6311
8882,15:13:12.003,2030,-0.0085,1.6359
8883,15:13:12.004,2025,-0.0110,1.6319
8884,15:13:12.004,2029,-0.0090,1.6351
8885,15:13:12.005,2031,-0.0081,1.6367
8886,15:13:12.005,2027,-0.0100,1.6335
8887,15:13:12.006,2025,-0.0110,1.6319
8888,15:13:12.006,2022,-0.0125,1.6295
8889,15:13:12.007,2023,-0.0120,1.6303
8890,15:13:12.007,2019,-0.0139,1.6270
8891,15:13:12.008,2020,-0.0134,1.6278
8892,15:13:12.008,2023,-0.0120,1.6303
8893,15:13:12.009,2016,-0.0154,1.6246
8894,15:13:12.009,2027,-0.0100,1.6335
8895,15:13:12.010,2027,-0.0100,1.6335
8896,15:13:12.010,2026,-0.0105,1.6327
8897,15:13:12.011,2028,-0.0095,1.6343
8898,15:13:12.011,2025,-0.0110,1.6319
8899,15:13:12.012,2018,-0.0144,1.6262
8900,15:13:12.012,2019,-0.0139,1.6270
8901,15:13:12.013,2014,-0.0164,1.6230
8902,15:13:12.013,2016,-0.0154,1.6246
8903,15:13:12.014,2017,-0.0149,1.6254
8904,15:13:12.014,2018,-0.0144,1.6262
8905,15:13:12.015,2021,-0.0129,1.6286
8906,15:13:12.015,2023,-0.0120,1.6303
8907,15:13:12.016,2022,-0.0125,1.6295
8908,15:13:12.016,2027,-0.0100,1.6335
8909,15:13:12.017,2025,-0.0110,1.6319
8910,15:13:12.017,2022,-0.0125,1.6295
8911,15:13:12.018,2021,-0.0129,1.6286
8912,15:13:12.018,2019,-0.0139,1.6270
8913,15:13:12.019,2018,-0.0144,1.6262
8914,15:13:12.019,2017,-0.0149,1.6254
8915,15:13:12.020,2014,-0.0164,1.6230
8916,15:13:12.020,2017,-0.0149,1.6254
8917,15:13:12.021,2024,-0.0115,1.6311
8918,15:13:12.021,2023,-0.0120,1.6303
8919,15:13:12.022,2028,-0.0095,1.6343
8920,15:13:12.022,2028,-0.0095,1.6343
8921,15:13:12.023,2026,-0.0105,1.6327
8922,15:13:12.023,2027,-0.0100,1.6335
8923,15:13:12.024,2028,-0.0095,1.6343
8924,15:13:12.024,2021,-0.0129,1.6286
8925,15:13:12.025,2021,-0.0129,1.6286
8926,15:13:12.025,2019,-0.0139,1.6270
8927,15:13:12.026,2019,-0.0139,1.6270
8928,15:13:12.026,2024,-0.0115,1.6311
8929,15:13:12.027,2022,-0.0125,1.6295
8930,15:13:12.027,2023,-0.0120,1.6303
8931,15:13:12.028,2025,-0.0110,1.6319
8932,15:13:12.028,2031,-0.0081,1.6367
8933,15:13:12.029,2028,-0.0095,1.6343
8934,15:13:12.029,2028,-0.0095,1.6343
8935,15:13:12.030,2025,-0.0110,1.6319
8936,15:13:12.030,2024,-0.0115,1.6311
8937,15:13:12.031,2020,-0.0134,1.6278
8938,15:13:12.031,2022,-0.0125,1.6295
8939,15:13:12.032,2018,-0.0144,1.6262
8940,15:13:12.032,2020,-0.0134,1.6278
8941,15:13:12.033,2019,-0.0139,1.6270
8942,15:13:12.033,2025,-0.0110,1.6319
8943,15:13:12.034,2027,-0.0100,1.6335
8944,15:13:12.034,2025,-0.0110,1.6319
8945,15:13:12.035,2027,-0.0100,1.6335
8946,15:13:12.035,2031,-0.0081,1.6367
8947,15:13:12.036,2026,-0.0105,1.6327
8948,15:13:12.036,2025,-0.0110,1.6319
8949,15:13:12.037,2020,-0.0134,1.6278
8950,15:13:12.037,2017,-0.0149,1.6254
8951,15:13:12.038,2015,-0.0159,1.6238
8952,15:13:12.038,2016,-0.0154,1.6246
8953,15:13:12.039,2019,-0.0139,1.6270
8954,15:13:12.039,2021,-0.0129,1.6286
8955,15:13:12.040,2025,-0.0110,1.6319
8956,15:13:12.040,2027,-0.0100,1.6335
8957,15:13:12.041,2025,-0.0110,1.6319
8958,15:13:12.041,2032,-0.0076,1.6375
8959,15:13:12.042,2025,-0.0110,1.6319
8960,15:13:12.042,2023,-0.0120,1.6303
8961,15:13:12.043,2019,-0.0139,1.6270
8962,15:13:12.043,2018,-0.0144,1.6262
8963,15:13:12.044,2015,-0.0159,1.6238
8964,15:13:12.044,2021,-0.0129,1.6286
8965,15:13:12.045,2019,-0.0139,1.6270
8966,15:13:12.045,2019,-0.0139,1.6270
8967,15:13:12.046,2019,-0.0139,1.6270
8968,15:13:12.046,2025,-0.0110,1.6319
8969,15:13:12.047,2028,-0.0095,1.6343
8970,15:13:12.047,2026,-0.0105,1.6327
8971,15:13:12.048,2028,-0.0095,1.6343
8972,15:13:12.048,2023,-0.0120,1.6303
8973,15:13:12.049,2022,-0.0125,1.6295
8974,15:13:12.049,2020,-0.0134,1.6278
8975,15:13:12.050,2013,-0.0168,1.6222
8976,15:13:12.050,2021,-0.0129,1.6286
8977,15:13:12.051,2016,-0.0154,1.6246
8978,15:13:12.051,2020,-0.0134,1.6278
8979,15:13:12.052,2021,-0.0129,1.6286
8980,15:13:12.052,2029,-0.0090,1.6351
8981,15:13:12.053,2028,-0.0095,1.6343
8982,15:13:12.053,2029,-0.0090,1.6351
8983,15:13:12.054,2030,-0.0085,1.6359
8984,15:13:12.054,2024,-0.0115,1.6311
8985,15:13:12.055,2020,-0.0134,1.6278
8986,15:13:12.055,2019,-0.0139,1.6270
8987,15:13:12.056,2015,-0.0159,1.6238
8988,15:13:12.056,2020,-0.0134,1.6278
8989,15:13:12.057,2017,-0.0149,1.6254
8990,15:13:12.057,2023,-0.0120,1.6303
8991,15:13:12.058,2023,-0.0120,1.6303
8992,15:13:12.058,2024,-0.0115,1.6311
8993,15:13:12.059,2029,-0.0090,1.6351
8994,15:13:12.059,2027,-0.0100,1.6335
8995,15:13:12.060,2028,-0.0095,1.6343
8996,15:13:12.060,2024,-0.0115,1.6311
8997,15:13:12.061,2024,-0.0115,1.6311
8998,15:13:12.061,2023,-0.0120,1.6303
8999,15:13:12.062,2021,-0.0129,1.6286
9000,15:13:12.062,2020,-0.0134,1.6278
9001,15:13:12.063,2018,-0.0144,1.6262
9002,15:13:12.063,2020,-0.0134,1.6278
9003,15:13:12.064,2016,-0.0154,1.6246
9004,15:13:12.064,2023,-0.0120,1.6303
9005,15:13:12.065,2028,-0.0095,1.6343
9006,15:13:12.065,2027,-0.0100,1.6335
9007,15:13:12.066,2027,-0.0100,1.6335
9008,15:13:12.066,2028,-0.0095,1.6343
9009,15:13:12.067,2019,-0.0139,1.6270
9010,15:13:12.067,2017,-0.0149,1.6254
9011,15:13:12.068,2019,-0.0139,1.6270
9012,15:13:12.068,2020,-0.0134,1.6278
9013,15:13:12.069,2012,-0.0173,1.6214
9014,15:13:12.069,2018,-0.0144,1.6262
9015,15:13:12.070,2023,-0.0120,1.6303
9016,15:13:12.070,2027,-0.0100,1.6335
9017,15:13:12.071,2023,-0.0120,1.6303
9018,15:13:12.071,2026,-0.0105,1.6327
9019,15:13:12.072,2027,-0.0100,1.6335
9020,15:13:12.072,2031,-0.0081,1.6367
9021,15:13:12.073,2025,-0.0110,1.6319
9022,15:13:12.073,2020,-0.0134,1.6278
9023,15:13:12.074,2019,-0.0139,1.6270
9024,15:13:12.074,2017,-0.0149,1.6254
9025,15:13:12.075,2019,-0.0139,1.6270
9026,15:13:12.075,2016,-0.0154,1.6246
9027,15:13:12.076,2023,-0.0120,1.6303
9028,15:13:12.076,2023,-0.0120,1.6303
9029,15:13:12.077,2023,-0.0120,1.6303
9030,15:13:12.077,2025,-0.0110,1.6319
9031,15:13:12.078,2029,-0.0090,1.6351
9032,15:13:12.078,2024,-0.0115,1.6311
9033,15:13:12.079,2027,-0.0100,1.6335
9034,15:13:12.079,2024,-0.0115,1.6311
9035,15:13:12.080,2020,-0.0134,1.6278
9036,15:13:12.080,2018,-0.0144,1.6262
9037,15:13:12.081,2020,-0.0134,1.6278
9038,15:13:12.081,2015,-0.0159,1.6238
9039,15:13:12.082,2022,-0.0125,1.6295
9040,15:13:12.082,2024,-0.0115,1.6311
9041,15:13:12.083,2028,-0.0095,1.6343
9042,15:13:12.083,2027,-0.0100,1.6335
9043,15:13:12.084,2026,-0.0105,1.6327
9044,15:13:12.084,2026,-0.0105,1.6327
9045,15:13:12.085,2027,-0.0100,1.6335
9046,15:13:12.085,2024,-0.0115,1.6311
9047,15:13:12.086,2023,-0.0120,1.6303
9048,15:13:12.086,2021,-0.0129,1.6286
9049,15:13:12.087,2019,-0.0139,1.6270
9050,15:13:12.087,2018,-0.0144,1.6262
9051,15:13:12.088,2019,-0.0139,1.6270
9052,15:13:12.088,2022,-0.0125,1.6295
9053,15:13:12.089,2024,-0.0115,1.6311
9054,15:13:12.089,2024,-0.0115,1.6311
9055,15:13:12.090,2025,-0.0110,1.6319
9056,15:13:12.090,2027,-0.0100,1.6335
9057,15:13:12.091,2026,-0.0105,1.6327
9058,15:13:12.091,2021,-0.0129,1.6286
9059,15:13:12.092,2021,-0.0129,1.6286
9060,15:13:12.092,2022,-0.0125,1.6295
9061,15:13:12.093,2018,-0.0144,1.6262
9062,15:13:12.093,2022,-0.0125,1.6295
9063,15:13:12.094,2021,-0.0129,1.6286
9064,15:13:12.094,2022,-0.0125,1.6295
9065,15:13:12.095,2024,-0.0115,1.6311
9066,15:13:12.095,2029,-0.0090,1.6351
9067,15:13:12.096,2030,-0.0085,1.6359
9068,15:13:12.096,2024,-0.0115,1.6311
9069,15:13:12.097,2029,-0.0090,1.6351
9070,15:13:12.097,2023,-0.0120,1.6303
9071,15:13:12.098,2023,-0.0120,1.6303
9072,15:13:12.098,2022,-0.0125,1.6295
9073,15:13:12.099,2019,-0.0139,1.6270
9074,15:13:12.099,2016,-0.0154,1.6246
9075,15:13:12.100,2018,-0.0144,1.6262
9076,15:13:12.100,2023,-0.0120,1.6303
9077,15:13:12.101,2025,-0.0110,1.6319
9078,15:13:12.101,2023,-0.0120,1.6303
9079,15:13:12.102,2027,-0.0100,1.6335
9080,15:13:12.102,2027,-0.0100,1.6335
9081,15:13:12.103,2026,-0.0105,1.6327
9082,15:13:12.103,2025,-0.0110,1.6319
9083,15:13:12.104,2023,-0.0120,1.6303
9084,15:13:12.104,2022,-0.0125,1.6295
9085,15:13:12.105,2019,-0.0139,1.6270
9086,15:13:12.105,2015,-0.0159,1.6238
9087,15:13:12.106,2019,-0.0139,1.6270
9088,15:13:12.106,2018,-0.0144,1.6262
9089,15:13:12.107,2024,-0.0115,1.6311
9090,15:13:12.107,2028,-0.0095,1.6343
9091,15:13:12.108,2026,-0.0105,1.6327
9092,15:13:12.108,2028,-0.0095,1.6343
9093,15:13:12.109,2030,-0.0085,1.6359
9094,15:13:12.109,2027,-0.0100,1.6335
9095,15:13:12.110,2023,-0.0120,1.6303
9096,15:13:12.110,2023,-0.0120,1.6303
9097,15:13:12.111,2022,-0.0125,1.6295
9098,15:13:12.111,2018,-0.0144,1.6262
9099,15:13:12.112,2016,-0.0154,1.6246
9100,15:13:12.112,2020,-0.0134,1.6278
9101,15:13:12.113,2022,-0.0125,1.6295
9102,15:13:12.113,2023,-0.0120,1.6303
9103,15:13:12.114,2032,-0.0076,1.6375
9104,15:13:12.114,2028,-0.0095,1.6343
9105,15:13:12.115,2031,-0.0081,1.6367
9106,15:13:12.115,2026,-0.0105,1.6327
9107,15:13:12.116,2026,-0.0105,1.6327
9108,15:13:12.116,2023,-0.0120,1.6303
9109,15:13:12.117,2018,-0.0144,1.6262
9110,15:13:12.117,2017,-0.0149,1.6254
9111,15:13:12.118,2020,-0.0134,1.6278
9112,15:13:12.118,2018,-0.0144,1.6262
9113,15:13:12.119,2021,-0.0129,1.6286
9114,15:13:12.119,2027,-0.0100,1.6335
9115,15:13:12.120,2028,-0.0095,1.6343
9116,15:13:12.120,2029,-0.0090,1.6351
9117,15:13:12.121,2028,-0.0095,1.6343
9118,15:13:12.121,2029,-0.0090,1.6351
9119,15:13:12.122,2022,-0.0125,1.6295
9120,15:13:12.122,2018,-0.0144,1.6262
9121,15:13:12.123,2020,-0.0134,1.6278
9122,15:13:12.123,2020,-0.0134,1.6278
9123,15:13:12.124,2020,-0.0134,1.6278
9124,15:13:12.124,2023,-0.0120,1.6303
9125,15:13:12.125,2019,-0.0139,1.6270
9126,15:13:12.125,2024,-0.0115,1.6311
9127,15:13:12.126,2023,-0.0120,1.6303
9128,15:13:12.126,2024,-0.0115,1.6311
9129,15:13:12.127,2029,-0.0090,1.6351
9130,15:13:12.127,2027,-0.0100,1.6335
9131,15:13:12.128,2023,-0.0120,1.6303
9132,15:13:12.128,2019,-0.0139,1.6270
9133,15:13:12.129,2018,-0.0144,1.6262
9134,15:13:12.129,2020,-0.0134,1.6278
9135,15:13:12.130,2018,-0.0144,1.6262
9136,15:13:12.130,2016,-0.0154,1.6246
9137,15:13:12.131,2022,-0.0125,1.6295
9138,15:13:12.131,2024,-0.0115,1.6311
9139,15:13:12.132,2025,-0.0110,1.6319
9140,15:13:12.132,2028,-0.0095,1.6343
9141,15:13:12.133,2028,-0.0095,1.6343
9142,15:13:12.133,2027,-0.0100,1.6335
9143,15:13:12.134,2019,-0.0139,1.6270
9144,15:13:12.134,2019,-0.0139,1.6270
9145,15:13:12.135,2022,-0.0125,1.6295
9146,15:13:12.135,2021,-0.0129,1.6286
9147,15:13:12.136,2021,-0.0129,1.6286
9148,15:13:12.136,2016,-0.0154,1.6246
9149,15:13:12.137,2021,-0.0129,1.6286
9150,15:13:12.137,2023,-0.0120,1.6303
9151,15:13:12.138,2026,-0.0105,1.6327
9152,15:13:12.138,2026,-0.0105,1.6327
9153,15:13:12.139,2026,-0.0105,1.6327
9154,15:13:12.139,2028,-0.0095,1.6343
9155,15:13:12.140,2027,-0.0100,1.6335
9156,15:13:12.140,2022,-0.0125,1.6295
9157,15:13:12.141,2021,-0.0129,1.6286
9158,15:13:12.141,2019,-0.0139,1.6270
9159,15:13:12.142,2025,-0.0110,1.6319
9160,15:13:12.142,2020,-0.0134,1.6278
9161,15:13:12.143,2022,-0.0125,1.6295
9162,15:13:12.143,2026,-0.0105,1.6327
9163,15:13:12.144,2025,-0.0110,1.6319
9164,15:13:12.144,2028,-0.0095,1.6343
9165,15:13:12.145,2031,-0.0081,1.6367
9166,15:13:12.145,2028,-0.0095,1.6343
9167,15:13:12.146,2025,-0.0110,1.6319
9168,15:13:12.146,2024,-0.0115,1.6311
9169,15:13:12.147,2025,-0.0110,1.6319
9170,15:13:12.147,2020,-0.0134,1.6278
9171,15:13:12.148,2020,-0.0134,1.6278
9172,15:13:12.148,2021,-0.0129,1.6286
9173,15:13:12.149,2017,-0.0149,1.6254
9174,15:13:12.149,2022,-0.0125,1.6295
9175,15:13:12.150,2025,-0.0110,1.6319
9176,15:13:12.150,2024,-0.0115,1.6311
9177,15:13:12.151,2027,-0.0100,1.6335
9178,15:13:12.151,2024,-0.0115,1.6311
9179,15:13:12.152,2026,-0.0105,1.6327
9180,15:13:12.152,2021,-0.0129,1.6286
9181,15:13:12.153,2020,-0.0134,1.6278
9182,15:13:12.153,2021,-0.0129,1.6286
9183,15:13:12.154,2020,-0.0134,1.6278
9184,15:13:12.154,2016,-0.0154,1.6246
9185,15:13:12.155,2016,-0.0154,1.6246
9186,15:13:12.155,2019,-0.0139,1.6270
9187,15:13:12.156,2022,-0.0125,1.6295
9188,15:13:12.156,2023,-0.0120,1.6303
9189,15:13:12.157,2022,-0.0125,1.6295
9190,15:13:12.157,2027,-0.0100,1.6335
9191,15:13:12.158,2024,-0.0115,1.6311
9192,15:13:12.158,2022,-0.0125,1.6295
9193,15:13:12.159,2022,-0.0125,1.6295
9194,15:13:12.159,2020,-0.0134,1.6278
9195,15:13:12.160,2019,-0.0139,1.6270
9196,15:13:12.160,2015,-0.0159,1.6238
9197,15:13:12.161,2013,-0.0168,1.6222
9198,15:13:12.161,2013,-0.0168,1.6222
9199,15:13:12.162,2022,-0.0125,1.6295
9200,15:13:12.162,2026,-0.0105,1.6327
9201,15:13:12.163,2027,-0.0100,1.6335
9202,15:13:12.163,2025,-0.0110,1.6319
9203,15:13:12.164,2027,-0.0100,1.6335
9204,15:13:12.164,2026,-0.0105,1.6327
9205,15:13:12.165,2018,-0.0144,1.6262
9206,15:13:12.165,2016,-0.0154,1.6246
9207,15:13:12.166,2016,-0.0154,1.6246
9208,15:13:12.166,2020,-0.0134,1.6278
9209,15:13:12.167,2017,-0.0149,1.6254
9210,15:13:12.167,2018,-0.0144,1.6262
9211,15:13:12.168,2024,-0.0115,1.6311
9212,15:13:12.168,2022,-0.0125,1.6295
9213,15:13:12.169,2022,-0.0125,1.6295
9214,15:13:12.169,2028,-0.0095,1.6343
9215,15:13:12.170,2032,-0.0076,1.6375
9216,15:13:12.170,2025,-0.0110,1.6319
9217,15:13:12.171,2023,-0.0120,1.6303
9218,15:13:12.171,2021,-0.0129,1.6286
9219,15:13:12.172,2020,-0.0134,1.6278
9220,15:13:12.172,2021,-0.0129,1.6286
9221,15:13:12.173,2017,-0.0149,1.6254
9222,15:13:12.173,2018,-0.0144,1.6262
9223,15:13:12.174,2022,-0.0125,1.6295
9224,15:13:12.174,2024,-0.0115,1.6311
9225,15:13:12.175,2024,-0.0115,1.6311
9226,15:13:12.175,2029,-0.0090,1.6351
9227,15:13:12.176,2029,-0.0090,1.6351
9228,15:13:12.176,2029,-0.0090,1.6351
9229,15:13:12.177,2024,-0.0115,1.6311
9230,15:13:12.177,2026,-0.0105,1.6327
9231,15:13:12.178,2023,-0.0120,1.6303
9232,15:13:12.178,2023,-0.0120,1.6303
9233,15:13:12.179,2017,-0.0149,1.6254
9234,15:13:12.179,2022,-0.0125,1.6295
9235,15:13:12.180,2023,-0.0120,1.6303
9236,15:13:12.180,2023,-0.0120,1.6303
9237,15:13:12.181,2031,-0.0081,1.6367
9238,15:13:12.181,2027,-0.0100,1.6335
9239,15:13:12.182,2026,-0.0105,1.6327
9240,15:13:12.182,2026,-0.0105,1.6327
9241,15:13:12.183,2026,-0.0105,1.6327
9242,15:13:12.183,2024,-0.0115,1.6311
9243,15:13:12.184,2019,-0.0139,1.6270
9244,15:13:12.184,2022,-0.0125,1.6295
9245,15:13:12.185,2016,-0.0154,1.6246
9246,15:13:12.185,2020,-0.0134,1.6278
9247,15:13:12.186,2018,-0.0144,1.6262
9248,15:13:12.186,2022,-0.0125,1.6295
9249,15:13:12.187,2023,-0.0120,1.6303
9250,15:13:12.187,2024,-0.0115,1.6311
9251,15:13:12.188,2021,-0.0129,1.6286
9252,15:13:12.188,2024,-0.0115,1.6311
9253,15:13:12.189,2024,-0.0115,1.6311
9254,15:13:12.189,2019,-0.0139,1.6270
9255,15:13:12.190,2021,-0.0129,1.6286
9256,15:13:12.190,2020,-0.0134,1.6278
9257,15:13:12.191,2016,-0.0154,1.6246
9258,15:13:12.191,2020,-0.0134,1.6278
9259,15:13:12.192,2013,-0.0168,1.6222
9260,15:13:12.192,2020,-0.0134,1.6278
9261,15:13:12.193,2025,-0.0110,1.6319
9262,15:13:12.193,2024,-0.0115,1.6311
9263,15:13:12.194,2023,-0.0120,1.6303
9264,15:13:12.194,2027,-0.0100,1.6335
9265,15:13:12.195,2026,-0.0105,1.6327
9266,15:13:12.195,2024,-0.0115,1.6311
9267,15:13:12.196,2023,-0.0120,1.6303
9268,15:13:12.196,2015,-0.0159,1.6238
9269,15:13:12.197,2019,-0.0139,1.6270
9270,15:13:12.197,2019,-0.0139,1.6270
9271,15:13:12.198,2018,-0.0144,1.6262
9272,15:13:12.198,2022,-0.0125,1.6295
9273,15:13:12.199,2020,-0.0134,1.6278
9274,15:13:12.199,2025,-0.0110,1.6319
9275,15:13:12.200,2030,-0.0085,1.6359
9276,15:13:12.200,2027,-0.0100,1.6335
9277,15:13:12.201,2022,-0.0125,1.6295
9278,15:13:12.201,2025,-0.0110,1.6319
9279,15:13:12.202,2021,-0.0129,1.6286
9280,15:13:12.202,2020,-0.0134,1.6278
9281,15:13:12.203,2022,-0.0125,1.6295
9282,15:13:12.203,2021,-0.0129,1.6286
9283,15:13:12.204,2023,-0.0120,1.6303
9284,15:13:12.204,2025,-0.0110,1.6319
9285,15:13:12.205,2024,-0.0115,1.6311
9286,15:13:12.205,2028,-0.0095,1.6343
9287,15:13:12.206,2032,-0.0076,1.6375
9288,15:13:12.206,2028,-0.0095,1.6343
9289,15:13:12.207,2027,-0.0100,1.6335
9290,15:13:12.207,2023,-0.0120,1.6303
9291,15:13:12.208,2023,-0.0120,1.6303
9292,15:13:12.208,2025,-0.0110,1.6319
9293,15:13:12.209,2020,-0.0134,1.6278
9294,15:13:12.209,2018,-0.0144,1.6262
9295,15:13:12.210,2016,-0.0154,1.6246
9296,15:13:12.210,2020,-0.0134,1.6278
9297,15:13:12.211,2024,-0.0115,1.6311
9298,15:13:12.211,2026,-0.0105,1.6327
9299,15:13:12.212,2026,-0.0105,1.6327
9300,15:13:12.212,2029,-0.0090,1.6351
9301,15:13:12.213,2028,-0.0095,1.6343
9302,15:13:12.213,2022,-0.0125,1.6295
9303,15:13:12.214,2024,-0.0115,1.6311
9304,15:13:12.214,2020,-0.0134,1.6278
9305,15:13:12.215,2017,-0.0149,1.6254
9306,15:13:12.215,2015,-0.0159,1.6238
9307,15:13:12.216,2019,-0.0139,1.6270
9308,15:13:12.216,2019,-0.0139,1.6270
9309,15:13:12.217,2024,-0.0115,1.6311
9310,15:13:12.217,2018,-0.0144,1.6262
9311,15:13:12.218,2025,-0.0110,1.6319
9312,15:13:12.218,2028,-0.0095,1.6343
9313,15:13:12.219,2023,-0.0120,1.6303
9314,15:13:12.219,2022,-0.0125,1.6295
9315,15:13:12.220,2020,-0.0134,1.6278
9316,15:13:12.220,2018,-0.0144,1.6262
9317,15:13:12.221,2018,-0.0144,1.6262
9318,15:13:12.221,2017,-0.0149,1.6254
9319,15:13:12.222,2018,-0.0144,1.6262
9320,15:13:12.222,2020,-0.0134,1.6278
9321,15:13:12.223,2021,-0.0129,1.6286
9322,15:13:12.223,2022,-0.0125,1.6295
9323,15:13:12.224,2023,-0.0120,1.6303
9324,15:13:12.224,2027,-0.0100,1.6335
9325,15:13:12.225,2027,-0.0100,1.6335
9326,15:13:12.225,2028,-0.0095,1.6343
9327,15:13:12.226,2025,-0.0110,1.6319
9328,15:13:12.226,2023,-0.0120,1.6303
9329,15:13:12.227,2020,-0.0134,1.6278
9330,15:13:12.227,2019,-0.0139,1.6270
9331,15:13:12.228,2017,-0.0149,1.6254
9332,15:13:12.228,2017,-0.0149,1.6254
9333,15:13:12.229,2024,-0.0115,1.6311
9334,15:13:12.229,2023,-0.0120,1.6303
9335,15:13:12.230,2023,-0.0120,1.6303
9336,15:13:12.230,2026,-0.0105,1.6327
9337,15:13:12.231,2031,-0.0081,1.6367
9338,15:13:12.231,2028,-0.0095,1.6343
9339,15:13:12.232,2027,-0.0100,1.6335
9340,15:13:12.232,2018,-0.0144,1.6262
9341,15:13:12.233,2022,-0.0125,1.6295
9342,15:13:12.233,2022,-0.0125,1.6295
9343,15:13:12.234,2014,-0.0164,1.6230
9344,15:13:12.234,2017,-0.0149,1.6254
9345,15:13:12.235,2023,-0.0120,1.6303
9346,15:13:12.235,2023,-0.0120,1.6303
9347,15:13:12.236,2026,-0.0105,1.6327
9348,15:13:12.236,2025,-0.0110,1.6319
9349,15:13:12.237,2027,-0.0100,1.6335
9350,15:13:12.237,2026,-0.0105,1.6327
9351,15:13:12.238,2026,-0.0105,1.6327
9352,15:13:12.238,2024,-0.0115,1.6311
9353,15:13:12.239,2020,-0.0134,1.6278
9354,15:13:12.239,2023,-0.0120,1.6303
9355,15:13:12.240,2017,-0.0149,1.6254
9356,15:13:12.240,2016,-0.0154,1.6246
9357,15:13:12.241,2021,-0.0129,1.6286
9358,15:13:12.241,2022,-0.0125,1.6295
9359,15:13:12.242,2023,-0.0120,1.6303
9360,15:13:12.242,2025,-0.0110,1.6319
9361,15:13:12.243,2029,-0.0090,1.6351
9362,15:13:12.243,2026,-0.0105,1.6327
9363,15:13:12.244,2028,-0.0095,1.6343
9364,15:13:12.244,2025,-0.0110,1.6319
9365,15:13:12.245,2020,-0.0134,1.6278
9366,15:13:12.245,2021,-0.0129,1.6286
9367,15:13:12.246,2017,-0.0149,1.6254
9368,15:13:12.246,2016,-0.0154,1.6246
9369,15:13:12.247,2020,-0.0134,1.6278
9370,15:13:12.247,2024,-0.0115,1.6311
9371,15:13:12.248,2022,-0.0125,1.6295
9372,15:13:12.248,2028,-0.0095,1.6343
9373,15:13:12.249,2025,-0.0110,1.6319
9374,15:13:12.249,2023,-0.0120,1.6303
9375,15:13:12.250,2027,-0.0100,1.6335
9376,15:13:12.250,2022,-0.0125,1.6295
9377,15:13:12.251,2023,-0.0120,1.6303
9378,15:13:12.251,2019,-0.0139,1.6270
9379,15:13:12.252,2017,-0.0149,1.6254
9380,15:13:12.252,2019,-0.0139,1.6270
9381,15:13:12.253,2016,-0.0154,1.6246
9382,15:13:12.253,2020,-0.0134,1.6278
9383,15:13:12.254,2023,-0.0120,1.6303
9384,15:13:12.254,2024,-0.0115,1.6311
9385,15:13:12.255,2025,-0.0110,1.6319
9386,15:13:12.255,2028,-0.0095,1.6343
9387,15:13:12.256,2024,-0.0115,1.6311
9388,15:13:12.256,2022,-0.0125,1.6295
9389,15:13:12.257,2020,-0.0134,1.6278
9390,15:13:12.257,2019,-0.0139,1.6270
9391,15:13:12.258,2019,-0.0139,1.6270
9392,15:13:12.258,2020,-0.0134,1.6278
9393,15:13:12.259,2013,-0.0168,1.6222
9394,15:13:12.259,2018,-0.0144,1.6262
9395,15:13:12.260,2022,-0.0125,1.6295
9396,15:13:12.260,2021,-0.0129,1.6286
9397,15:13:12.261,2026,-0.0105,1.6327
9398,15:13:12.261,2025,-0.0110,1.6319
9399,15:13:12.262,2027,-0.0100,1.6335
9400,15:13:12.262,2025,-0.0110,1.6319
9401,15:13:12.263,2022,-0.0125,1.6295
9402,15:13:12.263,2023,-0.0120,1.6303
9403,15:13:12.264,2018,-0.0144,1.6262
9404,15:13:12.264,2015,-0.0159,1.6238
9405,15:13:12.265,2018,-0.0144,1.6262
9406,15:13:12.265,2020,-0.0134,1.6278
9407,15:13:12.266,2022,-0.0125,1.6295
9408,15:13:12.266,2021,-0.0129,1.6286
9409,15:13:12.267,2025,-0.0110,1.6319
9410,15:13:12.267,2030,-0.0085,1.6359
9411,15:13:12.268,2030,-0.0085,1.6359
9412,15:13:12.268,2023,-0.0120,1.6303
9413,15:13:12.269,2023,-0.0120,1.6303
9414,15:13:12.269,2025,-0.0110,1.6319
9415,15:13:12.270,2021,-0.0129,1.6286
9416,15:13:12.270,2018,-0.0144,1.6262
9417,15:13:12.271,2018,-0.0144,1.6262
9418,15:13:12.271,2025,-0.0110,1.6319
9419,15:13:12.272,2019,-0.0139,1.6270
9420,15:13:12.272,2024,-0.0115,1.6311
9421,15:13:12.273,2023,-0.0120,1.6303
9422,15:13:12.273,2027,-0.0100,1.6335
9423,15:13:12.274,2026,-0.0105,1.6327
9424,15:13:12.274,2027,-0.0100,1.6335
9425,15:13:12.275,2022,-0.0125,1.6295
9426,15:13:12.275,2023,-0.0120,1.6303
9427,15:13:12.276,2023,-0.0120,1.6303
9428,15:13:12.276,2022,-0.0125,1.6295
9429,15:13:12.277,2014,-0.0164,1.6230
9430,15:13:12.277,2018,-0.0144,1.6262
9431,15:13:12.278,2020,-0.0134,1.6278
9432,15:13:12.278,2023,-0.0120,1.6303
9433,15:13:12.279,2024,-0.0115,1.6311
9434,15:13:12.279,2024,-0.0115,1.6311
9435,15:13:12.280,2028,-0.0095,1.6343
9436,15:13:12.280,2023,-0.0120,1.6303
9437,15:13:12.281,2024,-0.0115,1.6311
9438,15:13:12.281,2019,-0.0139,1.6270
9439,15:13:12.282,2018,-0.0144,1.6262
9440,15:13:12.282,2017,-0.0149,1.6254
9441,15:13:12.283,2015,-0.0159,1.6238
9442,15:13:12.283,2015,-0.0159,1.6238
9443,15:13:12.284,2018,-0.0144,1.6262
9444,15:13:12.284,2021,-0.0129,1.6286
9445,15:13:12.285,2026,-0.0105,1.6327
9446,15:13:12.285,2027,-0.0100,1.6335
9447,15:13:12.286,2025,-0.0110,1.6319
9448,15:13:12.286,2024,-0.0115,1.6311
9449,15:13:12.287,2025,-0.0110,1.6319
9450,15:13:12.287,2021,-0.0129,1.6286
9451,15:13:12.288,2022,-0.0125,1.6295
9452,15:13:12.288,2022,-0.0125,1.6295
9453,15:13:12.289,2018,-0.0144,1.6262
9454,15:13:12.289,2021,-0.0129,1.6286
9455,15:13:12.290,2020,-0.0134,1.6278
9456,15:13:12.290,2021,-0.0129,1.6286
9457,15:13:12.291,2026,-0.0105,1.6327
9458,15:13:12.291,2028,-0.0095,1.6343
9459,15:13:12.292,2029,-0.0090,1.6351
9460,15:13:12.292,2031,-0.0081,1.6367
9461,15:13:12.293,2024,-0.0115,1.6311
9462,15:13:12.293,2024,-0.0115,1.6311
9463,15:13:12.294,2022,-0.0125,1.6295
9464,15:13:12.294,2022,-0.0125,1.6295
9465,15:13:12.295,2021,-0.0129,1.6286
9466,15:13:12.295,2022,-0.0125,1.6295
9467,15:13:12.296,2021,-0.0129,1.6286
9468,15:13:12.296,2027,-0.0100,1.6335
9469,15:13:12.297,2025,-0.0110,1.6319
9470,15:13:12.297,2029,-0.0090,1.6351
9471,15:13:12.298,2031,-0.0081,1.6367
9472,15:13:12.298,2028,-0.0095,1.6343
9473,15:13:12.299,2025,-0.0110,1.6319
9474,15:13:12.299,2024,-0.0115,1.6311
9475,15:13:12.300,2024,-0.0115,1.6311
9476,15:13:12.300,2023,-0.0120,1.6303
9477,15:13:12.301,2022,-0.0125,1.6295
9478,15:13:12.301,2018,-0.0144,1.6262
9479,15:13:12.302,2021,-0.0129,1.6286
9480,15:13:12.302,2019,-0.0139,1.6270
9481,15:13:12.303,2026,-0.0105,1.6327
9482,15:13:12.303,2028,-0.0095,1.6343
9483,15:13:12.304,2025,-0.0110,1.6319
9484,15:13:12.304,2030,-0.0085,1.6359
9485,15:13:12.305,2024,-0.0115,1.6311
9486,15:13:12.305,2023,-0.0120,1.6303
9487,15:13:12.306,2021,-0.0129,1.6286
9488,15:13:12.306,2019,-0.0139,1.6270
9489,15:13:12.307,2020,-0.0134,1.6278
9490,15:13:12.307,2019,-0.0139,1.6270
9491,15:13:12.308,2020,-0.0134,1.6278
9492,15:13:12.308,2021,-0.0129,1.6286
9493,15:13:12.309,2024,-0.0115,1.6311
9494,15:13:12.309,2022,-0.0125,1.6295
9495,15:13:12.310,2023,-0.0120,1.6303
9496,15:13:12.310,2026,-0.0105,1.6327
9497,15:13:12.311,2022,-0.0125,1.6295
9498,15:13:12.311,2022,-0.0125,1.6295
9499,15:13:12.312,2025,-0.0110,1.6319
9500,15:13:12.312,2018,-0.0144,1.6262
9501,15:13:12.313,2019,-0.0139,1.6270
9502,15:13:12.313,2020,-0.0134,1.6278
9503,15:13:12.314,2020,-0.0134,1.6278
9504,15:13:12.314,2016,-0.0154,1.6246
9505,15:13:12.315,2022,-0.0125,1.6295
9506,15:13:12.315,2026,-0.0105,1.6327
9507,15:13:12.316,2026,-0.0105,1.6327
9508,15:13:12.316,2027,-0.0100,1.6335
9509,15:13:12.317,2026,-0.0105,1.6327
9510,15:13:12.317,2023,-0.0120,1.6303
9511,15:13:12.318,2027,-0.0100,1.6335
9512,15:13:12.318,2025,-0.0110,1.6319
9513,15:13:12.319,2023,-0.0120,1.6303
9514,15:13:12.319,2014,-0.0164,1.6230
9515,15:13:12.320,2020,-0.0134,1.6278
9516,15:13:12.320,2022,-0.0125,1.6295
9517,15:13:12.321,2029,-0.0090,1.6351
9518,15:13:12.321,2026,-0.0105,1.6327
9519,15:13:12.322,2026,-0.0105,1.6327
9520,15:13:12.322,2029,-0.0090,1.6351
9521,15:13:12.323,2029,-0.0090,1.6351
9522,15:13:12.323,2025,-0.0110,1.6319
9523,15:13:12.324,2025,-0.0110,1.6319
9524,15:13:12.324,2026,-0.0105,1.6327
9525,15:13:12.325,2022,-0.0125,1.6295
9526,15:13:12.325,2021,-0.0129,1.6286
9527,15:13:12.326,2023,-0.0120,1.6303
9528,15:13:12.326,2026,-0.0105,1.6327
9529,15:13:12.327,2018,-0.0144,1.6262
9530,15:13:12.327,2021,-0.0129,1.6286
9531,15:13:12.328,2024,-0.0115,1.6311
9532,15:13:12.328,2025,-0.0110,1.6319
9533,15:13:12.329,2028,-0.0095,1.6343
9534,15:13:12.329,2026,-0.0105,1.6327
9535,15:13:12.330,2020,-0.0134,1.6278
9536,15:13:12.330,2025,-0.0110,1.6319
9537,15:13:12.331,2021,-0.0129,1.6286
9538,15:13:12.331,2022,-0.0125,1.6295
9539,15:13:12.332,2019,-0.0139,1.6270
9540,15:13:12.332,2025,-0.0110,1.6319
9541,15:13:12.333,2022,-0.0125,1.6295
9542,15:13:12.333,2021,-0.0129,1.6286
9543,15:13:12.334,2027,-0.0100,1.6335
9544,15:13:12.334,2029,-0.0090,1.6351
9545,15:13:12.335,2029,-0.0090,1.6351
9546,15:13:12.335,2025,-0.0110,1.6319
9547,15:13:12.336,2023,-0.0120,1.6303
9548,15:13:12.336,2021,-0.0129,1.6286
9549,15:13:12.337,2020,-0.0134,1.6278
9550,15:13:12.337,2018,-0.0144,1.6262
9551,15:13:12.338,2014,-0.0164,1.6230
9552,15:13:12.338,2020,-0.0134,1.6278
9553,15:13:12.339,2018,-0.0144,1.6262
9554,15:13:12.339,2024,-0.0115,1.6311
9555,15:13:12.340,2026,-0.0105,1.6327
9556,15:13:12.340,2022,-0.0125,1.6295
9557,15:13:12.341,2025,-0.0110,1.6319
9558,15:13:12.341,2024,-0.0115,1.6311
9559,15:13:12.342,2022,-0.0125,1.6295
9560,15:13:12.342,2020,-0.0134,1.6278
9561,15:13:12.343,2018,-0.0144,1.6262
9562,15:13:12.343,2020,-0.0134,1.6278
9563,15:13:12.344,2019,-0.0139,1.6270
9564,15:13:12.344,2015,-0.0159,1.6238
9565,15:13:12.345,2018,-0.0144,1.6262
9566,15:13:12.345,2021,-0.0129,1.6286
9567,15:13:12.346,2024,-0.0115,1.6311
9568,15:13:12.346,2024,-0.0115,1.6311
9569,15:13:12.347,2030,-0.0085,1.6359
9570,15:13:12.347,2027,-0.0100,1.6335
9571,15:13:12.348,2023,-0.0120,1.6303
9572,15:13:12.348,2020,-0.0134,1.6278
9573,15:13:12.349,2023,-0.0120,1.6303
9574,15:13:12.349,2022,-0.0125,1.6295
9575,15:13:12.350,2020,-0.0134,1.6278
9576,15:13:12.350,2020,-0.0134,1.6278
9577,15:13:12.351,2021,-0.0129,1.6286
9578,15:13:12.351,2023,-0.0120,1.6303
9579,15:13:12.352,2024,-0.0115,1.6311
9580,15:13:12.352,2021,-0.0129,1.6286
9581,15:13:12.353,2025,-0.0110,1.6319
9582,15:13:12.353,2027,-0.0100,1.6335
9583,15:13:12.354,2024,-0.0115,1.6311
9584,15:13:12.354,2024,-0.0115,1.6311
9585,15:13:12.355,2025,-0.0110,1.6319
9586,15:13:12.355,2021,-0.0129,1.6286
9587,15:13:12.356,2019,-0.0139,1.6270
9588,15:13:12.356,2020,-0.0134,1.6278
9589,15:13:12.357,2019,-0.0139,1.6270
9590,15:13:12.357,2026,-0.0105,1.6327
9591,15:13:12.358,2023,-0.0120,1.6303
9592,15:13:12.358,2024,-0.0115,1.6311
9593,15:13:12.359,2025,-0.0110,1.6319
9594,15:13:12.359,2027,-0.0100,1.6335
9595,15:13:12.360,2025,-0.0110,1.6319
9596,15:13:12.360,2024,-0.0115,1.6311
9597,15:13:12.361,2024,-0.0115,1.6311
9598,15:13:12.361,2024,-0.0115,1.6311
9599,15:13:12.362,2023,-0.0120,1.6303
9600,15:13:12.362,2019,-0.0139,1.6270
9601,15:13:12.363,2019,-0.0139,1.6270
9602,15:13:12.363,2024,-0.0115,1.6311
9603,15:13:12.364,2023,-0.0120,1.6303
9604,15:13:12.364,2024,-0.0115,1.6311
9605,15:13:12.365,2029,-0.0090,1.6351
9606,15:13:12.365,2027,-0.0100,1.6335
9607,15:13:12.366,2027,-0.0100,1.6335
9608,15:13:12.366,2024,-0.0115,1.6311
9609,15:13:12.367,2020,-0.0134,1.6278
9610,15:13:12.367,2021,-0.0129,1.6286
9611,15:13:12.368,2019,-0.0139,1.6270
9612,15:13:12.368,2020,-0.0134,1.6278
9613,15:13:12.369,2020,-0.0134,1.6278
9614,15:13:12.369,2023,-0.0120,1.6303
9615,15:13:12.370,2022,-0.0125,1.6295
9616,15:13:12.370,2029,-0.0090,1.6351
9617,15:13:12.371,2027,-0.0100,1.6335
9618,15:13:12.371,2026,-0.0105,1.6327
9619,15:13:12.372,2024,-0.0115,1.6311
9620,15:13:12.372,2025,-0.0110,1.6319
9621,15:13:12.373,2023,-0.0120,1.6303
9622,15:13:12.373,2024,-0.0115,1.6311
9623,15:13:12.374,2021,-0.0129,1.6286
9624,15:13:12.374,2022,-0.0125,1.6295
9625,15:13:12.375,2022,-0.0125,1.6295
9626,15:13:12.375,2020,-0.0134,1.6278
9627,15:13:12.376,2023,-0.0120,1.6303
9628,15:13:12.376,2024,-0.0115,1.6311
9629,15:13:12.377,2024,-0.0115,1.6311
9630,15:13:12.377,2027,-0.0100,1.6335
9631,15:13:12.378,2026,-0.0105,1.6327
9632,15:13:12.378,2024,-0.0115,1.6311
9633,15:13:12.379,2024,-0.0115,1.6311
9634,15:13:12.379,2025,-0.0110,1.6319
9635,15:13:12.380,2022,-0.0125,1.6295
9636,15:13:12.380,2019,-0.0139,1.6270
9637,15:13:12.381,2022,-0.0125,1.6295
9638,15:13:12.381,2025,-0.0110,1.6319
9639,15:13:12.382,2019,-0.0139,1.6270
9640,15:13:12.382,2024,-0.0115,1.6311
9641,15:13:12.383,2023,-0.0120,1.6303
9642,15:13:12.383,2025,-0.0110,1.6319
9643,15:13:12.384,2023,-0.0120,1.6303
9644,15:13:12.384,2020,-0.0134,1.6278
9645,15:13:12.385,2024,-0.0115,1.6311
9646,15:13:12.385,2019,-0.0139,1.6270
9647,15:13:12.386,2019,-0.0139,1.6270
9648,15:13:12.386,2022,-0.0125,1.6295
9649,15:13:12.387,2019,-0.0139,1.6270
9650,15:13:12.387,2017,-0.0149,1.6254
9651,15:13:12.388,2021,-0.0129,1.6286
9652,15:13:12.388,2024,-0.0115,1.6311
9653,15:13:12.389,2026,-0.0105,1.6327
9654,15:13:12.389,2025,-0.0110,1.6319
9655,15:13:12.390,2027,-0.0100,1.6335
9656,15:13:12.390,2025,-0.0110,1.6319
9657,15:13:12.391,2023,-0.0120,1.6303
9658,15:13:12.391,2024,-0.0115,1.6311
9659,15:13:12.392,2021,-0.0129,1.6286
9660,15:13:12.392,2020,-0.0134,1.6278
9661,15:13:12.393,2022,-0.0125,1.6295
9662,15:13:12.393,2020,-0.0134,1.6278
9663,15:13:12.394,2023,-0.0120,1.6303
9664,15:13:12.394,2026,-0.0105,1.6327
9665,15:13:12.395,2028,-0.0095,1.6343
9666,15:13:12.395,2029,-0.0090,1.6351
9667,15:13:12.396,2029,-0.0090,1.6351
9668,15:13:12.396,2027,-0.0100,1.6335
9669,15:13:12.397,2026,-0.0105,1.6327
9670,15:13:12.397,2025,-0.0110,1.6319
9671,15:13:12.398,2019,-0.0139,1.6270
9672,15:13:12.398,2024,-0.0115,1.6311
9673,15:13:12.399,2021,-0.0129,1.6286
9674,15:13:12.399,2021,-0.0129,1.6286
9675,15:13:12.400,2024,-0.0115,1.6311
9676,15:13:12.400,2022,-0.0125,1.6295
9677,15:13:12.401,2021,-0.0129,1.6286
9678,15:13:12.401,2028,-0.0095,1.6343
9679,15:13:12.402,2027,-0.0100,1.6335
9680,15:13:12.402,2027,-0.0100,1.6335
9681,15:13:12.403,2024,-0.0115,1.6311
9682,15:13:12.403,2019,-0.0139,1.6270
9683,15:13:12.404,2021,-0.0129,1.6286
9684,15:13:12.404,2020,-0.0134,1.6278
9685,15:13:12.405,2018,-0.0144,1.6262
9686,15:13:12.405,2017,-0.0149,1.6254
9687,15:13:12.406,2018,-0.0144,1.6262
9688,15:13:12.406,2023,-0.0120,1.6303
9689,15:13:12.407,2023,-0.0120,1.6303
9690,15:13:12.407,2023,-0.0120,1.6303
9691,15:13:12.408,2025,-0.0110,1.6319
9692,15:13:12.408,2027,-0.0100,1.6335
9693,15:13:12.409,2026,-0.0105,1.6327
9694,15:13:12.409,2024,-0.0115,1.6311
9695,15:13:12.410,2020,-0.0134,1.6278
9696,15:13:12.410,2023,-0.0120,1.6303
9697,15:13:12.411,2019,-0.0139,1.6270
9698,15:13:12.411,2018,-0.0144,1.6262
9699,15:13:12.412,2019,-0.0139,1.6270
9700,15:13:12.412,2021,-0.0129,1.6286
9701,15:13:12.413,2025,-0.0110,1.6319
9702,15:13:12.413,2024,-0.0115,1.6311
9703,15:13:12.414,2028,-0.0095,1.6343
9704,15:13:12.414,2028,-0.0095,1.6343
9705,15:13:12.415,2025,-0.0110,1.6319
9706,15:13:12.415,2025,-0.0110,1.6319
9707,15:13:12.416,2020,-0.0134,1.6278
9708,15:13:12.416,2025,-0.0110,1.6319
9709,15:13:12.417,2017,-0.0149,1.6254
9710,15:13:12.417,2019,-0.0139,1.6270
9711,15:13:12.418,2020,-0.0134,1.6278
9712,15:13:12.418,2025,-0.0110,1.6319
9713,15:13:12.419,2025,-0.0110,1.6319
9714,15:13:12.419,2028,-0.0095,1.6343
9715,15:13:12.420,2026,-0.0105,1.6327
9716,15:13:12.420,2026,-0.0105,1.6327
9717,15:13:12.421,2028,-0.0095,1.6343
9718,15:13:12.421,2021,-0.0129,1.6286
9719,15:13:12.422,2025,-0.0110,1.6319
9720,15:13:12.422,2022,-0.0125,1.6295
9721,15:13:12.423,2019,-0.0139,1.6270
9722,15:13:12.423,2019,-0.0139,1.6270
9723,15:13:12.424,2019,-0.0139,1.6270
9724,15:13:12.424,2020,-0.0134,1.6278
9725,15:13:12.425,2022,-0.0125,1.6295
9726,15:13:12.425,2026,-0.0105,1.6327
9727,15:13:12.426,2025,-0.0110,1.6319
9728,15:13:12.426,2023,-0.0120,1.6303
9729,15:13:12.427,2028,-0.0095,1.6343
9730,15:13:12.427,2023,-0.0120,1.6303
9731,15:13:12.428,2025,-0.0110,1.6319
9732,15:13:12.428,2023,-0.0120,1.6303
9733,15:13:12.429,2022,-0.0125,1.6295
9734,15:13:12.429,2021,-0.0129,1.6286
9735,15:13:12.430,2023,-0.0120,1.6303
9736,15:13:12.430,2018,-0.0144,1.6262
9737,15:13:12.431,2024,-0.0115,1.6311
9738,15:13:12.431,2025,-0.0110,1.6319
9739,15:13:12.432,2027,-0.0100,1.6335
9740,15:13:12.432,2027,-0.0100,1.6335
9741,15:13:12.433,2024,-0.0115,1.6311
9742,15:13:12.433,2027,-0.0100,1.6335
9743,15:13:12.434,2022,-0.0125,1.6295
9744,15:13:12.434,2023,-0.0120,1.6303
9745,15:13:12.435,2023,-0.0120,1.6303
9746,15:13:12.435,2020,-0.0134,1.6278
9747,15:13:12.436,2017,-0.0149,1.6254
9748,15:13:12.436,2019,-0.0139,1.6270
9749,15:13:12.437,2021,-0.0129,1.6286
9750,15:13:12.437,2022,-0.0125,1.6295
9751,15:13:12.438,2023,-0.0120,1.6303
9752,15:13:12.438,2025,-0.0110,1.6319
9753,15:13:12.439,2028,-0.0095,1.6343
9754,15:13:12.439,2024,-0.0115,1.6311
9755,15:13:12.440,2025,-0.0110,1.6319
9756,15:13:12.440,2021,-0.0129,1.6286
9757,15:13:12.441,2014,-0.0164,1.6230
9758,15:13:12.441,2017,-0.0149,1.6254
9759,15:13:12.442,2020,-0.0134,1.6278
9760,15:13:12.442,2020,-0.0134,1.6278
9761,15:13:12.443,2021,-0.0129,1.6286
9762,15:13:12.443,2023,-0.0120,1.6303
9763,15:13:12.444,2022,-0.0125,1.6295
9764,15:13:12.444,2023,-0.0120,1.6303
9765,15:13:12.445,2026,-0.0105,1.6327
9766,15:13:12.445,2023,-0.0120,1.6303
9767,15:13:12.446,2026,-0.0105,1.6327
9768,15:13:12.446,2023,-0.0120,1.6303
9769,15:13:12.447,2018,-0.0144,1.6262
9770,15:13:12.447,2023,-0.0120,1.6303
9771,15:13:12.448,2020,-0.0134,1.6278
9772,15:13:12.448,2019,-0.0139,1.6270
9773,15:13:12.449,2023,-0.0120,1.6303
9774,15:13:12.449,2017,-0.0149,1.6254
9775,15:13:12.450,2022,-0.0125,1.6295
9776,15:13:12.450,2025,-0.0110,1.6319
9777,15:13:12.451,2026,-0.0105,1.6327
9778,15:13:12.451,2028,-0.0095,1.6343
9779,15:13:12.452,2021,-0.0129,1.6286
9780,15:13:12.452,2024,-0.0115,1.6311
9781,15:13:12.453,2021,-0.0129,1.6286
9782,15:13:12.453,2018,-0.0144,1.6262
9783,15:13:12.454,2016,-0.0154,1.6246
9784,15:13:12.454,2019,-0.0139,1.6270
9785,15:13:12.455,2021,-0.0129,1.6286
9786,15:13:12.455,2022,-0.0125,1.6295
9787,15:13:12.456,2025,-0.0110,1.6319
9788,15:13:12.456,2028,-0.0095,1.6343
9789,15:13:12.457,2026,-0.0105,1.6327
9790,15:13:12.457,2028,-0.0095,1.6343
9791,15:13:12.458,2025,-0.0110,1.6319
9792,15:13:12.458,2025,-0.0110,1.6319
9793,15:13:12.459,2019,-0.0139,1.6270
9794,15:13:12.459,2021,-0.0129,1.6286
9795,15:13:12.460,2018,-0.0144,1.6262
9796,15:13:12.460,2018,-0.0144,1.6262
9797,15:13:12.461,2023,-0.0120,1.6303
9798,15:13:12.461,2024,-0.0115,1.6311
9799,15:13:12.462,2025,-0.0110,1.6319
9800,15:13:12.462,2024,-0.0115,1.6311
9801,15:13:12.463,2025,-0.0110,1.6319
9802,15:13:12.463,2027,-0.0100,1.6335
9803,15:13:12.464,2026,-0.0105,1.6327
9804,15:13:12.464,2018,-0.0144,1.6262
9805,15:13:12.465,2025,-0.0110,1.6319
9806,15:13:12.465,2022,-0.0125,1.6295
9807,15:13:12.466,2022,-0.0125,1.6295
9808,15:13:12.466,2018,-0.0144,1.6262
9809,15:13:12.467,2023,-0.0120,1.6303
9810,15:13:12.467,2017,-0.0149,1.6254
9811,15:13:12.468,2023,-0.0120,1.6303
9812,15:13:12.468,2025,-0.0110,1.6319
9813,15:13:12.469,2029,-0.0090,1.6351
9814,15:13:12.469,2024,-0.0115,1.6311
9815,15:13:12.470,2023,-0.0120,1.6303
9816,15:13:12.470,2025,-0.0110,1.6319
9817,15:13:12.471,2020,-0.0134,1.6278
9818,15:13:12.471,2023,-0.0120,1.6303
9819,15:13:12.472,2024,-0.0115,1.6311
9820,15:13:12.472,2017,-0.0149,1.6254
9821,15:13:12.473,2019,-0.0139,1.6270
9822,15:13:12.473,2020,-0.0134,1.6278
9823,15:13:12.474,2021,-0.0129,1.6286
9824,15:13:12.474,2023,-0.0120,1.6303
9825,15:13:12.475,2031,-0.0081,1.6367
9826,15:13:12.475,2025,-0.0110,1.6319
9827,15:13:12.476,2027,-0.0100,1.6335
9828,15:13:12.476,2023,-0.0120,1.6303
9829,15:13:12.477,2022,-0.0125,1.6295
9830,15:13:12.477,2022,-0.0125,1.6295
9831,15:13:12.478,2022,-0.0125,1.6295
9832,15:13:12.478,2022,-0.0125,1.6295
9833,15:13:12.479,2016,-0.0154,1.6246
9834,15:13:12.479,2019,-0.0139,1.6270
9835,15:13:12.480,2021,-0.0129,1.6286
9836,15:13:12.480,2023,-0.0120,1.6303
9837,15:13:12.481,2026,-0.0105,1.6327
9838,15:13:12.481,2025,-0.0110,1.6319
9839,15:13:12.482,2029,-0.0090,1.6351
9840,15:13:12.482,2027,-0.0100,1.6335
9841,15:13:12.483,2023,-0.0120,1.6303
9842,15:13:12.483,2022,-0.0125,1.6295
9843,15:13:12.484,2023,-0.0120,1.6303
9844,15:13:12.484,2017,-0.0149,1.6254
9845,15:13:12.485,2020,-0.0134,1.6278
9846,15:13:12.485,2019,-0.0139,1.6270
9847,15:13:12.486,2025,-0.0110,1.6319
9848,15:13:12.486,2026,-0.0105,1.6327
9849,15:13:12.487,2029,-0.0090,1.6351
9850,15:13:12.487,2028,-0.0095,1.6343
9851,15:13:12.488,2033,-0.0071,1.6383
9852,15:13:12.488,2025,-0.0110,1.6319
9853,15:13:12.489,2024,-0.0115,1.6311
9854,15:13:12.489,2024,-0.0115,1.6311
9855,15:13:12.490,2028,-0.0095,1.6343
9856,15:13:12.490,2020,-0.0134,1.6278
9857,15:13:12.491,2019,-0.0139,1.6270
9858,15:13:12.491,2022,-0.0125,1.6295
9859,15:13:12.492,2020,-0.0134,1.6278
9860,15:13:12.492,2025,-0.0110,1.6319
9861,15:13:12.493,2028,-0.0095,1.6343
9862,15:13:12.493,2028,-0.0095,1.6343
9863,15:13:12.494,2024,-0.0115,1.6311
9864,15:13:12.494,2024,-0.0115,1.6311
9865,15:13:12.495,2023,-0.0120,1.6303
9866,15:13:12.495,2023,-0.0120,1.6303
9867,15:13:12.496,2023,-0.0120,1.6303
9868,15:13:12.496,2020,-0.0134,1.6278
9869,15:13:12.497,2022,-0.0125,1.6295
9870,15:13:12.497,2018,-0.0144,1.6262
9871,15:13:12.498,2017,-0.0149,1.6254
9872,15:13:12.498,2022,-0.0125,1.6295
9873,15:13:12.499,2023,-0.0120,1.6303
9874,15:13:12.499,2027,-0.0100,1.6335
9875,15:13:12.500,2026,-0.0105,1.6327
9876,15:13:12.500,2026,-0.0105,1.6327
9877,15:13:12.501,2022,-0.0125,1.6295
9878,15:13:12.501,2024,-0.0115,1.6311
9879,15:13:12.502,2023,-0.0120,1.6303
9880,15:13:12.502,2022,-0.0125,1.6295
9881,15:13:12.503,2019,-0.0139,1.6270
9882,15:13:12.503,2018,-0.0144,1.6262
9883,15:13:12.504,2023,-0.0120,1.6303
9884,15:13:12.504,2023,-0.0120,1.6303
9885,15:13:12.505,2023,-0.0120,1.6303
9886,15:13:12.505,2024,-0.0115,1.6311
9887,15:13:12.506,2028,-0.0095,1.6343
9888,15:13:12.506,2023,-0.0120,1.6303
9889,15:13:12.507,2025,-0.0110,1.6319
9890,15:13:12.507,2024,-0.0115,1.6311
9891,15:13:12.508,2023,-0.0120,1.6303
9892,15:13:12.508,2022,-0.0125,1.6295
9893,15:13:12.509,2017,-0.0149,1.6254
9894,15:13:12.509,2015,-0.0159,1.6238
9895,15:13:12.510,2021,-0.0129,1.6286
9896,15:13:12.510,2021,-0.0129,1.6286
9897,15:13:12.511,2023,-0.0120,1.6303
9898,15:13:12.511,2029,-0.0090,1.6351
9899,15:13:12.512,2028,-0.0095,1.6343
9900,15:13:12.512,2027,-0.0100,1.6335
9901,15:13:12.513,2023,-0.0120,1.6303
9902,15:13:12.513,2023,-0.0120,1.6303
9903,15:13:12.514,2021,-0.0129,1.6286
9904,15:13:12.514,2023,-0.0120,1.6303
9905,15:13:12.515,2019,-0.0139,1.6270
9906,15:13:12.515,2018,-0.0144,1.6262
9907,15:13:12.516,2021,-0.0129,1.6286
9908,15:13:12.516,2026,-0.0105,1.6327
9909,15:13:12.517,2023,-0.0120,1.6303
9910,15:13:12.517,2026,-0.0105,1.6327
9911,15:13:12.518,2024,-0.0115,1.6311
9912,15:13:12.518,2025,-0.0110,1.6319
9913,15:13:12.519,2029,-0.0090,1.6351
9914,15:13:12.519,2024,-0.0115,1.6311
9915,15:13:12.520,2023,-0.0120,1.6303
9916,15:13:12.520,2020,-0.0134,1.6278
9917,15:13:12.521,2021,-0.0129,1.6286
9918,15:13:12.521,2017,-0.0149,1.6254
9919,15:13:12.522,2020,-0.0134,1.6278
9920,15:13:12.522,2021,-0.0129,1.6286
9921,15:13:12.523,2027,-0.0100,1.6335
9922,15:13:12.523,2023,-0.0120,1.6303
9923,15:13:12.524,2024,-0.0115,1.6311
9924,15:13:12.524,2025,-0.0110,1.6319
9925,15:13:12.525,2029,-0.0090,1.6351
9926,15:13:12.525,2022,-0.0125,1.6295
9927,15:13:12.526,2022,-0.0125,1.6295
9928,15:13:12.526,2024,-0.0115,1.6311
9929,15:13:12.527,2018,-0.0144,1.6262
9930,15:13:12.527,2017,-0.0149,1.6254
9931,15:13:12.528,2021,-0.0129,1.6286
9932,15:13:12.528,2021,-0.0129,1.6286
9933,15:13:12.529,2020,-0.0134,1.6278
9934,15:13:12.529,2025,-0.0110,1.6319
9935,15:13:12.530,2025,-0.0110,1.6319
9936,15:13:12.530,2026,-0.0105,1.6327
9937,15:13:12.531,2027,-0.0100,1.6335
9938,15:13:12.531,2027,-0.0100,1.6335
9939,15:13:12.532,2024,-0.0115,1.6311
9940,15:13:12.532,2023,-0.0120,1.6303
9941,15:13:12.533,2024,-0.0115,1.6311
9942,15:13:12.533,2017,-0.0149,1.6254
9943,15:13:12.534,2021,-0.0129,1.6286
9944,15:13:12.534,2021,-0.0129,1.6286
9945,15:13:12.535,2022,-0.0125,1.6295
9946,15:13:12.535,2026,-0.0105,1.6327
9947,15:13:12.536,2025,-0.0110,1.6319
9948,15:13:12.536,2026,-0.0105,1.6327
9949,15:13:12.537,2026,-0.0105,1.6327
9950,15:13:12.537,2025,-0.0110,1.6319
9951,15:13:12.538,2023,-0.0120,1.6303
9952,15:13:12.538,2021,-0.0129,1.6286
9953,15:13:12.539,2022,-0.0125,1.6295
9954,15:13:12.539,2017,-0.0149,1.6254
9955,15:13:12.540,2022,-0.0125,1.6295
9956,15:13:12.540,2021,-0.0129,1.6286
9957,15:13:12.541,2026,-0.0105,1.6327
9958,15:13:12.541,2023,-0.0120,1.6303
9959,15:13:12.542,2030,-0.0085,1.6359
9960,15:13:12.542,2025,-0.0110,1.6319
9961,15:13:12.543,2024,-0.0115,1.6311
9962,15:13:12.543,2023,-0.0120,1.6303
9963,15:13:12.544,2022,-0.0125,1.6295
9964,15:13:12.544,2023,-0.0120,1.6303
9965,15:13:12.545,2021,-0.0129,1.6286
9966,15:13:12.545,2018,-0.0144,1.6262
9967,15:13:12.546,2019,-0.0139,1.6270
9968,15:13:12.546,2017,-0.0149,1.6254
9969,15:13:12.547,2018,-0.0144,1.6262
9970,15:13:12.547,2023,-0.0120,1.6303
9971,15:13:12.548,2027,-0.0100,1.6335
9972,15:13:12.548,2022,-0.0125,1.6295
9973,15:13:12.549,2027,-0.0100,1.6335
9974,15:13:12.549,2023,-0.0120,1.6303
9975,15:13:12.550,2022,-0.0125,1.6295
9976,15:13:12.550,2023,-0.0120,1.6303
9977,15:13:12.551,2019,-0.0139,1.6270
9978,15:13:12.551,2016,-0.0154,1.6246
9979,15:13:12.552,2015,-0.0159,1.6238
9980,15:13:12.552,2019,-0.0139,1.6270
9981,15:13:12.553,2019,-0.0139,1.6270
9982,15:13:12.553,2022,-0.0125,1.6295
9983,15:13:12.554,2026,-0.0105,1.6327
9984,15:13:12.554,2025,-0.0110,1.6319
9985,15:13:12.555,2028,-0.0095,1.6343
9986,15:13:12.555,2026,-0.0105,1.6327
9987,15:13:12.556,2025,-0.0110,1.6319
9988,15:13:12.556,2023,-0.0120,1.6303
9989,15:13:12.557,2021,-0.0129,1.6286
9990,15:13:12.557,2020,-0.0134,1.6278
9991,15:13:12.558,2018,-0.0144,1.6262
9992,15:13:12.558,2019,-0.0139,1.6270
9993,15:13:12.559,2024,-0.0115,1.6311
9994,15:13:12.559,2022,-0.0125,1.6295
9995,15:13:12.560,2025,-0.0110,1.6319
9996,15:13:12.560,2028,-0.0095,1.6343
9997,15:13:12.561,2025,-0.0110,1.6319
9998,15:13:12.561,2025,-0.0110,1.6319
9999,15:13:12.562,2030,-0.0085,1.6359
10000,15:13:12.562,2024,-0.0115,1.6311
10001,15:13:12.563,2023,-0.0120,1.6303
10002,15:13:12.563,2021,-0.0129,1.6286
10003,15:13:12.564,2020,-0.0134,1.6278
10004,15:13:12.564,2024,-0.0115,1.6311
10005,15:13:12.565,2021,-0.0129,1.6286
10006,15:13:12.565,2019,-0.0139,1.6270
10007,15:13:12.566,2023,-0.0120,1.6303
10008,15:13:12.566,2026,-0.0105,1.6327
10009,15:13:12.567,2027,-0.0100,1.6335
10010,15:13:12.567,2024,-0.0115,1.6311
10011,15:13:12.568,2026,-0.0105,1.6327
10012,15:13:12.568,2023,-0.0120,1.6303
10013,15:13:12.569,2020,-0.0134,1.6278
10014,15:13:12.569,2020,-0.0134,1.6278
10015,15:13:12.570,2021,-0.0129,1.6286
10016,15:13:12.570,2018,-0.0144,1.6262
10017,15:13:12.571,2017,-0.0149,1.6254
10018,15:13:12.571,2019,-0.0139,1.6270
10019,15:13:12.572,2021,-0.0129,1.6286
10020,15:13:12.572,2024,-0.0115,1.6311
10021,15:13:12.573,2026,-0.0105,1.6327
10022,15:13:12.573,2024,-0.0115,1.6311
10023,15:13:12.574,2024,-0.0115,1.6311
10024,15:13:12.574,2023,-0.0120,1.6303
10025,15:13:12.575,2020,-0.0134,1.6278
10026,15:13:12.575,2019,-0.0139,1.6270
10027,15:13:12.576,2025,-0.0110,1.6319
10028,15:13:12.576,2016,-0.0154,1.6246
10029,15:13:12.577,2017,-0.0149,1.6254
10030,15:13:12.577,2018,-0.0144,1.6262
10031,15:13:12.578,2020,-0.0134,1.6278
10032,15:13:12.578,2026,-0.0105,1.6327
10033,15:13:12.579,2025,-0.0110,1.6319
10034,15:13:12.579,2024,-0.0115,1.6311
10035,15:13:12.580,2025,-0.0110,1.6319
10036,15:13:12.580,2023,-0.0120,1.6303
10037,15:13:12.581,2022,-0.0125,1.6295
10038,15:13:12.581,2025,-0.0110,1.6319
10039,15:13:12.582,2022,-0.0125,1.6295
10040,15:13:12.582,2018,-0.0144,1.6262
10041,15:13:12.583,2018,-0.0144,1.6262
10042,15:13:12.583,2023,-0.0120,1.6303
10043,15:13:12.584,2023,-0.0120,1.6303
10044,15:13:12.584,2024,-0.0115,1.6311
10045,15:13:12.585,2026,-0.0105,1.6327
10046,15:13:12.585,2029,-0.0090,1.6351
10047,15:13:12.586,2026,-0.0105,1.6327
10048,15:13:12.586,2021,-0.0129,1.6286
10049,15:13:12.587,2024,-0.0115,1.6311
10050,15:13:12.587,2024,-0.0115,1.6311
10051,15:13:12.588,2024,-0.0115,1.6311
10052,15:13:12.588,2022,-0.0125,1.6295
10053,15:13:12.589,2021,-0.0129,1.6286
10054,15:13:12.589,2024,-0.0115,1.6311
10055,15:13:12.590,2025,-0.0110,1.6319
10056,15:13:12.590,2026,-0.0105,1.6327
10057,15:13:12.591,2025,-0.0110,1.6319
10058,15:13:12.591,2027,-0.0100,1.6335
10059,15:13:12.592,2033,-0.0071,1.6383
10060,15:13:12.592,2028,-0.0095,1.6343
10061,15:13:12.593,2023,-0.0120,1.6303
10062,15:13:12.593,2023,-0.0120,1.6303
10063,15:13:12.594,2018,-0.0144,1.6262
10064,15:13:12.594,2019,-0.0139,1.6270
10065,15:13:12.595,2019,-0.0139,1.6270
10066,15:13:12.595,2019,-0.0139,1.6270
10067,15:13:12.596,2023,-0.0120,1.6303
10068,15:13:12.596,2024,-0.0115,1.6311
10069,15:13:12.597,2019,-0.0139,1.6270
10070,15:13:12.597,2025,-0.0110,1.6319
10071,15:13:12.598,2028,-0.0095,1.6343
10072,15:13:12.598,2026,-0.0105,1.6327
10073,15:13:12.599,2020,-0.0134,1.6278
10074,15:13:12.599,2024,-0.0115,1.6311
10075,15:13:12.600,2025,-0.0110,1.6319
10076,15:13:12.600,2023,-0.0120,1.6303
10077,15:13:12.601,2016,-0.0154,1.6246
10078,15:13:12.601,2018,-0.0144,1.6262
10079,15:13:12.602,2019,-0.0139,1.6270
10080,15:13:12.602,2023,-0.0120,1.6303
10081,15:13:12.603,2026,-0.0105,1.6327
10082,15:13:12.603,2022,-0.0125,1.6295
10083,15:13:12.604,2027,-0.0100,1.6335
10084,15:13:12.604,2027,-0.0100,1.6335
10085,15:13:12.605,2023,-0.0120,1.6303
10086,15:13:12.605,2022,-0.0125,1.6295
10087,15:13:12.606,2027,-0.0100,1.6335
10088,15:13:12.606,2019,-0.0139,1.6270
10089,15:13:12.607,2021,-0.0129,1.6286
10090,15:13:12.607,2017,-0.0149,1.6254
10091,15:13:12.608,2021,-0.0129,1.6286
10092,15:13:12.608,2020,-0.0134,1.6278
10093,15:13:12.609,2024,-0.0115,1.6311
10094,15:13:12.609,2027,-0.0100,1.6335
10095,15:13:12.610,2029,-0.0090,1.6351
10096,15:13:12.610,2026,-0.0105,1.6327
10097,15:13:12.611,2023,-0.0120,1.6303
10098,15:13:12.611,2024,-0.0115,1.6311
10099,15:13:12.612,2024,-0.0115,1.6311
10100,15:13:12.612,2021,-0.0129,1.6286
10101,15:13:12.613,2023,-0.0120,1.6303
10102,15:13:12.613,2020,-0.0134,1.6278
10103,15:13:12.614,2023,-0.0120,1.6303
10104,15:13:12.614,2026,-0.0105,1.6327
10105,15:13:12.615,2027,-0.0100,1.6335
10106,15:13:12.615,2025,-0.0110,1.6319
10107,15:13:12.616,2024,-0.0115,1.6311
10108,15:13:12.616,2029,-0.0090,1.6351
10109,15:13:12.617,2029,-0.0090,1.6351
10110,15:13:12.617,2027,-0.0100,1.6335
10111,15:13:12.618,2025,-0.0110,1.6319
10112,15:13:12.618,2023,-0.0120,1.6303
10113,15:13:12.619,2021,-0.0129,1.6286
10114,15:13:12.619,2018,-0.0144,1.6262
10115,15:13:12.620,2019,-0.0139,1.6270
10116,15:13:12.620,2027,-0.0100,1.6335
10117,15:13:12.621,2021,-0.0129,1.6286
10118,15:13:12.621,2027,-0.0100,1.6335
10119,15:13:12.622,2026,-0.0105,1.6327
10120,15:13:12.622,2024,-0.0115,1.6311
10121,15:13:12.623,2026,-0.0105,1.6327
10122,15:13:12.623,2025,-0.0110,1.6319
10123,15:13:12.624,2022,-0.0125,1.6295
10124,15:13:12.624,2019,-0.0139,1.6270
10125,15:13:12.625,2017,-0.0149,1.6254
10126,15:13:12.625,2017,-0.0149,1.6254
10127,15:13:12.626,2020,-0.0134,1.6278
10128,15:13:12.626,2022,-0.0125,1.6295
10129,15:13:12.627,2018,-0.0144,1.6262
10130,15:13:12.627,2025,-0.0110,1.6319
10131,15:13:12.628,2027,-0.0100,1.6335
10132,15:13:12.628,2028,-0.0095,1.6343
10133,15:13:12.629,2026,-0.0105,1.6327
10134,15:13:12.629,2024,-0.0115,1.6311
10135,15:13:12.630,2019,-0.0139,1.6270
10136,15:13:12.630,2017,-0.0149,1.6254
10137,15:13:12.631,2024,-0.0115,1.6311
10138,15:13:12.631,2016,-0.0154,1.6246
10139,15:13:12.632,2019,-0.0139,1.6270
10140,15:13:12.632,2022,-0.0125,1.6295
10141,15:13:12.633,2021,-0.0129,1.6286
10142,15:13:12.633,2026,-0.0105,1.6327
10143,15:13:12.634,2026,-0.0105,1.6327
10144,15:13:12.634,2024,-0.0115,1.6311
10145,15:13:12.635,2024,-0.0115,1.6311
10146,15:13:12.635,2027,-0.0100,1.6335
10147,15:13:12.636,2025,-0.0110,1.6319
10148,15:13:12.636,2022,-0.0125,1.6295
10149,15:13:12.637,2020,-0.0134,1.6278
10150,15:13:12.637,2025,-0.0110,1.6319
10151,15:13:12.638,2022,-0.0125,1.6295
10152,15:13:12.638,2018,-0.0144,1.6262
10153,15:13:12.639,2023,-0.0120,1.6303
10154,15:13:12.639,2023,-0.0120,1.6303
10155,15:13:12.640,2028,-0.0095,1.6343
10156,15:13:12.640,2031,-0.0081,1.6367
10157,15:13:12.641,2029,-0.0090,1.6351
10158,15:13:12.641,2026,-0.0105,1.6327
10159,15:13:12.642,2025,-0.0110,1.6319
10160,15:13:12.642,2022,-0.0125,1.6295
10161,15:13:12.643,2024,-0.0115,1.6311
10162,15:13:12.643,2019,-0.0139,1.6270
10163,15:13:12.644,2025,-0.0110,1.6319
10164,15:13:12.644,2020,-0.0134,1.6278
10165,15:13:12.645,2027,-0.0100,1.6335
10166,15:13:12.645,2022,-0.0125,1.6295
10167,15:13:12.646,2024,-0.0115,1.6311
10168,15:13:12.646,2028,-0.0095,1.6343
10169,15:13:12.647,2030,-0.0085,1.6359
10170,15:13:12.647,2027,-0.0100,1.6335
10171,15:13:12.648,2025,-0.0110,1.6319
10172,15:13:12.648,2021,-0.0129,1.6286
10173,15:13:12.649,2021,-0.0129,1.6286
10174,15:13:12.649,2019,-0.0139,1.6270
10175,15:13:12.650,2017,-0.0149,1.6254
10176,15:13:12.650,2019,-0.0139,1.6270
10177,15:13:12.651,2019,-0.0139,1.6270
10178,15:13:12.651,2024,-0.0115,1.6311
10179,15:13:12.652,2023,-0.0120,1.6303
10180,15:13:12.652,2027,-0.0100,1.6335
10181,15:13:12.653,2024,-0.0115,1.6311
10182,15:13:12.653,2024,-0.0115,1.6311
10183,15:13:12.654,2025,-0.0110,1.6319
10184,15:13:12.654,2019,-0.0139,1.6270
10185,15:13:12.655,2019,-0.0139,1.6270
10186,15:13:12.655,2019,-0.0139,1.6270
10187,15:13:12.656,2018,-0.0144,1.6262
10188,15:13:12.656,2015,-0.0159,1.6238
10189,15:13:12.657,2021,-0.0129,1.6286
10190,15:13:12.657,2021,-0.0129,1.6286
10191,15:13:12.658,2024,-0.0115,1.6311
10192,15:13:12.658,2024,-0.0115,1.6311
10193,15:13:12.659,2025,-0.0110,1.6319
10194,15:13:12.659,2024,-0.0115,1.6311
10195,15:13:12.660,2025,-0.0110,1.6319
10196,15:13:12.660,2022,-0.0125,1.6295
10197,15:13:12.661,2021,-0.0129,1.6286
10198,15:13:12.661,2020,-0.0134,1.6278
10199,15:13:12.662,2018,-0.0144,1.6262
10200,15:13:12.662,2019,-0.0139,1.6270
10201,15:13:12.663,2020,-0.0134,1.6278
10202,15:13:12.663,2022,-0.0125,1.6295
10203,15:13:12.664,2025,-0.0110,1.6319
10204,15:13:12.664,2025,-0.0110,1.6319
10205,15:13:12.665,2027,-0.0100,1.6335
10206,15:13:12.665,2023,-0.0120,1.6303
10207,15:13:12.666,2023,-0.0120,1.6303
10208,15:13:12.666,2024,-0.0115,1.6311
10209,15:13:12.667,2025,-0.0110,1.6319
10210,15:13:12.667,2025,-0.0110,1.6319
10211,15:13:12.668,2023,-0.0120,1.6303
10212,15:13:12.668,2021,-0.0129,1.6286
10213,15:13:12.669,2026,-0.0105,1.6327
10214,15:13:12.669,2026,-0.0105,1.6327
10215,15:13:12.670,2023,-0.0120,1.6303
10216,15:13:12.670,2026,-0.0105,1.6327
10217,15:13:12.671,2024,-0.0115,1.6311
10218,15:13:12.671,2025,-0.0110,1.6319
10219,15:13:12.672,2027,-0.0100,1.6335
10220,15:13:12.672,2027,-0.0100,1.6335
10221,15:13:12.673,2022,-0.0125,1.6295
10222,15:13:12.673,2021,-0.0129,1.6286
10223,15:13:12.674,2020,-0.0134,1.6278
10224,15:13:12.674,2022,-0.0125,1.6295
10225,15:13:12.675,2022,-0.0125,1.6295
10226,15:13:12.675,2022,-0.0125,1.6295
10227,15:13:12.676,2024,-0.0115,1.6311
10228,15:13:12.676,2026,-0.0105,1.6327
10229,15:13:12.677,2024,-0.0115,1.6311
10230,15:13:12.677,2025,-0.0110,1.6319
10231,15:13:12.678,2024,-0.0115,1.6311
10232,15:13:12.678,2022,-0.0125,1.6295
10233,15:13:12.679,2021,-0.0129,1.6286
10234,15:13:12.679,2020,-0.0134,1.6278
10235,15:13:12.680,2022,-0.0125,1.6295
10236,15:13:12.680,2018,-0.0144,1.6262
10237,15:13:12.681,2019,-0.0139,1.6270
10238,15:13:12.681,2018,-0.0144,1.6262
10239,15:13:12.682,2020,-0.0134,1.6278
10240,15:13:12.682,2018,-0.0144,1.6262
10241,15:13:12.683,2027,-0.0100,1.6335
10242,15:13:12.683,2024,-0.0115,1.6311
10243,15:13:12.684,2025,-0.0110,1.6319
10244,15:13:12.684,2027,-0.0100,1.6335
10245,15:13:12.685,2025,-0.0110,1.6319
10246,15:13:12.685,2024,-0.0115,1.6311
10247,15:13:12.686,2020,-0.0134,1.6278
10248,15:13:12.686,2020,-0.0134,1.6278
10249,15:13:12.687,2018,-0.0144,1.6262
10250,15:13:12.687,2020,-0.0134,1.6278
10251,15:13:12.688,2025,-0.0110,1.6319
10252,15:13:12.688,2021,-0.0129,1.6286
10253,15:13:12.689,2026,-0.0105,1.6327
10254,15:13:12.689,2029,-0.0090,1.6351
10255,15:13:12.690,2023,-0.0120,1.6303
10256,15:13:12.690,2021,-0.0129,1.6286
10257,15:13:12.691,2026,-0.0105,1.6327
10258,15:13:12.691,2022,-0.0125,1.6295
10259,15:13:12.692,2023,-0.0120,1.6303
10260,15:13:12.692,2022,-0.0125,1.6295
10261,15:13:12.693,2020,-0.0134,1.6278
10262,15:13:12.693,2020,-0.0134,1.6278
10263,15:13:12.694,2023,-0.0120,1.6303
10264,15:13:12.694,2026,-0.0105,1.6327
10265,15:13:12.695,2024,-0.0115,1.6311
10266,15:13:12.695,2025,-0.0110,1.6319
10267,15:13:12.696,2026,-0.0105,1.6327
10268,15:13:12.696,2027,-0.0100,1.6335
10269,15:13:12.697,2024,-0.0115,1.6311
10270,15:13:12.697,2026,-0.0105,1.6327
10271,15:13:12.698,2025,-0.0110,1.6319
10272,15:13:12.698,2024,-0.0115,1.6311
10273,15:13:12.699,2020,-0.0134,1.6278
10274,15:13:12.699,2018,-0.0144,1.6262
10275,15:13:12.700,2024,-0.0115,1.6311
10276,15:13:12.700,2021,-0.0129,1.6286
10277,15:13:12.701,2025,-0.0110,1.6319
10278,15:13:12.701,2029,-0.0090,1.6351
10279,15:13:12.702,2029,-0.0090,1.6351
10280,15:13:12.702,2028,-0.0095,1.6343
10281,15:13:12.703,2031,-0.0081,1.6367
10282,15:13:12.703,2025,-0.0110,1.6319
10283,15:13:12.704,2019,-0.0139,1.6270
10284,15:13:12.704,2019,-0.0139,1.6270
10285,15:13:12.705,2021,-0.0129,1.6286
10286,15:13:12.705,2023,-0.0120,1.6303
10287,15:13:12.706,2020,-0.0134,1.6278
10288,15:13:12.706,2024,-0.0115,1.6311
10289,15:13:12.707,2022,-0.0125,1.6295
10290,15:13:12.707,2024,-0.0115,1.6311
10291,15:13:12.708,2027,-0.0100,1.6335
10292,15:13:12.708,2025,-0.0110,1.6319
10293,15:13:12.709,2023,-0.0120,1.6303
10294,15:13:12.709,2027,-0.0100,1.6335
10295,15:13:12.710,2023,-0.0120,1.6303
10296,15:13:12.710,2020,-0.0134,1.6278
10297,15:13:12.711,2020,-0.0134,1.6278
10298,15:13:12.711,2017,-0.0149,1.6254
10299,15:13:12.712,2017,-0.0149,1.6254
10300,15:13:12.712,2020,-0.0134,1.6278
10301,15:13:12.713,2023,-0.0120,1.6303
10302,15:13:12.713,2023,-0.0120,1.6303
10303,15:13:12.714,2029,-0.0090,1.6351
10304,15:13:12.714,2026,-0.0105,1.6327
10305,15:13:12.715,2024,-0.0115,1.6311
10306,15:13:12.715,2024,-0.0115,1.6311
10307,15:13:12.716,2020,-0.0134,1.6278
10308,15:13:12.716,2018,-0.0144,1.6262
10309,15:13:12.717,2021,-0.0129,1.6286
10310,15:13:12.717,2020,-0.0134,1.6278
10311,15:13:12.718,2019,-0.0139,1.6270
10312,15:13:12.718,2021,-0.0129,1.6286
10313,15:13:12.719,2022,-0.0125,1.6295
10314,15:13:12.719,2026,-0.0105,1.6327
10315,15:13:12.720,2027,-0.0100,1.6335
10316,15:13:12.720,2027,-0.0100,1.6335
10317,15:13:12.721,2022,-0.0125,1.6295
10318,15:13:12.721,2022,-0.0125,1.6295
10319,15:13:12.722,2028,-0.0095,1.6343
10320,15:13:12.722,2022,-0.0125,1.6295
10321,15:13:12.723,2020,-0.0134,1.6278
10322,15:13:12.723,2023,-0.0120,1.6303
10323,15:13:12.724,2026,-0.0105,1.6327
10324,15:13:12.724,2024,-0.0115,1.6311
10325,15:13:12.725,2023,-0.0120,1.6303
10326,15:13:12.725,2027,-0.0100,1.6335
10327,15:13:12.726,2025,-0.0110,1.6319
10328,15:13:12.726,2025,-0.0110,1.6319
10329,15:13:12.727,2026,-0.0105,1.6327
10330,15:13:12.727,2026,-0.0105,1.6327
10331,15:13:12.728,2024,-0.0115,1.6311
10332,15:13:12.728,2024,-0.0115,1.6311
10333,15:13:12.729,2024,-0.0115,1.6311
10334,15:13:12.729,2022,-0.0125,1.6295
10335,15:13:12.730,2021,-0.0129,1.6286
10336,15:13:12.730,2023,-0.0120,1.6303
10337,15:13:12.731,2023,-0.0120,1.6303
10338,15:13:12.731,2028,-0.0095,1.6343
10339,15:13:12.732,2024,-0.0115,1.6311
10340,15:13:12.732,2026,-0.0105,1.6327
10341,15:13:12.733,2028,-0.0095,1.6343
10342,15:13:12.733,2025,-0.0110,1.6319
10343,15:13:12.734,2024,-0.0115,1.6311
10344,15:13:12.734,2024,-0.0115,1.6311
10345,15:13:12.735,2021,-0.0129,1.6286
10346,15:13:12.735,2020,-0.0134,1.6278
10347,15:13:12.736,2017,-0.0149,1.6254
10348,15:13:12.736,2019,-0.0139,1.6270
10349,15:13:12.737,2022,-0.0125,1.6295
10350,15:13:12.737,2022,-0.0125,1.6295
10351,15:13:12.738,2027,-0.0100,1.6335
10352,15:13:12.738,2027,-0.0100,1.6335
10353,15:13:12.739,2025,-0.0110,1.6319
10354,15:13:12.739,2023,-0.0120,1.6303
10355,15:13:12.740,2024,-0.0115,1.6311
10356,15:13:12.740,2022,-0.0125,1.6295
10357,15:13:12.741,2020,-0.0134,1.6278
10358,15:13:12.741,2020,-0.0134,1.6278
10359,15:13:12.742,2015,-0.0159,1.6238
10360,15:13:12.742,2024,-0.0115,1.6311
10361,15:13:12.743,2019,-0.0139,1.6270
10362,15:13:12.743,2026,-0.0105,1.6327
10363,15:13:12.744,2021,-0.0129,1.6286
10364,15:13:12.744,2020,-0.0134,1.6278
10365,15:13:12.745,2027,-0.0100,1.6335
10366,15:13:12.745,2026,-0.0105,1.6327
10367,15:13:12.746,2023,-0.0120,1.6303
10368,15:13:12.746,2022,-0.0125,1.6295
10369,15:13:12.747,2021,-0.0129,1.6286
10370,15:13:12.747,2018,-0.0144,1.6262
10371,15:13:12.748,2017,-0.0149,1.6254
10372,15:13:12.748,2024,-0.0115,1.6311
10373,15:13:12.749,2020,-0.0134,1.6278
10374,15:13:12.749,2024,-0.0115,1.6311
10375,15:13:12.750,2025,-0.0110,1.6319
10376,15:13:12.750,2031,-0.0081,1.6367
10377,15:13:12.751,2026,-0.0105,1.6327
10378,15:13:12.751,2026,-0.0105,1.6327
10379,15:13:12.752,2024,-0.0115,1.6311
10380,15:13:12.752,2025,-0.0110,1.6319
10381,15:13:12.753,2021,-0.0129,1.6286
10382,15:13:12.753,2019,-0.0139,1.6270
10383,15:13:12.754,2018,-0.0144,1.6262
10384,15:13:12.754,2021,-0.0129,1.6286
10385,15:13:12.755,2023,-0.0120,1.6303
10386,15:13:12.755,2025,-0.0110,1.6319
10387,15:13:12.756,2027,-0.0100,1.6335
10388,15:13:12.756,2025,-0.0110,1.6319
10389,15:13:12.757,2026,-0.0105,1.6327
10390,15:13:12.757,2024,-0.0115,1.6311
10391,15:13:12.758,2024,-0.0115,1.6311
10392,15:13:12.758,2027,-0.0100,1.6335
10393,15:13:12.759,2021,-0.0129,1.6286
10394,15:13:12.759,2023,-0.0120,1.6303
10395,15:13:12.760,2018,-0.0144,1.6262
10396,15:13:12.760,2019,-0.0139,1.6270
10397,15:13:12.761,2020,-0.0134,1.6278
10398,15:13:12.761,2023,-0.0120,1.6303
10399,15:13:12.762,2025,-0.0110,1.6319
10400,15:13:12.762,2025,-0.0110,1.6319
10401,15:13:12.763,2025,-0.0110,1.6319
10402,15:13:12.763,2023,-0.0120,1.6303
10403,15:13:12.764,2025,-0.0110,1.6319
10404,15:13:12.764,2022,-0.0125,1.6295
10405,15:13:12.765,2025,-0.0110,1.6319
10406,15:13:12.765,2021,-0.0129,1.6286
10407,15:13:12.766,2021,-0.0129,1.6286
10408,15:13:12.766,2023,-0.0120,1.6303
10409,15:13:12.767,2021,-0.0129,1.6286
10410,15:13:12.767,2023,-0.0120,1.6303
10411,15:13:12.768,2025,-0.0110,1.6319
10412,15:13:12.768,2023,-0.0120,1.6303
10413,15:13:12.769,2027,-0.0100,1.6335
10414,15:13:12.769,2026,-0.0105,1.6327
10415,15:13:12.770,2023,-0.0120,1.6303
10416,15:13:12.770,2023,-0.0120,1.6303
10417,15:13:12.771,2023,-0.0120,1.6303
10418,15:13:12.771,2017,-0.0149,1.6254
10419,15:13:12.772,2021,-0.0129,1.6286
10420,15:13:12.772,2020,-0.0134,1.6278
10421,15:13:12.773,2022,-0.0125,1.6295
10422,15:13:12.773,2020,-0.0134,1.6278
10423,15:13:12.774,2025,-0.0110,1.6319
10424,15:13:12.774,2027,-0.0100,1.6335
10425,15:13:12.775,2024,-0.0115,1.6311
10426,15:13:12.775,2029,-0.0090,1.6351
10427,15:13:12.776,2026,-0.0105,1.6327
10428,15:13:12.776,2025,-0.0110,1.6319
10429,15:13:12.777,2025,-0.0110,1.6319
10430,15:13:12.777,2024,-0.0115,1.6311
10431,15:13:12.778,2023,-0.0120,1.6303
10432,15:13:12.778,2019,-0.0139,1.6270
10433,15:13:12.779,2020,-0.0134,1.6278
10434,15:13:12.779,2024,-0.0115,1.6311
10435,15:13:12.780,2020,-0.0134,1.6278
10436,15:13:12.780,2024,-0.0115,1.6311
10437,15:13:12.781,2025,-0.0110,1.6319
10438,15:13:12.781,2028,-0.0095,1.6343
10439,15:13:12.782,2028,-0.0095,1.6343
10440,15:13:12.782,2026,-0.0105,1.6327
10441,15:13:12.783,2026,-0.0105,1.6327
10442,15:13:12.783,2021,-0.0129,1.6286
10443,15:13:12.784,2017,-0.0149,1.6254
10444,15:13:12.784,2018,-0.0144,1.6262
10445,15:13:12.785,2024,-0.0115,1.6311
10446,15:13:12.785,2019,-0.0139,1.6270
10447,15:13:12.786,2025,-0.0110,1.6319
10448,15:13:12.786,2025,-0.0110,1.6319
10449,15:13:12.787,2024,-0.0115,1.6311
10450,15:13:12.787,2027,-0.0100,1.6335
10451,15:13:12.788,2025,-0.0110,1.6319
10452,15:13:12.788,2022,-0.0125,1.6295
10453,15:13:12.789,2021,-0.0129,1.6286
10454,15:13:12.789,2025,-0.0110,1.6319
10455,15:13:12.790,2021,-0.0129,1.6286
10456,15:13:12.790,2021,-0.0129,1.6286
10457,15:13:12.791,2018,-0.0144,1.6262
10458,15:13:12.791,2021,-0.0129,1.6286
10459,15:13:12.792,2022,-0.0125,1.6295
10460,15:13:12.792,2021,-0.0129,1.6286
10461,15:13:12.793,2020,-0.0134,1.6278
10462,15:13:12.793,2024,-0.0115,1.6311
10463,15:13:12.794,2024,-0.0115,1.6311
10464,15:13:12.794,2024,-0.0115,1.6311
10465,15:13:12.795,2023,-0.0120,1.6303
10466,15:13:12.795,2020,-0.0134,1.6278
10467,15:13:12.796,2020,-0.0134,1.6278
10468,15:13:12.796,2022,-0.0125,1.6295
10469,15:13:12.797,2018,-0.0144,1.6262
10470,15:13:12.797,2023,-0.0120,1.6303
10471,15:13:12.798,2021,-0.0129,1.6286
10472,15:13:12.798,2024,-0.0115,1.6311
10473,15:13:12.799,2024,-0.0115,1.6311
10474,15:13:12.799,2023,-0.0120,1.6303
10475,15:13:12.800,2026,-0.0105,1.6327
10476,15:13:12.800,2025,-0.0110,1.6319
10477,15:13:12.801,2022,-0.0125,1.6295
10478,15:13:12.801,2027,-0.0100,1.6335
10479,15:13:12.802,2024,-0.0115,1.6311
10480,15:13:12.802,2021,-0.0129,1.6286
10481,15:13:12.803,2019,-0.0139,1.6270
10482,15:13:12.803,2021,-0.0129,1.6286
10483,15:13:12.804,2023,-0.0120,1.6303
10484,15:13:12.804,2025,-0.0110,1.6319
10485,15:13:12.805,2025,-0.0110,1.6319
10486,15:13:12.805,2023,-0.0120,1.6303
10487,15:13:12.806,2024,-0.0115,1.6311
10488,15:13:12.806,2023,-0.0120,1.6303
10489,15:13:12.807,2024,-0.0115,1.6311
10490,15:13:12.807,2021,-0.0129,1.6286
10491,15:13:12.808,2023,-0.0120,1.6303
10492,15:13:12.808,2019,-0.0139,1.6270
10493,15:13:12.809,2018,-0.0144,1.6262
10494,15:13:12.809,2019,-0.0139,1.6270
10495,15:13:12.810,2024,-0.0115,1.6311
10496,15:13:12.810,2025,-0.0110,1.6319
10497,15:13:12.811,2025,-0.0110,1.6319
10498,15:13:12.811,2030,-0.0085,1.6359
10499,15:13:12.812,2026,-0.0105,1.6327
10500,15:13:12.812,2025,-0.0110,1.6319
10501,15:13:12.813,2025,-0.0110,1.6319
10502,15:13:12.813,2022,-0.0125,1.6295
10503,15:13:12.814,2021,-0.0129,1.6286
10504,15:13:12.814,2026,-0.0105,1.6327
10505,15:13:12.815,2017,-0.0149,1.6254
10506,15:13:12.815,2018,-0.0144,1.6262
10507,15:13:12.816,2024,-0.0115,1.6311
10508,15:13:12.816,2018,-0.0144,1.6262
10509,15:13:12.817,2024,-0.0115,1.6311
10510,15:13:12.817,2022,-0.0125,1.6295
10511,15:13:12.818,2026,-0.0105,1.6327
10512,15:13:12.818,2024,-0.0115,1.6311
10513,15:13:12.819,2024,-0.0115,1.6311
10514,15:13:12.819,2023,-0.0120,1.6303
10515,15:13:12.820,2022,-0.0125,1.6295
10516,15:13:12.820,2023,-0.0120,1.6303
10517,15:13:12.821,2024,-0.0115,1.6311
10518,15:13:12.821,2019,-0.0139,1.6270
10519,15:13:12.822,2020,-0.0134,1.6278
10520,15:13:12.822,2019,-0.0139,1.6270
10521,15:13:12.823,2020,-0.0134,1.6278
10522,15:13:12.823,2024,-0.0115,1.6311
10523,15:13:12.824,2025,-0.0110,1.6319
10524,15:13:12.824,2025,-0.0110,1.6319
10525,15:13:12.825,2022,-0.0125,1.6295
10526,15:13:12.825,2026,-0.0105,1.6327
10527,15:13:12.826,2019,-0.0139,1.6270
10528,15:13:12.826,2018,-0.0144,1.6262
10529,15:13:12.827,2020,-0.0134,1.6278
10530,15:13:12.827,2017,-0.0149,1.6254
10531,15:13:12.828,2018,-0.0144,1.6262
10532,15:13:12.828,2021,-0.0129,1.6286
10533,15:13:12.829,2021,-0.0129,1.6286
10534,15:13:12.829,2024,-0.0115,1.6311
10535,15:13:12.830,2026,-0.0105,1.6327
10536,15:13:12.830,2024,-0.0115,1.6311
10537,15:13:12.831,2027,-0.0100,1.6335
10538,15:13:12.831,2020,-0.0134,1.6278
10539,15:13:12.832,2026,-0.0105,1.6327
10540,15:13:12.832,2027,-0.0100,1.6335
10541,15:13:12.833,2024,-0.0115,1.6311
10542,15:13:12.833,2015,-0.0159,1.6238
10543,15:13:12.834,2022,-0.0125,1.6295
10544,15:13:12.834,2021,-0.0129,1.6286
10545,15:13:12.835,2026,-0.0105,1.6327
10546,15:13:12.835,2027,-0.0100,1.6335
10547,15:13:12.836,2026,-0.0105,1.6327
10548,15:13:12.836,2028,-0.0095,1.6343
10549,15:13:12.837,2022,-0.0125,1.6295
10550,15:13:12.837,2022,-0.0125,1.6295
10551,15:13:12.838,2018,-0.0144,1.6262
10552,15:13:12.838,2020,-0.0134,1.6278
10553,15:13:12.839,2020,-0.0134,1.6278
10554,15:13:12.839,2018,-0.0144,1.6262
10555,15:13:12.840,2023,-0.0120,1.6303
10556,15:13:12.840,2022,-0.0125,1.6295
10557,15:13:12.841,2019,-0.0139,1.6270
10558,15:13:12.841,2026,-0.0105,1.6327
10559,15:13:12.842,2025,-0.0110,1.6319
10560,15:13:12.842,2026,-0.0105,1.6327
10561,15:13:12.843,2023,-0.0120,1.6303
10562,15:13:12.843,2021,-0.0129,1.6286
10563,15:13:12.844,2019,-0.0139,1.6270
10564,15:13:12.844,2020,-0.0134,1.6278
10565,15:13:12.845,2020,-0.0134,1.6278
10566,15:13:12.845,2023,-0.0120,1.6303
10567,15:13:12.846,2023,-0.0120,1.6303
10568,15:13:12.846,2019,-0.0139,1.6270
10569,15:13:12.847,2022,-0.0125,1.6295
10570,15:13:12.847,2026,-0.0105,1.6327
10571,15:13:12.848,2027,-0.0100,1.6335
10572,15:13:12.848,2024,-0.0115,1.6311
10573,15:13:12.849,2026,-0.0105,1.6327
10574,15:13:12.849,2023,-0.0120,1.6303
10575,15:13:12.850,2020,-0.0134,1.6278
10576,15:13:12.850,2026,-0.0105,1.6327
10577,15:13:12.851,2020,-0.0134,1.6278
10578,15:13:12.851,2021,-0.0129,1.6286
10579,15:13:12.852,2020,-0.0134,1.6278
10580,15:13:12.852,2023,-0.0120,1.6303
10581,15:13:12.853,2021,-0.0129,1.6286
10582,15:13:12.853,2026,-0.0105,1.6327
10583,15:13:12.854,2026,-0.0105,1.6327
10584,15:13:12.854,2025,-0.0110,1.6319
10585,15:13:12.855,2023,-0.0120,1.6303
10586,15:13:12.855,2027,-0.0100,1.6335
10587,15:13:12.856,2023,-0.0120,1.6303
10588,15:13:12.856,2022,-0.0125,1.6295
10589,15:13:12.857,2021,-0.0129,1.6286
10590,15:13:12.857,2020,-0.0134,1.6278
10591,15:13:12.858,2023,-0.0120,1.6303
10592,15:13:12.858,2023,-0.0120,1.6303
10593,15:13:12.859,2024,-0.0115,1.6311
10594,15:13:12.859,2021,-0.0129,1.6286
10595,15:13:12.860,2026,-0.0105,1.6327
10596,15:13:12.860,2024,-0.0115,1.6311
10597,15:13:12.861,2024,-0.0115,1.6311
10598,15:13:12.861,2026,-0.0105,1.6327
10599,15:13:12.862,2026,-0.0105,1.6327
10600,15:13:12.862,2024,-0.0115,1.6311
10601,15:13:12.863,2024,-0.0115,1.6311
10602,15:13:12.863,2019,-0.0139,1.6270
10603,15:13:12.864,2022,-0.0125,1.6295
10604,15:13:12.864,2019,-0.0139,1.6270
10605,15:13:12.865,2023,-0.0120,1.6303
10606,15:13:12.865,2028,-0.0095,1.6343
10607,15:13:12.866,2023,-0.0120,1.6303
10608,15:13:12.866,2021,-0.0129,1.6286
10609,15:13:12.867,2023,-0.0120,1.6303
10610,15:13:12.867,2022,-0.0125,1.6295
10611,15:13:12.868,2023,-0.0120,1.6303
10612,15:13:12.868,2022,-0.0125,1.6295
10613,15:13:12.869,2020,-0.0134,1.6278
10614,15:13:12.869,2021,-0.0129,1.6286
10615,15:13:12.870,2022,-0.0125,1.6295
10616,15:13:12.870,2021,-0.0129,1.6286
10617,15:13:12.871,2026,-0.0105,1.6327
10618,15:13:12.871,2023,-0.0120,1.6303
10619,15:13:12.872,2025,-0.0110,1.6319
10620,15:13:12.872,2026,-0.0105,1.6327
10621,15:13:12.873,2023,-0.0120,1.6303
10622,15:13:12.873,2025,-0.0110,1.6319
10623,15:13:12.874,2024,-0.0115,1.6311
10624,15:13:12.874,2026,-0.0105,1.6327
10625,15:13:12.875,2026,-0.0105,1.6327
10626,15:13:12.875,2023,-0.0120,1.6303
10627,15:13:12.876,2018,-0.0144,1.6262
10628,15:13:12.876,2019,-0.0139,1.6270
10629,15:13:12.877,2020,-0.0134,1.6278
10630,15:13:12.877,2023,-0.0120,1.6303
10631,15:13:12.878,2022,-0.0125,1.6295
10632,15:13:12.878,2026,-0.0105,1.6327
10633,15:13:12.879,2029,-0.0090,1.6351
10634,15:13:12.879,2025,-0.0110,1.6319
10635,15:13:12.880,2024,-0.0115,1.6311
10636,15:13:12.880,2023,-0.0120,1.6303
10637,15:13:12.881,2017,-0.0149,1.6254
10638,15:13:12.881,2022,-0.0125,1.6295
10639,15:13:12.882,2021,-0.0129,1.6286
10640,15:13:12.882,2016,-0.0154,1.6246
10641,15:13:12.883,2019,-0.0139,1.6270
10642,15:13:12.883,2023,-0.0120,1.6303
10643,15:13:12.884,2023,-0.0120,1.6303
10644,15:13:12.884,2026,-0.0105,1.6327
10645,15:13:12.885,2022,-0.0125,1.6295
10646,15:13:12.885,2023,-0.0120,1.6303
10647,15:13:12.886,2020,-0.0134,1.6278
10648,15:13:12.886,2024,-0.0115,1.6311
10649,15:13:12.887,2024,-0.0115,1.6311
10650,15:13:12.887,2024,-0.0115,1.6311
10651,15:13:12.888,2019,-0.0139,1.6270
10652,15:13:12.888,2016,-0.0154,1.6246
10653,15:13:12.889,2020,-0.0134,1.6278
10654,15:13:12.889,2021,-0.0129,1.6286
10655,15:13:12.890,2019,-0.0139,1.6270
10656,15:13:12.890,2024,-0.0115,1.6311
10657,15:13:12.891,2024,-0.0115,1.6311
10658,15:13:12.891,2021,-0.0129,1.6286
10659,15:13:12.892,2023,-0.0120,1.6303
10660,15:13:12.892,2022,-0.0125,1.6295
10661,15:13:12.893,2020,-0.0134,1.6278
10662,15:13:12.893,2021,-0.0129,1.6286
10663,15:13:12.894,2017,-0.0149,1.6254
10664,15:13:12.894,2019,-0.0139,1.6270
10665,15:13:12.895,2017,-0.0149,1.6254
10666,15:13:12.895,2021,-0.0129,1.6286
10667,15:13:12.896,2020,-0.0134,1.6278
10668,15:13:12.896,2024,-0.0115,1.6311
10669,15:13:12.897,2026,-0.0105,1.6327
10670,15:13:12.897,2023,-0.0120,1.6303
10671,15:13:12.898,2026,-0.0105,1.6327
10672,15:13:12.898,2023,-0.0120,1.6303
10673,15:13:12.899,2016,-0.0154,1.6246
10674,15:13:12.899,2020,-0.0134,1.6278
10675,15:13:12.900,2021,-0.0129,1.6286
10676,15:13:12.900,2019,-0.0139,1.6270
10677,15:13:12.901,2022,-0.0125,1.6295
10678,15:13:12.901,2022,-0.0125,1.6295
10679,15:13:12.902,2024,-0.0115,1.6311
10680,15:13:12.902,2022,-0.0125,1.6295
10681,15:13:12.903,2024,-0.0115,1.6311
10682,15:13:12.903,2027,-0.0100,1.6335
10683,15:13:12.904,2025,-0.0110,1.6319
10684,15:13:12.904,2024,-0.0115,1.6311
10685,15:13:12.905,2024,-0.0115,1.6311
10686,15:13:12.905,2021,-0.0129,1.6286
10687,15:13:12.906,2024,-0.0115,1.6311
10688,15:13:12.906,2019,-0.0139,1.6270
10689,15:13:12.907,2022,-0.0125,1.6295
10690,15:13:12.907,2021,-0.0129,1.6286
10691,15:13:12.908,2020,-0.0134,1.6278
10692,15:13:12.908,2020,-0.0134,1.6278
10693,15:13:12.909,2021,-0.0129,1.6286
10694,15:13:12.909,2027,-0.0100,1.6335
10695,15:13:12.910,2024,-0.0115,1.6311
10696,15:13:12.910,2024,-0.0115,1.6311
10697,15:13:12.911,2023,-0.0120,1.6303
10698,15:13:12.911,2025,-0.0110,1.6319
10699,15:13:12.912,2022,-0.0125,1.6295
10700,15:13:12.912,2019,-0.0139,1.6270
10701,15:13:12.913,2018,-0.0144,1.6262
10702,15:13:12.913,2020,-0.0134,1.6278
10703,15:13:12.914,2024,-0.0115,1.6311
10704,15:13:12.914,2024,-0.0115,1.6311
10705,15:13:12.915,2028,-0.0095,1.6343
10706,15:13:12.915,2028,-0.0095,1.6343
10707,15:13:12.916,2029,-0.0090,1.6351
10708,15:13:12.916,2028,-0.0095,1.6343
10709,15:13:12.917,2022,-0.0125,1.6295
10710,15:13:12.917,2027,-0.0100,1.6335
10711,15:13:12.918,2019,-0.0139,1.6270
10712,15:13:12.918,2023,-0.0120,1.6303
10713,15:13:12.919,2018,-0.0144,1.6262
10714,15:13:12.919,2019,-0.0139,1.6270
10715,15:13:12.920,2020,-0.0134,1.6278
10716,15:13:12.920,2023,-0.0120,1.6303
10717,15:13:12.921,2026,-0.0105,1.6327
10718,15:13:12.921,2024,-0.0115,1.6311
10719,15:13:12.922,2025,-0.0110,1.6319
10720,15:13:12.922,2024,-0.0115,1.6311
10721,15:13:12.923,2025,-0.0110,1.6319
10722,15:13:12.923,2024,-0.0115,1.6311
10723,15:13:12.924,2029,-0.0090,1.6351
10724,15:13:12.924,2019,-0.0139,1.6270
10725,15:13:12.925,2021,-0.0129,1.6286
10726,15:13:12.925,2022,-0.0125,1.6295
10727,15:13:12.926,2023,-0.0120,1.6303
10728,15:13:12.926,2020,-0.0134,1.6278
10729,15:13:12.927,2018,-0.0144,1.6262
10730,15:13:12.927,2024,-0.0115,1.6311
10731,15:13:12.928,2025,-0.0110,1.6319
10732,15:13:12.928,2026,-0.0105,1.6327
10733,15:13:12.929,2023,-0.0120,1.6303
10734,15:13:12.929,2024,-0.0115,1.6311
10735,15:13:12.930,2023,-0.0120,1.6303
10736,15:13:12.930,2023,-0.0120,1.6303
10737,15:13:12.931,2017,-0.0149,1.6254
10738,15:13:12.931,2021,-0.0129,1.6286
10739,15:13:12.932,2023,-0.0120,1.6303
10740,15:13:12.932,2019,-0.0139,1.6270
10741,15:13:12.933,2024,-0.0115,1.6311
10742,15:13:12.933,2024,-0.0115,1.6311
10743,15:13:12.934,2027,-0.0100,1.6335
10744,15:13:12.934,2023,-0.0120,1.6303
10745,15:13:12.935,2024,-0.0115,1.6311
10746,15:13:12.935,2022,-0.0125,1.6295
10747,15:13:12.936,2019,-0.0139,1.6270
10748,15:13:12.936,2017,-0.0149,1.6254
10749,15:13:12.937,2018,-0.0144,1.6262
10750,15:13:12.937,2021,-0.0129,1.6286
10751,15:13:12.938,2017,-0.0149,1.6254
10752,15:13:12.938,2023,-0.0120,1.6303
10753,15:13:12.939,2021,-0.0129,1.6286
10754,15:13:12.939,2023,-0.0120,1.6303
10755,15:13:12.940,2025,-0.0110,1.6319
10756,15:13:12.940,2027,-0.0100,1.6335
10757,15:13:12.941,2025,-0.0110,1.6319
10758,15:13:12.941,2021,-0.0129,1.6286
10759,15:13:12.942,2023,-0.0120,1.6303
10760,15:13:12.942,2023,-0.0120,1.6303
10761,15:13:12.943,2018,-0.0144,1.6262
10762,15:13:12.943,2025,-0.0110,1.6319
10763,15:13:12.944,2023,-0.0120,1.6303
10764,15:13:12.944,2020,-0.0134,1.6278
10765,15:13:12.945,2020,-0.0134,1.6278
10766,15:13:12.945,2023,-0.0120,1.6303
10767,15:13:12.946,2024,-0.0115,1.6311
10768,15:13:12.946,2026,-0.0105,1.6327
10769,15:13:12.947,2026,-0.0105,1.6327
10770,15:13:12.947,2024,-0.0115,1.6311
10771,15:13:12.948,2025,-0.0110,1.6319
10772,15:13:12.948,2021,-0.0129,1.6286
10773,15:13:12.949,2021,-0.0129,1.6286
10774,15:13:12.949,2023,-0.0120,1.6303
10775,15:13:12.950,2023,-0.0120,1.6303
10776,15:13:12.950,2025,-0.0110,1.6319
10777,15:13:12.951,2022,-0.0125,1.6295
10778,15:13:12.951,2023,-0.0120,1.6303
10779,15:13:12.952,2023,-0.0120,1.6303
10780,15:13:12.952,2028,-0.0095,1.6343
10781,15:13:12.953,2025,-0.0110,1.6319
10782,15:13:12.953,2025,-0.0110,1.6319
10783,15:13:12.954,2028,-0.0095,1.6343
10784,15:13:12.954,2021,-0.0129,1.6286
10785,15:13:12.955,2022,-0.0125,1.6295
10786,15:13:12.955,2023,-0.0120,1.6303
10787,15:13:12.956,2018,-0.0144,1.6262
10788,15:13:12.956,2017,-0.0149,1.6254
10789,15:13:12.957,2018,-0.0144,1.6262
10790,15:13:12.957,2024,-0.0115,1.6311
10791,15:13:12.958,2022,-0.0125,1.6295
10792,15:13:12.958,2025,-0.0110,1.6319
10793,15:13:12.959,2023,-0.0120,1.6303
10794,15:13:12.959,2025,-0.0110,1.6319
10795,15:13:12.960,2027,-0.0100,1.6335
10796,15:13:12.960,2023,-0.0120,1.6303
10797,15:13:12.961,2016,-0.0154,1.6246
10798,15:13:12.961,2023,-0.0120,1.6303
10799,15:13:12.962,2019,-0.0139,1.6270
10800,15:13:12.962,2022,-0.0125,1.6295
10801,15:13:12.963,2022,-0.0125,1.6295
10802,15:13:12.963,2025,-0.0110,1.6319
10803,15:13:12.964,2025,-0.0110,1.6319
10804,15:13:12.964,2029,-0.0090,1.6351
10805,15:13:12.965,2023,-0.0120,1.6303
10806,15:13:12.965,2023,-0.0120,1.6303
10807,15:13:12.966,2026,-0.0105,1.6327
10808,15:13:12.966,2027,-0.0100,1.6335
10809,15:13:12.967,2023,-0.0120,1.6303
10810,15:13:12.967,2020,-0.0134,1.6278
10811,15:13:12.968,2022,-0.0125,1.6295
10812,15:13:12.968,2019,-0.0139,1.6270
10813,15:13:12.969,2020,-0.0134,1.6278
10814,15:13:12.969,2024,-0.0115,1.6311
10815,15:13:12.970,2023,-0.0120,1.6303
10816,15:13:12.970,2025,-0.0110,1.6319
10817,15:13:12.971,2022,-0.0125,1.6295
10818,15:13:12.971,2025,-0.0110,1.6319
10819,15:13:12.972,2025,-0.0110,1.6319
10820,15:13:12.972,2022,-0.0125,1.6295
10821,15:13:12.973,2021,-0.0129,1.6286
10822,15:13:12.973,2023,-0.0120,1.6303
10823,15:13:12.974,2018,-0.0144,1.6262
10824,15:13:12.974,2023,-0.0120,1.6303
10825,15:13:12.975,2022,-0.0125,1.6295
10826,15:13:12.975,2020,-0.0134,1.6278
10827,15:13:12.976,2021,-0.0129,1.6286
10828,15:13:12.976,2024,-0.0115,1.6311
10829,15:13:12.977,2024,-0.0115,1.6311
10830,15:13:12.977,2025,-0.0110,1.6319
10831,15:13:12.978,2024,-0.0115,1.6311
10832,15:13:12.978,2023,-0.0120,1.6303
10833,15:13:12.979,2020,-0.0134,1.6278
10834,15:13:12.979,2021,-0.0129,1.6286
10835,15:13:12.980,2019,-0.0139,1.6270
10836,15:13:12.980,2022,-0.0125,1.6295
10837,15:13:12.981,2015,-0.0159,1.6238
10838,15:13:12.981,2025,-0.0110,1.6319
10839,15:13:12.982,2024,-0.0115,1.6311
10840,15:13:12.982,2025,-0.0110,1.6319
10841,15:13:12.983,2031,-0.0081,1.6367
10842,15:13:12.983,2024,-0.0115,1.6311
10843,15:13:12.984,2024,-0.0115,1.6311
10844,15:13:12.984,2028,-0.0095,1.6343
10845,15:13:12.985,2021,-0.0129,1.6286
10846,15:13:12.985,2023,-0.0120,1.6303
10847,15:13:12.986,2021,-0.0129,1.6286
10848,15:13:12.986,2023,-0.0120,1.6303
10849,15:13:12.987,2020,-0.0134,1.6278
10850,15:13:12.987,2024,-0.0115,1.6311
10851,15:13:12.988,2026,-0.0105,1.6327
10852,15:13:12.988,2029,-0.0090,1.6351
10853,15:13:12.989,2024,-0.0115,1.6311
10854,15:13:12.989,2024,-0.0115,1.6311
10855,15:13:12.990,2025,-0.0110,1.6319
10856,15:13:12.990,2022,-0.0125,1.6295
10857,15:13:12.991,2021,-0.0129,1.6286
10858,15:13:12.991,2022,-0.0125,1.6295
10859,15:13:12.992,2014,-0.0164,1.6230
10860,15:13:12.992,2017,-0.0149,1.6254
10861,15:13:12.993,2018,-0.0144,1.6262
10862,15:13:12.993,2020,-0.0134,1.6278
10863,15:13:12.994,2025,-0.0110,1.6319
10864,15:13:12.994,2023,-0.0120,1.6303
10865,15:13:12.995,2028,-0.0095,1.6343
10866,15:13:12.995,2025,-0.0110,1.6319
10867,15:13:12.996,2019,-0.0139,1.6270
10868,15:13:12.996,2021,-0.0129,1.6286
10869,15:13:12.997,2023,-0.0120,1.6303
10870,15:13:12.997,2021,-0.0129,1.6286
10871,15:13:12.998,2021,-0.0129,1.6286
10872,15:13:12.998,2019,-0.0139,1.6270
10873,15:13:12.999,2019,-0.0139,1.6270
10874,15:13:12.999,2024,-0.0115,1.6311
10875,15:13:13.000,2025,-0.0110,1.6319
10876,15:13:13.000,2028,-0.0095,1.6343
10877,15:13:13.001,2023,-0.0120,1.6303
10878,15:13:13.001,2024,-0.0115,1.6311
10879,15:13:13.002,2027,-0.0100,1.6335
10880,15:13:13.002,2021,-0.0129,1.6286
10881,15:13:13.003,2022,-0.0125,1.6295
10882,15:13:13.003,2024,-0.0115,1.6311
10883,15:13:13.004,2021,-0.0129,1.6286
10884,15:13:13.004,2026,-0.0105,1.6327
10885,15:13:13.005,2021,-0.0129,1.6286
10886,15:13:13.005,2019,-0.0139,1.6270
10887,15:13:13.006,2020,-0.0134,1.6278
10888,15:13:13.006,2025,-0.0110,1.6319
10889,15:13:13.007,2024,-0.0115,1.6311
10890,15:13:13.007,2023,-0.0120,1.6303
10891,15:13:13.008,2023,-0.0120,1.6303
10892,15:13:13.008,2023,-0.0120,1.6303
10893,15:13:13.009,2021,-0.0129,1.6286
10894,15:13:13.009,2025,-0.0110,1.6319
10895,15:13:13.010,2023,-0.0120,1.6303
10896,15:13:13.010,2017,-0.0149,1.6254
10897,15:13:13.011,2018,-0.0144,1.6262
10898,15:13:13.011,2018,-0.0144,1.6262
10899,15:13:13.012,2027,-0.0100,1.6335
10900,15:13:13.012,2024,-0.0115,1.6311
10901,15:13:13.013,2027,-0.0100,1.6335
10902,15:13:13.013,2026,-0.0105,1.6327
10903,15:13:13.014,2027,-0.0100,1.6335
10904,15:13:13.014,2021,-0.0129,1.6286
10905,15:13:13.015,2024,-0.0115,1.6311
10906,15:13:13.015,2022,-0.0125,1.6295
10907,15:13:13.016,2023,-0.0120,1.6303
10908,15:13:13.016,2020,-0.0134,1.6278
10909,15:13:13.017,2020,-0.0134,1.6278
10910,15:13:13.017,2020,-0.0134,1.6278
10911,15:13:13.018,2020,-0.0134,1.6278
10912,15:13:13.018,2021,-0.0129,1.6286
10913,15:13:13.019,2027,-0.0100,1.6335
10914,15:13:13.019,2025,-0.0110,1.6319
10915,15:13:13.020,2023,-0.0120,1.6303
10916,15:13:13.020,2026,-0.0105,1.6327
10917,15:13:13.021,2024,-0.0115,1.6311
10918,15:13:13.021,2022,-0.0125,1.6295
10919,15:13:13.022,2023,-0.0120,1.6303
10920,15:13:13.022,2022,-0.0125,1.6295
10921,15:13:13.023,2022,-0.0125,1.6295
10922,15:13:13.023,2021,-0.0129,1.6286
10923,15:13:13.024,2023,-0.0120,1.6303
10924,15:13:13.024,2022,-0.0125,1.6295
10925,15:13:13.025,2024,-0.0115,1.6311
10926,15:13:13.025,2030,-0.0085,1.6359
10927,15:13:13.026,2024,-0.0115,1.6311
10928,15:13:13.026,2020,-0.0134,1.6278
10929,15:13:13.027,2025,-0.0110,1.6319
10930,15:13:13.027,2024,-0.0115,1.6311
10931,15:13:13.028,2021,-0.0129,1.6286
10932,15:13:13.028,2023,-0.0120,1.6303
10933,15:13:13.029,2020,-0.0134,1.6278
10934,15:13:13.029,2023,-0.0120,1.6303
10935,15:13:13.030,2023,-0.0120,1.6303
10936,15:13:13.030,2024,-0.0115,1.6311
10937,15:13:13.031,2022,-0.0125,1.6295
10938,15:13:13.031,2027,-0.0100,1.6335
10939,15:13:13.032,2023,-0.0120,1.6303
10940,15:13:13.032,2025,-0.0110,1.6319
10941,15:13:13.033,2023,-0.0120,1.6303
10942,15:13:13.033,2023,-0.0120,1.6303
10943,15:13:13.034,2022,-0.0125,1.6295
10944,15:13:13.034,2018,-0.0144,1.6262
10945,15:13:13.035,2019,-0.0139,1.6270
10946,15:13:13.035,2018,-0.0144,1.6262
10947,15:13:13.036,2019,-0.0139,1.6270
10948,15:13:13.036,2023,-0.0120,1.6303
10949,15:13:13.037,2022,-0.0125,1.6295
10950,15:13:13.037,2027,-0.0100,1.6335
10951,15:13:13.038,2029,-0.0090,1.6351
10952,15:13:13.038,2025,-0.0110,1.6319
10953,15:13:13.039,2022,-0.0125,1.6295
10954,15:13:13.039,2022,-0.0125,1.6295
10955,15:13:13.040,2021,-0.0129,1.6286
10956,15:13:13.040,2018,-0.0144,1.6262
10957,15:13:13.041,2017,-0.0149,1.6254
10958,15:13:13.041,2018,-0.0144,1.6262
10959,15:13:13.042,2021,-0.0129,1.6286
10960,15:13:13.042,2020,-0.0134,1.6278
10961,15:13:13.043,2020,-0.0134,1.6278
10962,15:13:13.043,2024,-0.0115,1.6311
10963,15:13:13.044,2020,-0.0134,1.6278
10964,15:13:13.044,2024,-0.0115,1.6311
10965,15:13:13.045,2025,-0.0110,1.6319
10966,15:13:13.045,2025,-0.0110,1.6319
10967,15:13:13.046,2023,-0.0120,1.6303
10968,15:13:13.046,2019,-0.0139,1.6270
10969,15:13:13.047,2026,-0.0105,1.6327
10970,15:13:13.047,2019,-0.0139,1.6270
10971,15:13:13.048,2023,-0.0120,1.6303
10972,15:13:13.048,2026,-0.0105,1.6327
10973,15:13:13.049,2020,-0.0134,1.6278
10974,15:13:13.049,2026,-0.0105,1.6327
10975,15:13:13.050,2023,-0.0120,1.6303
10976,15:13:13.050,2026,-0.0105,1.6327
10977,15:13:13.051,2023,-0.0120,1.6303
10978,15:13:13.051,2027,-0.0100,1.6335
10979,15:13:13.052,2026,-0.0105,1.6327
10980,15:13:13.052,2025,-0.0110,1.6319
10981,15:13:13.053,2020,-0.0134,1.6278
10982,15:13:13.053,2023,-0.0120,1.6303
10983,15:13:13.054,2021,-0.0129,1.6286
10984,15:13:13.054,2025,-0.0110,1.6319
10985,15:13:13.055,2023,-0.0120,1.6303
10986,15:13:13.055,2026,-0.0105,1.6327
10987,15:13:13.056,2025,-0.0110,1.6319
10988,15:13:13.056,2024,-0.0115,1.6311
10989,15:13:13.057,2028,-0.0095,1.6343
10990,15:13:13.057,2023,-0.0120,1.6303
10991,15:13:13.058,2025,-0.0110,1.6319
10992,15:13:13.058,2022,-0.0125,1.6295
10993,15:13:13.059,2020,-0.0134,1.6278
10994,15:13:13.059,2023,-0.0120,1.6303
10995,15:13:13.060,2019,-0.0139,1.6270
10996,15:13:13.060,2020,-0.0134,1.6278
10997,15:13:13.061,2023,-0.0120,1.6303
10998,15:13:13.061,2024,-0.0115,1.6311
10999,15:13:13.062,2023,-0.0120,1.6303
11000,15:13:13.062,2022,-0.0125,1.6295
11001,15:13:13.063,2026,-0.0105,1.6327
11002,15:13:13.063,2023,-0.0120,1.6303
11003,15:13:13.064,2026,-0.0105,1.6327
11004,15:13:13.064,2023,-0.0120,1.6303
11005,15:13:13.065,2024,-0.0115,1.6311
11006,15:13:13.065,2024,-0.0115,1.6311
11007,15:13:13.066,2018,-0.0144,1.6262
11008,15:13:13.066,2025,-0.0110,1.6319
11009,15:13:13.067,2020,-0.0134,1.6278
11010,15:13:13.067,2020,-0.0134,1.6278
11011,15:13:13.068,2023,-0.0120,1.6303
11012,15:13:13.068,2023,-0.0120,1.6303
11013,15:13:13.069,2025,-0.0110,1.6319
11014,15:13:13.069,2027,-0.0100,1.6335
11015,15:13:13.070,2019,-0.0139,1.6270
11016,15:13:13.070,2024,-0.0115,1.6311
11017,15:13:13.071,2017,-0.0149,1.6254
11018,15:13:13.071,2021,-0.0129,1.6286
11019,15:13:13.072,2019,-0.0139,1.6270
11020,15:13:13.072,2019,-0.0139,1.6270
11021,15:13:13.073,2024,-0.0115,1.6311
11022,15:13:13.073,2022,-0.0125,1.6295
11023,15:13:13.074,2023,-0.0120,1.6303
11024,15:13:13.074,2023,-0.0120,1.6303
11025,15:13:13.075,2027,-0.0100,1.6335
11026,15:13:13.075,2024,-0.0115,1.6311
11027,15:13:13.076,2023,-0.0120,1.6303
11028,15:13:13.076,2024,-0.0115,1.6311
11029,15:13:13.077,2024,-0.0115,1.6311
11030,15:13:13.077,2020,-0.0134,1.6278
11031,15:13:13.078,2022,-0.0125,1.6295
11032,15:13:13.078,2022,-0.0125,1.6295
11033,15:13:13.079,2023,-0.0120,1.6303
11034,15:13:13.079,2025,-0.0110,1.6319
11035,15:13:13.080,2020,-0.0134,1.6278
11036,15:13:13.080,2023,-0.0120,1.6303
11037,15:13:13.081,2027,-0.0100,1.6335
11038,15:13:13.081,2025,-0.0110,1.6319
11039,15:13:13.082,2022,-0.0125,1.6295
11040,15:13:13.082,2024,-0.0115,1.6311
11041,15:13:13.083,2024,-0.0115,1.6311
11042,15:13:13.083,2020,-0.0134,1.6278
11043,15:13:13.084,2022,-0.0125,1.6295
11044,15:13:13.084,2020,-0.0134,1.6278
11045,15:13:13.085,2023,-0.0120,1.6303
11046,15:13:13.085,2020,-0.0134,1.6278
11047,15:13:13.086,2029,-0.0090,1.6351
11048,15:13:13.086,2025,-0.0110,1.6319
11049,15:13:13.087,2022,-0.0125,1.6295
11050,15:13:13.087,2023,-0.0120,1.6303
11051,15:13:13.088,2023,-0.0120,1.6303
11052,15:13:13.088,2022,-0.0125,1.6295
11053,15:13:13.089,2022,-0.0125,1.6295
11054,15:13:13.089,2019,-0.0139,1.6270
11055,15:13:13.090,2019,-0.0139,1.6270
11056,15:13:13.090,2022,-0.0125,1.6295
11057,15:13:13.091,2021,-0.0129,1.6286
11058,15:13:13.091,2021,-0.0129,1.6286
11059,15:13:13.092,2023,-0.0120,1.6303
11060,15:13:13.092,2025,-0.0110,1.6319
11061,15:13:13.093,2024,-0.0115,1.6311
11062,15:13:13.093,2024,-0.0115,1.6311
11063,15:13:13.094,2023,-0.0120,1.6303
11064,15:13:13.094,2022,-0.0125,1.6295
11065,15:13:13.095,2025,-0.0110,1.6319
11066,15:13:13.095,2020,-0.0134,1.6278
11067,15:13:13.096,2022,-0.0125,1.6295
11068,15:13:13.096,2023,-0.0120,1.6303
11069,15:13:13.097,2023,-0.0120,1.6303
11070,15:13:13.097,2023,-0.0120,1.6303
11071,15:13:13.098,2022,-0.0125,1.6295
11072,15:13:13.098,2023,-0.0120,1.6303
11073,15:13:13.099,2028,-0.0095,1.6343
11074,15:13:13.099,2027,-0.0100,1.6335
11075,15:13:13.100,2027,-0.0100,1.6335
11076,15:13:13.100,2022,-0.0125,1.6295
11077,15:13:13.101,2027,-0.0100,1.6335
11078,15:13:13.101,2021,-0.0129,1.6286
11079,15:13:13.102,2023,-0.0120,1.6303
11080,15:13:13.102,2020,-0.0134,1.6278
11081,15:13:13.103,2019,-0.0139,1.6270
11082,15:13:13.103,2023,-0.0120,1.6303
11083,15:13:13.104,2026,-0.0105,1.6327
11084,15:13:13.104,2022,-0.0125,1.6295
11085,15:13:13.105,2025,-0.0110,1.6319
11086,15:13:13.105,2023,-0.0120,1.6303
11087,15:13:13.106,2024,-0.0115,1.6311
11088,15:13:13.106,2023,-0.0120,1.6303
11089,15:13:13.107,2024,-0.0115,1.6311
11090,15:13:13.107,2023,-0.0120,1.6303
11091,15:13:13.108,2020,-0.0134,1.6278
11092,15:13:13.108,2021,-0.0129,1.6286
11093,15:13:13.109,2020,-0.0134,1.6278
11094,15:13:13.109,2020,-0.0134,1.6278
11095,15:13:13.110,2019,-0.0139,1.6270
11096,15:13:13.110,2025,-0.0110,1.6319
11097,15:13:13.111,2024,-0.0115,1.6311
11098,15:13:13.111,2026,-0.0105,1.6327
11099,15:13:13.112,2027,-0.0100,1.6335
11100,15:13:13.112,2023,-0.0120,1.6303
11101,15:13:13.113,2022,-0.0125,1.6295
11102,15:13:13.113,2021,-0.0129,1.6286
11103,15:13:13.114,2023,-0.0120,1.6303
11104,15:13:13.114,2022,-0.0125,1.6295
11105,15:13:13.115,2022,-0.0125,1.6295
11106,15:13:13.115,2019,-0.0139,1.6270
11107,15:13:13.116,2022,-0.0125,1.6295
11108,15:13:13.116,2021,-0.0129,1.6286
11109,15:13:13.117,2023,-0.0120,1.6303
11110,15:13:13.117,2021,-0.0129,1.6286
11111,15:13:13.118,2025,-0.0110,1.6319
11112,15:13:13.118,2024,-0.0115,1.6311
11113,15:13:13.119,2026,-0.0105,1.6327
11114,15:13:13.119,2020,-0.0134,1.6278
11115,15:13:13.120,2019,-0.0139,1.6270
11116,15:13:13.120,2020,-0.0134,1.6278
11117,15:13:13.121,2018,-0.0144,1.6262
11118,15:13:13.121,2020,-0.0134,1.6278
11119,15:13:13.122,2023,-0.0120,1.6303
11120,15:13:13.122,2024,-0.0115,1.6311
11121,15:13:13.123,2023,-0.0120,1.6303
11122,15:13:13.123,2023,-0.0120,1.6303
11123,15:13:13.124,2026,-0.0105,1.6327
11124,15:13:13.124,2023,-0.0120,1.6303
11125,15:13:13.125,2026,-0.0105,1.6327
11126,15:13:13.125,2022,-0.0125,1.6295
11127,15:13:13.126,2022,-0.0125,1.6295
11128,15:13:13.126,2021,-0.0129,1.6286
11129,15:13:13.127,2021,-0.0129,1.6286
11130,15:13:13.127,2019,-0.0139,1.6270
11131,15:13:13.128,2025,-0.0110,1.6319
11132,15:13:13.128,2023,-0.0120,1.6303
11133,15:13:13.129,2027,-0.0100,1.6335
11134,15:13:13.129,2026,-0.0105,1.6327
11135,15:13:13.130,2028,-0.0095,1.6343
11136,15:13:13.130,2023,-0.0120,1.6303
11137,15:13:13.131,2026,-0.0105,1.6327
11138,15:13:13.131,2028,-0.0095,1.6343
11139,15:13:13.132,2025,-0.0110,1.6319
11140,15:13:13.132,2021,-0.0129,1.6286
11141,15:13:13.133,2022,-0.0125,1.6295
11142,15:13:13.133,2023,-0.0120,1.6303
11143,15:13:13.134,2023,-0.0120,1.6303
11144,15:13:13.134,2022,-0.0125,1.6295
11145,15:13:13.135,2025,-0.0110,1.6319
11146,15:13:13.135,2026,-0.0105,1.6327
11147,15:13:13.136,2026,-0.0105,1.6327
11148,15:13:13.136,2026,-0.0105,1.6327
11149,15:13:13.137,2030,-0.0085,1.6359
11150,15:13:13.137,2023,-0.0120,1.6303
11151,15:13:13.138,2017,-0.0149,1.6254
11152,15:13:13.138,2022,-0.0125,1.6295
11153,15:13:13.139,2023,-0.0120,1.6303
11154,15:13:13.139,2020,-0.0134,1.6278
11155,15:13:13.140,2022,-0.0125,1.6295
11156,15:13:13.140,2025,-0.0110,1.6319
11157,15:13:13.141,2022,-0.0125,1.6295
11158,15:13:13.141,2025,-0.0110,1.6319
11159,15:13:13.142,2024,-0.0115,1.6311
11160,15:13:13.142,2021,-0.0129,1.6286
11161,15:13:13.143,2023,-0.0120,1.6303
11162,15:13:13.143,2022,-0.0125,1.6295
11163,15:13:13.144,2023,-0.0120,1.6303
11164,15:13:13.144,2019,-0.0139,1.6270
11165,15:13:13.145,2019,-0.0139,1.6270
11166,15:13:13.145,2022,-0.0125,1.6295
11167,15:13:13.146,2022,-0.0125,1.6295
11168,15:13:13.146,2020,-0.0134,1.6278
11169,15:13:13.147,2018,-0.0144,1.6262
11170,15:13:13.147,2019,-0.0139,1.6270
11171,15:13:13.148,2026,-0.0105,1.6327
11172,15:13:13.148,2022,-0.0125,1.6295
11173,15:13:13.149,2025,-0.0110,1.6319
11174,15:13:13.149,2025,-0.0110,1.6319
11175,15:13:13.150,2021,-0.0129,1.6286
11176,15:13:13.150,2020,-0.0134,1.6278
11177,15:13:13.151,2019,-0.0139,1.6270
11178,15:13:13.151,2021,-0.0129,1.6286
11179,15:13:13.152,2019,-0.0139,1.6270
11180,15:13:13.152,2024,-0.0115,1.6311
11181,15:13:13.153,2022,-0.0125,1.6295
11182,15:13:13.153,2026,-0.0105,1.6327
11183,15:13:13.154,2024,-0.0115,1.6311
11184,15:13:13.154,2027,-0.0100,1.6335
11185,15:13:13.155,2026,-0.0105,1.6327
11186,15:13:13.155,2027,-0.0100,1.6335
11187,15:13:13.156,2022,-0.0125,1.6295
11188,15:13:13.156,2024,-0.0115,1.6311
11189,15:13:13.157,2021,-0.0129,1.6286
11190,15:13:13.157,2022,-0.0125,1.6295
11191,15:13:13.158,2023,-0.0120,1.6303
11192,15:13:13.158,2020,-0.0134,1.6278
11193,15:13:13.159,2021,-0.0129,1.6286
11194,15:13:13.159,2021,-0.0129,1.6286
11195,15:13:13.160,2024,-0.0115,1.6311
11196,15:13:13.160,2023,-0.0120,1.6303
11197,15:13:13.161,2023,-0.0120,1.6303
11198,15:13:13.161,2023,-0.0120,1.6303
11199,15:13:13.162,2022,-0.0125,1.6295
11200,15:13:13.162,2027,-0.0100,1.6335
11201,15:13:13.163,2022,-0.0125,1.6295
11202,15:13:13.163,2022,-0.0125,1.6295
11203,15:13:13.164,2021,-0.0129,1.6286
11204,15:13:13.164,2026,-0.0105,1.6327
11205,15:13:13.165,2027,-0.0100,1.6335
11206,15:13:13.165,2030,-0.0085,1.6359
11207,15:13:13.166,2027,-0.0100,1.6335
11208,15:13:13.166,2031,-0.0081,1.6367
11209,15:13:13.167,2025,-0.0110,1.6319
11210,15:13:13.167,2028,-0.0095,1.6343
11211,15:13:13.168,2021,-0.0129,1.6286
11212,15:13:13.168,2024,-0.0115,1.6311
11213,15:13:13.169,2023,-0.0120,1.6303
11214,15:13:13.169,2021,-0.0129,1.6286
11215,15:13:13.170,2022,-0.0125,1.6295
11216,15:13:13.170,2020,-0.0134,1.6278
11217,15:13:13.171,2023,-0.0120,1.6303
11218,15:13:13.171,2022,-0.0125,1.6295
11219,15:13:13.172,2022,-0.0125,1.6295
11220,15:13:13.172,2027,-0.0100,1.6335
11221,15:13:13.173,2027,-0.0100,1.6335
11222,15:13:13.173,2021,-0.0129,1.6286
11223,15:13:13.174,2024,-0.0115,1.6311
11224,15:13:13.174,2024,-0.0115,1.6311
11225,15:13:13.175,2021,-0.0129,1.6286
11226,15:13:13.175,2018,-0.0144,1.6262
11227,15:13:13.176,2020,-0.0134,1.6278
11228,15:13:13.176,2021,-0.0129,1.6286
11229,15:13:13.177,2020,-0.0134,1.6278
11230,15:13:13.177,2021,-0.0129,1.6286
11231,15:13:13.178,2019,-0.0139,1.6270
11232,15:13:13.178,2023,-0.0120,1.6303
11233,15:13:13.179,2025,-0.0110,1.6319
11234,15:13:13.179,2027,-0.0100,1.6335
11235,15:13:13.180,2023,-0.0120,1.6303
11236,15:13:13.180,2021,-0.0129,1.6286
11237,15:13:13.181,2021,-0.0129,1.6286
11238,15:13:13.181,2014,-0.0164,1.6230
11239,15:13:13.182,2022,-0.0125,1.6295
11240,15:13:13.182,2018,-0.0144,1.6262
11241,15:13:13.183,2024,-0.0115,1.6311
11242,15:13:13.183,2018,-0.0144,1.6262
11243,15:13:13.184,2021,-0.0129,1.6286
11244,15:13:13.184,2022,-0.0125,1.6295
11245,15:13:13.185,2024,-0.0115,1.6311
11246,15:13:13.185,2026,-0.0105,1.6327
11247,15:13:13.186,2026,-0.0105,1.6327
11248,15:13:13.186,2024,-0.0115,1.6311
11249,15:13:13.187,2023,-0.0120,1.6303
11250,15:13:13.187,2019,-0.0139,1.6270
11251,15:13:13.188,2022,-0.0125,1.6295
11252,15:13:13.188,2023,-0.0120,1.6303
11253,15:13:13.189,2020,-0.0134,1.6278
11254,15:13:13.189,2024,-0.0115,1.6311
11255,15:13:13.190,2027,-0.0100,1.6335
11256,15:13:13.190,2024,-0.0115,1.6311
11257,15:13:13.191,2029,-0.0090,1.6351
11258,15:13:13.191,2031,-0.0081,1.6367
11259,15:13:13.192,2027,-0.0100,1.6335
11260,15:13:13.192,2021,-0.0129,1.6286
11261,15:13:13.193,2023,-0.0120,1.6303
11262,15:13:13.193,2024,-0.0115,1.6311
11263,15:13:13.194,2022,-0.0125,1.6295
11264,15:13:13.194,2018,-0.0144,1.6262
11265,15:13:13.195,2023,-0.0120,1.6303
11266,15:13:13.195,2025,-0.0110,1.6319
11267,15:13:13.196,2025,-0.0110,1.6319
11268,15:13:13.196,2026,-0.0105,1.6327
11269,15:13:13.197,2032,-0.0076,1.6375
11270,15:13:13.197,2024,-0.0115,1.6311
11271,15:13:13.198,2026,-0.0105,1.6327
11272,15:13:13.198,2025,-0.0110,1.6319
11273,15:13:13.199,2025,-0.0110,1.6319
11274,15:13:13.199,2018,-0.0144,1.6262
11275,15:13:13.200,2023,-0.0120,1.6303
11276,15:13:13.200,2019,-0.0139,1.6270
11277,15:13:13.201,2021,-0.0129,1.6286
11278,15:13:13.201,2022,-0.0125,1.6295
11279,15:13:13.202,2022,-0.0125,1.6295
11280,15:13:13.202,2025,-0.0110,1.6319
11281,15:13:13.203,2025,-0.0110,1.6319
11282,15:13:13.203,2024,-0.0115,1.6311
11283,15:13:13.204,2024,-0.0115,1.6311
11284,15:13:13.204,2027,-0.0100,1.6335
11285,15:13:13.205,2027,-0.0100,1.6335
11286,15:13:13.205,2021,-0.0129,1.6286
11287,15:13:13.206,2020,-0.0134,1.6278
11288,15:13:13.206,2023,-0.0120,1.6303
11289,15:13:13.207,2020,-0.0134,1.6278
11290,15:13:13.207,2024,-0.0115,1.6311
11291,15:13:13.208,2025,-0.0110,1.6319
11292,15:13:13.208,2024,-0.0115,1.6311
11293,15:13:13.209,2024,-0.0115,1.6311
11294,15:13:13.209,2026,-0.0105,1.6327
11295,15:13:13.210,2025,-0.0110,1.6319
11296,15:13:13.210,2026,-0.0105,1.6327
11297,15:13:13.211,2024,-0.0115,1.6311
11298,15:13:13.211,2021,-0.0129,1.6286
11299,15:13:13.212,2020,-0.0134,1.6278
11300,15:13:13.212,2019,-0.0139,1.6270
11301,15:13:13.213,2022,-0.0125,1.6295
11302,15:13:13.213,2021,-0.0129,1.6286
11303,15:13:13.214,2023,-0.0120,1.6303
11304,15:13:13.214,2025,-0.0110,1.6319
11305,15:13:13.215,2025,-0.0110,1.6319
11306,15:13:13.215,2026,-0.0105,1.6327
11307,15:13:13.216,2020,-0.0134,1.6278
11308,15:13:13.216,2024,-0.0115,1.6311
11309,15:13:13.217,2023,-0.0120,1.6303
11310,15:13:13.217,2021,-0.0129,1.6286
11311,15:13:13.218,2026,-0.0105,1.6327
11312,15:13:13.218,2020,-0.0134,1.6278
11313,15:13:13.219,2024,-0.0115,1.6311
11314,15:13:13.219,2020,-0.0134,1.6278
11315,15:13:13.220,2020,-0.0134,1.6278
11316,15:13:13.220,2022,-0.0125,1.6295
11317,15:13:13.221,2026,-0.0105,1.6327
11318,15:13:13.221,2025,-0.0110,1.6319
11319,15:13:13.222,2026,-0.0105,1.6327
11320,15:13:13.222,2023,-0.0120,1.6303
11321,15:13:13.223,2025,-0.0110,1.6319
11322,15:13:13.223,2022,-0.0125,1.6295
11323,15:13:13.224,2023,-0.0120,1.6303
11324,15:13:13.224,2019,-0.0139,1.6270
11325,15:13:13.225,2020,-0.0134,1.6278
11326,15:13:13.225,2022,-0.0125,1.6295
11327,15:13:13.226,2016,-0.0154,1.6246
11328,15:13:13.226,2023,-0.0120,1.6303
11329,15:13:13.227,2025,-0.0110,1.6319
11330,15:13:13.227,2023,-0.0120,1.6303
11331,15:13:13.228,2025,-0.0110,1.6319
11332,15:13:13.228,2030,-0.0085,1.6359
11333,15:13:13.229,2022,-0.0125,1.6295
11334,15:13:13.229,2023,-0.0120,1.6303
11335,15:13:13.230,2021,-0.0129,1.6286
11336,15:13:13.230,2021,-0.0129,1.6286
11337,15:13:13.231,2021,-0.0129,1.6286
11338,15:13:13.231,2016,-0.0154,1.6246
11339,15:13:13.232,2024,-0.0115,1.6311
11340,15:13:13.232,2020,-0.0134,1.6278
11341,15:13:13.233,2024,-0.0115,1.6311
11342,15:13:13.233,2024,-0.0115,1.6311
11343,15:13:13.234,2026,-0.0105,1.6327
11344,15:13:13.234,2027,-0.0100,1.6335
11345,15:13:13.235,2024,-0.0115,1.6311
11346,15:13:13.235,2024,-0.0115,1.6311
11347,15:13:13.236,2024,-0.0115,1.6311
11348,15:13:13.236,2023,-0.0120,1.6303
11349,15:13:13.237,2022,-0.0125,1.6295
11350,15:13:13.237,2019,-0.0139,1.6270
11351,15:13:13.238,2023,-0.0120,1.6303
11352,15:13:13.238,2020,-0.0134,1.6278
11353,15:13:13.239,2025,-0.0110,1.6319
11354,15:13:13.239,2027,-0.0100,1.6335
11355,15:13:13.240,2025,-0.0110,1.6319
11356,15:13:13.240,2027,-0.0100,1.6335
11357,15:13:13.241,2024,-0.0115,1.6311
11358,15:13:13.241,2023,-0.0120,1.6303
11359,15:13:13.242,2023,-0.0120,1.6303
11360,15:13:13.242,2023,-0.0120,1.6303
11361,15:13:13.243,2019,-0.0139,1.6270
11362,15:13:13.243,2019,-0.0139,1.6270
11363,15:13:13.244,2022,-0.0125,1.6295
11364,15:13:13.244,2023,-0.0120,1.6303
11365,15:13:13.245,2023,-0.0120,1.6303
11366,15:13:13.245,2025,-0.0110,1.6319
11367,15:13:13.246,2029,-0.0090,1.6351
11368,15:13:13.246,2028,-0.0095,1.6343
11369,15:13:13.247,2022,-0.0125,1.6295
11370,15:13:13.247,2024,-0.0115,1.6311
11371,15:13:13.248,2021,-0.0129,1.6286
11372,15:13:13.248,2020,-0.0134,1.6278
11373,15:13:13.249,2019,-0.0139,1.6270
11374,15:13:13.249,2020,-0.0134,1.6278
11375,15:13:13.250,2022,-0.0125,1.6295
11376,15:13:13.250,2022,-0.0125,1.6295
11377,15:13:13.251,2022,-0.0125,1.6295
11378,15:13:13.251,2024,-0.0115,1.6311
11379,15:13:13.252,2022,-0.0125,1.6295
11380,15:13:13.252,2025,-0.0110,1.6319
11381,15:13:13.253,2022,-0.0125,1.6295
11382,15:13:13.253,2023,-0.0120,1.6303
11383,15:13:13.254,2022,-0.0125,1.6295
11384,15:13:13.254,2018,-0.0144,1.6262
11385,15:13:13.255,2020,-0.0134,1.6278
11386,15:13:13.255,2019,-0.0139,1.6270
11387,15:13:13.256,2020,-0.0134,1.6278
11388,15:13:13.256,2024,-0.0115,1.6311
11389,15:13:13.257,2020,-0.0134,1.6278
11390,15:13:13.257,2022,-0.0125,1.6295
11391,15:13:13.258,2027,-0.0100,1.6335
11392,15:13:13.258,2023,-0.0120,1.6303
11393,15:13:13.259,2023,-0.0120,1.6303
11394,15:13:13.259,2023,-0.0120,1.6303
11395,15:13:13.260,2026,-0.0105,1.6327
11396,15:13:13.260,2023,-0.0120,1.6303
11397,15:13:13.261,2023,-0.0120,1.6303
11398,15:13:13.261,2021,-0.0129,1.6286
11399,15:13:13.262,2022,-0.0125,1.6295
11400,15:13:13.262,2023,-0.0120,1.6303
11401,15:13:13.263,2026,-0.0105,1.6327
11402,15:13:13.263,2021,-0.0129,1.6286
11403,15:13:13.264,2025,-0.0110,1.6319
11404,15:13:13.264,2024,-0.0115,1.6311
11405,15:13:13.265,2025,-0.0110,1.6319
11406,15:13:13.265,2025,-0.0110,1.6319
11407,15:13:13.266,2030,-0.0085,1.6359
11408,15:13:13.266,2024,-0.0115,1.6311
11409,15:13:13.267,2020,-0.0134,1.6278
11410,15:13:13.267,2020,-0.0134,1.6278
11411,15:13:13.268,2021,-0.0129,1.6286
11412,15:13:13.268,2018,-0.0144,1.6262
11413,15:13:13.269,2021,-0.0129,1.6286
11414,15:13:13.269,2027,-0.0100,1.6335
11415,15:13:13.270,2023,-0.0120,1.6303
11416,15:13:13.270,2022,-0.0125,1.6295
11417,15:13:13.271,2024,-0.0115,1.6311
11418,15:13:13.271,2022,-0.0125,1.6295
11419,15:13:13.272,2023,-0.0120,1.6303
11420,15:13:13.272,2018,-0.0144,1.6262
11421,15:13:13.273,2024,-0.0115,1.6311
11422,15:13:13.273,2019,-0.0139,1.6270
11423,15:13:13.274,2025,-0.0110,1.6319
11424,15:13:13.274,2022,-0.0125,1.6295
11425,15:13:13.275,2024,-0.0115,1.6311
11426,15:13:13.275,2024,-0.0115,1.6311
11427,15:13:13.276,2019,-0.0139,1.6270
11428,15:13:13.276,2022,-0.0125,1.6295
11429,15:13:13.277,2023,-0.0120,1.6303
11430,15:13:13.277,2021,-0.0129,1.6286
11431,15:13:13.278,2023,-0.0120,1.6303
11432,15:13:13.278,2021,-0.0129,1.6286
11433,15:13:13.279,2023,-0.0120,1.6303
11434,15:13:13.279,2019,-0.0139,1.6270
11435,15:13:13.280,2023,-0.0120,1.6303
11436,15:13:13.280,2023,-0.0120,1.6303
11437,15:13:13.281,2024,-0.0115,1.6311
11438,15:13:13.281,2022,-0.0125,1.6295
11439,15:13:13.282,2026,-0.0105,1.6327
11440,15:13:13.282,2020,-0.0134,1.6278
11441,15:13:13.283,2025,-0.0110,1.6319
11442,15:13:13.283,2023,-0.0120,1.6303
11443,15:13:13.284,2028,-0.0095,1.6343
11444,15:13:13.284,2024,-0.0115,1.6311
11445,15:13:13.285,2021,-0.0129,1.6286
11446,15:13:13.285,2021,-0.0129,1.6286
11447,15:13:13.286,2023,-0.0120,1.6303
11448,15:13:13.286,2018,-0.0144,1.6262
11449,15:13:13.287,2021,-0.0129,1.6286
11450,15:13:13.287,2024,-0.0115,1.6311
11451,15:13:13.288,2026,-0.0105,1.6327
11452,15:13:13.288,2024,-0.0115,1.6311
11453,15:13:13.289,2024,-0.0115,1.6311
11454,15:13:13.289,2023,-0.0120,1.6303
11455,15:13:13.290,2024,-0.0115,1.6311
11456,15:13:13.290,2022,-0.0125,1.6295
11457,15:13:13.291,2020,-0.0134,1.6278
11458,15:13:13.291,2022,-0.0125,1.6295
11459,15:13:13.292,2016,-0.0154,1.6246
11460,15:13:13.292,2020,-0.0134,1.6278
11461,15:13:13.293,2023,-0.0120,1.6303
11462,15:13:13.293,2024,-0.0115,1.6311
11463,15:13:13.294,2025,-0.0110,1.6319
11464,15:13:13.294,2024,-0.0115,1.6311
11465,15:13:13.295,2025,-0.0110,1.6319
11466,15:13:13.295,2023,-0.0120,1.6303
11467,15:13:13.296,2028,-0.0095,1.6343
11468,15:13:13.296,2027,-0.0100,1.6335
11469,15:13:13.297,2023,-0.0120,1.6303
11470,15:13:13.297,2025,-0.0110,1.6319
11471,15:13:13.298,2022,-0.0125,1.6295
11472,15:13:13.298,2021,-0.0129,1.6286
11473,15:13:13.299,2023,-0.0120,1.6303
11474,15:13:13.299,2019,-0.0139,1.6270
11475,15:13:13.300,2023,-0.0120,1.6303
11476,15:13:13.300,2021,-0.0129,1.6286
11477,15:13:13.301,2022,-0.0125,1.6295
11478,15:13:13.301,2025,-0.0110,1.6319
11479,15:13:13.302,2021,-0.0129,1.6286
11480,15:13:13.302,2021,-0.0129,1.6286
11481,15:13:13.303,2022,-0.0125,1.6295
11482,15:13:13.303,2023,-0.0120,1.6303
11483,15:13:13.304,2021,-0.0129,1.6286
11484,15:13:13.304,2027,-0.0100,1.6335
11485,15:13:13.305,2023,-0.0120,1.6303
11486,15:13:13.305,2020,-0.0134,1.6278
11487,15:13:13.306,2025,-0.0110,1.6319
11488,15:13:13.306,2023,-0.0120,1.6303
11489,15:13:13.307,2023,-0.0120,1.6303
11490,15:13:13.307,2021,-0.0129,1.6286
11491,15:13:13.308,2020,-0.0134,1.6278
11492,15:13:13.308,2022,-0.0125,1.6295
11493,15:13:13.309,2024,-0.0115,1.6311
11494,15:13:13.309,2025,-0.0110,1.6319
11495,15:13:13.310,2015,-0.0159,1.6238
11496,15:13:13.310,2017,-0.0149,1.6254
11497,15:13:13.311,2020,-0.0134,1.6278
11498,15:13:13.311,2022,-0.0125,1.6295
11499,15:13:13.312,2022,-0.0125,1.6295
11500,15:13:13.312,2026,-0.0105,1.6327
11501,15:13:13.313,2028,-0.0095,1.6343
11502,15:13:13.313,2023,-0.0120,1.6303
11503,15:13:13.314,2025,-0.0110,1.6319
11504,15:13:13.314,2024,-0.0115,1.6311
11505,15:13:13.315,2021,-0.0129,1.6286
11506,15:13:13.315,2020,-0.0134,1.6278
11507,15:13:13.316,2023,-0.0120,1.6303
11508,15:13:13.316,2020,-0.0134,1.6278
11509,15:13:13.317,2020,-0.0134,1.6278
11510,15:13:13.317,2022,-0.0125,1.6295
11511,15:13:13.318,2028,-0.0095,1.6343
11512,15:13:13.318,2023,-0.0120,1.6303
11513,15:13:13.319,2028,-0.0095,1.6343
11514,15:13:13.319,2025,-0.0110,1.6319
11515,15:13:13.320,2024,-0.0115,1.6311
11516,15:13:13.320,2026,-0.0105,1.6327
11517,15:13:13.321,2026,-0.0105,1.6327
11518,15:13:13.321,2024,-0.0115,1.6311
11519,15:13:13.322,2021,-0.0129,1.6286
11520,15:13:13.322,2026,-0.0105,1.6327
11521,15:13:13.323,2024,-0.0115,1.6311
11522,15:13:13.323,2023,-0.0120,1.6303
11523,15:13:13.324,2026,-0.0105,1.6327
11524,15:13:13.324,2022,-0.0125,1.6295
11525,15:13:13.325,2026,-0.0105,1.6327
11526,15:13:13.325,2025,-0.0110,1.6319
11527,15:13:13.326,2023,-0.0120,1.6303
11528,15:13:13.326,2026,-0.0105,1.6327
11529,15:13:13.327,2025,-0.0110,1.6319
11530,15:13:13.327,2022,-0.0125,1.6295
11531,15:13:13.328,2025,-0.0110,1.6319
11532,15:13:13.328,2019,-0.0139,1.6270
11533,15:13:13.329,2022,-0.0125,1.6295
11534,15:13:13.329,2020,-0.0134,1.6278
11535,15:13:13.330,2025,-0.0110,1.6319
11536,15:13:13.330,2022,-0.0125,1.6295
11537,15:13:13.331,2023,-0.0120,1.6303
11538,15:13:13.331,2023,-0.0120,1.6303
11539,15:13:13.332,2024,-0.0115,1.6311
11540,15:13:13.332,2026,-0.0105,1.6327
11541,15:13:13.333,2021,-0.0129,1.6286
11542,15:13:13.333,2018,-0.0144,1.6262
11543,15:13:13.334,2023,-0.0120,1.6303
11544,15:13:13.334,2023,-0.0120,1.6303
11545,15:13:13.335,2019,-0.0139,1.6270
11546,15:13:13.335,2021,-0.0129,1.6286
11547,15:13:13.336,2019,-0.0139,1.6270
11548,15:13:13.336,2024,-0.0115,1.6311
11549,15:13:13.337,2022,-0.0125,1.6295
11550,15:13:13.337,2018,-0.0144,1.6262
11551,15:13:13.338,2023,-0.0120,1.6303
11552,15:13:13.338,2024,-0.0115,1.6311
11553,15:13:13.339,2027,-0.0100,1.6335
11554,15:13:13.339,2022,-0.0125,1.6295
11555,15:13:13.340,2023,-0.0120,1.6303
11556,15:13:13.340,2016,-0.0154,1.6246
11557,15:13:13.341,2022,-0.0125,1.6295
11558,15:13:13.341,2021,-0.0129,1.6286
11559,15:13:13.342,2019,-0.0139,1.6270
11560,15:13:13.342,2022,-0.0125,1.6295
11561,15:13:13.343,2022,-0.0125,1.6295
11562,15:13:13.343,2025,-0.0110,1.6319
11563,15:13:13.344,2024,-0.0115,1.6311
11564,15:13:13.344,2022,-0.0125,1.6295
11565,15:13:13.345,2021,-0.0129,1.6286
11566,15:13:13.345,2023,-0.0120,1.6303
11567,15:13:13.346,2022,-0.0125,1.6295
11568,15:13:13.346,2023,-0.0120,1.6303
11569,15:13:13.347,2025,-0.0110,1.6319
11570,15:13:13.347,2024,-0.0115,1.6311
11571,15:13:13.348,2019,-0.0139,1.6270
11572,15:13:13.348,2024,-0.0115,1.6311
11573,15:13:13.349,2023,-0.0120,1.6303
11574,15:13:13.349,2024,-0.0115,1.6311
11575,15:13:13.350,2024,-0.0115,1.6311
11576,15:13:13.350,2027,-0.0100,1.6335
11577,15:13:13.351,2025,-0.0110,1.6319
11578,15:13:13.351,2023,-0.0120,1.6303
11579,15:13:13.352,2025,-0.0110,1.6319
11580,15:13:13.352,2025,-0.0110,1.6319
11581,15:13:13.353,2024,-0.0115,1.6311
11582,15:13:13.353,2023,-0.0120,1.6303
11583,15:13:13.354,2020,-0.0134,1.6278
11584,15:13:13.354,2023,-0.0120,1.6303
11585,15:13:13.355,2026,-0.0105,1.6327
11586,15:13:13.355,2022,-0.0125,1.6295
11587,15:13:13.356,2029,-0.0090,1.6351
11588,15:13:13.356,2025,-0.0110,1.6319
11589,15:13:13.357,2025,-0.0110,1.6319
11590,15:13:13.357,2025,-0.0110,1.6319
11591,15:13:13.358,2024,-0.0115,1.6311
11592,15:13:13.358,2020,-0.0134,1.6278
11593,15:13:13.359,2026,-0.0105,1.6327
11594,15:13:13.359,2020,-0.0134,1.6278
11595,15:13:13.360,2020,-0.0134,1.6278
11596,15:13:13.360,2021,-0.0129,1.6286
11597,15:13:13.361,2024,-0.0115,1.6311
11598,15:13:13.361,2022,-0.0125,1.6295
11599,15:13:13.362,2022,-0.0125,1.6295
11600,15:13:13.362,2024,-0.0115,1.6311
11601,15:13:13.363,2026,-0.0105,1.6327
11602,15:13:13.363,2029,-0.0090,1.6351
11603,15:13:13.364,2022,-0.0125,1.6295
11604,15:13:13.364,2026,-0.0105,1.6327
11605,15:13:13.365,2023,-0.0120,1.6303
11606,15:13:13.365,2019,-0.0139,1.6270
11607,15:13:13.366,2022,-0.0125,1.6295
11608,15:13:13.366,2021,-0.0129,1.6286
11609,15:13:13.367,2022,-0.0125,1.6295
11610,15:13:13.367,2023,-0.0120,1.6303
11611,15:13:13.368,2029,-0.0090,1.6351
11612,15:13:13.368,2023,-0.0120,1.6303
11613,15:13:13.369,2025,-0.0110,1.6319
11614,15:13:13.369,2024,-0.0115,1.6311
11615,15:13:13.370,2023,-0.0120,1.6303
11616,15:13:13.370,2024,-0.0115,1.6311
11617,15:13:13.371,2020,-0.0134,1.6278
11618,15:13:13.371,2020,-0.0134,1.6278
11619,15:13:13.372,2025,-0.0110,1.6319
11620,15:13:13.372,2024,-0.0115,1.6311
11621,15:13:13.373,2025,-0.0110,1.6319
11622,15:13:13.373,2023,-0.0120,1.6303
11623,15:13:13.374,2026,-0.0105,1.6327
11624,15:13:13.374,2024,-0.0115,1.6311
11625,15:13:13.375,2023,-0.0120,1.6303
11626,15:13:13.375,2022,-0.0125,1.6295
11627,15:13:13.376,2021,-0.0129,1.6286
11628,15:13:13.376,2021,-0.0129,1.6286
11629,15:13:13.377,2021,-0.0129,1.6286
11630,15:13:13.377,2024,-0.0115,1.6311
11631,15:13:13.378,2019,-0.0139,1.6270
11632,15:13:13.378,2018,-0.0144,1.6262
11633,15:13:13.379,2023,-0.0120,1.6303
11634,15:13:13.379,2021,-0.0129,1.6286
11635,15:13:13.380,2023,-0.0120,1.6303
11636,15:13:13.380,2023,-0.0120,1.6303
11637,15:13:13.381,2021,-0.0129,1.6286
11638,15:13:13.381,2022,-0.0125,1.6295
11639,15:13:13.382,2019,-0.0139,1.6270
11640,15:13:13.382,2023,-0.0120,1.6303
11641,15:13:13.383,2021,-0.0129,1.6286
11642,15:13:13.383,2022,-0.0125,1.6295
11643,15:13:13.384,2023,-0.0120,1.6303
11644,15:13:13.384,2023,-0.0120,1.6303
11645,15:13:13.385,2016,-0.0154,1.6246
11646,15:13:13.385,2023,-0.0120,1.6303
11647,15:13:13.386,2022,-0.0125,1.6295
11648,15:13:13.386,2023,-0.0120,1.6303
11649,15:13:13.387,2021,-0.0129,1.6286
11650,15:13:13.387,2024,-0.0115,1.6311
11651,15:13:13.388,2022,-0.0125,1.6295
11652,15:13:13.388,2025,-0.0110,1.6319
11653,15:13:13.389,2021,-0.0129,1.6286
11654,15:13:13.389,2023,-0.0120,1.6303
11655,15:13:13.390,2020,-0.0134,1.6278
11656,15:13:13.390,2023,-0.0120,1.6303
11657,15:13:13.391,2022,-0.0125,1.6295
11658,15:13:13.391,2021,-0.0129,1.6286
11659,15:13:13.392,2023,-0.0120,1.6303
11660,15:13:13.392,2026,-0.0105,1.6327
11661,15:13:13.393,2020,-0.0134,1.6278
11662,15:13:13.393,2026,-0.0105,1.6327
11663,15:13:13.394,2024,-0.0115,1.6311
11664,15:13:13.394,2023,-0.0120,1.6303
11665,15:13:13.395,2020,-0.0134,1.6278
11666,15:13:13.395,2024,-0.0115,1.6311
11667,15:13:13.396,2021,-0.0129,1.6286
11668,15:13:13.396,2023,-0.0120,1.6303
11669,15:13:13.397,2025,-0.0110,1.6319
11670,15:13:13.397,2022,-0.0125,1.6295
11671,15:13:13.398,2021,-0.0129,1.6286
11672,15:13:13.398,2024,-0.0115,1.6311
11673,15:13:13.399,2019,-0.0139,1.6270
11674,15:13:13.399,2021,-0.0129,1.6286
11675,15:13:13.400,2019,-0.0139,1.6270
11676,15:13:13.400,2021,-0.0129,1.6286
11677,15:13:13.401,2022,-0.0125,1.6295
11678,15:13:13.401,2020,-0.0134,1.6278
11679,15:13:13.402,2023,-0.0120,1.6303
11680,15:13:13.402,2018,-0.0144,1.6262
11681,15:13:13.403,2023,-0.0120,1.6303
11682,15:13:13.403,2024,-0.0115,1.6311
11683,15:13:13.404,2024,-0.0115,1.6311
11684,15:13:13.404,2026,-0.0105,1.6327
11685,15:13:13.405,2027,-0.0100,1.6335
11686,15:13:13.405,2024,-0.0115,1.6311
11687,15:13:13.406,2027,-0.0100,1.6335
11688,15:13:13.406,2025,-0.0110,1.6319
11689,15:13:13.407,2020,-0.0134,1.6278
11690,15:13:13.407,2022,-0.0125,1.6295
11691,15:13:13.408,2020,-0.0134,1.6278
11692,15:13:13.408,2022,-0.0125,1.6295
11693,15:13:13.409,2019,-0.0139,1.6270
11694,15:13:13.409,2019,-0.0139,1.6270
11695,15:13:13.410,2024,-0.0115,1.6311
11696,15:13:13.410,2023,-0.0120,1.6303
11697,15:13:13.411,2024,-0.0115,1.6311
11698,15:13:13.411,2023,-0.0120,1.6303
11699,15:13:13.412,2023,-0.0120,1.6303
11700,15:13:13.412,2023,-0.0120,1.6303
11701,15:13:13.413,2026,-0.0105,1.6327
11702,15:13:13.413,2021,-0.0129,1.6286
11703,15:13:13.414,2019,-0.0139,1.6270
11704,15:13:13.414,2016,-0.0154,1.6246
11705,15:13:13.415,2021,-0.0129,1.6286
11706,15:13:13.415,2020,-0.0134,1.6278
11707,15:13:13.416,2023,-0.0120,1.6303
11708,15:13:13.416,2024,-0.0115,1.6311
11709,15:13:13.417,2024,-0.0115,1.6311
11710,15:13:13.417,2025,-0.0110,1.6319
11711,15:13:13.418,2023,-0.0120,1.6303
11712,15:13:13.418,2026,-0.0105,1.6327
11713,15:13:13.419,2026,-0.0105,1.6327
11714,15:13:13.419,2025,-0.0110,1.6319
11715,15:13:13.420,2023,-0.0120,1.6303
11716,15:13:13.420,2024,-0.0115,1.6311
11717,15:13:13.421,2026,-0.0105,1.6327
11718,15:13:13.421,2022,-0.0125,1.6295
11719,15:13:13.422,2027,-0.0100,1.6335
11720,15:13:13.422,2027,-0.0100,1.6335
11721,15:13:13.423,2025,-0.0110,1.6319
11722,15:13:13.423,2024,-0.0115,1.6311
11723,15:13:13.424,2026,-0.0105,1.6327
11724,15:13:13.424,2023,-0.0120,1.6303
11725,15:13:13.425,2026,-0.0105,1.6327
11726,15:13:13.425,2022,-0.0125,1.6295
11727,15:13:13.426,2021,-0.0129,1.6286
11728,15:13:13.426,2022,-0.0125,1.6295
11729,15:13:13.427,2023,-0.0120,1.6303
11730,15:13:13.427,2024,-0.0115,1.6311
11731,15:13:13.428,2024,-0.0115,1.6311
11732,15:13:13.428,2022,-0.0125,1.6295
11733,15:13:13.429,2024,-0.0115,1.6311
11734,15:13:13.429,2027,-0.0100,1.6335
11735,15:13:13.430,2024,-0.0115,1.6311
11736,15:13:13.430,2024,-0.0115,1.6311
11737,15:13:13.431,2025,-0.0110,1.6319
11738,15:13:13.431,2022,-0.0125,1.6295
11739,15:13:13.432,2024,-0.0115,1.6311
11740,15:13:13.432,2021,-0.0129,1.6286
11741,15:13:13.433,2023,-0.0120,1.6303
11742,15:13:13.433,2019,-0.0139,1.6270
11743,15:13:13.434,2020,-0.0134,1.6278
11744,15:13:13.434,2020,-0.0134,1.6278
11745,15:13:13.435,2027,-0.0100,1.6335
11746,15:13:13.435,2020,-0.0134,1.6278
11747,15:13:13.436,2021,-0.0129,1.6286
11748,15:13:13.436,2021,-0.0129,1.6286
11749,15:13:13.437,2024,-0.0115,1.6311
11750,15:13:13.437,2024,-0.0115,1.6311
11751,15:13:13.438,2022,-0.0125,1.6295
11752,15:13:13.438,2019,-0.0139,1.6270
11753,15:13:13.439,2022,-0.0125,1.6295
11754,15:13:13.439,2020,-0.0134,1.6278
11755,15:13:13.440,2019,-0.0139,1.6270
11756,15:13:13.440,2015,-0.0159,1.6238
11757,15:13:13.441,2023,-0.0120,1.6303
11758,15:13:13.441,2025,-0.0110,1.6319
11759,15:13:13.442,2024,-0.0115,1.6311
11760,15:13:13.442,2030,-0.0085,1.6359
11761,15:13:13.443,2023,-0.0120,1.6303
11762,15:13:13.443,2026,-0.0105,1.6327
11763,15:13:13.444,2019,-0.0139,1.6270
11764,15:13:13.444,2025,-0.0110,1.6319
11765,15:13:13.445,2018,-0.0144,1.6262
11766,15:13:13.445,2023,-0.0120,1.6303
11767,15:13:13.446,2023,-0.0120,1.6303
11768,15:13:13.446,2026,-0.0105,1.6327
11769,15:13:13.447,2025,-0.0110,1.6319
11770,15:13:13.447,2028,-0.0095,1.6343
11771,15:13:13.448,2026,-0.0105,1.6327
11772,15:13:13.448,2022,-0.0125,1.6295
11773,15:13:13.449,2028,-0.0095,1.6343
11774,15:13:13.449,2027,-0.0100,1.6335
11775,15:13:13.450,2025,-0.0110,1.6319
11776,15:13:13.450,2023,-0.0120,1.6303
11777,15:13:13.451,2023,-0.0120,1.6303
11778,15:13:13.451,2024,-0.0115,1.6311
11779,15:13:13.452,2021,-0.0129,1.6286
11780,15:13:13.452,2021,-0.0129,1.6286
11781,15:13:13.453,2023,-0.0120,1.6303
11782,15:13:13.453,2021,-0.0129,1.6286
11783,15:13:13.454,2028,-0.0095,1.6343
11784,15:13:13.454,2023,-0.0120,1.6303
11785,15:13:13.455,2020,-0.0134,1.6278
11786,15:13:13.455,2025,-0.0110,1.6319
11787,15:13:13.456,2022,-0.0125,1.6295
11788,15:13:13.456,2022,-0.0125,1.6295
11789,15:13:13.457,2019,-0.0139,1.6270
11790,15:13:13.457,2019,-0.0139,1.6270
11791,15:13:13.458,2021,-0.0129,1.6286
11792,15:13:13.458,2022,-0.0125,1.6295
11793,15:13:13.459,2022,-0.0125,1.6295
11794,15:13:13.459,2023,-0.0120,1.6303
11795,15:13:13.460,2019,-0.0139,1.6270
11796,15:13:13.460,2020,-0.0134,1.6278
11797,15:13:13.461,2022,-0.0125,1.6295
11798,15:13:13.461,2024,-0.0115,1.6311
11799,15:13:13.462,2021,-0.0129,1.6286
11800,15:13:13.462,2022,-0.0125,1.6295
11801,15:13:13.463,2023,-0.0120,1.6303
11802,15:13:13.463,2023,-0.0120,1.6303
11803,15:13:13.464,2026,-0.0105,1.6327
11804,15:13:13.464,2023,-0.0120,1.6303
11805,15:13:13.465,2023,-0.0120,1.6303
11806,15:13:13.465,2026,-0.0105,1.6327
11807,15:13:13.466,2023,-0.0120,1.6303
11808,15:13:13.466,2022,-0.0125,1.6295
11809,15:13:13.467,2023,-0.0120,1.6303
11810,15:13:13.467,2021,-0.0129,1.6286
11811,15:13:13.468,2018,-0.0144,1.6262
11812,15:13:13.468,2026,-0.0105,1.6327
11813,15:13:13.469,2020,-0.0134,1.6278
11814,15:13:13.469,2023,-0.0120,1.6303
11815,15:13:13.470,2020,-0.0134,1.6278
11816,15:13:13.470,2027,-0.0100,1.6335
11817,15:13:13.471,2022,-0.0125,1.6295
11818,15:13:13.471,2027,-0.0100,1.6335
11819,15:13:13.472,2025,-0.0110,1.6319
11820,15:13:13.472,2024,-0.0115,1.6311
11821,15:13:13.473,2029,-0.0090,1.6351
11822,15:13:13.473,2023,-0.0120,1.6303
11823,15:13:13.474,2024,-0.0115,1.6311
11824,15:13:13.474,2021,-0.0129,1.6286
11825,15:13:13.475,2020,-0.0134,1.6278
11826,15:13:13.475,2020,-0.0134,1.6278
11827,15:13:13.476,2024,-0.0115,1.6311
11828,15:13:13.476,2023,-0.0120,1.6303
11829,15:13:13.477,2021,-0.0129,1.6286
11830,15:13:13.477,2027,-0.0100,1.6335
11831,15:13:13.478,2026,-0.0105,1.6327
11832,15:13:13.478,2022,-0.0125,1.6295
11833,15:13:13.479,2024,-0.0115,1.6311
11834,15:13:13.479,2028,-0.0095,1.6343
11835,15:13:13.480,2024,-0.0115,1.6311
11836,15:13:13.480,2023,-0.0120,1.6303
11837,15:13:13.481,2017,-0.0149,1.6254
11838,15:13:13.481,2020,-0.0134,1.6278
11839,15:13:13.482,2021,-0.0129,1.6286
11840,15:13:13.482,2019,-0.0139,1.6270
11841,15:13:13.483,2023,-0.0120,1.6303
11842,15:13:13.483,2024,-0.0115,1.6311
11843,15:13:13.484,2022,-0.0125,1.6295
11844,15:13:13.484,2025,-0.0110,1.6319
11845,15:13:13.485,2021,-0.0129,1.6286
11846,15:13:13.485,2025,-0.0110,1.6319
11847,15:13:13.486,2022,-0.0125,1.6295
11848,15:13:13.486,2021,-0.0129,1.6286
11849,15:13:13.487,2020,-0.0134,1.6278
11850,15:13:13.487,2027,-0.0100,1.6335
11851,15:13:13.488,2019,-0.0139,1.6270
11852,15:13:13.488,2020,-0.0134,1.6278
11853,15:13:13.489,2020,-0.0134,1.6278
11854,15:13:13.489,2020,-0.0134,1.6278
11855,15:13:13.490,2024,-0.0115,1.6311
11856,15:13:13.490,2025,-0.0110,1.6319
11857,15:13:13.491,2021,-0.0129,1.6286
11858,15:13:13.491,2028,-0.0095,1.6343
11859,15:13:13.492,2022,-0.0125,1.6295
11860,15:13:13.492,2020,-0.0134,1.6278
11861,15:13:13.493,2020,-0.0134,1.6278
11862,15:13:13.493,2020,-0.0134,1.6278
11863,15:13:13.494,2023,-0.0120,1.6303
11864,15:13:13.494,2021,-0.0129,1.6286
11865,15:13:13.495,2020,-0.0134,1.6278
11866,15:13:13.495,2023,-0.0120,1.6303
11867,15:13:13.496,2023,-0.0120,1.6303
11868,15:13:13.496,2023,-0.0120,1.6303
11869,15:13:13.497,2024,-0.0115,1.6311
11870,15:13:13.497,2022,-0.0125,1.6295
11871,15:13:13.498,2023,-0.0120,1.6303
11872,15:13:13.498,2023,-0.0120,1.6303
11873,15:13:13.499,2024,-0.0115,1.6311
11874,15:13:13.499,2027,-0.0100,1.6335
11875,15:13:13.500,2022,-0.0125,1.6295
11876,15:13:13.500,2023,-0.0120,1.6303
11877,15:13:13.501,2024,-0.0115,1.6311
11878,15:13:13.501,2024,-0.0115,1.6311
11879,15:13:13.502,2023,-0.0120,1.6303
11880,15:13:13.502,2024,-0.0115,1.6311
11881,15:13:13.503,2029,-0.0090,1.6351
11882,15:13:13.503,2024,-0.0115,1.6311
11883,15:13:13.504,2021,-0.0129,1.6286
11884,15:13:13.504,2026,-0.0105,1.6327
11885,15:13:13.505,2023,-0.0120,1.6303
11886,15:13:13.505,2020,-0.0134,1.6278
11887,15:13:13.506,2020,-0.0134,1.6278
11888,15:13:13.506,2020,-0.0134,1.6278
11889,15:13:13.507,2018,-0.0144,1.6262
11890,15:13:13.507,2023,-0.0120,1.6303
11891,15:13:13.508,2025,-0.0110,1.6319
11892,15:13:13.508,2022,-0.0125,1.6295
11893,15:13:13.509,2023,-0.0120,1.6303
11894,15:13:13.509,2021,-0.0129,1.6286
11895,15:13:13.510,2028,-0.0095,1.6343
11896,15:13:13.510,2022,-0.0125,1.6295
11897,15:13:13.511,2025,-0.0110,1.6319
11898,15:13:13.511,2020,-0.0134,1.6278
11899,15:13:13.512,2023,-0.0120,1.6303
11900,15:13:13.512,2022,-0.0125,1.6295
11901,15:13:13.513,2018,-0.0144,1.6262
11902,15:13:13.513,2022,-0.0125,1.6295
11903,15:13:13.514,2024,-0.0115,1.6311
11904,15:13:13.514,2024,-0.0115,1.6311
11905,15:13:13.515,2025,-0.0110,1.6319
11906,15:13:13.515,2023,-0.0120,1.6303
11907,15:13:13.516,2024,-0.0115,1.6311
11908,15:13:13.516,2023,-0.0120,1.6303
11909,15:13:13.517,2024,-0.0115,1.6311
11910,15:13:13.517,2023,-0.0120,1.6303
11911,15:13:13.518,2022,-0.0125,1.6295
11912,15:13:13.518,2024,-0.0115,1.6311
11913,15:13:13.519,2019,-0.0139,1.6270
11914,15:13:13.519,2022,-0.0125,1.6295
11915,15:13:13.520,2023,-0.0120,1.6303
11916,15:13:13.520,2031,-0.0081,1.6367
11917,15:13:13.521,2027,-0.0100,1.6335
11918,15:13:13.521,2025,-0.0110,1.6319
11919,15:13:13.522,2026,-0.0105,1.6327
11920,15:13:13.522,2024,-0.0115,1.6311
11921,15:13:13.523,2026,-0.0105,1.6327
11922,15:13:13.523,2022,-0.0125,1.6295
11923,15:13:13.524,2018,-0.0144,1.6262
11924,15:13:13.524,2020,-0.0134,1.6278
11925,15:13:13.525,2021,-0.0129,1.6286
11926,15:13:13.525,2026,-0.0105,1.6327
11927,15:13:13.526,2026,-0.0105,1.6327
11928,15:13:13.526,2023,-0.0120,1.6303
11929,15:13:13.527,2023,-0.0120,1.6303
11930,15:13:13.527,2023,-0.0120,1.6303
11931,15:13:13.528,2023,-0.0120,1.6303
11932,15:13:13.528,2030,-0.0085,1.6359
11933,15:13:13.529,2025,-0.0110,1.6319
11934,15:13:13.529,2023,-0.0120,1.6303
11935,15:13:13.530,2021,-0.0129,1.6286
11936,15:13:13.530,2022,-0.0125,1.6295
11937,15:13:13.531,2024,-0.0115,1.6311
11938,15:13:13.531,2023,-0.0120,1.6303
11939,15:13:13.532,2023,-0.0120,1.6303
11940,15:13:13.532,2026,-0.0105,1.6327
11941,15:13:13.533,2025,-0.0110,1.6319
11942,15:13:13.533,2023,-0.0120,1.6303
11943,15:13:13.534,2021,-0.0129,1.6286
11944,15:13:13.534,2022,-0.0125,1.6295
11945,15:13:13.535,2027,-0.0100,1.6335
11946,15:13:13.535,2022,-0.0125,1.6295
11947,15:13:13.536,2020,-0.0134,1.6278
11948,15:13:13.536,2025,-0.0110,1.6319
11949,15:13:13.537,2024,-0.0115,1.6311
11950,15:13:13.537,2018,-0.0144,1.6262
11951,15:13:13.538,2023,-0.0120,1.6303
11952,15:13:13.538,2022,-0.0125,1.6295
11953,15:13:13.539,2020,-0.0134,1.6278
11954,15:13:13.539,2028,-0.0095,1.6343
11955,15:13:13.540,2021,-0.0129,1.6286
11956,15:13:13.540,2026,-0.0105,1.6327
11957,15:13:13.541,2023,-0.0120,1.6303
11958,15:13:13.541,2023,-0.0120,1.6303
11959,15:13:13.542,2019,-0.0139,1.6270
11960,15:13:13.542,2025,-0.0110,1.6319
11961,15:13:13.543,2020,-0.0134,1.6278
11962,15:13:13.543,2023,-0.0120,1.6303
11963,15:13:13.544,2022,-0.0125,1.6295
11964,15:13:13.544,2025,-0.0110,1.6319
11965,15:13:13.545,2021,-0.0129,1.6286
11966,15:13:13.545,2023,-0.0120,1.6303
11967,15:13:13.546,2023,-0.0120,1.6303
11968,15:13:13.546,2026,-0.0105,1.6327
11969,15:13:13.547,2023,-0.0120,1.6303
11970,15:13:13.547,2022,-0.0125,1.6295
11971,15:13:13.548,2020,-0.0134,1.6278
11972,15:13:13.548,2024,-0.0115,1.6311
11973,15:13:13.549,2023,-0.0120,1.6303
11974,15:13:13.549,2020,-0.0134,1.6278
11975,15:13:13.550,2025,-0.0110,1.6319
11976,15:13:13.550,2021,-0.0129,1.6286
11977,15:13:13.551,2025,-0.0110,1.6319
11978,15:13:13.551,2025,-0.0110,1.6319
11979,15:13:13.552,2024,-0.0115,1.6311
11980,15:13:13.552,2022,-0.0125,1.6295
11981,15:13:13.553,2024,-0.0115,1.6311
11982,15:13:13.553,2022,-0.0125,1.6295
11983,15:13:13.554,2020,-0.0134,1.6278
11984,15:13:13.554,2023,-0.0120,1.6303
11985,15:13:13.555,2021,-0.0129,1.6286
11986,15:13:13.555,2023,-0.0120,1.6303
11987,15:13:13.556,2021,-0.0129,1.6286
11988,15:13:13.556,2020,-0.0134,1.6278
11989,15:13:13.557,2022,-0.0125,1.6295
11990,15:13:13.557,2023,-0.0120,1.6303
11991,15:13:13.558,2027,-0.0100,1.6335
11992,15:13:13.558,2023,-0.0120,1.6303
11993,15:13:13.559,2024,-0.0115,1.6311
11994,15:13:13.559,2024,-0.0115,1.6311
11995,15:13:13.560,2025,-0.0110,1.6319
11996,15:13:13.560,2022,-0.0125,1.6295
11997,15:13:13.561,2016,-0.0154,1.6246
11998,15:13:13.561,2016,-0.0154,1.6246
11999,15:13:13.562,2022,-0.0125,1.6295
12000,15:13:13.562,2025,-0.0110,1.6319
12001,15:13:13.563,2026,-0.0105,1.6327
12002,15:13:13.563,2024,-0.0115,1.6311
12003,15:13:13.564,2023,-0.0120,1.6303
12004,15:13:13.564,2025,-0.0110,1.6319
12005,15:13:13.565,2024,-0.0115,1.6311
12006,15:13:13.565,2025,-0.0110,1.6319
12007,15:13:13.566,2023,-0.0120,1.6303
12008,15:13:13.566,2024,-0.0115,1.6311
12009,15:13:13.567,2022,-0.0125,1.6295
12010,15:13:13.567,2019,-0.0139,1.6270
12011,15:13:13.568,2023,-0.0120,1.6303
12012,15:13:13.568,2024,-0.0115,1.6311
12013,15:13:13.569,2024,-0.0115,1.6311
12014,15:13:13.569,2024,-0.0115,1.6311
12015,15:13:13.570,2026,-0.0105,1.6327
12016,15:13:13.570,2022,-0.0125,1.6295
12017,15:13:13.571,2028,-0.0095,1.6343
12018,15:13:13.571,2024,-0.0115,1.6311
12019,15:13:13.572,2019,-0.0139,1.6270
12020,15:13:13.572,2023,-0.0120,1.6303
12021,15:13:13.573,2020,-0.0134,1.6278
12022,15:13:13.573,2022,-0.0125,1.6295
12023,15:13:13.574,2019,-0.0139,1.6270
12024,15:13:13.574,2025,-0.0110,1.6319
12025,15:13:13.575,2022,-0.0125,1.6295
12026,15:13:13.575,2023,-0.0120,1.6303
12027,15:13:13.576,2022,-0.0125,1.6295
12028,15:13:13.576,2022,-0.0125,1.6295
12029,15:13:13.577,2025,-0.0110,1.6319
12030,15:13:13.577,2023,-0.0120,1.6303
12031,15:13:13.578,2023,-0.0120,1.6303
12032,15:13:13.578,2020,-0.0134,1.6278
12033,15:13:13.579,2021,-0.0129,1.6286
12034,15:13:13.579,2020,-0.0134,1.6278
12035,15:13:13.580,2023,-0.0120,1.6303
12036,15:13:13.580,2024,-0.0115,1.6311
12037,15:13:13.581,2021,-0.0129,1.6286
12038,15:13:13.581,2021,-0.0129,1.6286
12039,15:13:13.582,2022,-0.0125,1.6295
12040,15:13:13.582,2024,-0.0115,1.6311
12041,15:13:13.583,2026,-0.0105,1.6327
12042,15:13:13.583,2020,-0.0134,1.6278
12043,15:13:13.584,2020,-0.0134,1.6278
12044,15:13:13.584,2020,-0.0134,1.6278
12045,15:13:13.585,2023,-0.0120,1.6303
12046,15:13:13.585,2021,-0.0129,1.6286
12047,15:13:13.586,2018,-0.0144,1.6262
12048,15:13:13.586,2023,-0.0120,1.6303
12049,15:13:13.587,2020,-0.0134,1.6278
12050,15:13:13.587,2020,-0.0134,1.6278
12051,15:13:13.588,2022,-0.0125,1.6295
12052,15:13:13.588,2018,-0.0144,1.6262
12053,15:13:13.589,2024,-0.0115,1.6311
12054,15:13:13.589,2023,-0.0120,1.6303
12055,15:13:13.590,2022,-0.0125,1.6295
12056,15:13:13.590,2023,-0.0120,1.6303
12057,15:13:13.591,2019,-0.0139,1.6270
12058,15:13:13.591,2022,-0.0125,1.6295
12059,15:13:13.592,2019,-0.0139,1.6270
12060,15:13:13.592,2020,-0.0134,1.6278
12061,15:13:13.593,2021,-0.0129,1.6286
12062,15:13:13.593,2027,-0.0100,1.6335
12063,15:13:13.594,2022,-0.0125,1.6295
12064,15:13:13.594,2023,-0.0120,1.6303
12065,15:13:13.595,2023,-0.0120,1.6303
12066,15:13:13.595,2024,-0.0115,1.6311
12067,15:13:13.596,2023,-0.0120,1.6303
12068,15:13:13.596,2026,-0.0105,1.6327
12069,15:13:13.597,2027,-0.0100,1.6335
12070,15:13:13.597,2020,-0.0134,1.6278
12071,15:13:13.598,2021,-0.0129,1.6286
12072,15:13:13.598,2027,-0.0100,1.6335
12073,15:13:13.599,2022,-0.0125,1.6295
12074,15:13:13.599,2025,-0.0110,1.6319
12075,15:13:13.600,2021,-0.0129,1.6286
12076,15:13:13.600,2025,-0.0110,1.6319
12077,15:13:13.601,2023,-0.0120,1.6303
12078,15:13:13.601,2026,-0.0105,1.6327
12079,15:13:13.602,2021,-0.0129,1.6286
12080,15:13:13.602,2027,-0.0100,1.6335
12081,15:13:13.603,2021,-0.0129,1.6286
12082,15:13:13.603,2026,-0.0105,1.6327
12083,15:13:13.604,2023,-0.0120,1.6303
12084,15:13:13.604,2017,-0.0149,1.6254
12085,15:13:13.605,2024,-0.0115,1.6311
12086,15:13:13.605,2024,-0.0115,1.6311
12087,15:13:13.606,2024,-0.0115,1.6311
12088,15:13:13.606,2026,-0.0105,1.6327
12089,15:13:13.607,2018,-0.0144,1.6262
12090,15:13:13.607,2025,-0.0110,1.6319
12091,15:13:13.608,2022,-0.0125,1.6295
12092,15:13:13.608,2026,-0.0105,1.6327
12093,15:13:13.609,2019,-0.0139,1.6270
12094,15:13:13.609,2023,-0.0120,1.6303
12095,15:13:13.610,2018,-0.0144,1.6262
12096,15:13:13.610,2022,-0.0125,1.6295
12097,15:13:13.611,2020,-0.0134,1.6278
12098,15:13:13.611,2023,-0.0120,1.6303
12099,15:13:13.612,2023,-0.0120,1.6303
12100,15:13:13.612,2023,-0.0120,1.6303
12101,15:13:13.613,2025,-0.0110,1.6319
12102,15:13:13.613,2023,-0.0120,1.6303
12103,15:13:13.614,2024,-0.0115,1.6311
12104,15:13:13.614,2022,-0.0125,1.6295
12105,15:13:13.615,2019,-0.0139,1.6270
12106,15:13:13.615,2025,-0.0110,1.6319
12107,15:13:13.616,2020,-0.0134,1.6278
12108,15:13:13.616,2024,-0.0115,1.6311
12109,15:13:13.617,2022,-0.0125,1.6295
12110,15:13:13.617,2026,-0.0105,1.6327
12111,15:13:13.618,2025,-0.0110,1.6319
12112,15:13:13.618,2022,-0.0125,1.6295
12113,15:13:13.619,2026,-0.0105,1.6327
12114,15:13:13.619,2023,-0.0120,1.6303
12115,15:13:13.620,2027,-0.0100,1.6335
12116,15:13:13.620,2027,-0.0100,1.6335
12117,15:13:13.621,2024,-0.0115,1.6311
12118,15:13:13.621,2024,-0.0115,1.6311
12119,15:13:13.622,2023,-0.0120,1.6303
12120,15:13:13.622,2021,-0.0129,1.6286
12121,15:13:13.623,2022,-0.0125,1.6295
12122,15:13:13.623,2023,-0.0120,1.6303
12123,15:13:13.624,2022,-0.0125,1.6295
12124,15:13:13.624,2022,-0.0125,1.6295
12125,15:13:13.625,2027,-0.0100,1.6335
12126,15:13:13.625,2026,-0.0105,1.6327
12127,15:13:13.626,2023,-0.0120,1.6303
12128,15:13:13.626,2027,-0.0100,1.6335
12129,15:13:13.627,2020,-0.0134,1.6278
12130,15:13:13.627,2025,-0.0110,1.6319
12131,15:13:13.628,2020,-0.0134,1.6278
12132,15:13:13.628,2015,-0.0159,1.6238
12133,15:13:13.629,2017,-0.0149,1.6254
12134,15:13:13.629,2021,-0.0129,1.6286
12135,15:13:13.630,2026,-0.0105,1.6327
12136,15:13:13.630,2023,-0.0120,1.6303
12137,15:13:13.631,2023,-0.0120,1.6303
12138,15:13:13.631,2022,-0.0125,1.6295
12139,15:13:13.632,2021,-0.0129,1.6286
12140,15:13:13.632,2020,-0.0134,1.6278
12141,15:13:13.633,2024,-0.0115,1.6311
12142,15:13:13.633,2021,-0.0129,1.6286
12143,15:13:13.634,2019,-0.0139,1.6270
12144,15:13:13.634,2017,-0.0149,1.6254
12145,15:13:13.635,2020,-0.0134,1.6278
12146,15:13:13.635,2017,-0.0149,1.6254
12147,15:13:13.636,2023,-0.0120,1.6303
12148,15:13:13.636,2023,-0.0120,1.6303
12149,15:13:13.637,2024,-0.0115,1.6311
12150,15:13:13.637,2022,-0.0125,1.6295
12151,15:13:13.638,2024,-0.0115,1.6311
12152,15:13:13.638,2023,-0.0120,1.6303
12153,15:13:13.639,2018,-0.0144,1.6262
12154,15:13:13.639,2021,-0.0129,1.6286
12155,15:13:13.640,2023,-0.0120,1.6303
12156,15:13:13.640,2020,-0.0134,1.6278
12157,15:13:13.641,2020,-0.0134,1.6278
12158,15:13:13.641,2021,-0.0129,1.6286
12159,15:13:13.642,2025,-0.0110,1.6319
12160,15:13:13.642,2025,-0.0110,1.6319
12161,15:13:13.643,2022,-0.0125,1.6295
12162,15:13:13.643,2023,-0.0120,1.6303
12163,15:13:13.644,2023,-0.0120,1.6303
12164,15:13:13.644,2024,-0.0115,1.6311
12165,15:13:13.645,2026,-0.0105,1.6327
12166,15:13:13.645,2024,-0.0115,1.6311
12167,15:13:13.646,2023,-0.0120,1.6303
12168,15:13:13.646,2022,-0.0125,1.6295
12169,15:13:13.647,2021,-0.0129,1.6286
12170,15:13:13.647,2023,-0.0120,1.6303
12171,15:13:13.648,2024,-0.0115,1.6311
12172,15:13:13.648,2023,-0.0120,1.6303
12173,15:13:13.649,2025,-0.0110,1.6319
12174,15:13:13.649,2027,-0.0100,1.6335
12175,15:13:13.650,2024,-0.0115,1.6311
12176,15:13:13.650,2024,-0.0115,1.6311
12177,15:13:13.651,2024,-0.0115,1.6311
12178,15:13:13.651,2025,-0.0110,1.6319
12179,15:13:13.652,2020,-0.0134,1.6278
12180,15:13:13.652,2017,-0.0149,1.6254
12181,15:13:13.653,2020,-0.0134,1.6278
12182,15:13:13.653,2023,-0.0120,1.6303
12183,15:13:13.654,2023,-0.0120,1.6303
12184,15:13:13.654,2020,-0.0134,1.6278
12185,15:13:13.655,2022,-0.0125,1.6295
12186,15:13:13.655,2023,-0.0120,1.6303
12187,15:13:13.656,2030,-0.0085,1.6359
12188,15:13:13.656,2028,-0.0095,1.6343
12189,15:13:13.657,2025,-0.0110,1.6319
12190,15:13:13.657,2024,-0.0115,1.6311
12191,15:13:13.658,2021,-0.0129,1.6286
12192,15:13:13.658,2019,-0.0139,1.6270
12193,15:13:13.659,2019,-0.0139,1.6270
12194,15:13:13.659,2016,-0.0154,1.6246
12195,15:13:13.660,2022,-0.0125,1.6295
12196,15:13:13.660,2019,-0.0139,1.6270
12197,15:13:13.661,2023,-0.0120,1.6303
12198,15:13:13.661,2024,-0.0115,1.6311
12199,15:13:13.662,2020,-0.0134,1.6278
12200,15:13:13.662,2026,-0.0105,1.6327
12201,15:13:13.663,2023,-0.0120,1.6303
12202,15:13:13.663,2026,-0.0105,1.6327
12203,15:13:13.664,2023,-0.0120,1.6303
12204,15:13:13.664,2022,-0.0125,1.6295
12205,15:13:13.665,2020,-0.0134,1.6278
12206,15:13:13.665,2018,-0.0144,1.6262
12207,15:13:13.666,2018,-0.0144,1.6262
12208,15:13:13.666,2020,-0.0134,1.6278
12209,15:13:13.667,2025,-0.0110,1.6319
12210,15:13:13.667,2021,-0.0129,1.6286
12211,15:13:13.668,2021,-0.0129,1.6286
12212,15:13:13.668,2022,-0.0125,1.6295
12213,15:13:13.669,2022,-0.0125,1.6295
12214,15:13:13.669,2022,-0.0125,1.6295
12215,15:13:13.670,2025,-0.0110,1.6319
12216,15:13:13.670,2021,-0.0129,1.6286
12217,15:13:13.671,2019,-0.0139,1.6270
12218,15:13:13.671,2018,-0.0144,1.6262
12219,15:13:13.672,2024,-0.0115,1.6311
12220,15:13:13.672,2021,-0.0129,1.6286
12221,15:13:13.673,2021,-0.0129,1.6286
12222,15:13:13.673,2026,-0.0105,1.6327
12223,15:13:13.674,2027,-0.0100,1.6335
12224,15:13:13.674,2022,-0.0125,1.6295
12225,15:13:13.675,2020,-0.0134,1.6278
12226,15:13:13.675,2019,-0.0139,1.6270
12227,15:13:13.676,2021,-0.0129,1.6286
12228,15:13:13.676,2026,-0.0105,1.6327
12229,15:13:13.677,2019,-0.0139,1.6270
12230,15:13:13.677,2021,-0.0129,1.6286
12231,15:13:13.678,2022,-0.0125,1.6295
12232,15:13:13.678,2022,-0.0125,1.6295
12233,15:13:13.679,2021,-0.0129,1.6286
12234,15:13:13.679,2023,-0.0120,1.6303
12235,15:13:13.680,2028,-0.0095,1.6343
12236,15:13:13.680,2024,-0.0115,1.6311
12237,15:13:13.681,2024,-0.0115,1.6311
12238,15:13:13.681,2023,-0.0120,1.6303
12239,15:13:13.682,2022,-0.0125,1.6295
12240,15:13:13.682,2021,-0.0129,1.6286
12241,15:13:13.683,2021,-0.0129,1.6286
12242,15:13:13.683,2015,-0.0159,1.6238
12243,15:13:13.684,2024,-0.0115,1.6311
12244,15:13:13.684,2023,-0.0120,1.6303
12245,15:13:13.685,2023,-0.0120,1.6303
12246,15:13:13.685,2022,-0.0125,1.6295
12247,15:13:13.686,2024,-0.0115,1.6311
12248,15:13:13.686,2025,-0.0110,1.6319
12249,15:13:13.687,2030,-0.0085,1.6359
12250,15:13:13.687,2025,-0.0110,1.6319
12251,15:13:13.688,2022,-0.0125,1.6295
12252,15:13:13.688,2024,-0.0115,1.6311
12253,15:13:13.689,2021,-0.0129,1.6286
12254,15:13:13.689,2021,-0.0129,1.6286
12255,15:13:13.690,2025,-0.0110,1.6319
12256,15:13:13.690,2020,-0.0134,1.6278
12257,15:13:13.691,2026,-0.0105,1.6327
12258,15:13:13.691,2025,-0.0110,1.6319
12259,15:13:13.692,2019,-0.0139,1.6270
12260,15:13:13.692,2025,-0.0110,1.6319
12261,15:13:13.693,2025,-0.0110,1.6319
12262,15:13:13.693,2022,-0.0125,1.6295
12263,15:13:13.694,2024,-0.0115,1.6311
12264,15:13:13.694,2026,-0.0105,1.6327
12265,15:13:13.695,2025,-0.0110,1.6319
12266,15:13:13.695,2022,-0.0125,1.6295
12267,15:13:13.696,2020,-0.0134,1.6278
12268,15:13:13.696,2021,-0.0129,1.6286
12269,15:13:13.697,2026,-0.0105,1.6327
12270,15:13:13.697,2024,-0.0115,1.6311
12271,15:13:13.698,2025,-0.0110,1.6319
12272,15:13:13.698,2024,-0.0115,1.6311
12273,15:13:13.699,2025,-0.0110,1.6319
12274,15:13:13.699,2025,-0.0110,1.6319
12275,15:13:13.700,2023,-0.0120,1.6303
12276,15:13:13.700,2025,-0.0110,1.6319
12277,15:13:13.701,2023,-0.0120,1.6303
12278,15:13:13.701,2023,-0.0120,1.6303
12279,15:13:13.702,2024,-0.0115,1.6311
12280,15:13:13.702,2022,-0.0125,1.6295
12281,15:13:13.703,2022,-0.0125,1.6295
12282,15:13:13.703,2024,-0.0115,1.6311
12283,15:13:13.704,2025,-0.0110,1.6319
12284,15:13:13.704,2025,-0.0110,1.6319
12285,15:13:13.705,2027,-0.0100,1.6335
12286,15:13:13.705,2027,-0.0100,1.6335
12287,15:13:13.706,2023,-0.0120,1.6303
12288,15:13:13.706,2023,-0.0120,1.6303
12289,15:13:13.707,2025,-0.0110,1.6319
12290,15:13:13.707,2024,-0.0115,1.6311
12291,15:13:13.708,2019,-0.0139,1.6270
12292,15:13:13.708,2023,-0.0120,1.6303
12293,15:13:13.709,2022,-0.0125,1.6295
12294,15:13:13.709,2023,-0.0120,1.6303
12295,15:13:13.710,2023,-0.0120,1.6303
12296,15:13:13.710,2024,-0.0115,1.6311
12297,15:13:13.711,2021,-0.0129,1.6286
12298,15:13:13.711,2028,-0.0095,1.6343
12299,15:13:13.712,2025,-0.0110,1.6319
12300,15:13:13.712,2023,-0.0120,1.6303
12301,15:13:13.713,2023,-0.0120,1.6303
12302,15:13:13.713,2023,-0.0120,1.6303
12303,15:13:13.714,2022,-0.0125,1.6295
12304,15:13:13.714,2026,-0.0105,1.6327
12305,15:13:13.715,2020,-0.0134,1.6278
12306,15:13:13.715,2021,-0.0129,1.6286
12307,15:13:13.716,2022,-0.0125,1.6295
12308,15:13:13.716,2018,-0.0144,1.6262
12309,15:13:13.717,2024,-0.0115,1.6311
12310,15:13:13.717,2023,-0.0120,1.6303
12311,15:13:13.718,2024,-0.0115,1.6311
12312,15:13:13.718,2021,-0.0129,1.6286
12313,15:13:13.719,2025,-0.0110,1.6319
12314,15:13:13.719,2019,-0.0139,1.6270
12315,15:13:13.720,2021,-0.0129,1.6286
12316,15:13:13.720,2024,-0.0115,1.6311
12317,15:13:13.721,2019,-0.0139,1.6270
12318,15:13:13.721,2022,-0.0125,1.6295
12319,15:13:13.722,2025,-0.0110,1.6319
12320,15:13:13.722,2024,-0.0115,1.6311
12321,15:13:13.723,2023,-0.0120,1.6303
12322,15:13:13.723,2023,-0.0120,1.6303
12323,15:13:13.724,2024,-0.0115,1.6311
12324,15:13:13.724,2024,-0.0115,1.6311
12325,15:13:13.725,2022,-0.0125,1.6295
12326,15:13:13.725,2023,-0.0120,1.6303
12327,15:13:13.726,2019,-0.0139,1.6270
12328,15:13:13.726,2020,-0.0134,1.6278
12329,15:13:13.727,2022,-0.0125,1.6295
12330,15:13:13.727,2020,-0.0134,1.6278
12331,15:13:13.728,2025,-0.0110,1.6319
12332,15:13:13.728,2025,-0.0110,1.6319
12333,15:13:13.729,2023,-0.0120,1.6303
12334,15:13:13.729,2027,-0.0100,1.6335
12335,15:13:13.730,2022,-0.0125,1.6295
12336,15:13:13.730,2022,-0.0125,1.6295
12337,15:13:13.731,2023,-0.0120,1.6303
12338,15:13:13.731,2021,-0.0129,1.6286
12339,15:13:13.732,2023,-0.0120,1.6303
12340,15:13:13.732,2022,-0.0125,1.6295
12341,15:13:13.733,2021,-0.0129,1.6286
12342,15:13:13.733,2028,-0.0095,1.6343
12343,15:13:13.734,2023,-0.0120,1.6303
12344,15:13:13.734,2023,-0.0120,1.6303
12345,15:13:13.735,2023,-0.0120,1.6303
12346,15:13:13.735,2024,-0.0115,1.6311
12347,15:13:13.736,2024,-0.0115,1.6311
12348,15:13:13.736,2027,-0.0100,1.6335
12349,15:13:13.737,2027,-0.0100,1.6335
12350,15:13:13.737,2026,-0.0105,1.6327
12351,15:13:13.738,2021,-0.0129,1.6286
12352,15:13:13.738,2024,-0.0115,1.6311
12353,15:13:13.739,2025,-0.0110,1.6319
12354,15:13:13.739,2025,-0.0110,1.6319
12355,15:13:13.740,2023,-0.0120,1.6303
12356,15:13:13.740,2024,-0.0115,1.6311
12357,15:13:13.741,2024,-0.0115,1.6311
12358,15:13:13.741,2027,-0.0100,1.6335
12359,15:13:13.742,2027,-0.0100,1.6335
12360,15:13:13.742,2028,-0.0095,1.6343
12361,15:13:13.743,2026,-0.0105,1.6327
12362,15:13:13.743,2023,-0.0120,1.6303
12363,15:13:13.744,2024,-0.0115,1.6311
12364,15:13:13.744,2020,-0.0134,1.6278
12365,15:13:13.745,2025,-0.0110,1.6319
12366,15:13:13.745,2029,-0.0090,1.6351
12367,15:13:13.746,2024,-0.0115,1.6311
12368,15:13:13.746,2026,-0.0105,1.6327
12369,15:13:13.747,2023,-0.0120,1.6303
12370,15:13:13.747,2025,-0.0110,1.6319
12371,15:13:13.748,2024,-0.0115,1.6311
12372,15:13:13.748,2023,-0.0120,1.6303
12373,15:13:13.749,2021,-0.0129,1.6286
12374,15:13:13.749,2024,-0.0115,1.6311
12375,15:13:13.750,2017,-0.0149,1.6254
12376,15:13:13.750,2018,-0.0144,1.6262
12377,15:13:13.751,2021,-0.0129,1.6286
12378,15:13:13.751,2022,-0.0125,1.6295
12379,15:13:13.752,2022,-0.0125,1.6295
12380,15:13:13.752,2020,-0.0134,1.6278
12381,15:13:13.753,2023,-0.0120,1.6303
12382,15:13:13.753,2026,-0.0105,1.6327
12383,15:13:13.754,2021,-0.0129,1.6286
12384,15:13:13.754,2025,-0.0110,1.6319
12385,15:13:13.755,2025,-0.0110,1.6319
12386,15:13:13.755,2024,-0.0115,1.6311
12387,15:13:13.756,2024,-0.0115,1.6311
12388,15:13:13.756,2023,-0.0120,1.6303
12389,15:13:13.757,2025,-0.0110,1.6319
12390,15:13:13.757,2024,-0.0115,1.6311
12391,15:13:13.758,2021,-0.0129,1.6286
12392,15:13:13.758,2022,-0.0125,1.6295
12393,15:13:13.759,2019,-0.0139,1.6270
12394,15:13:13.759,2023,-0.0120,1.6303
12395,15:13:13.760,2026,-0.0105,1.6327
12396,15:13:13.760,2024,-0.0115,1.6311
12397,15:13:13.761,2023,-0.0120,1.6303
12398,15:13:13.761,2018,-0.0144,1.6262
12399,15:13:13.762,2024,-0.0115,1.6311
12400,15:13:13.762,2025,-0.0110,1.6319
12401,15:13:13.763,2024,-0.0115,1.6311
12402,15:13:13.763,2022,-0.0125,1.6295
12403,15:13:13.764,2026,-0.0105,1.6327
12404,15:13:13.764,2025,-0.0110,1.6319
12405,15:13:13.765,2024,-0.0115,1.6311
12406,15:13:13.765,2024,-0.0115,1.6311
12407,15:13:13.766,2024,-0.0115,1.6311
12408,15:13:13.766,2024,-0.0115,1.6311
12409,15:13:13.767,2024,-0.0115,1.6311
12410,15:13:13.767,2022,-0.0125,1.6295
12411,15:13:13.768,2022,-0.0125,1.6295
12412,15:13:13.768,2022,-0.0125,1.6295
12413,15:13:13.769,2025,-0.0110,1.6319
12414,15:13:13.769,2023,-0.0120,1.6303
12415,15:13:13.770,2023,-0.0120,1.6303
12416,15:13:13.770,2023,-0.0120,1.6303
12417,15:13:13.771,2021,-0.0129,1.6286
12418,15:13:13.771,2022,-0.0125,1.6295
12419,15:13:13.772,2024,-0.0115,1.6311
12420,15:13:13.772,2027,-0.0100,1.6335
12421,15:13:13.773,2025,-0.0110,1.6319
12422,15:13:13.773,2025,-0.0110,1.6319
12423,15:13:13.774,2021,-0.0129,1.6286
12424,15:13:13.774,2023,-0.0120,1.6303
12425,15:13:13.775,2022,-0.0125,1.6295
12426,15:13:13.775,2025,-0.0110,1.6319
12427,15:13:13.776,2023,-0.0120,1.6303
12428,15:13:13.776,2020,-0.0134,1.6278
12429,15:13:13.777,2024,-0.0115,1.6311
12430,15:13:13.777,2020,-0.0134,1.6278
12431,15:13:13.778,2026,-0.0105,1.6327
12432,15:13:13.778,2022,-0.0125,1.6295
12433,15:13:13.779,2023,-0.0120,1.6303
12434,15:13:13.779,2024,-0.0115,1.6311
12435,15:13:13.780,2024,-0.0115,1.6311
12436,15:13:13.780,2020,-0.0134,1.6278
12437,15:13:13.781,2019,-0.0139,1.6270
12438,15:13:13.781,2023,-0.0120,1.6303
12439,15:13:13.782,2022,-0.0125,1.6295
12440,15:13:13.782,2020,-0.0134,1.6278
12441,15:13:13.783,2024,-0.0115,1.6311
12442,15:13:13.783,2027,-0.0100,1.6335
12443,15:13:13.784,2024,-0.0115,1.6311
12444,15:13:13.784,2026,-0.0105,1.6327
12445,15:13:13.785,2021,-0.0129,1.6286
12446,15:13:13.785,2023,-0.0120,1.6303
12447,15:13:13.786,2019,-0.0139,1.6270
12448,15:13:13.786,2027,-0.0100,1.6335
12449,15:13:13.787,2018,-0.0144,1.6262
12450,15:13:13.787,2020,-0.0134,1.6278
12451,15:13:13.788,2023,-0.0120,1.6303
12452,15:13:13.788,2023,-0.0120,1.6303
12453,15:13:13.789,2025,-0.0110,1.6319
12454,15:13:13.789,2024,-0.0115,1.6311
12455,15:13:13.790,2018,-0.0144,1.6262
12456,15:13:13.790,2022,-0.0125,1.6295
12457,15:13:13.791,2025,-0.0110,1.6319
12458,15:13:13.791,2027,-0.0100,1.6335
12459,15:13:13.792,2022,-0.0125,1.6295
12460,15:13:13.792,2022,-0.0125,1.6295
12461,15:13:13.793,2023,-0.0120,1.6303
12462,15:13:13.793,2021,-0.0129,1.6286
12463,15:13:13.794,2022,-0.0125,1.6295
12464,15:13:13.794,2026,-0.0105,1.6327
12465,15:13:13.795,2024,-0.0115,1.6311
12466,15:13:13.795,2024,-0.0115,1.6311
12467,15:13:13.796,2025,-0.0110,1.6319
12468,15:13:13.796,2025,-0.0110,1.6319
12469,15:13:13.797,2024,-0.0115,1.6311
12470,15:13:13.797,2023,-0.0120,1.6303
12471,15:13:13.798,2024,-0.0115,1.6311
12472,15:13:13.798,2024,-0.0115,1.6311
12473,15:13:13.799,2021,-0.0129,1.6286
12474,15:13:13.799,2023,-0.0120,1.6303
12475,15:13:13.800,2021,-0.0129,1.6286
12476,15:13:13.800,2023,-0.0120,1.6303
12477,15:13:13.801,2021,-0.0129,1.6286
12478,15:13:13.801,2023,-0.0120,1.6303
12479,15:13:13.802,2028,-0.0095,1.6343
12480,15:13:13.802,2024,-0.0115,1.6311
12481,15:13:13.803,2023,-0.0120,1.6303
12482,15:13:13.803,2023,-0.0120,1.6303
12483,15:13:13.804,2028,-0.0095,1.6343
12484,15:13:13.804,2021,-0.0129,1.6286
12485,15:13:13.805,2019,-0.0139,1.6270
12486,15:13:13.805,2023,-0.0120,1.6303
12487,15:13:13.806,2023,-0.0120,1.6303
12488,15:13:13.806,2026,-0.0105,1.6327
12489,15:13:13.807,2023,-0.0120,1.6303
12490,15:13:13.807,2020,-0.0134,1.6278
12491,15:13:13.808,2019,-0.0139,1.6270
12492,15:13:13.808,2025,-0.0110,1.6319
12493,15:13:13.809,2025,-0.0110,1.6319
12494,15:13:13.809,2028,-0.0095,1.6343
12495,15:13:13.810,2021,-0.0129,1.6286
12496,15:13:13.810,2021,-0.0129,1.6286
12497,15:13:13.811,2023,-0.0120,1.6303
12498,15:13:13.811,2020,-0.0134,1.6278
12499,15:13:13.812,2023,-0.0120,1.6303
12500,15:13:13.812,2023,-0.0120,1.6303
12501,15:13:13.813,2023,-0.0120,1.6303
12502,15:13:13.813,2028,-0.0095,1.6343
12503,15:13:13.814,2021,-0.0129,1.6286
12504,15:13:13.814,2022,-0.0125,1.6295
12505,15:13:13.815,2023,-0.0120,1.6303
12506,15:13:13.815,2025,-0.0110,1.6319
12507,15:13:13.816,2027,-0.0100,1.6335
12508,15:13:13.816,2025,-0.0110,1.6319
12509,15:13:13.817,2020,-0.0134,1.6278
12510,15:13:13.817,2022,-0.0125,1.6295
12511,15:13:13.818,2020,-0.0134,1.6278
12512,15:13:13.818,2023,-0.0120,1.6303
12513,15:13:13.819,2017,-0.0149,1.6254
12514,15:13:13.819,2024,-0.0115,1.6311
12515,15:13:13.820,2020,-0.0134,1.6278
12516,15:13:13.820,2020,-0.0134,1.6278
12517,15:13:13.821,2023,-0.0120,1.6303
12518,15:13:13.821,2026,-0.0105,1.6327
12519,15:13:13.822,2023,-0.0120,1.6303
12520,15:13:13.822,2021,-0.0129,1.6286
12521,15:13:13.823,2023,-0.0120,1.6303
12522,15:13:13.823,2025,-0.0110,1.6319
12523,15:13:13.824,2023,-0.0120,1.6303
12524,15:13:13.824,2021,-0.0129,1.6286
12525,15:13:13.825,2021,-0.0129,1.6286
12526,15:13:13.825,2022,-0.0125,1.6295
12527,15:13:13.826,2025,-0.0110,1.6319
12528,15:13:13.826,2025,-0.0110,1.6319
12529,15:13:13.827,2023,-0.0120,1.6303
12530,15:13:13.827,2030,-0.0085,1.6359
12531,15:13:13.828,2025,-0.0110,1.6319
12532,15:13:13.828,2022,-0.0125,1.6295
12533,15:13:13.829,2022,-0.0125,1.6295
12534,15:13:13.829,2021,-0.0129,1.6286
12535,15:13:13.830,2024,-0.0115,1.6311
12536,15:13:13.830,2025,-0.0110,1.6319
12537,15:13:13.831,2023,-0.0120,1.6303
12538,15:13:13.831,2025,-0.0110,1.6319
12539,15:13:13.832,2023,-0.0120,1.6303
12540,15:13:13.832,2027,-0.0100,1.6335
12541,15:13:13.833,2024,-0.0115,1.6311
12542,15:13:13.833,2023,-0.0120,1.6303
12543,15:13:13.834,2026,-0.0105,1.6327
12544,15:13:13.834,2023,-0.0120,1.6303
12545,15:13:13.835,2021,-0.0129,1.6286
12546,15:13:13.835,2023,-0.0120,1.6303
12547,15:13:13.836,2020,-0.0134,1.6278
12548,15:13:13.836,2024,-0.0115,1.6311
12549,15:13:13.837,2020,-0.0134,1.6278
12550,15:13:13.837,2024,-0.0115,1.6311
12551,15:13:13.838,2022,-0.0125,1.6295
12552,15:13:13.838,2022,-0.0125,1.6295
12553,15:13:13.839,2024,-0.0115,1.6311
12554,15:13:13.839,2023,-0.0120,1.6303
12555,15:13:13.840,2020,-0.0134,1.6278
12556,15:13:13.840,2024,-0.0115,1.6311
12557,15:13:13.841,2023,-0.0120,1.6303
12558,15:13:13.841,2020,-0.0134,1.6278
12559,15:13:13.842,2017,-0.0149,1.6254
12560,15:13:13.842,2021,-0.0129,1.6286
12561,15:13:13.843,2022,-0.0125,1.6295
12562,15:13:13.843,2023,-0.0120,1.6303
12563,15:13:13.844,2019,-0.0139,1.6270
12564,15:13:13.844,2023,-0.0120,1.6303
12565,15:13:13.845,2025,-0.0110,1.6319
12566,15:13:13.845,2022,-0.0125,1.6295
12567,15:13:13.846,2024,-0.0115,1.6311
12568,15:13:13.846,2022,-0.0125,1.6295
12569,15:13:13.847,2021,-0.0129,1.6286
12570,15:13:13.847,2021,-0.0129,1.6286
12571,15:13:13.848,2020,-0.0134,1.6278
12572,15:13:13.848,2023,-0.0120,1.6303
12573,15:13:13.849,2020,-0.0134,1.6278
12574,15:13:13.849,2019,-0.0139,1.6270
12575,15:13:13.850,2024,-0.0115,1.6311
12576,15:13:13.850,2020,-0.0134,1.6278
12577,15:13:13.851,2024,-0.0115,1.6311
12578,15:13:13.851,2020,-0.0134,1.6278
12579,15:13:13.852,2021,-0.0129,1.6286
12580,15:13:13.852,2023,-0.0120,1.6303
12581,15:13:13.853,2024,-0.0115,1.6311
12582,15:13:13.853,2022,-0.0125,1.6295
12583,15:13:13.854,2025,-0.0110,1.6319
12584,15:13:13.854,2026,-0.0105,1.6327
12585,15:13:13.855,2020,-0.0134,1.6278
12586,15:13:13.855,2023,-0.0120,1.6303
12587,15:13:13.856,2022,-0.0125,1.6295
12588,15:13:13.856,2026,-0.0105,1.6327
12589,15:13:13.857,2024,-0.0115,1.6311
12590,15:13:13.857,2026,-0.0105,1.6327
12591,15:13:13.858,2024,-0.0115,1.6311
12592,15:13:13.858,2027,-0.0100,1.6335
12593,15:13:13.859,2026,-0.0105,1.6327
12594,15:13:13.859,2025,-0.0110,1.6319
12595,15:13:13.860,2026,-0.0105,1.6327
12596,15:13:13.860,2020,-0.0134,1.6278
12597,15:13:13.861,2021,-0.0129,1.6286
12598,15:13:13.861,2025,-0.0110,1.6319
12599,15:13:13.862,2022,-0.0125,1.6295
12600,15:13:13.862,2029,-0.0090,1.6351
12601,15:13:13.863,2026,-0.0105,1.6327
12602,15:13:13.863,2024,-0.0115,1.6311
12603,15:13:13.864,2025,-0.0110,1.6319
12604,15:13:13.864,2024,-0.0115,1.6311
12605,15:13:13.865,2027,-0.0100,1.6335
12606,15:13:13.865,2025,-0.0110,1.6319
12607,15:13:13.866,2022,-0.0125,1.6295
12608,15:13:13.866,2023,-0.0120,1.6303
12609,15:13:13.867,2019,-0.0139,1.6270
12610,15:13:13.867,2023,-0.0120,1.6303
12611,15:13:13.868,2024,-0.0115,1.6311
12612,15:13:13.868,2024,-0.0115,1.6311
12613,15:13:13.869,2020,-0.0134,1.6278
12614,15:13:13.869,2024,-0.0115,1.6311
12615,15:13:13.870,2024,-0.0115,1.6311
12616,15:13:13.870,2026,-0.0105,1.6327
12617,15:13:13.871,2023,-0.0120,1.6303
12618,15:13:13.871,2025,-0.0110,1.6319
12619,15:13:13.872,2022,-0.0125,1.6295
12620,15:13:13.872,2023,-0.0120,1.6303
12621,15:13:13.873,2023,-0.0120,1.6303
12622,15:13:13.873,2021,-0.0129,1.6286
12623,15:13:13.874,2023,-0.0120,1.6303
12624,15:13:13.874,2024,-0.0115,1.6311
12625,15:13:13.875,2021,-0.0129,1.6286
12626,15:13:13.875,2024,-0.0115,1.6311
12627,15:13:13.876,2025,-0.0110,1.6319
12628,15:13:13.876,2021,-0.0129,1.6286
12629,15:13:13.877,2023,-0.0120,1.6303
12630,15:13:13.877,2022,-0.0125,1.6295
12631,15:13:13.878,2020,-0.0134,1.6278
12632,15:13:13.878,2023,-0.0120,1.6303
12633,15:13:13.879,2024,-0.0115,1.6311
12634,15:13:13.879,2022,-0.0125,1.6295
12635,15:13:13.880,2023,-0.0120,1.6303
12636,15:13:13.880,2020,-0.0134,1.6278
12637,15:13:13.881,2024,-0.0115,1.6311
12638,15:13:13.881,2025,-0.0110,1.6319
12639,15:13:13.882,2023,-0.0120,1.6303
12640,15:13:13.882,2024,-0.0115,1.6311
12641,15:13:13.883,2024,-0.0115,1.6311
12642,15:13:13.883,2029,-0.0090,1.6351
12643,15:13:13.884,2018,-0.0144,1.6262
12644,15:13:13.884,2024,-0.0115,1.6311
12645,15:13:13.885,2025,-0.0110,1.6319
12646,15:13:13.885,2022,-0.0125,1.6295
12647,15:13:13.886,2021,-0.0129,1.6286
12648,15:13:13.886,2024,-0.0115,1.6311
12649,15:13:13.887,2019,-0.0139,1.6270
12650,15:13:13.887,2023,-0.0120,1.6303
12651,15:13:13.888,2025,-0.0110,1.6319
12652,15:13:13.888,2026,-0.0105,1.6327
12653,15:13:13.889,2023,-0.0120,1.6303
12654,15:13:13.889,2025,-0.0110,1.6319
12655,15:13:13.890,2026,-0.0105,1.6327
12656,15:13:13.890,2021,-0.0129,1.6286
12657,15:13:13.891,2024,-0.0115,1.6311
12658,15:13:13.891,2020,-0.0134,1.6278
12659,15:13:13.892,2022,-0.0125,1.6295
12660,15:13:13.892,2023,-0.0120,1.6303
12661,15:13:13.893,2029,-0.0090,1.6351
12662,15:13:13.893,2029,-0.0090,1.6351
12663,15:13:13.894,2025,-0.0110,1.6319
12664,15:13:13.894,2020,-0.0134,1.6278
12665,15:13:13.895,2021,-0.0129,1.6286
12666,15:13:13.895,2024,-0.0115,1.6311
12667,15:13:13.896,2022,-0.0125,1.6295
12668,15:13:13.896,2022,-0.0125,1.6295
12669,15:13:13.897,2023,-0.0120,1.6303
12670,15:13:13.897,2025,-0.0110,1.6319
12671,15:13:13.898,2022,-0.0125,1.6295
12672,15:13:13.898,2027,-0.0100,1.6335
12673,15:13:13.899,2020,-0.0134,1.6278
12674,15:13:13.899,2026,-0.0105,1.6327
12675,15:13:13.900,2025,-0.0110,1.6319
12676,15:13:13.900,2024,-0.0115,1.6311
12677,15:13:13.901,2022,-0.0125,1.6295
12678,15:13:13.901,2023,-0.0120,1.6303
12679,15:13:13.902,2024,-0.0115,1.6311
12680,15:13:13.902,2024,-0.0115,1.6311
12681,15:13:13.903,2024,-0.0115,1.6311
12682,15:13:13.903,2021,-0.0129,1.6286
12683,15:13:13.904,2022,-0.0125,1.6295
12684,15:13:13.904,2024,-0.0115,1.6311
12685,15:13:13.905,2023,-0.0120,1.6303
12686,15:13:13.905,2023,-0.0120,1.6303
12687,15:13:13.906,2025,-0.0110,1.6319
12688,15:13:13.906,2024,-0.0115,1.6311
12689,15:13:13.907,2021,-0.0129,1.6286
12690,15:13:13.907,2023,-0.0120,1.6303
12691,15:13:13.908,2023,-0.0120,1.6303
12692,15:13:13.908,2026,-0.0105,1.6327
12693,15:13:13.909,2024,-0.0115,1.6311
12694,15:13:13.909,2024,-0.0115,1.6311
12695,15:13:13.910,2025,-0.0110,1.6319
12696,15:13:13.910,2023,-0.0120,1.6303
12697,15:13:13.911,2022,-0.0125,1.6295
12698,15:13:13.911,2022,-0.0125,1.6295
12699,15:13:13.912,2026,-0.0105,1.6327
12700,15:13:13.912,2023,-0.0120,1.6303
12701,15:13:13.913,2026,-0.0105,1.6327
12702,15:13:13.913,2023,-0.0120,1.6303
12703,15:13:13.914,2025,-0.0110,1.6319
12704,15:13:13.914,2022,-0.0125,1.6295
12705,15:13:13.915,2023,-0.0120,1.6303
12706,15:13:13.915,2021,-0.0129,1.6286
12707,15:13:13.916,2021,-0.0129,1.6286
12708,15:13:13.916,2022,-0.0125,1.6295
12709,15:13:13.917,2019,-0.0139,1.6270
12710,15:13:13.917,2023,-0.0120,1.6303
12711,15:13:13.918,2026,-0.0105,1.6327
12712,15:13:13.918,2022,-0.0125,1.6295
12713,15:13:13.919,2022,-0.0125,1.6295
12714,15:13:13.919,2019,-0.0139,1.6270
12715,15:13:13.920,2023,-0.0120,1.6303
12716,15:13:13.920,2022,-0.0125,1.6295
12717,15:13:13.921,2020,-0.0134,1.6278
12718,15:13:13.921,2023,-0.0120,1.6303
12719,15:13:13.922,2022,-0.0125,1.6295
12720,15:13:13.922,2019,-0.0139,1.6270
12721,15:13:13.923,2022,-0.0125,1.6295
12722,15:13:13.923,2021,-0.0129,1.6286
12723,15:13:13.924,2022,-0.0125,1.6295
12724,15:13:13.924,2027,-0.0100,1.6335
12725,15:13:13.925,2024,-0.0115,1.6311
12726,15:13:13.925,2021,-0.0129,1.6286
12727,15:13:13.926,2024,-0.0115,1.6311
12728,15:13:13.926,2024,-0.0115,1.6311
12729,15:13:13.927,2026,-0.0105,1.6327
12730,15:13:13.927,2022,-0.0125,1.6295
12731,15:13:13.928,2019,-0.0139,1.6270
12732,15:13:13.928,2021,-0.0129,1.6286
12733,15:13:13.929,2023,-0.0120,1.6303
12734,15:13:13.929,2023,-0.0120,1.6303
12735,15:13:13.930,2023,-0.0120,1.6303
12736,15:13:13.930,2025,-0.0110,1.6319
12737,15:13:13.931,2026,-0.0105,1.6327
12738,15:13:13.931,2025,-0.0110,1.6319
12739,15:13:13.932,2026,-0.0105,1.6327
12740,15:13:13.932,2032,-0.0076,1.6375
12741,15:13:13.933,2022,-0.0125,1.6295
12742,15:13:13.933,2020,-0.0134,1.6278
12743,15:13:13.934,2024,-0.0115,1.6311
12744,15:13:13.934,2026,-0.0105,1.6327
12745,15:13:13.935,2026,-0.0105,1.6327
12746,15:13:13.935,2023,-0.0120,1.6303
12747,15:13:13.936,2023,-0.0120,1.6303
12748,15:13:13.936,2022,-0.0125,1.6295
12749,15:13:13.937,2026,-0.0105,1.6327
12750,15:13:13.937,2027,-0.0100,1.6335
12751,15:13:13.938,2024,-0.0115,1.6311
12752,15:13:13.938,2023,-0.0120,1.6303
12753,15:13:13.939,2023,-0.0120,1.6303
12754,15:13:13.939,2025,-0.0110,1.6319
12755,15:13:13.940,2021,-0.0129,1.6286
12756,15:13:13.940,2024,-0.0115,1.6311
12757,15:13:13.941,2021,-0.0129,1.6286
12758,15:13:13.941,2022,-0.0125,1.6295
12759,15:13:13.942,2023,-0.0120,1.6303
12760,15:13:13.942,2023,-0.0120,1.6303
12761,15:13:13.943,2022,-0.0125,1.6295
12762,15:13:13.943,2024,-0.0115,1.6311
12763,15:13:13.944,2023,-0.0120,1.6303
12764,15:13:13.944,2023,-0.0120,1.6303
12765,15:13:13.945,2021,-0.0129,1.6286
12766,15:13:13.945,2018,-0.0144,1.6262
12767,15:13:13.946,2022,-0.0125,1.6295
12768,15:13:13.946,2019,-0.0139,1.6270
12769,15:13:13.947,2022,-0.0125,1.6295
12770,15:13:13.947,2021,-0.0129,1.6286
12771,15:13:13.948,2023,-0.0120,1.6303
12772,15:13:13.948,2020,-0.0134,1.6278
12773,15:13:13.949,2022,-0.0125,1.6295
12774,15:13:13.949,2023,-0.0120,1.6303
12775,15:13:13.950,2022,-0.0125,1.6295
12776,15:13:13.950,2022,-0.0125,1.6295
12777,15:13:13.951,2027,-0.0100,1.6335
12778,15:13:13.951,2020,-0.0134,1.6278
12779,15:13:13.952,2023,-0.0120,1.6303
12780,15:13:13.952,2025,-0.0110,1.6319
12781,15:13:13.953,2020,-0.0134,1.6278
12782,15:13:13.953,2024,-0.0115,1.6311
12783,15:13:13.954,2018,-0.0144,1.6262
12784,15:13:13.954,2022,-0.0125,1.6295
12785,15:13:13.955,2022,-0.0125,1.6295
12786,15:13:13.955,2026,-0.0105,1.6327
12787,15:13:13.956,2024,-0.0115,1.6311
12788,15:13:13.956,2021,-0.0129,1.6286
12789,15:13:13.957,2023,-0.0120,1.6303
12790,15:13:13.957,2023,-0.0120,1.6303
12791,15:13:13.958,2022,-0.0125,1.6295
12792,15:13:13.958,2018,-0.0144,1.6262
12793,15:13:13.959,2021,-0.0129,1.6286
12794,15:13:13.959,2025,-0.0110,1.6319
12795,15:13:13.960,2023,-0.0120,1.6303
12796,15:13:13.960,2021,-0.0129,1.6286
12797,15:13:13.961,2024,-0.0115,1.6311
12798,15:13:13.961,2020,-0.0134,1.6278
12799,15:13:13.962,2027,-0.0100,1.6335
12800,15:13:13.962,2022,-0.0125,1.6295
12801,15:13:13.963,2024,-0.0115,1.6311
12802,15:13:13.963,2027,-0.0100,1.6335
12803,15:13:13.964,2022,-0.0125,1.6295
12804,15:13:13.964,2019,-0.0139,1.6270
12805,15:13:13.965,2023,-0.0120,1.6303
12806,15:13:13.965,2023,-0.0120,1.6303
12807,15:13:13.966,2022,-0.0125,1.6295
12808,15:13:13.966,2023,-0.0120,1.6303
12809,15:13:13.967,2024,-0.0115,1.6311
12810,15:13:13.967,2023,-0.0120,1.6303
12811,15:13:13.968,2022,-0.0125,1.6295
12812,15:13:13.968,2022,-0.0125,1.6295
12813,15:13:13.969,2025,-0.0110,1.6319
12814,15:13:13.969,2020,-0.0134,1.6278
12815,15:13:13.970,2022,-0.0125,1.6295
12816,15:13:13.970,2019,-0.0139,1.6270
12817,15:13:13.971,2024,-0.0115,1.6311
12818,15:13:13.971,2021,-0.0129,1.6286
12819,15:13:13.972,2020,-0.0134,1.6278
12820,15:13:13.972,2023,-0.0120,1.6303
12821,15:13:13.973,2022,-0.0125,1.6295
12822,15:13:13.973,2022,-0.0125,1.6295
12823,15:13:13.974,2023,-0.0120,1.6303
12824,15:13:13.974,2019,-0.0139,1.6270
12825,15:13:13.975,2027,-0.0100,1.6335
12826,15:13:13.975,2022,-0.0125,1.6295
12827,15:13:13.976,2020,-0.0134,1.6278
12828,15:13:13.976,2022,-0.0125,1.6295
12829,15:13:13.977,2021,-0.0129,1.6286
12830,15:13:13.977,2022,-0.0125,1.6295
12831,15:13:13.978,2027,-0.0100,1.6335
12832,15:13:13.978,2023,-0.0120,1.6303
12833,15:13:13.979,2025,-0.0110,1.6319
12834,15:13:13.979,2021,-0.0129,1.6286
12835,15:13:13.980,2024,-0.0115,1.6311
12836,15:13:13.980,2022,-0.0125,1.6295
12837,15:13:13.981,2026,-0.0105,1.6327
12838,15:13:13.981,2021,-0.0129,1.6286
12839,15:13:13.982,2023,-0.0120,1.6303
12840,15:13:13.982,2022,-0.0125,1.6295
12841,15:13:13.983,2019,-0.0139,1.6270
12842,15:13:13.983,2021,-0.0129,1.6286
12843,15:13:13.984,2021,-0.0129,1.6286
12844,15:13:13.984,2022,-0.0125,1.6295
12845,15:13:13.985,2023,-0.0120,1.6303
12846,15:13:13.985,2024,-0.0115,1.6311
12847,15:13:13.986,2026,-0.0105,1.6327
12848,15:13:13.986,2023,-0.0120,1.6303
12849,15:13:13.987,2019,-0.0139,1.6270
12850,15:13:13.987,2023,-0.0120,1.6303
12851,15:13:13.988,2025,-0.0110,1.6319
12852,15:13:13.988,2025,-0.0110,1.6319
12853,15:13:13.989,2021,-0.0129,1.6286
12854,15:13:13.989,2024,-0.0115,1.6311
12855,15:13:13.990,2026,-0.0105,1.6327
12856,15:13:13.990,2026,-0.0105,1.6327
12857,15:13:13.991,2023,-0.0120,1.6303
12858,15:13:13.991,2022,-0.0125,1.6295
12859,15:13:13.992,2023,-0.0120,1.6303
12860,15:13:13.992,2023,-0.0120,1.6303
12861,15:13:13.993,2024,-0.0115,1.6311
12862,15:13:13.993,2021,-0.0129,1.6286
12863,15:13:13.994,2022,-0.0125,1.6295
12864,15:13:13.994,2022,-0.0125,1.6295
12865,15:13:13.995,2021,-0.0129,1.6286
12866,15:13:13.995,2022,-0.0125,1.6295
12867,15:13:13.996,2024,-0.0115,1.6311
12868,15:13:13.996,2021,-0.0129,1.6286
12869,15:13:13.997,2022,-0.0125,1.6295
12870,15:13:13.997,2021,-0.0129,1.6286
12871,15:13:13.998,2023,-0.0120,1.6303
12872,15:13:13.998,2024,-0.0115,1.6311
12873,15:13:13.999,2024,-0.0115,1.6311
12874,15:13:13.999,2025,-0.0110,1.6319
12875,15:13:14.000,2023,-0.0120,1.6303
12876,15:13:14.000,2018,-0.0144,1.6262
12877,15:13:14.001,2023,-0.0120,1.6303
12878,15:13:14.001,2022,-0.0125,1.6295
12879,15:13:14.002,2019,-0.0139,1.6270
12880,15:13:14.002,2022,-0.0125,1.6295
12881,15:13:14.003,2024,-0.0115,1.6311
12882,15:13:14.003,2025,-0.0110,1.6319
12883,15:13:14.004,2021,-0.0129,1.6286
12884,15:13:14.004,2023,-0.0120,1.6303
12885,15:13:14.005,2022,-0.0125,1.6295
12886,15:13:14.005,2024,-0.0115,1.6311
12887,15:13:14.006,2023,-0.0120,1.6303
12888,15:13:14.006,2023,-0.0120,1.6303
12889,15:13:14.007,2021,-0.0129,1.6286
12890,15:13:14.007,2023,-0.0120,1.6303
12891,15:13:14.008,2023,-0.0120,1.6303
12892,15:13:14.008,2021,-0.0129,1.6286
12893,15:13:14.009,2024,-0.0115,1.6311
12894,15:13:14.009,2024,-0.0115,1.6311
12895,15:13:14.010,2022,-0.0125,1.6295
12896,15:13:14.010,2024,-0.0115,1.6311
12897,15:13:14.011,2023,-0.0120,1.6303
12898,15:13:14.011,2025,-0.0110,1.6319
12899,15:13:14.012,2023,-0.0120,1.6303
12900,15:13:14.012,2021,-0.0129,1.6286
12901,15:13:14.013,2025,-0.0110,1.6319
12902,15:13:14.013,2024,-0.0115,1.6311
12903,15:13:14.014,2023,-0.0120,1.6303
12904,15:13:14.014,2024,-0.0115,1.6311
12905,15:13:14.015,2018,-0.0144,1.6262
12906,15:13:14.015,2022,-0.0125,1.6295
12907,15:13:14.016,2023,-0.0120,1.6303
12908,15:13:14.016,2023,-0.0120,1.6303
12909,15:13:14.017,2022,-0.0125,1.6295
12910,15:13:14.017,2023,-0.0120,1.6303
12911,15:13:14.018,2022,-0.0125,1.6295
12912,15:13:14.018,2025,-0.0110,1.6319
12913,15:13:14.019,2024,-0.0115,1.6311
12914,15:13:14.019,2024,-0.0115,1.6311
12915,15:13:14.020,2025,-0.0110,1.6319
12916,15:13:14.020,2024,-0.0115,1.6311
12917,15:13:14.021,2022,-0.0125,1.6295
12918,15:13:14.021,2026,-0.0105,1.6327
12919,15:13:14.022,2024,-0.0115,1.6311
12920,15:13:14.022,2023,-0.0120,1.6303
12921,15:13:14.023,2024,-0.0115,1.6311
12922,15:13:14.023,2028,-0.0095,1.6343
12923,15:13:14.024,2019,-0.0139,1.6270
12924,15:13:14.024,2022,-0.0125,1.6295
12925,15:13:14.025,2021,-0.0129,1.6286
12926,15:13:14.025,2023,-0.0120,1.6303
12927,15:13:14.026,2023,-0.0120,1.6303
12928,15:13:14.026,2023,-0.0120,1.6303
12929,15:13:14.027,2021,-0.0129,1.6286
12930,15:13:14.027,2022,-0.0125,1.6295
12931,15:13:14.028,2025,-0.0110,1.6319
12932,15:13:14.028,2023,-0.0120,1.6303
12933,15:13:14.029,2023,-0.0120,1.6303
12934,15:13:14.029,2022,-0.0125,1.6295
12935,15:13:14.030,2026,-0.0105,1.6327
12936,15:13:14.030,2026,-0.0105,1.6327
12937,15:13:14.031,2023,-0.0120,1.6303
12938,15:13:14.031,2021,-0.0129,1.6286
12939,15:13:14.032,2024,-0.0115,1.6311
12940,15:13:14.032,2024,-0.0115,1.6311
12941,15:13:14.033,2021,-0.0129,1.6286
12942,15:13:14.033,2024,-0.0115,1.6311
12943,15:13:14.034,2023,-0.0120,1.6303
12944,15:13:14.034,2021,-0.0129,1.6286
12945,15:13:14.035,2025,-0.0110,1.6319
12946,15:13:14.035,2023,-0.0120,1.6303
12947,15:13:14.036,2023,-0.0120,1.6303
12948,15:13:14.036,2024,-0.0115,1.6311
12949,15:13:14.037,2028,-0.0095,1.6343
12950,15:13:14.037,2021,-0.0129,1.6286
12951,15:13:14.038,2021,-0.0129,1.6286
12952,15:13:14.038,2020,-0.0134,1.6278
12953,15:13:14.039,2021,-0.0129,1.6286
12954,15:13:14.039,2025,-0.0110,1.6319
12955,15:13:14.040,2024,-0.0115,1.6311
12956,15:13:14.040,2023,-0.0120,1.6303
12957,15:13:14.041,2025,-0.0110,1.6319
12958,15:13:14.041,2023,-0.0120,1.6303
12959,15:13:14.042,2025,-0.0110,1.6319
12960,15:13:14.042,2024,-0.0115,1.6311
12961,15:13:14.043,2021,-0.0129,1.6286
12962,15:13:14.043,2022,-0.0125,1.6295
12963,15:13:14.044,2021,-0.0129,1.6286
12964,15:13:14.044,2021,-0.0129,1.6286
12965,15:13:14.045,2022,-0.0125,1.6295
12966,15:13:14.045,2024,-0.0115,1.6311
12967,15:13:14.046,2023,-0.0120,1.6303
12968,15:13:14.046,2025,-0.0110,1.6319
12969,15:13:14.047,2024,-0.0115,1.6311
12970,15:13:14.047,2023,-0.0120,1.6303
12971,15:13:14.048,2022,-0.0125,1.6295
12972,15:13:14.048,2021,-0.0129,1.6286
12973,15:13:14.049,2020,-0.0134,1.6278
12974,15:13:14.049,2024,-0.0115,1.6311
12975,15:13:14.050,2020,-0.0134,1.6278
12976,15:13:14.050,2020,-0.0134,1.6278
12977,15:13:14.051,2021,-0.0129,1.6286
12978,15:13:14.051,2023,-0.0120,1.6303
12979,15:13:14.052,2019,-0.0139,1.6270
12980,15:13:14.052,2023,-0.0120,1.6303
12981,15:13:14.053,2024,-0.0115,1.6311
12982,15:13:14.053,2022,-0.0125,1.6295
12983,15:13:14.054,2026,-0.0105,1.6327
12984,15:13:14.054,2026,-0.0105,1.6327
12985,15:13:14.055,2023,-0.0120,1.6303
12986,15:13:14.055,2025,-0.0110,1.6319
12987,15:13:14.056,2024,-0.0115,1.6311
12988,15:13:14.056,2022,-0.0125,1.6295
12989,15:13:14.057,2019,-0.0139,1.6270
12990,15:13:14.057,2024,-0.0115,1.6311
12991,15:13:14.058,2020,-0.0134,1.6278
12992,15:13:14.058,2022,-0.0125,1.6295
12993,15:13:14.059,2023,-0.0120,1.6303
12994,15:13:14.059,2020,-0.0134,1.6278
12995,15:13:14.060,2025,-0.0110,1.6319
12996,15:13:14.060,2022,-0.0125,1.6295
12997,15:13:14.061,2021,-0.0129,1.6286
12998,15:13:14.061,2024,-0.0115,1.6311
12999,15:13:14.062,2021,-0.0129,1.6286
13000,15:13:14.062,2022,-0.0125,1.6295
13001,15:13:14.063,2022,-0.0125,1.6295
13002,15:13:14.063,2022,-0.0125,1.6295
13003,15:13:14.064,2025,-0.0110,1.6319
13004,15:13:14.064,2026,-0.0105,1.6327
13005,15:13:14.065,2026,-0.0105,1.6327
13006,15:13:14.065,2027,-0.0100,1.6335
13007,15:13:14.066,2026,-0.0105,1.6327
13008,15:13:14.066,2027,-0.0100,1.6335
13009,15:13:14.067,2025,-0.0110,1.6319
13010,15:13:14.067,2026,-0.0105,1.6327
13011,15:13:14.068,2021,-0.0129,1.6286
13012,15:13:14.068,2020,-0.0134,1.6278
13013,15:13:14.069,2020,-0.0134,1.6278
13014,15:13:14.069,2022,-0.0125,1.6295
13015,15:13:14.070,2022,-0.0125,1.6295
13016,15:13:14.070,2023,-0.0120,1.6303
13017,15:13:14.071,2023,-0.0120,1.6303
13018,15:13:14.071,2024,-0.0115,1.6311
13019,15:13:14.072,2025,-0.0110,1.6319
13020,15:13:14.072,2022,-0.0125,1.6295
13021,15:13:14.073,2023,-0.0120,1.6303
13022,15:13:14.073,2022,-0.0125,1.6295
13023,15:13:14.074,2026,-0.0105,1.6327
13024,15:13:14.074,2017,-0.0149,1.6254
13025,15:13:14.075,2019,-0.0139,1.6270
13026,15:13:14.075,2023,-0.0120,1.6303
13027,15:13:14.076,2023,-0.0120,1.6303
13028,15:13:14.076,2024,-0.0115,1.6311
13029,15:13:14.077,2021,-0.0129,1.6286
13030,15:13:14.077,2022,-0.0125,1.6295
13031,15:13:14.078,2022,-0.0125,1.6295
13032,15:13:14.078,2022,-0.0125,1.6295
13033,15:13:14.079,2024,-0.0115,1.6311
13034,15:13:14.079,2023,-0.0120,1.6303
13035,15:13:14.080,2019,-0.0139,1.6270
13036,15:13:14.080,2020,-0.0134,1.6278
13037,15:13:14.081,2022,-0.0125,1.6295
13038,15:13:14.081,2024,-0.0115,1.6311
13039,15:13:14.082,2021,-0.0129,1.6286
13040,15:13:14.082,2023,-0.0120,1.6303
13041,15:13:14.083,2021,-0.0129,1.6286
13042,15:13:14.083,2021,-0.0129,1.6286
13043,15:13:14.084,2021,-0.0129,1.6286
13044,15:13:14.084,2023,-0.0120,1.6303
13045,15:13:14.085,2022,-0.0125,1.6295
13046,15:13:14.085,2022,-0.0125,1.6295
13047,15:13:14.086,2022,-0.0125,1.6295
13048,15:13:14.086,2020,-0.0134,1.6278
13049,15:13:14.087,2024,-0.0115,1.6311
13050,15:13:14.087,2022,-0.0125,1.6295
13051,15:13:14.088,2022,-0.0125,1.6295
13052,15:13:14.088,2022,-0.0125,1.6295
13053,15:13:14.089,2026,-0.0105,1.6327
13054,15:13:14.089,2024,-0.0115,1.6311
13055,15:13:14.090,2022,-0.0125,1.6295
13056,15:13:14.090,2026,-0.0105,1.6327
13057,15:13:14.091,2022,-0.0125,1.6295
13058,15:13:14.091,2023,-0.0120,1.6303
13059,15:13:14.092,2021,-0.0129,1.6286
13060,15:13:14.092,2025,-0.0110,1.6319
13061,15:13:14.093,2026,-0.0105,1.6327
13062,15:13:14.093,2019,-0.0139,1.6270
13063,15:13:14.094,2022,-0.0125,1.6295
13064,15:13:14.094,2026,-0.0105,1.6327
13065,15:13:14.095,2025,-0.0110,1.6319
13066,15:13:14.095,2024,-0.0115,1.6311
13067,15:13:14.096,2026,-0.0105,1.6327
13068,15:13:14.096,2021,-0.0129,1.6286
13069,15:13:14.097,2024,-0.0115,1.6311
13070,15:13:14.097,2024,-0.0115,1.6311
13071,15:13:14.098,2025,-0.0110,1.6319
13072,15:13:14.098,2021,-0.0129,1.6286
13073,15:13:14.099,2021,-0.0129,1.6286
13074,15:13:14.099,2024,-0.0115,1.6311
13075,15:13:14.100,2022,-0.0125,1.6295
13076,15:13:14.100,2020,-0.0134,1.6278
13077,15:13:14.101,2020,-0.0134,1.6278
13078,15:13:14.101,2024,-0.0115,1.6311
13079,15:13:14.102,2024,-0.0115,1.6311
13080,15:13:14.102,2024,-0.0115,1.6311
13081,15:13:14.103,2026,-0.0105,1.6327
13082,15:13:14.103,2024,-0.0115,1.6311
13083,15:13:14.104,2025,-0.0110,1.6319
13084,15:13:14.104,2026,-0.0105,1.6327
13085,15:13:14.105,2022,-0.0125,1.6295
13086,15:13:14.105,2024,-0.0115,1.6311
13087,15:13:14.106,2023,-0.0120,1.6303
13088,15:13:14.106,2020,-0.0134,1.6278
13089,15:13:14.107,2023,-0.0120,1.6303
13090,15:13:14.107,2026,-0.0105,1.6327
13091,15:13:14.108,2022,-0.0125,1.6295
13092,15:13:14.108,2023,-0.0120,1.6303
13093,15:13:14.109,2020,-0.0134,1.6278
13094,15:13:14.109,2023,-0.0120,1.6303
13095,15:13:14.110,2023,-0.0120,1.6303
13096,15:13:14.110,2026,-0.0105,1.6327
13097,15:13:14.111,2023,-0.0120,1.6303
13098,15:13:14.111,2024,-0.0115,1.6311
13099,15:13:14.112,2020,-0.0134,1.6278
13100,15:13:14.112,2028,-0.0095,1.6343
13101,15:13:14.113,2025,-0.0110,1.6319
13102,15:13:14.113,2024,-0.0115,1.6311
13103,15:13:14.114,2025,-0.0110,1.6319
13104,15:13:14.114,2023,-0.0120,1.6303
13105,15:13:14.115,2022,-0.0125,1.6295
13106,15:13:14.115,2023,-0.0120,1.6303
13107,15:13:14.116,2023,-0.0120,1.6303
13108,15:13:14.116,2022,-0.0125,1.6295
13109,15:13:14.117,2027,-0.0100,1.6335
13110,15:13:14.117,2023,-0.0120,1.6303
13111,15:13:14.118,2022,-0.0125,1.6295
13112,15:13:14.118,2023,-0.0120,1.6303
13113,15:13:14.119,2023,-0.0120,1.6303
13114,15:13:14.119,2020,-0.0134,1.6278
13115,15:13:14.120,2024,-0.0115,1.6311
13116,15:13:14.120,2024,-0.0115,1.6311
13117,15:13:14.121,2025,-0.0110,1.6319
13118,15:13:14.121,2030,-0.0085,1.6359
13119,15:13:14.122,2023,-0.0120,1.6303
13120,15:13:14.122,2025,-0.0110,1.6319
13121,15:13:14.123,2023,-0.0120,1.6303
13122,15:13:14.123,2019,-0.0139,1.6270
13123,15:13:14.124,2021,-0.0129,1.6286
13124,15:13:14.124,2022,-0.0125,1.6295
13125,15:13:14.125,2021,-0.0129,1.6286
13126,15:13:14.125,2022,-0.0125,1.6295
13127,15:13:14.126,2025,-0.0110,1.6319
13128,15:13:14.126,2022,-0.0125,1.6295
13129,15:13:14.127,2025,-0.0110,1.6319
13130,15:13:14.127,2022,-0.0125,1.6295
13131,15:13:14.128,2023,-0.0120,1.6303
13132,15:13:14.128,2026,-0.0105,1.6327
13133,15:13:14.129,2021,-0.0129,1.6286
13134,15:13:14.129,2024,-0.0115,1.6311
13135,15:13:14.130,2022,-0.0125,1.6295
13136,15:13:14.130,2025,-0.0110,1.6319
13137,15:13:14.131,2020,-0.0134,1.6278
13138,15:13:14.131,2025,-0.0110,1.6319
13139,15:13:14.132,2023,-0.0120,1.6303
13140,15:13:14.132,2023,-0.0120,1.6303
13141,15:13:14.133,2025,-0.0110,1.6319
13142,15:13:14.133,2024,-0.0115,1.6311
13143,15:13:14.134,2023,-0.0120,1.6303
13144,15:13:14.134,2023,-0.0120,1.6303
13145,15:13:14.135,2026,-0.0105,1.6327
13146,15:13:14.135,2023,-0.0120,1.6303
13147,15:13:14.136,2028,-0.0095,1.6343
13148,15:13:14.136,2023,-0.0120,1.6303
13149,15:13:14.137,2021,-0.0129,1.6286
13150,15:13:14.137,2023,-0.0120,1.6303
13151,15:13:14.138,2024,-0.0115,1.6311
13152,15:13:14.138,2024,-0.0115,1.6311
13153,15:13:14.139,2023,-0.0120,1.6303
13154,15:13:14.139,2027,-0.0100,1.6335
13155,15:13:14.140,2025,-0.0110,1.6319
13156,15:13:14.140,2030,-0.0085,1.6359
13157,15:13:14.141,2022,-0.0125,1.6295
13158,15:13:14.141,2023,-0.0120,1.6303
13159,15:13:14.142,2023,-0.0120,1.6303
13160,15:13:14.142,2021,-0.0129,1.6286
13161,15:13:14.143,2020,-0.0134,1.6278
13162,15:13:14.143,2023,-0.0120,1.6303
13163,15:13:14.144,2022,-0.0125,1.6295
13164,15:13:14.144,2024,-0.0115,1.6311
13165,15:13:14.145,2023,-0.0120,1.6303
13166,15:13:14.145,2024,-0.0115,1.6311
13167,15:13:14.146,2021,-0.0129,1.6286
13168,15:13:14.146,2023,-0.0120,1.6303
13169,15:13:14.147,2023,-0.0120,1.6303
13170,15:13:14.147,2021,-0.0129,1.6286
13171,15:13:14.148,2020,-0.0134,1.6278
13172,15:13:14.148,2022,-0.0125,1.6295
13173,15:13:14.149,2024,-0.0115,1.6311
13174,15:13:14.149,2021,-0.0129,1.6286
13175,15:13:14.150,2022,-0.0125,1.6295
13176,15:13:14.150,2020,-0.0134,1.6278
13177,15:13:14.151,2023,-0.0120,1.6303
13178,15:13:14.151,2027,-0.0100,1.6335
13179,15:13:14.152,2021,-0.0129,1.6286
13180,15:13:14.152,2021,-0.0129,1.6286
13181,15:13:14.153,2023,-0.0120,1.6303
13182,15:13:14.153,2020,-0.0134,1.6278
13183,15:13:14.154,2022,-0.0125,1.6295
13184,15:13:14.154,2025,-0.0110,1.6319
13185,15:13:14.155,2020,-0.0134,1.6278
13186,15:13:14.155,2021,-0.0129,1.6286
13187,15:13:14.156,2022,-0.0125,1.6295
13188,15:13:14.156,2025,-0.0110,1.6319
13189,15:13:14.157,2022,-0.0125,1.6295
13190,15:13:14.157,2021,-0.0129,1.6286
13191,15:13:14.158,2029,-0.0090,1.6351
13192,15:13:14.158,2025,-0.0110,1.6319
13193,15:13:14.159,2024,-0.0115,1.6311
13194,15:13:14.159,2024,-0.0115,1.6311
13195,15:13:14.160,2022,-0.0125,1.6295
13196,15:13:14.160,2024,-0.0115,1.6311
13197,15:13:14.161,2022,-0.0125,1.6295
13198,15:13:14.161,2023,-0.0120,1.6303
13199,15:13:14.162,2022,-0.0125,1.6295
13200,15:13:14.162,2023,-0.0120,1.6303
13201,15:13:14.163,2023,-0.0120,1.6303
13202,15:13:14.163,2026,-0.0105,1.6327
13203,15:13:14.164,2027,-0.0100,1.6335
13204,15:13:14.164,2023,-0.0120,1.6303
13205,15:13:14.165,2025,-0.0110,1.6319
13206,15:13:14.165,2023,-0.0120,1.6303
13207,15:13:14.166,2021,-0.0129,1.6286
13208,15:13:14.166,2023,-0.0120,1.6303
13209,15:13:14.167,2021,-0.0129,1.6286
13210,15:13:14.167,2023,-0.0120,1.6303
13211,15:13:14.168,2021,-0.0129,1.6286
13212,15:13:14.168,2022,-0.0125,1.6295
13213,15:13:14.169,2022,-0.0125,1.6295
13214,15:13:14.169,2021,-0.0129,1.6286
13215,15:13:14.170,2022,-0.0125,1.6295
13216,15:13:14.170,2025,-0.0110,1.6319
13217,15:13:14.171,2024,-0.0115,1.6311
13218,15:13:14.171,2025,-0.0110,1.6319
13219,15:13:14.172,2024,-0.0115,1.6311
13220,15:13:14.172,2026,-0.0105,1.6327
13221,15:13:14.173,2022,-0.0125,1.6295
13222,15:13:14.173,2022,-0.0125,1.6295
13223,15:13:14.174,2021,-0.0129,1.6286
13224,15:13:14.174,2020,-0.0134,1.6278
13225,15:13:14.175,2024,-0.0115,1.6311
13226,15:13:14.175,2021,-0.0129,1.6286
13227,15:13:14.176,2020,-0.0134,1.6278
13228,15:13:14.176,2023,-0.0120,1.6303
13229,15:13:14.177,2020,-0.0134,1.6278
13230,15:13:14.177,2022,-0.0125,1.6295
13231,15:13:14.178,2020,-0.0134,1.6278
13232,15:13:14.178,2020,-0.0134,1.6278
13233,15:13:14.179,2017,-0.0149,1.6254
13234,15:13:14.179,2020,-0.0134,1.6278
13235,15:13:14.180,2021,-0.0129,1.6286
13236,15:13:14.180,2023,-0.0120,1.6303
13237,15:13:14.181,2021,-0.0129,1.6286
13238,15:13:14.181,2024,-0.0115,1.6311
13239,15:13:14.182,2025,-0.0110,1.6319
13240,15:13:14.182,2024,-0.0115,1.6311
13241,15:13:14.183,2021,-0.0129,1.6286
13242,15:13:14.183,2024,-0.0115,1.6311
13243,15:13:14.184,2027,-0.0100,1.6335
13244,15:13:14.184,2021,-0.0129,1.6286
13245,15:13:14.185,2023,-0.0120,1.6303
13246,15:13:14.185,2021,-0.0129,1.6286
13247,15:13:14.186,2025,-0.0110,1.6319
13248,15:13:14.186,2025,-0.0110,1.6319
13249,15:13:14.187,2025,-0.0110,1.6319
13250,15:13:14.187,2023,-0.0120,1.6303
13251,15:13:14.188,2023,-0.0120,1.6303
13252,15:13:14.188,2027,-0.0100,1.6335
13253,15:13:14.189,2024,-0.0115,1.6311
13254,15:13:14.189,2024,-0.0115,1.6311
13255,15:13:14.190,2027,-0.0100,1.6335
13256,15:13:14.190,2021,-0.0129,1.6286
13257,15:13:14.191,2024,-0.0115,1.6311
13258,15:13:14.191,2023,-0.0120,1.6303
13259,15:13:14.192,2022,-0.0125,1.6295
13260,15:13:14.192,2025,-0.0110,1.6319
13261,15:13:14.193,2025,-0.0110,1.6319
13262,15:13:14.193,2021,-0.0129,1.6286
13263,15:13:14.194,2022,-0.0125,1.6295
13264,15:13:14.194,2023,-0.0120,1.6303
13265,15:13:14.195,2023,-0.0120,1.6303
13266,15:13:14.195,2025,-0.0110,1.6319
13267,15:13:14.196,2022,-0.0125,1.6295
13268,15:13:14.196,2022,-0.0125,1.6295
13269,15:13:14.197,2021,-0.0129,1.6286
13270,15:13:14.197,2023,-0.0120,1.6303
13271,15:13:14.198,2021,-0.0129,1.6286
13272,15:13:14.198,2022,-0.0125,1.6295
13273,15:13:14.199,2027,-0.0100,1.6335
13274,15:13:14.199,2021,-0.0129,1.6286
13275,15:13:14.200,2023,-0.0120,1.6303
13276,15:13:14.200,2022,-0.0125,1.6295
13277,15:13:14.201,2024,-0.0115,1.6311
13278,15:13:14.201,2022,-0.0125,1.6295
13279,15:13:14.202,2020,-0.0134,1.6278
13280,15:13:14.202,2023,-0.0120,1.6303
13281,15:13:14.203,2019,-0.0139,1.6270
13282,15:13:14.203,2025,-0.0110,1.6319
13283,15:13:14.204,2019,-0.0139,1.6270
13284,15:13:14.204,2024,-0.0115,1.6311
13285,15:13:14.205,2024,-0.0115,1.6311
13286,15:13:14.205,2030,-0.0085,1.6359
13287,15:13:14.206,2022,-0.0125,1.6295
13288,15:13:14.206,2025,-0.0110,1.6319
13289,15:13:14.207,2022,-0.0125,1.6295
13290,15:13:14.207,2025,-0.0110,1.6319
13291,15:13:14.208,2020,-0.0134,1.6278
13292,15:13:14.208,2024,-0.0115,1.6311
13293,15:13:14.209,2021,-0.0129,1.6286
13294,15:13:14.209,2020,-0.0134,1.6278
13295,15:13:14.210,2022,-0.0125,1.6295
13296,15:13:14.210,2022,-0.0125,1.6295
13297,15:13:14.211,2023,-0.0120,1.6303
13298,15:13:14.211,2021,-0.0129,1.6286
13299,15:13:14.212,2024,-0.0115,1.6311
13300,15:13:14.212,2027,-0.0100,1.6335
13301,15:13:14.213,2026,-0.0105,1.6327
13302,15:13:14.213,2025,-0.0110,1.6319
13303,15:13:14.214,2026,-0.0105,1.6327
13304,15:13:14.214,2024,-0.0115,1.6311
13305,15:13:14.215,2024,-0.0115,1.6311
13306,15:13:14.215,2021,-0.0129,1.6286
13307,15:13:14.216,2025,-0.0110,1.6319
13308,15:13:14.216,2023,-0.0120,1.6303
13309,15:13:14.217,2019,-0.0139,1.6270
13310,15:13:14.217,2024,-0.0115,1.6311
13311,15:13:14.218,2025,-0.0110,1.6319
13312,15:13:14.218,2025,-0.0110,1.6319
13313,15:13:14.219,2022,-0.0125,1.6295
13314,15:13:14.219,2024,-0.0115,1.6311
13315,15:13:14.220,2022,-0.0125,1.6295
13316,15:13:14.220,2023,-0.0120,1.6303
13317,15:13:14.221,2019,-0.0139,1.6270
13318,15:13:14.221,2019,-0.0139,1.6270
13319,15:13:14.222,2028,-0.0095,1.6343
13320,15:13:14.222,2023,-0.0120,1.6303
13321,15:13:14.223,2020,-0.0134,1.6278
13322,15:13:14.223,2021,-0.0129,1.6286
13323,15:13:14.224,2020,-0.0134,1.6278
13324,15:13:14.224,2022,-0.0125,1.6295
13325,15:13:14.225,2024,-0.0115,1.6311
13326,15:13:14.225,2019,-0.0139,1.6270
13327,15:13:14.226,2023,-0.0120,1.6303
13328,15:13:14.226,2024,-0.0115,1.6311
13329,15:13:14.227,2021,-0.0129,1.6286
13330,15:13:14.227,2020,-0.0134,1.6278
13331,15:13:14.228,2017,-0.0149,1.6254
13332,15:13:14.228,2024,-0.0115,1.6311
13333,15:13:14.229,2025,-0.0110,1.6319
13334,15:13:14.229,2024,-0.0115,1.6311
13335,15:13:14.230,2026,-0.0105,1.6327
13336,15:13:14.230,2026,-0.0105,1.6327
13337,15:13:14.231,2024,-0.0115,1.6311
13338,15:13:14.231,2028,-0.0095,1.6343
13339,15:13:14.232,2026,-0.0105,1.6327
13340,15:13:14.232,2025,-0.0110,1.6319
13341,15:13:14.233,2026,-0.0105,1.6327
13342,15:13:14.233,2024,-0.0115,1.6311
13343,15:13:14.234,2025,-0.0110,1.6319
13344,15:13:14.234,2020,-0.0134,1.6278
13345,15:13:14.235,2022,-0.0125,1.6295
13346,15:13:14.235,2023,-0.0120,1.6303
13347,15:13:14.236,2025,-0.0110,1.6319
13348,15:13:14.236,2024,-0.0115,1.6311
13349,15:13:14.237,2026,-0.0105,1.6327
13350,15:13:14.237,2022,-0.0125,1.6295
13351,15:13:14.238,2022,-0.0125,1.6295
13352,15:13:14.238,2021,-0.0129,1.6286
13353,15:13:14.239,2022,-0.0125,1.6295
13354,15:13:14.239,2024,-0.0115,1.6311
13355,15:13:14.240,2023,-0.0120,1.6303
13356,15:13:14.240,2021,-0.0129,1.6286
13357,15:13:14.241,2022,-0.0125,1.6295
13358,15:13:14.241,2020,-0.0134,1.6278
13359,15:13:14.242,2023,-0.0120,1.6303
13360,15:13:14.242,2025,-0.0110,1.6319
13361,15:13:14.243,2023,-0.0120,1.6303
13362,15:13:14.243,2018,-0.0144,1.6262
13363,15:13:14.244,2023,-0.0120,1.6303
13364,15:13:14.244,2025,-0.0110,1.6319
13365,15:13:14.245,2021,-0.0129,1.6286
13366,15:13:14.245,2021,-0.0129,1.6286
13367,15:13:14.246,2020,-0.0134,1.6278
13368,15:13:14.246,2023,-0.0120,1.6303
13369,15:13:14.247,2021,-0.0129,1.6286
13370,15:13:14.247,2024,-0.0115,1.6311
13371,15:13:14.248,2022,-0.0125,1.6295
13372,15:13:14.248,2022,-0.0125,1.6295
13373,15:13:14.249,2021,-0.0129,1.6286
13374,15:13:14.249,2021,-0.0129,1.6286
13375,15:13:14.250,2024,-0.0115,1.6311
13376,15:13:14.250,2019,-0.0139,1.6270
13377,15:13:14.251,2020,-0.0134,1.6278
13378,15:13:14.251,2023,-0.0120,1.6303
13379,15:13:14.252,2026,-0.0105,1.6327
13380,15:13:14.252,2021,-0.0129,1.6286
13381,15:13:14.253,2025,-0.0110,1.6319
13382,15:13:14.253,2024,-0.0115,1.6311
13383,15:13:14.254,2025,-0.0110,1.6319
13384,15:13:14.254,2022,-0.0125,1.6295
13385,15:13:14.255,2027,-0.0100,1.6335
13386,15:13:14.255,2026,-0.0105,1.6327
13387,15:13:14.256,2024,-0.0115,1.6311
13388,15:13:14.256,2025,-0.0110,1.6319
13389,15:13:14.257,2023,-0.0120,1.6303
13390,15:13:14.257,2020,-0.0134,1.6278
13391,15:13:14.258,2022,-0.0125,1.6295
13392,15:13:14.258,2027,-0.0100,1.6335
13393,15:13:14.259,2025,-0.0110,1.6319
13394,15:13:14.259,2023,-0.0120,1.6303
13395,15:13:14.260,2022,-0.0125,1.6295
13396,15:13:14.260,2021,-0.0129,1.6286
13397,15:13:14.261,2019,-0.0139,1.6270
13398,15:13:14.261,2027,-0.0100,1.6335
13399,15:13:14.262,2020,-0.0134,1.6278
13400,15:13:14.262,2021,-0.0129,1.6286
13401,15:13:14.263,2022,-0.0125,1.6295
13402,15:13:14.263,2023,-0.0120,1.6303
13403,15:13:14.264,2023,-0.0120,1.6303
13404,15:13:14.264,2023,-0.0120,1.6303
13405,15:13:14.265,2020,-0.0134,1.6278
13406,15:13:14.265,2019,-0.0139,1.6270
13407,15:13:14.266,2023,-0.0120,1.6303
13408,15:13:14.266,2028,-0.0095,1.6343
13409,15:13:14.267,2021,-0.0129,1.6286
13410,15:13:14.267,2024,-0.0115,1.6311
13411,15:13:14.268,2021,-0.0129,1.6286
13412,15:13:14.268,2024,-0.0115,1.6311
13413,15:13:14.269,2020,-0.0134,1.6278
13414,15:13:14.269,2019,-0.0139,1.6270
13415,15:13:14.270,2019,-0.0139,1.6270
13416,15:13:14.270,2021,-0.0129,1.6286
13417,15:13:14.271,2023,-0.0120,1.6303
13418,15:13:14.271,2023,-0.0120,1.6303
13419,15:13:14.272,2024,-0.0115,1.6311
13420,15:13:14.272,2022,-0.0125,1.6295
13421,15:13:14.273,2019,-0.0139,1.6270
13422,15:13:14.273,2022,-0.0125,1.6295
13423,15:13:14.274,2022,-0.0125,1.6295
13424,15:13:14.274,2024,-0.0115,1.6311
13425,15:13:14.275,2023,-0.0120,1.6303
13426,15:13:14.275,2022,-0.0125,1.6295
13427,15:13:14.276,2023,-0.0120,1.6303
13428,15:13:14.276,2022,-0.0125,1.6295
13429,15:13:14.277,2021,-0.0129,1.6286
13430,15:13:14.277,2026,-0.0105,1.6327
13431,15:13:14.278,2026,-0.0105,1.6327
13432,15:13:14.278,2025,-0.0110,1.6319
13433,15:13:14.279,2024,-0.0115,1.6311
13434,15:13:14.279,2027,-0.0100,1.6335
13435,15:13:14.280,2023,-0.0120,1.6303
13436,15:13:14.280,2025,-0.0110,1.6319
13437,15:13:14.281,2027,-0.0100,1.6335
13438,15:13:14.281,2023,-0.0120,1.6303
13439,15:13:14.282,2024,-0.0115,1.6311
13440,15:13:14.282,2021,-0.0129,1.6286
13441,15:13:14.283,2022,-0.0125,1.6295
13442,15:13:14.283,2024,-0.0115,1.6311
13443,15:13:14.284,2026,-0.0105,1.6327
13444,15:13:14.284,2022,-0.0125,1.6295
13445,15:13:14.285,2023,-0.0120,1.6303
13446,15:13:14.285,2024,-0.0115,1.6311
13447,15:13:14.286,2019,-0.0139,1.6270
13448,15:13:14.286,2023,-0.0120,1.6303
13449,15:13:14.287,2025,-0.0110,1.6319
13450,15:13:14.287,2028,-0.0095,1.6343
13451,15:13:14.288,2022,-0.0125,1.6295
13452,15:13:14.288,2024,-0.0115,1.6311
13453,15:13:14.289,2023,-0.0120,1.6303
13454,15:13:14.289,2020,-0.0134,1.6278
13455,15:13:14.290,2020,-0.0134,1.6278
13456,15:13:14.290,2023,-0.0120,1.6303
13457,15:13:14.291,2024,-0.0115,1.6311
13458,15:13:14.291,2024,-0.0115,1.6311
13459,15:13:14.292,2024,-0.0115,1.6311
13460,15:13:14.292,2022,-0.0125,1.6295
13461,15:13:14.293,2019,-0.0139,1.6270
13462,15:13:14.293,2016,-0.0154,1.6246
13463,15:13:14.294,2021,-0.0129,1.6286
13464,15:13:14.294,2021,-0.0129,1.6286
13465,15:13:14.295,2022,-0.0125,1.6295
13466,15:13:14.295,2022,-0.0125,1.6295
13467,15:13:14.296,2015,-0.0159,1.6238
13468,15:13:14.296,2021,-0.0129,1.6286
13469,15:13:14.297,2021,-0.0129,1.6286
13470,15:13:14.297,2023,-0.0120,1.6303
13471,15:13:14.298,2027,-0.0100,1.6335
13472,15:13:14.298,2022,-0.0125,1.6295
13473,15:13:14.299,2026,-0.0105,1.6327
13474,15:13:14.299,2020,-0.0134,1.6278
13475,15:13:14.300,2019,-0.0139,1.6270
13476,15:13:14.300,2027,-0.0100,1.6335
13477,15:13:14.301,2024,-0.0115,1.6311
13478,15:13:14.301,2020,-0.0134,1.6278
13479,15:13:14.302,2022,-0.0125,1.6295
13480,15:13:14.302,2025,-0.0110,1.6319
13481,15:13:14.303,2024,-0.0115,1.6311
13482,15:13:14.303,2022,-0.0125,1.6295
13483,15:13:14.304,2023,-0.0120,1.6303
13484,15:13:14.304,2027,-0.0100,1.6335
13485,15:13:14.305,2025,-0.0110,1.6319
13486,15:13:14.305,2027,-0.0100,1.6335
13487,15:13:14.306,2025,-0.0110,1.6319
13488,15:13:14.306,2023,-0.0120,1.6303
13489,15:13:14.307,2023,-0.0120,1.6303
13490,15:13:14.307,2024,-0.0115,1.6311
13491,15:13:14.308,2022,-0.0125,1.6295
13492,15:13:14.308,2027,-0.0100,1.6335
13493,15:13:14.309,2023,-0.0120,1.6303
13494,15:13:14.309,2023,-0.0120,1.6303
13495,15:13:14.310,2022,-0.0125,1.6295
13496,15:13:14.310,2026,-0.0105,1.6327
13497,15:13:14.311,2026,-0.0105,1.6327
13498,15:13:14.311,2024,-0.0115,1.6311
13499,15:13:14.312,2021,-0.0129,1.6286
13500,15:13:14.312,2023,-0.0120,1.6303
13501,15:13:14.313,2022,-0.0125,1.6295
13502,15:13:14.313,2023,-0.0120,1.6303
13503,15:13:14.314,2021,-0.0129,1.6286
13504,15:13:14.314,2023,-0.0120,1.6303
13505,15:13:14.315,2022,-0.0125,1.6295
13506,15:13:14.315,2023,-0.0120,1.6303
13507,15:13:14.316,2022,-0.0125,1.6295
13508,15:13:14.316,2024,-0.0115,1.6311
13509,15:13:14.317,2022,-0.0125,1.6295
13510,15:13:14.317,2024,-0.0115,1.6311
13511,15:13:14.318,2020,-0.0134,1.6278
13512,15:13:14.318,2024,-0.0115,1.6311
13513,15:13:14.319,2021,-0.0129,1.6286
13514,15:13:14.319,2023,-0.0120,1.6303
13515,15:13:14.320,2025,-0.0110,1.6319
13516,15:13:14.320,2022,-0.0125,1.6295
13517,15:13:14.321,2023,-0.0120,1.6303
13518,15:13:14.321,2020,-0.0134,1.6278
13519,15:13:14.322,2023,-0.0120,1.6303
13520,15:13:14.322,2020,-0.0134,1.6278
13521,15:13:14.323,2021,-0.0129,1.6286
13522,15:13:14.323,2017,-0.0149,1.6254
13523,15:13:14.324,2021,-0.0129,1.6286
13524,15:13:14.324,2021,-0.0129,1.6286
13525,15:13:14.325,2022,-0.0125,1.6295
13526,15:13:14.325,2020,-0.0134,1.6278
13527,15:13:14.326,2022,-0.0125,1.6295
13528,15:13:14.326,2023,-0.0120,1.6303
13529,15:13:14.327,2019,-0.0139,1.6270
13530,15:13:14.327,2022,-0.0125,1.6295
13531,15:13:14.328,2020,-0.0134,1.6278
13532,15:13:14.328,2021,-0.0129,1.6286
13533,15:13:14.329,2021,-0.0129,1.6286
13534,15:13:14.329,2021,-0.0129,1.6286
13535,15:13:14.330,2022,-0.0125,1.6295
13536,15:13:14.330,2022,-0.0125,1.6295
13537,15:13:14.331,2021,-0.0129,1.6286
13538,15:13:14.331,2022,-0.0125,1.6295
13539,15:13:14.332,2023,-0.0120,1.6303
13540,15:13:14.332,2021,-0.0129,1.6286
13541,15:13:14.333,2024,-0.0115,1.6311
13542,15:13:14.333,2023,-0.0120,1.6303
13543,15:13:14.334,2024,-0.0115,1.6311
13544,15:13:14.334,2023,-0.0120,1.6303
13545,15:13:14.335,2026,-0.0105,1.6327
13546,15:13:14.335,2027,-0.0100,1.6335
13547,15:13:14.336,2025,-0.0110,1.6319
13548,15:13:14.336,2028,-0.0095,1.6343
13549,15:13:14.337,2017,-0.0149,1.6254
13550,15:13:14.337,2022,-0.0125,1.6295
13551,15:13:14.338,2017,-0.0149,1.6254
13552,15:13:14.338,2021,-0.0129,1.6286
13553,15:13:14.339,2022,-0.0125,1.6295
13554,15:13:14.339,2022,-0.0125,1.6295
13555,15:13:14.340,2024,-0.0115,1.6311
13556,15:13:14.340,2023,-0.0120,1.6303
13557,15:13:14.341,2027,-0.0100,1.6335
13558,15:13:14.341,2030,-0.0085,1.6359
13559,15:13:14.342,2024,-0.0115,1.6311
13560,15:13:14.342,2022,-0.0125,1.6295
13561,15:13:14.343,2026,-0.0105,1.6327
13562,15:13:14.343,2022,-0.0125,1.6295
13563,15:13:14.344,2025,-0.0110,1.6319
13564,15:13:14.344,2024,-0.0115,1.6311
13565,15:13:14.345,2022,-0.0125,1.6295
13566,15:13:14.345,2020,-0.0134,1.6278
13567,15:13:14.346,2024,-0.0115,1.6311
13568,15:13:14.346,2022,-0.0125,1.6295
13569,15:13:14.347,2021,-0.0129,1.6286
13570,15:13:14.347,2025,-0.0110,1.6319
13571,15:13:14.348,2022,-0.0125,1.6295
13572,15:13:14.348,2023,-0.0120,1.6303
13573,15:13:14.349,2022,-0.0125,1.6295
13574,15:13:14.349,2023,-0.0120,1.6303
13575,15:13:14.350,2020,-0.0134,1.6278
13576,15:13:14.350,2021,-0.0129,1.6286
13577,15:13:14.351,2018,-0.0144,1.6262
13578,15:13:14.351,2022,-0.0125,1.6295
13579,15:13:14.352,2021,-0.0129,1.6286
13580,15:13:14.352,2022,-0.0125,1.6295
13581,15:13:14.353,2023,-0.0120,1.6303
13582,15:13:14.353,2023,-0.0120,1.6303
13583,15:13:14.354,2026,-0.0105,1.6327
13584,15:13:14.354,2020,-0.0134,1.6278
13585,15:13:14.355,2023,-0.0120,1.6303
13586,15:13:14.355,2023,-0.0120,1.6303
13587,15:13:14.356,2024,-0.0115,1.6311
13588,15:13:14.356,2024,-0.0115,1.6311
13589,15:13:14.357,2022,-0.0125,1.6295
13590,15:13:14.357,2025,-0.0110,1.6319
13591,15:13:14.358,2021,-0.0129,1.6286
13592,15:13:14.358,2021,-0.0129,1.6286
13593,15:13:14.359,2023,-0.0120,1.6303
13594,15:13:14.359,2025,-0.0110,1.6319
13595,15:13:14.360,2022,-0.0125,1.6295
13596,15:13:14.360,2024,-0.0115,1.6311
13597,15:13:14.361,2022,-0.0125,1.6295
13598,15:13:14.361,2023,-0.0120,1.6303
13599,15:13:14.362,2021,-0.0129,1.6286
13600,15:13:14.362,2028,-0.0095,1.6343
13601,15:13:14.363,2021,-0.0129,1.6286
13602,15:13:14.363,2023,-0.0120,1.6303
13603,15:13:14.364,2024,-0.0115,1.6311
13604,15:13:14.364,2024,-0.0115,1.6311
13605,15:13:14.365,2020,-0.0134,1.6278
13606,15:13:14.365,2023,-0.0120,1.6303
13607,15:13:14.366,2023,-0.0120,1.6303
13608,15:13:14.366,2025,-0.0110,1.6319
13609,15:13:14.367,2020,-0.0134,1.6278
13610,15:13:14.367,2025,-0.0110,1.6319
13611,15:13:14.368,2023,-0.0120,1.6303
13612,15:13:14.368,2022,-0.0125,1.6295
13613,15:13:14.369,2023,-0.0120,1.6303
13614,15:13:14.369,2025,-0.0110,1.6319
13615,15:13:14.370,2025,-0.0110,1.6319
13616,15:13:14.370,2024,-0.0115,1.6311
13617,15:13:14.371,2025,-0.0110,1.6319
13618,15:13:14.371,2023,-0.0120,1.6303
13619,15:13:14.372,2025,-0.0110,1.6319
13620,15:13:14.372,2023,-0.0120,1.6303
13621,15:13:14.373,2027,-0.0100,1.6335
13622,15:13:14.373,2023,-0.0120,1.6303
13623,15:13:14.374,2026,-0.0105,1.6327
13624,15:13:14.374,2022,-0.0125,1.6295
13625,15:13:14.375,2022,-0.0125,1.6295
13626,15:13:14.375,2021,-0.0129,1.6286
13627,15:13:14.376,2022,-0.0125,1.6295
13628,15:13:14.376,2024,-0.0115,1.6311
13629,15:13:14.377,2025,-0.0110,1.6319
13630,15:13:14.377,2026,-0.0105,1.6327
13631,15:13:14.378,2022,-0.0125,1.6295
13632,15:13:14.378,2022,-0.0125,1.6295
13633,15:13:14.379,2023,-0.0120,1.6303
13634,15:13:14.379,2023,-0.0120,1.6303
13635,15:13:14.380,2023,-0.0120,1.6303
13636,15:13:14.380,2020,-0.0134,1.6278
13637,15:13:14.381,2022,-0.0125,1.6295
13638,15:13:14.381,2024,-0.0115,1.6311
13639,15:13:14.382,2023,-0.0120,1.6303
13640,15:13:14.382,2024,-0.0115,1.6311
13641,15:13:14.383,2024,-0.0115,1.6311
13642,15:13:14.383,2021,-0.0129,1.6286
13643,15:13:14.384,2021,-0.0129,1.6286
13644,15:13:14.384,2022,-0.0125,1.6295
13645,15:13:14.385,2020,-0.0134,1.6278
13646,15:13:14.385,2025,-0.0110,1.6319
13647,15:13:14.386,2021,-0.0129,1.6286
13648,15:13:14.386,2019,-0.0139,1.6270
13649,15:13:14.387,2022,-0.0125,1.6295
13650,15:13:14.387,2022,-0.0125,1.6295
13651,15:13:14.388,2019,-0.0139,1.6270
13652,15:13:14.388,2023,-0.0120,1.6303
13653,15:13:14.389,2022,-0.0125,1.6295
13654,15:13:14.389,2020,-0.0134,1.6278
13655,15:13:14.390,2024,-0.0115,1.6311
13656,15:13:14.390,2024,-0.0115,1.6311
13657,15:13:14.391,2025,-0.0110,1.6319
13658,15:13:14.391,2021,-0.0129,1.6286
13659,15:13:14.392,2020,-0.0134,1.6278
13660,15:13:14.392,2018,-0.0144,1.6262
13661,15:13:14.393,2021,-0.0129,1.6286
13662,15:13:14.393,2022,-0.0125,1.6295
13663,15:13:14.394,2024,-0.0115,1.6311
13664,15:13:14.394,2025,-0.0110,1.6319
13665,15:13:14.395,2022,-0.0125,1.6295
13666,15:13:14.395,2022,-0.0125,1.6295
13667,15:13:14.396,2022,-0.0125,1.6295
13668,15:13:14.396,2023,-0.0120,1.6303
13669,15:13:14.397,2024,-0.0115,1.6311
13670,15:13:14.397,2024,-0.0115,1.6311
13671,15:13:14.398,2020,-0.0134,1.6278
13672,15:13:14.398,2024,-0.0115,1.6311
13673,15:13:14.399,2024,-0.0115,1.6311
13674,15:13:14.399,2024,-0.0115,1.6311
13675,15:13:14.400,2023,-0.0120,1.6303
13676,15:13:14.400,2022,-0.0125,1.6295
13677,15:13:14.401,2025,-0.0110,1.6319
13678,15:13:14.401,2022,-0.0125,1.6295
13679,15:13:14.402,2020,-0.0134,1.6278
13680,15:13:14.402,2024,-0.0115,1.6311
13681,15:13:14.403,2022,-0.0125,1.6295
13682,15:13:14.403,2023,-0.0120,1.6303
13683,15:13:14.404,2024,-0.0115,1.6311
13684,15:13:14.404,2024,-0.0115,1.6311
13685,15:13:14.405,2021,-0.0129,1.6286
13686,15:13:14.405,2024,-0.0115,1.6311
13687,15:13:14.406,2025,-0.0110,1.6319
13688,15:13:14.406,2022,-0.0125,1.6295
13689,15:13:14.407,2022,-0.0125,1.6295
13690,15:13:14.407,2025,-0.0110,1.6319
13691,15:13:14.408,2029,-0.0090,1.6351
13692,15:13:14.408,2024,-0.0115,1.6311
13693,15:13:14.409,2024,-0.0115,1.6311
13694,15:13:14.409,2026,-0.0105,1.6327
13695,15:13:14.410,2021,-0.0129,1.6286
13696,15:13:14.410,2023,-0.0120,1.6303
13697,15:13:14.411,2022,-0.0125,1.6295
13698,15:13:14.411,2023,-0.0120,1.6303
13699,15:13:14.412,2025,-0.0110,1.6319
13700,15:13:14.412,2025,-0.0110,1.6319
13701,15:13:14.413,2023,-0.0120,1.6303
13702,15:13:14.413,2025,-0.0110,1.6319
13703,15:13:14.414,2024,-0.0115,1.6311
13704,15:13:14.414,2023,-0.0120,1.6303
13705,15:13:14.415,2026,-0.0105,1.6327
13706,15:13:14.415,2023,-0.0120,1.6303
13707,15:13:14.416,2023,-0.0120,1.6303
13708,15:13:14.416,2020,-0.0134,1.6278
13709,15:13:14.417,2023,-0.0120,1.6303
13710,15:13:14.417,2023,-0.0120,1.6303
13711,15:13:14.418,2025,-0.0110,1.6319
13712,15:13:14.418,2028,-0.0095,1.6343
13713,15:13:14.419,2021,-0.0129,1.6286
13714,15:13:14.419,2024,-0.0115,1.6311
13715,15:13:14.420,2024,-0.0115,1.6311
13716,15:13:14.420,2021,-0.0129,1.6286
13717,15:13:14.421,2026,-0.0105,1.6327
13718,15:13:14.421,2025,-0.0110,1.6319
13719,15:13:14.422,2024,-0.0115,1.6311
13720,15:13:14.422,2027,-0.0100,1.6335
13721,15:13:14.423,2024,-0.0115,1.6311
13722,15:13:14.423,2022,-0.0125,1.6295
13723,15:13:14.424,2023,-0.0120,1.6303
13724,15:13:14.424,2021,-0.0129,1.6286
13725,15:13:14.425,2023,-0.0120,1.6303
13726,15:13:14.425,2023,-0.0120,1.6303
13727,15:13:14.426,2023,-0.0120,1.6303
13728,15:13:14.426,2020,-0.0134,1.6278
13729,15:13:14.427,2021,-0.0129,1.6286
13730,15:13:14.427,2016,-0.0154,1.6246
13731,15:13:14.428,2022,-0.0125,1.6295
13732,15:13:14.428,2021,-0.0129,1.6286
13733,15:13:14.429,2020,-0.0134,1.6278
13734,15:13:14.429,2020,-0.0134,1.6278
13735,15:13:14.430,2021,-0.0129,1.6286
13736,15:13:14.430,2019,-0.0139,1.6270
13737,15:13:14.431,2021,-0.0129,1.6286
13738,15:13:14.431,2020,-0.0134,1.6278
13739,15:13:14.432,2020,-0.0134,1.6278
13740,15:13:14.432,2020,-0.0134,1.6278
13741,15:13:14.433,2020,-0.0134,1.6278
13742,15:13:14.433,2020,-0.0134,1.6278
13743,15:13:14.434,2021,-0.0129,1.6286
13744,15:13:14.434,2016,-0.0154,1.6246
13745,15:13:14.435,2021,-0.0129,1.6286
13746,15:13:14.435,2022,-0.0125,1.6295
13747,15:13:14.436,2020,-0.0134,1.6278
13748,15:13:14.436,2023,-0.0120,1.6303
13749,15:13:14.437,2018,-0.0144,1.6262
13750,15:13:14.437,2020,-0.0134,1.6278
13751,15:13:14.438,2027,-0.0100,1.6335
13752,15:13:14.438,2026,-0.0105,1.6327
13753,15:13:14.439,2026,-0.0105,1.6327
13754,15:13:14.439,2025,-0.0110,1.6319
13755,15:13:14.440,2024,-0.0115,1.6311
13756,15:13:14.440,2023,-0.0120,1.6303
13757,15:13:14.441,2025,-0.0110,1.6319
13758,15:13:14.441,2023,-0.0120,1.6303
13759,15:13:14.442,2021,-0.0129,1.6286
13760,15:13:14.442,2028,-0.0095,1.6343
13761,15:13:14.443,2020,-0.0134,1.6278
13762,15:13:14.443,2026,-0.0105,1.6327
13763,15:13:14.444,2027,-0.0100,1.6335
13764,15:13:14.444,2023,-0.0120,1.6303
13765,15:13:14.445,2026,-0.0105,1.6327
13766,15:13:14.445,2027,-0.0100,1.6335
13767,15:13:14.446,2027,-0.0100,1.6335
13768,15:13:14.446,2021,-0.0129,1.6286
13769,15:13:14.447,2023,-0.0120,1.6303
13770,15:13:14.447,2025,-0.0110,1.6319
13771,15:13:14.448,2023,-0.0120,1.6303
13772,15:13:14.448,2022,-0.0125,1.6295
13773,15:13:14.449,2026,-0.0105,1.6327
13774,15:13:14.449,2023,-0.0120,1.6303
13775,15:13:14.450,2025,-0.0110,1.6319
13776,15:13:14.450,2019,-0.0139,1.6270
13777,15:13:14.451,2025,-0.0110,1.6319
13778,15:13:14.451,2023,-0.0120,1.6303
13779,15:13:14.452,2021,-0.0129,1.6286
13780,15:13:14.452,2022,-0.0125,1.6295
13781,15:13:14.453,2019,-0.0139,1.6270
13782,15:13:14.453,2025,-0.0110,1.6319
13783,15:13:14.454,2026,-0.0105,1.6327
13784,15:13:14.454,2020,-0.0134,1.6278
13785,15:13:14.455,2024,-0.0115,1.6311
13786,15:13:14.455,2023,-0.0120,1.6303
13787,15:13:14.456,2022,-0.0125,1.6295
13788,15:13:14.456,2020,-0.0134,1.6278
13789,15:13:14.457,2022,-0.0125,1.6295
13790,15:13:14.457,2023,-0.0120,1.6303
13791,15:13:14.458,2023,-0.0120,1.6303
13792,15:13:14.458,2024,-0.0115,1.6311
13793,15:13:14.459,2021,-0.0129,1.6286
13794,15:13:14.459,2020,-0.0134,1.6278
13795,15:13:14.460,2019,-0.0139,1.6270
13796,15:13:14.460,2023,-0.0120,1.6303
13797,15:13:14.461,2023,-0.0120,1.6303
13798,15:13:14.461,2021,-0.0129,1.6286
13799,15:13:14.462,2024,-0.0115,1.6311
13800,15:13:14.462,2022,-0.0125,1.6295
13801,15:13:14.463,2022,-0.0125,1.6295
13802,15:13:14.463,2022,-0.0125,1.6295
13803,15:13:14.464,2023,-0.0120,1.6303
13804,15:13:14.464,2022,-0.0125,1.6295
13805,15:13:14.465,2020,-0.0134,1.6278
13806,15:13:14.465,2021,-0.0129,1.6286
13807,15:13:14.466,2024,-0.0115,1.6311
13808,15:13:14.466,2023,-0.0120,1.6303
13809,15:13:14.467,2023,-0.0120,1.6303
13810,15:13:14.467,2020,-0.0134,1.6278
13811,15:13:14.468,2019,-0.0139,1.6270
13812,15:13:14.468,2021,-0.0129,1.6286
13813,15:13:14.469,2020,-0.0134,1.6278
13814,15:13:14.469,2022,-0.0125,1.6295
13815,15:13:14.470,2023,-0.0120,1.6303
13816,15:13:14.470,2026,-0.0105,1.6327
13817,15:13:14.471,2027,-0.0100,1.6335
13818,15:13:14.471,2028,-0.0095,1.6343
13819,15:13:14.472,2025,-0.0110,1.6319
13820,15:13:14.472,2025,-0.0110,1.6319
13821,15:13:14.473,2026,-0.0105,1.6327
13822,15:13:14.473,2026,-0.0105,1.6327
13823,15:13:14.474,2024,-0.0115,1.6311
13824,15:13:14.474,2027,-0.0100,1.6335
13825,15:13:14.475,2023,-0.0120,1.6303
13826,15:13:14.475,2026,-0.0105,1.6327
13827,15:13:14.476,2025,-0.0110,1.6319
13828,15:13:14.476,2023,-0.0120,1.6303
13829,15:13:14.477,2021,-0.0129,1.6286
13830,15:13:14.477,2025,-0.0110,1.6319
13831,15:13:14.478,2023,-0.0120,1.6303
13832,15:13:14.478,2021,-0.0129,1.6286
13833,15:13:14.479,2023,-0.0120,1.6303
13834,15:13:14.479,2022,-0.0125,1.6295
13835,15:13:14.480,2019,-0.0139,1.6270
13836,15:13:14.480,2024,-0.0115,1.6311
13837,15:13:14.481,2023,-0.0120,1.6303
13838,15:13:14.481,2022,-0.0125,1.6295
13839,15:13:14.482,2023,-0.0120,1.6303
13840,15:13:14.482,2024,-0.0115,1.6311
13841,15:13:14.483,2025,-0.0110,1.6319
13842,15:13:14.483,2024,-0.0115,1.6311
13843,15:13:14.484,2021,-0.0129,1.6286
13844,15:13:14.484,2020,-0.0134,1.6278
13845,15:13:14.485,2024,-0.0115,1.6311
13846,15:13:14.485,2023,-0.0120,1.6303
13847,15:13:14.486,2019,-0.0139,1.6270
13848,15:13:14.486,2025,-0.0110,1.6319
13849,15:13:14.487,2022,-0.0125,1.6295
13850,15:13:14.487,2026,-0.0105,1.6327
13851,15:13:14.488,2024,-0.0115,1.6311
13852,15:13:14.488,2023,-0.0120,1.6303
13853,15:13:14.489,2021,-0.0129,1.6286
13854,15:13:14.489,2022,-0.0125,1.6295
13855,15:13:14.490,2020,-0.0134,1.6278
13856,15:13:14.490,2025,-0.0110,1.6319
13857,15:13:14.491,2021,-0.0129,1.6286
13858,15:13:14.491,2021,-0.0129,1.6286
13859,15:13:14.492,2021,-0.0129,1.6286
13860,15:13:14.492,2024,-0.0115,1.6311
13861,15:13:14.493,2025,-0.0110,1.6319
13862,15:13:14.493,2022,-0.0125,1.6295
13863,15:13:14.494,2024,-0.0115,1.6311
13864,15:13:14.494,2025,-0.0110,1.6319
13865,15:13:14.495,2026,-0.0105,1.6327
13866,15:13:14.495,2024,-0.0115,1.6311
13867,15:13:14.496,2021,-0.0129,1.6286
13868,15:13:14.496,2022,-0.0125,1.6295
13869,15:13:14.497,2024,-0.0115,1.6311
13870,15:13:14.497,2023,-0.0120,1.6303
13871,15:13:14.498,2022,-0.0125,1.6295
13872,15:13:14.498,2025,-0.0110,1.6319
13873,15:13:14.499,2022,-0.0125,1.6295
13874,15:13:14.499,2019,-0.0139,1.6270
13875,15:13:14.500,2023,-0.0120,1.6303
13876,15:13:14.500,2023,-0.0120,1.6303
13877,15:13:14.501,2022,-0.0125,1.6295
13878,15:13:14.501,2019,-0.0139,1.6270
13879,15:13:14.502,2023,-0.0120,1.6303
13880,15:13:14.502,2021,-0.0129,1.6286
13881,15:13:14.503,2023,-0.0120,1.6303
13882,15:13:14.503,2023,-0.0120,1.6303
13883,15:13:14.504,2021,-0.0129,1.6286
13884,15:13:14.504,2021,-0.0129,1.6286
13885,15:13:14.505,2021,-0.0129,1.6286
13886,15:13:14.505,2022,-0.0125,1.6295
13887,15:13:14.506,2024,-0.0115,1.6311
13888,15:13:14.506,2022,-0.0125,1.6295
13889,15:13:14.507,2027,-0.0100,1.6335
13890,15:13:14.507,2022,-0.0125,1.6295
13891,15:13:14.508,2022,-0.0125,1.6295
13892,15:13:14.508,2023,-0.0120,1.6303
13893,15:13:14.509,2021,-0.0129,1.6286
13894,15:13:14.509,2024,-0.0115,1.6311
13895,15:13:14.510,2021,-0.0129,1.6286
13896,15:13:14.510,2026,-0.0105,1.6327
13897,15:13:14.511,2025,-0.0110,1.6319
13898,15:13:14.511,2023,-0.0120,1.6303
13899,15:13:14.512,2026,-0.0105,1.6327
13900,15:13:14.512,2026,-0.0105,1.6327
13901,15:13:14.513,2023,-0.0120,1.6303
13902,15:13:14.513,2026,-0.0105,1.6327
13903,15:13:14.514,2022,-0.0125,1.6295
13904,15:13:14.514,2024,-0.0115,1.6311
13905,15:13:14.515,2021,-0.0129,1.6286
13906,15:13:14.515,2021,-0.0129,1.6286
13907,15:13:14.516,2024,-0.0115,1.6311
13908,15:13:14.516,2025,-0.0110,1.6319
13909,15:13:14.517,2023,-0.0120,1.6303
13910,15:13:14.517,2026,-0.0105,1.6327
13911,15:13:14.518,2024,-0.0115,1.6311
13912,15:13:14.518,2021,-0.0129,1.6286
13913,15:13:14.519,2025,-0.0110,1.6319
13914,15:13:14.519,2028,-0.0095,1.6343
13915,15:13:14.520,2024,-0.0115,1.6311
13916,15:13:14.520,2021,-0.0129,1.6286
13917,15:13:14.521,2021,-0.0129,1.6286
13918,15:13:14.521,2020,-0.0134,1.6278
13919,15:13:14.522,2025,-0.0110,1.6319
13920,15:13:14.522,2021,-0.0129,1.6286
13921,15:13:14.523,2026,-0.0105,1.6327
13922,15:13:14.523,2018,-0.0144,1.6262
13923,15:13:14.524,2021,-0.0129,1.6286
13924,15:13:14.524,2028,-0.0095,1.6343
13925,15:13:14.525,2022,-0.0125,1.6295
13926,15:13:14.525,2023,-0.0120,1.6303
13927,15:13:14.526,2022,-0.0125,1.6295
13928,15:13:14.526,2019,-0.0139,1.6270
13929,15:13:14.527,2024,-0.0115,1.6311
13930,15:13:14.527,2019,-0.0139,1.6270
13931,15:13:14.528,2020,-0.0134,1.6278
13932,15:13:14.528,2025,-0.0110,1.6319
13933,15:13:14.529,2023,-0.0120,1.6303
13934,15:13:14.529,2021,-0.0129,1.6286
13935,15:13:14.530,2022,-0.0125,1.6295
13936,15:13:14.530,2024,-0.0115,1.6311
13937,15:13:14.531,2023,-0.0120,1.6303
13938,15:13:14.531,2028,-0.0095,1.6343
13939,15:13:14.532,2023,-0.0120,1.6303
13940,15:13:14.532,2023,-0.0120,1.6303
13941,15:13:14.533,2021,-0.0129,1.6286
13942,15:13:14.533,2024,-0.0115,1.6311
13943,15:13:14.534,2025,-0.0110,1.6319
13944,15:13:14.534,2020,-0.0134,1.6278
13945,15:13:14.535,2019,-0.0139,1.6270
13946,15:13:14.535,2020,-0.0134,1.6278
13947,15:13:14.536,2027,-0.0100,1.6335
13948,15:13:14.536,2021,-0.0129,1.6286
13949,15:13:14.537,2023,-0.0120,1.6303
13950,15:13:14.537,2023,-0.0120,1.6303
13951,15:13:14.538,2022,-0.0125,1.6295
13952,15:13:14.538,2027,-0.0100,1.6335
13953,15:13:14.539,2024,-0.0115,1.6311
13954,15:13:14.539,2024,-0.0115,1.6311
13955,15:13:14.540,2020,-0.0134,1.6278
13956,15:13:14.540,2020,-0.0134,1.6278
13957,15:13:14.541,2019,-0.0139,1.6270
13958,15:13:14.541,2022,-0.0125,1.6295
13959,15:13:14.542,2022,-0.0125,1.6295
13960,15:13:14.542,2021,-0.0129,1.6286
13961,15:13:14.543,2021,-0.0129,1.6286
13962,15:13:14.543,2026,-0.0105,1.6327
13963,15:13:14.544,2021,-0.0129,1.6286
13964,15:13:14.544,2025,-0.0110,1.6319
13965,15:13:14.545,2022,-0.0125,1.6295
13966,15:13:14.545,2024,-0.0115,1.6311
13967,15:13:14.546,2018,-0.0144,1.6262
13968,15:13:14.546,2022,-0.0125,1.6295
13969,15:13:14.547,2023,-0.0120,1.6303
13970,15:13:14.547,2025,-0.0110,1.6319
13971,15:13:14.548,2024,-0.0115,1.6311
13972,15:13:14.548,2026,-0.0105,1.6327
13973,15:13:14.549,2022,-0.0125,1.6295
13974,15:13:14.549,2024,-0.0115,1.6311
13975,15:13:14.550,2024,-0.0115,1.6311
13976,15:13:14.550,2023,-0.0120,1.6303
13977,15:13:14.551,2022,-0.0125,1.6295
13978,15:13:14.551,2023,-0.0120,1.6303
13979,15:13:14.552,2020,-0.0134,1.6278
13980,15:13:14.552,2020,-0.0134,1.6278
13981,15:13:14.553,2023,-0.0120,1.6303
13982,15:13:14.553,2026,-0.0105,1.6327
13983,15:13:14.554,2027,-0.0100,1.6335
13984,15:13:14.554,2025,-0.0110,1.6319
13985,15:13:14.555,2024,-0.0115,1.6311
13986,15:13:14.555,2020,-0.0134,1.6278
13987,15:13:14.556,2019,-0.0139,1.6270
13988,15:13:14.556,2022,-0.0125,1.6295
13989,15:13:14.557,2024,-0.0115,1.6311
13990,15:13:14.557,2021,-0.0129,1.6286
13991,15:13:14.558,2026,-0.0105,1.6327
13992,15:13:14.558,2022,-0.0125,1.6295
13993,15:13:14.559,2023,-0.0120,1.6303
13994,15:13:14.559,2025,-0.0110,1.6319
13995,15:13:14.560,2022,-0.0125,1.6295
13996,15:13:14.560,2021,-0.0129,1.6286
13997,15:13:14.561,2026,-0.0105,1.6327
13998,15:13:14.561,2024,-0.0115,1.6311
13999,15:13:14.562,2025,-0.0110,1.6319
14000,15:13:14.562,2022,-0.0125,1.6295
14001,15:13:14.563,2025,-0.0110,1.6319
14002,15:13:14.563,2021,-0.0129,1.6286
14003,15:13:14.564,2022,-0.0125,1.6295
14004,15:13:14.564,2023,-0.0120,1.6303
14005,15:13:14.565,2017,-0.0149,1.6254
14006,15:13:14.565,2023,-0.0120,1.6303
14007,15:13:14.566,2025,-0.0110,1.6319
14008,15:13:14.566,2026,-0.0105,1.6327
14009,15:13:14.567,2024,-0.0115,1.6311
14010,15:13:14.567,2025,-0.0110,1.6319
14011,15:13:14.568,2025,-0.0110,1.6319
14012,15:13:14.568,2023,-0.0120,1.6303
14013,15:13:14.569,2019,-0.0139,1.6270
14014,15:13:14.569,2021,-0.0129,1.6286
14015,15:13:14.570,2019,-0.0139,1.6270
14016,15:13:14.570,2024,-0.0115,1.6311
14017,15:13:14.571,2021,-0.0129,1.6286
14018,15:13:14.571,2021,-0.0129,1.6286
14019,15:13:14.572,2022,-0.0125,1.6295
14020,15:13:14.572,2024,-0.0115,1.6311
14021,15:13:14.573,2023,-0.0120,1.6303
14022,15:13:14.573,2023,-0.0120,1.6303
14023,15:13:14.574,2028,-0.0095,1.6343
14024,15:13:14.574,2020,-0.0134,1.6278
14025,15:13:14.575,2023,-0.0120,1.6303
14026,15:13:14.575,2023,-0.0120,1.6303
14027,15:13:14.576,2020,-0.0134,1.6278
14028,15:13:14.576,2021,-0.0129,1.6286
14029,15:13:14.577,2023,-0.0120,1.6303
14030,15:13:14.577,2023,-0.0120,1.6303
14031,15:13:14.578,2021,-0.0129,1.6286
14032,15:13:14.578,2023,-0.0120,1.6303
14033,15:13:14.579,2022,-0.0125,1.6295
14034,15:13:14.579,2023,-0.0120,1.6303
14035,15:13:14.580,2025,-0.0110,1.6319
14036,15:13:14.580,2025,-0.0110,1.6319
14037,15:13:14.581,2022,-0.0125,1.6295
14038,15:13:14.581,2023,-0.0120,1.6303
14039,15:13:14.582,2020,-0.0134,1.6278
14040,15:13:14.582,2023,-0.0120,1.6303
14041,15:13:14.583,2022,-0.0125,1.6295
14042,15:13:14.583,2024,-0.0115,1.6311
14043,15:13:14.584,2024,-0.0115,1.6311
14044,15:13:14.584,2025,-0.0110,1.6319
14045,15:13:14.585,2022,-0.0125,1.6295
14046,15:13:14.585,2023,-0.0120,1.6303
14047,15:13:14.586,2023,-0.0120,1.6303
14048,15:13:14.586,2025,-0.0110,1.6319
14049,15:13:14.587,2025,-0.0110,1.6319
14050,15:13:14.587,2023,-0.0120,1.6303
14051,15:13:14.588,2027,-0.0100,1.6335
14052,15:13:14.588,2022,-0.0125,1.6295
14053,15:13:14.589,2023,-0.0120,1.6303
14054,15:13:14.589,2027,-0.0100,1.6335
14055,15:13:14.590,2023,-0.0120,1.6303
14056,15:13:14.590,2027,-0.0100,1.6335
14057,15:13:14.591,2028,-0.0095,1.6343
14058,15:13:14.591,2019,-0.0139,1.6270
14059,15:13:14.592,2023,-0.0120,1.6303
14060,15:13:14.592,2023,-0.0120,1.6303
14061,15:13:14.593,2024,-0.0115,1.6311
14062,15:13:14.593,2022,-0.0125,1.6295
14063,15:13:14.594,2021,-0.0129,1.6286
14064,15:13:14.594,2023,-0.0120,1.6303
14065,15:13:14.595,2017,-0.0149,1.6254
14066,15:13:14.595,2021,-0.0129,1.6286
14067,15:13:14.596,2023,-0.0120,1.6303
14068,15:13:14.596,2022,-0.0125,1.6295
14069,15:13:14.597,2021,-0.0129,1.6286
14070,15:13:14.597,2019,-0.0139,1.6270
14071,15:13:14.598,2025,-0.0110,1.6319
14072,15:13:14.598,2019,-0.0139,1.6270
14073,15:13:14.599,2026,-0.0105,1.6327
14074,15:13:14.599,2022,-0.0125,1.6295
14075,15:13:14.600,2018,-0.0144,1.6262
14076,15:13:14.600,2019,-0.0139,1.6270
14077,15:13:14.601,2017,-0.0149,1.6254
14078,15:13:14.601,2018,-0.0144,1.6262
14079,15:13:14.602,2022,-0.0125,1.6295
14080,15:13:14.602,2022,-0.0125,1.6295
14081,15:13:14.603,2023,-0.0120,1.6303
14082,15:13:14.603,2021,-0.0129,1.6286
14083,15:13:14.604,2021,-0.0129,1.6286
14084,15:13:14.604,2024,-0.0115,1.6311
14085,15:13:14.605,2020,-0.0134,1.6278
14086,15:13:14.605,2024,-0.0115,1.6311
14087,15:13:14.606,2021,-0.0129,1.6286
14088,15:13:14.606,2025,-0.0110,1.6319
14089,15:13:14.607,2020,-0.0134,1.6278
14090,15:13:14.607,2021,-0.0129,1.6286
14091,15:13:14.608,2026,-0.0105,1.6327
14092,15:13:14.608,2020,-0.0134,1.6278
14093,15:13:14.609,2023,-0.0120,1.6303
14094,15:13:14.609,2025,-0.0110,1.6319
14095,15:13:14.610,2024,-0.0115,1.6311
14096,15:13:14.610,2028,-0.0095,1.6343
14097,15:13:14.611,2027,-0.0100,1.6335
14098,15:13:14.611,2021,-0.0129,1.6286
14099,15:13:14.612,2025,-0.0110,1.6319
14100,15:13:14.612,2022,-0.0125,1.6295
14101,15:13:14.613,2025,-0.0110,1.6319
14102,15:13:14.613,2023,-0.0120,1.6303
14103,15:13:14.614,2021,-0.0129,1.6286
14104,15:13:14.614,2026,-0.0105,1.6327
14105,15:13:14.615,2024,-0.0115,1.6311
14106,15:13:14.615,2024,-0.0115,1.6311
14107,15:13:14.616,2021,-0.0129,1.6286
14108,15:13:14.616,2026,-0.0105,1.6327
14109,15:13:14.617,2022,-0.0125,1.6295
14110,15:13:14.617,2022,-0.0125,1.6295
14111,15:13:14.618,2021,-0.0129,1.6286
14112,15:13:14.618,2023,-0.0120,1.6303
14113,15:13:14.619,2025,-0.0110,1.6319
14114,15:13:14.619,2022,-0.0125,1.6295
14115,15:13:14.620,2024,-0.0115,1.6311
14116,15:13:14.620,2018,-0.0144,1.6262
14117,15:13:14.621,2021,-0.0129,1.6286
14118,15:13:14.621,2024,-0.0115,1.6311
14119,15:13:14.622,2025,-0.0110,1.6319
14120,15:13:14.622,2018,-0.0144,1.6262
14121,15:13:14.623,2023,-0.0120,1.6303
14122,15:13:14.623,2023,-0.0120,1.6303
14123,15:13:14.624,2022,-0.0125,1.6295
14124,15:13:14.624,2023,-0.0120,1.6303
14125,15:13:14.625,2026,-0.0105,1.6327
14126,15:13:14.625,2023,-0.0120,1.6303
14127,15:13:14.626,2022,-0.0125,1.6295
14128,15:13:14.626,2021,-0.0129,1.6286
14129,15:13:14.627,2019,-0.0139,1.6270
14130,15:13:14.627,2026,-0.0105,1.6327
14131,15:13:14.628,2023,-0.0120,1.6303
14132,15:13:14.628,2025,-0.0110,1.6319
14133,15:13:14.629,2023,-0.0120,1.6303
14134,15:13:14.629,2024,-0.0115,1.6311
14135,15:13:14.630,2020,-0.0134,1.6278
14136,15:13:14.630,2024,-0.0115,1.6311
14137,15:13:14.631,2021,-0.0129,1.6286
14138,15:13:14.631,2020,-0.0134,1.6278
14139,15:13:14.632,2023,-0.0120,1.6303
14140,15:13:14.632,2025,-0.0110,1.6319
14141,15:13:14.633,2025,-0.0110,1.6319
14142,15:13:14.633,2023,-0.0120,1.6303
14143,15:13:14.634,2024,-0.0115,1.6311
14144,15:13:14.634,2023,-0.0120,1.6303
14145,15:13:14.635,2025,-0.0110,1.6319
14146,15:13:14.635,2020,-0.0134,1.6278
14147,15:13:14.636,2024,-0.0115,1.6311
14148,15:13:14.636,2022,-0.0125,1.6295
14149,15:13:14.637,2020,-0.0134,1.6278
14150,15:13:14.637,2023,-0.0120,1.6303
14151,15:13:14.638,2023,-0.0120,1.6303
14152,15:13:14.638,2021,-0.0129,1.6286
14153,15:13:14.639,2025,-0.0110,1.6319
14154,15:13:14.639,2026,-0.0105,1.6327
14155,15:13:14.640,2024,-0.0115,1.6311
14156,15:13:14.640,2024,-0.0115,1.6311
14157,15:13:14.641,2023,-0.0120,1.6303
14158,15:13:14.641,2021,-0.0129,1.6286
14159,15:13:14.642,2022,-0.0125,1.6295
14160,15:13:14.642,2027,-0.0100,1.6335
14161,15:13:14.643,2022,-0.0125,1.6295
14162,15:13:14.643,2023,-0.0120,1.6303
14163,15:13:14.644,2020,-0.0134,1.6278
14164,15:13:14.644,2020,-0.0134,1.6278
14165,15:13:14.645,2021,-0.0129,1.6286
14166,15:13:14.645,2024,-0.0115,1.6311
14167,15:13:14.646,2024,-0.0115,1.6311
14168,15:13:14.646,2019,-0.0139,1.6270
14169,15:13:14.647,2025,-0.0110,1.6319
14170,15:13:14.647,2023,-0.0120,1.6303
14171,15:13:14.648,2023,-0.0120,1.6303
14172,15:13:14.648,2022,-0.0125,1.6295
14173,15:13:14.649,2021,-0.0129,1.6286
14174,15:13:14.649,2022,-0.0125,1.6295
14175,15:13:14.650,2023,-0.0120,1.6303
14176,15:13:14.650,2021,-0.0129,1.6286
14177,15:13:14.651,2025,-0.0110,1.6319
14178,15:13:14.651,2026,-0.0105,1.6327
14179,15:13:14.652,2023,-0.0120,1.6303
14180,15:13:14.652,2024,-0.0115,1.6311
14181,15:13:14.653,2024,-0.0115,1.6311
14182,15:13:14.653,2022,-0.0125,1.6295
14183,15:13:14.654,2020,-0.0134,1.6278
14184,15:13:14.654,2025,-0.0110,1.6319
14185,15:13:14.655,2023,-0.0120,1.6303
14186,15:13:14.655,2022,-0.0125,1.6295
14187,15:13:14.656,2024,-0.0115,1.6311
14188,15:13:14.656,2023,-0.0120,1.6303
14189,15:13:14.657,2025,-0.0110,1.6319
14190,15:13:14.657,2024,-0.0115,1.6311
14191,15:13:14.658,2022,-0.0125,1.6295
14192,15:13:14.658,2021,-0.0129,1.6286
14193,15:13:14.659,2021,-0.0129,1.6286
14194,15:13:14.659,2024,-0.0115,1.6311
14195,15:13:14.660,2022,-0.0125,1.6295
14196,15:13:14.660,2022,-0.0125,1.6295
14197,15:13:14.661,2023,-0.0120,1.6303
14198,15:13:14.661,2021,-0.0129,1.6286
14199,15:13:14.662,2020,-0.0134,1.6278
14200,15:13:14.662,2018,-0.0144,1.6262
14201,15:13:14.663,2020,-0.0134,1.6278
14202,15:13:14.663,2026,-0.0105,1.6327
14203,15:13:14.664,2024,-0.0115,1.6311
14204,15:13:14.664,2025,-0.0110,1.6319
14205,15:13:14.665,2022,-0.0125,1.6295
14206,15:13:14.665,2024,-0.0115,1.6311
14207,15:13:14.666,2019,-0.0139,1.6270
14208,15:13:14.666,2024,-0.0115,1.6311
14209,15:13:14.667,2021,-0.0129,1.6286
14210,15:13:14.667,2021,-0.0129,1.6286
14211,15:13:14.668,2022,-0.0125,1.6295
14212,15:13:14.668,2023,-0.0120,1.6303
14213,15:13:14.669,2023,-0.0120,1.6303
14214,15:13:14.669,2021,-0.0129,1.6286
14215,15:13:14.670,2023,-0.0120,1.6303
14216,15:13:14.670,2025,-0.0110,1.6319
14217,15:13:14.671,2021,-0.0129,1.6286
14218,15:13:14.671,2021,-0.0129,1.6286
14219,15:13:14.672,2025,-0.0110,1.6319
14220,15:13:14.672,2023,-0.0120,1.6303
14221,15:13:14.673,2027,-0.0100,1.6335
14222,15:13:14.673,2023,-0.0120,1.6303
14223,15:13:14.674,2021,-0.0129,1.6286
14224,15:13:14.674,2022,-0.0125,1.6295
14225,15:13:14.675,2024,-0.0115,1.6311
14226,15:13:14.675,2018,-0.0144,1.6262
14227,15:13:14.676,2023,-0.0120,1.6303
14228,15:13:14.676,2022,-0.0125,1.6295
14229,15:13:14.677,2024,-0.0115,1.6311
14230,15:13:14.677,2024,-0.0115,1.6311
14231,15:13:14.678,2023,-0.0120,1.6303
14232,15:13:14.678,2023,-0.0120,1.6303
14233,15:13:14.679,2024,-0.0115,1.6311
14234,15:13:14.679,2022,-0.0125,1.6295
14235,15:13:14.680,2023,-0.0120,1.6303
14236,15:13:14.680,2022,-0.0125,1.6295
14237,15:13:14.681,2022,-0.0125,1.6295
14238,15:13:14.681,2021,-0.0129,1.6286
14239,15:13:14.682,2024,-0.0115,1.6311
14240,15:13:14.682,2025,-0.0110,1.6319
14241,15:13:14.683,2022,-0.0125,1.6295
14242,15:13:14.683,2023,-0.0120,1.6303
14243,15:13:14.684,2024,-0.0115,1.6311
14244,15:13:14.684,2025,-0.0110,1.6319
14245,15:13:14.685,2023,-0.0120,1.6303
14246,15:13:14.685,2016,-0.0154,1.6246
14247,15:13:14.686,2023,-0.0120,1.6303
14248,15:13:14.686,2023,-0.0120,1.6303
14249,15:13:14.687,2022,-0.0125,1.6295
14250,15:13:14.687,2021,-0.0129,1.6286
14251,15:13:14.688,2026,-0.0105,1.6327
14252,15:13:14.688,2021,-0.0129,1.6286
14253,15:13:14.689,2022,-0.0125,1.6295
14254,15:13:14.689,2024,-0.0115,1.6311
14255,15:13:14.690,2023,-0.0120,1.6303
14256,15:13:14.690,2020,-0.0134,1.6278
14257,15:13:14.691,2021,-0.0129,1.6286
14258,15:13:14.691,2014,-0.0164,1.6230
14259,15:13:14.692,2023,-0.0120,1.6303
14260,15:13:14.692,2019,-0.0139,1.6270
14261,15:13:14.693,2021,-0.0129,1.6286
14262,15:13:14.693,2020,-0.0134,1.6278
14263,15:13:14.694,2024,-0.0115,1.6311
14264,15:13:14.694,2018,-0.0144,1.6262
14265,15:13:14.695,2025,-0.0110,1.6319
14266,15:13:14.695,2025,-0.0110,1.6319
14267,15:13:14.696,2020,-0.0134,1.6278
14268,15:13:14.696,2024,-0.0115,1.6311
14269,15:13:14.697,2025,-0.0110,1.6319
14270,15:13:14.697,2020,-0.0134,1.6278
14271,15:13:14.698,2023,-0.0120,1.6303
14272,15:13:14.698,2022,-0.0125,1.6295
14273,15:13:14.699,2024,-0.0115,1.6311
14274,15:13:14.699,2022,-0.0125,1.6295
14275,15:13:14.700,2025,-0.0110,1.6319
14276,15:13:14.700,2024,-0.0115,1.6311
14277,15:13:14.701,2021,-0.0129,1.6286
14278,15:13:14.701,2024,-0.0115,1.6311
14279,15:13:14.702,2023,-0.0120,1.6303
14280,15:13:14.702,2022,-0.0125,1.6295
14281,15:13:14.703,2024,-0.0115,1.6311
14282,15:13:14.703,2028,-0.0095,1.6343
14283,15:13:14.704,2019,-0.0139,1.6270
14284,15:13:14.704,2024,-0.0115,1.6311
14285,15:13:14.705,2024,-0.0115,1.6311
14286,15:13:14.705,2024,-0.0115,1.6311
14287,15:13:14.706,2024,-0.0115,1.6311
14288,15:13:14.706,2025,-0.0110,1.6319
14289,15:13:14.707,2022,-0.0125,1.6295
14290,15:13:14.707,2020,-0.0134,1.6278
14291,15:13:14.708,2020,-0.0134,1.6278
14292,15:13:14.708,2023,-0.0120,1.6303
14293,15:13:14.709,2021,-0.0129,1.6286
14294,15:13:14.709,2021,-0.0129,1.6286
14295,15:13:14.710,2020,-0.0134,1.6278
14296,15:13:14.710,2023,-0.0120,1.6303
14297,15:13:14.711,2018,-0.0144,1.6262
14298,15:13:14.711,2020,-0.0134,1.6278
14299,15:13:14.712,2023,-0.0120,1.6303
14300,15:13:14.712,2025,-0.0110,1.6319
14301,15:13:14.713,2025,-0.0110,1.6319
14302,15:13:14.713,2024,-0.0115,1.6311
14303,15:13:14.714,2024,-0.0115,1.6311
14304,15:13:14.714,2021,-0.0129,1.6286
14305,15:13:14.715,2021,-0.0129,1.6286
14306,15:13:14.715,2020,-0.0134,1.6278
14307,15:13:14.716,2024,-0.0115,1.6311
14308,15:13:14.716,2024,-0.0115,1.6311
14309,15:13:14.717,2023,-0.0120,1.6303
14310,15:13:14.717,2020,-0.0134,1.6278
14311,15:13:14.718,2023,-0.0120,1.6303
14312,15:13:14.718,2024,-0.0115,1.6311
14313,15:13:14.719,2021,-0.0129,1.6286
14314,15:13:14.719,2020,-0.0134,1.6278
14315,15:13:14.720,2023,-0.0120,1.6303
14316,15:13:14.720,2021,-0.0129,1.6286
14317,15:13:14.721,2024,-0.0115,1.6311
14318,15:13:14.721,2023,-0.0120,1.6303
14319,15:13:14.722,2021,-0.0129,1.6286
14320,15:13:14.722,2026,-0.0105,1.6327
14321,15:13:14.723,2024,-0.0115,1.6311
14322,15:13:14.723,2024,-0.0115,1.6311
14323,15:13:14.724,2023,-0.0120,1.6303
14324,15:13:14.724,2023,-0.0120,1.6303
14325,15:13:14.725,2026,-0.0105,1.6327
14326,15:13:14.725,2022,-0.0125,1.6295
14327,15:13:14.726,2027,-0.0100,1.6335
14328,15:13:14.726,2028,-0.0095,1.6343
14329,15:13:14.727,2024,-0.0115,1.6311
14330,15:13:14.727,2026,-0.0105,1.6327
14331,15:13:14.728,2027,-0.0100,1.6335
14332,15:13:14.728,2024,-0.0115,1.6311
14333,15:13:14.729,2027,-0.0100,1.6335
14334,15:13:14.729,2024,-0.0115,1.6311
14335,15:13:14.730,2021,-0.0129,1.6286
14336,15:13:14.730,2026,-0.0105,1.6327
14337,15:13:14.731,2024,-0.0115,1.6311
14338,15:13:14.731,2025,-0.0110,1.6319
14339,15:13:14.732,2022,-0.0125,1.6295
14340,15:13:14.732,2022,-0.0125,1.6295
14341,15:13:14.733,2022,-0.0125,1.6295
14342,15:13:14.733,2025,-0.0110,1.6319
14343,15:13:14.734,2023,-0.0120,1.6303
14344,15:13:14.734,2024,-0.0115,1.6311
14345,15:13:14.735,2024,-0.0115,1.6311
14346,15:13:14.735,2020,-0.0134,1.6278
14347,15:13:14.736,2020,-0.0134,1.6278
14348,15:13:14.736,2025,-0.0110,1.6319
14349,15:13:14.737,2022,-0.0125,1.6295
14350,15:13:14.737,2023,-0.0120,1.6303
14351,15:13:14.738,2023,-0.0120,1.6303
14352,15:13:14.738,2025,-0.0110,1.6319
14353,15:13:14.739,2021,-0.0129,1.6286
14354,15:13:14.739,2024,-0.0115,1.6311
14355,15:13:14.740,2025,-0.0110,1.6319
14356,15:13:14.740,2021,-0.0129,1.6286
14357,15:13:14.741,2022,-0.0125,1.6295
14358,15:13:14.741,2022,-0.0125,1.6295
14359,15:13:14.742,2020,-0.0134,1.6278
14360,15:13:14.742,2022,-0.0125,1.6295
14361,15:13:14.743,2019,-0.0139,1.6270
14362,15:13:14.743,2023,-0.0120,1.6303
14363,15:13:14.744,2022,-0.0125,1.6295
14364,15:13:14.744,2023,-0.0120,1.6303
14365,15:13:14.745,2021,-0.0129,1.6286
14366,15:13:14.745,2023,-0.0120,1.6303
14367,15:13:14.746,2024,-0.0115,1.6311
14368,15:13:14.746,2019,-0.0139,1.6270
14369,15:13:14.747,2021,-0.0129,1.6286
14370,15:13:14.747,2024,-0.0115,1.6311
14371,15:13:14.748,2021,-0.0129,1.6286
14372,15:13:14.748,2022,-0.0125,1.6295
14373,15:13:14.749,2021,-0.0129,1.6286
14374,15:13:14.749,2023,-0.0120,1.6303
14375,15:13:14.750,2020,-0.0134,1.6278
14376,15:13:14.750,2024,-0.0115,1.6311
14377,15:13:14.751,2023,-0.0120,1.6303
14378,15:13:14.751,2029,-0.0090,1.6351
14379,15:13:14.752,2024,-0.0115,1.6311
14380,15:13:14.752,2019,-0.0139,1.6270
14381,15:13:14.753,2019,-0.0139,1.6270
14382,15:13:14.753,2024,-0.0115,1.6311
14383,15:13:14.754,2024,-0.0115,1.6311
14384,15:13:14.754,2024,-0.0115,1.6311
14385,15:13:14.755,2021,-0.0129,1.6286
14386,15:13:14.755,2023,-0.0120,1.6303
14387,15:13:14.756,2022,-0.0125,1.6295
14388,15:13:14.756,2024,-0.0115,1.6311
14389,15:13:14.757,2026,-0.0105,1.6327
14390,15:13:14.757,2025,-0.0110,1.6319
14391,15:13:14.758,2027,-0.0100,1.6335
14392,15:13:14.758,2023,-0.0120,1.6303
14393,15:13:14.759,2025,-0.0110,1.6319
14394,15:13:14.759,2023,-0.0120,1.6303
14395,15:13:14.760,2021,-0.0129,1.6286
14396,15:13:14.760,2025,-0.0110,1.6319
14397,15:13:14.761,2025,-0.0110,1.6319
14398,15:13:14.761,2022,-0.0125,1.6295
14399,15:13:14.762,2021,-0.0129,1.6286
14400,15:13:14.762,2026,-0.0105,1.6327
14401,15:13:14.763,2024,-0.0115,1.6311
14402,15:13:14.763,2023,-0.0120,1.6303
14403,15:13:14.764,2026,-0.0105,1.6327
14404,15:13:14.764,2024,-0.0115,1.6311
14405,15:13:14.765,2023,-0.0120,1.6303
14406,15:13:14.765,2024,-0.0115,1.6311
14407,15:13:14.766,2023,-0.0120,1.6303
14408,15:13:14.766,2023,-0.0120,1.6303
14409,15:13:14.767,2023,-0.0120,1.6303
14410,15:13:14.767,2025,-0.0110,1.6319
14411,15:13:14.768,2023,-0.0120,1.6303
14412,15:13:14.768,2022,-0.0125,1.6295
14413,15:13:14.769,2020,-0.0134,1.6278
14414,15:13:14.769,2021,-0.0129,1.6286
14415,15:13:14.770,2025,-0.0110,1.6319
14416,15:13:14.770,2021,-0.0129,1.6286
14417,15:13:14.771,2023,-0.0120,1.6303
14418,15:13:14.771,2023,-0.0120,1.6303
14419,15:13:14.772,2023,-0.0120,1.6303
14420,15:13:14.772,2021,-0.0129,1.6286
14421,15:13:14.773,2022,-0.0125,1.6295
14422,15:13:14.773,2021,-0.0129,1.6286
14423,15:13:14.774,2023,-0.0120,1.6303
14424,15:13:14.774,2020,-0.0134,1.6278
14425,15:13:14.775,2025,-0.0110,1.6319
14426,15:13:14.775,2022,-0.0125,1.6295
14427,15:13:14.776,2021,-0.0129,1.6286
14428,15:13:14.776,2024,-0.0115,1.6311
14429,15:13:14.777,2021,-0.0129,1.6286
14430,15:13:14.777,2022,-0.0125,1.6295
14431,15:13:14.778,2020,-0.0134,1.6278
14432,15:13:14.778,2024,-0.0115,1.6311
14433,15:13:14.779,2021,-0.0129,1.6286
14434,15:13:14.779,2025,-0.0110,1.6319
14435,15:13:14.780,2024,-0.0115,1.6311
14436,15:13:14.780,2022,-0.0125,1.6295
14437,15:13:14.781,2029,-0.0090,1.6351
14438,15:13:14.781,2023,-0.0120,1.6303
14439,15:13:14.782,2023,-0.0120,1.6303
14440,15:13:14.782,2021,-0.0129,1.6286
14441,15:13:14.783,2023,-0.0120,1.6303
14442,15:13:14.783,2023,-0.0120,1.6303
14443,15:13:14.784,2024,-0.0115,1.6311
14444,15:13:14.784,2022,-0.0125,1.6295
14445,15:13:14.785,2022,-0.0125,1.6295
14446,15:13:14.785,2027,-0.0100,1.6335
14447,15:13:14.786,2024,-0.0115,1.6311
14448,15:13:14.786,2024,-0.0115,1.6311
14449,15:13:14.787,2020,-0.0134,1.6278
14450,15:13:14.787,2029,-0.0090,1.6351
14451,15:13:14.788,2024,-0.0115,1.6311
14452,15:13:14.788,2023,-0.0120,1.6303
14453,15:13:14.789,2019,-0.0139,1.6270
14454,15:13:14.789,2020,-0.0134,1.6278
14455,15:13:14.790,2021,-0.0129,1.6286
14456,15:13:14.790,2026,-0.0105,1.6327
14457,15:13:14.791,2028,-0.0095,1.6343
14458,15:13:14.791,2023,-0.0120,1.6303
14459,15:13:14.792,2022,-0.0125,1.6295
14460,15:13:14.792,2020,-0.0134,1.6278
14461,15:13:14.793,2023,-0.0120,1.6303
14462,15:13:14.793,2020,-0.0134,1.6278
14463,15:13:14.794,2022,-0.0125,1.6295
14464,15:13:14.794,2022,-0.0125,1.6295
14465,15:13:14.795,2022,-0.0125,1.6295
14466,15:13:14.795,2021,-0.0129,1.6286
14467,15:13:14.796,2020,-0.0134,1.6278
14468,15:13:14.796,2025,-0.0110,1.6319
14469,15:13:14.797,2024,-0.0115,1.6311
14470,15:13:14.797,2021,-0.0129,1.6286
14471,15:13:14.798,2023,-0.0120,1.6303
14472,15:13:14.798,2024,-0.0115,1.6311
14473,15:13:14.799,2021,-0.0129,1.6286
14474,15:13:14.799,2022,-0.0125,1.6295
14475,15:13:14.800,2025,-0.0110,1.6319
14476,15:13:14.800,2021,-0.0129,1.6286
14477,15:13:14.801,2022,-0.0125,1.6295
14478,15:13:14.801,2021,-0.0129,1.6286
14479,15:13:14.802,2024,-0.0115,1.6311
14480,15:13:14.802,2023,-0.0120,1.6303
14481,15:13:14.803,2020,-0.0134,1.6278
14482,15:13:14.803,2025,-0.0110,1.6319
14483,15:13:14.804,2022,-0.0125,1.6295
14484,15:13:14.804,2026,-0.0105,1.6327
14485,15:13:14.805,2020,-0.0134,1.6278
14486,15:13:14.805,2024,-0.0115,1.6311
14487,15:13:14.806,2023,-0.0120,1.6303
14488,15:13:14.806,2024,-0.0115,1.6311
14489,15:13:14.807,2020,-0.0134,1.6278
14490,15:13:14.807,2024,-0.0115,1.6311
14491,15:13:14.808,2026,-0.0105,1.6327
14492,15:13:14.808,2025,-0.0110,1.6319
14493,15:13:14.809,2025,-0.0110,1.6319
14494,15:13:14.809,2021,-0.0129,1.6286
14495,15:13:14.810,2022,-0.0125,1.6295
14496,15:13:14.810,2025,-0.0110,1.6319
14497,15:13:14.811,2022,-0.0125,1.6295
14498,15:13:14.811,2023,-0.0120,1.6303
14499,15:13:14.812,2023,-0.0120,1.6303
14500,15:13:14.812,2023,-0.0120,1.6303
14501,15:13:14.813,2029,-0.0090,1.6351
14502,15:13:14.813,2023,-0.0120,1.6303
14503,15:13:14.814,2023,-0.0120,1.6303
14504,15:13:14.814,2025,-0.0110,1.6319
14505,15:13:14.815,2023,-0.0120,1.6303
14506,15:13:14.815,2025,-0.0110,1.6319
14507,15:13:14.816,2024,-0.0115,1.6311
14508,15:13:14.816,2024,-0.0115,1.6311
14509,15:13:14.817,2025,-0.0110,1.6319
14510,15:13:14.817,2023,-0.0120,1.6303
14511,15:13:14.818,2024,-0.0115,1.6311
14512,15:13:14.818,2022,-0.0125,1.6295
14513,15:13:14.819,2023,-0.0120,1.6303
14514,15:13:14.819,2023,-0.0120,1.6303
14515,15:13:14.820,2024,-0.0115,1.6311
14516,15:13:14.820,2021,-0.0129,1.6286
14517,15:13:14.821,2024,-0.0115,1.6311
14518,15:13:14.821,2022,-0.0125,1.6295
14519,15:13:14.822,2026,-0.0105,1.6327
14520,15:13:14.822,2023,-0.0120,1.6303
14521,15:13:14.823,2023,-0.0120,1.6303
14522,15:13:14.823,2023,-0.0120,1.6303
14523,15:13:14.824,2022,-0.0125,1.6295
14524,15:13:14.824,2022,-0.0125,1.6295
14525,15:13:14.825,2022,-0.0125,1.6295
14526,15:13:14.825,2022,-0.0125,1.6295
14527,15:13:14.826,2024,-0.0115,1.6311
14528,15:13:14.826,2021,-0.0129,1.6286
14529,15:13:14.827,2023,-0.0120,1.6303
14530,15:13:14.827,2021,-0.0129,1.6286
14531,15:13:14.828,2023,-0.0120,1.6303
14532,15:13:14.828,2026,-0.0105,1.6327
14533,15:13:14.829,2024,-0.0115,1.6311
14534,15:13:14.829,2022,-0.0125,1.6295
14535,15:13:14.830,2021,-0.0129,1.6286
14536,15:13:14.830,2024,-0.0115,1.6311
14537,15:13:14.831,2024,-0.0115,1.6311
14538,15:13:14.831,2024,-0.0115,1.6311
14539,15:13:14.832,2021,-0.0129,1.6286
14540,15:13:14.832,2021,-0.0129,1.6286
14541,15:13:14.833,2023,-0.0120,1.6303
14542,15:13:14.833,2023,-0.0120,1.6303
14543,15:13:14.834,2024,-0.0115,1.6311
14544,15:13:14.834,2022,-0.0125,1.6295
14545,15:13:14.835,2025,-0.0110,1.6319
14546,15:13:14.835,2021,-0.0129,1.6286
14547,15:13:14.836,2025,-0.0110,1.6319
14548,15:13:14.836,2023,-0.0120,1.6303
14549,15:13:14.837,2023,-0.0120,1.6303
14550,15:13:14.837,2023,-0.0120,1.6303
14551,15:13:14.838,2021,-0.0129,1.6286
14552,15:13:14.838,2022,-0.0125,1.6295
14553,15:13:14.839,2025,-0.0110,1.6319
14554,15:13:14.839,2022,-0.0125,1.6295
14555,15:13:14.840,2021,-0.0129,1.6286
14556,15:13:14.840,2021,-0.0129,1.6286
14557,15:13:14.841,2020,-0.0134,1.6278
14558,15:13:14.841,2025,-0.0110,1.6319
14559,15:13:14.842,2017,-0.0149,1.6254
14560,15:13:14.842,2026,-0.0105,1.6327
14561,15:13:14.843,2027,-0.0100,1.6335
14562,15:13:14.843,2022,-0.0125,1.6295
14563,15:13:14.844,2025,-0.0110,1.6319
14564,15:13:14.844,2021,-0.0129,1.6286
14565,15:13:14.845,2023,-0.0120,1.6303
14566,15:13:14.845,2023,-0.0120,1.6303
14567,15:13:14.846,2028,-0.0095,1.6343
14568,15:13:14.846,2024,-0.0115,1.6311
14569,15:13:14.847,2026,-0.0105,1.6327
14570,15:13:14.847,2023,-0.0120,1.6303
14571,15:13:14.848,2024,-0.0115,1.6311
14572,15:13:14.848,2023,-0.0120,1.6303
14573,15:13:14.849,2024,-0.0115,1.6311
14574,15:13:14.849,2017,-0.0149,1.6254
14575,15:13:14.850,2023,-0.0120,1.6303
14576,15:13:14.850,2022,-0.0125,1.6295
14577,15:13:14.851,2019,-0.0139,1.6270
14578,15:13:14.851,2021,-0.0129,1.6286
14579,15:13:14.852,2020,-0.0134,1.6278
14580,15:13:14.852,2019,-0.0139,1.6270
14581,15:13:14.853,2022,-0.0125,1.6295
14582,15:13:14.853,2025,-0.0110,1.6319
14583,15:13:14.854,2018,-0.0144,1.6262
14584,15:13:14.854,2024,-0.0115,1.6311
14585,15:13:14.855,2023,-0.0120,1.6303
14586,15:13:14.855,2024,-0.0115,1.6311
14587,15:13:14.856,2019,-0.0139,1.6270
14588,15:13:14.856,2018,-0.0144,1.6262
14589,15:13:14.857,2023,-0.0120,1.6303
14590,15:13:14.857,2025,-0.0110,1.6319
14591,15:13:14.858,2021,-0.0129,1.6286
14592,15:13:14.858,2023,-0.0120,1.6303
14593,15:13:14.859,2023,-0.0120,1.6303
14594,15:13:14.859,2029,-0.0090,1.6351
14595,15:13:14.860,2027,-0.0100,1.6335
14596,15:13:14.860,2020,-0.0134,1.6278
14597,15:13:14.861,2025,-0.0110,1.6319
14598,15:13:14.861,2018,-0.0144,1.6262
14599,15:13:14.862,2022,-0.0125,1.6295
14600,15:13:14.862,2022,-0.0125,1.6295
14601,15:13:14.863,2025,-0.0110,1.6319
14602,15:13:14.863,2022,-0.0125,1.6295
14603,15:13:14.864,2020,-0.0134,1.6278
14604,15:13:14.864,2025,-0.0110,1.6319
14605,15:13:14.865,2025,-0.0110,1.6319
14606,15:13:14.865,2027,-0.0100,1.6335
14607,15:13:14.866,2022,-0.0125,1.6295
14608,15:13:14.866,2022,-0.0125,1.6295
14609,15:13:14.867,2021,-0.0129,1.6286
14610,15:13:14.867,2023,-0.0120,1.6303
14611,15:13:14.868,2024,-0.0115,1.6311
14612,15:13:14.868,2022,-0.0125,1.6295
14613,15:13:14.869,2023,-0.0120,1.6303
14614,15:13:14.869,2019,-0.0139,1.6270
14615,15:13:14.870,2025,-0.0110,1.6319
14616,15:13:14.870,2023,-0.0120,1.6303
14617,15:13:14.871,2026,-0.0105,1.6327
14618,15:13:14.871,2025,-0.0110,1.6319
14619,15:13:14.872,2022,-0.0125,1.6295
14620,15:13:14.872,2023,-0.0120,1.6303
14621,15:13:14.873,2020,-0.0134,1.6278
14622,15:13:14.873,2024,-0.0115,1.6311
14623,15:13:14.874,2021,-0.0129,1.6286
14624,15:13:14.874,2024,-0.0115,1.6311
14625,15:13:14.875,2025,-0.0110,1.6319
14626,15:13:14.875,2022,-0.0125,1.6295
14627,15:13:14.876,2023,-0.0120,1.6303
14628,15:13:14.876,2024,-0.0115,1.6311
14629,15:13:14.877,2022,-0.0125,1.6295
14630,15:13:14.877,2023,-0.0120,1.6303
14631,15:13:14.878,2025,-0.0110,1.6319
14632,15:13:14.878,2023,-0.0120,1.6303
14633,15:13:14.879,2024,-0.0115,1.6311
14634,15:13:14.879,2020,-0.0134,1.6278
14635,15:13:14.880,2020,-0.0134,1.6278
14636,15:13:14.880,2022,-0.0125,1.6295
14637,15:13:14.881,2024,-0.0115,1.6311
14638,15:13:14.881,2024,-0.0115,1.6311
14639,15:13:14.882,2025,-0.0110,1.6319
14640,15:13:14.882,2022,-0.0125,1.6295
14641,15:13:14.883,2020,-0.0134,1.6278
14642,15:13:14.883,2023,-0.0120,1.6303
14643,15:13:14.884,2022,-0.0125,1.6295
14644,15:13:14.884,2021,-0.0129,1.6286
14645,15:13:14.885,2019,-0.0139,1.6270
14646,15:13:14.885,2021,-0.0129,1.6286
14647,15:13:14.886,2024,-0.0115,1.6311
14648,15:13:14.886,2021,-0.0129,1.6286
14649,15:13:14.887,2021,-0.0129,1.6286
14650,15:13:14.887,2020,-0.0134,1.6278
14651,15:13:14.888,2022,-0.0125,1.6295
14652,15:13:14.888,2020,-0.0134,1.6278
14653,15:13:14.889,2026,-0.0105,1.6327
14654,15:13:14.889,2020,-0.0134,1.6278
14655,15:13:14.890,2023,-0.0120,1.6303
14656,15:13:14.890,2020,-0.0134,1.6278
14657,15:13:14.891,2025,-0.0110,1.6319
14658,15:13:14.891,2025,-0.0110,1.6319
14659,15:13:14.892,2025,-0.0110,1.6319
14660,15:13:14.892,2024,-0.0115,1.6311
14661,15:13:14.893,2023,-0.0120,1.6303
14662,15:13:14.893,2020,-0.0134,1.6278
14663,15:13:14.894,2020,-0.0134,1.6278
14664,15:13:14.894,2020,-0.0134,1.6278
14665,15:13:14.895,2023,-0.0120,1.6303
14666,15:13:14.895,2023,-0.0120,1.6303
14667,15:13:14.896,2025,-0.0110,1.6319
14668,15:13:14.896,2018,-0.0144,1.6262
14669,15:13:14.897,2022,-0.0125,1.6295
14670,15:13:14.897,2027,-0.0100,1.6335
14671,15:13:14.898,2020,-0.0134,1.6278
14672,15:13:14.898,2022,-0.0125,1.6295
14673,15:13:14.899,2023,-0.0120,1.6303
14674,15:13:14.899,2021,-0.0129,1.6286
14675,15:13:14.900,2023,-0.0120,1.6303
14676,15:13:14.900,2023,-0.0120,1.6303
14677,15:13:14.901,2021,-0.0129,1.6286
14678,15:13:14.901,2022,-0.0125,1.6295
14679,15:13:14.902,2022,-0.0125,1.6295
14680,15:13:14.902,2024,-0.0115,1.6311
14681,15:13:14.903,2022,-0.0125,1.6295
14682,15:13:14.903,2019,-0.0139,1.6270
14683,15:13:14.904,2023,-0.0120,1.6303
14684,15:13:14.904,2022,-0.0125,1.6295
14685,15:13:14.905,2025,-0.0110,1.6319
14686,15:13:14.905,2024,-0.0115,1.6311
14687,15:13:14.906,2022,-0.0125,1.6295
14688,15:13:14.906,2025,-0.0110,1.6319
14689,15:13:14.907,2021,-0.0129,1.6286
14690,15:13:14.907,2022,-0.0125,1.6295
14691,15:13:14.908,2025,-0.0110,1.6319
14692,15:13:14.908,2025,-0.0110,1.6319
14693,15:13:14.909,2024,-0.0115,1.6311
14694,15:13:14.909,2024,-0.0115,1.6311
14695,15:13:14.910,2024,-0.0115,1.6311
14696,15:13:14.910,2024,-0.0115,1.6311
14697,15:13:14.911,2025,-0.0110,1.6319
14698,15:13:14.911,2021,-0.0129,1.6286
14699,15:13:14.912,2024,-0.0115,1.6311
14700,15:13:14.912,2021,-0.0129,1.6286
14701,15:13:14.913,2025,-0.0110,1.6319
14702,15:13:14.913,2027,-0.0100,1.6335
14703,15:13:14.914,2022,-0.0125,1.6295
14704,15:13:14.914,2023,-0.0120,1.6303
14705,15:13:14.915,2026,-0.0105,1.6327
14706,15:13:14.915,2025,-0.0110,1.6319
14707,15:13:14.916,2023,-0.0120,1.6303
14708,15:13:14.916,2023,-0.0120,1.6303
14709,15:13:14.917,2025,-0.0110,1.6319
14710,15:13:14.917,2025,-0.0110,1.6319
14711,15:13:14.918,2027,-0.0100,1.6335
14712,15:13:14.918,2023,-0.0120,1.6303
14713,15:13:14.919,2024,-0.0115,1.6311
14714,15:13:14.919,2023,-0.0120,1.6303
14715,15:13:14.920,2022,-0.0125,1.6295
14716,15:13:14.920,2025,-0.0110,1.6319
14717,15:13:14.921,2025,-0.0110,1.6319
14718,15:13:14.921,2021,-0.0129,1.6286
14719,15:13:14.922,2027,-0.0100,1.6335
14720,15:13:14.922,2022,-0.0125,1.6295
14721,15:13:14.923,2022,-0.0125,1.6295
14722,15:13:14.923,2022,-0.0125,1.6295
14723,15:13:14.924,2024,-0.0115,1.6311
14724,15:13:14.924,2022,-0.0125,1.6295
14725,15:13:14.925,2021,-0.0129,1.6286
14726,15:13:14.925,2022,-0.0125,1.6295
14727,15:13:14.926,2024,-0.0115,1.6311
14728,15:13:14.926,2023,-0.0120,1.6303
14729,15:13:14.927,2022,-0.0125,1.6295
14730,15:13:14.927,2024,-0.0115,1.6311
14731,15:13:14.928,2023,-0.0120,1.6303
14732,15:13:14.928,2021,-0.0129,1.6286
14733,15:13:14.929,2021,-0.0129,1.6286
14734,15:13:14.929,2020,-0.0134,1.6278
14735,15:13:14.930,2024,-0.0115,1.6311
14736,15:13:14.930,2020,-0.0134,1.6278
14737,15:13:14.931,2024,-0.0115,1.6311
14738,15:13:14.931,2024,-0.0115,1.6311
14739,15:13:14.932,2023,-0.0120,1.6303
14740,15:13:14.932,2017,-0.0149,1.6254
14741,15:13:14.933,2021,-0.0129,1.6286
14742,15:13:14.933,2024,-0.0115,1.6311
14743,15:13:14.934,2022,-0.0125,1.6295
14744,15:13:14.934,2027,-0.0100,1.6335
14745,15:13:14.935,2024,-0.0115,1.6311
14746,15:13:14.935,2024,-0.0115,1.6311
14747,15:13:14.936,2022,-0.0125,1.6295
14748,15:13:14.936,2024,-0.0115,1.6311
14749,15:13:14.937,2023,-0.0120,1.6303
14750,15:13:14.937,2017,-0.0149,1.6254
14751,15:13:14.938,2023,-0.0120,1.6303
14752,15:13:14.938,2019,-0.0139,1.6270
14753,15:13:14.939,2021,-0.0129,1.6286
14754,15:13:14.939,2022,-0.0125,1.6295
14755,15:13:14.940,2024,-0.0115,1.6311
14756,15:13:14.940,2022,-0.0125,1.6295
14757,15:13:14.941,2023,-0.0120,1.6303
14758,15:13:14.941,2022,-0.0125,1.6295
14759,15:13:14.942,2029,-0.0090,1.6351
14760,15:13:14.942,2024,-0.0115,1.6311
14761,15:13:14.943,2023,-0.0120,1.6303
14762,15:13:14.943,2021,-0.0129,1.6286
14763,15:13:14.944,2020,-0.0134,1.6278
14764,15:13:14.944,2027,-0.0100,1.6335
14765,15:13:14.945,2024,-0.0115,1.6311
14766,15:13:14.945,2022,-0.0125,1.6295
14767,15:13:14.946,2028,-0.0095,1.6343
14768,15:13:14.946,2023,-0.0120,1.6303
14769,15:13:14.947,2022,-0.0125,1.6295
14770,15:13:14.947,2023,-0.0120,1.6303
14771,15:13:14.948,2022,-0.0125,1.6295
14772,15:13:14.948,2023,-0.0120,1.6303
14773,15:13:14.949,2023,-0.0120,1.6303
14774,15:13:14.949,2020,-0.0134,1.6278
14775,15:13:14.950,2023,-0.0120,1.6303
14776,15:13:14.950,2020,-0.0134,1.6278
14777,15:13:14.951,2023,-0.0120,1.6303
14778,15:13:14.951,2018,-0.0144,1.6262
14779,15:13:14.952,2024,-0.0115,1.6311
14780,15:13:14.952,2019,-0.0139,1.6270
14781,15:13:14.953,2025,-0.0110,1.6319
14782,15:13:14.953,2024,-0.0115,1.6311
14783,15:13:14.954,2024,-0.0115,1.6311
14784,15:13:14.954,2020,-0.0134,1.6278
14785,15:13:14.955,2019,-0.0139,1.6270
14786,15:13:14.955,2025,-0.0110,1.6319
14787,15:13:14.956,2022,-0.0125,1.6295
14788,15:13:14.956,2022,-0.0125,1.6295
14789,15:13:14.957,2026,-0.0105,1.6327
14790,15:13:14.957,2023,-0.0120,1.6303
14791,15:13:14.958,2022,-0.0125,1.6295
14792,15:13:14.958,2025,-0.0110,1.6319
14793,15:13:14.959,2022,-0.0125,1.6295
14794,15:13:14.959,2025,-0.0110,1.6319
14795,15:13:14.960,2027,-0.0100,1.6335
14796,15:13:14.960,2022,-0.0125,1.6295
14797,15:13:14.961,2022,-0.0125,1.6295
14798,15:13:14.961,2023,-0.0120,1.6303
14799,15:13:14.962,2021,-0.0129,1.6286
14800,15:13:14.962,2024,-0.0115,1.6311
14801,15:13:14.963,2022,-0.0125,1.6295
14802,15:13:14.963,2024,-0.0115,1.6311
14803,15:13:14.964,2022,-0.0125,1.6295
14804,15:13:14.964,2022,-0.0125,1.6295
14805,15:13:14.965,2022,-0.0125,1.6295
14806,15:13:14.965,2025,-0.0110,1.6319
14807,15:13:14.966,2023,-0.0120,1.6303
14808,15:13:14.966,2022,-0.0125,1.6295
14809,15:13:14.967,2022,-0.0125,1.6295
14810,15:13:14.967,2020,-0.0134,1.6278
14811,15:13:14.968,2021,-0.0129,1.6286
14812,15:13:14.968,2021,-0.0129,1.6286
14813,15:13:14.969,2024,-0.0115,1.6311
14814,15:13:14.969,2023,-0.0120,1.6303
14815,15:13:14.970,2022,-0.0125,1.6295
14816,15:13:14.970,2021,-0.0129,1.6286
14817,15:13:14.971,2020,-0.0134,1.6278
14818,15:13:14.971,2020,-0.0134,1.6278
14819,15:13:14.972,2021,-0.0129,1.6286
14820,15:13:14.972,2025,-0.0110,1.6319
14821,15:13:14.973,2022,-0.0125,1.6295
14822,15:13:14.973,2020,-0.0134,1.6278
14823,15:13:14.974,2022,-0.0125,1.6295
14824,15:13:14.974,2020,-0.0134,1.6278
14825,15:13:14.975,2024,-0.0115,1.6311
14826,15:13:14.975,2021,-0.0129,1.6286
14827,15:13:14.976,2018,-0.0144,1.6262
14828,15:13:14.976,2022,-0.0125,1.6295
14829,15:13:14.977,2023,-0.0120,1.6303
14830,15:13:14.977,2025,-0.0110,1.6319
14831,15:13:14.978,2026,-0.0105,1.6327
14832,15:13:14.978,2023,-0.0120,1.6303
14833,15:13:14.979,2022,-0.0125,1.6295
14834,15:13:14.979,2022,-0.0125,1.6295
14835,15:13:14.980,2024,-0.0115,1.6311
14836,15:13:14.980,2022,-0.0125,1.6295
14837,15:13:14.981,2022,-0.0125,1.6295
14838,15:13:14.981,2024,-0.0115,1.6311
14839,15:13:14.982,2026,-0.0105,1.6327
14840,15:13:14.982,2026,-0.0105,1.6327
14841,15:13:14.983,2024,-0.0115,1.6311
14842,15:13:14.983,2025,-0.0110,1.6319
14843,15:13:14.984,2023,-0.0120,1.6303
14844,15:13:14.984,2023,-0.0120,1.6303
14845,15:13:14.985,2022,-0.0125,1.6295
14846,15:13:14.985,2026,-0.0105,1.6327
14847,15:13:14.986,2023,-0.0120,1.6303
14848,15:13:14.986,2023,-0.0120,1.6303
14849,15:13:14.987,2021,-0.0129,1.6286
14850,15:13:14.987,2025,-0.0110,1.6319
14851,15:13:14.988,2021,-0.0129,1.6286
14852,15:13:14.988,2022,-0.0125,1.6295
14853,15:13:14.989,2020,-0.0134,1.6278
14854,15:13:14.989,2022,-0.0125,1.6295
14855,15:13:14.990,2018,-0.0144,1.6262
14856,15:13:14.990,2024,-0.0115,1.6311
14857,15:13:14.991,2024,-0.0115,1.6311
14858,15:13:14.991,2022,-0.0125,1.6295
14859,15:13:14.992,2021,-0.0129,1.6286
14860,15:13:14.992,2017,-0.0149,1.6254
14861,15:13:14.993,2020,-0.0134,1.6278
14862,15:13:14.993,2023,-0.0120,1.6303
14863,15:13:14.994,2021,-0.0129,1.6286
14864,15:13:14.994,2023,-0.0120,1.6303
14865,15:13:14.995,2024,-0.0115,1.6311
14866,15:13:14.995,2024,-0.0115,1.6311
14867,15:13:14.996,2022,-0.0125,1.6295
14868,15:13:14.996,2023,-0.0120,1.6303
14869,15:13:14.997,2024,-0.0115,1.6311
14870,15:13:14.997,2019,-0.0139,1.6270
14871,15:13:14.998,2024,-0.0115,1.6311
14872,15:13:14.998,2020,-0.0134,1.6278
14873,15:13:14.999,2023,-0.0120,1.6303
14874,15:13:14.999,2022,-0.0125,1.6295
14875,15:13:15.000,2019,-0.0139,1.6270
14876,15:13:15.000,2024,-0.0115,1.6311
14877,15:13:15.001,2022,-0.0125,1.6295
14878,15:13:15.001,2029,-0.0090,1.6351
14879,15:13:15.002,2022,-0.0125,1.6295
14880,15:13:15.002,2025,-0.0110,1.6319
14881,15:13:15.003,2028,-0.0095,1.6343
14882,15:13:15.003,2023,-0.0120,1.6303
14883,15:13:15.004,2019,-0.0139,1.6270
14884,15:13:15.004,2020,-0.0134,1.6278
14885,15:13:15.005,2022,-0.0125,1.6295
14886,15:13:15.005,2024,-0.0115,1.6311
14887,15:13:15.006,2022,-0.0125,1.6295
14888,15:13:15.006,2027,-0.0100,1.6335
14889,15:13:15.007,2024,-0.0115,1.6311
14890,15:13:15.007,2023,-0.0120,1.6303
14891,15:13:15.008,2018,-0.0144,1.6262
14892,15:13:15.008,2023,-0.0120,1.6303
14893,15:13:15.009,2024,-0.0115,1.6311
14894,15:13:15.009,2021,-0.0129,1.6286
14895,15:13:15.010,2025,-0.0110,1.6319
14896,15:13:15.010,2023,-0.0120,1.6303
14897,15:13:15.011,2024,-0.0115,1.6311
14898,15:13:15.011,2025,-0.0110,1.6319
14899,15:13:15.012,2024,-0.0115,1.6311
14900,15:13:15.012,2024,-0.0115,1.6311
14901,15:13:15.013,2025,-0.0110,1.6319
14902,15:13:15.013,2028,-0.0095,1.6343
14903,15:13:15.014,2021,-0.0129,1.6286
14904,15:13:15.014,2022,-0.0125,1.6295
14905,15:13:15.015,2023,-0.0120,1.6303
14906,15:13:15.015,2021,-0.0129,1.6286
14907,15:13:15.016,2022,-0.0125,1.6295
14908,15:13:15.016,2020,-0.0134,1.6278
14909,15:13:15.017,2021,-0.0129,1.6286
14910,15:13:15.017,2028,-0.0095,1.6343
14911,15:13:15.018,2023,-0.0120,1.6303
14912,15:13:15.018,2021,-0.0129,1.6286
14913,15:13:15.019,2022,-0.0125,1.6295
14914,15:13:15.019,2024,-0.0115,1.6311
14915,15:13:15.020,2020,-0.0134,1.6278
14916,15:13:15.020,2024,-0.0115,1.6311
14917,15:13:15.021,2023,-0.0120,1.6303
14918,15:13:15.021,2020,-0.0134,1.6278
14919,15:13:15.022,2022,-0.0125,1.6295
14920,15:13:15.022,2017,-0.0149,1.6254
14921,15:13:15.023,2021,-0.0129,1.6286
14922,15:13:15.023,2023,-0.0120,1.6303
14923,15:13:15.024,2020,-0.0134,1.6278
14924,15:13:15.024,2024,-0.0115,1.6311
14925,15:13:15.025,2025,-0.0110,1.6319
14926,15:13:15.025,2019,-0.0139,1.6270
14927,15:13:15.026,2019,-0.0139,1.6270
14928,15:13:15.026,2020,-0.0134,1.6278
14929,15:13:15.027,2023,-0.0120,1.6303
14930,15:13:15.027,2020,-0.0134,1.6278
14931,15:13:15.028,2024,-0.0115,1.6311
14932,15:13:15.028,2024,-0.0115,1.6311
14933,15:13:15.029,2023,-0.0120,1.6303
14934,15:13:15.029,2025,-0.0110,1.6319
14935,15:13:15.030,2022,-0.0125,1.6295
14936,15:13:15.030,2025,-0.0110,1.6319
14937,15:13:15.031,2023,-0.0120,1.6303
14938,15:13:15.031,2023,-0.0120,1.6303
14939,15:13:15.032,2021,-0.0129,1.6286
14940,15:13:15.032,2022,-0.0125,1.6295
14941,15:13:15.033,2022,-0.0125,1.6295
14942,15:13:15.033,2022,-0.0125,1.6295
14943,15:13:15.034,2024,-0.0115,1.6311
14944,15:13:15.034,2026,-0.0105,1.6327
14945,15:13:15.035,2019,-0.0139,1.6270
14946,15:13:15.035,2021,-0.0129,1.6286
14947,15:13:15.036,2022,-0.0125,1.6295
14948,15:13:15.036,2025,-0.0110,1.6319
14949,15:13:15.037,2023,-0.0120,1.6303
14950,15:13:15.037,2022,-0.0125,1.6295
14951,15:13:15.038,2022,-0.0125,1.6295
14952,15:13:15.038,2022,-0.0125,1.6295
14953,15:13:15.039,2019,-0.0139,1.6270
14954,15:13:15.039,2025,-0.0110,1.6319
14955,15:13:15.040,2022,-0.0125,1.6295
14956,15:13:15.040,2023,-0.0120,1.6303
14957,15:13:15.041,2019,-0.0139,1.6270
14958,15:13:15.041,2022,-0.0125,1.6295
14959,15:13:15.042,2023,-0.0120,1.6303
14960,15:13:15.042,2024,-0.0115,1.6311
14961,15:13:15.043,2029,-0.0090,1.6351
14962,15:13:15.043,2022,-0.0125,1.6295
14963,15:13:15.044,2026,-0.0105,1.6327
14964,15:13:15.044,2024,-0.0115,1.6311
14965,15:13:15.045,2022,-0.0125,1.6295
14966,15:13:15.045,2023,-0.0120,1.6303
14967,15:13:15.046,2027,-0.0100,1.6335
14968,15:13:15.046,2019,-0.0139,1.6270
14969,15:13:15.047,2023,-0.0120,1.6303
14970,15:13:15.047,2023,-0.0120,1.6303
14971,15:13:15.048,2020,-0.0134,1.6278
14972,15:13:15.048,2024,-0.0115,1.6311
14973,15:13:15.049,2023,-0.0120,1.6303
14974,15:13:15.049,2022,-0.0125,1.6295
14975,15:13:15.050,2026,-0.0105,1.6327
14976,15:13:15.050,2021,-0.0129,1.6286
14977,15:13:15.051,2025,-0.0110,1.6319
14978,15:13:15.051,2018,-0.0144,1.6262
14979,15:13:15.052,2024,-0.0115,1.6311
14980,15:13:15.052,2021,-0.0129,1.6286
14981,15:13:15.053,2022,-0.0125,1.6295
14982,15:13:15.053,2022,-0.0125,1.6295
14983,15:13:15.054,2021,-0.0129,1.6286
14984,15:13:15.054,2023,-0.0120,1.6303
14985,15:13:15.055,2024,-0.0115,1.6311
14986,15:13:15.055,2024,-0.0115,1.6311
14987,15:13:15.056,2020,-0.0134,1.6278
14988,15:13:15.056,2026,-0.0105,1.6327
14989,15:13:15.057,2023,-0.0120,1.6303
14990,15:13:15.057,2023,-0.0120,1.6303
14991,15:13:15.058,2024,-0.0115,1.6311
14992,15:13:15.058,2023,-0.0120,1.6303
14993,15:13:15.059,2024,-0.0115,1.6311
14994,15:13:15.059,2021,-0.0129,1.6286
14995,15:13:15.060,2022,-0.0125,1.6295
14996,15:13:15.060,2024,-0.0115,1.6311
14997,15:13:15.061,2026,-0.0105,1.6327
14998,15:13:15.061,2022,-0.0125,1.6295
14999,15:13:15.062,2019,-0.0139,1.6270
15000,15:13:15.062,2022,-0.0125,1.6295
15001,15:13:15.063,2025,-0.0110,1.6319
15002,15:13:15.063,2024,-0.0115,1.6311
15003,15:13:15.064,2021,-0.0129,1.6286
15004,15:13:15.064,2025,-0.0110,1.6319
15005,15:13:15.065,2025,-0.0110,1.6319
15006,15:13:15.065,2023,-0.0120,1.6303
15007,15:13:15.066,2023,-0.0120,1.6303
15008,15:13:15.066,2025,-0.0110,1.6319
15009,15:13:15.067,2022,-0.0125,1.6295
15010,15:13:15.067,2022,-0.0125,1.6295
15011,15:13:15.068,2018,-0.0144,1.6262
15012,15:13:15.068,2022,-0.0125,1.6295
15013,15:13:15.069,2023,-0.0120,1.6303
15014,15:13:15.069,2024,-0.0115,1.6311
15015,15:13:15.070,2023,-0.0120,1.6303
15016,15:13:15.070,2021,-0.0129,1.6286
15017,15:13:15.071,2024,-0.0115,1.6311
15018,15:13:15.071,2019,-0.0139,1.6270
15019,15:13:15.072,2024,-0.0115,1.6311
15020,15:13:15.072,2024,-0.0115,1.6311
15021,15:13:15.073,2024,-0.0115,1.6311
15022,15:13:15.073,2028,-0.0095,1.6343
15023,15:13:15.074,2020,-0.0134,1.6278
15024,15:13:15.074,2028,-0.0095,1.6343
15025,15:13:15.075,2023,-0.0120,1.6303
15026,15:13:15.075,2028,-0.0095,1.6343
15027,15:13:15.076,2023,-0.0120,1.6303
15028,15:13:15.076,2023,-0.0120,1.6303
15029,15:13:15.077,2022,-0.0125,1.6295
15030,15:13:15.077,2019,-0.0139,1.6270
15031,15:13:15.078,2024,-0.0115,1.6311
15032,15:13:15.078,2023,-0.0120,1.6303
15033,15:13:15.079,2022,-0.0125,1.6295
15034,15:13:15.079,2028,-0.0095,1.6343
15035,15:13:15.080,2023,-0.0120,1.6303
15036,15:13:15.080,2026,-0.0105,1.6327
15037,15:13:15.081,2029,-0.0090,1.6351
15038,15:13:15.081,2023,-0.0120,1.6303
15039,15:13:15.082,2023,-0.0120,1.6303
15040,15:13:15.082,2021,-0.0129,1.6286
15041,15:13:15.083,2024,-0.0115,1.6311
15042,15:13:15.083,2020,-0.0134,1.6278
15043,15:13:15.084,2024,-0.0115,1.6311
15044,15:13:15.084,2026,-0.0105,1.6327
15045,15:13:15.085,2022,-0.0125,1.6295
15046,15:13:15.085,2024,-0.0115,1.6311
15047,15:13:15.086,2021,-0.0129,1.6286
15048,15:13:15.086,2024,-0.0115,1.6311
15049,15:13:15.087,2023,-0.0120,1.6303
15050,15:13:15.087,2023,-0.0120,1.6303
15051,15:13:15.088,2022,-0.0125,1.6295
15052,15:13:15.088,2023,-0.0120,1.6303
15053,15:13:15.089,2022,-0.0125,1.6295
15054,15:13:15.089,2020,-0.0134,1.6278
15055,15:13:15.090,2023,-0.0120,1.6303
15056,15:13:15.090,2023,-0.0120,1.6303
15057,15:13:15.091,2022,-0.0125,1.6295
15058,15:13:15.091,2024,-0.0115,1.6311
15059,15:13:15.092,2017,-0.0149,1.6254
15060,15:13:15.092,2022,-0.0125,1.6295
15061,15:13:15.093,2021,-0.0129,1.6286
15062,15:13:15.093,2023,-0.0120,1.6303
15063,15:13:15.094,2021,-0.0129,1.6286
15064,15:13:15.094,2024,-0.0115,1.6311
15065,15:13:15.095,2023,-0.0120,1.6303
15066,15:13:15.095,2022,-0.0125,1.6295
15067,15:13:15.096,2022,-0.0125,1.6295
15068,15:13:15.096,2025,-0.0110,1.6319
15069,15:13:15.097,2020,-0.0134,1.6278
15070,15:13:15.097,2023,-0.0120,1.6303
15071,15:13:15.098,2024,-0.0115,1.6311
15072,15:13:15.098,2021,-0.0129,1.6286
15073,15:13:15.099,2022,-0.0125,1.6295
15074,15:13:15.099,2021,-0.0129,1.6286
15075,15:13:15.100,2023,-0.0120,1.6303
15076,15:13:15.100,2025,-0.0110,1.6319
15077,15:13:15.101,2022,-0.0125,1.6295
15078,15:13:15.101,2025,-0.0110,1.6319
15079,15:13:15.102,2023,-0.0120,1.6303
15080,15:13:15.102,2022,-0.0125,1.6295
15081,15:13:15.103,2026,-0.0105,1.6327
15082,15:13:15.103,2025,-0.0110,1.6319
15083,15:13:15.104,2031,-0.0081,1.6367
15084,15:13:15.104,2027,-0.0100,1.6335
15085,15:13:15.105,2023,-0.0120,1.6303
15086,15:13:15.105,2025,-0.0110,1.6319
15087,15:13:15.106,2026,-0.0105,1.6327
15088,15:13:15.106,2025,-0.0110,1.6319
15089,15:13:15.107,2023,-0.0120,1.6303
15090,15:13:15.107,2023,-0.0120,1.6303
15091,15:13:15.108,2021,-0.0129,1.6286
15092,15:13:15.108,2021,-0.0129,1.6286
15093,15:13:15.109,2025,-0.0110,1.6319
15094,15:13:15.109,2023,-0.0120,1.6303
15095,15:13:15.110,2021,-0.0129,1.6286
15096,15:13:15.110,2022,-0.0125,1.6295
15097,15:13:15.111,2025,-0.0110,1.6319
15098,15:13:15.111,2025,-0.0110,1.6319
15099,15:13:15.112,2022,-0.0125,1.6295
15100,15:13:15.112,2021,-0.0129,1.6286
15101,15:13:15.113,2020,-0.0134,1.6278
15102,15:13:15.113,2021,-0.0129,1.6286
15103,15:13:15.114,2022,-0.0125,1.6295
15104,15:13:15.114,2024,-0.0115,1.6311
15105,15:13:15.115,2023,-0.0120,1.6303
15106,15:13:15.115,2021,-0.0129,1.6286
15107,15:13:15.116,2024,-0.0115,1.6311
15108,15:13:15.116,2023,-0.0120,1.6303
15109,15:13:15.117,2024,-0.0115,1.6311
15110,15:13:15.117,2024,-0.0115,1.6311
15111,15:13:15.118,2023,-0.0120,1.6303
15112,15:13:15.118,2021,-0.0129,1.6286
15113,15:13:15.119,2022,-0.0125,1.6295
15114,15:13:15.119,2018,-0.0144,1.6262
15115,15:13:15.120,2021,-0.0129,1.6286
15116,15:13:15.120,2020,-0.0134,1.6278
15117,15:13:15.121,2023,-0.0120,1.6303
15118,15:13:15.121,2021,-0.0129,1.6286
15119,15:13:15.122,2022,-0.0125,1.6295
15120,15:13:15.122,2022,-0.0125,1.6295
15121,15:13:15.123,2019,-0.0139,1.6270
15122,15:13:15.123,2022,-0.0125,1.6295
15123,15:13:15.124,2024,-0.0115,1.6311
15124,15:13:15.124,2022,-0.0125,1.6295
15125,15:13:15.125,2023,-0.0120,1.6303
15126,15:13:15.125,2025,-0.0110,1.6319
15127,15:13:15.126,2022,-0.0125,1.6295
15128,15:13:15.126,2024,-0.0115,1.6311
15129,15:13:15.127,2022,-0.0125,1.6295
15130,15:13:15.127,2023,-0.0120,1.6303
15131,15:13:15.128,2023,-0.0120,1.6303
15132,15:13:15.128,2022,-0.0125,1.6295
15133,15:13:15.129,2025,-0.0110,1.6319
15134,15:13:15.129,2028,-0.0095,1.6343
15135,15:13:15.130,2023,-0.0120,1.6303
15136,15:13:15.130,2027,-0.0100,1.6335
15137,15:13:15.131,2027,-0.0100,1.6335
15138,15:13:15.131,2023,-0.0120,1.6303
15139,15:13:15.132,2024,-0.0115,1.6311
15140,15:13:15.132,2022,-0.0125,1.6295
15141,15:13:15.133,2024,-0.0115,1.6311
15142,15:13:15.133,2025,-0.0110,1.6319
15143,15:13:15.134,2023,-0.0120,1.6303
15144,15:13:15.134,2023,-0.0120,1.6303
15145,15:13:15.135,2025,-0.0110,1.6319
15146,15:13:15.135,2022,-0.0125,1.6295
15147,15:13:15.136,2019,-0.0139,1.6270
15148,15:13:15.136,2022,-0.0125,1.6295
15149,15:13:15.137,2024,-0.0115,1.6311
15150,15:13:15.137,2021,-0.0129,1.6286
15151,15:13:15.138,2021,-0.0129,1.6286
15152,15:13:15.138,2024,-0.0115,1.6311
15153,15:13:15.139,2024,-0.0115,1.6311
15154,15:13:15.139,2018,-0.0144,1.6262
15155,15:13:15.140,2023,-0.0120,1.6303
15156,15:13:15.140,2021,-0.0129,1.6286
15157,15:13:15.141,2022,-0.0125,1.6295
15158,15:13:15.141,2024,-0.0115,1.6311
15159,15:13:15.142,2022,-0.0125,1.6295
15160,15:13:15.142,2020,-0.0134,1.6278
15161,15:13:15.143,2022,-0.0125,1.6295
15162,15:13:15.143,2021,-0.0129,1.6286
15163,15:13:15.144,2024,-0.0115,1.6311
15164,15:13:15.144,2020,-0.0134,1.6278
15165,15:13:15.145,2024,-0.0115,1.6311
15166,15:13:15.145,2022,-0.0125,1.6295
15167,15:13:15.146,2022,-0.0125,1.6295
15168,15:13:15.146,2024,-0.0115,1.6311
15169,15:13:15.147,2022,-0.0125,1.6295
15170,15:13:15.147,2023,-0.0120,1.6303
15171,15:13:15.148,2022,-0.0125,1.6295
15172,15:13:15.148,2026,-0.0105,1.6327
15173,15:13:15.149,2023,-0.0120,1.6303
15174,15:13:15.149,2025,-0.0110,1.6319
15175,15:13:15.150,2024,-0.0115,1.6311
15176,15:13:15.150,2025,-0.0110,1.6319
15177,15:13:15.151,2023,-0.0120,1.6303
15178,15:13:15.151,2025,-0.0110,1.6319
15179,15:13:15.152,2024,-0.0115,1.6311
15180,15:13:15.152,2027,-0.0100,1.6335
15181,15:13:15.153,2017,-0.0149,1.6254
15182,15:13:15.153,2023,-0.0120,1.6303
15183,15:13:15.154,2022,-0.0125,1.6295
15184,15:13:15.154,2023,-0.0120,1.6303
15185,15:13:15.155,2020,-0.0134,1.6278
15186,15:13:15.155,2026,-0.0105,1.6327
15187,15:13:15.156,2024,-0.0115,1.6311
15188,15:13:15.156,2023,-0.0120,1.6303
15189,15:13:15.157,2024,-0.0115,1.6311
15190,15:13:15.157,2025,-0.0110,1.6319
15191,15:13:15.158,2023,-0.0120,1.6303
15192,15:13:15.158,2022,-0.0125,1.6295
15193,15:13:15.159,2025,-0.0110,1.6319
15194,15:13:15.159,2026,-0.0105,1.6327
15195,15:13:15.160,2027,-0.0100,1.6335
15196,15:13:15.160,2023,-0.0120,1.6303
15197,15:13:15.161,2023,-0.0120,1.6303
15198,15:13:15.161,2023,-0.0120,1.6303
15199,15:13:15.162,2021,-0.0129,1.6286
15200,15:13:15.162,2024,-0.0115,1.6311
15201,15:13:15.163,2017,-0.0149,1.6254
15202,15:13:15.163,2022,-0.0125,1.6295
15203,15:13:15.164,2022,-0.0125,1.6295
15204,15:13:15.164,2023,-0.0120,1.6303
15205,15:13:15.165,2021,-0.0129,1.6286
15206,15:13:15.165,2024,-0.0115,1.6311
15207,15:13:15.166,2022,-0.0125,1.6295
15208,15:13:15.166,2023,-0.0120,1.6303
15209,15:13:15.167,2022,-0.0125,1.6295
15210,15:13:15.167,2023,-0.0120,1.6303
15211,15:13:15.168,2018,-0.0144,1.6262
15212,15:13:15.168,2021,-0.0129,1.6286
15213,15:13:15.169,2021,-0.0129,1.6286
15214,15:13:15.169,2021,-0.0129,1.6286
15215,15:13:15.170,2021,-0.0129,1.6286
15216,15:13:15.170,2021,-0.0129,1.6286
15217,15:13:15.171,2021,-0.0129,1.6286
15218,15:13:15.171,2024,-0.0115,1.6311
15219,15:13:15.172,2024,-0.0115,1.6311
15220,15:13:15.172,2024,-0.0115,1.6311
15221,15:13:15.173,2025,-0.0110,1.6319
15222,15:13:15.173,2023,-0.0120,1.6303
15223,15:13:15.174,2024,-0.0115,1.6311
15224,15:13:15.174,2023,-0.0120,1.6303
15225,15:13:15.175,2026,-0.0105,1.6327
15226,15:13:15.175,2021,-0.0129,1.6286
15227,15:13:15.176,2024,-0.0115,1.6311
15228,15:13:15.176,2022,-0.0125,1.6295
15229,15:13:15.177,2023,-0.0120,1.6303
15230,15:13:15.177,2025,-0.0110,1.6319
15231,15:13:15.178,2026,-0.0105,1.6327
15232,15:13:15.178,2022,-0.0125,1.6295
15233,15:13:15.179,2025,-0.0110,1.6319
15234,15:13:15.179,2026,-0.0105,1.6327
15235,15:13:15.180,2029,-0.0090,1.6351
15236,15:13:15.180,2022,-0.0125,1.6295
15237,15:13:15.181,2025,-0.0110,1.6319
15238,15:13:15.181,2024,-0.0115,1.6311
15239,15:13:15.182,2022,-0.0125,1.6295
15240,15:13:15.182,2025,-0.0110,1.6319
15241,15:13:15.183,2024,-0.0115,1.6311
15242,15:13:15.183,2022,-0.0125,1.6295
15243,15:13:15.184,2022,-0.0125,1.6295
15244,15:13:15.184,2023,-0.0120,1.6303
15245,15:13:15.185,2025,-0.0110,1.6319
15246,15:13:15.185,2027,-0.0100,1.6335
15247,15:13:15.186,2024,-0.0115,1.6311
15248,15:13:15.186,2025,-0.0110,1.6319
15249,15:13:15.187,2022,-0.0125,1.6295
15250,15:13:15.187,2021,-0.0129,1.6286
15251,15:13:15.188,2023,-0.0120,1.6303
15252,15:13:15.188,2024,-0.0115,1.6311
15253,15:13:15.189,2021,-0.0129,1.6286
15254,15:13:15.189,2021,-0.0129,1.6286
15255,15:13:15.190,2024,-0.0115,1.6311
15256,15:13:15.190,2026,-0.0105,1.6327
15257,15:13:15.191,2022,-0.0125,1.6295
15258,15:13:15.191,2024,-0.0115,1.6311
15259,15:13:15.192,2021,-0.0129,1.6286
15260,15:13:15.192,2025,-0.0110,1.6319
15261,15:13:15.193,2022,-0.0125,1.6295
15262,15:13:15.193,2020,-0.0134,1.6278
15263,15:13:15.194,2022,-0.0125,1.6295
15264,15:13:15.194,2024,-0.0115,1.6311
15265,15:13:15.195,2024,-0.0115,1.6311
15266,15:13:15.195,2024,-0.0115,1.6311
15267,15:13:15.196,2024,-0.0115,1.6311
15268,15:13:15.196,2022,-0.0125,1.6295
15269,15:13:15.197,2024,-0.0115,1.6311
15270,15:13:15.197,2021,-0.0129,1.6286
15271,15:13:15.198,2023,-0.0120,1.6303
15272,15:13:15.198,2022,-0.0125,1.6295
15273,15:13:15.199,2021,-0.0129,1.6286
15274,15:13:15.199,2025,-0.0110,1.6319
15275,15:13:15.200,2024,-0.0115,1.6311
15276,15:13:15.200,2029,-0.0090,1.6351
15277,15:13:15.201,2024,-0.0115,1.6311
15278,15:13:15.201,2022,-0.0125,1.6295
15279,15:13:15.202,2023,-0.0120,1.6303
15280,15:13:15.202,2030,-0.0085,1.6359
15281,15:13:15.203,2022,-0.0125,1.6295
15282,15:13:15.203,2027,-0.0100,1.6335
15283,15:13:15.204,2025,-0.0110,1.6319
15284,15:13:15.204,2022,-0.0125,1.6295
15285,15:13:15.205,2025,-0.0110,1.6319
15286,15:13:15.205,2022,-0.0125,1.6295
15287,15:13:15.206,2022,-0.0125,1.6295
15288,15:13:15.206,2023,-0.0120,1.6303
15289,15:13:15.207,2022,-0.0125,1.6295
15290,15:13:15.207,2025,-0.0110,1.6319
15291,15:13:15.208,2025,-0.0110,1.6319
15292,15:13:15.208,2021,-0.0129,1.6286
15293,15:13:15.209,2023,-0.0120,1.6303
15294,15:13:15.209,2025,-0.0110,1.6319
15295,15:13:15.210,2025,-0.0110,1.6319
15296,15:13:15.210,2027,-0.0100,1.6335
15297,15:13:15.211,2023,-0.0120,1.6303
15298,15:13:15.211,2022,-0.0125,1.6295
15299,15:13:15.212,2019,-0.0139,1.6270
15300,15:13:15.212,2021,-0.0129,1.6286
15301,15:13:15.213,2024,-0.0115,1.6311
15302,15:13:15.213,2022,-0.0125,1.6295
15303,15:13:15.214,2021,-0.0129,1.6286
15304,15:13:15.214,2024,-0.0115,1.6311
15305,15:13:15.215,2021,-0.0129,1.6286
15306,15:13:15.215,2025,-0.0110,1.6319
15307,15:13:15.216,2024,-0.0115,1.6311
15308,15:13:15.216,2021,-0.0129,1.6286
15309,15:13:15.217,2019,-0.0139,1.6270
15310,15:13:15.217,2025,-0.0110,1.6319
15311,15:13:15.218,2023,-0.0120,1.6303
15312,15:13:15.218,2024,-0.0115,1.6311
15313,15:13:15.219,2020,-0.0134,1.6278
15314,15:13:15.219,2021,-0.0129,1.6286
15315,15:13:15.220,2023,-0.0120,1.6303
15316,15:13:15.220,2024,-0.0115,1.6311
15317,15:13:15.221,2022,-0.0125,1.6295
15318,15:13:15.221,2027,-0.0100,1.6335
15319,15:13:15.222,2024,-0.0115,1.6311
15320,15:13:15.222,2025,-0.0110,1.6319
15321,15:13:15.223,2022,-0.0125,1.6295
15322,15:13:15.223,2026,-0.0105,1.6327
15323,15:13:15.224,2021,-0.0129,1.6286
15324,15:13:15.224,2025,-0.0110,1.6319
15325,15:13:15.225,2022,-0.0125,1.6295
15326,15:13:15.225,2025,-0.0110,1.6319
15327,15:13:15.226,2024,-0.0115,1.6311
15328,15:13:15.226,2026,-0.0105,1.6327
15329,15:13:15.227,2029,-0.0090,1.6351
15330,15:13:15.227,2024,-0.0115,1.6311
15331,15:13:15.228,2024,-0.0115,1.6311
15332,15:13:15.228,2019,-0.0139,1.6270
15333,15:13:15.229,2026,-0.0105,1.6327
15334,15:13:15.229,2023,-0.0120,1.6303
15335,15:13:15.230,2029,-0.0090,1.6351
15336,15:13:15.230,2025,-0.0110,1.6319
15337,15:13:15.231,2023,-0.0120,1.6303
15338,15:13:15.231,2026,-0.0105,1.6327
15339,15:13:15.232,2022,-0.0125,1.6295
15340,15:13:15.232,2022,-0.0125,1.6295
15341,15:13:15.233,2023,-0.0120,1.6303
15342,15:13:15.233,2023,-0.0120,1.6303
15343,15:13:15.234,2021,-0.0129,1.6286
15344,15:13:15.234,2026,-0.0105,1.6327
15345,15:13:15.235,2023,-0.0120,1.6303
15346,15:13:15.235,2023,-0.0120,1.6303
15347,15:13:15.236,2021,-0.0129,1.6286
15348,15:13:15.236,2025,-0.0110,1.6319
15349,15:13:15.237,2024,-0.0115,1.6311
15350,15:13:15.237,2019,-0.0139,1.6270
15351,15:13:15.238,2025,-0.0110,1.6319
15352,15:13:15.238,2023,-0.0120,1.6303
15353,15:13:15.239,2024,-0.0115,1.6311
15354,15:13:15.239,2020,-0.0134,1.6278
15355,15:13:15.240,2018,-0.0144,1.6262
15356,15:13:15.240,2021,-0.0129,1.6286
15357,15:13:15.241,2022,-0.0125,1.6295
15358,15:13:15.241,2025,-0.0110,1.6319
15359,15:13:15.242,2022,-0.0125,1.6295
15360,15:13:15.242,2023,-0.0120,1.6303
15361,15:13:15.243,2022,-0.0125,1.6295
15362,15:13:15.243,2025,-0.0110,1.6319
15363,15:13:15.244,2023,-0.0120,1.6303
15364,15:13:15.244,2023,-0.0120,1.6303
15365,15:13:15.245,2021,-0.0129,1.6286
15366,15:13:15.245,2022,-0.0125,1.6295
15367,15:13:15.246,2028,-0.0095,1.6343
15368,15:13:15.246,2027,-0.0100,1.6335
15369,15:13:15.247,2023,-0.0120,1.6303
15370,15:13:15.247,2023,-0.0120,1.6303
15371,15:13:15.248,2021,-0.0129,1.6286
15372,15:13:15.248,2025,-0.0110,1.6319
15373,15:13:15.249,2024,-0.0115,1.6311
15374,15:13:15.249,2026,-0.0105,1.6327
15375,15:13:15.250,2023,-0.0120,1.6303
15376,15:13:15.250,2026,-0.0105,1.6327
15377,15:13:15.251,2024,-0.0115,1.6311
15378,15:13:15.251,2021,-0.0129,1.6286
15379,15:13:15.252,2027,-0.0100,1.6335
15380,15:13:15.252,2024,-0.0115,1.6311
15381,15:13:15.253,2027,-0.0100,1.6335
15382,15:13:15.253,2022,-0.0125,1.6295
15383,15:13:15.254,2024,-0.0115,1.6311
15384,15:13:15.254,2024,-0.0115,1.6311
15385,15:13:15.255,2019,-0.0139,1.6270
15386,15:13:15.255,2024,-0.0115,1.6311
15387,15:13:15.256,2024,-0.0115,1.6311
15388,15:13:15.256,2025,-0.0110,1.6319
15389,15:13:15.257,2026,-0.0105,1.6327
15390,15:13:15.257,2020,-0.0134,1.6278
15391,15:13:15.258,2022,-0.0125,1.6295
15392,15:13:15.258,2024,-0.0115,1.6311
15393,15:13:15.259,2023,-0.0120,1.6303
15394,15:13:15.259,2024,-0.0115,1.6311
15395,15:13:15.260,2023,-0.0120,1.6303
15396,15:13:15.260,2025,-0.0110,1.6319
15397,15:13:15.261,2024,-0.0115,1.6311
15398,15:13:15.261,2022,-0.0125,1.6295
15399,15:13:15.262,2019,-0.0139,1.6270
15400,15:13:15.262,2020,-0.0134,1.6278
15401,15:13:15.263,2021,-0.0129,1.6286
15402,15:13:15.263,2022,-0.0125,1.6295
15403,15:13:15.264,2024,-0.0115,1.6311
15404,15:13:15.264,2022,-0.0125,1.6295
15405,15:13:15.265,2024,-0.0115,1.6311
15406,15:13:15.265,2025,-0.0110,1.6319
15407,15:13:15.266,2022,-0.0125,1.6295
15408,15:13:15.266,2018,-0.0144,1.6262
15409,15:13:15.267,2025,-0.0110,1.6319
15410,15:13:15.267,2024,-0.0115,1.6311
15411,15:13:15.268,2022,-0.0125,1.6295
15412,15:13:15.268,2022,-0.0125,1.6295
15413,15:13:15.269,2022,-0.0125,1.6295
15414,15:13:15.269,2022,-0.0125,1.6295
15415,15:13:15.270,2026,-0.0105,1.6327
15416,15:13:15.270,2021,-0.0129,1.6286
15417,15:13:15.271,2018,-0.0144,1.6262
15418,15:13:15.271,2023,-0.0120,1.6303
15419,15:13:15.272,2023,-0.0120,1.6303
15420,15:13:15.272,2023,-0.0120,1.6303
15421,15:13:15.273,2021,-0.0129,1.6286
15422,15:13:15.273,2024,-0.0115,1.6311
15423,15:13:15.274,2030,-0.0085,1.6359
15424,15:13:15.274,2027,-0.0100,1.6335
15425,15:13:15.275,2023,-0.0120,1.6303
15426,15:13:15.275,2026,-0.0105,1.6327
15427,15:13:15.276,2027,-0.0100,1.6335
15428,15:13:15.276,2023,-0.0120,1.6303
15429,15:13:15.277,2026,-0.0105,1.6327
15430,15:13:15.277,2025,-0.0110,1.6319
15431,15:13:15.278,2022,-0.0125,1.6295
15432,15:13:15.278,2025,-0.0110,1.6319
15433,15:13:15.279,2021,-0.0129,1.6286
15434,15:13:15.279,2024,-0.0115,1.6311
15435,15:13:15.280,2024,-0.0115,1.6311
15436,15:13:15.280,2026,-0.0105,1.6327
15437,15:13:15.281,2025,-0.0110,1.6319
15438,15:13:15.281,2023,-0.0120,1.6303
15439,15:13:15.282,2020,-0.0134,1.6278
15440,15:13:15.282,2022,-0.0125,1.6295
15441,15:13:15.283,2020,-0.0134,1.6278
15442,15:13:15.283,2026,-0.0105,1.6327
15443,15:13:15.284,2022,-0.0125,1.6295
15444,15:13:15.284,2027,-0.0100,1.6335
15445,15:13:15.285,2023,-0.0120,1.6303
15446,15:13:15.285,2023,-0.0120,1.6303
15447,15:13:15.286,2021,-0.0129,1.6286
15448,15:13:15.286,2024,-0.0115,1.6311
15449,15:13:15.287,2022,-0.0125,1.6295
15450,15:13:15.287,2017,-0.0149,1.6254
15451,15:13:15.288,2024,-0.0115,1.6311
15452,15:13:15.288,2020,-0.0134,1.6278
15453,15:13:15.289,2023,-0.0120,1.6303
15454,15:13:15.289,2020,-0.0134,1.6278
15455,15:13:15.290,2023,-0.0120,1.6303
15456,15:13:15.290,2022,-0.0125,1.6295
15457,15:13:15.291,2019,-0.0139,1.6270
15458,15:13:15.291,2023,-0.0120,1.6303
15459,15:13:15.292,2024,-0.0115,1.6311
15460,15:13:15.292,2022,-0.0125,1.6295
15461,15:13:15.293,2022,-0.0125,1.6295
15462,15:13:15.293,2024,-0.0115,1.6311
15463,15:13:15.294,2030,-0.0085,1.6359
15464,15:13:15.294,2023,-0.0120,1.6303
15465,15:13:15.295,2023,-0.0120,1.6303
15466,15:13:15.295,2026,-0.0105,1.6327
15467,15:13:15.296,2024,-0.0115,1.6311
15468,15:13:15.296,2022,-0.0125,1.6295
15469,15:13:15.297,2024,-0.0115,1.6311
15470,15:13:15.297,2022,-0.0125,1.6295
15471,15:13:15.298,2022,-0.0125,1.6295
15472,15:13:15.298,2022,-0.0125,1.6295
15473,15:13:15.299,2027,-0.0100,1.6335
15474,15:13:15.299,2022,-0.0125,1.6295
15475,15:13:15.300,2023,-0.0120,1.6303
15476,15:13:15.300,2022,-0.0125,1.6295
15477,15:13:15.301,2025,-0.0110,1.6319
15478,15:13:15.301,2023,-0.0120,1.6303
15479,15:13:15.302,2022,-0.0125,1.6295
15480,15:13:15.302,2026,-0.0105,1.6327
15481,15:13:15.303,2024,-0.0115,1.6311
15482,15:13:15.303,2017,-0.0149,1.6254
15483,15:13:15.304,2025,-0.0110,1.6319
15484,15:13:15.304,2021,-0.0129,1.6286
15485,15:13:15.305,2020,-0.0134,1.6278
15486,15:13:15.305,2024,-0.0115,1.6311
15487,15:13:15.306,2023,-0.0120,1.6303
15488,15:13:15.306,2022,-0.0125,1.6295
15489,15:13:15.307,2025,-0.0110,1.6319
15490,15:13:15.307,2025,-0.0110,1.6319
15491,15:13:15.308,2022,-0.0125,1.6295
15492,15:13:15.308,2023,-0.0120,1.6303
15493,15:13:15.309,2023,-0.0120,1.6303
15494,15:13:15.309,2021,-0.0129,1.6286
15495,15:13:15.310,2021,-0.0129,1.6286
15496,15:13:15.310,2025,-0.0110,1.6319
15497,15:13:15.311,2021,-0.0129,1.6286
15498,15:13:15.311,2022,-0.0125,1.6295
15499,15:13:15.312,2021,-0.0129,1.6286
15500,15:13:15.312,2021,-0.0129,1.6286
15501,15:13:15.313,2024,-0.0115,1.6311
15502,15:13:15.313,2016,-0.0154,1.6246
15503,15:13:15.314,2020,-0.0134,1.6278
15504,15:13:15.314,2021,-0.0129,1.6286
15505,15:13:15.315,2018,-0.0144,1.6262
15506,15:13:15.315,2023,-0.0120,1.6303
15507,15:13:15.316,2021,-0.0129,1.6286
15508,15:13:15.316,2022,-0.0125,1.6295
15509,15:13:15.317,2023,-0.0120,1.6303
15510,15:13:15.317,2025,-0.0110,1.6319
15511,15:13:15.318,2024,-0.0115,1.6311
15512,15:13:15.318,2023,-0.0120,1.6303
15513,15:13:15.319,2027,-0.0100,1.6335
15514,15:13:15.319,2024,-0.0115,1.6311
15515,15:13:15.320,2025,-0.0110,1.6319
15516,15:13:15.320,2023,-0.0120,1.6303
15517,15:13:15.321,2021,-0.0129,1.6286
15518,15:13:15.321,2020,-0.0134,1.6278
15519,15:13:15.322,2024,-0.0115,1.6311
15520,15:13:15.322,2020,-0.0134,1.6278
15521,15:13:15.323,2021,-0.0129,1.6286
15522,15:13:15.323,2026,-0.0105,1.6327
15523,15:13:15.324,2024,-0.0115,1.6311
15524,15:13:15.324,2022,-0.0125,1.6295
15525,15:13:15.325,2023,-0.0120,1.6303
15526,15:13:15.325,2023,-0.0120,1.6303
15527,15:13:15.326,2024,-0.0115,1.6311
15528,15:13:15.326,2022,-0.0125,1.6295
15529,15:13:15.327,2025,-0.0110,1.6319
15530,15:13:15.327,2027,-0.0100,1.6335
15531,15:13:15.328,2023,-0.0120,1.6303
15532,15:13:15.328,2021,-0.0129,1.6286
15533,15:13:15.329,2016,-0.0154,1.6246
15534,15:13:15.329,2023,-0.0120,1.6303
15535,15:13:15.330,2026,-0.0105,1.6327
15536,15:13:15.330,2021,-0.0129,1.6286
15537,15:13:15.331,2024,-0.0115,1.6311
15538,15:13:15.331,2024,-0.0115,1.6311
15539,15:13:15.332,2025,-0.0110,1.6319
15540,15:13:15.332,2024,-0.0115,1.6311
15541,15:13:15.333,2027,-0.0100,1.6335
15542,15:13:15.333,2020,-0.0134,1.6278
15543,15:13:15.334,2024,-0.0115,1.6311
15544,15:13:15.334,2024,-0.0115,1.6311
15545,15:13:15.335,2023,-0.0120,1.6303
15546,15:13:15.335,2018,-0.0144,1.6262
15547,15:13:15.336,2020,-0.0134,1.6278
15548,15:13:15.336,2025,-0.0110,1.6319
15549,15:13:15.337,2025,-0.0110,1.6319
15550,15:13:15.337,2023,-0.0120,1.6303
15551,15:13:15.338,2023,-0.0120,1.6303
15552,15:13:15.338,2021,-0.0129,1.6286
15553,15:13:15.339,2027,-0.0100,1.6335
15554,15:13:15.339,2022,-0.0125,1.6295
15555,15:13:15.340,2024,-0.0115,1.6311
15556,15:13:15.340,2020,-0.0134,1.6278
15557,15:13:15.341,2023,-0.0120,1.6303
15558,15:13:15.341,2023,-0.0120,1.6303
15559,15:13:15.342,2023,-0.0120,1.6303
15560,15:13:15.342,2024,-0.0115,1.6311
15561,15:13:15.343,2021,-0.0129,1.6286
15562,15:13:15.343,2027,-0.0100,1.6335
15563,15:13:15.344,2026,-0.0105,1.6327
15564,15:13:15.344,2022,-0.0125,1.6295
15565,15:13:15.345,2023,-0.0120,1.6303
15566,15:13:15.345,2022,-0.0125,1.6295
15567,15:13:15.346,2023,-0.0120,1.6303
15568,15:13:15.346,2025,-0.0110,1.6319
15569,15:13:15.347,2024,-0.0115,1.6311
15570,15:13:15.347,2022,-0.0125,1.6295
15571,15:13:15.348,2021,-0.0129,1.6286
15572,15:13:15.348,2024,-0.0115,1.6311
15573,15:13:15.349,2022,-0.0125,1.6295
15574,15:13:15.349,2025,-0.0110,1.6319
15575,15:13:15.350,2022,-0.0125,1.6295
15576,15:13:15.350,2022,-0.0125,1.6295
15577,15:13:15.351,2023,-0.0120,1.6303
15578,15:13:15.351,2022,-0.0125,1.6295
15579,15:13:15.352,2022,-0.0125,1.6295
15580,15:13:15.352,2022,-0.0125,1.6295
15581,15:13:15.353,2021,-0.0129,1.6286
15582,15:13:15.353,2024,-0.0115,1.6311
15583,15:13:15.354,2023,-0.0120,1.6303
15584,15:13:15.354,2023,-0.0120,1.6303
15585,15:13:15.355,2021,-0.0129,1.6286
15586,15:13:15.355,2016,-0.0154,1.6246
15587,15:13:15.356,2022,-0.0125,1.6295
15588,15:13:15.356,2024,-0.0115,1.6311
15589,15:13:15.357,2022,-0.0125,1.6295
15590,15:13:15.357,2019,-0.0139,1.6270
15591,15:13:15.358,2024,-0.0115,1.6311
15592,15:13:15.358,2021,-0.0129,1.6286
15593,15:13:15.359,2020,-0.0134,1.6278
15594,15:13:15.359,2022,-0.0125,1.6295
15595,15:13:15.360,2020,-0.0134,1.6278
15596,15:13:15.360,2021,-0.0129,1.6286
15597,15:13:15.361,2025,-0.0110,1.6319
15598,15:13:15.361,2022,-0.0125,1.6295
15599,15:13:15.362,2025,-0.0110,1.6319
15600,15:13:15.362,2025,-0.0110,1.6319
15601,15:13:15.363,2026,-0.0105,1.6327
15602,15:13:15.363,2020,-0.0134,1.6278
15603,15:13:15.364,2029,-0.0090,1.6351
15604,15:13:15.364,2023,-0.0120,1.6303
15605,15:13:15.365,2026,-0.0105,1.6327
15606,15:13:15.365,2022,-0.0125,1.6295
15607,15:13:15.366,2024,-0.0115,1.6311
15608,15:13:15.366,2024,-0.0115,1.6311
15609,15:13:15.367,2025,-0.0110,1.6319
15610,15:13:15.367,2023,-0.0120,1.6303
15611,15:13:15.368,2027,-0.0100,1.6335
15612,15:13:15.368,2021,-0.0129,1.6286
15613,15:13:15.369,2023,-0.0120,1.6303
15614,15:13:15.369,2026,-0.0105,1.6327
15615,15:13:15.370,2024,-0.0115,1.6311
15616,15:13:15.370,2022,-0.0125,1.6295
15617,15:13:15.371,2020,-0.0134,1.6278
15618,15:13:15.371,2019,-0.0139,1.6270
15619,15:13:15.372,2017,-0.0149,1.6254
15620,15:13:15.372,2019,-0.0139,1.6270
15621,15:13:15.373,2020,-0.0134,1.6278
15622,15:13:15.373,2023,-0.0120,1.6303
15623,15:13:15.374,2019,-0.0139,1.6270
15624,15:13:15.374,2020,-0.0134,1.6278
15625,15:13:15.375,2021,-0.0129,1.6286
15626,15:13:15.375,2020,-0.0134,1.6278
15627,15:13:15.376,2021,-0.0129,1.6286
15628,15:13:15.376,2022,-0.0125,1.6295
15629,15:13:15.377,2018,-0.0144,1.6262
15630,15:13:15.377,2019,-0.0139,1.6270
15631,15:13:15.378,2020,-0.0134,1.6278
15632,15:13:15.378,2020,-0.0134,1.6278
15633,15:13:15.379,2022,-0.0125,1.6295
15634,15:13:15.379,2021,-0.0129,1.6286
15635,15:13:15.380,2024,-0.0115,1.6311
15636,15:13:15.380,2026,-0.0105,1.6327
15637,15:13:15.381,2026,-0.0105,1.6327
15638,15:13:15.381,2022,-0.0125,1.6295
15639,15:13:15.382,2030,-0.0085,1.6359
15640,15:13:15.382,2030,-0.0085,1.6359
15641,15:13:15.383,2024,-0.0115,1.6311
15642,15:13:15.383,2029,-0.0090,1.6351
15643,15:13:15.384,2029,-0.0090,1.6351
15644,15:13:15.384,2026,-0.0105,1.6327
15645,15:13:15.385,2028,-0.0095,1.6343
15646,15:13:15.385,2032,-0.0076,1.6375
15647,15:13:15.386,2031,-0.0081,1.6367
15648,15:13:15.386,2025,-0.0110,1.6319
15649,15:13:15.387,2027,-0.0100,1.6335
15650,15:13:15.387,2023,-0.0120,1.6303
15651,15:13:15.388,2024,-0.0115,1.6311
15652,15:13:15.388,2023,-0.0120,1.6303
15653,15:13:15.389,2028,-0.0095,1.6343
15654,15:13:15.389,2025,-0.0110,1.6319
15655,15:13:15.390,2025,-0.0110,1.6319
15656,15:13:15.390,2017,-0.0149,1.6254
15657,15:13:15.391,2025,-0.0110,1.6319
15658,15:13:15.391,2021,-0.0129,1.6286
15659,15:13:15.392,2023,-0.0120,1.6303
15660,15:13:15.392,2020,-0.0134,1.6278
15661,15:13:15.393,2024,-0.0115,1.6311
15662,15:13:15.393,2020,-0.0134,1.6278
15663,15:13:15.394,2025,-0.0110,1.6319
15664,15:13:15.394,2018,-0.0144,1.6262
15665,15:13:15.395,2021,-0.0129,1.6286
15666,15:13:15.395,2022,-0.0125,1.6295
15667,15:13:15.396,2019,-0.0139,1.6270
15668,15:13:15.396,2021,-0.0129,1.6286
15669,15:13:15.397,2018,-0.0144,1.6262
15670,15:13:15.397,2017,-0.0149,1.6254
15671,15:13:15.398,2018,-0.0144,1.6262
15672,15:13:15.398,2024,-0.0115,1.6311
15673,15:13:15.399,2020,-0.0134,1.6278
15674,15:13:15.399,2019,-0.0139,1.6270
15675,15:13:15.400,2025,-0.0110,1.6319
15676,15:13:15.400,2022,-0.0125,1.6295
15677,15:13:15.401,2023,-0.0120,1.6303
15678,15:13:15.401,2023,-0.0120,1.6303
15679,15:13:15.402,2019,-0.0139,1.6270
15680,15:13:15.402,2024,-0.0115,1.6311
15681,15:13:15.403,2025,-0.0110,1.6319
15682,15:13:15.403,2028,-0.0095,1.6343
15683,15:13:15.404,2028,-0.0095,1.6343
15684,15:13:15.404,2025,-0.0110,1.6319
15685,15:13:15.405,2027,-0.0100,1.6335
15686,15:13:15.405,2024,-0.0115,1.6311
15687,15:13:15.406,2028,-0.0095,1.6343
15688,15:13:15.406,2025,-0.0110,1.6319
15689,15:13:15.407,2025,-0.0110,1.6319
15690,15:13:15.407,2023,-0.0120,1.6303
15691,15:13:15.408,2021,-0.0129,1.6286
15692,15:13:15.408,2022,-0.0125,1.6295
15693,15:13:15.409,2023,-0.0120,1.6303
15694,15:13:15.409,2024,-0.0115,1.6311
15695,15:13:15.410,2024,-0.0115,1.6311
15696,15:13:15.410,2022,-0.0125,1.6295
15697,15:13:15.411,2022,-0.0125,1.6295
15698,15:13:15.411,2025,-0.0110,1.6319
15699,15:13:15.412,2024,-0.0115,1.6311
15700,15:13:15.412,2022,-0.0125,1.6295
15701,15:13:15.413,2020,-0.0134,1.6278
15702,15:13:15.413,2026,-0.0105,1.6327
15703,15:13:15.414,2024,-0.0115,1.6311
15704,15:13:15.414,2025,-0.0110,1.6319
15705,15:13:15.415,2024,-0.0115,1.6311
15706,15:13:15.415,2022,-0.0125,1.6295
15707,15:13:15.416,2026,-0.0105,1.6327
15708,15:13:15.416,2027,-0.0100,1.6335
15709,15:13:15.417,2025,-0.0110,1.6319
15710,15:13:15.417,2020,-0.0134,1.6278
15711,15:13:15.418,2025,-0.0110,1.6319
15712,15:13:15.418,2025,-0.0110,1.6319
15713,15:13:15.419,2022,-0.0125,1.6295
15714,15:13:15.419,2026,-0.0105,1.6327
15715,15:13:15.420,2023,-0.0120,1.6303
15716,15:13:15.420,2022,-0.0125,1.6295
15717,15:13:15.421,2020,-0.0134,1.6278
15718,15:13:15.421,2021,-0.0129,1.6286
15719,15:13:15.422,2025,-0.0110,1.6319
15720,15:13:15.422,2024,-0.0115,1.6311
15721,15:13:15.423,2024,-0.0115,1.6311
15722,15:13:15.423,2025,-0.0110,1.6319
15723,15:13:15.424,2025,-0.0110,1.6319
15724,15:13:15.424,2023,-0.0120,1.6303
15725,15:13:15.425,2022,-0.0125,1.6295
15726,15:13:15.425,2021,-0.0129,1.6286
15727,15:13:15.426,2023,-0.0120,1.6303
15728,15:13:15.426,2024,-0.0115,1.6311
15729,15:13:15.427,2023,-0.0120,1.6303
15730,15:13:15.427,2023,-0.0120,1.6303
15731,15:13:15.428,2020,-0.0134,1.6278
15732,15:13:15.428,2019,-0.0139,1.6270
15733,15:13:15.429,2021,-0.0129,1.6286
15734,15:13:15.429,2025,-0.0110,1.6319
15735,15:13:15.430,2025,-0.0110,1.6319
15736,15:13:15.430,2027,-0.0100,1.6335
15737,15:13:15.431,2023,-0.0120,1.6303
15738,15:13:15.431,2022,-0.0125,1.6295
15739,15:13:15.432,2023,-0.0120,1.6303
15740,15:13:15.432,2022,-0.0125,1.6295
15741,15:13:15.433,2030,-0.0085,1.6359
15742,15:13:15.433,2024,-0.0115,1.6311
15743,15:13:15.434,2025,-0.0110,1.6319
15744,15:13:15.434,2024,-0.0115,1.6311
15745,15:13:15.435,2023,-0.0120,1.6303
15746,15:13:15.435,2025,-0.0110,1.6319
15747,15:13:15.436,2023,-0.0120,1.6303
15748,15:13:15.436,2023,-0.0120,1.6303
15749,15:13:15.437,2024,-0.0115,1.6311
15750,15:13:15.437,2028,-0.0095,1.6343
15751,15:13:15.438,2023,-0.0120,1.6303
15752,15:13:15.438,2025,-0.0110,1.6319
15753,15:13:15.439,2025,-0.0110,1.6319
15754,15:13:15.439,2030,-0.0085,1.6359
15755,15:13:15.440,2021,-0.0129,1.6286
15756,15:13:15.440,2026,-0.0105,1.6327
15757,15:13:15.441,2026,-0.0105,1.6327
15758,15:13:15.441,2024,-0.0115,1.6311
15759,15:13:15.442,2023,-0.0120,1.6303
15760,15:13:15.442,2026,-0.0105,1.6327
15761,15:13:15.443,2023,-0.0120,1.6303
15762,15:13:15.443,2023,-0.0120,1.6303
15763,15:13:15.444,2022,-0.0125,1.6295
15764,15:13:15.444,2023,-0.0120,1.6303
15765,15:13:15.445,2023,-0.0120,1.6303
15766,15:13:15.445,2021,-0.0129,1.6286
15767,15:13:15.446,2022,-0.0125,1.6295
15768,15:13:15.446,2024,-0.0115,1.6311
15769,15:13:15.447,2022,-0.0125,1.6295
15770,15:13:15.447,2024,-0.0115,1.6311
15771,15:13:15.448,2019,-0.0139,1.6270
15772,15:13:15.448,2022,-0.0125,1.6295
15773,15:13:15.449,2018,-0.0144,1.6262
15774,15:13:15.449,2021,-0.0129,1.6286
15775,15:13:15.450,2019,-0.0139,1.6270
15776,15:13:15.450,2021,-0.0129,1.6286
15777,15:13:15.451,2020,-0.0134,1.6278
15778,15:13:15.451,2019,-0.0139,1.6270
15779,15:13:15.452,2020,-0.0134,1.6278
15780,15:13:15.452,2023,-0.0120,1.6303
15781,15:13:15.453,2026,-0.0105,1.6327
15782,15:13:15.453,2024,-0.0115,1.6311
15783,15:13:15.454,2021,-0.0129,1.6286
15784,15:13:15.454,2021,-0.0129,1.6286
15785,15:13:15.455,2025,-0.0110,1.6319
15786,15:13:15.455,2025,-0.0110,1.6319
15787,15:13:15.456,2023,-0.0120,1.6303
15788,15:13:15.456,2024,-0.0115,1.6311
15789,15:13:15.457,2021,-0.0129,1.6286
15790,15:13:15.457,2022,-0.0125,1.6295
15791,15:13:15.458,2023,-0.0120,1.6303
15792,15:13:15.458,2023,-0.0120,1.6303
15793,15:13:15.459,2026,-0.0105,1.6327
15794,15:13:15.459,2023,-0.0120,1.6303
15795,15:13:15.460,2023,-0.0120,1.6303
15796,15:13:15.460,2023,-0.0120,1.6303
15797,15:13:15.461,2019,-0.0139,1.6270
15798,15:13:15.461,2026,-0.0105,1.6327
15799,15:13:15.462,2022,-0.0125,1.6295
15800,15:13:15.462,2023,-0.0120,1.6303
15801,15:13:15.463,2026,-0.0105,1.6327
15802,15:13:15.463,2026,-0.0105,1.6327
15803,15:13:15.464,2021,-0.0129,1.6286
15804,15:13:15.464,2026,-0.0105,1.6327
15805,15:13:15.465,2024,-0.0115,1.6311
15806,15:13:15.465,2024,-0.0115,1.6311
15807,15:13:15.466,2026,-0.0105,1.6327
15808,15:13:15.466,2023,-0.0120,1.6303
15809,15:13:15.467,2024,-0.0115,1.6311
15810,15:13:15.467,2019,-0.0139,1.6270
15811,15:13:15.468,2022,-0.0125,1.6295
15812,15:13:15.468,2021,-0.0129,1.6286
15813,15:13:15.469,2022,-0.0125,1.6295
15814,15:13:15.469,2022,-0.0125,1.6295
15815,15:13:15.470,2023,-0.0120,1.6303
15816,15:13:15.470,2020,-0.0134,1.6278
15817,15:13:15.471,2023,-0.0120,1.6303
15818,15:13:15.471,2019,-0.0139,1.6270
15819,15:13:15.472,2020,-0.0134,1.6278
15820,15:13:15.472,2022,-0.0125,1.6295
15821,15:13:15.473,2020,-0.0134,1.6278
15822,15:13:15.473,2022,-0.0125,1.6295
15823,15:13:15.474,2021,-0.0129,1.6286
15824,15:13:15.474,2024,-0.0115,1.6311
15825,15:13:15.475,2021,-0.0129,1.6286
15826,15:13:15.475,2019,-0.0139,1.6270
15827,15:13:15.476,2022,-0.0125,1.6295
15828,15:13:15.476,2021,-0.0129,1.6286
15829,15:13:15.477,2021,-0.0129,1.6286
15830,15:13:15.477,2021,-0.0129,1.6286
15831,15:13:15.478,2026,-0.0105,1.6327
15832,15:13:15.478,2022,-0.0125,1.6295
15833,15:13:15.479,2027,-0.0100,1.6335
15834,15:13:15.479,2025,-0.0110,1.6319
15835,15:13:15.480,2024,-0.0115,1.6311
15836,15:13:15.480,2024,-0.0115,1.6311
15837,15:13:15.481,2025,-0.0110,1.6319
15838,15:13:15.481,2024,-0.0115,1.6311
15839,15:13:15.482,2023,-0.0120,1.6303
15840,15:13:15.482,2026,-0.0105,1.6327
15841,15:13:15.483,2024,-0.0115,1.6311
15842,15:13:15.483,2026,-0.0105,1.6327
15843,15:13:15.484,2026,-0.0105,1.6327
15844,15:13:15.484,2027,-0.0100,1.6335
15845,15:13:15.485,2027,-0.0100,1.6335
15846,15:13:15.485,2024,-0.0115,1.6311
15847,15:13:15.486,2024,-0.0115,1.6311
15848,15:13:15.486,2019,-0.0139,1.6270
15849,15:13:15.487,2024,-0.0115,1.6311
15850,15:13:15.487,2021,-0.0129,1.6286
15851,15:13:15.488,2022,-0.0125,1.6295
15852,15:13:15.488,2019,-0.0139,1.6270
15853,15:13:15.489,2023,-0.0120,1.6303
15854,15:13:15.489,2024,-0.0115,1.6311
15855,15:13:15.490,2022,-0.0125,1.6295
15856,15:13:15.490,2024,-0.0115,1.6311
15857,15:13:15.491,2023,-0.0120,1.6303
15858,15:13:15.491,2022,-0.0125,1.6295
15859,15:13:15.492,2024,-0.0115,1.6311
15860,15:13:15.492,2023,-0.0120,1.6303
15861,15:13:15.493,2018,-0.0144,1.6262
15862,15:13:15.493,2019,-0.0139,1.6270
15863,15:13:15.494,2021,-0.0129,1.6286
15864,15:13:15.494,2023,-0.0120,1.6303
15865,15:13:15.495,2020,-0.0134,1.6278
15866,15:13:15.495,2025,-0.0110,1.6319
15867,15:13:15.496,2022,-0.0125,1.6295
15868,15:13:15.496,2022,-0.0125,1.6295
15869,15:13:15.497,2024,-0.0115,1.6311
15870,15:13:15.497,2022,-0.0125,1.6295
15871,15:13:15.498,2021,-0.0129,1.6286
