sample_index,real_time_s,raw_adc,amplitude,voltage
0,18:15:07.074,1375,-0.3284,1.1081
1,18:15:07.075,1373,-0.3294,1.1064
2,18:15:07.075,1375,-0.3284,1.1081
3,18:15:07.076,1375,-0.3284,1.1081
4,18:15:07.076,1375,-0.3284,1.1081
5,18:15:07.077,1374,-0.3289,1.1073
6,18:15:07.077,1375,-0.3284,1.1081
7,18:15:07.078,1373,-0.3294,1.1064
8,18:15:07.078,1375,-0.3284,1.1081
9,18:15:07.079,1372,-0.3299,1.1056
10,18:15:07.079,1372,-0.3299,1.1056
11,18:15:07.080,1371,-0.3304,1.1048
12,18:15:07.080,1372,-0.3299,1.1056
13,18:15:07.081,1374,-0.3289,1.1073
14,18:15:07.081,1374,-0.3289,1.1073
15,18:15:07.082,1374,-0.3289,1.1073
16,18:15:07.082,1374,-0.3289,1.1073
17,18:15:07.083,1372,-0.3299,1.1056
18,18:15:07.083,1374,-0.3289,1.1073
19,18:15:07.084,1373,-0.3294,1.1064
20,18:15:07.084,1371,-0.3304,1.1048
21,18:15:07.085,1375,-0.3284,1.1081
22,18:15:07.085,1372,-0.3299,1.1056
23,18:15:07.086,1372,-0.3299,1.1056
24,18:15:07.086,1372,-0.3299,1.1056
25,18:15:07.087,1374,-0.3289,1.1073
26,18:15:07.087,1374,-0.3289,1.1073
27,18:15:07.088,1371,-0.3304,1.1048
28,18:15:07.088,1373,-0.3294,1.1064
29,18:15:07.089,1374,-0.3289,1.1073
30,18:15:07.089,1372,-0.3299,1.1056
31,18:15:07.090,1373,-0.3294,1.1064
32,18:15:07.090,1373,-0.3294,1.1064
33,18:15:07.091,1372,-0.3299,1.1056
34,18:15:07.091,1374,-0.3289,1.1073
35,18:15:07.092,1372,-0.3299,1.1056
36,18:15:07.092,1372,-0.3299,1.1056
37,18:15:07.093,1374,-0.3289,1.1073
38,18:15:07.093,1372,-0.3299,1.1056
39,18:15:07.094,1375,-0.3284,1.1081
40,18:15:07.094,1372,-0.3299,1.1056
41,18:15:07.095,1374,-0.3289,1.1073
42,18:15:07.095,1372,-0.3299,1.1056
43,18:15:07.096,1372,-0.3299,1.1056
44,18:15:07.096,1373,-0.3294,1.1064
45,18:15:07.097,1375,-0.3284,1.1081
46,18:15:07.097,1374,-0.3289,1.1073
47,18:15:07.098,1373,-0.3294,1.1064
48,18:15:07.098,1370,-0.3309,1.1040
49,18:15:07.099,1371,-0.3304,1.1048
50,18:15:07.099,1371,-0.3304,1.1048
51,18:15:07.100,1371,-0.3304,1.1048
52,18:15:07.100,1373,-0.3294,1.1064
53,18:15:07.101,1371,-0.3304,1.1048
54,18:15:07.101,1374,-0.3289,1.1073
55,18:15:07.102,1374,-0.3289,1.1073
56,18:15:07.102,1374,-0.3289,1.1073
57,18:15:07.103,1373,-0.3294,1.1064
58,18:15:07.103,1374,-0.3289,1.1073
59,18:15:07.104,1374,-0.3289,1.1073
60,18:15:07.104,1372,-0.3299,1.1056
61,18:15:07.105,1374,-0.3289,1.1073
62,18:15:07.105,1372,-0.3299,1.1056
63,18:15:07.106,1374,-0.3289,1.1073
64,18:15:07.106,1370,-0.3309,1.1040
65,18:15:07.107,1374,-0.3289,1.1073
66,18:15:07.107,1373,-0.3294,1.1064
67,18:15:07.108,1374,-0.3289,1.1073
68,18:15:07.108,1372,-0.3299,1.1056
69,18:15:07.109,1371,-0.3304,1.1048
70,18:15:07.109,1372,-0.3299,1.1056
71,18:15:07.110,1374,-0.3289,1.1073
72,18:15:07.110,1373,-0.3294,1.1064
73,18:15:07.111,1373,-0.3294,1.1064
74,18:15:07.111,1370,-0.3309,1.1040
75,18:15:07.112,1372,-0.3299,1.1056
76,18:15:07.112,1374,-0.3289,1.1073
77,18:15:07.113,1372,-0.3299,1.1056
78,18:15:07.113,1371,-0.3304,1.1048
79,18:15:07.114,1372,-0.3299,1.1056
80,18:15:07.114,1373,-0.3294,1.1064
81,18:15:07.115,1375,-0.3284,1.1081
82,18:15:07.115,1373,-0.3294,1.1064
83,18:15:07.116,1373,-0.3294,1.1064
84,18:15:07.116,1373,-0.3294,1.1064
85,18:15:07.117,1372,-0.3299,1.1056
86,18:15:07.117,1371,-0.3304,1.1048
87,18:15:07.118,1371,-0.3304,1.1048
88,18:15:07.118,1371,-0.3304,1.1048
89,18:15:07.119,1371,-0.3304,1.1048
90,18:15:07.119,1371,-0.3304,1.1048
91,18:15:07.120,1371,-0.3304,1.1048
92,18:15:07.120,1374,-0.3289,1.1073
93,18:15:07.121,1374,-0.3289,1.1073
94,18:15:07.121,1370,-0.3309,1.1040
95,18:15:07.122,1373,-0.3294,1.1064
96,18:15:07.122,1375,-0.3284,1.1081
97,18:15:07.123,1373,-0.3294,1.1064
98,18:15:07.123,1371,-0.3304,1.1048
99,18:15:07.124,1370,-0.3309,1.1040
100,18:15:07.124,1370,-0.3309,1.1040
101,18:15:07.125,1373,-0.3294,1.1064
102,18:15:07.125,1370,-0.3309,1.1040
103,18:15:07.126,1376,-0.3280,1.1089
104,18:15:07.126,1373,-0.3294,1.1064
105,18:15:07.127,1373,-0.3294,1.1064
106,18:15:07.127,1373,-0.3294,1.1064
107,18:15:07.128,1373,-0.3294,1.1064
108,18:15:07.128,1369,-0.3314,1.1032
109,18:15:07.129,1372,-0.3299,1.1056
110,18:15:07.129,1373,-0.3294,1.1064
111,18:15:07.130,1374,-0.3289,1.1073
112,18:15:07.130,1371,-0.3304,1.1048
113,18:15:07.131,1373,-0.3294,1.1064
114,18:15:07.131,1371,-0.3304,1.1048
115,18:15:07.132,1371,-0.3304,1.1048
116,18:15:07.132,1374,-0.3289,1.1073
117,18:15:07.133,1373,-0.3294,1.1064
118,18:15:07.133,1373,-0.3294,1.1064
119,18:15:07.134,1371,-0.3304,1.1048
120,18:15:07.134,1374,-0.3289,1.1073
121,18:15:07.135,1373,-0.3294,1.1064
122,18:15:07.135,1374,-0.3289,1.1073
123,18:15:07.136,1374,-0.3289,1.1073
124,18:15:07.136,1375,-0.3284,1.1081
125,18:15:07.137,1374,-0.3289,1.1073
126,18:15:07.137,1372,-0.3299,1.1056
127,18:15:07.138,1372,-0.3299,1.1056
128,18:15:07.138,1376,-0.3280,1.1089
129,18:15:07.139,1373,-0.3294,1.1064
130,18:15:07.139,1372,-0.3299,1.1056
131,18:15:07.140,1375,-0.3284,1.1081
132,18:15:07.140,1373,-0.3294,1.1064
133,18:15:07.141,1373,-0.3294,1.1064
134,18:15:07.141,1373,-0.3294,1.1064
135,18:15:07.142,1372,-0.3299,1.1056
136,18:15:07.142,1374,-0.3289,1.1073
137,18:15:07.143,1371,-0.3304,1.1048
138,18:15:07.143,1373,-0.3294,1.1064
139,18:15:07.144,1372,-0.3299,1.1056
140,18:15:07.144,1372,-0.3299,1.1056
141,18:15:07.145,1373,-0.3294,1.1064
142,18:15:07.145,1375,-0.3284,1.1081
143,18:15:07.146,1375,-0.3284,1.1081
144,18:15:07.146,1375,-0.3284,1.1081
145,18:15:07.147,1372,-0.3299,1.1056
146,18:15:07.147,1378,-0.3270,1.1105
147,18:15:07.148,1376,-0.3280,1.1089
148,18:15:07.148,1375,-0.3284,1.1081
149,18:15:07.149,1373,-0.3294,1.1064
150,18:15:07.149,1374,-0.3289,1.1073
151,18:15:07.150,1374,-0.3289,1.1073
152,18:15:07.150,1373,-0.3294,1.1064
153,18:15:07.151,1373,-0.3294,1.1064
154,18:15:07.151,1375,-0.3284,1.1081
155,18:15:07.152,1374,-0.3289,1.1073
156,18:15:07.152,1375,-0.3284,1.1081
157,18:15:07.153,1373,-0.3294,1.1064
158,18:15:07.153,1375,-0.3284,1.1081
159,18:15:07.154,1373,-0.3294,1.1064
160,18:15:07.154,1375,-0.3284,1.1081
161,18:15:07.155,1373,-0.3294,1.1064
162,18:15:07.155,1376,-0.3280,1.1089
163,18:15:07.156,1374,-0.3289,1.1073
164,18:15:07.156,1372,-0.3299,1.1056
165,18:15:07.157,1372,-0.3299,1.1056
166,18:15:07.157,1375,-0.3284,1.1081
167,18:15:07.158,1375,-0.3284,1.1081
168,18:15:07.158,1375,-0.3284,1.1081
169,18:15:07.159,1373,-0.3294,1.1064
170,18:15:07.159,1374,-0.3289,1.1073
171,18:15:07.160,1376,-0.3280,1.1089
172,18:15:07.160,1373,-0.3294,1.1064
173,18:15:07.161,1376,-0.3280,1.1089
174,18:15:07.161,1373,-0.3294,1.1064
175,18:15:07.162,1375,-0.3284,1.1081
176,18:15:07.162,1374,-0.3289,1.1073
177,18:15:07.163,1373,-0.3294,1.1064
178,18:15:07.163,1375,-0.3284,1.1081
179,18:15:07.164,1373,-0.3294,1.1064
180,18:15:07.164,1375,-0.3284,1.1081
181,18:15:07.165,1373,-0.3294,1.1064
182,18:15:07.165,1373,-0.3294,1.1064
183,18:15:07.166,1372,-0.3299,1.1056
184,18:15:07.166,1374,-0.3289,1.1073
185,18:15:07.167,1377,-0.3275,1.1097
186,18:15:07.167,1376,-0.3280,1.1089
187,18:15:07.168,1373,-0.3294,1.1064
188,18:15:07.168,1372,-0.3299,1.1056
189,18:15:07.169,1373,-0.3294,1.1064
190,18:15:07.169,1373,-0.3294,1.1064
191,18:15:07.170,1372,-0.3299,1.1056
192,18:15:07.170,1376,-0.3280,1.1089
193,18:15:07.171,1372,-0.3299,1.1056
194,18:15:07.171,1375,-0.3284,1.1081
195,18:15:07.172,1371,-0.3304,1.1048
196,18:15:07.172,1375,-0.3284,1.1081
197,18:15:07.173,1374,-0.3289,1.1073
198,18:15:07.173,1375,-0.3284,1.1081
199,18:15:07.174,1371,-0.3304,1.1048
200,18:15:07.174,1374,-0.3289,1.1073
201,18:15:07.175,1373,-0.3294,1.1064
202,18:15:07.175,1375,-0.3284,1.1081
203,18:15:07.176,1376,-0.3280,1.1089
204,18:15:07.176,1374,-0.3289,1.1073
205,18:15:07.177,1373,-0.3294,1.1064
206,18:15:07.177,1374,-0.3289,1.1073
207,18:15:07.178,1372,-0.3299,1.1056
208,18:15:07.178,1373,-0.3294,1.1064
209,18:15:07.179,1372,-0.3299,1.1056
210,18:15:07.179,1371,-0.3304,1.1048
211,18:15:07.180,1373,-0.3294,1.1064
212,18:15:07.180,1373,-0.3294,1.1064
213,18:15:07.181,1375,-0.3284,1.1081
214,18:15:07.181,1373,-0.3294,1.1064
215,18:15:07.182,1373,-0.3294,1.1064
216,18:15:07.182,1372,-0.3299,1.1056
217,18:15:07.183,1374,-0.3289,1.1073
218,18:15:07.183,1374,-0.3289,1.1073
219,18:15:07.184,1371,-0.3304,1.1048
220,18:15:07.184,1373,-0.3294,1.1064
221,18:15:07.185,1373,-0.3294,1.1064
222,18:15:07.185,1374,-0.3289,1.1073
223,18:15:07.186,1373,-0.3294,1.1064
224,18:15:07.186,1373,-0.3294,1.1064
225,18:15:07.187,1375,-0.3284,1.1081
226,18:15:07.187,1375,-0.3284,1.1081
227,18:15:07.188,1373,-0.3294,1.1064
228,18:15:07.188,1374,-0.3289,1.1073
229,18:15:07.189,1373,-0.3294,1.1064
230,18:15:07.189,1372,-0.3299,1.1056
231,18:15:07.190,1374,-0.3289,1.1073
232,18:15:07.190,1375,-0.3284,1.1081
233,18:15:07.191,1372,-0.3299,1.1056
234,18:15:07.191,1375,-0.3284,1.1081
235,18:15:07.192,1374,-0.3289,1.1073
236,18:15:07.192,1372,-0.3299,1.1056
237,18:15:07.193,1374,-0.3289,1.1073
238,18:15:07.193,1375,-0.3284,1.1081
239,18:15:07.194,1373,-0.3294,1.1064
240,18:15:07.194,1375,-0.3284,1.1081
241,18:15:07.195,1375,-0.3284,1.1081
242,18:15:07.195,1375,-0.3284,1.1081
243,18:15:07.196,1374,-0.3289,1.1073
244,18:15:07.196,1375,-0.3284,1.1081
245,18:15:07.197,1373,-0.3294,1.1064
246,18:15:07.197,1375,-0.3284,1.1081
247,18:15:07.198,1373,-0.3294,1.1064
248,18:15:07.198,1373,-0.3294,1.1064
249,18:15:07.199,1375,-0.3284,1.1081
250,18:15:07.199,1373,-0.3294,1.1064
251,18:15:07.200,1370,-0.3309,1.1040
252,18:15:07.200,1373,-0.3294,1.1064
253,18:15:07.201,1375,-0.3284,1.1081
254,18:15:07.201,1372,-0.3299,1.1056
255,18:15:07.202,1375,-0.3284,1.1081
256,18:15:07.202,1375,-0.3284,1.1081
257,18:15:07.203,1374,-0.3289,1.1073
258,18:15:07.203,1373,-0.3294,1.1064
259,18:15:07.204,1375,-0.3284,1.1081
260,18:15:07.204,1376,-0.3280,1.1089
261,18:15:07.205,1374,-0.3289,1.1073
262,18:15:07.205,1372,-0.3299,1.1056
263,18:15:07.206,1373,-0.3294,1.1064
264,18:15:07.206,1376,-0.3280,1.1089
265,18:15:07.207,1374,-0.3289,1.1073
266,18:15:07.207,1372,-0.3299,1.1056
267,18:15:07.208,1375,-0.3284,1.1081
268,18:15:07.208,1374,-0.3289,1.1073
269,18:15:07.209,1376,-0.3280,1.1089
270,18:15:07.209,1374,-0.3289,1.1073
271,18:15:07.210,1374,-0.3289,1.1073
272,18:15:07.210,1374,-0.3289,1.1073
273,18:15:07.211,1375,-0.3284,1.1081
274,18:15:07.211,1372,-0.3299,1.1056
275,18:15:07.212,1374,-0.3289,1.1073
276,18:15:07.212,1373,-0.3294,1.1064
277,18:15:07.213,1374,-0.3289,1.1073
278,18:15:07.213,1372,-0.3299,1.1056
279,18:15:07.214,1372,-0.3299,1.1056
280,18:15:07.214,1372,-0.3299,1.1056
281,18:15:07.215,1373,-0.3294,1.1064
282,18:15:07.215,1375,-0.3284,1.1081
283,18:15:07.216,1375,-0.3284,1.1081
284,18:15:07.216,1376,-0.3280,1.1089
285,18:15:07.217,1375,-0.3284,1.1081
286,18:15:07.217,1371,-0.3304,1.1048
287,18:15:07.218,1375,-0.3284,1.1081
288,18:15:07.218,1374,-0.3289,1.1073
289,18:15:07.219,1374,-0.3289,1.1073
290,18:15:07.219,1373,-0.3294,1.1064
291,18:15:07.220,1373,-0.3294,1.1064
292,18:15:07.220,1375,-0.3284,1.1081
293,18:15:07.221,1374,-0.3289,1.1073
294,18:15:07.221,1373,-0.3294,1.1064
295,18:15:07.222,1372,-0.3299,1.1056
296,18:15:07.222,1372,-0.3299,1.1056
297,18:15:07.223,1375,-0.3284,1.1081
298,18:15:07.223,1371,-0.3304,1.1048
299,18:15:07.224,1372,-0.3299,1.1056
300,18:15:07.224,1372,-0.3299,1.1056
301,18:15:07.225,1375,-0.3284,1.1081
302,18:15:07.225,1373,-0.3294,1.1064
303,18:15:07.226,1375,-0.3284,1.1081
304,18:15:07.226,1372,-0.3299,1.1056
305,18:15:07.227,1375,-0.3284,1.1081
306,18:15:07.227,1372,-0.3299,1.1056
307,18:15:07.228,1372,-0.3299,1.1056
308,18:15:07.228,1372,-0.3299,1.1056
309,18:15:07.229,1371,-0.3304,1.1048
310,18:15:07.229,1375,-0.3284,1.1081
311,18:15:07.230,1373,-0.3294,1.1064
312,18:15:07.230,1374,-0.3289,1.1073
313,18:15:07.231,1374,-0.3289,1.1073
314,18:15:07.231,1374,-0.3289,1.1073
315,18:15:07.232,1372,-0.3299,1.1056
316,18:15:07.232,1372,-0.3299,1.1056
317,18:15:07.233,1371,-0.3304,1.1048
318,18:15:07.233,1376,-0.3280,1.1089
319,18:15:07.234,1374,-0.3289,1.1073
320,18:15:07.234,1372,-0.3299,1.1056
321,18:15:07.235,1373,-0.3294,1.1064
322,18:15:07.235,1373,-0.3294,1.1064
323,18:15:07.236,1374,-0.3289,1.1073
324,18:15:07.236,1375,-0.3284,1.1081
325,18:15:07.237,1373,-0.3294,1.1064
326,18:15:07.237,1374,-0.3289,1.1073
327,18:15:07.238,1376,-0.3280,1.1089
328,18:15:07.238,1373,-0.3294,1.1064
329,18:15:07.239,1375,-0.3284,1.1081
330,18:15:07.239,1373,-0.3294,1.1064
331,18:15:07.240,1377,-0.3275,1.1097
332,18:15:07.240,1376,-0.3280,1.1089
333,18:15:07.241,1376,-0.3280,1.1089
334,18:15:07.241,1375,-0.3284,1.1081
335,18:15:07.242,1375,-0.3284,1.1081
336,18:15:07.242,1372,-0.3299,1.1056
337,18:15:07.243,1375,-0.3284,1.1081
338,18:15:07.243,1371,-0.3304,1.1048
339,18:15:07.244,1375,-0.3284,1.1081
340,18:15:07.244,1375,-0.3284,1.1081
341,18:15:07.245,1376,-0.3280,1.1089
342,18:15:07.245,1376,-0.3280,1.1089
343,18:15:07.246,1377,-0.3275,1.1097
344,18:15:07.246,1372,-0.3299,1.1056
345,18:15:07.247,1373,-0.3294,1.1064
346,18:15:07.247,1376,-0.3280,1.1089
347,18:15:07.248,1373,-0.3294,1.1064
348,18:15:07.248,1373,-0.3294,1.1064
349,18:15:07.249,1373,-0.3294,1.1064
350,18:15:07.249,1373,-0.3294,1.1064
351,18:15:07.250,1376,-0.3280,1.1089
352,18:15:07.250,1376,-0.3280,1.1089
353,18:15:07.251,1372,-0.3299,1.1056
354,18:15:07.251,1373,-0.3294,1.1064
355,18:15:07.252,1372,-0.3299,1.1056
356,18:15:07.252,1377,-0.3275,1.1097
357,18:15:07.253,1375,-0.3284,1.1081
358,18:15:07.253,1373,-0.3294,1.1064
359,18:15:07.254,1376,-0.3280,1.1089
360,18:15:07.254,1375,-0.3284,1.1081
361,18:15:07.255,1373,-0.3294,1.1064
362,18:15:07.255,1375,-0.3284,1.1081
363,18:15:07.256,1375,-0.3284,1.1081
364,18:15:07.256,1375,-0.3284,1.1081
365,18:15:07.257,1375,-0.3284,1.1081
366,18:15:07.257,1374,-0.3289,1.1073
367,18:15:07.258,1375,-0.3284,1.1081
368,18:15:07.258,1378,-0.3270,1.1105
369,18:15:07.259,1375,-0.3284,1.1081
370,18:15:07.259,1376,-0.3280,1.1089
371,18:15:07.260,1373,-0.3294,1.1064
372,18:15:07.260,1373,-0.3294,1.1064
373,18:15:07.261,1376,-0.3280,1.1089
374,18:15:07.261,1376,-0.3280,1.1089
375,18:15:07.262,1373,-0.3294,1.1064
376,18:15:07.262,1374,-0.3289,1.1073
377,18:15:07.263,1377,-0.3275,1.1097
378,18:15:07.263,1374,-0.3289,1.1073
379,18:15:07.264,1374,-0.3289,1.1073
380,18:15:07.264,1376,-0.3280,1.1089
381,18:15:07.265,1375,-0.3284,1.1081
382,18:15:07.265,1376,-0.3280,1.1089
383,18:15:07.266,1377,-0.3275,1.1097
384,18:15:07.266,1376,-0.3280,1.1089
385,18:15:07.267,1376,-0.3280,1.1089
386,18:15:07.267,1372,-0.3299,1.1056
387,18:15:07.268,1373,-0.3294,1.1064
388,18:15:07.268,1375,-0.3284,1.1081
389,18:15:07.269,1374,-0.3289,1.1073
390,18:15:07.269,1376,-0.3280,1.1089
391,18:15:07.270,1376,-0.3280,1.1089
392,18:15:07.270,1376,-0.3280,1.1089
393,18:15:07.271,1376,-0.3280,1.1089
394,18:15:07.271,1373,-0.3294,1.1064
395,18:15:07.272,1372,-0.3299,1.1056
396,18:15:07.272,1375,-0.3284,1.1081
397,18:15:07.273,1374,-0.3289,1.1073
398,18:15:07.273,1374,-0.3289,1.1073
399,18:15:07.274,1375,-0.3284,1.1081
400,18:15:07.274,1373,-0.3294,1.1064
401,18:15:07.275,1373,-0.3294,1.1064
402,18:15:07.275,1376,-0.3280,1.1089
403,18:15:07.276,1375,-0.3284,1.1081
404,18:15:07.276,1376,-0.3280,1.1089
405,18:15:07.277,1373,-0.3294,1.1064
406,18:15:07.277,1376,-0.3280,1.1089
407,18:15:07.278,1376,-0.3280,1.1089
408,18:15:07.278,1377,-0.3275,1.1097
409,18:15:07.279,1377,-0.3275,1.1097
410,18:15:07.279,1375,-0.3284,1.1081
411,18:15:07.280,1376,-0.3280,1.1089
412,18:15:07.280,1375,-0.3284,1.1081
413,18:15:07.281,1376,-0.3280,1.1089
414,18:15:07.281,1373,-0.3294,1.1064
415,18:15:07.282,1374,-0.3289,1.1073
416,18:15:07.282,1375,-0.3284,1.1081
417,18:15:07.283,1373,-0.3294,1.1064
418,18:15:07.283,1374,-0.3289,1.1073
419,18:15:07.284,1374,-0.3289,1.1073
420,18:15:07.284,1375,-0.3284,1.1081
421,18:15:07.285,1375,-0.3284,1.1081
422,18:15:07.285,1373,-0.3294,1.1064
423,18:15:07.286,1373,-0.3294,1.1064
424,18:15:07.286,1374,-0.3289,1.1073
425,18:15:07.287,1375,-0.3284,1.1081
426,18:15:07.287,1373,-0.3294,1.1064
427,18:15:07.288,1375,-0.3284,1.1081
428,18:15:07.288,1374,-0.3289,1.1073
429,18:15:07.289,1375,-0.3284,1.1081
430,18:15:07.289,1376,-0.3280,1.1089
431,18:15:07.290,1372,-0.3299,1.1056
432,18:15:07.290,1373,-0.3294,1.1064
433,18:15:07.291,1375,-0.3284,1.1081
434,18:15:07.291,1373,-0.3294,1.1064
435,18:15:07.292,1374,-0.3289,1.1073
436,18:15:07.292,1375,-0.3284,1.1081
437,18:15:07.293,1373,-0.3294,1.1064
438,18:15:07.293,1374,-0.3289,1.1073
439,18:15:07.294,1377,-0.3275,1.1097
440,18:15:07.294,1376,-0.3280,1.1089
441,18:15:07.295,1372,-0.3299,1.1056
442,18:15:07.295,1373,-0.3294,1.1064
443,18:15:07.296,1375,-0.3284,1.1081
444,18:15:07.296,1373,-0.3294,1.1064
445,18:15:07.297,1376,-0.3280,1.1089
446,18:15:07.297,1376,-0.3280,1.1089
447,18:15:07.298,1375,-0.3284,1.1081
448,18:15:07.298,1375,-0.3284,1.1081
449,18:15:07.299,1374,-0.3289,1.1073
450,18:15:07.299,1376,-0.3280,1.1089
451,18:15:07.300,1375,-0.3284,1.1081
452,18:15:07.300,1376,-0.3280,1.1089
453,18:15:07.301,1374,-0.3289,1.1073
454,18:15:07.301,1375,-0.3284,1.1081
455,18:15:07.302,1375,-0.3284,1.1081
456,18:15:07.302,1377,-0.3275,1.1097
457,18:15:07.303,1372,-0.3299,1.1056
458,18:15:07.303,1374,-0.3289,1.1073
459,18:15:07.304,1375,-0.3284,1.1081
460,18:15:07.304,1377,-0.3275,1.1097
461,18:15:07.305,1377,-0.3275,1.1097
462,18:15:07.305,1375,-0.3284,1.1081
463,18:15:07.306,1377,-0.3275,1.1097
464,18:15:07.306,1377,-0.3275,1.1097
465,18:15:07.307,1376,-0.3280,1.1089
466,18:15:07.307,1376,-0.3280,1.1089
467,18:15:07.308,1377,-0.3275,1.1097
468,18:15:07.308,1376,-0.3280,1.1089
469,18:15:07.309,1377,-0.3275,1.1097
470,18:15:07.309,1374,-0.3289,1.1073
471,18:15:07.310,1376,-0.3280,1.1089
472,18:15:07.310,1375,-0.3284,1.1081
473,18:15:07.311,1376,-0.3280,1.1089
474,18:15:07.311,1374,-0.3289,1.1073
475,18:15:07.312,1373,-0.3294,1.1064
476,18:15:07.312,1372,-0.3299,1.1056
477,18:15:07.313,1370,-0.3309,1.1040
478,18:15:07.313,1375,-0.3284,1.1081
479,18:15:07.314,1376,-0.3280,1.1089
480,18:15:07.314,1375,-0.3284,1.1081
481,18:15:07.315,1371,-0.3304,1.1048
482,18:15:07.315,1372,-0.3299,1.1056
483,18:15:07.316,1373,-0.3294,1.1064
484,18:15:07.316,1376,-0.3280,1.1089
485,18:15:07.317,1374,-0.3289,1.1073
486,18:15:07.317,1374,-0.3289,1.1073
487,18:15:07.318,1376,-0.3280,1.1089
488,18:15:07.318,1375,-0.3284,1.1081
489,18:15:07.319,1373,-0.3294,1.1064
490,18:15:07.319,1373,-0.3294,1.1064
491,18:15:07.320,1376,-0.3280,1.1089
492,18:15:07.320,1372,-0.3299,1.1056
493,18:15:07.321,1375,-0.3284,1.1081
494,18:15:07.321,1373,-0.3294,1.1064
495,18:15:07.322,1376,-0.3280,1.1089
496,18:15:07.322,1373,-0.3294,1.1064
497,18:15:07.323,1371,-0.3304,1.1048
498,18:15:07.323,1371,-0.3304,1.1048
499,18:15:07.324,1375,-0.3284,1.1081
500,18:15:07.324,1374,-0.3289,1.1073
501,18:15:07.325,1373,-0.3294,1.1064
502,18:15:07.325,1372,-0.3299,1.1056
503,18:15:07.326,1372,-0.3299,1.1056
504,18:15:07.326,1374,-0.3289,1.1073
505,18:15:07.327,1374,-0.3289,1.1073
506,18:15:07.327,1375,-0.3284,1.1081
507,18:15:07.328,1370,-0.3309,1.1040
508,18:15:07.328,1372,-0.3299,1.1056
509,18:15:07.329,1373,-0.3294,1.1064
510,18:15:07.329,1374,-0.3289,1.1073
511,18:15:07.330,1374,-0.3289,1.1073
512,18:15:07.330,1372,-0.3299,1.1056
513,18:15:07.331,1373,-0.3294,1.1064
514,18:15:07.331,1371,-0.3304,1.1048
515,18:15:07.332,1370,-0.3309,1.1040
516,18:15:07.332,1371,-0.3304,1.1048
517,18:15:07.333,1372,-0.3299,1.1056
518,18:15:07.333,1373,-0.3294,1.1064
519,18:15:07.334,1372,-0.3299,1.1056
520,18:15:07.334,1376,-0.3280,1.1089
521,18:15:07.335,1371,-0.3304,1.1048
522,18:15:07.335,1375,-0.3284,1.1081
523,18:15:07.336,1374,-0.3289,1.1073
524,18:15:07.336,1374,-0.3289,1.1073
525,18:15:07.337,1371,-0.3304,1.1048
526,18:15:07.337,1372,-0.3299,1.1056
527,18:15:07.338,1374,-0.3289,1.1073
528,18:15:07.338,1371,-0.3304,1.1048
529,18:15:07.339,1372,-0.3299,1.1056
530,18:15:07.339,1375,-0.3284,1.1081
531,18:15:07.340,1374,-0.3289,1.1073
532,18:15:07.340,1372,-0.3299,1.1056
533,18:15:07.341,1373,-0.3294,1.1064
534,18:15:07.341,1373,-0.3294,1.1064
535,18:15:07.342,1373,-0.3294,1.1064
536,18:15:07.342,1372,-0.3299,1.1056
537,18:15:07.343,1372,-0.3299,1.1056
538,18:15:07.343,1373,-0.3294,1.1064
539,18:15:07.344,1373,-0.3294,1.1064
540,18:15:07.344,1374,-0.3289,1.1073
541,18:15:07.345,1376,-0.3280,1.1089
542,18:15:07.345,1375,-0.3284,1.1081
543,18:15:07.346,1374,-0.3289,1.1073
544,18:15:07.346,1376,-0.3280,1.1089
545,18:15:07.347,1372,-0.3299,1.1056
546,18:15:07.347,1373,-0.3294,1.1064
547,18:15:07.348,1375,-0.3284,1.1081
548,18:15:07.348,1372,-0.3299,1.1056
549,18:15:07.349,1372,-0.3299,1.1056
550,18:15:07.349,1374,-0.3289,1.1073
551,18:15:07.350,1375,-0.3284,1.1081
552,18:15:07.350,1370,-0.3309,1.1040
553,18:15:07.351,1372,-0.3299,1.1056
554,18:15:07.351,1375,-0.3284,1.1081
555,18:15:07.352,1374,-0.3289,1.1073
556,18:15:07.352,1374,-0.3289,1.1073
557,18:15:07.353,1372,-0.3299,1.1056
558,18:15:07.353,1372,-0.3299,1.1056
559,18:15:07.354,1375,-0.3284,1.1081
560,18:15:07.354,1375,-0.3284,1.1081
561,18:15:07.355,1373,-0.3294,1.1064
562,18:15:07.355,1370,-0.3309,1.1040
563,18:15:07.356,1373,-0.3294,1.1064
564,18:15:07.356,1374,-0.3289,1.1073
565,18:15:07.357,1374,-0.3289,1.1073
566,18:15:07.357,1372,-0.3299,1.1056
567,18:15:07.358,1372,-0.3299,1.1056
568,18:15:07.358,1373,-0.3294,1.1064
569,18:15:07.359,1373,-0.3294,1.1064
570,18:15:07.359,1370,-0.3309,1.1040
571,18:15:07.360,1371,-0.3304,1.1048
572,18:15:07.360,1373,-0.3294,1.1064
573,18:15:07.361,1373,-0.3294,1.1064
574,18:15:07.361,1372,-0.3299,1.1056
575,18:15:07.362,1371,-0.3304,1.1048
576,18:15:07.362,1371,-0.3304,1.1048
577,18:15:07.363,1372,-0.3299,1.1056
578,18:15:07.363,1371,-0.3304,1.1048
579,18:15:07.364,1373,-0.3294,1.1064
580,18:15:07.364,1372,-0.3299,1.1056
581,18:15:07.365,1374,-0.3289,1.1073
582,18:15:07.365,1373,-0.3294,1.1064
583,18:15:07.366,1374,-0.3289,1.1073
584,18:15:07.366,1372,-0.3299,1.1056
585,18:15:07.367,1373,-0.3294,1.1064
586,18:15:07.367,1373,-0.3294,1.1064
587,18:15:07.368,1372,-0.3299,1.1056
588,18:15:07.368,1372,-0.3299,1.1056
589,18:15:07.369,1375,-0.3284,1.1081
590,18:15:07.369,1376,-0.3280,1.1089
591,18:15:07.370,1373,-0.3294,1.1064
592,18:15:07.370,1373,-0.3294,1.1064
593,18:15:07.371,1375,-0.3284,1.1081
594,18:15:07.371,1376,-0.3280,1.1089
595,18:15:07.372,1373,-0.3294,1.1064
596,18:15:07.372,1376,-0.3280,1.1089
597,18:15:07.373,1374,-0.3289,1.1073
598,18:15:07.373,1374,-0.3289,1.1073
599,18:15:07.374,1374,-0.3289,1.1073
600,18:15:07.374,1375,-0.3284,1.1081
601,18:15:07.375,1376,-0.3280,1.1089
602,18:15:07.375,1376,-0.3280,1.1089
603,18:15:07.376,1375,-0.3284,1.1081
604,18:15:07.376,1377,-0.3275,1.1097
605,18:15:07.377,1376,-0.3280,1.1089
606,18:15:07.377,1374,-0.3289,1.1073
607,18:15:07.378,1379,-0.3265,1.1113
608,18:15:07.378,1378,-0.3270,1.1105
609,18:15:07.379,1375,-0.3284,1.1081
610,18:15:07.379,1378,-0.3270,1.1105
611,18:15:07.380,1377,-0.3275,1.1097
612,18:15:07.380,1381,-0.3255,1.1129
613,18:15:07.381,1379,-0.3265,1.1113
614,18:15:07.381,1375,-0.3284,1.1081
615,18:15:07.382,1379,-0.3265,1.1113
616,18:15:07.382,1378,-0.3270,1.1105
617,18:15:07.383,1376,-0.3280,1.1089
618,18:15:07.383,1377,-0.3275,1.1097
619,18:15:07.384,1379,-0.3265,1.1113
620,18:15:07.384,1380,-0.3260,1.1121
621,18:15:07.385,1377,-0.3275,1.1097
622,18:15:07.385,1379,-0.3265,1.1113
623,18:15:07.386,1377,-0.3275,1.1097
624,18:15:07.386,1379,-0.3265,1.1113
625,18:15:07.387,1381,-0.3255,1.1129
626,18:15:07.387,1381,-0.3255,1.1129
627,18:15:07.388,1377,-0.3275,1.1097
628,18:15:07.388,1380,-0.3260,1.1121
629,18:15:07.389,1376,-0.3280,1.1089
630,18:15:07.389,1378,-0.3270,1.1105
631,18:15:07.390,1377,-0.3275,1.1097
632,18:15:07.390,1375,-0.3284,1.1081
633,18:15:07.391,1377,-0.3275,1.1097
634,18:15:07.391,1378,-0.3270,1.1105
635,18:15:07.392,1376,-0.3280,1.1089
636,18:15:07.392,1379,-0.3265,1.1113
637,18:15:07.393,1375,-0.3284,1.1081
638,18:15:07.393,1380,-0.3260,1.1121
639,18:15:07.394,1378,-0.3270,1.1105
640,18:15:07.394,1374,-0.3289,1.1073
641,18:15:07.395,1376,-0.3280,1.1089
642,18:15:07.395,1375,-0.3284,1.1081
643,18:15:07.396,1376,-0.3280,1.1089
644,18:15:07.396,1376,-0.3280,1.1089
645,18:15:07.397,1375,-0.3284,1.1081
646,18:15:07.397,1375,-0.3284,1.1081
647,18:15:07.398,1376,-0.3280,1.1089
648,18:15:07.398,1376,-0.3280,1.1089
649,18:15:07.399,1375,-0.3284,1.1081
650,18:15:07.399,1377,-0.3275,1.1097
651,18:15:07.400,1375,-0.3284,1.1081
652,18:15:07.400,1374,-0.3289,1.1073
653,18:15:07.401,1375,-0.3284,1.1081
654,18:15:07.401,1375,-0.3284,1.1081
655,18:15:07.402,1376,-0.3280,1.1089
656,18:15:07.402,1373,-0.3294,1.1064
657,18:15:07.403,1375,-0.3284,1.1081
658,18:15:07.403,1377,-0.3275,1.1097
659,18:15:07.404,1374,-0.3289,1.1073
660,18:15:07.404,1377,-0.3275,1.1097
661,18:15:07.405,1374,-0.3289,1.1073
662,18:15:07.405,1377,-0.3275,1.1097
663,18:15:07.406,1375,-0.3284,1.1081
664,18:15:07.406,1378,-0.3270,1.1105
665,18:15:07.407,1375,-0.3284,1.1081
666,18:15:07.407,1373,-0.3294,1.1064
667,18:15:07.408,1377,-0.3275,1.1097
668,18:15:07.408,1372,-0.3299,1.1056
669,18:15:07.409,1377,-0.3275,1.1097
670,18:15:07.409,1373,-0.3294,1.1064
671,18:15:07.410,1375,-0.3284,1.1081
672,18:15:07.410,1373,-0.3294,1.1064
673,18:15:07.411,1373,-0.3294,1.1064
674,18:15:07.411,1375,-0.3284,1.1081
675,18:15:07.412,1375,-0.3284,1.1081
676,18:15:07.412,1372,-0.3299,1.1056
677,18:15:07.413,1374,-0.3289,1.1073
678,18:15:07.413,1374,-0.3289,1.1073
679,18:15:07.414,1373,-0.3294,1.1064
680,18:15:07.414,1373,-0.3294,1.1064
681,18:15:07.415,1373,-0.3294,1.1064
682,18:15:07.415,1373,-0.3294,1.1064
683,18:15:07.416,1375,-0.3284,1.1081
684,18:15:07.416,1377,-0.3275,1.1097
685,18:15:07.417,1375,-0.3284,1.1081
686,18:15:07.417,1373,-0.3294,1.1064
687,18:15:07.418,1373,-0.3294,1.1064
688,18:15:07.418,1375,-0.3284,1.1081
689,18:15:07.419,1374,-0.3289,1.1073
690,18:15:07.419,1373,-0.3294,1.1064
691,18:15:07.420,1373,-0.3294,1.1064
692,18:15:07.420,1373,-0.3294,1.1064
693,18:15:07.421,1371,-0.3304,1.1048
694,18:15:07.421,1374,-0.3289,1.1073
695,18:15:07.422,1374,-0.3289,1.1073
696,18:15:07.422,1375,-0.3284,1.1081
697,18:15:07.423,1373,-0.3294,1.1064
698,18:15:07.423,1374,-0.3289,1.1073
699,18:15:07.424,1373,-0.3294,1.1064
700,18:15:07.424,1372,-0.3299,1.1056
701,18:15:07.425,1375,-0.3284,1.1081
702,18:15:07.425,1373,-0.3294,1.1064
703,18:15:07.426,1373,-0.3294,1.1064
704,18:15:07.426,1373,-0.3294,1.1064
705,18:15:07.427,1375,-0.3284,1.1081
706,18:15:07.427,1374,-0.3289,1.1073
707,18:15:07.428,1376,-0.3280,1.1089
708,18:15:07.428,1376,-0.3280,1.1089
709,18:15:07.429,1372,-0.3299,1.1056
710,18:15:07.429,1374,-0.3289,1.1073
711,18:15:07.430,1376,-0.3280,1.1089
712,18:15:07.430,1373,-0.3294,1.1064
713,18:15:07.431,1375,-0.3284,1.1081
714,18:15:07.431,1375,-0.3284,1.1081
715,18:15:07.432,1375,-0.3284,1.1081
716,18:15:07.432,1373,-0.3294,1.1064
717,18:15:07.433,1372,-0.3299,1.1056
718,18:15:07.433,1375,-0.3284,1.1081
719,18:15:07.434,1373,-0.3294,1.1064
720,18:15:07.434,1374,-0.3289,1.1073
721,18:15:07.435,1373,-0.3294,1.1064
722,18:15:07.435,1374,-0.3289,1.1073
723,18:15:07.436,1374,-0.3289,1.1073
724,18:15:07.436,1372,-0.3299,1.1056
725,18:15:07.437,1376,-0.3280,1.1089
726,18:15:07.437,1375,-0.3284,1.1081
727,18:15:07.438,1375,-0.3284,1.1081
728,18:15:07.438,1376,-0.3280,1.1089
729,18:15:07.439,1370,-0.3309,1.1040
730,18:15:07.439,1375,-0.3284,1.1081
731,18:15:07.440,1372,-0.3299,1.1056
732,18:15:07.440,1374,-0.3289,1.1073
733,18:15:07.441,1376,-0.3280,1.1089
734,18:15:07.441,1377,-0.3275,1.1097
735,18:15:07.442,1374,-0.3289,1.1073
736,18:15:07.442,1373,-0.3294,1.1064
737,18:15:07.443,1375,-0.3284,1.1081
738,18:15:07.443,1373,-0.3294,1.1064
739,18:15:07.444,1376,-0.3280,1.1089
740,18:15:07.444,1376,-0.3280,1.1089
741,18:15:07.445,1373,-0.3294,1.1064
742,18:15:07.445,1373,-0.3294,1.1064
743,18:15:07.446,1375,-0.3284,1.1081
744,18:15:07.446,1376,-0.3280,1.1089
745,18:15:07.447,1373,-0.3294,1.1064
746,18:15:07.447,1375,-0.3284,1.1081
747,18:15:07.448,1376,-0.3280,1.1089
748,18:15:07.448,1372,-0.3299,1.1056
749,18:15:07.449,1372,-0.3299,1.1056
750,18:15:07.449,1375,-0.3284,1.1081
751,18:15:07.450,1374,-0.3289,1.1073
752,18:15:07.450,1375,-0.3284,1.1081
753,18:15:07.451,1374,-0.3289,1.1073
754,18:15:07.451,1374,-0.3289,1.1073
755,18:15:07.452,1372,-0.3299,1.1056
756,18:15:07.452,1373,-0.3294,1.1064
757,18:15:07.453,1374,-0.3289,1.1073
758,18:15:07.453,1371,-0.3304,1.1048
759,18:15:07.454,1374,-0.3289,1.1073
760,18:15:07.454,1373,-0.3294,1.1064
761,18:15:07.455,1371,-0.3304,1.1048
762,18:15:07.455,1373,-0.3294,1.1064
763,18:15:07.456,1373,-0.3294,1.1064
764,18:15:07.456,1374,-0.3289,1.1073
765,18:15:07.457,1374,-0.3289,1.1073
766,18:15:07.457,1373,-0.3294,1.1064
767,18:15:07.458,1372,-0.3299,1.1056
768,18:15:07.458,1374,-0.3289,1.1073
769,18:15:07.459,1374,-0.3289,1.1073
770,18:15:07.459,1372,-0.3299,1.1056
771,18:15:07.460,1373,-0.3294,1.1064
772,18:15:07.460,1373,-0.3294,1.1064
773,18:15:07.461,1373,-0.3294,1.1064
774,18:15:07.461,1372,-0.3299,1.1056
775,18:15:07.462,1371,-0.3304,1.1048
776,18:15:07.462,1373,-0.3294,1.1064
777,18:15:07.463,1370,-0.3309,1.1040
778,18:15:07.463,1371,-0.3304,1.1048
779,18:15:07.464,1374,-0.3289,1.1073
780,18:15:07.464,1369,-0.3314,1.1032
781,18:15:07.465,1373,-0.3294,1.1064
782,18:15:07.465,1373,-0.3294,1.1064
783,18:15:07.466,1373,-0.3294,1.1064
784,18:15:07.466,1372,-0.3299,1.1056
785,18:15:07.467,1373,-0.3294,1.1064
786,18:15:07.467,1372,-0.3299,1.1056
787,18:15:07.468,1371,-0.3304,1.1048
788,18:15:07.468,1369,-0.3314,1.1032
789,18:15:07.469,1370,-0.3309,1.1040
790,18:15:07.469,1369,-0.3314,1.1032
791,18:15:07.470,1371,-0.3304,1.1048
792,18:15:07.470,1373,-0.3294,1.1064
793,18:15:07.471,1370,-0.3309,1.1040
794,18:15:07.471,1371,-0.3304,1.1048
795,18:15:07.472,1370,-0.3309,1.1040
796,18:15:07.472,1373,-0.3294,1.1064
797,18:15:07.473,1372,-0.3299,1.1056
798,18:15:07.473,1372,-0.3299,1.1056
799,18:15:07.474,1372,-0.3299,1.1056
800,18:15:07.474,1370,-0.3309,1.1040
801,18:15:07.475,1369,-0.3314,1.1032
802,18:15:07.475,1373,-0.3294,1.1064
803,18:15:07.476,1370,-0.3309,1.1040
804,18:15:07.476,1372,-0.3299,1.1056
805,18:15:07.477,1369,-0.3314,1.1032
806,18:15:07.477,1372,-0.3299,1.1056
807,18:15:07.478,1372,-0.3299,1.1056
808,18:15:07.478,1370,-0.3309,1.1040
809,18:15:07.479,1370,-0.3309,1.1040
810,18:15:07.479,1369,-0.3314,1.1032
811,18:15:07.480,1369,-0.3314,1.1032
812,18:15:07.480,1373,-0.3294,1.1064
813,18:15:07.481,1372,-0.3299,1.1056
814,18:15:07.481,1372,-0.3299,1.1056
815,18:15:07.482,1370,-0.3309,1.1040
816,18:15:07.482,1368,-0.3319,1.1024
817,18:15:07.483,1372,-0.3299,1.1056
818,18:15:07.483,1372,-0.3299,1.1056
819,18:15:07.484,1371,-0.3304,1.1048
820,18:15:07.484,1371,-0.3304,1.1048
821,18:15:07.485,1368,-0.3319,1.1024
822,18:15:07.485,1371,-0.3304,1.1048
823,18:15:07.486,1372,-0.3299,1.1056
824,18:15:07.486,1371,-0.3304,1.1048
825,18:15:07.487,1371,-0.3304,1.1048
826,18:15:07.487,1372,-0.3299,1.1056
827,18:15:07.488,1369,-0.3314,1.1032
828,18:15:07.488,1373,-0.3294,1.1064
829,18:15:07.489,1374,-0.3289,1.1073
830,18:15:07.489,1372,-0.3299,1.1056
831,18:15:07.490,1373,-0.3294,1.1064
832,18:15:07.490,1368,-0.3319,1.1024
833,18:15:07.491,1371,-0.3304,1.1048
834,18:15:07.491,1371,-0.3304,1.1048
835,18:15:07.492,1369,-0.3314,1.1032
836,18:15:07.492,1370,-0.3309,1.1040
837,18:15:07.493,1370,-0.3309,1.1040
838,18:15:07.493,1370,-0.3309,1.1040
839,18:15:07.494,1372,-0.3299,1.1056
840,18:15:07.494,1370,-0.3309,1.1040
841,18:15:07.495,1370,-0.3309,1.1040
842,18:15:07.495,1369,-0.3314,1.1032
843,18:15:07.496,1369,-0.3314,1.1032
844,18:15:07.496,1369,-0.3314,1.1032
845,18:15:07.497,1372,-0.3299,1.1056
846,18:15:07.497,1371,-0.3304,1.1048
847,18:15:07.498,1372,-0.3299,1.1056
848,18:15:07.498,1370,-0.3309,1.1040
849,18:15:07.499,1373,-0.3294,1.1064
850,18:15:07.499,1373,-0.3294,1.1064
851,18:15:07.500,1372,-0.3299,1.1056
852,18:15:07.500,1368,-0.3319,1.1024
853,18:15:07.501,1372,-0.3299,1.1056
854,18:15:07.501,1372,-0.3299,1.1056
855,18:15:07.502,1370,-0.3309,1.1040
856,18:15:07.502,1374,-0.3289,1.1073
857,18:15:07.503,1370,-0.3309,1.1040
858,18:15:07.503,1369,-0.3314,1.1032
859,18:15:07.504,1373,-0.3294,1.1064
860,18:15:07.504,1372,-0.3299,1.1056
861,18:15:07.505,1370,-0.3309,1.1040
862,18:15:07.505,1372,-0.3299,1.1056
863,18:15:07.506,1373,-0.3294,1.1064
864,18:15:07.506,1373,-0.3294,1.1064
865,18:15:07.507,1372,-0.3299,1.1056
866,18:15:07.507,1373,-0.3294,1.1064
867,18:15:07.508,1371,-0.3304,1.1048
868,18:15:07.508,1373,-0.3294,1.1064
869,18:15:07.509,1370,-0.3309,1.1040
870,18:15:07.509,1372,-0.3299,1.1056
871,18:15:07.510,1371,-0.3304,1.1048
872,18:15:07.510,1372,-0.3299,1.1056
873,18:15:07.511,1373,-0.3294,1.1064
874,18:15:07.511,1374,-0.3289,1.1073
875,18:15:07.512,1374,-0.3289,1.1073
876,18:15:07.512,1370,-0.3309,1.1040
877,18:15:07.513,1372,-0.3299,1.1056
878,18:15:07.513,1373,-0.3294,1.1064
879,18:15:07.514,1372,-0.3299,1.1056
880,18:15:07.514,1374,-0.3289,1.1073
881,18:15:07.515,1374,-0.3289,1.1073
882,18:15:07.515,1377,-0.3275,1.1097
883,18:15:07.516,1373,-0.3294,1.1064
884,18:15:07.516,1374,-0.3289,1.1073
885,18:15:07.517,1374,-0.3289,1.1073
886,18:15:07.517,1373,-0.3294,1.1064
887,18:15:07.518,1374,-0.3289,1.1073
888,18:15:07.518,1374,-0.3289,1.1073
889,18:15:07.519,1374,-0.3289,1.1073
890,18:15:07.519,1373,-0.3294,1.1064
891,18:15:07.520,1372,-0.3299,1.1056
892,18:15:07.520,1374,-0.3289,1.1073
893,18:15:07.521,1374,-0.3289,1.1073
894,18:15:07.521,1373,-0.3294,1.1064
895,18:15:07.522,1374,-0.3289,1.1073
896,18:15:07.522,1375,-0.3284,1.1081
897,18:15:07.523,1372,-0.3299,1.1056
898,18:15:07.523,1372,-0.3299,1.1056
899,18:15:07.524,1372,-0.3299,1.1056
900,18:15:07.524,1373,-0.3294,1.1064
901,18:15:07.525,1375,-0.3284,1.1081
902,18:15:07.525,1373,-0.3294,1.1064
903,18:15:07.526,1372,-0.3299,1.1056
904,18:15:07.526,1372,-0.3299,1.1056
905,18:15:07.527,1372,-0.3299,1.1056
906,18:15:07.527,1374,-0.3289,1.1073
907,18:15:07.528,1375,-0.3284,1.1081
908,18:15:07.528,1370,-0.3309,1.1040
909,18:15:07.529,1375,-0.3284,1.1081
910,18:15:07.529,1371,-0.3304,1.1048
911,18:15:07.530,1373,-0.3294,1.1064
912,18:15:07.530,1373,-0.3294,1.1064
913,18:15:07.531,1372,-0.3299,1.1056
914,18:15:07.531,1372,-0.3299,1.1056
915,18:15:07.532,1375,-0.3284,1.1081
916,18:15:07.532,1375,-0.3284,1.1081
917,18:15:07.533,1370,-0.3309,1.1040
918,18:15:07.533,1374,-0.3289,1.1073
919,18:15:07.534,1374,-0.3289,1.1073
920,18:15:07.534,1372,-0.3299,1.1056
921,18:15:07.535,1372,-0.3299,1.1056
922,18:15:07.535,1374,-0.3289,1.1073
923,18:15:07.536,1372,-0.3299,1.1056
924,18:15:07.536,1373,-0.3294,1.1064
925,18:15:07.537,1373,-0.3294,1.1064
926,18:15:07.537,1372,-0.3299,1.1056
927,18:15:07.538,1372,-0.3299,1.1056
928,18:15:07.538,1374,-0.3289,1.1073
929,18:15:07.539,1373,-0.3294,1.1064
930,18:15:07.539,1370,-0.3309,1.1040
931,18:15:07.540,1372,-0.3299,1.1056
932,18:15:07.540,1370,-0.3309,1.1040
933,18:15:07.541,1371,-0.3304,1.1048
934,18:15:07.541,1374,-0.3289,1.1073
935,18:15:07.542,1373,-0.3294,1.1064
936,18:15:07.542,1373,-0.3294,1.1064
937,18:15:07.543,1374,-0.3289,1.1073
938,18:15:07.543,1375,-0.3284,1.1081
939,18:15:07.544,1370,-0.3309,1.1040
940,18:15:07.544,1375,-0.3284,1.1081
941,18:15:07.545,1375,-0.3284,1.1081
942,18:15:07.545,1373,-0.3294,1.1064
943,18:15:07.546,1374,-0.3289,1.1073
944,18:15:07.546,1373,-0.3294,1.1064
945,18:15:07.547,1374,-0.3289,1.1073
946,18:15:07.547,1374,-0.3289,1.1073
947,18:15:07.548,1374,-0.3289,1.1073
948,18:15:07.548,1374,-0.3289,1.1073
949,18:15:07.549,1373,-0.3294,1.1064
950,18:15:07.549,1375,-0.3284,1.1081
951,18:15:07.550,1375,-0.3284,1.1081
952,18:15:07.550,1371,-0.3304,1.1048
953,18:15:07.551,1372,-0.3299,1.1056
954,18:15:07.551,1372,-0.3299,1.1056
955,18:15:07.552,1373,-0.3294,1.1064
956,18:15:07.552,1373,-0.3294,1.1064
957,18:15:07.553,1370,-0.3309,1.1040
958,18:15:07.553,1372,-0.3299,1.1056
959,18:15:07.554,1372,-0.3299,1.1056
960,18:15:07.554,1372,-0.3299,1.1056
961,18:15:07.555,1374,-0.3289,1.1073
962,18:15:07.555,1371,-0.3304,1.1048
963,18:15:07.556,1373,-0.3294,1.1064
964,18:15:07.556,1374,-0.3289,1.1073
965,18:15:07.557,1373,-0.3294,1.1064
966,18:15:07.557,1374,-0.3289,1.1073
967,18:15:07.558,1373,-0.3294,1.1064
968,18:15:07.558,1373,-0.3294,1.1064
969,18:15:07.559,1370,-0.3309,1.1040
970,18:15:07.559,1371,-0.3304,1.1048
971,18:15:07.560,1371,-0.3304,1.1048
972,18:15:07.560,1372,-0.3299,1.1056
973,18:15:07.561,1373,-0.3294,1.1064
974,18:15:07.561,1373,-0.3294,1.1064
975,18:15:07.562,1373,-0.3294,1.1064
976,18:15:07.562,1373,-0.3294,1.1064
977,18:15:07.563,1371,-0.3304,1.1048
978,18:15:07.563,1373,-0.3294,1.1064
979,18:15:07.564,1371,-0.3304,1.1048
980,18:15:07.564,1373,-0.3294,1.1064
981,18:15:07.565,1370,-0.3309,1.1040
982,18:15:07.565,1374,-0.3289,1.1073
983,18:15:07.566,1373,-0.3294,1.1064
984,18:15:07.566,1372,-0.3299,1.1056
985,18:15:07.567,1374,-0.3289,1.1073
986,18:15:07.567,1373,-0.3294,1.1064
987,18:15:07.568,1371,-0.3304,1.1048
988,18:15:07.568,1372,-0.3299,1.1056
989,18:15:07.569,1374,-0.3289,1.1073
990,18:15:07.569,1371,-0.3304,1.1048
991,18:15:07.570,1370,-0.3309,1.1040
992,18:15:07.570,1374,-0.3289,1.1073
993,18:15:07.571,1372,-0.3299,1.1056
994,18:15:07.571,1371,-0.3304,1.1048
995,18:15:07.572,1373,-0.3294,1.1064
996,18:15:07.572,1373,-0.3294,1.1064
997,18:15:07.573,1371,-0.3304,1.1048
998,18:15:07.573,1372,-0.3299,1.1056
999,18:15:07.574,1370,-0.3309,1.1040
1000,18:15:07.574,1373,-0.3294,1.1064
1001,18:15:07.575,1372,-0.3299,1.1056
1002,18:15:07.575,1371,-0.3304,1.1048
1003,18:15:07.576,1371,-0.3304,1.1048
1004,18:15:07.576,1369,-0.3314,1.1032
1005,18:15:07.577,1371,-0.3304,1.1048
1006,18:15:07.577,1373,-0.3294,1.1064
1007,18:15:07.578,1373,-0.3294,1.1064
1008,18:15:07.578,1371,-0.3304,1.1048
1009,18:15:07.579,1370,-0.3309,1.1040
1010,18:15:07.579,1372,-0.3299,1.1056
1011,18:15:07.580,1369,-0.3314,1.1032
1012,18:15:07.580,1371,-0.3304,1.1048
1013,18:15:07.581,1370,-0.3309,1.1040
1014,18:15:07.581,1368,-0.3319,1.1024
1015,18:15:07.582,1372,-0.3299,1.1056
1016,18:15:07.582,1371,-0.3304,1.1048
1017,18:15:07.583,1371,-0.3304,1.1048
1018,18:15:07.583,1369,-0.3314,1.1032
1019,18:15:07.584,1371,-0.3304,1.1048
1020,18:15:07.584,1372,-0.3299,1.1056
1021,18:15:07.585,1371,-0.3304,1.1048
1022,18:15:07.585,1372,-0.3299,1.1056
1023,18:15:07.586,1369,-0.3314,1.1032
1024,18:15:07.586,1372,-0.3299,1.1056
1025,18:15:07.587,1371,-0.3304,1.1048
1026,18:15:07.587,1372,-0.3299,1.1056
1027,18:15:07.588,1369,-0.3314,1.1032
1028,18:15:07.588,1371,-0.3304,1.1048
1029,18:15:07.589,1371,-0.3304,1.1048
1030,18:15:07.589,1369,-0.3314,1.1032
1031,18:15:07.590,1371,-0.3304,1.1048
1032,18:15:07.590,1369,-0.3314,1.1032
1033,18:15:07.591,1371,-0.3304,1.1048
1034,18:15:07.591,1371,-0.3304,1.1048
1035,18:15:07.592,1369,-0.3314,1.1032
1036,18:15:07.592,1368,-0.3319,1.1024
1037,18:15:07.593,1370,-0.3309,1.1040
1038,18:15:07.593,1370,-0.3309,1.1040
1039,18:15:07.594,1370,-0.3309,1.1040
1040,18:15:07.594,1370,-0.3309,1.1040
1041,18:15:07.595,1372,-0.3299,1.1056
1042,18:15:07.595,1368,-0.3319,1.1024
1043,18:15:07.596,1368,-0.3319,1.1024
1044,18:15:07.596,1373,-0.3294,1.1064
1045,18:15:07.597,1371,-0.3304,1.1048
1046,18:15:07.597,1368,-0.3319,1.1024
1047,18:15:07.598,1368,-0.3319,1.1024
1048,18:15:07.598,1370,-0.3309,1.1040
1049,18:15:07.599,1370,-0.3309,1.1040
1050,18:15:07.599,1370,-0.3309,1.1040
1051,18:15:07.600,1368,-0.3319,1.1024
1052,18:15:07.600,1369,-0.3314,1.1032
1053,18:15:07.601,1369,-0.3314,1.1032
1054,18:15:07.601,1370,-0.3309,1.1040
1055,18:15:07.602,1369,-0.3314,1.1032
1056,18:15:07.602,1369,-0.3314,1.1032
1057,18:15:07.603,1367,-0.3324,1.1016
1058,18:15:07.603,1373,-0.3294,1.1064
1059,18:15:07.604,1365,-0.3333,1.1000
1060,18:15:07.604,1368,-0.3319,1.1024
1061,18:15:07.605,1368,-0.3319,1.1024
1062,18:15:07.605,1368,-0.3319,1.1024
1063,18:15:07.606,1372,-0.3299,1.1056
1064,18:15:07.606,1369,-0.3314,1.1032
1065,18:15:07.607,1369,-0.3314,1.1032
1066,18:15:07.607,1369,-0.3314,1.1032
1067,18:15:07.608,1368,-0.3319,1.1024
1068,18:15:07.608,1371,-0.3304,1.1048
1069,18:15:07.609,1370,-0.3309,1.1040
1070,18:15:07.609,1372,-0.3299,1.1056
1071,18:15:07.610,1369,-0.3314,1.1032
1072,18:15:07.610,1368,-0.3319,1.1024
1073,18:15:07.611,1370,-0.3309,1.1040
1074,18:15:07.611,1368,-0.3319,1.1024
1075,18:15:07.612,1370,-0.3309,1.1040
1076,18:15:07.612,1368,-0.3319,1.1024
1077,18:15:07.613,1366,-0.3328,1.1008
1078,18:15:07.613,1369,-0.3314,1.1032
1079,18:15:07.614,1368,-0.3319,1.1024
1080,18:15:07.614,1369,-0.3314,1.1032
1081,18:15:07.615,1371,-0.3304,1.1048
1082,18:15:07.615,1371,-0.3304,1.1048
1083,18:15:07.616,1370,-0.3309,1.1040
1084,18:15:07.616,1368,-0.3319,1.1024
1085,18:15:07.617,1370,-0.3309,1.1040
1086,18:15:07.617,1371,-0.3304,1.1048
1087,18:15:07.618,1368,-0.3319,1.1024
1088,18:15:07.618,1371,-0.3304,1.1048
1089,18:15:07.619,1368,-0.3319,1.1024
1090,18:15:07.619,1368,-0.3319,1.1024
1091,18:15:07.620,1368,-0.3319,1.1024
1092,18:15:07.620,1372,-0.3299,1.1056
1093,18:15:07.621,1369,-0.3314,1.1032
1094,18:15:07.621,1370,-0.3309,1.1040
1095,18:15:07.622,1369,-0.3314,1.1032
1096,18:15:07.622,1368,-0.3319,1.1024
1097,18:15:07.623,1368,-0.3319,1.1024
1098,18:15:07.623,1369,-0.3314,1.1032
1099,18:15:07.624,1371,-0.3304,1.1048
1100,18:15:07.624,1367,-0.3324,1.1016
1101,18:15:07.625,1371,-0.3304,1.1048
1102,18:15:07.625,1368,-0.3319,1.1024
1103,18:15:07.626,1369,-0.3314,1.1032
1104,18:15:07.626,1366,-0.3328,1.1008
1105,18:15:07.627,1367,-0.3324,1.1016
1106,18:15:07.627,1370,-0.3309,1.1040
1107,18:15:07.628,1371,-0.3304,1.1048
1108,18:15:07.628,1368,-0.3319,1.1024
1109,18:15:07.629,1369,-0.3314,1.1032
1110,18:15:07.629,1368,-0.3319,1.1024
1111,18:15:07.630,1370,-0.3309,1.1040
1112,18:15:07.630,1368,-0.3319,1.1024
1113,18:15:07.631,1370,-0.3309,1.1040
1114,18:15:07.631,1370,-0.3309,1.1040
1115,18:15:07.632,1366,-0.3328,1.1008
1116,18:15:07.632,1370,-0.3309,1.1040
1117,18:15:07.633,1368,-0.3319,1.1024
1118,18:15:07.633,1369,-0.3314,1.1032
1119,18:15:07.634,1371,-0.3304,1.1048
1120,18:15:07.634,1367,-0.3324,1.1016
1121,18:15:07.635,1371,-0.3304,1.1048
1122,18:15:07.635,1371,-0.3304,1.1048
1123,18:15:07.636,1370,-0.3309,1.1040
1124,18:15:07.636,1367,-0.3324,1.1016
1125,18:15:07.637,1367,-0.3324,1.1016
1126,18:15:07.637,1370,-0.3309,1.1040
1127,18:15:07.638,1368,-0.3319,1.1024
1128,18:15:07.638,1371,-0.3304,1.1048
1129,18:15:07.639,1369,-0.3314,1.1032
1130,18:15:07.639,1368,-0.3319,1.1024
1131,18:15:07.640,1371,-0.3304,1.1048
1132,18:15:07.640,1369,-0.3314,1.1032
1133,18:15:07.641,1367,-0.3324,1.1016
1134,18:15:07.641,1367,-0.3324,1.1016
1135,18:15:07.642,1366,-0.3328,1.1008
1136,18:15:07.642,1366,-0.3328,1.1008
1137,18:15:07.643,1368,-0.3319,1.1024
1138,18:15:07.643,1370,-0.3309,1.1040
1139,18:15:07.644,1370,-0.3309,1.1040
1140,18:15:07.644,1367,-0.3324,1.1016
1141,18:15:07.645,1366,-0.3328,1.1008
1142,18:15:07.645,1370,-0.3309,1.1040
1143,18:15:07.646,1371,-0.3304,1.1048
1144,18:15:07.646,1372,-0.3299,1.1056
1145,18:15:07.647,1369,-0.3314,1.1032
1146,18:15:07.647,1368,-0.3319,1.1024
1147,18:15:07.648,1369,-0.3314,1.1032
1148,18:15:07.648,1372,-0.3299,1.1056
1149,18:15:07.649,1369,-0.3314,1.1032
1150,18:15:07.649,1369,-0.3314,1.1032
1151,18:15:07.650,1369,-0.3314,1.1032
1152,18:15:07.650,1371,-0.3304,1.1048
1153,18:15:07.651,1369,-0.3314,1.1032
1154,18:15:07.651,1368,-0.3319,1.1024
1155,18:15:07.652,1369,-0.3314,1.1032
1156,18:15:07.652,1370,-0.3309,1.1040
1157,18:15:07.653,1370,-0.3309,1.1040
1158,18:15:07.653,1371,-0.3304,1.1048
1159,18:15:07.654,1371,-0.3304,1.1048
1160,18:15:07.654,1372,-0.3299,1.1056
1161,18:15:07.655,1371,-0.3304,1.1048
1162,18:15:07.655,1368,-0.3319,1.1024
1163,18:15:07.656,1371,-0.3304,1.1048
1164,18:15:07.656,1368,-0.3319,1.1024
1165,18:15:07.657,1369,-0.3314,1.1032
1166,18:15:07.657,1373,-0.3294,1.1064
1167,18:15:07.658,1372,-0.3299,1.1056
1168,18:15:07.658,1368,-0.3319,1.1024
1169,18:15:07.659,1372,-0.3299,1.1056
1170,18:15:07.659,1368,-0.3319,1.1024
1171,18:15:07.660,1368,-0.3319,1.1024
1172,18:15:07.660,1369,-0.3314,1.1032
1173,18:15:07.661,1371,-0.3304,1.1048
1174,18:15:07.661,1368,-0.3319,1.1024
1175,18:15:07.662,1370,-0.3309,1.1040
1176,18:15:07.662,1368,-0.3319,1.1024
1177,18:15:07.663,1371,-0.3304,1.1048
1178,18:15:07.663,1372,-0.3299,1.1056
1179,18:15:07.664,1370,-0.3309,1.1040
1180,18:15:07.664,1370,-0.3309,1.1040
1181,18:15:07.665,1371,-0.3304,1.1048
1182,18:15:07.665,1369,-0.3314,1.1032
1183,18:15:07.666,1369,-0.3314,1.1032
1184,18:15:07.666,1371,-0.3304,1.1048
1185,18:15:07.667,1369,-0.3314,1.1032
1186,18:15:07.667,1369,-0.3314,1.1032
1187,18:15:07.668,1368,-0.3319,1.1024
1188,18:15:07.668,1370,-0.3309,1.1040
1189,18:15:07.669,1368,-0.3319,1.1024
1190,18:15:07.669,1369,-0.3314,1.1032
1191,18:15:07.670,1367,-0.3324,1.1016
1192,18:15:07.670,1368,-0.3319,1.1024
1193,18:15:07.671,1369,-0.3314,1.1032
1194,18:15:07.671,1368,-0.3319,1.1024
1195,18:15:07.672,1368,-0.3319,1.1024
1196,18:15:07.672,1369,-0.3314,1.1032
1197,18:15:07.673,1369,-0.3314,1.1032
1198,18:15:07.673,1368,-0.3319,1.1024
1199,18:15:07.674,1368,-0.3319,1.1024
1200,18:15:07.674,1371,-0.3304,1.1048
1201,18:15:07.675,1368,-0.3319,1.1024
1202,18:15:07.675,1372,-0.3299,1.1056
1203,18:15:07.676,1368,-0.3319,1.1024
1204,18:15:07.676,1372,-0.3299,1.1056
1205,18:15:07.677,1370,-0.3309,1.1040
1206,18:15:07.677,1369,-0.3314,1.1032
1207,18:15:07.678,1372,-0.3299,1.1056
1208,18:15:07.678,1371,-0.3304,1.1048
1209,18:15:07.679,1370,-0.3309,1.1040
1210,18:15:07.679,1369,-0.3314,1.1032
1211,18:15:07.680,1372,-0.3299,1.1056
1212,18:15:07.680,1370,-0.3309,1.1040
1213,18:15:07.681,1369,-0.3314,1.1032
1214,18:15:07.681,1367,-0.3324,1.1016
1215,18:15:07.682,1373,-0.3294,1.1064
1216,18:15:07.682,1368,-0.3319,1.1024
1217,18:15:07.683,1372,-0.3299,1.1056
1218,18:15:07.683,1370,-0.3309,1.1040
1219,18:15:07.684,1370,-0.3309,1.1040
1220,18:15:07.684,1368,-0.3319,1.1024
1221,18:15:07.685,1372,-0.3299,1.1056
1222,18:15:07.685,1370,-0.3309,1.1040
1223,18:15:07.686,1370,-0.3309,1.1040
1224,18:15:07.686,1372,-0.3299,1.1056
1225,18:15:07.687,1370,-0.3309,1.1040
1226,18:15:07.687,1372,-0.3299,1.1056
1227,18:15:07.688,1372,-0.3299,1.1056
1228,18:15:07.688,1372,-0.3299,1.1056
1229,18:15:07.689,1371,-0.3304,1.1048
1230,18:15:07.689,1370,-0.3309,1.1040
1231,18:15:07.690,1370,-0.3309,1.1040
1232,18:15:07.690,1369,-0.3314,1.1032
1233,18:15:07.691,1372,-0.3299,1.1056
1234,18:15:07.691,1369,-0.3314,1.1032
1235,18:15:07.692,1371,-0.3304,1.1048
1236,18:15:07.692,1372,-0.3299,1.1056
1237,18:15:07.693,1370,-0.3309,1.1040
1238,18:15:07.693,1369,-0.3314,1.1032
1239,18:15:07.694,1369,-0.3314,1.1032
1240,18:15:07.694,1367,-0.3324,1.1016
1241,18:15:07.695,1369,-0.3314,1.1032
1242,18:15:07.695,1371,-0.3304,1.1048
1243,18:15:07.696,1368,-0.3319,1.1024
1244,18:15:07.696,1369,-0.3314,1.1032
1245,18:15:07.697,1370,-0.3309,1.1040
1246,18:15:07.697,1368,-0.3319,1.1024
1247,18:15:07.698,1368,-0.3319,1.1024
1248,18:15:07.698,1367,-0.3324,1.1016
1249,18:15:07.699,1370,-0.3309,1.1040
1250,18:15:07.699,1369,-0.3314,1.1032
1251,18:15:07.700,1370,-0.3309,1.1040
1252,18:15:07.700,1368,-0.3319,1.1024
1253,18:15:07.701,1368,-0.3319,1.1024
1254,18:15:07.701,1367,-0.3324,1.1016
1255,18:15:07.702,1371,-0.3304,1.1048
1256,18:15:07.702,1369,-0.3314,1.1032
1257,18:15:07.703,1367,-0.3324,1.1016
1258,18:15:07.703,1369,-0.3314,1.1032
1259,18:15:07.704,1367,-0.3324,1.1016
1260,18:15:07.704,1368,-0.3319,1.1024
1261,18:15:07.705,1367,-0.3324,1.1016
1262,18:15:07.705,1366,-0.3328,1.1008
1263,18:15:07.706,1370,-0.3309,1.1040
1264,18:15:07.706,1368,-0.3319,1.1024
1265,18:15:07.707,1367,-0.3324,1.1016
1266,18:15:07.707,1369,-0.3314,1.1032
1267,18:15:07.708,1366,-0.3328,1.1008
1268,18:15:07.708,1367,-0.3324,1.1016
1269,18:15:07.709,1367,-0.3324,1.1016
1270,18:15:07.709,1369,-0.3314,1.1032
1271,18:15:07.710,1367,-0.3324,1.1016
1272,18:15:07.710,1368,-0.3319,1.1024
1273,18:15:07.711,1368,-0.3319,1.1024
1274,18:15:07.711,1370,-0.3309,1.1040
1275,18:15:07.712,1367,-0.3324,1.1016
1276,18:15:07.712,1372,-0.3299,1.1056
1277,18:15:07.713,1367,-0.3324,1.1016
1278,18:15:07.713,1367,-0.3324,1.1016
1279,18:15:07.714,1367,-0.3324,1.1016
1280,18:15:07.714,1366,-0.3328,1.1008
1281,18:15:07.715,1369,-0.3314,1.1032
1282,18:15:07.715,1367,-0.3324,1.1016
1283,18:15:07.716,1367,-0.3324,1.1016
1284,18:15:07.716,1368,-0.3319,1.1024
1285,18:15:07.717,1369,-0.3314,1.1032
1286,18:15:07.717,1369,-0.3314,1.1032
1287,18:15:07.718,1369,-0.3314,1.1032
1288,18:15:07.718,1366,-0.3328,1.1008
1289,18:15:07.719,1368,-0.3319,1.1024
1290,18:15:07.719,1369,-0.3314,1.1032
1291,18:15:07.720,1366,-0.3328,1.1008
1292,18:15:07.720,1368,-0.3319,1.1024
1293,18:15:07.721,1368,-0.3319,1.1024
1294,18:15:07.721,1368,-0.3319,1.1024
1295,18:15:07.722,1367,-0.3324,1.1016
1296,18:15:07.722,1368,-0.3319,1.1024
1297,18:15:07.723,1368,-0.3319,1.1024
1298,18:15:07.723,1366,-0.3328,1.1008
1299,18:15:07.724,1367,-0.3324,1.1016
1300,18:15:07.724,1365,-0.3333,1.1000
1301,18:15:07.725,1367,-0.3324,1.1016
1302,18:15:07.725,1368,-0.3319,1.1024
1303,18:15:07.726,1367,-0.3324,1.1016
1304,18:15:07.726,1367,-0.3324,1.1016
1305,18:15:07.727,1369,-0.3314,1.1032
1306,18:15:07.727,1367,-0.3324,1.1016
1307,18:15:07.728,1367,-0.3324,1.1016
1308,18:15:07.728,1368,-0.3319,1.1024
1309,18:15:07.729,1366,-0.3328,1.1008
1310,18:15:07.729,1365,-0.3333,1.1000
1311,18:15:07.730,1366,-0.3328,1.1008
1312,18:15:07.730,1368,-0.3319,1.1024
1313,18:15:07.731,1370,-0.3309,1.1040
1314,18:15:07.731,1369,-0.3314,1.1032
1315,18:15:07.732,1367,-0.3324,1.1016
1316,18:15:07.732,1369,-0.3314,1.1032
1317,18:15:07.733,1368,-0.3319,1.1024
1318,18:15:07.733,1366,-0.3328,1.1008
1319,18:15:07.734,1367,-0.3324,1.1016
1320,18:15:07.734,1367,-0.3324,1.1016
1321,18:15:07.735,1365,-0.3333,1.1000
1322,18:15:07.735,1370,-0.3309,1.1040
1323,18:15:07.736,1370,-0.3309,1.1040
1324,18:15:07.736,1367,-0.3324,1.1016
1325,18:15:07.737,1367,-0.3324,1.1016
1326,18:15:07.737,1367,-0.3324,1.1016
1327,18:15:07.738,1371,-0.3304,1.1048
1328,18:15:07.738,1370,-0.3309,1.1040
1329,18:15:07.739,1370,-0.3309,1.1040
1330,18:15:07.739,1369,-0.3314,1.1032
1331,18:15:07.740,1370,-0.3309,1.1040
1332,18:15:07.740,1369,-0.3314,1.1032
1333,18:15:07.741,1369,-0.3314,1.1032
1334,18:15:07.741,1367,-0.3324,1.1016
1335,18:15:07.742,1367,-0.3324,1.1016
1336,18:15:07.742,1366,-0.3328,1.1008
1337,18:15:07.743,1370,-0.3309,1.1040
1338,18:15:07.743,1366,-0.3328,1.1008
1339,18:15:07.744,1369,-0.3314,1.1032
1340,18:15:07.744,1368,-0.3319,1.1024
1341,18:15:07.745,1370,-0.3309,1.1040
1342,18:15:07.745,1370,-0.3309,1.1040
1343,18:15:07.746,1367,-0.3324,1.1016
1344,18:15:07.746,1369,-0.3314,1.1032
1345,18:15:07.747,1370,-0.3309,1.1040
1346,18:15:07.747,1369,-0.3314,1.1032
1347,18:15:07.748,1367,-0.3324,1.1016
1348,18:15:07.748,1370,-0.3309,1.1040
1349,18:15:07.749,1370,-0.3309,1.1040
1350,18:15:07.749,1371,-0.3304,1.1048
1351,18:15:07.750,1370,-0.3309,1.1040
1352,18:15:07.750,1372,-0.3299,1.1056
1353,18:15:07.751,1370,-0.3309,1.1040
1354,18:15:07.751,1371,-0.3304,1.1048
1355,18:15:07.752,1369,-0.3314,1.1032
1356,18:15:07.752,1370,-0.3309,1.1040
1357,18:15:07.753,1368,-0.3319,1.1024
1358,18:15:07.753,1370,-0.3309,1.1040
1359,18:15:07.754,1367,-0.3324,1.1016
1360,18:15:07.754,1370,-0.3309,1.1040
1361,18:15:07.755,1366,-0.3328,1.1008
1362,18:15:07.755,1367,-0.3324,1.1016
1363,18:15:07.756,1368,-0.3319,1.1024
1364,18:15:07.756,1368,-0.3319,1.1024
1365,18:15:07.757,1369,-0.3314,1.1032
1366,18:15:07.757,1368,-0.3319,1.1024
1367,18:15:07.758,1368,-0.3319,1.1024
1368,18:15:07.758,1370,-0.3309,1.1040
1369,18:15:07.759,1368,-0.3319,1.1024
1370,18:15:07.759,1367,-0.3324,1.1016
1371,18:15:07.760,1370,-0.3309,1.1040
1372,18:15:07.760,1368,-0.3319,1.1024
1373,18:15:07.761,1369,-0.3314,1.1032
1374,18:15:07.761,1367,-0.3324,1.1016
1375,18:15:07.762,1367,-0.3324,1.1016
1376,18:15:07.762,1369,-0.3314,1.1032
1377,18:15:07.763,1367,-0.3324,1.1016
1378,18:15:07.763,1369,-0.3314,1.1032
1379,18:15:07.764,1367,-0.3324,1.1016
1380,18:15:07.764,1369,-0.3314,1.1032
1381,18:15:07.765,1366,-0.3328,1.1008
1382,18:15:07.765,1366,-0.3328,1.1008
1383,18:15:07.766,1369,-0.3314,1.1032
1384,18:15:07.766,1369,-0.3314,1.1032
1385,18:15:07.767,1371,-0.3304,1.1048
1386,18:15:07.767,1368,-0.3319,1.1024
1387,18:15:07.768,1368,-0.3319,1.1024
1388,18:15:07.768,1371,-0.3304,1.1048
1389,18:15:07.769,1369,-0.3314,1.1032
1390,18:15:07.769,1369,-0.3314,1.1032
1391,18:15:07.770,1367,-0.3324,1.1016
1392,18:15:07.770,1368,-0.3319,1.1024
1393,18:15:07.771,1368,-0.3319,1.1024
1394,18:15:07.771,1370,-0.3309,1.1040
1395,18:15:07.772,1368,-0.3319,1.1024
1396,18:15:07.772,1370,-0.3309,1.1040
1397,18:15:07.773,1368,-0.3319,1.1024
1398,18:15:07.773,1365,-0.3333,1.1000
1399,18:15:07.774,1369,-0.3314,1.1032
1400,18:15:07.774,1368,-0.3319,1.1024
1401,18:15:07.775,1367,-0.3324,1.1016
1402,18:15:07.775,1369,-0.3314,1.1032
1403,18:15:07.776,1369,-0.3314,1.1032
1404,18:15:07.776,1367,-0.3324,1.1016
1405,18:15:07.777,1370,-0.3309,1.1040
1406,18:15:07.777,1368,-0.3319,1.1024
1407,18:15:07.778,1370,-0.3309,1.1040
1408,18:15:07.778,1371,-0.3304,1.1048
1409,18:15:07.779,1368,-0.3319,1.1024
1410,18:15:07.779,1366,-0.3328,1.1008
1411,18:15:07.780,1367,-0.3324,1.1016
1412,18:15:07.780,1368,-0.3319,1.1024
1413,18:15:07.781,1366,-0.3328,1.1008
1414,18:15:07.781,1368,-0.3319,1.1024
1415,18:15:07.782,1369,-0.3314,1.1032
1416,18:15:07.782,1370,-0.3309,1.1040
1417,18:15:07.783,1370,-0.3309,1.1040
1418,18:15:07.783,1370,-0.3309,1.1040
1419,18:15:07.784,1368,-0.3319,1.1024
1420,18:15:07.784,1368,-0.3319,1.1024
1421,18:15:07.785,1369,-0.3314,1.1032
1422,18:15:07.785,1368,-0.3319,1.1024
1423,18:15:07.786,1371,-0.3304,1.1048
1424,18:15:07.786,1368,-0.3319,1.1024
1425,18:15:07.787,1368,-0.3319,1.1024
1426,18:15:07.787,1371,-0.3304,1.1048
1427,18:15:07.788,1367,-0.3324,1.1016
1428,18:15:07.788,1371,-0.3304,1.1048
1429,18:15:07.789,1370,-0.3309,1.1040
1430,18:15:07.789,1368,-0.3319,1.1024
1431,18:15:07.790,1369,-0.3314,1.1032
1432,18:15:07.790,1371,-0.3304,1.1048
1433,18:15:07.791,1368,-0.3319,1.1024
1434,18:15:07.791,1369,-0.3314,1.1032
1435,18:15:07.792,1368,-0.3319,1.1024
1436,18:15:07.792,1372,-0.3299,1.1056
1437,18:15:07.793,1368,-0.3319,1.1024
1438,18:15:07.793,1371,-0.3304,1.1048
1439,18:15:07.794,1369,-0.3314,1.1032
1440,18:15:07.794,1370,-0.3309,1.1040
1441,18:15:07.795,1369,-0.3314,1.1032
1442,18:15:07.795,1369,-0.3314,1.1032
1443,18:15:07.796,1370,-0.3309,1.1040
1444,18:15:07.796,1367,-0.3324,1.1016
1445,18:15:07.797,1370,-0.3309,1.1040
1446,18:15:07.797,1366,-0.3328,1.1008
1447,18:15:07.798,1368,-0.3319,1.1024
1448,18:15:07.798,1369,-0.3314,1.1032
1449,18:15:07.799,1369,-0.3314,1.1032
1450,18:15:07.799,1368,-0.3319,1.1024
1451,18:15:07.800,1367,-0.3324,1.1016
1452,18:15:07.800,1370,-0.3309,1.1040
1453,18:15:07.801,1367,-0.3324,1.1016
1454,18:15:07.801,1367,-0.3324,1.1016
1455,18:15:07.802,1368,-0.3319,1.1024
1456,18:15:07.802,1366,-0.3328,1.1008
1457,18:15:07.803,1366,-0.3328,1.1008
1458,18:15:07.803,1367,-0.3324,1.1016
1459,18:15:07.804,1370,-0.3309,1.1040
1460,18:15:07.804,1366,-0.3328,1.1008
1461,18:15:07.805,1368,-0.3319,1.1024
1462,18:15:07.805,1366,-0.3328,1.1008
1463,18:15:07.806,1367,-0.3324,1.1016
1464,18:15:07.806,1366,-0.3328,1.1008
1465,18:15:07.807,1369,-0.3314,1.1032
1466,18:15:07.807,1369,-0.3314,1.1032
1467,18:15:07.808,1369,-0.3314,1.1032
1468,18:15:07.808,1368,-0.3319,1.1024
1469,18:15:07.809,1367,-0.3324,1.1016
1470,18:15:07.809,1368,-0.3319,1.1024
1471,18:15:07.810,1366,-0.3328,1.1008
1472,18:15:07.810,1366,-0.3328,1.1008
1473,18:15:07.811,1366,-0.3328,1.1008
1474,18:15:07.811,1371,-0.3304,1.1048
1475,18:15:07.812,1366,-0.3328,1.1008
1476,18:15:07.812,1368,-0.3319,1.1024
1477,18:15:07.813,1366,-0.3328,1.1008
1478,18:15:07.813,1365,-0.3333,1.1000
1479,18:15:07.814,1367,-0.3324,1.1016
1480,18:15:07.814,1369,-0.3314,1.1032
1481,18:15:07.815,1366,-0.3328,1.1008
1482,18:15:07.815,1369,-0.3314,1.1032
1483,18:15:07.816,1366,-0.3328,1.1008
1484,18:15:07.816,1366,-0.3328,1.1008
1485,18:15:07.817,1364,-0.3338,1.0992
1486,18:15:07.817,1368,-0.3319,1.1024
1487,18:15:07.818,1367,-0.3324,1.1016
1488,18:15:07.818,1366,-0.3328,1.1008
1489,18:15:07.819,1368,-0.3319,1.1024
1490,18:15:07.819,1366,-0.3328,1.1008
1491,18:15:07.820,1368,-0.3319,1.1024
1492,18:15:07.820,1364,-0.3338,1.0992
1493,18:15:07.821,1368,-0.3319,1.1024
1494,18:15:07.821,1370,-0.3309,1.1040
1495,18:15:07.822,1366,-0.3328,1.1008
1496,18:15:07.822,1368,-0.3319,1.1024
1497,18:15:07.823,1368,-0.3319,1.1024
1498,18:15:07.823,1367,-0.3324,1.1016
1499,18:15:07.824,1366,-0.3328,1.1008
1500,18:15:07.824,1366,-0.3328,1.1008
1501,18:15:07.825,1368,-0.3319,1.1024
1502,18:15:07.825,1368,-0.3319,1.1024
1503,18:15:07.826,1366,-0.3328,1.1008
1504,18:15:07.826,1366,-0.3328,1.1008
1505,18:15:07.827,1367,-0.3324,1.1016
1506,18:15:07.827,1366,-0.3328,1.1008
1507,18:15:07.828,1369,-0.3314,1.1032
1508,18:15:07.828,1369,-0.3314,1.1032
1509,18:15:07.829,1369,-0.3314,1.1032
1510,18:15:07.829,1366,-0.3328,1.1008
1511,18:15:07.830,1366,-0.3328,1.1008
1512,18:15:07.830,1365,-0.3333,1.1000
1513,18:15:07.831,1365,-0.3333,1.1000
1514,18:15:07.831,1366,-0.3328,1.1008
1515,18:15:07.832,1370,-0.3309,1.1040
1516,18:15:07.832,1368,-0.3319,1.1024
1517,18:15:07.833,1366,-0.3328,1.1008
1518,18:15:07.833,1366,-0.3328,1.1008
1519,18:15:07.834,1369,-0.3314,1.1032
1520,18:15:07.834,1367,-0.3324,1.1016
1521,18:15:07.835,1366,-0.3328,1.1008
1522,18:15:07.835,1366,-0.3328,1.1008
1523,18:15:07.836,1368,-0.3319,1.1024
1524,18:15:07.836,1367,-0.3324,1.1016
1525,18:15:07.837,1368,-0.3319,1.1024
1526,18:15:07.837,1369,-0.3314,1.1032
1527,18:15:07.838,1368,-0.3319,1.1024
1528,18:15:07.838,1368,-0.3319,1.1024
1529,18:15:07.839,1368,-0.3319,1.1024
1530,18:15:07.839,1367,-0.3324,1.1016
1531,18:15:07.840,1368,-0.3319,1.1024
1532,18:15:07.840,1365,-0.3333,1.1000
1533,18:15:07.841,1363,-0.3343,1.0984
1534,18:15:07.841,1367,-0.3324,1.1016
1535,18:15:07.842,1368,-0.3319,1.1024
1536,18:15:07.842,1365,-0.3333,1.1000
1537,18:15:07.843,1367,-0.3324,1.1016
1538,18:15:07.843,1365,-0.3333,1.1000
1539,18:15:07.844,1366,-0.3328,1.1008
1540,18:15:07.844,1367,-0.3324,1.1016
1541,18:15:07.845,1367,-0.3324,1.1016
1542,18:15:07.845,1365,-0.3333,1.1000
1543,18:15:07.846,1366,-0.3328,1.1008
1544,18:15:07.846,1367,-0.3324,1.1016
1545,18:15:07.847,1365,-0.3333,1.1000
1546,18:15:07.847,1366,-0.3328,1.1008
1547,18:15:07.848,1367,-0.3324,1.1016
1548,18:15:07.848,1367,-0.3324,1.1016
1549,18:15:07.849,1369,-0.3314,1.1032
1550,18:15:07.849,1365,-0.3333,1.1000
1551,18:15:07.850,1367,-0.3324,1.1016
1552,18:15:07.850,1367,-0.3324,1.1016
1553,18:15:07.851,1369,-0.3314,1.1032
1554,18:15:07.851,1368,-0.3319,1.1024
1555,18:15:07.852,1369,-0.3314,1.1032
1556,18:15:07.852,1367,-0.3324,1.1016
1557,18:15:07.853,1366,-0.3328,1.1008
1558,18:15:07.853,1371,-0.3304,1.1048
1559,18:15:07.854,1369,-0.3314,1.1032
1560,18:15:07.854,1369,-0.3314,1.1032
1561,18:15:07.855,1369,-0.3314,1.1032
1562,18:15:07.855,1367,-0.3324,1.1016
1563,18:15:07.856,1369,-0.3314,1.1032
1564,18:15:07.856,1368,-0.3319,1.1024
1565,18:15:07.857,1368,-0.3319,1.1024
1566,18:15:07.857,1367,-0.3324,1.1016
1567,18:15:07.858,1367,-0.3324,1.1016
1568,18:15:07.858,1365,-0.3333,1.1000
1569,18:15:07.859,1368,-0.3319,1.1024
1570,18:15:07.859,1368,-0.3319,1.1024
1571,18:15:07.860,1367,-0.3324,1.1016
1572,18:15:07.860,1366,-0.3328,1.1008
1573,18:15:07.861,1367,-0.3324,1.1016
1574,18:15:07.861,1369,-0.3314,1.1032
1575,18:15:07.862,1367,-0.3324,1.1016
1576,18:15:07.862,1363,-0.3343,1.0984
1577,18:15:07.863,1368,-0.3319,1.1024
1578,18:15:07.863,1367,-0.3324,1.1016
1579,18:15:07.864,1365,-0.3333,1.1000
1580,18:15:07.864,1364,-0.3338,1.0992
1581,18:15:07.865,1366,-0.3328,1.1008
1582,18:15:07.865,1367,-0.3324,1.1016
1583,18:15:07.866,1367,-0.3324,1.1016
1584,18:15:07.866,1363,-0.3343,1.0984
1585,18:15:07.867,1366,-0.3328,1.1008
1586,18:15:07.867,1367,-0.3324,1.1016
1587,18:15:07.868,1365,-0.3333,1.1000
1588,18:15:07.868,1365,-0.3333,1.1000
1589,18:15:07.869,1364,-0.3338,1.0992
1590,18:15:07.869,1363,-0.3343,1.0984
1591,18:15:07.870,1368,-0.3319,1.1024
1592,18:15:07.870,1366,-0.3328,1.1008
1593,18:15:07.871,1363,-0.3343,1.0984
1594,18:15:07.871,1364,-0.3338,1.0992
1595,18:15:07.872,1366,-0.3328,1.1008
1596,18:15:07.872,1366,-0.3328,1.1008
1597,18:15:07.873,1366,-0.3328,1.1008
1598,18:15:07.873,1367,-0.3324,1.1016
1599,18:15:07.874,1368,-0.3319,1.1024
1600,18:15:07.874,1367,-0.3324,1.1016
1601,18:15:07.875,1369,-0.3314,1.1032
1602,18:15:07.875,1365,-0.3333,1.1000
1603,18:15:07.876,1367,-0.3324,1.1016
1604,18:15:07.876,1364,-0.3338,1.0992
1605,18:15:07.877,1366,-0.3328,1.1008
1606,18:15:07.877,1369,-0.3314,1.1032
1607,18:15:07.878,1365,-0.3333,1.1000
1608,18:15:07.878,1367,-0.3324,1.1016
1609,18:15:07.879,1367,-0.3324,1.1016
1610,18:15:07.879,1364,-0.3338,1.0992
1611,18:15:07.880,1368,-0.3319,1.1024
1612,18:15:07.880,1364,-0.3338,1.0992
1613,18:15:07.881,1364,-0.3338,1.0992
1614,18:15:07.881,1367,-0.3324,1.1016
1615,18:15:07.882,1365,-0.3333,1.1000
1616,18:15:07.882,1368,-0.3319,1.1024
1617,18:15:07.883,1369,-0.3314,1.1032
1618,18:15:07.883,1365,-0.3333,1.1000
1619,18:15:07.884,1364,-0.3338,1.0992
1620,18:15:07.884,1365,-0.3333,1.1000
1621,18:15:07.885,1365,-0.3333,1.1000
1622,18:15:07.885,1365,-0.3333,1.1000
1623,18:15:07.886,1367,-0.3324,1.1016
1624,18:15:07.886,1367,-0.3324,1.1016
1625,18:15:07.887,1367,-0.3324,1.1016
1626,18:15:07.887,1366,-0.3328,1.1008
1627,18:15:07.888,1367,-0.3324,1.1016
1628,18:15:07.888,1368,-0.3319,1.1024
1629,18:15:07.889,1368,-0.3319,1.1024
1630,18:15:07.889,1369,-0.3314,1.1032
1631,18:15:07.890,1365,-0.3333,1.1000
1632,18:15:07.890,1364,-0.3338,1.0992
1633,18:15:07.891,1367,-0.3324,1.1016
1634,18:15:07.891,1366,-0.3328,1.1008
1635,18:15:07.892,1367,-0.3324,1.1016
1636,18:15:07.892,1365,-0.3333,1.1000
1637,18:15:07.893,1364,-0.3338,1.0992
1638,18:15:07.893,1365,-0.3333,1.1000
1639,18:15:07.894,1367,-0.3324,1.1016
1640,18:15:07.894,1366,-0.3328,1.1008
1641,18:15:07.895,1366,-0.3328,1.1008
1642,18:15:07.895,1364,-0.3338,1.0992
1643,18:15:07.896,1366,-0.3328,1.1008
1644,18:15:07.896,1368,-0.3319,1.1024
1645,18:15:07.897,1366,-0.3328,1.1008
1646,18:15:07.897,1365,-0.3333,1.1000
1647,18:15:07.898,1368,-0.3319,1.1024
1648,18:15:07.898,1367,-0.3324,1.1016
1649,18:15:07.899,1368,-0.3319,1.1024
1650,18:15:07.899,1364,-0.3338,1.0992
1651,18:15:07.900,1368,-0.3319,1.1024
1652,18:15:07.900,1367,-0.3324,1.1016
1653,18:15:07.901,1363,-0.3343,1.0984
1654,18:15:07.901,1369,-0.3314,1.1032
1655,18:15:07.902,1364,-0.3338,1.0992
1656,18:15:07.902,1367,-0.3324,1.1016
1657,18:15:07.903,1368,-0.3319,1.1024
1658,18:15:07.903,1366,-0.3328,1.1008
1659,18:15:07.904,1367,-0.3324,1.1016
1660,18:15:07.904,1364,-0.3338,1.0992
1661,18:15:07.905,1366,-0.3328,1.1008
1662,18:15:07.905,1367,-0.3324,1.1016
1663,18:15:07.906,1366,-0.3328,1.1008
1664,18:15:07.906,1371,-0.3304,1.1048
1665,18:15:07.907,1365,-0.3333,1.1000
1666,18:15:07.907,1367,-0.3324,1.1016
1667,18:15:07.908,1366,-0.3328,1.1008
1668,18:15:07.908,1366,-0.3328,1.1008
1669,18:15:07.909,1366,-0.3328,1.1008
1670,18:15:07.909,1365,-0.3333,1.1000
1671,18:15:07.910,1365,-0.3333,1.1000
1672,18:15:07.910,1368,-0.3319,1.1024
1673,18:15:07.911,1366,-0.3328,1.1008
1674,18:15:07.911,1368,-0.3319,1.1024
1675,18:15:07.912,1370,-0.3309,1.1040
1676,18:15:07.912,1367,-0.3324,1.1016
1677,18:15:07.913,1366,-0.3328,1.1008
1678,18:15:07.913,1367,-0.3324,1.1016
1679,18:15:07.914,1367,-0.3324,1.1016
1680,18:15:07.914,1366,-0.3328,1.1008
1681,18:15:07.915,1367,-0.3324,1.1016
1682,18:15:07.915,1366,-0.3328,1.1008
1683,18:15:07.916,1365,-0.3333,1.1000
1684,18:15:07.916,1368,-0.3319,1.1024
1685,18:15:07.917,1368,-0.3319,1.1024
1686,18:15:07.917,1367,-0.3324,1.1016
1687,18:15:07.918,1365,-0.3333,1.1000
1688,18:15:07.918,1368,-0.3319,1.1024
1689,18:15:07.919,1366,-0.3328,1.1008
1690,18:15:07.919,1370,-0.3309,1.1040
1691,18:15:07.920,1365,-0.3333,1.1000
1692,18:15:07.920,1368,-0.3319,1.1024
1693,18:15:07.921,1365,-0.3333,1.1000
1694,18:15:07.921,1368,-0.3319,1.1024
1695,18:15:07.922,1368,-0.3319,1.1024
1696,18:15:07.922,1370,-0.3309,1.1040
1697,18:15:07.923,1365,-0.3333,1.1000
1698,18:15:07.923,1363,-0.3343,1.0984
1699,18:15:07.924,1367,-0.3324,1.1016
1700,18:15:07.924,1368,-0.3319,1.1024
1701,18:15:07.925,1366,-0.3328,1.1008
1702,18:15:07.925,1370,-0.3309,1.1040
1703,18:15:07.926,1369,-0.3314,1.1032
1704,18:15:07.926,1367,-0.3324,1.1016
1705,18:15:07.927,1367,-0.3324,1.1016
1706,18:15:07.927,1368,-0.3319,1.1024
1707,18:15:07.928,1367,-0.3324,1.1016
1708,18:15:07.928,1367,-0.3324,1.1016
1709,18:15:07.929,1369,-0.3314,1.1032
1710,18:15:07.929,1369,-0.3314,1.1032
1711,18:15:07.930,1369,-0.3314,1.1032
1712,18:15:07.930,1368,-0.3319,1.1024
1713,18:15:07.931,1371,-0.3304,1.1048
1714,18:15:07.931,1367,-0.3324,1.1016
1715,18:15:07.932,1367,-0.3324,1.1016
1716,18:15:07.932,1370,-0.3309,1.1040
1717,18:15:07.933,1369,-0.3314,1.1032
1718,18:15:07.933,1367,-0.3324,1.1016
1719,18:15:07.934,1368,-0.3319,1.1024
1720,18:15:07.934,1366,-0.3328,1.1008
1721,18:15:07.935,1367,-0.3324,1.1016
1722,18:15:07.935,1369,-0.3314,1.1032
1723,18:15:07.936,1371,-0.3304,1.1048
1724,18:15:07.936,1369,-0.3314,1.1032
1725,18:15:07.937,1372,-0.3299,1.1056
1726,18:15:07.937,1371,-0.3304,1.1048
1727,18:15:07.938,1371,-0.3304,1.1048
1728,18:15:07.938,1369,-0.3314,1.1032
1729,18:15:07.939,1372,-0.3299,1.1056
1730,18:15:07.939,1371,-0.3304,1.1048
1731,18:15:07.940,1372,-0.3299,1.1056
1732,18:15:07.940,1371,-0.3304,1.1048
1733,18:15:07.941,1372,-0.3299,1.1056
1734,18:15:07.941,1371,-0.3304,1.1048
1735,18:15:07.942,1369,-0.3314,1.1032
1736,18:15:07.942,1369,-0.3314,1.1032
1737,18:15:07.943,1369,-0.3314,1.1032
1738,18:15:07.943,1371,-0.3304,1.1048
1739,18:15:07.944,1367,-0.3324,1.1016
1740,18:15:07.944,1372,-0.3299,1.1056
1741,18:15:07.945,1368,-0.3319,1.1024
1742,18:15:07.945,1370,-0.3309,1.1040
1743,18:15:07.946,1369,-0.3314,1.1032
1744,18:15:07.946,1371,-0.3304,1.1048
1745,18:15:07.947,1370,-0.3309,1.1040
1746,18:15:07.947,1369,-0.3314,1.1032
1747,18:15:07.948,1372,-0.3299,1.1056
1748,18:15:07.948,1371,-0.3304,1.1048
1749,18:15:07.949,1373,-0.3294,1.1064
1750,18:15:07.949,1370,-0.3309,1.1040
1751,18:15:07.950,1368,-0.3319,1.1024
1752,18:15:07.950,1370,-0.3309,1.1040
1753,18:15:07.951,1372,-0.3299,1.1056
1754,18:15:07.951,1373,-0.3294,1.1064
1755,18:15:07.952,1370,-0.3309,1.1040
1756,18:15:07.952,1371,-0.3304,1.1048
1757,18:15:07.953,1369,-0.3314,1.1032
1758,18:15:07.953,1372,-0.3299,1.1056
1759,18:15:07.954,1373,-0.3294,1.1064
1760,18:15:07.954,1372,-0.3299,1.1056
1761,18:15:07.955,1369,-0.3314,1.1032
1762,18:15:07.955,1370,-0.3309,1.1040
1763,18:15:07.956,1371,-0.3304,1.1048
1764,18:15:07.956,1371,-0.3304,1.1048
1765,18:15:07.957,1371,-0.3304,1.1048
1766,18:15:07.957,1369,-0.3314,1.1032
1767,18:15:07.958,1372,-0.3299,1.1056
1768,18:15:07.958,1369,-0.3314,1.1032
1769,18:15:07.959,1371,-0.3304,1.1048
1770,18:15:07.959,1370,-0.3309,1.1040
1771,18:15:07.960,1368,-0.3319,1.1024
1772,18:15:07.960,1371,-0.3304,1.1048
1773,18:15:07.961,1368,-0.3319,1.1024
1774,18:15:07.961,1367,-0.3324,1.1016
1775,18:15:07.962,1371,-0.3304,1.1048
1776,18:15:07.962,1369,-0.3314,1.1032
1777,18:15:07.963,1371,-0.3304,1.1048
1778,18:15:07.963,1370,-0.3309,1.1040
1779,18:15:07.964,1371,-0.3304,1.1048
1780,18:15:07.964,1372,-0.3299,1.1056
1781,18:15:07.965,1371,-0.3304,1.1048
1782,18:15:07.965,1371,-0.3304,1.1048
1783,18:15:07.966,1367,-0.3324,1.1016
1784,18:15:07.966,1369,-0.3314,1.1032
1785,18:15:07.967,1368,-0.3319,1.1024
1786,18:15:07.967,1371,-0.3304,1.1048
1787,18:15:07.968,1366,-0.3328,1.1008
1788,18:15:07.968,1368,-0.3319,1.1024
1789,18:15:07.969,1369,-0.3314,1.1032
1790,18:15:07.969,1370,-0.3309,1.1040
1791,18:15:07.970,1368,-0.3319,1.1024
1792,18:15:07.970,1368,-0.3319,1.1024
1793,18:15:07.971,1365,-0.3333,1.1000
1794,18:15:07.971,1369,-0.3314,1.1032
1795,18:15:07.972,1370,-0.3309,1.1040
1796,18:15:07.972,1366,-0.3328,1.1008
1797,18:15:07.973,1372,-0.3299,1.1056
1798,18:15:07.973,1367,-0.3324,1.1016
1799,18:15:07.974,1370,-0.3309,1.1040
1800,18:15:07.974,1368,-0.3319,1.1024
1801,18:15:07.975,1370,-0.3309,1.1040
1802,18:15:07.975,1366,-0.3328,1.1008
1803,18:15:07.976,1371,-0.3304,1.1048
1804,18:15:07.976,1369,-0.3314,1.1032
1805,18:15:07.977,1369,-0.3314,1.1032
1806,18:15:07.977,1365,-0.3333,1.1000
1807,18:15:07.978,1369,-0.3314,1.1032
1808,18:15:07.978,1367,-0.3324,1.1016
1809,18:15:07.979,1366,-0.3328,1.1008
1810,18:15:07.979,1369,-0.3314,1.1032
1811,18:15:07.980,1367,-0.3324,1.1016
1812,18:15:07.980,1367,-0.3324,1.1016
1813,18:15:07.981,1368,-0.3319,1.1024
1814,18:15:07.981,1366,-0.3328,1.1008
1815,18:15:07.982,1369,-0.3314,1.1032
1816,18:15:07.982,1367,-0.3324,1.1016
1817,18:15:07.983,1369,-0.3314,1.1032
1818,18:15:07.983,1368,-0.3319,1.1024
1819,18:15:07.984,1370,-0.3309,1.1040
1820,18:15:07.984,1367,-0.3324,1.1016
1821,18:15:07.985,1365,-0.3333,1.1000
1822,18:15:07.985,1370,-0.3309,1.1040
1823,18:15:07.986,1369,-0.3314,1.1032
1824,18:15:07.986,1370,-0.3309,1.1040
1825,18:15:07.987,1370,-0.3309,1.1040
1826,18:15:07.987,1367,-0.3324,1.1016
1827,18:15:07.988,1367,-0.3324,1.1016
1828,18:15:07.988,1370,-0.3309,1.1040
1829,18:15:07.989,1367,-0.3324,1.1016
1830,18:15:07.989,1366,-0.3328,1.1008
1831,18:15:07.990,1371,-0.3304,1.1048
1832,18:15:07.990,1366,-0.3328,1.1008
1833,18:15:07.991,1371,-0.3304,1.1048
1834,18:15:07.991,1371,-0.3304,1.1048
1835,18:15:07.992,1369,-0.3314,1.1032
1836,18:15:07.992,1368,-0.3319,1.1024
1837,18:15:07.993,1369,-0.3314,1.1032
1838,18:15:07.993,1370,-0.3309,1.1040
1839,18:15:07.994,1370,-0.3309,1.1040
1840,18:15:07.994,1370,-0.3309,1.1040
1841,18:15:07.995,1368,-0.3319,1.1024
1842,18:15:07.995,1369,-0.3314,1.1032
1843,18:15:07.996,1368,-0.3319,1.1024
1844,18:15:07.996,1369,-0.3314,1.1032
1845,18:15:07.997,1370,-0.3309,1.1040
1846,18:15:07.997,1367,-0.3324,1.1016
1847,18:15:07.998,1368,-0.3319,1.1024
1848,18:15:07.998,1365,-0.3333,1.1000
1849,18:15:07.999,1370,-0.3309,1.1040
1850,18:15:07.999,1366,-0.3328,1.1008
1851,18:15:08.000,1364,-0.3338,1.0992
1852,18:15:08.000,1366,-0.3328,1.1008
1853,18:15:08.001,1365,-0.3333,1.1000
1854,18:15:08.001,1367,-0.3324,1.1016
1855,18:15:08.002,1368,-0.3319,1.1024
1856,18:15:08.002,1366,-0.3328,1.1008
1857,18:15:08.003,1365,-0.3333,1.1000
1858,18:15:08.003,1368,-0.3319,1.1024
1859,18:15:08.004,1369,-0.3314,1.1032
1860,18:15:08.004,1366,-0.3328,1.1008
1861,18:15:08.005,1366,-0.3328,1.1008
1862,18:15:08.005,1366,-0.3328,1.1008
1863,18:15:08.006,1366,-0.3328,1.1008
1864,18:15:08.006,1369,-0.3314,1.1032
1865,18:15:08.007,1367,-0.3324,1.1016
1866,18:15:08.007,1369,-0.3314,1.1032
1867,18:15:08.008,1369,-0.3314,1.1032
1868,18:15:08.008,1368,-0.3319,1.1024
1869,18:15:08.009,1369,-0.3314,1.1032
1870,18:15:08.009,1366,-0.3328,1.1008
1871,18:15:08.010,1370,-0.3309,1.1040
1872,18:15:08.010,1372,-0.3299,1.1056
1873,18:15:08.011,1366,-0.3328,1.1008
1874,18:15:08.011,1370,-0.3309,1.1040
1875,18:15:08.012,1369,-0.3314,1.1032
1876,18:15:08.012,1367,-0.3324,1.1016
1877,18:15:08.013,1368,-0.3319,1.1024
1878,18:15:08.013,1366,-0.3328,1.1008
1879,18:15:08.014,1370,-0.3309,1.1040
1880,18:15:08.014,1367,-0.3324,1.1016
1881,18:15:08.015,1368,-0.3319,1.1024
1882,18:15:08.015,1367,-0.3324,1.1016
1883,18:15:08.016,1368,-0.3319,1.1024
1884,18:15:08.016,1369,-0.3314,1.1032
1885,18:15:08.017,1366,-0.3328,1.1008
1886,18:15:08.017,1368,-0.3319,1.1024
1887,18:15:08.018,1367,-0.3324,1.1016
1888,18:15:08.018,1367,-0.3324,1.1016
1889,18:15:08.019,1367,-0.3324,1.1016
1890,18:15:08.019,1370,-0.3309,1.1040
1891,18:15:08.020,1369,-0.3314,1.1032
1892,18:15:08.020,1367,-0.3324,1.1016
1893,18:15:08.021,1367,-0.3324,1.1016
1894,18:15:08.021,1370,-0.3309,1.1040
1895,18:15:08.022,1367,-0.3324,1.1016
1896,18:15:08.022,1369,-0.3314,1.1032
1897,18:15:08.023,1367,-0.3324,1.1016
1898,18:15:08.023,1367,-0.3324,1.1016
1899,18:15:08.024,1366,-0.3328,1.1008
1900,18:15:08.024,1369,-0.3314,1.1032
1901,18:15:08.025,1364,-0.3338,1.0992
1902,18:15:08.025,1368,-0.3319,1.1024
1903,18:15:08.026,1365,-0.3333,1.1000
1904,18:15:08.026,1369,-0.3314,1.1032
1905,18:15:08.027,1367,-0.3324,1.1016
1906,18:15:08.027,1366,-0.3328,1.1008
1907,18:15:08.028,1366,-0.3328,1.1008
1908,18:15:08.028,1369,-0.3314,1.1032
1909,18:15:08.029,1368,-0.3319,1.1024
1910,18:15:08.029,1368,-0.3319,1.1024
1911,18:15:08.030,1368,-0.3319,1.1024
1912,18:15:08.030,1366,-0.3328,1.1008
1913,18:15:08.031,1369,-0.3314,1.1032
1914,18:15:08.031,1368,-0.3319,1.1024
1915,18:15:08.032,1365,-0.3333,1.1000
1916,18:15:08.032,1365,-0.3333,1.1000
1917,18:15:08.033,1368,-0.3319,1.1024
1918,18:15:08.033,1369,-0.3314,1.1032
1919,18:15:08.034,1366,-0.3328,1.1008
1920,18:15:08.034,1365,-0.3333,1.1000
1921,18:15:08.035,1368,-0.3319,1.1024
1922,18:15:08.035,1365,-0.3333,1.1000
1923,18:15:08.036,1364,-0.3338,1.0992
1924,18:15:08.036,1366,-0.3328,1.1008
1925,18:15:08.037,1366,-0.3328,1.1008
1926,18:15:08.037,1369,-0.3314,1.1032
1927,18:15:08.038,1369,-0.3314,1.1032
1928,18:15:08.038,1368,-0.3319,1.1024
1929,18:15:08.039,1366,-0.3328,1.1008
1930,18:15:08.039,1366,-0.3328,1.1008
1931,18:15:08.040,1365,-0.3333,1.1000
1932,18:15:08.040,1366,-0.3328,1.1008
1933,18:15:08.041,1368,-0.3319,1.1024
1934,18:15:08.041,1370,-0.3309,1.1040
1935,18:15:08.042,1369,-0.3314,1.1032
1936,18:15:08.042,1366,-0.3328,1.1008
1937,18:15:08.043,1365,-0.3333,1.1000
1938,18:15:08.043,1366,-0.3328,1.1008
1939,18:15:08.044,1365,-0.3333,1.1000
1940,18:15:08.044,1370,-0.3309,1.1040
1941,18:15:08.045,1365,-0.3333,1.1000
1942,18:15:08.045,1369,-0.3314,1.1032
1943,18:15:08.046,1366,-0.3328,1.1008
1944,18:15:08.046,1368,-0.3319,1.1024
1945,18:15:08.047,1368,-0.3319,1.1024
1946,18:15:08.047,1366,-0.3328,1.1008
1947,18:15:08.048,1366,-0.3328,1.1008
1948,18:15:08.048,1367,-0.3324,1.1016
1949,18:15:08.049,1369,-0.3314,1.1032
1950,18:15:08.049,1368,-0.3319,1.1024
1951,18:15:08.050,1365,-0.3333,1.1000
1952,18:15:08.050,1367,-0.3324,1.1016
1953,18:15:08.051,1369,-0.3314,1.1032
1954,18:15:08.051,1369,-0.3314,1.1032
1955,18:15:08.052,1369,-0.3314,1.1032
1956,18:15:08.052,1368,-0.3319,1.1024
1957,18:15:08.053,1366,-0.3328,1.1008
1958,18:15:08.053,1368,-0.3319,1.1024
1959,18:15:08.054,1368,-0.3319,1.1024
1960,18:15:08.054,1363,-0.3343,1.0984
1961,18:15:08.055,1367,-0.3324,1.1016
1962,18:15:08.055,1366,-0.3328,1.1008
1963,18:15:08.056,1371,-0.3304,1.1048
1964,18:15:08.056,1370,-0.3309,1.1040
1965,18:15:08.057,1369,-0.3314,1.1032
1966,18:15:08.057,1368,-0.3319,1.1024
1967,18:15:08.058,1369,-0.3314,1.1032
1968,18:15:08.058,1366,-0.3328,1.1008
1969,18:15:08.059,1371,-0.3304,1.1048
1970,18:15:08.059,1368,-0.3319,1.1024
1971,18:15:08.060,1369,-0.3314,1.1032
1972,18:15:08.060,1367,-0.3324,1.1016
1973,18:15:08.061,1366,-0.3328,1.1008
1974,18:15:08.061,1370,-0.3309,1.1040
1975,18:15:08.062,1368,-0.3319,1.1024
1976,18:15:08.062,1367,-0.3324,1.1016
1977,18:15:08.063,1366,-0.3328,1.1008
1978,18:15:08.063,1368,-0.3319,1.1024
1979,18:15:08.064,1368,-0.3319,1.1024
1980,18:15:08.064,1369,-0.3314,1.1032
1981,18:15:08.065,1366,-0.3328,1.1008
1982,18:15:08.065,1369,-0.3314,1.1032
1983,18:15:08.066,1367,-0.3324,1.1016
1984,18:15:08.066,1366,-0.3328,1.1008
1985,18:15:08.067,1369,-0.3314,1.1032
1986,18:15:08.067,1366,-0.3328,1.1008
1987,18:15:08.068,1368,-0.3319,1.1024
1988,18:15:08.068,1370,-0.3309,1.1040
1989,18:15:08.069,1366,-0.3328,1.1008
1990,18:15:08.069,1365,-0.3333,1.1000
1991,18:15:08.070,1368,-0.3319,1.1024
1992,18:15:08.070,1369,-0.3314,1.1032
1993,18:15:08.071,1369,-0.3314,1.1032
1994,18:15:08.071,1368,-0.3319,1.1024
1995,18:15:08.072,1366,-0.3328,1.1008
1996,18:15:08.072,1369,-0.3314,1.1032
1997,18:15:08.073,1369,-0.3314,1.1032
1998,18:15:08.073,1366,-0.3328,1.1008
1999,18:15:08.074,1368,-0.3319,1.1024
2000,18:15:08.074,1366,-0.3328,1.1008
2001,18:15:08.075,1367,-0.3324,1.1016
2002,18:15:08.075,1368,-0.3319,1.1024
2003,18:15:08.076,1368,-0.3319,1.1024
2004,18:15:08.076,1369,-0.3314,1.1032
2005,18:15:08.077,1368,-0.3319,1.1024
2006,18:15:08.077,1368,-0.3319,1.1024
2007,18:15:08.078,1367,-0.3324,1.1016
2008,18:15:08.078,1368,-0.3319,1.1024
2009,18:15:08.079,1365,-0.3333,1.1000
2010,18:15:08.079,1367,-0.3324,1.1016
2011,18:15:08.080,1365,-0.3333,1.1000
2012,18:15:08.080,1368,-0.3319,1.1024
2013,18:15:08.081,1364,-0.3338,1.0992
2014,18:15:08.081,1365,-0.3333,1.1000
2015,18:15:08.082,1364,-0.3338,1.0992
2016,18:15:08.082,1366,-0.3328,1.1008
2017,18:15:08.083,1366,-0.3328,1.1008
2018,18:15:08.083,1368,-0.3319,1.1024
2019,18:15:08.084,1366,-0.3328,1.1008
2020,18:15:08.084,1364,-0.3338,1.0992
2021,18:15:08.085,1368,-0.3319,1.1024
2022,18:15:08.085,1366,-0.3328,1.1008
2023,18:15:08.086,1368,-0.3319,1.1024
2024,18:15:08.086,1369,-0.3314,1.1032
2025,18:15:08.087,1368,-0.3319,1.1024
2026,18:15:08.087,1366,-0.3328,1.1008
2027,18:15:08.088,1367,-0.3324,1.1016
2028,18:15:08.088,1368,-0.3319,1.1024
2029,18:15:08.089,1369,-0.3314,1.1032
2030,18:15:08.089,1369,-0.3314,1.1032
2031,18:15:08.090,1368,-0.3319,1.1024
2032,18:15:08.090,1366,-0.3328,1.1008
2033,18:15:08.091,1369,-0.3314,1.1032
2034,18:15:08.091,1366,-0.3328,1.1008
2035,18:15:08.092,1370,-0.3309,1.1040
2036,18:15:08.092,1365,-0.3333,1.1000
2037,18:15:08.093,1366,-0.3328,1.1008
2038,18:15:08.093,1365,-0.3333,1.1000
2039,18:15:08.094,1367,-0.3324,1.1016
2040,18:15:08.094,1366,-0.3328,1.1008
2041,18:15:08.095,1370,-0.3309,1.1040
2042,18:15:08.095,1369,-0.3314,1.1032
2043,18:15:08.096,1366,-0.3328,1.1008
2044,18:15:08.096,1366,-0.3328,1.1008
2045,18:15:08.097,1366,-0.3328,1.1008
2046,18:15:08.097,1366,-0.3328,1.1008
2047,18:15:08.098,1368,-0.3319,1.1024
2048,18:15:08.098,1368,-0.3319,1.1024
2049,18:15:08.099,1367,-0.3324,1.1016
2050,18:15:08.099,1367,-0.3324,1.1016
2051,18:15:08.100,1366,-0.3328,1.1008
2052,18:15:08.100,1367,-0.3324,1.1016
2053,18:15:08.101,1367,-0.3324,1.1016
2054,18:15:08.101,1368,-0.3319,1.1024
2055,18:15:08.102,1369,-0.3314,1.1032
2056,18:15:08.102,1368,-0.3319,1.1024
2057,18:15:08.103,1366,-0.3328,1.1008
2058,18:15:08.103,1366,-0.3328,1.1008
2059,18:15:08.104,1366,-0.3328,1.1008
2060,18:15:08.104,1370,-0.3309,1.1040
2061,18:15:08.105,1368,-0.3319,1.1024
2062,18:15:08.105,1368,-0.3319,1.1024
2063,18:15:08.106,1369,-0.3314,1.1032
2064,18:15:08.106,1367,-0.3324,1.1016
2065,18:15:08.107,1369,-0.3314,1.1032
2066,18:15:08.107,1367,-0.3324,1.1016
2067,18:15:08.108,1368,-0.3319,1.1024
2068,18:15:08.108,1367,-0.3324,1.1016
2069,18:15:08.109,1368,-0.3319,1.1024
2070,18:15:08.109,1366,-0.3328,1.1008
2071,18:15:08.110,1368,-0.3319,1.1024
2072,18:15:08.110,1366,-0.3328,1.1008
2073,18:15:08.111,1368,-0.3319,1.1024
2074,18:15:08.111,1370,-0.3309,1.1040
2075,18:15:08.112,1369,-0.3314,1.1032
2076,18:15:08.112,1369,-0.3314,1.1032
2077,18:15:08.113,1367,-0.3324,1.1016
2078,18:15:08.113,1368,-0.3319,1.1024
2079,18:15:08.114,1370,-0.3309,1.1040
2080,18:15:08.114,1369,-0.3314,1.1032
2081,18:15:08.115,1367,-0.3324,1.1016
2082,18:15:08.115,1367,-0.3324,1.1016
2083,18:15:08.116,1366,-0.3328,1.1008
2084,18:15:08.116,1369,-0.3314,1.1032
2085,18:15:08.117,1371,-0.3304,1.1048
2086,18:15:08.117,1368,-0.3319,1.1024
2087,18:15:08.118,1366,-0.3328,1.1008
2088,18:15:08.118,1371,-0.3304,1.1048
2089,18:15:08.119,1370,-0.3309,1.1040
2090,18:15:08.119,1365,-0.3333,1.1000
2091,18:15:08.120,1368,-0.3319,1.1024
2092,18:15:08.120,1369,-0.3314,1.1032
2093,18:15:08.121,1368,-0.3319,1.1024
2094,18:15:08.121,1370,-0.3309,1.1040
2095,18:15:08.122,1371,-0.3304,1.1048
2096,18:15:08.122,1371,-0.3304,1.1048
2097,18:15:08.123,1368,-0.3319,1.1024
2098,18:15:08.123,1368,-0.3319,1.1024
2099,18:15:08.124,1367,-0.3324,1.1016
2100,18:15:08.124,1368,-0.3319,1.1024
2101,18:15:08.125,1370,-0.3309,1.1040
2102,18:15:08.125,1370,-0.3309,1.1040
2103,18:15:08.126,1369,-0.3314,1.1032
2104,18:15:08.126,1370,-0.3309,1.1040
2105,18:15:08.127,1368,-0.3319,1.1024
2106,18:15:08.127,1368,-0.3319,1.1024
2107,18:15:08.128,1368,-0.3319,1.1024
2108,18:15:08.128,1368,-0.3319,1.1024
2109,18:15:08.129,1371,-0.3304,1.1048
2110,18:15:08.129,1367,-0.3324,1.1016
2111,18:15:08.130,1370,-0.3309,1.1040
2112,18:15:08.130,1367,-0.3324,1.1016
2113,18:15:08.131,1370,-0.3309,1.1040
2114,18:15:08.131,1370,-0.3309,1.1040
2115,18:15:08.132,1366,-0.3328,1.1008
2116,18:15:08.132,1370,-0.3309,1.1040
2117,18:15:08.133,1368,-0.3319,1.1024
2118,18:15:08.133,1370,-0.3309,1.1040
2119,18:15:08.134,1367,-0.3324,1.1016
2120,18:15:08.134,1369,-0.3314,1.1032
2121,18:15:08.135,1370,-0.3309,1.1040
2122,18:15:08.135,1368,-0.3319,1.1024
2123,18:15:08.136,1368,-0.3319,1.1024
2124,18:15:08.136,1368,-0.3319,1.1024
2125,18:15:08.137,1371,-0.3304,1.1048
2126,18:15:08.137,1371,-0.3304,1.1048
2127,18:15:08.138,1369,-0.3314,1.1032
2128,18:15:08.138,1369,-0.3314,1.1032
2129,18:15:08.139,1369,-0.3314,1.1032
2130,18:15:08.139,1366,-0.3328,1.1008
2131,18:15:08.140,1367,-0.3324,1.1016
2132,18:15:08.140,1370,-0.3309,1.1040
2133,18:15:08.141,1370,-0.3309,1.1040
2134,18:15:08.141,1368,-0.3319,1.1024
2135,18:15:08.142,1369,-0.3314,1.1032
2136,18:15:08.142,1368,-0.3319,1.1024
2137,18:15:08.143,1368,-0.3319,1.1024
2138,18:15:08.143,1367,-0.3324,1.1016
2139,18:15:08.144,1372,-0.3299,1.1056
2140,18:15:08.144,1368,-0.3319,1.1024
2141,18:15:08.145,1368,-0.3319,1.1024
2142,18:15:08.145,1369,-0.3314,1.1032
2143,18:15:08.146,1368,-0.3319,1.1024
2144,18:15:08.146,1370,-0.3309,1.1040
2145,18:15:08.147,1366,-0.3328,1.1008
2146,18:15:08.147,1368,-0.3319,1.1024
2147,18:15:08.148,1367,-0.3324,1.1016
2148,18:15:08.148,1369,-0.3314,1.1032
2149,18:15:08.149,1370,-0.3309,1.1040
2150,18:15:08.149,1371,-0.3304,1.1048
2151,18:15:08.150,1371,-0.3304,1.1048
2152,18:15:08.150,1371,-0.3304,1.1048
2153,18:15:08.151,1372,-0.3299,1.1056
2154,18:15:08.151,1368,-0.3319,1.1024
2155,18:15:08.152,1373,-0.3294,1.1064
2156,18:15:08.152,1368,-0.3319,1.1024
2157,18:15:08.153,1372,-0.3299,1.1056
2158,18:15:08.153,1368,-0.3319,1.1024
2159,18:15:08.154,1367,-0.3324,1.1016
2160,18:15:08.154,1371,-0.3304,1.1048
2161,18:15:08.155,1369,-0.3314,1.1032
2162,18:15:08.155,1373,-0.3294,1.1064
2163,18:15:08.156,1368,-0.3319,1.1024
2164,18:15:08.156,1373,-0.3294,1.1064
2165,18:15:08.157,1367,-0.3324,1.1016
2166,18:15:08.157,1372,-0.3299,1.1056
2167,18:15:08.158,1373,-0.3294,1.1064
2168,18:15:08.158,1371,-0.3304,1.1048
2169,18:15:08.159,1369,-0.3314,1.1032
2170,18:15:08.159,1372,-0.3299,1.1056
2171,18:15:08.160,1369,-0.3314,1.1032
2172,18:15:08.160,1370,-0.3309,1.1040
2173,18:15:08.161,1372,-0.3299,1.1056
2174,18:15:08.161,1371,-0.3304,1.1048
2175,18:15:08.162,1370,-0.3309,1.1040
2176,18:15:08.162,1373,-0.3294,1.1064
2177,18:15:08.163,1371,-0.3304,1.1048
2178,18:15:08.163,1370,-0.3309,1.1040
2179,18:15:08.164,1368,-0.3319,1.1024
2180,18:15:08.164,1372,-0.3299,1.1056
2181,18:15:08.165,1372,-0.3299,1.1056
2182,18:15:08.165,1369,-0.3314,1.1032
2183,18:15:08.166,1372,-0.3299,1.1056
2184,18:15:08.166,1370,-0.3309,1.1040
2185,18:15:08.167,1369,-0.3314,1.1032
2186,18:15:08.167,1370,-0.3309,1.1040
2187,18:15:08.168,1370,-0.3309,1.1040
2188,18:15:08.168,1369,-0.3314,1.1032
2189,18:15:08.169,1371,-0.3304,1.1048
2190,18:15:08.169,1372,-0.3299,1.1056
2191,18:15:08.170,1369,-0.3314,1.1032
2192,18:15:08.170,1368,-0.3319,1.1024
2193,18:15:08.171,1367,-0.3324,1.1016
2194,18:15:08.171,1369,-0.3314,1.1032
2195,18:15:08.172,1372,-0.3299,1.1056
2196,18:15:08.172,1371,-0.3304,1.1048
2197,18:15:08.173,1369,-0.3314,1.1032
2198,18:15:08.173,1371,-0.3304,1.1048
2199,18:15:08.174,1367,-0.3324,1.1016
2200,18:15:08.174,1366,-0.3328,1.1008
2201,18:15:08.175,1369,-0.3314,1.1032
2202,18:15:08.175,1367,-0.3324,1.1016
2203,18:15:08.176,1371,-0.3304,1.1048
2204,18:15:08.176,1368,-0.3319,1.1024
2205,18:15:08.177,1367,-0.3324,1.1016
2206,18:15:08.177,1370,-0.3309,1.1040
2207,18:15:08.178,1371,-0.3304,1.1048
2208,18:15:08.178,1368,-0.3319,1.1024
2209,18:15:08.179,1368,-0.3319,1.1024
2210,18:15:08.179,1371,-0.3304,1.1048
2211,18:15:08.180,1368,-0.3319,1.1024
2212,18:15:08.180,1367,-0.3324,1.1016
2213,18:15:08.181,1369,-0.3314,1.1032
2214,18:15:08.181,1369,-0.3314,1.1032
2215,18:15:08.182,1366,-0.3328,1.1008
2216,18:15:08.182,1366,-0.3328,1.1008
2217,18:15:08.183,1367,-0.3324,1.1016
2218,18:15:08.183,1368,-0.3319,1.1024
2219,18:15:08.184,1368,-0.3319,1.1024
2220,18:15:08.184,1368,-0.3319,1.1024
2221,18:15:08.185,1369,-0.3314,1.1032
2222,18:15:08.185,1366,-0.3328,1.1008
2223,18:15:08.186,1368,-0.3319,1.1024
2224,18:15:08.186,1366,-0.3328,1.1008
2225,18:15:08.187,1368,-0.3319,1.1024
2226,18:15:08.187,1369,-0.3314,1.1032
2227,18:15:08.188,1368,-0.3319,1.1024
2228,18:15:08.188,1368,-0.3319,1.1024
2229,18:15:08.189,1368,-0.3319,1.1024
2230,18:15:08.189,1365,-0.3333,1.1000
2231,18:15:08.190,1367,-0.3324,1.1016
2232,18:15:08.190,1366,-0.3328,1.1008
2233,18:15:08.191,1364,-0.3338,1.0992
2234,18:15:08.191,1364,-0.3338,1.0992
2235,18:15:08.192,1364,-0.3338,1.0992
2236,18:15:08.192,1365,-0.3333,1.1000
2237,18:15:08.193,1367,-0.3324,1.1016
2238,18:15:08.193,1364,-0.3338,1.0992
2239,18:15:08.194,1363,-0.3343,1.0984
2240,18:15:08.194,1367,-0.3324,1.1016
2241,18:15:08.195,1367,-0.3324,1.1016
2242,18:15:08.195,1366,-0.3328,1.1008
2243,18:15:08.196,1367,-0.3324,1.1016
2244,18:15:08.196,1365,-0.3333,1.1000
2245,18:15:08.197,1368,-0.3319,1.1024
2246,18:15:08.197,1367,-0.3324,1.1016
2247,18:15:08.198,1364,-0.3338,1.0992
2248,18:15:08.198,1366,-0.3328,1.1008
2249,18:15:08.199,1364,-0.3338,1.0992
2250,18:15:08.199,1363,-0.3343,1.0984
2251,18:15:08.200,1366,-0.3328,1.1008
2252,18:15:08.200,1365,-0.3333,1.1000
2253,18:15:08.201,1363,-0.3343,1.0984
2254,18:15:08.201,1366,-0.3328,1.1008
2255,18:15:08.202,1369,-0.3314,1.1032
2256,18:15:08.202,1365,-0.3333,1.1000
2257,18:15:08.203,1367,-0.3324,1.1016
2258,18:15:08.203,1365,-0.3333,1.1000
2259,18:15:08.204,1367,-0.3324,1.1016
2260,18:15:08.204,1368,-0.3319,1.1024
2261,18:15:08.205,1366,-0.3328,1.1008
2262,18:15:08.205,1367,-0.3324,1.1016
2263,18:15:08.206,1368,-0.3319,1.1024
2264,18:15:08.206,1368,-0.3319,1.1024
2265,18:15:08.207,1366,-0.3328,1.1008
2266,18:15:08.207,1364,-0.3338,1.0992
2267,18:15:08.208,1366,-0.3328,1.1008
2268,18:15:08.208,1364,-0.3338,1.0992
2269,18:15:08.209,1366,-0.3328,1.1008
2270,18:15:08.209,1367,-0.3324,1.1016
2271,18:15:08.210,1365,-0.3333,1.1000
2272,18:15:08.210,1368,-0.3319,1.1024
2273,18:15:08.211,1370,-0.3309,1.1040
2274,18:15:08.211,1365,-0.3333,1.1000
2275,18:15:08.212,1364,-0.3338,1.0992
2276,18:15:08.212,1366,-0.3328,1.1008
2277,18:15:08.213,1365,-0.3333,1.1000
2278,18:15:08.213,1366,-0.3328,1.1008
2279,18:15:08.214,1366,-0.3328,1.1008
2280,18:15:08.214,1366,-0.3328,1.1008
2281,18:15:08.215,1367,-0.3324,1.1016
2282,18:15:08.215,1367,-0.3324,1.1016
2283,18:15:08.216,1366,-0.3328,1.1008
2284,18:15:08.216,1368,-0.3319,1.1024
2285,18:15:08.217,1368,-0.3319,1.1024
2286,18:15:08.217,1368,-0.3319,1.1024
2287,18:15:08.218,1369,-0.3314,1.1032
2288,18:15:08.218,1366,-0.3328,1.1008
2289,18:15:08.219,1366,-0.3328,1.1008
2290,18:15:08.219,1365,-0.3333,1.1000
2291,18:15:08.220,1368,-0.3319,1.1024
2292,18:15:08.220,1369,-0.3314,1.1032
2293,18:15:08.221,1365,-0.3333,1.1000
2294,18:15:08.221,1369,-0.3314,1.1032
2295,18:15:08.222,1366,-0.3328,1.1008
2296,18:15:08.222,1368,-0.3319,1.1024
2297,18:15:08.223,1365,-0.3333,1.1000
2298,18:15:08.223,1365,-0.3333,1.1000
2299,18:15:08.224,1368,-0.3319,1.1024
2300,18:15:08.224,1366,-0.3328,1.1008
2301,18:15:08.225,1368,-0.3319,1.1024
2302,18:15:08.225,1370,-0.3309,1.1040
2303,18:15:08.226,1369,-0.3314,1.1032
2304,18:15:08.226,1365,-0.3333,1.1000
2305,18:15:08.227,1365,-0.3333,1.1000
2306,18:15:08.227,1369,-0.3314,1.1032
2307,18:15:08.228,1369,-0.3314,1.1032
2308,18:15:08.228,1367,-0.3324,1.1016
2309,18:15:08.229,1368,-0.3319,1.1024
2310,18:15:08.229,1368,-0.3319,1.1024
2311,18:15:08.230,1367,-0.3324,1.1016
2312,18:15:08.230,1366,-0.3328,1.1008
2313,18:15:08.231,1368,-0.3319,1.1024
2314,18:15:08.231,1364,-0.3338,1.0992
2315,18:15:08.232,1367,-0.3324,1.1016
2316,18:15:08.232,1366,-0.3328,1.1008
2317,18:15:08.233,1366,-0.3328,1.1008
2318,18:15:08.233,1366,-0.3328,1.1008
2319,18:15:08.234,1368,-0.3319,1.1024
2320,18:15:08.234,1364,-0.3338,1.0992
2321,18:15:08.235,1369,-0.3314,1.1032
2322,18:15:08.235,1366,-0.3328,1.1008
2323,18:15:08.236,1368,-0.3319,1.1024
2324,18:15:08.236,1367,-0.3324,1.1016
2325,18:15:08.237,1367,-0.3324,1.1016
2326,18:15:08.237,1368,-0.3319,1.1024
2327,18:15:08.238,1368,-0.3319,1.1024
2328,18:15:08.238,1364,-0.3338,1.0992
2329,18:15:08.239,1368,-0.3319,1.1024
2330,18:15:08.239,1366,-0.3328,1.1008
2331,18:15:08.240,1368,-0.3319,1.1024
2332,18:15:08.240,1367,-0.3324,1.1016
2333,18:15:08.241,1363,-0.3343,1.0984
2334,18:15:08.241,1367,-0.3324,1.1016
2335,18:15:08.242,1366,-0.3328,1.1008
2336,18:15:08.242,1364,-0.3338,1.0992
2337,18:15:08.243,1367,-0.3324,1.1016
2338,18:15:08.243,1364,-0.3338,1.0992
2339,18:15:08.244,1365,-0.3333,1.1000
2340,18:15:08.244,1364,-0.3338,1.0992
2341,18:15:08.245,1365,-0.3333,1.1000
2342,18:15:08.245,1365,-0.3333,1.1000
2343,18:15:08.246,1366,-0.3328,1.1008
2344,18:15:08.246,1364,-0.3338,1.0992
2345,18:15:08.247,1365,-0.3333,1.1000
2346,18:15:08.247,1366,-0.3328,1.1008
2347,18:15:08.248,1365,-0.3333,1.1000
2348,18:15:08.248,1364,-0.3338,1.0992
2349,18:15:08.249,1363,-0.3343,1.0984
2350,18:15:08.249,1363,-0.3343,1.0984
2351,18:15:08.250,1364,-0.3338,1.0992
2352,18:15:08.250,1366,-0.3328,1.1008
2353,18:15:08.251,1364,-0.3338,1.0992
2354,18:15:08.251,1364,-0.3338,1.0992
2355,18:15:08.252,1364,-0.3338,1.0992
2356,18:15:08.252,1367,-0.3324,1.1016
2357,18:15:08.253,1366,-0.3328,1.1008
2358,18:15:08.253,1362,-0.3348,1.0976
2359,18:15:08.254,1366,-0.3328,1.1008
2360,18:15:08.254,1367,-0.3324,1.1016
2361,18:15:08.255,1364,-0.3338,1.0992
2362,18:15:08.255,1365,-0.3333,1.1000
2363,18:15:08.256,1364,-0.3338,1.0992
2364,18:15:08.256,1363,-0.3343,1.0984
2365,18:15:08.257,1364,-0.3338,1.0992
2366,18:15:08.257,1364,-0.3338,1.0992
2367,18:15:08.258,1366,-0.3328,1.1008
2368,18:15:08.258,1365,-0.3333,1.1000
2369,18:15:08.259,1364,-0.3338,1.0992
2370,18:15:08.259,1369,-0.3314,1.1032
2371,18:15:08.260,1366,-0.3328,1.1008
2372,18:15:08.260,1366,-0.3328,1.1008
2373,18:15:08.261,1367,-0.3324,1.1016
2374,18:15:08.261,1366,-0.3328,1.1008
2375,18:15:08.262,1366,-0.3328,1.1008
2376,18:15:08.262,1369,-0.3314,1.1032
2377,18:15:08.263,1366,-0.3328,1.1008
2378,18:15:08.263,1368,-0.3319,1.1024
2379,18:15:08.264,1366,-0.3328,1.1008
2380,18:15:08.264,1368,-0.3319,1.1024
2381,18:15:08.265,1366,-0.3328,1.1008
2382,18:15:08.265,1369,-0.3314,1.1032
2383,18:15:08.266,1369,-0.3314,1.1032
2384,18:15:08.266,1369,-0.3314,1.1032
2385,18:15:08.267,1370,-0.3309,1.1040
2386,18:15:08.267,1369,-0.3314,1.1032
2387,18:15:08.268,1364,-0.3338,1.0992
2388,18:15:08.268,1368,-0.3319,1.1024
2389,18:15:08.269,1370,-0.3309,1.1040
2390,18:15:08.269,1368,-0.3319,1.1024
2391,18:15:08.270,1365,-0.3333,1.1000
2392,18:15:08.270,1367,-0.3324,1.1016
2393,18:15:08.271,1369,-0.3314,1.1032
2394,18:15:08.271,1367,-0.3324,1.1016
2395,18:15:08.272,1366,-0.3328,1.1008
2396,18:15:08.272,1369,-0.3314,1.1032
2397,18:15:08.273,1368,-0.3319,1.1024
2398,18:15:08.273,1366,-0.3328,1.1008
2399,18:15:08.274,1368,-0.3319,1.1024
2400,18:15:08.274,1365,-0.3333,1.1000
2401,18:15:08.275,1369,-0.3314,1.1032
2402,18:15:08.275,1366,-0.3328,1.1008
2403,18:15:08.276,1368,-0.3319,1.1024
2404,18:15:08.276,1365,-0.3333,1.1000
2405,18:15:08.277,1365,-0.3333,1.1000
2406,18:15:08.277,1367,-0.3324,1.1016
2407,18:15:08.278,1369,-0.3314,1.1032
2408,18:15:08.278,1369,-0.3314,1.1032
2409,18:15:08.279,1370,-0.3309,1.1040
2410,18:15:08.279,1367,-0.3324,1.1016
2411,18:15:08.280,1366,-0.3328,1.1008
2412,18:15:08.280,1369,-0.3314,1.1032
2413,18:15:08.281,1367,-0.3324,1.1016
2414,18:15:08.281,1369,-0.3314,1.1032
2415,18:15:08.282,1368,-0.3319,1.1024
2416,18:15:08.282,1368,-0.3319,1.1024
2417,18:15:08.283,1366,-0.3328,1.1008
2418,18:15:08.283,1367,-0.3324,1.1016
2419,18:15:08.284,1370,-0.3309,1.1040
2420,18:15:08.284,1370,-0.3309,1.1040
2421,18:15:08.285,1367,-0.3324,1.1016
2422,18:15:08.285,1371,-0.3304,1.1048
2423,18:15:08.286,1369,-0.3314,1.1032
2424,18:15:08.286,1367,-0.3324,1.1016
2425,18:15:08.287,1371,-0.3304,1.1048
2426,18:15:08.287,1367,-0.3324,1.1016
2427,18:15:08.288,1369,-0.3314,1.1032
2428,18:15:08.288,1369,-0.3314,1.1032
2429,18:15:08.289,1370,-0.3309,1.1040
2430,18:15:08.289,1371,-0.3304,1.1048
2431,18:15:08.290,1371,-0.3304,1.1048
2432,18:15:08.290,1371,-0.3304,1.1048
2433,18:15:08.291,1368,-0.3319,1.1024
2434,18:15:08.291,1371,-0.3304,1.1048
2435,18:15:08.292,1368,-0.3319,1.1024
2436,18:15:08.292,1370,-0.3309,1.1040
2437,18:15:08.293,1370,-0.3309,1.1040
2438,18:15:08.293,1369,-0.3314,1.1032
2439,18:15:08.294,1369,-0.3314,1.1032
2440,18:15:08.294,1370,-0.3309,1.1040
2441,18:15:08.295,1367,-0.3324,1.1016
2442,18:15:08.295,1366,-0.3328,1.1008
2443,18:15:08.296,1368,-0.3319,1.1024
2444,18:15:08.296,1367,-0.3324,1.1016
2445,18:15:08.297,1367,-0.3324,1.1016
2446,18:15:08.297,1369,-0.3314,1.1032
2447,18:15:08.298,1369,-0.3314,1.1032
2448,18:15:08.298,1368,-0.3319,1.1024
2449,18:15:08.299,1369,-0.3314,1.1032
2450,18:15:08.299,1369,-0.3314,1.1032
2451,18:15:08.300,1369,-0.3314,1.1032
2452,18:15:08.300,1369,-0.3314,1.1032
2453,18:15:08.301,1369,-0.3314,1.1032
2454,18:15:08.301,1366,-0.3328,1.1008
2455,18:15:08.302,1367,-0.3324,1.1016
2456,18:15:08.302,1367,-0.3324,1.1016
2457,18:15:08.303,1365,-0.3333,1.1000
2458,18:15:08.303,1366,-0.3328,1.1008
2459,18:15:08.304,1368,-0.3319,1.1024
2460,18:15:08.304,1367,-0.3324,1.1016
2461,18:15:08.305,1363,-0.3343,1.0984
2462,18:15:08.305,1367,-0.3324,1.1016
2463,18:15:08.306,1368,-0.3319,1.1024
2464,18:15:08.306,1367,-0.3324,1.1016
2465,18:15:08.307,1365,-0.3333,1.1000
2466,18:15:08.307,1367,-0.3324,1.1016
2467,18:15:08.308,1367,-0.3324,1.1016
2468,18:15:08.308,1367,-0.3324,1.1016
2469,18:15:08.309,1365,-0.3333,1.1000
2470,18:15:08.309,1365,-0.3333,1.1000
2471,18:15:08.310,1367,-0.3324,1.1016
2472,18:15:08.310,1367,-0.3324,1.1016
2473,18:15:08.311,1367,-0.3324,1.1016
2474,18:15:08.311,1367,-0.3324,1.1016
2475,18:15:08.312,1365,-0.3333,1.1000
2476,18:15:08.312,1364,-0.3338,1.0992
2477,18:15:08.313,1366,-0.3328,1.1008
2478,18:15:08.313,1367,-0.3324,1.1016
2479,18:15:08.314,1365,-0.3333,1.1000
2480,18:15:08.314,1365,-0.3333,1.1000
2481,18:15:08.315,1368,-0.3319,1.1024
2482,18:15:08.315,1368,-0.3319,1.1024
2483,18:15:08.316,1368,-0.3319,1.1024
2484,18:15:08.316,1365,-0.3333,1.1000
2485,18:15:08.317,1366,-0.3328,1.1008
2486,18:15:08.317,1367,-0.3324,1.1016
2487,18:15:08.318,1368,-0.3319,1.1024
2488,18:15:08.318,1369,-0.3314,1.1032
2489,18:15:08.319,1367,-0.3324,1.1016
2490,18:15:08.319,1365,-0.3333,1.1000
2491,18:15:08.320,1368,-0.3319,1.1024
2492,18:15:08.320,1366,-0.3328,1.1008
2493,18:15:08.321,1366,-0.3328,1.1008
2494,18:15:08.321,1367,-0.3324,1.1016
2495,18:15:08.322,1366,-0.3328,1.1008
2496,18:15:08.322,1365,-0.3333,1.1000
2497,18:15:08.323,1366,-0.3328,1.1008
2498,18:15:08.323,1366,-0.3328,1.1008
2499,18:15:08.324,1368,-0.3319,1.1024
2500,18:15:08.324,1369,-0.3314,1.1032
2501,18:15:08.325,1369,-0.3314,1.1032
2502,18:15:08.325,1369,-0.3314,1.1032
2503,18:15:08.326,1369,-0.3314,1.1032
2504,18:15:08.326,1366,-0.3328,1.1008
2505,18:15:08.327,1364,-0.3338,1.0992
2506,18:15:08.327,1366,-0.3328,1.1008
2507,18:15:08.328,1367,-0.3324,1.1016
2508,18:15:08.328,1368,-0.3319,1.1024
2509,18:15:08.329,1365,-0.3333,1.1000
2510,18:15:08.329,1366,-0.3328,1.1008
2511,18:15:08.330,1369,-0.3314,1.1032
2512,18:15:08.330,1367,-0.3324,1.1016
2513,18:15:08.331,1369,-0.3314,1.1032
2514,18:15:08.331,1367,-0.3324,1.1016
2515,18:15:08.332,1367,-0.3324,1.1016
2516,18:15:08.332,1368,-0.3319,1.1024
2517,18:15:08.333,1369,-0.3314,1.1032
2518,18:15:08.333,1368,-0.3319,1.1024
2519,18:15:08.334,1366,-0.3328,1.1008
2520,18:15:08.334,1369,-0.3314,1.1032
2521,18:15:08.335,1365,-0.3333,1.1000
2522,18:15:08.335,1368,-0.3319,1.1024
2523,18:15:08.336,1366,-0.3328,1.1008
2524,18:15:08.336,1366,-0.3328,1.1008
2525,18:15:08.337,1369,-0.3314,1.1032
2526,18:15:08.337,1366,-0.3328,1.1008
2527,18:15:08.338,1368,-0.3319,1.1024
2528,18:15:08.338,1368,-0.3319,1.1024
2529,18:15:08.339,1366,-0.3328,1.1008
2530,18:15:08.339,1368,-0.3319,1.1024
2531,18:15:08.340,1370,-0.3309,1.1040
2532,18:15:08.340,1368,-0.3319,1.1024
2533,18:15:08.341,1364,-0.3338,1.0992
2534,18:15:08.341,1365,-0.3333,1.1000
2535,18:15:08.342,1364,-0.3338,1.0992
2536,18:15:08.342,1365,-0.3333,1.1000
2537,18:15:08.343,1365,-0.3333,1.1000
2538,18:15:08.343,1365,-0.3333,1.1000
2539,18:15:08.344,1367,-0.3324,1.1016
2540,18:15:08.344,1366,-0.3328,1.1008
2541,18:15:08.345,1364,-0.3338,1.0992
2542,18:15:08.345,1366,-0.3328,1.1008
2543,18:15:08.346,1366,-0.3328,1.1008
2544,18:15:08.346,1366,-0.3328,1.1008
2545,18:15:08.347,1365,-0.3333,1.1000
2546,18:15:08.347,1364,-0.3338,1.0992
2547,18:15:08.348,1367,-0.3324,1.1016
2548,18:15:08.348,1367,-0.3324,1.1016
2549,18:15:08.349,1363,-0.3343,1.0984
2550,18:15:08.349,1363,-0.3343,1.0984
2551,18:15:08.350,1363,-0.3343,1.0984
2552,18:15:08.350,1366,-0.3328,1.1008
2553,18:15:08.351,1363,-0.3343,1.0984
2554,18:15:08.351,1364,-0.3338,1.0992
2555,18:15:08.352,1364,-0.3338,1.0992
2556,18:15:08.352,1365,-0.3333,1.1000
2557,18:15:08.353,1363,-0.3343,1.0984
2558,18:15:08.353,1364,-0.3338,1.0992
2559,18:15:08.354,1365,-0.3333,1.1000
2560,18:15:08.354,1363,-0.3343,1.0984
2561,18:15:08.355,1364,-0.3338,1.0992
2562,18:15:08.355,1364,-0.3338,1.0992
2563,18:15:08.356,1365,-0.3333,1.1000
2564,18:15:08.356,1364,-0.3338,1.0992
2565,18:15:08.357,1363,-0.3343,1.0984
2566,18:15:08.357,1364,-0.3338,1.0992
2567,18:15:08.358,1365,-0.3333,1.1000
2568,18:15:08.358,1364,-0.3338,1.0992
2569,18:15:08.359,1364,-0.3338,1.0992
2570,18:15:08.359,1364,-0.3338,1.0992
2571,18:15:08.360,1368,-0.3319,1.1024
2572,18:15:08.360,1365,-0.3333,1.1000
2573,18:15:08.361,1367,-0.3324,1.1016
2574,18:15:08.361,1368,-0.3319,1.1024
2575,18:15:08.362,1366,-0.3328,1.1008
2576,18:15:08.362,1366,-0.3328,1.1008
2577,18:15:08.363,1369,-0.3314,1.1032
2578,18:15:08.363,1370,-0.3309,1.1040
2579,18:15:08.364,1366,-0.3328,1.1008
2580,18:15:08.364,1369,-0.3314,1.1032
2581,18:15:08.365,1368,-0.3319,1.1024
2582,18:15:08.365,1367,-0.3324,1.1016
2583,18:15:08.366,1369,-0.3314,1.1032
2584,18:15:08.366,1368,-0.3319,1.1024
2585,18:15:08.367,1369,-0.3314,1.1032
2586,18:15:08.367,1366,-0.3328,1.1008
2587,18:15:08.368,1370,-0.3309,1.1040
2588,18:15:08.368,1369,-0.3314,1.1032
2589,18:15:08.369,1370,-0.3309,1.1040
2590,18:15:08.369,1366,-0.3328,1.1008
2591,18:15:08.370,1371,-0.3304,1.1048
2592,18:15:08.370,1369,-0.3314,1.1032
2593,18:15:08.371,1366,-0.3328,1.1008
2594,18:15:08.371,1369,-0.3314,1.1032
2595,18:15:08.372,1371,-0.3304,1.1048
2596,18:15:08.372,1367,-0.3324,1.1016
2597,18:15:08.373,1368,-0.3319,1.1024
2598,18:15:08.373,1370,-0.3309,1.1040
2599,18:15:08.374,1370,-0.3309,1.1040
2600,18:15:08.374,1368,-0.3319,1.1024
2601,18:15:08.375,1371,-0.3304,1.1048
2602,18:15:08.375,1371,-0.3304,1.1048
2603,18:15:08.376,1368,-0.3319,1.1024
2604,18:15:08.376,1367,-0.3324,1.1016
2605,18:15:08.377,1370,-0.3309,1.1040
2606,18:15:08.377,1371,-0.3304,1.1048
2607,18:15:08.378,1372,-0.3299,1.1056
2608,18:15:08.378,1370,-0.3309,1.1040
2609,18:15:08.379,1371,-0.3304,1.1048
2610,18:15:08.379,1370,-0.3309,1.1040
2611,18:15:08.380,1372,-0.3299,1.1056
2612,18:15:08.380,1373,-0.3294,1.1064
2613,18:15:08.381,1371,-0.3304,1.1048
2614,18:15:08.381,1368,-0.3319,1.1024
2615,18:15:08.382,1366,-0.3328,1.1008
2616,18:15:08.382,1369,-0.3314,1.1032
2617,18:15:08.383,1368,-0.3319,1.1024
2618,18:15:08.383,1369,-0.3314,1.1032
2619,18:15:08.384,1369,-0.3314,1.1032
2620,18:15:08.384,1368,-0.3319,1.1024
2621,18:15:08.385,1369,-0.3314,1.1032
2622,18:15:08.385,1371,-0.3304,1.1048
2623,18:15:08.386,1372,-0.3299,1.1056
2624,18:15:08.386,1371,-0.3304,1.1048
2625,18:15:08.387,1368,-0.3319,1.1024
2626,18:15:08.387,1368,-0.3319,1.1024
2627,18:15:08.388,1371,-0.3304,1.1048
2628,18:15:08.388,1368,-0.3319,1.1024
2629,18:15:08.389,1372,-0.3299,1.1056
2630,18:15:08.389,1372,-0.3299,1.1056
2631,18:15:08.390,1369,-0.3314,1.1032
2632,18:15:08.390,1372,-0.3299,1.1056
2633,18:15:08.391,1370,-0.3309,1.1040
2634,18:15:08.391,1371,-0.3304,1.1048
2635,18:15:08.392,1370,-0.3309,1.1040
2636,18:15:08.392,1369,-0.3314,1.1032
2637,18:15:08.393,1369,-0.3314,1.1032
2638,18:15:08.393,1370,-0.3309,1.1040
2639,18:15:08.394,1371,-0.3304,1.1048
2640,18:15:08.394,1369,-0.3314,1.1032
2641,18:15:08.395,1371,-0.3304,1.1048
2642,18:15:08.395,1369,-0.3314,1.1032
2643,18:15:08.396,1371,-0.3304,1.1048
2644,18:15:08.396,1368,-0.3319,1.1024
2645,18:15:08.397,1369,-0.3314,1.1032
2646,18:15:08.397,1370,-0.3309,1.1040
2647,18:15:08.398,1369,-0.3314,1.1032
2648,18:15:08.398,1372,-0.3299,1.1056
2649,18:15:08.399,1367,-0.3324,1.1016
2650,18:15:08.399,1369,-0.3314,1.1032
2651,18:15:08.400,1371,-0.3304,1.1048
2652,18:15:08.400,1369,-0.3314,1.1032
2653,18:15:08.401,1369,-0.3314,1.1032
2654,18:15:08.401,1368,-0.3319,1.1024
2655,18:15:08.402,1368,-0.3319,1.1024
2656,18:15:08.402,1369,-0.3314,1.1032
2657,18:15:08.403,1371,-0.3304,1.1048
2658,18:15:08.403,1370,-0.3309,1.1040
2659,18:15:08.404,1368,-0.3319,1.1024
2660,18:15:08.404,1371,-0.3304,1.1048
2661,18:15:08.405,1367,-0.3324,1.1016
2662,18:15:08.405,1371,-0.3304,1.1048
2663,18:15:08.406,1370,-0.3309,1.1040
2664,18:15:08.406,1371,-0.3304,1.1048
2665,18:15:08.407,1368,-0.3319,1.1024
2666,18:15:08.407,1367,-0.3324,1.1016
2667,18:15:08.408,1370,-0.3309,1.1040
2668,18:15:08.408,1369,-0.3314,1.1032
2669,18:15:08.409,1367,-0.3324,1.1016
2670,18:15:08.409,1368,-0.3319,1.1024
2671,18:15:08.410,1367,-0.3324,1.1016
2672,18:15:08.410,1370,-0.3309,1.1040
2673,18:15:08.411,1369,-0.3314,1.1032
2674,18:15:08.411,1368,-0.3319,1.1024
2675,18:15:08.412,1368,-0.3319,1.1024
2676,18:15:08.412,1370,-0.3309,1.1040
2677,18:15:08.413,1370,-0.3309,1.1040
2678,18:15:08.413,1367,-0.3324,1.1016
2679,18:15:08.414,1371,-0.3304,1.1048
2680,18:15:08.414,1370,-0.3309,1.1040
2681,18:15:08.415,1370,-0.3309,1.1040
2682,18:15:08.415,1369,-0.3314,1.1032
2683,18:15:08.416,1366,-0.3328,1.1008
2684,18:15:08.416,1371,-0.3304,1.1048
2685,18:15:08.417,1369,-0.3314,1.1032
2686,18:15:08.417,1368,-0.3319,1.1024
2687,18:15:08.418,1368,-0.3319,1.1024
2688,18:15:08.418,1369,-0.3314,1.1032
2689,18:15:08.419,1369,-0.3314,1.1032
2690,18:15:08.419,1371,-0.3304,1.1048
2691,18:15:08.420,1369,-0.3314,1.1032
2692,18:15:08.420,1369,-0.3314,1.1032
2693,18:15:08.421,1368,-0.3319,1.1024
2694,18:15:08.421,1371,-0.3304,1.1048
2695,18:15:08.422,1369,-0.3314,1.1032
2696,18:15:08.422,1370,-0.3309,1.1040
2697,18:15:08.423,1367,-0.3324,1.1016
2698,18:15:08.423,1371,-0.3304,1.1048
2699,18:15:08.424,1370,-0.3309,1.1040
2700,18:15:08.424,1368,-0.3319,1.1024
2701,18:15:08.425,1370,-0.3309,1.1040
2702,18:15:08.425,1371,-0.3304,1.1048
2703,18:15:08.426,1369,-0.3314,1.1032
2704,18:15:08.426,1371,-0.3304,1.1048
2705,18:15:08.427,1371,-0.3304,1.1048
2706,18:15:08.427,1369,-0.3314,1.1032
2707,18:15:08.428,1371,-0.3304,1.1048
2708,18:15:08.428,1369,-0.3314,1.1032
2709,18:15:08.429,1371,-0.3304,1.1048
2710,18:15:08.429,1372,-0.3299,1.1056
2711,18:15:08.430,1371,-0.3304,1.1048
2712,18:15:08.430,1369,-0.3314,1.1032
2713,18:15:08.431,1372,-0.3299,1.1056
2714,18:15:08.431,1371,-0.3304,1.1048
2715,18:15:08.432,1369,-0.3314,1.1032
2716,18:15:08.432,1371,-0.3304,1.1048
2717,18:15:08.433,1372,-0.3299,1.1056
2718,18:15:08.433,1370,-0.3309,1.1040
2719,18:15:08.434,1369,-0.3314,1.1032
2720,18:15:08.434,1370,-0.3309,1.1040
2721,18:15:08.435,1372,-0.3299,1.1056
2722,18:15:08.435,1369,-0.3314,1.1032
2723,18:15:08.436,1369,-0.3314,1.1032
2724,18:15:08.436,1372,-0.3299,1.1056
2725,18:15:08.437,1372,-0.3299,1.1056
2726,18:15:08.437,1371,-0.3304,1.1048
2727,18:15:08.438,1370,-0.3309,1.1040
2728,18:15:08.438,1371,-0.3304,1.1048
2729,18:15:08.439,1369,-0.3314,1.1032
2730,18:15:08.439,1369,-0.3314,1.1032
2731,18:15:08.440,1369,-0.3314,1.1032
2732,18:15:08.440,1370,-0.3309,1.1040
2733,18:15:08.441,1369,-0.3314,1.1032
2734,18:15:08.441,1368,-0.3319,1.1024
2735,18:15:08.442,1371,-0.3304,1.1048
2736,18:15:08.442,1369,-0.3314,1.1032
2737,18:15:08.443,1372,-0.3299,1.1056
2738,18:15:08.443,1368,-0.3319,1.1024
2739,18:15:08.444,1367,-0.3324,1.1016
2740,18:15:08.444,1371,-0.3304,1.1048
2741,18:15:08.445,1369,-0.3314,1.1032
2742,18:15:08.445,1371,-0.3304,1.1048
2743,18:15:08.446,1371,-0.3304,1.1048
2744,18:15:08.446,1372,-0.3299,1.1056
2745,18:15:08.447,1371,-0.3304,1.1048
2746,18:15:08.447,1368,-0.3319,1.1024
2747,18:15:08.448,1371,-0.3304,1.1048
2748,18:15:08.448,1372,-0.3299,1.1056
2749,18:15:08.449,1367,-0.3324,1.1016
2750,18:15:08.449,1371,-0.3304,1.1048
2751,18:15:08.450,1370,-0.3309,1.1040
2752,18:15:08.450,1370,-0.3309,1.1040
2753,18:15:08.451,1371,-0.3304,1.1048
2754,18:15:08.451,1371,-0.3304,1.1048
2755,18:15:08.452,1370,-0.3309,1.1040
2756,18:15:08.452,1368,-0.3319,1.1024
2757,18:15:08.453,1368,-0.3319,1.1024
2758,18:15:08.453,1371,-0.3304,1.1048
2759,18:15:08.454,1369,-0.3314,1.1032
2760,18:15:08.454,1367,-0.3324,1.1016
2761,18:15:08.455,1369,-0.3314,1.1032
2762,18:15:08.455,1368,-0.3319,1.1024
2763,18:15:08.456,1371,-0.3304,1.1048
2764,18:15:08.456,1367,-0.3324,1.1016
2765,18:15:08.457,1370,-0.3309,1.1040
2766,18:15:08.457,1368,-0.3319,1.1024
2767,18:15:08.458,1370,-0.3309,1.1040
2768,18:15:08.458,1366,-0.3328,1.1008
2769,18:15:08.459,1366,-0.3328,1.1008
2770,18:15:08.459,1371,-0.3304,1.1048
2771,18:15:08.460,1366,-0.3328,1.1008
2772,18:15:08.460,1369,-0.3314,1.1032
2773,18:15:08.461,1369,-0.3314,1.1032
2774,18:15:08.461,1368,-0.3319,1.1024
2775,18:15:08.462,1369,-0.3314,1.1032
2776,18:15:08.462,1370,-0.3309,1.1040
2777,18:15:08.463,1369,-0.3314,1.1032
2778,18:15:08.463,1371,-0.3304,1.1048
2779,18:15:08.464,1371,-0.3304,1.1048
2780,18:15:08.464,1368,-0.3319,1.1024
2781,18:15:08.465,1370,-0.3309,1.1040
2782,18:15:08.465,1369,-0.3314,1.1032
2783,18:15:08.466,1368,-0.3319,1.1024
2784,18:15:08.466,1370,-0.3309,1.1040
2785,18:15:08.467,1367,-0.3324,1.1016
2786,18:15:08.467,1370,-0.3309,1.1040
2787,18:15:08.468,1367,-0.3324,1.1016
2788,18:15:08.468,1370,-0.3309,1.1040
2789,18:15:08.469,1371,-0.3304,1.1048
2790,18:15:08.469,1370,-0.3309,1.1040
2791,18:15:08.470,1367,-0.3324,1.1016
2792,18:15:08.470,1370,-0.3309,1.1040
2793,18:15:08.471,1368,-0.3319,1.1024
2794,18:15:08.471,1371,-0.3304,1.1048
2795,18:15:08.472,1372,-0.3299,1.1056
2796,18:15:08.472,1370,-0.3309,1.1040
2797,18:15:08.473,1371,-0.3304,1.1048
2798,18:15:08.473,1369,-0.3314,1.1032
2799,18:15:08.474,1371,-0.3304,1.1048
2800,18:15:08.474,1367,-0.3324,1.1016
2801,18:15:08.475,1371,-0.3304,1.1048
2802,18:15:08.475,1369,-0.3314,1.1032
2803,18:15:08.476,1369,-0.3314,1.1032
2804,18:15:08.476,1367,-0.3324,1.1016
2805,18:15:08.477,1370,-0.3309,1.1040
2806,18:15:08.477,1369,-0.3314,1.1032
2807,18:15:08.478,1370,-0.3309,1.1040
2808,18:15:08.478,1372,-0.3299,1.1056
2809,18:15:08.479,1369,-0.3314,1.1032
2810,18:15:08.479,1371,-0.3304,1.1048
2811,18:15:08.480,1372,-0.3299,1.1056
2812,18:15:08.480,1368,-0.3319,1.1024
2813,18:15:08.481,1370,-0.3309,1.1040
2814,18:15:08.481,1370,-0.3309,1.1040
2815,18:15:08.482,1371,-0.3304,1.1048
2816,18:15:08.482,1371,-0.3304,1.1048
2817,18:15:08.483,1370,-0.3309,1.1040
2818,18:15:08.483,1373,-0.3294,1.1064
2819,18:15:08.484,1370,-0.3309,1.1040
2820,18:15:08.484,1369,-0.3314,1.1032
2821,18:15:08.485,1426,-0.3035,1.1492
2822,18:15:08.485,1340,-0.3455,1.0799
2823,18:15:08.486,1341,-0.3451,1.0807
2824,18:15:08.486,1384,-0.3241,1.1153
2825,18:15:08.487,1411,-0.3109,1.1371
2826,18:15:08.487,1358,-0.3368,1.0944
2827,18:15:08.488,1376,-0.3280,1.1089
2828,18:15:08.488,1394,-0.3192,1.1234
2829,18:15:08.489,1375,-0.3284,1.1081
2830,18:15:08.489,1363,-0.3343,1.0984
2831,18:15:08.490,1396,-0.3182,1.1250
2832,18:15:08.490,1275,-0.3773,1.0275
2833,18:15:08.491,1365,-0.3333,1.1000
2834,18:15:08.491,1392,-0.3201,1.1218
2835,18:15:08.492,1360,-0.3358,1.0960
2836,18:15:08.492,1276,-0.3768,1.0283
2837,18:15:08.493,1432,-0.3006,1.1540
2838,18:15:08.493,1428,-0.3026,1.1508
2839,18:15:08.494,1416,-0.3084,1.1411
2840,18:15:08.494,1420,-0.3065,1.1443
2841,18:15:08.495,1420,-0.3065,1.1443
2842,18:15:08.495,1386,-0.3231,1.1169
2843,18:15:08.496,1370,-0.3309,1.1040
2844,18:15:08.496,1495,-0.2698,1.2048
2845,18:15:08.497,1446,-0.2938,1.1653
2846,18:15:08.497,1470,-0.2821,1.1846
2847,18:15:08.498,1452,-0.2908,1.1701
2848,18:15:08.498,1491,-0.2718,1.2015
2849,18:15:08.499,1463,-0.2855,1.1790
2850,18:15:08.499,1453,-0.2904,1.1709
2851,18:15:08.500,1465,-0.2845,1.1806
2852,18:15:08.500,1394,-0.3192,1.1234
2853,18:15:08.501,1426,-0.3035,1.1492
2854,18:15:08.501,1518,-0.2586,1.2233
2855,18:15:08.502,1462,-0.2860,1.1782
2856,18:15:08.502,1417,-0.3079,1.1419
2857,18:15:08.503,1473,-0.2806,1.1870
2858,18:15:08.503,1500,-0.2674,1.2088
2859,18:15:08.504,1477,-0.2786,1.1903
2860,18:15:08.504,1425,-0.3040,1.1484
2861,18:15:08.505,1472,-0.2811,1.1862
2862,18:15:08.505,1441,-0.2962,1.1612
2863,18:15:08.506,1426,-0.3035,1.1492
2864,18:15:08.506,1475,-0.2796,1.1886
2865,18:15:08.507,1489,-0.2728,1.1999
2866,18:15:08.507,1492,-0.2713,1.2023
2867,18:15:08.508,1505,-0.2650,1.2128
2868,18:15:08.508,1528,-0.2537,1.2314
2869,18:15:08.509,1550,-0.2430,1.2491
2870,18:15:08.509,1507,-0.2640,1.2144
2871,18:15:08.510,1566,-0.2352,1.2620
2872,18:15:08.510,1496,-0.2694,1.2056
2873,18:15:08.511,1527,-0.2542,1.2305
2874,18:15:08.511,1602,-0.2176,1.2910
2875,18:15:08.512,1595,-0.2210,1.2853
2876,18:15:08.512,1561,-0.2376,1.2579
2877,18:15:08.513,1587,-0.2249,1.2789
2878,18:15:08.513,1668,-0.1853,1.3442
2879,18:15:08.514,1647,-0.1956,1.3273
2880,18:15:08.514,1597,-0.2200,1.2870
2881,18:15:08.515,1626,-0.2059,1.3103
2882,18:15:08.515,1644,-0.1971,1.3248
2883,18:15:08.516,1635,-0.2015,1.3176
2884,18:15:08.516,1682,-0.1785,1.3555
2885,18:15:08.517,1735,-0.1526,1.3982
2886,18:15:08.517,1731,-0.1546,1.3949
2887,18:15:08.518,1728,-0.1560,1.3925
2888,18:15:08.518,1735,-0.1526,1.3982
2889,18:15:08.519,1740,-0.1502,1.4022
2890,18:15:08.519,1703,-0.1683,1.3724
2891,18:15:08.520,1738,-0.1512,1.4006
2892,18:15:08.520,1673,-0.1829,1.3482
2893,18:15:08.521,1649,-0.1946,1.3289
2894,18:15:08.521,1713,-0.1634,1.3804
2895,18:15:08.522,1757,-0.1419,1.4159
2896,18:15:08.522,1726,-0.1570,1.3909
2897,18:15:08.523,1705,-0.1673,1.3740
2898,18:15:08.523,1765,-0.1380,1.4223
2899,18:15:08.524,1745,-0.1477,1.4062
2900,18:15:08.524,1679,-0.1800,1.3530
2901,18:15:08.525,1690,-0.1746,1.3619
2902,18:15:08.525,1707,-0.1663,1.3756
2903,18:15:08.526,1705,-0.1673,1.3740
2904,18:15:08.526,1696,-0.1717,1.3667
2905,18:15:08.527,1782,-0.1297,1.4360
2906,18:15:08.527,1799,-0.1214,1.4497
2907,18:15:08.528,1822,-0.1101,1.4683
2908,18:15:08.528,1801,-0.1204,1.4514
2909,18:15:08.529,1787,-0.1272,1.4401
2910,18:15:08.529,1767,-0.1370,1.4240
2911,18:15:08.530,1796,-0.1228,1.4473
2912,18:15:08.530,1756,-0.1424,1.4151
2913,18:15:08.531,1707,-0.1663,1.3756
2914,18:15:08.531,1716,-0.1619,1.3829
2915,18:15:08.532,1772,-0.1346,1.4280
2916,18:15:08.532,1784,-0.1287,1.4377
2917,18:15:08.533,1745,-0.1477,1.4062
2918,18:15:08.533,1795,-0.1233,1.4465
2919,18:15:08.534,1784,-0.1287,1.4377
2920,18:15:08.534,1746,-0.1473,1.4070
2921,18:15:08.535,1743,-0.1487,1.4046
2922,18:15:08.535,1777,-0.1321,1.4320
2923,18:15:08.536,1766,-0.1375,1.4232
2924,18:15:08.536,1721,-0.1595,1.3869
2925,18:15:08.537,1778,-0.1316,1.4328
2926,18:15:08.537,1800,-0.1209,1.4505
2927,18:15:08.538,1846,-0.0984,1.4876
2928,18:15:08.538,1808,-0.1170,1.4570
2929,18:15:08.539,1774,-0.1336,1.4296
2930,18:15:08.539,1735,-0.1526,1.3982
2931,18:15:08.540,1729,-0.1556,1.3933
2932,18:15:08.540,1708,-0.1658,1.3764
2933,18:15:08.541,1661,-0.1888,1.3385
2934,18:15:08.541,1669,-0.1849,1.3450
2935,18:15:08.542,1709,-0.1653,1.3772
2936,18:15:08.542,1753,-0.1438,1.4127
2937,18:15:08.543,1726,-0.1570,1.3909
2938,18:15:08.543,1768,-0.1365,1.4248
2939,18:15:08.544,1781,-0.1302,1.4352
2940,18:15:08.544,1750,-0.1453,1.4103
2941,18:15:08.545,1707,-0.1663,1.3756
2942,18:15:08.545,1750,-0.1453,1.4103
2943,18:15:08.546,1524,-0.2557,1.2281
2944,18:15:08.546,1681,-0.1790,1.3547
2945,18:15:08.547,1724,-0.1580,1.3893
2946,18:15:08.547,1740,-0.1502,1.4022
2947,18:15:08.548,1804,-0.1189,1.4538
2948,18:15:08.548,1795,-0.1233,1.4465
2949,18:15:08.549,1802,-0.1199,1.4522
2950,18:15:08.549,1783,-0.1292,1.4368
2951,18:15:08.550,1780,-0.1306,1.4344
2952,18:15:08.550,1813,-0.1145,1.4610
2953,18:15:08.551,1785,-0.1282,1.4385
2954,18:15:08.551,1771,-0.1350,1.4272
2955,18:15:08.552,1795,-0.1233,1.4465
2956,18:15:08.552,1817,-0.1126,1.4642
2957,18:15:08.553,1775,-0.1331,1.4304
2958,18:15:08.553,1813,-0.1145,1.4610
2959,18:15:08.554,1818,-0.1121,1.4651
2960,18:15:08.554,1789,-0.1263,1.4417
2961,18:15:08.555,1733,-0.1536,1.3966
2962,18:15:08.555,1754,-0.1433,1.4135
2963,18:15:08.556,1782,-0.1297,1.4360
2964,18:15:08.556,1714,-0.1629,1.3812
2965,18:15:08.557,1740,-0.1502,1.4022
2966,18:15:08.557,1743,-0.1487,1.4046
2967,18:15:08.558,1786,-0.1277,1.4393
2968,18:15:08.558,1773,-0.1341,1.4288
2969,18:15:08.559,1770,-0.1355,1.4264
2970,18:15:08.559,1760,-0.1404,1.4183
2971,18:15:08.560,1724,-0.1580,1.3893
2972,18:15:08.560,1744,-0.1482,1.4054
2973,18:15:08.561,1726,-0.1570,1.3909
2974,18:15:08.561,1692,-0.1736,1.3635
2975,18:15:08.562,1689,-0.1751,1.3611
2976,18:15:08.562,1737,-0.1516,1.3998
2977,18:15:08.563,1708,-0.1658,1.3764
2978,18:15:08.563,1725,-0.1575,1.3901
2979,18:15:08.564,1746,-0.1473,1.4070
2980,18:15:08.564,1757,-0.1419,1.4159
2981,18:15:08.565,1698,-0.1707,1.3684
2982,18:15:08.565,1692,-0.1736,1.3635
2983,18:15:08.566,1743,-0.1487,1.4046
2984,18:15:08.566,1697,-0.1712,1.3675
2985,18:15:08.567,1706,-0.1668,1.3748
2986,18:15:08.567,1717,-0.1614,1.3837
2987,18:15:08.568,1763,-0.1389,1.4207
2988,18:15:08.568,1762,-0.1394,1.4199
2989,18:15:08.569,1766,-0.1375,1.4232
2990,18:15:08.569,1755,-0.1429,1.4143
2991,18:15:08.570,1704,-0.1678,1.3732
2992,18:15:08.570,1716,-0.1619,1.3829
2993,18:15:08.571,1716,-0.1619,1.3829
2994,18:15:08.571,1685,-0.1770,1.3579
2995,18:15:08.572,1671,-0.1839,1.3466
2996,18:15:08.572,1718,-0.1609,1.3845
2997,18:15:08.573,1698,-0.1707,1.3684
2998,18:15:08.573,1703,-0.1683,1.3724
2999,18:15:08.574,1727,-0.1565,1.3917
3000,18:15:08.574,1763,-0.1389,1.4207
3001,18:15:08.575,1694,-0.1726,1.3651
3002,18:15:08.575,1653,-0.1927,1.3321
3003,18:15:08.576,1711,-0.1643,1.3788
3004,18:15:08.576,1684,-0.1775,1.3571
3005,18:15:08.577,1681,-0.1790,1.3547
3006,18:15:08.577,1677,-0.1810,1.3514
3007,18:15:08.578,1715,-0.1624,1.3821
3008,18:15:08.578,1733,-0.1536,1.3966
3009,18:15:08.579,1732,-0.1541,1.3958
3010,18:15:08.579,1745,-0.1477,1.4062
3011,18:15:08.580,1690,-0.1746,1.3619
3012,18:15:08.580,1685,-0.1770,1.3579
3013,18:15:08.581,1703,-0.1683,1.3724
3014,18:15:08.581,1668,-0.1853,1.3442
3015,18:15:08.582,1646,-0.1961,1.3264
3016,18:15:08.582,1695,-0.1722,1.3659
3017,18:15:08.583,1682,-0.1785,1.3555
3018,18:15:08.583,1682,-0.1785,1.3555
3019,18:15:08.584,1701,-0.1692,1.3708
3020,18:15:08.584,1761,-0.1399,1.4191
3021,18:15:08.585,1701,-0.1692,1.3708
3022,18:15:08.585,1640,-0.1990,1.3216
3023,18:15:08.586,1687,-0.1761,1.3595
3024,18:15:08.586,1674,-0.1824,1.3490
3025,18:15:08.587,1671,-0.1839,1.3466
3026,18:15:08.587,1672,-0.1834,1.3474
3027,18:15:08.588,1696,-0.1717,1.3667
3028,18:15:08.588,1711,-0.1643,1.3788
3029,18:15:08.589,1713,-0.1634,1.3804
3030,18:15:08.589,1748,-0.1463,1.4086
3031,18:15:08.590,1711,-0.1643,1.3788
3032,18:15:08.590,1702,-0.1687,1.3716
3033,18:15:08.591,1719,-0.1604,1.3853
3034,18:15:08.591,1687,-0.1761,1.3595
3035,18:15:08.592,1651,-0.1937,1.3305
3036,18:15:08.592,1689,-0.1751,1.3611
3037,18:15:08.593,1692,-0.1736,1.3635
3038,18:15:08.593,1675,-0.1819,1.3498
3039,18:15:08.594,1678,-0.1805,1.3522
3040,18:15:08.594,1742,-0.1492,1.4038
3041,18:15:08.595,1072,-0.4764,0.8639
3042,18:15:08.595,1658,-0.1902,1.3361
3043,18:15:08.596,1708,-0.1658,1.3764
3044,18:15:08.596,1496,-0.2694,1.2056
3045,18:15:08.597,1710,-0.1648,1.3780
3046,18:15:08.597,1712,-0.1639,1.3796
3047,18:15:08.598,1722,-0.1590,1.3877
3048,18:15:08.598,1738,-0.1512,1.4006
3049,18:15:08.599,1720,-0.1600,1.3861
3050,18:15:08.599,1771,-0.1350,1.4272
3051,18:15:08.600,1782,-0.1297,1.4360
3052,18:15:08.600,1742,-0.1492,1.4038
3053,18:15:08.601,1761,-0.1399,1.4191
3054,18:15:08.601,1741,-0.1497,1.4030
3055,18:15:08.602,1728,-0.1560,1.3925
3056,18:15:08.602,1763,-0.1389,1.4207
3057,18:15:08.603,1787,-0.1272,1.4401
3058,18:15:08.603,1779,-0.1311,1.4336
3059,18:15:08.604,1769,-0.1360,1.4256
3060,18:15:08.604,1844,-0.0994,1.4860
3061,18:15:08.605,1842,-0.1004,1.4844
3062,18:15:08.605,1798,-0.1219,1.4489
3063,18:15:08.606,1815,-0.1136,1.4626
3064,18:15:08.606,1825,-0.1087,1.4707
3065,18:15:08.607,1810,-0.1160,1.4586
3066,18:15:08.607,1817,-0.1126,1.4642
3067,18:15:08.608,1840,-0.1013,1.4828
3068,18:15:08.608,1863,-0.0901,1.5013
3069,18:15:08.609,1846,-0.0984,1.4876
3070,18:15:08.609,1886,-0.0789,1.5199
3071,18:15:08.610,1878,-0.0828,1.5134
3072,18:15:08.610,1855,-0.0940,1.4949
3073,18:15:08.611,1866,-0.0886,1.5037
3074,18:15:08.611,1854,-0.0945,1.4941
3075,18:15:08.612,1827,-0.1077,1.4723
3076,18:15:08.612,1841,-0.1009,1.4836
3077,18:15:08.613,1875,-0.0842,1.5110
3078,18:15:08.613,1871,-0.0862,1.5078
3079,18:15:08.614,1841,-0.1009,1.4836
3080,18:15:08.614,1885,-0.0794,1.5190
3081,18:15:08.615,1895,-0.0745,1.5271
3082,18:15:08.615,1844,-0.0994,1.4860
3083,18:15:08.616,1830,-0.1062,1.4747
3084,18:15:08.616,1853,-0.0950,1.4933
3085,18:15:08.617,1835,-0.1038,1.4788
3086,18:15:08.617,1834,-0.1043,1.4779
3087,18:15:08.618,1854,-0.0945,1.4941
3088,18:15:08.618,1888,-0.0779,1.5215
3089,18:15:08.619,1868,-0.0877,1.5053
3090,18:15:08.619,1904,-0.0701,1.5344
3091,18:15:08.620,1909,-0.0676,1.5384
3092,18:15:08.620,1877,-0.0833,1.5126
3093,18:15:08.621,1892,-0.0759,1.5247
3094,18:15:08.621,1883,-0.0803,1.5174
3095,18:15:08.622,1856,-0.0935,1.4957
3096,18:15:08.622,1850,-0.0965,1.4908
3097,18:15:08.623,1896,-0.0740,1.5279
3098,18:15:08.623,1903,-0.0706,1.5336
3099,18:15:08.624,1868,-0.0877,1.5053
3100,18:15:08.624,1915,-0.0647,1.5432
3101,18:15:08.625,1953,-0.0462,1.5738
3102,18:15:08.625,1914,-0.0652,1.5424
3103,18:15:08.626,1899,-0.0725,1.5303
3104,18:15:08.626,1927,-0.0589,1.5529
3105,18:15:08.627,1895,-0.0745,1.5271
3106,18:15:08.627,1890,-0.0769,1.5231
3107,18:15:08.628,1900,-0.0720,1.5311
3108,18:15:08.628,1935,-0.0549,1.5593
3109,18:15:08.629,1924,-0.0603,1.5505
3110,18:15:08.629,1933,-0.0559,1.5577
3111,18:15:08.630,1945,-0.0501,1.5674
3112,18:15:08.630,1915,-0.0647,1.5432
3113,18:15:08.631,1915,-0.0647,1.5432
3114,18:15:08.631,1913,-0.0657,1.5416
3115,18:15:08.632,1882,-0.0808,1.5166
3116,18:15:08.632,1853,-0.0950,1.4933
3117,18:15:08.633,1891,-0.0764,1.5239
3118,18:15:08.633,1914,-0.0652,1.5424
3119,18:15:08.634,1881,-0.0813,1.5158
3120,18:15:08.634,1914,-0.0652,1.5424
3121,18:15:08.635,1966,-0.0398,1.5843
3122,18:15:08.635,1945,-0.0501,1.5674
3123,18:15:08.636,1912,-0.0662,1.5408
3124,18:15:08.636,1949,-0.0481,1.5706
3125,18:15:08.637,1929,-0.0579,1.5545
3126,18:15:08.637,1914,-0.0652,1.5424
3127,18:15:08.638,1916,-0.0642,1.5440
3128,18:15:08.638,1954,-0.0457,1.5747
3129,18:15:08.639,1954,-0.0457,1.5747
3130,18:15:08.639,1960,-0.0427,1.5795
3131,18:15:08.640,1963,-0.0413,1.5819
3132,18:15:08.640,1936,-0.0545,1.5601
3133,18:15:08.641,1929,-0.0579,1.5545
3134,18:15:08.641,1937,-0.0540,1.5610
3135,18:15:08.642,1902,-0.0711,1.5327
3136,18:15:08.642,1856,-0.0935,1.4957
3137,18:15:08.643,1880,-0.0818,1.5150
3138,18:15:08.643,1900,-0.0720,1.5311
3139,18:15:08.644,1870,-0.0867,1.5070
3140,18:15:08.644,1880,-0.0818,1.5150
3141,18:15:08.645,1916,-0.0642,1.5440
3142,18:15:08.645,1906,-0.0691,1.5360
3143,18:15:08.646,1871,-0.0862,1.5078
3144,18:15:08.646,1906,-0.0691,1.5360
3145,18:15:08.647,1902,-0.0711,1.5327
3146,18:15:08.647,1891,-0.0764,1.5239
3147,18:15:08.648,1886,-0.0789,1.5199
3148,18:15:08.648,1915,-0.0647,1.5432
3149,18:15:08.649,1925,-0.0598,1.5513
3150,18:15:08.649,1935,-0.0549,1.5593
3151,18:15:08.650,1956,-0.0447,1.5763
3152,18:15:08.650,1939,-0.0530,1.5626
3153,18:15:08.651,1933,-0.0559,1.5577
3154,18:15:08.651,1942,-0.0515,1.5650
3155,18:15:08.652,1940,-0.0525,1.5634
3156,18:15:08.652,1888,-0.0779,1.5215
3157,18:15:08.653,1911,-0.0667,1.5400
3158,18:15:08.653,1941,-0.0520,1.5642
3159,18:15:08.654,1932,-0.0564,1.5569
3160,18:15:08.654,1928,-0.0584,1.5537
3161,18:15:08.655,1968,-0.0388,1.5859
3162,18:15:08.655,1980,-0.0330,1.5956
3163,18:15:08.656,1935,-0.0549,1.5593
3164,18:15:08.656,1962,-0.0418,1.5811
3165,18:15:08.657,1964,-0.0408,1.5827
3166,18:15:08.657,1954,-0.0457,1.5747
3167,18:15:08.658,1939,-0.0530,1.5626
3168,18:15:08.658,1963,-0.0413,1.5819
3169,18:15:08.659,1975,-0.0354,1.5916
3170,18:15:08.659,1969,-0.0383,1.5867
3171,18:15:08.660,1999,-0.0237,1.6109
3172,18:15:08.660,1992,-0.0271,1.6053
3173,18:15:08.661,1969,-0.0383,1.5867
3174,18:15:08.661,1979,-0.0335,1.5948
3175,18:15:08.662,1989,-0.0286,1.6029
3176,18:15:08.662,1934,-0.0554,1.5585
3177,18:15:08.663,1946,-0.0496,1.5682
3178,18:15:08.663,1967,-0.0393,1.5851
3179,18:15:08.664,1967,-0.0393,1.5851
3180,18:15:08.664,1951,-0.0471,1.5722
3181,18:15:08.665,1989,-0.0286,1.6029
3182,18:15:08.665,2012,-0.0173,1.6214
3183,18:15:08.666,1976,-0.0349,1.5924
3184,18:15:08.666,1991,-0.0276,1.6045
3185,18:15:08.667,1991,-0.0276,1.6045
3186,18:15:08.667,1979,-0.0335,1.5948
3187,18:15:08.668,1959,-0.0432,1.5787
3188,18:15:08.668,1971,-0.0374,1.5884
3189,18:15:08.669,1990,-0.0281,1.6037
3190,18:15:08.669,1983,-0.0315,1.5980
3191,18:15:08.670,2004,-0.0212,1.6149
3192,18:15:08.670,2006,-0.0203,1.6166
3193,18:15:08.671,1984,-0.0310,1.5988
3194,18:15:08.671,1980,-0.0330,1.5956
3195,18:15:08.672,1997,-0.0247,1.6093
3196,18:15:08.672,1945,-0.0501,1.5674
3197,18:15:08.673,1945,-0.0501,1.5674
3198,18:15:08.673,1957,-0.0442,1.5771
3199,18:15:08.674,1966,-0.0398,1.5843
3200,18:15:08.674,1941,-0.0520,1.5642
3201,18:15:08.675,1963,-0.0413,1.5819
3202,18:15:08.675,2002,-0.0222,1.6133
3203,18:15:08.676,1972,-0.0369,1.5892
3204,18:15:08.676,1975,-0.0354,1.5916
3205,18:15:08.677,1980,-0.0330,1.5956
3206,18:15:08.677,1977,-0.0344,1.5932
3207,18:15:08.678,1956,-0.0447,1.5763
3208,18:15:08.678,1957,-0.0442,1.5771
3209,18:15:08.679,1981,-0.0325,1.5964
3210,18:15:08.679,1970,-0.0379,1.5875
3211,18:15:08.680,1997,-0.0247,1.6093
3212,18:15:08.680,2005,-0.0208,1.6158
3213,18:15:08.681,1981,-0.0325,1.5964
3214,18:15:08.681,1970,-0.0379,1.5875
3215,18:15:08.682,2000,-0.0232,1.6117
3216,18:15:08.682,1955,-0.0452,1.5755
3217,18:15:08.683,1939,-0.0530,1.5626
3218,18:15:08.683,1945,-0.0501,1.5674
3219,18:15:08.684,1967,-0.0393,1.5851
3220,18:15:08.684,1939,-0.0530,1.5626
3221,18:15:08.685,1957,-0.0442,1.5771
3222,18:15:08.685,2006,-0.0203,1.6166
3223,18:15:08.686,1984,-0.0310,1.5988
3224,18:15:08.686,1970,-0.0379,1.5875
3225,18:15:08.687,1980,-0.0330,1.5956
3226,18:15:08.687,1977,-0.0344,1.5932
3227,18:15:08.688,1966,-0.0398,1.5843
3228,18:15:08.688,1953,-0.0462,1.5738
3229,18:15:08.689,1984,-0.0310,1.5988
3230,18:15:08.689,1971,-0.0374,1.5884
3231,18:15:08.690,1992,-0.0271,1.6053
3232,18:15:08.690,2012,-0.0173,1.6214
3233,18:15:08.691,1990,-0.0281,1.6037
3234,18:15:08.691,1979,-0.0335,1.5948
3235,18:15:08.692,2002,-0.0222,1.6133
3236,18:15:08.692,1975,-0.0354,1.5916
3237,18:15:08.693,1957,-0.0442,1.5771
3238,18:15:08.693,1957,-0.0442,1.5771
3239,18:15:08.694,1984,-0.0310,1.5988
3240,18:15:08.694,1959,-0.0432,1.5787
3241,18:15:08.695,1961,-0.0422,1.5803
3242,18:15:08.695,2014,-0.0164,1.6230
3243,18:15:08.696,2004,-0.0212,1.6149
3244,18:15:08.696,1996,-0.0252,1.6085
3245,18:15:08.697,2003,-0.0217,1.6141
3246,18:15:08.697,2005,-0.0208,1.6158
3247,18:15:08.698,1994,-0.0261,1.6069
3248,18:15:08.698,1970,-0.0379,1.5875
3249,18:15:08.699,1985,-0.0305,1.5996
3250,18:15:08.699,1968,-0.0388,1.5859
3251,18:15:08.700,1973,-0.0364,1.5900
3252,18:15:08.700,1992,-0.0271,1.6053
3253,18:15:08.701,1974,-0.0359,1.5908
3254,18:15:08.701,1957,-0.0442,1.5771
3255,18:15:08.702,1975,-0.0354,1.5916
3256,18:15:08.702,1953,-0.0462,1.5738
3257,18:15:08.703,1926,-0.0593,1.5521
3258,18:15:08.703,1910,-0.0672,1.5392
3259,18:15:08.704,1939,-0.0530,1.5626
3260,18:15:08.704,1913,-0.0657,1.5416
3261,18:15:08.705,1898,-0.0730,1.5295
3262,18:15:08.705,1948,-0.0486,1.5698
3263,18:15:08.706,1951,-0.0471,1.5722
3264,18:15:08.706,1930,-0.0574,1.5553
3265,18:15:08.707,1933,-0.0559,1.5577
3266,18:15:08.707,1935,-0.0549,1.5593
3267,18:15:08.708,1930,-0.0574,1.5553
3268,18:15:08.708,1897,-0.0735,1.5287
3269,18:15:08.709,1926,-0.0593,1.5521
3270,18:15:08.709,1915,-0.0647,1.5432
3271,18:15:08.710,1914,-0.0652,1.5424
3272,18:15:08.710,1944,-0.0505,1.5666
3273,18:15:08.711,1940,-0.0525,1.5634
3274,18:15:08.711,1930,-0.0574,1.5553
3275,18:15:08.712,1944,-0.0505,1.5666
3276,18:15:08.712,1939,-0.0530,1.5626
3277,18:15:08.713,1909,-0.0676,1.5384
3278,18:15:08.713,1895,-0.0745,1.5271
3279,18:15:08.714,1925,-0.0598,1.5513
3280,18:15:08.714,1913,-0.0657,1.5416
3281,18:15:08.715,1897,-0.0735,1.5287
3282,18:15:08.715,1939,-0.0530,1.5626
3283,18:15:08.716,1963,-0.0413,1.5819
3284,18:15:08.716,1943,-0.0510,1.5658
3285,18:15:08.717,1948,-0.0486,1.5698
3286,18:15:08.717,1953,-0.0462,1.5738
3287,18:15:08.718,1951,-0.0471,1.5722
3288,18:15:08.718,1915,-0.0647,1.5432
3289,18:15:08.719,1939,-0.0530,1.5626
3290,18:15:08.719,1940,-0.0525,1.5634
3291,18:15:08.720,1933,-0.0559,1.5577
3292,18:15:08.720,1963,-0.0413,1.5819
3293,18:15:08.721,1967,-0.0393,1.5851
3294,18:15:08.721,1954,-0.0457,1.5747
3295,18:15:08.722,1958,-0.0437,1.5779
3296,18:15:08.722,1964,-0.0408,1.5827
3297,18:15:08.723,1937,-0.0540,1.5610
3298,18:15:08.723,1914,-0.0652,1.5424
3299,18:15:08.724,1934,-0.0554,1.5585
3300,18:15:08.724,1941,-0.0520,1.5642
3301,18:15:08.725,1911,-0.0667,1.5400
3302,18:15:08.725,1944,-0.0505,1.5666
3303,18:15:08.726,1979,-0.0335,1.5948
3304,18:15:08.726,1961,-0.0422,1.5803
3305,18:15:08.727,1960,-0.0427,1.5795
3306,18:15:08.727,1969,-0.0383,1.5867
3307,18:15:08.728,1970,-0.0379,1.5875
3308,18:15:08.728,1936,-0.0545,1.5601
3309,18:15:08.729,1947,-0.0491,1.5690
3310,18:15:08.729,1955,-0.0452,1.5755
3311,18:15:08.730,1938,-0.0535,1.5618
3312,18:15:08.730,1964,-0.0408,1.5827
3313,18:15:08.731,1971,-0.0374,1.5884
3314,18:15:08.731,1962,-0.0418,1.5811
3315,18:15:08.732,1958,-0.0437,1.5779
3316,18:15:08.732,1973,-0.0364,1.5900
3317,18:15:08.733,1951,-0.0471,1.5722
3318,18:15:08.733,1916,-0.0642,1.5440
3319,18:15:08.734,1929,-0.0579,1.5545
3320,18:15:08.734,1944,-0.0505,1.5666
3321,18:15:08.735,1911,-0.0667,1.5400
3322,18:15:08.735,1933,-0.0559,1.5577
3323,18:15:08.736,1969,-0.0383,1.5867
3324,18:15:08.736,1960,-0.0427,1.5795
3325,18:15:08.737,1960,-0.0427,1.5795
3326,18:15:08.737,1965,-0.0403,1.5835
3327,18:15:08.738,1971,-0.0374,1.5884
3328,18:15:08.738,1942,-0.0515,1.5650
3329,18:15:08.739,1941,-0.0520,1.5642
3330,18:15:08.739,1955,-0.0452,1.5755
3331,18:15:08.740,1940,-0.0525,1.5634
3332,18:15:08.740,1958,-0.0437,1.5779
3333,18:15:08.741,1969,-0.0383,1.5867
3334,18:15:08.741,1967,-0.0393,1.5851
3335,18:15:08.742,1957,-0.0442,1.5771
3336,18:15:08.742,1976,-0.0349,1.5924
3337,18:15:08.743,1958,-0.0437,1.5779
3338,18:15:08.743,1930,-0.0574,1.5553
3339,18:15:08.744,1931,-0.0569,1.5561
3340,18:15:08.744,1946,-0.0496,1.5682
3341,18:15:08.745,1928,-0.0584,1.5537
3342,18:15:08.745,1927,-0.0589,1.5529
3343,18:15:08.746,1966,-0.0398,1.5843
3344,18:15:08.746,1964,-0.0408,1.5827
3345,18:15:08.747,1964,-0.0408,1.5827
3346,18:15:08.747,1970,-0.0379,1.5875
3347,18:15:08.748,1981,-0.0325,1.5964
3348,18:15:08.748,1957,-0.0442,1.5771
3349,18:15:08.749,1942,-0.0515,1.5650
3350,18:15:08.749,1959,-0.0432,1.5787
3351,18:15:08.750,1948,-0.0486,1.5698
3352,18:15:08.750,1958,-0.0437,1.5779
3353,18:15:08.751,1972,-0.0369,1.5892
3354,18:15:08.751,1974,-0.0359,1.5908
3355,18:15:08.752,1958,-0.0437,1.5779
3356,18:15:08.752,1982,-0.0320,1.5972
3357,18:15:08.753,1973,-0.0364,1.5900
3358,18:15:08.753,1944,-0.0505,1.5666
3359,18:15:08.754,1938,-0.0535,1.5618
3360,18:15:08.754,1954,-0.0457,1.5747
3361,18:15:08.755,1943,-0.0510,1.5658
3362,18:15:08.755,1928,-0.0584,1.5537
3363,18:15:08.756,1971,-0.0374,1.5884
3364,18:15:08.756,1976,-0.0349,1.5924
3365,18:15:08.757,1974,-0.0359,1.5908
3366,18:15:08.757,1976,-0.0349,1.5924
3367,18:15:08.758,1987,-0.0295,1.6012
3368,18:15:08.758,1975,-0.0354,1.5916
3369,18:15:08.759,1952,-0.0466,1.5730
3370,18:15:08.759,1967,-0.0393,1.5851
3371,18:15:08.760,1959,-0.0432,1.5787
3372,18:15:08.760,1966,-0.0398,1.5843
3373,18:15:08.761,1974,-0.0359,1.5908
3374,18:15:08.761,1984,-0.0310,1.5988
3375,18:15:08.762,1967,-0.0393,1.5851
3376,18:15:08.762,1987,-0.0295,1.6012
3377,18:15:08.763,1988,-0.0291,1.6021
3378,18:15:08.763,1961,-0.0422,1.5803
3379,18:15:08.764,1943,-0.0510,1.5658
3380,18:15:08.764,1957,-0.0442,1.5771
3381,18:15:08.765,1954,-0.0457,1.5747
3382,18:15:08.765,1935,-0.0549,1.5593
3383,18:15:08.766,1968,-0.0388,1.5859
3384,18:15:08.766,1986,-0.0300,1.6004
3385,18:15:08.767,1985,-0.0305,1.5996
3386,18:15:08.767,1982,-0.0320,1.5972
3387,18:15:08.768,1994,-0.0261,1.6069
3388,18:15:08.768,1996,-0.0252,1.6085
3389,18:15:08.769,1964,-0.0408,1.5827
3390,18:15:08.769,1978,-0.0339,1.5940
3391,18:15:08.770,1964,-0.0408,1.5827
3392,18:15:08.770,1972,-0.0369,1.5892
3393,18:15:08.771,1978,-0.0339,1.5940
3394,18:15:08.771,1989,-0.0286,1.6029
3395,18:15:08.772,1975,-0.0354,1.5916
3396,18:15:08.772,1992,-0.0271,1.6053
3397,18:15:08.773,1994,-0.0261,1.6069
3398,18:15:08.773,1975,-0.0354,1.5916
3399,18:15:08.774,1954,-0.0457,1.5747
3400,18:15:08.774,1963,-0.0413,1.5819
3401,18:15:08.775,1969,-0.0383,1.5867
3402,18:15:08.775,1940,-0.0525,1.5634
3403,18:15:08.776,1966,-0.0398,1.5843
3404,18:15:08.776,1988,-0.0291,1.6021
3405,18:15:08.777,1986,-0.0300,1.6004
3406,18:15:08.777,1982,-0.0320,1.5972
3407,18:15:08.778,1989,-0.0286,1.6029
3408,18:15:08.778,1997,-0.0247,1.6093
3409,18:15:08.779,1963,-0.0413,1.5819
3410,18:15:08.779,1962,-0.0418,1.5811
3411,18:15:08.780,1961,-0.0422,1.5803
3412,18:15:08.780,1953,-0.0462,1.5738
3413,18:15:08.781,1959,-0.0432,1.5787
3414,18:15:08.781,1975,-0.0354,1.5916
3415,18:15:08.782,1958,-0.0437,1.5779
3416,18:15:08.782,1964,-0.0408,1.5827
3417,18:15:08.783,1974,-0.0359,1.5908
3418,18:15:08.783,1960,-0.0427,1.5795
3419,18:15:08.784,1932,-0.0564,1.5569
3420,18:15:08.784,1936,-0.0545,1.5601
3421,18:15:08.785,1944,-0.0505,1.5666
3422,18:15:08.785,1908,-0.0681,1.5376
3423,18:15:08.786,1927,-0.0589,1.5529
3424,18:15:08.786,1958,-0.0437,1.5779
3425,18:15:08.787,1955,-0.0452,1.5755
3426,18:15:08.787,1954,-0.0457,1.5747
3427,18:15:08.788,1963,-0.0413,1.5819
3428,18:15:08.788,1981,-0.0325,1.5964
3429,18:15:08.789,1947,-0.0491,1.5690
3430,18:15:08.789,1947,-0.0491,1.5690
3431,18:15:08.790,1944,-0.0505,1.5666
3432,18:15:08.790,1934,-0.0554,1.5585
3433,18:15:08.791,1935,-0.0549,1.5593
3434,18:15:08.791,1958,-0.0437,1.5779
3435,18:15:08.792,1948,-0.0486,1.5698
3436,18:15:08.792,1948,-0.0486,1.5698
3437,18:15:08.793,1959,-0.0432,1.5787
3438,18:15:08.793,1955,-0.0452,1.5755
3439,18:15:08.794,1929,-0.0579,1.5545
3440,18:15:08.794,1926,-0.0593,1.5521
3441,18:15:08.795,1942,-0.0515,1.5650
3442,18:15:08.795,1910,-0.0672,1.5392
3443,18:15:08.796,1908,-0.0681,1.5376
3444,18:15:08.796,1948,-0.0486,1.5698
3445,18:15:08.797,1950,-0.0476,1.5714
3446,18:15:08.797,1957,-0.0442,1.5771
3447,18:15:08.798,1954,-0.0457,1.5747
3448,18:15:08.798,1979,-0.0335,1.5948
3449,18:15:08.799,1953,-0.0462,1.5738
3450,18:15:08.799,1945,-0.0501,1.5674
3451,18:15:08.800,1948,-0.0486,1.5698
3452,18:15:08.800,1934,-0.0554,1.5585
3453,18:15:08.801,1935,-0.0549,1.5593
3454,18:15:08.801,1953,-0.0462,1.5738
3455,18:15:08.802,1948,-0.0486,1.5698
3456,18:15:08.802,1952,-0.0466,1.5730
3457,18:15:08.803,1961,-0.0422,1.5803
3458,18:15:08.803,1965,-0.0403,1.5835
3459,18:15:08.804,1942,-0.0515,1.5650
3460,18:15:08.804,1929,-0.0579,1.5545
3461,18:15:08.805,1944,-0.0505,1.5666
3462,18:15:08.805,1929,-0.0579,1.5545
3463,18:15:08.806,1912,-0.0662,1.5408
3464,18:15:08.806,1951,-0.0471,1.5722
3465,18:15:08.807,1956,-0.0447,1.5763
3466,18:15:08.807,1964,-0.0408,1.5827
3467,18:15:08.808,1959,-0.0432,1.5787
3468,18:15:08.808,1984,-0.0310,1.5988
3469,18:15:08.809,1974,-0.0359,1.5908
3470,18:15:08.809,1948,-0.0486,1.5698
3471,18:15:08.810,1956,-0.0447,1.5763
3472,18:15:08.810,1943,-0.0510,1.5658
3473,18:15:08.811,1942,-0.0515,1.5650
3474,18:15:08.811,1959,-0.0432,1.5787
3475,18:15:08.812,1956,-0.0447,1.5763
3476,18:15:08.812,1954,-0.0457,1.5747
3477,18:15:08.813,1964,-0.0408,1.5827
3478,18:15:08.813,1976,-0.0349,1.5924
3479,18:15:08.814,1955,-0.0452,1.5755
3480,18:15:08.814,1935,-0.0549,1.5593
3481,18:15:08.815,1949,-0.0481,1.5706
3482,18:15:08.815,1942,-0.0515,1.5650
3483,18:15:08.816,1913,-0.0657,1.5416
3484,18:15:08.816,1949,-0.0481,1.5706
3485,18:15:08.817,1963,-0.0413,1.5819
3486,18:15:08.817,1971,-0.0374,1.5884
3487,18:15:08.818,1964,-0.0408,1.5827
3488,18:15:08.818,1986,-0.0300,1.6004
3489,18:15:08.819,1986,-0.0300,1.6004
3490,18:15:08.819,1957,-0.0442,1.5771
3491,18:15:08.820,1964,-0.0408,1.5827
3492,18:15:08.820,1953,-0.0462,1.5738
3493,18:15:08.821,1949,-0.0481,1.5706
3494,18:15:08.821,1962,-0.0418,1.5811
3495,18:15:08.822,1961,-0.0422,1.5803
3496,18:15:08.822,1964,-0.0408,1.5827
3497,18:15:08.823,1968,-0.0388,1.5859
3498,18:15:08.823,1983,-0.0315,1.5980
3499,18:15:08.824,1965,-0.0403,1.5835
3500,18:15:08.824,1945,-0.0501,1.5674
3501,18:15:08.825,1954,-0.0457,1.5747
3502,18:15:08.825,1959,-0.0432,1.5787
3503,18:15:08.826,1923,-0.0608,1.5497
3504,18:15:08.826,1947,-0.0491,1.5690
3505,18:15:08.827,1963,-0.0413,1.5819
3506,18:15:08.827,1981,-0.0325,1.5964
3507,18:15:08.828,1968,-0.0388,1.5859
3508,18:15:08.828,1984,-0.0310,1.5988
3509,18:15:08.829,2002,-0.0222,1.6133
3510,18:15:08.829,1972,-0.0369,1.5892
3511,18:15:08.830,1973,-0.0364,1.5900
3512,18:15:08.830,1963,-0.0413,1.5819
3513,18:15:08.831,1959,-0.0432,1.5787
3514,18:15:08.831,1965,-0.0403,1.5835
3515,18:15:08.832,1970,-0.0379,1.5875
3516,18:15:08.832,1967,-0.0393,1.5851
3517,18:15:08.833,1971,-0.0374,1.5884
3518,18:15:08.833,1987,-0.0295,1.6012
3519,18:15:08.834,1982,-0.0320,1.5972
3520,18:15:08.834,1957,-0.0442,1.5771
3521,18:15:08.835,1959,-0.0432,1.5787
3522,18:15:08.835,1972,-0.0369,1.5892
3523,18:15:08.836,1936,-0.0545,1.5601
3524,18:15:08.836,1947,-0.0491,1.5690
3525,18:15:08.837,1967,-0.0393,1.5851
3526,18:15:08.837,1983,-0.0315,1.5980
3527,18:15:08.838,1976,-0.0349,1.5924
3528,18:15:08.838,1986,-0.0300,1.6004
3529,18:15:08.839,2013,-0.0168,1.6222
3530,18:15:08.839,1981,-0.0325,1.5964
3531,18:15:08.840,1983,-0.0315,1.5980
3532,18:15:08.840,1971,-0.0374,1.5884
3533,18:15:08.841,1965,-0.0403,1.5835
3534,18:15:08.841,1966,-0.0398,1.5843
3535,18:15:08.842,1976,-0.0349,1.5924
3536,18:15:08.842,1974,-0.0359,1.5908
3537,18:15:08.843,1973,-0.0364,1.5900
3538,18:15:08.843,1993,-0.0266,1.6061
3539,18:15:08.844,1994,-0.0261,1.6069
3540,18:15:08.844,1971,-0.0374,1.5884
3541,18:15:08.845,1960,-0.0427,1.5795
3542,18:15:08.845,1981,-0.0325,1.5964
3543,18:15:08.846,1949,-0.0481,1.5706
3544,18:15:08.846,1946,-0.0496,1.5682
3545,18:15:08.847,1969,-0.0383,1.5867
3546,18:15:08.847,1987,-0.0295,1.6012
3547,18:15:08.848,1987,-0.0295,1.6012
3548,18:15:08.848,1984,-0.0310,1.5988
3549,18:15:08.849,2016,-0.0154,1.6246
3550,18:15:08.849,1994,-0.0261,1.6069
3551,18:15:08.850,1990,-0.0281,1.6037
3552,18:15:08.850,1979,-0.0335,1.5948
3553,18:15:08.851,1971,-0.0374,1.5884
3554,18:15:08.851,1967,-0.0393,1.5851
3555,18:15:08.852,1977,-0.0344,1.5932
3556,18:15:08.852,1978,-0.0339,1.5940
3557,18:15:08.853,1974,-0.0359,1.5908
3558,18:15:08.853,1992,-0.0271,1.6053
3559,18:15:08.854,1999,-0.0237,1.6109
3560,18:15:08.854,1978,-0.0339,1.5940
3561,18:15:08.855,1964,-0.0408,1.5827
3562,18:15:08.855,1984,-0.0310,1.5988
3563,18:15:08.856,1962,-0.0418,1.5811
3564,18:15:08.856,1950,-0.0476,1.5714
3565,18:15:08.857,1968,-0.0388,1.5859
3566,18:15:08.857,1986,-0.0300,1.6004
3567,18:15:08.858,1991,-0.0276,1.6045
3568,18:15:08.858,1984,-0.0310,1.5988
3569,18:15:08.859,2017,-0.0149,1.6254
3570,18:15:08.859,2002,-0.0222,1.6133
3571,18:15:08.860,1991,-0.0276,1.6045
3572,18:15:08.860,1983,-0.0315,1.5980
3573,18:15:08.861,1976,-0.0349,1.5924
3574,18:15:08.861,1964,-0.0408,1.5827
3575,18:15:08.862,1972,-0.0369,1.5892
3576,18:15:08.862,1974,-0.0359,1.5908
3577,18:15:08.863,1968,-0.0388,1.5859
3578,18:15:08.863,1976,-0.0349,1.5924
3579,18:15:08.864,1993,-0.0266,1.6061
3580,18:15:08.864,1978,-0.0339,1.5940
3581,18:15:08.865,1953,-0.0462,1.5738
3582,18:15:08.865,1973,-0.0364,1.5900
3583,18:15:08.866,1962,-0.0418,1.5811
3584,18:15:08.866,1936,-0.0545,1.5601
3585,18:15:08.867,1954,-0.0457,1.5747
3586,18:15:08.867,1973,-0.0364,1.5900
3587,18:15:08.868,1985,-0.0305,1.5996
3588,18:15:08.868,1968,-0.0388,1.5859
3589,18:15:08.869,1999,-0.0237,1.6109
3590,18:15:08.869,1994,-0.0261,1.6069
3591,18:15:08.870,1982,-0.0320,1.5972
3592,18:15:08.870,1972,-0.0369,1.5892
3593,18:15:08.871,1967,-0.0393,1.5851
3594,18:15:08.871,1954,-0.0457,1.5747
3595,18:15:08.872,1968,-0.0388,1.5859
3596,18:15:08.872,1968,-0.0388,1.5859
3597,18:15:08.873,1966,-0.0398,1.5843
3598,18:15:08.873,1973,-0.0364,1.5900
3599,18:15:08.874,1989,-0.0286,1.6029
3600,18:15:08.874,1987,-0.0295,1.6012
3601,18:15:08.875,1960,-0.0427,1.5795
3602,18:15:08.875,1971,-0.0374,1.5884
3603,18:15:08.876,1967,-0.0393,1.5851
3604,18:15:08.876,1941,-0.0520,1.5642
3605,18:15:08.877,1949,-0.0481,1.5706
3606,18:15:08.877,1964,-0.0408,1.5827
3607,18:15:08.878,1982,-0.0320,1.5972
3608,18:15:08.878,1965,-0.0403,1.5835
3609,18:15:08.879,1987,-0.0295,1.6012
3610,18:15:08.879,1994,-0.0261,1.6069
3611,18:15:08.880,1979,-0.0335,1.5948
3612,18:15:08.880,1971,-0.0374,1.5884
3613,18:15:08.881,1966,-0.0398,1.5843
3614,18:15:08.881,1947,-0.0491,1.5690
3615,18:15:08.882,1954,-0.0457,1.5747
3616,18:15:08.882,1960,-0.0427,1.5795
3617,18:15:08.883,1950,-0.0476,1.5714
3618,18:15:08.883,1955,-0.0452,1.5755
3619,18:15:08.884,1968,-0.0388,1.5859
3620,18:15:08.884,1973,-0.0364,1.5900
3621,18:15:08.885,1948,-0.0486,1.5698
3622,18:15:08.885,1947,-0.0491,1.5690
3623,18:15:08.886,1956,-0.0447,1.5763
3624,18:15:08.886,1924,-0.0603,1.5505
3625,18:15:08.887,1932,-0.0564,1.5569
3626,18:15:08.887,1944,-0.0505,1.5666
3627,18:15:08.888,1966,-0.0398,1.5843
3628,18:15:08.888,1955,-0.0452,1.5755
3629,18:15:08.889,1969,-0.0383,1.5867
3630,18:15:08.889,1990,-0.0281,1.6037
3631,18:15:08.890,1975,-0.0354,1.5916
3632,18:15:08.890,1966,-0.0398,1.5843
3633,18:15:08.891,1961,-0.0422,1.5803
3634,18:15:08.891,1944,-0.0505,1.5666
3635,18:15:08.892,1944,-0.0505,1.5666
3636,18:15:08.892,1950,-0.0476,1.5714
3637,18:15:08.893,1948,-0.0486,1.5698
3638,18:15:08.893,1945,-0.0501,1.5674
3639,18:15:08.894,1960,-0.0427,1.5795
3640,18:15:08.894,1971,-0.0374,1.5884
3641,18:15:08.895,1952,-0.0466,1.5730
3642,18:15:08.895,1941,-0.0520,1.5642
3643,18:15:08.896,1958,-0.0437,1.5779
3644,18:15:08.896,1930,-0.0574,1.5553
3645,18:15:08.897,1923,-0.0608,1.5497
3646,18:15:08.897,1938,-0.0535,1.5618
3647,18:15:08.898,1961,-0.0422,1.5803
3648,18:15:08.898,1953,-0.0462,1.5738
3649,18:15:08.899,1958,-0.0437,1.5779
3650,18:15:08.899,1987,-0.0295,1.6012
3651,18:15:08.900,1974,-0.0359,1.5908
3652,18:15:08.900,1964,-0.0408,1.5827
3653,18:15:08.901,1964,-0.0408,1.5827
3654,18:15:08.901,1949,-0.0481,1.5706
3655,18:15:08.902,1941,-0.0520,1.5642
3656,18:15:08.902,1946,-0.0496,1.5682
3657,18:15:08.903,1946,-0.0496,1.5682
3658,18:15:08.903,1947,-0.0491,1.5690
3659,18:15:08.904,1955,-0.0452,1.5755
3660,18:15:08.904,1971,-0.0374,1.5884
3661,18:15:08.905,1957,-0.0442,1.5771
3662,18:15:08.905,1943,-0.0510,1.5658
3663,18:15:08.906,1963,-0.0413,1.5819
3664,18:15:08.906,1943,-0.0510,1.5658
3665,18:15:08.907,1931,-0.0569,1.5561
3666,18:15:08.907,1940,-0.0525,1.5634
3667,18:15:08.908,1961,-0.0422,1.5803
3668,18:15:08.908,1965,-0.0403,1.5835
3669,18:15:08.909,1955,-0.0452,1.5755
3670,18:15:08.909,1985,-0.0305,1.5996
3671,18:15:08.910,1984,-0.0310,1.5988
3672,18:15:08.910,1967,-0.0393,1.5851
3673,18:15:08.911,1970,-0.0379,1.5875
3674,18:15:08.911,1956,-0.0447,1.5763
3675,18:15:08.912,1947,-0.0491,1.5690
3676,18:15:08.912,1949,-0.0481,1.5706
3677,18:15:08.913,1953,-0.0462,1.5738
3678,18:15:08.913,1948,-0.0486,1.5698
3679,18:15:08.914,1958,-0.0437,1.5779
3680,18:15:08.914,1974,-0.0359,1.5908
3681,18:15:08.915,1967,-0.0393,1.5851
3682,18:15:08.915,1948,-0.0486,1.5698
3683,18:15:08.916,1966,-0.0398,1.5843
3684,18:15:08.916,1952,-0.0466,1.5730
3685,18:15:08.917,1935,-0.0549,1.5593
3686,18:15:08.917,1942,-0.0515,1.5650
3687,18:15:08.918,1957,-0.0442,1.5771
3688,18:15:08.918,1970,-0.0379,1.5875
3689,18:15:08.919,1954,-0.0457,1.5747
3690,18:15:08.919,1983,-0.0315,1.5980
3691,18:15:08.920,1990,-0.0281,1.6037
3692,18:15:08.920,1977,-0.0344,1.5932
3693,18:15:08.921,1970,-0.0379,1.5875
3694,18:15:08.921,1962,-0.0418,1.5811
3695,18:15:08.922,1950,-0.0476,1.5714
3696,18:15:08.922,1952,-0.0466,1.5730
3697,18:15:08.923,1955,-0.0452,1.5755
3698,18:15:08.923,1951,-0.0471,1.5722
3699,18:15:08.924,1953,-0.0462,1.5738
3700,18:15:08.924,1971,-0.0374,1.5884
3701,18:15:08.925,1974,-0.0359,1.5908
3702,18:15:08.925,1950,-0.0476,1.5714
3703,18:15:08.926,1963,-0.0413,1.5819
3704,18:15:08.926,1961,-0.0422,1.5803
3705,18:15:08.927,1936,-0.0545,1.5601
3706,18:15:08.927,1938,-0.0535,1.5618
3707,18:15:08.928,1951,-0.0471,1.5722
3708,18:15:08.928,1970,-0.0379,1.5875
3709,18:15:08.929,1952,-0.0466,1.5730
3710,18:15:08.929,1980,-0.0330,1.5956
3711,18:15:08.930,1988,-0.0291,1.6021
3712,18:15:08.930,1979,-0.0335,1.5948
3713,18:15:08.931,1973,-0.0364,1.5900
3714,18:15:08.931,1965,-0.0403,1.5835
3715,18:15:08.932,1952,-0.0466,1.5730
3716,18:15:08.932,1948,-0.0486,1.5698
3717,18:15:08.933,1954,-0.0457,1.5747
3718,18:15:08.933,1951,-0.0471,1.5722
3719,18:15:08.934,1949,-0.0481,1.5706
3720,18:15:08.934,1962,-0.0418,1.5811
3721,18:15:08.935,1978,-0.0339,1.5940
3722,18:15:08.935,1952,-0.0466,1.5730
3723,18:15:08.936,1962,-0.0418,1.5811
3724,18:15:08.936,1963,-0.0413,1.5819
3725,18:15:08.937,1941,-0.0520,1.5642
3726,18:15:08.937,1934,-0.0554,1.5585
3727,18:15:08.938,1946,-0.0496,1.5682
3728,18:15:08.938,1973,-0.0364,1.5900
3729,18:15:08.939,1955,-0.0452,1.5755
3730,18:15:08.939,1972,-0.0369,1.5892
3731,18:15:08.940,1986,-0.0300,1.6004
3732,18:15:08.940,1984,-0.0310,1.5988
3733,18:15:08.941,1976,-0.0349,1.5924
3734,18:15:08.941,1970,-0.0379,1.5875
3735,18:15:08.942,1955,-0.0452,1.5755
3736,18:15:08.942,1947,-0.0491,1.5690
3737,18:15:08.943,1955,-0.0452,1.5755
3738,18:15:08.943,1953,-0.0462,1.5738
3739,18:15:08.944,1949,-0.0481,1.5706
3740,18:15:08.944,1962,-0.0418,1.5811
3741,18:15:08.945,1981,-0.0325,1.5964
3742,18:15:08.945,1959,-0.0432,1.5787
3743,18:15:08.946,1955,-0.0452,1.5755
3744,18:15:08.946,1966,-0.0398,1.5843
3745,18:15:08.947,1946,-0.0496,1.5682
3746,18:15:08.947,1940,-0.0525,1.5634
3747,18:15:08.948,1942,-0.0515,1.5650
3748,18:15:08.948,1973,-0.0364,1.5900
3749,18:15:08.949,1959,-0.0432,1.5787
3750,18:15:08.949,1970,-0.0379,1.5875
3751,18:15:08.950,1986,-0.0300,1.6004
3752,18:15:08.950,1984,-0.0310,1.5988
3753,18:15:08.951,1977,-0.0344,1.5932
3754,18:15:08.951,1972,-0.0369,1.5892
3755,18:15:08.952,1958,-0.0437,1.5779
3756,18:15:08.952,1948,-0.0486,1.5698
3757,18:15:08.953,1957,-0.0442,1.5771
3758,18:15:08.953,1953,-0.0462,1.5738
3759,18:15:08.954,1949,-0.0481,1.5706
3760,18:15:08.954,1953,-0.0462,1.5738
3761,18:15:08.955,1979,-0.0335,1.5948
3762,18:15:08.955,1960,-0.0427,1.5795
3763,18:15:08.956,1955,-0.0452,1.5755
3764,18:15:08.956,1967,-0.0393,1.5851
3765,18:15:08.957,1955,-0.0452,1.5755
3766,18:15:08.957,1942,-0.0515,1.5650
3767,18:15:08.958,1938,-0.0535,1.5618
3768,18:15:08.958,1963,-0.0413,1.5819
3769,18:15:08.959,1961,-0.0422,1.5803
3770,18:15:08.959,1963,-0.0413,1.5819
3771,18:15:08.960,1982,-0.0320,1.5972
3772,18:15:08.960,1991,-0.0276,1.6045
3773,18:15:08.961,1982,-0.0320,1.5972
3774,18:15:08.961,1977,-0.0344,1.5932
3775,18:15:08.962,1964,-0.0408,1.5827
3776,18:15:08.962,1954,-0.0457,1.5747
3777,18:15:08.963,1955,-0.0452,1.5755
3778,18:15:08.963,1951,-0.0471,1.5722
3779,18:15:08.964,1949,-0.0481,1.5706
3780,18:15:08.964,1951,-0.0471,1.5722
3781,18:15:08.965,1972,-0.0369,1.5892
3782,18:15:08.965,1968,-0.0388,1.5859
3783,18:15:08.966,1955,-0.0452,1.5755
3784,18:15:08.966,1969,-0.0383,1.5867
3785,18:15:08.967,1960,-0.0427,1.5795
3786,18:15:08.967,1945,-0.0501,1.5674
3787,18:15:08.968,1934,-0.0554,1.5585
3788,18:15:08.968,1959,-0.0432,1.5787
3789,18:15:08.969,1961,-0.0422,1.5803
3790,18:15:08.969,1961,-0.0422,1.5803
3791,18:15:08.970,1972,-0.0369,1.5892
3792,18:15:08.970,1988,-0.0291,1.6021
3793,18:15:08.971,1981,-0.0325,1.5964
3794,18:15:08.971,1979,-0.0335,1.5948
3795,18:15:08.972,1968,-0.0388,1.5859
3796,18:15:08.972,1955,-0.0452,1.5755
3797,18:15:08.973,1954,-0.0457,1.5747
3798,18:15:08.973,1951,-0.0471,1.5722
3799,18:15:08.974,1950,-0.0476,1.5714
3800,18:15:08.974,1946,-0.0496,1.5682
3801,18:15:08.975,1969,-0.0383,1.5867
3802,18:15:08.975,1976,-0.0349,1.5924
3803,18:15:08.976,1956,-0.0447,1.5763
3804,18:15:08.976,1967,-0.0393,1.5851
3805,18:15:08.977,1967,-0.0393,1.5851
3806,18:15:08.977,1953,-0.0462,1.5738
3807,18:15:08.978,1937,-0.0540,1.5610
3808,18:15:08.978,1952,-0.0466,1.5730
3809,18:15:08.979,1964,-0.0408,1.5827
3810,18:15:08.979,1959,-0.0432,1.5787
3811,18:15:08.980,1972,-0.0369,1.5892
3812,18:15:08.980,1985,-0.0305,1.5996
3813,18:15:08.981,1982,-0.0320,1.5972
3814,18:15:08.981,1982,-0.0320,1.5972
3815,18:15:08.982,1972,-0.0369,1.5892
3816,18:15:08.982,1959,-0.0432,1.5787
3817,18:15:08.983,1951,-0.0471,1.5722
3818,18:15:08.983,1954,-0.0457,1.5747
3819,18:15:08.984,1953,-0.0462,1.5738
3820,18:15:08.984,1944,-0.0505,1.5666
3821,18:15:08.985,1958,-0.0437,1.5779
3822,18:15:08.985,1976,-0.0349,1.5924
3823,18:15:08.986,1958,-0.0437,1.5779
3824,18:15:08.986,1965,-0.0403,1.5835
3825,18:15:08.987,1964,-0.0408,1.5827
3826,18:15:08.987,1958,-0.0437,1.5779
3827,18:15:08.988,1938,-0.0535,1.5618
3828,18:15:08.988,1950,-0.0476,1.5714
3829,18:15:08.989,1964,-0.0408,1.5827
3830,18:15:08.989,1961,-0.0422,1.5803
3831,18:15:08.990,1967,-0.0393,1.5851
3832,18:15:08.990,1984,-0.0310,1.5988
3833,18:15:08.991,1985,-0.0305,1.5996
3834,18:15:08.991,1978,-0.0339,1.5940
3835,18:15:08.992,1972,-0.0369,1.5892
3836,18:15:08.992,1958,-0.0437,1.5779
3837,18:15:08.993,1952,-0.0466,1.5730
3838,18:15:08.993,1952,-0.0466,1.5730
3839,18:15:08.994,1949,-0.0481,1.5706
3840,18:15:08.994,1943,-0.0510,1.5658
3841,18:15:08.995,1951,-0.0471,1.5722
3842,18:15:08.995,1978,-0.0339,1.5940
3843,18:15:08.996,1961,-0.0422,1.5803
3844,18:15:08.996,1959,-0.0432,1.5787
3845,18:15:08.997,1971,-0.0374,1.5884
3846,18:15:08.997,1961,-0.0422,1.5803
3847,18:15:08.998,1941,-0.0520,1.5642
3848,18:15:08.998,1945,-0.0501,1.5674
3849,18:15:08.999,1963,-0.0413,1.5819
3850,18:15:08.999,1958,-0.0437,1.5779
3851,18:15:09.000,1958,-0.0437,1.5779
3852,18:15:09.000,1978,-0.0339,1.5940
3853,18:15:09.001,1983,-0.0315,1.5980
3854,18:15:09.001,1978,-0.0339,1.5940
3855,18:15:09.002,1975,-0.0354,1.5916
3856,18:15:09.002,1963,-0.0413,1.5819
3857,18:15:09.003,1953,-0.0462,1.5738
3858,18:15:09.003,1952,-0.0466,1.5730
3859,18:15:09.004,1949,-0.0481,1.5706
3860,18:15:09.004,1947,-0.0491,1.5690
3861,18:15:09.005,1945,-0.0501,1.5674
3862,18:15:09.005,1972,-0.0369,1.5892
3863,18:15:09.006,1965,-0.0403,1.5835
3864,18:15:09.006,1962,-0.0418,1.5811
3865,18:15:09.007,1969,-0.0383,1.5867
3866,18:15:09.007,1960,-0.0427,1.5795
3867,18:15:09.008,1946,-0.0496,1.5682
3868,18:15:09.008,1942,-0.0515,1.5650
3869,18:15:09.009,1963,-0.0413,1.5819
3870,18:15:09.009,1959,-0.0432,1.5787
3871,18:15:09.010,1958,-0.0437,1.5779
3872,18:15:09.010,1972,-0.0369,1.5892
3873,18:15:09.011,1985,-0.0305,1.5996
3874,18:15:09.011,1978,-0.0339,1.5940
3875,18:15:09.012,1974,-0.0359,1.5908
3876,18:15:09.012,1970,-0.0379,1.5875
3877,18:15:09.013,1956,-0.0447,1.5763
3878,18:15:09.013,1951,-0.0471,1.5722
3879,18:15:09.014,1953,-0.0462,1.5738
3880,18:15:09.014,1950,-0.0476,1.5714
3881,18:15:09.015,1944,-0.0505,1.5666
3882,18:15:09.015,1968,-0.0388,1.5859
3883,18:15:09.016,1966,-0.0398,1.5843
3884,18:15:09.016,1956,-0.0447,1.5763
3885,18:15:09.017,1965,-0.0403,1.5835
3886,18:15:09.017,1968,-0.0388,1.5859
3887,18:15:09.018,1955,-0.0452,1.5755
3888,18:15:09.018,1939,-0.0530,1.5626
3889,18:15:09.019,1958,-0.0437,1.5779
3890,18:15:09.019,1959,-0.0432,1.5787
3891,18:15:09.020,1959,-0.0432,1.5787
3892,18:15:09.020,1969,-0.0383,1.5867
3893,18:15:09.021,1984,-0.0310,1.5988
3894,18:15:09.021,1978,-0.0339,1.5940
3895,18:15:09.022,1980,-0.0330,1.5956
3896,18:15:09.022,1971,-0.0374,1.5884
3897,18:15:09.023,1959,-0.0432,1.5787
3898,18:15:09.023,1952,-0.0466,1.5730
3899,18:15:09.024,1954,-0.0457,1.5747
3900,18:15:09.024,1948,-0.0486,1.5698
3901,18:15:09.025,1940,-0.0525,1.5634
3902,18:15:09.025,1960,-0.0427,1.5795
3903,18:15:09.026,1971,-0.0374,1.5884
3904,18:15:09.026,1958,-0.0437,1.5779
3905,18:15:09.027,1966,-0.0398,1.5843
3906,18:15:09.027,1968,-0.0388,1.5859
3907,18:15:09.028,1963,-0.0413,1.5819
3908,18:15:09.028,1939,-0.0530,1.5626
3909,18:15:09.029,1954,-0.0457,1.5747
3910,18:15:09.029,1962,-0.0418,1.5811
3911,18:15:09.030,1959,-0.0432,1.5787
3912,18:15:09.030,1962,-0.0418,1.5811
3913,18:15:09.031,1982,-0.0320,1.5972
3914,18:15:09.031,1981,-0.0325,1.5964
3915,18:15:09.032,1978,-0.0339,1.5940
3916,18:15:09.032,1975,-0.0354,1.5916
3917,18:15:09.033,1964,-0.0408,1.5827
3918,18:15:09.033,1954,-0.0457,1.5747
3919,18:15:09.034,1952,-0.0466,1.5730
3920,18:15:09.034,1950,-0.0476,1.5714
3921,18:15:09.035,1940,-0.0525,1.5634
3922,18:15:09.035,1953,-0.0462,1.5738
3923,18:15:09.036,1968,-0.0388,1.5859
3924,18:15:09.036,1956,-0.0447,1.5763
3925,18:15:09.037,1965,-0.0403,1.5835
3926,18:15:09.037,1968,-0.0388,1.5859
3927,18:15:09.038,1970,-0.0379,1.5875
3928,18:15:09.038,1944,-0.0505,1.5666
3929,18:15:09.039,1955,-0.0452,1.5755
3930,18:15:09.039,1960,-0.0427,1.5795
3931,18:15:09.040,1959,-0.0432,1.5787
3932,18:15:09.040,1959,-0.0432,1.5787
3933,18:15:09.041,1977,-0.0344,1.5932
3934,18:15:09.041,1983,-0.0315,1.5980
3935,18:15:09.042,1981,-0.0325,1.5964
3936,18:15:09.042,1980,-0.0330,1.5956
3937,18:15:09.043,1965,-0.0403,1.5835
3938,18:15:09.043,1960,-0.0427,1.5795
3939,18:15:09.044,1952,-0.0466,1.5730
3940,18:15:09.044,1954,-0.0457,1.5747
3941,18:15:09.045,1943,-0.0510,1.5658
3942,18:15:09.045,1951,-0.0471,1.5722
3943,18:15:09.046,1969,-0.0383,1.5867
3944,18:15:09.046,1961,-0.0422,1.5803
3945,18:15:09.047,1963,-0.0413,1.5819
3946,18:15:09.047,1968,-0.0388,1.5859
3947,18:15:09.048,1970,-0.0379,1.5875
3948,18:15:09.048,1949,-0.0481,1.5706
3949,18:15:09.049,1951,-0.0471,1.5722
3950,18:15:09.049,1961,-0.0422,1.5803
3951,18:15:09.050,1963,-0.0413,1.5819
3952,18:15:09.050,1957,-0.0442,1.5771
3953,18:15:09.051,1974,-0.0359,1.5908
3954,18:15:09.051,1984,-0.0310,1.5988
3955,18:15:09.052,1979,-0.0335,1.5948
3956,18:15:09.052,1977,-0.0344,1.5932
3957,18:15:09.053,1968,-0.0388,1.5859
3958,18:15:09.053,1960,-0.0427,1.5795
3959,18:15:09.054,1953,-0.0462,1.5738
3960,18:15:09.054,1954,-0.0457,1.5747
3961,18:15:09.055,1944,-0.0505,1.5666
3962,18:15:09.055,1944,-0.0505,1.5666
3963,18:15:09.056,1967,-0.0393,1.5851
3964,18:15:09.056,1961,-0.0422,1.5803
3965,18:15:09.057,1964,-0.0408,1.5827
3966,18:15:09.057,1966,-0.0398,1.5843
3967,18:15:09.058,1975,-0.0354,1.5916
3968,18:15:09.058,1953,-0.0462,1.5738
3969,18:15:09.059,1950,-0.0476,1.5714
3970,18:15:09.059,1964,-0.0408,1.5827
3971,18:15:09.060,1964,-0.0408,1.5827
3972,18:15:09.060,1957,-0.0442,1.5771
3973,18:15:09.061,1971,-0.0374,1.5884
3974,18:15:09.061,1982,-0.0320,1.5972
3975,18:15:09.062,1979,-0.0335,1.5948
3976,18:15:09.062,1981,-0.0325,1.5964
3977,18:15:09.063,1973,-0.0364,1.5900
3978,18:15:09.063,1964,-0.0408,1.5827
3979,18:15:09.064,1953,-0.0462,1.5738
3980,18:15:09.064,1957,-0.0442,1.5771
3981,18:15:09.065,1948,-0.0486,1.5698
3982,18:15:09.065,1940,-0.0525,1.5634
3983,18:15:09.066,1960,-0.0427,1.5795
3984,18:15:09.066,1963,-0.0413,1.5819
3985,18:15:09.067,1962,-0.0418,1.5811
3986,18:15:09.067,1961,-0.0422,1.5803
3987,18:15:09.068,1973,-0.0364,1.5900
3988,18:15:09.068,1961,-0.0422,1.5803
3989,18:15:09.069,1948,-0.0486,1.5698
3990,18:15:09.069,1961,-0.0422,1.5803
3991,18:15:09.070,1965,-0.0403,1.5835
3992,18:15:09.070,1960,-0.0427,1.5795
3993,18:15:09.071,1965,-0.0403,1.5835
3994,18:15:09.071,1978,-0.0339,1.5940
3995,18:15:09.072,1981,-0.0325,1.5964
3996,18:15:09.072,1978,-0.0339,1.5940
3997,18:15:09.073,1975,-0.0354,1.5916
3998,18:15:09.073,1967,-0.0393,1.5851
3999,18:15:09.074,1959,-0.0432,1.5787
4000,18:15:09.074,1955,-0.0452,1.5755
4001,18:15:09.075,1952,-0.0466,1.5730
4002,18:15:09.075,1941,-0.0520,1.5642
4003,18:15:09.076,1954,-0.0457,1.5747
4004,18:15:09.076,1964,-0.0408,1.5827
4005,18:15:09.077,1963,-0.0413,1.5819
4006,18:15:09.077,1961,-0.0422,1.5803
4007,18:15:09.078,1974,-0.0359,1.5908
4008,18:15:09.078,1972,-0.0369,1.5892
4009,18:15:09.079,1949,-0.0481,1.5706
4010,18:15:09.079,1956,-0.0447,1.5763
4011,18:15:09.080,1968,-0.0388,1.5859
4012,18:15:09.080,1959,-0.0432,1.5787
4013,18:15:09.081,1962,-0.0418,1.5811
4014,18:15:09.081,1976,-0.0349,1.5924
4015,18:15:09.082,1979,-0.0335,1.5948
4016,18:15:09.082,1981,-0.0325,1.5964
4017,18:15:09.083,1975,-0.0354,1.5916
4018,18:15:09.083,1971,-0.0374,1.5884
4019,18:15:09.084,1958,-0.0437,1.5779
4020,18:15:09.084,1956,-0.0447,1.5763
4021,18:15:09.085,1955,-0.0452,1.5755
4022,18:15:09.085,1942,-0.0515,1.5650
4023,18:15:09.086,1953,-0.0462,1.5738
4024,18:15:09.086,1962,-0.0418,1.5811
4025,18:15:09.087,1960,-0.0427,1.5795
4026,18:15:09.087,1960,-0.0427,1.5795
4027,18:15:09.088,1971,-0.0374,1.5884
4028,18:15:09.088,1977,-0.0344,1.5932
4029,18:15:09.089,1955,-0.0452,1.5755
4030,18:15:09.089,1954,-0.0457,1.5747
4031,18:15:09.090,1965,-0.0403,1.5835
4032,18:15:09.090,1963,-0.0413,1.5819
4033,18:15:09.091,1960,-0.0427,1.5795
4034,18:15:09.091,1969,-0.0383,1.5867
4035,18:15:09.092,1980,-0.0330,1.5956
4036,18:15:09.092,1980,-0.0330,1.5956
4037,18:15:09.093,1980,-0.0330,1.5956
4038,18:15:09.093,1968,-0.0388,1.5859
4039,18:15:09.094,1963,-0.0413,1.5819
4040,18:15:09.094,1958,-0.0437,1.5779
4041,18:15:09.095,1957,-0.0442,1.5771
4042,18:15:09.095,1945,-0.0501,1.5674
4043,18:15:09.096,1942,-0.0515,1.5650
4044,18:15:09.096,1963,-0.0413,1.5819
4045,18:15:09.097,1961,-0.0422,1.5803
4046,18:15:09.097,1962,-0.0418,1.5811
4047,18:15:09.098,1970,-0.0379,1.5875
4048,18:15:09.098,1976,-0.0349,1.5924
4049,18:15:09.099,1957,-0.0442,1.5771
4050,18:15:09.099,1953,-0.0462,1.5738
4051,18:15:09.100,1963,-0.0413,1.5819
4052,18:15:09.100,1963,-0.0413,1.5819
4053,18:15:09.101,1960,-0.0427,1.5795
4054,18:15:09.101,1965,-0.0403,1.5835
4055,18:15:09.102,1979,-0.0335,1.5948
4056,18:15:09.102,1978,-0.0339,1.5940
4057,18:15:09.103,1978,-0.0339,1.5940
4058,18:15:09.103,1974,-0.0359,1.5908
4059,18:15:09.104,1966,-0.0398,1.5843
4060,18:15:09.104,1956,-0.0447,1.5763
4061,18:15:09.105,1956,-0.0447,1.5763
4062,18:15:09.105,1947,-0.0491,1.5690
4063,18:15:09.106,1943,-0.0510,1.5658
4064,18:15:09.106,1960,-0.0427,1.5795
4065,18:15:09.107,1959,-0.0432,1.5787
4066,18:15:09.107,1963,-0.0413,1.5819
4067,18:15:09.108,1964,-0.0408,1.5827
4068,18:15:09.108,1981,-0.0325,1.5964
4069,18:15:09.109,1963,-0.0413,1.5819
4070,18:15:09.109,1952,-0.0466,1.5730
4071,18:15:09.110,1962,-0.0418,1.5811
4072,18:15:09.110,1962,-0.0418,1.5811
4073,18:15:09.111,1959,-0.0432,1.5787
4074,18:15:09.111,1964,-0.0408,1.5827
4075,18:15:09.112,1976,-0.0349,1.5924
4076,18:15:09.112,1978,-0.0339,1.5940
4077,18:15:09.113,1976,-0.0349,1.5924
4078,18:15:09.113,1975,-0.0354,1.5916
4079,18:15:09.114,1967,-0.0393,1.5851
4080,18:15:09.114,1958,-0.0437,1.5779
4081,18:15:09.115,1960,-0.0427,1.5795
4082,18:15:09.115,1949,-0.0481,1.5706
4083,18:15:09.116,1940,-0.0525,1.5634
4084,18:15:09.116,1957,-0.0442,1.5771
4085,18:15:09.117,1956,-0.0447,1.5763
4086,18:15:09.117,1963,-0.0413,1.5819
4087,18:15:09.118,1962,-0.0418,1.5811
4088,18:15:09.118,1979,-0.0335,1.5948
4089,18:15:09.119,1966,-0.0398,1.5843
4090,18:15:09.119,1955,-0.0452,1.5755
4091,18:15:09.120,1959,-0.0432,1.5787
4092,18:15:09.120,1964,-0.0408,1.5827
4093,18:15:09.121,1961,-0.0422,1.5803
4094,18:15:09.121,1960,-0.0427,1.5795
4095,18:15:09.122,1972,-0.0369,1.5892
4096,18:15:09.122,1974,-0.0359,1.5908
4097,18:15:09.123,1976,-0.0349,1.5924
4098,18:15:09.123,1973,-0.0364,1.5900
4099,18:15:09.124,1970,-0.0379,1.5875
4100,18:15:09.124,1960,-0.0427,1.5795
4101,18:15:09.125,1960,-0.0427,1.5795
4102,18:15:09.125,1956,-0.0447,1.5763
4103,18:15:09.126,1943,-0.0510,1.5658
4104,18:15:09.126,1952,-0.0466,1.5730
4105,18:15:09.127,1958,-0.0437,1.5779
4106,18:15:09.127,1963,-0.0413,1.5819
4107,18:15:09.128,1958,-0.0437,1.5779
4108,18:15:09.128,1974,-0.0359,1.5908
4109,18:15:09.129,1971,-0.0374,1.5884
4110,18:15:09.129,1958,-0.0437,1.5779
4111,18:15:09.130,1956,-0.0447,1.5763
4112,18:15:09.130,1964,-0.0408,1.5827
4113,18:15:09.131,1960,-0.0427,1.5795
4114,18:15:09.131,1960,-0.0427,1.5795
4115,18:15:09.132,1970,-0.0379,1.5875
4116,18:15:09.132,1976,-0.0349,1.5924
4117,18:15:09.133,1976,-0.0349,1.5924
4118,18:15:09.133,1976,-0.0349,1.5924
4119,18:15:09.134,1972,-0.0369,1.5892
4120,18:15:09.134,1965,-0.0403,1.5835
4121,18:15:09.135,1956,-0.0447,1.5763
4122,18:15:09.135,1962,-0.0418,1.5811
4123,18:15:09.136,1941,-0.0520,1.5642
4124,18:15:09.136,1949,-0.0481,1.5706
4125,18:15:09.137,1955,-0.0452,1.5755
4126,18:15:09.137,1961,-0.0422,1.5803
4127,18:15:09.138,1957,-0.0442,1.5771
4128,18:15:09.138,1971,-0.0374,1.5884
4129,18:15:09.139,1978,-0.0339,1.5940
4130,18:15:09.139,1959,-0.0432,1.5787
4131,18:15:09.140,1960,-0.0427,1.5795
4132,18:15:09.140,1962,-0.0418,1.5811
4133,18:15:09.141,1964,-0.0408,1.5827
4134,18:15:09.141,1961,-0.0422,1.5803
4135,18:15:09.142,1966,-0.0398,1.5843
4136,18:15:09.142,1973,-0.0364,1.5900
4137,18:15:09.143,1979,-0.0335,1.5948
4138,18:15:09.143,1976,-0.0349,1.5924
4139,18:15:09.144,1972,-0.0369,1.5892
4140,18:15:09.144,1966,-0.0398,1.5843
4141,18:15:09.145,1957,-0.0442,1.5771
4142,18:15:09.145,1961,-0.0422,1.5803
4143,18:15:09.146,1943,-0.0510,1.5658
4144,18:15:09.146,1945,-0.0501,1.5674
4145,18:15:09.147,1951,-0.0471,1.5722
4146,18:15:09.147,1959,-0.0432,1.5787
4147,18:15:09.148,1956,-0.0447,1.5763
4148,18:15:09.148,1964,-0.0408,1.5827
4149,18:15:09.149,1974,-0.0359,1.5908
4150,18:15:09.149,1962,-0.0418,1.5811
4151,18:15:09.150,1959,-0.0432,1.5787
4152,18:15:09.150,1964,-0.0408,1.5827
4153,18:15:09.151,1964,-0.0408,1.5827
4154,18:15:09.151,1959,-0.0432,1.5787
4155,18:15:09.152,1964,-0.0408,1.5827
4156,18:15:09.152,1971,-0.0374,1.5884
4157,18:15:09.153,1973,-0.0364,1.5900
4158,18:15:09.153,1973,-0.0364,1.5900
4159,18:15:09.154,1975,-0.0354,1.5916
4160,18:15:09.154,1969,-0.0383,1.5867
4161,18:15:09.155,1957,-0.0442,1.5771
4162,18:15:09.155,1964,-0.0408,1.5827
4163,18:15:09.156,1949,-0.0481,1.5706
4164,18:15:09.156,1948,-0.0486,1.5698
4165,18:15:09.157,1952,-0.0466,1.5730
4166,18:15:09.157,1960,-0.0427,1.5795
4167,18:15:09.158,1956,-0.0447,1.5763
4168,18:15:09.158,1964,-0.0408,1.5827
4169,18:15:09.159,1976,-0.0349,1.5924
4170,18:15:09.159,1969,-0.0383,1.5867
4171,18:15:09.160,1961,-0.0422,1.5803
4172,18:15:09.160,1964,-0.0408,1.5827
4173,18:15:09.161,1968,-0.0388,1.5859
4174,18:15:09.161,1963,-0.0413,1.5819
4175,18:15:09.162,1961,-0.0422,1.5803
4176,18:15:09.162,1968,-0.0388,1.5859
4177,18:15:09.163,1973,-0.0364,1.5900
4178,18:15:09.163,1972,-0.0369,1.5892
4179,18:15:09.164,1973,-0.0364,1.5900
4180,18:15:09.164,1970,-0.0379,1.5875
4181,18:15:09.165,1961,-0.0422,1.5803
4182,18:15:09.165,1960,-0.0427,1.5795
4183,18:15:09.166,1953,-0.0462,1.5738
4184,18:15:09.166,1944,-0.0505,1.5666
4185,18:15:09.167,1946,-0.0496,1.5682
4186,18:15:09.167,1958,-0.0437,1.5779
4187,18:15:09.168,1957,-0.0442,1.5771
4188,18:15:09.168,1958,-0.0437,1.5779
4189,18:15:09.169,1975,-0.0354,1.5916
4190,18:15:09.169,1976,-0.0349,1.5924
4191,18:15:09.170,1963,-0.0413,1.5819
4192,18:15:09.170,1961,-0.0422,1.5803
4193,18:15:09.171,1969,-0.0383,1.5867
4194,18:15:09.171,1964,-0.0408,1.5827
4195,18:15:09.172,1960,-0.0427,1.5795
4196,18:15:09.172,1965,-0.0403,1.5835
4197,18:15:09.173,1971,-0.0374,1.5884
4198,18:15:09.173,1972,-0.0369,1.5892
4199,18:15:09.174,1974,-0.0359,1.5908
4200,18:15:09.174,1973,-0.0364,1.5900
4201,18:15:09.175,1963,-0.0413,1.5819
4202,18:15:09.175,1966,-0.0398,1.5843
4203,18:15:09.176,1959,-0.0432,1.5787
4204,18:15:09.176,1944,-0.0505,1.5666
4205,18:15:09.177,1947,-0.0491,1.5690
4206,18:15:09.177,1955,-0.0452,1.5755
4207,18:15:09.178,1960,-0.0427,1.5795
4208,18:15:09.178,1959,-0.0432,1.5787
4209,18:15:09.179,1968,-0.0388,1.5859
4210,18:15:09.179,1977,-0.0344,1.5932
4211,18:15:09.180,1967,-0.0393,1.5851
4212,18:15:09.180,1966,-0.0398,1.5843
4213,18:15:09.181,1970,-0.0379,1.5875
4214,18:15:09.181,1968,-0.0388,1.5859
4215,18:15:09.182,1960,-0.0427,1.5795
4216,18:15:09.182,1963,-0.0413,1.5819
4217,18:15:09.183,1969,-0.0383,1.5867
4218,18:15:09.183,1975,-0.0354,1.5916
4219,18:15:09.184,1974,-0.0359,1.5908
4220,18:15:09.184,1977,-0.0344,1.5932
4221,18:15:09.185,1966,-0.0398,1.5843
4222,18:15:09.185,1963,-0.0413,1.5819
4223,18:15:09.186,1965,-0.0403,1.5835
4224,18:15:09.186,1945,-0.0501,1.5674
4225,18:15:09.187,1949,-0.0481,1.5706
4226,18:15:09.187,1951,-0.0471,1.5722
4227,18:15:09.188,1960,-0.0427,1.5795
4228,18:15:09.188,1958,-0.0437,1.5779
4229,18:15:09.189,1966,-0.0398,1.5843
4230,18:15:09.189,1978,-0.0339,1.5940
4231,18:15:09.190,1970,-0.0379,1.5875
4232,18:15:09.190,1964,-0.0408,1.5827
4233,18:15:09.191,1968,-0.0388,1.5859
4234,18:15:09.191,1967,-0.0393,1.5851
4235,18:15:09.192,1964,-0.0408,1.5827
4236,18:15:09.192,1959,-0.0432,1.5787
4237,18:15:09.193,1969,-0.0383,1.5867
4238,18:15:09.193,1972,-0.0369,1.5892
4239,18:15:09.194,1974,-0.0359,1.5908
4240,18:15:09.194,1976,-0.0349,1.5924
4241,18:15:09.195,1967,-0.0393,1.5851
4242,18:15:09.195,1960,-0.0427,1.5795
4243,18:15:09.196,1966,-0.0398,1.5843
4244,18:15:09.196,1950,-0.0476,1.5714
4245,18:15:09.197,1949,-0.0481,1.5706
4246,18:15:09.197,1951,-0.0471,1.5722
4247,18:15:09.198,1963,-0.0413,1.5819
4248,18:15:09.198,1954,-0.0457,1.5747
4249,18:15:09.199,1962,-0.0418,1.5811
4250,18:15:09.199,1977,-0.0344,1.5932
4251,18:15:09.200,1968,-0.0388,1.5859
4252,18:15:09.200,1966,-0.0398,1.5843
4253,18:15:09.201,1965,-0.0403,1.5835
4254,18:15:09.201,1970,-0.0379,1.5875
4255,18:15:09.202,1961,-0.0422,1.5803
4256,18:15:09.202,1962,-0.0418,1.5811
4257,18:15:09.203,1966,-0.0398,1.5843
4258,18:15:09.203,1972,-0.0369,1.5892
4259,18:15:09.204,1972,-0.0369,1.5892
4260,18:15:09.204,1973,-0.0364,1.5900
4261,18:15:09.205,1969,-0.0383,1.5867
4262,18:15:09.205,1964,-0.0408,1.5827
4263,18:15:09.206,1967,-0.0393,1.5851
4264,18:15:09.206,1955,-0.0452,1.5755
4265,18:15:09.207,1952,-0.0466,1.5730
4266,18:15:09.207,1950,-0.0476,1.5714
4267,18:15:09.208,1957,-0.0442,1.5771
4268,18:15:09.208,1958,-0.0437,1.5779
4269,18:15:09.209,1962,-0.0418,1.5811
4270,18:15:09.209,1980,-0.0330,1.5956
4271,18:15:09.210,1976,-0.0349,1.5924
4272,18:15:09.210,1967,-0.0393,1.5851
4273,18:15:09.211,1969,-0.0383,1.5867
4274,18:15:09.211,1974,-0.0359,1.5908
4275,18:15:09.212,1964,-0.0408,1.5827
4276,18:15:09.212,1961,-0.0422,1.5803
4277,18:15:09.213,1967,-0.0393,1.5851
4278,18:15:09.213,1972,-0.0369,1.5892
4279,18:15:09.214,1970,-0.0379,1.5875
4280,18:15:09.214,1976,-0.0349,1.5924
4281,18:15:09.215,1973,-0.0364,1.5900
4282,18:15:09.215,1963,-0.0413,1.5819
4283,18:15:09.216,1972,-0.0369,1.5892
4284,18:15:09.216,1957,-0.0442,1.5771
4285,18:15:09.217,1953,-0.0462,1.5738
4286,18:15:09.217,1952,-0.0466,1.5730
4287,18:15:09.218,1960,-0.0427,1.5795
4288,18:15:09.218,1959,-0.0432,1.5787
4289,18:15:09.219,1958,-0.0437,1.5779
4290,18:15:09.219,1975,-0.0354,1.5916
4291,18:15:09.220,1976,-0.0349,1.5924
4292,18:15:09.220,1966,-0.0398,1.5843
4293,18:15:09.221,1969,-0.0383,1.5867
4294,18:15:09.221,1975,-0.0354,1.5916
4295,18:15:09.222,1971,-0.0374,1.5884
4296,18:15:09.222,1964,-0.0408,1.5827
4297,18:15:09.223,1965,-0.0403,1.5835
4298,18:15:09.223,1970,-0.0379,1.5875
4299,18:15:09.224,1968,-0.0388,1.5859
4300,18:15:09.224,1972,-0.0369,1.5892
4301,18:15:09.225,1977,-0.0344,1.5932
4302,18:15:09.225,1964,-0.0408,1.5827
4303,18:15:09.226,1972,-0.0369,1.5892
4304,18:15:09.226,1964,-0.0408,1.5827
4305,18:15:09.227,1952,-0.0466,1.5730
4306,18:15:09.227,1950,-0.0476,1.5714
4307,18:15:09.228,1956,-0.0447,1.5763
4308,18:15:09.228,1959,-0.0432,1.5787
4309,18:15:09.229,1956,-0.0447,1.5763
4310,18:15:09.229,1972,-0.0369,1.5892
4311,18:15:09.230,1980,-0.0330,1.5956
4312,18:15:09.230,1971,-0.0374,1.5884
4313,18:15:09.231,1969,-0.0383,1.5867
4314,18:15:09.231,1972,-0.0369,1.5892
4315,18:15:09.232,1968,-0.0388,1.5859
4316,18:15:09.232,1964,-0.0408,1.5827
4317,18:15:09.233,1963,-0.0413,1.5819
4318,18:15:09.233,1971,-0.0374,1.5884
4319,18:15:09.234,1971,-0.0374,1.5884
4320,18:15:09.234,1973,-0.0364,1.5900
4321,18:15:09.235,1977,-0.0344,1.5932
4322,18:15:09.235,1966,-0.0398,1.5843
4323,18:15:09.236,1968,-0.0388,1.5859
4324,18:15:09.236,1963,-0.0413,1.5819
4325,18:15:09.237,1954,-0.0457,1.5747
4326,18:15:09.237,1952,-0.0466,1.5730
4327,18:15:09.238,1949,-0.0481,1.5706
4328,18:15:09.238,1958,-0.0437,1.5779
4329,18:15:09.239,1955,-0.0452,1.5755
4330,18:15:09.239,1966,-0.0398,1.5843
4331,18:15:09.240,1978,-0.0339,1.5940
4332,18:15:09.240,1973,-0.0364,1.5900
4333,18:15:09.241,1972,-0.0369,1.5892
4334,18:15:09.241,1971,-0.0374,1.5884
4335,18:15:09.242,1975,-0.0354,1.5916
4336,18:15:09.242,1965,-0.0403,1.5835
4337,18:15:09.243,1961,-0.0422,1.5803
4338,18:15:09.243,1970,-0.0379,1.5875
4339,18:15:09.244,1969,-0.0383,1.5867
4340,18:15:09.244,1971,-0.0374,1.5884
4341,18:15:09.245,1975,-0.0354,1.5916
4342,18:15:09.245,1969,-0.0383,1.5867
4343,18:15:09.246,1969,-0.0383,1.5867
4344,18:15:09.246,1970,-0.0379,1.5875
4345,18:15:09.247,1959,-0.0432,1.5787
4346,18:15:09.247,1952,-0.0466,1.5730
4347,18:15:09.248,1951,-0.0471,1.5722
4348,18:15:09.248,1957,-0.0442,1.5771
4349,18:15:09.249,1957,-0.0442,1.5771
4350,18:15:09.249,1960,-0.0427,1.5795
4351,18:15:09.250,1977,-0.0344,1.5932
4352,18:15:09.250,1976,-0.0349,1.5924
4353,18:15:09.251,1971,-0.0374,1.5884
4354,18:15:09.251,1972,-0.0369,1.5892
4355,18:15:09.252,1973,-0.0364,1.5900
4356,18:15:09.252,1970,-0.0379,1.5875
4357,18:15:09.253,1962,-0.0418,1.5811
4358,18:15:09.253,1965,-0.0403,1.5835
4359,18:15:09.254,1969,-0.0383,1.5867
4360,18:15:09.254,1968,-0.0388,1.5859
4361,18:15:09.255,1977,-0.0344,1.5932
4362,18:15:09.255,1969,-0.0383,1.5867
4363,18:15:09.256,1968,-0.0388,1.5859
4364,18:15:09.256,1970,-0.0379,1.5875
4365,18:15:09.257,1958,-0.0437,1.5779
4366,18:15:09.257,1955,-0.0452,1.5755
4367,18:15:09.258,1949,-0.0481,1.5706
4368,18:15:09.258,1956,-0.0447,1.5763
4369,18:15:09.259,1958,-0.0437,1.5779
4370,18:15:09.259,1956,-0.0447,1.5763
4371,18:15:09.260,1972,-0.0369,1.5892
4372,18:15:09.260,1976,-0.0349,1.5924
4373,18:15:09.261,1968,-0.0388,1.5859
4374,18:15:09.261,1972,-0.0369,1.5892
4375,18:15:09.262,1974,-0.0359,1.5908
4376,18:15:09.262,1968,-0.0388,1.5859
4377,18:15:09.263,1960,-0.0427,1.5795
4378,18:15:09.263,1960,-0.0427,1.5795
4379,18:15:09.264,1969,-0.0383,1.5867
4380,18:15:09.264,1967,-0.0393,1.5851
4381,18:15:09.265,1968,-0.0388,1.5859
4382,18:15:09.265,1972,-0.0369,1.5892
4383,18:15:09.266,1966,-0.0398,1.5843
4384,18:15:09.266,1972,-0.0369,1.5892
4385,18:15:09.267,1960,-0.0427,1.5795
4386,18:15:09.267,1954,-0.0457,1.5747
4387,18:15:09.268,1947,-0.0491,1.5690
4388,18:15:09.268,1957,-0.0442,1.5771
4389,18:15:09.269,1958,-0.0437,1.5779
4390,18:15:09.269,1955,-0.0452,1.5755
4391,18:15:09.270,1972,-0.0369,1.5892
4392,18:15:09.270,1977,-0.0344,1.5932
4393,18:15:09.271,1970,-0.0379,1.5875
4394,18:15:09.271,1972,-0.0369,1.5892
4395,18:15:09.272,1973,-0.0364,1.5900
4396,18:15:09.272,1973,-0.0364,1.5900
4397,18:15:09.273,1966,-0.0398,1.5843
4398,18:15:09.273,1957,-0.0442,1.5771
4399,18:15:09.274,1967,-0.0393,1.5851
4400,18:15:09.274,1965,-0.0403,1.5835
4401,18:15:09.275,1968,-0.0388,1.5859
4402,18:15:09.275,1972,-0.0369,1.5892
4403,18:15:09.276,1967,-0.0393,1.5851
4404,18:15:09.276,1973,-0.0364,1.5900
4405,18:15:09.277,1965,-0.0403,1.5835
4406,18:15:09.277,1959,-0.0432,1.5787
4407,18:15:09.278,1951,-0.0471,1.5722
4408,18:15:09.278,1956,-0.0447,1.5763
4409,18:15:09.279,1956,-0.0447,1.5763
4410,18:15:09.279,1953,-0.0462,1.5738
4411,18:15:09.280,1966,-0.0398,1.5843
4412,18:15:09.280,1974,-0.0359,1.5908
4413,18:15:09.281,1976,-0.0349,1.5924
4414,18:15:09.281,1971,-0.0374,1.5884
4415,18:15:09.282,1974,-0.0359,1.5908
4416,18:15:09.282,1972,-0.0369,1.5892
4417,18:15:09.283,1970,-0.0379,1.5875
4418,18:15:09.283,1961,-0.0422,1.5803
4419,18:15:09.284,1969,-0.0383,1.5867
4420,18:15:09.284,1965,-0.0403,1.5835
4421,18:15:09.285,1966,-0.0398,1.5843
4422,18:15:09.285,1974,-0.0359,1.5908
4423,18:15:09.286,1964,-0.0408,1.5827
4424,18:15:09.286,1970,-0.0379,1.5875
4425,18:15:09.287,1968,-0.0388,1.5859
4426,18:15:09.287,1964,-0.0408,1.5827
4427,18:15:09.288,1951,-0.0471,1.5722
4428,18:15:09.288,1955,-0.0452,1.5755
4429,18:15:09.289,1960,-0.0427,1.5795
4430,18:15:09.289,1955,-0.0452,1.5755
4431,18:15:09.290,1961,-0.0422,1.5803
4432,18:15:09.290,1974,-0.0359,1.5908
4433,18:15:09.291,1975,-0.0354,1.5916
4434,18:15:09.291,1970,-0.0379,1.5875
4435,18:15:09.292,1978,-0.0339,1.5940
4436,18:15:09.292,1974,-0.0359,1.5908
4437,18:15:09.293,1971,-0.0374,1.5884
4438,18:15:09.293,1961,-0.0422,1.5803
4439,18:15:09.294,1964,-0.0408,1.5827
4440,18:15:09.294,1970,-0.0379,1.5875
4441,18:15:09.295,1966,-0.0398,1.5843
4442,18:15:09.295,1974,-0.0359,1.5908
4443,18:15:09.296,1966,-0.0398,1.5843
4444,18:15:09.296,1971,-0.0374,1.5884
4445,18:15:09.297,1969,-0.0383,1.5867
4446,18:15:09.297,1965,-0.0403,1.5835
4447,18:15:09.298,1954,-0.0457,1.5747
4448,18:15:09.298,1954,-0.0457,1.5747
4449,18:15:09.299,1961,-0.0422,1.5803
4450,18:15:09.299,1954,-0.0457,1.5747
4451,18:15:09.300,1957,-0.0442,1.5771
4452,18:15:09.300,1971,-0.0374,1.5884
4453,18:15:09.301,1977,-0.0344,1.5932
4454,18:15:09.301,1972,-0.0369,1.5892
4455,18:15:09.302,1974,-0.0359,1.5908
4456,18:15:09.302,1975,-0.0354,1.5916
4457,18:15:09.303,1974,-0.0359,1.5908
4458,18:15:09.303,1965,-0.0403,1.5835
4459,18:15:09.304,1960,-0.0427,1.5795
4460,18:15:09.304,1967,-0.0393,1.5851
4461,18:15:09.305,1961,-0.0422,1.5803
4462,18:15:09.305,1972,-0.0369,1.5892
4463,18:15:09.306,1968,-0.0388,1.5859
4464,18:15:09.306,1968,-0.0388,1.5859
4465,18:15:09.307,1967,-0.0393,1.5851
4466,18:15:09.307,1964,-0.0408,1.5827
4467,18:15:09.308,1960,-0.0427,1.5795
4468,18:15:09.308,1953,-0.0462,1.5738
4469,18:15:09.309,1957,-0.0442,1.5771
4470,18:15:09.309,1954,-0.0457,1.5747
4471,18:15:09.310,1954,-0.0457,1.5747
4472,18:15:09.310,1967,-0.0393,1.5851
4473,18:15:09.311,1976,-0.0349,1.5924
4474,18:15:09.311,1971,-0.0374,1.5884
4475,18:15:09.312,1973,-0.0364,1.5900
4476,18:15:09.312,1976,-0.0349,1.5924
4477,18:15:09.313,1972,-0.0369,1.5892
4478,18:15:09.313,1967,-0.0393,1.5851
4479,18:15:09.314,1963,-0.0413,1.5819
4480,18:15:09.314,1967,-0.0393,1.5851
4481,18:15:09.315,1962,-0.0418,1.5811
4482,18:15:09.315,1974,-0.0359,1.5908
4483,18:15:09.316,1965,-0.0403,1.5835
4484,18:15:09.316,1972,-0.0369,1.5892
4485,18:15:09.317,1969,-0.0383,1.5867
4486,18:15:09.317,1965,-0.0403,1.5835
4487,18:15:09.318,1959,-0.0432,1.5787
4488,18:15:09.318,1951,-0.0471,1.5722
4489,18:15:09.319,1957,-0.0442,1.5771
4490,18:15:09.319,1960,-0.0427,1.5795
4491,18:15:09.320,1953,-0.0462,1.5738
4492,18:15:09.320,1966,-0.0398,1.5843
4493,18:15:09.321,1978,-0.0339,1.5940
4494,18:15:09.321,1974,-0.0359,1.5908
4495,18:15:09.322,1972,-0.0369,1.5892
4496,18:15:09.322,1975,-0.0354,1.5916
4497,18:15:09.323,1980,-0.0330,1.5956
4498,18:15:09.323,1970,-0.0379,1.5875
4499,18:15:09.324,1964,-0.0408,1.5827
4500,18:15:09.324,1967,-0.0393,1.5851
4501,18:15:09.325,1962,-0.0418,1.5811
4502,18:15:09.325,1968,-0.0388,1.5859
4503,18:15:09.326,1966,-0.0398,1.5843
4504,18:15:09.326,1968,-0.0388,1.5859
4505,18:15:09.327,1968,-0.0388,1.5859
4506,18:15:09.327,1969,-0.0383,1.5867
4507,18:15:09.328,1962,-0.0418,1.5811
4508,18:15:09.328,1953,-0.0462,1.5738
4509,18:15:09.329,1956,-0.0447,1.5763
4510,18:15:09.329,1956,-0.0447,1.5763
4511,18:15:09.330,1951,-0.0471,1.5722
4512,18:15:09.330,1959,-0.0432,1.5787
4513,18:15:09.331,1975,-0.0354,1.5916
4514,18:15:09.331,1978,-0.0339,1.5940
4515,18:15:09.332,1971,-0.0374,1.5884
4516,18:15:09.332,1978,-0.0339,1.5940
4517,18:15:09.333,1977,-0.0344,1.5932
4518,18:15:09.333,1973,-0.0364,1.5900
4519,18:15:09.334,1962,-0.0418,1.5811
4520,18:15:09.334,1964,-0.0408,1.5827
4521,18:15:09.335,1964,-0.0408,1.5827
4522,18:15:09.335,1964,-0.0408,1.5827
4523,18:15:09.336,1966,-0.0398,1.5843
4524,18:15:09.336,1966,-0.0398,1.5843
4525,18:15:09.337,1971,-0.0374,1.5884
4526,18:15:09.337,1970,-0.0379,1.5875
4527,18:15:09.338,1966,-0.0398,1.5843
4528,18:15:09.338,1958,-0.0437,1.5779
4529,18:15:09.339,1956,-0.0447,1.5763
4530,18:15:09.339,1956,-0.0447,1.5763
4531,18:15:09.340,1954,-0.0457,1.5747
4532,18:15:09.340,1961,-0.0422,1.5803
4533,18:15:09.341,1973,-0.0364,1.5900
4534,18:15:09.341,1975,-0.0354,1.5916
4535,18:15:09.342,1975,-0.0354,1.5916
4536,18:15:09.342,1978,-0.0339,1.5940
4537,18:15:09.343,1979,-0.0335,1.5948
4538,18:15:09.343,1975,-0.0354,1.5916
4539,18:15:09.344,1965,-0.0403,1.5835
4540,18:15:09.344,1965,-0.0403,1.5835
4541,18:15:09.345,1965,-0.0403,1.5835
4542,18:15:09.345,1963,-0.0413,1.5819
4543,18:15:09.346,1970,-0.0379,1.5875
4544,18:15:09.346,1966,-0.0398,1.5843
4545,18:15:09.347,1968,-0.0388,1.5859
4546,18:15:09.347,1966,-0.0398,1.5843
4547,18:15:09.348,1965,-0.0403,1.5835
4548,18:15:09.348,1960,-0.0427,1.5795
4549,18:15:09.349,1956,-0.0447,1.5763
4550,18:15:09.349,1957,-0.0442,1.5771
4551,18:15:09.350,1957,-0.0442,1.5771
4552,18:15:09.350,1956,-0.0447,1.5763
4553,18:15:09.351,1969,-0.0383,1.5867
4554,18:15:09.351,1978,-0.0339,1.5940
4555,18:15:09.352,1974,-0.0359,1.5908
4556,18:15:09.352,1974,-0.0359,1.5908
4557,18:15:09.353,1976,-0.0349,1.5924
4558,18:15:09.353,1978,-0.0339,1.5940
4559,18:15:09.354,1969,-0.0383,1.5867
4560,18:15:09.354,1961,-0.0422,1.5803
4561,18:15:09.355,1964,-0.0408,1.5827
4562,18:15:09.355,1963,-0.0413,1.5819
4563,18:15:09.356,1969,-0.0383,1.5867
4564,18:15:09.356,1962,-0.0418,1.5811
4565,18:15:09.357,1965,-0.0403,1.5835
4566,18:15:09.357,1968,-0.0388,1.5859
4567,18:15:09.358,1967,-0.0393,1.5851
4568,18:15:09.358,1963,-0.0413,1.5819
4569,18:15:09.359,1954,-0.0457,1.5747
4570,18:15:09.359,1960,-0.0427,1.5795
4571,18:15:09.360,1955,-0.0452,1.5755
4572,18:15:09.360,1957,-0.0442,1.5771
4573,18:15:09.361,1967,-0.0393,1.5851
4574,18:15:09.361,1975,-0.0354,1.5916
4575,18:15:09.362,1973,-0.0364,1.5900
4576,18:15:09.362,1977,-0.0344,1.5932
4577,18:15:09.363,1976,-0.0349,1.5924
4578,18:15:09.363,1979,-0.0335,1.5948
4579,18:15:09.364,1966,-0.0398,1.5843
4580,18:15:09.364,1965,-0.0403,1.5835
4581,18:15:09.365,1963,-0.0413,1.5819
4582,18:15:09.365,1963,-0.0413,1.5819
4583,18:15:09.366,1964,-0.0408,1.5827
4584,18:15:09.366,1965,-0.0403,1.5835
4585,18:15:09.367,1964,-0.0408,1.5827
4586,18:15:09.367,1969,-0.0383,1.5867
4587,18:15:09.368,1970,-0.0379,1.5875
4588,18:15:09.368,1965,-0.0403,1.5835
4589,18:15:09.369,1954,-0.0457,1.5747
4590,18:15:09.369,1955,-0.0452,1.5755
4591,18:15:09.370,1958,-0.0437,1.5779
4592,18:15:09.370,1956,-0.0447,1.5763
4593,18:15:09.371,1963,-0.0413,1.5819
4594,18:15:09.371,1972,-0.0369,1.5892
4595,18:15:09.372,1976,-0.0349,1.5924
4596,18:15:09.372,1972,-0.0369,1.5892
4597,18:15:09.373,1978,-0.0339,1.5940
4598,18:15:09.373,1979,-0.0335,1.5948
4599,18:15:09.374,1970,-0.0379,1.5875
4600,18:15:09.374,1961,-0.0422,1.5803
4601,18:15:09.375,1964,-0.0408,1.5827
4602,18:15:09.375,1961,-0.0422,1.5803
4603,18:15:09.376,1968,-0.0388,1.5859
4604,18:15:09.376,1963,-0.0413,1.5819
4605,18:15:09.377,1962,-0.0418,1.5811
4606,18:15:09.377,1966,-0.0398,1.5843
4607,18:15:09.378,1970,-0.0379,1.5875
4608,18:15:09.378,1969,-0.0383,1.5867
4609,18:15:09.379,1959,-0.0432,1.5787
4610,18:15:09.379,1959,-0.0432,1.5787
4611,18:15:09.380,1958,-0.0437,1.5779
4612,18:15:09.380,1954,-0.0457,1.5747
4613,18:15:09.381,1959,-0.0432,1.5787
4614,18:15:09.381,1972,-0.0369,1.5892
4615,18:15:09.382,1975,-0.0354,1.5916
4616,18:15:09.382,1973,-0.0364,1.5900
4617,18:15:09.383,1978,-0.0339,1.5940
4618,18:15:09.383,1974,-0.0359,1.5908
4619,18:15:09.384,1975,-0.0354,1.5916
4620,18:15:09.384,1964,-0.0408,1.5827
4621,18:15:09.385,1968,-0.0388,1.5859
4622,18:15:09.385,1959,-0.0432,1.5787
4623,18:15:09.386,1964,-0.0408,1.5827
4624,18:15:09.386,1965,-0.0403,1.5835
4625,18:15:09.387,1965,-0.0403,1.5835
4626,18:15:09.387,1966,-0.0398,1.5843
4627,18:15:09.388,1971,-0.0374,1.5884
4628,18:15:09.388,1966,-0.0398,1.5843
4629,18:15:09.389,1961,-0.0422,1.5803
4630,18:15:09.389,1957,-0.0442,1.5771
4631,18:15:09.390,1962,-0.0418,1.5811
4632,18:15:09.390,1957,-0.0442,1.5771
4633,18:15:09.391,1957,-0.0442,1.5771
4634,18:15:09.391,1970,-0.0379,1.5875
4635,18:15:09.392,1972,-0.0369,1.5892
4636,18:15:09.392,1974,-0.0359,1.5908
4637,18:15:09.393,1974,-0.0359,1.5908
4638,18:15:09.393,1980,-0.0330,1.5956
4639,18:15:09.394,1977,-0.0344,1.5932
4640,18:15:09.394,1966,-0.0398,1.5843
4641,18:15:09.395,1966,-0.0398,1.5843
4642,18:15:09.395,1959,-0.0432,1.5787
4643,18:15:09.396,1961,-0.0422,1.5803
4644,18:15:09.396,1965,-0.0403,1.5835
4645,18:15:09.397,1961,-0.0422,1.5803
4646,18:15:09.397,1967,-0.0393,1.5851
4647,18:15:09.398,1968,-0.0388,1.5859
4648,18:15:09.398,1973,-0.0364,1.5900
4649,18:15:09.399,1961,-0.0422,1.5803
4650,18:15:09.399,1958,-0.0437,1.5779
4651,18:15:09.400,1961,-0.0422,1.5803
4652,18:15:09.400,1957,-0.0442,1.5771
4653,18:15:09.401,1955,-0.0452,1.5755
4654,18:15:09.401,1966,-0.0398,1.5843
4655,18:15:09.402,1971,-0.0374,1.5884
4656,18:15:09.402,1970,-0.0379,1.5875
4657,18:15:09.403,1975,-0.0354,1.5916
4658,18:15:09.403,1976,-0.0349,1.5924
4659,18:15:09.404,1982,-0.0320,1.5972
4660,18:15:09.404,1967,-0.0393,1.5851
4661,18:15:09.405,1966,-0.0398,1.5843
4662,18:15:09.405,1963,-0.0413,1.5819
4663,18:15:09.406,1963,-0.0413,1.5819
4664,18:15:09.406,1964,-0.0408,1.5827
4665,18:15:09.407,1962,-0.0418,1.5811
4666,18:15:09.407,1968,-0.0388,1.5859
4667,18:15:09.408,1964,-0.0408,1.5827
4668,18:15:09.408,1970,-0.0379,1.5875
4669,18:15:09.409,1964,-0.0408,1.5827
4670,18:15:09.409,1959,-0.0432,1.5787
4671,18:15:09.410,1959,-0.0432,1.5787
4672,18:15:09.410,1956,-0.0447,1.5763
4673,18:15:09.411,1955,-0.0452,1.5755
4674,18:15:09.411,1959,-0.0432,1.5787
4675,18:15:09.412,1974,-0.0359,1.5908
4676,18:15:09.412,1974,-0.0359,1.5908
4677,18:15:09.413,1976,-0.0349,1.5924
4678,18:15:09.413,1978,-0.0339,1.5940
4679,18:15:09.414,1980,-0.0330,1.5956
4680,18:15:09.414,1970,-0.0379,1.5875
4681,18:15:09.415,1964,-0.0408,1.5827
4682,18:15:09.415,1962,-0.0418,1.5811
4683,18:15:09.416,1959,-0.0432,1.5787
4684,18:15:09.416,1962,-0.0418,1.5811
4685,18:15:09.417,1963,-0.0413,1.5819
4686,18:15:09.417,1964,-0.0408,1.5827
4687,18:15:09.418,1965,-0.0403,1.5835
4688,18:15:09.418,1970,-0.0379,1.5875
4689,18:15:09.419,1964,-0.0408,1.5827
4690,18:15:09.419,1960,-0.0427,1.5795
4691,18:15:09.420,1958,-0.0437,1.5779
4692,18:15:09.420,1961,-0.0422,1.5803
4693,18:15:09.421,1954,-0.0457,1.5747
4694,18:15:09.421,1959,-0.0432,1.5787
4695,18:15:09.422,1969,-0.0383,1.5867
4696,18:15:09.422,1974,-0.0359,1.5908
4697,18:15:09.423,1972,-0.0369,1.5892
4698,18:15:09.423,1974,-0.0359,1.5908
4699,18:15:09.424,1979,-0.0335,1.5948
4700,18:15:09.424,1975,-0.0354,1.5916
4701,18:15:09.425,1967,-0.0393,1.5851
4702,18:15:09.425,1966,-0.0398,1.5843
4703,18:15:09.426,1959,-0.0432,1.5787
4704,18:15:09.426,1964,-0.0408,1.5827
4705,18:15:09.427,1961,-0.0422,1.5803
4706,18:15:09.427,1963,-0.0413,1.5819
4707,18:15:09.428,1962,-0.0418,1.5811
4708,18:15:09.428,1965,-0.0403,1.5835
4709,18:15:09.429,1967,-0.0393,1.5851
4710,18:15:09.429,1959,-0.0432,1.5787
4711,18:15:09.430,1962,-0.0418,1.5811
4712,18:15:09.430,1964,-0.0408,1.5827
4713,18:15:09.431,1959,-0.0432,1.5787
4714,18:15:09.431,1958,-0.0437,1.5779
4715,18:15:09.432,1971,-0.0374,1.5884
4716,18:15:09.432,1974,-0.0359,1.5908
4717,18:15:09.433,1972,-0.0369,1.5892
4718,18:15:09.433,1972,-0.0369,1.5892
4719,18:15:09.434,1983,-0.0315,1.5980
4720,18:15:09.434,1978,-0.0339,1.5940
4721,18:15:09.435,1965,-0.0403,1.5835
4722,18:15:09.435,1967,-0.0393,1.5851
4723,18:15:09.436,1958,-0.0437,1.5779
4724,18:15:09.436,1959,-0.0432,1.5787
4725,18:15:09.437,1958,-0.0437,1.5779
4726,18:15:09.437,1960,-0.0427,1.5795
4727,18:15:09.438,1961,-0.0422,1.5803
4728,18:15:09.438,1962,-0.0418,1.5811
4729,18:15:09.439,1969,-0.0383,1.5867
4730,18:15:09.439,1961,-0.0422,1.5803
4731,18:15:09.440,1964,-0.0408,1.5827
4732,18:15:09.440,1962,-0.0418,1.5811
4733,18:15:09.441,1961,-0.0422,1.5803
4734,18:15:09.441,1955,-0.0452,1.5755
4735,18:15:09.442,1965,-0.0403,1.5835
4736,18:15:09.442,1974,-0.0359,1.5908
4737,18:15:09.443,1973,-0.0364,1.5900
4738,18:15:09.443,1977,-0.0344,1.5932
4739,18:15:09.444,1985,-0.0305,1.5996
4740,18:15:09.444,1975,-0.0354,1.5916
4741,18:15:09.445,1961,-0.0422,1.5803
4742,18:15:09.445,1964,-0.0408,1.5827
4743,18:15:09.446,1957,-0.0442,1.5771
4744,18:15:09.446,1959,-0.0432,1.5787
4745,18:15:09.447,1959,-0.0432,1.5787
4746,18:15:09.447,1957,-0.0442,1.5771
4747,18:15:09.448,1964,-0.0408,1.5827
4748,18:15:09.448,1971,-0.0374,1.5884
4749,18:15:09.449,1971,-0.0374,1.5884
4750,18:15:09.449,1965,-0.0403,1.5835
4751,18:15:09.450,1961,-0.0422,1.5803
4752,18:15:09.450,1965,-0.0403,1.5835
4753,18:15:09.451,1962,-0.0418,1.5811
4754,18:15:09.451,1957,-0.0442,1.5771
4755,18:15:09.452,1967,-0.0393,1.5851
4756,18:15:09.452,1975,-0.0354,1.5916
4757,18:15:09.453,1977,-0.0344,1.5932
4758,18:15:09.453,1972,-0.0369,1.5892
4759,18:15:09.454,1975,-0.0354,1.5916
4760,18:15:09.454,1978,-0.0339,1.5940
4761,18:15:09.455,1965,-0.0403,1.5835
4762,18:15:09.455,1958,-0.0437,1.5779
4763,18:15:09.456,1957,-0.0442,1.5771
4764,18:15:09.456,1958,-0.0437,1.5779
4765,18:15:09.457,1960,-0.0427,1.5795
4766,18:15:09.457,1959,-0.0432,1.5787
4767,18:15:09.458,1965,-0.0403,1.5835
4768,18:15:09.458,1971,-0.0374,1.5884
4769,18:15:09.459,1970,-0.0379,1.5875
4770,18:15:09.459,1968,-0.0388,1.5859
4771,18:15:09.460,1964,-0.0408,1.5827
4772,18:15:09.460,1962,-0.0418,1.5811
4773,18:15:09.461,1963,-0.0413,1.5819
4774,18:15:09.461,1958,-0.0437,1.5779
4775,18:15:09.462,1965,-0.0403,1.5835
4776,18:15:09.462,1975,-0.0354,1.5916
4777,18:15:09.463,1975,-0.0354,1.5916
4778,18:15:09.463,1973,-0.0364,1.5900
4779,18:15:09.464,1970,-0.0379,1.5875
4780,18:15:09.464,1970,-0.0379,1.5875
4781,18:15:09.465,1958,-0.0437,1.5779
4782,18:15:09.465,1960,-0.0427,1.5795
4783,18:15:09.466,1954,-0.0457,1.5747
4784,18:15:09.466,1959,-0.0432,1.5787
4785,18:15:09.467,1962,-0.0418,1.5811
4786,18:15:09.467,1962,-0.0418,1.5811
4787,18:15:09.468,1963,-0.0413,1.5819
4788,18:15:09.468,1969,-0.0383,1.5867
4789,18:15:09.469,1973,-0.0364,1.5900
4790,18:15:09.469,1968,-0.0388,1.5859
4791,18:15:09.470,1964,-0.0408,1.5827
4792,18:15:09.470,1963,-0.0413,1.5819
4793,18:15:09.471,1967,-0.0393,1.5851
4794,18:15:09.471,1962,-0.0418,1.5811
4795,18:15:09.472,1969,-0.0383,1.5867
4796,18:15:09.472,1972,-0.0369,1.5892
4797,18:15:09.473,1969,-0.0383,1.5867
4798,18:15:09.473,1965,-0.0403,1.5835
4799,18:15:09.474,1965,-0.0403,1.5835
4800,18:15:09.474,1965,-0.0403,1.5835
4801,18:15:09.475,1959,-0.0432,1.5787
4802,18:15:09.475,1961,-0.0422,1.5803
4803,18:15:09.476,1957,-0.0442,1.5771
4804,18:15:09.476,1959,-0.0432,1.5787
4805,18:15:09.477,1965,-0.0403,1.5835
4806,18:15:09.477,1970,-0.0379,1.5875
4807,18:15:09.478,1966,-0.0398,1.5843
4808,18:15:09.478,1968,-0.0388,1.5859
4809,18:15:09.479,1969,-0.0383,1.5867
4810,18:15:09.479,1969,-0.0383,1.5867
4811,18:15:09.480,1964,-0.0408,1.5827
4812,18:15:09.480,1966,-0.0398,1.5843
4813,18:15:09.481,1968,-0.0388,1.5859
4814,18:15:09.481,1965,-0.0403,1.5835
4815,18:15:09.482,1967,-0.0393,1.5851
4816,18:15:09.482,1969,-0.0383,1.5867
4817,18:15:09.483,1969,-0.0383,1.5867
4818,18:15:09.483,1964,-0.0408,1.5827
4819,18:15:09.484,1964,-0.0408,1.5827
4820,18:15:09.484,1964,-0.0408,1.5827
4821,18:15:09.485,1959,-0.0432,1.5787
4822,18:15:09.485,1963,-0.0413,1.5819
4823,18:15:09.486,1960,-0.0427,1.5795
4824,18:15:09.486,1967,-0.0393,1.5851
4825,18:15:09.487,1969,-0.0383,1.5867
4826,18:15:09.487,1970,-0.0379,1.5875
4827,18:15:09.488,1968,-0.0388,1.5859
4828,18:15:09.488,1968,-0.0388,1.5859
4829,18:15:09.489,1969,-0.0383,1.5867
4830,18:15:09.489,1964,-0.0408,1.5827
4831,18:15:09.490,1968,-0.0388,1.5859
4832,18:15:09.490,1966,-0.0398,1.5843
4833,18:15:09.491,1968,-0.0388,1.5859
4834,18:15:09.491,1965,-0.0403,1.5835
4835,18:15:09.492,1969,-0.0383,1.5867
4836,18:15:09.492,1968,-0.0388,1.5859
4837,18:15:09.493,1966,-0.0398,1.5843
4838,18:15:09.493,1966,-0.0398,1.5843
4839,18:15:09.494,1961,-0.0422,1.5803
4840,18:15:09.494,1966,-0.0398,1.5843
4841,18:15:09.495,1963,-0.0413,1.5819
4842,18:15:09.495,1967,-0.0393,1.5851
4843,18:15:09.496,1968,-0.0388,1.5859
4844,18:15:09.496,1971,-0.0374,1.5884
4845,18:15:09.497,1966,-0.0398,1.5843
4846,18:15:09.497,1969,-0.0383,1.5867
4847,18:15:09.498,1965,-0.0403,1.5835
4848,18:15:09.498,1966,-0.0398,1.5843
4849,18:15:09.499,1967,-0.0393,1.5851
4850,18:15:09.499,1965,-0.0403,1.5835
4851,18:15:09.500,1968,-0.0388,1.5859
4852,18:15:09.500,1969,-0.0383,1.5867
4853,18:15:09.501,1970,-0.0379,1.5875
4854,18:15:09.501,1968,-0.0388,1.5859
4855,18:15:09.502,1964,-0.0408,1.5827
4856,18:15:09.502,1967,-0.0393,1.5851
4857,18:15:09.503,1964,-0.0408,1.5827
4858,18:15:09.503,1962,-0.0418,1.5811
4859,18:15:09.504,1963,-0.0413,1.5819
4860,18:15:09.504,1967,-0.0393,1.5851
4861,18:15:09.505,1967,-0.0393,1.5851
4862,18:15:09.505,1974,-0.0359,1.5908
4863,18:15:09.506,1968,-0.0388,1.5859
4864,18:15:09.506,1972,-0.0369,1.5892
4865,18:15:09.507,1966,-0.0398,1.5843
4866,18:15:09.507,1967,-0.0393,1.5851
4867,18:15:09.508,1963,-0.0413,1.5819
4868,18:15:09.508,1967,-0.0393,1.5851
4869,18:15:09.509,1967,-0.0393,1.5851
4870,18:15:09.509,1965,-0.0403,1.5835
4871,18:15:09.510,1967,-0.0393,1.5851
4872,18:15:09.510,1969,-0.0383,1.5867
4873,18:15:09.511,1966,-0.0398,1.5843
4874,18:15:09.511,1965,-0.0403,1.5835
4875,18:15:09.512,1968,-0.0388,1.5859
4876,18:15:09.512,1964,-0.0408,1.5827
4877,18:15:09.513,1967,-0.0393,1.5851
4878,18:15:09.513,1969,-0.0383,1.5867
4879,18:15:09.514,1964,-0.0408,1.5827
4880,18:15:09.514,1970,-0.0379,1.5875
4881,18:15:09.515,1968,-0.0388,1.5859
4882,18:15:09.515,1967,-0.0393,1.5851
4883,18:15:09.516,1972,-0.0369,1.5892
4884,18:15:09.516,1973,-0.0364,1.5900
4885,18:15:09.517,1966,-0.0398,1.5843
4886,18:15:09.517,1966,-0.0398,1.5843
4887,18:15:09.518,1969,-0.0383,1.5867
4888,18:15:09.518,1968,-0.0388,1.5859
4889,18:15:09.519,1969,-0.0383,1.5867
4890,18:15:09.519,1971,-0.0374,1.5884
4891,18:15:09.520,1967,-0.0393,1.5851
4892,18:15:09.520,1970,-0.0379,1.5875
4893,18:15:09.521,1968,-0.0388,1.5859
4894,18:15:09.521,1966,-0.0398,1.5843
4895,18:15:09.522,1967,-0.0393,1.5851
4896,18:15:09.522,1966,-0.0398,1.5843
4897,18:15:09.523,1972,-0.0369,1.5892
4898,18:15:09.523,1971,-0.0374,1.5884
4899,18:15:09.524,1972,-0.0369,1.5892
4900,18:15:09.524,1969,-0.0383,1.5867
4901,18:15:09.525,1971,-0.0374,1.5884
4902,18:15:09.525,1969,-0.0383,1.5867
4903,18:15:09.526,1967,-0.0393,1.5851
4904,18:15:09.526,1971,-0.0374,1.5884
4905,18:15:09.527,1968,-0.0388,1.5859
4906,18:15:09.527,1969,-0.0383,1.5867
4907,18:15:09.528,1970,-0.0379,1.5875
4908,18:15:09.528,1967,-0.0393,1.5851
4909,18:15:09.529,1971,-0.0374,1.5884
4910,18:15:09.529,1969,-0.0383,1.5867
4911,18:15:09.530,1972,-0.0369,1.5892
4912,18:15:09.530,1970,-0.0379,1.5875
4913,18:15:09.531,1966,-0.0398,1.5843
4914,18:15:09.531,1968,-0.0388,1.5859
4915,18:15:09.532,1971,-0.0374,1.5884
4916,18:15:09.532,1968,-0.0388,1.5859
4917,18:15:09.533,1973,-0.0364,1.5900
4918,18:15:09.533,1971,-0.0374,1.5884
4919,18:15:09.534,1973,-0.0364,1.5900
4920,18:15:09.534,1973,-0.0364,1.5900
4921,18:15:09.535,1971,-0.0374,1.5884
4922,18:15:09.535,1969,-0.0383,1.5867
4923,18:15:09.536,1969,-0.0383,1.5867
4924,18:15:09.536,1970,-0.0379,1.5875
4925,18:15:09.537,1972,-0.0369,1.5892
4926,18:15:09.537,1968,-0.0388,1.5859
4927,18:15:09.538,1970,-0.0379,1.5875
4928,18:15:09.538,1968,-0.0388,1.5859
4929,18:15:09.539,1972,-0.0369,1.5892
4930,18:15:09.539,1972,-0.0369,1.5892
4931,18:15:09.540,1971,-0.0374,1.5884
4932,18:15:09.540,1971,-0.0374,1.5884
4933,18:15:09.541,1972,-0.0369,1.5892
4934,18:15:09.541,1969,-0.0383,1.5867
4935,18:15:09.542,1973,-0.0364,1.5900
4936,18:15:09.542,1969,-0.0383,1.5867
4937,18:15:09.543,1974,-0.0359,1.5908
4938,18:15:09.543,1974,-0.0359,1.5908
4939,18:15:09.544,1970,-0.0379,1.5875
4940,18:15:09.544,1971,-0.0374,1.5884
4941,18:15:09.545,1973,-0.0364,1.5900
4942,18:15:09.545,1969,-0.0383,1.5867
4943,18:15:09.546,1969,-0.0383,1.5867
4944,18:15:09.546,1972,-0.0369,1.5892
4945,18:15:09.547,1970,-0.0379,1.5875
4946,18:15:09.547,1971,-0.0374,1.5884
4947,18:15:09.548,1972,-0.0369,1.5892
4948,18:15:09.548,1971,-0.0374,1.5884
4949,18:15:09.549,1972,-0.0369,1.5892
4950,18:15:09.549,1972,-0.0369,1.5892
4951,18:15:09.550,1970,-0.0379,1.5875
4952,18:15:09.550,1973,-0.0364,1.5900
4953,18:15:09.551,1972,-0.0369,1.5892
4954,18:15:09.551,1972,-0.0369,1.5892
4955,18:15:09.552,1971,-0.0374,1.5884
4956,18:15:09.552,1972,-0.0369,1.5892
4957,18:15:09.553,1971,-0.0374,1.5884
4958,18:15:09.553,1973,-0.0364,1.5900
4959,18:15:09.554,1973,-0.0364,1.5900
4960,18:15:09.554,1972,-0.0369,1.5892
4961,18:15:09.555,1974,-0.0359,1.5908
4962,18:15:09.555,1972,-0.0369,1.5892
4963,18:15:09.556,1968,-0.0388,1.5859
4964,18:15:09.556,1973,-0.0364,1.5900
4965,18:15:09.557,1973,-0.0364,1.5900
4966,18:15:09.557,1971,-0.0374,1.5884
4967,18:15:09.558,1970,-0.0379,1.5875
4968,18:15:09.558,1972,-0.0369,1.5892
4969,18:15:09.559,1970,-0.0379,1.5875
4970,18:15:09.559,1971,-0.0374,1.5884
4971,18:15:09.560,1970,-0.0379,1.5875
4972,18:15:09.560,1971,-0.0374,1.5884
4973,18:15:09.561,1973,-0.0364,1.5900
4974,18:15:09.561,1974,-0.0359,1.5908
4975,18:15:09.562,1973,-0.0364,1.5900
4976,18:15:09.562,1970,-0.0379,1.5875
4977,18:15:09.563,1972,-0.0369,1.5892
4978,18:15:09.563,1973,-0.0364,1.5900
4979,18:15:09.564,1971,-0.0374,1.5884
4980,18:15:09.564,1974,-0.0359,1.5908
4981,18:15:09.565,1971,-0.0374,1.5884
4982,18:15:09.565,1971,-0.0374,1.5884
4983,18:15:09.566,1971,-0.0374,1.5884
4984,18:15:09.566,1972,-0.0369,1.5892
4985,18:15:09.567,1971,-0.0374,1.5884
4986,18:15:09.567,1969,-0.0383,1.5867
4987,18:15:09.568,1970,-0.0379,1.5875
4988,18:15:09.568,1973,-0.0364,1.5900
4989,18:15:09.569,1971,-0.0374,1.5884
4990,18:15:09.569,1972,-0.0369,1.5892
4991,18:15:09.570,1974,-0.0359,1.5908
4992,18:15:09.570,1972,-0.0369,1.5892
4993,18:15:09.571,1973,-0.0364,1.5900
4994,18:15:09.571,1971,-0.0374,1.5884
4995,18:15:09.572,1967,-0.0393,1.5851
4996,18:15:09.572,1969,-0.0383,1.5867
4997,18:15:09.573,1972,-0.0369,1.5892
4998,18:15:09.573,1973,-0.0364,1.5900
4999,18:15:09.574,1972,-0.0369,1.5892
5000,18:15:09.574,1972,-0.0369,1.5892
5001,18:15:09.575,1971,-0.0374,1.5884
5002,18:15:09.575,1968,-0.0388,1.5859
5003,18:15:09.576,1970,-0.0379,1.5875
5004,18:15:09.576,1969,-0.0383,1.5867
5005,18:15:09.577,1971,-0.0374,1.5884
5006,18:15:09.577,1975,-0.0354,1.5916
5007,18:15:09.578,1973,-0.0364,1.5900
5008,18:15:09.578,1974,-0.0359,1.5908
5009,18:15:09.579,1971,-0.0374,1.5884
5010,18:15:09.579,1969,-0.0383,1.5867
5011,18:15:09.580,1973,-0.0364,1.5900
5012,18:15:09.580,1971,-0.0374,1.5884
5013,18:15:09.581,1972,-0.0369,1.5892
5014,18:15:09.581,1973,-0.0364,1.5900
5015,18:15:09.582,1973,-0.0364,1.5900
5016,18:15:09.582,1969,-0.0383,1.5867
5017,18:15:09.583,1973,-0.0364,1.5900
5018,18:15:09.583,1970,-0.0379,1.5875
5019,18:15:09.584,1971,-0.0374,1.5884
5020,18:15:09.584,1970,-0.0379,1.5875
5021,18:15:09.585,1975,-0.0354,1.5916
5022,18:15:09.585,1970,-0.0379,1.5875
5023,18:15:09.586,1969,-0.0383,1.5867
5024,18:15:09.586,1972,-0.0369,1.5892
5025,18:15:09.587,1975,-0.0354,1.5916
5026,18:15:09.587,1972,-0.0369,1.5892
5027,18:15:09.588,1971,-0.0374,1.5884
5028,18:15:09.588,1976,-0.0349,1.5924
5029,18:15:09.589,1974,-0.0359,1.5908
5030,18:15:09.589,1974,-0.0359,1.5908
5031,18:15:09.590,1971,-0.0374,1.5884
5032,18:15:09.590,1974,-0.0359,1.5908
5033,18:15:09.591,1974,-0.0359,1.5908
5034,18:15:09.591,1975,-0.0354,1.5916
5035,18:15:09.592,1970,-0.0379,1.5875
5036,18:15:09.592,1972,-0.0369,1.5892
5037,18:15:09.593,1974,-0.0359,1.5908
5038,18:15:09.593,1973,-0.0364,1.5900
5039,18:15:09.594,1973,-0.0364,1.5900
5040,18:15:09.594,1971,-0.0374,1.5884
5041,18:15:09.595,1972,-0.0369,1.5892
5042,18:15:09.595,1972,-0.0369,1.5892
5043,18:15:09.596,1973,-0.0364,1.5900
5044,18:15:09.596,1974,-0.0359,1.5908
5045,18:15:09.597,1974,-0.0359,1.5908
5046,18:15:09.597,1976,-0.0349,1.5924
5047,18:15:09.598,1971,-0.0374,1.5884
5048,18:15:09.598,1975,-0.0354,1.5916
5049,18:15:09.599,1974,-0.0359,1.5908
5050,18:15:09.599,1973,-0.0364,1.5900
5051,18:15:09.600,1973,-0.0364,1.5900
5052,18:15:09.600,1971,-0.0374,1.5884
5053,18:15:09.601,1974,-0.0359,1.5908
5054,18:15:09.601,1972,-0.0369,1.5892
5055,18:15:09.602,1972,-0.0369,1.5892
5056,18:15:09.602,1971,-0.0374,1.5884
5057,18:15:09.603,1973,-0.0364,1.5900
5058,18:15:09.603,1974,-0.0359,1.5908
5059,18:15:09.604,1971,-0.0374,1.5884
5060,18:15:09.604,1974,-0.0359,1.5908
5061,18:15:09.605,1971,-0.0374,1.5884
5062,18:15:09.605,1975,-0.0354,1.5916
5063,18:15:09.606,1976,-0.0349,1.5924
5064,18:15:09.606,1972,-0.0369,1.5892
5065,18:15:09.607,1972,-0.0369,1.5892
5066,18:15:09.607,1974,-0.0359,1.5908
5067,18:15:09.608,1971,-0.0374,1.5884
5068,18:15:09.608,1974,-0.0359,1.5908
5069,18:15:09.609,1970,-0.0379,1.5875
5070,18:15:09.609,1974,-0.0359,1.5908
5071,18:15:09.610,1974,-0.0359,1.5908
5072,18:15:09.610,1976,-0.0349,1.5924
5073,18:15:09.611,1976,-0.0349,1.5924
5074,18:15:09.611,1975,-0.0354,1.5916
5075,18:15:09.612,1976,-0.0349,1.5924
5076,18:15:09.612,1972,-0.0369,1.5892
5077,18:15:09.613,1972,-0.0369,1.5892
5078,18:15:09.613,1973,-0.0364,1.5900
5079,18:15:09.614,1973,-0.0364,1.5900
5080,18:15:09.614,1972,-0.0369,1.5892
5081,18:15:09.615,1973,-0.0364,1.5900
5082,18:15:09.615,1973,-0.0364,1.5900
5083,18:15:09.616,1975,-0.0354,1.5916
5084,18:15:09.616,1974,-0.0359,1.5908
5085,18:15:09.617,1973,-0.0364,1.5900
5086,18:15:09.617,1972,-0.0369,1.5892
5087,18:15:09.618,1970,-0.0379,1.5875
5088,18:15:09.618,1975,-0.0354,1.5916
5089,18:15:09.619,1975,-0.0354,1.5916
5090,18:15:09.619,1976,-0.0349,1.5924
5091,18:15:09.620,1973,-0.0364,1.5900
5092,18:15:09.620,1973,-0.0364,1.5900
5093,18:15:09.621,1972,-0.0369,1.5892
5094,18:15:09.621,1973,-0.0364,1.5900
5095,18:15:09.622,1974,-0.0359,1.5908
5096,18:15:09.622,1973,-0.0364,1.5900
5097,18:15:09.623,1975,-0.0354,1.5916
5098,18:15:09.623,1974,-0.0359,1.5908
5099,18:15:09.624,1973,-0.0364,1.5900
5100,18:15:09.624,1977,-0.0344,1.5932
5101,18:15:09.625,1977,-0.0344,1.5932
5102,18:15:09.625,1973,-0.0364,1.5900
5103,18:15:09.626,1972,-0.0369,1.5892
5104,18:15:09.626,1972,-0.0369,1.5892
5105,18:15:09.627,1975,-0.0354,1.5916
5106,18:15:09.627,1972,-0.0369,1.5892
5107,18:15:09.628,1975,-0.0354,1.5916
5108,18:15:09.628,1974,-0.0359,1.5908
5109,18:15:09.629,1973,-0.0364,1.5900
5110,18:15:09.629,1975,-0.0354,1.5916
5111,18:15:09.630,1972,-0.0369,1.5892
5112,18:15:09.630,1971,-0.0374,1.5884
5113,18:15:09.631,1975,-0.0354,1.5916
5114,18:15:09.631,1973,-0.0364,1.5900
5115,18:15:09.632,1975,-0.0354,1.5916
5116,18:15:09.632,1973,-0.0364,1.5900
5117,18:15:09.633,1973,-0.0364,1.5900
5118,18:15:09.633,1973,-0.0364,1.5900
5119,18:15:09.634,1975,-0.0354,1.5916
5120,18:15:09.634,1973,-0.0364,1.5900
5121,18:15:09.635,1974,-0.0359,1.5908
5122,18:15:09.635,1975,-0.0354,1.5916
5123,18:15:09.636,1971,-0.0374,1.5884
5124,18:15:09.636,1974,-0.0359,1.5908
5125,18:15:09.637,1973,-0.0364,1.5900
5126,18:15:09.637,1972,-0.0369,1.5892
5127,18:15:09.638,1975,-0.0354,1.5916
5128,18:15:09.638,1975,-0.0354,1.5916
5129,18:15:09.639,1974,-0.0359,1.5908
5130,18:15:09.639,1973,-0.0364,1.5900
5131,18:15:09.640,1975,-0.0354,1.5916
5132,18:15:09.640,1974,-0.0359,1.5908
5133,18:15:09.641,1975,-0.0354,1.5916
5134,18:15:09.641,1972,-0.0369,1.5892
5135,18:15:09.642,1974,-0.0359,1.5908
5136,18:15:09.642,1972,-0.0369,1.5892
5137,18:15:09.643,1974,-0.0359,1.5908
5138,18:15:09.643,1975,-0.0354,1.5916
5139,18:15:09.644,1974,-0.0359,1.5908
5140,18:15:09.644,1975,-0.0354,1.5916
5141,18:15:09.645,1972,-0.0369,1.5892
5142,18:15:09.645,1973,-0.0364,1.5900
5143,18:15:09.646,1974,-0.0359,1.5908
5144,18:15:09.646,1971,-0.0374,1.5884
5145,18:15:09.647,1973,-0.0364,1.5900
5146,18:15:09.647,1972,-0.0369,1.5892
5147,18:15:09.648,1974,-0.0359,1.5908
5148,18:15:09.648,1974,-0.0359,1.5908
5149,18:15:09.649,1972,-0.0369,1.5892
5150,18:15:09.649,1975,-0.0354,1.5916
5151,18:15:09.650,1974,-0.0359,1.5908
5152,18:15:09.650,1975,-0.0354,1.5916
5153,18:15:09.651,1974,-0.0359,1.5908
5154,18:15:09.651,1973,-0.0364,1.5900
5155,18:15:09.652,1974,-0.0359,1.5908
5156,18:15:09.652,1974,-0.0359,1.5908
5157,18:15:09.653,1974,-0.0359,1.5908
5158,18:15:09.653,1970,-0.0379,1.5875
5159,18:15:09.654,1974,-0.0359,1.5908
5160,18:15:09.654,1975,-0.0354,1.5916
5161,18:15:09.655,1974,-0.0359,1.5908
5162,18:15:09.655,1972,-0.0369,1.5892
5163,18:15:09.656,1971,-0.0374,1.5884
5164,18:15:09.656,1974,-0.0359,1.5908
5165,18:15:09.657,1974,-0.0359,1.5908
5166,18:15:09.657,1974,-0.0359,1.5908
5167,18:15:09.658,1975,-0.0354,1.5916
5168,18:15:09.658,1974,-0.0359,1.5908
5169,18:15:09.659,1974,-0.0359,1.5908
5170,18:15:09.659,1972,-0.0369,1.5892
5171,18:15:09.660,1972,-0.0369,1.5892
5172,18:15:09.660,1975,-0.0354,1.5916
5173,18:15:09.661,1975,-0.0354,1.5916
5174,18:15:09.661,1975,-0.0354,1.5916
5175,18:15:09.662,1974,-0.0359,1.5908
5176,18:15:09.662,1972,-0.0369,1.5892
5177,18:15:09.663,1972,-0.0369,1.5892
5178,18:15:09.663,1974,-0.0359,1.5908
5179,18:15:09.664,1973,-0.0364,1.5900
5180,18:15:09.664,1976,-0.0349,1.5924
5181,18:15:09.665,1973,-0.0364,1.5900
5182,18:15:09.665,1975,-0.0354,1.5916
5183,18:15:09.666,1977,-0.0344,1.5932
5184,18:15:09.666,1974,-0.0359,1.5908
5185,18:15:09.667,1976,-0.0349,1.5924
5186,18:15:09.667,1974,-0.0359,1.5908
5187,18:15:09.668,1972,-0.0369,1.5892
5188,18:15:09.668,1975,-0.0354,1.5916
5189,18:15:09.669,1973,-0.0364,1.5900
5190,18:15:09.669,1976,-0.0349,1.5924
5191,18:15:09.670,1974,-0.0359,1.5908
5192,18:15:09.670,1974,-0.0359,1.5908
5193,18:15:09.671,1972,-0.0369,1.5892
5194,18:15:09.671,1973,-0.0364,1.5900
5195,18:15:09.672,1972,-0.0369,1.5892
5196,18:15:09.672,1972,-0.0369,1.5892
5197,18:15:09.673,1972,-0.0369,1.5892
5198,18:15:09.673,1972,-0.0369,1.5892
5199,18:15:09.674,1972,-0.0369,1.5892
5200,18:15:09.674,1974,-0.0359,1.5908
5201,18:15:09.675,1974,-0.0359,1.5908
5202,18:15:09.675,1975,-0.0354,1.5916
5203,18:15:09.676,1975,-0.0354,1.5916
5204,18:15:09.676,1973,-0.0364,1.5900
5205,18:15:09.677,1975,-0.0354,1.5916
5206,18:15:09.677,1976,-0.0349,1.5924
5207,18:15:09.678,1972,-0.0369,1.5892
5208,18:15:09.678,1971,-0.0374,1.5884
5209,18:15:09.679,1975,-0.0354,1.5916
5210,18:15:09.679,1973,-0.0364,1.5900
5211,18:15:09.680,1973,-0.0364,1.5900
5212,18:15:09.680,1975,-0.0354,1.5916
5213,18:15:09.681,1972,-0.0369,1.5892
5214,18:15:09.681,1973,-0.0364,1.5900
5215,18:15:09.682,1971,-0.0374,1.5884
5216,18:15:09.682,1971,-0.0374,1.5884
5217,18:15:09.683,1975,-0.0354,1.5916
5218,18:15:09.683,1975,-0.0354,1.5916
5219,18:15:09.684,1975,-0.0354,1.5916
5220,18:15:09.684,1972,-0.0369,1.5892
5221,18:15:09.685,1973,-0.0364,1.5900
5222,18:15:09.685,1975,-0.0354,1.5916
5223,18:15:09.686,1972,-0.0369,1.5892
5224,18:15:09.686,1972,-0.0369,1.5892
5225,18:15:09.687,1973,-0.0364,1.5900
5226,18:15:09.687,1975,-0.0354,1.5916
5227,18:15:09.688,1975,-0.0354,1.5916
5228,18:15:09.688,1973,-0.0364,1.5900
5229,18:15:09.689,1974,-0.0359,1.5908
5230,18:15:09.689,1973,-0.0364,1.5900
5231,18:15:09.690,1973,-0.0364,1.5900
5232,18:15:09.690,1978,-0.0339,1.5940
5233,18:15:09.691,1973,-0.0364,1.5900
5234,18:15:09.691,1975,-0.0354,1.5916
5235,18:15:09.692,1974,-0.0359,1.5908
5236,18:15:09.692,1975,-0.0354,1.5916
5237,18:15:09.693,1975,-0.0354,1.5916
5238,18:15:09.693,1972,-0.0369,1.5892
5239,18:15:09.694,1974,-0.0359,1.5908
5240,18:15:09.694,1977,-0.0344,1.5932
5241,18:15:09.695,1973,-0.0364,1.5900
5242,18:15:09.695,1974,-0.0359,1.5908
5243,18:15:09.696,1975,-0.0354,1.5916
5244,18:15:09.696,1973,-0.0364,1.5900
5245,18:15:09.697,1973,-0.0364,1.5900
5246,18:15:09.697,1974,-0.0359,1.5908
5247,18:15:09.698,1974,-0.0359,1.5908
5248,18:15:09.698,1976,-0.0349,1.5924
5249,18:15:09.699,1975,-0.0354,1.5916
5250,18:15:09.699,1973,-0.0364,1.5900
5251,18:15:09.700,1975,-0.0354,1.5916
5252,18:15:09.700,1972,-0.0369,1.5892
5253,18:15:09.701,1971,-0.0374,1.5884
5254,18:15:09.701,1975,-0.0354,1.5916
5255,18:15:09.702,1974,-0.0359,1.5908
5256,18:15:09.702,1973,-0.0364,1.5900
5257,18:15:09.703,1976,-0.0349,1.5924
5258,18:15:09.703,1973,-0.0364,1.5900
5259,18:15:09.704,1974,-0.0359,1.5908
5260,18:15:09.704,1973,-0.0364,1.5900
5261,18:15:09.705,1977,-0.0344,1.5932
5262,18:15:09.705,1975,-0.0354,1.5916
5263,18:15:09.706,1976,-0.0349,1.5924
5264,18:15:09.706,1974,-0.0359,1.5908
5265,18:15:09.707,1974,-0.0359,1.5908
5266,18:15:09.707,1973,-0.0364,1.5900
5267,18:15:09.708,1973,-0.0364,1.5900
5268,18:15:09.708,1975,-0.0354,1.5916
5269,18:15:09.709,1976,-0.0349,1.5924
5270,18:15:09.709,1973,-0.0364,1.5900
5271,18:15:09.710,1976,-0.0349,1.5924
5272,18:15:09.710,1973,-0.0364,1.5900
5273,18:15:09.711,1974,-0.0359,1.5908
5274,18:15:09.711,1976,-0.0349,1.5924
5275,18:15:09.712,1974,-0.0359,1.5908
5276,18:15:09.712,1975,-0.0354,1.5916
5277,18:15:09.713,1975,-0.0354,1.5916
5278,18:15:09.713,1971,-0.0374,1.5884
5279,18:15:09.714,1974,-0.0359,1.5908
5280,18:15:09.714,1975,-0.0354,1.5916
5281,18:15:09.715,1973,-0.0364,1.5900
5282,18:15:09.715,1976,-0.0349,1.5924
5283,18:15:09.716,1976,-0.0349,1.5924
5284,18:15:09.716,1974,-0.0359,1.5908
5285,18:15:09.717,1976,-0.0349,1.5924
5286,18:15:09.717,1974,-0.0359,1.5908
5287,18:15:09.718,1973,-0.0364,1.5900
5288,18:15:09.718,1975,-0.0354,1.5916
5289,18:15:09.719,1975,-0.0354,1.5916
5290,18:15:09.719,1975,-0.0354,1.5916
5291,18:15:09.720,1973,-0.0364,1.5900
5292,18:15:09.720,1971,-0.0374,1.5884
5293,18:15:09.721,1974,-0.0359,1.5908
5294,18:15:09.721,1975,-0.0354,1.5916
5295,18:15:09.722,1976,-0.0349,1.5924
5296,18:15:09.722,1976,-0.0349,1.5924
5297,18:15:09.723,1974,-0.0359,1.5908
5298,18:15:09.723,1973,-0.0364,1.5900
5299,18:15:09.724,1974,-0.0359,1.5908
5300,18:15:09.724,1974,-0.0359,1.5908
5301,18:15:09.725,1976,-0.0349,1.5924
5302,18:15:09.725,1976,-0.0349,1.5924
5303,18:15:09.726,1973,-0.0364,1.5900
5304,18:15:09.726,1974,-0.0359,1.5908
5305,18:15:09.727,1976,-0.0349,1.5924
5306,18:15:09.727,1973,-0.0364,1.5900
5307,18:15:09.728,1972,-0.0369,1.5892
5308,18:15:09.728,1973,-0.0364,1.5900
5309,18:15:09.729,1974,-0.0359,1.5908
5310,18:15:09.729,1976,-0.0349,1.5924
5311,18:15:09.730,1976,-0.0349,1.5924
5312,18:15:09.730,1972,-0.0369,1.5892
5313,18:15:09.731,1975,-0.0354,1.5916
5314,18:15:09.731,1974,-0.0359,1.5908
5315,18:15:09.732,1975,-0.0354,1.5916
5316,18:15:09.732,1975,-0.0354,1.5916
5317,18:15:09.733,1977,-0.0344,1.5932
5318,18:15:09.733,1974,-0.0359,1.5908
5319,18:15:09.734,1974,-0.0359,1.5908
5320,18:15:09.734,1973,-0.0364,1.5900
5321,18:15:09.735,1976,-0.0349,1.5924
5322,18:15:09.735,1974,-0.0359,1.5908
5323,18:15:09.736,1973,-0.0364,1.5900
5324,18:15:09.736,1973,-0.0364,1.5900
5325,18:15:09.737,1974,-0.0359,1.5908
5326,18:15:09.737,1973,-0.0364,1.5900
5327,18:15:09.738,1975,-0.0354,1.5916
5328,18:15:09.738,1974,-0.0359,1.5908
5329,18:15:09.739,1974,-0.0359,1.5908
5330,18:15:09.739,1975,-0.0354,1.5916
5331,18:15:09.740,1974,-0.0359,1.5908
5332,18:15:09.740,1972,-0.0369,1.5892
5333,18:15:09.741,1974,-0.0359,1.5908
5334,18:15:09.741,1976,-0.0349,1.5924
5335,18:15:09.742,1974,-0.0359,1.5908
5336,18:15:09.742,1974,-0.0359,1.5908
5337,18:15:09.743,1975,-0.0354,1.5916
5338,18:15:09.743,1973,-0.0364,1.5900
5339,18:15:09.744,1973,-0.0364,1.5900
5340,18:15:09.744,1973,-0.0364,1.5900
5341,18:15:09.745,1976,-0.0349,1.5924
5342,18:15:09.745,1973,-0.0364,1.5900
5343,18:15:09.746,1975,-0.0354,1.5916
5344,18:15:09.746,1976,-0.0349,1.5924
5345,18:15:09.747,1973,-0.0364,1.5900
5346,18:15:09.747,1977,-0.0344,1.5932
5347,18:15:09.748,1976,-0.0349,1.5924
5348,18:15:09.748,1973,-0.0364,1.5900
5349,18:15:09.749,1975,-0.0354,1.5916
5350,18:15:09.749,1976,-0.0349,1.5924
5351,18:15:09.750,1973,-0.0364,1.5900
5352,18:15:09.750,1975,-0.0354,1.5916
5353,18:15:09.751,1977,-0.0344,1.5932
5354,18:15:09.751,1975,-0.0354,1.5916
5355,18:15:09.752,1973,-0.0364,1.5900
5356,18:15:09.752,1974,-0.0359,1.5908
5357,18:15:09.753,1974,-0.0359,1.5908
5358,18:15:09.753,1976,-0.0349,1.5924
5359,18:15:09.754,1974,-0.0359,1.5908
5360,18:15:09.754,1975,-0.0354,1.5916
5361,18:15:09.755,1972,-0.0369,1.5892
5362,18:15:09.755,1974,-0.0359,1.5908
5363,18:15:09.756,1976,-0.0349,1.5924
5364,18:15:09.756,1972,-0.0369,1.5892
5365,18:15:09.757,1971,-0.0374,1.5884
5366,18:15:09.757,1975,-0.0354,1.5916
5367,18:15:09.758,1973,-0.0364,1.5900
5368,18:15:09.758,1975,-0.0354,1.5916
5369,18:15:09.759,1974,-0.0359,1.5908
5370,18:15:09.759,1971,-0.0374,1.5884
5371,18:15:09.760,1972,-0.0369,1.5892
5372,18:15:09.760,1973,-0.0364,1.5900
5373,18:15:09.761,1973,-0.0364,1.5900
5374,18:15:09.761,1975,-0.0354,1.5916
5375,18:15:09.762,1972,-0.0369,1.5892
5376,18:15:09.762,1972,-0.0369,1.5892
5377,18:15:09.763,1972,-0.0369,1.5892
5378,18:15:09.763,1976,-0.0349,1.5924
5379,18:15:09.764,1972,-0.0369,1.5892
5380,18:15:09.764,1971,-0.0374,1.5884
5381,18:15:09.765,1975,-0.0354,1.5916
5382,18:15:09.765,1973,-0.0364,1.5900
5383,18:15:09.766,1973,-0.0364,1.5900
5384,18:15:09.766,1975,-0.0354,1.5916
5385,18:15:09.767,1975,-0.0354,1.5916
5386,18:15:09.767,1971,-0.0374,1.5884
5387,18:15:09.768,1976,-0.0349,1.5924
5388,18:15:09.768,1973,-0.0364,1.5900
5389,18:15:09.769,1972,-0.0369,1.5892
5390,18:15:09.769,1974,-0.0359,1.5908
5391,18:15:09.770,1975,-0.0354,1.5916
5392,18:15:09.770,1973,-0.0364,1.5900
5393,18:15:09.771,1973,-0.0364,1.5900
5394,18:15:09.771,1974,-0.0359,1.5908
5395,18:15:09.772,1973,-0.0364,1.5900
5396,18:15:09.772,1976,-0.0349,1.5924
5397,18:15:09.773,1974,-0.0359,1.5908
5398,18:15:09.773,1973,-0.0364,1.5900
5399,18:15:09.774,1974,-0.0359,1.5908
5400,18:15:09.774,1973,-0.0364,1.5900
5401,18:15:09.775,1973,-0.0364,1.5900
5402,18:15:09.775,1974,-0.0359,1.5908
5403,18:15:09.776,1974,-0.0359,1.5908
5404,18:15:09.776,1974,-0.0359,1.5908
5405,18:15:09.777,1974,-0.0359,1.5908
5406,18:15:09.777,1975,-0.0354,1.5916
5407,18:15:09.778,1974,-0.0359,1.5908
5408,18:15:09.778,1973,-0.0364,1.5900
5409,18:15:09.779,1976,-0.0349,1.5924
5410,18:15:09.779,1973,-0.0364,1.5900
5411,18:15:09.780,1972,-0.0369,1.5892
5412,18:15:09.780,1973,-0.0364,1.5900
5413,18:15:09.781,1975,-0.0354,1.5916
5414,18:15:09.781,1974,-0.0359,1.5908
5415,18:15:09.782,1974,-0.0359,1.5908
5416,18:15:09.782,1975,-0.0354,1.5916
5417,18:15:09.783,1973,-0.0364,1.5900
5418,18:15:09.783,1972,-0.0369,1.5892
5419,18:15:09.784,1976,-0.0349,1.5924
5420,18:15:09.784,1976,-0.0349,1.5924
5421,18:15:09.785,1972,-0.0369,1.5892
5422,18:15:09.785,1976,-0.0349,1.5924
5423,18:15:09.786,1975,-0.0354,1.5916
5424,18:15:09.786,1975,-0.0354,1.5916
5425,18:15:09.787,1972,-0.0369,1.5892
5426,18:15:09.787,1975,-0.0354,1.5916
5427,18:15:09.788,1974,-0.0359,1.5908
5428,18:15:09.788,1976,-0.0349,1.5924
5429,18:15:09.789,1974,-0.0359,1.5908
5430,18:15:09.789,1974,-0.0359,1.5908
5431,18:15:09.790,1971,-0.0374,1.5884
5432,18:15:09.790,1975,-0.0354,1.5916
5433,18:15:09.791,1972,-0.0369,1.5892
5434,18:15:09.791,1972,-0.0369,1.5892
5435,18:15:09.792,1973,-0.0364,1.5900
5436,18:15:09.792,1975,-0.0354,1.5916
5437,18:15:09.793,1977,-0.0344,1.5932
5438,18:15:09.793,1979,-0.0335,1.5948
5439,18:15:09.794,1974,-0.0359,1.5908
5440,18:15:09.794,1976,-0.0349,1.5924
5441,18:15:09.795,1978,-0.0339,1.5940
5442,18:15:09.795,1976,-0.0349,1.5924
5443,18:15:09.796,1977,-0.0344,1.5932
5444,18:15:09.796,1974,-0.0359,1.5908
5445,18:15:09.797,1977,-0.0344,1.5932
5446,18:15:09.797,1976,-0.0349,1.5924
5447,18:15:09.798,1977,-0.0344,1.5932
5448,18:15:09.798,1978,-0.0339,1.5940
5449,18:15:09.799,1978,-0.0339,1.5940
5450,18:15:09.799,1976,-0.0349,1.5924
5451,18:15:09.800,1974,-0.0359,1.5908
5452,18:15:09.800,1978,-0.0339,1.5940
5453,18:15:09.801,1973,-0.0364,1.5900
5454,18:15:09.801,1977,-0.0344,1.5932
5455,18:15:09.802,1974,-0.0359,1.5908
5456,18:15:09.802,1977,-0.0344,1.5932
5457,18:15:09.803,1974,-0.0359,1.5908
5458,18:15:09.803,1975,-0.0354,1.5916
5459,18:15:09.804,1973,-0.0364,1.5900
5460,18:15:09.804,1974,-0.0359,1.5908
5461,18:15:09.805,1976,-0.0349,1.5924
5462,18:15:09.805,1976,-0.0349,1.5924
5463,18:15:09.806,1973,-0.0364,1.5900
5464,18:15:09.806,1972,-0.0369,1.5892
5465,18:15:09.807,1973,-0.0364,1.5900
5466,18:15:09.807,1974,-0.0359,1.5908
5467,18:15:09.808,1975,-0.0354,1.5916
5468,18:15:09.808,1976,-0.0349,1.5924
5469,18:15:09.809,1973,-0.0364,1.5900
5470,18:15:09.809,1974,-0.0359,1.5908
5471,18:15:09.810,1974,-0.0359,1.5908
5472,18:15:09.810,1972,-0.0369,1.5892
5473,18:15:09.811,1975,-0.0354,1.5916
5474,18:15:09.811,1971,-0.0374,1.5884
5475,18:15:09.812,1975,-0.0354,1.5916
5476,18:15:09.812,1975,-0.0354,1.5916
5477,18:15:09.813,1974,-0.0359,1.5908
5478,18:15:09.813,1974,-0.0359,1.5908
5479,18:15:09.814,1973,-0.0364,1.5900
5480,18:15:09.814,1975,-0.0354,1.5916
5481,18:15:09.815,1977,-0.0344,1.5932
5482,18:15:09.815,1972,-0.0369,1.5892
5483,18:15:09.816,1972,-0.0369,1.5892
5484,18:15:09.816,1978,-0.0339,1.5940
5485,18:15:09.817,1975,-0.0354,1.5916
5486,18:15:09.817,1976,-0.0349,1.5924
5487,18:15:09.818,1976,-0.0349,1.5924
5488,18:15:09.818,1974,-0.0359,1.5908
5489,18:15:09.819,1977,-0.0344,1.5932
5490,18:15:09.819,1974,-0.0359,1.5908
5491,18:15:09.820,1973,-0.0364,1.5900
5492,18:15:09.820,1974,-0.0359,1.5908
5493,18:15:09.821,1977,-0.0344,1.5932
5494,18:15:09.821,1974,-0.0359,1.5908
5495,18:15:09.822,1975,-0.0354,1.5916
5496,18:15:09.822,1977,-0.0344,1.5932
5497,18:15:09.823,1977,-0.0344,1.5932
5498,18:15:09.823,1978,-0.0339,1.5940
5499,18:15:09.824,1974,-0.0359,1.5908
5500,18:15:09.824,1977,-0.0344,1.5932
5501,18:15:09.825,1974,-0.0359,1.5908
5502,18:15:09.825,1975,-0.0354,1.5916
5503,18:15:09.826,1974,-0.0359,1.5908
5504,18:15:09.826,1974,-0.0359,1.5908
5505,18:15:09.827,1974,-0.0359,1.5908
5506,18:15:09.827,1977,-0.0344,1.5932
5507,18:15:09.828,1973,-0.0364,1.5900
5508,18:15:09.828,1977,-0.0344,1.5932
5509,18:15:09.829,1977,-0.0344,1.5932
5510,18:15:09.829,1976,-0.0349,1.5924
5511,18:15:09.830,1976,-0.0349,1.5924
5512,18:15:09.830,1976,-0.0349,1.5924
5513,18:15:09.831,1976,-0.0349,1.5924
5514,18:15:09.831,1976,-0.0349,1.5924
5515,18:15:09.832,1974,-0.0359,1.5908
5516,18:15:09.832,1973,-0.0364,1.5900
5517,18:15:09.833,1977,-0.0344,1.5932
5518,18:15:09.833,1974,-0.0359,1.5908
5519,18:15:09.834,1976,-0.0349,1.5924
5520,18:15:09.834,1976,-0.0349,1.5924
5521,18:15:09.835,1974,-0.0359,1.5908
5522,18:15:09.835,1974,-0.0359,1.5908
5523,18:15:09.836,1974,-0.0359,1.5908
5524,18:15:09.836,1976,-0.0349,1.5924
5525,18:15:09.837,1974,-0.0359,1.5908
5526,18:15:09.837,1975,-0.0354,1.5916
5527,18:15:09.838,1977,-0.0344,1.5932
5528,18:15:09.838,1976,-0.0349,1.5924
5529,18:15:09.839,1975,-0.0354,1.5916
5530,18:15:09.839,1975,-0.0354,1.5916
5531,18:15:09.840,1973,-0.0364,1.5900
5532,18:15:09.840,1973,-0.0364,1.5900
5533,18:15:09.841,1973,-0.0364,1.5900
5534,18:15:09.841,1974,-0.0359,1.5908
5535,18:15:09.842,1977,-0.0344,1.5932
5536,18:15:09.842,1975,-0.0354,1.5916
5537,18:15:09.843,1973,-0.0364,1.5900
5538,18:15:09.843,1973,-0.0364,1.5900
5539,18:15:09.844,1975,-0.0354,1.5916
5540,18:15:09.844,1975,-0.0354,1.5916
5541,18:15:09.845,1971,-0.0374,1.5884
5542,18:15:09.845,1974,-0.0359,1.5908
5543,18:15:09.846,1974,-0.0359,1.5908
5544,18:15:09.846,1972,-0.0369,1.5892
5545,18:15:09.847,1977,-0.0344,1.5932
5546,18:15:09.847,1974,-0.0359,1.5908
5547,18:15:09.848,1975,-0.0354,1.5916
5548,18:15:09.848,1975,-0.0354,1.5916
5549,18:15:09.849,1967,-0.0393,1.5851
5550,18:15:09.849,1976,-0.0349,1.5924
5551,18:15:09.850,1932,-0.0564,1.5569
5552,18:15:09.850,1988,-0.0291,1.6021
5553,18:15:09.851,1988,-0.0291,1.6021
5554,18:15:09.851,1964,-0.0408,1.5827
5555,18:15:09.852,1959,-0.0432,1.5787
5556,18:15:09.852,1974,-0.0359,1.5908
5557,18:15:09.853,2012,-0.0173,1.6214
5558,18:15:09.853,1929,-0.0579,1.5545
5559,18:15:09.854,2017,-0.0149,1.6254
5560,18:15:09.854,1944,-0.0505,1.5666
5561,18:15:09.855,1967,-0.0393,1.5851
5562,18:15:09.855,2046,-0.0007,1.6488
5563,18:15:09.856,1995,-0.0256,1.6077
5564,18:15:09.856,1907,-0.0686,1.5368
5565,18:15:09.857,1937,-0.0540,1.5610
5566,18:15:09.857,2110,0.0305,1.7004
5567,18:15:09.858,1937,-0.0540,1.5610
5568,18:15:09.858,2037,-0.0051,1.6415
5569,18:15:09.859,1990,-0.0281,1.6037
5570,18:15:09.859,1951,-0.0471,1.5722
5571,18:15:09.860,1882,-0.0808,1.5166
5572,18:15:09.860,2006,-0.0203,1.6166
5573,18:15:09.861,1932,-0.0564,1.5569
5574,18:15:09.861,1846,-0.0984,1.4876
5575,18:15:09.862,1949,-0.0481,1.5706
5576,18:15:09.862,1935,-0.0549,1.5593
5577,18:15:09.863,1969,-0.0383,1.5867
5578,18:15:09.863,1930,-0.0574,1.5553
5579,18:15:09.864,1953,-0.0462,1.5738
5580,18:15:09.864,1819,-0.1116,1.4659
5581,18:15:09.865,1853,-0.0950,1.4933
5582,18:15:09.865,1901,-0.0716,1.5319
5583,18:15:09.866,1863,-0.0901,1.5013
5584,18:15:09.866,1785,-0.1282,1.4385
5585,18:15:09.867,1875,-0.0842,1.5110
5586,18:15:09.867,1943,-0.0510,1.5658
5587,18:15:09.868,1898,-0.0730,1.5295
5588,18:15:09.868,1947,-0.0491,1.5690
5589,18:15:09.869,1933,-0.0559,1.5577
5590,18:15:09.869,1824,-0.1092,1.4699
5591,18:15:09.870,1780,-0.1306,1.4344
5592,18:15:09.870,1891,-0.0764,1.5239
5593,18:15:09.871,1892,-0.0759,1.5247
5594,18:15:09.871,1766,-0.1375,1.4232
5595,18:15:09.872,1875,-0.0842,1.5110
5596,18:15:09.872,1856,-0.0935,1.4957
5597,18:15:09.873,1940,-0.0525,1.5634
5598,18:15:09.873,1859,-0.0921,1.4981
5599,18:15:09.874,1864,-0.0896,1.5021
5600,18:15:09.874,1777,-0.1321,1.4320
5601,18:15:09.875,1729,-0.1556,1.3933
5602,18:15:09.875,1817,-0.1126,1.4642
5603,18:15:09.876,1759,-0.1409,1.4175
5604,18:15:09.876,1702,-0.1687,1.3716
5605,18:15:09.877,1758,-0.1414,1.4167
5606,18:15:09.877,1820,-0.1111,1.4667
5607,18:15:09.878,1760,-0.1404,1.4183
5608,18:15:09.878,1820,-0.1111,1.4667
5609,18:15:09.879,1803,-0.1194,1.4530
5610,18:15:09.879,1753,-0.1438,1.4127
5611,18:15:09.880,1652,-0.1932,1.3313
5612,18:15:09.880,1774,-0.1336,1.4296
5613,18:15:09.881,1773,-0.1341,1.4288
5614,18:15:09.881,1676,-0.1814,1.3506
5615,18:15:09.882,1773,-0.1341,1.4288
5616,18:15:09.882,1757,-0.1419,1.4159
5617,18:15:09.883,1889,-0.0774,1.5223
5618,18:15:09.883,1814,-0.1140,1.4618
5619,18:15:09.884,1832,-0.1053,1.4763
5620,18:15:09.884,1774,-0.1336,1.4296
5621,18:15:09.885,1678,-0.1805,1.3522
5622,18:15:09.885,1784,-0.1287,1.4377
5623,18:15:09.886,1747,-0.1468,1.4078
5624,18:15:09.886,1735,-0.1526,1.3982
5625,18:15:09.887,1782,-0.1297,1.4360
5626,18:15:09.887,1822,-0.1101,1.4683
5627,18:15:09.888,1796,-0.1228,1.4473
5628,18:15:09.888,1844,-0.0994,1.4860
5629,18:15:09.889,1853,-0.0950,1.4933
5630,18:15:09.889,1835,-0.1038,1.4788
5631,18:15:09.890,1712,-0.1639,1.3796
5632,18:15:09.890,1790,-0.1258,1.4425
5633,18:15:09.891,1821,-0.1106,1.4675
5634,18:15:09.891,1759,-0.1409,1.4175
5635,18:15:09.892,1873,-0.0852,1.5094
5636,18:15:09.892,1847,-0.0979,1.4884
5637,18:15:09.893,1895,-0.0745,1.5271
5638,18:15:09.893,1865,-0.0891,1.5029
5639,18:15:09.894,1917,-0.0637,1.5448
5640,18:15:09.894,1898,-0.0730,1.5295
5641,18:15:09.895,1740,-0.1502,1.4022
5642,18:15:09.895,1834,-0.1043,1.4779
5643,18:15:09.896,1826,-0.1082,1.4715
5644,18:15:09.896,1815,-0.1136,1.4626
5645,18:15:09.897,1836,-0.1033,1.4796
5646,18:15:09.897,1862,-0.0906,1.5005
5647,18:15:09.898,1804,-0.1189,1.4538
5648,18:15:09.898,1861,-0.0911,1.4997
5649,18:15:09.899,1891,-0.0764,1.5239
5650,18:15:09.899,1891,-0.0764,1.5239
5651,18:15:09.900,1762,-0.1394,1.4199
5652,18:15:09.900,1811,-0.1155,1.4594
5653,18:15:09.901,1825,-0.1087,1.4707
5654,18:15:09.901,1747,-0.1468,1.4078
5655,18:15:09.902,1855,-0.0940,1.4949
5656,18:15:09.902,1864,-0.0896,1.5021
5657,18:15:09.903,1869,-0.0872,1.5062
5658,18:15:09.903,1843,-0.0999,1.4852
5659,18:15:09.904,1905,-0.0696,1.5352
5660,18:15:09.904,1923,-0.0608,1.5497
5661,18:15:09.905,1770,-0.1355,1.4264
5662,18:15:09.905,1814,-0.1140,1.4618
5663,18:15:09.906,1805,-0.1184,1.4546
5664,18:15:09.906,1767,-0.1370,1.4240
5665,18:15:09.907,1807,-0.1175,1.4562
5666,18:15:09.907,1855,-0.0940,1.4949
5667,18:15:09.908,1779,-0.1311,1.4336
5668,18:15:09.908,1767,-0.1370,1.4240
5669,18:15:09.909,1789,-0.1263,1.4417
5670,18:15:09.909,1803,-0.1194,1.4530
5671,18:15:09.910,1670,-0.1844,1.3458
5672,18:15:09.910,1678,-0.1805,1.3522
5673,18:15:09.911,1698,-0.1707,1.3684
5674,18:15:09.911,1615,-0.2112,1.3015
5675,18:15:09.912,1692,-0.1736,1.3635
5676,18:15:09.912,1735,-0.1526,1.3982
5677,18:15:09.913,1734,-0.1531,1.3974
5678,18:15:09.913,1719,-0.1604,1.3853
5679,18:15:09.914,1753,-0.1438,1.4127
5680,18:15:09.914,1805,-0.1184,1.4546
5681,18:15:09.915,1685,-0.1770,1.3579
5682,18:15:09.915,1713,-0.1634,1.3804
5683,18:15:09.916,1707,-0.1663,1.3756
5684,18:15:09.916,1639,-0.1995,1.3208
5685,18:15:09.917,1683,-0.1780,1.3563
5686,18:15:09.917,1761,-0.1399,1.4191
5687,18:15:09.918,1728,-0.1560,1.3925
5688,18:15:09.918,1713,-0.1634,1.3804
5689,18:15:09.919,1774,-0.1336,1.4296
5690,18:15:09.919,1822,-0.1101,1.4683
5691,18:15:09.920,1721,-0.1595,1.3869
5692,18:15:09.920,1726,-0.1570,1.3909
5693,18:15:09.921,1785,-0.1282,1.4385
5694,18:15:09.921,1728,-0.1560,1.3925
5695,18:15:09.922,1758,-0.1414,1.4167
5696,18:15:09.922,1826,-0.1082,1.4715
5697,18:15:09.923,1841,-0.1009,1.4836
5698,18:15:09.923,1847,-0.0979,1.4884
5699,18:15:09.924,1860,-0.0916,1.4989
5700,18:15:09.924,1902,-0.0711,1.5327
5701,18:15:09.925,1816,-0.1131,1.4634
5702,18:15:09.925,1835,-0.1038,1.4788
5703,18:15:09.926,1857,-0.0930,1.4965
5704,18:15:09.926,1770,-0.1355,1.4264
5705,18:15:09.927,1801,-0.1204,1.4514
5706,18:15:09.927,1869,-0.0872,1.5062
5707,18:15:09.928,1864,-0.0896,1.5021
5708,18:15:09.928,1833,-0.1048,1.4771
5709,18:15:09.929,1886,-0.0789,1.5199
5710,18:15:09.929,1948,-0.0486,1.5698
5711,18:15:09.930,1848,-0.0974,1.4892
5712,18:15:09.930,1831,-0.1057,1.4755
5713,18:15:09.931,1897,-0.0735,1.5287
5714,18:15:09.931,1854,-0.0945,1.4941
5715,18:15:09.932,1840,-0.1013,1.4828
5716,18:15:09.932,1896,-0.0740,1.5279
5717,18:15:09.933,1924,-0.0603,1.5505
5718,18:15:09.933,1935,-0.0549,1.5593
5719,18:15:09.934,1926,-0.0593,1.5521
5720,18:15:09.934,1963,-0.0413,1.5819
5721,18:15:09.935,1899,-0.0725,1.5303
5722,18:15:09.935,1884,-0.0799,1.5182
5723,18:15:09.936,1905,-0.0696,1.5352
5724,18:15:09.936,1818,-0.1121,1.4651
5725,18:15:09.937,1838,-0.1023,1.4812
5726,18:15:09.937,1900,-0.0720,1.5311
5727,18:15:09.938,1926,-0.0593,1.5521
5728,18:15:09.938,1876,-0.0838,1.5118
5729,18:15:09.939,1923,-0.0608,1.5497
5730,18:15:09.939,1981,-0.0325,1.5964
5731,18:15:09.940,1906,-0.0691,1.5360
5732,18:15:09.940,1881,-0.0813,1.5158
5733,18:15:09.941,1955,-0.0452,1.5755
5734,18:15:09.941,1935,-0.0549,1.5593
5735,18:15:09.942,1881,-0.0813,1.5158
5736,18:15:09.942,1949,-0.0481,1.5706
5737,18:15:09.943,1976,-0.0349,1.5924
5738,18:15:09.943,1992,-0.0271,1.6053
5739,18:15:09.944,1966,-0.0398,1.5843
5740,18:15:09.944,2002,-0.0222,1.6133
5741,18:15:09.945,1961,-0.0422,1.5803
5742,18:15:09.945,1934,-0.0554,1.5585
5743,18:15:09.946,1975,-0.0354,1.5916
5744,18:15:09.946,1894,-0.0750,1.5263
5745,18:15:09.947,1883,-0.0803,1.5174
5746,18:15:09.947,1916,-0.0642,1.5440
5747,18:15:09.948,1974,-0.0359,1.5908
5748,18:15:09.948,1928,-0.0584,1.5537
5749,18:15:09.949,1944,-0.0505,1.5666
5750,18:15:09.949,1990,-0.0281,1.6037
5751,18:15:09.950,1933,-0.0559,1.5577
5752,18:15:09.950,1893,-0.0755,1.5255
5753,18:15:09.951,1947,-0.0491,1.5690
5754,18:15:09.951,1949,-0.0481,1.5706
5755,18:15:09.952,1861,-0.0911,1.4997
5756,18:15:09.952,1902,-0.0711,1.5327
5757,18:15:09.953,1949,-0.0481,1.5706
5758,18:15:09.953,1972,-0.0369,1.5892
5759,18:15:09.954,1945,-0.0501,1.5674
5760,18:15:09.954,1978,-0.0339,1.5940
5761,18:15:09.955,1933,-0.0559,1.5577
5762,18:15:09.955,1877,-0.0833,1.5126
5763,18:15:09.956,1912,-0.0662,1.5408
5764,18:15:09.956,1867,-0.0882,1.5045
5765,18:15:09.957,1816,-0.1131,1.4634
5766,18:15:09.957,1814,-0.1140,1.4618
5767,18:15:09.958,1875,-0.0842,1.5110
5768,18:15:09.958,1839,-0.1018,1.4820
5769,18:15:09.959,1834,-0.1043,1.4779
5770,18:15:09.959,1869,-0.0872,1.5062
5771,18:15:09.960,1832,-0.1053,1.4763
5772,18:15:09.960,1766,-0.1375,1.4232
5773,18:15:09.961,1777,-0.1321,1.4320
5774,18:15:09.961,1806,-0.1179,1.4554
5775,18:15:09.962,1723,-0.1585,1.3885
5776,18:15:09.962,1749,-0.1458,1.4095
5777,18:15:09.963,1774,-0.1336,1.4296
5778,18:15:09.963,1811,-0.1155,1.4594
5779,18:15:09.964,1806,-0.1179,1.4554
5780,18:15:09.964,1834,-0.1043,1.4779
5781,18:15:09.965,1799,-0.1214,1.4497
5782,18:15:09.965,1735,-0.1526,1.3982
5783,18:15:09.966,1759,-0.1409,1.4175
5784,18:15:09.966,1743,-0.1487,1.4046
5785,18:15:09.967,1698,-0.1707,1.3684
5786,18:15:09.967,1661,-0.1888,1.3385
5787,18:15:09.968,1744,-0.1482,1.4054
5788,18:15:09.968,1720,-0.1600,1.3861
5789,18:15:09.969,1725,-0.1575,1.3901
5790,18:15:09.969,1774,-0.1336,1.4296
5791,18:15:09.970,1789,-0.1263,1.4417
5792,18:15:09.970,1737,-0.1516,1.3998
5793,18:15:09.971,1709,-0.1653,1.3772
5794,18:15:09.971,1764,-0.1385,1.4215
5795,18:15:09.972,1706,-0.1668,1.3748
5796,18:15:09.972,1716,-0.1619,1.3829
5797,18:15:09.973,1725,-0.1575,1.3901
5798,18:15:09.973,1758,-0.1414,1.4167
5799,18:15:09.974,1771,-0.1350,1.4272
5800,18:15:09.974,1815,-0.1136,1.4626
5801,18:15:09.975,1809,-0.1165,1.4578
5802,18:15:09.975,1763,-0.1389,1.4207
5803,18:15:09.976,1780,-0.1306,1.4344
5804,18:15:09.976,1796,-0.1228,1.4473
5805,18:15:09.977,1754,-0.1433,1.4135
5806,18:15:09.977,1721,-0.1595,1.3869
5807,18:15:09.978,1799,-0.1214,1.4497
5808,18:15:09.978,1780,-0.1306,1.4344
5809,18:15:09.979,1746,-0.1473,1.4070
5810,18:15:09.979,1787,-0.1272,1.4401
5811,18:15:09.980,1823,-0.1096,1.4691
5812,18:15:09.980,1763,-0.1389,1.4207
5813,18:15:09.981,1695,-0.1722,1.3659
5814,18:15:09.981,1753,-0.1438,1.4127
5815,18:15:09.982,1727,-0.1565,1.3917
5816,18:15:09.982,1730,-0.1551,1.3941
5817,18:15:09.983,1715,-0.1624,1.3821
5818,18:15:09.983,1748,-0.1463,1.4086
5819,18:15:09.984,1771,-0.1350,1.4272
5820,18:15:09.984,1796,-0.1228,1.4473
5821,18:15:09.985,1805,-0.1184,1.4546
5822,18:15:09.985,1758,-0.1414,1.4167
5823,18:15:09.986,1748,-0.1463,1.4086
5824,18:15:09.986,1762,-0.1394,1.4199
5825,18:15:09.987,1725,-0.1575,1.3901
5826,18:15:09.987,1681,-0.1790,1.3547
5827,18:15:09.988,1738,-0.1512,1.4006
5828,18:15:09.988,1721,-0.1595,1.3869
5829,18:15:09.989,1713,-0.1634,1.3804
5830,18:15:09.989,1741,-0.1497,1.4030
5831,18:15:09.990,1808,-0.1170,1.4570
5832,18:15:09.990,1773,-0.1341,1.4288
5833,18:15:09.991,1702,-0.1687,1.3716
5834,18:15:09.991,1761,-0.1399,1.4191
5835,18:15:09.992,1763,-0.1389,1.4207
5836,18:15:09.992,1761,-0.1399,1.4191
5837,18:15:09.993,1747,-0.1468,1.4078
5838,18:15:09.993,1774,-0.1336,1.4296
5839,18:15:09.994,1815,-0.1136,1.4626
5840,18:15:09.994,1823,-0.1096,1.4691
5841,18:15:09.995,1841,-0.1009,1.4836
5842,18:15:09.995,1811,-0.1155,1.4594
5843,18:15:09.996,1778,-0.1316,1.4328
5844,18:15:09.996,1803,-0.1194,1.4530
5845,18:15:09.997,1759,-0.1409,1.4175
5846,18:15:09.997,1737,-0.1516,1.3998
5847,18:15:09.998,1785,-0.1282,1.4385
5848,18:15:09.998,1775,-0.1331,1.4304
5849,18:15:09.999,1769,-0.1360,1.4256
5850,18:15:09.999,1776,-0.1326,1.4312
5851,18:15:10.000,1836,-0.1033,1.4796
5852,18:15:10.000,1826,-0.1082,1.4715
5853,18:15:10.001,1743,-0.1487,1.4046
5854,18:15:10.001,1777,-0.1321,1.4320
5855,18:15:10.002,1778,-0.1316,1.4328
5856,18:15:10.002,1767,-0.1370,1.4240
5857,18:15:10.003,1742,-0.1492,1.4038
5858,18:15:10.003,1760,-0.1404,1.4183
5859,18:15:10.004,1796,-0.1228,1.4473
5860,18:15:10.004,1786,-0.1277,1.4393
5861,18:15:10.005,1832,-0.1053,1.4763
5862,18:15:10.005,1816,-0.1131,1.4634
5863,18:15:10.006,1773,-0.1341,1.4288
5864,18:15:10.006,1781,-0.1302,1.4352
5865,18:15:10.007,1771,-0.1350,1.4272
5866,18:15:10.007,1719,-0.1604,1.3853
5867,18:15:10.008,1754,-0.1433,1.4135
5868,18:15:10.008,1764,-0.1385,1.4215
5869,18:15:10.009,1785,-0.1282,1.4385
5870,18:15:10.009,1774,-0.1336,1.4296
5871,18:15:10.010,1836,-0.1033,1.4796
5872,18:15:10.010,1861,-0.0911,1.4997
5873,18:15:10.011,1800,-0.1209,1.4505
5874,18:15:10.011,1816,-0.1131,1.4634
5875,18:15:10.012,1829,-0.1067,1.4739
5876,18:15:10.012,1820,-0.1111,1.4667
5877,18:15:10.013,1816,-0.1131,1.4634
5878,18:15:10.013,1832,-0.1053,1.4763
5879,18:15:10.014,1877,-0.0833,1.5126
5880,18:15:10.014,1869,-0.0872,1.5062
5881,18:15:10.015,1902,-0.0711,1.5327
5882,18:15:10.015,1893,-0.0755,1.5255
5883,18:15:10.016,1852,-0.0955,1.4925
5884,18:15:10.016,1847,-0.0979,1.4884
5885,18:15:10.017,1837,-0.1028,1.4804
5886,18:15:10.017,1782,-0.1297,1.4360
5887,18:15:10.018,1799,-0.1214,1.4497
5888,18:15:10.018,1814,-0.1140,1.4618
5889,18:15:10.019,1840,-0.1013,1.4828
5890,18:15:10.019,1801,-0.1204,1.4514
5891,18:15:10.020,1853,-0.0950,1.4933
5892,18:15:10.020,1903,-0.0706,1.5336
5893,18:15:10.021,1860,-0.0916,1.4989
5894,18:15:10.021,1849,-0.0969,1.4900
5895,18:15:10.022,1856,-0.0935,1.4957
5896,18:15:10.022,1849,-0.0969,1.4900
5897,18:15:10.023,1836,-0.1033,1.4796
5898,18:15:10.023,1830,-0.1062,1.4747
5899,18:15:10.024,1878,-0.0828,1.5134
5900,18:15:10.024,1869,-0.0872,1.5062
5901,18:15:10.025,1904,-0.0701,1.5344
5902,18:15:10.025,1908,-0.0681,1.5376
5903,18:15:10.026,1878,-0.0828,1.5134
5904,18:15:10.026,1875,-0.0842,1.5110
5905,18:15:10.027,1876,-0.0838,1.5118
5906,18:15:10.027,1830,-0.1062,1.4747
5907,18:15:10.028,1826,-0.1082,1.4715
5908,18:15:10.028,1844,-0.0994,1.4860
5909,18:15:10.029,1876,-0.0838,1.5118
5910,18:15:10.029,1830,-0.1062,1.4747
5911,18:15:10.030,1862,-0.0906,1.5005
5912,18:15:10.030,1930,-0.0574,1.5553
5913,18:15:10.031,1907,-0.0686,1.5368
5914,18:15:10.031,1871,-0.0862,1.5078
5915,18:15:10.032,1886,-0.0789,1.5199
5916,18:15:10.032,1895,-0.0745,1.5271
5917,18:15:10.033,1886,-0.0789,1.5199
5918,18:15:10.033,1856,-0.0935,1.4957
5919,18:15:10.034,1903,-0.0706,1.5336
5920,18:15:10.034,1897,-0.0735,1.5287
5921,18:15:10.035,1927,-0.0589,1.5529
5922,18:15:10.035,1937,-0.0540,1.5610
5923,18:15:10.036,1907,-0.0686,1.5368
5924,18:15:10.036,1914,-0.0652,1.5424
5925,18:15:10.037,1911,-0.0667,1.5400
5926,18:15:10.037,1876,-0.0838,1.5118
5927,18:15:10.038,1847,-0.0979,1.4884
5928,18:15:10.038,1866,-0.0886,1.5037
5929,18:15:10.039,1898,-0.0730,1.5295
5930,18:15:10.039,1861,-0.0911,1.4997
5931,18:15:10.040,1868,-0.0877,1.5053
5932,18:15:10.040,1937,-0.0540,1.5610
5933,18:15:10.041,1929,-0.0579,1.5545
5934,18:15:10.041,1881,-0.0813,1.5158
5935,18:15:10.042,1890,-0.0769,1.5231
5936,18:15:10.042,1897,-0.0735,1.5287
5937,18:15:10.043,1891,-0.0764,1.5239
5938,18:15:10.043,1858,-0.0926,1.4973
5939,18:15:10.044,1904,-0.0701,1.5344
5940,18:15:10.044,1912,-0.0662,1.5408
5941,18:15:10.045,1934,-0.0554,1.5585
5942,18:15:10.045,1946,-0.0496,1.5682
5943,18:15:10.046,1926,-0.0593,1.5521
5944,18:15:10.046,1930,-0.0574,1.5553
5945,18:15:10.047,1916,-0.0642,1.5440
5946,18:15:10.047,1893,-0.0755,1.5255
5947,18:15:10.048,1856,-0.0935,1.4957
5948,18:15:10.048,1866,-0.0886,1.5037
5949,18:15:10.049,1899,-0.0725,1.5303
5950,18:15:10.049,1881,-0.0813,1.5158
5951,18:15:10.050,1876,-0.0838,1.5118
5952,18:15:10.050,1941,-0.0520,1.5642
5953,18:15:10.051,1957,-0.0442,1.5771
5954,18:15:10.051,1908,-0.0681,1.5376
5955,18:15:10.052,1917,-0.0637,1.5448
5956,18:15:10.052,1941,-0.0520,1.5642
5957,18:15:10.053,1940,-0.0525,1.5634
5958,18:15:10.053,1893,-0.0755,1.5255
5959,18:15:10.054,1929,-0.0579,1.5545
5960,18:15:10.054,1945,-0.0501,1.5674
5961,18:15:10.055,1951,-0.0471,1.5722
5962,18:15:10.055,1968,-0.0388,1.5859
5963,18:15:10.056,1947,-0.0491,1.5690
5964,18:15:10.056,1952,-0.0466,1.5730
5965,18:15:10.057,1936,-0.0545,1.5601
5966,18:15:10.057,1940,-0.0525,1.5634
5967,18:15:10.058,1880,-0.0818,1.5150
5968,18:15:10.058,1882,-0.0808,1.5166
5969,18:15:10.059,1914,-0.0652,1.5424
5970,18:15:10.059,1912,-0.0662,1.5408
5971,18:15:10.060,1892,-0.0759,1.5247
5972,18:15:10.060,1944,-0.0505,1.5666
5973,18:15:10.061,1975,-0.0354,1.5916
5974,18:15:10.061,1927,-0.0589,1.5529
5975,18:15:10.062,1929,-0.0579,1.5545
5976,18:15:10.062,1939,-0.0530,1.5626
5977,18:15:10.063,1948,-0.0486,1.5698
5978,18:15:10.063,1895,-0.0745,1.5271
5979,18:15:10.064,1910,-0.0672,1.5392
5980,18:15:10.064,1942,-0.0515,1.5650
5981,18:15:10.065,1936,-0.0545,1.5601
5982,18:15:10.065,1964,-0.0408,1.5827
5983,18:15:10.066,1953,-0.0462,1.5738
5984,18:15:10.066,1956,-0.0447,1.5763
5985,18:15:10.067,1934,-0.0554,1.5585
5986,18:15:10.067,1947,-0.0491,1.5690
5987,18:15:10.068,1885,-0.0794,1.5190
5988,18:15:10.068,1874,-0.0847,1.5102
5989,18:15:10.069,1898,-0.0730,1.5295
5990,18:15:10.069,1915,-0.0647,1.5432
5991,18:15:10.070,1881,-0.0813,1.5158
5992,18:15:10.070,1911,-0.0667,1.5400
5993,18:15:10.071,1974,-0.0359,1.5908
5994,18:15:10.071,1947,-0.0491,1.5690
5995,18:15:10.072,1939,-0.0530,1.5626
5996,18:15:10.072,1954,-0.0457,1.5747
5997,18:15:10.073,1963,-0.0413,1.5819
5998,18:15:10.073,1928,-0.0584,1.5537
5999,18:15:10.074,1916,-0.0642,1.5440
6000,18:15:10.074,1952,-0.0466,1.5730
6001,18:15:10.075,1944,-0.0505,1.5666
6002,18:15:10.075,1953,-0.0462,1.5738
6003,18:15:10.076,1939,-0.0530,1.5626
6004,18:15:10.076,1934,-0.0554,1.5585
6005,18:15:10.077,1896,-0.0740,1.5279
6006,18:15:10.077,1925,-0.0598,1.5513
6007,18:15:10.078,1870,-0.0867,1.5070
6008,18:15:10.078,1846,-0.0984,1.4876
6009,18:15:10.079,1847,-0.0979,1.4884
6010,18:15:10.079,1872,-0.0857,1.5086
6011,18:15:10.080,1839,-0.1018,1.4820
6012,18:15:10.080,1847,-0.0979,1.4884
6013,18:15:10.081,1906,-0.0691,1.5360
6014,18:15:10.081,1888,-0.0779,1.5215
6015,18:15:10.082,1877,-0.0833,1.5126
6016,18:15:10.082,1877,-0.0833,1.5126
6017,18:15:10.083,1891,-0.0764,1.5239
6018,18:15:10.083,1866,-0.0886,1.5037
6019,18:15:10.084,1838,-0.1023,1.4812
6020,18:15:10.084,1865,-0.0891,1.5029
6021,18:15:10.085,1871,-0.0862,1.5078
6022,18:15:10.085,1892,-0.0759,1.5247
6023,18:15:10.086,1901,-0.0716,1.5319
6024,18:15:10.086,1907,-0.0686,1.5368
6025,18:15:10.087,1884,-0.0799,1.5182
6026,18:15:10.087,1928,-0.0584,1.5537
6027,18:15:10.088,1887,-0.0784,1.5207
6028,18:15:10.088,1862,-0.0906,1.5005
6029,18:15:10.089,1863,-0.0901,1.5013
6030,18:15:10.089,1893,-0.0755,1.5255
6031,18:15:10.090,1862,-0.0906,1.5005
6032,18:15:10.090,1845,-0.0989,1.4868
6033,18:15:10.091,1916,-0.0642,1.5440
6034,18:15:10.091,1913,-0.0657,1.5416
6035,18:15:10.092,1896,-0.0740,1.5279
6036,18:15:10.092,1879,-0.0823,1.5142
6037,18:15:10.093,1869,-0.0872,1.5062
6038,18:15:10.093,1887,-0.0784,1.5207
6039,18:15:10.094,1842,-0.1004,1.4844
6040,18:15:10.094,1866,-0.0886,1.5037
6041,18:15:10.095,1871,-0.0862,1.5078
6042,18:15:10.095,1880,-0.0818,1.5150
6043,18:15:10.096,1884,-0.0799,1.5182
6044,18:15:10.096,1880,-0.0818,1.5150
6045,18:15:10.097,1850,-0.0965,1.4908
6046,18:15:10.097,1875,-0.0842,1.5110
6047,18:15:10.098,1855,-0.0940,1.4949
6048,18:15:10.098,1813,-0.1145,1.4610
6049,18:15:10.099,1814,-0.1140,1.4618
6050,18:15:10.099,1837,-0.1028,1.4804
6051,18:15:10.100,1827,-0.1077,1.4723
6052,18:15:10.100,1809,-0.1165,1.4578
6053,18:15:10.101,1878,-0.0828,1.5134
6054,18:15:10.101,1902,-0.0711,1.5327
6055,18:15:10.102,1885,-0.0794,1.5190
6056,18:15:10.102,1872,-0.0857,1.5086
6057,18:15:10.103,1897,-0.0735,1.5287
6058,18:15:10.103,1908,-0.0681,1.5376
6059,18:15:10.104,1856,-0.0935,1.4957
6060,18:15:10.104,1876,-0.0838,1.5118
6061,18:15:10.105,1883,-0.0803,1.5174
6062,18:15:10.105,1882,-0.0808,1.5166
6063,18:15:10.106,1897,-0.0735,1.5287
6064,18:15:10.106,1896,-0.0740,1.5279
6065,18:15:10.107,1878,-0.0828,1.5134
6066,18:15:10.107,1899,-0.0725,1.5303
6067,18:15:10.108,1891,-0.0764,1.5239
6068,18:15:10.108,1850,-0.0965,1.4908
6069,18:15:10.109,1827,-0.1077,1.4723
6070,18:15:10.109,1863,-0.0901,1.5013
6071,18:15:10.110,1861,-0.0911,1.4997
6072,18:15:10.110,1820,-0.1111,1.4667
6073,18:15:10.111,1875,-0.0842,1.5110
6074,18:15:10.111,1909,-0.0676,1.5384
6075,18:15:10.112,1895,-0.0745,1.5271
6076,18:15:10.112,1880,-0.0818,1.5150
6077,18:15:10.113,1891,-0.0764,1.5239
6078,18:15:10.113,1914,-0.0652,1.5424
6079,18:15:10.114,1856,-0.0935,1.4957
6080,18:15:10.114,1865,-0.0891,1.5029
6081,18:15:10.115,1881,-0.0813,1.5158
6082,18:15:10.115,1870,-0.0867,1.5070
6083,18:15:10.116,1898,-0.0730,1.5295
6084,18:15:10.116,1905,-0.0696,1.5352
6085,18:15:10.117,1895,-0.0745,1.5271
6086,18:15:10.117,1909,-0.0676,1.5384
6087,18:15:10.118,1915,-0.0647,1.5432
6088,18:15:10.118,1888,-0.0779,1.5215
6089,18:15:10.119,1858,-0.0926,1.4973
6090,18:15:10.119,1875,-0.0842,1.5110
6091,18:15:10.120,1896,-0.0740,1.5279
6092,18:15:10.120,1854,-0.0945,1.4941
6093,18:15:10.121,1888,-0.0779,1.5215
6094,18:15:10.121,1942,-0.0515,1.5650
6095,18:15:10.122,1937,-0.0540,1.5610
6096,18:15:10.122,1916,-0.0642,1.5440
6097,18:15:10.123,1929,-0.0579,1.5545
6098,18:15:10.123,1963,-0.0413,1.5819
6099,18:15:10.124,1912,-0.0662,1.5408
6100,18:15:10.124,1905,-0.0696,1.5352
6101,18:15:10.125,1927,-0.0589,1.5529
6102,18:15:10.125,1913,-0.0657,1.5416
6103,18:15:10.126,1940,-0.0525,1.5634
6104,18:15:10.126,1953,-0.0462,1.5738
6105,18:15:10.127,1946,-0.0496,1.5682
6106,18:15:10.127,1947,-0.0491,1.5690
6107,18:15:10.128,1960,-0.0427,1.5795
6108,18:15:10.128,1944,-0.0505,1.5666
6109,18:15:10.129,1896,-0.0740,1.5279
6110,18:15:10.129,1908,-0.0681,1.5376
6111,18:15:10.130,1940,-0.0525,1.5634
6112,18:15:10.130,1894,-0.0750,1.5263
6113,18:15:10.131,1898,-0.0730,1.5295
6114,18:15:10.131,1960,-0.0427,1.5795
6115,18:15:10.132,1963,-0.0413,1.5819
6116,18:15:10.132,1958,-0.0437,1.5779
6117,18:15:10.133,1959,-0.0432,1.5787
6118,18:15:10.133,1990,-0.0281,1.6037
6119,18:15:10.134,1964,-0.0408,1.5827
6120,18:15:10.134,1943,-0.0510,1.5658
6121,18:15:10.135,1962,-0.0418,1.5811
6122,18:15:10.135,1947,-0.0491,1.5690
6123,18:15:10.136,1971,-0.0374,1.5884
6124,18:15:10.136,1984,-0.0310,1.5988
6125,18:15:10.137,1977,-0.0344,1.5932
6126,18:15:10.137,1970,-0.0379,1.5875
6127,18:15:10.138,1988,-0.0291,1.6021
6128,18:15:10.138,1983,-0.0315,1.5980
6129,18:15:10.139,1939,-0.0530,1.5626
6130,18:15:10.139,1937,-0.0540,1.5610
6131,18:15:10.140,1969,-0.0383,1.5867
6132,18:15:10.140,1940,-0.0525,1.5634
6133,18:15:10.141,1917,-0.0637,1.5448
6134,18:15:10.141,1982,-0.0320,1.5972
6135,18:15:10.142,2000,-0.0232,1.6117
6136,18:15:10.142,2001,-0.0227,1.6125
6137,18:15:10.143,1983,-0.0315,1.5980
6138,18:15:10.143,2018,-0.0144,1.6262
6139,18:15:10.144,2009,-0.0188,1.6190
6140,18:15:10.144,1968,-0.0388,1.5859
6141,18:15:10.145,1991,-0.0276,1.6045
6142,18:15:10.145,1975,-0.0354,1.5916
6143,18:15:10.146,1992,-0.0271,1.6053
6144,18:15:10.146,2005,-0.0208,1.6158
6145,18:15:10.147,2000,-0.0232,1.6117
6146,18:15:10.147,1990,-0.0281,1.6037
6147,18:15:10.148,2006,-0.0203,1.6166
6148,18:15:10.148,2013,-0.0168,1.6222
6149,18:15:10.149,1968,-0.0388,1.5859
6150,18:15:10.149,1954,-0.0457,1.5747
6151,18:15:10.150,1984,-0.0310,1.5988
6152,18:15:10.150,1976,-0.0349,1.5924
6153,18:15:10.151,1937,-0.0540,1.5610
6154,18:15:10.151,1992,-0.0271,1.6053
6155,18:15:10.152,2013,-0.0168,1.6222
6156,18:15:10.152,2023,-0.0120,1.6303
6157,18:15:10.153,1996,-0.0252,1.6085
6158,18:15:10.153,2024,-0.0115,1.6311
6159,18:15:10.154,2030,-0.0085,1.6359
6160,18:15:10.154,1979,-0.0335,1.5948
6161,18:15:10.155,1995,-0.0256,1.6077
6162,18:15:10.155,1980,-0.0330,1.5956
6163,18:15:10.156,1988,-0.0291,1.6021
6164,18:15:10.156,1995,-0.0256,1.6077
6165,18:15:10.157,1998,-0.0242,1.6101
6166,18:15:10.157,1987,-0.0295,1.6012
6167,18:15:10.158,2005,-0.0208,1.6158
6168,18:15:10.158,2018,-0.0144,1.6262
6169,18:15:10.159,1980,-0.0330,1.5956
6170,18:15:10.159,1949,-0.0481,1.5706
6171,18:15:10.160,1975,-0.0354,1.5916
6172,18:15:10.160,1978,-0.0339,1.5940
6173,18:15:10.161,1923,-0.0608,1.5497
6174,18:15:10.161,1969,-0.0383,1.5867
6175,18:15:10.162,2001,-0.0227,1.6125
6176,18:15:10.162,2008,-0.0193,1.6182
6177,18:15:10.163,1983,-0.0315,1.5980
6178,18:15:10.163,2007,-0.0198,1.6174
6179,18:15:10.164,2032,-0.0076,1.6375
6180,18:15:10.164,1976,-0.0349,1.5924
6181,18:15:10.165,1981,-0.0325,1.5964
6182,18:15:10.165,1969,-0.0383,1.5867
6183,18:15:10.166,1969,-0.0383,1.5867
6184,18:15:10.166,1973,-0.0364,1.5900
6185,18:15:10.167,1980,-0.0330,1.5956
6186,18:15:10.167,1968,-0.0388,1.5859
6187,18:15:10.168,1973,-0.0364,1.5900
6188,18:15:10.168,1992,-0.0271,1.6053
6189,18:15:10.169,1967,-0.0393,1.5851
6190,18:15:10.169,1926,-0.0593,1.5521
6191,18:15:10.170,1934,-0.0554,1.5585
6192,18:15:10.170,1954,-0.0457,1.5747
6193,18:15:10.171,1903,-0.0706,1.5336
6194,18:15:10.171,1929,-0.0579,1.5545
6195,18:15:10.172,1968,-0.0388,1.5859
6196,18:15:10.172,1981,-0.0325,1.5964
6197,18:15:10.173,1974,-0.0359,1.5908
6198,18:15:10.173,1983,-0.0315,1.5980
6199,18:15:10.174,2020,-0.0134,1.6278
6200,18:15:10.174,1972,-0.0369,1.5892
6201,18:15:10.175,1970,-0.0379,1.5875
6202,18:15:10.175,1964,-0.0408,1.5827
6203,18:15:10.176,1958,-0.0437,1.5779
6204,18:15:10.176,1961,-0.0422,1.5803
6205,18:15:10.177,1978,-0.0339,1.5940
6206,18:15:10.177,1975,-0.0354,1.5916
6207,18:15:10.178,1976,-0.0349,1.5924
6208,18:15:10.178,1996,-0.0252,1.6085
6209,18:15:10.179,1989,-0.0286,1.6029
6210,18:15:10.179,1948,-0.0486,1.5698
6211,18:15:10.180,1944,-0.0505,1.5666
6212,18:15:10.180,1976,-0.0349,1.5924
6213,18:15:10.181,1930,-0.0574,1.5553
6214,18:15:10.181,1937,-0.0540,1.5610
6215,18:15:10.182,1975,-0.0354,1.5916
6216,18:15:10.182,1994,-0.0261,1.6069
6217,18:15:10.183,1989,-0.0286,1.6029
6218,18:15:10.183,1979,-0.0335,1.5948
6219,18:15:10.184,2015,-0.0159,1.6238
6220,18:15:10.184,1975,-0.0354,1.5916
6221,18:15:10.185,1962,-0.0418,1.5811
6222,18:15:10.185,1955,-0.0452,1.5755
6223,18:15:10.186,1944,-0.0505,1.5666
6224,18:15:10.186,1947,-0.0491,1.5690
6225,18:15:10.187,1973,-0.0364,1.5900
6226,18:15:10.187,1962,-0.0418,1.5811
6227,18:15:10.188,1957,-0.0442,1.5771
6228,18:15:10.188,1977,-0.0344,1.5932
6229,18:15:10.189,1987,-0.0295,1.6012
6230,18:15:10.189,1947,-0.0491,1.5690
6231,18:15:10.190,1930,-0.0574,1.5553
6232,18:15:10.190,1959,-0.0432,1.5787
6233,18:15:10.191,1927,-0.0589,1.5529
6234,18:15:10.191,1902,-0.0711,1.5327
6235,18:15:10.192,1949,-0.0481,1.5706
6236,18:15:10.192,1969,-0.0383,1.5867
6237,18:15:10.193,1972,-0.0369,1.5892
6238,18:15:10.193,1953,-0.0462,1.5738
6239,18:15:10.194,1986,-0.0300,1.6004
6240,18:15:10.194,1972,-0.0369,1.5892
6241,18:15:10.195,1942,-0.0515,1.5650
6242,18:15:10.195,1935,-0.0549,1.5593
6243,18:15:10.196,1914,-0.0652,1.5424
6244,18:15:10.196,1906,-0.0691,1.5360
6245,18:15:10.197,1935,-0.0549,1.5593
6246,18:15:10.197,1917,-0.0637,1.5448
6247,18:15:10.198,1911,-0.0667,1.5400
6248,18:15:10.198,1928,-0.0584,1.5537
6249,18:15:10.199,1943,-0.0510,1.5658
6250,18:15:10.199,1903,-0.0706,1.5336
6251,18:15:10.200,1869,-0.0872,1.5062
6252,18:15:10.200,1897,-0.0735,1.5287
6253,18:15:10.201,1892,-0.0759,1.5247
6254,18:15:10.201,1852,-0.0955,1.4925
6255,18:15:10.202,1895,-0.0745,1.5271
6256,18:15:10.202,1923,-0.0608,1.5497
6257,18:15:10.203,1942,-0.0515,1.5650
6258,18:15:10.203,1911,-0.0667,1.5400
6259,18:15:10.204,1947,-0.0491,1.5690
6260,18:15:10.204,1949,-0.0481,1.5706
6261,18:15:10.205,1908,-0.0681,1.5376
6262,18:15:10.205,1906,-0.0691,1.5360
6263,18:15:10.206,1895,-0.0745,1.5271
6264,18:15:10.206,1889,-0.0774,1.5223
6265,18:15:10.207,1908,-0.0681,1.5376
6266,18:15:10.207,1902,-0.0711,1.5327
6267,18:15:10.208,1896,-0.0740,1.5279
6268,18:15:10.208,1905,-0.0696,1.5352
6269,18:15:10.209,1934,-0.0554,1.5585
6270,18:15:10.209,1909,-0.0676,1.5384
6271,18:15:10.210,1876,-0.0838,1.5118
6272,18:15:10.210,1889,-0.0774,1.5223
6273,18:15:10.211,1896,-0.0740,1.5279
6274,18:15:10.211,1847,-0.0979,1.4884
6275,18:15:10.212,1875,-0.0842,1.5110
6276,18:15:10.212,1901,-0.0716,1.5319
6277,18:15:10.213,1927,-0.0589,1.5529
6278,18:15:10.213,1898,-0.0730,1.5295
6279,18:15:10.214,1915,-0.0647,1.5432
6280,18:15:10.214,1943,-0.0510,1.5658
6281,18:15:10.215,1896,-0.0740,1.5279
6282,18:15:10.215,1889,-0.0774,1.5223
6283,18:15:10.216,1874,-0.0847,1.5102
6284,18:15:10.216,1866,-0.0886,1.5037
6285,18:15:10.217,1879,-0.0823,1.5142
6286,18:15:10.217,1882,-0.0808,1.5166
6287,18:15:10.218,1884,-0.0799,1.5182
6288,18:15:10.218,1892,-0.0759,1.5247
6289,18:15:10.219,1916,-0.0642,1.5440
6290,18:15:10.219,1915,-0.0647,1.5432
6291,18:15:10.220,1879,-0.0823,1.5142
6292,18:15:10.220,1876,-0.0838,1.5118
6293,18:15:10.221,1889,-0.0774,1.5223
6294,18:15:10.221,1842,-0.1004,1.4844
6295,18:15:10.222,1856,-0.0935,1.4957
6296,18:15:10.222,1881,-0.0813,1.5158
6297,18:15:10.223,1908,-0.0681,1.5376
6298,18:15:10.223,1895,-0.0745,1.5271
6299,18:15:10.224,1897,-0.0735,1.5287
6300,18:15:10.224,1934,-0.0554,1.5585
6301,18:15:10.225,1891,-0.0764,1.5239
6302,18:15:10.225,1888,-0.0779,1.5215
6303,18:15:10.226,1884,-0.0799,1.5182
6304,18:15:10.226,1866,-0.0886,1.5037
6305,18:15:10.227,1875,-0.0842,1.5110
6306,18:15:10.227,1886,-0.0789,1.5199
6307,18:15:10.228,1892,-0.0759,1.5247
6308,18:15:10.228,1887,-0.0784,1.5207
6309,18:15:10.229,1913,-0.0657,1.5416
6310,18:15:10.229,1928,-0.0584,1.5537
6311,18:15:10.230,1893,-0.0755,1.5255
6312,18:15:10.230,1874,-0.0847,1.5102
6313,18:15:10.231,1908,-0.0681,1.5376
6314,18:15:10.231,1868,-0.0877,1.5053
6315,18:15:10.232,1867,-0.0882,1.5045
6316,18:15:10.232,1896,-0.0740,1.5279
6317,18:15:10.233,1924,-0.0603,1.5505
6318,18:15:10.233,1932,-0.0564,1.5569
6319,18:15:10.234,1924,-0.0603,1.5505
6320,18:15:10.234,1973,-0.0364,1.5900
6321,18:15:10.235,1945,-0.0501,1.5674
6322,18:15:10.235,1934,-0.0554,1.5585
6323,18:15:10.236,1912,-0.0662,1.5408
6324,18:15:10.236,1887,-0.0784,1.5207
6325,18:15:10.237,1882,-0.0808,1.5166
6326,18:15:10.237,1891,-0.0764,1.5239
6327,18:15:10.238,1889,-0.0774,1.5223
6328,18:15:10.238,1878,-0.0828,1.5134
6329,18:15:10.239,1895,-0.0745,1.5271
6330,18:15:10.239,1923,-0.0608,1.5497
6331,18:15:10.240,1894,-0.0750,1.5263
6332,18:15:10.240,1860,-0.0916,1.4989
6333,18:15:10.241,1893,-0.0755,1.5255
6334,18:15:10.241,1869,-0.0872,1.5062
6335,18:15:10.242,1851,-0.0960,1.4916
6336,18:15:10.242,1869,-0.0872,1.5062
6337,18:15:10.243,1901,-0.0716,1.5319
6338,18:15:10.243,1927,-0.0589,1.5529
6339,18:15:10.244,1904,-0.0701,1.5344
6340,18:15:10.244,1959,-0.0432,1.5787
6341,18:15:10.245,1936,-0.0545,1.5601
6342,18:15:10.245,1934,-0.0554,1.5585
6343,18:15:10.246,1917,-0.0637,1.5448
6344,18:15:10.246,1902,-0.0711,1.5327
6345,18:15:10.247,1894,-0.0750,1.5263
6346,18:15:10.247,1911,-0.0667,1.5400
6347,18:15:10.248,1913,-0.0657,1.5416
6348,18:15:10.248,1910,-0.0672,1.5392
6349,18:15:10.249,1927,-0.0589,1.5529
6350,18:15:10.249,1951,-0.0471,1.5722
6351,18:15:10.250,1942,-0.0515,1.5650
6352,18:15:10.250,1898,-0.0730,1.5295
6353,18:15:10.251,1929,-0.0579,1.5545
6354,18:15:10.251,1912,-0.0662,1.5408
6355,18:15:10.252,1880,-0.0818,1.5150
6356,18:15:10.252,1893,-0.0755,1.5255
6357,18:15:10.253,1916,-0.0642,1.5440
6358,18:15:10.253,1950,-0.0476,1.5714
6359,18:15:10.254,1915,-0.0647,1.5432
6360,18:15:10.254,1961,-0.0422,1.5803
6361,18:15:10.255,1962,-0.0418,1.5811
6362,18:15:10.255,1944,-0.0505,1.5666
6363,18:15:10.256,1923,-0.0608,1.5497
6364,18:15:10.256,1908,-0.0681,1.5376
6365,18:15:10.257,1890,-0.0769,1.5231
6366,18:15:10.257,1900,-0.0720,1.5311
6367,18:15:10.258,1899,-0.0725,1.5303
6368,18:15:10.258,1894,-0.0750,1.5263
6369,18:15:10.259,1898,-0.0730,1.5295
6370,18:15:10.259,1924,-0.0603,1.5505
6371,18:15:10.260,1924,-0.0603,1.5505
6372,18:15:10.260,1880,-0.0818,1.5150
6373,18:15:10.261,1893,-0.0755,1.5255
6374,18:15:10.261,1897,-0.0735,1.5287
6375,18:15:10.262,1861,-0.0911,1.4997
6376,18:15:10.262,1862,-0.0906,1.5005
6377,18:15:10.263,1879,-0.0823,1.5142
6378,18:15:10.263,1915,-0.0647,1.5432
6379,18:15:10.264,1890,-0.0769,1.5231
6380,18:15:10.264,1917,-0.0637,1.5448
6381,18:15:10.265,1938,-0.0535,1.5618
6382,18:15:10.265,1917,-0.0637,1.5448
6383,18:15:10.266,1900,-0.0720,1.5311
6384,18:15:10.266,1893,-0.0755,1.5255
6385,18:15:10.267,1874,-0.0847,1.5102
6386,18:15:10.267,1874,-0.0847,1.5102
6387,18:15:10.268,1883,-0.0803,1.5174
6388,18:15:10.268,1882,-0.0808,1.5166
6389,18:15:10.269,1881,-0.0813,1.5158
6390,18:15:10.269,1896,-0.0740,1.5279
6391,18:15:10.270,1922,-0.0613,1.5489
6392,18:15:10.270,1877,-0.0833,1.5126
6393,18:15:10.271,1877,-0.0833,1.5126
6394,18:15:10.271,1890,-0.0769,1.5231
6395,18:15:10.272,1857,-0.0930,1.4965
6396,18:15:10.272,1850,-0.0965,1.4908
6397,18:15:10.273,1866,-0.0886,1.5037
6398,18:15:10.273,1902,-0.0711,1.5327
6399,18:15:10.274,1890,-0.0769,1.5231
6400,18:15:10.274,1896,-0.0740,1.5279
6401,18:15:10.275,1926,-0.0593,1.5521
6402,18:15:10.275,1911,-0.0667,1.5400
6403,18:15:10.276,1891,-0.0764,1.5239
6404,18:15:10.276,1883,-0.0803,1.5174
6405,18:15:10.277,1864,-0.0896,1.5021
6406,18:15:10.277,1862,-0.0906,1.5005
6407,18:15:10.278,1872,-0.0857,1.5086
6408,18:15:10.278,1870,-0.0867,1.5070
6409,18:15:10.279,1870,-0.0867,1.5070
6410,18:15:10.279,1881,-0.0813,1.5158
6411,18:15:10.280,1914,-0.0652,1.5424
6412,18:15:10.280,1879,-0.0823,1.5142
6413,18:15:10.281,1862,-0.0906,1.5005
6414,18:15:10.281,1886,-0.0789,1.5199
6415,18:15:10.282,1857,-0.0930,1.4965
6416,18:15:10.282,1844,-0.0994,1.4860
6417,18:15:10.283,1848,-0.0974,1.4892
6418,18:15:10.283,1891,-0.0764,1.5239
6419,18:15:10.284,1896,-0.0740,1.5279
6420,18:15:10.284,1893,-0.0755,1.5255
6421,18:15:10.285,1934,-0.0554,1.5585
6422,18:15:10.285,1935,-0.0549,1.5593
6423,18:15:10.286,1908,-0.0681,1.5376
6424,18:15:10.286,1899,-0.0725,1.5303
6425,18:15:10.287,1880,-0.0818,1.5150
6426,18:15:10.287,1868,-0.0877,1.5053
6427,18:15:10.288,1879,-0.0823,1.5142
6428,18:15:10.288,1876,-0.0838,1.5118
6429,18:15:10.289,1873,-0.0852,1.5094
6430,18:15:10.289,1881,-0.0813,1.5158
6431,18:15:10.290,1905,-0.0696,1.5352
6432,18:15:10.290,1891,-0.0764,1.5239
6433,18:15:10.291,1864,-0.0896,1.5021
6434,18:15:10.291,1885,-0.0794,1.5190
6435,18:15:10.292,1869,-0.0872,1.5062
6436,18:15:10.292,1847,-0.0979,1.4884
6437,18:15:10.293,1841,-0.1009,1.4836
6438,18:15:10.293,1869,-0.0872,1.5062
6439,18:15:10.294,1884,-0.0799,1.5182
6440,18:15:10.294,1859,-0.0921,1.4981
6441,18:15:10.295,1891,-0.0764,1.5239
6442,18:15:10.295,1903,-0.0706,1.5336
6443,18:15:10.296,1881,-0.0813,1.5158
6444,18:15:10.296,1871,-0.0862,1.5078
6445,18:15:10.297,1849,-0.0969,1.4900
6446,18:15:10.297,1835,-0.1038,1.4788
6447,18:15:10.298,1840,-0.1013,1.4828
6448,18:15:10.298,1843,-0.0999,1.4852
6449,18:15:10.299,1837,-0.1028,1.4804
6450,18:15:10.299,1840,-0.1013,1.4828
6451,18:15:10.300,1872,-0.0857,1.5086
6452,18:15:10.300,1874,-0.0847,1.5102
6453,18:15:10.301,1836,-0.1033,1.4796
6454,18:15:10.301,1856,-0.0935,1.4957
6455,18:15:10.302,1848,-0.0974,1.4892
6456,18:15:10.302,1824,-0.1092,1.4699
6457,18:15:10.303,1817,-0.1126,1.4642
6458,18:15:10.303,1841,-0.1009,1.4836
6459,18:15:10.304,1869,-0.0872,1.5062
6460,18:15:10.304,1847,-0.0979,1.4884
6461,18:15:10.305,1892,-0.0759,1.5247
6462,18:15:10.305,1908,-0.0681,1.5376
6463,18:15:10.306,1889,-0.0774,1.5223
6464,18:15:10.306,1880,-0.0818,1.5150
6465,18:15:10.307,1868,-0.0877,1.5053
6466,18:15:10.307,1853,-0.0950,1.4933
6467,18:15:10.308,1853,-0.0950,1.4933
6468,18:15:10.308,1862,-0.0906,1.5005
6469,18:15:10.309,1864,-0.0896,1.5021
6470,18:15:10.309,1865,-0.0891,1.5029
6471,18:15:10.310,1882,-0.0808,1.5166
6472,18:15:10.310,1905,-0.0696,1.5352
6473,18:15:10.311,1868,-0.0877,1.5053
6474,18:15:10.311,1879,-0.0823,1.5142
6475,18:15:10.312,1887,-0.0784,1.5207
6476,18:15:10.312,1862,-0.0906,1.5005
6477,18:15:10.313,1850,-0.0965,1.4908
6478,18:15:10.313,1863,-0.0901,1.5013
6479,18:15:10.314,1902,-0.0711,1.5327
6480,18:15:10.314,1876,-0.0838,1.5118
6481,18:15:10.315,1896,-0.0740,1.5279
6482,18:15:10.315,1925,-0.0598,1.5513
6483,18:15:10.316,1910,-0.0672,1.5392
6484,18:15:10.316,1897,-0.0735,1.5287
6485,18:15:10.317,1882,-0.0808,1.5166
6486,18:15:10.317,1861,-0.0911,1.4997
6487,18:15:10.318,1854,-0.0945,1.4941
6488,18:15:10.318,1864,-0.0896,1.5021
6489,18:15:10.319,1857,-0.0930,1.4965
6490,18:15:10.319,1855,-0.0940,1.4949
6491,18:15:10.320,1869,-0.0872,1.5062
6492,18:15:10.320,1901,-0.0716,1.5319
6493,18:15:10.321,1864,-0.0896,1.5021
6494,18:15:10.321,1865,-0.0891,1.5029
6495,18:15:10.322,1874,-0.0847,1.5102
6496,18:15:10.322,1852,-0.0955,1.4925
6497,18:15:10.323,1837,-0.1028,1.4804
6498,18:15:10.323,1842,-0.1004,1.4844
6499,18:15:10.324,1881,-0.0813,1.5158
6500,18:15:10.324,1865,-0.0891,1.5029
6501,18:15:10.325,1873,-0.0852,1.5094
6502,18:15:10.325,1899,-0.0725,1.5303
6503,18:15:10.326,1893,-0.0755,1.5255
6504,18:15:10.326,1876,-0.0838,1.5118
6505,18:15:10.327,1870,-0.0867,1.5070
6506,18:15:10.327,1851,-0.0960,1.4916
6507,18:15:10.328,1836,-0.1033,1.4796
6508,18:15:10.328,1848,-0.0974,1.4892
6509,18:15:10.329,1842,-0.1004,1.4844
6510,18:15:10.329,1841,-0.1009,1.4836
6511,18:15:10.330,1845,-0.0989,1.4868
6512,18:15:10.330,1884,-0.0799,1.5182
6513,18:15:10.331,1861,-0.0911,1.4997
6514,18:15:10.331,1848,-0.0974,1.4892
6515,18:15:10.332,1862,-0.0906,1.5005
6516,18:15:10.332,1851,-0.0960,1.4916
6517,18:15:10.333,1830,-0.1062,1.4747
6518,18:15:10.333,1821,-0.1106,1.4675
6519,18:15:10.334,1868,-0.0877,1.5053
6520,18:15:10.334,1867,-0.0882,1.5045
6521,18:15:10.335,1868,-0.0877,1.5053
6522,18:15:10.335,1896,-0.0740,1.5279
6523,18:15:10.336,1909,-0.0676,1.5384
6524,18:15:10.336,1893,-0.0755,1.5255
6525,18:15:10.337,1881,-0.0813,1.5158
6526,18:15:10.337,1864,-0.0896,1.5021
6527,18:15:10.338,1846,-0.0984,1.4876
6528,18:15:10.338,1852,-0.0955,1.4925
6529,18:15:10.339,1853,-0.0950,1.4933
6530,18:15:10.339,1849,-0.0969,1.4900
6531,18:15:10.340,1847,-0.0979,1.4884
6532,18:15:10.340,1884,-0.0799,1.5182
6533,18:15:10.341,1877,-0.0833,1.5126
6534,18:15:10.341,1857,-0.0930,1.4965
6535,18:15:10.342,1871,-0.0862,1.5078
6536,18:15:10.342,1862,-0.0906,1.5005
6537,18:15:10.343,1847,-0.0979,1.4884
6538,18:15:10.343,1830,-0.1062,1.4747
6539,18:15:10.344,1870,-0.0867,1.5070
6540,18:15:10.344,1875,-0.0842,1.5110
6541,18:15:10.345,1874,-0.0847,1.5102
6542,18:15:10.345,1895,-0.0745,1.5271
6543,18:15:10.346,1916,-0.0642,1.5440
6544,18:15:10.346,1902,-0.0711,1.5327
6545,18:15:10.347,1899,-0.0725,1.5303
6546,18:15:10.347,1885,-0.0794,1.5190
6547,18:15:10.348,1864,-0.0896,1.5021
6548,18:15:10.348,1862,-0.0906,1.5005
6549,18:15:10.349,1867,-0.0882,1.5045
6550,18:15:10.349,1869,-0.0872,1.5062
6551,18:15:10.350,1862,-0.0906,1.5005
6552,18:15:10.350,1890,-0.0769,1.5231
6553,18:15:10.351,1901,-0.0716,1.5319
6554,18:15:10.351,1873,-0.0852,1.5094
6555,18:15:10.352,1884,-0.0799,1.5182
6556,18:15:10.352,1887,-0.0784,1.5207
6557,18:15:10.353,1874,-0.0847,1.5102
6558,18:15:10.353,1845,-0.0989,1.4868
6559,18:15:10.354,1878,-0.0828,1.5134
6560,18:15:10.354,1894,-0.0750,1.5263
6561,18:15:10.355,1888,-0.0779,1.5215
6562,18:15:10.355,1900,-0.0720,1.5311
6563,18:15:10.356,1933,-0.0559,1.5577
6564,18:15:10.356,1926,-0.0593,1.5521
6565,18:15:10.357,1911,-0.0667,1.5400
6566,18:15:10.357,1900,-0.0720,1.5311
6567,18:15:10.358,1876,-0.0838,1.5118
6568,18:15:10.358,1871,-0.0862,1.5078
6569,18:15:10.359,1878,-0.0828,1.5134
6570,18:15:10.359,1877,-0.0833,1.5126
6571,18:15:10.360,1870,-0.0867,1.5070
6572,18:15:10.360,1888,-0.0779,1.5215
6573,18:15:10.361,1913,-0.0657,1.5416
6574,18:15:10.361,1883,-0.0803,1.5174
6575,18:15:10.362,1888,-0.0779,1.5215
6576,18:15:10.362,1895,-0.0745,1.5271
6577,18:15:10.363,1887,-0.0784,1.5207
6578,18:15:10.363,1859,-0.0921,1.4981
6579,18:15:10.364,1872,-0.0857,1.5086
6580,18:15:10.364,1897,-0.0735,1.5287
6581,18:15:10.365,1889,-0.0774,1.5223
6582,18:15:10.365,1891,-0.0764,1.5239
6583,18:15:10.366,1928,-0.0584,1.5537
6584,18:15:10.366,1927,-0.0589,1.5529
6585,18:15:10.367,1913,-0.0657,1.5416
6586,18:15:10.367,1905,-0.0696,1.5352
6587,18:15:10.368,1885,-0.0794,1.5190
6588,18:15:10.368,1878,-0.0828,1.5134
6589,18:15:10.369,1884,-0.0799,1.5182
6590,18:15:10.369,1879,-0.0823,1.5142
6591,18:15:10.370,1873,-0.0852,1.5094
6592,18:15:10.370,1887,-0.0784,1.5207
6593,18:15:10.371,1926,-0.0593,1.5521
6594,18:15:10.371,1897,-0.0735,1.5287
6595,18:15:10.372,1895,-0.0745,1.5271
6596,18:15:10.372,1905,-0.0696,1.5352
6597,18:15:10.373,1902,-0.0711,1.5327
6598,18:15:10.373,1871,-0.0862,1.5078
6599,18:15:10.374,1871,-0.0862,1.5078
6600,18:15:10.374,1903,-0.0706,1.5336
6601,18:15:10.375,1905,-0.0696,1.5352
6602,18:15:10.375,1904,-0.0701,1.5344
6603,18:15:10.376,1931,-0.0569,1.5561
6604,18:15:10.376,1942,-0.0515,1.5650
6605,18:15:10.377,1932,-0.0564,1.5569
6606,18:15:10.377,1924,-0.0603,1.5505
6607,18:15:10.378,1903,-0.0706,1.5336
6608,18:15:10.378,1885,-0.0794,1.5190
6609,18:15:10.379,1887,-0.0784,1.5207
6610,18:15:10.379,1888,-0.0779,1.5215
6611,18:15:10.380,1887,-0.0784,1.5207
6612,18:15:10.380,1884,-0.0799,1.5182
6613,18:15:10.381,1922,-0.0613,1.5489
6614,18:15:10.381,1911,-0.0667,1.5400
6615,18:15:10.382,1899,-0.0725,1.5303
6616,18:15:10.382,1911,-0.0667,1.5400
6617,18:15:10.383,1907,-0.0686,1.5368
6618,18:15:10.383,1888,-0.0779,1.5215
6619,18:15:10.384,1876,-0.0838,1.5118
6620,18:15:10.384,1907,-0.0686,1.5368
6621,18:15:10.385,1913,-0.0657,1.5416
6622,18:15:10.385,1909,-0.0676,1.5384
6623,18:15:10.386,1932,-0.0564,1.5569
6624,18:15:10.386,1949,-0.0481,1.5706
6625,18:15:10.387,1941,-0.0520,1.5642
6626,18:15:10.387,1934,-0.0554,1.5585
6627,18:15:10.388,1912,-0.0662,1.5408
6628,18:15:10.388,1895,-0.0745,1.5271
6629,18:15:10.389,1892,-0.0759,1.5247
6630,18:15:10.389,1895,-0.0745,1.5271
6631,18:15:10.390,1891,-0.0764,1.5239
6632,18:15:10.390,1885,-0.0794,1.5190
6633,18:15:10.391,1916,-0.0642,1.5440
6634,18:15:10.391,1924,-0.0603,1.5505
6635,18:15:10.392,1905,-0.0696,1.5352
6636,18:15:10.392,1910,-0.0672,1.5392
6637,18:15:10.393,1916,-0.0642,1.5440
6638,18:15:10.393,1905,-0.0696,1.5352
6639,18:15:10.394,1877,-0.0833,1.5126
6640,18:15:10.394,1905,-0.0696,1.5352
6641,18:15:10.395,1916,-0.0642,1.5440
6642,18:15:10.395,1911,-0.0667,1.5400
6643,18:15:10.396,1931,-0.0569,1.5561
6644,18:15:10.396,1952,-0.0466,1.5730
6645,18:15:10.397,1946,-0.0496,1.5682
6646,18:15:10.397,1941,-0.0520,1.5642
6647,18:15:10.398,1931,-0.0569,1.5561
6648,18:15:10.398,1903,-0.0706,1.5336
6649,18:15:10.399,1899,-0.0725,1.5303
6650,18:15:10.399,1895,-0.0745,1.5271
6651,18:15:10.400,1899,-0.0725,1.5303
6652,18:15:10.400,1883,-0.0803,1.5174
6653,18:15:10.401,1911,-0.0667,1.5400
6654,18:15:10.401,1927,-0.0589,1.5529
6655,18:15:10.402,1909,-0.0676,1.5384
6656,18:15:10.402,1911,-0.0667,1.5400
6657,18:15:10.403,1917,-0.0637,1.5448
6658,18:15:10.403,1915,-0.0647,1.5432
6659,18:15:10.404,1878,-0.0828,1.5134
6660,18:15:10.404,1904,-0.0701,1.5344
6661,18:15:10.405,1923,-0.0608,1.5497
6662,18:15:10.405,1912,-0.0662,1.5408
6663,18:15:10.406,1924,-0.0603,1.5505
6664,18:15:10.406,1944,-0.0505,1.5666
6665,18:15:10.407,1947,-0.0491,1.5690
6666,18:15:10.407,1942,-0.0515,1.5650
6667,18:15:10.408,1927,-0.0589,1.5529
6668,18:15:10.408,1903,-0.0706,1.5336
6669,18:15:10.409,1894,-0.0750,1.5263
6670,18:15:10.409,1893,-0.0755,1.5255
6671,18:15:10.410,1892,-0.0759,1.5247
6672,18:15:10.410,1880,-0.0818,1.5150
6673,18:15:10.411,1896,-0.0740,1.5279
6674,18:15:10.411,1923,-0.0608,1.5497
6675,18:15:10.412,1901,-0.0716,1.5319
6676,18:15:10.412,1901,-0.0716,1.5319
6677,18:15:10.413,1908,-0.0681,1.5376
6678,18:15:10.413,1911,-0.0667,1.5400
6679,18:15:10.414,1875,-0.0842,1.5110
6680,18:15:10.414,1889,-0.0774,1.5223
6681,18:15:10.415,1907,-0.0686,1.5368
6682,18:15:10.415,1903,-0.0706,1.5336
6683,18:15:10.416,1900,-0.0720,1.5311
6684,18:15:10.416,1923,-0.0608,1.5497
6685,18:15:10.417,1935,-0.0549,1.5593
6686,18:15:10.417,1930,-0.0574,1.5553
6687,18:15:10.418,1917,-0.0637,1.5448
6688,18:15:10.418,1898,-0.0730,1.5295
6689,18:15:10.419,1889,-0.0774,1.5223
6690,18:15:10.419,1883,-0.0803,1.5174
6691,18:15:10.420,1884,-0.0799,1.5182
6692,18:15:10.420,1870,-0.0867,1.5070
6693,18:15:10.421,1877,-0.0833,1.5126
6694,18:15:10.421,1901,-0.0716,1.5319
6695,18:15:10.422,1894,-0.0750,1.5263
6696,18:15:10.422,1896,-0.0740,1.5279
6697,18:15:10.423,1899,-0.0725,1.5303
6698,18:15:10.423,1910,-0.0672,1.5392
6699,18:15:10.424,1875,-0.0842,1.5110
6700,18:15:10.424,1872,-0.0857,1.5086
6701,18:15:10.425,1896,-0.0740,1.5279
6702,18:15:10.425,1898,-0.0730,1.5295
6703,18:15:10.426,1897,-0.0735,1.5287
6704,18:15:10.426,1914,-0.0652,1.5424
6705,18:15:10.427,1936,-0.0545,1.5601
6706,18:15:10.427,1928,-0.0584,1.5537
6707,18:15:10.428,1923,-0.0608,1.5497
6708,18:15:10.428,1910,-0.0672,1.5392
6709,18:15:10.429,1895,-0.0745,1.5271
6710,18:15:10.429,1887,-0.0784,1.5207
6711,18:15:10.430,1892,-0.0759,1.5247
6712,18:15:10.430,1881,-0.0813,1.5158
6713,18:15:10.431,1878,-0.0828,1.5134
6714,18:15:10.431,1907,-0.0686,1.5368
6715,18:15:10.432,1908,-0.0681,1.5376
6716,18:15:10.432,1907,-0.0686,1.5368
6717,18:15:10.433,1905,-0.0696,1.5352
6718,18:15:10.433,1925,-0.0598,1.5513
6719,18:15:10.434,1900,-0.0720,1.5311
6720,18:15:10.434,1886,-0.0789,1.5199
6721,18:15:10.435,1906,-0.0691,1.5360
6722,18:15:10.435,1916,-0.0642,1.5440
6723,18:15:10.436,1908,-0.0681,1.5376
6724,18:15:10.436,1926,-0.0593,1.5521
6725,18:15:10.437,1944,-0.0505,1.5666
6726,18:15:10.437,1940,-0.0525,1.5634
6727,18:15:10.438,1937,-0.0540,1.5610
6728,18:15:10.438,1927,-0.0589,1.5529
6729,18:15:10.439,1911,-0.0667,1.5400
6730,18:15:10.439,1901,-0.0716,1.5319
6731,18:15:10.440,1904,-0.0701,1.5344
6732,18:15:10.440,1898,-0.0730,1.5295
6733,18:15:10.441,1888,-0.0779,1.5215
6734,18:15:10.441,1913,-0.0657,1.5416
6735,18:15:10.442,1917,-0.0637,1.5448
6736,18:15:10.442,1916,-0.0642,1.5440
6737,18:15:10.443,1914,-0.0652,1.5424
6738,18:15:10.443,1934,-0.0554,1.5585
6739,18:15:10.444,1917,-0.0637,1.5448
6740,18:15:10.444,1895,-0.0745,1.5271
6741,18:15:10.445,1912,-0.0662,1.5408
6742,18:15:10.445,1927,-0.0589,1.5529
6743,18:15:10.446,1923,-0.0608,1.5497
6744,18:15:10.446,1929,-0.0579,1.5545
6745,18:15:10.447,1948,-0.0486,1.5698
6746,18:15:10.447,1950,-0.0476,1.5714
6747,18:15:10.448,1948,-0.0486,1.5698
6748,18:15:10.448,1942,-0.0515,1.5650
6749,18:15:10.449,1928,-0.0584,1.5537
6750,18:15:10.449,1909,-0.0676,1.5384
6751,18:15:10.450,1910,-0.0672,1.5392
6752,18:15:10.450,1905,-0.0696,1.5352
6753,18:15:10.451,1891,-0.0764,1.5239
6754,18:15:10.451,1908,-0.0681,1.5376
6755,18:15:10.452,1926,-0.0593,1.5521
6756,18:15:10.452,1929,-0.0579,1.5545
6757,18:15:10.453,1922,-0.0613,1.5489
6758,18:15:10.453,1933,-0.0559,1.5577
6759,18:15:10.454,1937,-0.0540,1.5610
6760,18:15:10.454,1905,-0.0696,1.5352
6761,18:15:10.455,1910,-0.0672,1.5392
6762,18:15:10.455,1931,-0.0569,1.5561
6763,18:15:10.456,1931,-0.0569,1.5561
6764,18:15:10.456,1928,-0.0584,1.5537
6765,18:15:10.457,1947,-0.0491,1.5690
6766,18:15:10.457,1954,-0.0457,1.5747
6767,18:15:10.458,1950,-0.0476,1.5714
6768,18:15:10.458,1944,-0.0505,1.5666
6769,18:15:10.459,1932,-0.0564,1.5569
6770,18:15:10.459,1912,-0.0662,1.5408
6771,18:15:10.460,1908,-0.0681,1.5376
6772,18:15:10.460,1915,-0.0647,1.5432
6773,18:15:10.461,1896,-0.0740,1.5279
6774,18:15:10.461,1908,-0.0681,1.5376
6775,18:15:10.462,1932,-0.0564,1.5569
6776,18:15:10.462,1931,-0.0569,1.5561
6777,18:15:10.463,1926,-0.0593,1.5521
6778,18:15:10.463,1933,-0.0559,1.5577
6779,18:15:10.464,1946,-0.0496,1.5682
6780,18:15:10.464,1911,-0.0667,1.5400
6781,18:15:10.465,1909,-0.0676,1.5384
6782,18:15:10.465,1930,-0.0574,1.5553
6783,18:15:10.466,1934,-0.0554,1.5585
6784,18:15:10.466,1926,-0.0593,1.5521
6785,18:15:10.467,1938,-0.0535,1.5618
6786,18:15:10.467,1955,-0.0452,1.5755
6787,18:15:10.468,1950,-0.0476,1.5714
6788,18:15:10.468,1948,-0.0486,1.5698
6789,18:15:10.469,1935,-0.0549,1.5593
6790,18:15:10.469,1923,-0.0608,1.5497
6791,18:15:10.470,1908,-0.0681,1.5376
6792,18:15:10.470,1914,-0.0652,1.5424
6793,18:15:10.471,1896,-0.0740,1.5279
6794,18:15:10.471,1904,-0.0701,1.5344
6795,18:15:10.472,1924,-0.0603,1.5505
6796,18:15:10.472,1927,-0.0589,1.5529
6797,18:15:10.473,1925,-0.0598,1.5513
6798,18:15:10.473,1930,-0.0574,1.5553
6799,18:15:10.474,1946,-0.0496,1.5682
6800,18:15:10.474,1923,-0.0608,1.5497
6801,18:15:10.475,1911,-0.0667,1.5400
6802,18:15:10.475,1931,-0.0569,1.5561
6803,18:15:10.476,1932,-0.0564,1.5569
6804,18:15:10.476,1926,-0.0593,1.5521
6805,18:15:10.477,1933,-0.0559,1.5577
6806,18:15:10.477,1953,-0.0462,1.5738
6807,18:15:10.478,1951,-0.0471,1.5722
6808,18:15:10.478,1949,-0.0481,1.5706
6809,18:15:10.479,1939,-0.0530,1.5626
6810,18:15:10.479,1932,-0.0564,1.5569
6811,18:15:10.480,1910,-0.0672,1.5392
6812,18:15:10.480,1915,-0.0647,1.5432
6813,18:15:10.481,1901,-0.0716,1.5319
6814,18:15:10.481,1897,-0.0735,1.5287
6815,18:15:10.482,1923,-0.0608,1.5497
6816,18:15:10.482,1927,-0.0589,1.5529
6817,18:15:10.483,1925,-0.0598,1.5513
6818,18:15:10.483,1923,-0.0608,1.5497
6819,18:15:10.484,1949,-0.0481,1.5706
6820,18:15:10.484,1930,-0.0574,1.5553
6821,18:15:10.485,1910,-0.0672,1.5392
6822,18:15:10.485,1926,-0.0593,1.5521
6823,18:15:10.486,1936,-0.0545,1.5601
6824,18:15:10.486,1929,-0.0579,1.5545
6825,18:15:10.487,1928,-0.0584,1.5537
6826,18:15:10.487,1948,-0.0486,1.5698
6827,18:15:10.488,1953,-0.0462,1.5738
6828,18:15:10.488,1952,-0.0466,1.5730
6829,18:15:10.489,1942,-0.0515,1.5650
6830,18:15:10.489,1935,-0.0549,1.5593
6831,18:15:10.490,1916,-0.0642,1.5440
6832,18:15:10.490,1924,-0.0603,1.5505
6833,18:15:10.491,1912,-0.0662,1.5408
6834,18:15:10.491,1897,-0.0735,1.5287
6835,18:15:10.492,1915,-0.0647,1.5432
6836,18:15:10.492,1926,-0.0593,1.5521
6837,18:15:10.493,1931,-0.0569,1.5561
6838,18:15:10.493,1924,-0.0603,1.5505
6839,18:15:10.494,1947,-0.0491,1.5690
6840,18:15:10.494,1936,-0.0545,1.5601
6841,18:15:10.495,1915,-0.0647,1.5432
6842,18:15:10.495,1927,-0.0589,1.5529
6843,18:15:10.496,1932,-0.0564,1.5569
6844,18:15:10.496,1932,-0.0564,1.5569
6845,18:15:10.497,1929,-0.0579,1.5545
6846,18:15:10.497,1944,-0.0505,1.5666
6847,18:15:10.498,1954,-0.0457,1.5747
6848,18:15:10.498,1950,-0.0476,1.5714
6849,18:15:10.499,1943,-0.0510,1.5658
6850,18:15:10.499,1940,-0.0525,1.5634
6851,18:15:10.500,1924,-0.0603,1.5505
6852,18:15:10.500,1916,-0.0642,1.5440
6853,18:15:10.501,1914,-0.0652,1.5424
6854,18:15:10.501,1900,-0.0720,1.5311
6855,18:15:10.502,1915,-0.0647,1.5432
6856,18:15:10.502,1925,-0.0598,1.5513
6857,18:15:10.503,1934,-0.0554,1.5585
6858,18:15:10.503,1917,-0.0637,1.5448
6859,18:15:10.504,1944,-0.0505,1.5666
6860,18:15:10.504,1951,-0.0471,1.5722
6861,18:15:10.505,1924,-0.0603,1.5505
6862,18:15:10.505,1926,-0.0593,1.5521
6863,18:15:10.506,1935,-0.0549,1.5593
6864,18:15:10.506,1937,-0.0540,1.5610
6865,18:15:10.507,1930,-0.0574,1.5553
6866,18:15:10.507,1940,-0.0525,1.5634
6867,18:15:10.508,1949,-0.0481,1.5706
6868,18:15:10.508,1954,-0.0457,1.5747
6869,18:15:10.509,1950,-0.0476,1.5714
6870,18:15:10.509,1943,-0.0510,1.5658
6871,18:15:10.510,1932,-0.0564,1.5569
6872,18:15:10.510,1924,-0.0603,1.5505
6873,18:15:10.511,1927,-0.0589,1.5529
6874,18:15:10.511,1903,-0.0706,1.5336
6875,18:15:10.512,1914,-0.0652,1.5424
6876,18:15:10.512,1917,-0.0637,1.5448
6877,18:15:10.513,1934,-0.0554,1.5585
6878,18:15:10.513,1928,-0.0584,1.5537
6879,18:15:10.514,1941,-0.0520,1.5642
6880,18:15:10.514,1956,-0.0447,1.5763
6881,18:15:10.515,1938,-0.0535,1.5618
6882,18:15:10.515,1928,-0.0584,1.5537
6883,18:15:10.516,1939,-0.0530,1.5626
6884,18:15:10.516,1943,-0.0510,1.5658
6885,18:15:10.517,1931,-0.0569,1.5561
6886,18:15:10.517,1937,-0.0540,1.5610
6887,18:15:10.518,1954,-0.0457,1.5747
6888,18:15:10.518,1956,-0.0447,1.5763
6889,18:15:10.519,1953,-0.0462,1.5738
6890,18:15:10.519,1949,-0.0481,1.5706
6891,18:15:10.520,1939,-0.0530,1.5626
6892,18:15:10.520,1927,-0.0589,1.5529
6893,18:15:10.521,1931,-0.0569,1.5561
6894,18:15:10.521,1907,-0.0686,1.5368
6895,18:15:10.522,1912,-0.0662,1.5408
6896,18:15:10.522,1925,-0.0598,1.5513
6897,18:15:10.523,1936,-0.0545,1.5601
6898,18:15:10.523,1929,-0.0579,1.5545
6899,18:15:10.524,1932,-0.0564,1.5569
6900,18:15:10.524,1957,-0.0442,1.5771
6901,18:15:10.525,1946,-0.0496,1.5682
6902,18:15:10.525,1932,-0.0564,1.5569
6903,18:15:10.526,1938,-0.0535,1.5618
6904,18:15:10.526,1944,-0.0505,1.5666
6905,18:15:10.527,1938,-0.0535,1.5618
6906,18:15:10.527,1939,-0.0530,1.5626
6907,18:15:10.528,1951,-0.0471,1.5722
6908,18:15:10.528,1957,-0.0442,1.5771
6909,18:15:10.529,1951,-0.0471,1.5722
6910,18:15:10.529,1948,-0.0486,1.5698
6911,18:15:10.530,1942,-0.0515,1.5650
6912,18:15:10.530,1927,-0.0589,1.5529
6913,18:15:10.531,1936,-0.0545,1.5601
6914,18:15:10.531,1917,-0.0637,1.5448
6915,18:15:10.532,1912,-0.0662,1.5408
6916,18:15:10.532,1923,-0.0608,1.5497
6917,18:15:10.533,1932,-0.0564,1.5569
6918,18:15:10.533,1934,-0.0554,1.5585
6919,18:15:10.534,1930,-0.0574,1.5553
6920,18:15:10.534,1957,-0.0442,1.5771
6921,18:15:10.535,1953,-0.0462,1.5738
6922,18:15:10.535,1931,-0.0569,1.5561
6923,18:15:10.536,1941,-0.0520,1.5642
6924,18:15:10.536,1944,-0.0505,1.5666
6925,18:15:10.537,1942,-0.0515,1.5650
6926,18:15:10.537,1936,-0.0545,1.5601
6927,18:15:10.538,1947,-0.0491,1.5690
6928,18:15:10.538,1953,-0.0462,1.5738
6929,18:15:10.539,1951,-0.0471,1.5722
6930,18:15:10.539,1946,-0.0496,1.5682
6931,18:15:10.540,1947,-0.0491,1.5690
6932,18:15:10.540,1932,-0.0564,1.5569
6933,18:15:10.541,1935,-0.0549,1.5593
6934,18:15:10.541,1924,-0.0603,1.5505
6935,18:15:10.542,1908,-0.0681,1.5376
6936,18:15:10.542,1914,-0.0652,1.5424
6937,18:15:10.543,1931,-0.0569,1.5561
6938,18:15:10.543,1935,-0.0549,1.5593
6939,18:15:10.544,1925,-0.0598,1.5513
6940,18:15:10.544,1948,-0.0486,1.5698
6941,18:15:10.545,1956,-0.0447,1.5763
6942,18:15:10.545,1937,-0.0540,1.5610
6943,18:15:10.546,1934,-0.0554,1.5585
6944,18:15:10.546,1943,-0.0510,1.5658
6945,18:15:10.547,1941,-0.0520,1.5642
6946,18:15:10.547,1937,-0.0540,1.5610
6947,18:15:10.548,1939,-0.0530,1.5626
6948,18:15:10.548,1950,-0.0476,1.5714
6949,18:15:10.549,1951,-0.0471,1.5722
6950,18:15:10.549,1949,-0.0481,1.5706
6951,18:15:10.550,1951,-0.0471,1.5722
6952,18:15:10.550,1936,-0.0545,1.5601
6953,18:15:10.551,1936,-0.0545,1.5601
6954,18:15:10.551,1933,-0.0559,1.5577
6955,18:15:10.552,1908,-0.0681,1.5376
6956,18:15:10.552,1913,-0.0657,1.5416
6957,18:15:10.553,1924,-0.0603,1.5505
6958,18:15:10.553,1931,-0.0569,1.5561
6959,18:15:10.554,1924,-0.0603,1.5505
6960,18:15:10.554,1941,-0.0520,1.5642
6961,18:15:10.555,1959,-0.0432,1.5787
6962,18:15:10.555,1939,-0.0530,1.5626
6963,18:15:10.556,1934,-0.0554,1.5585
6964,18:15:10.556,1945,-0.0501,1.5674
6965,18:15:10.557,1943,-0.0510,1.5658
6966,18:15:10.557,1937,-0.0540,1.5610
6967,18:15:10.558,1936,-0.0545,1.5601
6968,18:15:10.558,1946,-0.0496,1.5682
6969,18:15:10.559,1952,-0.0466,1.5730
6970,18:15:10.559,1948,-0.0486,1.5698
6971,18:15:10.560,1950,-0.0476,1.5714
6972,18:15:10.560,1936,-0.0545,1.5601
6973,18:15:10.561,1933,-0.0559,1.5577
6974,18:15:10.561,1933,-0.0559,1.5577
6975,18:15:10.562,1911,-0.0667,1.5400
6976,18:15:10.562,1914,-0.0652,1.5424
6977,18:15:10.563,1913,-0.0657,1.5416
6978,18:15:10.563,1933,-0.0559,1.5577
6979,18:15:10.564,1924,-0.0603,1.5505
6980,18:15:10.564,1935,-0.0549,1.5593
6981,18:15:10.565,1957,-0.0442,1.5771
6982,18:15:10.565,1944,-0.0505,1.5666
6983,18:15:10.566,1934,-0.0554,1.5585
6984,18:15:10.566,1938,-0.0535,1.5618
6985,18:15:10.567,1945,-0.0501,1.5674
6986,18:15:10.567,1936,-0.0545,1.5601
6987,18:15:10.568,1935,-0.0549,1.5593
6988,18:15:10.568,1941,-0.0520,1.5642
6989,18:15:10.569,1947,-0.0491,1.5690
6990,18:15:10.569,1945,-0.0501,1.5674
6991,18:15:10.570,1945,-0.0501,1.5674
6992,18:15:10.570,1941,-0.0520,1.5642
6993,18:15:10.571,1930,-0.0574,1.5553
6994,18:15:10.571,1935,-0.0549,1.5593
6995,18:15:10.572,1911,-0.0667,1.5400
6996,18:15:10.572,1910,-0.0672,1.5392
6997,18:15:10.573,1909,-0.0676,1.5384
6998,18:15:10.573,1931,-0.0569,1.5561
6999,18:15:10.574,1925,-0.0598,1.5513
7000,18:15:10.574,1928,-0.0584,1.5537
7001,18:15:10.575,1949,-0.0481,1.5706
7002,18:15:10.575,1948,-0.0486,1.5698
7003,18:15:10.576,1937,-0.0540,1.5610
7004,18:15:10.576,1937,-0.0540,1.5610
7005,18:15:10.577,1942,-0.0515,1.5650
7006,18:15:10.577,1935,-0.0549,1.5593
7007,18:15:10.578,1929,-0.0579,1.5545
7008,18:15:10.578,1937,-0.0540,1.5610
7009,18:15:10.579,1945,-0.0501,1.5674
7010,18:15:10.579,1939,-0.0530,1.5626
7011,18:15:10.580,1948,-0.0486,1.5698
7012,18:15:10.580,1947,-0.0491,1.5690
7013,18:15:10.581,1925,-0.0598,1.5513
7014,18:15:10.581,1931,-0.0569,1.5561
7015,18:15:10.582,1911,-0.0667,1.5400
7016,18:15:10.582,1923,-0.0608,1.5497
7017,18:15:10.583,1905,-0.0696,1.5352
7018,18:15:10.583,1926,-0.0593,1.5521
7019,18:15:10.584,1926,-0.0593,1.5521
7020,18:15:10.584,1923,-0.0608,1.5497
7021,18:15:10.585,1955,-0.0452,1.5755
7022,18:15:10.585,1951,-0.0471,1.5722
7023,18:15:10.586,1936,-0.0545,1.5601
7024,18:15:10.586,1934,-0.0554,1.5585
7025,18:15:10.587,1953,-0.0462,1.5738
7026,18:15:10.587,1929,-0.0579,1.5545
7027,18:15:10.588,1925,-0.0598,1.5513
7028,18:15:10.588,1935,-0.0549,1.5593
7029,18:15:10.589,1949,-0.0481,1.5706
7030,18:15:10.589,1932,-0.0564,1.5569
7031,18:15:10.590,1947,-0.0491,1.5690
7032,18:15:10.590,1936,-0.0545,1.5601
7033,18:15:10.591,1923,-0.0608,1.5497
7034,18:15:10.591,1914,-0.0652,1.5424
7035,18:15:10.592,1932,-0.0564,1.5569
7036,18:15:10.592,1906,-0.0691,1.5360
7037,18:15:10.593,1903,-0.0706,1.5336
7038,18:15:10.593,1910,-0.0672,1.5392
7039,18:15:10.594,1938,-0.0535,1.5618
7040,18:15:10.594,1908,-0.0681,1.5376
7041,18:15:10.595,1939,-0.0530,1.5626
7042,18:15:10.595,1954,-0.0457,1.5747
7043,18:15:10.596,1935,-0.0549,1.5593
7044,18:15:10.596,1916,-0.0642,1.5440
7045,18:15:10.597,1949,-0.0481,1.5706
7046,18:15:10.597,1933,-0.0559,1.5577
7047,18:15:10.598,1926,-0.0593,1.5521
7048,18:15:10.598,1936,-0.0545,1.5601
7049,18:15:10.599,1949,-0.0481,1.5706
7050,18:15:10.599,1936,-0.0545,1.5601
7051,18:15:10.600,1930,-0.0574,1.5553
7052,18:15:10.600,1952,-0.0466,1.5730
7053,18:15:10.601,1911,-0.0667,1.5400
7054,18:15:10.601,1912,-0.0662,1.5408
7055,18:15:10.602,1917,-0.0637,1.5448
7056,18:15:10.602,1907,-0.0686,1.5368
7057,18:15:10.603,1896,-0.0740,1.5279
7058,18:15:10.603,1912,-0.0662,1.5408
7059,18:15:10.604,1932,-0.0564,1.5569
7060,18:15:10.604,1927,-0.0589,1.5529
7061,18:15:10.605,1917,-0.0637,1.5448
7062,18:15:10.605,1952,-0.0466,1.5730
7063,18:15:10.606,1924,-0.0603,1.5505
7064,18:15:10.606,1928,-0.0584,1.5537
7065,18:15:10.607,1938,-0.0535,1.5618
7066,18:15:10.607,1932,-0.0564,1.5569
7067,18:15:10.608,1926,-0.0593,1.5521
7068,18:15:10.608,1931,-0.0569,1.5561
7069,18:15:10.609,1944,-0.0505,1.5666
7070,18:15:10.609,1942,-0.0515,1.5650
7071,18:15:10.610,1923,-0.0608,1.5497
7072,18:15:10.610,1940,-0.0525,1.5634
7073,18:15:10.611,1915,-0.0647,1.5432
7074,18:15:10.611,1909,-0.0676,1.5384
7075,18:15:10.612,1913,-0.0657,1.5416
7076,18:15:10.612,1909,-0.0676,1.5384
7077,18:15:10.613,1910,-0.0672,1.5392
7078,18:15:10.613,1914,-0.0652,1.5424
7079,18:15:10.614,1933,-0.0559,1.5577
7080,18:15:10.614,1927,-0.0589,1.5529
7081,18:15:10.615,1916,-0.0642,1.5440
7082,18:15:10.615,1952,-0.0466,1.5730
7083,18:15:10.616,1934,-0.0554,1.5585
7084,18:15:10.616,1927,-0.0589,1.5529
7085,18:15:10.617,1930,-0.0574,1.5553
7086,18:15:10.617,1939,-0.0530,1.5626
7087,18:15:10.618,1933,-0.0559,1.5577
7088,18:15:10.618,1928,-0.0584,1.5537
7089,18:15:10.619,1953,-0.0462,1.5738
7090,18:15:10.619,1944,-0.0505,1.5666
7091,18:15:10.620,1914,-0.0652,1.5424
7092,18:15:10.620,1936,-0.0545,1.5601
7093,18:15:10.621,1934,-0.0554,1.5585
7094,18:15:10.621,1906,-0.0691,1.5360
7095,18:15:10.622,1904,-0.0701,1.5344
7096,18:15:10.622,1916,-0.0642,1.5440
7097,18:15:10.623,1917,-0.0637,1.5448
7098,18:15:10.623,1916,-0.0642,1.5440
7099,18:15:10.624,1942,-0.0515,1.5650
7100,18:15:10.624,1932,-0.0564,1.5569
7101,18:15:10.625,1922,-0.0613,1.5489
7102,18:15:10.625,1947,-0.0491,1.5690
7103,18:15:10.626,1937,-0.0540,1.5610
7104,18:15:10.626,1923,-0.0608,1.5497
7105,18:15:10.627,1925,-0.0598,1.5513
7106,18:15:10.627,1941,-0.0520,1.5642
7107,18:15:10.628,1936,-0.0545,1.5601
7108,18:15:10.628,1930,-0.0574,1.5553
7109,18:15:10.629,1948,-0.0486,1.5698
7110,18:15:10.629,1947,-0.0491,1.5690
7111,18:15:10.630,1917,-0.0637,1.5448
7112,18:15:10.630,1917,-0.0637,1.5448
7113,18:15:10.631,1925,-0.0598,1.5513
7114,18:15:10.631,1906,-0.0691,1.5360
7115,18:15:10.632,1909,-0.0676,1.5384
7116,18:15:10.632,1927,-0.0589,1.5529
7117,18:15:10.633,1915,-0.0647,1.5432
7118,18:15:10.633,1924,-0.0603,1.5505
7119,18:15:10.634,1942,-0.0515,1.5650
7120,18:15:10.634,1941,-0.0520,1.5642
7121,18:15:10.635,1922,-0.0613,1.5489
7122,18:15:10.635,1935,-0.0549,1.5593
7123,18:15:10.636,1945,-0.0501,1.5674
7124,18:15:10.636,1917,-0.0637,1.5448
7125,18:15:10.637,1928,-0.0584,1.5537
7126,18:15:10.637,1946,-0.0496,1.5682
7127,18:15:10.638,1939,-0.0530,1.5626
7128,18:15:10.638,1926,-0.0593,1.5521
7129,18:15:10.639,1947,-0.0491,1.5690
7130,18:15:10.639,1944,-0.0505,1.5666
7131,18:15:10.640,1912,-0.0662,1.5408
7132,18:15:10.640,1914,-0.0652,1.5424
7133,18:15:10.641,1930,-0.0574,1.5553
7134,18:15:10.641,1906,-0.0691,1.5360
7135,18:15:10.642,1899,-0.0725,1.5303
7136,18:15:10.642,1931,-0.0569,1.5561
7137,18:15:10.643,1926,-0.0593,1.5521
7138,18:15:10.643,1924,-0.0603,1.5505
7139,18:15:10.644,1934,-0.0554,1.5585
7140,18:15:10.644,1934,-0.0554,1.5585
7141,18:15:10.645,1929,-0.0579,1.5545
7142,18:15:10.645,1929,-0.0579,1.5545
7143,18:15:10.646,1946,-0.0496,1.5682
7144,18:15:10.646,1926,-0.0593,1.5521
7145,18:15:10.647,1927,-0.0589,1.5529
7146,18:15:10.647,1941,-0.0520,1.5642
7147,18:15:10.648,1944,-0.0505,1.5666
7148,18:15:10.648,1928,-0.0584,1.5537
7149,18:15:10.649,1941,-0.0520,1.5642
7150,18:15:10.649,1940,-0.0525,1.5634
7151,18:15:10.650,1915,-0.0647,1.5432
7152,18:15:10.650,1905,-0.0696,1.5352
7153,18:15:10.651,1934,-0.0554,1.5585
7154,18:15:10.651,1909,-0.0676,1.5384
7155,18:15:10.652,1909,-0.0676,1.5384
7156,18:15:10.652,1933,-0.0559,1.5577
7157,18:15:10.653,1930,-0.0574,1.5553
7158,18:15:10.653,1926,-0.0593,1.5521
7159,18:15:10.654,1936,-0.0545,1.5601
7160,18:15:10.654,1936,-0.0545,1.5601
7161,18:15:10.655,1924,-0.0603,1.5505
7162,18:15:10.655,1924,-0.0603,1.5505
7163,18:15:10.656,1950,-0.0476,1.5714
7164,18:15:10.656,1939,-0.0530,1.5626
7165,18:15:10.657,1924,-0.0603,1.5505
7166,18:15:10.657,1942,-0.0515,1.5650
7167,18:15:10.658,1942,-0.0515,1.5650
7168,18:15:10.658,1925,-0.0598,1.5513
7169,18:15:10.659,1926,-0.0593,1.5521
7170,18:15:10.659,1931,-0.0569,1.5561
7171,18:15:10.660,1914,-0.0652,1.5424
7172,18:15:10.660,1900,-0.0720,1.5311
7173,18:15:10.661,1934,-0.0554,1.5585
7174,18:15:10.661,1927,-0.0589,1.5529
7175,18:15:10.662,1914,-0.0652,1.5424
7176,18:15:10.662,1939,-0.0530,1.5626
7177,18:15:10.663,1935,-0.0549,1.5593
7178,18:15:10.663,1931,-0.0569,1.5561
7179,18:15:10.664,1933,-0.0559,1.5577
7180,18:15:10.664,1936,-0.0545,1.5601
7181,18:15:10.665,1926,-0.0593,1.5521
7182,18:15:10.665,1924,-0.0603,1.5505
7183,18:15:10.666,1950,-0.0476,1.5714
7184,18:15:10.666,1939,-0.0530,1.5626
7185,18:15:10.667,1930,-0.0574,1.5553
7186,18:15:10.667,1934,-0.0554,1.5585
7187,18:15:10.668,1940,-0.0525,1.5634
7188,18:15:10.668,1925,-0.0598,1.5513
7189,18:15:10.669,1914,-0.0652,1.5424
7190,18:15:10.669,1928,-0.0584,1.5537
7191,18:15:10.670,1923,-0.0608,1.5497
7192,18:15:10.670,1907,-0.0686,1.5368
7193,18:15:10.671,1934,-0.0554,1.5585
7194,18:15:10.671,1934,-0.0554,1.5585
7195,18:15:10.672,1916,-0.0642,1.5440
7196,18:15:10.672,1936,-0.0545,1.5601
7197,18:15:10.673,1935,-0.0549,1.5593
7198,18:15:10.673,1931,-0.0569,1.5561
7199,18:15:10.674,1934,-0.0554,1.5585
7200,18:15:10.674,1942,-0.0515,1.5650
7201,18:15:10.675,1933,-0.0559,1.5577
7202,18:15:10.675,1925,-0.0598,1.5513
7203,18:15:10.676,1948,-0.0486,1.5698
7204,18:15:10.676,1943,-0.0510,1.5658
7205,18:15:10.677,1926,-0.0593,1.5521
7206,18:15:10.677,1926,-0.0593,1.5521
7207,18:15:10.678,1934,-0.0554,1.5585
7208,18:15:10.678,1917,-0.0637,1.5448
7209,18:15:10.679,1915,-0.0647,1.5432
7210,18:15:10.679,1928,-0.0584,1.5537
7211,18:15:10.680,1927,-0.0589,1.5529
7212,18:15:10.680,1915,-0.0647,1.5432
7213,18:15:10.681,1936,-0.0545,1.5601
7214,18:15:10.681,1942,-0.0515,1.5650
7215,18:15:10.682,1930,-0.0574,1.5553
7216,18:15:10.682,1930,-0.0574,1.5553
7217,18:15:10.683,1935,-0.0549,1.5593
7218,18:15:10.683,1929,-0.0579,1.5545
7219,18:15:10.684,1931,-0.0569,1.5561
7220,18:15:10.684,1938,-0.0535,1.5618
7221,18:15:10.685,1934,-0.0554,1.5585
7222,18:15:10.685,1926,-0.0593,1.5521
7223,18:15:10.686,1943,-0.0510,1.5658
7224,18:15:10.686,1944,-0.0505,1.5666
7225,18:15:10.687,1922,-0.0613,1.5489
7226,18:15:10.687,1916,-0.0642,1.5440
7227,18:15:10.688,1929,-0.0579,1.5545
7228,18:15:10.688,1915,-0.0647,1.5432
7229,18:15:10.689,1913,-0.0657,1.5416
7230,18:15:10.689,1934,-0.0554,1.5585
7231,18:15:10.690,1933,-0.0559,1.5577
7232,18:15:10.690,1936,-0.0545,1.5601
7233,18:15:10.691,1938,-0.0535,1.5618
7234,18:15:10.691,1944,-0.0505,1.5666
7235,18:15:10.692,1938,-0.0535,1.5618
7236,18:15:10.692,1924,-0.0603,1.5505
7237,18:15:10.693,1927,-0.0589,1.5529
7238,18:15:10.693,1928,-0.0584,1.5537
7239,18:15:10.694,1936,-0.0545,1.5601
7240,18:15:10.694,1935,-0.0549,1.5593
7241,18:15:10.695,1934,-0.0554,1.5585
7242,18:15:10.695,1934,-0.0554,1.5585
7243,18:15:10.696,1935,-0.0549,1.5593
7244,18:15:10.696,1942,-0.0515,1.5650
7245,18:15:10.697,1923,-0.0608,1.5497
7246,18:15:10.697,1916,-0.0642,1.5440
7247,18:15:10.698,1926,-0.0593,1.5521
7248,18:15:10.698,1915,-0.0647,1.5432
7249,18:15:10.699,1924,-0.0603,1.5505
7250,18:15:10.699,1933,-0.0559,1.5577
7251,18:15:10.700,1941,-0.0520,1.5642
7252,18:15:10.700,1936,-0.0545,1.5601
7253,18:15:10.701,1934,-0.0554,1.5585
7254,18:15:10.701,1940,-0.0525,1.5634
7255,18:15:10.702,1933,-0.0559,1.5577
7256,18:15:10.702,1917,-0.0637,1.5448
7257,18:15:10.703,1932,-0.0564,1.5569
7258,18:15:10.703,1925,-0.0598,1.5513
7259,18:15:10.704,1935,-0.0549,1.5593
7260,18:15:10.704,1936,-0.0545,1.5601
7261,18:15:10.705,1937,-0.0540,1.5610
7262,18:15:10.705,1933,-0.0559,1.5577
7263,18:15:10.706,1930,-0.0574,1.5553
7264,18:15:10.706,1939,-0.0530,1.5626
7265,18:15:10.707,1924,-0.0603,1.5505
7266,18:15:10.707,1924,-0.0603,1.5505
7267,18:15:10.708,1928,-0.0584,1.5537
7268,18:15:10.708,1926,-0.0593,1.5521
7269,18:15:10.709,1929,-0.0579,1.5545
7270,18:15:10.709,1937,-0.0540,1.5610
7271,18:15:10.710,1943,-0.0510,1.5658
7272,18:15:10.710,1934,-0.0554,1.5585
7273,18:15:10.711,1932,-0.0564,1.5569
7274,18:15:10.711,1939,-0.0530,1.5626
7275,18:15:10.712,1934,-0.0554,1.5585
7276,18:15:10.712,1924,-0.0603,1.5505
7277,18:15:10.713,1933,-0.0559,1.5577
7278,18:15:10.713,1932,-0.0564,1.5569
7279,18:15:10.714,1930,-0.0574,1.5553
7280,18:15:10.714,1932,-0.0564,1.5569
7281,18:15:10.715,1933,-0.0559,1.5577
7282,18:15:10.715,1933,-0.0559,1.5577
7283,18:15:10.716,1926,-0.0593,1.5521
7284,18:15:10.716,1938,-0.0535,1.5618
7285,18:15:10.717,1934,-0.0554,1.5585
7286,18:15:10.717,1926,-0.0593,1.5521
7287,18:15:10.718,1932,-0.0564,1.5569
7288,18:15:10.718,1934,-0.0554,1.5585
7289,18:15:10.719,1932,-0.0564,1.5569
7290,18:15:10.719,1937,-0.0540,1.5610
7291,18:15:10.720,1940,-0.0525,1.5634
7292,18:15:10.720,1939,-0.0530,1.5626
7293,18:15:10.721,1932,-0.0564,1.5569
7294,18:15:10.721,1934,-0.0554,1.5585
7295,18:15:10.722,1936,-0.0545,1.5601
7296,18:15:10.722,1926,-0.0593,1.5521
7297,18:15:10.723,1931,-0.0569,1.5561
7298,18:15:10.723,1933,-0.0559,1.5577
7299,18:15:10.724,1934,-0.0554,1.5585
7300,18:15:10.724,1933,-0.0559,1.5577
7301,18:15:10.725,1934,-0.0554,1.5585
7302,18:15:10.725,1932,-0.0564,1.5569
7303,18:15:10.726,1928,-0.0584,1.5537
7304,18:15:10.726,1937,-0.0540,1.5610
7305,18:15:10.727,1938,-0.0535,1.5618
7306,18:15:10.727,1934,-0.0554,1.5585
7307,18:15:10.728,1930,-0.0574,1.5553
7308,18:15:10.728,1936,-0.0545,1.5601
7309,18:15:10.729,1936,-0.0545,1.5601
7310,18:15:10.729,1935,-0.0549,1.5593
7311,18:15:10.730,1935,-0.0549,1.5593
7312,18:15:10.730,1943,-0.0510,1.5658
7313,18:15:10.731,1935,-0.0549,1.5593
7314,18:15:10.731,1934,-0.0554,1.5585
7315,18:15:10.732,1938,-0.0535,1.5618
7316,18:15:10.732,1933,-0.0559,1.5577
7317,18:15:10.733,1927,-0.0589,1.5529
7318,18:15:10.733,1934,-0.0554,1.5585
7319,18:15:10.734,1937,-0.0540,1.5610
7320,18:15:10.734,1935,-0.0549,1.5593
7321,18:15:10.735,1934,-0.0554,1.5585
7322,18:15:10.735,1938,-0.0535,1.5618
7323,18:15:10.736,1930,-0.0574,1.5553
7324,18:15:10.736,1936,-0.0545,1.5601
7325,18:15:10.737,1938,-0.0535,1.5618
7326,18:15:10.737,1938,-0.0535,1.5618
7327,18:15:10.738,1933,-0.0559,1.5577
7328,18:15:10.738,1936,-0.0545,1.5601
7329,18:15:10.739,1939,-0.0530,1.5626
7330,18:15:10.739,1934,-0.0554,1.5585
7331,18:15:10.740,1936,-0.0545,1.5601
7332,18:15:10.740,1940,-0.0525,1.5634
7333,18:15:10.741,1934,-0.0554,1.5585
7334,18:15:10.741,1933,-0.0559,1.5577
7335,18:15:10.742,1936,-0.0545,1.5601
7336,18:15:10.742,1934,-0.0554,1.5585
7337,18:15:10.743,1933,-0.0559,1.5577
7338,18:15:10.743,1934,-0.0554,1.5585
7339,18:15:10.744,1934,-0.0554,1.5585
7340,18:15:10.744,1938,-0.0535,1.5618
7341,18:15:10.745,1935,-0.0549,1.5593
7342,18:15:10.745,1935,-0.0549,1.5593
7343,18:15:10.746,1932,-0.0564,1.5569
7344,18:15:10.746,1936,-0.0545,1.5601
7345,18:15:10.747,1943,-0.0510,1.5658
7346,18:15:10.747,1944,-0.0505,1.5666
7347,18:15:10.748,1935,-0.0549,1.5593
7348,18:15:10.748,1938,-0.0535,1.5618
7349,18:15:10.749,1937,-0.0540,1.5610
7350,18:15:10.749,1936,-0.0545,1.5601
7351,18:15:10.750,1934,-0.0554,1.5585
7352,18:15:10.750,1940,-0.0525,1.5634
7353,18:15:10.751,1934,-0.0554,1.5585
7354,18:15:10.751,1928,-0.0584,1.5537
7355,18:15:10.752,1939,-0.0530,1.5626
7356,18:15:10.752,1933,-0.0559,1.5577
7357,18:15:10.753,1932,-0.0564,1.5569
7358,18:15:10.753,1937,-0.0540,1.5610
7359,18:15:10.754,1935,-0.0549,1.5593
7360,18:15:10.754,1935,-0.0549,1.5593
7361,18:15:10.755,1932,-0.0564,1.5569
7362,18:15:10.755,1939,-0.0530,1.5626
7363,18:15:10.756,1937,-0.0540,1.5610
7364,18:15:10.756,1932,-0.0564,1.5569
7365,18:15:10.757,1938,-0.0535,1.5618
7366,18:15:10.757,1942,-0.0515,1.5650
7367,18:15:10.758,1934,-0.0554,1.5585
7368,18:15:10.758,1933,-0.0559,1.5577
7369,18:15:10.759,1936,-0.0545,1.5601
7370,18:15:10.759,1934,-0.0554,1.5585
7371,18:15:10.760,1932,-0.0564,1.5569
7372,18:15:10.760,1938,-0.0535,1.5618
7373,18:15:10.761,1932,-0.0564,1.5569
7374,18:15:10.761,1935,-0.0549,1.5593
7375,18:15:10.762,1934,-0.0554,1.5585
7376,18:15:10.762,1936,-0.0545,1.5601
7377,18:15:10.763,1930,-0.0574,1.5553
7378,18:15:10.763,1933,-0.0559,1.5577
7379,18:15:10.764,1935,-0.0549,1.5593
7380,18:15:10.764,1938,-0.0535,1.5618
7381,18:15:10.765,1937,-0.0540,1.5610
7382,18:15:10.765,1937,-0.0540,1.5610
7383,18:15:10.766,1936,-0.0545,1.5601
7384,18:15:10.766,1934,-0.0554,1.5585
7385,18:15:10.767,1937,-0.0540,1.5610
7386,18:15:10.767,1941,-0.0520,1.5642
7387,18:15:10.768,1935,-0.0549,1.5593
7388,18:15:10.768,1932,-0.0564,1.5569
7389,18:15:10.769,1934,-0.0554,1.5585
7390,18:15:10.769,1934,-0.0554,1.5585
7391,18:15:10.770,1935,-0.0549,1.5593
7392,18:15:10.770,1936,-0.0545,1.5601
7393,18:15:10.771,1931,-0.0569,1.5561
7394,18:15:10.771,1931,-0.0569,1.5561
7395,18:15:10.772,1934,-0.0554,1.5585
7396,18:15:10.772,1936,-0.0545,1.5601
7397,18:15:10.773,1934,-0.0554,1.5585
7398,18:15:10.773,1933,-0.0559,1.5577
7399,18:15:10.774,1939,-0.0530,1.5626
7400,18:15:10.774,1936,-0.0545,1.5601
7401,18:15:10.775,1935,-0.0549,1.5593
7402,18:15:10.775,1937,-0.0540,1.5610
7403,18:15:10.776,1934,-0.0554,1.5585
7404,18:15:10.776,1933,-0.0559,1.5577
7405,18:15:10.777,1934,-0.0554,1.5585
7406,18:15:10.777,1936,-0.0545,1.5601
7407,18:15:10.778,1938,-0.0535,1.5618
7408,18:15:10.778,1934,-0.0554,1.5585
7409,18:15:10.779,1934,-0.0554,1.5585
7410,18:15:10.779,1932,-0.0564,1.5569
7411,18:15:10.780,1935,-0.0549,1.5593
7412,18:15:10.780,1940,-0.0525,1.5634
7413,18:15:10.781,1936,-0.0545,1.5601
7414,18:15:10.781,1933,-0.0559,1.5577
7415,18:15:10.782,1936,-0.0545,1.5601
7416,18:15:10.782,1936,-0.0545,1.5601
7417,18:15:10.783,1938,-0.0535,1.5618
7418,18:15:10.783,1936,-0.0545,1.5601
7419,18:15:10.784,1937,-0.0540,1.5610
7420,18:15:10.784,1936,-0.0545,1.5601
7421,18:15:10.785,1938,-0.0535,1.5618
7422,18:15:10.785,1935,-0.0549,1.5593
7423,18:15:10.786,1938,-0.0535,1.5618
7424,18:15:10.786,1933,-0.0559,1.5577
7425,18:15:10.787,1934,-0.0554,1.5585
7426,18:15:10.787,1939,-0.0530,1.5626
7427,18:15:10.788,1939,-0.0530,1.5626
7428,18:15:10.788,1938,-0.0535,1.5618
7429,18:15:10.789,1934,-0.0554,1.5585
7430,18:15:10.789,1935,-0.0549,1.5593
7431,18:15:10.790,1938,-0.0535,1.5618
7432,18:15:10.790,1936,-0.0545,1.5601
7433,18:15:10.791,1939,-0.0530,1.5626
7434,18:15:10.791,1935,-0.0549,1.5593
7435,18:15:10.792,1939,-0.0530,1.5626
7436,18:15:10.792,1939,-0.0530,1.5626
7437,18:15:10.793,1934,-0.0554,1.5585
7438,18:15:10.793,1935,-0.0549,1.5593
7439,18:15:10.794,1938,-0.0535,1.5618
7440,18:15:10.794,1934,-0.0554,1.5585
7441,18:15:10.795,1938,-0.0535,1.5618
7442,18:15:10.795,1934,-0.0554,1.5585
7443,18:15:10.796,1934,-0.0554,1.5585
7444,18:15:10.796,1935,-0.0549,1.5593
7445,18:15:10.797,1937,-0.0540,1.5610
7446,18:15:10.797,1939,-0.0530,1.5626
7447,18:15:10.798,1938,-0.0535,1.5618
7448,18:15:10.798,1937,-0.0540,1.5610
7449,18:15:10.799,1934,-0.0554,1.5585
7450,18:15:10.799,1938,-0.0535,1.5618
7451,18:15:10.800,1935,-0.0549,1.5593
7452,18:15:10.800,1936,-0.0545,1.5601
7453,18:15:10.801,1937,-0.0540,1.5610
7454,18:15:10.801,1934,-0.0554,1.5585
7455,18:15:10.802,1937,-0.0540,1.5610
7456,18:15:10.802,1937,-0.0540,1.5610
7457,18:15:10.803,1934,-0.0554,1.5585
7458,18:15:10.803,1933,-0.0559,1.5577
7459,18:15:10.804,1934,-0.0554,1.5585
7460,18:15:10.804,1933,-0.0559,1.5577
7461,18:15:10.805,1936,-0.0545,1.5601
7462,18:15:10.805,1938,-0.0535,1.5618
7463,18:15:10.806,1937,-0.0540,1.5610
7464,18:15:10.806,1936,-0.0545,1.5601
7465,18:15:10.807,1936,-0.0545,1.5601
7466,18:15:10.807,1938,-0.0535,1.5618
7467,18:15:10.808,1938,-0.0535,1.5618
7468,18:15:10.808,1939,-0.0530,1.5626
7469,18:15:10.809,1937,-0.0540,1.5610
7470,18:15:10.809,1934,-0.0554,1.5585
7471,18:15:10.810,1937,-0.0540,1.5610
7472,18:15:10.810,1938,-0.0535,1.5618
7473,18:15:10.811,1937,-0.0540,1.5610
7474,18:15:10.811,1933,-0.0559,1.5577
7475,18:15:10.812,1935,-0.0549,1.5593
7476,18:15:10.812,1934,-0.0554,1.5585
7477,18:15:10.813,1935,-0.0549,1.5593
7478,18:15:10.813,1935,-0.0549,1.5593
7479,18:15:10.814,1933,-0.0559,1.5577
7480,18:15:10.814,1936,-0.0545,1.5601
7481,18:15:10.815,1936,-0.0545,1.5601
7482,18:15:10.815,1939,-0.0530,1.5626
7483,18:15:10.816,1935,-0.0549,1.5593
7484,18:15:10.816,1934,-0.0554,1.5585
7485,18:15:10.817,1937,-0.0540,1.5610
7486,18:15:10.817,1935,-0.0549,1.5593
7487,18:15:10.818,1938,-0.0535,1.5618
7488,18:15:10.818,1939,-0.0530,1.5626
7489,18:15:10.819,1938,-0.0535,1.5618
7490,18:15:10.819,1938,-0.0535,1.5618
7491,18:15:10.820,1938,-0.0535,1.5618
7492,18:15:10.820,1940,-0.0525,1.5634
7493,18:15:10.821,1940,-0.0525,1.5634
7494,18:15:10.821,1935,-0.0549,1.5593
7495,18:15:10.822,1938,-0.0535,1.5618
7496,18:15:10.822,1937,-0.0540,1.5610
7497,18:15:10.823,1935,-0.0549,1.5593
7498,18:15:10.823,1937,-0.0540,1.5610
7499,18:15:10.824,1937,-0.0540,1.5610
7500,18:15:10.824,1940,-0.0525,1.5634
7501,18:15:10.825,1938,-0.0535,1.5618
7502,18:15:10.825,1938,-0.0535,1.5618
7503,18:15:10.826,1936,-0.0545,1.5601
7504,18:15:10.826,1938,-0.0535,1.5618
7505,18:15:10.827,1938,-0.0535,1.5618
7506,18:15:10.827,1934,-0.0554,1.5585
7507,18:15:10.828,1938,-0.0535,1.5618
7508,18:15:10.828,1938,-0.0535,1.5618
7509,18:15:10.829,1935,-0.0549,1.5593
7510,18:15:10.829,1938,-0.0535,1.5618
7511,18:15:10.830,1935,-0.0549,1.5593
7512,18:15:10.830,1937,-0.0540,1.5610
7513,18:15:10.831,1940,-0.0525,1.5634
7514,18:15:10.831,1938,-0.0535,1.5618
7515,18:15:10.832,1937,-0.0540,1.5610
7516,18:15:10.832,1936,-0.0545,1.5601
7517,18:15:10.833,1936,-0.0545,1.5601
7518,18:15:10.833,1935,-0.0549,1.5593
7519,18:15:10.834,1938,-0.0535,1.5618
7520,18:15:10.834,1934,-0.0554,1.5585
7521,18:15:10.835,1934,-0.0554,1.5585
7522,18:15:10.835,1939,-0.0530,1.5626
7523,18:15:10.836,1939,-0.0530,1.5626
7524,18:15:10.836,1938,-0.0535,1.5618
7525,18:15:10.837,1937,-0.0540,1.5610
7526,18:15:10.837,1937,-0.0540,1.5610
7527,18:15:10.838,1940,-0.0525,1.5634
7528,18:15:10.838,1936,-0.0545,1.5601
7529,18:15:10.839,1936,-0.0545,1.5601
7530,18:15:10.839,1937,-0.0540,1.5610
7531,18:15:10.840,1936,-0.0545,1.5601
7532,18:15:10.840,1934,-0.0554,1.5585
7533,18:15:10.841,1938,-0.0535,1.5618
7534,18:15:10.841,1937,-0.0540,1.5610
7535,18:15:10.842,1938,-0.0535,1.5618
7536,18:15:10.842,1938,-0.0535,1.5618
7537,18:15:10.843,1934,-0.0554,1.5585
7538,18:15:10.843,1935,-0.0549,1.5593
7539,18:15:10.844,1938,-0.0535,1.5618
7540,18:15:10.844,1936,-0.0545,1.5601
7541,18:15:10.845,1938,-0.0535,1.5618
7542,18:15:10.845,1937,-0.0540,1.5610
7543,18:15:10.846,1939,-0.0530,1.5626
7544,18:15:10.846,1937,-0.0540,1.5610
7545,18:15:10.847,1934,-0.0554,1.5585
7546,18:15:10.847,1934,-0.0554,1.5585
7547,18:15:10.848,1937,-0.0540,1.5610
7548,18:15:10.848,1938,-0.0535,1.5618
7549,18:15:10.849,1939,-0.0530,1.5626
7550,18:15:10.849,1936,-0.0545,1.5601
7551,18:15:10.850,1936,-0.0545,1.5601
7552,18:15:10.850,1933,-0.0559,1.5577
7553,18:15:10.851,1938,-0.0535,1.5618
7554,18:15:10.851,1935,-0.0549,1.5593
7555,18:15:10.852,1936,-0.0545,1.5601
7556,18:15:10.852,1934,-0.0554,1.5585
7557,18:15:10.853,1938,-0.0535,1.5618
7558,18:15:10.853,1938,-0.0535,1.5618
7559,18:15:10.854,1937,-0.0540,1.5610
7560,18:15:10.854,1936,-0.0545,1.5601
7561,18:15:10.855,1935,-0.0549,1.5593
7562,18:15:10.855,1935,-0.0549,1.5593
7563,18:15:10.856,1938,-0.0535,1.5618
7564,18:15:10.856,1939,-0.0530,1.5626
7565,18:15:10.857,1938,-0.0535,1.5618
7566,18:15:10.857,1936,-0.0545,1.5601
7567,18:15:10.858,1941,-0.0520,1.5642
7568,18:15:10.858,1939,-0.0530,1.5626
7569,18:15:10.859,1938,-0.0535,1.5618
7570,18:15:10.859,1934,-0.0554,1.5585
7571,18:15:10.860,1938,-0.0535,1.5618
7572,18:15:10.860,1936,-0.0545,1.5601
7573,18:15:10.861,1936,-0.0545,1.5601
7574,18:15:10.861,1936,-0.0545,1.5601
7575,18:15:10.862,1939,-0.0530,1.5626
7576,18:15:10.862,1937,-0.0540,1.5610
7577,18:15:10.863,1937,-0.0540,1.5610
7578,18:15:10.863,1937,-0.0540,1.5610
7579,18:15:10.864,1939,-0.0530,1.5626
7580,18:15:10.864,1935,-0.0549,1.5593
7581,18:15:10.865,1940,-0.0525,1.5634
7582,18:15:10.865,1939,-0.0530,1.5626
7583,18:15:10.866,1935,-0.0549,1.5593
7584,18:15:10.866,1935,-0.0549,1.5593
7585,18:15:10.867,1935,-0.0549,1.5593
7586,18:15:10.867,1937,-0.0540,1.5610
7587,18:15:10.868,1938,-0.0535,1.5618
7588,18:15:10.868,1938,-0.0535,1.5618
7589,18:15:10.869,1937,-0.0540,1.5610
7590,18:15:10.869,1935,-0.0549,1.5593
7591,18:15:10.870,1935,-0.0549,1.5593
7592,18:15:10.870,1938,-0.0535,1.5618
7593,18:15:10.871,1935,-0.0549,1.5593
7594,18:15:10.871,1936,-0.0545,1.5601
7595,18:15:10.872,1937,-0.0540,1.5610
7596,18:15:10.872,1938,-0.0535,1.5618
7597,18:15:10.873,1938,-0.0535,1.5618
7598,18:15:10.873,1935,-0.0549,1.5593
7599,18:15:10.874,1939,-0.0530,1.5626
7600,18:15:10.874,1940,-0.0525,1.5634
7601,18:15:10.875,1934,-0.0554,1.5585
7602,18:15:10.875,1934,-0.0554,1.5585
7603,18:15:10.876,1937,-0.0540,1.5610
7604,18:15:10.876,1935,-0.0549,1.5593
7605,18:15:10.877,1938,-0.0535,1.5618
7606,18:15:10.877,1934,-0.0554,1.5585
7607,18:15:10.878,1935,-0.0549,1.5593
7608,18:15:10.878,1937,-0.0540,1.5610
7609,18:15:10.879,1940,-0.0525,1.5634
7610,18:15:10.879,1933,-0.0559,1.5577
7611,18:15:10.880,1937,-0.0540,1.5610
7612,18:15:10.880,1936,-0.0545,1.5601
7613,18:15:10.881,1937,-0.0540,1.5610
7614,18:15:10.881,1938,-0.0535,1.5618
7615,18:15:10.882,1938,-0.0535,1.5618
7616,18:15:10.882,1938,-0.0535,1.5618
7617,18:15:10.883,1935,-0.0549,1.5593
7618,18:15:10.883,1937,-0.0540,1.5610
7619,18:15:10.884,1939,-0.0530,1.5626
7620,18:15:10.884,1939,-0.0530,1.5626
7621,18:15:10.885,1934,-0.0554,1.5585
7622,18:15:10.885,1938,-0.0535,1.5618
7623,18:15:10.886,1939,-0.0530,1.5626
7624,18:15:10.886,1939,-0.0530,1.5626
7625,18:15:10.887,1935,-0.0549,1.5593
7626,18:15:10.887,1938,-0.0535,1.5618
7627,18:15:10.888,1938,-0.0535,1.5618
7628,18:15:10.888,1939,-0.0530,1.5626
7629,18:15:10.889,1937,-0.0540,1.5610
7630,18:15:10.889,1939,-0.0530,1.5626
7631,18:15:10.890,1935,-0.0549,1.5593
7632,18:15:10.890,1936,-0.0545,1.5601
7633,18:15:10.891,1937,-0.0540,1.5610
7634,18:15:10.891,1935,-0.0549,1.5593
7635,18:15:10.892,1936,-0.0545,1.5601
7636,18:15:10.892,1938,-0.0535,1.5618
7637,18:15:10.893,1936,-0.0545,1.5601
7638,18:15:10.893,1938,-0.0535,1.5618
7639,18:15:10.894,1940,-0.0525,1.5634
7640,18:15:10.894,1938,-0.0535,1.5618
7641,18:15:10.895,1938,-0.0535,1.5618
7642,18:15:10.895,1935,-0.0549,1.5593
7643,18:15:10.896,1937,-0.0540,1.5610
7644,18:15:10.896,1936,-0.0545,1.5601
7645,18:15:10.897,1937,-0.0540,1.5610
7646,18:15:10.897,1938,-0.0535,1.5618
7647,18:15:10.898,1935,-0.0549,1.5593
7648,18:15:10.898,1938,-0.0535,1.5618
7649,18:15:10.899,1935,-0.0549,1.5593
7650,18:15:10.899,1937,-0.0540,1.5610
7651,18:15:10.900,1934,-0.0554,1.5585
7652,18:15:10.900,1935,-0.0549,1.5593
7653,18:15:10.901,1934,-0.0554,1.5585
7654,18:15:10.901,1937,-0.0540,1.5610
7655,18:15:10.902,1937,-0.0540,1.5610
7656,18:15:10.902,1935,-0.0549,1.5593
7657,18:15:10.903,1938,-0.0535,1.5618
7658,18:15:10.903,1936,-0.0545,1.5601
7659,18:15:10.904,1937,-0.0540,1.5610
7660,18:15:10.904,1934,-0.0554,1.5585
7661,18:15:10.905,1937,-0.0540,1.5610
7662,18:15:10.905,1935,-0.0549,1.5593
7663,18:15:10.906,1935,-0.0549,1.5593
7664,18:15:10.906,1936,-0.0545,1.5601
7665,18:15:10.907,1938,-0.0535,1.5618
7666,18:15:10.907,1938,-0.0535,1.5618
7667,18:15:10.908,1937,-0.0540,1.5610
7668,18:15:10.908,1935,-0.0549,1.5593
7669,18:15:10.909,1939,-0.0530,1.5626
7670,18:15:10.909,1937,-0.0540,1.5610
7671,18:15:10.910,1937,-0.0540,1.5610
7672,18:15:10.910,1934,-0.0554,1.5585
7673,18:15:10.911,1939,-0.0530,1.5626
7674,18:15:10.911,1939,-0.0530,1.5626
7675,18:15:10.912,1934,-0.0554,1.5585
7676,18:15:10.912,1933,-0.0559,1.5577
7677,18:15:10.913,1936,-0.0545,1.5601
7678,18:15:10.913,1935,-0.0549,1.5593
7679,18:15:10.914,1934,-0.0554,1.5585
7680,18:15:10.914,1935,-0.0549,1.5593
7681,18:15:10.915,1939,-0.0530,1.5626
7682,18:15:10.915,1938,-0.0535,1.5618
7683,18:15:10.916,1938,-0.0535,1.5618
7684,18:15:10.916,1935,-0.0549,1.5593
7685,18:15:10.917,1933,-0.0559,1.5577
7686,18:15:10.917,1939,-0.0530,1.5626
7687,18:15:10.918,1937,-0.0540,1.5610
7688,18:15:10.918,1936,-0.0545,1.5601
7689,18:15:10.919,1940,-0.0525,1.5634
7690,18:15:10.919,1939,-0.0530,1.5626
7691,18:15:10.920,1939,-0.0530,1.5626
7692,18:15:10.920,1937,-0.0540,1.5610
7693,18:15:10.921,1936,-0.0545,1.5601
7694,18:15:10.921,1936,-0.0545,1.5601
7695,18:15:10.922,1937,-0.0540,1.5610
7696,18:15:10.922,1939,-0.0530,1.5626
7697,18:15:10.923,1935,-0.0549,1.5593
7698,18:15:10.923,1935,-0.0549,1.5593
7699,18:15:10.924,1937,-0.0540,1.5610
7700,18:15:10.924,1935,-0.0549,1.5593
7701,18:15:10.925,1939,-0.0530,1.5626
7702,18:15:10.925,1938,-0.0535,1.5618
7703,18:15:10.926,1939,-0.0530,1.5626
7704,18:15:10.926,1936,-0.0545,1.5601
7705,18:15:10.927,1934,-0.0554,1.5585
7706,18:15:10.927,1938,-0.0535,1.5618
7707,18:15:10.928,1936,-0.0545,1.5601
7708,18:15:10.928,1938,-0.0535,1.5618
7709,18:15:10.929,1937,-0.0540,1.5610
7710,18:15:10.929,1939,-0.0530,1.5626
7711,18:15:10.930,1938,-0.0535,1.5618
7712,18:15:10.930,1936,-0.0545,1.5601
7713,18:15:10.931,1939,-0.0530,1.5626
7714,18:15:10.931,1938,-0.0535,1.5618
7715,18:15:10.932,1938,-0.0535,1.5618
7716,18:15:10.932,1939,-0.0530,1.5626
7717,18:15:10.933,1936,-0.0545,1.5601
7718,18:15:10.933,1938,-0.0535,1.5618
7719,18:15:10.934,1935,-0.0549,1.5593
7720,18:15:10.934,1937,-0.0540,1.5610
7721,18:15:10.935,1936,-0.0545,1.5601
7722,18:15:10.935,1935,-0.0549,1.5593
7723,18:15:10.936,1939,-0.0530,1.5626
7724,18:15:10.936,1938,-0.0535,1.5618
7725,18:15:10.937,1940,-0.0525,1.5634
7726,18:15:10.937,1936,-0.0545,1.5601
7727,18:15:10.938,1937,-0.0540,1.5610
7728,18:15:10.938,1938,-0.0535,1.5618
7729,18:15:10.939,1937,-0.0540,1.5610
7730,18:15:10.939,1936,-0.0545,1.5601
7731,18:15:10.940,1939,-0.0530,1.5626
7732,18:15:10.940,1935,-0.0549,1.5593
7733,18:15:10.941,1935,-0.0549,1.5593
7734,18:15:10.941,1936,-0.0545,1.5601
7735,18:15:10.942,1937,-0.0540,1.5610
7736,18:15:10.942,1939,-0.0530,1.5626
7737,18:15:10.943,1938,-0.0535,1.5618
7738,18:15:10.943,1936,-0.0545,1.5601
7739,18:15:10.944,1939,-0.0530,1.5626
7740,18:15:10.944,1936,-0.0545,1.5601
7741,18:15:10.945,1938,-0.0535,1.5618
7742,18:15:10.945,1935,-0.0549,1.5593
7743,18:15:10.946,1935,-0.0549,1.5593
7744,18:15:10.946,1941,-0.0520,1.5642
7745,18:15:10.947,1937,-0.0540,1.5610
7746,18:15:10.947,1937,-0.0540,1.5610
7747,18:15:10.948,1935,-0.0549,1.5593
7748,18:15:10.948,1935,-0.0549,1.5593
7749,18:15:10.949,1936,-0.0545,1.5601
7750,18:15:10.949,1939,-0.0530,1.5626
7751,18:15:10.950,1939,-0.0530,1.5626
7752,18:15:10.950,1937,-0.0540,1.5610
7753,18:15:10.951,1940,-0.0525,1.5634
7754,18:15:10.951,1938,-0.0535,1.5618
7755,18:15:10.952,1936,-0.0545,1.5601
7756,18:15:10.952,1936,-0.0545,1.5601
7757,18:15:10.953,1937,-0.0540,1.5610
7758,18:15:10.953,1935,-0.0549,1.5593
7759,18:15:10.954,1934,-0.0554,1.5585
7760,18:15:10.954,1934,-0.0554,1.5585
7761,18:15:10.955,1937,-0.0540,1.5610
7762,18:15:10.955,1937,-0.0540,1.5610
7763,18:15:10.956,1936,-0.0545,1.5601
7764,18:15:10.956,1936,-0.0545,1.5601
7765,18:15:10.957,1938,-0.0535,1.5618
7766,18:15:10.957,1938,-0.0535,1.5618
7767,18:15:10.958,1939,-0.0530,1.5626
7768,18:15:10.958,1936,-0.0545,1.5601
7769,18:15:10.959,1939,-0.0530,1.5626
7770,18:15:10.959,1938,-0.0535,1.5618
7771,18:15:10.960,1937,-0.0540,1.5610
7772,18:15:10.960,1938,-0.0535,1.5618
7773,18:15:10.961,1938,-0.0535,1.5618
7774,18:15:10.961,1934,-0.0554,1.5585
7775,18:15:10.962,1938,-0.0535,1.5618
7776,18:15:10.962,1936,-0.0545,1.5601
7777,18:15:10.963,1934,-0.0554,1.5585
7778,18:15:10.963,1935,-0.0549,1.5593
7779,18:15:10.964,1938,-0.0535,1.5618
7780,18:15:10.964,1935,-0.0549,1.5593
7781,18:15:10.965,1937,-0.0540,1.5610
7782,18:15:10.965,1937,-0.0540,1.5610
7783,18:15:10.966,1938,-0.0535,1.5618
7784,18:15:10.966,1935,-0.0549,1.5593
7785,18:15:10.967,1939,-0.0530,1.5626
7786,18:15:10.967,1938,-0.0535,1.5618
7787,18:15:10.968,1936,-0.0545,1.5601
7788,18:15:10.968,1934,-0.0554,1.5585
7789,18:15:10.969,1937,-0.0540,1.5610
7790,18:15:10.969,1938,-0.0535,1.5618
7791,18:15:10.970,1939,-0.0530,1.5626
7792,18:15:10.970,1936,-0.0545,1.5601
7793,18:15:10.971,1938,-0.0535,1.5618
7794,18:15:10.971,1936,-0.0545,1.5601
7795,18:15:10.972,1935,-0.0549,1.5593
7796,18:15:10.972,1940,-0.0525,1.5634
7797,18:15:10.973,1939,-0.0530,1.5626
7798,18:15:10.973,1938,-0.0535,1.5618
7799,18:15:10.974,1937,-0.0540,1.5610
7800,18:15:10.974,1936,-0.0545,1.5601
7801,18:15:10.975,1940,-0.0525,1.5634
7802,18:15:10.975,1937,-0.0540,1.5610
7803,18:15:10.976,1936,-0.0545,1.5601
7804,18:15:10.976,1937,-0.0540,1.5610
7805,18:15:10.977,1937,-0.0540,1.5610
7806,18:15:10.977,1938,-0.0535,1.5618
7807,18:15:10.978,1940,-0.0525,1.5634
7808,18:15:10.978,1938,-0.0535,1.5618
7809,18:15:10.979,1940,-0.0525,1.5634
7810,18:15:10.979,1939,-0.0530,1.5626
7811,18:15:10.980,1936,-0.0545,1.5601
7812,18:15:10.980,1934,-0.0554,1.5585
7813,18:15:10.981,1939,-0.0530,1.5626
7814,18:15:10.981,1935,-0.0549,1.5593
7815,18:15:10.982,1938,-0.0535,1.5618
7816,18:15:10.982,1937,-0.0540,1.5610
7817,18:15:10.983,1940,-0.0525,1.5634
7818,18:15:10.983,1939,-0.0530,1.5626
7819,18:15:10.984,1938,-0.0535,1.5618
7820,18:15:10.984,1937,-0.0540,1.5610
7821,18:15:10.985,1939,-0.0530,1.5626
7822,18:15:10.985,1938,-0.0535,1.5618
7823,18:15:10.986,1939,-0.0530,1.5626
7824,18:15:10.986,1937,-0.0540,1.5610
7825,18:15:10.987,1937,-0.0540,1.5610
7826,18:15:10.987,1937,-0.0540,1.5610
7827,18:15:10.988,1937,-0.0540,1.5610
7828,18:15:10.988,1937,-0.0540,1.5610
7829,18:15:10.989,1937,-0.0540,1.5610
7830,18:15:10.989,1938,-0.0535,1.5618
7831,18:15:10.990,1939,-0.0530,1.5626
7832,18:15:10.990,1935,-0.0549,1.5593
7833,18:15:10.991,1938,-0.0535,1.5618
7834,18:15:10.991,1940,-0.0525,1.5634
7835,18:15:10.992,1940,-0.0525,1.5634
7836,18:15:10.992,1941,-0.0520,1.5642
7837,18:15:10.993,1937,-0.0540,1.5610
7838,18:15:10.993,1939,-0.0530,1.5626
7839,18:15:10.994,1939,-0.0530,1.5626
7840,18:15:10.994,1937,-0.0540,1.5610
7841,18:15:10.995,1938,-0.0535,1.5618
7842,18:15:10.995,1936,-0.0545,1.5601
7843,18:15:10.996,1939,-0.0530,1.5626
7844,18:15:10.996,1938,-0.0535,1.5618
7845,18:15:10.997,1940,-0.0525,1.5634
7846,18:15:10.997,1939,-0.0530,1.5626
7847,18:15:10.998,1937,-0.0540,1.5610
7848,18:15:10.998,1937,-0.0540,1.5610
7849,18:15:10.999,1935,-0.0549,1.5593
7850,18:15:10.999,1937,-0.0540,1.5610
7851,18:15:11.000,1938,-0.0535,1.5618
7852,18:15:11.000,1939,-0.0530,1.5626
7853,18:15:11.001,1935,-0.0549,1.5593
7854,18:15:11.001,1938,-0.0535,1.5618
7855,18:15:11.002,1938,-0.0535,1.5618
7856,18:15:11.002,1941,-0.0520,1.5642
7857,18:15:11.003,1936,-0.0545,1.5601
7858,18:15:11.003,1937,-0.0540,1.5610
7859,18:15:11.004,1938,-0.0535,1.5618
7860,18:15:11.004,1939,-0.0530,1.5626
7861,18:15:11.005,1941,-0.0520,1.5642
7862,18:15:11.005,1935,-0.0549,1.5593
7863,18:15:11.006,1940,-0.0525,1.5634
7864,18:15:11.006,1940,-0.0525,1.5634
7865,18:15:11.007,1937,-0.0540,1.5610
7866,18:15:11.007,1941,-0.0520,1.5642
7867,18:15:11.008,1941,-0.0520,1.5642
7868,18:15:11.008,1938,-0.0535,1.5618
7869,18:15:11.009,1938,-0.0535,1.5618
7870,18:15:11.009,1939,-0.0530,1.5626
7871,18:15:11.010,1941,-0.0520,1.5642
7872,18:15:11.010,1941,-0.0520,1.5642
7873,18:15:11.011,1939,-0.0530,1.5626
7874,18:15:11.011,1937,-0.0540,1.5610
7875,18:15:11.012,1940,-0.0525,1.5634
7876,18:15:11.012,1937,-0.0540,1.5610
7877,18:15:11.013,1938,-0.0535,1.5618
7878,18:15:11.013,1936,-0.0545,1.5601
7879,18:15:11.014,1939,-0.0530,1.5626
7880,18:15:11.014,1942,-0.0515,1.5650
7881,18:15:11.015,1938,-0.0535,1.5618
7882,18:15:11.015,1936,-0.0545,1.5601
7883,18:15:11.016,1937,-0.0540,1.5610
7884,18:15:11.016,1938,-0.0535,1.5618
7885,18:15:11.017,1937,-0.0540,1.5610
7886,18:15:11.017,1936,-0.0545,1.5601
7887,18:15:11.018,1934,-0.0554,1.5585
7888,18:15:11.018,1937,-0.0540,1.5610
7889,18:15:11.019,1938,-0.0535,1.5618
7890,18:15:11.019,1941,-0.0520,1.5642
7891,18:15:11.020,1940,-0.0525,1.5634
7892,18:15:11.020,1938,-0.0535,1.5618
7893,18:15:11.021,1937,-0.0540,1.5610
7894,18:15:11.021,1941,-0.0520,1.5642
7895,18:15:11.022,1936,-0.0545,1.5601
7896,18:15:11.022,1938,-0.0535,1.5618
7897,18:15:11.023,1938,-0.0535,1.5618
7898,18:15:11.023,1941,-0.0520,1.5642
7899,18:15:11.024,1938,-0.0535,1.5618
7900,18:15:11.024,1941,-0.0520,1.5642
7901,18:15:11.025,1940,-0.0525,1.5634
7902,18:15:11.025,1941,-0.0520,1.5642
7903,18:15:11.026,1937,-0.0540,1.5610
7904,18:15:11.026,1940,-0.0525,1.5634
7905,18:15:11.027,1938,-0.0535,1.5618
7906,18:15:11.027,1939,-0.0530,1.5626
7907,18:15:11.028,1941,-0.0520,1.5642
7908,18:15:11.028,1938,-0.0535,1.5618
7909,18:15:11.029,1936,-0.0545,1.5601
7910,18:15:11.029,1937,-0.0540,1.5610
7911,18:15:11.030,1937,-0.0540,1.5610
7912,18:15:11.030,1940,-0.0525,1.5634
7913,18:15:11.031,1941,-0.0520,1.5642
7914,18:15:11.031,1941,-0.0520,1.5642
7915,18:15:11.032,1940,-0.0525,1.5634
7916,18:15:11.032,1942,-0.0515,1.5650
7917,18:15:11.033,1942,-0.0515,1.5650
7918,18:15:11.033,1940,-0.0525,1.5634
7919,18:15:11.034,1941,-0.0520,1.5642
7920,18:15:11.034,1941,-0.0520,1.5642
7921,18:15:11.035,1938,-0.0535,1.5618
7922,18:15:11.035,1938,-0.0535,1.5618
7923,18:15:11.036,1941,-0.0520,1.5642
7924,18:15:11.036,1947,-0.0491,1.5690
7925,18:15:11.037,1947,-0.0491,1.5690
7926,18:15:11.037,1908,-0.0681,1.5376
7927,18:15:11.038,1965,-0.0403,1.5835
7928,18:15:11.038,1972,-0.0369,1.5892
7929,18:15:11.039,1872,-0.0857,1.5086
7930,18:15:11.039,1963,-0.0413,1.5819
7931,18:15:11.040,1906,-0.0691,1.5360
7932,18:15:11.040,2033,-0.0071,1.6383
7933,18:15:11.041,1933,-0.0559,1.5577
7934,18:15:11.041,2003,-0.0217,1.6141
7935,18:15:11.042,1906,-0.0691,1.5360
7936,18:15:11.042,2004,-0.0212,1.6149
7937,18:15:11.043,1958,-0.0437,1.5779
7938,18:15:11.043,1905,-0.0696,1.5352
7939,18:15:11.044,1893,-0.0755,1.5255
7940,18:15:11.044,2012,-0.0173,1.6214
7941,18:15:11.045,1915,-0.0647,1.5432
7942,18:15:11.045,1891,-0.0764,1.5239
7943,18:15:11.046,1953,-0.0462,1.5738
7944,18:15:11.046,1952,-0.0466,1.5730
7945,18:15:11.047,1860,-0.0916,1.4989
7946,18:15:11.047,1483,-0.2757,1.1951
7947,18:15:11.048,1890,-0.0769,1.5231
7948,18:15:11.048,1005,-0.5092,0.8099
7949,18:15:11.049,1703,-0.1683,1.3724
7950,18:15:11.049,1831,-0.1057,1.4755
7951,18:15:11.050,1808,-0.1170,1.4570
7952,18:15:11.050,1845,-0.0989,1.4868
7953,18:15:11.051,1827,-0.1077,1.4723
7954,18:15:11.051,1814,-0.1140,1.4618
7955,18:15:11.052,1818,-0.1121,1.4651
7956,18:15:11.052,1862,-0.0906,1.5005
7957,18:15:11.053,1914,-0.0652,1.5424
7958,18:15:11.053,1716,-0.1619,1.3829
7959,18:15:11.054,1805,-0.1184,1.4546
7960,18:15:11.054,1933,-0.0559,1.5577
7961,18:15:11.055,1934,-0.0554,1.5585
7962,18:15:11.055,1821,-0.1106,1.4675
7963,18:15:11.056,1902,-0.0711,1.5327
7964,18:15:11.056,1896,-0.0740,1.5279
7965,18:15:11.057,1838,-0.1023,1.4812
7966,18:15:11.057,1855,-0.0940,1.4949
7967,18:15:11.058,1939,-0.0530,1.5626
7968,18:15:11.058,1828,-0.1072,1.4731
7969,18:15:11.059,1774,-0.1336,1.4296
7970,18:15:11.059,1905,-0.0696,1.5352
7971,18:15:11.060,1901,-0.0716,1.5319
7972,18:15:11.060,1950,-0.0476,1.5714
7973,18:15:11.061,1894,-0.0750,1.5263
7974,18:15:11.061,1875,-0.0842,1.5110
7975,18:15:11.062,1826,-0.1082,1.4715
7976,18:15:11.062,1863,-0.0901,1.5013
7977,18:15:11.063,1937,-0.0540,1.5610
7978,18:15:11.063,1767,-0.1370,1.4240
7979,18:15:11.064,1747,-0.1468,1.4078
7980,18:15:11.064,1879,-0.0823,1.5142
7981,18:15:11.065,1909,-0.0676,1.5384
7982,18:15:11.065,1821,-0.1106,1.4675
7983,18:15:11.066,1897,-0.0735,1.5287
7984,18:15:11.066,1901,-0.0716,1.5319
7985,18:15:11.067,1851,-0.0960,1.4916
7986,18:15:11.067,1826,-0.1082,1.4715
7987,18:15:11.068,1927,-0.0589,1.5529
7988,18:15:11.068,1884,-0.0799,1.5182
7989,18:15:11.069,1818,-0.1121,1.4651
7990,18:15:11.069,1915,-0.0647,1.5432
7991,18:15:11.070,1926,-0.0593,1.5521
7992,18:15:11.070,1959,-0.0432,1.5787
7993,18:15:11.071,1974,-0.0359,1.5908
7994,18:15:11.071,1943,-0.0510,1.5658
7995,18:15:11.072,1872,-0.0857,1.5086
7996,18:15:11.072,1826,-0.1082,1.4715
7997,18:15:11.073,1932,-0.0564,1.5569
7998,18:15:11.073,1832,-0.1053,1.4763
7999,18:15:11.074,1767,-0.1370,1.4240
8000,18:15:11.074,1827,-0.1077,1.4723
8001,18:15:11.075,1841,-0.1009,1.4836
8002,18:15:11.075,1776,-0.1326,1.4312
8003,18:15:11.076,1829,-0.1067,1.4739
8004,18:15:11.076,1845,-0.0989,1.4868
8005,18:15:11.077,1816,-0.1131,1.4634
8006,18:15:11.077,1730,-0.1551,1.3941
8007,18:15:11.078,1806,-0.1179,1.4554
8008,18:15:11.078,1815,-0.1136,1.4626
8009,18:15:11.079,1763,-0.1389,1.4207
8010,18:15:11.079,1816,-0.1131,1.4634
8011,18:15:11.080,1825,-0.1087,1.4707
8012,18:15:11.080,1840,-0.1013,1.4828
8013,18:15:11.081,1869,-0.0872,1.5062
8014,18:15:11.081,1873,-0.0852,1.5094
8015,18:15:11.082,1829,-0.1067,1.4739
8016,18:15:11.082,1754,-0.1433,1.4135
8017,18:15:11.083,1862,-0.0906,1.5005
8018,18:15:11.083,1822,-0.1101,1.4683
8019,18:15:11.084,1741,-0.1497,1.4030
8020,18:15:11.084,1798,-0.1219,1.4489
8021,18:15:11.085,1823,-0.1096,1.4691
8022,18:15:11.085,1766,-0.1375,1.4232
8023,18:15:11.086,1746,-0.1473,1.4070
8024,18:15:11.086,1803,-0.1194,1.4530
8025,18:15:11.087,1779,-0.1311,1.4336
8026,18:15:11.087,1675,-0.1819,1.3498
8027,18:15:11.088,1712,-0.1639,1.3796
8028,18:15:11.088,1743,-0.1487,1.4046
8029,18:15:11.089,1699,-0.1702,1.3692
8030,18:15:11.089,1720,-0.1600,1.3861
8031,18:15:11.090,1737,-0.1516,1.3998
8032,18:15:11.090,1741,-0.1497,1.4030
8033,18:15:11.091,1796,-0.1228,1.4473
8034,18:15:11.091,1813,-0.1145,1.4610
8035,18:15:11.092,1796,-0.1228,1.4473
8036,18:15:11.092,1719,-0.1604,1.3853
8037,18:15:11.093,1816,-0.1131,1.4634
8038,18:15:11.093,1816,-0.1131,1.4634
8039,18:15:11.094,1722,-0.1590,1.3877
8040,18:15:11.094,1765,-0.1380,1.4223
8041,18:15:11.095,1804,-0.1189,1.4538
8042,18:15:11.095,1810,-0.1160,1.4586
8043,18:15:11.096,1785,-0.1282,1.4385
8044,18:15:11.096,1870,-0.0867,1.5070
8045,18:15:11.097,1884,-0.0799,1.5182
8046,18:15:11.097,967,-0.5277,0.7793
8047,18:15:11.098,1805,-0.1184,1.4546
8048,18:15:11.098,1855,-0.0940,1.4949
8049,18:15:11.099,1840,-0.1013,1.4828
8050,18:15:11.099,1828,-0.1072,1.4731
8051,18:15:11.100,1838,-0.1023,1.4812
8052,18:15:11.100,1829,-0.1067,1.4739
8053,18:15:11.101,1880,-0.0818,1.5150
8054,18:15:11.101,1888,-0.0779,1.5215
8055,18:15:11.102,1877,-0.0833,1.5126
8056,18:15:11.102,1796,-0.1228,1.4473
8057,18:15:11.103,1825,-0.1087,1.4707
8058,18:15:11.103,1852,-0.0955,1.4925
8059,18:15:11.104,1789,-0.1263,1.4417
8060,18:15:11.104,1820,-0.1111,1.4667
8061,18:15:11.105,1840,-0.1013,1.4828
8062,18:15:11.105,1852,-0.0955,1.4925
8063,18:15:11.106,1798,-0.1219,1.4489
8064,18:15:11.106,1870,-0.0867,1.5070
8065,18:15:11.107,1901,-0.0716,1.5319
8066,18:15:11.107,1831,-0.1057,1.4755
8067,18:15:11.108,1795,-0.1233,1.4465
8068,18:15:11.108,1821,-0.1106,1.4675
8069,18:15:11.109,1857,-0.0930,1.4965
8070,18:15:11.109,1820,-0.1111,1.4667
8071,18:15:11.110,1837,-0.1028,1.4804
8072,18:15:11.110,1823,-0.1096,1.4691
8073,18:15:11.111,1872,-0.0857,1.5086
8074,18:15:11.111,1876,-0.0838,1.5118
8075,18:15:11.112,1885,-0.0794,1.5190
8076,18:15:11.112,1837,-0.1028,1.4804
8077,18:15:11.113,1811,-0.1155,1.4594
8078,18:15:11.113,1831,-0.1057,1.4755
8079,18:15:11.114,1788,-0.1267,1.4409
8080,18:15:11.114,1801,-0.1204,1.4514
8081,18:15:11.115,1818,-0.1121,1.4651
8082,18:15:11.115,1849,-0.0969,1.4900
8083,18:15:11.116,1788,-0.1267,1.4409
8084,18:15:11.116,1840,-0.1013,1.4828
8085,18:15:11.117,1870,-0.0867,1.5070
8086,18:15:11.117,1858,-0.0926,1.4973
8087,18:15:11.118,1803,-0.1194,1.4530
8088,18:15:11.118,1799,-0.1214,1.4497
8089,18:15:11.119,1853,-0.0950,1.4933
8090,18:15:11.119,1815,-0.1136,1.4626
8091,18:15:11.120,1846,-0.0984,1.4876
8092,18:15:11.120,1848,-0.0974,1.4892
8093,18:15:11.121,1895,-0.0745,1.5271
8094,18:15:11.121,1901,-0.0716,1.5319
8095,18:15:11.122,1931,-0.0569,1.5561
8096,18:15:11.122,1911,-0.0667,1.5400
8097,18:15:11.123,1863,-0.0901,1.5013
8098,18:15:11.123,1874,-0.0847,1.5102
8099,18:15:11.124,1859,-0.0921,1.4981
8100,18:15:11.124,1855,-0.0940,1.4949
8101,18:15:11.125,1854,-0.0945,1.4941
8102,18:15:11.125,1899,-0.0725,1.5303
8103,18:15:11.126,1859,-0.0921,1.4981
8104,18:15:11.126,1884,-0.0799,1.5182
8105,18:15:11.127,1909,-0.0676,1.5384
8106,18:15:11.127,1951,-0.0471,1.5722
8107,18:15:11.128,1890,-0.0769,1.5231
8108,18:15:11.128,1855,-0.0940,1.4949
8109,18:15:11.129,1906,-0.0691,1.5360
8110,18:15:11.129,1881,-0.0813,1.5158
8111,18:15:11.130,1905,-0.0696,1.5352
8112,18:15:11.130,1894,-0.0750,1.5263
8113,18:15:11.131,1927,-0.0589,1.5529
8114,18:15:11.131,1948,-0.0486,1.5698
8115,18:15:11.132,1964,-0.0408,1.5827
8116,18:15:11.132,1978,-0.0339,1.5940
8117,18:15:11.133,1925,-0.0598,1.5513
8118,18:15:11.133,1927,-0.0589,1.5529
8119,18:15:11.134,1927,-0.0589,1.5529
8120,18:15:11.134,1904,-0.0701,1.5344
8121,18:15:11.135,1888,-0.0779,1.5215
8122,18:15:11.135,1945,-0.0501,1.5674
8123,18:15:11.136,1917,-0.0637,1.5448
8124,18:15:11.136,1924,-0.0603,1.5505
8125,18:15:11.137,1946,-0.0496,1.5682
8126,18:15:11.137,2015,-0.0159,1.6238
8127,18:15:11.138,1967,-0.0393,1.5851
8128,18:15:11.138,1895,-0.0745,1.5271
8129,18:15:11.139,1945,-0.0501,1.5674
8130,18:15:11.139,1923,-0.0608,1.5497
8131,18:15:11.140,1937,-0.0540,1.5610
8132,18:15:11.140,1911,-0.0667,1.5400
8133,18:15:11.141,1930,-0.0574,1.5553
8134,18:15:11.141,1944,-0.0505,1.5666
8135,18:15:11.142,1938,-0.0535,1.5618
8136,18:15:11.142,1966,-0.0398,1.5843
8137,18:15:11.143,1932,-0.0564,1.5569
8138,18:15:11.143,1910,-0.0672,1.5392
8139,18:15:11.144,1911,-0.0667,1.5400
8140,18:15:11.144,1872,-0.0857,1.5086
8141,18:15:11.145,1855,-0.0940,1.4949
8142,18:15:11.145,1909,-0.0676,1.5384
8143,18:15:11.146,1899,-0.0725,1.5303
8144,18:15:11.146,1877,-0.0833,1.5126
8145,18:15:11.147,1875,-0.0842,1.5110
8146,18:15:11.147,1970,-0.0379,1.5875
8147,18:15:11.148,1937,-0.0540,1.5610
8148,18:15:11.148,1849,-0.0969,1.4900
8149,18:15:11.149,1894,-0.0750,1.5263
8150,18:15:11.149,1887,-0.0784,1.5207
8151,18:15:11.150,1893,-0.0755,1.5255
8152,18:15:11.150,1875,-0.0842,1.5110
8153,18:15:11.151,1905,-0.0696,1.5352
8154,18:15:11.151,1934,-0.0554,1.5585
8155,18:15:11.152,1904,-0.0701,1.5344
8156,18:15:11.152,1942,-0.0515,1.5650
8157,18:15:11.153,1928,-0.0584,1.5537
8158,18:15:11.153,1898,-0.0730,1.5295
8159,18:15:11.154,1905,-0.0696,1.5352
8160,18:15:11.154,1864,-0.0896,1.5021
8161,18:15:11.155,1850,-0.0965,1.4908
8162,18:15:11.155,1891,-0.0764,1.5239
8163,18:15:11.156,1906,-0.0691,1.5360
8164,18:15:11.156,1885,-0.0794,1.5190
8165,18:15:11.157,1866,-0.0886,1.5037
8166,18:15:11.157,1944,-0.0505,1.5666
8167,18:15:11.158,1936,-0.0545,1.5601
8168,18:15:11.158,1862,-0.0906,1.5005
8169,18:15:11.159,1888,-0.0779,1.5215
8170,18:15:11.159,1888,-0.0779,1.5215
8171,18:15:11.160,1882,-0.0808,1.5166
8172,18:15:11.160,1876,-0.0838,1.5118
8173,18:15:11.161,1907,-0.0686,1.5368
8174,18:15:11.161,1949,-0.0481,1.5706
8175,18:15:11.162,1913,-0.0657,1.5416
8176,18:15:11.162,1952,-0.0466,1.5730
8177,18:15:11.163,1954,-0.0457,1.5747
8178,18:15:11.163,1916,-0.0642,1.5440
8179,18:15:11.164,1943,-0.0510,1.5658
8180,18:15:11.164,1909,-0.0676,1.5384
8181,18:15:11.165,1890,-0.0769,1.5231
8182,18:15:11.165,1907,-0.0686,1.5368
8183,18:15:11.166,1949,-0.0481,1.5706
8184,18:15:11.166,1946,-0.0496,1.5682
8185,18:15:11.167,1902,-0.0711,1.5327
8186,18:15:11.167,1971,-0.0374,1.5884
8187,18:15:11.168,1977,-0.0344,1.5932
8188,18:15:11.168,1908,-0.0681,1.5376
8189,18:15:11.169,1923,-0.0608,1.5497
8190,18:15:11.169,1942,-0.0515,1.5650
8191,18:15:11.170,1924,-0.0603,1.5505
8192,18:15:11.170,1906,-0.0691,1.5360
8193,18:15:11.171,1934,-0.0554,1.5585
8194,18:15:11.171,1964,-0.0408,1.5827
8195,18:15:11.172,1934,-0.0554,1.5585
8196,18:15:11.172,1961,-0.0422,1.5803
8197,18:15:11.173,1964,-0.0408,1.5827
8198,18:15:11.173,1925,-0.0598,1.5513
8199,18:15:11.174,1935,-0.0549,1.5593
8200,18:15:11.174,1913,-0.0657,1.5416
8201,18:15:11.175,1878,-0.0828,1.5134
8202,18:15:11.175,1861,-0.0911,1.4997
8203,18:15:11.176,1907,-0.0686,1.5368
8204,18:15:11.176,1925,-0.0598,1.5513
8205,18:15:11.177,1871,-0.0862,1.5078
8206,18:15:11.177,1932,-0.0564,1.5569
8207,18:15:11.178,1970,-0.0379,1.5875
8208,18:15:11.178,1938,-0.0535,1.5618
8209,18:15:11.179,1916,-0.0642,1.5440
8210,18:15:11.179,1948,-0.0486,1.5698
8211,18:15:11.180,1925,-0.0598,1.5513
8212,18:15:11.180,1913,-0.0657,1.5416
8213,18:15:11.181,1933,-0.0559,1.5577
8214,18:15:11.181,1978,-0.0339,1.5940
8215,18:15:11.182,1962,-0.0418,1.5811
8216,18:15:11.182,1977,-0.0344,1.5932
8217,18:15:11.183,1988,-0.0291,1.6021
8218,18:15:11.183,1942,-0.0515,1.5650
8219,18:15:11.184,1943,-0.0510,1.5658
8220,18:15:11.184,1943,-0.0510,1.5658
8221,18:15:11.185,1901,-0.0716,1.5319
8222,18:15:11.185,1862,-0.0906,1.5005
8223,18:15:11.186,1909,-0.0676,1.5384
8224,18:15:11.186,1936,-0.0545,1.5601
8225,18:15:11.187,1871,-0.0862,1.5078
8226,18:15:11.187,1898,-0.0730,1.5295
8227,18:15:11.188,1951,-0.0471,1.5722
8228,18:15:11.188,1915,-0.0647,1.5432
8229,18:15:11.189,1868,-0.0877,1.5053
8230,18:15:11.189,1891,-0.0764,1.5239
8231,18:15:11.190,1886,-0.0789,1.5199
8232,18:15:11.190,1879,-0.0823,1.5142
8233,18:15:11.191,1874,-0.0847,1.5102
8234,18:15:11.191,1915,-0.0647,1.5432
8235,18:15:11.192,1912,-0.0662,1.5408
8236,18:15:11.192,1915,-0.0647,1.5432
8237,18:15:11.193,1934,-0.0554,1.5585
8238,18:15:11.193,1884,-0.0799,1.5182
8239,18:15:11.194,1876,-0.0838,1.5118
8240,18:15:11.194,1889,-0.0774,1.5223
8241,18:15:11.195,1862,-0.0906,1.5005
8242,18:15:11.195,1810,-0.1160,1.4586
8243,18:15:11.196,1856,-0.0935,1.4957
8244,18:15:11.196,1895,-0.0745,1.5271
8245,18:15:11.197,1853,-0.0950,1.4933
8246,18:15:11.197,1877,-0.0833,1.5126
8247,18:15:11.198,1934,-0.0554,1.5585
8248,18:15:11.198,1922,-0.0613,1.5489
8249,18:15:11.199,1865,-0.0891,1.5029
8250,18:15:11.199,1895,-0.0745,1.5271
8251,18:15:11.200,1899,-0.0725,1.5303
8252,18:15:11.200,1888,-0.0779,1.5215
8253,18:15:11.201,1875,-0.0842,1.5110
8254,18:15:11.201,1910,-0.0672,1.5392
8255,18:15:11.202,1925,-0.0598,1.5513
8256,18:15:11.202,1932,-0.0564,1.5569
8257,18:15:11.203,1952,-0.0466,1.5730
8258,18:15:11.203,1940,-0.0525,1.5634
8259,18:15:11.204,1926,-0.0593,1.5521
8260,18:15:11.204,1953,-0.0462,1.5738
8261,18:15:11.205,1942,-0.0515,1.5650
8262,18:15:11.205,1879,-0.0823,1.5142
8263,18:15:11.206,1914,-0.0652,1.5424
8264,18:15:11.206,1954,-0.0457,1.5747
8265,18:15:11.207,1927,-0.0589,1.5529
8266,18:15:11.207,1924,-0.0603,1.5505
8267,18:15:11.208,1982,-0.0320,1.5972
8268,18:15:11.208,1995,-0.0256,1.6077
8269,18:15:11.209,1936,-0.0545,1.5601
8270,18:15:11.209,1965,-0.0403,1.5835
8271,18:15:11.210,1983,-0.0315,1.5980
8272,18:15:11.210,1970,-0.0379,1.5875
8273,18:15:11.211,1951,-0.0471,1.5722
8274,18:15:11.211,1975,-0.0354,1.5916
8275,18:15:11.212,1994,-0.0261,1.6069
8276,18:15:11.212,1987,-0.0295,1.6012
8277,18:15:11.213,2017,-0.0149,1.6254
8278,18:15:11.213,2008,-0.0193,1.6182
8279,18:15:11.214,1985,-0.0305,1.5996
8280,18:15:11.214,2001,-0.0227,1.6125
8281,18:15:11.215,2009,-0.0188,1.6190
8282,18:15:11.215,1946,-0.0496,1.5682
8283,18:15:11.216,1964,-0.0408,1.5827
8284,18:15:11.216,1992,-0.0271,1.6053
8285,18:15:11.217,1988,-0.0291,1.6021
8286,18:15:11.217,1962,-0.0418,1.5811
8287,18:15:11.218,2004,-0.0212,1.6149
8288,18:15:11.218,2022,-0.0125,1.6295
8289,18:15:11.219,1970,-0.0379,1.5875
8290,18:15:11.219,1975,-0.0354,1.5916
8291,18:15:11.220,1986,-0.0300,1.6004
8292,18:15:11.220,1983,-0.0315,1.5980
8293,18:15:11.221,1955,-0.0452,1.5755
8294,18:15:11.221,1969,-0.0383,1.5867
8295,18:15:11.222,1994,-0.0261,1.6069
8296,18:15:11.222,1990,-0.0281,1.6037
8297,18:15:11.223,2018,-0.0144,1.6262
8298,18:15:11.223,2017,-0.0149,1.6254
8299,18:15:11.224,1988,-0.0291,1.6021
8300,18:15:11.224,1991,-0.0276,1.6045
8301,18:15:11.225,2019,-0.0139,1.6270
8302,18:15:11.225,1956,-0.0447,1.5763
8303,18:15:11.226,1960,-0.0427,1.5795
8304,18:15:11.226,1975,-0.0354,1.5916
8305,18:15:11.227,1996,-0.0252,1.6085
8306,18:15:11.227,1957,-0.0442,1.5771
8307,18:15:11.228,1988,-0.0291,1.6021
8308,18:15:11.228,2017,-0.0149,1.6254
8309,18:15:11.229,1964,-0.0408,1.5827
8310,18:15:11.229,1944,-0.0505,1.5666
8311,18:15:11.230,1954,-0.0457,1.5747
8312,18:15:11.230,1943,-0.0510,1.5658
8313,18:15:11.231,1924,-0.0603,1.5505
8314,18:15:11.231,1909,-0.0676,1.5384
8315,18:15:11.232,1934,-0.0554,1.5585
8316,18:15:11.232,1916,-0.0642,1.5440
8317,18:15:11.233,1948,-0.0486,1.5698
8318,18:15:11.233,1951,-0.0471,1.5722
8319,18:15:11.234,1910,-0.0672,1.5392
8320,18:15:11.234,1905,-0.0696,1.5352
8321,18:15:11.235,1944,-0.0505,1.5666
8322,18:15:11.235,1887,-0.0784,1.5207
8323,18:15:11.236,1879,-0.0823,1.5142
8324,18:15:11.236,1887,-0.0784,1.5207
8325,18:15:11.237,1933,-0.0559,1.5577
8326,18:15:11.237,1882,-0.0808,1.5166
8327,18:15:11.238,1895,-0.0745,1.5271
8328,18:15:11.238,1954,-0.0457,1.5747
8329,18:15:11.239,1926,-0.0593,1.5521
8330,18:15:11.239,1881,-0.0813,1.5158
8331,18:15:11.240,1877,-0.0833,1.5126
8332,18:15:11.240,1863,-0.0901,1.5013
8333,18:15:11.241,1842,-0.1004,1.4844
8334,18:15:11.241,1821,-0.1106,1.4675
8335,18:15:11.242,1841,-0.1009,1.4836
8336,18:15:11.242,1828,-0.1072,1.4731
8337,18:15:11.243,1850,-0.0965,1.4908
8338,18:15:11.243,1868,-0.0877,1.5053
8339,18:15:11.244,1839,-0.1018,1.4820
8340,18:15:11.244,1838,-0.1023,1.4812
8341,18:15:11.245,1879,-0.0823,1.5142
8342,18:15:11.245,1847,-0.0979,1.4884
8343,18:15:11.246,1826,-0.1082,1.4715
8344,18:15:11.246,1833,-0.1048,1.4771
8345,18:15:11.247,1882,-0.0808,1.5166
8346,18:15:11.247,1848,-0.0974,1.4892
8347,18:15:11.248,1849,-0.0969,1.4900
8348,18:15:11.248,1913,-0.0657,1.5416
8349,18:15:11.249,1924,-0.0603,1.5505
8350,18:15:11.249,1896,-0.0740,1.5279
8351,18:15:11.250,1906,-0.0691,1.5360
8352,18:15:11.250,1923,-0.0608,1.5497
8353,18:15:11.251,1923,-0.0608,1.5497
8354,18:15:11.251,1895,-0.0745,1.5271
8355,18:15:11.252,1917,-0.0637,1.5448
8356,18:15:11.252,1922,-0.0613,1.5489
8357,18:15:11.253,1928,-0.0584,1.5537
8358,18:15:11.253,1958,-0.0437,1.5779
8359,18:15:11.254,1931,-0.0569,1.5561
8360,18:15:11.254,1943,-0.0510,1.5658
8361,18:15:11.255,1949,-0.0481,1.5706
8362,18:15:11.255,1929,-0.0579,1.5545
8363,18:15:11.256,1891,-0.0764,1.5239
8364,18:15:11.256,1878,-0.0828,1.5134
8365,18:15:11.257,1917,-0.0637,1.5448
8366,18:15:11.257,1892,-0.0759,1.5247
8367,18:15:11.258,1872,-0.0857,1.5086
8368,18:15:11.258,1927,-0.0589,1.5529
8369,18:15:11.259,1947,-0.0491,1.5690
8370,18:15:11.259,1906,-0.0691,1.5360
8371,18:15:11.260,1907,-0.0686,1.5368
8372,18:15:11.260,1924,-0.0603,1.5505
8373,18:15:11.261,1931,-0.0569,1.5561
8374,18:15:11.261,1888,-0.0779,1.5215
8375,18:15:11.262,1908,-0.0681,1.5376
8376,18:15:11.262,1903,-0.0706,1.5336
8377,18:15:11.263,1905,-0.0696,1.5352
8378,18:15:11.263,1945,-0.0501,1.5674
8379,18:15:11.264,1930,-0.0574,1.5553
8380,18:15:11.264,1923,-0.0608,1.5497
8381,18:15:11.265,1933,-0.0559,1.5577
8382,18:15:11.265,1937,-0.0540,1.5610
8383,18:15:11.266,1900,-0.0720,1.5311
8384,18:15:11.266,1879,-0.0823,1.5142
8385,18:15:11.267,1925,-0.0598,1.5513
8386,18:15:11.267,1909,-0.0676,1.5384
8387,18:15:11.268,1878,-0.0828,1.5134
8388,18:15:11.268,1925,-0.0598,1.5513
8389,18:15:11.269,1961,-0.0422,1.5803
8390,18:15:11.269,1935,-0.0549,1.5593
8391,18:15:11.270,1934,-0.0554,1.5585
8392,18:15:11.270,1942,-0.0515,1.5650
8393,18:15:11.271,1954,-0.0457,1.5747
8394,18:15:11.271,1924,-0.0603,1.5505
8395,18:15:11.272,1931,-0.0569,1.5561
8396,18:15:11.272,1937,-0.0540,1.5610
8397,18:15:11.273,1926,-0.0593,1.5521
8398,18:15:11.273,1960,-0.0427,1.5795
8399,18:15:11.274,1958,-0.0437,1.5779
8400,18:15:11.274,1950,-0.0476,1.5714
8401,18:15:11.275,1951,-0.0471,1.5722
8402,18:15:11.275,1961,-0.0422,1.5803
8403,18:15:11.276,1930,-0.0574,1.5553
8404,18:15:11.276,1901,-0.0716,1.5319
8405,18:15:11.277,1933,-0.0559,1.5577
8406,18:15:11.277,1941,-0.0520,1.5642
8407,18:15:11.278,1906,-0.0691,1.5360
8408,18:15:11.278,1928,-0.0584,1.5537
8409,18:15:11.279,1974,-0.0359,1.5908
8410,18:15:11.279,1958,-0.0437,1.5779
8411,18:15:11.280,1953,-0.0462,1.5738
8412,18:15:11.280,1957,-0.0442,1.5771
8413,18:15:11.281,1971,-0.0374,1.5884
8414,18:15:11.281,1945,-0.0501,1.5674
8415,18:15:11.282,1943,-0.0510,1.5658
8416,18:15:11.282,1957,-0.0442,1.5771
8417,18:15:11.283,1940,-0.0525,1.5634
8418,18:15:11.283,1976,-0.0349,1.5924
8419,18:15:11.284,1978,-0.0339,1.5940
8420,18:15:11.284,1968,-0.0388,1.5859
8421,18:15:11.285,1959,-0.0432,1.5787
8422,18:15:11.285,1983,-0.0315,1.5980
8423,18:15:11.286,1957,-0.0442,1.5771
8424,18:15:11.286,1927,-0.0589,1.5529
8425,18:15:11.287,1933,-0.0559,1.5577
8426,18:15:11.287,1961,-0.0422,1.5803
8427,18:15:11.288,1931,-0.0569,1.5561
8428,18:15:11.288,1929,-0.0579,1.5545
8429,18:15:11.289,1978,-0.0339,1.5940
8430,18:15:11.289,1976,-0.0349,1.5924
8431,18:15:11.290,1968,-0.0388,1.5859
8432,18:15:11.290,1968,-0.0388,1.5859
8433,18:15:11.291,1981,-0.0325,1.5964
8434,18:15:11.291,1973,-0.0364,1.5900
8435,18:15:11.292,1952,-0.0466,1.5730
8436,18:15:11.292,1966,-0.0398,1.5843
8437,18:15:11.293,1954,-0.0457,1.5747
8438,18:15:11.293,1974,-0.0359,1.5908
8439,18:15:11.294,1984,-0.0310,1.5988
8440,18:15:11.294,1980,-0.0330,1.5956
8441,18:15:11.295,1961,-0.0422,1.5803
8442,18:15:11.295,1986,-0.0300,1.6004
8443,18:15:11.296,1972,-0.0369,1.5892
8444,18:15:11.296,1940,-0.0525,1.5634
8445,18:15:11.297,1937,-0.0540,1.5610
8446,18:15:11.297,1964,-0.0408,1.5827
8447,18:15:11.298,1943,-0.0510,1.5658
8448,18:15:11.298,1915,-0.0647,1.5432
8449,18:15:11.299,1971,-0.0374,1.5884
8450,18:15:11.299,1986,-0.0300,1.6004
8451,18:15:11.300,1977,-0.0344,1.5932
8452,18:15:11.300,1973,-0.0364,1.5900
8453,18:15:11.301,1991,-0.0276,1.6045
8454,18:15:11.301,1991,-0.0276,1.6045
8455,18:15:11.302,1964,-0.0408,1.5827
8456,18:15:11.302,1975,-0.0354,1.5916
8457,18:15:11.303,1968,-0.0388,1.5859
8458,18:15:11.303,1981,-0.0325,1.5964
8459,18:15:11.304,1994,-0.0261,1.6069
8460,18:15:11.304,1994,-0.0261,1.6069
8461,18:15:11.305,1977,-0.0344,1.5932
8462,18:15:11.305,2008,-0.0193,1.6182
8463,18:15:11.306,2007,-0.0198,1.6174
8464,18:15:11.306,1974,-0.0359,1.5908
8465,18:15:11.307,1954,-0.0457,1.5747
8466,18:15:11.307,1986,-0.0300,1.6004
8467,18:15:11.308,1978,-0.0339,1.5940
8468,18:15:11.308,1943,-0.0510,1.5658
8469,18:15:11.309,1989,-0.0286,1.6029
8470,18:15:11.309,2018,-0.0144,1.6262
8471,18:15:11.310,2012,-0.0173,1.6214
8472,18:15:11.310,2002,-0.0222,1.6133
8473,18:15:11.311,2021,-0.0129,1.6286
8474,18:15:11.311,2033,-0.0071,1.6383
8475,18:15:11.312,1992,-0.0271,1.6053
8476,18:15:11.312,2002,-0.0222,1.6133
8477,18:15:11.313,2002,-0.0222,1.6133
8478,18:15:11.313,2004,-0.0212,1.6149
8479,18:15:11.314,2016,-0.0154,1.6246
8480,18:15:11.314,2020,-0.0134,1.6278
8481,18:15:11.315,2008,-0.0193,1.6182
8482,18:15:11.315,2024,-0.0115,1.6311
8483,18:15:11.316,2034,-0.0066,1.6391
8484,18:15:11.316,2008,-0.0193,1.6182
8485,18:15:11.317,1979,-0.0335,1.5948
8486,18:15:11.317,2004,-0.0212,1.6149
8487,18:15:11.318,2011,-0.0178,1.6206
8488,18:15:11.318,1969,-0.0383,1.5867
8489,18:15:11.319,2002,-0.0222,1.6133
8490,18:15:11.319,2037,-0.0051,1.6415
8491,18:15:11.320,2032,-0.0076,1.6375
8492,18:15:11.320,2023,-0.0120,1.6303
8493,18:15:11.321,2033,-0.0071,1.6383
8494,18:15:11.321,2057,0.0046,1.6577
8495,18:15:11.322,2021,-0.0129,1.6286
8496,18:15:11.322,2016,-0.0154,1.6246
8497,18:15:11.323,2023,-0.0120,1.6303
8498,18:15:11.323,2012,-0.0173,1.6214
8499,18:15:11.324,2025,-0.0110,1.6319
8500,18:15:11.324,2039,-0.0042,1.6432
8501,18:15:11.325,2023,-0.0120,1.6303
8502,18:15:11.325,2030,-0.0085,1.6359
8503,18:15:11.326,2041,-0.0032,1.6448
8504,18:15:11.326,2028,-0.0095,1.6343
8505,18:15:11.327,1992,-0.0271,1.6053
8506,18:15:11.327,2003,-0.0217,1.6141
8507,18:15:11.328,2025,-0.0110,1.6319
8508,18:15:11.328,1986,-0.0300,1.6004
8509,18:15:11.329,1995,-0.0256,1.6077
8510,18:15:11.329,2034,-0.0066,1.6391
8511,18:15:11.330,2039,-0.0042,1.6432
8512,18:15:11.330,2032,-0.0076,1.6375
8513,18:15:11.331,2024,-0.0115,1.6311
8514,18:15:11.331,2045,-0.0012,1.6480
8515,18:15:11.332,2008,-0.0193,1.6182
8516,18:15:11.332,1990,-0.0281,1.6037
8517,18:15:11.333,1995,-0.0256,1.6077
8518,18:15:11.333,1975,-0.0354,1.5916
8519,18:15:11.334,1979,-0.0335,1.5948
8520,18:15:11.334,1993,-0.0266,1.6061
8521,18:15:11.335,1973,-0.0364,1.5900
8522,18:15:11.335,1969,-0.0383,1.5867
8523,18:15:11.336,1979,-0.0335,1.5948
8524,18:15:11.336,1975,-0.0354,1.5916
8525,18:15:11.337,1927,-0.0589,1.5529
8526,18:15:11.337,1923,-0.0608,1.5497
8527,18:15:11.338,1952,-0.0466,1.5730
8528,18:15:11.338,1910,-0.0672,1.5392
8529,18:15:11.339,1896,-0.0740,1.5279
8530,18:15:11.339,1940,-0.0525,1.5634
8531,18:15:11.340,1950,-0.0476,1.5714
8532,18:15:11.340,1946,-0.0496,1.5682
8533,18:15:11.341,1932,-0.0564,1.5569
8534,18:15:11.341,1960,-0.0427,1.5795
8535,18:15:11.342,1949,-0.0481,1.5706
8536,18:15:11.342,1912,-0.0662,1.5408
8537,18:15:11.343,1929,-0.0579,1.5545
8538,18:15:11.343,1910,-0.0672,1.5392
8539,18:15:11.344,1925,-0.0598,1.5513
8540,18:15:11.344,1938,-0.0535,1.5618
8541,18:15:11.345,1931,-0.0569,1.5561
8542,18:15:11.345,1927,-0.0589,1.5529
8543,18:15:11.346,1941,-0.0520,1.5642
8544,18:15:11.346,1955,-0.0452,1.5755
8545,18:15:11.347,1913,-0.0657,1.5416
8546,18:15:11.347,1899,-0.0725,1.5303
8547,18:15:11.348,1932,-0.0564,1.5569
8548,18:15:11.348,1914,-0.0652,1.5424
8549,18:15:11.349,1880,-0.0818,1.5150
8550,18:15:11.349,1927,-0.0589,1.5529
8551,18:15:11.350,1948,-0.0486,1.5698
8552,18:15:11.350,1953,-0.0462,1.5738
8553,18:15:11.351,1930,-0.0574,1.5553
8554,18:15:11.351,1958,-0.0437,1.5779
8555,18:15:11.352,1960,-0.0427,1.5795
8556,18:15:11.352,1915,-0.0647,1.5432
8557,18:15:11.353,1929,-0.0579,1.5545
8558,18:15:11.353,1908,-0.0681,1.5376
8559,18:15:11.354,1911,-0.0667,1.5400
8560,18:15:11.354,1929,-0.0579,1.5545
8561,18:15:11.355,1923,-0.0608,1.5497
8562,18:15:11.355,1908,-0.0681,1.5376
8563,18:15:11.356,1926,-0.0593,1.5521
8564,18:15:11.356,1945,-0.0501,1.5674
8565,18:15:11.357,1911,-0.0667,1.5400
8566,18:15:11.357,1890,-0.0769,1.5231
8567,18:15:11.358,1909,-0.0676,1.5384
8568,18:15:11.358,1913,-0.0657,1.5416
8569,18:15:11.359,1871,-0.0862,1.5078
8570,18:15:11.359,1906,-0.0691,1.5360
8571,18:15:11.360,1942,-0.0515,1.5650
8572,18:15:11.360,1953,-0.0462,1.5738
8573,18:15:11.361,1935,-0.0549,1.5593
8574,18:15:11.361,1956,-0.0447,1.5763
8575,18:15:11.362,1980,-0.0330,1.5956
8576,18:15:11.362,1936,-0.0545,1.5601
8577,18:15:11.363,1945,-0.0501,1.5674
8578,18:15:11.363,1935,-0.0549,1.5593
8579,18:15:11.364,1930,-0.0574,1.5553
8580,18:15:11.364,1934,-0.0554,1.5585
8581,18:15:11.365,1943,-0.0510,1.5658
8582,18:15:11.365,1933,-0.0559,1.5577
8583,18:15:11.366,1934,-0.0554,1.5585
8584,18:15:11.366,1957,-0.0442,1.5771
8585,18:15:11.367,1938,-0.0535,1.5618
8586,18:15:11.367,1899,-0.0725,1.5303
8587,18:15:11.368,1908,-0.0681,1.5376
8588,18:15:11.368,1936,-0.0545,1.5601
8589,18:15:11.369,1885,-0.0794,1.5190
8590,18:15:11.369,1903,-0.0706,1.5336
8591,18:15:11.370,1936,-0.0545,1.5601
8592,18:15:11.370,1954,-0.0457,1.5747
8593,18:15:11.371,1940,-0.0525,1.5634
8594,18:15:11.371,1951,-0.0471,1.5722
8595,18:15:11.372,1982,-0.0320,1.5972
8596,18:15:11.372,1945,-0.0501,1.5674
8597,18:15:11.373,1941,-0.0520,1.5642
8598,18:15:11.373,1929,-0.0579,1.5545
8599,18:15:11.374,1913,-0.0657,1.5416
8600,18:15:11.374,1912,-0.0662,1.5408
8601,18:15:11.375,1928,-0.0584,1.5537
8602,18:15:11.375,1912,-0.0662,1.5408
8603,18:15:11.376,1906,-0.0691,1.5360
8604,18:15:11.376,1930,-0.0574,1.5553
8605,18:15:11.377,1916,-0.0642,1.5440
8606,18:15:11.377,1879,-0.0823,1.5142
8607,18:15:11.378,1877,-0.0833,1.5126
8608,18:15:11.378,1904,-0.0701,1.5344
8609,18:15:11.379,1863,-0.0901,1.5013
8610,18:15:11.379,1862,-0.0906,1.5005
8611,18:15:11.380,1885,-0.0794,1.5190
8612,18:15:11.380,1904,-0.0701,1.5344
8613,18:15:11.381,1897,-0.0735,1.5287
8614,18:15:11.381,1890,-0.0769,1.5231
8615,18:15:11.382,1934,-0.0554,1.5585
8616,18:15:11.382,1898,-0.0730,1.5295
8617,18:15:11.383,1892,-0.0759,1.5247
8618,18:15:11.383,1889,-0.0774,1.5223
8619,18:15:11.384,1882,-0.0808,1.5166
8620,18:15:11.384,1878,-0.0828,1.5134
8621,18:15:11.385,1899,-0.0725,1.5303
8622,18:15:11.385,1894,-0.0750,1.5263
8623,18:15:11.386,1889,-0.0774,1.5223
8624,18:15:11.386,1909,-0.0676,1.5384
8625,18:15:11.387,1925,-0.0598,1.5513
8626,18:15:11.387,1891,-0.0764,1.5239
8627,18:15:11.388,1879,-0.0823,1.5142
8628,18:15:11.388,1909,-0.0676,1.5384
8629,18:15:11.389,1881,-0.0813,1.5158
8630,18:15:11.389,1855,-0.0940,1.4949
8631,18:15:11.390,1885,-0.0794,1.5190
8632,18:15:11.390,1904,-0.0701,1.5344
8633,18:15:11.391,1910,-0.0672,1.5392
8634,18:15:11.391,1892,-0.0759,1.5247
8635,18:15:11.392,1936,-0.0545,1.5601
8636,18:15:11.392,1917,-0.0637,1.5448
8637,18:15:11.393,1905,-0.0696,1.5352
8638,18:15:11.393,1898,-0.0730,1.5295
8639,18:15:11.394,1887,-0.0784,1.5207
8640,18:15:11.394,1879,-0.0823,1.5142
8641,18:15:11.395,1902,-0.0711,1.5327
8642,18:15:11.395,1900,-0.0720,1.5311
8643,18:15:11.396,1890,-0.0769,1.5231
8644,18:15:11.396,1907,-0.0686,1.5368
8645,18:15:11.397,1930,-0.0574,1.5553
8646,18:15:11.397,1902,-0.0711,1.5327
8647,18:15:11.398,1877,-0.0833,1.5126
8648,18:15:11.398,1905,-0.0696,1.5352
8649,18:15:11.399,1895,-0.0745,1.5271
8650,18:15:11.399,1859,-0.0921,1.4981
8651,18:15:11.400,1880,-0.0818,1.5150
8652,18:15:11.400,1904,-0.0701,1.5344
8653,18:15:11.401,1922,-0.0613,1.5489
8654,18:15:11.401,1897,-0.0735,1.5287
8655,18:15:11.402,1934,-0.0554,1.5585
8656,18:15:11.402,1936,-0.0545,1.5601
8657,18:15:11.403,1904,-0.0701,1.5344
8658,18:15:11.403,1898,-0.0730,1.5295
8659,18:15:11.404,1892,-0.0759,1.5247
8660,18:15:11.404,1879,-0.0823,1.5142
8661,18:15:11.405,1896,-0.0740,1.5279
8662,18:15:11.405,1898,-0.0730,1.5295
8663,18:15:11.406,1893,-0.0755,1.5255
8664,18:15:11.406,1900,-0.0720,1.5311
8665,18:15:11.407,1928,-0.0584,1.5537
8666,18:15:11.407,1913,-0.0657,1.5416
8667,18:15:11.408,1883,-0.0803,1.5174
8668,18:15:11.408,1899,-0.0725,1.5303
8669,18:15:11.409,1908,-0.0681,1.5376
8670,18:15:11.409,1866,-0.0886,1.5037
8671,18:15:11.410,1883,-0.0803,1.5174
8672,18:15:11.410,1905,-0.0696,1.5352
8673,18:15:11.411,1930,-0.0574,1.5553
8674,18:15:11.411,1905,-0.0696,1.5352
8675,18:15:11.412,1926,-0.0593,1.5521
8676,18:15:11.412,1950,-0.0476,1.5714
8677,18:15:11.413,1923,-0.0608,1.5497
8678,18:15:11.413,1911,-0.0667,1.5400
8679,18:15:11.414,1904,-0.0701,1.5344
8680,18:15:11.414,1888,-0.0779,1.5215
8681,18:15:11.415,1898,-0.0730,1.5295
8682,18:15:11.415,1904,-0.0701,1.5344
8683,18:15:11.416,1896,-0.0740,1.5279
8684,18:15:11.416,1899,-0.0725,1.5303
8685,18:15:11.417,1917,-0.0637,1.5448
8686,18:15:11.417,1924,-0.0603,1.5505
8687,18:15:11.418,1886,-0.0789,1.5199
8688,18:15:11.418,1894,-0.0750,1.5263
8689,18:15:11.419,1909,-0.0676,1.5384
8690,18:15:11.419,1869,-0.0872,1.5062
8691,18:15:11.420,1875,-0.0842,1.5110
8692,18:15:11.420,1894,-0.0750,1.5263
8693,18:15:11.421,1914,-0.0652,1.5424
8694,18:15:11.421,1908,-0.0681,1.5376
8695,18:15:11.422,1910,-0.0672,1.5392
8696,18:15:11.422,1951,-0.0471,1.5722
8697,18:15:11.423,1914,-0.0652,1.5424
8698,18:15:11.423,1910,-0.0672,1.5392
8699,18:15:11.424,1908,-0.0681,1.5376
8700,18:15:11.424,1883,-0.0803,1.5174
8701,18:15:11.425,1885,-0.0794,1.5190
8702,18:15:11.425,1891,-0.0764,1.5239
8703,18:15:11.426,1888,-0.0779,1.5215
8704,18:15:11.426,1877,-0.0833,1.5126
8705,18:15:11.427,1897,-0.0735,1.5287
8706,18:15:11.427,1915,-0.0647,1.5432
8707,18:15:11.428,1886,-0.0789,1.5199
8708,18:15:11.428,1870,-0.0867,1.5070
8709,18:15:11.429,1911,-0.0667,1.5400
8710,18:15:11.429,1873,-0.0852,1.5094
8711,18:15:11.430,1864,-0.0896,1.5021
8712,18:15:11.430,1881,-0.0813,1.5158
8713,18:15:11.431,1907,-0.0686,1.5368
8714,18:15:11.431,1910,-0.0672,1.5392
8715,18:15:11.432,1902,-0.0711,1.5327
8716,18:15:11.432,1947,-0.0491,1.5690
8717,18:15:11.433,1933,-0.0559,1.5577
8718,18:15:11.433,1924,-0.0603,1.5505
8719,18:15:11.434,1923,-0.0608,1.5497
8720,18:15:11.434,1894,-0.0750,1.5263
8721,18:15:11.435,1895,-0.0745,1.5271
8722,18:15:11.435,1903,-0.0706,1.5336
8723,18:15:11.436,1904,-0.0701,1.5344
8724,18:15:11.436,1895,-0.0745,1.5271
8725,18:15:11.437,1910,-0.0672,1.5392
8726,18:15:11.437,1935,-0.0549,1.5593
8727,18:15:11.438,1911,-0.0667,1.5400
8728,18:15:11.438,1887,-0.0784,1.5207
8729,18:15:11.439,1915,-0.0647,1.5432
8730,18:15:11.439,1899,-0.0725,1.5303
8731,18:15:11.440,1879,-0.0823,1.5142
8732,18:15:11.440,1890,-0.0769,1.5231
8733,18:15:11.441,1914,-0.0652,1.5424
8734,18:15:11.441,1936,-0.0545,1.5601
8735,18:15:11.442,1910,-0.0672,1.5392
8736,18:15:11.442,1954,-0.0457,1.5747
8737,18:15:11.443,1951,-0.0471,1.5722
8738,18:15:11.443,1940,-0.0525,1.5634
8739,18:15:11.444,1928,-0.0584,1.5537
8740,18:15:11.444,1911,-0.0667,1.5400
8741,18:15:11.445,1897,-0.0735,1.5287
8742,18:15:11.445,1912,-0.0662,1.5408
8743,18:15:11.446,1909,-0.0676,1.5384
8744,18:15:11.446,1901,-0.0716,1.5319
8745,18:15:11.447,1911,-0.0667,1.5400
8746,18:15:11.447,1937,-0.0540,1.5610
8747,18:15:11.448,1933,-0.0559,1.5577
8748,18:15:11.448,1895,-0.0745,1.5271
8749,18:15:11.449,1916,-0.0642,1.5440
8750,18:15:11.449,1915,-0.0647,1.5432
8751,18:15:11.450,1882,-0.0808,1.5166
8752,18:15:11.450,1889,-0.0774,1.5223
8753,18:15:11.451,1912,-0.0662,1.5408
8754,18:15:11.451,1940,-0.0525,1.5634
8755,18:15:11.452,1914,-0.0652,1.5424
8756,18:15:11.452,1949,-0.0481,1.5706
8757,18:15:11.453,1959,-0.0432,1.5787
8758,18:15:11.453,1944,-0.0505,1.5666
8759,18:15:11.454,1933,-0.0559,1.5577
8760,18:15:11.454,1925,-0.0598,1.5513
8761,18:15:11.455,1908,-0.0681,1.5376
8762,18:15:11.455,1907,-0.0686,1.5368
8763,18:15:11.456,1913,-0.0657,1.5416
8764,18:15:11.456,1906,-0.0691,1.5360
8765,18:15:11.457,1907,-0.0686,1.5368
8766,18:15:11.457,1930,-0.0574,1.5553
8767,18:15:11.458,1940,-0.0525,1.5634
8768,18:15:11.458,1902,-0.0711,1.5327
8769,18:15:11.459,1912,-0.0662,1.5408
8770,18:15:11.459,1924,-0.0603,1.5505
8771,18:15:11.460,1891,-0.0764,1.5239
8772,18:15:11.460,1889,-0.0774,1.5223
8773,18:15:11.461,1905,-0.0696,1.5352
8774,18:15:11.461,1939,-0.0530,1.5626
8775,18:15:11.462,1915,-0.0647,1.5432
8776,18:15:11.462,1943,-0.0510,1.5658
8777,18:15:11.463,1963,-0.0413,1.5819
8778,18:15:11.463,1949,-0.0481,1.5706
8779,18:15:11.464,1937,-0.0540,1.5610
8780,18:15:11.464,1929,-0.0579,1.5545
8781,18:15:11.465,1907,-0.0686,1.5368
8782,18:15:11.465,1906,-0.0691,1.5360
8783,18:15:11.466,1915,-0.0647,1.5432
8784,18:15:11.466,1913,-0.0657,1.5416
8785,18:15:11.467,1909,-0.0676,1.5384
8786,18:15:11.467,1925,-0.0598,1.5513
8787,18:15:11.468,1944,-0.0505,1.5666
8788,18:15:11.468,1906,-0.0691,1.5360
8789,18:15:11.469,1906,-0.0691,1.5360
8790,18:15:11.469,1931,-0.0569,1.5561
8791,18:15:11.470,1902,-0.0711,1.5327
8792,18:15:11.470,1892,-0.0759,1.5247
8793,18:15:11.471,1902,-0.0711,1.5327
8794,18:15:11.471,1933,-0.0559,1.5577
8795,18:15:11.472,1927,-0.0589,1.5529
8796,18:15:11.472,1929,-0.0579,1.5545
8797,18:15:11.473,1956,-0.0447,1.5763
8798,18:15:11.473,1951,-0.0471,1.5722
8799,18:15:11.474,1941,-0.0520,1.5642
8800,18:15:11.474,1938,-0.0535,1.5618
8801,18:15:11.475,1912,-0.0662,1.5408
8802,18:15:11.475,1906,-0.0691,1.5360
8803,18:15:11.476,1913,-0.0657,1.5416
8804,18:15:11.476,1908,-0.0681,1.5376
8805,18:15:11.477,1903,-0.0706,1.5336
8806,18:15:11.477,1912,-0.0662,1.5408
8807,18:15:11.478,1941,-0.0520,1.5642
8808,18:15:11.478,1916,-0.0642,1.5440
8809,18:15:11.479,1900,-0.0720,1.5311
8810,18:15:11.479,1926,-0.0593,1.5521
8811,18:15:11.480,1908,-0.0681,1.5376
8812,18:15:11.480,1891,-0.0764,1.5239
8813,18:15:11.481,1895,-0.0745,1.5271
8814,18:15:11.481,1926,-0.0593,1.5521
8815,18:15:11.482,1931,-0.0569,1.5561
8816,18:15:11.482,1915,-0.0647,1.5432
8817,18:15:11.483,1953,-0.0462,1.5738
8818,18:15:11.483,1955,-0.0452,1.5755
8819,18:15:11.484,1937,-0.0540,1.5610
8820,18:15:11.484,1934,-0.0554,1.5585
8821,18:15:11.485,1912,-0.0662,1.5408
8822,18:15:11.485,1904,-0.0701,1.5344
8823,18:15:11.486,1908,-0.0681,1.5376
8824,18:15:11.486,1907,-0.0686,1.5368
8825,18:15:11.487,1900,-0.0720,1.5311
8826,18:15:11.487,1903,-0.0706,1.5336
8827,18:15:11.488,1936,-0.0545,1.5601
8828,18:15:11.488,1931,-0.0569,1.5561
8829,18:15:11.489,1898,-0.0730,1.5295
8830,18:15:11.489,1917,-0.0637,1.5448
8831,18:15:11.490,1910,-0.0672,1.5392
8832,18:15:11.490,1893,-0.0755,1.5255
8833,18:15:11.491,1889,-0.0774,1.5223
8834,18:15:11.491,1914,-0.0652,1.5424
8835,18:15:11.492,1931,-0.0569,1.5561
8836,18:15:11.492,1912,-0.0662,1.5408
8837,18:15:11.493,1940,-0.0525,1.5634
8838,18:15:11.493,1952,-0.0466,1.5730
8839,18:15:11.494,1941,-0.0520,1.5642
8840,18:15:11.494,1936,-0.0545,1.5601
8841,18:15:11.495,1917,-0.0637,1.5448
8842,18:15:11.495,1902,-0.0711,1.5327
8843,18:15:11.496,1909,-0.0676,1.5384
8844,18:15:11.496,1911,-0.0667,1.5400
8845,18:15:11.497,1905,-0.0696,1.5352
8846,18:15:11.497,1908,-0.0681,1.5376
8847,18:15:11.498,1931,-0.0569,1.5561
8848,18:15:11.498,1941,-0.0520,1.5642
8849,18:15:11.499,1905,-0.0696,1.5352
8850,18:15:11.499,1926,-0.0593,1.5521
8851,18:15:11.500,1926,-0.0593,1.5521
8852,18:15:11.500,1901,-0.0716,1.5319
8853,18:15:11.501,1894,-0.0750,1.5263
8854,18:15:11.501,1910,-0.0672,1.5392
8855,18:15:11.502,1939,-0.0530,1.5626
8856,18:15:11.502,1915,-0.0647,1.5432
8857,18:15:11.503,1936,-0.0545,1.5601
8858,18:15:11.503,1957,-0.0442,1.5771
8859,18:15:11.504,1948,-0.0486,1.5698
8860,18:15:11.504,1942,-0.0515,1.5650
8861,18:15:11.505,1930,-0.0574,1.5553
8862,18:15:11.505,1911,-0.0667,1.5400
8863,18:15:11.506,1908,-0.0681,1.5376
8864,18:15:11.506,1915,-0.0647,1.5432
8865,18:15:11.507,1913,-0.0657,1.5416
8866,18:15:11.507,1908,-0.0681,1.5376
8867,18:15:11.508,1925,-0.0598,1.5513
8868,18:15:11.508,1948,-0.0486,1.5698
8869,18:15:11.509,1914,-0.0652,1.5424
8870,18:15:11.509,1924,-0.0603,1.5505
8871,18:15:11.510,1939,-0.0530,1.5626
8872,18:15:11.510,1913,-0.0657,1.5416
8873,18:15:11.511,1897,-0.0735,1.5287
8874,18:15:11.511,1903,-0.0706,1.5336
8875,18:15:11.512,1943,-0.0510,1.5658
8876,18:15:11.512,1924,-0.0603,1.5505
8877,18:15:11.513,1935,-0.0549,1.5593
8878,18:15:11.513,1955,-0.0452,1.5755
8879,18:15:11.514,1952,-0.0466,1.5730
8880,18:15:11.514,1948,-0.0486,1.5698
8881,18:15:11.515,1936,-0.0545,1.5601
8882,18:15:11.515,1923,-0.0608,1.5497
8883,18:15:11.516,1909,-0.0676,1.5384
8884,18:15:11.516,1917,-0.0637,1.5448
8885,18:15:11.517,1912,-0.0662,1.5408
8886,18:15:11.517,1909,-0.0676,1.5384
8887,18:15:11.518,1914,-0.0652,1.5424
8888,18:15:11.518,1952,-0.0466,1.5730
8889,18:15:11.519,1928,-0.0584,1.5537
8890,18:15:11.519,1923,-0.0608,1.5497
8891,18:15:11.520,1938,-0.0535,1.5618
8892,18:15:11.520,1923,-0.0608,1.5497
8893,18:15:11.521,1902,-0.0711,1.5327
8894,18:15:11.521,1900,-0.0720,1.5311
8895,18:15:11.522,1940,-0.0525,1.5634
8896,18:15:11.522,1927,-0.0589,1.5529
8897,18:15:11.523,1928,-0.0584,1.5537
8898,18:15:11.523,1954,-0.0457,1.5747
8899,18:15:11.524,1955,-0.0452,1.5755
8900,18:15:11.524,1946,-0.0496,1.5682
8901,18:15:11.525,1943,-0.0510,1.5658
8902,18:15:11.525,1928,-0.0584,1.5537
8903,18:15:11.526,1912,-0.0662,1.5408
8904,18:15:11.526,1913,-0.0657,1.5416
8905,18:15:11.527,1911,-0.0667,1.5400
8906,18:15:11.527,1911,-0.0667,1.5400
8907,18:15:11.528,1909,-0.0676,1.5384
8908,18:15:11.528,1944,-0.0505,1.5666
8909,18:15:11.529,1934,-0.0554,1.5585
8910,18:15:11.529,1915,-0.0647,1.5432
8911,18:15:11.530,1935,-0.0549,1.5593
8912,18:15:11.530,1931,-0.0569,1.5561
8913,18:15:11.531,1902,-0.0711,1.5327
8914,18:15:11.531,1891,-0.0764,1.5239
8915,18:15:11.532,1937,-0.0540,1.5610
8916,18:15:11.532,1939,-0.0530,1.5626
8917,18:15:11.533,1931,-0.0569,1.5561
8918,18:15:11.533,1953,-0.0462,1.5738
8919,18:15:11.534,1966,-0.0398,1.5843
8920,18:15:11.534,1954,-0.0457,1.5747
8921,18:15:11.535,1955,-0.0452,1.5755
8922,18:15:11.535,1942,-0.0515,1.5650
8923,18:15:11.536,1925,-0.0598,1.5513
8924,18:15:11.536,1917,-0.0637,1.5448
8925,18:15:11.537,1926,-0.0593,1.5521
8926,18:15:11.537,1923,-0.0608,1.5497
8927,18:15:11.538,1912,-0.0662,1.5408
8928,18:15:11.538,1938,-0.0535,1.5618
8929,18:15:11.539,1947,-0.0491,1.5690
8930,18:15:11.539,1931,-0.0569,1.5561
8931,18:15:11.540,1939,-0.0530,1.5626
8932,18:15:11.540,1933,-0.0559,1.5577
8933,18:15:11.541,1930,-0.0574,1.5553
8934,18:15:11.541,1907,-0.0686,1.5368
8935,18:15:11.542,1937,-0.0540,1.5610
8936,18:15:11.542,1946,-0.0496,1.5682
8937,18:15:11.543,1937,-0.0540,1.5610
8938,18:15:11.543,1950,-0.0476,1.5714
8939,18:15:11.544,1969,-0.0383,1.5867
8940,18:15:11.544,1963,-0.0413,1.5819
8941,18:15:11.545,1961,-0.0422,1.5803
8942,18:15:11.545,1946,-0.0496,1.5682
8943,18:15:11.546,1934,-0.0554,1.5585
8944,18:15:11.546,1928,-0.0584,1.5537
8945,18:15:11.547,1931,-0.0569,1.5561
8946,18:15:11.547,1928,-0.0584,1.5537
8947,18:15:11.548,1923,-0.0608,1.5497
8948,18:15:11.548,1944,-0.0505,1.5666
8949,18:15:11.549,1956,-0.0447,1.5763
8950,18:15:11.549,1935,-0.0549,1.5593
8951,18:15:11.550,1939,-0.0530,1.5626
8952,18:15:11.550,1951,-0.0471,1.5722
8953,18:15:11.551,1942,-0.0515,1.5650
8954,18:15:11.551,1910,-0.0672,1.5392
8955,18:15:11.552,1930,-0.0574,1.5553
8956,18:15:11.552,1949,-0.0481,1.5706
8957,18:15:11.553,1941,-0.0520,1.5642
8958,18:15:11.553,1942,-0.0515,1.5650
8959,18:15:11.554,1968,-0.0388,1.5859
8960,18:15:11.554,1970,-0.0379,1.5875
8961,18:15:11.555,1963,-0.0413,1.5819
8962,18:15:11.555,1953,-0.0462,1.5738
8963,18:15:11.556,1937,-0.0540,1.5610
8964,18:15:11.556,1934,-0.0554,1.5585
8965,18:15:11.557,1932,-0.0564,1.5569
8966,18:15:11.557,1935,-0.0549,1.5593
8967,18:15:11.558,1924,-0.0603,1.5505
8968,18:15:11.558,1931,-0.0569,1.5561
8969,18:15:11.559,1959,-0.0432,1.5787
8970,18:15:11.559,1940,-0.0525,1.5634
8971,18:15:11.560,1941,-0.0520,1.5642
8972,18:15:11.560,1949,-0.0481,1.5706
8973,18:15:11.561,1949,-0.0481,1.5706
8974,18:15:11.561,1916,-0.0642,1.5440
8975,18:15:11.562,1916,-0.0642,1.5440
8976,18:15:11.562,1950,-0.0476,1.5714
8977,18:15:11.563,1946,-0.0496,1.5682
8978,18:15:11.563,1942,-0.0515,1.5650
8979,18:15:11.564,1964,-0.0408,1.5827
8980,18:15:11.564,1971,-0.0374,1.5884
8981,18:15:11.565,1966,-0.0398,1.5843
8982,18:15:11.565,1958,-0.0437,1.5779
8983,18:15:11.566,1945,-0.0501,1.5674
8984,18:15:11.566,1933,-0.0559,1.5577
8985,18:15:11.567,1934,-0.0554,1.5585
8986,18:15:11.567,1937,-0.0540,1.5610
8987,18:15:11.568,1922,-0.0613,1.5489
8988,18:15:11.568,1929,-0.0579,1.5545
8989,18:15:11.569,1958,-0.0437,1.5779
8990,18:15:11.569,1951,-0.0471,1.5722
8991,18:15:11.570,1940,-0.0525,1.5634
8992,18:15:11.570,1953,-0.0462,1.5738
8993,18:15:11.571,1958,-0.0437,1.5779
8994,18:15:11.571,1932,-0.0564,1.5569
8995,18:15:11.572,1915,-0.0647,1.5432
8996,18:15:11.572,1948,-0.0486,1.5698
8997,18:15:11.573,1944,-0.0505,1.5666
8998,18:15:11.573,1943,-0.0510,1.5658
8999,18:15:11.574,1967,-0.0393,1.5851
9000,18:15:11.574,1976,-0.0349,1.5924
9001,18:15:11.575,1973,-0.0364,1.5900
9002,18:15:11.575,1968,-0.0388,1.5859
9003,18:15:11.576,1952,-0.0466,1.5730
9004,18:15:11.576,1941,-0.0520,1.5642
9005,18:15:11.577,1942,-0.0515,1.5650
9006,18:15:11.577,1938,-0.0535,1.5618
9007,18:15:11.578,1936,-0.0545,1.5601
9008,18:15:11.578,1932,-0.0564,1.5569
9009,18:15:11.579,1957,-0.0442,1.5771
9010,18:15:11.579,1955,-0.0452,1.5755
9011,18:15:11.580,1941,-0.0520,1.5642
9012,18:15:11.580,1950,-0.0476,1.5714
9013,18:15:11.581,1954,-0.0457,1.5747
9014,18:15:11.581,1946,-0.0496,1.5682
9015,18:15:11.582,1917,-0.0637,1.5448
9016,18:15:11.582,1947,-0.0491,1.5690
9017,18:15:11.583,1956,-0.0447,1.5763
9018,18:15:11.583,1949,-0.0481,1.5706
9019,18:15:11.584,1957,-0.0442,1.5771
9020,18:15:11.584,1972,-0.0369,1.5892
9021,18:15:11.585,1970,-0.0379,1.5875
9022,18:15:11.585,1967,-0.0393,1.5851
9023,18:15:11.586,1961,-0.0422,1.5803
9024,18:15:11.586,1947,-0.0491,1.5690
9025,18:15:11.587,1940,-0.0525,1.5634
9026,18:15:11.587,1939,-0.0530,1.5626
9027,18:15:11.588,1937,-0.0540,1.5610
9028,18:15:11.588,1926,-0.0593,1.5521
9029,18:15:11.589,1949,-0.0481,1.5706
9030,18:15:11.589,1961,-0.0422,1.5803
9031,18:15:11.590,1943,-0.0510,1.5658
9032,18:15:11.590,1953,-0.0462,1.5738
9033,18:15:11.591,1954,-0.0457,1.5747
9034,18:15:11.591,1955,-0.0452,1.5755
9035,18:15:11.592,1928,-0.0584,1.5537
9036,18:15:11.592,1943,-0.0510,1.5658
9037,18:15:11.593,1951,-0.0471,1.5722
9038,18:15:11.593,1951,-0.0471,1.5722
9039,18:15:11.594,1949,-0.0481,1.5706
9040,18:15:11.594,1971,-0.0374,1.5884
9041,18:15:11.595,1970,-0.0379,1.5875
9042,18:15:11.595,1967,-0.0393,1.5851
9043,18:15:11.596,1960,-0.0427,1.5795
9044,18:15:11.596,1951,-0.0471,1.5722
9045,18:15:11.597,1939,-0.0530,1.5626
9046,18:15:11.597,1939,-0.0530,1.5626
9047,18:15:11.598,1941,-0.0520,1.5642
9048,18:15:11.598,1926,-0.0593,1.5521
9049,18:15:11.599,1940,-0.0525,1.5634
9050,18:15:11.599,1960,-0.0427,1.5795
9051,18:15:11.600,1943,-0.0510,1.5658
9052,18:15:11.600,1948,-0.0486,1.5698
9053,18:15:11.601,1952,-0.0466,1.5730
9054,18:15:11.601,1960,-0.0427,1.5795
9055,18:15:11.602,1926,-0.0593,1.5521
9056,18:15:11.602,1935,-0.0549,1.5593
9057,18:15:11.603,1950,-0.0476,1.5714
9058,18:15:11.603,1950,-0.0476,1.5714
9059,18:15:11.604,1945,-0.0501,1.5674
9060,18:15:11.604,1960,-0.0427,1.5795
9061,18:15:11.605,1973,-0.0364,1.5900
9062,18:15:11.605,1966,-0.0398,1.5843
9063,18:15:11.606,1963,-0.0413,1.5819
9064,18:15:11.606,1955,-0.0452,1.5755
9065,18:15:11.607,1944,-0.0505,1.5666
9066,18:15:11.607,1933,-0.0559,1.5577
9067,18:15:11.608,1940,-0.0525,1.5634
9068,18:15:11.608,1926,-0.0593,1.5521
9069,18:15:11.609,1934,-0.0554,1.5585
9070,18:15:11.609,1963,-0.0413,1.5819
9071,18:15:11.610,1949,-0.0481,1.5706
9072,18:15:11.610,1949,-0.0481,1.5706
9073,18:15:11.611,1948,-0.0486,1.5698
9074,18:15:11.611,1964,-0.0408,1.5827
9075,18:15:11.612,1939,-0.0530,1.5626
9076,18:15:11.612,1941,-0.0520,1.5642
9077,18:15:11.613,1957,-0.0442,1.5771
9078,18:15:11.613,1953,-0.0462,1.5738
9079,18:15:11.614,1946,-0.0496,1.5682
9080,18:15:11.614,1959,-0.0432,1.5787
9081,18:15:11.615,1971,-0.0374,1.5884
9082,18:15:11.615,1973,-0.0364,1.5900
9083,18:15:11.616,1968,-0.0388,1.5859
9084,18:15:11.616,1958,-0.0437,1.5779
9085,18:15:11.617,1950,-0.0476,1.5714
9086,18:15:11.617,1937,-0.0540,1.5610
9087,18:15:11.618,1944,-0.0505,1.5666
9088,18:15:11.618,1935,-0.0549,1.5593
9089,18:15:11.619,1929,-0.0579,1.5545
9090,18:15:11.619,1954,-0.0457,1.5747
9091,18:15:11.620,1952,-0.0466,1.5730
9092,18:15:11.620,1951,-0.0471,1.5722
9093,18:15:11.621,1949,-0.0481,1.5706
9094,18:15:11.621,1966,-0.0398,1.5843
9095,18:15:11.622,1948,-0.0486,1.5698
9096,18:15:11.622,1931,-0.0569,1.5561
9097,18:15:11.623,1948,-0.0486,1.5698
9098,18:15:11.623,1953,-0.0462,1.5738
9099,18:15:11.624,1948,-0.0486,1.5698
9100,18:15:11.624,1954,-0.0457,1.5747
9101,18:15:11.625,1969,-0.0383,1.5867
9102,18:15:11.625,1971,-0.0374,1.5884
9103,18:15:11.626,1970,-0.0379,1.5875
9104,18:15:11.626,1963,-0.0413,1.5819
9105,18:15:11.627,1953,-0.0462,1.5738
9106,18:15:11.627,1938,-0.0535,1.5618
9107,18:15:11.628,1944,-0.0505,1.5666
9108,18:15:11.628,1936,-0.0545,1.5601
9109,18:15:11.629,1925,-0.0598,1.5513
9110,18:15:11.629,1944,-0.0505,1.5666
9111,18:15:11.630,1952,-0.0466,1.5730
9112,18:15:11.630,1948,-0.0486,1.5698
9113,18:15:11.631,1949,-0.0481,1.5706
9114,18:15:11.631,1961,-0.0422,1.5803
9115,18:15:11.632,1961,-0.0422,1.5803
9116,18:15:11.632,1932,-0.0564,1.5569
9117,18:15:11.633,1950,-0.0476,1.5714
9118,18:15:11.633,1962,-0.0418,1.5811
9119,18:15:11.634,1952,-0.0466,1.5730
9120,18:15:11.634,1951,-0.0471,1.5722
9121,18:15:11.635,1968,-0.0388,1.5859
9122,18:15:11.635,1969,-0.0383,1.5867
9123,18:15:11.636,1966,-0.0398,1.5843
9124,18:15:11.636,1963,-0.0413,1.5819
9125,18:15:11.637,1950,-0.0476,1.5714
9126,18:15:11.637,1940,-0.0525,1.5634
9127,18:15:11.638,1942,-0.0515,1.5650
9128,18:15:11.638,1941,-0.0520,1.5642
9129,18:15:11.639,1924,-0.0603,1.5505
9130,18:15:11.639,1939,-0.0530,1.5626
9131,18:15:11.640,1948,-0.0486,1.5698
9132,18:15:11.640,1944,-0.0505,1.5666
9133,18:15:11.641,1944,-0.0505,1.5666
9134,18:15:11.641,1964,-0.0408,1.5827
9135,18:15:11.642,1961,-0.0422,1.5803
9136,18:15:11.642,1935,-0.0549,1.5593
9137,18:15:11.643,1939,-0.0530,1.5626
9138,18:15:11.643,1951,-0.0471,1.5722
9139,18:15:11.644,1948,-0.0486,1.5698
9140,18:15:11.644,1946,-0.0496,1.5682
9141,18:15:11.645,1958,-0.0437,1.5779
9142,18:15:11.645,1967,-0.0393,1.5851
9143,18:15:11.646,1965,-0.0403,1.5835
9144,18:15:11.646,1962,-0.0418,1.5811
9145,18:15:11.647,1951,-0.0471,1.5722
9146,18:15:11.647,1941,-0.0520,1.5642
9147,18:15:11.648,1935,-0.0549,1.5593
9148,18:15:11.648,1941,-0.0520,1.5642
9149,18:15:11.649,1926,-0.0593,1.5521
9150,18:15:11.649,1929,-0.0579,1.5545
9151,18:15:11.650,1946,-0.0496,1.5682
9152,18:15:11.650,1941,-0.0520,1.5642
9153,18:15:11.651,1944,-0.0505,1.5666
9154,18:15:11.651,1947,-0.0491,1.5690
9155,18:15:11.652,1960,-0.0427,1.5795
9156,18:15:11.652,1938,-0.0535,1.5618
9157,18:15:11.653,1931,-0.0569,1.5561
9158,18:15:11.653,1947,-0.0491,1.5690
9159,18:15:11.654,1947,-0.0491,1.5690
9160,18:15:11.654,1940,-0.0525,1.5634
9161,18:15:11.655,1952,-0.0466,1.5730
9162,18:15:11.655,1964,-0.0408,1.5827
9163,18:15:11.656,1960,-0.0427,1.5795
9164,18:15:11.656,1961,-0.0422,1.5803
9165,18:15:11.657,1953,-0.0462,1.5738
9166,18:15:11.657,1943,-0.0510,1.5658
9167,18:15:11.658,1936,-0.0545,1.5601
9168,18:15:11.658,1938,-0.0535,1.5618
9169,18:15:11.659,1925,-0.0598,1.5513
9170,18:15:11.659,1925,-0.0598,1.5513
9171,18:15:11.660,1944,-0.0505,1.5666
9172,18:15:11.660,1940,-0.0525,1.5634
9173,18:15:11.661,1940,-0.0525,1.5634
9174,18:15:11.661,1941,-0.0520,1.5642
9175,18:15:11.662,1965,-0.0403,1.5835
9176,18:15:11.662,1943,-0.0510,1.5658
9177,18:15:11.663,1932,-0.0564,1.5569
9178,18:15:11.663,1946,-0.0496,1.5682
9179,18:15:11.664,1945,-0.0501,1.5674
9180,18:15:11.664,1944,-0.0505,1.5666
9181,18:15:11.665,1945,-0.0501,1.5674
9182,18:15:11.665,1959,-0.0432,1.5787
9183,18:15:11.666,1960,-0.0427,1.5795
9184,18:15:11.666,1958,-0.0437,1.5779
9185,18:15:11.667,1954,-0.0457,1.5747
9186,18:15:11.667,1948,-0.0486,1.5698
9187,18:15:11.668,1937,-0.0540,1.5610
9188,18:15:11.668,1940,-0.0525,1.5634
9189,18:15:11.669,1929,-0.0579,1.5545
9190,18:15:11.669,1914,-0.0652,1.5424
9191,18:15:11.670,1939,-0.0530,1.5626
9192,18:15:11.670,1943,-0.0510,1.5658
9193,18:15:11.671,1945,-0.0501,1.5674
9194,18:15:11.671,1938,-0.0535,1.5618
9195,18:15:11.672,1961,-0.0422,1.5803
9196,18:15:11.672,1949,-0.0481,1.5706
9197,18:15:11.673,1934,-0.0554,1.5585
9198,18:15:11.673,1944,-0.0505,1.5666
9199,18:15:11.674,1946,-0.0496,1.5682
9200,18:15:11.674,1944,-0.0505,1.5666
9201,18:15:11.675,1941,-0.0520,1.5642
9202,18:15:11.675,1955,-0.0452,1.5755
9203,18:15:11.676,1962,-0.0418,1.5811
9204,18:15:11.676,1957,-0.0442,1.5771
9205,18:15:11.677,1955,-0.0452,1.5755
9206,18:15:11.677,1952,-0.0466,1.5730
9207,18:15:11.678,1939,-0.0530,1.5626
9208,18:15:11.678,1934,-0.0554,1.5585
9209,18:15:11.679,1934,-0.0554,1.5585
9210,18:15:11.679,1922,-0.0613,1.5489
9211,18:15:11.680,1930,-0.0574,1.5553
9212,18:15:11.680,1937,-0.0540,1.5610
9213,18:15:11.681,1944,-0.0505,1.5666
9214,18:15:11.681,1937,-0.0540,1.5610
9215,18:15:11.682,1955,-0.0452,1.5755
9216,18:15:11.682,1956,-0.0447,1.5763
9217,18:15:11.683,1934,-0.0554,1.5585
9218,18:15:11.683,1936,-0.0545,1.5601
9219,18:15:11.684,1946,-0.0496,1.5682
9220,18:15:11.684,1948,-0.0486,1.5698
9221,18:15:11.685,1941,-0.0520,1.5642
9222,18:15:11.685,1948,-0.0486,1.5698
9223,18:15:11.686,1957,-0.0442,1.5771
9224,18:15:11.686,1960,-0.0427,1.5795
9225,18:15:11.687,1954,-0.0457,1.5747
9226,18:15:11.687,1954,-0.0457,1.5747
9227,18:15:11.688,1939,-0.0530,1.5626
9228,18:15:11.688,1934,-0.0554,1.5585
9229,18:15:11.689,1938,-0.0535,1.5618
9230,18:15:11.689,1923,-0.0608,1.5497
9231,18:15:11.690,1931,-0.0569,1.5561
9232,18:15:11.690,1936,-0.0545,1.5601
9233,18:15:11.691,1941,-0.0520,1.5642
9234,18:15:11.691,1932,-0.0564,1.5569
9235,18:15:11.692,1947,-0.0491,1.5690
9236,18:15:11.692,1961,-0.0422,1.5803
9237,18:15:11.693,1940,-0.0525,1.5634
9238,18:15:11.693,1939,-0.0530,1.5626
9239,18:15:11.694,1944,-0.0505,1.5666
9240,18:15:11.694,1947,-0.0491,1.5690
9241,18:15:11.695,1941,-0.0520,1.5642
9242,18:15:11.695,1943,-0.0510,1.5658
9243,18:15:11.696,1958,-0.0437,1.5779
9244,18:15:11.696,1959,-0.0432,1.5787
9245,18:15:11.697,1958,-0.0437,1.5779
9246,18:15:11.697,1952,-0.0466,1.5730
9247,18:15:11.698,1944,-0.0505,1.5666
9248,18:15:11.698,1934,-0.0554,1.5585
9249,18:15:11.699,1940,-0.0525,1.5634
9250,18:15:11.699,1917,-0.0637,1.5448
9251,18:15:11.700,1924,-0.0603,1.5505
9252,18:15:11.700,1932,-0.0564,1.5569
9253,18:15:11.701,1941,-0.0520,1.5642
9254,18:15:11.701,1936,-0.0545,1.5601
9255,18:15:11.702,1942,-0.0515,1.5650
9256,18:15:11.702,1961,-0.0422,1.5803
9257,18:15:11.703,1947,-0.0491,1.5690
9258,18:15:11.703,1933,-0.0559,1.5577
9259,18:15:11.704,1942,-0.0515,1.5650
9260,18:15:11.704,1948,-0.0486,1.5698
9261,18:15:11.705,1942,-0.0515,1.5650
9262,18:15:11.705,1943,-0.0510,1.5658
9263,18:15:11.706,1952,-0.0466,1.5730
9264,18:15:11.706,1954,-0.0457,1.5747
9265,18:15:11.707,1954,-0.0457,1.5747
9266,18:15:11.707,1955,-0.0452,1.5755
9267,18:15:11.708,1945,-0.0501,1.5674
9268,18:15:11.708,1934,-0.0554,1.5585
9269,18:15:11.709,1938,-0.0535,1.5618
9270,18:15:11.709,1926,-0.0593,1.5521
9271,18:15:11.710,1926,-0.0593,1.5521
9272,18:15:11.710,1932,-0.0564,1.5569
9273,18:15:11.711,1936,-0.0545,1.5601
9274,18:15:11.711,1941,-0.0520,1.5642
9275,18:15:11.712,1936,-0.0545,1.5601
9276,18:15:11.712,1960,-0.0427,1.5795
9277,18:15:11.713,1953,-0.0462,1.5738
9278,18:15:11.713,1935,-0.0549,1.5593
9279,18:15:11.714,1944,-0.0505,1.5666
9280,18:15:11.714,1949,-0.0481,1.5706
9281,18:15:11.715,1941,-0.0520,1.5642
9282,18:15:11.715,1938,-0.0535,1.5618
9283,18:15:11.716,1948,-0.0486,1.5698
9284,18:15:11.716,1954,-0.0457,1.5747
9285,18:15:11.717,1954,-0.0457,1.5747
9286,18:15:11.717,1954,-0.0457,1.5747
9287,18:15:11.718,1951,-0.0471,1.5722
9288,18:15:11.718,1936,-0.0545,1.5601
9289,18:15:11.719,1939,-0.0530,1.5626
9290,18:15:11.719,1934,-0.0554,1.5585
9291,18:15:11.720,1923,-0.0608,1.5497
9292,18:15:11.720,1930,-0.0574,1.5553
9293,18:15:11.721,1935,-0.0549,1.5593
9294,18:15:11.721,1942,-0.0515,1.5650
9295,18:15:11.722,1932,-0.0564,1.5569
9296,18:15:11.722,1952,-0.0466,1.5730
9297,18:15:11.723,1956,-0.0447,1.5763
9298,18:15:11.723,1939,-0.0530,1.5626
9299,18:15:11.724,1943,-0.0510,1.5658
9300,18:15:11.724,1948,-0.0486,1.5698
9301,18:15:11.725,1949,-0.0481,1.5706
9302,18:15:11.725,1938,-0.0535,1.5618
9303,18:15:11.726,1944,-0.0505,1.5666
9304,18:15:11.726,1953,-0.0462,1.5738
9305,18:15:11.727,1951,-0.0471,1.5722
9306,18:15:11.727,1949,-0.0481,1.5706
9307,18:15:11.728,1953,-0.0462,1.5738
9308,18:15:11.728,1941,-0.0520,1.5642
9309,18:15:11.729,1940,-0.0525,1.5634
9310,18:15:11.729,1936,-0.0545,1.5601
9311,18:15:11.730,1916,-0.0642,1.5440
9312,18:15:11.730,1928,-0.0584,1.5537
9313,18:15:11.731,1930,-0.0574,1.5553
9314,18:15:11.731,1940,-0.0525,1.5634
9315,18:15:11.732,1932,-0.0564,1.5569
9316,18:15:11.732,1948,-0.0486,1.5698
9317,18:15:11.733,1962,-0.0418,1.5811
9318,18:15:11.733,1942,-0.0515,1.5650
9319,18:15:11.734,1943,-0.0510,1.5658
9320,18:15:11.734,1949,-0.0481,1.5706
9321,18:15:11.735,1942,-0.0515,1.5650
9322,18:15:11.735,1944,-0.0505,1.5666
9323,18:15:11.736,1946,-0.0496,1.5682
9324,18:15:11.736,1952,-0.0466,1.5730
9325,18:15:11.737,1959,-0.0432,1.5787
9326,18:15:11.737,1954,-0.0457,1.5747
9327,18:15:11.738,1953,-0.0462,1.5738
9328,18:15:11.738,1944,-0.0505,1.5666
9329,18:15:11.739,1940,-0.0525,1.5634
9330,18:15:11.739,1942,-0.0515,1.5650
9331,18:15:11.740,1926,-0.0593,1.5521
9332,18:15:11.740,1928,-0.0584,1.5537
9333,18:15:11.741,1930,-0.0574,1.5553
9334,18:15:11.741,1942,-0.0515,1.5650
9335,18:15:11.742,1938,-0.0535,1.5618
9336,18:15:11.742,1946,-0.0496,1.5682
9337,18:15:11.743,1963,-0.0413,1.5819
9338,18:15:11.743,1951,-0.0471,1.5722
9339,18:15:11.744,1944,-0.0505,1.5666
9340,18:15:11.744,1946,-0.0496,1.5682
9341,18:15:11.745,1952,-0.0466,1.5730
9342,18:15:11.745,1943,-0.0510,1.5658
9343,18:15:11.746,1943,-0.0510,1.5658
9344,18:15:11.746,1949,-0.0481,1.5706
9345,18:15:11.747,1955,-0.0452,1.5755
9346,18:15:11.747,1953,-0.0462,1.5738
9347,18:15:11.748,1952,-0.0466,1.5730
9348,18:15:11.748,1949,-0.0481,1.5706
9349,18:15:11.749,1939,-0.0530,1.5626
9350,18:15:11.749,1945,-0.0501,1.5674
9351,18:15:11.750,1930,-0.0574,1.5553
9352,18:15:11.750,1927,-0.0589,1.5529
9353,18:15:11.751,1927,-0.0589,1.5529
9354,18:15:11.751,1937,-0.0540,1.5610
9355,18:15:11.752,1938,-0.0535,1.5618
9356,18:15:11.752,1938,-0.0535,1.5618
9357,18:15:11.753,1958,-0.0437,1.5779
9358,18:15:11.753,1953,-0.0462,1.5738
9359,18:15:11.754,1943,-0.0510,1.5658
9360,18:15:11.754,1945,-0.0501,1.5674
9361,18:15:11.755,1951,-0.0471,1.5722
9362,18:15:11.755,1944,-0.0505,1.5666
9363,18:15:11.756,1937,-0.0540,1.5610
9364,18:15:11.756,1945,-0.0501,1.5674
9365,18:15:11.757,1953,-0.0462,1.5738
9366,18:15:11.757,1952,-0.0466,1.5730
9367,18:15:11.758,1950,-0.0476,1.5714
9368,18:15:11.758,1948,-0.0486,1.5698
9369,18:15:11.759,1938,-0.0535,1.5618
9370,18:15:11.759,1946,-0.0496,1.5682
9371,18:15:11.760,1933,-0.0559,1.5577
9372,18:15:11.760,1928,-0.0584,1.5537
9373,18:15:11.761,1929,-0.0579,1.5545
9374,18:15:11.761,1938,-0.0535,1.5618
9375,18:15:11.762,1938,-0.0535,1.5618
9376,18:15:11.762,1934,-0.0554,1.5585
9377,18:15:11.763,1955,-0.0452,1.5755
9378,18:15:11.763,1958,-0.0437,1.5779
9379,18:15:11.764,1946,-0.0496,1.5682
9380,18:15:11.764,1943,-0.0510,1.5658
9381,18:15:11.765,1949,-0.0481,1.5706
9382,18:15:11.765,1948,-0.0486,1.5698
9383,18:15:11.766,1936,-0.0545,1.5601
9384,18:15:11.766,1940,-0.0525,1.5634
9385,18:15:11.767,1949,-0.0481,1.5706
9386,18:15:11.767,1947,-0.0491,1.5690
9387,18:15:11.768,1949,-0.0481,1.5706
9388,18:15:11.768,1951,-0.0471,1.5722
9389,18:15:11.769,1938,-0.0535,1.5618
9390,18:15:11.769,1942,-0.0515,1.5650
9391,18:15:11.770,1934,-0.0554,1.5585
9392,18:15:11.770,1926,-0.0593,1.5521
9393,18:15:11.771,1924,-0.0603,1.5505
9394,18:15:11.771,1929,-0.0579,1.5545
9395,18:15:11.772,1940,-0.0525,1.5634
9396,18:15:11.772,1929,-0.0579,1.5545
9397,18:15:11.773,1948,-0.0486,1.5698
9398,18:15:11.773,1957,-0.0442,1.5771
9399,18:15:11.774,1945,-0.0501,1.5674
9400,18:15:11.774,1943,-0.0510,1.5658
9401,18:15:11.775,1945,-0.0501,1.5674
9402,18:15:11.775,1947,-0.0491,1.5690
9403,18:15:11.776,1938,-0.0535,1.5618
9404,18:15:11.776,1940,-0.0525,1.5634
9405,18:15:11.777,1947,-0.0491,1.5690
9406,18:15:11.777,1946,-0.0496,1.5682
9407,18:15:11.778,1949,-0.0481,1.5706
9408,18:15:11.778,1951,-0.0471,1.5722
9409,18:15:11.779,1941,-0.0520,1.5642
9410,18:15:11.779,1943,-0.0510,1.5658
9411,18:15:11.780,1938,-0.0535,1.5618
9412,18:15:11.780,1925,-0.0598,1.5513
9413,18:15:11.781,1924,-0.0603,1.5505
9414,18:15:11.781,1927,-0.0589,1.5529
9415,18:15:11.782,1940,-0.0525,1.5634
9416,18:15:11.782,1930,-0.0574,1.5553
9417,18:15:11.783,1942,-0.0515,1.5650
9418,18:15:11.783,1956,-0.0447,1.5763
9419,18:15:11.784,1950,-0.0476,1.5714
9420,18:15:11.784,1942,-0.0515,1.5650
9421,18:15:11.785,1945,-0.0501,1.5674
9422,18:15:11.785,1950,-0.0476,1.5714
9423,18:15:11.786,1940,-0.0525,1.5634
9424,18:15:11.786,1935,-0.0549,1.5593
9425,18:15:11.787,1944,-0.0505,1.5666
9426,18:15:11.787,1949,-0.0481,1.5706
9427,18:15:11.788,1943,-0.0510,1.5658
9428,18:15:11.788,1948,-0.0486,1.5698
9429,18:15:11.789,1941,-0.0520,1.5642
9430,18:15:11.789,1942,-0.0515,1.5650
9431,18:15:11.790,1940,-0.0525,1.5634
9432,18:15:11.790,1927,-0.0589,1.5529
9433,18:15:11.791,1928,-0.0584,1.5537
9434,18:15:11.791,1924,-0.0603,1.5505
9435,18:15:11.792,1937,-0.0540,1.5610
9436,18:15:11.792,1932,-0.0564,1.5569
9437,18:15:11.793,1935,-0.0549,1.5593
9438,18:15:11.793,1956,-0.0447,1.5763
9439,18:15:11.794,1954,-0.0457,1.5747
9440,18:15:11.794,1942,-0.0515,1.5650
9441,18:15:11.795,1943,-0.0510,1.5658
9442,18:15:11.795,1950,-0.0476,1.5714
9443,18:15:11.796,1943,-0.0510,1.5658
9444,18:15:11.796,1933,-0.0559,1.5577
9445,18:15:11.797,1937,-0.0540,1.5610
9446,18:15:11.797,1947,-0.0491,1.5690
9447,18:15:11.798,1945,-0.0501,1.5674
9448,18:15:11.798,1948,-0.0486,1.5698
9449,18:15:11.799,1947,-0.0491,1.5690
9450,18:15:11.799,1935,-0.0549,1.5593
9451,18:15:11.800,1942,-0.0515,1.5650
9452,18:15:11.800,1933,-0.0559,1.5577
9453,18:15:11.801,1928,-0.0584,1.5537
9454,18:15:11.801,1922,-0.0613,1.5489
9455,18:15:11.802,1931,-0.0569,1.5561
9456,18:15:11.802,1932,-0.0564,1.5569
9457,18:15:11.803,1928,-0.0584,1.5537
9458,18:15:11.803,1949,-0.0481,1.5706
9459,18:15:11.804,1955,-0.0452,1.5755
9460,18:15:11.804,1944,-0.0505,1.5666
9461,18:15:11.805,1944,-0.0505,1.5666
9462,18:15:11.805,1948,-0.0486,1.5698
9463,18:15:11.806,1947,-0.0491,1.5690
9464,18:15:11.806,1935,-0.0549,1.5593
9465,18:15:11.807,1935,-0.0549,1.5593
9466,18:15:11.807,1943,-0.0510,1.5658
9467,18:15:11.808,1943,-0.0510,1.5658
9468,18:15:11.808,1944,-0.0505,1.5666
9469,18:15:11.809,1947,-0.0491,1.5690
9470,18:15:11.809,1938,-0.0535,1.5618
9471,18:15:11.810,1940,-0.0525,1.5634
9472,18:15:11.810,1932,-0.0564,1.5569
9473,18:15:11.811,1930,-0.0574,1.5553
9474,18:15:11.811,1924,-0.0603,1.5505
9475,18:15:11.812,1931,-0.0569,1.5561
9476,18:15:11.812,1932,-0.0564,1.5569
9477,18:15:11.813,1925,-0.0598,1.5513
9478,18:15:11.813,1940,-0.0525,1.5634
9479,18:15:11.814,1954,-0.0457,1.5747
9480,18:15:11.814,1949,-0.0481,1.5706
9481,18:15:11.815,1941,-0.0520,1.5642
9482,18:15:11.815,1949,-0.0481,1.5706
9483,18:15:11.816,1945,-0.0501,1.5674
9484,18:15:11.816,1941,-0.0520,1.5642
9485,18:15:11.817,1933,-0.0559,1.5577
9486,18:15:11.817,1943,-0.0510,1.5658
9487,18:15:11.818,1943,-0.0510,1.5658
9488,18:15:11.818,1940,-0.0525,1.5634
9489,18:15:11.819,1948,-0.0486,1.5698
9490,18:15:11.819,1934,-0.0554,1.5585
9491,18:15:11.820,1943,-0.0510,1.5658
9492,18:15:11.820,1934,-0.0554,1.5585
9493,18:15:11.821,1927,-0.0589,1.5529
9494,18:15:11.821,1923,-0.0608,1.5497
9495,18:15:11.822,1923,-0.0608,1.5497
9496,18:15:11.822,1934,-0.0554,1.5585
9497,18:15:11.823,1924,-0.0603,1.5505
9498,18:15:11.823,1938,-0.0535,1.5618
9499,18:15:11.824,1954,-0.0457,1.5747
9500,18:15:11.824,1948,-0.0486,1.5698
9501,18:15:11.825,1943,-0.0510,1.5658
9502,18:15:11.825,1948,-0.0486,1.5698
9503,18:15:11.826,1949,-0.0481,1.5706
9504,18:15:11.826,1940,-0.0525,1.5634
9505,18:15:11.827,1933,-0.0559,1.5577
9506,18:15:11.827,1936,-0.0545,1.5601
9507,18:15:11.828,1943,-0.0510,1.5658
9508,18:15:11.828,1937,-0.0540,1.5610
9509,18:15:11.829,1947,-0.0491,1.5690
9510,18:15:11.829,1935,-0.0549,1.5593
9511,18:15:11.830,1942,-0.0515,1.5650
9512,18:15:11.830,1939,-0.0530,1.5626
9513,18:15:11.831,1933,-0.0559,1.5577
9514,18:15:11.831,1923,-0.0608,1.5497
9515,18:15:11.832,1926,-0.0593,1.5521
9516,18:15:11.832,1936,-0.0545,1.5601
9517,18:15:11.833,1927,-0.0589,1.5529
9518,18:15:11.833,1934,-0.0554,1.5585
9519,18:15:11.834,1950,-0.0476,1.5714
9520,18:15:11.834,1957,-0.0442,1.5771
9521,18:15:11.835,1947,-0.0491,1.5690
9522,18:15:11.835,1946,-0.0496,1.5682
9523,18:15:11.836,1948,-0.0486,1.5698
9524,18:15:11.836,1949,-0.0481,1.5706
9525,18:15:11.837,1935,-0.0549,1.5593
9526,18:15:11.837,1946,-0.0496,1.5682
9527,18:15:11.838,1945,-0.0501,1.5674
9528,18:15:11.838,1944,-0.0505,1.5666
9529,18:15:11.839,1950,-0.0476,1.5714
9530,18:15:11.839,1941,-0.0520,1.5642
9531,18:15:11.840,1942,-0.0515,1.5650
9532,18:15:11.840,1944,-0.0505,1.5666
9533,18:15:11.841,1938,-0.0535,1.5618
9534,18:15:11.841,1933,-0.0559,1.5577
9535,18:15:11.842,1926,-0.0593,1.5521
9536,18:15:11.842,1933,-0.0559,1.5577
9537,18:15:11.843,1935,-0.0549,1.5593
9538,18:15:11.843,1930,-0.0574,1.5553
9539,18:15:11.844,1947,-0.0491,1.5690
9540,18:15:11.844,1954,-0.0457,1.5747
9541,18:15:11.845,1949,-0.0481,1.5706
9542,18:15:11.845,1949,-0.0481,1.5706
9543,18:15:11.846,1955,-0.0452,1.5755
9544,18:15:11.846,1950,-0.0476,1.5714
9545,18:15:11.847,1939,-0.0530,1.5626
9546,18:15:11.847,1938,-0.0535,1.5618
9547,18:15:11.848,1947,-0.0491,1.5690
9548,18:15:11.848,1945,-0.0501,1.5674
9549,18:15:11.849,1948,-0.0486,1.5698
9550,18:15:11.849,1944,-0.0505,1.5666
9551,18:15:11.850,1942,-0.0515,1.5650
9552,18:15:11.850,1944,-0.0505,1.5666
9553,18:15:11.851,1937,-0.0540,1.5610
9554,18:15:11.851,1936,-0.0545,1.5601
9555,18:15:11.852,1928,-0.0584,1.5537
9556,18:15:11.852,1933,-0.0559,1.5577
9557,18:15:11.853,1933,-0.0559,1.5577
9558,18:15:11.853,1929,-0.0579,1.5545
9559,18:15:11.854,1941,-0.0520,1.5642
9560,18:15:11.854,1954,-0.0457,1.5747
9561,18:15:11.855,1953,-0.0462,1.5738
9562,18:15:11.855,1950,-0.0476,1.5714
9563,18:15:11.856,1953,-0.0462,1.5738
9564,18:15:11.856,1949,-0.0481,1.5706
9565,18:15:11.857,1944,-0.0505,1.5666
9566,18:15:11.857,1936,-0.0545,1.5601
9567,18:15:11.858,1940,-0.0525,1.5634
9568,18:15:11.858,1938,-0.0535,1.5618
9569,18:15:11.859,1944,-0.0505,1.5666
9570,18:15:11.859,1945,-0.0501,1.5674
9571,18:15:11.860,1937,-0.0540,1.5610
9572,18:15:11.860,1940,-0.0525,1.5634
9573,18:15:11.861,1940,-0.0525,1.5634
9574,18:15:11.861,1931,-0.0569,1.5561
9575,18:15:11.862,1927,-0.0589,1.5529
9576,18:15:11.862,1928,-0.0584,1.5537
9577,18:15:11.863,1931,-0.0569,1.5561
9578,18:15:11.863,1927,-0.0589,1.5529
9579,18:15:11.864,1936,-0.0545,1.5601
9580,18:15:11.864,1953,-0.0462,1.5738
9581,18:15:11.865,1952,-0.0466,1.5730
9582,18:15:11.865,1946,-0.0496,1.5682
9583,18:15:11.866,1952,-0.0466,1.5730
9584,18:15:11.866,1951,-0.0471,1.5722
9585,18:15:11.867,1945,-0.0501,1.5674
9586,18:15:11.867,1932,-0.0564,1.5569
9587,18:15:11.868,1938,-0.0535,1.5618
9588,18:15:11.868,1936,-0.0545,1.5601
9589,18:15:11.869,1937,-0.0540,1.5610
9590,18:15:11.869,1942,-0.0515,1.5650
9591,18:15:11.870,1938,-0.0535,1.5618
9592,18:15:11.870,1943,-0.0510,1.5658
9593,18:15:11.871,1938,-0.0535,1.5618
9594,18:15:11.871,1932,-0.0564,1.5569
9595,18:15:11.872,1927,-0.0589,1.5529
9596,18:15:11.872,1925,-0.0598,1.5513
9597,18:15:11.873,1934,-0.0554,1.5585
9598,18:15:11.873,1928,-0.0584,1.5537
9599,18:15:11.874,1931,-0.0569,1.5561
9600,18:15:11.874,1948,-0.0486,1.5698
9601,18:15:11.875,1953,-0.0462,1.5738
9602,18:15:11.875,1948,-0.0486,1.5698
9603,18:15:11.876,1944,-0.0505,1.5666
9604,18:15:11.876,1950,-0.0476,1.5714
9605,18:15:11.877,1947,-0.0491,1.5690
9606,18:15:11.877,1936,-0.0545,1.5601
9607,18:15:11.878,1933,-0.0559,1.5577
9608,18:15:11.878,1935,-0.0549,1.5593
9609,18:15:11.879,1934,-0.0554,1.5585
9610,18:15:11.879,1943,-0.0510,1.5658
9611,18:15:11.880,1934,-0.0554,1.5585
9612,18:15:11.880,1943,-0.0510,1.5658
9613,18:15:11.881,1942,-0.0515,1.5650
9614,18:15:11.881,1934,-0.0554,1.5585
9615,18:15:11.882,1930,-0.0574,1.5553
9616,18:15:11.882,1926,-0.0593,1.5521
9617,18:15:11.883,1934,-0.0554,1.5585
9618,18:15:11.883,1926,-0.0593,1.5521
9619,18:15:11.884,1929,-0.0579,1.5545
9620,18:15:11.884,1943,-0.0510,1.5658
9621,18:15:11.885,1954,-0.0457,1.5747
9622,18:15:11.885,1945,-0.0501,1.5674
9623,18:15:11.886,1949,-0.0481,1.5706
9624,18:15:11.886,1952,-0.0466,1.5730
9625,18:15:11.887,1950,-0.0476,1.5714
9626,18:15:11.887,1934,-0.0554,1.5585
9627,18:15:11.888,1932,-0.0564,1.5569
9628,18:15:11.888,1940,-0.0525,1.5634
9629,18:15:11.889,1931,-0.0569,1.5561
9630,18:15:11.889,1944,-0.0505,1.5666
9631,18:15:11.890,1938,-0.0535,1.5618
9632,18:15:11.890,1938,-0.0535,1.5618
9633,18:15:11.891,1941,-0.0520,1.5642
9634,18:15:11.891,1941,-0.0520,1.5642
9635,18:15:11.892,1934,-0.0554,1.5585
9636,18:15:11.892,1926,-0.0593,1.5521
9637,18:15:11.893,1932,-0.0564,1.5569
9638,18:15:11.893,1930,-0.0574,1.5553
9639,18:15:11.894,1924,-0.0603,1.5505
9640,18:15:11.894,1940,-0.0525,1.5634
9641,18:15:11.895,1950,-0.0476,1.5714
9642,18:15:11.895,1951,-0.0471,1.5722
9643,18:15:11.896,1946,-0.0496,1.5682
9644,18:15:11.896,1953,-0.0462,1.5738
9645,18:15:11.897,1951,-0.0471,1.5722
9646,18:15:11.897,1941,-0.0520,1.5642
9647,18:15:11.898,1933,-0.0559,1.5577
9648,18:15:11.898,1940,-0.0525,1.5634
9649,18:15:11.899,1935,-0.0549,1.5593
9650,18:15:11.899,1942,-0.0515,1.5650
9651,18:15:11.900,1938,-0.0535,1.5618
9652,18:15:11.900,1936,-0.0545,1.5601
9653,18:15:11.901,1940,-0.0525,1.5634
9654,18:15:11.901,1938,-0.0535,1.5618
9655,18:15:11.902,1934,-0.0554,1.5585
9656,18:15:11.902,1926,-0.0593,1.5521
9657,18:15:11.903,1927,-0.0589,1.5529
9658,18:15:11.903,1933,-0.0559,1.5577
9659,18:15:11.904,1927,-0.0589,1.5529
9660,18:15:11.904,1936,-0.0545,1.5601
9661,18:15:11.905,1950,-0.0476,1.5714
9662,18:15:11.905,1951,-0.0471,1.5722
9663,18:15:11.906,1947,-0.0491,1.5690
9664,18:15:11.906,1948,-0.0486,1.5698
9665,18:15:11.907,1953,-0.0462,1.5738
9666,18:15:11.907,1944,-0.0505,1.5666
9667,18:15:11.908,1934,-0.0554,1.5585
9668,18:15:11.908,1938,-0.0535,1.5618
9669,18:15:11.909,1935,-0.0549,1.5593
9670,18:15:11.909,1940,-0.0525,1.5634
9671,18:15:11.910,1941,-0.0520,1.5642
9672,18:15:11.910,1937,-0.0540,1.5610
9673,18:15:11.911,1937,-0.0540,1.5610
9674,18:15:11.911,1941,-0.0520,1.5642
9675,18:15:11.912,1940,-0.0525,1.5634
9676,18:15:11.912,1926,-0.0593,1.5521
9677,18:15:11.913,1926,-0.0593,1.5521
9678,18:15:11.913,1934,-0.0554,1.5585
9679,18:15:11.914,1925,-0.0598,1.5513
9680,18:15:11.914,1931,-0.0569,1.5561
9681,18:15:11.915,1944,-0.0505,1.5666
9682,18:15:11.915,1950,-0.0476,1.5714
9683,18:15:11.916,1951,-0.0471,1.5722
9684,18:15:11.916,1950,-0.0476,1.5714
9685,18:15:11.917,1950,-0.0476,1.5714
9686,18:15:11.917,1950,-0.0476,1.5714
9687,18:15:11.918,1934,-0.0554,1.5585
9688,18:15:11.918,1935,-0.0549,1.5593
9689,18:15:11.919,1935,-0.0549,1.5593
9690,18:15:11.919,1934,-0.0554,1.5585
9691,18:15:11.920,1938,-0.0535,1.5618
9692,18:15:11.920,1935,-0.0549,1.5593
9693,18:15:11.921,1937,-0.0540,1.5610
9694,18:15:11.921,1937,-0.0540,1.5610
9695,18:15:11.922,1941,-0.0520,1.5642
9696,18:15:11.922,1929,-0.0579,1.5545
9697,18:15:11.923,1928,-0.0584,1.5537
9698,18:15:11.923,1930,-0.0574,1.5553
9699,18:15:11.924,1926,-0.0593,1.5521
9700,18:15:11.924,1925,-0.0598,1.5513
9701,18:15:11.925,1941,-0.0520,1.5642
9702,18:15:11.925,1951,-0.0471,1.5722
9703,18:15:11.926,1946,-0.0496,1.5682
9704,18:15:11.926,1944,-0.0505,1.5666
9705,18:15:11.927,1947,-0.0491,1.5690
9706,18:15:11.927,1950,-0.0476,1.5714
9707,18:15:11.928,1936,-0.0545,1.5601
9708,18:15:11.928,1931,-0.0569,1.5561
9709,18:15:11.929,1935,-0.0549,1.5593
9710,18:15:11.929,1931,-0.0569,1.5561
9711,18:15:11.930,1940,-0.0525,1.5634
9712,18:15:11.930,1937,-0.0540,1.5610
9713,18:15:11.931,1936,-0.0545,1.5601
9714,18:15:11.931,1940,-0.0525,1.5634
9715,18:15:11.932,1939,-0.0530,1.5626
9716,18:15:11.932,1935,-0.0549,1.5593
9717,18:15:11.933,1924,-0.0603,1.5505
9718,18:15:11.933,1928,-0.0584,1.5537
9719,18:15:11.934,1931,-0.0569,1.5561
9720,18:15:11.934,1926,-0.0593,1.5521
9721,18:15:11.935,1938,-0.0535,1.5618
9722,18:15:11.935,1948,-0.0486,1.5698
9723,18:15:11.936,1950,-0.0476,1.5714
9724,18:15:11.936,1946,-0.0496,1.5682
9725,18:15:11.937,1947,-0.0491,1.5690
9726,18:15:11.937,1954,-0.0457,1.5747
9727,18:15:11.938,1943,-0.0510,1.5658
9728,18:15:11.938,1934,-0.0554,1.5585
9729,18:15:11.939,1941,-0.0520,1.5642
9730,18:15:11.939,1925,-0.0598,1.5513
9731,18:15:11.940,1940,-0.0525,1.5634
9732,18:15:11.940,1942,-0.0515,1.5650
9733,18:15:11.941,1941,-0.0520,1.5642
9734,18:15:11.941,1939,-0.0530,1.5626
9735,18:15:11.942,1944,-0.0505,1.5666
9736,18:15:11.942,1942,-0.0515,1.5650
9737,18:15:11.943,1924,-0.0603,1.5505
9738,18:15:11.943,1937,-0.0540,1.5610
9739,18:15:11.944,1934,-0.0554,1.5585
9740,18:15:11.944,1929,-0.0579,1.5545
9741,18:15:11.945,1941,-0.0520,1.5642
9742,18:15:11.945,1960,-0.0427,1.5795
9743,18:15:11.946,1963,-0.0413,1.5819
9744,18:15:11.946,1954,-0.0457,1.5747
9745,18:15:11.947,1956,-0.0447,1.5763
9746,18:15:11.947,1961,-0.0422,1.5803
9747,18:15:11.948,1950,-0.0476,1.5714
9748,18:15:11.948,1939,-0.0530,1.5626
9749,18:15:11.949,1939,-0.0530,1.5626
9750,18:15:11.949,1938,-0.0535,1.5618
9751,18:15:11.950,1940,-0.0525,1.5634
9752,18:15:11.950,1942,-0.0515,1.5650
9753,18:15:11.951,1943,-0.0510,1.5658
9754,18:15:11.951,1944,-0.0505,1.5666
9755,18:15:11.952,1945,-0.0501,1.5674
9756,18:15:11.952,1944,-0.0505,1.5666
9757,18:15:11.953,1936,-0.0545,1.5601
9758,18:15:11.953,1937,-0.0540,1.5610
9759,18:15:11.954,1940,-0.0525,1.5634
9760,18:15:11.954,1934,-0.0554,1.5585
9761,18:15:11.955,1937,-0.0540,1.5610
9762,18:15:11.955,1948,-0.0486,1.5698
9763,18:15:11.956,1954,-0.0457,1.5747
9764,18:15:11.956,1955,-0.0452,1.5755
9765,18:15:11.957,1952,-0.0466,1.5730
9766,18:15:11.957,1956,-0.0447,1.5763
9767,18:15:11.958,1957,-0.0442,1.5771
9768,18:15:11.958,1941,-0.0520,1.5642
9769,18:15:11.959,1943,-0.0510,1.5658
9770,18:15:11.959,1938,-0.0535,1.5618
9771,18:15:11.960,1940,-0.0525,1.5634
9772,18:15:11.960,1938,-0.0535,1.5618
9773,18:15:11.961,1938,-0.0535,1.5618
9774,18:15:11.961,1942,-0.0515,1.5650
9775,18:15:11.962,1945,-0.0501,1.5674
9776,18:15:11.962,1947,-0.0491,1.5690
9777,18:15:11.963,1935,-0.0549,1.5593
9778,18:15:11.963,1933,-0.0559,1.5577
9779,18:15:11.964,1938,-0.0535,1.5618
9780,18:15:11.964,1933,-0.0559,1.5577
9781,18:15:11.965,1935,-0.0549,1.5593
9782,18:15:11.965,1948,-0.0486,1.5698
9783,18:15:11.966,1953,-0.0462,1.5738
9784,18:15:11.966,1954,-0.0457,1.5747
9785,18:15:11.967,1953,-0.0462,1.5738
9786,18:15:11.967,1955,-0.0452,1.5755
9787,18:15:11.968,1954,-0.0457,1.5747
9788,18:15:11.968,1947,-0.0491,1.5690
9789,18:15:11.969,1941,-0.0520,1.5642
9790,18:15:11.969,1939,-0.0530,1.5626
9791,18:15:11.970,1939,-0.0530,1.5626
9792,18:15:11.970,1938,-0.0535,1.5618
9793,18:15:11.971,1937,-0.0540,1.5610
9794,18:15:11.971,1941,-0.0520,1.5642
9795,18:15:11.972,1940,-0.0525,1.5634
9796,18:15:11.972,1945,-0.0501,1.5674
9797,18:15:11.973,1939,-0.0530,1.5626
9798,18:15:11.973,1935,-0.0549,1.5593
9799,18:15:11.974,1937,-0.0540,1.5610
9800,18:15:11.974,1935,-0.0549,1.5593
9801,18:15:11.975,1933,-0.0559,1.5577
9802,18:15:11.975,1943,-0.0510,1.5658
9803,18:15:11.976,1952,-0.0466,1.5730
9804,18:15:11.976,1950,-0.0476,1.5714
9805,18:15:11.977,1950,-0.0476,1.5714
9806,18:15:11.977,1953,-0.0462,1.5738
9807,18:15:11.978,1957,-0.0442,1.5771
9808,18:15:11.978,1948,-0.0486,1.5698
9809,18:15:11.979,1942,-0.0515,1.5650
9810,18:15:11.979,1938,-0.0535,1.5618
9811,18:15:11.980,1938,-0.0535,1.5618
9812,18:15:11.980,1937,-0.0540,1.5610
9813,18:15:11.981,1939,-0.0530,1.5626
9814,18:15:11.981,1941,-0.0520,1.5642
9815,18:15:11.982,1942,-0.0515,1.5650
9816,18:15:11.982,1947,-0.0491,1.5690
9817,18:15:11.983,1940,-0.0525,1.5634
9818,18:15:11.983,1934,-0.0554,1.5585
9819,18:15:11.984,1937,-0.0540,1.5610
9820,18:15:11.984,1934,-0.0554,1.5585
9821,18:15:11.985,1927,-0.0589,1.5529
9822,18:15:11.985,1936,-0.0545,1.5601
9823,18:15:11.986,1947,-0.0491,1.5690
9824,18:15:11.986,1951,-0.0471,1.5722
9825,18:15:11.987,1951,-0.0471,1.5722
9826,18:15:11.987,1953,-0.0462,1.5738
9827,18:15:11.988,1958,-0.0437,1.5779
9828,18:15:11.988,1950,-0.0476,1.5714
9829,18:15:11.989,1940,-0.0525,1.5634
9830,18:15:11.989,1938,-0.0535,1.5618
9831,18:15:11.990,1934,-0.0554,1.5585
9832,18:15:11.990,1937,-0.0540,1.5610
9833,18:15:11.991,1935,-0.0549,1.5593
9834,18:15:11.991,1939,-0.0530,1.5626
9835,18:15:11.992,1936,-0.0545,1.5601
9836,18:15:11.992,1944,-0.0505,1.5666
9837,18:15:11.993,1943,-0.0510,1.5658
9838,18:15:11.993,1934,-0.0554,1.5585
9839,18:15:11.994,1937,-0.0540,1.5610
9840,18:15:11.994,1937,-0.0540,1.5610
9841,18:15:11.995,1929,-0.0579,1.5545
9842,18:15:11.995,1931,-0.0569,1.5561
9843,18:15:11.996,1945,-0.0501,1.5674
9844,18:15:11.996,1950,-0.0476,1.5714
9845,18:15:11.997,1948,-0.0486,1.5698
9846,18:15:11.997,1947,-0.0491,1.5690
9847,18:15:11.998,1955,-0.0452,1.5755
9848,18:15:11.998,1952,-0.0466,1.5730
9849,18:15:11.999,1944,-0.0505,1.5666
9850,18:15:11.999,1937,-0.0540,1.5610
9851,18:15:12.000,1935,-0.0549,1.5593
9852,18:15:12.000,1938,-0.0535,1.5618
9853,18:15:12.001,1935,-0.0549,1.5593
9854,18:15:12.001,1935,-0.0549,1.5593
9855,18:15:12.002,1940,-0.0525,1.5634
9856,18:15:12.002,1943,-0.0510,1.5658
9857,18:15:12.003,1946,-0.0496,1.5682
9858,18:15:12.003,1938,-0.0535,1.5618
9859,18:15:12.004,1933,-0.0559,1.5577
9860,18:15:12.004,1939,-0.0530,1.5626
9861,18:15:12.005,1933,-0.0559,1.5577
9862,18:15:12.005,1930,-0.0574,1.5553
9863,18:15:12.006,1940,-0.0525,1.5634
9864,18:15:12.006,1949,-0.0481,1.5706
9865,18:15:12.007,1953,-0.0462,1.5738
9866,18:15:12.007,1948,-0.0486,1.5698
9867,18:15:12.008,1957,-0.0442,1.5771
9868,18:15:12.008,1954,-0.0457,1.5747
9869,18:15:12.009,1944,-0.0505,1.5666
9870,18:15:12.009,1942,-0.0515,1.5650
9871,18:15:12.010,1934,-0.0554,1.5585
9872,18:15:12.010,1938,-0.0535,1.5618
9873,18:15:12.011,1936,-0.0545,1.5601
9874,18:15:12.011,1935,-0.0549,1.5593
9875,18:15:12.012,1938,-0.0535,1.5618
9876,18:15:12.012,1938,-0.0535,1.5618
9877,18:15:12.013,1945,-0.0501,1.5674
9878,18:15:12.013,1939,-0.0530,1.5626
9879,18:15:12.014,1934,-0.0554,1.5585
9880,18:15:12.014,1937,-0.0540,1.5610
9881,18:15:12.015,1935,-0.0549,1.5593
9882,18:15:12.015,1931,-0.0569,1.5561
9883,18:15:12.016,1939,-0.0530,1.5626
9884,18:15:12.016,1951,-0.0471,1.5722
9885,18:15:12.017,1954,-0.0457,1.5747
9886,18:15:12.017,1948,-0.0486,1.5698
9887,18:15:12.018,1952,-0.0466,1.5730
9888,18:15:12.018,1962,-0.0418,1.5811
9889,18:15:12.019,1949,-0.0481,1.5706
9890,18:15:12.019,1944,-0.0505,1.5666
9891,18:15:12.020,1935,-0.0549,1.5593
9892,18:15:12.020,1933,-0.0559,1.5577
9893,18:15:12.021,1934,-0.0554,1.5585
9894,18:15:12.021,1936,-0.0545,1.5601
9895,18:15:12.022,1939,-0.0530,1.5626
9896,18:15:12.022,1937,-0.0540,1.5610
9897,18:15:12.023,1945,-0.0501,1.5674
9898,18:15:12.023,1941,-0.0520,1.5642
9899,18:15:12.024,1937,-0.0540,1.5610
9900,18:15:12.024,1938,-0.0535,1.5618
9901,18:15:12.025,1935,-0.0549,1.5593
9902,18:15:12.025,1931,-0.0569,1.5561
9903,18:15:12.026,1934,-0.0554,1.5585
9904,18:15:12.026,1948,-0.0486,1.5698
9905,18:15:12.027,1953,-0.0462,1.5738
9906,18:15:12.027,1949,-0.0481,1.5706
9907,18:15:12.028,1949,-0.0481,1.5706
9908,18:15:12.028,1956,-0.0447,1.5763
9909,18:15:12.029,1952,-0.0466,1.5730
9910,18:15:12.029,1945,-0.0501,1.5674
9911,18:15:12.030,1939,-0.0530,1.5626
9912,18:15:12.030,1933,-0.0559,1.5577
9913,18:15:12.031,1937,-0.0540,1.5610
9914,18:15:12.031,1936,-0.0545,1.5601
9915,18:15:12.032,1938,-0.0535,1.5618
9916,18:15:12.032,1936,-0.0545,1.5601
9917,18:15:12.033,1944,-0.0505,1.5666
9918,18:15:12.033,1947,-0.0491,1.5690
9919,18:15:12.034,1938,-0.0535,1.5618
9920,18:15:12.034,1940,-0.0525,1.5634
9921,18:15:12.035,1941,-0.0520,1.5642
9922,18:15:12.035,1933,-0.0559,1.5577
9923,18:15:12.036,1935,-0.0549,1.5593
9924,18:15:12.036,1942,-0.0515,1.5650
9925,18:15:12.037,1952,-0.0466,1.5730
9926,18:15:12.037,1949,-0.0481,1.5706
9927,18:15:12.038,1947,-0.0491,1.5690
9928,18:15:12.038,1958,-0.0437,1.5779
9929,18:15:12.039,1955,-0.0452,1.5755
9930,18:15:12.039,1947,-0.0491,1.5690
9931,18:15:12.040,1938,-0.0535,1.5618
9932,18:15:12.040,1935,-0.0549,1.5593
9933,18:15:12.041,1940,-0.0525,1.5634
9934,18:15:12.041,1927,-0.0589,1.5529
9935,18:15:12.042,1943,-0.0510,1.5658
9936,18:15:12.042,1939,-0.0530,1.5626
9937,18:15:12.043,1945,-0.0501,1.5674
9938,18:15:12.043,1951,-0.0471,1.5722
9939,18:15:12.044,1939,-0.0530,1.5626
9940,18:15:12.044,1942,-0.0515,1.5650
9941,18:15:12.045,1941,-0.0520,1.5642
9942,18:15:12.045,1939,-0.0530,1.5626
9943,18:15:12.046,1934,-0.0554,1.5585
9944,18:15:12.046,1943,-0.0510,1.5658
9945,18:15:12.047,1940,-0.0525,1.5634
9946,18:15:12.047,1956,-0.0447,1.5763
9947,18:15:12.048,1963,-0.0413,1.5819
9948,18:15:12.048,1959,-0.0432,1.5787
9949,18:15:12.049,1955,-0.0452,1.5755
9950,18:15:12.049,1951,-0.0471,1.5722
9951,18:15:12.050,1943,-0.0510,1.5658
9952,18:15:12.050,1935,-0.0549,1.5593
9953,18:15:12.051,1937,-0.0540,1.5610
9954,18:15:12.051,1938,-0.0535,1.5618
9955,18:15:12.052,1938,-0.0535,1.5618
9956,18:15:12.052,1937,-0.0540,1.5610
9957,18:15:12.053,1938,-0.0535,1.5618
9958,18:15:12.053,1946,-0.0496,1.5682
9959,18:15:12.054,1945,-0.0501,1.5674
9960,18:15:12.054,1939,-0.0530,1.5626
9961,18:15:12.055,1941,-0.0520,1.5642
9962,18:15:12.055,1940,-0.0525,1.5634
9963,18:15:12.056,1934,-0.0554,1.5585
9964,18:15:12.056,1938,-0.0535,1.5618
9965,18:15:12.057,1949,-0.0481,1.5706
9966,18:15:12.057,1949,-0.0481,1.5706
9967,18:15:12.058,1949,-0.0481,1.5706
9968,18:15:12.058,1953,-0.0462,1.5738
9969,18:15:12.059,1956,-0.0447,1.5763
9970,18:15:12.059,1951,-0.0471,1.5722
9971,18:15:12.060,1941,-0.0520,1.5642
9972,18:15:12.060,1935,-0.0549,1.5593
9973,18:15:12.061,1933,-0.0559,1.5577
9974,18:15:12.061,1935,-0.0549,1.5593
9975,18:15:12.062,1936,-0.0545,1.5601
9976,18:15:12.062,1935,-0.0549,1.5593
9977,18:15:12.063,1935,-0.0549,1.5593
9978,18:15:12.063,1943,-0.0510,1.5658
9979,18:15:12.064,1943,-0.0510,1.5658
9980,18:15:12.064,1939,-0.0530,1.5626
9981,18:15:12.065,1940,-0.0525,1.5634
9982,18:15:12.065,1938,-0.0535,1.5618
9983,18:15:12.066,1932,-0.0564,1.5569
9984,18:15:12.066,1934,-0.0554,1.5585
9985,18:15:12.067,1940,-0.0525,1.5634
9986,18:15:12.067,1946,-0.0496,1.5682
9987,18:15:12.068,1946,-0.0496,1.5682
9988,18:15:12.068,1948,-0.0486,1.5698
9989,18:15:12.069,1953,-0.0462,1.5738
9990,18:15:12.069,1947,-0.0491,1.5690
9991,18:15:12.070,1944,-0.0505,1.5666
9992,18:15:12.070,1934,-0.0554,1.5585
9993,18:15:12.071,1931,-0.0569,1.5561
9994,18:15:12.071,1932,-0.0564,1.5569
9995,18:15:12.072,1926,-0.0593,1.5521
9996,18:15:12.072,1934,-0.0554,1.5585
9997,18:15:12.073,1936,-0.0545,1.5601
9998,18:15:12.073,1940,-0.0525,1.5634
9999,18:15:12.074,1939,-0.0530,1.5626
10000,18:15:12.074,1934,-0.0554,1.5585
10001,18:15:12.075,1938,-0.0535,1.5618
10002,18:15:12.075,1937,-0.0540,1.5610
10003,18:15:12.076,1931,-0.0569,1.5561
10004,18:15:12.076,1929,-0.0579,1.5545
10005,18:15:12.077,1938,-0.0535,1.5618
10006,18:15:12.077,1943,-0.0510,1.5658
10007,18:15:12.078,1946,-0.0496,1.5682
10008,18:15:12.078,1951,-0.0471,1.5722
10009,18:15:12.079,1949,-0.0481,1.5706
10010,18:15:12.079,1945,-0.0501,1.5674
10011,18:15:12.080,1940,-0.0525,1.5634
10012,18:15:12.080,1932,-0.0564,1.5569
10013,18:15:12.081,1926,-0.0593,1.5521
10014,18:15:12.081,1925,-0.0598,1.5513
10015,18:15:12.082,1929,-0.0579,1.5545
10016,18:15:12.082,1927,-0.0589,1.5529
10017,18:15:12.083,1936,-0.0545,1.5601
10018,18:15:12.083,1943,-0.0510,1.5658
10019,18:15:12.084,1943,-0.0510,1.5658
10020,18:15:12.084,1935,-0.0549,1.5593
10021,18:15:12.085,1936,-0.0545,1.5601
10022,18:15:12.085,1938,-0.0535,1.5618
10023,18:15:12.086,1937,-0.0540,1.5610
10024,18:15:12.086,1925,-0.0598,1.5513
10025,18:15:12.087,1932,-0.0564,1.5569
10026,18:15:12.087,1948,-0.0486,1.5698
10027,18:15:12.088,1954,-0.0457,1.5747
10028,18:15:12.088,1950,-0.0476,1.5714
10029,18:15:12.089,1944,-0.0505,1.5666
10030,18:15:12.089,1943,-0.0510,1.5658
10031,18:15:12.090,1935,-0.0549,1.5593
10032,18:15:12.090,1928,-0.0584,1.5537
10033,18:15:12.091,1926,-0.0593,1.5521
10034,18:15:12.091,1924,-0.0603,1.5505
10035,18:15:12.092,1929,-0.0579,1.5545
10036,18:15:12.092,1932,-0.0564,1.5569
10037,18:15:12.093,1936,-0.0545,1.5601
10038,18:15:12.093,1944,-0.0505,1.5666
10039,18:15:12.094,1939,-0.0530,1.5626
10040,18:15:12.094,1937,-0.0540,1.5610
10041,18:15:12.095,1933,-0.0559,1.5577
10042,18:15:12.095,1940,-0.0525,1.5634
10043,18:15:12.096,1937,-0.0540,1.5610
10044,18:15:12.096,1931,-0.0569,1.5561
10045,18:15:12.097,1937,-0.0540,1.5610
10046,18:15:12.097,1945,-0.0501,1.5674
10047,18:15:12.098,1954,-0.0457,1.5747
10048,18:15:12.098,1947,-0.0491,1.5690
10049,18:15:12.099,1943,-0.0510,1.5658
10050,18:15:12.099,1937,-0.0540,1.5610
10051,18:15:12.100,1932,-0.0564,1.5569
10052,18:15:12.100,1930,-0.0574,1.5553
10053,18:15:12.101,1925,-0.0598,1.5513
10054,18:15:12.101,1928,-0.0584,1.5537
10055,18:15:12.102,1934,-0.0554,1.5585
10056,18:15:12.102,1937,-0.0540,1.5610
10057,18:15:12.103,1941,-0.0520,1.5642
10058,18:15:12.103,1941,-0.0520,1.5642
10059,18:15:12.104,1936,-0.0545,1.5601
10060,18:15:12.104,1937,-0.0540,1.5610
10061,18:15:12.105,1928,-0.0584,1.5537
10062,18:15:12.105,1935,-0.0549,1.5593
10063,18:15:12.106,1935,-0.0549,1.5593
10064,18:15:12.106,1934,-0.0554,1.5585
10065,18:15:12.107,1938,-0.0535,1.5618
10066,18:15:12.107,1942,-0.0515,1.5650
10067,18:15:12.108,1948,-0.0486,1.5698
10068,18:15:12.108,1939,-0.0530,1.5626
10069,18:15:12.109,1937,-0.0540,1.5610
10070,18:15:12.109,1935,-0.0549,1.5593
10071,18:15:12.110,1926,-0.0593,1.5521
10072,18:15:12.110,1932,-0.0564,1.5569
10073,18:15:12.111,1930,-0.0574,1.5553
10074,18:15:12.111,1937,-0.0540,1.5610
10075,18:15:12.112,1938,-0.0535,1.5618
10076,18:15:12.112,1943,-0.0510,1.5658
10077,18:15:12.113,1943,-0.0510,1.5658
10078,18:15:12.113,1938,-0.0535,1.5618
10079,18:15:12.114,1941,-0.0520,1.5642
10080,18:15:12.114,1934,-0.0554,1.5585
10081,18:15:12.115,1933,-0.0559,1.5577
10082,18:15:12.115,1939,-0.0530,1.5626
10083,18:15:12.116,1942,-0.0515,1.5650
10084,18:15:12.116,1939,-0.0530,1.5626
10085,18:15:12.117,1935,-0.0549,1.5593
10086,18:15:12.117,1943,-0.0510,1.5658
10087,18:15:12.118,1944,-0.0505,1.5666
10088,18:15:12.118,1938,-0.0535,1.5618
10089,18:15:12.119,1931,-0.0569,1.5561
10090,18:15:12.119,1929,-0.0579,1.5545
10091,18:15:12.120,1930,-0.0574,1.5553
10092,18:15:12.120,1932,-0.0564,1.5569
10093,18:15:12.121,1935,-0.0549,1.5593
10094,18:15:12.121,1939,-0.0530,1.5626
10095,18:15:12.122,1940,-0.0525,1.5634
10096,18:15:12.122,1944,-0.0505,1.5666
10097,18:15:12.123,1940,-0.0525,1.5634
10098,18:15:12.123,1938,-0.0535,1.5618
10099,18:15:12.124,1939,-0.0530,1.5626
10100,18:15:12.124,1934,-0.0554,1.5585
10101,18:15:12.125,1934,-0.0554,1.5585
10102,18:15:12.125,1941,-0.0520,1.5642
10103,18:15:12.126,1941,-0.0520,1.5642
10104,18:15:12.126,1943,-0.0510,1.5658
10105,18:15:12.127,1937,-0.0540,1.5610
10106,18:15:12.127,1942,-0.0515,1.5650
10107,18:15:12.128,1937,-0.0540,1.5610
10108,18:15:12.128,1933,-0.0559,1.5577
10109,18:15:12.129,1931,-0.0569,1.5561
10110,18:15:12.129,1935,-0.0549,1.5593
10111,18:15:12.130,1934,-0.0554,1.5585
10112,18:15:12.130,1936,-0.0545,1.5601
10113,18:15:12.131,1940,-0.0525,1.5634
10114,18:15:12.131,1940,-0.0525,1.5634
10115,18:15:12.132,1941,-0.0520,1.5642
10116,18:15:12.132,1942,-0.0515,1.5650
10117,18:15:12.133,1935,-0.0549,1.5593
10118,18:15:12.133,1935,-0.0549,1.5593
10119,18:15:12.134,1935,-0.0549,1.5593
10120,18:15:12.134,1940,-0.0525,1.5634
10121,18:15:12.135,1935,-0.0549,1.5593
10122,18:15:12.135,1943,-0.0510,1.5658
10123,18:15:12.136,1944,-0.0505,1.5666
10124,18:15:12.136,1944,-0.0505,1.5666
10125,18:15:12.137,1934,-0.0554,1.5585
10126,18:15:12.137,1939,-0.0530,1.5626
10127,18:15:12.138,1939,-0.0530,1.5626
10128,18:15:12.138,1935,-0.0549,1.5593
10129,18:15:12.139,1933,-0.0559,1.5577
10130,18:15:12.139,1937,-0.0540,1.5610
10131,18:15:12.140,1939,-0.0530,1.5626
10132,18:15:12.140,1938,-0.0535,1.5618
10133,18:15:12.141,1941,-0.0520,1.5642
10134,18:15:12.141,1939,-0.0530,1.5626
10135,18:15:12.142,1937,-0.0540,1.5610
10136,18:15:12.142,1942,-0.0515,1.5650
10137,18:15:12.143,1934,-0.0554,1.5585
10138,18:15:12.143,1941,-0.0520,1.5642
10139,18:15:12.144,1930,-0.0574,1.5553
10140,18:15:12.144,1942,-0.0515,1.5650
10141,18:15:12.145,1944,-0.0505,1.5666
10142,18:15:12.145,1944,-0.0505,1.5666
10143,18:15:12.146,1944,-0.0505,1.5666
10144,18:15:12.146,1941,-0.0520,1.5642
10145,18:15:12.147,1938,-0.0535,1.5618
10146,18:15:12.147,1938,-0.0535,1.5618
10147,18:15:12.148,1939,-0.0530,1.5626
10148,18:15:12.148,1938,-0.0535,1.5618
10149,18:15:12.149,1940,-0.0525,1.5634
10150,18:15:12.149,1942,-0.0515,1.5650
10151,18:15:12.150,1943,-0.0510,1.5658
10152,18:15:12.150,1942,-0.0515,1.5650
10153,18:15:12.151,1944,-0.0505,1.5666
10154,18:15:12.151,1939,-0.0530,1.5626
10155,18:15:12.152,1941,-0.0520,1.5642
10156,18:15:12.152,1941,-0.0520,1.5642
10157,18:15:12.153,1937,-0.0540,1.5610
10158,18:15:12.153,1940,-0.0525,1.5634
10159,18:15:12.154,1939,-0.0530,1.5626
10160,18:15:12.154,1940,-0.0525,1.5634
10161,18:15:12.155,1940,-0.0525,1.5634
10162,18:15:12.155,1943,-0.0510,1.5658
10163,18:15:12.156,1942,-0.0515,1.5650
10164,18:15:12.156,1939,-0.0530,1.5626
10165,18:15:12.157,1934,-0.0554,1.5585
10166,18:15:12.157,1939,-0.0530,1.5626
10167,18:15:12.158,1942,-0.0515,1.5650
10168,18:15:12.158,1943,-0.0510,1.5658
10169,18:15:12.159,1943,-0.0510,1.5658
10170,18:15:12.159,1940,-0.0525,1.5634
10171,18:15:12.160,1943,-0.0510,1.5658
10172,18:15:12.160,1944,-0.0505,1.5666
10173,18:15:12.161,1939,-0.0530,1.5626
10174,18:15:12.161,1938,-0.0535,1.5618
10175,18:15:12.162,1939,-0.0530,1.5626
10176,18:15:12.162,1941,-0.0520,1.5642
10177,18:15:12.163,1939,-0.0530,1.5626
10178,18:15:12.163,1942,-0.0515,1.5650
10179,18:15:12.164,1940,-0.0525,1.5634
10180,18:15:12.164,1942,-0.0515,1.5650
10181,18:15:12.165,1943,-0.0510,1.5658
10182,18:15:12.165,1938,-0.0535,1.5618
10183,18:15:12.166,1939,-0.0530,1.5626
10184,18:15:12.166,1939,-0.0530,1.5626
10185,18:15:12.167,1938,-0.0535,1.5618
10186,18:15:12.167,1941,-0.0520,1.5642
10187,18:15:12.168,1941,-0.0520,1.5642
10188,18:15:12.168,1941,-0.0520,1.5642
10189,18:15:12.169,1944,-0.0505,1.5666
10190,18:15:12.169,1942,-0.0515,1.5650
10191,18:15:12.170,1944,-0.0505,1.5666
10192,18:15:12.170,1939,-0.0530,1.5626
10193,18:15:12.171,1937,-0.0540,1.5610
10194,18:15:12.171,1940,-0.0525,1.5634
10195,18:15:12.172,1940,-0.0525,1.5634
10196,18:15:12.172,1940,-0.0525,1.5634
10197,18:15:12.173,1941,-0.0520,1.5642
10198,18:15:12.173,1940,-0.0525,1.5634
10199,18:15:12.174,1943,-0.0510,1.5658
10200,18:15:12.174,1938,-0.0535,1.5618
10201,18:15:12.175,1940,-0.0525,1.5634
10202,18:15:12.175,1942,-0.0515,1.5650
10203,18:15:12.176,1947,-0.0491,1.5690
10204,18:15:12.176,1941,-0.0520,1.5642
10205,18:15:12.177,1943,-0.0510,1.5658
10206,18:15:12.177,1941,-0.0520,1.5642
10207,18:15:12.178,1946,-0.0496,1.5682
10208,18:15:12.178,1945,-0.0501,1.5674
10209,18:15:12.179,1946,-0.0496,1.5682
10210,18:15:12.179,1952,-0.0466,1.5730
10211,18:15:12.180,1940,-0.0525,1.5634
10212,18:15:12.180,1941,-0.0520,1.5642
10213,18:15:12.181,1941,-0.0520,1.5642
10214,18:15:12.181,1942,-0.0515,1.5650
10215,18:15:12.182,1942,-0.0515,1.5650
10216,18:15:12.182,1943,-0.0510,1.5658
10217,18:15:12.183,1942,-0.0515,1.5650
10218,18:15:12.183,1939,-0.0530,1.5626
10219,18:15:12.184,1944,-0.0505,1.5666
10220,18:15:12.184,1941,-0.0520,1.5642
10221,18:15:12.185,1943,-0.0510,1.5658
10222,18:15:12.185,1938,-0.0535,1.5618
10223,18:15:12.186,1942,-0.0515,1.5650
10224,18:15:12.186,1943,-0.0510,1.5658
10225,18:15:12.187,1942,-0.0515,1.5650
10226,18:15:12.187,1943,-0.0510,1.5658
10227,18:15:12.188,1944,-0.0505,1.5666
10228,18:15:12.188,1942,-0.0515,1.5650
10229,18:15:12.189,1942,-0.0515,1.5650
10230,18:15:12.189,1939,-0.0530,1.5626
10231,18:15:12.190,1939,-0.0530,1.5626
10232,18:15:12.190,1942,-0.0515,1.5650
10233,18:15:12.191,1941,-0.0520,1.5642
10234,18:15:12.191,1943,-0.0510,1.5658
10235,18:15:12.192,1941,-0.0520,1.5642
10236,18:15:12.192,1941,-0.0520,1.5642
10237,18:15:12.193,1941,-0.0520,1.5642
10238,18:15:12.193,1938,-0.0535,1.5618
10239,18:15:12.194,1942,-0.0515,1.5650
10240,18:15:12.194,1941,-0.0520,1.5642
10241,18:15:12.195,1940,-0.0525,1.5634
10242,18:15:12.195,1940,-0.0525,1.5634
10243,18:15:12.196,1941,-0.0520,1.5642
10244,18:15:12.196,1938,-0.0535,1.5618
10245,18:15:12.197,1943,-0.0510,1.5658
10246,18:15:12.197,1938,-0.0535,1.5618
10247,18:15:12.198,1942,-0.0515,1.5650
10248,18:15:12.198,1941,-0.0520,1.5642
10249,18:15:12.199,1941,-0.0520,1.5642
10250,18:15:12.199,1939,-0.0530,1.5626
10251,18:15:12.200,1942,-0.0515,1.5650
10252,18:15:12.200,1941,-0.0520,1.5642
10253,18:15:12.201,1941,-0.0520,1.5642
10254,18:15:12.201,1940,-0.0525,1.5634
10255,18:15:12.202,1938,-0.0535,1.5618
10256,18:15:12.202,1937,-0.0540,1.5610
10257,18:15:12.203,1937,-0.0540,1.5610
10258,18:15:12.203,1940,-0.0525,1.5634
10259,18:15:12.204,1944,-0.0505,1.5666
10260,18:15:12.204,1938,-0.0535,1.5618
10261,18:15:12.205,1937,-0.0540,1.5610
10262,18:15:12.205,1937,-0.0540,1.5610
10263,18:15:12.206,1942,-0.0515,1.5650
10264,18:15:12.206,1940,-0.0525,1.5634
10265,18:15:12.207,1938,-0.0535,1.5618
10266,18:15:12.207,1937,-0.0540,1.5610
10267,18:15:12.208,1937,-0.0540,1.5610
10268,18:15:12.208,1937,-0.0540,1.5610
10269,18:15:12.209,1941,-0.0520,1.5642
10270,18:15:12.209,1942,-0.0515,1.5650
10271,18:15:12.210,1941,-0.0520,1.5642
10272,18:15:12.210,1937,-0.0540,1.5610
10273,18:15:12.211,1938,-0.0535,1.5618
10274,18:15:12.211,1936,-0.0545,1.5601
10275,18:15:12.212,1937,-0.0540,1.5610
10276,18:15:12.212,1938,-0.0535,1.5618
10277,18:15:12.213,1938,-0.0535,1.5618
10278,18:15:12.213,1939,-0.0530,1.5626
10279,18:15:12.214,1940,-0.0525,1.5634
10280,18:15:12.214,1939,-0.0530,1.5626
10281,18:15:12.215,1941,-0.0520,1.5642
10282,18:15:12.215,1939,-0.0530,1.5626
10283,18:15:12.216,1941,-0.0520,1.5642
10284,18:15:12.216,1940,-0.0525,1.5634
10285,18:15:12.217,1938,-0.0535,1.5618
10286,18:15:12.217,1941,-0.0520,1.5642
10287,18:15:12.218,1949,-0.0481,1.5706
10288,18:15:12.218,1939,-0.0530,1.5626
10289,18:15:12.219,1941,-0.0520,1.5642
10290,18:15:12.219,1940,-0.0525,1.5634
10291,18:15:12.220,1938,-0.0535,1.5618
10292,18:15:12.220,1940,-0.0525,1.5634
10293,18:15:12.221,1938,-0.0535,1.5618
10294,18:15:12.221,1944,-0.0505,1.5666
10295,18:15:12.222,1941,-0.0520,1.5642
10296,18:15:12.222,1940,-0.0525,1.5634
10297,18:15:12.223,1941,-0.0520,1.5642
10298,18:15:12.223,1942,-0.0515,1.5650
10299,18:15:12.224,1935,-0.0549,1.5593
10300,18:15:12.224,1943,-0.0510,1.5658
10301,18:15:12.225,1946,-0.0496,1.5682
10302,18:15:12.225,1942,-0.0515,1.5650
10303,18:15:12.226,1944,-0.0505,1.5666
10304,18:15:12.226,1942,-0.0515,1.5650
10305,18:15:12.227,1953,-0.0462,1.5738
10306,18:15:12.227,1944,-0.0505,1.5666
10307,18:15:12.228,1942,-0.0515,1.5650
10308,18:15:12.228,1945,-0.0501,1.5674
10309,18:15:12.229,1945,-0.0501,1.5674
10310,18:15:12.229,1942,-0.0515,1.5650
10311,18:15:12.230,1933,-0.0559,1.5577
10312,18:15:12.230,1940,-0.0525,1.5634
10313,18:15:12.231,1945,-0.0501,1.5674
10314,18:15:12.231,1937,-0.0540,1.5610
10315,18:15:12.232,1946,-0.0496,1.5682
10316,18:15:12.232,1942,-0.0515,1.5650
10317,18:15:12.233,1942,-0.0515,1.5650
10318,18:15:12.233,1942,-0.0515,1.5650
10319,18:15:12.234,1945,-0.0501,1.5674
10320,18:15:12.234,1942,-0.0515,1.5650
10321,18:15:12.235,1945,-0.0501,1.5674
10322,18:15:12.235,1944,-0.0505,1.5666
10323,18:15:12.236,1945,-0.0501,1.5674
10324,18:15:12.236,1943,-0.0510,1.5658
10325,18:15:12.237,1946,-0.0496,1.5682
10326,18:15:12.237,1945,-0.0501,1.5674
10327,18:15:12.238,1944,-0.0505,1.5666
10328,18:15:12.238,1944,-0.0505,1.5666
10329,18:15:12.239,1943,-0.0510,1.5658
10330,18:15:12.239,1941,-0.0520,1.5642
10331,18:15:12.240,1944,-0.0505,1.5666
10332,18:15:12.240,1941,-0.0520,1.5642
10333,18:15:12.241,1941,-0.0520,1.5642
10334,18:15:12.241,1940,-0.0525,1.5634
10335,18:15:12.242,1942,-0.0515,1.5650
10336,18:15:12.242,1940,-0.0525,1.5634
10337,18:15:12.243,1939,-0.0530,1.5626
10338,18:15:12.243,1944,-0.0505,1.5666
10339,18:15:12.244,1940,-0.0525,1.5634
10340,18:15:12.244,1941,-0.0520,1.5642
10341,18:15:12.245,1938,-0.0535,1.5618
10342,18:15:12.245,1942,-0.0515,1.5650
10343,18:15:12.246,1935,-0.0549,1.5593
10344,18:15:12.246,1943,-0.0510,1.5658
10345,18:15:12.247,1940,-0.0525,1.5634
10346,18:15:12.247,1943,-0.0510,1.5658
10347,18:15:12.248,1942,-0.0515,1.5650
10348,18:15:12.248,1942,-0.0515,1.5650
10349,18:15:12.249,1943,-0.0510,1.5658
10350,18:15:12.249,1943,-0.0510,1.5658
10351,18:15:12.250,1945,-0.0501,1.5674
10352,18:15:12.250,1945,-0.0501,1.5674
10353,18:15:12.251,1941,-0.0520,1.5642
10354,18:15:12.251,1944,-0.0505,1.5666
10355,18:15:12.252,1942,-0.0515,1.5650
10356,18:15:12.252,1942,-0.0515,1.5650
10357,18:15:12.253,1939,-0.0530,1.5626
10358,18:15:12.253,1941,-0.0520,1.5642
10359,18:15:12.254,1942,-0.0515,1.5650
10360,18:15:12.254,1943,-0.0510,1.5658
10361,18:15:12.255,1945,-0.0501,1.5674
10362,18:15:12.255,1943,-0.0510,1.5658
10363,18:15:12.256,1941,-0.0520,1.5642
10364,18:15:12.256,1943,-0.0510,1.5658
10365,18:15:12.257,1941,-0.0520,1.5642
10366,18:15:12.257,1944,-0.0505,1.5666
10367,18:15:12.258,1941,-0.0520,1.5642
10368,18:15:12.258,1943,-0.0510,1.5658
10369,18:15:12.259,1942,-0.0515,1.5650
10370,18:15:12.259,1945,-0.0501,1.5674
10371,18:15:12.260,1944,-0.0505,1.5666
10372,18:15:12.260,1944,-0.0505,1.5666
10373,18:15:12.261,1943,-0.0510,1.5658
10374,18:15:12.261,1942,-0.0515,1.5650
10375,18:15:12.262,1941,-0.0520,1.5642
10376,18:15:12.262,1940,-0.0525,1.5634
10377,18:15:12.263,1941,-0.0520,1.5642
10378,18:15:12.263,1944,-0.0505,1.5666
10379,18:15:12.264,1941,-0.0520,1.5642
10380,18:15:12.264,1944,-0.0505,1.5666
10381,18:15:12.265,1940,-0.0525,1.5634
10382,18:15:12.265,1944,-0.0505,1.5666
10383,18:15:12.266,1944,-0.0505,1.5666
10384,18:15:12.266,1940,-0.0525,1.5634
10385,18:15:12.267,1941,-0.0520,1.5642
10386,18:15:12.267,1943,-0.0510,1.5658
10387,18:15:12.268,1941,-0.0520,1.5642
10388,18:15:12.268,1945,-0.0501,1.5674
10389,18:15:12.269,1942,-0.0515,1.5650
10390,18:15:12.269,1945,-0.0501,1.5674
10391,18:15:12.270,1939,-0.0530,1.5626
10392,18:15:12.270,1944,-0.0505,1.5666
10393,18:15:12.271,1940,-0.0525,1.5634
10394,18:15:12.271,1939,-0.0530,1.5626
10395,18:15:12.272,1941,-0.0520,1.5642
10396,18:15:12.272,1945,-0.0501,1.5674
10397,18:15:12.273,1944,-0.0505,1.5666
10398,18:15:12.273,1942,-0.0515,1.5650
10399,18:15:12.274,1942,-0.0515,1.5650
10400,18:15:12.274,1942,-0.0515,1.5650
10401,18:15:12.275,1944,-0.0505,1.5666
10402,18:15:12.275,1941,-0.0520,1.5642
10403,18:15:12.276,1946,-0.0496,1.5682
10404,18:15:12.276,1944,-0.0505,1.5666
10405,18:15:12.277,1943,-0.0510,1.5658
10406,18:15:12.277,1941,-0.0520,1.5642
10407,18:15:12.278,1944,-0.0505,1.5666
10408,18:15:12.278,1940,-0.0525,1.5634
10409,18:15:12.279,1944,-0.0505,1.5666
10410,18:15:12.279,1946,-0.0496,1.5682
10411,18:15:12.280,1942,-0.0515,1.5650
10412,18:15:12.280,1939,-0.0530,1.5626
10413,18:15:12.281,1940,-0.0525,1.5634
10414,18:15:12.281,1943,-0.0510,1.5658
10415,18:15:12.282,1944,-0.0505,1.5666
10416,18:15:12.282,1944,-0.0505,1.5666
10417,18:15:12.283,1945,-0.0501,1.5674
10418,18:15:12.283,1942,-0.0515,1.5650
10419,18:15:12.284,1941,-0.0520,1.5642
10420,18:15:12.284,1941,-0.0520,1.5642
10421,18:15:12.285,1944,-0.0505,1.5666
10422,18:15:12.285,1943,-0.0510,1.5658
10423,18:15:12.286,1945,-0.0501,1.5674
10424,18:15:12.286,1942,-0.0515,1.5650
10425,18:15:12.287,1946,-0.0496,1.5682
10426,18:15:12.287,1942,-0.0515,1.5650
10427,18:15:12.288,1944,-0.0505,1.5666
10428,18:15:12.288,1941,-0.0520,1.5642
10429,18:15:12.289,1944,-0.0505,1.5666
10430,18:15:12.289,1942,-0.0515,1.5650
10431,18:15:12.290,1944,-0.0505,1.5666
10432,18:15:12.290,1945,-0.0501,1.5674
10433,18:15:12.291,1944,-0.0505,1.5666
10434,18:15:12.291,1942,-0.0515,1.5650
10435,18:15:12.292,1944,-0.0505,1.5666
10436,18:15:12.292,1941,-0.0520,1.5642
10437,18:15:12.293,1943,-0.0510,1.5658
10438,18:15:12.293,1944,-0.0505,1.5666
10439,18:15:12.294,1941,-0.0520,1.5642
10440,18:15:12.294,1942,-0.0515,1.5650
10441,18:15:12.295,1944,-0.0505,1.5666
10442,18:15:12.295,1944,-0.0505,1.5666
10443,18:15:12.296,1941,-0.0520,1.5642
10444,18:15:12.296,1944,-0.0505,1.5666
10445,18:15:12.297,1943,-0.0510,1.5658
10446,18:15:12.297,1944,-0.0505,1.5666
10447,18:15:12.298,1942,-0.0515,1.5650
10448,18:15:12.298,1940,-0.0525,1.5634
10449,18:15:12.299,1943,-0.0510,1.5658
10450,18:15:12.299,1942,-0.0515,1.5650
10451,18:15:12.300,1944,-0.0505,1.5666
10452,18:15:12.300,1942,-0.0515,1.5650
10453,18:15:12.301,1944,-0.0505,1.5666
10454,18:15:12.301,1943,-0.0510,1.5658
10455,18:15:12.302,1944,-0.0505,1.5666
10456,18:15:12.302,1943,-0.0510,1.5658
10457,18:15:12.303,1942,-0.0515,1.5650
10458,18:15:12.303,1945,-0.0501,1.5674
10459,18:15:12.304,1944,-0.0505,1.5666
10460,18:15:12.304,1942,-0.0515,1.5650
10461,18:15:12.305,1944,-0.0505,1.5666
10462,18:15:12.305,1942,-0.0515,1.5650
10463,18:15:12.306,1944,-0.0505,1.5666
10464,18:15:12.306,1941,-0.0520,1.5642
10465,18:15:12.307,1944,-0.0505,1.5666
10466,18:15:12.307,1944,-0.0505,1.5666
10467,18:15:12.308,1944,-0.0505,1.5666
10468,18:15:12.308,1942,-0.0515,1.5650
10469,18:15:12.309,1942,-0.0515,1.5650
10470,18:15:12.309,1944,-0.0505,1.5666
10471,18:15:12.310,1944,-0.0505,1.5666
10472,18:15:12.310,1942,-0.0515,1.5650
10473,18:15:12.311,1941,-0.0520,1.5642
10474,18:15:12.311,1943,-0.0510,1.5658
10475,18:15:12.312,1945,-0.0501,1.5674
10476,18:15:12.312,1945,-0.0501,1.5674
10477,18:15:12.313,1943,-0.0510,1.5658
10478,18:15:12.313,1940,-0.0525,1.5634
10479,18:15:12.314,1942,-0.0515,1.5650
10480,18:15:12.314,1943,-0.0510,1.5658
10481,18:15:12.315,1945,-0.0501,1.5674
10482,18:15:12.315,1944,-0.0505,1.5666
10483,18:15:12.316,1941,-0.0520,1.5642
10484,18:15:12.316,1942,-0.0515,1.5650
10485,18:15:12.317,1945,-0.0501,1.5674
10486,18:15:12.317,1946,-0.0496,1.5682
10487,18:15:12.318,1946,-0.0496,1.5682
10488,18:15:12.318,1942,-0.0515,1.5650
10489,18:15:12.319,1942,-0.0515,1.5650
10490,18:15:12.319,1945,-0.0501,1.5674
10491,18:15:12.320,1946,-0.0496,1.5682
10492,18:15:12.320,1941,-0.0520,1.5642
10493,18:15:12.321,1942,-0.0515,1.5650
10494,18:15:12.321,1943,-0.0510,1.5658
10495,18:15:12.322,1945,-0.0501,1.5674
10496,18:15:12.322,1945,-0.0501,1.5674
10497,18:15:12.323,1942,-0.0515,1.5650
10498,18:15:12.323,1942,-0.0515,1.5650
10499,18:15:12.324,1942,-0.0515,1.5650
10500,18:15:12.324,1943,-0.0510,1.5658
10501,18:15:12.325,1946,-0.0496,1.5682
10502,18:15:12.325,1942,-0.0515,1.5650
10503,18:15:12.326,1944,-0.0505,1.5666
10504,18:15:12.326,1944,-0.0505,1.5666
10505,18:15:12.327,1945,-0.0501,1.5674
10506,18:15:12.327,1946,-0.0496,1.5682
10507,18:15:12.328,1942,-0.0515,1.5650
10508,18:15:12.328,1943,-0.0510,1.5658
10509,18:15:12.329,1942,-0.0515,1.5650
10510,18:15:12.329,1941,-0.0520,1.5642
10511,18:15:12.330,1941,-0.0520,1.5642
10512,18:15:12.330,1942,-0.0515,1.5650
10513,18:15:12.331,1944,-0.0505,1.5666
10514,18:15:12.331,1942,-0.0515,1.5650
10515,18:15:12.332,1943,-0.0510,1.5658
10516,18:15:12.332,1944,-0.0505,1.5666
10517,18:15:12.333,1943,-0.0510,1.5658
10518,18:15:12.333,1943,-0.0510,1.5658
10519,18:15:12.334,1941,-0.0520,1.5642
10520,18:15:12.334,1943,-0.0510,1.5658
10521,18:15:12.335,1943,-0.0510,1.5658
10522,18:15:12.335,1945,-0.0501,1.5674
10523,18:15:12.336,1944,-0.0505,1.5666
10524,18:15:12.336,1944,-0.0505,1.5666
10525,18:15:12.337,1943,-0.0510,1.5658
10526,18:15:12.337,1943,-0.0510,1.5658
10527,18:15:12.338,1945,-0.0501,1.5674
10528,18:15:12.338,1941,-0.0520,1.5642
10529,18:15:12.339,1941,-0.0520,1.5642
10530,18:15:12.339,1941,-0.0520,1.5642
10531,18:15:12.340,1943,-0.0510,1.5658
10532,18:15:12.340,1941,-0.0520,1.5642
10533,18:15:12.341,1944,-0.0505,1.5666
10534,18:15:12.341,1941,-0.0520,1.5642
10535,18:15:12.342,1942,-0.0515,1.5650
10536,18:15:12.342,1942,-0.0515,1.5650
10537,18:15:12.343,1945,-0.0501,1.5674
10538,18:15:12.343,1943,-0.0510,1.5658
10539,18:15:12.344,1942,-0.0515,1.5650
10540,18:15:12.344,1943,-0.0510,1.5658
10541,18:15:12.345,1945,-0.0501,1.5674
10542,18:15:12.345,1943,-0.0510,1.5658
10543,18:15:12.346,1939,-0.0530,1.5626
10544,18:15:12.346,1946,-0.0496,1.5682
10545,18:15:12.347,1943,-0.0510,1.5658
10546,18:15:12.347,1944,-0.0505,1.5666
10547,18:15:12.348,1947,-0.0491,1.5690
10548,18:15:12.348,1948,-0.0486,1.5698
10549,18:15:12.349,1952,-0.0466,1.5730
10550,18:15:12.349,1943,-0.0510,1.5658
10551,18:15:12.350,1945,-0.0501,1.5674
10552,18:15:12.350,1949,-0.0481,1.5706
10553,18:15:12.351,1952,-0.0466,1.5730
10554,18:15:12.351,1944,-0.0505,1.5666
10555,18:15:12.352,1947,-0.0491,1.5690
10556,18:15:12.352,1946,-0.0496,1.5682
10557,18:15:12.353,1945,-0.0501,1.5674
10558,18:15:12.353,1945,-0.0501,1.5674
10559,18:15:12.354,1946,-0.0496,1.5682
10560,18:15:12.354,1944,-0.0505,1.5666
10561,18:15:12.355,1948,-0.0486,1.5698
10562,18:15:12.355,1948,-0.0486,1.5698
10563,18:15:12.356,1945,-0.0501,1.5674
10564,18:15:12.356,1942,-0.0515,1.5650
10565,18:15:12.357,1945,-0.0501,1.5674
10566,18:15:12.357,1948,-0.0486,1.5698
10567,18:15:12.358,1948,-0.0486,1.5698
10568,18:15:12.358,1948,-0.0486,1.5698
10569,18:15:12.359,1944,-0.0505,1.5666
10570,18:15:12.359,1946,-0.0496,1.5682
10571,18:15:12.360,1947,-0.0491,1.5690
10572,18:15:12.360,1947,-0.0491,1.5690
10573,18:15:12.361,1947,-0.0491,1.5690
10574,18:15:12.361,1944,-0.0505,1.5666
10575,18:15:12.362,1945,-0.0501,1.5674
10576,18:15:12.362,1942,-0.0515,1.5650
10577,18:15:12.363,1947,-0.0491,1.5690
10578,18:15:12.363,1946,-0.0496,1.5682
10579,18:15:12.364,1946,-0.0496,1.5682
10580,18:15:12.364,1947,-0.0491,1.5690
10581,18:15:12.365,1945,-0.0501,1.5674
10582,18:15:12.365,1947,-0.0491,1.5690
10583,18:15:12.366,1944,-0.0505,1.5666
10584,18:15:12.366,1947,-0.0491,1.5690
10585,18:15:12.367,1947,-0.0491,1.5690
10586,18:15:12.367,1947,-0.0491,1.5690
10587,18:15:12.368,1947,-0.0491,1.5690
10588,18:15:12.368,1945,-0.0501,1.5674
10589,18:15:12.369,1947,-0.0491,1.5690
10590,18:15:12.369,1947,-0.0491,1.5690
10591,18:15:12.370,1947,-0.0491,1.5690
10592,18:15:12.370,1945,-0.0501,1.5674
10593,18:15:12.371,1945,-0.0501,1.5674
10594,18:15:12.371,1944,-0.0505,1.5666
10595,18:15:12.372,1942,-0.0515,1.5650
10596,18:15:12.372,1947,-0.0491,1.5690
10597,18:15:12.373,1947,-0.0491,1.5690
10598,18:15:12.373,1946,-0.0496,1.5682
10599,18:15:12.374,1944,-0.0505,1.5666
10600,18:15:12.374,1945,-0.0501,1.5674
10601,18:15:12.375,1946,-0.0496,1.5682
10602,18:15:12.375,1942,-0.0515,1.5650
10603,18:15:12.376,1946,-0.0496,1.5682
10604,18:15:12.376,1945,-0.0501,1.5674
10605,18:15:12.377,1945,-0.0501,1.5674
10606,18:15:12.377,1944,-0.0505,1.5666
10607,18:15:12.378,1947,-0.0491,1.5690
10608,18:15:12.378,1945,-0.0501,1.5674
10609,18:15:12.379,1945,-0.0501,1.5674
10610,18:15:12.379,1941,-0.0520,1.5642
10611,18:15:12.380,1947,-0.0491,1.5690
10612,18:15:12.380,1945,-0.0501,1.5674
10613,18:15:12.381,1946,-0.0496,1.5682
10614,18:15:12.381,1947,-0.0491,1.5690
10615,18:15:12.382,1946,-0.0496,1.5682
10616,18:15:12.382,1942,-0.0515,1.5650
10617,18:15:12.383,1945,-0.0501,1.5674
10618,18:15:12.383,1944,-0.0505,1.5666
10619,18:15:12.384,1941,-0.0520,1.5642
10620,18:15:12.384,1944,-0.0505,1.5666
10621,18:15:12.385,1944,-0.0505,1.5666
10622,18:15:12.385,1944,-0.0505,1.5666
10623,18:15:12.386,1946,-0.0496,1.5682
10624,18:15:12.386,1946,-0.0496,1.5682
10625,18:15:12.387,1943,-0.0510,1.5658
10626,18:15:12.387,1942,-0.0515,1.5650
10627,18:15:12.388,1945,-0.0501,1.5674
10628,18:15:12.388,1942,-0.0515,1.5650
10629,18:15:12.389,1945,-0.0501,1.5674
10630,18:15:12.389,1945,-0.0501,1.5674
10631,18:15:12.390,1943,-0.0510,1.5658
10632,18:15:12.390,1945,-0.0501,1.5674
10633,18:15:12.391,1945,-0.0501,1.5674
10634,18:15:12.391,1943,-0.0510,1.5658
10635,18:15:12.392,1947,-0.0491,1.5690
10636,18:15:12.392,1944,-0.0505,1.5666
10637,18:15:12.393,1942,-0.0515,1.5650
10638,18:15:12.393,1942,-0.0515,1.5650
10639,18:15:12.394,1945,-0.0501,1.5674
10640,18:15:12.394,1944,-0.0505,1.5666
10641,18:15:12.395,1939,-0.0530,1.5626
10642,18:15:12.395,2016,-0.0154,1.6246
10643,18:15:12.396,1907,-0.0686,1.5368
10644,18:15:12.396,1908,-0.0681,1.5376
10645,18:15:12.397,1954,-0.0457,1.5747
10646,18:15:12.397,1979,-0.0335,1.5948
10647,18:15:12.398,1940,-0.0525,1.5634
10648,18:15:12.398,1959,-0.0432,1.5787
10649,18:15:12.399,1975,-0.0354,1.5916
10650,18:15:12.399,1956,-0.0447,1.5763
10651,18:15:12.400,1927,-0.0589,1.5529
10652,18:15:12.400,1969,-0.0383,1.5867
10653,18:15:12.401,1802,-0.1199,1.4522
10654,18:15:12.401,1951,-0.0471,1.5722
10655,18:15:12.402,1991,-0.0276,1.6045
10656,18:15:12.402,1905,-0.0696,1.5352
10657,18:15:12.403,1813,-0.1145,1.4610
10658,18:15:12.403,1983,-0.0315,1.5980
10659,18:15:12.404,1957,-0.0442,1.5771
10660,18:15:12.404,1885,-0.0794,1.5190
10661,18:15:12.405,1362,-0.3348,1.0976
10662,18:15:12.405,1821,-0.1106,1.4675
10663,18:15:12.406,1757,-0.1419,1.4159
10664,18:15:12.406,1226,-0.4012,0.9880
10665,18:15:12.407,1828,-0.1072,1.4731
10666,18:15:12.407,1732,-0.1541,1.3958
10667,18:15:12.408,1764,-0.1385,1.4215
10668,18:15:12.408,1725,-0.1575,1.3901
10669,18:15:12.409,1786,-0.1277,1.4393
10670,18:15:12.409,1751,-0.1448,1.4111
10671,18:15:12.410,1697,-0.1712,1.3675
10672,18:15:12.410,1711,-0.1643,1.3788
10673,18:15:12.411,1597,-0.2200,1.2870
10674,18:15:12.411,1631,-0.2034,1.3144
10675,18:15:12.412,1737,-0.1516,1.3998
10676,18:15:12.412,1630,-0.2039,1.3136
10677,18:15:12.413,1558,-0.2391,1.2555
10678,18:15:12.413,1609,-0.2142,1.2966
10679,18:15:12.414,1631,-0.2034,1.3144
10680,18:15:12.414,1601,-0.2181,1.2902
10681,18:15:12.415,1499,-0.2679,1.2080
10682,18:15:12.415,1560,-0.2381,1.2571
10683,18:15:12.416,1507,-0.2640,1.2144
10684,18:15:12.416,1480,-0.2772,1.1927
10685,18:15:12.417,1559,-0.2386,1.2563
10686,18:15:12.417,1584,-0.2264,1.2765
10687,18:15:12.418,1553,-0.2415,1.2515
10688,18:15:12.418,1565,-0.2357,1.2612
10689,18:15:12.419,1589,-0.2239,1.2805
10690,18:15:12.419,1626,-0.2059,1.3103
10691,18:15:12.420,1540,-0.2479,1.2410
10692,18:15:12.420,1611,-0.2132,1.2982
10693,18:15:12.421,1513,-0.2611,1.2193
10694,18:15:12.421,1580,-0.2283,1.2733
10695,18:15:12.422,1690,-0.1746,1.3619
10696,18:15:12.422,1692,-0.1736,1.3635
10697,18:15:12.423,1642,-0.1980,1.3232
10698,18:15:12.423,1647,-0.1956,1.3273
10699,18:15:12.424,1739,-0.1507,1.4014
10700,18:15:12.424,1734,-0.1531,1.3974
10701,18:15:12.425,1635,-0.2015,1.3176
10702,18:15:12.425,1657,-0.1907,1.3353
10703,18:15:12.426,1684,-0.1775,1.3571
10704,18:15:12.426,1681,-0.1790,1.3547
10705,18:15:12.427,1714,-0.1629,1.3812
10706,18:15:12.427,1776,-0.1326,1.4312
10707,18:15:12.428,1761,-0.1399,1.4191
10708,18:15:12.428,1759,-0.1409,1.4175
10709,18:15:12.429,1750,-0.1453,1.4103
10710,18:15:12.429,1786,-0.1277,1.4393
10711,18:15:12.430,1721,-0.1595,1.3869
10712,18:15:12.430,1764,-0.1385,1.4215
10713,18:15:12.431,1686,-0.1766,1.3587
10714,18:15:12.431,1674,-0.1824,1.3490
10715,18:15:12.432,1727,-0.1565,1.3917
10716,18:15:12.432,1794,-0.1238,1.4457
10717,18:15:12.433,1786,-0.1277,1.4393
10718,18:15:12.433,1726,-0.1570,1.3909
10719,18:15:12.434,1809,-0.1165,1.4578
10720,18:15:12.434,1815,-0.1136,1.4626
10721,18:15:12.435,1740,-0.1502,1.4022
10722,18:15:12.435,1719,-0.1604,1.3853
10723,18:15:12.436,1761,-0.1399,1.4191
10724,18:15:12.436,1757,-0.1419,1.4159
10725,18:15:12.437,1717,-0.1614,1.3837
10726,18:15:12.437,1837,-0.1028,1.4804
10727,18:15:12.438,1886,-0.0789,1.5199
10728,18:15:12.438,1868,-0.0877,1.5053
10729,18:15:12.439,1831,-0.1057,1.4755
10730,18:15:12.439,1833,-0.1048,1.4771
10731,18:15:12.440,1808,-0.1170,1.4570
10732,18:15:12.440,1824,-0.1092,1.4699
10733,18:15:12.441,1770,-0.1355,1.4264
10734,18:15:12.441,1718,-0.1609,1.3845
10735,18:15:12.442,1731,-0.1546,1.3949
10736,18:15:12.442,1801,-0.1204,1.4514
10737,18:15:12.443,1842,-0.1004,1.4844
10738,18:15:12.443,1748,-0.1463,1.4086
10739,18:15:12.444,1821,-0.1106,1.4675
10740,18:15:12.444,1826,-0.1082,1.4715
10741,18:15:12.445,1787,-0.1272,1.4401
10742,18:15:12.445,1753,-0.1438,1.4127
10743,18:15:12.446,1807,-0.1175,1.4562
10744,18:15:12.446,1819,-0.1116,1.4659
10745,18:15:12.447,1711,-0.1643,1.3788
10746,18:15:12.447,1806,-0.1179,1.4554
10747,18:15:12.448,1844,-0.0994,1.4860
10748,18:15:12.448,1893,-0.0755,1.5255
10749,18:15:12.449,1844,-0.0994,1.4860
10750,18:15:12.449,1844,-0.0994,1.4860
10751,18:15:12.450,1849,-0.0969,1.4900
10752,18:15:12.450,1832,-0.1053,1.4763
10753,18:15:12.451,1835,-0.1038,1.4788
10754,18:15:12.451,1797,-0.1223,1.4481
10755,18:15:12.452,1788,-0.1267,1.4409
10756,18:15:12.452,1813,-0.1145,1.4610
10757,18:15:12.453,1866,-0.0886,1.5037
10758,18:15:12.453,1796,-0.1228,1.4473
10759,18:15:12.454,1866,-0.0886,1.5037
10760,18:15:12.454,1881,-0.0813,1.5158
10761,18:15:12.455,1872,-0.0857,1.5086
10762,18:15:12.455,1789,-0.1263,1.4417
10763,18:15:12.456,1837,-0.1028,1.4804
10764,18:15:12.456,1884,-0.0799,1.5182
10765,18:15:12.457,1764,-0.1385,1.4215
10766,18:15:12.457,1814,-0.1140,1.4618
10767,18:15:12.458,1853,-0.0950,1.4933
10768,18:15:12.458,1925,-0.0598,1.5513
10769,18:15:12.459,1881,-0.0813,1.5158
10770,18:15:12.459,1877,-0.0833,1.5126
10771,18:15:12.460,1905,-0.0696,1.5352
10772,18:15:12.460,1858,-0.0926,1.4973
10773,18:15:12.461,1885,-0.0794,1.5190
10774,18:15:12.461,1862,-0.0906,1.5005
10775,18:15:12.462,1833,-0.1048,1.4771
10776,18:15:12.462,1845,-0.0989,1.4868
10777,18:15:12.463,1922,-0.0613,1.5489
10778,18:15:12.463,1862,-0.0906,1.5005
10779,18:15:12.464,1889,-0.0774,1.5223
10780,18:15:12.464,1888,-0.0779,1.5215
10781,18:15:12.465,1927,-0.0589,1.5529
10782,18:15:12.465,1820,-0.1111,1.4667
10783,18:15:12.466,1850,-0.0965,1.4908
10784,18:15:12.466,1927,-0.0589,1.5529
10785,18:15:12.467,1811,-0.1155,1.4594
10786,18:15:12.467,1843,-0.0999,1.4852
10787,18:15:12.468,1876,-0.0838,1.5118
10788,18:15:12.468,1953,-0.0462,1.5738
10789,18:15:12.469,1912,-0.0662,1.5408
10790,18:15:12.469,1884,-0.0799,1.5182
10791,18:15:12.470,1924,-0.0603,1.5505
10792,18:15:12.470,1850,-0.0965,1.4908
10793,18:15:12.471,1879,-0.0823,1.5142
10794,18:15:12.471,1875,-0.0842,1.5110
10795,18:15:12.472,1801,-0.1204,1.4514
10796,18:15:12.472,1788,-0.1267,1.4409
10797,18:15:12.473,1879,-0.0823,1.5142
10798,18:15:12.473,1868,-0.0877,1.5053
10799,18:15:12.474,1845,-0.0989,1.4868
10800,18:15:12.474,1860,-0.0916,1.4989
10801,18:15:12.475,1929,-0.0579,1.5545
10802,18:15:12.475,1823,-0.1096,1.4691
10803,18:15:12.476,1821,-0.1106,1.4675
10804,18:15:12.476,1926,-0.0593,1.5521
10805,18:15:12.477,1860,-0.0916,1.4989
10806,18:15:12.477,1867,-0.0882,1.5045
10807,18:15:12.478,1883,-0.0803,1.5174
10808,18:15:12.478,1967,-0.0393,1.5851
10809,18:15:12.479,1976,-0.0349,1.5924
10810,18:15:12.479,1941,-0.0520,1.5642
10811,18:15:12.480,1954,-0.0457,1.5747
10812,18:15:12.480,1863,-0.0901,1.5013
10813,18:15:12.481,1874,-0.0847,1.5102
10814,18:15:12.481,1901,-0.0716,1.5319
10815,18:15:12.482,1832,-0.1053,1.4763
10816,18:15:12.482,1800,-0.1209,1.4505
10817,18:15:12.483,1848,-0.0974,1.4892
10818,18:15:12.483,1842,-0.1004,1.4844
10819,18:15:12.484,1812,-0.1150,1.4602
10820,18:15:12.484,1837,-0.1028,1.4804
10821,18:15:12.485,1909,-0.0676,1.5384
10822,18:15:12.485,1803,-0.1194,1.4530
10823,18:15:12.486,1755,-0.1429,1.4143
10824,18:15:12.486,1863,-0.0901,1.5013
10825,18:15:12.487,1842,-0.1004,1.4844
10826,18:15:12.487,1813,-0.1145,1.4610
10827,18:15:12.488,1780,-0.1306,1.4344
10828,18:15:12.488,1838,-0.1023,1.4812
10829,18:15:12.489,1869,-0.0872,1.5062
10830,18:15:12.489,1843,-0.0999,1.4852
10831,18:15:12.490,1881,-0.0813,1.5158
10832,18:15:12.490,1810,-0.1160,1.4586
10833,18:15:12.491,1797,-0.1223,1.4481
10834,18:15:12.491,1842,-0.1004,1.4844
10835,18:15:12.492,1772,-0.1346,1.4280
10836,18:15:12.492,1742,-0.1492,1.4038
10837,18:15:12.493,1798,-0.1219,1.4489
10838,18:15:12.493,1816,-0.1131,1.4634
10839,18:15:12.494,1781,-0.1302,1.4352
10840,18:15:12.494,1814,-0.1140,1.4618
10841,18:15:12.495,1902,-0.0711,1.5327
10842,18:15:12.495,1813,-0.1145,1.4610
10843,18:15:12.496,1730,-0.1551,1.3941
10844,18:15:12.496,1808,-0.1170,1.4570
10845,18:15:12.497,1815,-0.1136,1.4626
10846,18:15:12.497,1762,-0.1394,1.4199
10847,18:15:12.498,1737,-0.1516,1.3998
10848,18:15:12.498,1780,-0.1306,1.4344
10849,18:15:12.499,1816,-0.1131,1.4634
10850,18:15:12.499,1785,-0.1282,1.4385
10851,18:15:12.500,1828,-0.1072,1.4731
10852,18:15:12.500,1779,-0.1311,1.4336
10853,18:15:12.501,1747,-0.1468,1.4078
10854,18:15:12.501,1803,-0.1194,1.4530
10855,18:15:12.502,1754,-0.1433,1.4135
10856,18:15:12.502,1727,-0.1565,1.3917
10857,18:15:12.503,1747,-0.1468,1.4078
10858,18:15:12.503,1774,-0.1336,1.4296
10859,18:15:12.504,1740,-0.1502,1.4022
10860,18:15:12.504,1748,-0.1463,1.4086
10861,18:15:12.505,1832,-0.1053,1.4763
10862,18:15:12.505,1776,-0.1326,1.4312
10863,18:15:12.506,1701,-0.1692,1.3708
10864,18:15:12.506,1740,-0.1502,1.4022
10865,18:15:12.507,1778,-0.1316,1.4328
10866,18:15:12.507,1728,-0.1560,1.3925
10867,18:15:12.508,1712,-0.1639,1.3796
10868,18:15:12.508,1742,-0.1492,1.4038
10869,18:15:12.509,1780,-0.1306,1.4344
10870,18:15:12.509,1761,-0.1399,1.4191
10871,18:15:12.510,1811,-0.1155,1.4594
10872,18:15:12.510,1770,-0.1355,1.4264
10873,18:15:12.511,1704,-0.1678,1.3732
10874,18:15:12.511,1734,-0.1531,1.3974
10875,18:15:12.512,1708,-0.1658,1.3764
10876,18:15:12.512,1677,-0.1810,1.3514
10877,18:15:12.513,1712,-0.1639,1.3796
10878,18:15:12.513,1730,-0.1551,1.3941
10879,18:15:12.514,1709,-0.1653,1.3772
10880,18:15:12.514,1675,-0.1819,1.3498
10881,18:15:12.515,1766,-0.1375,1.4232
10882,18:15:12.515,1764,-0.1385,1.4215
10883,18:15:12.516,1178,-0.4247,0.9493
10884,18:15:12.516,1687,-0.1761,1.3595
10885,18:15:12.517,1736,-0.1521,1.3990
10886,18:15:12.517,1703,-0.1683,1.3724
10887,18:15:12.518,1708,-0.1658,1.3764
10888,18:15:12.518,1716,-0.1619,1.3829
10889,18:15:12.519,1746,-0.1473,1.4070
10890,18:15:12.519,1726,-0.1570,1.3909
10891,18:15:12.520,1777,-0.1321,1.4320
10892,18:15:12.520,1765,-0.1380,1.4223
10893,18:15:12.521,1703,-0.1683,1.3724
10894,18:15:12.521,1719,-0.1604,1.3853
10895,18:15:12.522,1709,-0.1653,1.3772
10896,18:15:12.522,1683,-0.1780,1.3563
10897,18:15:12.523,1669,-0.1849,1.3450
10898,18:15:12.523,1743,-0.1487,1.4046
10899,18:15:12.524,1723,-0.1585,1.3885
10900,18:15:12.524,1685,-0.1770,1.3579
10901,18:15:12.525,1751,-0.1448,1.4111
10902,18:15:12.525,1795,-0.1233,1.4465
10903,18:15:12.526,1739,-0.1507,1.4014
10904,18:15:12.526,1688,-0.1756,1.3603
10905,18:15:12.527,1741,-0.1497,1.4030
10906,18:15:12.527,1712,-0.1639,1.3796
10907,18:15:12.528,1712,-0.1639,1.3796
10908,18:15:12.528,1709,-0.1653,1.3772
10909,18:15:12.529,1736,-0.1521,1.3990
10910,18:15:12.529,1732,-0.1541,1.3958
10911,18:15:12.530,1771,-0.1350,1.4272
10912,18:15:12.530,1774,-0.1336,1.4296
10913,18:15:12.531,1727,-0.1565,1.3917
10914,18:15:12.531,1734,-0.1531,1.3974
10915,18:15:12.532,1743,-0.1487,1.4046
10916,18:15:12.532,1708,-0.1658,1.3764
10917,18:15:12.533,1692,-0.1736,1.3635
10918,18:15:12.533,1766,-0.1375,1.4232
10919,18:15:12.534,1759,-0.1409,1.4175
10920,18:15:12.534,1711,-0.1643,1.3788
10921,18:15:12.535,1766,-0.1375,1.4232
10922,18:15:12.535,1836,-0.1033,1.4796
10923,18:15:12.536,1802,-0.1199,1.4522
10924,18:15:12.536,1730,-0.1551,1.3941
10925,18:15:12.537,1795,-0.1233,1.4465
10926,18:15:12.537,1775,-0.1331,1.4304
10927,18:15:12.538,1780,-0.1306,1.4344
10928,18:15:12.538,1778,-0.1316,1.4328
10929,18:15:12.539,1819,-0.1116,1.4659
10930,18:15:12.539,1829,-0.1067,1.4739
10931,18:15:12.540,1852,-0.0955,1.4925
10932,18:15:12.540,1869,-0.0872,1.5062
10933,18:15:12.541,1825,-0.1087,1.4707
10934,18:15:12.541,1808,-0.1170,1.4570
10935,18:15:12.542,1818,-0.1121,1.4651
10936,18:15:12.542,1770,-0.1355,1.4264
10937,18:15:12.543,1736,-0.1521,1.3990
10938,18:15:12.543,1801,-0.1204,1.4514
10939,18:15:12.544,1806,-0.1179,1.4554
10940,18:15:12.544,1767,-0.1370,1.4240
10941,18:15:12.545,1781,-0.1302,1.4352
10942,18:15:12.545,1856,-0.0935,1.4957
10943,18:15:12.546,1844,-0.0994,1.4860
10944,18:15:12.546,1758,-0.1414,1.4167
10945,18:15:12.547,1804,-0.1189,1.4538
10946,18:15:12.547,1809,-0.1165,1.4578
10947,18:15:12.548,1797,-0.1223,1.4481
10948,18:15:12.548,1785,-0.1282,1.4385
10949,18:15:12.549,1812,-0.1150,1.4602
10950,18:15:12.549,1833,-0.1048,1.4771
10951,18:15:12.550,1822,-0.1101,1.4683
10952,18:15:12.550,1849,-0.0969,1.4900
10953,18:15:12.551,1823,-0.1096,1.4691
10954,18:15:12.551,1798,-0.1219,1.4489
10955,18:15:12.552,1807,-0.1175,1.4562
10956,18:15:12.552,1772,-0.1346,1.4280
10957,18:15:12.553,1723,-0.1585,1.3885
10958,18:15:12.553,1775,-0.1331,1.4304
10959,18:15:12.554,1797,-0.1223,1.4481
10960,18:15:12.554,1782,-0.1297,1.4360
10961,18:15:12.555,1763,-0.1389,1.4207
10962,18:15:12.555,1840,-0.1013,1.4828
10963,18:15:12.556,1859,-0.0921,1.4981
10964,18:15:12.556,1794,-0.1238,1.4457
10965,18:15:12.557,1813,-0.1145,1.4610
10966,18:15:12.557,1828,-0.1072,1.4731
10967,18:15:12.558,1820,-0.1111,1.4667
10968,18:15:12.558,1811,-0.1155,1.4594
10969,18:15:12.559,1827,-0.1077,1.4723
10970,18:15:12.559,1851,-0.0960,1.4916
10971,18:15:12.560,1844,-0.0994,1.4860
10972,18:15:12.560,1880,-0.0818,1.5150
10973,18:15:12.561,1871,-0.0862,1.5078
10974,18:15:12.561,1846,-0.0984,1.4876
10975,18:15:12.562,1852,-0.0955,1.4925
10976,18:15:12.562,1839,-0.1018,1.4820
10977,18:15:12.563,1773,-0.1341,1.4288
10978,18:15:12.563,1806,-0.1179,1.4554
10979,18:15:12.564,1828,-0.1072,1.4731
10980,18:15:12.564,1836,-0.1033,1.4796
10981,18:15:12.565,1782,-0.1297,1.4360
10982,18:15:12.565,1851,-0.0960,1.4916
10983,18:15:12.566,1884,-0.0799,1.5182
10984,18:15:12.566,1830,-0.1062,1.4747
10985,18:15:12.567,1828,-0.1072,1.4731
10986,18:15:12.567,1844,-0.0994,1.4860
10987,18:15:12.568,1827,-0.1077,1.4723
10988,18:15:12.568,1814,-0.1140,1.4618
10989,18:15:12.569,1816,-0.1131,1.4634
10990,18:15:12.569,1853,-0.0950,1.4933
10991,18:15:12.570,1840,-0.1013,1.4828
10992,18:15:12.570,1872,-0.0857,1.5086
10993,18:15:12.571,1864,-0.0896,1.5021
10994,18:15:12.571,1836,-0.1033,1.4796
10995,18:15:12.572,1841,-0.1009,1.4836
10996,18:15:12.572,1847,-0.0979,1.4884
10997,18:15:12.573,1780,-0.1306,1.4344
10998,18:15:12.573,1783,-0.1292,1.4368
10999,18:15:12.574,1806,-0.1179,1.4554
11000,18:15:12.574,1838,-0.1023,1.4812
11001,18:15:12.575,1773,-0.1341,1.4288
11002,18:15:12.575,1817,-0.1126,1.4642
11003,18:15:12.576,1875,-0.0842,1.5110
11004,18:15:12.576,1838,-0.1023,1.4812
11005,18:15:12.577,1816,-0.1131,1.4634
11006,18:15:12.577,1835,-0.1038,1.4788
11007,18:15:12.578,1831,-0.1057,1.4755
11008,18:15:12.578,1823,-0.1096,1.4691
11009,18:15:12.579,1813,-0.1145,1.4610
11010,18:15:12.579,1855,-0.0940,1.4949
11011,18:15:12.580,1851,-0.0960,1.4916
11012,18:15:12.580,1878,-0.0828,1.5134
11013,18:15:12.581,1880,-0.0818,1.5150
11014,18:15:12.581,1859,-0.0921,1.4981
11015,18:15:12.582,1867,-0.0882,1.5045
11016,18:15:12.582,1880,-0.0818,1.5150
11017,18:15:12.583,1842,-0.1004,1.4844
11018,18:15:12.583,1826,-0.1082,1.4715
11019,18:15:12.584,1844,-0.0994,1.4860
11020,18:15:12.584,1889,-0.0774,1.5223
11021,18:15:12.585,1833,-0.1048,1.4771
11022,18:15:12.585,1858,-0.0926,1.4973
11023,18:15:12.586,1931,-0.0569,1.5561
11024,18:15:12.586,1915,-0.0647,1.5432
11025,18:15:12.587,1873,-0.0852,1.5094
11026,18:15:12.587,1890,-0.0769,1.5231
11027,18:15:12.588,1888,-0.0779,1.5215
11028,18:15:12.588,1875,-0.0842,1.5110
11029,18:15:12.589,1836,-0.1033,1.4796
11030,18:15:12.589,1861,-0.0911,1.4997
11031,18:15:12.590,1859,-0.0921,1.4981
11032,18:15:12.590,1859,-0.0921,1.4981
11033,18:15:12.591,1864,-0.0896,1.5021
11034,18:15:12.591,1825,-0.1087,1.4707
11035,18:15:12.592,1828,-0.1072,1.4731
11036,18:15:12.592,1827,-0.1077,1.4723
11037,18:15:12.593,1797,-0.1223,1.4481
11038,18:15:12.593,1748,-0.1463,1.4086
11039,18:15:12.594,1750,-0.1453,1.4103
11040,18:15:12.594,1789,-0.1263,1.4417
11041,18:15:12.595,1739,-0.1507,1.4014
11042,18:15:12.595,1734,-0.1531,1.3974
11043,18:15:12.596,1794,-0.1238,1.4457
11044,18:15:12.596,1800,-0.1209,1.4505
11045,18:15:12.597,1743,-0.1487,1.4046
11046,18:15:12.597,1748,-0.1463,1.4086
11047,18:15:12.598,1760,-0.1404,1.4183
11048,18:15:12.598,1758,-0.1414,1.4167
11049,18:15:12.599,1709,-0.1653,1.3772
11050,18:15:12.599,1735,-0.1526,1.3982
11051,18:15:12.600,1746,-0.1473,1.4070
11052,18:15:12.600,1739,-0.1507,1.4014
11053,18:15:12.601,1760,-0.1404,1.4183
11054,18:15:12.601,1744,-0.1482,1.4054
11055,18:15:12.602,1753,-0.1438,1.4127
11056,18:15:12.602,1756,-0.1424,1.4151
11057,18:15:12.603,1760,-0.1404,1.4183
11058,18:15:12.603,1720,-0.1600,1.3861
11059,18:15:12.604,1720,-0.1600,1.3861
11060,18:15:12.604,1766,-0.1375,1.4232
11061,18:15:12.605,1757,-0.1419,1.4159
11062,18:15:12.605,1736,-0.1521,1.3990
11063,18:15:12.606,1799,-0.1214,1.4497
11064,18:15:12.606,1836,-0.1033,1.4796
11065,18:15:12.607,1788,-0.1267,1.4409
11066,18:15:12.607,1795,-0.1233,1.4465
11067,18:15:12.608,1816,-0.1131,1.4634
11068,18:15:12.608,1826,-0.1082,1.4715
11069,18:15:12.609,1782,-0.1297,1.4360
11070,18:15:12.609,1797,-0.1223,1.4481
11071,18:15:12.610,1826,-0.1082,1.4715
11072,18:15:12.610,1820,-0.1111,1.4667
11073,18:15:12.611,1852,-0.0955,1.4925
11074,18:15:12.611,1846,-0.0984,1.4876
11075,18:15:12.612,1853,-0.0950,1.4933
11076,18:15:12.612,1841,-0.1009,1.4836
11077,18:15:12.613,1861,-0.0911,1.4997
11078,18:15:12.613,1816,-0.1131,1.4634
11079,18:15:12.614,1804,-0.1189,1.4538
11080,18:15:12.614,1835,-0.1038,1.4788
11081,18:15:12.615,1846,-0.0984,1.4876
11082,18:15:12.615,1814,-0.1140,1.4618
11083,18:15:12.616,1846,-0.0984,1.4876
11084,18:15:12.616,1901,-0.0716,1.5319
11085,18:15:12.617,1875,-0.0842,1.5110
11086,18:15:12.617,1863,-0.0901,1.5013
11087,18:15:12.618,1885,-0.0794,1.5190
11088,18:15:12.618,1899,-0.0725,1.5303
11089,18:15:12.619,1864,-0.0896,1.5021
11090,18:15:12.619,1854,-0.0945,1.4941
11091,18:15:12.620,1884,-0.0799,1.5182
11092,18:15:12.620,1879,-0.0823,1.5142
11093,18:15:12.621,1902,-0.0711,1.5327
11094,18:15:12.621,1898,-0.0730,1.5295
11095,18:15:12.622,1896,-0.0740,1.5279
11096,18:15:12.622,1880,-0.0818,1.5150
11097,18:15:12.623,1907,-0.0686,1.5368
11098,18:15:12.623,1862,-0.0906,1.5005
11099,18:15:12.624,1839,-0.1018,1.4820
11100,18:15:12.624,1854,-0.0945,1.4941
11101,18:15:12.625,1878,-0.0828,1.5134
11102,18:15:12.625,1841,-0.1009,1.4836
11103,18:15:12.626,1857,-0.0930,1.4965
11104,18:15:12.626,1924,-0.0603,1.5505
11105,18:15:12.627,1905,-0.0696,1.5352
11106,18:15:12.627,1890,-0.0769,1.5231
11107,18:15:12.628,1900,-0.0720,1.5311
11108,18:15:12.628,1924,-0.0603,1.5505
11109,18:15:12.629,1896,-0.0740,1.5279
11110,18:15:12.629,1867,-0.0882,1.5045
11111,18:15:12.630,1899,-0.0725,1.5303
11112,18:15:12.630,1894,-0.0750,1.5263
11113,18:15:12.631,1911,-0.0667,1.5400
11114,18:15:12.631,1916,-0.0642,1.5440
11115,18:15:12.632,1922,-0.0613,1.5489
11116,18:15:12.632,1895,-0.0745,1.5271
11117,18:15:12.633,1932,-0.0564,1.5569
11118,18:15:12.633,1900,-0.0720,1.5311
11119,18:15:12.634,1867,-0.0882,1.5045
11120,18:15:12.634,1864,-0.0896,1.5021
11121,18:15:12.635,1897,-0.0735,1.5287
11122,18:15:12.635,1864,-0.0896,1.5021
11123,18:15:12.636,1855,-0.0940,1.4949
11124,18:15:12.636,1924,-0.0603,1.5505
11125,18:15:12.637,1929,-0.0579,1.5545
11126,18:15:12.637,1907,-0.0686,1.5368
11127,18:15:12.638,1905,-0.0696,1.5352
11128,18:15:12.638,1933,-0.0559,1.5577
11129,18:15:12.639,1928,-0.0584,1.5537
11130,18:15:12.639,1882,-0.0808,1.5166
11131,18:15:12.640,1909,-0.0676,1.5384
11132,18:15:12.640,1913,-0.0657,1.5416
11133,18:15:12.641,1916,-0.0642,1.5440
11134,18:15:12.641,1936,-0.0545,1.5601
11135,18:15:12.642,1930,-0.0574,1.5553
11136,18:15:12.642,1910,-0.0672,1.5392
11137,18:15:12.643,1942,-0.0515,1.5650
11138,18:15:12.643,1924,-0.0603,1.5505
11139,18:15:12.644,1891,-0.0764,1.5239
11140,18:15:12.644,1873,-0.0852,1.5094
11141,18:15:12.645,1912,-0.0662,1.5408
11142,18:15:12.645,1895,-0.0745,1.5271
11143,18:15:12.646,1862,-0.0906,1.5005
11144,18:15:12.646,1924,-0.0603,1.5505
11145,18:15:12.647,1948,-0.0486,1.5698
11146,18:15:12.647,1923,-0.0608,1.5497
11147,18:15:12.648,1906,-0.0691,1.5360
11148,18:15:12.648,1929,-0.0579,1.5545
11149,18:15:12.649,1944,-0.0505,1.5666
11150,18:15:12.649,1882,-0.0808,1.5166
11151,18:15:12.650,1901,-0.0716,1.5319
11152,18:15:12.650,1911,-0.0667,1.5400
11153,18:15:12.651,1899,-0.0725,1.5303
11154,18:15:12.651,1926,-0.0593,1.5521
11155,18:15:12.652,1929,-0.0579,1.5545
11156,18:15:12.652,1909,-0.0676,1.5384
11157,18:15:12.653,1927,-0.0589,1.5529
11158,18:15:12.653,1923,-0.0608,1.5497
11159,18:15:12.654,1889,-0.0774,1.5223
11160,18:15:12.654,1862,-0.0906,1.5005
11161,18:15:12.655,1893,-0.0755,1.5255
11162,18:15:12.655,1895,-0.0745,1.5271
11163,18:15:12.656,1853,-0.0950,1.4933
11164,18:15:12.656,1900,-0.0720,1.5311
11165,18:15:12.657,1946,-0.0496,1.5682
11166,18:15:12.657,1924,-0.0603,1.5505
11167,18:15:12.658,1902,-0.0711,1.5327
11168,18:15:12.658,1911,-0.0667,1.5400
11169,18:15:12.659,1938,-0.0535,1.5618
11170,18:15:12.659,1886,-0.0789,1.5199
11171,18:15:12.660,1885,-0.0794,1.5190
11172,18:15:12.660,1903,-0.0706,1.5336
11173,18:15:12.661,1889,-0.0774,1.5223
11174,18:15:12.661,1906,-0.0691,1.5360
11175,18:15:12.662,1908,-0.0681,1.5376
11176,18:15:12.662,1897,-0.0735,1.5287
11177,18:15:12.663,1899,-0.0725,1.5303
11178,18:15:12.663,1904,-0.0701,1.5344
11179,18:15:12.664,1880,-0.0818,1.5150
11180,18:15:12.664,1847,-0.0979,1.4884
11181,18:15:12.665,1869,-0.0872,1.5062
11182,18:15:12.665,1885,-0.0794,1.5190
11183,18:15:12.666,1841,-0.1009,1.4836
11184,18:15:12.666,1859,-0.0921,1.4981
11185,18:15:12.667,1914,-0.0652,1.5424
11186,18:15:12.667,1905,-0.0696,1.5352
11187,18:15:12.668,1888,-0.0779,1.5215
11188,18:15:12.668,1896,-0.0740,1.5279
11189,18:15:12.669,1932,-0.0564,1.5569
11190,18:15:12.669,1887,-0.0784,1.5207
11191,18:15:12.670,1878,-0.0828,1.5134
11192,18:15:12.670,1896,-0.0740,1.5279
11193,18:15:12.671,1878,-0.0828,1.5134
11194,18:15:12.671,1899,-0.0725,1.5303
11195,18:15:12.672,1911,-0.0667,1.5400
11196,18:15:12.672,1909,-0.0676,1.5384
11197,18:15:12.673,1904,-0.0701,1.5344
11198,18:15:12.673,1925,-0.0598,1.5513
11199,18:15:12.674,1908,-0.0681,1.5376
11200,18:15:12.674,1870,-0.0867,1.5070
11201,18:15:12.675,1880,-0.0818,1.5150
11202,18:15:12.675,1903,-0.0706,1.5336
11203,18:15:12.676,1870,-0.0867,1.5070
11204,18:15:12.676,1861,-0.0911,1.4997
11205,18:15:12.677,1916,-0.0642,1.5440
11206,18:15:12.677,1915,-0.0647,1.5432
11207,18:15:12.678,1908,-0.0681,1.5376
11208,18:15:12.678,1901,-0.0716,1.5319
11209,18:15:12.679,1943,-0.0510,1.5658
11210,18:15:12.679,1910,-0.0672,1.5392
11211,18:15:12.680,1881,-0.0813,1.5158
11212,18:15:12.680,1902,-0.0711,1.5327
11213,18:15:12.681,1879,-0.0823,1.5142
11214,18:15:12.681,1903,-0.0706,1.5336
11215,18:15:12.682,1906,-0.0691,1.5360
11216,18:15:12.682,1902,-0.0711,1.5327
11217,18:15:12.683,1897,-0.0735,1.5287
11218,18:15:12.683,1912,-0.0662,1.5408
11219,18:15:12.684,1916,-0.0642,1.5440
11220,18:15:12.684,1874,-0.0847,1.5102
11221,18:15:12.685,1866,-0.0886,1.5037
11222,18:15:12.685,1894,-0.0750,1.5263
11223,18:15:12.686,1870,-0.0867,1.5070
11224,18:15:12.686,1842,-0.1004,1.4844
11225,18:15:12.687,1896,-0.0740,1.5279
11226,18:15:12.687,1915,-0.0647,1.5432
11227,18:15:12.688,1914,-0.0652,1.5424
11228,18:15:12.688,1901,-0.0716,1.5319
11229,18:15:12.689,1943,-0.0510,1.5658
11230,18:15:12.689,1937,-0.0540,1.5610
11231,18:15:12.690,1889,-0.0774,1.5223
11232,18:15:12.690,1913,-0.0657,1.5416
11233,18:15:12.691,1895,-0.0745,1.5271
11234,18:15:12.691,1907,-0.0686,1.5368
11235,18:15:12.692,1917,-0.0637,1.5448
11236,18:15:12.692,1928,-0.0584,1.5537
11237,18:15:12.693,1915,-0.0647,1.5432
11238,18:15:12.693,1931,-0.0569,1.5561
11239,18:15:12.694,1946,-0.0496,1.5682
11240,18:15:12.694,1901,-0.0716,1.5319
11241,18:15:12.695,1886,-0.0789,1.5199
11242,18:15:12.695,1908,-0.0681,1.5376
11243,18:15:12.696,1906,-0.0691,1.5360
11244,18:15:12.696,1859,-0.0921,1.4981
11245,18:15:12.697,1909,-0.0676,1.5384
11246,18:15:12.697,1948,-0.0486,1.5698
11247,18:15:12.698,1947,-0.0491,1.5690
11248,18:15:12.698,1929,-0.0579,1.5545
11249,18:15:12.699,1957,-0.0442,1.5771
11250,18:15:12.699,1969,-0.0383,1.5867
11251,18:15:12.700,1924,-0.0603,1.5505
11252,18:15:12.700,1934,-0.0554,1.5585
11253,18:15:12.701,1925,-0.0598,1.5513
11254,18:15:12.701,1933,-0.0559,1.5577
11255,18:15:12.702,1936,-0.0545,1.5601
11256,18:15:12.702,1946,-0.0496,1.5682
11257,18:15:12.703,1939,-0.0530,1.5626
11258,18:15:12.703,1946,-0.0496,1.5682
11259,18:15:12.704,1966,-0.0398,1.5843
11260,18:15:12.704,1941,-0.0520,1.5642
11261,18:15:12.705,1905,-0.0696,1.5352
11262,18:15:12.705,1927,-0.0589,1.5529
11263,18:15:12.706,1942,-0.0515,1.5650
11264,18:15:12.706,1882,-0.0808,1.5166
11265,18:15:12.707,1923,-0.0608,1.5497
11266,18:15:12.707,1958,-0.0437,1.5779
11267,18:15:12.708,1963,-0.0413,1.5819
11268,18:15:12.708,1950,-0.0476,1.5714
11269,18:15:12.709,1965,-0.0403,1.5835
11270,18:15:12.709,1993,-0.0266,1.6061
11271,18:15:12.710,1947,-0.0491,1.5690
11272,18:15:12.710,1950,-0.0476,1.5714
11273,18:15:12.711,1943,-0.0510,1.5658
11274,18:15:12.711,1945,-0.0501,1.5674
11275,18:15:12.712,1947,-0.0491,1.5690
11276,18:15:12.712,1961,-0.0422,1.5803
11277,18:15:12.713,1953,-0.0462,1.5738
11278,18:15:12.713,1956,-0.0447,1.5763
11279,18:15:12.714,1974,-0.0359,1.5908
11280,18:15:12.714,1961,-0.0422,1.5803
11281,18:15:12.715,1925,-0.0598,1.5513
11282,18:15:12.715,1930,-0.0574,1.5553
11283,18:15:12.716,1961,-0.0422,1.5803
11284,18:15:12.716,1908,-0.0681,1.5376
11285,18:15:12.717,1914,-0.0652,1.5424
11286,18:15:12.717,1961,-0.0422,1.5803
11287,18:15:12.718,1971,-0.0374,1.5884
11288,18:15:12.718,1962,-0.0418,1.5811
11289,18:15:12.719,1964,-0.0408,1.5827
11290,18:15:12.719,2003,-0.0217,1.6141
11291,18:15:12.720,1970,-0.0379,1.5875
11292,18:15:12.720,1957,-0.0442,1.5771
11293,18:15:12.721,1955,-0.0452,1.5755
11294,18:15:12.721,1946,-0.0496,1.5682
11295,18:15:12.722,1948,-0.0486,1.5698
11296,18:15:12.722,1968,-0.0388,1.5859
11297,18:15:12.723,1952,-0.0466,1.5730
11298,18:15:12.723,1951,-0.0471,1.5722
11299,18:15:12.724,1968,-0.0388,1.5859
11300,18:15:12.724,1971,-0.0374,1.5884
11301,18:15:12.725,1927,-0.0589,1.5529
11302,18:15:12.725,1911,-0.0667,1.5400
11303,18:15:12.726,1947,-0.0491,1.5690
11304,18:15:12.726,1913,-0.0657,1.5416
11305,18:15:12.727,1896,-0.0740,1.5279
11306,18:15:12.727,1941,-0.0520,1.5642
11307,18:15:12.728,1949,-0.0481,1.5706
11308,18:15:12.728,1959,-0.0432,1.5787
11309,18:15:12.729,1942,-0.0515,1.5650
11310,18:15:12.729,1986,-0.0300,1.6004
11311,18:15:12.730,1961,-0.0422,1.5803
11312,18:15:12.730,1937,-0.0540,1.5610
11313,18:15:12.731,1935,-0.0549,1.5593
11314,18:15:12.731,1927,-0.0589,1.5529
11315,18:15:12.732,1923,-0.0608,1.5497
11316,18:15:12.732,1944,-0.0505,1.5666
11317,18:15:12.733,1935,-0.0549,1.5593
11318,18:15:12.733,1928,-0.0584,1.5537
11319,18:15:12.734,1943,-0.0510,1.5658
11320,18:15:12.734,1955,-0.0452,1.5755
11321,18:15:12.735,1917,-0.0637,1.5448
11322,18:15:12.735,1892,-0.0759,1.5247
11323,18:15:12.736,1929,-0.0579,1.5545
11324,18:15:12.736,1909,-0.0676,1.5384
11325,18:15:12.737,1871,-0.0862,1.5078
11326,18:15:12.737,1908,-0.0681,1.5376
11327,18:15:12.738,1932,-0.0564,1.5569
11328,18:15:12.738,1948,-0.0486,1.5698
11329,18:15:12.739,1924,-0.0603,1.5505
11330,18:15:12.739,1963,-0.0413,1.5819
11331,18:15:12.740,1964,-0.0408,1.5827
11332,18:15:12.740,1927,-0.0589,1.5529
11333,18:15:12.741,1927,-0.0589,1.5529
11334,18:15:12.741,1908,-0.0681,1.5376
11335,18:15:12.742,1908,-0.0681,1.5376
11336,18:15:12.742,1932,-0.0564,1.5569
11337,18:15:12.743,1926,-0.0593,1.5521
11338,18:15:12.743,1916,-0.0642,1.5440
11339,18:15:12.744,1928,-0.0584,1.5537
11340,18:15:12.744,1951,-0.0471,1.5722
11341,18:15:12.745,1930,-0.0574,1.5553
11342,18:15:12.745,1892,-0.0759,1.5247
11343,18:15:12.746,1913,-0.0657,1.5416
11344,18:15:12.746,1924,-0.0603,1.5505
11345,18:15:12.747,1869,-0.0872,1.5062
11346,18:15:12.747,1905,-0.0696,1.5352
11347,18:15:12.748,1931,-0.0569,1.5561
11348,18:15:12.748,1955,-0.0452,1.5755
11349,18:15:12.749,1936,-0.0545,1.5601
11350,18:15:12.749,1958,-0.0437,1.5779
11351,18:15:12.750,1980,-0.0330,1.5956
11352,18:15:12.750,1938,-0.0535,1.5618
11353,18:15:12.751,1941,-0.0520,1.5642
11354,18:15:12.751,1937,-0.0540,1.5610
11355,18:15:12.752,1927,-0.0589,1.5529
11356,18:15:12.752,1939,-0.0530,1.5626
11357,18:15:12.753,1940,-0.0525,1.5634
11358,18:15:12.753,1937,-0.0540,1.5610
11359,18:15:12.754,1941,-0.0520,1.5642
11360,18:15:12.754,1966,-0.0398,1.5843
11361,18:15:12.755,1955,-0.0452,1.5755
11362,18:15:12.755,1915,-0.0647,1.5432
11363,18:15:12.756,1926,-0.0593,1.5521
11364,18:15:12.756,1948,-0.0486,1.5698
11365,18:15:12.757,1896,-0.0740,1.5279
11366,18:15:12.757,1910,-0.0672,1.5392
11367,18:15:12.758,1944,-0.0505,1.5666
11368,18:15:12.758,1962,-0.0418,1.5811
11369,18:15:12.759,1950,-0.0476,1.5714
11370,18:15:12.759,1958,-0.0437,1.5779
11371,18:15:12.760,1994,-0.0261,1.6069
11372,18:15:12.760,1953,-0.0462,1.5738
11373,18:15:12.761,1954,-0.0457,1.5747
11374,18:15:12.761,1945,-0.0501,1.5674
11375,18:15:12.762,1934,-0.0554,1.5585
11376,18:15:12.762,1936,-0.0545,1.5601
11377,18:15:12.763,1947,-0.0491,1.5690
11378,18:15:12.763,1946,-0.0496,1.5682
11379,18:15:12.764,1940,-0.0525,1.5634
11380,18:15:12.764,1960,-0.0427,1.5795
11381,18:15:12.765,1969,-0.0383,1.5867
11382,18:15:12.765,1936,-0.0545,1.5601
11383,18:15:12.766,1923,-0.0608,1.5497
11384,18:15:12.766,1954,-0.0457,1.5747
11385,18:15:12.767,1913,-0.0657,1.5416
11386,18:15:12.767,1907,-0.0686,1.5368
11387,18:15:12.768,1935,-0.0549,1.5593
11388,18:15:12.768,1961,-0.0422,1.5803
11389,18:15:12.769,1961,-0.0422,1.5803
11390,18:15:12.769,1954,-0.0457,1.5747
11391,18:15:12.770,2004,-0.0212,1.6149
11392,18:15:12.770,1969,-0.0383,1.5867
11393,18:15:12.771,1963,-0.0413,1.5819
11394,18:15:12.771,1954,-0.0457,1.5747
11395,18:15:12.772,1944,-0.0505,1.5666
11396,18:15:12.772,1935,-0.0549,1.5593
11397,18:15:12.773,1951,-0.0471,1.5722
11398,18:15:12.773,1949,-0.0481,1.5706
11399,18:15:12.774,1945,-0.0501,1.5674
11400,18:15:12.774,1961,-0.0422,1.5803
11401,18:15:12.775,1978,-0.0339,1.5940
11402,18:15:12.775,1953,-0.0462,1.5738
11403,18:15:12.776,1924,-0.0603,1.5505
11404,18:15:12.776,1957,-0.0442,1.5771
11405,18:15:12.777,1931,-0.0569,1.5561
11406,18:15:12.777,1908,-0.0681,1.5376
11407,18:15:12.778,1934,-0.0554,1.5585
11408,18:15:12.778,1962,-0.0418,1.5811
11409,18:15:12.779,1974,-0.0359,1.5908
11410,18:15:12.779,1950,-0.0476,1.5714
11411,18:15:12.780,2001,-0.0227,1.6125
11412,18:15:12.780,1987,-0.0295,1.6012
11413,18:15:12.781,1974,-0.0359,1.5908
11414,18:15:12.781,1961,-0.0422,1.5803
11415,18:15:12.782,1951,-0.0471,1.5722
11416,18:15:12.782,1937,-0.0540,1.5610
11417,18:15:12.783,1952,-0.0466,1.5730
11418,18:15:12.783,1952,-0.0466,1.5730
11419,18:15:12.784,1949,-0.0481,1.5706
11420,18:15:12.784,1955,-0.0452,1.5755
11421,18:15:12.785,1978,-0.0339,1.5940
11422,18:15:12.785,1965,-0.0403,1.5835
11423,18:15:12.786,1929,-0.0579,1.5545
11424,18:15:12.786,1957,-0.0442,1.5771
11425,18:15:12.787,1948,-0.0486,1.5698
11426,18:15:12.787,1910,-0.0672,1.5392
11427,18:15:12.788,1931,-0.0569,1.5561
11428,18:15:12.788,1956,-0.0447,1.5763
11429,18:15:12.789,1982,-0.0320,1.5972
11430,18:15:12.789,1954,-0.0457,1.5747
11431,18:15:12.790,1993,-0.0266,1.6061
11432,18:15:12.790,2000,-0.0232,1.6117
11433,18:15:12.791,1978,-0.0339,1.5940
11434,18:15:12.791,1960,-0.0427,1.5795
11435,18:15:12.792,1957,-0.0442,1.5771
11436,18:15:12.792,1943,-0.0510,1.5658
11437,18:15:12.793,1952,-0.0466,1.5730
11438,18:15:12.793,1953,-0.0462,1.5738
11439,18:15:12.794,1950,-0.0476,1.5714
11440,18:15:12.794,1955,-0.0452,1.5755
11441,18:15:12.795,1978,-0.0339,1.5940
11442,18:15:12.795,1978,-0.0339,1.5940
11443,18:15:12.796,1936,-0.0545,1.5601
11444,18:15:12.796,1953,-0.0462,1.5738
11445,18:15:12.797,1960,-0.0427,1.5795
11446,18:15:12.797,1924,-0.0603,1.5505
11447,18:15:12.798,1925,-0.0598,1.5513
11448,18:15:12.798,1947,-0.0491,1.5690
11449,18:15:12.799,1983,-0.0315,1.5980
11450,18:15:12.799,1960,-0.0427,1.5795
11451,18:15:12.800,1980,-0.0330,1.5956
11452,18:15:12.800,2007,-0.0198,1.6174
11453,18:15:12.801,1986,-0.0300,1.6004
11454,18:15:12.801,1966,-0.0398,1.5843
11455,18:15:12.802,1967,-0.0393,1.5851
11456,18:15:12.802,1945,-0.0501,1.5674
11457,18:15:12.803,1950,-0.0476,1.5714
11458,18:15:12.803,1957,-0.0442,1.5771
11459,18:15:12.804,1953,-0.0462,1.5738
11460,18:15:12.804,1953,-0.0462,1.5738
11461,18:15:12.805,1967,-0.0393,1.5851
11462,18:15:12.805,1985,-0.0305,1.5996
11463,18:15:12.806,1953,-0.0462,1.5738
11464,18:15:12.806,1946,-0.0496,1.5682
11465,18:15:12.807,1967,-0.0393,1.5851
11466,18:15:12.807,1930,-0.0574,1.5553
11467,18:15:12.808,1926,-0.0593,1.5521
11468,18:15:12.808,1946,-0.0496,1.5682
11469,18:15:12.809,1978,-0.0339,1.5940
11470,18:15:12.809,1962,-0.0418,1.5811
11471,18:15:12.810,1971,-0.0374,1.5884
11472,18:15:12.810,2003,-0.0217,1.6141
11473,18:15:12.811,1993,-0.0266,1.6061
11474,18:15:12.811,1974,-0.0359,1.5908
11475,18:15:12.812,1974,-0.0359,1.5908
11476,18:15:12.812,1949,-0.0481,1.5706
11477,18:15:12.813,1946,-0.0496,1.5682
11478,18:15:12.813,1948,-0.0486,1.5698
11479,18:15:12.814,1948,-0.0486,1.5698
11480,18:15:12.814,1944,-0.0505,1.5666
11481,18:15:12.815,1959,-0.0432,1.5787
11482,18:15:12.815,1979,-0.0335,1.5948
11483,18:15:12.816,1955,-0.0452,1.5755
11484,18:15:12.816,1937,-0.0540,1.5610
11485,18:15:12.817,1963,-0.0413,1.5819
11486,18:15:12.817,1943,-0.0510,1.5658
11487,18:15:12.818,1925,-0.0598,1.5513
11488,18:15:12.818,1937,-0.0540,1.5610
11489,18:15:12.819,1969,-0.0383,1.5867
11490,18:15:12.819,1978,-0.0339,1.5940
11491,18:15:12.820,1964,-0.0408,1.5827
11492,18:15:12.820,2008,-0.0193,1.6182
11493,18:15:12.821,2005,-0.0208,1.6158
11494,18:15:12.821,1985,-0.0305,1.5996
11495,18:15:12.822,1981,-0.0325,1.5964
11496,18:15:12.822,1963,-0.0413,1.5819
11497,18:15:12.823,1956,-0.0447,1.5763
11498,18:15:12.823,1964,-0.0408,1.5827
11499,18:15:12.824,1967,-0.0393,1.5851
11500,18:15:12.824,1963,-0.0413,1.5819
11501,18:15:12.825,1965,-0.0403,1.5835
11502,18:15:12.825,1996,-0.0252,1.6085
11503,18:15:12.826,1983,-0.0315,1.5980
11504,18:15:12.826,1954,-0.0457,1.5747
11505,18:15:12.827,1979,-0.0335,1.5948
11506,18:15:12.827,1969,-0.0383,1.5867
11507,18:15:12.828,1943,-0.0510,1.5658
11508,18:15:12.828,1950,-0.0476,1.5714
11509,18:15:12.829,1975,-0.0354,1.5916
11510,18:15:12.829,1995,-0.0256,1.6077
11511,18:15:12.830,1974,-0.0359,1.5908
11512,18:15:12.830,2011,-0.0178,1.6206
11513,18:15:12.831,2020,-0.0134,1.6278
11514,18:15:12.831,2004,-0.0212,1.6149
11515,18:15:12.832,1996,-0.0252,1.6085
11516,18:15:12.832,1979,-0.0335,1.5948
11517,18:15:12.833,1965,-0.0403,1.5835
11518,18:15:12.833,1971,-0.0374,1.5884
11519,18:15:12.834,1975,-0.0354,1.5916
11520,18:15:12.834,1969,-0.0383,1.5867
11521,18:15:12.835,1976,-0.0349,1.5924
11522,18:15:12.835,1996,-0.0252,1.6085
11523,18:15:12.836,2004,-0.0212,1.6149
11524,18:15:12.836,1964,-0.0408,1.5827
11525,18:15:12.837,1983,-0.0315,1.5980
11526,18:15:12.837,1983,-0.0315,1.5980
11527,18:15:12.838,1956,-0.0447,1.5763
11528,18:15:12.838,1953,-0.0462,1.5738
11529,18:15:12.839,1976,-0.0349,1.5924
11530,18:15:12.839,2004,-0.0212,1.6149
11531,18:15:12.840,1979,-0.0335,1.5948
11532,18:15:12.840,2011,-0.0178,1.6206
11533,18:15:12.841,2030,-0.0085,1.6359
11534,18:15:12.841,2012,-0.0173,1.6214
11535,18:15:12.842,2002,-0.0222,1.6133
11536,18:15:12.842,1994,-0.0261,1.6069
11537,18:15:12.843,1974,-0.0359,1.5908
11538,18:15:12.843,1970,-0.0379,1.5875
11539,18:15:12.844,1978,-0.0339,1.5940
11540,18:15:12.844,1979,-0.0335,1.5948
11541,18:15:12.845,1974,-0.0359,1.5908
11542,18:15:12.845,1989,-0.0286,1.6029
11543,18:15:12.846,2013,-0.0168,1.6222
11544,18:15:12.846,1974,-0.0359,1.5908
11545,18:15:12.847,1979,-0.0335,1.5948
11546,18:15:12.847,1995,-0.0256,1.6077
11547,18:15:12.848,1965,-0.0403,1.5835
11548,18:15:12.848,1956,-0.0447,1.5763
11549,18:15:12.849,1970,-0.0379,1.5875
11550,18:15:12.849,2008,-0.0193,1.6182
11551,18:15:12.850,1986,-0.0300,1.6004
11552,18:15:12.850,2001,-0.0227,1.6125
11553,18:15:12.851,2030,-0.0085,1.6359
11554,18:15:12.851,2020,-0.0134,1.6278
11555,18:15:12.852,2011,-0.0178,1.6206
11556,18:15:12.852,2000,-0.0232,1.6117
11557,18:15:12.853,1983,-0.0315,1.5980
11558,18:15:12.853,1975,-0.0354,1.5916
11559,18:15:12.854,1983,-0.0315,1.5980
11560,18:15:12.854,1982,-0.0320,1.5972
11561,18:15:12.855,1977,-0.0344,1.5932
11562,18:15:12.855,1987,-0.0295,1.6012
11563,18:15:12.856,2014,-0.0164,1.6230
11564,18:15:12.856,1987,-0.0295,1.6012
11565,18:15:12.857,1978,-0.0339,1.5940
11566,18:15:12.857,1994,-0.0261,1.6069
11567,18:15:12.858,1979,-0.0335,1.5948
11568,18:15:12.858,1962,-0.0418,1.5811
11569,18:15:12.859,1962,-0.0418,1.5811
11570,18:15:12.859,2004,-0.0212,1.6149
11571,18:15:12.860,1992,-0.0271,1.6053
11572,18:15:12.860,1993,-0.0266,1.6061
11573,18:15:12.861,2020,-0.0134,1.6278
11574,18:15:12.861,2026,-0.0105,1.6327
11575,18:15:12.862,2006,-0.0203,1.6166
11576,18:15:12.862,2002,-0.0222,1.6133
11577,18:15:12.863,1984,-0.0310,1.5988
11578,18:15:12.863,1969,-0.0383,1.5867
11579,18:15:12.864,1973,-0.0364,1.5900
11580,18:15:12.864,1972,-0.0369,1.5892
11581,18:15:12.865,1968,-0.0388,1.5859
11582,18:15:12.865,1968,-0.0388,1.5859
11583,18:15:12.866,1999,-0.0237,1.6109
11584,18:15:12.866,1986,-0.0300,1.6004
11585,18:15:12.867,1962,-0.0418,1.5811
11586,18:15:12.867,1984,-0.0310,1.5988
11587,18:15:12.868,1972,-0.0369,1.5892
11588,18:15:12.868,1951,-0.0471,1.5722
11589,18:15:12.869,1942,-0.0515,1.5650
11590,18:15:12.869,1977,-0.0344,1.5932
11591,18:15:12.870,1981,-0.0325,1.5964
11592,18:15:12.870,1971,-0.0374,1.5884
11593,18:15:12.871,1997,-0.0247,1.6093
11594,18:15:12.871,2010,-0.0183,1.6198
11595,18:15:12.872,1992,-0.0271,1.6053
11596,18:15:12.872,1989,-0.0286,1.6029
11597,18:15:12.873,1973,-0.0364,1.5900
11598,18:15:12.873,1955,-0.0452,1.5755
11599,18:15:12.874,1955,-0.0452,1.5755
11600,18:15:12.874,1957,-0.0442,1.5771
11601,18:15:12.875,1954,-0.0457,1.5747
11602,18:15:12.875,1950,-0.0476,1.5714
11603,18:15:12.876,1977,-0.0344,1.5932
11604,18:15:12.876,1982,-0.0320,1.5972
11605,18:15:12.877,1951,-0.0471,1.5722
11606,18:15:12.877,1971,-0.0374,1.5884
11607,18:15:12.878,1964,-0.0408,1.5827
11608,18:15:12.878,1945,-0.0501,1.5674
11609,18:15:12.879,1931,-0.0569,1.5561
11610,18:15:12.879,1959,-0.0432,1.5787
11611,18:15:12.880,1972,-0.0369,1.5892
11612,18:15:12.880,1963,-0.0413,1.5819
11613,18:15:12.881,1979,-0.0335,1.5948
11614,18:15:12.881,2002,-0.0222,1.6133
11615,18:15:12.882,1988,-0.0291,1.6021
11616,18:15:12.882,1984,-0.0310,1.5988
11617,18:15:12.883,1971,-0.0374,1.5884
11618,18:15:12.883,1953,-0.0462,1.5738
11619,18:15:12.884,1945,-0.0501,1.5674
11620,18:15:12.884,1954,-0.0457,1.5747
11621,18:15:12.885,1950,-0.0476,1.5714
11622,18:15:12.885,1942,-0.0515,1.5650
11623,18:15:12.886,1963,-0.0413,1.5819
11624,18:15:12.886,1981,-0.0325,1.5964
11625,18:15:12.887,1950,-0.0476,1.5714
11626,18:15:12.887,1960,-0.0427,1.5795
11627,18:15:12.888,1966,-0.0398,1.5843
11628,18:15:12.888,1948,-0.0486,1.5698
11629,18:15:12.889,1925,-0.0598,1.5513
11630,18:15:12.889,1945,-0.0501,1.5674
11631,18:15:12.890,1968,-0.0388,1.5859
11632,18:15:12.890,1957,-0.0442,1.5771
11633,18:15:12.891,1969,-0.0383,1.5867
11634,18:15:12.891,1995,-0.0256,1.6077
11635,18:15:12.892,1988,-0.0291,1.6021
11636,18:15:12.892,1984,-0.0310,1.5988
11637,18:15:12.893,1967,-0.0393,1.5851
11638,18:15:12.893,1956,-0.0447,1.5763
11639,18:15:12.894,1945,-0.0501,1.5674
11640,18:15:12.894,1951,-0.0471,1.5722
11641,18:15:12.895,1945,-0.0501,1.5674
11642,18:15:12.895,1939,-0.0530,1.5626
11643,18:15:12.896,1948,-0.0486,1.5698
11644,18:15:12.896,1978,-0.0339,1.5940
11645,18:15:12.897,1953,-0.0462,1.5738
11646,18:15:12.897,1954,-0.0457,1.5747
11647,18:15:12.898,1963,-0.0413,1.5819
11648,18:15:12.898,1952,-0.0466,1.5730
11649,18:15:12.899,1931,-0.0569,1.5561
11650,18:15:12.899,1931,-0.0569,1.5561
11651,18:15:12.900,1965,-0.0403,1.5835
11652,18:15:12.900,1958,-0.0437,1.5779
11653,18:15:12.901,1962,-0.0418,1.5811
11654,18:15:12.901,1991,-0.0276,1.6045
11655,18:15:12.902,1992,-0.0271,1.6053
11656,18:15:12.902,1980,-0.0330,1.5956
11657,18:15:12.903,1971,-0.0374,1.5884
11658,18:15:12.903,1959,-0.0432,1.5787
11659,18:15:12.904,1941,-0.0520,1.5642
11660,18:15:12.904,1944,-0.0505,1.5666
11661,18:15:12.905,1942,-0.0515,1.5650
11662,18:15:12.905,1942,-0.0515,1.5650
11663,18:15:12.906,1939,-0.0530,1.5626
11664,18:15:12.906,1976,-0.0349,1.5924
11665,18:15:12.907,1961,-0.0422,1.5803
11666,18:15:12.907,1950,-0.0476,1.5714
11667,18:15:12.908,1962,-0.0418,1.5811
11668,18:15:12.908,1954,-0.0457,1.5747
11669,18:15:12.909,1937,-0.0540,1.5610
11670,18:15:12.909,1917,-0.0637,1.5448
11671,18:15:12.910,1962,-0.0418,1.5811
11672,18:15:12.910,1959,-0.0432,1.5787
11673,18:15:12.911,1956,-0.0447,1.5763
11674,18:15:12.911,1980,-0.0330,1.5956
11675,18:15:12.912,1994,-0.0261,1.6069
11676,18:15:12.912,1981,-0.0325,1.5964
11677,18:15:12.913,1972,-0.0369,1.5892
11678,18:15:12.913,1964,-0.0408,1.5827
11679,18:15:12.914,1942,-0.0515,1.5650
11680,18:15:12.914,1942,-0.0515,1.5650
11681,18:15:12.915,1943,-0.0510,1.5658
11682,18:15:12.915,1944,-0.0505,1.5666
11683,18:15:12.916,1933,-0.0559,1.5577
11684,18:15:12.916,1967,-0.0393,1.5851
11685,18:15:12.917,1967,-0.0393,1.5851
11686,18:15:12.917,1948,-0.0486,1.5698
11687,18:15:12.918,1961,-0.0422,1.5803
11688,18:15:12.918,1956,-0.0447,1.5763
11689,18:15:12.919,1946,-0.0496,1.5682
11690,18:15:12.919,1924,-0.0603,1.5505
11691,18:15:12.920,1955,-0.0452,1.5755
11692,18:15:12.920,1964,-0.0408,1.5827
11693,18:15:12.921,1954,-0.0457,1.5747
11694,18:15:12.921,1970,-0.0379,1.5875
11695,18:15:12.922,1989,-0.0286,1.6029
11696,18:15:12.922,1984,-0.0310,1.5988
11697,18:15:12.923,1973,-0.0364,1.5900
11698,18:15:12.923,1967,-0.0393,1.5851
11699,18:15:12.924,1949,-0.0481,1.5706
11700,18:15:12.924,1938,-0.0535,1.5618
11701,18:15:12.925,1941,-0.0520,1.5642
11702,18:15:12.925,1943,-0.0510,1.5658
11703,18:15:12.926,1935,-0.0549,1.5593
11704,18:15:12.926,1956,-0.0447,1.5763
11705,18:15:12.927,1968,-0.0388,1.5859
11706,18:15:12.927,1949,-0.0481,1.5706
11707,18:15:12.928,1958,-0.0437,1.5779
11708,18:15:12.928,1955,-0.0452,1.5755
11709,18:15:12.929,1955,-0.0452,1.5755
11710,18:15:12.929,1924,-0.0603,1.5505
11711,18:15:12.930,1945,-0.0501,1.5674
11712,18:15:12.930,1965,-0.0403,1.5835
11713,18:15:12.931,1957,-0.0442,1.5771
11714,18:15:12.931,1960,-0.0427,1.5795
11715,18:15:12.932,1986,-0.0300,1.6004
11716,18:15:12.932,1983,-0.0315,1.5980
11717,18:15:12.933,1977,-0.0344,1.5932
11718,18:15:12.933,1972,-0.0369,1.5892
11719,18:15:12.934,1955,-0.0452,1.5755
11720,18:15:12.934,1940,-0.0525,1.5634
11721,18:15:12.935,1946,-0.0496,1.5682
11722,18:15:12.935,1944,-0.0505,1.5666
11723,18:15:12.936,1933,-0.0559,1.5577
11724,18:15:12.936,1944,-0.0505,1.5666
11725,18:15:12.937,1968,-0.0388,1.5859
11726,18:15:12.937,1954,-0.0457,1.5747
11727,18:15:12.938,1955,-0.0452,1.5755
11728,18:15:12.938,1960,-0.0427,1.5795
11729,18:15:12.939,1963,-0.0413,1.5819
11730,18:15:12.939,1927,-0.0589,1.5529
11731,18:15:12.940,1938,-0.0535,1.5618
11732,18:15:12.940,1961,-0.0422,1.5803
11733,18:15:12.941,1958,-0.0437,1.5779
11734,18:15:12.941,1952,-0.0466,1.5730
11735,18:15:12.942,1982,-0.0320,1.5972
11736,18:15:12.942,1989,-0.0286,1.6029
11737,18:15:12.943,1977,-0.0344,1.5932
11738,18:15:12.943,1973,-0.0364,1.5900
11739,18:15:12.944,1958,-0.0437,1.5779
11740,18:15:12.944,1944,-0.0505,1.5666
11741,18:15:12.945,1938,-0.0535,1.5618
11742,18:15:12.945,1943,-0.0510,1.5658
11743,18:15:12.946,1934,-0.0554,1.5585
11744,18:15:12.946,1935,-0.0549,1.5593
11745,18:15:12.947,1968,-0.0388,1.5859
11746,18:15:12.947,1956,-0.0447,1.5763
11747,18:15:12.948,1951,-0.0471,1.5722
11748,18:15:12.948,1957,-0.0442,1.5771
11749,18:15:12.949,1962,-0.0418,1.5811
11750,18:15:12.949,1938,-0.0535,1.5618
11751,18:15:12.950,1934,-0.0554,1.5585
11752,18:15:12.950,1957,-0.0442,1.5771
11753,18:15:12.951,1961,-0.0422,1.5803
11754,18:15:12.951,1955,-0.0452,1.5755
11755,18:15:12.952,1971,-0.0374,1.5884
11756,18:15:12.952,1987,-0.0295,1.6012
11757,18:15:12.953,1981,-0.0325,1.5964
11758,18:15:12.953,1973,-0.0364,1.5900
11759,18:15:12.954,1966,-0.0398,1.5843
11760,18:15:12.954,1948,-0.0486,1.5698
11761,18:15:12.955,1939,-0.0530,1.5626
11762,18:15:12.955,1943,-0.0510,1.5658
11763,18:15:12.956,1937,-0.0540,1.5610
11764,18:15:12.956,1930,-0.0574,1.5553
11765,18:15:12.957,1958,-0.0437,1.5779
11766,18:15:12.957,1958,-0.0437,1.5779
11767,18:15:12.958,1955,-0.0452,1.5755
11768,18:15:12.958,1959,-0.0432,1.5787
11769,18:15:12.959,1963,-0.0413,1.5819
11770,18:15:12.959,1949,-0.0481,1.5706
11771,18:15:12.960,1927,-0.0589,1.5529
11772,18:15:12.960,1952,-0.0466,1.5730
11773,18:15:12.961,1959,-0.0432,1.5787
11774,18:15:12.961,1954,-0.0457,1.5747
11775,18:15:12.962,1965,-0.0403,1.5835
11776,18:15:12.962,1985,-0.0305,1.5996
11777,18:15:12.963,1978,-0.0339,1.5940
11778,18:15:12.963,1976,-0.0349,1.5924
11779,18:15:12.964,1968,-0.0388,1.5859
11780,18:15:12.964,1951,-0.0471,1.5722
11781,18:15:12.965,1942,-0.0515,1.5650
11782,18:15:12.965,1948,-0.0486,1.5698
11783,18:15:12.966,1946,-0.0496,1.5682
11784,18:15:12.966,1936,-0.0545,1.5601
11785,18:15:12.967,1956,-0.0447,1.5763
11786,18:15:12.967,1971,-0.0374,1.5884
11787,18:15:12.968,1959,-0.0432,1.5787
11788,18:15:12.968,1962,-0.0418,1.5811
11789,18:15:12.969,1975,-0.0354,1.5916
11790,18:15:12.969,1967,-0.0393,1.5851
11791,18:15:12.970,1942,-0.0515,1.5650
11792,18:15:12.970,1962,-0.0418,1.5811
11793,18:15:12.971,1972,-0.0369,1.5892
11794,18:15:12.971,1968,-0.0388,1.5859
11795,18:15:12.972,1972,-0.0369,1.5892
11796,18:15:12.972,1992,-0.0271,1.6053
11797,18:15:12.973,1994,-0.0261,1.6069
11798,18:15:12.973,1993,-0.0266,1.6061
11799,18:15:12.974,1988,-0.0291,1.6021
11800,18:15:12.974,1974,-0.0359,1.5908
11801,18:15:12.975,1960,-0.0427,1.5795
11802,18:15:12.975,1961,-0.0422,1.5803
11803,18:15:12.976,1963,-0.0413,1.5819
11804,18:15:12.976,1948,-0.0486,1.5698
11805,18:15:12.977,1963,-0.0413,1.5819
11806,18:15:12.977,1982,-0.0320,1.5972
11807,18:15:12.978,1974,-0.0359,1.5908
11808,18:15:12.978,1976,-0.0349,1.5924
11809,18:15:12.979,1980,-0.0330,1.5956
11810,18:15:12.979,1988,-0.0291,1.6021
11811,18:15:12.980,1951,-0.0471,1.5722
11812,18:15:12.980,1969,-0.0383,1.5867
11813,18:15:12.981,1982,-0.0320,1.5972
11814,18:15:12.981,1977,-0.0344,1.5932
11815,18:15:12.982,1979,-0.0335,1.5948
11816,18:15:12.982,1994,-0.0261,1.6069
11817,18:15:12.983,2005,-0.0208,1.6158
11818,18:15:12.983,1999,-0.0237,1.6109
11819,18:15:12.984,1998,-0.0242,1.6101
11820,18:15:12.984,1986,-0.0300,1.6004
11821,18:15:12.985,1973,-0.0364,1.5900
11822,18:15:12.985,1964,-0.0408,1.5827
11823,18:15:12.986,1970,-0.0379,1.5875
11824,18:15:12.986,1958,-0.0437,1.5779
11825,18:15:12.987,1958,-0.0437,1.5779
11826,18:15:12.987,1983,-0.0315,1.5980
11827,18:15:12.988,1980,-0.0330,1.5956
11828,18:15:12.988,1977,-0.0344,1.5932
11829,18:15:12.989,1980,-0.0330,1.5956
11830,18:15:12.989,2000,-0.0232,1.6117
11831,18:15:12.990,1969,-0.0383,1.5867
11832,18:15:12.990,1964,-0.0408,1.5827
11833,18:15:12.991,1985,-0.0305,1.5996
11834,18:15:12.991,1983,-0.0315,1.5980
11835,18:15:12.992,1982,-0.0320,1.5972
11836,18:15:12.992,1992,-0.0271,1.6053
11837,18:15:12.993,2009,-0.0188,1.6190
11838,18:15:12.993,2003,-0.0217,1.6141
11839,18:15:12.994,2001,-0.0227,1.6125
11840,18:15:12.994,1991,-0.0276,1.6045
11841,18:15:12.995,1979,-0.0335,1.5948
11842,18:15:12.995,1968,-0.0388,1.5859
11843,18:15:12.996,1974,-0.0359,1.5908
11844,18:15:12.996,1963,-0.0413,1.5819
11845,18:15:12.997,1959,-0.0432,1.5787
11846,18:15:12.997,1984,-0.0310,1.5988
11847,18:15:12.998,1980,-0.0330,1.5956
11848,18:15:12.998,1980,-0.0330,1.5956
11849,18:15:12.999,1984,-0.0310,1.5988
11850,18:15:12.999,2002,-0.0222,1.6133
11851,18:15:13.000,1977,-0.0344,1.5932
11852,18:15:13.000,1965,-0.0403,1.5835
11853,18:15:13.001,1982,-0.0320,1.5972
11854,18:15:13.001,1990,-0.0281,1.6037
11855,18:15:13.002,1981,-0.0325,1.5964
11856,18:15:13.002,1992,-0.0271,1.6053
11857,18:15:13.003,2006,-0.0203,1.6166
11858,18:15:13.003,2007,-0.0198,1.6174
11859,18:15:13.004,2003,-0.0217,1.6141
11860,18:15:13.004,1996,-0.0252,1.6085
11861,18:15:13.005,1985,-0.0305,1.5996
11862,18:15:13.005,1972,-0.0369,1.5892
11863,18:15:13.006,1977,-0.0344,1.5932
11864,18:15:13.006,1968,-0.0388,1.5859
11865,18:15:13.007,1955,-0.0452,1.5755
11866,18:15:13.007,1981,-0.0325,1.5964
11867,18:15:13.008,1981,-0.0325,1.5964
11868,18:15:13.008,1984,-0.0310,1.5988
11869,18:15:13.009,1982,-0.0320,1.5972
11870,18:15:13.009,2002,-0.0222,1.6133
11871,18:15:13.010,1991,-0.0276,1.6045
11872,18:15:13.010,1968,-0.0388,1.5859
11873,18:15:13.011,1979,-0.0335,1.5948
11874,18:15:13.011,1992,-0.0271,1.6053
11875,18:15:13.012,1987,-0.0295,1.6012
11876,18:15:13.012,1987,-0.0295,1.6012
11877,18:15:13.013,2005,-0.0208,1.6158
11878,18:15:13.013,2004,-0.0212,1.6149
11879,18:15:13.014,2008,-0.0193,1.6182
11880,18:15:13.014,2000,-0.0232,1.6117
11881,18:15:13.015,1993,-0.0266,1.6061
11882,18:15:13.015,1976,-0.0349,1.5924
11883,18:15:13.016,1975,-0.0354,1.5916
11884,18:15:13.016,1973,-0.0364,1.5900
11885,18:15:13.017,1956,-0.0447,1.5763
11886,18:15:13.017,1976,-0.0349,1.5924
11887,18:15:13.018,1985,-0.0305,1.5996
11888,18:15:13.018,1989,-0.0286,1.6029
11889,18:15:13.019,1978,-0.0339,1.5940
11890,18:15:13.019,1996,-0.0252,1.6085
11891,18:15:13.020,1997,-0.0247,1.6093
11892,18:15:13.020,1973,-0.0364,1.5900
11893,18:15:13.021,1976,-0.0349,1.5924
11894,18:15:13.021,1994,-0.0261,1.6069
11895,18:15:13.022,1990,-0.0281,1.6037
11896,18:15:13.022,1984,-0.0310,1.5988
11897,18:15:13.023,1997,-0.0247,1.6093
11898,18:15:13.023,2006,-0.0203,1.6166
11899,18:15:13.024,2007,-0.0198,1.6174
11900,18:15:13.024,2005,-0.0208,1.6158
11901,18:15:13.025,1993,-0.0266,1.6061
11902,18:15:13.025,1982,-0.0320,1.5972
11903,18:15:13.026,1974,-0.0359,1.5908
11904,18:15:13.026,1975,-0.0354,1.5916
11905,18:15:13.027,1959,-0.0432,1.5787
11906,18:15:13.027,1969,-0.0383,1.5867
11907,18:15:13.028,1981,-0.0325,1.5964
11908,18:15:13.028,1986,-0.0300,1.6004
11909,18:15:13.029,1979,-0.0335,1.5948
11910,18:15:13.029,1991,-0.0276,1.6045
11911,18:15:13.030,2007,-0.0198,1.6174
11912,18:15:13.030,1976,-0.0349,1.5924
11913,18:15:13.031,1978,-0.0339,1.5940
11914,18:15:13.031,1991,-0.0276,1.6045
11915,18:15:13.032,1990,-0.0281,1.6037
11916,18:15:13.032,1984,-0.0310,1.5988
11917,18:15:13.033,1996,-0.0252,1.6085
11918,18:15:13.033,2003,-0.0217,1.6141
11919,18:15:13.034,2007,-0.0198,1.6174
11920,18:15:13.034,2001,-0.0227,1.6125
11921,18:15:13.035,2000,-0.0232,1.6117
11922,18:15:13.035,1983,-0.0315,1.5980
11923,18:15:13.036,1973,-0.0364,1.5900
11924,18:15:13.036,1981,-0.0325,1.5964
11925,18:15:13.037,1965,-0.0403,1.5835
11926,18:15:13.037,1966,-0.0398,1.5843
11927,18:15:13.038,1981,-0.0325,1.5964
11928,18:15:13.038,1984,-0.0310,1.5988
11929,18:15:13.039,1979,-0.0335,1.5948
11930,18:15:13.039,1988,-0.0291,1.6021
11931,18:15:13.040,2005,-0.0208,1.6158
11932,18:15:13.040,1989,-0.0286,1.6029
11933,18:15:13.041,1976,-0.0349,1.5924
11934,18:15:13.041,1989,-0.0286,1.6029
11935,18:15:13.042,1994,-0.0261,1.6069
11936,18:15:13.042,1988,-0.0291,1.6021
11937,18:15:13.043,1988,-0.0291,1.6021
11938,18:15:13.043,2005,-0.0208,1.6158
11939,18:15:13.044,2007,-0.0198,1.6174
11940,18:15:13.044,2002,-0.0222,1.6133
11941,18:15:13.045,2000,-0.0232,1.6117
11942,18:15:13.045,1993,-0.0266,1.6061
11943,18:15:13.046,1974,-0.0359,1.5908
11944,18:15:13.046,1980,-0.0330,1.5956
11945,18:15:13.047,1970,-0.0379,1.5875
11946,18:15:13.047,1962,-0.0418,1.5811
11947,18:15:13.048,1978,-0.0339,1.5940
11948,18:15:13.048,1985,-0.0305,1.5996
11949,18:15:13.049,1987,-0.0295,1.6012
11950,18:15:13.049,1980,-0.0330,1.5956
11951,18:15:13.050,2006,-0.0203,1.6166
11952,18:15:13.050,1996,-0.0252,1.6085
11953,18:15:13.051,1980,-0.0330,1.5956
11954,18:15:13.051,1985,-0.0305,1.5996
11955,18:15:13.052,1992,-0.0271,1.6053
11956,18:15:13.052,1989,-0.0286,1.6029
11957,18:15:13.053,1987,-0.0295,1.6012
11958,18:15:13.053,1996,-0.0252,1.6085
11959,18:15:13.054,2003,-0.0217,1.6141
11960,18:15:13.054,2000,-0.0232,1.6117
11961,18:15:13.055,2001,-0.0227,1.6125
11962,18:15:13.055,1995,-0.0256,1.6077
11963,18:15:13.056,1978,-0.0339,1.5940
11964,18:15:13.056,1982,-0.0320,1.5972
11965,18:15:13.057,1972,-0.0369,1.5892
11966,18:15:13.057,1963,-0.0413,1.5819
11967,18:15:13.058,1975,-0.0354,1.5916
11968,18:15:13.058,1978,-0.0339,1.5940
11969,18:15:13.059,1987,-0.0295,1.6012
11970,18:15:13.059,1977,-0.0344,1.5932
11971,18:15:13.060,2003,-0.0217,1.6141
11972,18:15:13.060,2003,-0.0217,1.6141
11973,18:15:13.061,1979,-0.0335,1.5948
11974,18:15:13.061,1983,-0.0315,1.5980
11975,18:15:13.062,1992,-0.0271,1.6053
11976,18:15:13.062,1990,-0.0281,1.6037
11977,18:15:13.063,1983,-0.0315,1.5980
11978,18:15:13.063,1996,-0.0252,1.6085
11979,18:15:13.064,2000,-0.0232,1.6117
11980,18:15:13.064,2003,-0.0217,1.6141
11981,18:15:13.065,1999,-0.0237,1.6109
11982,18:15:13.065,2002,-0.0222,1.6133
11983,18:15:13.066,1985,-0.0305,1.5996
11984,18:15:13.066,1981,-0.0325,1.5964
11985,18:15:13.067,1980,-0.0330,1.5956
11986,18:15:13.067,1960,-0.0427,1.5795
11987,18:15:13.068,1971,-0.0374,1.5884
11988,18:15:13.068,1978,-0.0339,1.5940
11989,18:15:13.069,1991,-0.0276,1.6045
11990,18:15:13.069,1977,-0.0344,1.5932
11991,18:15:13.070,1996,-0.0252,1.6085
11992,18:15:13.070,2006,-0.0203,1.6166
11993,18:15:13.071,1984,-0.0310,1.5988
11994,18:15:13.071,1986,-0.0300,1.6004
11995,18:15:13.072,1993,-0.0266,1.6061
11996,18:15:13.072,1991,-0.0276,1.6045
11997,18:15:13.073,1986,-0.0300,1.6004
11998,18:15:13.073,1991,-0.0276,1.6045
11999,18:15:13.074,2004,-0.0212,1.6149
12000,18:15:13.074,2006,-0.0203,1.6166
12001,18:15:13.075,2004,-0.0212,1.6149
12002,18:15:13.075,2004,-0.0212,1.6149
12003,18:15:13.076,1990,-0.0281,1.6037
12004,18:15:13.076,1982,-0.0320,1.5972
12005,18:15:13.077,1987,-0.0295,1.6012
12006,18:15:13.077,1967,-0.0393,1.5851
12007,18:15:13.078,1977,-0.0344,1.5932
12008,18:15:13.078,1977,-0.0344,1.5932
12009,18:15:13.079,1991,-0.0276,1.6045
12010,18:15:13.079,1982,-0.0320,1.5972
12011,18:15:13.080,1996,-0.0252,1.6085
12012,18:15:13.080,2015,-0.0159,1.6238
12013,18:15:13.081,1996,-0.0252,1.6085
12014,18:15:13.081,1991,-0.0276,1.6045
12015,18:15:13.082,1998,-0.0242,1.6101
12016,18:15:13.082,2003,-0.0217,1.6141
12017,18:15:13.083,1994,-0.0261,1.6069
12018,18:15:13.083,1992,-0.0271,1.6053
12019,18:15:13.084,2009,-0.0188,1.6190
12020,18:15:13.084,2013,-0.0168,1.6222
12021,18:15:13.085,2010,-0.0183,1.6198
12022,18:15:13.085,2010,-0.0183,1.6198
12023,18:15:13.086,2000,-0.0232,1.6117
12024,18:15:13.086,1989,-0.0286,1.6029
12025,18:15:13.087,1996,-0.0252,1.6085
12026,18:15:13.087,1975,-0.0354,1.5916
12027,18:15:13.088,1979,-0.0335,1.5948
12028,18:15:13.088,1978,-0.0339,1.5940
12029,18:15:13.089,1993,-0.0266,1.6061
12030,18:15:13.089,1990,-0.0281,1.6037
12031,18:15:13.090,1990,-0.0281,1.6037
12032,18:15:13.090,2013,-0.0168,1.6222
12033,18:15:13.091,2009,-0.0188,1.6190
12034,18:15:13.091,1996,-0.0252,1.6085
12035,18:15:13.092,1997,-0.0247,1.6093
12036,18:15:13.092,2003,-0.0217,1.6141
12037,18:15:13.093,2002,-0.0222,1.6133
12038,18:15:13.093,1994,-0.0261,1.6069
12039,18:15:13.094,2006,-0.0203,1.6166
12040,18:15:13.094,2013,-0.0168,1.6222
12041,18:15:13.095,2008,-0.0193,1.6182
12042,18:15:13.095,2011,-0.0178,1.6206
12043,18:15:13.096,2010,-0.0183,1.6198
12044,18:15:13.096,1995,-0.0256,1.6077
12045,18:15:13.097,1996,-0.0252,1.6085
12046,18:15:13.097,1986,-0.0300,1.6004
12047,18:15:13.098,1978,-0.0339,1.5940
12048,18:15:13.098,1981,-0.0325,1.5964
12049,18:15:13.099,1992,-0.0271,1.6053
12050,18:15:13.099,1994,-0.0261,1.6069
12051,18:15:13.100,1988,-0.0291,1.6021
12052,18:15:13.100,2015,-0.0159,1.6238
12053,18:15:13.101,2014,-0.0164,1.6230
12054,18:15:13.101,1998,-0.0242,1.6101
12055,18:15:13.102,2000,-0.0232,1.6117
12056,18:15:13.102,2008,-0.0193,1.6182
12057,18:15:13.103,2002,-0.0222,1.6133
12058,18:15:13.103,1996,-0.0252,1.6085
12059,18:15:13.104,2003,-0.0217,1.6141
12060,18:15:13.104,2010,-0.0183,1.6198
12061,18:15:13.105,2012,-0.0173,1.6214
12062,18:15:13.105,2012,-0.0173,1.6214
12063,18:15:13.106,2010,-0.0183,1.6198
12064,18:15:13.106,1997,-0.0247,1.6093
12065,18:15:13.107,1999,-0.0237,1.6109
12066,18:15:13.107,1989,-0.0286,1.6029
12067,18:15:13.108,1979,-0.0335,1.5948
12068,18:15:13.108,1980,-0.0330,1.5956
12069,18:15:13.109,1988,-0.0291,1.6021
12070,18:15:13.109,1997,-0.0247,1.6093
12071,18:15:13.110,1986,-0.0300,1.6004
12072,18:15:13.110,2006,-0.0203,1.6166
12073,18:15:13.111,2019,-0.0139,1.6270
12074,18:15:13.111,2005,-0.0208,1.6158
12075,18:15:13.112,2002,-0.0222,1.6133
12076,18:15:13.112,2005,-0.0208,1.6158
12077,18:15:13.113,2006,-0.0203,1.6166
12078,18:15:13.113,1999,-0.0237,1.6109
12079,18:15:13.114,1998,-0.0242,1.6101
12080,18:15:13.114,2010,-0.0183,1.6198
12081,18:15:13.115,2010,-0.0183,1.6198
12082,18:15:13.115,2009,-0.0188,1.6190
12083,18:15:13.116,2010,-0.0183,1.6198
12084,18:15:13.116,2000,-0.0232,1.6117
12085,18:15:13.117,1999,-0.0237,1.6109
12086,18:15:13.117,1997,-0.0247,1.6093
12087,18:15:13.118,1979,-0.0335,1.5948
12088,18:15:13.118,1980,-0.0330,1.5956
12089,18:15:13.119,1981,-0.0325,1.5964
12090,18:15:13.119,1996,-0.0252,1.6085
12091,18:15:13.120,1987,-0.0295,1.6012
12092,18:15:13.120,2000,-0.0232,1.6117
12093,18:15:13.121,2019,-0.0139,1.6270
12094,18:15:13.121,2009,-0.0188,1.6190
12095,18:15:13.122,2003,-0.0217,1.6141
12096,18:15:13.122,2006,-0.0203,1.6166
12097,18:15:13.123,2010,-0.0183,1.6198
12098,18:15:13.123,2000,-0.0232,1.6117
12099,18:15:13.124,1996,-0.0252,1.6085
12100,18:15:13.124,2006,-0.0203,1.6166
12101,18:15:13.125,2010,-0.0183,1.6198
12102,18:15:13.125,2007,-0.0198,1.6174
12103,18:15:13.126,2012,-0.0173,1.6214
12104,18:15:13.126,2003,-0.0217,1.6141
12105,18:15:13.127,1997,-0.0247,1.6093
12106,18:15:13.127,2001,-0.0227,1.6125
12107,18:15:13.128,1982,-0.0320,1.5972
12108,18:15:13.128,1982,-0.0320,1.5972
12109,18:15:13.129,1980,-0.0330,1.5956
12110,18:15:13.129,1994,-0.0261,1.6069
12111,18:15:13.130,1990,-0.0281,1.6037
12112,18:15:13.130,1995,-0.0256,1.6077
12113,18:15:13.131,2020,-0.0134,1.6278
12114,18:15:13.131,2012,-0.0173,1.6214
12115,18:15:13.132,2005,-0.0208,1.6158
12116,18:15:13.132,2003,-0.0217,1.6141
12117,18:15:13.133,2009,-0.0188,1.6190
12118,18:15:13.133,2005,-0.0208,1.6158
12119,18:15:13.134,1994,-0.0261,1.6069
12120,18:15:13.134,2002,-0.0222,1.6133
12121,18:15:13.135,2009,-0.0188,1.6190
12122,18:15:13.135,2006,-0.0203,1.6166
12123,18:15:13.136,2010,-0.0183,1.6198
12124,18:15:13.136,2009,-0.0188,1.6190
12125,18:15:13.137,1995,-0.0256,1.6077
12126,18:15:13.137,2003,-0.0217,1.6141
12127,18:15:13.138,1990,-0.0281,1.6037
12128,18:15:13.138,1982,-0.0320,1.5972
12129,18:15:13.139,1979,-0.0335,1.5948
12130,18:15:13.139,1994,-0.0261,1.6069
12131,18:15:13.140,1992,-0.0271,1.6053
12132,18:15:13.140,1988,-0.0291,1.6021
12133,18:15:13.141,2011,-0.0178,1.6206
12134,18:15:13.141,2016,-0.0154,1.6246
12135,18:15:13.142,2006,-0.0203,1.6166
12136,18:15:13.142,2006,-0.0203,1.6166
12137,18:15:13.143,2008,-0.0193,1.6182
12138,18:15:13.143,2007,-0.0198,1.6174
12139,18:15:13.144,1999,-0.0237,1.6109
12140,18:15:13.144,1995,-0.0256,1.6077
12141,18:15:13.145,2010,-0.0183,1.6198
12142,18:15:13.145,2010,-0.0183,1.6198
12143,18:15:13.146,2008,-0.0193,1.6182
12144,18:15:13.146,2011,-0.0178,1.6206
12145,18:15:13.147,1995,-0.0256,1.6077
12146,18:15:13.147,2002,-0.0222,1.6133
12147,18:15:13.148,1993,-0.0266,1.6061
12148,18:15:13.148,1986,-0.0300,1.6004
12149,18:15:13.149,1983,-0.0315,1.5980
12150,18:15:13.149,1987,-0.0295,1.6012
12151,18:15:13.150,1995,-0.0256,1.6077
12152,18:15:13.150,1986,-0.0300,1.6004
12153,18:15:13.151,2010,-0.0183,1.6198
12154,18:15:13.151,2019,-0.0139,1.6270
12155,18:15:13.152,2008,-0.0193,1.6182
12156,18:15:13.152,2005,-0.0208,1.6158
12157,18:15:13.153,2011,-0.0178,1.6206
12158,18:15:13.153,2011,-0.0178,1.6206
12159,18:15:13.154,2001,-0.0227,1.6125
12160,18:15:13.154,1998,-0.0242,1.6101
12161,18:15:13.155,2005,-0.0208,1.6158
12162,18:15:13.155,2005,-0.0208,1.6158
12163,18:15:13.156,2005,-0.0208,1.6158
12164,18:15:13.156,2013,-0.0168,1.6222
12165,18:15:13.157,1997,-0.0247,1.6093
12166,18:15:13.157,2004,-0.0212,1.6149
12167,18:15:13.158,1997,-0.0247,1.6093
12168,18:15:13.158,1987,-0.0295,1.6012
12169,18:15:13.159,1980,-0.0330,1.5956
12170,18:15:13.159,1983,-0.0315,1.5980
12171,18:15:13.160,1994,-0.0261,1.6069
12172,18:15:13.160,1985,-0.0305,1.5996
12173,18:15:13.161,2003,-0.0217,1.6141
12174,18:15:13.161,2021,-0.0129,1.6286
12175,18:15:13.162,2013,-0.0168,1.6222
12176,18:15:13.162,2005,-0.0208,1.6158
12177,18:15:13.163,2010,-0.0183,1.6198
12178,18:15:13.163,2010,-0.0183,1.6198
12179,18:15:13.164,2003,-0.0217,1.6141
12180,18:15:13.164,1997,-0.0247,1.6093
12181,18:15:13.165,2002,-0.0222,1.6133
12182,18:15:13.165,2007,-0.0198,1.6174
12183,18:15:13.166,2003,-0.0217,1.6141
12184,18:15:13.166,2012,-0.0173,1.6214
12185,18:15:13.167,2001,-0.0227,1.6125
12186,18:15:13.167,2000,-0.0232,1.6117
12187,18:15:13.168,1999,-0.0237,1.6109
12188,18:15:13.168,1986,-0.0300,1.6004
12189,18:15:13.169,1984,-0.0310,1.5988
12190,18:15:13.169,1982,-0.0320,1.5972
12191,18:15:13.170,1991,-0.0276,1.6045
12192,18:15:13.170,1985,-0.0305,1.5996
12193,18:15:13.171,1992,-0.0271,1.6053
12194,18:15:13.171,2014,-0.0164,1.6230
12195,18:15:13.172,2016,-0.0154,1.6246
12196,18:15:13.172,2007,-0.0198,1.6174
12197,18:15:13.173,2006,-0.0203,1.6166
12198,18:15:13.173,2008,-0.0193,1.6182
12199,18:15:13.174,2004,-0.0212,1.6149
12200,18:15:13.174,1994,-0.0261,1.6069
12201,18:15:13.175,1997,-0.0247,1.6093
12202,18:15:13.175,2009,-0.0188,1.6190
12203,18:15:13.176,2003,-0.0217,1.6141
12204,18:15:13.176,2009,-0.0188,1.6190
12205,18:15:13.177,2003,-0.0217,1.6141
12206,18:15:13.177,1998,-0.0242,1.6101
12207,18:15:13.178,1999,-0.0237,1.6109
12208,18:15:13.178,1993,-0.0266,1.6061
12209,18:15:13.179,1984,-0.0310,1.5988
12210,18:15:13.179,1979,-0.0335,1.5948
12211,18:15:13.180,1991,-0.0276,1.6045
12212,18:15:13.180,1991,-0.0276,1.6045
12213,18:15:13.181,1989,-0.0286,1.6029
12214,18:15:13.181,2012,-0.0173,1.6214
12215,18:15:13.182,2014,-0.0164,1.6230
12216,18:15:13.182,2009,-0.0188,1.6190
12217,18:15:13.183,2009,-0.0188,1.6190
12218,18:15:13.183,2011,-0.0178,1.6206
12219,18:15:13.184,2008,-0.0193,1.6182
12220,18:15:13.184,1999,-0.0237,1.6109
12221,18:15:13.185,1994,-0.0261,1.6069
12222,18:15:13.185,2007,-0.0198,1.6174
12223,18:15:13.186,2003,-0.0217,1.6141
12224,18:15:13.186,2006,-0.0203,1.6166
12225,18:15:13.187,2007,-0.0198,1.6174
12226,18:15:13.187,1999,-0.0237,1.6109
12227,18:15:13.188,2002,-0.0222,1.6133
12228,18:15:13.188,1993,-0.0266,1.6061
12229,18:15:13.189,1990,-0.0281,1.6037
12230,18:15:13.189,1982,-0.0320,1.5972
12231,18:15:13.190,1990,-0.0281,1.6037
12232,18:15:13.190,1994,-0.0261,1.6069
12233,18:15:13.191,1987,-0.0295,1.6012
12234,18:15:13.191,2007,-0.0198,1.6174
12235,18:15:13.192,2019,-0.0139,1.6270
12236,18:15:13.192,2012,-0.0173,1.6214
12237,18:15:13.193,2007,-0.0198,1.6174
12238,18:15:13.193,2014,-0.0164,1.6230
12239,18:15:13.194,2010,-0.0183,1.6198
12240,18:15:13.194,1999,-0.0237,1.6109
12241,18:15:13.195,1993,-0.0266,1.6061
12242,18:15:13.195,2004,-0.0212,1.6149
12243,18:15:13.196,2000,-0.0232,1.6117
12244,18:15:13.196,2006,-0.0203,1.6166
12245,18:15:13.197,2006,-0.0203,1.6166
12246,18:15:13.197,1998,-0.0242,1.6101
12247,18:15:13.198,2007,-0.0198,1.6174
12248,18:15:13.198,1996,-0.0252,1.6085
12249,18:15:13.199,1991,-0.0276,1.6045
12250,18:15:13.199,1978,-0.0339,1.5940
12251,18:15:13.200,1987,-0.0295,1.6012
12252,18:15:13.200,1994,-0.0261,1.6069
12253,18:15:13.201,1984,-0.0310,1.5988
12254,18:15:13.201,1999,-0.0237,1.6109
12255,18:15:13.202,2017,-0.0149,1.6254
12256,18:15:13.202,2017,-0.0149,1.6254
12257,18:15:13.203,2007,-0.0198,1.6174
12258,18:15:13.203,2014,-0.0164,1.6230
12259,18:15:13.204,2013,-0.0168,1.6222
12260,18:15:13.204,2003,-0.0217,1.6141
12261,18:15:13.205,1994,-0.0261,1.6069
12262,18:15:13.205,2003,-0.0217,1.6141
12263,18:15:13.206,2002,-0.0222,1.6133
12264,18:15:13.206,2001,-0.0227,1.6125
12265,18:15:13.207,2011,-0.0178,1.6206
12266,18:15:13.207,1997,-0.0247,1.6093
12267,18:15:13.208,2003,-0.0217,1.6141
12268,18:15:13.208,1999,-0.0237,1.6109
12269,18:15:13.209,1992,-0.0271,1.6053
12270,18:15:13.209,1983,-0.0315,1.5980
12271,18:15:13.210,1985,-0.0305,1.5996
12272,18:15:13.210,1991,-0.0276,1.6045
12273,18:15:13.211,1988,-0.0291,1.6021
12274,18:15:13.211,1994,-0.0261,1.6069
12275,18:15:13.212,2013,-0.0168,1.6222
12276,18:15:13.212,2016,-0.0154,1.6246
12277,18:15:13.213,2007,-0.0198,1.6174
12278,18:15:13.213,2013,-0.0168,1.6222
12279,18:15:13.214,2012,-0.0173,1.6214
12280,18:15:13.214,2009,-0.0188,1.6190
12281,18:15:13.215,2000,-0.0232,1.6117
12282,18:15:13.215,1999,-0.0237,1.6109
12283,18:15:13.216,2001,-0.0227,1.6125
12284,18:15:13.216,2000,-0.0232,1.6117
12285,18:15:13.217,2009,-0.0188,1.6190
12286,18:15:13.217,2002,-0.0222,1.6133
12287,18:15:13.218,2005,-0.0208,1.6158
12288,18:15:13.218,2003,-0.0217,1.6141
12289,18:15:13.219,1997,-0.0247,1.6093
12290,18:15:13.219,1988,-0.0291,1.6021
12291,18:15:13.220,1981,-0.0325,1.5964
12292,18:15:13.220,1989,-0.0286,1.6029
12293,18:15:13.221,1989,-0.0286,1.6029
12294,18:15:13.221,1991,-0.0276,1.6045
12295,18:15:13.222,2011,-0.0178,1.6206
12296,18:15:13.222,2016,-0.0154,1.6246
12297,18:15:13.223,2013,-0.0168,1.6222
12298,18:15:13.223,2010,-0.0183,1.6198
12299,18:15:13.224,2016,-0.0154,1.6246
12300,18:15:13.224,2013,-0.0168,1.6222
12301,18:15:13.225,1998,-0.0242,1.6101
12302,18:15:13.225,1997,-0.0247,1.6093
12303,18:15:13.226,2002,-0.0222,1.6133
12304,18:15:13.226,1997,-0.0247,1.6093
12305,18:15:13.227,2006,-0.0203,1.6166
12306,18:15:13.227,2002,-0.0222,1.6133
12307,18:15:13.228,2004,-0.0212,1.6149
12308,18:15:13.228,2001,-0.0227,1.6125
12309,18:15:13.229,1996,-0.0252,1.6085
12310,18:15:13.229,1987,-0.0295,1.6012
12311,18:15:13.230,1982,-0.0320,1.5972
12312,18:15:13.230,1992,-0.0271,1.6053
12313,18:15:13.231,1988,-0.0291,1.6021
12314,18:15:13.231,1988,-0.0291,1.6021
12315,18:15:13.232,2004,-0.0212,1.6149
12316,18:15:13.232,2019,-0.0139,1.6270
12317,18:15:13.233,2012,-0.0173,1.6214
12318,18:15:13.233,2009,-0.0188,1.6190
12319,18:15:13.234,2016,-0.0154,1.6246
12320,18:15:13.234,2013,-0.0168,1.6222
12321,18:15:13.235,2003,-0.0217,1.6141
12322,18:15:13.235,1993,-0.0266,1.6061
12323,18:15:13.236,2002,-0.0222,1.6133
12324,18:15:13.236,1998,-0.0242,1.6101
12325,18:15:13.237,2007,-0.0198,1.6174
12326,18:15:13.237,2004,-0.0212,1.6149
12327,18:15:13.238,2000,-0.0232,1.6117
12328,18:15:13.238,2006,-0.0203,1.6166
12329,18:15:13.239,2000,-0.0232,1.6117
12330,18:15:13.239,1995,-0.0256,1.6077
12331,18:15:13.240,1982,-0.0320,1.5972
12332,18:15:13.240,1989,-0.0286,1.6029
12333,18:15:13.241,1993,-0.0266,1.6061
12334,18:15:13.241,1985,-0.0305,1.5996
12335,18:15:13.242,2001,-0.0227,1.6125
12336,18:15:13.242,2015,-0.0159,1.6238
12337,18:15:13.243,2017,-0.0149,1.6254
12338,18:15:13.243,2012,-0.0173,1.6214
12339,18:15:13.244,2013,-0.0168,1.6222
12340,18:15:13.244,2014,-0.0164,1.6230
12341,18:15:13.245,2005,-0.0208,1.6158
12342,18:15:13.245,1996,-0.0252,1.6085
12343,18:15:13.246,1998,-0.0242,1.6101
12344,18:15:13.246,1998,-0.0242,1.6101
12345,18:15:13.247,2005,-0.0208,1.6158
12346,18:15:13.247,2005,-0.0208,1.6158
12347,18:15:13.248,1998,-0.0242,1.6101
12348,18:15:13.248,2002,-0.0222,1.6133
12349,18:15:13.249,2003,-0.0217,1.6141
12350,18:15:13.249,1998,-0.0242,1.6101
12351,18:15:13.250,1984,-0.0310,1.5988
12352,18:15:13.250,1986,-0.0300,1.6004
12353,18:15:13.251,1990,-0.0281,1.6037
12354,18:15:13.251,1987,-0.0295,1.6012
12355,18:15:13.252,1993,-0.0266,1.6061
12356,18:15:13.252,2012,-0.0173,1.6214
12357,18:15:13.253,2015,-0.0159,1.6238
12358,18:15:13.253,2010,-0.0183,1.6198
12359,18:15:13.254,2014,-0.0164,1.6230
12360,18:15:13.254,2012,-0.0173,1.6214
12361,18:15:13.255,2012,-0.0173,1.6214
12362,18:15:13.255,1994,-0.0261,1.6069
12363,18:15:13.256,2000,-0.0232,1.6117
12364,18:15:13.256,1999,-0.0237,1.6109
12365,18:15:13.257,1996,-0.0252,1.6085
12366,18:15:13.257,2007,-0.0198,1.6174
12367,18:15:13.258,1999,-0.0237,1.6109
12368,18:15:13.258,2004,-0.0212,1.6149
12369,18:15:13.259,2001,-0.0227,1.6125
12370,18:15:13.259,2002,-0.0222,1.6133
12371,18:15:13.260,1992,-0.0271,1.6053
12372,18:15:13.260,1986,-0.0300,1.6004
12373,18:15:13.261,1994,-0.0261,1.6069
12374,18:15:13.261,1989,-0.0286,1.6029
12375,18:15:13.262,1991,-0.0276,1.6045
12376,18:15:13.262,2009,-0.0188,1.6190
12377,18:15:13.263,2018,-0.0144,1.6262
12378,18:15:13.263,2014,-0.0164,1.6230
12379,18:15:13.264,2011,-0.0178,1.6206
12380,18:15:13.264,2013,-0.0168,1.6222
12381,18:15:13.265,2012,-0.0173,1.6214
12382,18:15:13.265,1999,-0.0237,1.6109
12383,18:15:13.266,1994,-0.0261,1.6069
12384,18:15:13.266,1997,-0.0247,1.6093
12385,18:15:13.267,1995,-0.0256,1.6077
12386,18:15:13.267,2004,-0.0212,1.6149
12387,18:15:13.268,1996,-0.0252,1.6085
12388,18:15:13.268,2001,-0.0227,1.6125
12389,18:15:13.269,2001,-0.0227,1.6125
12390,18:15:13.269,1997,-0.0247,1.6093
12391,18:15:13.270,1990,-0.0281,1.6037
12392,18:15:13.270,1983,-0.0315,1.5980
12393,18:15:13.271,1993,-0.0266,1.6061
12394,18:15:13.271,1990,-0.0281,1.6037
12395,18:15:13.272,1985,-0.0305,1.5996
12396,18:15:13.272,1999,-0.0237,1.6109
12397,18:15:13.273,2013,-0.0168,1.6222
12398,18:15:13.273,2014,-0.0164,1.6230
12399,18:15:13.274,2013,-0.0168,1.6222
12400,18:15:13.274,2018,-0.0144,1.6262
12401,18:15:13.275,2015,-0.0159,1.6238
12402,18:15:13.275,2005,-0.0208,1.6158
12403,18:15:13.276,1994,-0.0261,1.6069
12404,18:15:13.276,1997,-0.0247,1.6093
12405,18:15:13.277,1994,-0.0261,1.6069
12406,18:15:13.277,2002,-0.0222,1.6133
12407,18:15:13.278,2000,-0.0232,1.6117
12408,18:15:13.278,1999,-0.0237,1.6109
12409,18:15:13.279,2003,-0.0217,1.6141
12410,18:15:13.279,2004,-0.0212,1.6149
12411,18:15:13.280,1998,-0.0242,1.6101
12412,18:15:13.280,1982,-0.0320,1.5972
12413,18:15:13.281,1992,-0.0271,1.6053
12414,18:15:13.281,1990,-0.0281,1.6037
12415,18:15:13.282,1986,-0.0300,1.6004
12416,18:15:13.282,1994,-0.0261,1.6069
12417,18:15:13.283,2016,-0.0154,1.6246
12418,18:15:13.283,2013,-0.0168,1.6222
12419,18:15:13.284,2012,-0.0173,1.6214
12420,18:15:13.284,2013,-0.0168,1.6222
12421,18:15:13.285,2021,-0.0129,1.6286
12422,18:15:13.285,2007,-0.0198,1.6174
12423,18:15:13.286,1995,-0.0256,1.6077
12424,18:15:13.286,2001,-0.0227,1.6125
12425,18:15:13.287,1992,-0.0271,1.6053
12426,18:15:13.287,2001,-0.0227,1.6125
12427,18:15:13.288,1997,-0.0247,1.6093
12428,18:15:13.288,1998,-0.0242,1.6101
12429,18:15:13.289,2003,-0.0217,1.6141
12430,18:15:13.289,2003,-0.0217,1.6141
12431,18:15:13.290,1997,-0.0247,1.6093
12432,18:15:13.290,1988,-0.0291,1.6021
12433,18:15:13.291,1987,-0.0295,1.6012
12434,18:15:13.291,1994,-0.0261,1.6069
12435,18:15:13.292,1986,-0.0300,1.6004
12436,18:15:13.292,1992,-0.0271,1.6053
12437,18:15:13.293,2007,-0.0198,1.6174
12438,18:15:13.293,2016,-0.0154,1.6246
12439,18:15:13.294,2012,-0.0173,1.6214
12440,18:15:13.294,2013,-0.0168,1.6222
12441,18:15:13.295,2017,-0.0149,1.6254
12442,18:15:13.295,2012,-0.0173,1.6214
12443,18:15:13.296,1997,-0.0247,1.6093
12444,18:15:13.296,1997,-0.0247,1.6093
12445,18:15:13.297,1995,-0.0256,1.6077
12446,18:15:13.297,1998,-0.0242,1.6101
12447,18:15:13.298,2001,-0.0227,1.6125
12448,18:15:13.298,1997,-0.0247,1.6093
12449,18:15:13.299,2000,-0.0232,1.6117
12450,18:15:13.299,2003,-0.0217,1.6141
12451,18:15:13.300,2001,-0.0227,1.6125
12452,18:15:13.300,1990,-0.0281,1.6037
12453,18:15:13.301,1989,-0.0286,1.6029
12454,18:15:13.301,1995,-0.0256,1.6077
12455,18:15:13.302,1990,-0.0281,1.6037
12456,18:15:13.302,1991,-0.0276,1.6045
12457,18:15:13.303,2007,-0.0198,1.6174
12458,18:15:13.303,2016,-0.0154,1.6246
12459,18:15:13.304,2012,-0.0173,1.6214
12460,18:15:13.304,2013,-0.0168,1.6222
12461,18:15:13.305,2015,-0.0159,1.6238
12462,18:15:13.305,2014,-0.0164,1.6230
12463,18:15:13.306,2002,-0.0222,1.6133
12464,18:15:13.306,2002,-0.0222,1.6133
12465,18:15:13.307,1996,-0.0252,1.6085
12466,18:15:13.307,1995,-0.0256,1.6077
12467,18:15:13.308,1997,-0.0247,1.6093
12468,18:15:13.308,1998,-0.0242,1.6101
12469,18:15:13.309,2000,-0.0232,1.6117
12470,18:15:13.309,2002,-0.0222,1.6133
12471,18:15:13.310,2006,-0.0203,1.6166
12472,18:15:13.310,1994,-0.0261,1.6069
12473,18:15:13.311,1991,-0.0276,1.6045
12474,18:15:13.311,1993,-0.0266,1.6061
12475,18:15:13.312,1990,-0.0281,1.6037
12476,18:15:13.312,1987,-0.0295,1.6012
12477,18:15:13.313,1999,-0.0237,1.6109
12478,18:15:13.313,2016,-0.0154,1.6246
12479,18:15:13.314,2015,-0.0159,1.6238
12480,18:15:13.314,2011,-0.0178,1.6206
12481,18:15:13.315,2014,-0.0164,1.6230
12482,18:15:13.315,2020,-0.0134,1.6278
12483,18:15:13.316,2004,-0.0212,1.6149
12484,18:15:13.316,1997,-0.0247,1.6093
12485,18:15:13.317,1993,-0.0266,1.6061
12486,18:15:13.317,1995,-0.0256,1.6077
12487,18:15:13.318,1998,-0.0242,1.6101
12488,18:15:13.318,1995,-0.0256,1.6077
12489,18:15:13.319,2002,-0.0222,1.6133
12490,18:15:13.319,1999,-0.0237,1.6109
12491,18:15:13.320,2006,-0.0203,1.6166
12492,18:15:13.320,2000,-0.0232,1.6117
12493,18:15:13.321,1987,-0.0295,1.6012
12494,18:15:13.321,1993,-0.0266,1.6061
12495,18:15:13.322,1989,-0.0286,1.6029
12496,18:15:13.322,1986,-0.0300,1.6004
12497,18:15:13.323,1997,-0.0247,1.6093
12498,18:15:13.323,2011,-0.0178,1.6206
12499,18:15:13.324,2013,-0.0168,1.6222
12500,18:15:13.324,2012,-0.0173,1.6214
12501,18:15:13.325,2015,-0.0159,1.6238
12502,18:15:13.325,2017,-0.0149,1.6254
12503,18:15:13.326,2006,-0.0203,1.6166
12504,18:15:13.326,1996,-0.0252,1.6085
12505,18:15:13.327,1995,-0.0256,1.6077
12506,18:15:13.327,1991,-0.0276,1.6045
12507,18:15:13.328,1999,-0.0237,1.6109
12508,18:15:13.328,1993,-0.0266,1.6061
12509,18:15:13.329,1998,-0.0242,1.6101
12510,18:15:13.329,1999,-0.0237,1.6109
12511,18:15:13.330,2003,-0.0217,1.6141
12512,18:15:13.330,2001,-0.0227,1.6125
12513,18:15:13.331,1989,-0.0286,1.6029
12514,18:15:13.331,1989,-0.0286,1.6029
12515,18:15:13.332,1995,-0.0256,1.6077
12516,18:15:13.332,1988,-0.0291,1.6021
12517,18:15:13.333,1990,-0.0281,1.6037
12518,18:15:13.333,2006,-0.0203,1.6166
12519,18:15:13.334,2011,-0.0178,1.6206
12520,18:15:13.334,2011,-0.0178,1.6206
12521,18:15:13.335,2013,-0.0168,1.6222
12522,18:15:13.335,2021,-0.0129,1.6286
12523,18:15:13.336,2011,-0.0178,1.6206
12524,18:15:13.336,2000,-0.0232,1.6117
12525,18:15:13.337,1998,-0.0242,1.6101
12526,18:15:13.337,1994,-0.0261,1.6069
12527,18:15:13.338,1996,-0.0252,1.6085
12528,18:15:13.338,1997,-0.0247,1.6093
12529,18:15:13.339,1998,-0.0242,1.6101
12530,18:15:13.339,1997,-0.0247,1.6093
12531,18:15:13.340,2000,-0.0232,1.6117
12532,18:15:13.340,2003,-0.0217,1.6141
12533,18:15:13.341,1993,-0.0266,1.6061
12534,18:15:13.341,1994,-0.0261,1.6069
12535,18:15:13.342,1993,-0.0266,1.6061
12536,18:15:13.342,1992,-0.0271,1.6053
12537,18:15:13.343,1991,-0.0276,1.6045
12538,18:15:13.343,2002,-0.0222,1.6133
12539,18:15:13.344,2014,-0.0164,1.6230
12540,18:15:13.344,2012,-0.0173,1.6214
12541,18:15:13.345,2009,-0.0188,1.6190
12542,18:15:13.345,2019,-0.0139,1.6270
12543,18:15:13.346,2019,-0.0139,1.6270
12544,18:15:13.346,2003,-0.0217,1.6141
12545,18:15:13.347,1998,-0.0242,1.6101
12546,18:15:13.347,1989,-0.0286,1.6029
12547,18:15:13.348,1997,-0.0247,1.6093
12548,18:15:13.348,1995,-0.0256,1.6077
12549,18:15:13.349,1995,-0.0256,1.6077
12550,18:15:13.349,2000,-0.0232,1.6117
12551,18:15:13.350,2003,-0.0217,1.6141
12552,18:15:13.350,2009,-0.0188,1.6190
12553,18:15:13.351,1996,-0.0252,1.6085
12554,18:15:13.351,1990,-0.0281,1.6037
12555,18:15:13.352,1994,-0.0261,1.6069
12556,18:15:13.352,1993,-0.0266,1.6061
12557,18:15:13.353,1985,-0.0305,1.5996
12558,18:15:13.353,1997,-0.0247,1.6093
12559,18:15:13.354,2012,-0.0173,1.6214
12560,18:15:13.354,2012,-0.0173,1.6214
12561,18:15:13.355,2014,-0.0164,1.6230
12562,18:15:13.355,2017,-0.0149,1.6254
12563,18:15:13.356,2022,-0.0125,1.6295
12564,18:15:13.356,2004,-0.0212,1.6149
12565,18:15:13.357,1998,-0.0242,1.6101
12566,18:15:13.357,1992,-0.0271,1.6053
12567,18:15:13.358,1992,-0.0271,1.6053
12568,18:15:13.358,1998,-0.0242,1.6101
12569,18:15:13.359,1993,-0.0266,1.6061
12570,18:15:13.359,1996,-0.0252,1.6085
12571,18:15:13.360,1998,-0.0242,1.6101
12572,18:15:13.360,2005,-0.0208,1.6158
12573,18:15:13.361,2001,-0.0227,1.6125
12574,18:15:13.361,1993,-0.0266,1.6061
12575,18:15:13.362,1997,-0.0247,1.6093
12576,18:15:13.362,1993,-0.0266,1.6061
12577,18:15:13.363,1990,-0.0281,1.6037
12578,18:15:13.363,1993,-0.0266,1.6061
12579,18:15:13.364,2011,-0.0178,1.6206
12580,18:15:13.364,2012,-0.0173,1.6214
12581,18:15:13.365,2011,-0.0178,1.6206
12582,18:15:13.365,2015,-0.0159,1.6238
12583,18:15:13.366,2019,-0.0139,1.6270
12584,18:15:13.366,2008,-0.0193,1.6182
12585,18:15:13.367,2003,-0.0217,1.6141
12586,18:15:13.367,1994,-0.0261,1.6069
12587,18:15:13.368,1992,-0.0271,1.6053
12588,18:15:13.368,1994,-0.0261,1.6069
12589,18:15:13.369,1993,-0.0266,1.6061
12590,18:15:13.369,1999,-0.0237,1.6109
12591,18:15:13.370,1998,-0.0242,1.6101
12592,18:15:13.370,1999,-0.0237,1.6109
12593,18:15:13.371,2003,-0.0217,1.6141
12594,18:15:13.371,1995,-0.0256,1.6077
12595,18:15:13.372,1995,-0.0256,1.6077
12596,18:15:13.372,1992,-0.0271,1.6053
12597,18:15:13.373,1988,-0.0291,1.6021
12598,18:15:13.373,1989,-0.0286,1.6029
12599,18:15:13.374,2008,-0.0193,1.6182
12600,18:15:13.374,2011,-0.0178,1.6206
12601,18:15:13.375,2011,-0.0178,1.6206
12602,18:15:13.375,2013,-0.0168,1.6222
12603,18:15:13.376,2020,-0.0134,1.6278
12604,18:15:13.376,2011,-0.0178,1.6206
12605,18:15:13.377,2001,-0.0227,1.6125
12606,18:15:13.377,1994,-0.0261,1.6069
12607,18:15:13.378,1989,-0.0286,1.6029
12608,18:15:13.378,1994,-0.0261,1.6069
12609,18:15:13.379,1992,-0.0271,1.6053
12610,18:15:13.379,1995,-0.0256,1.6077
12611,18:15:13.380,1997,-0.0247,1.6093
12612,18:15:13.380,1999,-0.0237,1.6109
12613,18:15:13.381,2002,-0.0222,1.6133
12614,18:15:13.381,1994,-0.0261,1.6069
12615,18:15:13.382,1995,-0.0256,1.6077
12616,18:15:13.382,1996,-0.0252,1.6085
12617,18:15:13.383,1992,-0.0271,1.6053
12618,18:15:13.383,1986,-0.0300,1.6004
12619,18:15:13.384,2001,-0.0227,1.6125
12620,18:15:13.384,2011,-0.0178,1.6206
12621,18:15:13.385,2013,-0.0168,1.6222
12622,18:15:13.385,2011,-0.0178,1.6206
12623,18:15:13.386,2017,-0.0149,1.6254
12624,18:15:13.386,2014,-0.0164,1.6230
12625,18:15:13.387,2005,-0.0208,1.6158
12626,18:15:13.387,2000,-0.0232,1.6117
12627,18:15:13.388,1989,-0.0286,1.6029
12628,18:15:13.388,1994,-0.0261,1.6069
12629,18:15:13.389,1994,-0.0261,1.6069
12630,18:15:13.389,1994,-0.0261,1.6069
12631,18:15:13.390,1997,-0.0247,1.6093
12632,18:15:13.390,1997,-0.0247,1.6093
12633,18:15:13.391,2004,-0.0212,1.6149
12634,18:15:13.391,1994,-0.0261,1.6069
12635,18:15:13.392,1993,-0.0266,1.6061
12636,18:15:13.392,1994,-0.0261,1.6069
12637,18:15:13.393,1993,-0.0266,1.6061
12638,18:15:13.393,1984,-0.0310,1.5988
12639,18:15:13.394,1998,-0.0242,1.6101
12640,18:15:13.394,2007,-0.0198,1.6174
12641,18:15:13.395,2011,-0.0178,1.6206
12642,18:15:13.395,2010,-0.0183,1.6198
12643,18:15:13.396,2014,-0.0164,1.6230
12644,18:15:13.396,2013,-0.0168,1.6222
12645,18:15:13.397,2005,-0.0208,1.6158
12646,18:15:13.397,1997,-0.0247,1.6093
12647,18:15:13.398,1990,-0.0281,1.6037
12648,18:15:13.398,1988,-0.0291,1.6021
12649,18:15:13.399,1992,-0.0271,1.6053
12650,18:15:13.399,1991,-0.0276,1.6045
12651,18:15:13.400,1993,-0.0266,1.6061
12652,18:15:13.400,1999,-0.0237,1.6109
12653,18:15:13.401,2006,-0.0203,1.6166
12654,18:15:13.401,1999,-0.0237,1.6109
12655,18:15:13.402,1992,-0.0271,1.6053
12656,18:15:13.402,1996,-0.0252,1.6085
12657,18:15:13.403,1997,-0.0247,1.6093
12658,18:15:13.403,1987,-0.0295,1.6012
12659,18:15:13.404,1992,-0.0271,1.6053
12660,18:15:13.404,2002,-0.0222,1.6133
12661,18:15:13.405,2008,-0.0193,1.6182
12662,18:15:13.405,2012,-0.0173,1.6214
12663,18:15:13.406,2012,-0.0173,1.6214
12664,18:15:13.406,2019,-0.0139,1.6270
12665,18:15:13.407,2002,-0.0222,1.6133
12666,18:15:13.407,1998,-0.0242,1.6101
12667,18:15:13.408,1989,-0.0286,1.6029
12668,18:15:13.408,1989,-0.0286,1.6029
12669,18:15:13.409,1989,-0.0286,1.6029
12670,18:15:13.409,1987,-0.0295,1.6012
12671,18:15:13.410,1992,-0.0271,1.6053
12672,18:15:13.410,1998,-0.0242,1.6101
12673,18:15:13.411,2008,-0.0193,1.6182
12674,18:15:13.411,2003,-0.0217,1.6141
12675,18:15:13.412,1991,-0.0276,1.6045
12676,18:15:13.412,1998,-0.0242,1.6101
12677,18:15:13.413,1996,-0.0252,1.6085
12678,18:15:13.413,1991,-0.0276,1.6045
12679,18:15:13.414,1993,-0.0266,1.6061
12680,18:15:13.414,2000,-0.0232,1.6117
12681,18:15:13.415,2012,-0.0173,1.6214
12682,18:15:13.415,2015,-0.0159,1.6238
12683,18:15:13.416,2019,-0.0139,1.6270
12684,18:15:13.416,2014,-0.0164,1.6230
12685,18:15:13.417,2003,-0.0217,1.6141
12686,18:15:13.417,1996,-0.0252,1.6085
12687,18:15:13.418,1985,-0.0305,1.5996
12688,18:15:13.418,1983,-0.0315,1.5980
12689,18:15:13.419,1987,-0.0295,1.6012
12690,18:15:13.419,1990,-0.0281,1.6037
12691,18:15:13.420,1994,-0.0261,1.6069
12692,18:15:13.420,1997,-0.0247,1.6093
12693,18:15:13.421,2006,-0.0203,1.6166
12694,18:15:13.421,2002,-0.0222,1.6133
12695,18:15:13.422,1993,-0.0266,1.6061
12696,18:15:13.422,1995,-0.0256,1.6077
12697,18:15:13.423,1997,-0.0247,1.6093
12698,18:15:13.423,1990,-0.0281,1.6037
12699,18:15:13.424,1990,-0.0281,1.6037
12700,18:15:13.424,2001,-0.0227,1.6125
12701,18:15:13.425,2012,-0.0173,1.6214
12702,18:15:13.425,2019,-0.0139,1.6270
12703,18:15:13.426,2011,-0.0178,1.6206
12704,18:15:13.426,2006,-0.0203,1.6166
12705,18:15:13.427,2001,-0.0227,1.6125
12706,18:15:13.427,1994,-0.0261,1.6069
12707,18:15:13.428,1986,-0.0300,1.6004
12708,18:15:13.428,1981,-0.0325,1.5964
12709,18:15:13.429,1991,-0.0276,1.6045
12710,18:15:13.429,1997,-0.0247,1.6093
12711,18:15:13.430,1996,-0.0252,1.6085
12712,18:15:13.430,2002,-0.0222,1.6133
12713,18:15:13.431,2005,-0.0208,1.6158
12714,18:15:13.431,2005,-0.0208,1.6158
12715,18:15:13.432,1994,-0.0261,1.6069
12716,18:15:13.432,1995,-0.0256,1.6077
12717,18:15:13.433,1997,-0.0247,1.6093
12718,18:15:13.433,1998,-0.0242,1.6101
12719,18:15:13.434,1995,-0.0256,1.6077
12720,18:15:13.434,2003,-0.0217,1.6141
12721,18:15:13.435,2011,-0.0178,1.6206
12722,18:15:13.435,2016,-0.0154,1.6246
12723,18:15:13.436,2009,-0.0188,1.6190
12724,18:15:13.436,2000,-0.0232,1.6117
12725,18:15:13.437,1996,-0.0252,1.6085
12726,18:15:13.437,1991,-0.0276,1.6045
12727,18:15:13.438,1987,-0.0295,1.6012
12728,18:15:13.438,1986,-0.0300,1.6004
12729,18:15:13.439,1990,-0.0281,1.6037
12730,18:15:13.439,2002,-0.0222,1.6133
12731,18:15:13.440,2000,-0.0232,1.6117
12732,18:15:13.440,2001,-0.0227,1.6125
12733,18:15:13.441,2005,-0.0208,1.6158
12734,18:15:13.441,2003,-0.0217,1.6141
12735,18:15:13.442,1991,-0.0276,1.6045
12736,18:15:13.442,1993,-0.0266,1.6061
12737,18:15:13.443,2000,-0.0232,1.6117
12738,18:15:13.443,1998,-0.0242,1.6101
12739,18:15:13.444,1999,-0.0237,1.6109
12740,18:15:13.444,2002,-0.0222,1.6133
12741,18:15:13.445,2006,-0.0203,1.6166
12742,18:15:13.445,2006,-0.0203,1.6166
12743,18:15:13.446,2001,-0.0227,1.6125
12744,18:15:13.446,2001,-0.0227,1.6125
12745,18:15:13.447,1990,-0.0281,1.6037
12746,18:15:13.447,1988,-0.0291,1.6021
12747,18:15:13.448,1992,-0.0271,1.6053
12748,18:15:13.448,1994,-0.0261,1.6069
12749,18:15:13.449,1992,-0.0271,1.6053
12750,18:15:13.449,2005,-0.0208,1.6158
12751,18:15:13.450,2003,-0.0217,1.6141
12752,18:15:13.450,1999,-0.0237,1.6109
12753,18:15:13.451,1998,-0.0242,1.6101
12754,18:15:13.451,2004,-0.0212,1.6149
12755,18:15:13.452,1994,-0.0261,1.6069
12756,18:15:13.452,1995,-0.0256,1.6077
12757,18:15:13.453,1998,-0.0242,1.6101
12758,18:15:13.453,2000,-0.0232,1.6117
12759,18:15:13.454,2000,-0.0232,1.6117
12760,18:15:13.454,2000,-0.0232,1.6117
12761,18:15:13.455,2001,-0.0227,1.6125
12762,18:15:13.455,1996,-0.0252,1.6085
12763,18:15:13.456,1993,-0.0266,1.6061
12764,18:15:13.456,1989,-0.0286,1.6029
12765,18:15:13.457,1994,-0.0261,1.6069
12766,18:15:13.457,1990,-0.0281,1.6037
12767,18:15:13.458,1990,-0.0281,1.6037
12768,18:15:13.458,1995,-0.0256,1.6077
12769,18:15:13.459,2000,-0.0232,1.6117
12770,18:15:13.459,2002,-0.0222,1.6133
12771,18:15:13.460,1996,-0.0252,1.6085
12772,18:15:13.460,1997,-0.0247,1.6093
12773,18:15:13.461,1995,-0.0256,1.6077
12774,18:15:13.461,1989,-0.0286,1.6029
12775,18:15:13.462,1991,-0.0276,1.6045
12776,18:15:13.462,1995,-0.0256,1.6077
12777,18:15:13.463,1993,-0.0266,1.6061
12778,18:15:13.463,1998,-0.0242,1.6101
12779,18:15:13.464,1995,-0.0256,1.6077
12780,18:15:13.464,1990,-0.0281,1.6037
12781,18:15:13.465,1991,-0.0276,1.6045
12782,18:15:13.465,1992,-0.0271,1.6053
12783,18:15:13.466,1991,-0.0276,1.6045
12784,18:15:13.466,1984,-0.0310,1.5988
12785,18:15:13.467,1986,-0.0300,1.6004
12786,18:15:13.467,1991,-0.0276,1.6045
12787,18:15:13.468,1992,-0.0271,1.6053
12788,18:15:13.468,1992,-0.0271,1.6053
12789,18:15:13.469,1998,-0.0242,1.6101
12790,18:15:13.469,1992,-0.0271,1.6053
12791,18:15:13.470,1993,-0.0266,1.6061
12792,18:15:13.470,1988,-0.0291,1.6021
12793,18:15:13.471,1989,-0.0286,1.6029
12794,18:15:13.471,1990,-0.0281,1.6037
12795,18:15:13.472,1992,-0.0271,1.6053
12796,18:15:13.472,1989,-0.0286,1.6029
12797,18:15:13.473,1991,-0.0276,1.6045
12798,18:15:13.473,1992,-0.0271,1.6053
12799,18:15:13.474,1994,-0.0261,1.6069
12800,18:15:13.474,1985,-0.0305,1.5996
12801,18:15:13.475,1992,-0.0271,1.6053
12802,18:15:13.475,1990,-0.0281,1.6037
12803,18:15:13.476,1988,-0.0291,1.6021
12804,18:15:13.476,1987,-0.0295,1.6012
12805,18:15:13.477,1989,-0.0286,1.6029
12806,18:15:13.477,1993,-0.0266,1.6061
12807,18:15:13.478,1991,-0.0276,1.6045
12808,18:15:13.478,1992,-0.0271,1.6053
12809,18:15:13.479,1990,-0.0281,1.6037
12810,18:15:13.479,1992,-0.0271,1.6053
12811,18:15:13.480,1990,-0.0281,1.6037
12812,18:15:13.480,1984,-0.0310,1.5988
12813,18:15:13.481,1989,-0.0286,1.6029
12814,18:15:13.481,1986,-0.0300,1.6004
12815,18:15:13.482,1988,-0.0291,1.6021
12816,18:15:13.482,1987,-0.0295,1.6012
12817,18:15:13.483,1988,-0.0291,1.6021
12818,18:15:13.483,1987,-0.0295,1.6012
12819,18:15:13.484,1986,-0.0300,1.6004
12820,18:15:13.484,1983,-0.0315,1.5980
12821,18:15:13.485,1985,-0.0305,1.5996
12822,18:15:13.485,1989,-0.0286,1.6029
12823,18:15:13.486,1987,-0.0295,1.6012
12824,18:15:13.486,1988,-0.0291,1.6021
12825,18:15:13.487,1989,-0.0286,1.6029
12826,18:15:13.487,1988,-0.0291,1.6021
12827,18:15:13.488,1991,-0.0276,1.6045
12828,18:15:13.488,1989,-0.0286,1.6029
12829,18:15:13.489,1988,-0.0291,1.6021
12830,18:15:13.489,1985,-0.0305,1.5996
12831,18:15:13.490,1987,-0.0295,1.6012
12832,18:15:13.490,1987,-0.0295,1.6012
12833,18:15:13.491,1987,-0.0295,1.6012
12834,18:15:13.491,1985,-0.0305,1.5996
12835,18:15:13.492,1990,-0.0281,1.6037
12836,18:15:13.492,1989,-0.0286,1.6029
12837,18:15:13.493,1985,-0.0305,1.5996
12838,18:15:13.493,1985,-0.0305,1.5996
12839,18:15:13.494,1984,-0.0310,1.5988
12840,18:15:13.494,1984,-0.0310,1.5988
12841,18:15:13.495,1988,-0.0291,1.6021
12842,18:15:13.495,1990,-0.0281,1.6037
12843,18:15:13.496,1987,-0.0295,1.6012
12844,18:15:13.496,1992,-0.0271,1.6053
12845,18:15:13.497,1990,-0.0281,1.6037
12846,18:15:13.497,1990,-0.0281,1.6037
12847,18:15:13.498,1988,-0.0291,1.6021
12848,18:15:13.498,1985,-0.0305,1.5996
12849,18:15:13.499,1987,-0.0295,1.6012
12850,18:15:13.499,1985,-0.0305,1.5996
12851,18:15:13.500,1991,-0.0276,1.6045
12852,18:15:13.500,1988,-0.0291,1.6021
12853,18:15:13.501,1985,-0.0305,1.5996
12854,18:15:13.501,1985,-0.0305,1.5996
12855,18:15:13.502,1988,-0.0291,1.6021
12856,18:15:13.502,1987,-0.0295,1.6012
12857,18:15:13.503,1988,-0.0291,1.6021
12858,18:15:13.503,1987,-0.0295,1.6012
12859,18:15:13.504,1988,-0.0291,1.6021
12860,18:15:13.504,1985,-0.0305,1.5996
12861,18:15:13.505,1985,-0.0305,1.5996
12862,18:15:13.505,1989,-0.0286,1.6029
12863,18:15:13.506,1987,-0.0295,1.6012
12864,18:15:13.506,1991,-0.0276,1.6045
12865,18:15:13.507,1987,-0.0295,1.6012
12866,18:15:13.507,1987,-0.0295,1.6012
12867,18:15:13.508,1985,-0.0305,1.5996
12868,18:15:13.508,1987,-0.0295,1.6012
12869,18:15:13.509,1986,-0.0300,1.6004
12870,18:15:13.509,1985,-0.0305,1.5996
12871,18:15:13.510,1989,-0.0286,1.6029
12872,18:15:13.510,1985,-0.0305,1.5996
12873,18:15:13.511,1989,-0.0286,1.6029
12874,18:15:13.511,1985,-0.0305,1.5996
12875,18:15:13.512,1985,-0.0305,1.5996
12876,18:15:13.512,1985,-0.0305,1.5996
12877,18:15:13.513,1985,-0.0305,1.5996
12878,18:15:13.513,1990,-0.0281,1.6037
12879,18:15:13.514,1987,-0.0295,1.6012
12880,18:15:13.514,1987,-0.0295,1.6012
12881,18:15:13.515,1988,-0.0291,1.6021
12882,18:15:13.515,1992,-0.0271,1.6053
12883,18:15:13.516,1985,-0.0305,1.5996
12884,18:15:13.516,1984,-0.0310,1.5988
12885,18:15:13.517,1990,-0.0281,1.6037
12886,18:15:13.517,1991,-0.0276,1.6045
12887,18:15:13.518,1986,-0.0300,1.6004
12888,18:15:13.518,1987,-0.0295,1.6012
12889,18:15:13.519,1989,-0.0286,1.6029
12890,18:15:13.519,1984,-0.0310,1.5988
12891,18:15:13.520,1986,-0.0300,1.6004
12892,18:15:13.520,1989,-0.0286,1.6029
12893,18:15:13.521,1988,-0.0291,1.6021
12894,18:15:13.521,1986,-0.0300,1.6004
12895,18:15:13.522,1986,-0.0300,1.6004
12896,18:15:13.522,1986,-0.0300,1.6004
12897,18:15:13.523,1989,-0.0286,1.6029
12898,18:15:13.523,1988,-0.0291,1.6021
12899,18:15:13.524,1988,-0.0291,1.6021
12900,18:15:13.524,1990,-0.0281,1.6037
12901,18:15:13.525,1986,-0.0300,1.6004
12902,18:15:13.525,1987,-0.0295,1.6012
12903,18:15:13.526,1990,-0.0281,1.6037
12904,18:15:13.526,1986,-0.0300,1.6004
12905,18:15:13.527,1990,-0.0281,1.6037
12906,18:15:13.527,1988,-0.0291,1.6021
12907,18:15:13.528,1988,-0.0291,1.6021
12908,18:15:13.528,1986,-0.0300,1.6004
12909,18:15:13.529,1988,-0.0291,1.6021
12910,18:15:13.529,1986,-0.0300,1.6004
12911,18:15:13.530,1986,-0.0300,1.6004
12912,18:15:13.530,1987,-0.0295,1.6012
12913,18:15:13.531,1988,-0.0291,1.6021
12914,18:15:13.531,1987,-0.0295,1.6012
12915,18:15:13.532,1986,-0.0300,1.6004
12916,18:15:13.532,1990,-0.0281,1.6037
12917,18:15:13.533,1986,-0.0300,1.6004
12918,18:15:13.533,1990,-0.0281,1.6037
12919,18:15:13.534,1989,-0.0286,1.6029
12920,18:15:13.534,1988,-0.0291,1.6021
12921,18:15:13.535,1989,-0.0286,1.6029
12922,18:15:13.535,1985,-0.0305,1.5996
12923,18:15:13.536,1990,-0.0281,1.6037
12924,18:15:13.536,1985,-0.0305,1.5996
12925,18:15:13.537,1988,-0.0291,1.6021
12926,18:15:13.537,1986,-0.0300,1.6004
12927,18:15:13.538,1988,-0.0291,1.6021
12928,18:15:13.538,1985,-0.0305,1.5996
12929,18:15:13.539,1987,-0.0295,1.6012
12930,18:15:13.539,1990,-0.0281,1.6037
12931,18:15:13.540,1987,-0.0295,1.6012
12932,18:15:13.540,1990,-0.0281,1.6037
12933,18:15:13.541,1988,-0.0291,1.6021
12934,18:15:13.541,1986,-0.0300,1.6004
12935,18:15:13.542,1986,-0.0300,1.6004
12936,18:15:13.542,1986,-0.0300,1.6004
12937,18:15:13.543,1988,-0.0291,1.6021
12938,18:15:13.543,1986,-0.0300,1.6004
12939,18:15:13.544,1988,-0.0291,1.6021
12940,18:15:13.544,1985,-0.0305,1.5996
12941,18:15:13.545,1985,-0.0305,1.5996
12942,18:15:13.545,1985,-0.0305,1.5996
12943,18:15:13.546,1987,-0.0295,1.6012
12944,18:15:13.546,1989,-0.0286,1.6029
12945,18:15:13.547,1989,-0.0286,1.6029
12946,18:15:13.547,1986,-0.0300,1.6004
12947,18:15:13.548,1987,-0.0295,1.6012
12948,18:15:13.548,1986,-0.0300,1.6004
12949,18:15:13.549,1984,-0.0310,1.5988
12950,18:15:13.549,1986,-0.0300,1.6004
12951,18:15:13.550,1989,-0.0286,1.6029
12952,18:15:13.550,1987,-0.0295,1.6012
12953,18:15:13.551,1990,-0.0281,1.6037
12954,18:15:13.551,1989,-0.0286,1.6029
12955,18:15:13.552,1987,-0.0295,1.6012
12956,18:15:13.552,1985,-0.0305,1.5996
12957,18:15:13.553,1985,-0.0305,1.5996
12958,18:15:13.553,1985,-0.0305,1.5996
12959,18:15:13.554,1988,-0.0291,1.6021
12960,18:15:13.554,1985,-0.0305,1.5996
12961,18:15:13.555,1985,-0.0305,1.5996
12962,18:15:13.555,1988,-0.0291,1.6021
12963,18:15:13.556,1990,-0.0281,1.6037
12964,18:15:13.556,1986,-0.0300,1.6004
12965,18:15:13.557,1986,-0.0300,1.6004
12966,18:15:13.557,1989,-0.0286,1.6029
12967,18:15:13.558,1985,-0.0305,1.5996
12968,18:15:13.558,1986,-0.0300,1.6004
12969,18:15:13.559,1984,-0.0310,1.5988
12970,18:15:13.559,1988,-0.0291,1.6021
12971,18:15:13.560,1989,-0.0286,1.6029
12972,18:15:13.560,1986,-0.0300,1.6004
12973,18:15:13.561,1988,-0.0291,1.6021
12974,18:15:13.561,1988,-0.0291,1.6021
12975,18:15:13.562,1985,-0.0305,1.5996
12976,18:15:13.562,1985,-0.0305,1.5996
12977,18:15:13.563,1985,-0.0305,1.5996
12978,18:15:13.563,1987,-0.0295,1.6012
12979,18:15:13.564,1990,-0.0281,1.6037
12980,18:15:13.564,1989,-0.0286,1.6029
12981,18:15:13.565,1985,-0.0305,1.5996
12982,18:15:13.565,1986,-0.0300,1.6004
12983,18:15:13.566,1990,-0.0281,1.6037
12984,18:15:13.566,1988,-0.0291,1.6021
12985,18:15:13.567,1985,-0.0305,1.5996
12986,18:15:13.567,1988,-0.0291,1.6021
12987,18:15:13.568,1985,-0.0305,1.5996
12988,18:15:13.568,1989,-0.0286,1.6029
12989,18:15:13.569,1989,-0.0286,1.6029
12990,18:15:13.569,1989,-0.0286,1.6029
12991,18:15:13.570,1985,-0.0305,1.5996
12992,18:15:13.570,1984,-0.0310,1.5988
12993,18:15:13.571,1983,-0.0315,1.5980
12994,18:15:13.571,1985,-0.0305,1.5996
12995,18:15:13.572,1989,-0.0286,1.6029
12996,18:15:13.572,1984,-0.0310,1.5988
12997,18:15:13.573,1986,-0.0300,1.6004
12998,18:15:13.573,1988,-0.0291,1.6021
12999,18:15:13.574,1988,-0.0291,1.6021
13000,18:15:13.574,1987,-0.0295,1.6012
13001,18:15:13.575,1986,-0.0300,1.6004
13002,18:15:13.575,1988,-0.0291,1.6021
13003,18:15:13.576,1990,-0.0281,1.6037
13004,18:15:13.576,1986,-0.0300,1.6004
13005,18:15:13.577,1988,-0.0291,1.6021
13006,18:15:13.577,1985,-0.0305,1.5996
13007,18:15:13.578,1983,-0.0315,1.5980
13008,18:15:13.578,1984,-0.0310,1.5988
13009,18:15:13.579,1984,-0.0310,1.5988
13010,18:15:13.579,1982,-0.0320,1.5972
13011,18:15:13.580,1982,-0.0320,1.5972
13012,18:15:13.580,1984,-0.0310,1.5988
13013,18:15:13.581,1981,-0.0325,1.5964
13014,18:15:13.581,1984,-0.0310,1.5988
13015,18:15:13.582,1981,-0.0325,1.5964
13016,18:15:13.582,1984,-0.0310,1.5988
13017,18:15:13.583,1983,-0.0315,1.5980
13018,18:15:13.583,1985,-0.0305,1.5996
13019,18:15:13.584,1983,-0.0315,1.5980
13020,18:15:13.584,1983,-0.0315,1.5980
13021,18:15:13.585,1982,-0.0320,1.5972
13022,18:15:13.585,1980,-0.0330,1.5956
13023,18:15:13.586,1981,-0.0325,1.5964
13024,18:15:13.586,1979,-0.0335,1.5948
13025,18:15:13.587,1981,-0.0325,1.5964
13026,18:15:13.587,1977,-0.0344,1.5932
13027,18:15:13.588,1978,-0.0339,1.5940
13028,18:15:13.588,1981,-0.0325,1.5964
13029,18:15:13.589,1977,-0.0344,1.5932
13030,18:15:13.589,1978,-0.0339,1.5940
13031,18:15:13.590,1978,-0.0339,1.5940
13032,18:15:13.590,1978,-0.0339,1.5940
13033,18:15:13.591,1980,-0.0330,1.5956
13034,18:15:13.591,1977,-0.0344,1.5932
13035,18:15:13.592,1980,-0.0330,1.5956
13036,18:15:13.592,1974,-0.0359,1.5908
13037,18:15:13.593,1979,-0.0335,1.5948
13038,18:15:13.593,1977,-0.0344,1.5932
13039,18:15:13.594,1978,-0.0339,1.5940
13040,18:15:13.594,1975,-0.0354,1.5916
13041,18:15:13.595,1976,-0.0349,1.5924
13042,18:15:13.595,1978,-0.0339,1.5940
13043,18:15:13.596,1975,-0.0354,1.5916
13044,18:15:13.596,1974,-0.0359,1.5908
13045,18:15:13.597,1978,-0.0339,1.5940
13046,18:15:13.597,1977,-0.0344,1.5932
13047,18:15:13.598,1976,-0.0349,1.5924
13048,18:15:13.598,1973,-0.0364,1.5900
13049,18:15:13.599,1974,-0.0359,1.5908
13050,18:15:13.599,1975,-0.0354,1.5916
13051,18:15:13.600,1976,-0.0349,1.5924
13052,18:15:13.600,1974,-0.0359,1.5908
13053,18:15:13.601,1975,-0.0354,1.5916
13054,18:15:13.601,1973,-0.0364,1.5900
13055,18:15:13.602,1973,-0.0364,1.5900
13056,18:15:13.602,1973,-0.0364,1.5900
13057,18:15:13.603,1973,-0.0364,1.5900
13058,18:15:13.603,1973,-0.0364,1.5900
13059,18:15:13.604,1976,-0.0349,1.5924
13060,18:15:13.604,1974,-0.0359,1.5908
13061,18:15:13.605,1973,-0.0364,1.5900
13062,18:15:13.605,1974,-0.0359,1.5908
13063,18:15:13.606,1974,-0.0359,1.5908
13064,18:15:13.606,1971,-0.0374,1.5884
13065,18:15:13.607,1973,-0.0364,1.5900
13066,18:15:13.607,1975,-0.0354,1.5916
13067,18:15:13.608,1972,-0.0369,1.5892
13068,18:15:13.608,1973,-0.0364,1.5900
13069,18:15:13.609,1972,-0.0369,1.5892
13070,18:15:13.609,1972,-0.0369,1.5892
13071,18:15:13.610,1974,-0.0359,1.5908
13072,18:15:13.610,1971,-0.0374,1.5884
13073,18:15:13.611,1976,-0.0349,1.5924
13074,18:15:13.611,1973,-0.0364,1.5900
13075,18:15:13.612,1972,-0.0369,1.5892
13076,18:15:13.612,1969,-0.0383,1.5867
13077,18:15:13.613,1971,-0.0374,1.5884
13078,18:15:13.613,1975,-0.0354,1.5916
13079,18:15:13.614,1974,-0.0359,1.5908
13080,18:15:13.614,1975,-0.0354,1.5916
13081,18:15:13.615,1973,-0.0364,1.5900
13082,18:15:13.615,1974,-0.0359,1.5908
13083,18:15:13.616,1973,-0.0364,1.5900
13084,18:15:13.616,1970,-0.0379,1.5875
13085,18:15:13.617,1974,-0.0359,1.5908
13086,18:15:13.617,1974,-0.0359,1.5908
13087,18:15:13.618,1973,-0.0364,1.5900
13088,18:15:13.618,1974,-0.0359,1.5908
13089,18:15:13.619,1973,-0.0364,1.5900
13090,18:15:13.619,1972,-0.0369,1.5892
13091,18:15:13.620,1973,-0.0364,1.5900
13092,18:15:13.620,1974,-0.0359,1.5908
13093,18:15:13.621,1971,-0.0374,1.5884
13094,18:15:13.621,1973,-0.0364,1.5900
13095,18:15:13.622,1971,-0.0374,1.5884
13096,18:15:13.622,1974,-0.0359,1.5908
13097,18:15:13.623,1974,-0.0359,1.5908
13098,18:15:13.623,1974,-0.0359,1.5908
13099,18:15:13.624,1974,-0.0359,1.5908
13100,18:15:13.624,1974,-0.0359,1.5908
13101,18:15:13.625,1973,-0.0364,1.5900
13102,18:15:13.625,1971,-0.0374,1.5884
13103,18:15:13.626,1972,-0.0369,1.5892
13104,18:15:13.626,1973,-0.0364,1.5900
13105,18:15:13.627,1972,-0.0369,1.5892
13106,18:15:13.627,1970,-0.0379,1.5875
13107,18:15:13.628,1975,-0.0354,1.5916
13108,18:15:13.628,1969,-0.0383,1.5867
13109,18:15:13.629,1971,-0.0374,1.5884
13110,18:15:13.629,1970,-0.0379,1.5875
13111,18:15:13.630,1969,-0.0383,1.5867
13112,18:15:13.630,1971,-0.0374,1.5884
13113,18:15:13.631,1972,-0.0369,1.5892
13114,18:15:13.631,1971,-0.0374,1.5884
13115,18:15:13.632,1971,-0.0374,1.5884
13116,18:15:13.632,1969,-0.0383,1.5867
13117,18:15:13.633,1972,-0.0369,1.5892
13118,18:15:13.633,1971,-0.0374,1.5884
13119,18:15:13.634,1971,-0.0374,1.5884
13120,18:15:13.634,1970,-0.0379,1.5875
13121,18:15:13.635,1969,-0.0383,1.5867
13122,18:15:13.635,1975,-0.0354,1.5916
13123,18:15:13.636,1973,-0.0364,1.5900
13124,18:15:13.636,1973,-0.0364,1.5900
13125,18:15:13.637,1971,-0.0374,1.5884
13126,18:15:13.637,1973,-0.0364,1.5900
13127,18:15:13.638,1972,-0.0369,1.5892
13128,18:15:13.638,1971,-0.0374,1.5884
13129,18:15:13.639,1970,-0.0379,1.5875
13130,18:15:13.639,1972,-0.0369,1.5892
13131,18:15:13.640,1974,-0.0359,1.5908
13132,18:15:13.640,1974,-0.0359,1.5908
13133,18:15:13.641,1975,-0.0354,1.5916
13134,18:15:13.641,1973,-0.0364,1.5900
13135,18:15:13.642,1973,-0.0364,1.5900
13136,18:15:13.642,1969,-0.0383,1.5867
13137,18:15:13.643,1974,-0.0359,1.5908
13138,18:15:13.643,1971,-0.0374,1.5884
13139,18:15:13.644,1972,-0.0369,1.5892
13140,18:15:13.644,1970,-0.0379,1.5875
13141,18:15:13.645,1974,-0.0359,1.5908
13142,18:15:13.645,1971,-0.0374,1.5884
13143,18:15:13.646,1972,-0.0369,1.5892
13144,18:15:13.646,1973,-0.0364,1.5900
13145,18:15:13.647,1974,-0.0359,1.5908
13146,18:15:13.647,1971,-0.0374,1.5884
13147,18:15:13.648,1971,-0.0374,1.5884
13148,18:15:13.648,1969,-0.0383,1.5867
13149,18:15:13.649,1974,-0.0359,1.5908
13150,18:15:13.649,1974,-0.0359,1.5908
13151,18:15:13.650,1969,-0.0383,1.5867
13152,18:15:13.650,1971,-0.0374,1.5884
13153,18:15:13.651,1971,-0.0374,1.5884
13154,18:15:13.651,1968,-0.0388,1.5859
13155,18:15:13.652,1970,-0.0379,1.5875
13156,18:15:13.652,1969,-0.0383,1.5867
13157,18:15:13.653,1966,-0.0398,1.5843
13158,18:15:13.653,1964,-0.0408,1.5827
13159,18:15:13.654,1966,-0.0398,1.5843
13160,18:15:13.654,1963,-0.0413,1.5819
13161,18:15:13.655,1968,-0.0388,1.5859
13162,18:15:13.655,1963,-0.0413,1.5819
13163,18:15:13.656,1965,-0.0403,1.5835
13164,18:15:13.656,1965,-0.0403,1.5835
13165,18:15:13.657,1961,-0.0422,1.5803
13166,18:15:13.657,1964,-0.0408,1.5827
13167,18:15:13.658,1961,-0.0422,1.5803
13168,18:15:13.658,1960,-0.0427,1.5795
13169,18:15:13.659,1963,-0.0413,1.5819
13170,18:15:13.659,1960,-0.0427,1.5795
13171,18:15:13.660,1961,-0.0422,1.5803
13172,18:15:13.660,1959,-0.0432,1.5787
13173,18:15:13.661,1958,-0.0437,1.5779
13174,18:15:13.661,1958,-0.0437,1.5779
13175,18:15:13.662,1958,-0.0437,1.5779
13176,18:15:13.662,1959,-0.0432,1.5787
13177,18:15:13.663,1958,-0.0437,1.5779
13178,18:15:13.663,1960,-0.0427,1.5795
13179,18:15:13.664,1958,-0.0437,1.5779
13180,18:15:13.664,1957,-0.0442,1.5771
13181,18:15:13.665,1958,-0.0437,1.5779
13182,18:15:13.665,1959,-0.0432,1.5787
13183,18:15:13.666,1962,-0.0418,1.5811
13184,18:15:13.666,1955,-0.0452,1.5755
13185,18:15:13.667,1957,-0.0442,1.5771
13186,18:15:13.667,1959,-0.0432,1.5787
13187,18:15:13.668,1961,-0.0422,1.5803
13188,18:15:13.668,1959,-0.0432,1.5787
13189,18:15:13.669,1955,-0.0452,1.5755
13190,18:15:13.669,1959,-0.0432,1.5787
13191,18:15:13.670,1956,-0.0447,1.5763
13192,18:15:13.670,1958,-0.0437,1.5779
13193,18:15:13.671,1957,-0.0442,1.5771
13194,18:15:13.671,1959,-0.0432,1.5787
13195,18:15:13.672,1956,-0.0447,1.5763
13196,18:15:13.672,1955,-0.0452,1.5755
13197,18:15:13.673,1958,-0.0437,1.5779
13198,18:15:13.673,1955,-0.0452,1.5755
13199,18:15:13.674,1958,-0.0437,1.5779
13200,18:15:13.674,1953,-0.0462,1.5738
13201,18:15:13.675,1956,-0.0447,1.5763
13202,18:15:13.675,1956,-0.0447,1.5763
13203,18:15:13.676,1954,-0.0457,1.5747
13204,18:15:13.676,1957,-0.0442,1.5771
13205,18:15:13.677,1955,-0.0452,1.5755
13206,18:15:13.677,1951,-0.0471,1.5722
13207,18:15:13.678,1956,-0.0447,1.5763
13208,18:15:13.678,1957,-0.0442,1.5771
13209,18:15:13.679,1955,-0.0452,1.5755
13210,18:15:13.679,1954,-0.0457,1.5747
13211,18:15:13.680,1956,-0.0447,1.5763
13212,18:15:13.680,1959,-0.0432,1.5787
13213,18:15:13.681,1957,-0.0442,1.5771
13214,18:15:13.681,1958,-0.0437,1.5779
13215,18:15:13.682,1958,-0.0437,1.5779
13216,18:15:13.682,1960,-0.0427,1.5795
13217,18:15:13.683,1961,-0.0422,1.5803
13218,18:15:13.683,1962,-0.0418,1.5811
13219,18:15:13.684,1963,-0.0413,1.5819
13220,18:15:13.684,1963,-0.0413,1.5819
13221,18:15:13.685,1962,-0.0418,1.5811
13222,18:15:13.685,1963,-0.0413,1.5819
13223,18:15:13.686,1961,-0.0422,1.5803
13224,18:15:13.686,1961,-0.0422,1.5803
13225,18:15:13.687,1961,-0.0422,1.5803
13226,18:15:13.687,1965,-0.0403,1.5835
13227,18:15:13.688,1962,-0.0418,1.5811
13228,18:15:13.688,1967,-0.0393,1.5851
13229,18:15:13.689,1962,-0.0418,1.5811
13230,18:15:13.689,1966,-0.0398,1.5843
13231,18:15:13.690,1962,-0.0418,1.5811
13232,18:15:13.690,1963,-0.0413,1.5819
13233,18:15:13.691,1965,-0.0403,1.5835
13234,18:15:13.691,1962,-0.0418,1.5811
13235,18:15:13.692,1965,-0.0403,1.5835
13236,18:15:13.692,1965,-0.0403,1.5835
13237,18:15:13.693,1963,-0.0413,1.5819
13238,18:15:13.693,1975,-0.0354,1.5916
13239,18:15:13.694,1935,-0.0549,1.5593
13240,18:15:13.694,1966,-0.0398,1.5843
13241,18:15:13.695,1950,-0.0476,1.5714
13242,18:15:13.695,1983,-0.0315,1.5980
13243,18:15:13.696,1953,-0.0462,1.5738
13244,18:15:13.696,1991,-0.0276,1.6045
13245,18:15:13.697,1955,-0.0452,1.5755
13246,18:15:13.697,1966,-0.0398,1.5843
13247,18:15:13.698,1973,-0.0364,1.5900
13248,18:15:13.698,1940,-0.0525,1.5634
13249,18:15:13.699,1930,-0.0574,1.5553
13250,18:15:13.699,2049,0.0007,1.6512
13251,18:15:13.700,1983,-0.0315,1.5980
13252,18:15:13.700,1898,-0.0730,1.5295
13253,18:15:13.701,1926,-0.0593,1.5521
13254,18:15:13.701,2093,0.0222,1.6867
13255,18:15:13.702,1941,-0.0520,1.5642
13256,18:15:13.702,2040,-0.0037,1.6440
13257,18:15:13.703,1957,-0.0442,1.5771
13258,18:15:13.703,949,-0.5365,0.7648
13259,18:15:13.704,1855,-0.0940,1.4949
13260,18:15:13.704,1945,-0.0501,1.5674
13261,18:15:13.705,1460,-0.2869,1.1766
13262,18:15:13.705,1727,-0.1565,1.3917
13263,18:15:13.706,1844,-0.0994,1.4860
13264,18:15:13.706,1806,-0.1179,1.4554
13265,18:15:13.707,1882,-0.0808,1.5166
13266,18:15:13.707,1813,-0.1145,1.4610
13267,18:15:13.708,1863,-0.0901,1.5013
13268,18:15:13.708,1702,-0.1687,1.3716
13269,18:15:13.709,1749,-0.1458,1.4095
13270,18:15:13.709,1809,-0.1165,1.4578
13271,18:15:13.710,1787,-0.1272,1.4401
13272,18:15:13.710,1674,-0.1824,1.3490
13273,18:15:13.711,1751,-0.1448,1.4111
13274,18:15:13.711,1809,-0.1165,1.4578
13275,18:15:13.712,1779,-0.1311,1.4336
13276,18:15:13.712,1862,-0.0906,1.5005
13277,18:15:13.713,1846,-0.0984,1.4876
13278,18:15:13.713,1730,-0.1551,1.3941
13279,18:15:13.714,1685,-0.1770,1.3579
13280,18:15:13.714,1830,-0.1062,1.4747
13281,18:15:13.715,1836,-0.1033,1.4796
13282,18:15:13.715,1714,-0.1629,1.3812
13283,18:15:13.716,1806,-0.1179,1.4554
13284,18:15:13.716,1798,-0.1219,1.4489
13285,18:15:13.717,1889,-0.0774,1.5223
13286,18:15:13.717,1839,-0.1018,1.4820
13287,18:15:13.718,1854,-0.0945,1.4941
13288,18:15:13.718,1768,-0.1365,1.4248
13289,18:15:13.719,1724,-0.1580,1.3893
13290,18:15:13.719,1818,-0.1121,1.4651
13291,18:15:13.720,1766,-0.1375,1.4232
13292,18:15:13.720,1711,-0.1643,1.3788
13293,18:15:13.721,1766,-0.1375,1.4232
13294,18:15:13.721,1818,-0.1121,1.4651
13295,18:15:13.722,1754,-0.1433,1.4135
13296,18:15:13.722,1829,-0.1067,1.4739
13297,18:15:13.723,1827,-0.1077,1.4723
13298,18:15:13.723,1777,-0.1321,1.4320
13299,18:15:13.724,1679,-0.1800,1.3530
13300,18:15:13.724,1810,-0.1160,1.4586
13301,18:15:13.725,1806,-0.1179,1.4554
13302,18:15:13.725,1704,-0.1678,1.3732
13303,18:15:13.726,1798,-0.1219,1.4489
13304,18:15:13.726,1775,-0.1331,1.4304
13305,18:15:13.727,1867,-0.0882,1.5045
13306,18:15:13.727,1817,-0.1126,1.4642
13307,18:15:13.728,1852,-0.0955,1.4925
13308,18:15:13.728,1799,-0.1214,1.4497
13309,18:15:13.729,1692,-0.1736,1.3635
13310,18:15:13.729,1787,-0.1272,1.4401
13311,18:15:13.730,1741,-0.1497,1.4030
13312,18:15:13.730,1708,-0.1658,1.3764
13313,18:15:13.731,1754,-0.1433,1.4135
13314,18:15:13.731,1776,-0.1326,1.4312
13315,18:15:13.732,1708,-0.1658,1.3764
13316,18:15:13.732,1738,-0.1512,1.4006
13317,18:15:13.733,1745,-0.1477,1.4062
13318,18:15:13.733,1708,-0.1658,1.3764
13319,18:15:13.734,1591,-0.2230,1.2821
13320,18:15:13.734,1681,-0.1790,1.3547
13321,18:15:13.735,1708,-0.1658,1.3764
13322,18:15:13.735,1626,-0.2059,1.3103
13323,18:15:13.736,1718,-0.1609,1.3845
13324,18:15:13.736,1688,-0.1756,1.3603
13325,18:15:13.737,1736,-0.1521,1.3990
13326,18:15:13.737,1709,-0.1653,1.3772
13327,18:15:13.738,1765,-0.1380,1.4223
13328,18:15:13.738,1741,-0.1497,1.4030
13329,18:15:13.739,1587,-0.2249,1.2789
13330,18:15:13.739,1680,-0.1795,1.3538
13331,18:15:13.740,1671,-0.1839,1.3466
13332,18:15:13.740,1632,-0.2029,1.3152
13333,18:15:13.741,1667,-0.1858,1.3434
13334,18:15:13.741,1692,-0.1736,1.3635
13335,18:15:13.742,1627,-0.2054,1.3111
13336,18:15:13.742,1678,-0.1805,1.3522
13337,18:15:13.743,1721,-0.1595,1.3869
13338,18:15:13.743,1730,-0.1551,1.3941
13339,18:15:13.744,1599,-0.2190,1.2886
13340,18:15:13.744,1659,-0.1897,1.3369
13341,18:15:13.745,1692,-0.1736,1.3635
13342,18:15:13.745,1615,-0.2112,1.3015
13343,18:15:13.746,1696,-0.1717,1.3667
13344,18:15:13.746,1692,-0.1736,1.3635
13345,18:15:13.747,1693,-0.1731,1.3643
13346,18:15:13.747,1677,-0.1810,1.3514
13347,18:15:13.748,1738,-0.1512,1.4006
13348,18:15:13.748,1760,-0.1404,1.4183
13349,18:15:13.749,1619,-0.2093,1.3047
13350,18:15:13.749,1693,-0.1731,1.3643
13351,18:15:13.750,1700,-0.1697,1.3700
13352,18:15:13.750,1669,-0.1849,1.3450
13353,18:15:13.751,1714,-0.1629,1.3812
13354,18:15:13.751,1766,-0.1375,1.4232
13355,18:15:13.752,1721,-0.1595,1.3869
13356,18:15:13.752,1728,-0.1560,1.3925
13357,18:15:13.753,1807,-0.1175,1.4562
13358,18:15:13.753,1847,-0.0979,1.4884
13359,18:15:13.754,1733,-0.1536,1.3966
13360,18:15:13.754,1763,-0.1389,1.4207
13361,18:15:13.755,1800,-0.1209,1.4505
13362,18:15:13.755,1742,-0.1492,1.4038
13363,18:15:13.756,1803,-0.1194,1.4530
13364,18:15:13.756,1837,-0.1028,1.4804
13365,18:15:13.757,1823,-0.1096,1.4691
13366,18:15:13.757,1817,-0.1126,1.4642
13367,18:15:13.758,1859,-0.0921,1.4981
13368,18:15:13.758,1897,-0.0735,1.5287
13369,18:15:13.759,1782,-0.1297,1.4360
13370,18:15:13.759,1826,-0.1082,1.4715
13371,18:15:13.760,1836,-0.1033,1.4796
13372,18:15:13.760,1767,-0.1370,1.4240
13373,18:15:13.761,1806,-0.1179,1.4554
13374,18:15:13.761,1860,-0.0916,1.4989
13375,18:15:13.762,1833,-0.1048,1.4771
13376,18:15:13.762,1797,-0.1223,1.4481
13377,18:15:13.763,1878,-0.0828,1.5134
13378,18:15:13.763,1931,-0.0569,1.5561
13379,18:15:13.764,1821,-0.1106,1.4675
13380,18:15:13.764,1806,-0.1179,1.4554
13381,18:15:13.765,1855,-0.0940,1.4949
13382,18:15:13.765,1819,-0.1116,1.4659
13383,18:15:13.766,1835,-0.1038,1.4788
13384,18:15:13.766,1881,-0.0813,1.5158
13385,18:15:13.767,1880,-0.0818,1.5150
13386,18:15:13.767,1889,-0.0774,1.5223
13387,18:15:13.768,1913,-0.0657,1.5416
13388,18:15:13.768,1969,-0.0383,1.5867
13389,18:15:13.769,1881,-0.0813,1.5158
13390,18:15:13.769,1889,-0.0774,1.5223
13391,18:15:13.770,1903,-0.0706,1.5336
13392,18:15:13.770,1825,-0.1087,1.4707
13393,18:15:13.771,1862,-0.0906,1.5005
13394,18:15:13.771,1929,-0.0579,1.5545
13395,18:15:13.772,1924,-0.0603,1.5505
13396,18:15:13.772,1867,-0.0882,1.5045
13397,18:15:13.773,1939,-0.0530,1.5626
13398,18:15:13.773,1995,-0.0256,1.6077
13399,18:15:13.774,1917,-0.0637,1.5448
13400,18:15:13.774,1894,-0.0750,1.5263
13401,18:15:13.775,1945,-0.0501,1.5674
13402,18:15:13.775,1925,-0.0598,1.5513
13403,18:15:13.776,1900,-0.0720,1.5311
13404,18:15:13.776,1964,-0.0408,1.5827
13405,18:15:13.777,1965,-0.0403,1.5835
13406,18:15:13.777,1970,-0.0379,1.5875
13407,18:15:13.778,1964,-0.0408,1.5827
13408,18:15:13.778,2016,-0.0154,1.6246
13409,18:15:13.779,1968,-0.0388,1.5859
13410,18:15:13.779,1951,-0.0471,1.5722
13411,18:15:13.780,1967,-0.0393,1.5851
13412,18:15:13.780,1877,-0.0833,1.5126
13413,18:15:13.781,1892,-0.0759,1.5247
13414,18:15:13.781,1943,-0.0510,1.5658
13415,18:15:13.782,1963,-0.0413,1.5819
13416,18:15:13.782,1894,-0.0750,1.5263
13417,18:15:13.783,1936,-0.0545,1.5601
13418,18:15:13.783,1986,-0.0300,1.6004
13419,18:15:13.784,1949,-0.0481,1.5706
13420,18:15:13.784,1929,-0.0579,1.5545
13421,18:15:13.785,1964,-0.0408,1.5827
13422,18:15:13.785,1955,-0.0452,1.5755
13423,18:15:13.786,1888,-0.0779,1.5215
13424,18:15:13.786,1956,-0.0447,1.5763
13425,18:15:13.787,1970,-0.0379,1.5875
13426,18:15:13.787,1981,-0.0325,1.5964
13427,18:15:13.788,1947,-0.0491,1.5690
13428,18:15:13.788,1984,-0.0310,1.5988
13429,18:15:13.789,1944,-0.0505,1.5666
13430,18:15:13.789,1909,-0.0676,1.5384
13431,18:15:13.790,1949,-0.0481,1.5706
13432,18:15:13.790,1891,-0.0764,1.5239
13433,18:15:13.791,1871,-0.0862,1.5078
13434,18:15:13.791,1900,-0.0720,1.5311
13435,18:15:13.792,1968,-0.0388,1.5859
13436,18:15:13.792,1917,-0.0637,1.5448
13437,18:15:13.793,1932,-0.0564,1.5569
13438,18:15:13.793,1972,-0.0369,1.5892
13439,18:15:13.794,1968,-0.0388,1.5859
13440,18:15:13.794,1940,-0.0525,1.5634
13441,18:15:13.795,1954,-0.0457,1.5747
13442,18:15:13.795,1975,-0.0354,1.5916
13443,18:15:13.796,1898,-0.0730,1.5295
13444,18:15:13.796,1961,-0.0422,1.5803
13445,18:15:13.797,1977,-0.0344,1.5932
13446,18:15:13.797,1996,-0.0252,1.6085
13447,18:15:13.798,1983,-0.0315,1.5980
13448,18:15:13.798,2006,-0.0203,1.6166
13449,18:15:13.799,1994,-0.0261,1.6069
13450,18:15:13.799,1954,-0.0457,1.5747
13451,18:15:13.800,1983,-0.0315,1.5980
13452,18:15:13.800,1962,-0.0418,1.5811
13453,18:15:13.801,1912,-0.0662,1.5408
13454,18:15:13.801,1906,-0.0691,1.5360
13455,18:15:13.802,1987,-0.0295,1.6012
13456,18:15:13.802,1955,-0.0452,1.5755
13457,18:15:13.803,1948,-0.0486,1.5698
13458,18:15:13.803,1973,-0.0364,1.5900
13459,18:15:13.804,1994,-0.0261,1.6069
13460,18:15:13.804,1949,-0.0481,1.5706
13461,18:15:13.805,1931,-0.0569,1.5561
13462,18:15:13.805,1980,-0.0330,1.5956
13463,18:15:13.806,1917,-0.0637,1.5448
13464,18:15:13.806,1950,-0.0476,1.5714
13465,18:15:13.807,1960,-0.0427,1.5795
13466,18:15:13.807,1990,-0.0281,1.6037
13467,18:15:13.808,1990,-0.0281,1.6037
13468,18:15:13.808,1997,-0.0247,1.6093
13469,18:15:13.809,1992,-0.0271,1.6053
13470,18:15:13.809,1953,-0.0462,1.5738
13471,18:15:13.810,1966,-0.0398,1.5843
13472,18:15:13.810,1970,-0.0379,1.5875
13473,18:15:13.811,1917,-0.0637,1.5448
13474,18:15:13.811,1895,-0.0745,1.5271
13475,18:15:13.812,1968,-0.0388,1.5859
13476,18:15:13.812,1958,-0.0437,1.5779
13477,18:15:13.813,1944,-0.0505,1.5666
13478,18:15:13.813,1968,-0.0388,1.5859
13479,18:15:13.814,2014,-0.0164,1.6230
13480,18:15:13.814,1971,-0.0374,1.5884
13481,18:15:13.815,1956,-0.0447,1.5763
13482,18:15:13.815,1981,-0.0325,1.5964
13483,18:15:13.816,1931,-0.0569,1.5561
13484,18:15:13.816,1934,-0.0554,1.5585
13485,18:15:13.817,1925,-0.0598,1.5513
13486,18:15:13.817,1962,-0.0418,1.5811
13487,18:15:13.818,1986,-0.0300,1.6004
13488,18:15:13.818,1977,-0.0344,1.5932
13489,18:15:13.819,1985,-0.0305,1.5996
13490,18:15:13.819,1954,-0.0457,1.5747
13491,18:15:13.820,1954,-0.0457,1.5747
13492,18:15:13.820,1968,-0.0388,1.5859
13493,18:15:13.821,1914,-0.0652,1.5424
13494,18:15:13.821,1871,-0.0862,1.5078
13495,18:15:13.822,1927,-0.0589,1.5529
13496,18:15:13.822,1934,-0.0554,1.5585
13497,18:15:13.823,1925,-0.0598,1.5513
13498,18:15:13.823,1930,-0.0574,1.5553
13499,18:15:13.824,1988,-0.0291,1.6021
13500,18:15:13.824,1954,-0.0457,1.5747
13501,18:15:13.825,1886,-0.0789,1.5199
13502,18:15:13.825,1938,-0.0535,1.5618
13503,18:15:13.826,1925,-0.0598,1.5513
13504,18:15:13.826,1906,-0.0691,1.5360
13505,18:15:13.827,1876,-0.0838,1.5118
13506,18:15:13.827,1908,-0.0681,1.5376
13507,18:15:13.828,1947,-0.0491,1.5690
13508,18:15:13.828,1917,-0.0637,1.5448
13509,18:15:13.829,1936,-0.0545,1.5601
13510,18:15:13.829,1909,-0.0676,1.5384
13511,18:15:13.830,1880,-0.0818,1.5150
13512,18:15:13.830,1894,-0.0750,1.5263
13513,18:15:13.831,1870,-0.0867,1.5070
13514,18:15:13.831,1831,-0.1057,1.4755
13515,18:15:13.832,1858,-0.0926,1.4973
13516,18:15:13.832,1866,-0.0886,1.5037
13517,18:15:13.833,1862,-0.0906,1.5005
13518,18:15:13.833,1835,-0.1038,1.4788
13519,18:15:13.834,1870,-0.0867,1.5070
13520,18:15:13.834,1838,-0.1023,1.4812
13521,18:15:13.835,1760,-0.1404,1.4183
13522,18:15:13.835,1773,-0.1341,1.4288
13523,18:15:13.836,1769,-0.1360,1.4256
13524,18:15:13.836,1740,-0.1502,1.4022
13525,18:15:13.837,1694,-0.1726,1.3651
13526,18:15:13.837,1701,-0.1692,1.3708
13527,18:15:13.838,1743,-0.1487,1.4046
13528,18:15:13.838,1713,-0.1634,1.3804
13529,18:15:13.839,1740,-0.1502,1.4022
13530,18:15:13.839,1738,-0.1512,1.4006
13531,18:15:13.840,1704,-0.1678,1.3732
13532,18:15:13.840,1719,-0.1604,1.3853
13533,18:15:13.841,1716,-0.1619,1.3829
13534,18:15:13.841,1682,-0.1785,1.3555
13535,18:15:13.842,1678,-0.1805,1.3522
13536,18:15:13.842,1698,-0.1707,1.3684
13537,18:15:13.843,1727,-0.1565,1.3917
13538,18:15:13.843,1694,-0.1726,1.3651
13539,18:15:13.844,1755,-0.1429,1.4143
13540,18:15:13.844,1771,-0.1350,1.4272
13541,18:15:13.845,1730,-0.1551,1.3941
13542,18:15:13.845,1739,-0.1507,1.4014
13543,18:15:13.846,1763,-0.1389,1.4207
13544,18:15:13.846,1753,-0.1438,1.4127
13545,18:15:13.847,1740,-0.1502,1.4022
13546,18:15:13.847,1753,-0.1438,1.4127
13547,18:15:13.848,1808,-0.1170,1.4570
13548,18:15:13.848,1789,-0.1263,1.4417
13549,18:15:13.849,1827,-0.1077,1.4723
13550,18:15:13.849,1833,-0.1048,1.4771
13551,18:15:13.850,1795,-0.1233,1.4465
13552,18:15:13.850,1802,-0.1199,1.4522
13553,18:15:13.851,1819,-0.1116,1.4659
13554,18:15:13.851,1781,-0.1302,1.4352
13555,18:15:13.852,1768,-0.1365,1.4248
13556,18:15:13.852,1796,-0.1228,1.4473
13557,18:15:13.853,1838,-0.1023,1.4812
13558,18:15:13.853,1798,-0.1219,1.4489
13559,18:15:13.854,1836,-0.1033,1.4796
13560,18:15:13.854,1875,-0.0842,1.5110
13561,18:15:13.855,1844,-0.0994,1.4860
13562,18:15:13.855,1816,-0.1131,1.4634
13563,18:15:13.856,1845,-0.0989,1.4868
13564,18:15:13.856,1838,-0.1023,1.4812
13565,18:15:13.857,1821,-0.1106,1.4675
13566,18:15:13.857,1816,-0.1131,1.4634
13567,18:15:13.858,1858,-0.0926,1.4973
13568,18:15:13.858,1850,-0.0965,1.4908
13569,18:15:13.859,1878,-0.0828,1.5134
13570,18:15:13.859,1894,-0.0750,1.5263
13571,18:15:13.860,1863,-0.0901,1.5013
13572,18:15:13.860,1856,-0.0935,1.4957
13573,18:15:13.861,1869,-0.0872,1.5062
13574,18:15:13.861,1852,-0.0955,1.4925
13575,18:15:13.862,1824,-0.1092,1.4699
13576,18:15:13.862,1840,-0.1013,1.4828
13577,18:15:13.863,1873,-0.0852,1.5094
13578,18:15:13.863,1828,-0.1072,1.4731
13579,18:15:13.864,1860,-0.0916,1.4989
13580,18:15:13.864,1914,-0.0652,1.5424
13581,18:15:13.865,1906,-0.0691,1.5360
13582,18:15:13.865,1858,-0.0926,1.4973
13583,18:15:13.866,1885,-0.0794,1.5190
13584,18:15:13.866,1889,-0.0774,1.5223
13585,18:15:13.867,1883,-0.0803,1.5174
13586,18:15:13.867,1853,-0.0950,1.4933
13587,18:15:13.868,1896,-0.0740,1.5279
13588,18:15:13.868,1903,-0.0706,1.5336
13589,18:15:13.869,1912,-0.0662,1.5408
13590,18:15:13.869,1944,-0.0505,1.5666
13591,18:15:13.870,1924,-0.0603,1.5505
13592,18:15:13.870,1904,-0.0701,1.5344
13593,18:15:13.871,1907,-0.0686,1.5368
13594,18:15:13.871,1904,-0.0701,1.5344
13595,18:15:13.872,1865,-0.0891,1.5029
13596,18:15:13.872,1873,-0.0852,1.5094
13597,18:15:13.873,1914,-0.0652,1.5424
13598,18:15:13.873,1881,-0.0813,1.5158
13599,18:15:13.874,1877,-0.0833,1.5126
13600,18:15:13.874,1927,-0.0589,1.5529
13601,18:15:13.875,1925,-0.0598,1.5513
13602,18:15:13.875,1846,-0.0984,1.4876
13603,18:15:13.876,1856,-0.0935,1.4957
13604,18:15:13.876,1861,-0.0911,1.4997
13605,18:15:13.877,1850,-0.0965,1.4908
13606,18:15:13.877,1816,-0.1131,1.4634
13607,18:15:13.878,1855,-0.0940,1.4949
13608,18:15:13.878,1865,-0.0891,1.5029
13609,18:15:13.879,1855,-0.0940,1.4949
13610,18:15:13.879,1886,-0.0789,1.5199
13611,18:15:13.880,1873,-0.0852,1.5094
13612,18:15:13.880,1859,-0.0921,1.4981
13613,18:15:13.881,1842,-0.1004,1.4844
13614,18:15:13.881,1842,-0.1004,1.4844
13615,18:15:13.882,1788,-0.1267,1.4409
13616,18:15:13.882,1796,-0.1228,1.4473
13617,18:15:13.883,1825,-0.1087,1.4707
13618,18:15:13.883,1807,-0.1175,1.4562
13619,18:15:13.884,1784,-0.1287,1.4377
13620,18:15:13.884,1832,-0.1053,1.4763
13621,18:15:13.885,1855,-0.0940,1.4949
13622,18:15:13.885,1801,-0.1204,1.4514
13623,18:15:13.886,1802,-0.1199,1.4522
13624,18:15:13.886,1817,-0.1126,1.4642
13625,18:15:13.887,1814,-0.1140,1.4618
13626,18:15:13.887,1768,-0.1365,1.4248
13627,18:15:13.888,1785,-0.1282,1.4385
13628,18:15:13.888,1808,-0.1170,1.4570
13629,18:15:13.889,1784,-0.1287,1.4377
13630,18:15:13.889,1824,-0.1092,1.4699
13631,18:15:13.890,1830,-0.1062,1.4747
13632,18:15:13.890,1816,-0.1131,1.4634
13633,18:15:13.891,1805,-0.1184,1.4546
13634,18:15:13.891,1834,-0.1043,1.4779
13635,18:15:13.892,1780,-0.1306,1.4344
13636,18:15:13.892,1778,-0.1316,1.4328
13637,18:15:13.893,1806,-0.1179,1.4554
13638,18:15:13.893,1818,-0.1121,1.4651
13639,18:15:13.894,1782,-0.1297,1.4360
13640,18:15:13.894,1822,-0.1101,1.4683
13641,18:15:13.895,1870,-0.0867,1.5070
13642,18:15:13.895,1830,-0.1062,1.4747
13643,18:15:13.896,1825,-0.1087,1.4707
13644,18:15:13.896,1845,-0.0989,1.4868
13645,18:15:13.897,1838,-0.1023,1.4812
13646,18:15:13.897,1814,-0.1140,1.4618
13647,18:15:13.898,1816,-0.1131,1.4634
13648,18:15:13.898,1849,-0.0969,1.4900
13649,18:15:13.899,1825,-0.1087,1.4707
13650,18:15:13.899,1854,-0.0945,1.4941
13651,18:15:13.900,1870,-0.0867,1.5070
13652,18:15:13.900,1852,-0.0955,1.4925
13653,18:15:13.901,1832,-0.1053,1.4763
13654,18:15:13.901,1868,-0.0877,1.5053
13655,18:15:13.902,1819,-0.1116,1.4659
13656,18:15:13.902,1807,-0.1175,1.4562
13657,18:15:13.903,1820,-0.1111,1.4667
13658,18:15:13.903,1852,-0.0955,1.4925
13659,18:15:13.904,1806,-0.1179,1.4554
13660,18:15:13.904,1822,-0.1101,1.4683
13661,18:15:13.905,1885,-0.0794,1.5190
13662,18:15:13.905,1865,-0.0891,1.5029
13663,18:15:13.906,1851,-0.0960,1.4916
13664,18:15:13.906,1865,-0.0891,1.5029
13665,18:15:13.907,1866,-0.0886,1.5037
13666,18:15:13.907,1841,-0.1009,1.4836
13667,18:15:13.908,1831,-0.1057,1.4755
13668,18:15:13.908,1865,-0.0891,1.5029
13669,18:15:13.909,1851,-0.0960,1.4916
13670,18:15:13.909,1867,-0.0882,1.5045
13671,18:15:13.910,1892,-0.0759,1.5247
13672,18:15:13.910,1881,-0.0813,1.5158
13673,18:15:13.911,1859,-0.0921,1.4981
13674,18:15:13.911,1899,-0.0725,1.5303
13675,18:15:13.912,1862,-0.0906,1.5005
13676,18:15:13.912,1839,-0.1018,1.4820
13677,18:15:13.913,1839,-0.1018,1.4820
13678,18:15:13.913,1884,-0.0799,1.5182
13679,18:15:13.914,1845,-0.0989,1.4868
13680,18:15:13.914,1843,-0.0999,1.4852
13681,18:15:13.915,1910,-0.0672,1.5392
13682,18:15:13.915,1906,-0.0691,1.5360
13683,18:15:13.916,1883,-0.0803,1.5174
13684,18:15:13.916,1897,-0.0735,1.5287
13685,18:15:13.917,1907,-0.0686,1.5368
13686,18:15:13.917,1894,-0.0750,1.5263
13687,18:15:13.918,1865,-0.0891,1.5029
13688,18:15:13.918,1907,-0.0686,1.5368
13689,18:15:13.919,1895,-0.0745,1.5271
13690,18:15:13.919,1903,-0.0706,1.5336
13691,18:15:13.920,1934,-0.0554,1.5585
13692,18:15:13.920,1917,-0.0637,1.5448
13693,18:15:13.921,1902,-0.0711,1.5327
13694,18:15:13.921,1931,-0.0569,1.5561
13695,18:15:13.922,1907,-0.0686,1.5368
13696,18:15:13.922,1876,-0.0838,1.5118
13697,18:15:13.923,1862,-0.0906,1.5005
13698,18:15:13.923,1911,-0.0667,1.5400
13699,18:15:13.924,1885,-0.0794,1.5190
13700,18:15:13.924,1867,-0.0882,1.5045
13701,18:15:13.925,1928,-0.0584,1.5537
13702,18:15:13.925,1948,-0.0486,1.5698
13703,18:15:13.926,1912,-0.0662,1.5408
13704,18:15:13.926,1912,-0.0662,1.5408
13705,18:15:13.927,1928,-0.0584,1.5537
13706,18:15:13.927,1917,-0.0637,1.5448
13707,18:15:13.928,1880,-0.0818,1.5150
13708,18:15:13.928,1908,-0.0681,1.5376
13709,18:15:13.929,1912,-0.0662,1.5408
13710,18:15:13.929,1899,-0.0725,1.5303
13711,18:15:13.930,1939,-0.0530,1.5626
13712,18:15:13.930,1930,-0.0574,1.5553
13713,18:15:13.931,1910,-0.0672,1.5392
13714,18:15:13.931,1932,-0.0564,1.5569
13715,18:15:13.932,1926,-0.0593,1.5521
13716,18:15:13.932,1885,-0.0794,1.5190
13717,18:15:13.933,1860,-0.0916,1.4989
13718,18:15:13.933,1899,-0.0725,1.5303
13719,18:15:13.934,1891,-0.0764,1.5239
13720,18:15:13.934,1857,-0.0930,1.4965
13721,18:15:13.935,1909,-0.0676,1.5384
13722,18:15:13.935,1944,-0.0505,1.5666
13723,18:15:13.936,1916,-0.0642,1.5440
13724,18:15:13.936,1924,-0.0603,1.5505
13725,18:15:13.937,1940,-0.0525,1.5634
13726,18:15:13.937,1948,-0.0486,1.5698
13727,18:15:13.938,1902,-0.0711,1.5327
13728,18:15:13.938,1915,-0.0647,1.5432
13729,18:15:13.939,1934,-0.0554,1.5585
13730,18:15:13.939,1911,-0.0667,1.5400
13731,18:15:13.940,1948,-0.0486,1.5698
13732,18:15:13.940,1952,-0.0466,1.5730
13733,18:15:13.941,1942,-0.0515,1.5650
13734,18:15:13.941,1943,-0.0510,1.5658
13735,18:15:13.942,1958,-0.0437,1.5779
13736,18:15:13.942,1933,-0.0559,1.5577
13737,18:15:13.943,1890,-0.0769,1.5231
13738,18:15:13.943,1924,-0.0603,1.5505
13739,18:15:13.944,1935,-0.0549,1.5593
13740,18:15:13.944,1888,-0.0779,1.5215
13741,18:15:13.945,1914,-0.0652,1.5424
13742,18:15:13.945,1965,-0.0403,1.5835
13743,18:15:13.946,1950,-0.0476,1.5714
13744,18:15:13.946,1948,-0.0486,1.5698
13745,18:15:13.947,1958,-0.0437,1.5779
13746,18:15:13.947,1973,-0.0364,1.5900
13747,18:15:13.948,1933,-0.0559,1.5577
13748,18:15:13.948,1937,-0.0540,1.5610
13749,18:15:13.949,1952,-0.0466,1.5730
13750,18:15:13.949,1927,-0.0589,1.5529
13751,18:15:13.950,1961,-0.0422,1.5803
13752,18:15:13.950,1964,-0.0408,1.5827
13753,18:15:13.951,1963,-0.0413,1.5819
13754,18:15:13.951,1949,-0.0481,1.5706
13755,18:15:13.952,1974,-0.0359,1.5908
13756,18:15:13.952,1957,-0.0442,1.5771
13757,18:15:13.953,1911,-0.0667,1.5400
13758,18:15:13.953,1927,-0.0589,1.5529
13759,18:15:13.954,1952,-0.0466,1.5730
13760,18:15:13.954,1911,-0.0667,1.5400
13761,18:15:13.955,1913,-0.0657,1.5416
13762,18:15:13.955,1968,-0.0388,1.5859
13763,18:15:13.956,1964,-0.0408,1.5827
13764,18:15:13.956,1961,-0.0422,1.5803
13765,18:15:13.957,1961,-0.0422,1.5803
13766,18:15:13.957,1977,-0.0344,1.5932
13767,18:15:13.958,1952,-0.0466,1.5730
13768,18:15:13.958,1931,-0.0569,1.5561
13769,18:15:13.959,1958,-0.0437,1.5779
13770,18:15:13.959,1931,-0.0569,1.5561
13771,18:15:13.960,1956,-0.0447,1.5763
13772,18:15:13.960,1966,-0.0398,1.5843
13773,18:15:13.961,1963,-0.0413,1.5819
13774,18:15:13.961,1944,-0.0505,1.5666
13775,18:15:13.962,1969,-0.0383,1.5867
13776,18:15:13.962,1965,-0.0403,1.5835
13777,18:15:13.963,1923,-0.0608,1.5497
13778,18:15:13.963,1923,-0.0608,1.5497
13779,18:15:13.964,1950,-0.0476,1.5714
13780,18:15:13.964,1932,-0.0564,1.5569
13781,18:15:13.965,1905,-0.0696,1.5352
13782,18:15:13.965,1964,-0.0408,1.5827
13783,18:15:13.966,1972,-0.0369,1.5892
13784,18:15:13.966,1965,-0.0403,1.5835
13785,18:15:13.967,1957,-0.0442,1.5771
13786,18:15:13.967,1980,-0.0330,1.5956
13787,18:15:13.968,1972,-0.0369,1.5892
13788,18:15:13.968,1934,-0.0554,1.5585
13789,18:15:13.969,1959,-0.0432,1.5787
13790,18:15:13.969,1942,-0.0515,1.5650
13791,18:15:13.970,1958,-0.0437,1.5779
13792,18:15:13.970,1968,-0.0388,1.5859
13793,18:15:13.971,1970,-0.0379,1.5875
13794,18:15:13.971,1949,-0.0481,1.5706
13795,18:15:13.972,1968,-0.0388,1.5859
13796,18:15:13.972,1979,-0.0335,1.5948
13797,18:15:13.973,1939,-0.0530,1.5626
13798,18:15:13.973,1923,-0.0608,1.5497
13799,18:15:13.974,1948,-0.0486,1.5698
13800,18:15:13.974,1946,-0.0496,1.5682
13801,18:15:13.975,1904,-0.0701,1.5344
13802,18:15:13.975,1955,-0.0452,1.5755
13803,18:15:13.976,1976,-0.0349,1.5924
13804,18:15:13.976,1972,-0.0369,1.5892
13805,18:15:13.977,1954,-0.0457,1.5747
13806,18:15:13.977,1972,-0.0369,1.5892
13807,18:15:13.978,1982,-0.0320,1.5972
13808,18:15:13.978,1938,-0.0535,1.5618
13809,18:15:13.979,1952,-0.0466,1.5730
13810,18:15:13.979,1948,-0.0486,1.5698
13811,18:15:13.980,1948,-0.0486,1.5698
13812,18:15:13.980,1959,-0.0432,1.5787
13813,18:15:13.981,1969,-0.0383,1.5867
13814,18:15:13.981,1947,-0.0491,1.5690
13815,18:15:13.982,1966,-0.0398,1.5843
13816,18:15:13.982,1979,-0.0335,1.5948
13817,18:15:13.983,1950,-0.0476,1.5714
13818,18:15:13.983,1913,-0.0657,1.5416
13819,18:15:13.984,1936,-0.0545,1.5601
13820,18:15:13.984,1951,-0.0471,1.5722
13821,18:15:13.985,1898,-0.0730,1.5295
13822,18:15:13.985,1939,-0.0530,1.5626
13823,18:15:13.986,1968,-0.0388,1.5859
13824,18:15:13.986,1962,-0.0418,1.5811
13825,18:15:13.987,1951,-0.0471,1.5722
13826,18:15:13.987,1957,-0.0442,1.5771
13827,18:15:13.988,1978,-0.0339,1.5940
13828,18:15:13.988,1938,-0.0535,1.5618
13829,18:15:13.989,1935,-0.0549,1.5593
13830,18:15:13.989,1940,-0.0525,1.5634
13831,18:15:13.990,1928,-0.0584,1.5537
13832,18:15:13.990,1939,-0.0530,1.5626
13833,18:15:13.991,1957,-0.0442,1.5771
13834,18:15:13.991,1940,-0.0525,1.5634
13835,18:15:13.992,1949,-0.0481,1.5706
13836,18:15:13.992,1964,-0.0408,1.5827
13837,18:15:13.993,1953,-0.0462,1.5738
13838,18:15:13.993,1908,-0.0681,1.5376
13839,18:15:13.994,1917,-0.0637,1.5448
13840,18:15:13.994,1946,-0.0496,1.5682
13841,18:15:13.995,1900,-0.0720,1.5311
13842,18:15:13.995,1912,-0.0662,1.5408
13843,18:15:13.996,1955,-0.0452,1.5755
13844,18:15:13.996,1956,-0.0447,1.5763
13845,18:15:13.997,1958,-0.0437,1.5779
13846,18:15:13.997,1954,-0.0457,1.5747
13847,18:15:13.998,1985,-0.0305,1.5996
13848,18:15:13.998,1951,-0.0471,1.5722
13849,18:15:13.999,1940,-0.0525,1.5634
13850,18:15:13.999,1950,-0.0476,1.5714
13851,18:15:14.000,1931,-0.0569,1.5561
13852,18:15:14.000,1940,-0.0525,1.5634
13853,18:15:14.001,1964,-0.0408,1.5827
13854,18:15:14.001,1951,-0.0471,1.5722
13855,18:15:14.002,1946,-0.0496,1.5682
13856,18:15:14.002,1964,-0.0408,1.5827
13857,18:15:14.003,1966,-0.0398,1.5843
13858,18:15:14.003,1927,-0.0589,1.5529
13859,18:15:14.004,1916,-0.0642,1.5440
13860,18:15:14.004,1947,-0.0491,1.5690
13861,18:15:14.005,1916,-0.0642,1.5440
13862,18:15:14.005,1906,-0.0691,1.5360
13863,18:15:14.006,1949,-0.0481,1.5706
13864,18:15:14.006,1962,-0.0418,1.5811
13865,18:15:14.007,1968,-0.0388,1.5859
13866,18:15:14.007,1953,-0.0462,1.5738
13867,18:15:14.008,1987,-0.0295,1.6012
13868,18:15:14.008,1973,-0.0364,1.5900
13869,18:15:14.009,1948,-0.0486,1.5698
13870,18:15:14.009,1959,-0.0432,1.5787
13871,18:15:14.010,1937,-0.0540,1.5610
13872,18:15:14.010,1945,-0.0501,1.5674
13873,18:15:14.011,1966,-0.0398,1.5843
13874,18:15:14.011,1957,-0.0442,1.5771
13875,18:15:14.012,1949,-0.0481,1.5706
13876,18:15:14.012,1964,-0.0408,1.5827
13877,18:15:14.013,1978,-0.0339,1.5940
13878,18:15:14.013,1940,-0.0525,1.5634
13879,18:15:14.014,1925,-0.0598,1.5513
13880,18:15:14.014,1953,-0.0462,1.5738
13881,18:15:14.015,1938,-0.0535,1.5618
13882,18:15:14.015,1901,-0.0716,1.5319
13883,18:15:14.016,1945,-0.0501,1.5674
13884,18:15:14.016,1964,-0.0408,1.5827
13885,18:15:14.017,1975,-0.0354,1.5916
13886,18:15:14.017,1953,-0.0462,1.5738
13887,18:15:14.018,1982,-0.0320,1.5972
13888,18:15:14.018,1987,-0.0295,1.6012
13889,18:15:14.019,1944,-0.0505,1.5666
13890,18:15:14.019,1958,-0.0437,1.5779
13891,18:15:14.020,1941,-0.0520,1.5642
13892,18:15:14.020,1940,-0.0525,1.5634
13893,18:15:14.021,1958,-0.0437,1.5779
13894,18:15:14.021,1957,-0.0442,1.5771
13895,18:15:14.022,1948,-0.0486,1.5698
13896,18:15:14.022,1953,-0.0462,1.5738
13897,18:15:14.023,1981,-0.0325,1.5964
13898,18:15:14.023,1954,-0.0457,1.5747
13899,18:15:14.024,1926,-0.0593,1.5521
13900,18:15:14.024,1943,-0.0510,1.5658
13901,18:15:14.025,1947,-0.0491,1.5690
13902,18:15:14.025,1897,-0.0735,1.5287
13903,18:15:14.026,1933,-0.0559,1.5577
13904,18:15:14.026,1955,-0.0452,1.5755
13905,18:15:14.027,1973,-0.0364,1.5900
13906,18:15:14.027,1940,-0.0525,1.5634
13907,18:15:14.028,1960,-0.0427,1.5795
13908,18:15:14.028,1977,-0.0344,1.5932
13909,18:15:14.029,1930,-0.0574,1.5553
13910,18:15:14.029,1943,-0.0510,1.5658
13911,18:15:14.030,1928,-0.0584,1.5537
13912,18:15:14.030,1924,-0.0603,1.5505
13913,18:15:14.031,1936,-0.0545,1.5601
13914,18:15:14.031,1938,-0.0535,1.5618
13915,18:15:14.032,1935,-0.0549,1.5593
13916,18:15:14.032,1937,-0.0540,1.5610
13917,18:15:14.033,1964,-0.0408,1.5827
13918,18:15:14.033,1947,-0.0491,1.5690
13919,18:15:14.034,1913,-0.0657,1.5416
13920,18:15:14.034,1915,-0.0647,1.5432
13921,18:15:14.035,1943,-0.0510,1.5658
13922,18:15:14.035,1890,-0.0769,1.5231
13923,18:15:14.036,1910,-0.0672,1.5392
13924,18:15:14.036,1937,-0.0540,1.5610
13925,18:15:14.037,1957,-0.0442,1.5771
13926,18:15:14.037,1936,-0.0545,1.5601
13927,18:15:14.038,1944,-0.0505,1.5666
13928,18:15:14.038,1984,-0.0310,1.5988
13929,18:15:14.039,1934,-0.0554,1.5585
13930,18:15:14.039,1942,-0.0515,1.5650
13931,18:15:14.040,1935,-0.0549,1.5593
13932,18:15:14.040,1915,-0.0647,1.5432
13933,18:15:14.041,1916,-0.0642,1.5440
13934,18:15:14.041,1937,-0.0540,1.5610
13935,18:15:14.042,1935,-0.0549,1.5593
13936,18:15:14.042,1930,-0.0574,1.5553
13937,18:15:14.043,1949,-0.0481,1.5706
13938,18:15:14.043,1953,-0.0462,1.5738
13939,18:15:14.044,1917,-0.0637,1.5448
13940,18:15:14.044,1904,-0.0701,1.5344
13941,18:15:14.045,1941,-0.0520,1.5642
13942,18:15:14.045,1900,-0.0720,1.5311
13943,18:15:14.046,1898,-0.0730,1.5295
13944,18:15:14.046,1929,-0.0579,1.5545
13945,18:15:14.047,1952,-0.0466,1.5730
13946,18:15:14.047,1948,-0.0486,1.5698
13947,18:15:14.048,1938,-0.0535,1.5618
13948,18:15:14.048,1987,-0.0295,1.6012
13949,18:15:14.049,1957,-0.0442,1.5771
13950,18:15:14.049,1951,-0.0471,1.5722
13951,18:15:14.050,1941,-0.0520,1.5642
13952,18:15:14.050,1928,-0.0584,1.5537
13953,18:15:14.051,1924,-0.0603,1.5505
13954,18:15:14.051,1937,-0.0540,1.5610
13955,18:15:14.052,1938,-0.0535,1.5618
13956,18:15:14.052,1929,-0.0579,1.5545
13957,18:15:14.053,1943,-0.0510,1.5658
13958,18:15:14.053,1960,-0.0427,1.5795
13959,18:15:14.054,1931,-0.0569,1.5561
13960,18:15:14.054,1901,-0.0716,1.5319
13961,18:15:14.055,1943,-0.0510,1.5658
13962,18:15:14.055,1914,-0.0652,1.5424
13963,18:15:14.056,1894,-0.0750,1.5263
13964,18:15:14.056,1926,-0.0593,1.5521
13965,18:15:14.057,1948,-0.0486,1.5698
13966,18:15:14.057,1959,-0.0432,1.5787
13967,18:15:14.058,1941,-0.0520,1.5642
13968,18:15:14.058,1986,-0.0300,1.6004
13969,18:15:14.059,1971,-0.0374,1.5884
13970,18:15:14.059,1957,-0.0442,1.5771
13971,18:15:14.060,1948,-0.0486,1.5698
13972,18:15:14.060,1940,-0.0525,1.5634
13973,18:15:14.061,1917,-0.0637,1.5448
13974,18:15:14.061,1947,-0.0491,1.5690
13975,18:15:14.062,1944,-0.0505,1.5666
13976,18:15:14.062,1936,-0.0545,1.5601
13977,18:15:14.063,1945,-0.0501,1.5674
13978,18:15:14.063,1971,-0.0374,1.5884
13979,18:15:14.064,1949,-0.0481,1.5706
13980,18:15:14.064,1915,-0.0647,1.5432
13981,18:15:14.065,1949,-0.0481,1.5706
13982,18:15:14.065,1942,-0.0515,1.5650
13983,18:15:14.066,1899,-0.0725,1.5303
13984,18:15:14.066,1927,-0.0589,1.5529
13985,18:15:14.067,1950,-0.0476,1.5714
13986,18:15:14.067,1970,-0.0379,1.5875
13987,18:15:14.068,1946,-0.0496,1.5682
13988,18:15:14.068,1984,-0.0310,1.5988
13989,18:15:14.069,1991,-0.0276,1.6045
13990,18:15:14.069,1964,-0.0408,1.5827
13991,18:15:14.070,1958,-0.0437,1.5779
13992,18:15:14.070,1949,-0.0481,1.5706
13993,18:15:14.071,1934,-0.0554,1.5585
13994,18:15:14.071,1950,-0.0476,1.5714
13995,18:15:14.072,1947,-0.0491,1.5690
13996,18:15:14.072,1941,-0.0520,1.5642
13997,18:15:14.073,1946,-0.0496,1.5682
13998,18:15:14.073,1969,-0.0383,1.5867
13999,18:15:14.074,1964,-0.0408,1.5827
14000,18:15:14.074,1929,-0.0579,1.5545
14001,18:15:14.075,1939,-0.0530,1.5626
14002,18:15:14.075,1951,-0.0471,1.5722
14003,18:15:14.076,1904,-0.0701,1.5344
14004,18:15:14.076,1923,-0.0608,1.5497
14005,18:15:14.077,1944,-0.0505,1.5666
14006,18:15:14.077,1971,-0.0374,1.5884
14007,18:15:14.078,1950,-0.0476,1.5714
14008,18:15:14.078,1973,-0.0364,1.5900
14009,18:15:14.079,1994,-0.0261,1.6069
14010,18:15:14.079,1967,-0.0393,1.5851
14011,18:15:14.080,1956,-0.0447,1.5763
14012,18:15:14.080,1955,-0.0452,1.5755
14013,18:15:14.081,1935,-0.0549,1.5593
14014,18:15:14.081,1943,-0.0510,1.5658
14015,18:15:14.082,1946,-0.0496,1.5682
14016,18:15:14.082,1947,-0.0491,1.5690
14017,18:15:14.083,1941,-0.0520,1.5642
14018,18:15:14.083,1963,-0.0413,1.5819
14019,18:15:14.084,1974,-0.0359,1.5908
14020,18:15:14.084,1934,-0.0554,1.5585
14021,18:15:14.085,1931,-0.0569,1.5561
14022,18:15:14.085,1959,-0.0432,1.5787
14023,18:15:14.086,1911,-0.0667,1.5400
14024,18:15:14.086,1912,-0.0662,1.5408
14025,18:15:14.087,1940,-0.0525,1.5634
14026,18:15:14.087,1962,-0.0418,1.5811
14027,18:15:14.088,1955,-0.0452,1.5755
14028,18:15:14.088,1959,-0.0432,1.5787
14029,18:15:14.089,1996,-0.0252,1.6085
14030,18:15:14.089,1971,-0.0374,1.5884
14031,18:15:14.090,1961,-0.0422,1.5803
14032,18:15:14.090,1961,-0.0422,1.5803
14033,18:15:14.091,1941,-0.0520,1.5642
14034,18:15:14.091,1939,-0.0530,1.5626
14035,18:15:14.092,1949,-0.0481,1.5706
14036,18:15:14.092,1952,-0.0466,1.5730
14037,18:15:14.093,1941,-0.0520,1.5642
14038,18:15:14.093,1956,-0.0447,1.5763
14039,18:15:14.094,1976,-0.0349,1.5924
14040,18:15:14.094,1948,-0.0486,1.5698
14041,18:15:14.095,1930,-0.0574,1.5553
14042,18:15:14.095,1959,-0.0432,1.5787
14043,18:15:14.096,1934,-0.0554,1.5585
14044,18:15:14.096,1915,-0.0647,1.5432
14045,18:15:14.097,1936,-0.0545,1.5601
14046,18:15:14.097,1957,-0.0442,1.5771
14047,18:15:14.098,1969,-0.0383,1.5867
14048,18:15:14.098,1953,-0.0462,1.5738
14049,18:15:14.099,1997,-0.0247,1.6093
14050,18:15:14.099,1984,-0.0310,1.5988
14051,18:15:14.100,1969,-0.0383,1.5867
14052,18:15:14.100,1966,-0.0398,1.5843
14053,18:15:14.101,1945,-0.0501,1.5674
14054,18:15:14.101,1937,-0.0540,1.5610
14055,18:15:14.102,1948,-0.0486,1.5698
14056,18:15:14.102,1953,-0.0462,1.5738
14057,18:15:14.103,1941,-0.0520,1.5642
14058,18:15:14.103,1953,-0.0462,1.5738
14059,18:15:14.104,1975,-0.0354,1.5916
14060,18:15:14.104,1963,-0.0413,1.5819
14061,18:15:14.105,1931,-0.0569,1.5561
14062,18:15:14.105,1960,-0.0427,1.5795
14063,18:15:14.106,1945,-0.0501,1.5674
14064,18:15:14.106,1915,-0.0647,1.5432
14065,18:15:14.107,1931,-0.0569,1.5561
14066,18:15:14.107,1955,-0.0452,1.5755
14067,18:15:14.108,1974,-0.0359,1.5908
14068,18:15:14.108,1947,-0.0491,1.5690
14069,18:15:14.109,1989,-0.0286,1.6029
14070,18:15:14.109,1992,-0.0271,1.6053
14071,18:15:14.110,1977,-0.0344,1.5932
14072,18:15:14.110,1970,-0.0379,1.5875
14073,18:15:14.111,1954,-0.0457,1.5747
14074,18:15:14.111,1944,-0.0505,1.5666
14075,18:15:14.112,1949,-0.0481,1.5706
14076,18:15:14.112,1954,-0.0457,1.5747
14077,18:15:14.113,1946,-0.0496,1.5682
14078,18:15:14.113,1949,-0.0481,1.5706
14079,18:15:14.114,1973,-0.0364,1.5900
14080,18:15:14.114,1976,-0.0349,1.5924
14081,18:15:14.115,1932,-0.0564,1.5569
14082,18:15:14.115,1957,-0.0442,1.5771
14083,18:15:14.116,1958,-0.0437,1.5779
14084,18:15:14.116,1924,-0.0603,1.5505
14085,18:15:14.117,1927,-0.0589,1.5529
14086,18:15:14.117,1949,-0.0481,1.5706
14087,18:15:14.118,1977,-0.0344,1.5932
14088,18:15:14.118,1951,-0.0471,1.5722
14089,18:15:14.119,1984,-0.0310,1.5988
14090,18:15:14.119,1997,-0.0247,1.6093
14091,18:15:14.120,1984,-0.0310,1.5988
14092,18:15:14.120,1970,-0.0379,1.5875
14093,18:15:14.121,1961,-0.0422,1.5803
14094,18:15:14.121,1944,-0.0505,1.5666
14095,18:15:14.122,1944,-0.0505,1.5666
14096,18:15:14.122,1954,-0.0457,1.5747
14097,18:15:14.123,1948,-0.0486,1.5698
14098,18:15:14.123,1945,-0.0501,1.5674
14099,18:15:14.124,1964,-0.0408,1.5827
14100,18:15:14.124,1981,-0.0325,1.5964
14101,18:15:14.125,1945,-0.0501,1.5674
14102,18:15:14.125,1948,-0.0486,1.5698
14103,18:15:14.126,1961,-0.0422,1.5803
14104,18:15:14.126,1935,-0.0549,1.5593
14105,18:15:14.127,1925,-0.0598,1.5513
14106,18:15:14.127,1940,-0.0525,1.5634
14107,18:15:14.128,1974,-0.0359,1.5908
14108,18:15:14.128,1954,-0.0457,1.5747
14109,18:15:14.129,1972,-0.0369,1.5892
14110,18:15:14.129,1995,-0.0256,1.6077
14111,18:15:14.130,1987,-0.0295,1.6012
14112,18:15:14.130,1971,-0.0374,1.5884
14113,18:15:14.131,1968,-0.0388,1.5859
14114,18:15:14.131,1949,-0.0481,1.5706
14115,18:15:14.132,1941,-0.0520,1.5642
14116,18:15:14.132,1953,-0.0462,1.5738
14117,18:15:14.133,1951,-0.0471,1.5722
14118,18:15:14.133,1945,-0.0501,1.5674
14119,18:15:14.134,1956,-0.0447,1.5763
14120,18:15:14.134,1982,-0.0320,1.5972
14121,18:15:14.135,1954,-0.0457,1.5747
14122,18:15:14.135,1943,-0.0510,1.5658
14123,18:15:14.136,1963,-0.0413,1.5819
14124,18:15:14.136,1943,-0.0510,1.5658
14125,18:15:14.137,1927,-0.0589,1.5529
14126,18:15:14.137,1936,-0.0545,1.5601
14127,18:15:14.138,1966,-0.0398,1.5843
14128,18:15:14.138,1961,-0.0422,1.5803
14129,18:15:14.139,1962,-0.0418,1.5811
14130,18:15:14.139,1991,-0.0276,1.6045
14131,18:15:14.140,1989,-0.0286,1.6029
14132,18:15:14.140,1975,-0.0354,1.5916
14133,18:15:14.141,1975,-0.0354,1.5916
14134,18:15:14.141,1954,-0.0457,1.5747
14135,18:15:14.142,1946,-0.0496,1.5682
14136,18:15:14.142,1950,-0.0476,1.5714
14137,18:15:14.143,1950,-0.0476,1.5714
14138,18:15:14.143,1943,-0.0510,1.5658
14139,18:15:14.144,1950,-0.0476,1.5714
14140,18:15:14.144,1979,-0.0335,1.5948
14141,18:15:14.145,1967,-0.0393,1.5851
14142,18:15:14.145,1939,-0.0530,1.5626
14143,18:15:14.146,1963,-0.0413,1.5819
14144,18:15:14.146,1952,-0.0466,1.5730
14145,18:15:14.147,1930,-0.0574,1.5553
14146,18:15:14.147,1925,-0.0598,1.5513
14147,18:15:14.148,1959,-0.0432,1.5787
14148,18:15:14.148,1970,-0.0379,1.5875
14149,18:15:14.149,1955,-0.0452,1.5755
14150,18:15:14.149,1983,-0.0315,1.5980
14151,18:15:14.150,1993,-0.0266,1.6061
14152,18:15:14.150,1976,-0.0349,1.5924
14153,18:15:14.151,1975,-0.0354,1.5916
14154,18:15:14.151,1957,-0.0442,1.5771
14155,18:15:14.152,1940,-0.0525,1.5634
14156,18:15:14.152,1945,-0.0501,1.5674
14157,18:15:14.153,1949,-0.0481,1.5706
14158,18:15:14.153,1945,-0.0501,1.5674
14159,18:15:14.154,1945,-0.0501,1.5674
14160,18:15:14.154,1967,-0.0393,1.5851
14161,18:15:14.155,1972,-0.0369,1.5892
14162,18:15:14.155,1941,-0.0520,1.5642
14163,18:15:14.156,1957,-0.0442,1.5771
14164,18:15:14.156,1958,-0.0437,1.5779
14165,18:15:14.157,1938,-0.0535,1.5618
14166,18:15:14.157,1927,-0.0589,1.5529
14167,18:15:14.158,1951,-0.0471,1.5722
14168,18:15:14.158,1973,-0.0364,1.5900
14169,18:15:14.159,1952,-0.0466,1.5730
14170,18:15:14.159,1974,-0.0359,1.5908
14171,18:15:14.160,1995,-0.0256,1.6077
14172,18:15:14.160,1981,-0.0325,1.5964
14173,18:15:14.161,1975,-0.0354,1.5916
14174,18:15:14.161,1963,-0.0413,1.5819
14175,18:15:14.162,1947,-0.0491,1.5690
14176,18:15:14.162,1942,-0.0515,1.5650
14177,18:15:14.163,1946,-0.0496,1.5682
14178,18:15:14.163,1945,-0.0501,1.5674
14179,18:15:14.164,1941,-0.0520,1.5642
14180,18:15:14.164,1954,-0.0457,1.5747
14181,18:15:14.165,1978,-0.0339,1.5940
14182,18:15:14.165,1945,-0.0501,1.5674
14183,18:15:14.166,1951,-0.0471,1.5722
14184,18:15:14.166,1960,-0.0427,1.5795
14185,18:15:14.167,1944,-0.0505,1.5666
14186,18:15:14.167,1925,-0.0598,1.5513
14187,18:15:14.168,1935,-0.0549,1.5593
14188,18:15:14.168,1974,-0.0359,1.5908
14189,18:15:14.169,1953,-0.0462,1.5738
14190,18:15:14.169,1969,-0.0383,1.5867
14191,18:15:14.170,1991,-0.0276,1.6045
14192,18:15:14.170,1984,-0.0310,1.5988
14193,18:15:14.171,1981,-0.0325,1.5964
14194,18:15:14.171,1969,-0.0383,1.5867
14195,18:15:14.172,1953,-0.0462,1.5738
14196,18:15:14.172,1943,-0.0510,1.5658
14197,18:15:14.173,1952,-0.0466,1.5730
14198,18:15:14.173,1945,-0.0501,1.5674
14199,18:15:14.174,1942,-0.0515,1.5650
14200,18:15:14.174,1951,-0.0471,1.5722
14201,18:15:14.175,1980,-0.0330,1.5956
14202,18:15:14.175,1957,-0.0442,1.5771
14203,18:15:14.176,1952,-0.0466,1.5730
14204,18:15:14.176,1966,-0.0398,1.5843
14205,18:15:14.177,1953,-0.0462,1.5738
14206,18:15:14.177,1931,-0.0569,1.5561
14207,18:15:14.178,1931,-0.0569,1.5561
14208,18:15:14.178,1970,-0.0379,1.5875
14209,18:15:14.179,1961,-0.0422,1.5803
14210,18:15:14.179,1965,-0.0403,1.5835
14211,18:15:14.180,1990,-0.0281,1.6037
14212,18:15:14.180,1991,-0.0276,1.6045
14213,18:15:14.181,1984,-0.0310,1.5988
14214,18:15:14.181,1974,-0.0359,1.5908
14215,18:15:14.182,1962,-0.0418,1.5811
14216,18:15:14.182,1946,-0.0496,1.5682
14217,18:15:14.183,1948,-0.0486,1.5698
14218,18:15:14.183,1947,-0.0491,1.5690
14219,18:15:14.184,1946,-0.0496,1.5682
14220,18:15:14.184,1946,-0.0496,1.5682
14221,18:15:14.185,1976,-0.0349,1.5924
14222,18:15:14.185,1965,-0.0403,1.5835
14223,18:15:14.186,1948,-0.0486,1.5698
14224,18:15:14.186,1967,-0.0393,1.5851
14225,18:15:14.187,1960,-0.0427,1.5795
14226,18:15:14.187,1944,-0.0505,1.5666
14227,18:15:14.188,1928,-0.0584,1.5537
14228,18:15:14.188,1967,-0.0393,1.5851
14229,18:15:14.189,1967,-0.0393,1.5851
14230,18:15:14.189,1959,-0.0432,1.5787
14231,18:15:14.190,1982,-0.0320,1.5972
14232,18:15:14.190,1996,-0.0252,1.6085
14233,18:15:14.191,1983,-0.0315,1.5980
14234,18:15:14.191,1978,-0.0339,1.5940
14235,18:15:14.192,1967,-0.0393,1.5851
14236,18:15:14.192,1948,-0.0486,1.5698
14237,18:15:14.193,1947,-0.0491,1.5690
14238,18:15:14.193,1951,-0.0471,1.5722
14239,18:15:14.194,1948,-0.0486,1.5698
14240,18:15:14.194,1941,-0.0520,1.5642
14241,18:15:14.195,1971,-0.0374,1.5884
14242,18:15:14.195,1974,-0.0359,1.5908
14243,18:15:14.196,1951,-0.0471,1.5722
14244,18:15:14.196,1961,-0.0422,1.5803
14245,18:15:14.197,1964,-0.0408,1.5827
14246,18:15:14.197,1950,-0.0476,1.5714
14247,18:15:14.198,1927,-0.0589,1.5529
14248,18:15:14.198,1958,-0.0437,1.5779
14249,18:15:14.199,1971,-0.0374,1.5884
14250,18:15:14.199,1959,-0.0432,1.5787
14251,18:15:14.200,1975,-0.0354,1.5916
14252,18:15:14.200,1997,-0.0247,1.6093
14253,18:15:14.201,1987,-0.0295,1.6012
14254,18:15:14.201,1984,-0.0310,1.5988
14255,18:15:14.202,1971,-0.0374,1.5884
14256,18:15:14.202,1956,-0.0447,1.5763
14257,18:15:14.203,1949,-0.0481,1.5706
14258,18:15:14.203,1955,-0.0452,1.5755
14259,18:15:14.204,1949,-0.0481,1.5706
14260,18:15:14.204,1943,-0.0510,1.5658
14261,18:15:14.205,1962,-0.0418,1.5811
14262,18:15:14.205,1979,-0.0335,1.5948
14263,18:15:14.206,1952,-0.0466,1.5730
14264,18:15:14.206,1958,-0.0437,1.5779
14265,18:15:14.207,1965,-0.0403,1.5835
14266,18:15:14.207,1959,-0.0432,1.5787
14267,18:15:14.208,1929,-0.0579,1.5545
14268,18:15:14.208,1951,-0.0471,1.5722
14269,18:15:14.209,1967,-0.0393,1.5851
14270,18:15:14.209,1963,-0.0413,1.5819
14271,18:15:14.210,1968,-0.0388,1.5859
14272,18:15:14.210,1994,-0.0261,1.6069
14273,18:15:14.211,1993,-0.0266,1.6061
14274,18:15:14.211,1985,-0.0305,1.5996
14275,18:15:14.212,1974,-0.0359,1.5908
14276,18:15:14.212,1961,-0.0422,1.5803
14277,18:15:14.213,1949,-0.0481,1.5706
14278,18:15:14.213,1955,-0.0452,1.5755
14279,18:15:14.214,1950,-0.0476,1.5714
14280,18:15:14.214,1944,-0.0505,1.5666
14281,18:15:14.215,1950,-0.0476,1.5714
14282,18:15:14.215,1980,-0.0330,1.5956
14283,18:15:14.216,1959,-0.0432,1.5787
14284,18:15:14.216,1955,-0.0452,1.5755
14285,18:15:14.217,1968,-0.0388,1.5859
14286,18:15:14.217,1967,-0.0393,1.5851
14287,18:15:14.218,1936,-0.0545,1.5601
14288,18:15:14.218,1943,-0.0510,1.5658
14289,18:15:14.219,1968,-0.0388,1.5859
14290,18:15:14.219,1966,-0.0398,1.5843
14291,18:15:14.220,1960,-0.0427,1.5795
14292,18:15:14.220,1990,-0.0281,1.6037
14293,18:15:14.221,1993,-0.0266,1.6061
14294,18:15:14.221,1988,-0.0291,1.6021
14295,18:15:14.222,1979,-0.0335,1.5948
14296,18:15:14.222,1968,-0.0388,1.5859
14297,18:15:14.223,1949,-0.0481,1.5706
14298,18:15:14.223,1954,-0.0457,1.5747
14299,18:15:14.224,1952,-0.0466,1.5730
14300,18:15:14.224,1942,-0.0515,1.5650
14301,18:15:14.225,1945,-0.0501,1.5674
14302,18:15:14.225,1976,-0.0349,1.5924
14303,18:15:14.226,1966,-0.0398,1.5843
14304,18:15:14.226,1954,-0.0457,1.5747
14305,18:15:14.227,1968,-0.0388,1.5859
14306,18:15:14.227,1969,-0.0383,1.5867
14307,18:15:14.228,1943,-0.0510,1.5658
14308,18:15:14.228,1934,-0.0554,1.5585
14309,18:15:14.229,1964,-0.0408,1.5827
14310,18:15:14.229,1969,-0.0383,1.5867
14311,18:15:14.230,1959,-0.0432,1.5787
14312,18:15:14.230,1978,-0.0339,1.5940
14313,18:15:14.231,1991,-0.0276,1.6045
14314,18:15:14.231,1986,-0.0300,1.6004
14315,18:15:14.232,1981,-0.0325,1.5964
14316,18:15:14.232,1970,-0.0379,1.5875
14317,18:15:14.233,1951,-0.0471,1.5722
14318,18:15:14.233,1947,-0.0491,1.5690
14319,18:15:14.234,1952,-0.0466,1.5730
14320,18:15:14.234,1945,-0.0501,1.5674
14321,18:15:14.235,1939,-0.0530,1.5626
14322,18:15:14.235,1965,-0.0403,1.5835
14323,18:15:14.236,1969,-0.0383,1.5867
14324,18:15:14.236,1955,-0.0452,1.5755
14325,18:15:14.237,1965,-0.0403,1.5835
14326,18:15:14.237,1964,-0.0408,1.5827
14327,18:15:14.238,1955,-0.0452,1.5755
14328,18:15:14.238,1934,-0.0554,1.5585
14329,18:15:14.239,1961,-0.0422,1.5803
14330,18:15:14.239,1968,-0.0388,1.5859
14331,18:15:14.240,1960,-0.0427,1.5795
14332,18:15:14.240,1974,-0.0359,1.5908
14333,18:15:14.241,1990,-0.0281,1.6037
14334,18:15:14.241,1986,-0.0300,1.6004
14335,18:15:14.242,1982,-0.0320,1.5972
14336,18:15:14.242,1976,-0.0349,1.5924
14337,18:15:14.243,1957,-0.0442,1.5771
14338,18:15:14.243,1947,-0.0491,1.5690
14339,18:15:14.244,1951,-0.0471,1.5722
14340,18:15:14.244,1951,-0.0471,1.5722
14341,18:15:14.245,1935,-0.0549,1.5593
14342,18:15:14.245,1958,-0.0437,1.5779
14343,18:15:14.246,1973,-0.0364,1.5900
14344,18:15:14.246,1953,-0.0462,1.5738
14345,18:15:14.247,1960,-0.0427,1.5795
14346,18:15:14.247,1967,-0.0393,1.5851
14347,18:15:14.248,1968,-0.0388,1.5859
14348,18:15:14.248,1933,-0.0559,1.5577
14349,18:15:14.249,1952,-0.0466,1.5730
14350,18:15:14.249,1970,-0.0379,1.5875
14351,18:15:14.250,1962,-0.0418,1.5811
14352,18:15:14.250,1965,-0.0403,1.5835
14353,18:15:14.251,1985,-0.0305,1.5996
14354,18:15:14.251,1989,-0.0286,1.6029
14355,18:15:14.252,1983,-0.0315,1.5980
14356,18:15:14.252,1978,-0.0339,1.5940
14357,18:15:14.253,1960,-0.0427,1.5795
14358,18:15:14.253,1952,-0.0466,1.5730
14359,18:15:14.254,1952,-0.0466,1.5730
14360,18:15:14.254,1953,-0.0462,1.5738
14361,18:15:14.255,1938,-0.0535,1.5618
14362,18:15:14.255,1949,-0.0481,1.5706
14363,18:15:14.256,1973,-0.0364,1.5900
14364,18:15:14.256,1957,-0.0442,1.5771
14365,18:15:14.257,1962,-0.0418,1.5811
14366,18:15:14.257,1963,-0.0413,1.5819
14367,18:15:14.258,1976,-0.0349,1.5924
14368,18:15:14.258,1940,-0.0525,1.5634
14369,18:15:14.259,1948,-0.0486,1.5698
14370,18:15:14.259,1966,-0.0398,1.5843
14371,18:15:14.260,1965,-0.0403,1.5835
14372,18:15:14.260,1962,-0.0418,1.5811
14373,18:15:14.261,1981,-0.0325,1.5964
14374,18:15:14.261,1993,-0.0266,1.6061
14375,18:15:14.262,1982,-0.0320,1.5972
14376,18:15:14.262,1976,-0.0349,1.5924
14377,18:15:14.263,1966,-0.0398,1.5843
14378,18:15:14.263,1956,-0.0447,1.5763
14379,18:15:14.264,1951,-0.0471,1.5722
14380,18:15:14.264,1954,-0.0457,1.5747
14381,18:15:14.265,1942,-0.0515,1.5650
14382,18:15:14.265,1944,-0.0505,1.5666
14383,18:15:14.266,1971,-0.0374,1.5884
14384,18:15:14.266,1963,-0.0413,1.5819
14385,18:15:14.267,1959,-0.0432,1.5787
14386,18:15:14.267,1965,-0.0403,1.5835
14387,18:15:14.268,1979,-0.0335,1.5948
14388,18:15:14.268,1951,-0.0471,1.5722
14389,18:15:14.269,1944,-0.0505,1.5666
14390,18:15:14.269,1962,-0.0418,1.5811
14391,18:15:14.270,1968,-0.0388,1.5859
14392,18:15:14.270,1961,-0.0422,1.5803
14393,18:15:14.271,1975,-0.0354,1.5916
14394,18:15:14.271,1990,-0.0281,1.6037
14395,18:15:14.272,1986,-0.0300,1.6004
14396,18:15:14.272,1978,-0.0339,1.5940
14397,18:15:14.273,1971,-0.0374,1.5884
14398,18:15:14.273,1960,-0.0427,1.5795
14399,18:15:14.274,1952,-0.0466,1.5730
14400,18:15:14.274,1951,-0.0471,1.5722
14401,18:15:14.275,1948,-0.0486,1.5698
14402,18:15:14.275,1939,-0.0530,1.5626
14403,18:15:14.276,1960,-0.0427,1.5795
14404,18:15:14.276,1962,-0.0418,1.5811
14405,18:15:14.277,1962,-0.0418,1.5811
14406,18:15:14.277,1960,-0.0427,1.5795
14407,18:15:14.278,1975,-0.0354,1.5916
14408,18:15:14.278,1959,-0.0432,1.5787
14409,18:15:14.279,1941,-0.0520,1.5642
14410,18:15:14.279,1962,-0.0418,1.5811
14411,18:15:14.280,1969,-0.0383,1.5867
14412,18:15:14.280,1963,-0.0413,1.5819
14413,18:15:14.281,1969,-0.0383,1.5867
14414,18:15:14.281,1986,-0.0300,1.6004
14415,18:15:14.282,1985,-0.0305,1.5996
14416,18:15:14.282,1980,-0.0330,1.5956
14417,18:15:14.283,1975,-0.0354,1.5916
14418,18:15:14.283,1961,-0.0422,1.5803
14419,18:15:14.284,1949,-0.0481,1.5706
14420,18:15:14.284,1951,-0.0471,1.5722
14421,18:15:14.285,1953,-0.0462,1.5738
14422,18:15:14.285,1939,-0.0530,1.5626
14423,18:15:14.286,1955,-0.0452,1.5755
14424,18:15:14.286,1965,-0.0403,1.5835
14425,18:15:14.287,1959,-0.0432,1.5787
14426,18:15:14.287,1960,-0.0427,1.5795
14427,18:15:14.288,1973,-0.0364,1.5900
14428,18:15:14.288,1968,-0.0388,1.5859
14429,18:15:14.289,1940,-0.0525,1.5634
14430,18:15:14.289,1954,-0.0457,1.5747
14431,18:15:14.290,1970,-0.0379,1.5875
14432,18:15:14.290,1965,-0.0403,1.5835
14433,18:15:14.291,1963,-0.0413,1.5819
14434,18:15:14.291,1979,-0.0335,1.5948
14435,18:15:14.292,1986,-0.0300,1.6004
14436,18:15:14.292,1980,-0.0330,1.5956
14437,18:15:14.293,1977,-0.0344,1.5932
14438,18:15:14.293,1968,-0.0388,1.5859
14439,18:15:14.294,1953,-0.0462,1.5738
14440,18:15:14.294,1950,-0.0476,1.5714
14441,18:15:14.295,1952,-0.0466,1.5730
14442,18:15:14.295,1940,-0.0525,1.5634
14443,18:15:14.296,1951,-0.0471,1.5722
14444,18:15:14.296,1963,-0.0413,1.5819
14445,18:15:14.297,1958,-0.0437,1.5779
14446,18:15:14.297,1955,-0.0452,1.5755
14447,18:15:14.298,1969,-0.0383,1.5867
14448,18:15:14.298,1975,-0.0354,1.5916
14449,18:15:14.299,1946,-0.0496,1.5682
14450,18:15:14.299,1952,-0.0466,1.5730
14451,18:15:14.300,1969,-0.0383,1.5867
14452,18:15:14.300,1965,-0.0403,1.5835
14453,18:15:14.301,1957,-0.0442,1.5771
14454,18:15:14.301,1970,-0.0379,1.5875
14455,18:15:14.302,1986,-0.0300,1.6004
14456,18:15:14.302,1982,-0.0320,1.5972
14457,18:15:14.303,1976,-0.0349,1.5924
14458,18:15:14.303,1967,-0.0393,1.5851
14459,18:15:14.304,1958,-0.0437,1.5779
14460,18:15:14.304,1949,-0.0481,1.5706
14461,18:15:14.305,1954,-0.0457,1.5747
14462,18:15:14.305,1940,-0.0525,1.5634
14463,18:15:14.306,1942,-0.0515,1.5650
14464,18:15:14.306,1959,-0.0432,1.5787
14465,18:15:14.307,1958,-0.0437,1.5779
14466,18:15:14.307,1958,-0.0437,1.5779
14467,18:15:14.308,1959,-0.0432,1.5787
14468,18:15:14.308,1979,-0.0335,1.5948
14469,18:15:14.309,1951,-0.0471,1.5722
14470,18:15:14.309,1946,-0.0496,1.5682
14471,18:15:14.310,1961,-0.0422,1.5803
14472,18:15:14.310,1964,-0.0408,1.5827
14473,18:15:14.311,1961,-0.0422,1.5803
14474,18:15:14.311,1966,-0.0398,1.5843
14475,18:15:14.312,1980,-0.0330,1.5956
14476,18:15:14.312,1978,-0.0339,1.5940
14477,18:15:14.313,1979,-0.0335,1.5948
14478,18:15:14.313,1968,-0.0388,1.5859
14479,18:15:14.314,1960,-0.0427,1.5795
14480,18:15:14.314,1947,-0.0491,1.5690
14481,18:15:14.315,1952,-0.0466,1.5730
14482,18:15:14.315,1945,-0.0501,1.5674
14483,18:15:14.316,1933,-0.0559,1.5577
14484,18:15:14.316,1954,-0.0457,1.5747
14485,18:15:14.317,1955,-0.0452,1.5755
14486,18:15:14.317,1958,-0.0437,1.5779
14487,18:15:14.318,1959,-0.0432,1.5787
14488,18:15:14.318,1974,-0.0359,1.5908
14489,18:15:14.319,1958,-0.0437,1.5779
14490,18:15:14.319,1942,-0.0515,1.5650
14491,18:15:14.320,1957,-0.0442,1.5771
14492,18:15:14.320,1966,-0.0398,1.5843
14493,18:15:14.321,1959,-0.0432,1.5787
14494,18:15:14.321,1961,-0.0422,1.5803
14495,18:15:14.322,1977,-0.0344,1.5932
14496,18:15:14.322,1980,-0.0330,1.5956
14497,18:15:14.323,1974,-0.0359,1.5908
14498,18:15:14.323,1973,-0.0364,1.5900
14499,18:15:14.324,1965,-0.0403,1.5835
14500,18:15:14.324,1951,-0.0471,1.5722
14501,18:15:14.325,1954,-0.0457,1.5747
14502,18:15:14.325,1946,-0.0496,1.5682
14503,18:15:14.326,1930,-0.0574,1.5553
14504,18:15:14.326,1952,-0.0466,1.5730
14505,18:15:14.327,1955,-0.0452,1.5755
14506,18:15:14.327,1961,-0.0422,1.5803
14507,18:15:14.328,1950,-0.0476,1.5714
14508,18:15:14.328,1972,-0.0369,1.5892
14509,18:15:14.329,1970,-0.0379,1.5875
14510,18:15:14.329,1946,-0.0496,1.5682
14511,18:15:14.330,1954,-0.0457,1.5747
14512,18:15:14.330,1967,-0.0393,1.5851
14513,18:15:14.331,1964,-0.0408,1.5827
14514,18:15:14.331,1960,-0.0427,1.5795
14515,18:15:14.332,1970,-0.0379,1.5875
14516,18:15:14.332,1977,-0.0344,1.5932
14517,18:15:14.333,1975,-0.0354,1.5916
14518,18:15:14.333,1974,-0.0359,1.5908
14519,18:15:14.334,1969,-0.0383,1.5867
14520,18:15:14.334,1953,-0.0462,1.5738
14521,18:15:14.335,1949,-0.0481,1.5706
14522,18:15:14.335,1954,-0.0457,1.5747
14523,18:15:14.336,1933,-0.0559,1.5577
14524,18:15:14.336,1948,-0.0486,1.5698
14525,18:15:14.337,1952,-0.0466,1.5730
14526,18:15:14.337,1960,-0.0427,1.5795
14527,18:15:14.338,1949,-0.0481,1.5706
14528,18:15:14.338,1965,-0.0403,1.5835
14529,18:15:14.339,1974,-0.0359,1.5908
14530,18:15:14.339,1953,-0.0462,1.5738
14531,18:15:14.340,1954,-0.0457,1.5747
14532,18:15:14.340,1964,-0.0408,1.5827
14533,18:15:14.341,1964,-0.0408,1.5827
14534,18:15:14.341,1958,-0.0437,1.5779
14535,18:15:14.342,1964,-0.0408,1.5827
14536,18:15:14.342,1974,-0.0359,1.5908
14537,18:15:14.343,1978,-0.0339,1.5940
14538,18:15:14.343,1974,-0.0359,1.5908
14539,18:15:14.344,1968,-0.0388,1.5859
14540,18:15:14.344,1955,-0.0452,1.5755
14541,18:15:14.345,1950,-0.0476,1.5714
14542,18:15:14.345,1954,-0.0457,1.5747
14543,18:15:14.346,1935,-0.0549,1.5593
14544,18:15:14.346,1944,-0.0505,1.5666
14545,18:15:14.347,1950,-0.0476,1.5714
14546,18:15:14.347,1958,-0.0437,1.5779
14547,18:15:14.348,1951,-0.0471,1.5722
14548,18:15:14.348,1963,-0.0413,1.5819
14549,18:15:14.349,1978,-0.0339,1.5940
14550,18:15:14.349,1956,-0.0447,1.5763
14551,18:15:14.350,1950,-0.0476,1.5714
14552,18:15:14.350,1962,-0.0418,1.5811
14553,18:15:14.351,1967,-0.0393,1.5851
14554,18:15:14.351,1958,-0.0437,1.5779
14555,18:15:14.352,1960,-0.0427,1.5795
14556,18:15:14.352,1974,-0.0359,1.5908
14557,18:15:14.353,1976,-0.0349,1.5924
14558,18:15:14.353,1974,-0.0359,1.5908
14559,18:15:14.354,1969,-0.0383,1.5867
14560,18:15:14.354,1961,-0.0422,1.5803
14561,18:15:14.355,1952,-0.0466,1.5730
14562,18:15:14.355,1954,-0.0457,1.5747
14563,18:15:14.356,1940,-0.0525,1.5634
14564,18:15:14.356,1939,-0.0530,1.5626
14565,18:15:14.357,1947,-0.0491,1.5690
14566,18:15:14.357,1958,-0.0437,1.5779
14567,18:15:14.358,1957,-0.0442,1.5771
14568,18:15:14.358,1955,-0.0452,1.5755
14569,18:15:14.359,1977,-0.0344,1.5932
14570,18:15:14.359,1965,-0.0403,1.5835
14571,18:15:14.360,1950,-0.0476,1.5714
14572,18:15:14.360,1961,-0.0422,1.5803
14573,18:15:14.361,1967,-0.0393,1.5851
14574,18:15:14.361,1961,-0.0422,1.5803
14575,18:15:14.362,1957,-0.0442,1.5771
14576,18:15:14.362,1973,-0.0364,1.5900
14577,18:15:14.363,1975,-0.0354,1.5916
14578,18:15:14.363,1973,-0.0364,1.5900
14579,18:15:14.364,1972,-0.0369,1.5892
14580,18:15:14.364,1968,-0.0388,1.5859
14581,18:15:14.365,1954,-0.0457,1.5747
14582,18:15:14.365,1954,-0.0457,1.5747
14583,18:15:14.366,1949,-0.0481,1.5706
14584,18:15:14.366,1941,-0.0520,1.5642
14585,18:15:14.367,1944,-0.0505,1.5666
14586,18:15:14.367,1954,-0.0457,1.5747
14587,18:15:14.368,1959,-0.0432,1.5787
14588,18:15:14.368,1953,-0.0462,1.5738
14589,18:15:14.369,1973,-0.0364,1.5900
14590,18:15:14.369,1974,-0.0359,1.5908
14591,18:15:14.370,1955,-0.0452,1.5755
14592,18:15:14.370,1960,-0.0427,1.5795
14593,18:15:14.371,1965,-0.0403,1.5835
14594,18:15:14.371,1963,-0.0413,1.5819
14595,18:15:14.372,1955,-0.0452,1.5755
14596,18:15:14.372,1966,-0.0398,1.5843
14597,18:15:14.373,1975,-0.0354,1.5916
14598,18:15:14.373,1975,-0.0354,1.5916
14599,18:15:14.374,1971,-0.0374,1.5884
14600,18:15:14.374,1970,-0.0379,1.5875
14601,18:15:14.375,1957,-0.0442,1.5771
14602,18:15:14.375,1954,-0.0457,1.5747
14603,18:15:14.376,1954,-0.0457,1.5747
14604,18:15:14.376,1936,-0.0545,1.5601
14605,18:15:14.377,1945,-0.0501,1.5674
14606,18:15:14.377,1949,-0.0481,1.5706
14607,18:15:14.378,1957,-0.0442,1.5771
14608,18:15:14.378,1953,-0.0462,1.5738
14609,18:15:14.379,1966,-0.0398,1.5843
14610,18:15:14.379,1979,-0.0335,1.5948
14611,18:15:14.380,1959,-0.0432,1.5787
14612,18:15:14.380,1959,-0.0432,1.5787
14613,18:15:14.381,1967,-0.0393,1.5851
14614,18:15:14.381,1969,-0.0383,1.5867
14615,18:15:14.382,1959,-0.0432,1.5787
14616,18:15:14.382,1961,-0.0422,1.5803
14617,18:15:14.383,1974,-0.0359,1.5908
14618,18:15:14.383,1972,-0.0369,1.5892
14619,18:15:14.384,1972,-0.0369,1.5892
14620,18:15:14.384,1970,-0.0379,1.5875
14621,18:15:14.385,1961,-0.0422,1.5803
14622,18:15:14.385,1950,-0.0476,1.5714
14623,18:15:14.386,1959,-0.0432,1.5787
14624,18:15:14.386,1940,-0.0525,1.5634
14625,18:15:14.387,1945,-0.0501,1.5674
14626,18:15:14.387,1945,-0.0501,1.5674
14627,18:15:14.388,1957,-0.0442,1.5771
14628,18:15:14.388,1951,-0.0471,1.5722
14629,18:15:14.389,1961,-0.0422,1.5803
14630,18:15:14.389,1979,-0.0335,1.5948
14631,18:15:14.390,1965,-0.0403,1.5835
14632,18:15:14.390,1959,-0.0432,1.5787
14633,18:15:14.391,1966,-0.0398,1.5843
14634,18:15:14.391,1967,-0.0393,1.5851
14635,18:15:14.392,1961,-0.0422,1.5803
14636,18:15:14.392,1958,-0.0437,1.5779
14637,18:15:14.393,1968,-0.0388,1.5859
14638,18:15:14.393,1977,-0.0344,1.5932
14639,18:15:14.394,1973,-0.0364,1.5900
14640,18:15:14.394,1972,-0.0369,1.5892
14641,18:15:14.395,1967,-0.0393,1.5851
14642,18:15:14.395,1951,-0.0471,1.5722
14643,18:15:14.396,1960,-0.0427,1.5795
14644,18:15:14.396,1942,-0.0515,1.5650
14645,18:15:14.397,1945,-0.0501,1.5674
14646,18:15:14.397,1943,-0.0510,1.5658
14647,18:15:14.398,1954,-0.0457,1.5747
14648,18:15:14.398,1952,-0.0466,1.5730
14649,18:15:14.399,1954,-0.0457,1.5747
14650,18:15:14.399,1974,-0.0359,1.5908
14651,18:15:14.400,1973,-0.0364,1.5900
14652,18:15:14.400,1954,-0.0457,1.5747
14653,18:15:14.401,1961,-0.0422,1.5803
14654,18:15:14.401,1967,-0.0393,1.5851
14655,18:15:14.402,1960,-0.0427,1.5795
14656,18:15:14.402,1954,-0.0457,1.5747
14657,18:15:14.403,1966,-0.0398,1.5843
14658,18:15:14.403,1973,-0.0364,1.5900
14659,18:15:14.404,1967,-0.0393,1.5851
14660,18:15:14.404,1968,-0.0388,1.5859
14661,18:15:14.405,1967,-0.0393,1.5851
14662,18:15:14.405,1950,-0.0476,1.5714
14663,18:15:14.406,1959,-0.0432,1.5787
14664,18:15:14.406,1945,-0.0501,1.5674
14665,18:15:14.407,1938,-0.0535,1.5618
14666,18:15:14.407,1938,-0.0535,1.5618
14667,18:15:14.408,1952,-0.0466,1.5730
14668,18:15:14.408,1954,-0.0457,1.5747
14669,18:15:14.409,1947,-0.0491,1.5690
14670,18:15:14.409,1971,-0.0374,1.5884
14671,18:15:14.410,1973,-0.0364,1.5900
14672,18:15:14.410,1957,-0.0442,1.5771
14673,18:15:14.411,1962,-0.0418,1.5811
14674,18:15:14.411,1968,-0.0388,1.5859
14675,18:15:14.412,1962,-0.0418,1.5811
14676,18:15:14.412,1954,-0.0457,1.5747
14677,18:15:14.413,1958,-0.0437,1.5779
14678,18:15:14.413,1967,-0.0393,1.5851
14679,18:15:14.414,1967,-0.0393,1.5851
14680,18:15:14.414,1964,-0.0408,1.5827
14681,18:15:14.415,1965,-0.0403,1.5835
14682,18:15:14.415,1953,-0.0462,1.5738
14683,18:15:14.416,1955,-0.0452,1.5755
14684,18:15:14.416,1946,-0.0496,1.5682
14685,18:15:14.417,1936,-0.0545,1.5601
14686,18:15:14.417,1941,-0.0520,1.5642
14687,18:15:14.418,1945,-0.0501,1.5674
14688,18:15:14.418,1954,-0.0457,1.5747
14689,18:15:14.419,1944,-0.0505,1.5666
14690,18:15:14.419,1964,-0.0408,1.5827
14691,18:15:14.420,1973,-0.0364,1.5900
14692,18:15:14.420,1959,-0.0432,1.5787
14693,18:15:14.421,1956,-0.0447,1.5763
14694,18:15:14.421,1960,-0.0427,1.5795
14695,18:15:14.422,1965,-0.0403,1.5835
14696,18:15:14.422,1956,-0.0447,1.5763
14697,18:15:14.423,1956,-0.0447,1.5763
14698,18:15:14.423,1961,-0.0422,1.5803
14699,18:15:14.424,1962,-0.0418,1.5811
14700,18:15:14.424,1964,-0.0408,1.5827
14701,18:15:14.425,1968,-0.0388,1.5859
14702,18:15:14.425,1955,-0.0452,1.5755
14703,18:15:14.426,1954,-0.0457,1.5747
14704,18:15:14.426,1951,-0.0471,1.5722
14705,18:15:14.427,1937,-0.0540,1.5610
14706,18:15:14.427,1937,-0.0540,1.5610
14707,18:15:14.428,1942,-0.0515,1.5650
14708,18:15:14.428,1954,-0.0457,1.5747
14709,18:15:14.429,1942,-0.0515,1.5650
14710,18:15:14.429,1956,-0.0447,1.5763
14711,18:15:14.430,1974,-0.0359,1.5908
14712,18:15:14.430,1963,-0.0413,1.5819
14713,18:15:14.431,1955,-0.0452,1.5755
14714,18:15:14.431,1959,-0.0432,1.5787
14715,18:15:14.432,1964,-0.0408,1.5827
14716,18:15:14.432,1956,-0.0447,1.5763
14717,18:15:14.433,1953,-0.0462,1.5738
14718,18:15:14.433,1958,-0.0437,1.5779
14719,18:15:14.434,1962,-0.0418,1.5811
14720,18:15:14.434,1963,-0.0413,1.5819
14721,18:15:14.435,1966,-0.0398,1.5843
14722,18:15:14.435,1958,-0.0437,1.5779
14723,18:15:14.436,1949,-0.0481,1.5706
14724,18:15:14.436,1956,-0.0447,1.5763
14725,18:15:14.437,1941,-0.0520,1.5642
14726,18:15:14.437,1938,-0.0535,1.5618
14727,18:15:14.438,1938,-0.0535,1.5618
14728,18:15:14.438,1947,-0.0491,1.5690
14729,18:15:14.439,1944,-0.0505,1.5666
14730,18:15:14.439,1947,-0.0491,1.5690
14731,18:15:14.440,1968,-0.0388,1.5859
14732,18:15:14.440,1969,-0.0383,1.5867
14733,18:15:14.441,1958,-0.0437,1.5779
14734,18:15:14.441,1961,-0.0422,1.5803
14735,18:15:14.442,1966,-0.0398,1.5843
14736,18:15:14.442,1960,-0.0427,1.5795
14737,18:15:14.443,1950,-0.0476,1.5714
14738,18:15:14.443,1955,-0.0452,1.5755
14739,18:15:14.444,1963,-0.0413,1.5819
14740,18:15:14.444,1959,-0.0432,1.5787
14741,18:15:14.445,1963,-0.0413,1.5819
14742,18:15:14.445,1963,-0.0413,1.5819
14743,18:15:14.446,1950,-0.0476,1.5714
14744,18:15:14.446,1958,-0.0437,1.5779
14745,18:15:14.447,1941,-0.0520,1.5642
14746,18:15:14.447,1940,-0.0525,1.5634
14747,18:15:14.448,1939,-0.0530,1.5626
14748,18:15:14.448,1948,-0.0486,1.5698
14749,18:15:14.449,1946,-0.0496,1.5682
14750,18:15:14.449,1943,-0.0510,1.5658
14751,18:15:14.450,1964,-0.0408,1.5827
14752,18:15:14.450,1970,-0.0379,1.5875
14753,18:15:14.451,1960,-0.0427,1.5795
14754,18:15:14.451,1960,-0.0427,1.5795
14755,18:15:14.452,1964,-0.0408,1.5827
14756,18:15:14.452,1960,-0.0427,1.5795
14757,18:15:14.453,1953,-0.0462,1.5738
14758,18:15:14.453,1956,-0.0447,1.5763
14759,18:15:14.454,1960,-0.0427,1.5795
14760,18:15:14.454,1959,-0.0432,1.5787
14761,18:15:14.455,1963,-0.0413,1.5819
14762,18:15:14.455,1964,-0.0408,1.5827
14763,18:15:14.456,1953,-0.0462,1.5738
14764,18:15:14.456,1955,-0.0452,1.5755
14765,18:15:14.457,1948,-0.0486,1.5698
14766,18:15:14.457,1941,-0.0520,1.5642
14767,18:15:14.458,1937,-0.0540,1.5610
14768,18:15:14.458,1944,-0.0505,1.5666
14769,18:15:14.459,1946,-0.0496,1.5682
14770,18:15:14.459,1943,-0.0510,1.5658
14771,18:15:14.460,1959,-0.0432,1.5787
14772,18:15:14.460,1970,-0.0379,1.5875
14773,18:15:14.461,1964,-0.0408,1.5827
14774,18:15:14.461,1960,-0.0427,1.5795
14775,18:15:14.462,1961,-0.0422,1.5803
14776,18:15:14.462,1964,-0.0408,1.5827
14777,18:15:14.463,1954,-0.0457,1.5747
14778,18:15:14.463,1951,-0.0471,1.5722
14779,18:15:14.464,1956,-0.0447,1.5763
14780,18:15:14.464,1960,-0.0427,1.5795
14781,18:15:14.465,1958,-0.0437,1.5779
14782,18:15:14.465,1966,-0.0398,1.5843
14783,18:15:14.466,1953,-0.0462,1.5738
14784,18:15:14.466,1956,-0.0447,1.5763
14785,18:15:14.467,1949,-0.0481,1.5706
14786,18:15:14.467,1942,-0.0515,1.5650
14787,18:15:14.468,1938,-0.0535,1.5618
14788,18:15:14.468,1941,-0.0520,1.5642
14789,18:15:14.469,1946,-0.0496,1.5682
14790,18:15:14.469,1943,-0.0510,1.5658
14791,18:15:14.470,1954,-0.0457,1.5747
14792,18:15:14.470,1971,-0.0374,1.5884
14793,18:15:14.471,1966,-0.0398,1.5843
14794,18:15:14.471,1958,-0.0437,1.5779
14795,18:15:14.472,1964,-0.0408,1.5827
14796,18:15:14.472,1966,-0.0398,1.5843
14797,18:15:14.473,1956,-0.0447,1.5763
14798,18:15:14.473,1952,-0.0466,1.5730
14799,18:15:14.474,1955,-0.0452,1.5755
14800,18:15:14.474,1958,-0.0437,1.5779
14801,18:15:14.475,1957,-0.0442,1.5771
14802,18:15:14.475,1962,-0.0418,1.5811
14803,18:15:14.476,1956,-0.0447,1.5763
14804,18:15:14.476,1954,-0.0457,1.5747
14805,18:15:14.477,1956,-0.0447,1.5763
14806,18:15:14.477,1943,-0.0510,1.5658
14807,18:15:14.478,1935,-0.0549,1.5593
14808,18:15:14.478,1937,-0.0540,1.5610
14809,18:15:14.479,1947,-0.0491,1.5690
14810,18:15:14.479,1945,-0.0501,1.5674
14811,18:15:14.480,1948,-0.0486,1.5698
14812,18:15:14.480,1968,-0.0388,1.5859
14813,18:15:14.481,1970,-0.0379,1.5875
14814,18:15:14.481,1963,-0.0413,1.5819
14815,18:15:14.482,1964,-0.0408,1.5827
14816,18:15:14.482,1967,-0.0393,1.5851
14817,18:15:14.483,1961,-0.0422,1.5803
14818,18:15:14.483,1953,-0.0462,1.5738
14819,18:15:14.484,1954,-0.0457,1.5747
14820,18:15:14.484,1958,-0.0437,1.5779
14821,18:15:14.485,1957,-0.0442,1.5771
14822,18:15:14.485,1961,-0.0422,1.5803
14823,18:15:14.486,1956,-0.0447,1.5763
14824,18:15:14.486,1951,-0.0471,1.5722
14825,18:15:14.487,1955,-0.0452,1.5755
14826,18:15:14.487,1948,-0.0486,1.5698
14827,18:15:14.488,1941,-0.0520,1.5642
14828,18:15:14.488,1934,-0.0554,1.5585
14829,18:15:14.489,1945,-0.0501,1.5674
14830,18:15:14.489,1947,-0.0491,1.5690
14831,18:15:14.490,1945,-0.0501,1.5674
14832,18:15:14.490,1963,-0.0413,1.5819
14833,18:15:14.491,1970,-0.0379,1.5875
14834,18:15:14.491,1962,-0.0418,1.5811
14835,18:15:14.492,1960,-0.0427,1.5795
14836,18:15:14.492,1963,-0.0413,1.5819
14837,18:15:14.493,1962,-0.0418,1.5811
14838,18:15:14.493,1954,-0.0457,1.5747
14839,18:15:14.494,1953,-0.0462,1.5738
14840,18:15:14.494,1957,-0.0442,1.5771
14841,18:15:14.495,1953,-0.0462,1.5738
14842,18:15:14.495,1961,-0.0422,1.5803
14843,18:15:14.496,1956,-0.0447,1.5763
14844,18:15:14.496,1956,-0.0447,1.5763
14845,18:15:14.497,1955,-0.0452,1.5755
14846,18:15:14.497,1947,-0.0491,1.5690
14847,18:15:14.498,1944,-0.0505,1.5666
14848,18:15:14.498,1937,-0.0540,1.5610
14849,18:15:14.499,1943,-0.0510,1.5658
14850,18:15:14.499,1947,-0.0491,1.5690
14851,18:15:14.500,1939,-0.0530,1.5626
14852,18:15:14.500,1953,-0.0462,1.5738
14853,18:15:14.501,1969,-0.0383,1.5867
14854,18:15:14.501,1961,-0.0422,1.5803
14855,18:15:14.502,1962,-0.0418,1.5811
14856,18:15:14.502,1964,-0.0408,1.5827
14857,18:15:14.503,1960,-0.0427,1.5795
14858,18:15:14.503,1952,-0.0466,1.5730
14859,18:15:14.504,1944,-0.0505,1.5666
14860,18:15:14.504,1953,-0.0462,1.5738
14861,18:15:14.505,1954,-0.0457,1.5747
14862,18:15:14.505,1954,-0.0457,1.5747
14863,18:15:14.506,1957,-0.0442,1.5771
14864,18:15:14.506,1945,-0.0501,1.5674
14865,18:15:14.507,1951,-0.0471,1.5722
14866,18:15:14.507,1949,-0.0481,1.5706
14867,18:15:14.508,1941,-0.0520,1.5642
14868,18:15:14.508,1933,-0.0559,1.5577
14869,18:15:14.509,1934,-0.0554,1.5585
14870,18:15:14.509,1942,-0.0515,1.5650
14871,18:15:14.510,1935,-0.0549,1.5593
14872,18:15:14.510,1947,-0.0491,1.5690
14873,18:15:14.511,1963,-0.0413,1.5819
14874,18:15:14.511,1964,-0.0408,1.5827
14875,18:15:14.512,1955,-0.0452,1.5755
14876,18:15:14.512,1960,-0.0427,1.5795
14877,18:15:14.513,1961,-0.0422,1.5803
14878,18:15:14.513,1956,-0.0447,1.5763
14879,18:15:14.514,1943,-0.0510,1.5658
14880,18:15:14.514,1949,-0.0481,1.5706
14881,18:15:14.515,1951,-0.0471,1.5722
14882,18:15:14.515,1946,-0.0496,1.5682
14883,18:15:14.516,1956,-0.0447,1.5763
14884,18:15:14.516,1948,-0.0486,1.5698
14885,18:15:14.517,1950,-0.0476,1.5714
14886,18:15:14.517,1948,-0.0486,1.5698
14887,18:15:14.518,1944,-0.0505,1.5666
14888,18:15:14.518,1935,-0.0549,1.5593
14889,18:15:14.519,1932,-0.0564,1.5569
14890,18:15:14.519,1942,-0.0515,1.5650
14891,18:15:14.520,1937,-0.0540,1.5610
14892,18:15:14.520,1939,-0.0530,1.5626
14893,18:15:14.521,1959,-0.0432,1.5787
14894,18:15:14.521,1964,-0.0408,1.5827
14895,18:15:14.522,1958,-0.0437,1.5779
14896,18:15:14.522,1958,-0.0437,1.5779
14897,18:15:14.523,1963,-0.0413,1.5819
14898,18:15:14.523,1954,-0.0457,1.5747
14899,18:15:14.524,1943,-0.0510,1.5658
14900,18:15:14.524,1945,-0.0501,1.5674
14901,18:15:14.525,1947,-0.0491,1.5690
14902,18:15:14.525,1944,-0.0505,1.5666
14903,18:15:14.526,1952,-0.0466,1.5730
14904,18:15:14.526,1948,-0.0486,1.5698
14905,18:15:14.527,1947,-0.0491,1.5690
14906,18:15:14.527,1947,-0.0491,1.5690
14907,18:15:14.528,1943,-0.0510,1.5658
14908,18:15:14.528,1934,-0.0554,1.5585
14909,18:15:14.529,1931,-0.0569,1.5561
14910,18:15:14.529,1938,-0.0535,1.5618
14911,18:15:14.530,1938,-0.0535,1.5618
14912,18:15:14.530,1934,-0.0554,1.5585
14913,18:15:14.531,1954,-0.0457,1.5747
14914,18:15:14.531,1961,-0.0422,1.5803
14915,18:15:14.532,1958,-0.0437,1.5779
14916,18:15:14.532,1957,-0.0442,1.5771
14917,18:15:14.533,1962,-0.0418,1.5811
14918,18:15:14.533,1956,-0.0447,1.5763
14919,18:15:14.534,1946,-0.0496,1.5682
14920,18:15:14.534,1942,-0.0515,1.5650
14921,18:15:14.535,1947,-0.0491,1.5690
14922,18:15:14.535,1945,-0.0501,1.5674
14923,18:15:14.536,1949,-0.0481,1.5706
14924,18:15:14.536,1945,-0.0501,1.5674
14925,18:15:14.537,1947,-0.0491,1.5690
14926,18:15:14.537,1950,-0.0476,1.5714
14927,18:15:14.538,1946,-0.0496,1.5682
14928,18:15:14.538,1940,-0.0525,1.5634
14929,18:15:14.539,1933,-0.0559,1.5577
14930,18:15:14.539,1938,-0.0535,1.5618
14931,18:15:14.540,1939,-0.0530,1.5626
14932,18:15:14.540,1936,-0.0545,1.5601
14933,18:15:14.541,1946,-0.0496,1.5682
14934,18:15:14.541,1959,-0.0432,1.5787
14935,18:15:14.542,1959,-0.0432,1.5787
14936,18:15:14.542,1955,-0.0452,1.5755
14937,18:15:14.543,1957,-0.0442,1.5771
14938,18:15:14.543,1962,-0.0418,1.5811
14939,18:15:14.544,1950,-0.0476,1.5714
14940,18:15:14.544,1944,-0.0505,1.5666
14941,18:15:14.545,1948,-0.0486,1.5698
14942,18:15:14.545,1945,-0.0501,1.5674
14943,18:15:14.546,1946,-0.0496,1.5682
14944,18:15:14.546,1948,-0.0486,1.5698
14945,18:15:14.547,1945,-0.0501,1.5674
14946,18:15:14.547,1951,-0.0471,1.5722
14947,18:15:14.548,1945,-0.0501,1.5674
14948,18:15:14.548,1944,-0.0505,1.5666
14949,18:15:14.549,1931,-0.0569,1.5561
14950,18:15:14.549,1933,-0.0559,1.5577
14951,18:15:14.550,1938,-0.0535,1.5618
14952,18:15:14.550,1931,-0.0569,1.5561
14953,18:15:14.551,1945,-0.0501,1.5674
14954,18:15:14.551,1959,-0.0432,1.5787
14955,18:15:14.552,1959,-0.0432,1.5787
14956,18:15:14.552,1958,-0.0437,1.5779
14957,18:15:14.553,1960,-0.0427,1.5795
14958,18:15:14.553,1962,-0.0418,1.5811
14959,18:15:14.554,1952,-0.0466,1.5730
14960,18:15:14.554,1941,-0.0520,1.5642
14961,18:15:14.555,1942,-0.0515,1.5650
14962,18:15:14.555,1942,-0.0515,1.5650
14963,18:15:14.556,1943,-0.0510,1.5658
14964,18:15:14.556,1951,-0.0471,1.5722
14965,18:15:14.557,1944,-0.0505,1.5666
14966,18:15:14.557,1946,-0.0496,1.5682
14967,18:15:14.558,1948,-0.0486,1.5698
14968,18:15:14.558,1943,-0.0510,1.5658
14969,18:15:14.559,1934,-0.0554,1.5585
14970,18:15:14.559,1931,-0.0569,1.5561
14971,18:15:14.560,1939,-0.0530,1.5626
14972,18:15:14.560,1933,-0.0559,1.5577
14973,18:15:14.561,1936,-0.0545,1.5601
14974,18:15:14.561,1951,-0.0471,1.5722
14975,18:15:14.562,1964,-0.0408,1.5827
14976,18:15:14.562,1956,-0.0447,1.5763
14977,18:15:14.563,1955,-0.0452,1.5755
14978,18:15:14.563,1955,-0.0452,1.5755
14979,18:15:14.564,1959,-0.0432,1.5787
14980,18:15:14.564,1944,-0.0505,1.5666
14981,18:15:14.565,1942,-0.0515,1.5650
14982,18:15:14.565,1947,-0.0491,1.5690
14983,18:15:14.566,1940,-0.0525,1.5634
14984,18:15:14.566,1945,-0.0501,1.5674
14985,18:15:14.567,1942,-0.0515,1.5650
14986,18:15:14.567,1946,-0.0496,1.5682
14987,18:15:14.568,1950,-0.0476,1.5714
14988,18:15:14.568,1942,-0.0515,1.5650
14989,18:15:14.569,1933,-0.0559,1.5577
14990,18:15:14.569,1929,-0.0579,1.5545
14991,18:15:14.570,1938,-0.0535,1.5618
14992,18:15:14.570,1930,-0.0574,1.5553
14993,18:15:14.571,1933,-0.0559,1.5577
14994,18:15:14.571,1945,-0.0501,1.5674
14995,18:15:14.572,1958,-0.0437,1.5779
14996,18:15:14.572,1952,-0.0466,1.5730
14997,18:15:14.573,1953,-0.0462,1.5738
14998,18:15:14.573,1957,-0.0442,1.5771
14999,18:15:14.574,1953,-0.0462,1.5738
15000,18:15:14.574,1942,-0.0515,1.5650
15001,18:15:14.575,1934,-0.0554,1.5585
15002,18:15:14.575,1937,-0.0540,1.5610
15003,18:15:14.576,1933,-0.0559,1.5577
15004,18:15:14.576,1941,-0.0520,1.5642
15005,18:15:14.577,1936,-0.0545,1.5601
15006,18:15:14.577,1938,-0.0535,1.5618
15007,18:15:14.578,1940,-0.0525,1.5634
15008,18:15:14.578,1943,-0.0510,1.5658
15009,18:15:14.579,1934,-0.0554,1.5585
15010,18:15:14.579,1924,-0.0603,1.5505
15011,18:15:14.580,1929,-0.0579,1.5545
15012,18:15:14.580,1932,-0.0564,1.5569
15013,18:15:14.581,1927,-0.0589,1.5529
15014,18:15:14.581,1934,-0.0554,1.5585
15015,18:15:14.582,1949,-0.0481,1.5706
15016,18:15:14.582,1949,-0.0481,1.5706
15017,18:15:14.583,1950,-0.0476,1.5714
15018,18:15:14.583,1953,-0.0462,1.5738
15019,18:15:14.584,1953,-0.0462,1.5738
15020,18:15:14.584,1944,-0.0505,1.5666
15021,18:15:14.585,1930,-0.0574,1.5553
15022,18:15:14.585,1933,-0.0559,1.5577
15023,18:15:14.586,1931,-0.0569,1.5561
15024,18:15:14.586,1939,-0.0530,1.5626
15025,18:15:14.587,1934,-0.0554,1.5585
15026,18:15:14.587,1935,-0.0549,1.5593
15027,18:15:14.588,1937,-0.0540,1.5610
15028,18:15:14.588,1939,-0.0530,1.5626
15029,18:15:14.589,1934,-0.0554,1.5585
15030,18:15:14.589,1925,-0.0598,1.5513
15031,18:15:14.590,1927,-0.0589,1.5529
15032,18:15:14.590,1929,-0.0579,1.5545
15033,18:15:14.591,1924,-0.0603,1.5505
15034,18:15:14.591,1932,-0.0564,1.5569
15035,18:15:14.592,1944,-0.0505,1.5666
15036,18:15:14.592,1950,-0.0476,1.5714
15037,18:15:14.593,1946,-0.0496,1.5682
15038,18:15:14.593,1948,-0.0486,1.5698
15039,18:15:14.594,1952,-0.0466,1.5730
15040,18:15:14.594,1945,-0.0501,1.5674
15041,18:15:14.595,1932,-0.0564,1.5569
15042,18:15:14.595,1932,-0.0564,1.5569
15043,18:15:14.596,1931,-0.0569,1.5561
15044,18:15:14.596,1931,-0.0569,1.5561
15045,18:15:14.597,1934,-0.0554,1.5585
15046,18:15:14.597,1931,-0.0569,1.5561
15047,18:15:14.598,1935,-0.0549,1.5593
15048,18:15:14.598,1940,-0.0525,1.5634
15049,18:15:14.599,1937,-0.0540,1.5610
15050,18:15:14.599,1926,-0.0593,1.5521
15051,18:15:14.600,1927,-0.0589,1.5529
15052,18:15:14.600,1932,-0.0564,1.5569
15053,18:15:14.601,1923,-0.0608,1.5497
15054,18:15:14.601,1930,-0.0574,1.5553
15055,18:15:14.602,1941,-0.0520,1.5642
15056,18:15:14.602,1951,-0.0471,1.5722
15057,18:15:14.603,1948,-0.0486,1.5698
15058,18:15:14.603,1950,-0.0476,1.5714
15059,18:15:14.604,1953,-0.0462,1.5738
15060,18:15:14.604,1951,-0.0471,1.5722
15061,18:15:14.605,1934,-0.0554,1.5585
15062,18:15:14.605,1933,-0.0559,1.5577
15063,18:15:14.606,1930,-0.0574,1.5553
15064,18:15:14.606,1934,-0.0554,1.5585
15065,18:15:14.607,1938,-0.0535,1.5618
15066,18:15:14.607,1933,-0.0559,1.5577
15067,18:15:14.608,1940,-0.0525,1.5634
15068,18:15:14.608,1940,-0.0525,1.5634
15069,18:15:14.609,1942,-0.0515,1.5650
15070,18:15:14.609,1930,-0.0574,1.5553
15071,18:15:14.610,1923,-0.0608,1.5497
15072,18:15:14.610,1933,-0.0559,1.5577
15073,18:15:14.611,1929,-0.0579,1.5545
15074,18:15:14.611,1929,-0.0579,1.5545
15075,18:15:14.612,1936,-0.0545,1.5601
15076,18:15:14.612,1951,-0.0471,1.5722
15077,18:15:14.613,1949,-0.0481,1.5706
15078,18:15:14.613,1947,-0.0491,1.5690
15079,18:15:14.614,1952,-0.0466,1.5730
15080,18:15:14.614,1955,-0.0452,1.5755
15081,18:15:14.615,1943,-0.0510,1.5658
15082,18:15:14.615,1934,-0.0554,1.5585
15083,18:15:14.616,1935,-0.0549,1.5593
15084,18:15:14.616,1934,-0.0554,1.5585
15085,18:15:14.617,1936,-0.0545,1.5601
15086,18:15:14.617,1936,-0.0545,1.5601
15087,18:15:14.618,1937,-0.0540,1.5610
15088,18:15:14.618,1938,-0.0535,1.5618
15089,18:15:14.619,1944,-0.0505,1.5666
15090,18:15:14.619,1939,-0.0530,1.5626
15091,18:15:14.620,1929,-0.0579,1.5545
15092,18:15:14.620,1930,-0.0574,1.5553
15093,18:15:14.621,1930,-0.0574,1.5553
15094,18:15:14.621,1926,-0.0593,1.5521
15095,18:15:14.622,1933,-0.0559,1.5577
15096,18:15:14.622,1950,-0.0476,1.5714
15097,18:15:14.623,1953,-0.0462,1.5738
15098,18:15:14.623,1951,-0.0471,1.5722
15099,18:15:14.624,1950,-0.0476,1.5714
15100,18:15:14.624,1952,-0.0466,1.5730
15101,18:15:14.625,1945,-0.0501,1.5674
15102,18:15:14.625,1933,-0.0559,1.5577
15103,18:15:14.626,1936,-0.0545,1.5601
15104,18:15:14.626,1930,-0.0574,1.5553
15105,18:15:14.627,1936,-0.0545,1.5601
15106,18:15:14.627,1932,-0.0564,1.5569
15107,18:15:14.628,1935,-0.0549,1.5593
15108,18:15:14.628,1937,-0.0540,1.5610
15109,18:15:14.629,1940,-0.0525,1.5634
15110,18:15:14.629,1937,-0.0540,1.5610
15111,18:15:14.630,1924,-0.0603,1.5505
15112,18:15:14.630,1930,-0.0574,1.5553
15113,18:15:14.631,1926,-0.0593,1.5521
15114,18:15:14.631,1924,-0.0603,1.5505
15115,18:15:14.632,1927,-0.0589,1.5529
15116,18:15:14.632,1942,-0.0515,1.5650
15117,18:15:14.633,1946,-0.0496,1.5682
15118,18:15:14.633,1945,-0.0501,1.5674
15119,18:15:14.634,1944,-0.0505,1.5666
15120,18:15:14.634,1949,-0.0481,1.5706
15121,18:15:14.635,1944,-0.0505,1.5666
15122,18:15:14.635,1933,-0.0559,1.5577
15123,18:15:14.636,1929,-0.0579,1.5545
15124,18:15:14.636,1925,-0.0598,1.5513
15125,18:15:14.637,1925,-0.0598,1.5513
15126,18:15:14.637,1928,-0.0584,1.5537
15127,18:15:14.638,1926,-0.0593,1.5521
15128,18:15:14.638,1938,-0.0535,1.5618
15129,18:15:14.639,1934,-0.0554,1.5585
15130,18:15:14.639,1939,-0.0530,1.5626
15131,18:15:14.640,1924,-0.0603,1.5505
15132,18:15:14.640,1923,-0.0608,1.5497
15133,18:15:14.641,1930,-0.0574,1.5553
15134,18:15:14.641,1916,-0.0642,1.5440
15135,18:15:14.642,1924,-0.0603,1.5505
15136,18:15:14.642,1932,-0.0564,1.5569
15137,18:15:14.643,1945,-0.0501,1.5674
15138,18:15:14.643,1945,-0.0501,1.5674
15139,18:15:14.644,1943,-0.0510,1.5658
15140,18:15:14.644,1948,-0.0486,1.5698
15141,18:15:14.645,1947,-0.0491,1.5690
15142,18:15:14.645,1933,-0.0559,1.5577
15143,18:15:14.646,1930,-0.0574,1.5553
15144,18:15:14.646,1927,-0.0589,1.5529
15145,18:15:14.647,1928,-0.0584,1.5537
15146,18:15:14.647,1934,-0.0554,1.5585
15147,18:15:14.648,1933,-0.0559,1.5577
15148,18:15:14.648,1935,-0.0549,1.5593
15149,18:15:14.649,1937,-0.0540,1.5610
15150,18:15:14.649,1938,-0.0535,1.5618
15151,18:15:14.650,1931,-0.0569,1.5561
15152,18:15:14.650,1929,-0.0579,1.5545
15153,18:15:14.651,1934,-0.0554,1.5585
15154,18:15:14.651,1929,-0.0579,1.5545
15155,18:15:14.652,1923,-0.0608,1.5497
15156,18:15:14.652,1936,-0.0545,1.5601
15157,18:15:14.653,1947,-0.0491,1.5690
15158,18:15:14.653,1947,-0.0491,1.5690
15159,18:15:14.654,1951,-0.0471,1.5722
15160,18:15:14.654,1951,-0.0471,1.5722
15161,18:15:14.655,1956,-0.0447,1.5763
15162,18:15:14.655,1944,-0.0505,1.5666
15163,18:15:14.656,1938,-0.0535,1.5618
15164,18:15:14.656,1933,-0.0559,1.5577
15165,18:15:14.657,1930,-0.0574,1.5553
15166,18:15:14.657,1935,-0.0549,1.5593
15167,18:15:14.658,1934,-0.0554,1.5585
15168,18:15:14.658,1932,-0.0564,1.5569
15169,18:15:14.659,1937,-0.0540,1.5610
15170,18:15:14.659,1940,-0.0525,1.5634
15171,18:15:14.660,1937,-0.0540,1.5610
15172,18:15:14.660,1929,-0.0579,1.5545
15173,18:15:14.661,1934,-0.0554,1.5585
15174,18:15:14.661,1928,-0.0584,1.5537
15175,18:15:14.662,1927,-0.0589,1.5529
15176,18:15:14.662,1932,-0.0564,1.5569
15177,18:15:14.663,1945,-0.0501,1.5674
15178,18:15:14.663,1950,-0.0476,1.5714
15179,18:15:14.664,1949,-0.0481,1.5706
15180,18:15:14.664,1947,-0.0491,1.5690
15181,18:15:14.665,1953,-0.0462,1.5738
15182,18:15:14.665,1947,-0.0491,1.5690
15183,18:15:14.666,1935,-0.0549,1.5593
15184,18:15:14.666,1933,-0.0559,1.5577
15185,18:15:14.667,1931,-0.0569,1.5561
15186,18:15:14.667,1934,-0.0554,1.5585
15187,18:15:14.668,1929,-0.0579,1.5545
15188,18:15:14.668,1936,-0.0545,1.5601
15189,18:15:14.669,1935,-0.0549,1.5593
15190,18:15:14.669,1938,-0.0535,1.5618
15191,18:15:14.670,1943,-0.0510,1.5658
15192,18:15:14.670,1928,-0.0584,1.5537
15193,18:15:14.671,1934,-0.0554,1.5585
15194,18:15:14.671,1932,-0.0564,1.5569
15195,18:15:14.672,1926,-0.0593,1.5521
15196,18:15:14.672,1926,-0.0593,1.5521
15197,18:15:14.673,1943,-0.0510,1.5658
15198,18:15:14.673,1949,-0.0481,1.5706
15199,18:15:14.674,1947,-0.0491,1.5690
15200,18:15:14.674,1949,-0.0481,1.5706
15201,18:15:14.675,1953,-0.0462,1.5738
15202,18:15:14.675,1951,-0.0471,1.5722
15203,18:15:14.676,1939,-0.0530,1.5626
15204,18:15:14.676,1932,-0.0564,1.5569
15205,18:15:14.677,1926,-0.0593,1.5521
15206,18:15:14.677,1933,-0.0559,1.5577
15207,18:15:14.678,1930,-0.0574,1.5553
15208,18:15:14.678,1931,-0.0569,1.5561
15209,18:15:14.679,1935,-0.0549,1.5593
15210,18:15:14.679,1937,-0.0540,1.5610
15211,18:15:14.680,1940,-0.0525,1.5634
15212,18:15:14.680,1929,-0.0579,1.5545
15213,18:15:14.681,1930,-0.0574,1.5553
15214,18:15:14.681,1932,-0.0564,1.5569
15215,18:15:14.682,1928,-0.0584,1.5537
15216,18:15:14.682,1927,-0.0589,1.5529
15217,18:15:14.683,1937,-0.0540,1.5610
15218,18:15:14.683,1947,-0.0491,1.5690
15219,18:15:14.684,1949,-0.0481,1.5706
15220,18:15:14.684,1947,-0.0491,1.5690
15221,18:15:14.685,1953,-0.0462,1.5738
15222,18:15:14.685,1950,-0.0476,1.5714
15223,18:15:14.686,1943,-0.0510,1.5658
15224,18:15:14.686,1933,-0.0559,1.5577
15225,18:15:14.687,1926,-0.0593,1.5521
15226,18:15:14.687,1927,-0.0589,1.5529
15227,18:15:14.688,1932,-0.0564,1.5569
15228,18:15:14.688,1931,-0.0569,1.5561
15229,18:15:14.689,1932,-0.0564,1.5569
15230,18:15:14.689,1932,-0.0564,1.5569
15231,18:15:14.690,1942,-0.0515,1.5650
15232,18:15:14.690,1933,-0.0559,1.5577
15233,18:15:14.691,1932,-0.0564,1.5569
15234,18:15:14.691,1934,-0.0554,1.5585
15235,18:15:14.692,1929,-0.0579,1.5545
15236,18:15:14.692,1925,-0.0598,1.5513
15237,18:15:14.693,1931,-0.0569,1.5561
15238,18:15:14.693,1947,-0.0491,1.5690
15239,18:15:14.694,1949,-0.0481,1.5706
15240,18:15:14.694,1944,-0.0505,1.5666
15241,18:15:14.695,1951,-0.0471,1.5722
15242,18:15:14.695,1954,-0.0457,1.5747
15243,18:15:14.696,1945,-0.0501,1.5674
15244,18:15:14.696,1933,-0.0559,1.5577
15245,18:15:14.697,1929,-0.0579,1.5545
15246,18:15:14.697,1929,-0.0579,1.5545
15247,18:15:14.698,1931,-0.0569,1.5561
15248,18:15:14.698,1926,-0.0593,1.5521
15249,18:15:14.699,1932,-0.0564,1.5569
15250,18:15:14.699,1933,-0.0559,1.5577
15251,18:15:14.700,1938,-0.0535,1.5618
15252,18:15:14.700,1937,-0.0540,1.5610
15253,18:15:14.701,1932,-0.0564,1.5569
15254,18:15:14.701,1932,-0.0564,1.5569
15255,18:15:14.702,1933,-0.0559,1.5577
15256,18:15:14.702,1927,-0.0589,1.5529
15257,18:15:14.703,1926,-0.0593,1.5521
15258,18:15:14.703,1941,-0.0520,1.5642
15259,18:15:14.704,1950,-0.0476,1.5714
15260,18:15:14.704,1946,-0.0496,1.5682
15261,18:15:14.705,1944,-0.0505,1.5666
15262,18:15:14.705,1953,-0.0462,1.5738
15263,18:15:14.706,1943,-0.0510,1.5658
15264,18:15:14.706,1938,-0.0535,1.5618
15265,18:15:14.707,1932,-0.0564,1.5569
15266,18:15:14.707,1925,-0.0598,1.5513
15267,18:15:14.708,1930,-0.0574,1.5553
15268,18:15:14.708,1929,-0.0579,1.5545
15269,18:15:14.709,1933,-0.0559,1.5577
15270,18:15:14.709,1930,-0.0574,1.5553
15271,18:15:14.710,1935,-0.0549,1.5593
15272,18:15:14.710,1939,-0.0530,1.5626
15273,18:15:14.711,1929,-0.0579,1.5545
15274,18:15:14.711,1932,-0.0564,1.5569
15275,18:15:14.712,1932,-0.0564,1.5569
15276,18:15:14.712,1926,-0.0593,1.5521
15277,18:15:14.713,1924,-0.0603,1.5505
15278,18:15:14.713,1937,-0.0540,1.5610
15279,18:15:14.714,1944,-0.0505,1.5666
15280,18:15:14.714,1945,-0.0501,1.5674
15281,18:15:14.715,1942,-0.0515,1.5650
15282,18:15:14.715,1953,-0.0462,1.5738
15283,18:15:14.716,1945,-0.0501,1.5674
15284,18:15:14.716,1942,-0.0515,1.5650
15285,18:15:14.717,1932,-0.0564,1.5569
15286,18:15:14.717,1928,-0.0584,1.5537
15287,18:15:14.718,1929,-0.0579,1.5545
15288,18:15:14.718,1928,-0.0584,1.5537
15289,18:15:14.719,1930,-0.0574,1.5553
15290,18:15:14.719,1928,-0.0584,1.5537
15291,18:15:14.720,1935,-0.0549,1.5593
15292,18:15:14.720,1941,-0.0520,1.5642
15293,18:15:14.721,1932,-0.0564,1.5569
15294,18:15:14.721,1931,-0.0569,1.5561
15295,18:15:14.722,1936,-0.0545,1.5601
15296,18:15:14.722,1928,-0.0584,1.5537
15297,18:15:14.723,1924,-0.0603,1.5505
15298,18:15:14.723,1931,-0.0569,1.5561
15299,18:15:14.724,1941,-0.0520,1.5642
15300,18:15:14.724,1947,-0.0491,1.5690
15301,18:15:14.725,1943,-0.0510,1.5658
15302,18:15:14.725,1948,-0.0486,1.5698
15303,18:15:14.726,1947,-0.0491,1.5690
15304,18:15:14.726,1941,-0.0520,1.5642
15305,18:15:14.727,1933,-0.0559,1.5577
15306,18:15:14.727,1924,-0.0603,1.5505
15307,18:15:14.728,1927,-0.0589,1.5529
15308,18:15:14.728,1925,-0.0598,1.5513
15309,18:15:14.729,1925,-0.0598,1.5513
15310,18:15:14.729,1931,-0.0569,1.5561
15311,18:15:14.730,1932,-0.0564,1.5569
15312,18:15:14.730,1936,-0.0545,1.5601
15313,18:15:14.731,1933,-0.0559,1.5577
15314,18:15:14.731,1933,-0.0559,1.5577
15315,18:15:14.732,1933,-0.0559,1.5577
15316,18:15:14.732,1932,-0.0564,1.5569
15317,18:15:14.733,1925,-0.0598,1.5513
15318,18:15:14.733,1929,-0.0579,1.5545
15319,18:15:14.734,1940,-0.0525,1.5634
15320,18:15:14.734,1945,-0.0501,1.5674
15321,18:15:14.735,1941,-0.0520,1.5642
15322,18:15:14.735,1943,-0.0510,1.5658
15323,18:15:14.736,1947,-0.0491,1.5690
15324,18:15:14.736,1943,-0.0510,1.5658
15325,18:15:14.737,1937,-0.0540,1.5610
15326,18:15:14.737,1928,-0.0584,1.5537
15327,18:15:14.738,1929,-0.0579,1.5545
15328,18:15:14.738,1926,-0.0593,1.5521
15329,18:15:14.739,1927,-0.0589,1.5529
15330,18:15:14.739,1925,-0.0598,1.5513
15331,18:15:14.740,1927,-0.0589,1.5529
15332,18:15:14.740,1935,-0.0549,1.5593
15333,18:15:14.741,1933,-0.0559,1.5577
15334,18:15:14.741,1930,-0.0574,1.5553
15335,18:15:14.742,1934,-0.0554,1.5585
15336,18:15:14.742,1933,-0.0559,1.5577
15337,18:15:14.743,1922,-0.0613,1.5489
15338,18:15:14.743,1927,-0.0589,1.5529
15339,18:15:14.744,1936,-0.0545,1.5601
15340,18:15:14.744,1943,-0.0510,1.5658
15341,18:15:14.745,1939,-0.0530,1.5626
15342,18:15:14.745,1946,-0.0496,1.5682
15343,18:15:14.746,1949,-0.0481,1.5706
15344,18:15:14.746,1941,-0.0520,1.5642
15345,18:15:14.747,1938,-0.0535,1.5618
15346,18:15:14.747,1928,-0.0584,1.5537
15347,18:15:14.748,1925,-0.0598,1.5513
15348,18:15:14.748,1925,-0.0598,1.5513
15349,18:15:14.749,1925,-0.0598,1.5513
15350,18:15:14.749,1928,-0.0584,1.5537
15351,18:15:14.750,1924,-0.0603,1.5505
15352,18:15:14.750,1938,-0.0535,1.5618
15353,18:15:14.751,1937,-0.0540,1.5610
15354,18:15:14.751,1931,-0.0569,1.5561
15355,18:15:14.752,1933,-0.0559,1.5577
15356,18:15:14.752,1937,-0.0540,1.5610
15357,18:15:14.753,1930,-0.0574,1.5553
15358,18:15:14.753,1915,-0.0647,1.5432
15359,18:15:14.754,1931,-0.0569,1.5561
15360,18:15:14.754,1946,-0.0496,1.5682
15361,18:15:14.755,1943,-0.0510,1.5658
15362,18:15:14.755,1947,-0.0491,1.5690
15363,18:15:14.756,1946,-0.0496,1.5682
15364,18:15:14.756,1938,-0.0535,1.5618
15365,18:15:14.757,1933,-0.0559,1.5577
15366,18:15:14.757,1932,-0.0564,1.5569
15367,18:15:14.758,1914,-0.0652,1.5424
15368,18:15:14.758,1916,-0.0642,1.5440
15369,18:15:14.759,1924,-0.0603,1.5505
15370,18:15:14.759,1928,-0.0584,1.5537
15371,18:15:14.760,1929,-0.0579,1.5545
15372,18:15:14.760,1936,-0.0545,1.5601
15373,18:15:14.761,1938,-0.0535,1.5618
15374,18:15:14.761,1932,-0.0564,1.5569
15375,18:15:14.762,1936,-0.0545,1.5601
15376,18:15:14.762,1936,-0.0545,1.5601
15377,18:15:14.763,1931,-0.0569,1.5561
15378,18:15:14.763,1917,-0.0637,1.5448
15379,18:15:14.764,1934,-0.0554,1.5585
15380,18:15:14.764,1948,-0.0486,1.5698
15381,18:15:14.765,1946,-0.0496,1.5682
15382,18:15:14.765,1941,-0.0520,1.5642
15383,18:15:14.766,1944,-0.0505,1.5666
15384,18:15:14.766,1939,-0.0530,1.5626
15385,18:15:14.767,1931,-0.0569,1.5561
15386,18:15:14.767,1925,-0.0598,1.5513
15387,18:15:14.768,1917,-0.0637,1.5448
15388,18:15:14.768,1916,-0.0642,1.5440
15389,18:15:14.769,1930,-0.0574,1.5553
15390,18:15:14.769,1935,-0.0549,1.5593
15391,18:15:14.770,1930,-0.0574,1.5553
15392,18:15:14.770,1936,-0.0545,1.5601
15393,18:15:14.771,1938,-0.0535,1.5618
15394,18:15:14.771,1931,-0.0569,1.5561
15395,18:15:14.772,1929,-0.0579,1.5545
15396,18:15:14.772,1935,-0.0549,1.5593
15397,18:15:14.773,1937,-0.0540,1.5610
15398,18:15:14.773,1926,-0.0593,1.5521
15399,18:15:14.774,1937,-0.0540,1.5610
15400,18:15:14.774,1946,-0.0496,1.5682
15401,18:15:14.775,1942,-0.0515,1.5650
15402,18:15:14.775,1944,-0.0505,1.5666
15403,18:15:14.776,1934,-0.0554,1.5585
15404,18:15:14.776,1934,-0.0554,1.5585
15405,18:15:14.777,1923,-0.0608,1.5497
15406,18:15:14.777,1925,-0.0598,1.5513
15407,18:15:14.778,1922,-0.0613,1.5489
15408,18:15:14.778,1923,-0.0608,1.5497
15409,18:15:14.779,1935,-0.0549,1.5593
15410,18:15:14.779,1939,-0.0530,1.5626
15411,18:15:14.780,1932,-0.0564,1.5569
15412,18:15:14.780,1933,-0.0559,1.5577
15413,18:15:14.781,1944,-0.0505,1.5666
15414,18:15:14.781,1930,-0.0574,1.5553
15415,18:15:14.782,1926,-0.0593,1.5521
15416,18:15:14.782,1937,-0.0540,1.5610
15417,18:15:14.783,1935,-0.0549,1.5593
15418,18:15:14.783,1936,-0.0545,1.5601
15419,18:15:14.784,1940,-0.0525,1.5634
15420,18:15:14.784,1946,-0.0496,1.5682
15421,18:15:14.785,1940,-0.0525,1.5634
15422,18:15:14.785,1933,-0.0559,1.5577
15423,18:15:14.786,1928,-0.0584,1.5537
15424,18:15:14.786,1927,-0.0589,1.5529
15425,18:15:14.787,1924,-0.0603,1.5505
15426,18:15:14.787,1929,-0.0579,1.5545
15427,18:15:14.788,1933,-0.0559,1.5577
15428,18:15:14.788,1934,-0.0554,1.5585
15429,18:15:14.789,1937,-0.0540,1.5610
15430,18:15:14.789,1938,-0.0535,1.5618
15431,18:15:14.790,1937,-0.0540,1.5610
15432,18:15:14.790,1929,-0.0579,1.5545
15433,18:15:14.791,1936,-0.0545,1.5601
15434,18:15:14.791,1935,-0.0549,1.5593
15435,18:15:14.792,1932,-0.0564,1.5569
15436,18:15:14.792,1936,-0.0545,1.5601
15437,18:15:14.793,1941,-0.0520,1.5642
15438,18:15:14.793,1936,-0.0545,1.5601
15439,18:15:14.794,1936,-0.0545,1.5601
15440,18:15:14.794,1938,-0.0535,1.5618
15441,18:15:14.795,1937,-0.0540,1.5610
15442,18:15:14.795,1934,-0.0554,1.5585
15443,18:15:14.796,1931,-0.0569,1.5561
15444,18:15:14.796,1931,-0.0569,1.5561
15445,18:15:14.797,1931,-0.0569,1.5561
15446,18:15:14.797,1931,-0.0569,1.5561
15447,18:15:14.798,1936,-0.0545,1.5601
15448,18:15:14.798,1939,-0.0530,1.5626
15449,18:15:14.799,1934,-0.0554,1.5585
15450,18:15:14.799,1938,-0.0535,1.5618
15451,18:15:14.800,1935,-0.0549,1.5593
15452,18:15:14.800,1931,-0.0569,1.5561
15453,18:15:14.801,1932,-0.0564,1.5569
15454,18:15:14.801,1936,-0.0545,1.5601
15455,18:15:14.802,1932,-0.0564,1.5569
15456,18:15:14.802,1934,-0.0554,1.5585
15457,18:15:14.803,1934,-0.0554,1.5585
15458,18:15:14.803,1943,-0.0510,1.5658
15459,18:15:14.804,1936,-0.0545,1.5601
15460,18:15:14.804,1936,-0.0545,1.5601
15461,18:15:14.805,1934,-0.0554,1.5585
15462,18:15:14.805,1935,-0.0549,1.5593
15463,18:15:14.806,1931,-0.0569,1.5561
15464,18:15:14.806,1938,-0.0535,1.5618
15465,18:15:14.807,1938,-0.0535,1.5618
15466,18:15:14.807,1935,-0.0549,1.5593
15467,18:15:14.808,1944,-0.0505,1.5666
15468,18:15:14.808,1940,-0.0525,1.5634
15469,18:15:14.809,1938,-0.0535,1.5618
15470,18:15:14.809,1938,-0.0535,1.5618
15471,18:15:14.810,1934,-0.0554,1.5585
15472,18:15:14.810,1938,-0.0535,1.5618
15473,18:15:14.811,1932,-0.0564,1.5569
15474,18:15:14.811,1937,-0.0540,1.5610
15475,18:15:14.812,1934,-0.0554,1.5585
15476,18:15:14.812,1937,-0.0540,1.5610
15477,18:15:14.813,1934,-0.0554,1.5585
15478,18:15:14.813,1935,-0.0549,1.5593
15479,18:15:14.814,1935,-0.0549,1.5593
15480,18:15:14.814,1932,-0.0564,1.5569
15481,18:15:14.815,1936,-0.0545,1.5601
15482,18:15:14.815,1935,-0.0549,1.5593
15483,18:15:14.816,1934,-0.0554,1.5585
15484,18:15:14.816,1938,-0.0535,1.5618
15485,18:15:14.817,1939,-0.0530,1.5626
15486,18:15:14.817,1938,-0.0535,1.5618
15487,18:15:14.818,1936,-0.0545,1.5601
15488,18:15:14.818,1934,-0.0554,1.5585
15489,18:15:14.819,1933,-0.0559,1.5577
15490,18:15:14.819,1935,-0.0549,1.5593
15491,18:15:14.820,1935,-0.0549,1.5593
15492,18:15:14.820,1934,-0.0554,1.5585
15493,18:15:14.821,1938,-0.0535,1.5618
15494,18:15:14.821,1934,-0.0554,1.5585
15495,18:15:14.822,1936,-0.0545,1.5601
15496,18:15:14.822,1937,-0.0540,1.5610
15497,18:15:14.823,1933,-0.0559,1.5577
15498,18:15:14.823,1936,-0.0545,1.5601
15499,18:15:14.824,1932,-0.0564,1.5569
15500,18:15:14.824,1934,-0.0554,1.5585
15501,18:15:14.825,1937,-0.0540,1.5610
15502,18:15:14.825,1935,-0.0549,1.5593
15503,18:15:14.826,1936,-0.0545,1.5601
15504,18:15:14.826,1937,-0.0540,1.5610
15505,18:15:14.827,1940,-0.0525,1.5634
15506,18:15:14.827,1936,-0.0545,1.5601
15507,18:15:14.828,1936,-0.0545,1.5601
15508,18:15:14.828,1938,-0.0535,1.5618
15509,18:15:14.829,1935,-0.0549,1.5593
15510,18:15:14.829,1934,-0.0554,1.5585
15511,18:15:14.830,1936,-0.0545,1.5601
15512,18:15:14.830,1936,-0.0545,1.5601
15513,18:15:14.831,1934,-0.0554,1.5585
15514,18:15:14.831,1935,-0.0549,1.5593
15515,18:15:14.832,1934,-0.0554,1.5585
15516,18:15:14.832,1934,-0.0554,1.5585
15517,18:15:14.833,1933,-0.0559,1.5577
15518,18:15:14.833,1937,-0.0540,1.5610
15519,18:15:14.834,1936,-0.0545,1.5601
15520,18:15:14.834,1935,-0.0549,1.5593
15521,18:15:14.835,1938,-0.0535,1.5618
15522,18:15:14.835,1939,-0.0530,1.5626
15523,18:15:14.836,1937,-0.0540,1.5610
15524,18:15:14.836,1936,-0.0545,1.5601
15525,18:15:14.837,1936,-0.0545,1.5601
15526,18:15:14.837,1934,-0.0554,1.5585
15527,18:15:14.838,1934,-0.0554,1.5585
15528,18:15:14.838,1937,-0.0540,1.5610
15529,18:15:14.839,1932,-0.0564,1.5569
15530,18:15:14.839,1934,-0.0554,1.5585
15531,18:15:14.840,1934,-0.0554,1.5585
15532,18:15:14.840,1936,-0.0545,1.5601
15533,18:15:14.841,1934,-0.0554,1.5585
15534,18:15:14.841,1937,-0.0540,1.5610
15535,18:15:14.842,1933,-0.0559,1.5577
15536,18:15:14.842,1938,-0.0535,1.5618
15537,18:15:14.843,1937,-0.0540,1.5610
15538,18:15:14.843,1936,-0.0545,1.5601
15539,18:15:14.844,1936,-0.0545,1.5601
15540,18:15:14.844,1939,-0.0530,1.5626
15541,18:15:14.845,1939,-0.0530,1.5626
15542,18:15:14.845,1937,-0.0540,1.5610
15543,18:15:14.846,1940,-0.0525,1.5634
15544,18:15:14.846,1935,-0.0549,1.5593
15545,18:15:14.847,1933,-0.0559,1.5577
15546,18:15:14.847,1937,-0.0540,1.5610
15547,18:15:14.848,1934,-0.0554,1.5585
15548,18:15:14.848,1939,-0.0530,1.5626
15549,18:15:14.849,1935,-0.0549,1.5593
15550,18:15:14.849,1934,-0.0554,1.5585
15551,18:15:14.850,1933,-0.0559,1.5577
15552,18:15:14.850,1938,-0.0535,1.5618
15553,18:15:14.851,1934,-0.0554,1.5585
15554,18:15:14.851,1936,-0.0545,1.5601
15555,18:15:14.852,1936,-0.0545,1.5601
15556,18:15:14.852,1937,-0.0540,1.5610
15557,18:15:14.853,1936,-0.0545,1.5601
15558,18:15:14.853,1935,-0.0549,1.5593
15559,18:15:14.854,1938,-0.0535,1.5618
15560,18:15:14.854,1938,-0.0535,1.5618
15561,18:15:14.855,1938,-0.0535,1.5618
15562,18:15:14.855,1939,-0.0530,1.5626
15563,18:15:14.856,1937,-0.0540,1.5610
15564,18:15:14.856,1938,-0.0535,1.5618
15565,18:15:14.857,1934,-0.0554,1.5585
15566,18:15:14.857,1934,-0.0554,1.5585
15567,18:15:14.858,1935,-0.0549,1.5593
15568,18:15:14.858,1935,-0.0549,1.5593
15569,18:15:14.859,1937,-0.0540,1.5610
15570,18:15:14.859,1937,-0.0540,1.5610
15571,18:15:14.860,1934,-0.0554,1.5585
15572,18:15:14.860,1936,-0.0545,1.5601
15573,18:15:14.861,1937,-0.0540,1.5610
15574,18:15:14.861,1937,-0.0540,1.5610
15575,18:15:14.862,1936,-0.0545,1.5601
15576,18:15:14.862,1938,-0.0535,1.5618
15577,18:15:14.863,1938,-0.0535,1.5618
15578,18:15:14.863,1935,-0.0549,1.5593
15579,18:15:14.864,1935,-0.0549,1.5593
15580,18:15:14.864,1934,-0.0554,1.5585
15581,18:15:14.865,1934,-0.0554,1.5585
15582,18:15:14.865,1936,-0.0545,1.5601
15583,18:15:14.866,1936,-0.0545,1.5601
15584,18:15:14.866,1936,-0.0545,1.5601
15585,18:15:14.867,1934,-0.0554,1.5585
15586,18:15:14.867,1938,-0.0535,1.5618
15587,18:15:14.868,1938,-0.0535,1.5618
15588,18:15:14.868,1933,-0.0559,1.5577
15589,18:15:14.869,1934,-0.0554,1.5585
15590,18:15:14.869,1933,-0.0559,1.5577
15591,18:15:14.870,1930,-0.0574,1.5553
15592,18:15:14.870,1934,-0.0554,1.5585
15593,18:15:14.871,1938,-0.0535,1.5618
15594,18:15:14.871,1937,-0.0540,1.5610
15595,18:15:14.872,1936,-0.0545,1.5601
15596,18:15:14.872,1933,-0.0559,1.5577
15597,18:15:14.873,1940,-0.0525,1.5634
15598,18:15:14.873,1934,-0.0554,1.5585
15599,18:15:14.874,1938,-0.0535,1.5618
15600,18:15:14.874,1934,-0.0554,1.5585
15601,18:15:14.875,1934,-0.0554,1.5585
15602,18:15:14.875,1938,-0.0535,1.5618
15603,18:15:14.876,1935,-0.0549,1.5593
15604,18:15:14.876,1935,-0.0549,1.5593
15605,18:15:14.877,1938,-0.0535,1.5618
15606,18:15:14.877,1938,-0.0535,1.5618
15607,18:15:14.878,1937,-0.0540,1.5610
15608,18:15:14.878,1936,-0.0545,1.5601
15609,18:15:14.879,1935,-0.0549,1.5593
15610,18:15:14.879,1936,-0.0545,1.5601
15611,18:15:14.880,1937,-0.0540,1.5610
15612,18:15:14.880,1935,-0.0549,1.5593
15613,18:15:14.881,1939,-0.0530,1.5626
15614,18:15:14.881,1935,-0.0549,1.5593
15615,18:15:14.882,1939,-0.0530,1.5626
15616,18:15:14.882,1936,-0.0545,1.5601
15617,18:15:14.883,1934,-0.0554,1.5585
15618,18:15:14.883,1936,-0.0545,1.5601
15619,18:15:14.884,1938,-0.0535,1.5618
15620,18:15:14.884,1936,-0.0545,1.5601
15621,18:15:14.885,1935,-0.0549,1.5593
15622,18:15:14.885,1938,-0.0535,1.5618
15623,18:15:14.886,1937,-0.0540,1.5610
15624,18:15:14.886,1938,-0.0535,1.5618
15625,18:15:14.887,1935,-0.0549,1.5593
15626,18:15:14.887,1937,-0.0540,1.5610
15627,18:15:14.888,1937,-0.0540,1.5610
15628,18:15:14.888,1935,-0.0549,1.5593
15629,18:15:14.889,1938,-0.0535,1.5618
15630,18:15:14.889,1937,-0.0540,1.5610
15631,18:15:14.890,1937,-0.0540,1.5610
15632,18:15:14.890,1934,-0.0554,1.5585
15633,18:15:14.891,1938,-0.0535,1.5618
15634,18:15:14.891,1934,-0.0554,1.5585
15635,18:15:14.892,1934,-0.0554,1.5585
15636,18:15:14.892,1936,-0.0545,1.5601
15637,18:15:14.893,1934,-0.0554,1.5585
15638,18:15:14.893,1936,-0.0545,1.5601
15639,18:15:14.894,1934,-0.0554,1.5585
15640,18:15:14.894,1938,-0.0535,1.5618
15641,18:15:14.895,1940,-0.0525,1.5634
15642,18:15:14.895,1936,-0.0545,1.5601
15643,18:15:14.896,1934,-0.0554,1.5585
15644,18:15:14.896,1938,-0.0535,1.5618
15645,18:15:14.897,1937,-0.0540,1.5610
15646,18:15:14.897,1938,-0.0535,1.5618
15647,18:15:14.898,1935,-0.0549,1.5593
15648,18:15:14.898,1934,-0.0554,1.5585
15649,18:15:14.899,1940,-0.0525,1.5634
15650,18:15:14.899,1937,-0.0540,1.5610
15651,18:15:14.900,1936,-0.0545,1.5601
15652,18:15:14.900,1935,-0.0549,1.5593
15653,18:15:14.901,1938,-0.0535,1.5618
15654,18:15:14.901,1934,-0.0554,1.5585
15655,18:15:14.902,1934,-0.0554,1.5585
15656,18:15:14.902,1935,-0.0549,1.5593
15657,18:15:14.903,1937,-0.0540,1.5610
15658,18:15:14.903,1935,-0.0549,1.5593
15659,18:15:14.904,1938,-0.0535,1.5618
15660,18:15:14.904,1935,-0.0549,1.5593
15661,18:15:14.905,1935,-0.0549,1.5593
15662,18:15:14.905,1938,-0.0535,1.5618
15663,18:15:14.906,1942,-0.0515,1.5650
15664,18:15:14.906,1937,-0.0540,1.5610
15665,18:15:14.907,1937,-0.0540,1.5610
15666,18:15:14.907,1936,-0.0545,1.5601
15667,18:15:14.908,1937,-0.0540,1.5610
15668,18:15:14.908,1938,-0.0535,1.5618
15669,18:15:14.909,1936,-0.0545,1.5601
15670,18:15:14.909,1935,-0.0549,1.5593
15671,18:15:14.910,1937,-0.0540,1.5610
15672,18:15:14.910,1935,-0.0549,1.5593
15673,18:15:14.911,1938,-0.0535,1.5618
15674,18:15:14.911,1938,-0.0535,1.5618
15675,18:15:14.912,1936,-0.0545,1.5601
15676,18:15:14.912,1934,-0.0554,1.5585
15677,18:15:14.913,1937,-0.0540,1.5610
15678,18:15:14.913,1935,-0.0549,1.5593
15679,18:15:14.914,1938,-0.0535,1.5618
15680,18:15:14.914,1934,-0.0554,1.5585
15681,18:15:14.915,1936,-0.0545,1.5601
15682,18:15:14.915,1934,-0.0554,1.5585
15683,18:15:14.916,1938,-0.0535,1.5618
15684,18:15:14.916,1934,-0.0554,1.5585
15685,18:15:14.917,1936,-0.0545,1.5601
15686,18:15:14.917,1938,-0.0535,1.5618
15687,18:15:14.918,1938,-0.0535,1.5618
15688,18:15:14.918,1937,-0.0540,1.5610
15689,18:15:14.919,1934,-0.0554,1.5585
15690,18:15:14.919,1936,-0.0545,1.5601
15691,18:15:14.920,1936,-0.0545,1.5601
15692,18:15:14.920,1935,-0.0549,1.5593
15693,18:15:14.921,1937,-0.0540,1.5610
15694,18:15:14.921,1937,-0.0540,1.5610
15695,18:15:14.922,1934,-0.0554,1.5585
15696,18:15:14.922,1937,-0.0540,1.5610
15697,18:15:14.923,1934,-0.0554,1.5585
15698,18:15:14.923,1937,-0.0540,1.5610
15699,18:15:14.924,1935,-0.0549,1.5593
15700,18:15:14.924,1933,-0.0559,1.5577
15701,18:15:14.925,1934,-0.0554,1.5585
15702,18:15:14.925,1936,-0.0545,1.5601
15703,18:15:14.926,1937,-0.0540,1.5610
15704,18:15:14.926,1936,-0.0545,1.5601
15705,18:15:14.927,1934,-0.0554,1.5585
15706,18:15:14.927,1935,-0.0549,1.5593
15707,18:15:14.928,1934,-0.0554,1.5585
15708,18:15:14.928,1932,-0.0564,1.5569
15709,18:15:14.929,1930,-0.0574,1.5553
15710,18:15:14.929,1934,-0.0554,1.5585
15711,18:15:14.930,1938,-0.0535,1.5618
15712,18:15:14.930,1932,-0.0564,1.5569
15713,18:15:14.931,1937,-0.0540,1.5610
15714,18:15:14.931,1935,-0.0549,1.5593
15715,18:15:14.932,1934,-0.0554,1.5585
15716,18:15:14.932,1939,-0.0530,1.5626
15717,18:15:14.933,1936,-0.0545,1.5601
15718,18:15:14.933,1934,-0.0554,1.5585
15719,18:15:14.934,1938,-0.0535,1.5618
15720,18:15:14.934,1936,-0.0545,1.5601
15721,18:15:14.935,1937,-0.0540,1.5610
15722,18:15:14.935,1937,-0.0540,1.5610
15723,18:15:14.936,1937,-0.0540,1.5610
15724,18:15:14.936,1935,-0.0549,1.5593
15725,18:15:14.937,1937,-0.0540,1.5610
15726,18:15:14.937,1933,-0.0559,1.5577
15727,18:15:14.938,1937,-0.0540,1.5610
15728,18:15:14.938,1934,-0.0554,1.5585
15729,18:15:14.939,1937,-0.0540,1.5610
15730,18:15:14.939,1937,-0.0540,1.5610
15731,18:15:14.940,1932,-0.0564,1.5569
15732,18:15:14.940,1938,-0.0535,1.5618
15733,18:15:14.941,1934,-0.0554,1.5585
15734,18:15:14.941,1938,-0.0535,1.5618
15735,18:15:14.942,1936,-0.0545,1.5601
15736,18:15:14.942,1934,-0.0554,1.5585
15737,18:15:14.943,1937,-0.0540,1.5610
15738,18:15:14.943,1936,-0.0545,1.5601
15739,18:15:14.944,1937,-0.0540,1.5610
15740,18:15:14.944,1938,-0.0535,1.5618
15741,18:15:14.945,1934,-0.0554,1.5585
15742,18:15:14.945,1936,-0.0545,1.5601
15743,18:15:14.946,1935,-0.0549,1.5593
15744,18:15:14.946,1936,-0.0545,1.5601
15745,18:15:14.947,1936,-0.0545,1.5601
15746,18:15:14.947,1932,-0.0564,1.5569
15747,18:15:14.948,1936,-0.0545,1.5601
15748,18:15:14.948,1933,-0.0559,1.5577
15749,18:15:14.949,1936,-0.0545,1.5601
15750,18:15:14.949,1937,-0.0540,1.5610
15751,18:15:14.950,1932,-0.0564,1.5569
15752,18:15:14.950,1935,-0.0549,1.5593
15753,18:15:14.951,1936,-0.0545,1.5601
15754,18:15:14.951,1933,-0.0559,1.5577
15755,18:15:14.952,1936,-0.0545,1.5601
15756,18:15:14.952,1933,-0.0559,1.5577
15757,18:15:14.953,1935,-0.0549,1.5593
15758,18:15:14.953,1937,-0.0540,1.5610
15759,18:15:14.954,1936,-0.0545,1.5601
15760,18:15:14.954,1937,-0.0540,1.5610
15761,18:15:14.955,1938,-0.0535,1.5618
15762,18:15:14.955,1937,-0.0540,1.5610
15763,18:15:14.956,1938,-0.0535,1.5618
15764,18:15:14.956,1938,-0.0535,1.5618
15765,18:15:14.957,1938,-0.0535,1.5618
15766,18:15:14.957,1936,-0.0545,1.5601
15767,18:15:14.958,1936,-0.0545,1.5601
15768,18:15:14.958,1939,-0.0530,1.5626
15769,18:15:14.959,1940,-0.0525,1.5634
15770,18:15:14.959,1940,-0.0525,1.5634
15771,18:15:14.960,1937,-0.0540,1.5610
15772,18:15:14.960,1937,-0.0540,1.5610
15773,18:15:14.961,1937,-0.0540,1.5610
15774,18:15:14.961,1939,-0.0530,1.5626
15775,18:15:14.962,1941,-0.0520,1.5642
15776,18:15:14.962,1935,-0.0549,1.5593
15777,18:15:14.963,1938,-0.0535,1.5618
15778,18:15:14.963,1939,-0.0530,1.5626
15779,18:15:14.964,1937,-0.0540,1.5610
15780,18:15:14.964,1940,-0.0525,1.5634
15781,18:15:14.965,1938,-0.0535,1.5618
15782,18:15:14.965,1941,-0.0520,1.5642
15783,18:15:14.966,1941,-0.0520,1.5642
15784,18:15:14.966,1937,-0.0540,1.5610
15785,18:15:14.967,1938,-0.0535,1.5618
15786,18:15:14.967,1941,-0.0520,1.5642
15787,18:15:14.968,1941,-0.0520,1.5642
15788,18:15:14.968,1941,-0.0520,1.5642
15789,18:15:14.969,1935,-0.0549,1.5593
15790,18:15:14.969,1941,-0.0520,1.5642
15791,18:15:14.970,1941,-0.0520,1.5642
15792,18:15:14.970,1938,-0.0535,1.5618
15793,18:15:14.971,1941,-0.0520,1.5642
15794,18:15:14.971,1941,-0.0520,1.5642
15795,18:15:14.972,1938,-0.0535,1.5618
15796,18:15:14.972,1939,-0.0530,1.5626
15797,18:15:14.973,1940,-0.0525,1.5634
15798,18:15:14.973,1940,-0.0525,1.5634
15799,18:15:14.974,1938,-0.0535,1.5618
15800,18:15:14.974,1941,-0.0520,1.5642
15801,18:15:14.975,1940,-0.0525,1.5634
15802,18:15:14.975,1941,-0.0520,1.5642
15803,18:15:14.976,1935,-0.0549,1.5593
15804,18:15:14.976,1941,-0.0520,1.5642
15805,18:15:14.977,1941,-0.0520,1.5642
15806,18:15:14.977,1939,-0.0530,1.5626
15807,18:15:14.978,1936,-0.0545,1.5601
15808,18:15:14.978,1941,-0.0520,1.5642
15809,18:15:14.979,1937,-0.0540,1.5610
15810,18:15:14.979,1938,-0.0535,1.5618
15811,18:15:14.980,1938,-0.0535,1.5618
15812,18:15:14.980,1940,-0.0525,1.5634
15813,18:15:14.981,1941,-0.0520,1.5642
15814,18:15:14.981,1941,-0.0520,1.5642
15815,18:15:14.982,1939,-0.0530,1.5626
15816,18:15:14.982,1940,-0.0525,1.5634
15817,18:15:14.983,1941,-0.0520,1.5642
15818,18:15:14.983,1937,-0.0540,1.5610
15819,18:15:14.984,1943,-0.0510,1.5658
15820,18:15:14.984,1942,-0.0515,1.5650
15821,18:15:14.985,1942,-0.0515,1.5650
15822,18:15:14.985,1941,-0.0520,1.5642
15823,18:15:14.986,1942,-0.0515,1.5650
15824,18:15:14.986,1942,-0.0515,1.5650
15825,18:15:14.987,1941,-0.0520,1.5642
15826,18:15:14.987,1937,-0.0540,1.5610
15827,18:15:14.988,1940,-0.0525,1.5634
15828,18:15:14.988,1941,-0.0520,1.5642
15829,18:15:14.989,1936,-0.0545,1.5601
15830,18:15:14.989,1937,-0.0540,1.5610
15831,18:15:14.990,1939,-0.0530,1.5626
15832,18:15:14.990,1940,-0.0525,1.5634
15833,18:15:14.991,1938,-0.0535,1.5618
15834,18:15:14.991,1943,-0.0510,1.5658
15835,18:15:14.992,1943,-0.0510,1.5658
15836,18:15:14.992,1940,-0.0525,1.5634
15837,18:15:14.993,1939,-0.0530,1.5626
15838,18:15:14.993,1941,-0.0520,1.5642
15839,18:15:14.994,1942,-0.0515,1.5650
15840,18:15:14.994,1941,-0.0520,1.5642
15841,18:15:14.995,1940,-0.0525,1.5634
15842,18:15:14.995,1941,-0.0520,1.5642
15843,18:15:14.996,1940,-0.0525,1.5634
15844,18:15:14.996,1939,-0.0530,1.5626
15845,18:15:14.997,1940,-0.0525,1.5634
15846,18:15:14.997,1943,-0.0510,1.5658
15847,18:15:14.998,1939,-0.0530,1.5626
15848,18:15:14.998,1942,-0.0515,1.5650
15849,18:15:14.999,1939,-0.0530,1.5626
15850,18:15:14.999,1938,-0.0535,1.5618
15851,18:15:15.000,1940,-0.0525,1.5634
15852,18:15:15.000,1941,-0.0520,1.5642
15853,18:15:15.001,1942,-0.0515,1.5650
15854,18:15:15.001,1942,-0.0515,1.5650
15855,18:15:15.002,1941,-0.0520,1.5642
15856,18:15:15.002,1938,-0.0535,1.5618
15857,18:15:15.003,1939,-0.0530,1.5626
15858,18:15:15.003,1939,-0.0530,1.5626
15859,18:15:15.004,1938,-0.0535,1.5618
15860,18:15:15.004,1940,-0.0525,1.5634
15861,18:15:15.005,1939,-0.0530,1.5626
15862,18:15:15.005,1941,-0.0520,1.5642
15863,18:15:15.006,1939,-0.0530,1.5626
15864,18:15:15.006,1945,-0.0501,1.5674
15865,18:15:15.007,1941,-0.0520,1.5642
15866,18:15:15.007,2008,-0.0193,1.6182
15867,18:15:15.008,1894,-0.0750,1.5263
15868,18:15:15.008,1915,-0.0647,1.5432
15869,18:15:15.009,1951,-0.0471,1.5722
15870,18:15:15.009,1968,-0.0388,1.5859
15871,18:15:15.010,1943,-0.0510,1.5658
15872,18:15:15.010,1961,-0.0422,1.5803
15873,18:15:15.011,1963,-0.0413,1.5819
15874,18:15:15.011,1960,-0.0427,1.5795
15875,18:15:15.012,1925,-0.0598,1.5513
15876,18:15:15.012,1966,-0.0398,1.5843
15877,18:15:15.013,1806,-0.1179,1.4554
15878,18:15:15.013,1954,-0.0457,1.5747
15879,18:15:15.014,1967,-0.0393,1.5851
15880,18:15:15.014,1907,-0.0686,1.5368
15881,18:15:15.015,1829,-0.1067,1.4739
15882,18:15:15.015,1986,-0.0300,1.6004
15883,18:15:15.016,1955,-0.0452,1.5755
15884,18:15:15.016,981,-0.5209,0.7905
15885,18:15:15.017,953,-0.5346,0.7680
15886,18:15:15.017,1171,-0.4281,0.9437
15887,18:15:15.018,1115,-0.4554,0.8985
15888,18:15:15.018,1165,-0.4310,0.9388
15889,18:15:15.019,1748,-0.1463,1.4086
15890,18:15:15.019,1687,-0.1761,1.3595
15891,18:15:15.020,1725,-0.1575,1.3901
15892,18:15:15.020,1717,-0.1614,1.3837
15893,18:15:15.021,1788,-0.1267,1.4409
15894,18:15:15.021,1771,-0.1350,1.4272
15895,18:15:15.022,1741,-0.1497,1.4030
15896,18:15:15.022,1756,-0.1424,1.4151
15897,18:15:15.023,1694,-0.1726,1.3651
15898,18:15:15.023,1742,-0.1492,1.4038
15899,18:15:15.024,1838,-0.1023,1.4812
15900,18:15:15.024,1766,-0.1375,1.4232
15901,18:15:15.025,1741,-0.1497,1.4030
15902,18:15:15.025,1798,-0.1219,1.4489
15903,18:15:15.026,1851,-0.0960,1.4916
15904,18:15:15.026,1841,-0.1009,1.4836
15905,18:15:15.027,1767,-0.1370,1.4240
15906,18:15:15.027,1801,-0.1204,1.4514
15907,18:15:15.028,1801,-0.1204,1.4514
15908,18:15:15.028,1803,-0.1194,1.4530
15909,18:15:15.029,1866,-0.0886,1.5037
15910,18:15:15.029,1899,-0.0725,1.5303
15911,18:15:15.030,1867,-0.0882,1.5045
15912,18:15:15.030,1885,-0.0794,1.5190
15913,18:15:15.031,1912,-0.0662,1.5408
15914,18:15:15.031,1963,-0.0413,1.5819
15915,18:15:15.032,1850,-0.0965,1.4908
15916,18:15:15.032,1876,-0.0838,1.5118
15917,18:15:15.033,1831,-0.1057,1.4755
15918,18:15:15.033,1864,-0.0896,1.5021
15919,18:15:15.034,1916,-0.0642,1.5440
15920,18:15:15.034,1904,-0.0701,1.5344
15921,18:15:15.035,1880,-0.0818,1.5150
15922,18:15:15.035,1872,-0.0857,1.5086
15923,18:15:15.036,1950,-0.0476,1.5714
15924,18:15:15.036,1967,-0.0393,1.5851
15925,18:15:15.037,1869,-0.0872,1.5062
15926,18:15:15.037,1856,-0.0935,1.4957
15927,18:15:15.038,1881,-0.0813,1.5158
15928,18:15:15.038,1886,-0.0789,1.5199
15929,18:15:15.039,1884,-0.0799,1.5182
15930,18:15:15.039,1953,-0.0462,1.5738
15931,18:15:15.040,1925,-0.0598,1.5513
15932,18:15:15.040,1913,-0.0657,1.5416
15933,18:15:15.041,1877,-0.0833,1.5126
15934,18:15:15.041,1934,-0.0554,1.5585
15935,18:15:15.042,1870,-0.0867,1.5070
15936,18:15:15.042,1848,-0.0974,1.4892
15937,18:15:15.043,1801,-0.1204,1.4514
15938,18:15:15.043,1777,-0.1321,1.4320
15939,18:15:15.044,1816,-0.1131,1.4634
15940,18:15:15.044,1855,-0.0940,1.4949
15941,18:15:15.045,1881,-0.0813,1.5158
15942,18:15:15.045,1797,-0.1223,1.4481
15943,18:15:15.046,1854,-0.0945,1.4941
15944,18:15:15.046,1868,-0.0877,1.5053
15945,18:15:15.047,1806,-0.1179,1.4554
15946,18:15:15.047,1744,-0.1482,1.4054
15947,18:15:15.048,1798,-0.1219,1.4489
15948,18:15:15.048,1812,-0.1150,1.4602
15949,18:15:15.049,1743,-0.1487,1.4046
15950,18:15:15.049,1835,-0.1038,1.4788
15951,18:15:15.050,1855,-0.0940,1.4949
15952,18:15:15.050,1872,-0.0857,1.5086
15953,18:15:15.051,1810,-0.1160,1.4586
15954,18:15:15.051,1850,-0.0965,1.4908
15955,18:15:15.052,1847,-0.0979,1.4884
15956,18:15:15.052,1811,-0.1155,1.4594
15957,18:15:15.053,1780,-0.1306,1.4344
15958,18:15:15.053,1752,-0.1443,1.4119
15959,18:15:15.054,1750,-0.1453,1.4103
15960,18:15:15.054,1795,-0.1233,1.4465
15961,18:15:15.055,1859,-0.0921,1.4981
15962,18:15:15.055,1773,-0.1341,1.4288
15963,18:15:15.056,1826,-0.1082,1.4715
15964,18:15:15.056,1850,-0.0965,1.4908
15965,18:15:15.057,1838,-0.1023,1.4812
15966,18:15:15.057,1760,-0.1404,1.4183
15967,18:15:15.058,1776,-0.1326,1.4312
15968,18:15:15.058,1806,-0.1179,1.4554
15969,18:15:15.059,1670,-0.1844,1.3458
15970,18:15:15.059,1722,-0.1590,1.3877
15971,18:15:15.060,1752,-0.1443,1.4119
15972,18:15:15.060,1786,-0.1277,1.4393
15973,18:15:15.061,1737,-0.1516,1.3998
15974,18:15:15.061,1770,-0.1355,1.4264
15975,18:15:15.062,1801,-0.1204,1.4514
15976,18:15:15.062,1733,-0.1536,1.3966
15977,18:15:15.063,1734,-0.1531,1.3974
15978,18:15:15.063,1731,-0.1546,1.3949
15979,18:15:15.064,1718,-0.1609,1.3845
15980,18:15:15.064,1738,-0.1512,1.4006
15981,18:15:15.065,1822,-0.1101,1.4683
15982,18:15:15.065,1753,-0.1438,1.4127
15983,18:15:15.066,1781,-0.1302,1.4352
15984,18:15:15.066,1813,-0.1145,1.4610
15985,18:15:15.067,1841,-0.1009,1.4836
15986,18:15:15.067,1753,-0.1438,1.4127
15987,18:15:15.068,1757,-0.1419,1.4159
15988,18:15:15.068,1821,-0.1106,1.4675
15989,18:15:15.069,1710,-0.1648,1.3780
15990,18:15:15.069,1768,-0.1365,1.4248
15991,18:15:15.070,1821,-0.1106,1.4675
15992,18:15:15.070,1855,-0.0940,1.4949
15993,18:15:15.071,1801,-0.1204,1.4514
15994,18:15:15.071,1818,-0.1121,1.4651
15995,18:15:15.072,1888,-0.0779,1.5215
15996,18:15:15.072,1814,-0.1140,1.4618
15997,18:15:15.073,1827,-0.1077,1.4723
15998,18:15:15.073,1831,-0.1057,1.4755
15999,18:15:15.074,1784,-0.1287,1.4377
16000,18:15:15.074,1799,-0.1214,1.4497
16001,18:15:15.075,1891,-0.0764,1.5239
16002,18:15:15.075,1858,-0.0926,1.4973
16003,18:15:15.076,1859,-0.0921,1.4981
16004,18:15:15.076,1873,-0.0852,1.5094
16005,18:15:15.077,1929,-0.0579,1.5545
16006,18:15:15.077,1833,-0.1048,1.4771
16007,18:15:15.078,1829,-0.1067,1.4739
16008,18:15:15.078,1884,-0.0799,1.5182
16009,18:15:15.079,1775,-0.1331,1.4304
16010,18:15:15.079,1794,-0.1238,1.4457
16011,18:15:15.080,1838,-0.1023,1.4812
16012,18:15:15.080,1881,-0.0813,1.5158
16013,18:15:15.081,1857,-0.0930,1.4965
16014,18:15:15.081,1840,-0.1013,1.4828
16015,18:15:15.082,1890,-0.0769,1.5231
16016,18:15:15.082,1826,-0.1082,1.4715
16017,18:15:15.083,1846,-0.0984,1.4876
16018,18:15:15.083,1861,-0.0911,1.4997
16019,18:15:15.084,1779,-0.1311,1.4336
16020,18:15:15.084,1773,-0.1341,1.4288
16021,18:15:15.085,1855,-0.0940,1.4949
16022,18:15:15.085,1851,-0.0960,1.4916
16023,18:15:15.086,1822,-0.1101,1.4683
16024,18:15:15.086,1861,-0.0911,1.4997
16025,18:15:15.087,1932,-0.0564,1.5569
16026,18:15:15.087,1840,-0.1013,1.4828
16027,18:15:15.088,1831,-0.1057,1.4755
16028,18:15:15.088,1922,-0.0613,1.5489
16029,18:15:15.089,1866,-0.0886,1.5037
16030,18:15:15.089,1851,-0.0960,1.4916
16031,18:15:15.090,1888,-0.0779,1.5215
16032,18:15:15.090,1935,-0.0549,1.5593
16033,18:15:15.091,1933,-0.0559,1.5577
16034,18:15:15.091,1884,-0.0799,1.5182
16035,18:15:15.092,1928,-0.0584,1.5537
16036,18:15:15.092,1853,-0.0950,1.4933
16037,18:15:15.093,1846,-0.0984,1.4876
16038,18:15:15.093,1874,-0.0847,1.5102
16039,18:15:15.094,1776,-0.1326,1.4312
16040,18:15:15.094,1760,-0.1404,1.4183
16041,18:15:15.095,1825,-0.1087,1.4707
16042,18:15:15.095,1849,-0.0969,1.4900
16043,18:15:15.096,1814,-0.1140,1.4618
16044,18:15:15.096,1850,-0.0965,1.4908
16045,18:15:15.097,1923,-0.0608,1.5497
16046,18:15:15.097,1840,-0.1013,1.4828
16047,18:15:15.098,1809,-0.1165,1.4578
16048,18:15:15.098,1882,-0.0808,1.5166
16049,18:15:15.099,1865,-0.0891,1.5029
16050,18:15:15.099,1807,-0.1175,1.4562
16051,18:15:15.100,1832,-0.1053,1.4763
16052,18:15:15.100,1866,-0.0886,1.5037
16053,18:15:15.101,1886,-0.0789,1.5199
16054,18:15:15.101,1849,-0.0969,1.4900
16055,18:15:15.102,1893,-0.0755,1.5255
16056,18:15:15.102,1850,-0.0965,1.4908
16057,18:15:15.103,1828,-0.1072,1.4731
16058,18:15:15.103,1873,-0.0852,1.5094
16059,18:15:15.104,1801,-0.1204,1.4514
16060,18:15:15.104,1778,-0.1316,1.4328
16061,18:15:15.105,1815,-0.1136,1.4626
16062,18:15:15.105,1862,-0.0906,1.5005
16063,18:15:15.106,1828,-0.1072,1.4731
16064,18:15:15.106,1853,-0.0950,1.4933
16065,18:15:15.107,1909,-0.0676,1.5384
16066,18:15:15.107,1863,-0.0901,1.5013
16067,18:15:15.108,1825,-0.1087,1.4707
16068,18:15:15.108,1875,-0.0842,1.5110
16069,18:15:15.109,1897,-0.0735,1.5287
16070,18:15:15.109,1824,-0.1092,1.4699
16071,18:15:15.110,1851,-0.0960,1.4916
16072,18:15:15.110,1897,-0.0735,1.5287
16073,18:15:15.111,1934,-0.0554,1.5585
16074,18:15:15.111,1907,-0.0686,1.5368
16075,18:15:15.112,1945,-0.0501,1.5674
16076,18:15:15.112,1913,-0.0657,1.5416
16077,18:15:15.113,1870,-0.0867,1.5070
16078,18:15:15.113,1924,-0.0603,1.5505
16079,18:15:15.114,1884,-0.0799,1.5182
16080,18:15:15.114,1846,-0.0984,1.4876
16081,18:15:15.115,1853,-0.0950,1.4933
16082,18:15:15.115,1906,-0.0691,1.5360
16083,18:15:15.116,1878,-0.0828,1.5134
16084,18:15:15.116,1873,-0.0852,1.5094
16085,18:15:15.117,1915,-0.0647,1.5432
16086,18:15:15.117,1896,-0.0740,1.5279
16087,18:15:15.118,1857,-0.0930,1.4965
16088,18:15:15.118,1867,-0.0882,1.5045
16089,18:15:15.119,1915,-0.0647,1.5432
16090,18:15:15.119,1848,-0.0974,1.4892
16091,18:15:15.120,1871,-0.0862,1.5078
16092,18:15:15.120,1899,-0.0725,1.5303
16093,18:15:15.121,1933,-0.0559,1.5577
16094,18:15:15.121,1938,-0.0535,1.5618
16095,18:15:15.122,1965,-0.0403,1.5835
16096,18:15:15.122,1956,-0.0447,1.5763
16097,18:15:15.123,1903,-0.0706,1.5336
16098,18:15:15.123,1944,-0.0505,1.5666
16099,18:15:15.124,1941,-0.0520,1.5642
16100,18:15:15.124,1898,-0.0730,1.5295
16101,18:15:15.125,1878,-0.0828,1.5134
16102,18:15:15.125,1943,-0.0510,1.5658
16103,18:15:15.126,1911,-0.0667,1.5400
16104,18:15:15.126,1912,-0.0662,1.5408
16105,18:15:15.127,1947,-0.0491,1.5690
16106,18:15:15.127,1974,-0.0359,1.5908
16107,18:15:15.128,1932,-0.0564,1.5569
16108,18:15:15.128,1893,-0.0755,1.5255
16109,18:15:15.129,1937,-0.0540,1.5610
16110,18:15:15.129,1876,-0.0838,1.5118
16111,18:15:15.130,1874,-0.0847,1.5102
16112,18:15:15.130,1865,-0.0891,1.5029
16113,18:15:15.131,1883,-0.0803,1.5174
16114,18:15:15.131,1897,-0.0735,1.5287
16115,18:15:15.132,1901,-0.0716,1.5319
16116,18:15:15.132,1899,-0.0725,1.5303
16117,18:15:15.133,1848,-0.0974,1.4892
16118,18:15:15.133,1851,-0.0960,1.4916
16119,18:15:15.134,1854,-0.0945,1.4941
16120,18:15:15.134,1799,-0.1214,1.4497
16121,18:15:15.135,1759,-0.1409,1.4175
16122,18:15:15.135,1807,-0.1175,1.4562
16123,18:15:15.136,1790,-0.1258,1.4425
16124,18:15:15.136,1771,-0.1350,1.4272
16125,18:15:15.137,1802,-0.1199,1.4522
16126,18:15:15.137,1843,-0.0999,1.4852
16127,18:15:15.138,1808,-0.1170,1.4570
16128,18:15:15.138,1747,-0.1468,1.4078
16129,18:15:15.139,1798,-0.1219,1.4489
16130,18:15:15.139,1780,-0.1306,1.4344
16131,18:15:15.140,1769,-0.1360,1.4256
16132,18:15:15.140,1754,-0.1433,1.4135
16133,18:15:15.141,1776,-0.1326,1.4312
16134,18:15:15.141,1813,-0.1145,1.4610
16135,18:15:15.142,1810,-0.1160,1.4586
16136,18:15:15.142,1827,-0.1077,1.4723
16137,18:15:15.143,1804,-0.1189,1.4538
16138,18:15:15.143,1794,-0.1238,1.4457
16139,18:15:15.144,1807,-0.1175,1.4562
16140,18:15:15.144,1768,-0.1365,1.4248
16141,18:15:15.145,1740,-0.1502,1.4022
16142,18:15:15.145,1772,-0.1346,1.4280
16143,18:15:15.146,1763,-0.1389,1.4207
16144,18:15:15.146,1765,-0.1380,1.4223
16145,18:15:15.147,1763,-0.1389,1.4207
16146,18:15:15.147,1816,-0.1131,1.4634
16147,18:15:15.148,1788,-0.1267,1.4409
16148,18:15:15.148,1726,-0.1570,1.3909
16149,18:15:15.149,1755,-0.1429,1.4143
16150,18:15:15.149,1760,-0.1404,1.4183
16151,18:15:15.150,1735,-0.1526,1.3982
16152,18:15:15.150,1712,-0.1639,1.3796
16153,18:15:15.151,1720,-0.1600,1.3861
16154,18:15:15.151,1759,-0.1409,1.4175
16155,18:15:15.152,1744,-0.1482,1.4054
16156,18:15:15.152,1770,-0.1355,1.4264
16157,18:15:15.153,1771,-0.1350,1.4272
16158,18:15:15.153,1747,-0.1468,1.4078
16159,18:15:15.154,1765,-0.1380,1.4223
16160,18:15:15.154,1751,-0.1448,1.4111
16161,18:15:15.155,1738,-0.1512,1.4006
16162,18:15:15.155,1752,-0.1443,1.4119
16163,18:15:15.156,1770,-0.1355,1.4264
16164,18:15:15.156,1788,-0.1267,1.4409
16165,18:15:15.157,1773,-0.1341,1.4288
16166,18:15:15.157,1838,-0.1023,1.4812
16167,18:15:15.158,1856,-0.0935,1.4957
16168,18:15:15.158,1815,-0.1136,1.4626
16169,18:15:15.159,1833,-0.1048,1.4771
16170,18:15:15.159,1852,-0.0955,1.4925
16171,18:15:15.160,1839,-0.1018,1.4820
16172,18:15:15.160,1826,-0.1082,1.4715
16173,18:15:15.161,1834,-0.1043,1.4779
16174,18:15:15.161,1876,-0.0838,1.5118
16175,18:15:15.162,1862,-0.0906,1.5005
16176,18:15:15.162,1894,-0.0750,1.5263
16177,18:15:15.163,1898,-0.0730,1.5295
16178,18:15:15.163,1854,-0.0945,1.4941
16179,18:15:15.164,1857,-0.0930,1.4965
16180,18:15:15.164,1851,-0.0960,1.4916
16181,18:15:15.165,1828,-0.1072,1.4731
16182,18:15:15.165,1808,-0.1170,1.4570
16183,18:15:15.166,1826,-0.1082,1.4715
16184,18:15:15.166,1863,-0.0901,1.5013
16185,18:15:15.167,1826,-0.1082,1.4715
16186,18:15:15.167,1867,-0.0882,1.5045
16187,18:15:15.168,1904,-0.0701,1.5344
16188,18:15:15.168,1885,-0.0794,1.5190
16189,18:15:15.169,1863,-0.0901,1.5013
16190,18:15:15.169,1897,-0.0735,1.5287
16191,18:15:15.170,1889,-0.0774,1.5223
16192,18:15:15.170,1873,-0.0852,1.5094
16193,18:15:15.171,1859,-0.0921,1.4981
16194,18:15:15.171,1898,-0.0730,1.5295
16195,18:15:15.172,1898,-0.0730,1.5295
16196,18:15:15.172,1915,-0.0647,1.5432
16197,18:15:15.173,1941,-0.0520,1.5642
16198,18:15:15.173,1909,-0.0676,1.5384
16199,18:15:15.174,1910,-0.0672,1.5392
16200,18:15:15.174,1916,-0.0642,1.5440
16201,18:15:15.175,1906,-0.0691,1.5360
16202,18:15:15.175,1878,-0.0828,1.5134
16203,18:15:15.176,1898,-0.0730,1.5295
16204,18:15:15.176,1933,-0.0559,1.5577
16205,18:15:15.177,1885,-0.0794,1.5190
16206,18:15:15.177,1917,-0.0637,1.5448
16207,18:15:15.178,1973,-0.0364,1.5900
16208,18:15:15.178,1970,-0.0379,1.5875
16209,18:15:15.179,1923,-0.0608,1.5497
16210,18:15:15.179,1950,-0.0476,1.5714
16211,18:15:15.180,1956,-0.0447,1.5763
16212,18:15:15.180,1949,-0.0481,1.5706
16213,18:15:15.181,1928,-0.0584,1.5537
16214,18:15:15.181,1965,-0.0403,1.5835
16215,18:15:15.182,1974,-0.0359,1.5908
16216,18:15:15.182,1976,-0.0349,1.5924
16217,18:15:15.183,2000,-0.0232,1.6117
16218,18:15:15.183,1987,-0.0295,1.6012
16219,18:15:15.184,1982,-0.0320,1.5972
16220,18:15:15.184,1977,-0.0344,1.5932
16221,18:15:15.185,1974,-0.0359,1.5908
16222,18:15:15.185,1933,-0.0559,1.5577
16223,18:15:15.186,1943,-0.0510,1.5658
16224,18:15:15.186,1977,-0.0344,1.5932
16225,18:15:15.187,1944,-0.0505,1.5666
16226,18:15:15.187,1951,-0.0471,1.5722
16227,18:15:15.188,2004,-0.0212,1.6149
16228,18:15:15.188,2019,-0.0139,1.6270
16229,18:15:15.189,1959,-0.0432,1.5787
16230,18:15:15.189,1980,-0.0330,1.5956
16231,18:15:15.190,1991,-0.0276,1.6045
16232,18:15:15.190,1986,-0.0300,1.6004
16233,18:15:15.191,1960,-0.0427,1.5795
16234,18:15:15.191,1985,-0.0305,1.5996
16235,18:15:15.192,2003,-0.0217,1.6141
16236,18:15:15.192,1988,-0.0291,1.6021
16237,18:15:15.193,2020,-0.0134,1.6278
16238,18:15:15.193,2023,-0.0120,1.6303
16239,18:15:15.194,2009,-0.0188,1.6190
16240,18:15:15.194,1999,-0.0237,1.6109
16241,18:15:15.195,2006,-0.0203,1.6166
16242,18:15:15.195,1963,-0.0413,1.5819
16243,18:15:15.196,1963,-0.0413,1.5819
16244,18:15:15.196,1991,-0.0276,1.6045
16245,18:15:15.197,1977,-0.0344,1.5932
16246,18:15:15.197,1963,-0.0413,1.5819
16247,18:15:15.198,1996,-0.0252,1.6085
16248,18:15:15.198,2029,-0.0090,1.6351
16249,18:15:15.199,1977,-0.0344,1.5932
16250,18:15:15.199,1620,-0.2088,1.3055
16251,18:15:15.200,1948,-0.0486,1.5698
16252,18:15:15.200,1946,-0.0496,1.5682
16253,18:15:15.201,1923,-0.0608,1.5497
16254,18:15:15.201,1935,-0.0549,1.5593
16255,18:15:15.202,1968,-0.0388,1.5859
16256,18:15:15.202,1948,-0.0486,1.5698
16257,18:15:15.203,1981,-0.0325,1.5964
16258,18:15:15.203,1993,-0.0266,1.6061
16259,18:15:15.204,1969,-0.0383,1.5867
16260,18:15:15.204,1951,-0.0471,1.5722
16261,18:15:15.205,1966,-0.0398,1.5843
16262,18:15:15.205,1911,-0.0667,1.5400
16263,18:15:15.206,1890,-0.0769,1.5231
16264,18:15:15.206,1910,-0.0672,1.5392
16265,18:15:15.207,1927,-0.0589,1.5529
16266,18:15:15.207,1884,-0.0799,1.5182
16267,18:15:15.208,1898,-0.0730,1.5295
16268,18:15:15.208,1954,-0.0457,1.5747
16269,18:15:15.209,1923,-0.0608,1.5497
16270,18:15:15.209,1901,-0.0716,1.5319
16271,18:15:15.210,1923,-0.0608,1.5497
16272,18:15:15.210,1913,-0.0657,1.5416
16273,18:15:15.211,1890,-0.0769,1.5231
16274,18:15:15.211,1895,-0.0745,1.5271
16275,18:15:15.212,1924,-0.0603,1.5505
16276,18:15:15.212,1895,-0.0745,1.5271
16277,18:15:15.213,1926,-0.0593,1.5521
16278,18:15:15.213,1945,-0.0501,1.5674
16279,18:15:15.214,1930,-0.0574,1.5553
16280,18:15:15.214,1908,-0.0681,1.5376
16281,18:15:15.215,1938,-0.0535,1.5618
16282,18:15:15.215,1898,-0.0730,1.5295
16283,18:15:15.216,1875,-0.0842,1.5110
16284,18:15:15.216,1887,-0.0784,1.5207
16285,18:15:15.217,1913,-0.0657,1.5416
16286,18:15:15.217,1871,-0.0862,1.5078
16287,18:15:15.218,1884,-0.0799,1.5182
16288,18:15:15.218,1944,-0.0505,1.5666
16289,18:15:15.219,1933,-0.0559,1.5577
16290,18:15:15.219,1915,-0.0647,1.5432
16291,18:15:15.220,1934,-0.0554,1.5585
16292,18:15:15.220,1938,-0.0535,1.5618
16293,18:15:15.221,1929,-0.0579,1.5545
16294,18:15:15.221,1899,-0.0725,1.5303
16295,18:15:15.222,1943,-0.0510,1.5658
16296,18:15:15.222,1928,-0.0584,1.5537
16297,18:15:15.223,1943,-0.0510,1.5658
16298,18:15:15.223,1968,-0.0388,1.5859
16299,18:15:15.224,1950,-0.0476,1.5714
16300,18:15:15.224,1935,-0.0549,1.5593
16301,18:15:15.225,1958,-0.0437,1.5779
16302,18:15:15.225,1938,-0.0535,1.5618
16303,18:15:15.226,1899,-0.0725,1.5303
16304,18:15:15.226,1892,-0.0759,1.5247
16305,18:15:15.227,1940,-0.0525,1.5634
16306,18:15:15.227,1897,-0.0735,1.5287
16307,18:15:15.228,1888,-0.0779,1.5215
16308,18:15:15.228,1947,-0.0491,1.5690
16309,18:15:15.229,1962,-0.0418,1.5811
16310,18:15:15.229,1931,-0.0569,1.5561
16311,18:15:15.230,1939,-0.0530,1.5626
16312,18:15:15.230,1944,-0.0505,1.5666
16313,18:15:15.231,1940,-0.0525,1.5634
16314,18:15:15.231,1900,-0.0720,1.5311
16315,18:15:15.232,1938,-0.0535,1.5618
16316,18:15:15.232,1935,-0.0549,1.5593
16317,18:15:15.233,1925,-0.0598,1.5513
16318,18:15:15.233,1958,-0.0437,1.5779
16319,18:15:15.234,1944,-0.0505,1.5666
16320,18:15:15.234,1934,-0.0554,1.5585
16321,18:15:15.235,1949,-0.0481,1.5706
16322,18:15:15.235,1938,-0.0535,1.5618
16323,18:15:15.236,1893,-0.0755,1.5255
16324,18:15:15.236,1880,-0.0818,1.5150
16325,18:15:15.237,1924,-0.0603,1.5505
16326,18:15:15.237,1898,-0.0730,1.5295
16327,18:15:15.238,1877,-0.0833,1.5126
16328,18:15:15.238,1924,-0.0603,1.5505
16329,18:15:15.239,1956,-0.0447,1.5763
16330,18:15:15.239,1924,-0.0603,1.5505
16331,18:15:15.240,1916,-0.0642,1.5440
16332,18:15:15.240,1924,-0.0603,1.5505
16333,18:15:15.241,1924,-0.0603,1.5505
16334,18:15:15.241,1880,-0.0818,1.5150
16335,18:15:15.242,1892,-0.0759,1.5247
16336,18:15:15.242,1900,-0.0720,1.5311
16337,18:15:15.243,1885,-0.0794,1.5190
16338,18:15:15.243,1925,-0.0598,1.5513
16339,18:15:15.244,1913,-0.0657,1.5416
16340,18:15:15.244,1910,-0.0672,1.5392
16341,18:15:15.245,1913,-0.0657,1.5416
16342,18:15:15.245,1924,-0.0603,1.5505
16343,18:15:15.246,1890,-0.0769,1.5231
16344,18:15:15.246,1865,-0.0891,1.5029
16345,18:15:15.247,1897,-0.0735,1.5287
16346,18:15:15.247,1898,-0.0730,1.5295
16347,18:15:15.248,1873,-0.0852,1.5094
16348,18:15:15.248,1899,-0.0725,1.5303
16349,18:15:15.249,1945,-0.0501,1.5674
16350,18:15:15.249,1923,-0.0608,1.5497
16351,18:15:15.250,1924,-0.0603,1.5505
16352,18:15:15.250,1937,-0.0540,1.5610
16353,18:15:15.251,1950,-0.0476,1.5714
16354,18:15:15.251,1911,-0.0667,1.5400
16355,18:15:15.252,1909,-0.0676,1.5384
16356,18:15:15.252,1935,-0.0549,1.5593
16357,18:15:15.253,1905,-0.0696,1.5352
16358,18:15:15.253,1946,-0.0496,1.5682
16359,18:15:15.254,1951,-0.0471,1.5722
16360,18:15:15.254,1941,-0.0520,1.5642
16361,18:15:15.255,1935,-0.0549,1.5593
16362,18:15:15.255,1945,-0.0501,1.5674
16363,18:15:15.256,1917,-0.0637,1.5448
16364,18:15:15.256,1877,-0.0833,1.5126
16365,18:15:15.257,1902,-0.0711,1.5327
16366,18:15:15.257,1912,-0.0662,1.5408
16367,18:15:15.258,1882,-0.0808,1.5166
16368,18:15:15.258,1882,-0.0808,1.5166
16369,18:15:15.259,1941,-0.0520,1.5642
16370,18:15:15.259,1930,-0.0574,1.5553
16371,18:15:15.260,1929,-0.0579,1.5545
16372,18:15:15.260,1937,-0.0540,1.5610
16373,18:15:15.261,1948,-0.0486,1.5698
16374,18:15:15.261,1932,-0.0564,1.5569
16375,18:15:15.262,1911,-0.0667,1.5400
16376,18:15:15.262,1937,-0.0540,1.5610
16377,18:15:15.263,1908,-0.0681,1.5376
16378,18:15:15.263,1940,-0.0525,1.5634
16379,18:15:15.264,1951,-0.0471,1.5722
16380,18:15:15.264,1937,-0.0540,1.5610
16381,18:15:15.265,1929,-0.0579,1.5545
16382,18:15:15.265,1950,-0.0476,1.5714
16383,18:15:15.266,1937,-0.0540,1.5610
16384,18:15:15.266,1891,-0.0764,1.5239
16385,18:15:15.267,1889,-0.0774,1.5223
16386,18:15:15.267,1913,-0.0657,1.5416
16387,18:15:15.268,1884,-0.0799,1.5182
16388,18:15:15.268,1874,-0.0847,1.5102
16389,18:15:15.269,1931,-0.0569,1.5561
16390,18:15:15.269,1952,-0.0466,1.5730
16391,18:15:15.270,1935,-0.0549,1.5593
16392,18:15:15.270,1934,-0.0554,1.5585
16393,18:15:15.271,1949,-0.0481,1.5706
16394,18:15:15.271,1944,-0.0505,1.5666
16395,18:15:15.272,1908,-0.0681,1.5376
16396,18:15:15.272,1927,-0.0589,1.5529
16397,18:15:15.273,1907,-0.0686,1.5368
16398,18:15:15.273,1923,-0.0608,1.5497
16399,18:15:15.274,1927,-0.0589,1.5529
16400,18:15:15.274,1916,-0.0642,1.5440
16401,18:15:15.275,1898,-0.0730,1.5295
16402,18:15:15.275,1915,-0.0647,1.5432
16403,18:15:15.276,1911,-0.0667,1.5400
16404,18:15:15.276,1870,-0.0867,1.5070
16405,18:15:15.277,1856,-0.0935,1.4957
16406,18:15:15.277,1876,-0.0838,1.5118
16407,18:15:15.278,1867,-0.0882,1.5045
16408,18:15:15.278,1830,-0.1062,1.4747
16409,18:15:15.279,1872,-0.0857,1.5086
16410,18:15:15.279,1896,-0.0740,1.5279
16411,18:15:15.280,1887,-0.0784,1.5207
16412,18:15:15.280,1884,-0.0799,1.5182
16413,18:15:15.281,1896,-0.0740,1.5279
16414,18:15:15.281,1914,-0.0652,1.5424
16415,18:15:15.282,1874,-0.0847,1.5102
16416,18:15:15.282,1885,-0.0794,1.5190
16417,18:15:15.283,1878,-0.0828,1.5134
16418,18:15:15.283,1881,-0.0813,1.5158
16419,18:15:15.284,1892,-0.0759,1.5247
16420,18:15:15.284,1894,-0.0750,1.5263
16421,18:15:15.285,1881,-0.0813,1.5158
16422,18:15:15.285,1897,-0.0735,1.5287
16423,18:15:15.286,1905,-0.0696,1.5352
16424,18:15:15.286,1877,-0.0833,1.5126
16425,18:15:15.287,1852,-0.0955,1.4925
16426,18:15:15.287,1871,-0.0862,1.5078
16427,18:15:15.288,1878,-0.0828,1.5134
16428,18:15:15.288,1838,-0.1023,1.4812
16429,18:15:15.289,1868,-0.0877,1.5053
16430,18:15:15.289,1906,-0.0691,1.5360
16431,18:15:15.290,1895,-0.0745,1.5271
16432,18:15:15.290,1892,-0.0759,1.5247
16433,18:15:15.291,1903,-0.0706,1.5336
16434,18:15:15.291,1931,-0.0569,1.5561
16435,18:15:15.292,1888,-0.0779,1.5215
16436,18:15:15.292,1888,-0.0779,1.5215
16437,18:15:15.293,1891,-0.0764,1.5239
16438,18:15:15.293,1881,-0.0813,1.5158
16439,18:15:15.294,1893,-0.0755,1.5255
16440,18:15:15.294,1902,-0.0711,1.5327
16441,18:15:15.295,1895,-0.0745,1.5271
16442,18:15:15.295,1903,-0.0706,1.5336
16443,18:15:15.296,1915,-0.0647,1.5432
16444,18:15:15.296,1904,-0.0701,1.5344
16445,18:15:15.297,1865,-0.0891,1.5029
16446,18:15:15.297,1879,-0.0823,1.5142
16447,18:15:15.298,1902,-0.0711,1.5327
16448,18:15:15.298,1871,-0.0862,1.5078
16449,18:15:15.299,1874,-0.0847,1.5102
16450,18:15:15.299,1924,-0.0603,1.5505
16451,18:15:15.300,1926,-0.0593,1.5521
16452,18:15:15.300,1924,-0.0603,1.5505
16453,18:15:15.301,1916,-0.0642,1.5440
16454,18:15:15.301,1947,-0.0491,1.5690
16455,18:15:15.302,1924,-0.0603,1.5505
16456,18:15:15.302,1900,-0.0720,1.5311
16457,18:15:15.303,1909,-0.0676,1.5384
16458,18:15:15.303,1895,-0.0745,1.5271
16459,18:15:15.304,1904,-0.0701,1.5344
16460,18:15:15.304,1925,-0.0598,1.5513
16461,18:15:15.305,1912,-0.0662,1.5408
16462,18:15:15.305,1911,-0.0667,1.5400
16463,18:15:15.306,1932,-0.0564,1.5569
16464,18:15:15.306,1936,-0.0545,1.5601
16465,18:15:15.307,1890,-0.0769,1.5231
16466,18:15:15.307,1886,-0.0789,1.5199
16467,18:15:15.308,1913,-0.0657,1.5416
16468,18:15:15.308,1889,-0.0774,1.5223
16469,18:15:15.309,1869,-0.0872,1.5062
16470,18:15:15.309,1916,-0.0642,1.5440
16471,18:15:15.310,1930,-0.0574,1.5553
16472,18:15:15.310,1937,-0.0540,1.5610
16473,18:15:15.311,1928,-0.0584,1.5537
16474,18:15:15.311,1963,-0.0413,1.5819
16475,18:15:15.312,1957,-0.0442,1.5771
16476,18:15:15.312,1924,-0.0603,1.5505
16477,18:15:15.313,1937,-0.0540,1.5610
16478,18:15:15.313,1916,-0.0642,1.5440
16479,18:15:15.314,1935,-0.0549,1.5593
16480,18:15:15.314,1949,-0.0481,1.5706
16481,18:15:15.315,1947,-0.0491,1.5690
16482,18:15:15.315,1948,-0.0486,1.5698
16483,18:15:15.316,1957,-0.0442,1.5771
16484,18:15:15.316,1974,-0.0359,1.5908
16485,18:15:15.317,1940,-0.0525,1.5634
16486,18:15:15.317,1924,-0.0603,1.5505
16487,18:15:15.318,1950,-0.0476,1.5714
16488,18:15:15.318,1949,-0.0481,1.5706
16489,18:15:15.319,1908,-0.0681,1.5376
16490,18:15:15.319,1950,-0.0476,1.5714
16491,18:15:15.320,1975,-0.0354,1.5916
16492,18:15:15.320,1978,-0.0339,1.5940
16493,18:15:15.321,1958,-0.0437,1.5779
16494,18:15:15.321,1983,-0.0315,1.5980
16495,18:15:15.322,1986,-0.0300,1.6004
16496,18:15:15.322,1945,-0.0501,1.5674
16497,18:15:15.323,1956,-0.0447,1.5763
16498,18:15:15.323,1946,-0.0496,1.5682
16499,18:15:15.324,1949,-0.0481,1.5706
16500,18:15:15.324,1959,-0.0432,1.5787
16501,18:15:15.325,1961,-0.0422,1.5803
16502,18:15:15.325,1961,-0.0422,1.5803
16503,18:15:15.326,1969,-0.0383,1.5867
16504,18:15:15.326,1994,-0.0261,1.6069
16505,18:15:15.327,1964,-0.0408,1.5827
16506,18:15:15.327,1942,-0.0515,1.5650
16507,18:15:15.328,1959,-0.0432,1.5787
16508,18:15:15.328,1962,-0.0418,1.5811
16509,18:15:15.329,1909,-0.0676,1.5384
16510,18:15:15.329,1938,-0.0535,1.5618
16511,18:15:15.330,1973,-0.0364,1.5900
16512,18:15:15.330,1982,-0.0320,1.5972
16513,18:15:15.331,1966,-0.0398,1.5843
16514,18:15:15.331,1985,-0.0305,1.5996
16515,18:15:15.332,2011,-0.0178,1.6206
16516,18:15:15.332,1970,-0.0379,1.5875
16517,18:15:15.333,1975,-0.0354,1.5916
16518,18:15:15.333,1964,-0.0408,1.5827
16519,18:15:15.334,1960,-0.0427,1.5795
16520,18:15:15.334,1965,-0.0403,1.5835
16521,18:15:15.335,1973,-0.0364,1.5900
16522,18:15:15.335,1971,-0.0374,1.5884
16523,18:15:15.336,1974,-0.0359,1.5908
16524,18:15:15.336,1997,-0.0247,1.6093
16525,18:15:15.337,1986,-0.0300,1.6004
16526,18:15:15.337,1953,-0.0462,1.5738
16527,18:15:15.338,1954,-0.0457,1.5747
16528,18:15:15.338,1979,-0.0335,1.5948
16529,18:15:15.339,1940,-0.0525,1.5634
16530,18:15:15.339,1949,-0.0481,1.5706
16531,18:15:15.340,1975,-0.0354,1.5916
16532,18:15:15.340,1987,-0.0295,1.6012
16533,18:15:15.341,1974,-0.0359,1.5908
16534,18:15:15.341,1975,-0.0354,1.5916
16535,18:15:15.342,2011,-0.0178,1.6206
16536,18:15:15.342,1975,-0.0354,1.5916
16537,18:15:15.343,1970,-0.0379,1.5875
16538,18:15:15.343,1967,-0.0393,1.5851
16539,18:15:15.344,1956,-0.0447,1.5763
16540,18:15:15.344,1956,-0.0447,1.5763
16541,18:15:15.345,1966,-0.0398,1.5843
16542,18:15:15.345,1959,-0.0432,1.5787
16543,18:15:15.346,1957,-0.0442,1.5771
16544,18:15:15.346,1974,-0.0359,1.5908
16545,18:15:15.347,1974,-0.0359,1.5908
16546,18:15:15.347,1938,-0.0535,1.5618
16547,18:15:15.348,1929,-0.0579,1.5545
16548,18:15:15.348,1958,-0.0437,1.5779
16549,18:15:15.349,1929,-0.0579,1.5545
16550,18:15:15.349,1911,-0.0667,1.5400
16551,18:15:15.350,1954,-0.0457,1.5747
16552,18:15:15.350,1969,-0.0383,1.5867
16553,18:15:15.351,1969,-0.0383,1.5867
16554,18:15:15.351,1963,-0.0413,1.5819
16555,18:15:15.352,2000,-0.0232,1.6117
16556,18:15:15.352,1983,-0.0315,1.5980
16557,18:15:15.353,1967,-0.0393,1.5851
16558,18:15:15.353,1968,-0.0388,1.5859
16559,18:15:15.354,1960,-0.0427,1.5795
16560,18:15:15.354,1955,-0.0452,1.5755
16561,18:15:15.355,1977,-0.0344,1.5932
16562,18:15:15.355,1975,-0.0354,1.5916
16563,18:15:15.356,1972,-0.0369,1.5892
16564,18:15:15.356,1984,-0.0310,1.5988
16565,18:15:15.357,2005,-0.0208,1.6158
16566,18:15:15.357,1975,-0.0354,1.5916
16567,18:15:15.358,1959,-0.0432,1.5787
16568,18:15:15.358,1984,-0.0310,1.5988
16569,18:15:15.359,1973,-0.0364,1.5900
16570,18:15:15.359,1942,-0.0515,1.5650
16571,18:15:15.360,1976,-0.0349,1.5924
16572,18:15:15.360,1998,-0.0242,1.6101
16573,18:15:15.361,2012,-0.0173,1.6214
16574,18:15:15.361,1996,-0.0252,1.6085
16575,18:15:15.362,2032,-0.0076,1.6375
16576,18:15:15.362,2032,-0.0076,1.6375
16577,18:15:15.363,2007,-0.0198,1.6174
16578,18:15:15.363,2005,-0.0208,1.6158
16579,18:15:15.364,1997,-0.0247,1.6093
16580,18:15:15.364,1989,-0.0286,1.6029
16581,18:15:15.365,2006,-0.0203,1.6166
16582,18:15:15.365,2005,-0.0208,1.6158
16583,18:15:15.366,1999,-0.0237,1.6109
16584,18:15:15.366,2005,-0.0208,1.6158
16585,18:15:15.367,2031,-0.0081,1.6367
16586,18:15:15.367,2012,-0.0173,1.6214
16587,18:15:15.368,1989,-0.0286,1.6029
16588,18:15:15.368,2002,-0.0222,1.6133
16589,18:15:15.369,2010,-0.0183,1.6198
16590,18:15:15.369,1965,-0.0403,1.5835
16591,18:15:15.370,1990,-0.0281,1.6037
16592,18:15:15.370,2013,-0.0168,1.6222
16593,18:15:15.371,2031,-0.0081,1.6367
16594,18:15:15.371,2016,-0.0154,1.6246
16595,18:15:15.372,2035,-0.0061,1.6399
16596,18:15:15.372,2065,0.0085,1.6641
16597,18:15:15.373,2027,-0.0100,1.6335
16598,18:15:15.373,2029,-0.0090,1.6351
16599,18:15:15.374,2020,-0.0134,1.6278
16600,18:15:15.374,2005,-0.0208,1.6158
16601,18:15:15.375,2023,-0.0120,1.6303
16602,18:15:15.375,2021,-0.0129,1.6286
16603,18:15:15.376,2019,-0.0139,1.6270
16604,18:15:15.376,2017,-0.0149,1.6254
16605,18:15:15.377,2048,0.0002,1.6504
16606,18:15:15.377,2035,-0.0061,1.6399
16607,18:15:15.378,2010,-0.0183,1.6198
16608,18:15:15.378,2013,-0.0168,1.6222
16609,18:15:15.379,2030,-0.0085,1.6359
16610,18:15:15.379,1992,-0.0271,1.6053
16611,18:15:15.380,1999,-0.0237,1.6109
16612,18:15:15.380,2025,-0.0110,1.6319
16613,18:15:15.381,2042,-0.0027,1.6456
16614,18:15:15.381,2038,-0.0046,1.6423
16615,18:15:15.382,2040,-0.0037,1.6440
16616,18:15:15.382,2077,0.0144,1.6738
16617,18:15:15.383,2042,-0.0027,1.6456
16618,18:15:15.383,2043,-0.0022,1.6464
16619,18:15:15.384,2039,-0.0042,1.6432
16620,18:15:15.384,2017,-0.0149,1.6254
16621,18:15:15.385,2025,-0.0110,1.6319
16622,18:15:15.385,2029,-0.0090,1.6351
16623,18:15:15.386,2033,-0.0071,1.6383
16624,18:15:15.386,2026,-0.0105,1.6327
16625,18:15:15.387,2046,-0.0007,1.6488
16626,18:15:15.387,2055,0.0037,1.6560
16627,18:15:15.388,2028,-0.0095,1.6343
16628,18:15:15.388,2013,-0.0168,1.6222
16629,18:15:15.389,2037,-0.0051,1.6415
16630,18:15:15.389,2010,-0.0183,1.6198
16631,18:15:15.390,2000,-0.0232,1.6117
16632,18:15:15.390,2022,-0.0125,1.6295
16633,18:15:15.391,2043,-0.0022,1.6464
16634,18:15:15.391,2049,0.0007,1.6512
16635,18:15:15.392,2034,-0.0066,1.6391
16636,18:15:15.392,2078,0.0149,1.6746
16637,18:15:15.393,2062,0.0071,1.6617
16638,18:15:15.393,2056,0.0042,1.6568
16639,18:15:15.394,2049,0.0007,1.6512
16640,18:15:15.394,2028,-0.0095,1.6343
16641,18:15:15.395,2025,-0.0110,1.6319
16642,18:15:15.395,2033,-0.0071,1.6383
16643,18:15:15.396,2034,-0.0066,1.6391
16644,18:15:15.396,2027,-0.0100,1.6335
16645,18:15:15.397,2038,-0.0046,1.6423
16646,18:15:15.397,2060,0.0061,1.6601
16647,18:15:15.398,2040,-0.0037,1.6440
16648,18:15:15.398,2012,-0.0173,1.6214
16649,18:15:15.399,2038,-0.0046,1.6423
16650,18:15:15.399,2026,-0.0105,1.6327
16651,18:15:15.400,2000,-0.0232,1.6117
16652,18:15:15.400,2015,-0.0159,1.6238
16653,18:15:15.401,2033,-0.0071,1.6383
16654,18:15:15.401,2053,0.0027,1.6544
16655,18:15:15.402,2033,-0.0071,1.6383
16656,18:15:15.402,2074,0.0129,1.6714
16657,18:15:15.403,2073,0.0125,1.6705
16658,18:15:15.403,2058,0.0051,1.6585
16659,18:15:15.404,2048,0.0002,1.6504
16660,18:15:15.404,2031,-0.0081,1.6367
16661,18:15:15.405,2024,-0.0115,1.6311
16662,18:15:15.405,2031,-0.0081,1.6367
16663,18:15:15.406,2032,-0.0076,1.6375
16664,18:15:15.406,2028,-0.0095,1.6343
16665,18:15:15.407,2031,-0.0081,1.6367
16666,18:15:15.407,2053,0.0027,1.6544
16667,18:15:15.408,2048,0.0002,1.6504
16668,18:15:15.408,2016,-0.0154,1.6246
16669,18:15:15.409,2032,-0.0076,1.6375
16670,18:15:15.409,2036,-0.0056,1.6407
16671,18:15:15.410,2003,-0.0217,1.6141
16672,18:15:15.410,2009,-0.0188,1.6190
16673,18:15:15.411,2028,-0.0095,1.6343
16674,18:15:15.411,2059,0.0056,1.6593
16675,18:15:15.412,2033,-0.0071,1.6383
16676,18:15:15.412,2063,0.0076,1.6625
16677,18:15:15.413,2081,0.0164,1.6770
16678,18:15:15.413,2060,0.0061,1.6601
16679,18:15:15.414,2053,0.0027,1.6544
16680,18:15:15.414,2041,-0.0032,1.6448
16681,18:15:15.415,2025,-0.0110,1.6319
16682,18:15:15.415,2031,-0.0081,1.6367
16683,18:15:15.416,2032,-0.0076,1.6375
16684,18:15:15.416,2033,-0.0071,1.6383
16685,18:15:15.417,2031,-0.0081,1.6367
16686,18:15:15.417,2052,0.0022,1.6536
16687,18:15:15.418,2057,0.0046,1.6577
16688,18:15:15.418,2028,-0.0095,1.6343
16689,18:15:15.419,2027,-0.0100,1.6335
16690,18:15:15.419,2043,-0.0022,1.6464
16691,18:15:15.420,2012,-0.0173,1.6214
16692,18:15:15.420,2008,-0.0193,1.6182
16693,18:15:15.421,2026,-0.0105,1.6327
16694,18:15:15.421,2054,0.0032,1.6552
16695,18:15:15.422,2043,-0.0022,1.6464
16696,18:15:15.422,2052,0.0022,1.6536
16697,18:15:15.423,2080,0.0159,1.6762
16698,18:15:15.423,2066,0.0090,1.6649
16699,18:15:15.424,2056,0.0042,1.6568
16700,18:15:15.424,2050,0.0012,1.6520
16701,18:15:15.425,2030,-0.0085,1.6359
16702,18:15:15.425,2028,-0.0095,1.6343
16703,18:15:15.426,2036,-0.0056,1.6407
16704,18:15:15.426,2033,-0.0071,1.6383
16705,18:15:15.427,2028,-0.0095,1.6343
16706,18:15:15.427,2047,-0.0002,1.6496
16707,18:15:15.428,2065,0.0085,1.6641
16708,18:15:15.428,2041,-0.0032,1.6448
16709,18:15:15.429,2026,-0.0105,1.6327
16710,18:15:15.429,2045,-0.0012,1.6480
16711,18:15:15.430,2023,-0.0120,1.6303
16712,18:15:15.430,2008,-0.0193,1.6182
16713,18:15:15.431,2026,-0.0105,1.6327
16714,18:15:15.431,2051,0.0017,1.6528
16715,18:15:15.432,2051,0.0017,1.6528
16716,18:15:15.432,2043,-0.0022,1.6464
16717,18:15:15.433,2082,0.0168,1.6778
16718,18:15:15.433,2074,0.0129,1.6714
16719,18:15:15.434,2059,0.0056,1.6593
16720,18:15:15.434,2060,0.0061,1.6601
16721,18:15:15.435,2037,-0.0051,1.6415
16722,18:15:15.435,2032,-0.0076,1.6375
16723,18:15:15.436,2033,-0.0071,1.6383
16724,18:15:15.436,2038,-0.0046,1.6423
16725,18:15:15.437,2031,-0.0081,1.6367
16726,18:15:15.437,2039,-0.0042,1.6432
16727,18:15:15.438,2063,0.0076,1.6625
16728,18:15:15.438,2052,0.0022,1.6536
16729,18:15:15.439,2026,-0.0105,1.6327
16730,18:15:15.439,2043,-0.0022,1.6464
16731,18:15:15.440,2037,-0.0051,1.6415
16732,18:15:15.440,2016,-0.0154,1.6246
16733,18:15:15.441,2022,-0.0125,1.6295
16734,18:15:15.441,2040,-0.0037,1.6440
16735,18:15:15.442,2062,0.0071,1.6617
16736,18:15:15.442,2036,-0.0056,1.6407
16737,18:15:15.443,2077,0.0144,1.6738
16738,18:15:15.443,2081,0.0164,1.6770
16739,18:15:15.444,2065,0.0085,1.6641
16740,18:15:15.444,2062,0.0071,1.6617
16741,18:15:15.445,2041,-0.0032,1.6448
16742,18:15:15.445,2033,-0.0071,1.6383
16743,18:15:15.446,2027,-0.0100,1.6335
16744,18:15:15.446,2038,-0.0046,1.6423
16745,18:15:15.447,2028,-0.0095,1.6343
16746,18:15:15.447,2030,-0.0085,1.6359
16747,18:15:15.448,2051,0.0017,1.6528
16748,18:15:15.448,2056,0.0042,1.6568
16749,18:15:15.449,2023,-0.0120,1.6303
16750,18:15:15.449,2038,-0.0046,1.6423
16751,18:15:15.450,2039,-0.0042,1.6432
16752,18:15:15.450,2012,-0.0173,1.6214
16753,18:15:15.451,2014,-0.0164,1.6230
16754,18:15:15.451,2029,-0.0090,1.6351
16755,18:15:15.452,2056,0.0042,1.6568
16756,18:15:15.452,2032,-0.0076,1.6375
16757,18:15:15.453,2060,0.0061,1.6601
16758,18:15:15.453,2081,0.0164,1.6770
16759,18:15:15.454,2066,0.0090,1.6649
16760,18:15:15.454,2058,0.0051,1.6585
16761,18:15:15.455,2041,-0.0032,1.6448
16762,18:15:15.455,2032,-0.0076,1.6375
16763,18:15:15.456,2027,-0.0100,1.6335
16764,18:15:15.456,2034,-0.0066,1.6391
16765,18:15:15.457,2030,-0.0085,1.6359
16766,18:15:15.457,2028,-0.0095,1.6343
16767,18:15:15.458,2041,-0.0032,1.6448
16768,18:15:15.458,2059,0.0056,1.6593
16769,18:15:15.459,2031,-0.0081,1.6367
16770,18:15:15.459,2034,-0.0066,1.6391
16771,18:15:15.460,2045,-0.0012,1.6480
16772,18:15:15.460,2022,-0.0125,1.6295
16773,18:15:15.461,2014,-0.0164,1.6230
16774,18:15:15.461,2025,-0.0110,1.6319
16775,18:15:15.462,2057,0.0046,1.6577
16776,18:15:15.462,2038,-0.0046,1.6423
16777,18:15:15.463,2052,0.0022,1.6536
16778,18:15:15.463,2079,0.0154,1.6754
16779,18:15:15.464,2072,0.0120,1.6697
16780,18:15:15.464,2062,0.0071,1.6617
16781,18:15:15.465,2054,0.0032,1.6552
16782,18:15:15.465,2038,-0.0046,1.6423
16783,18:15:15.466,2028,-0.0095,1.6343
16784,18:15:15.466,2034,-0.0066,1.6391
16785,18:15:15.467,2033,-0.0071,1.6383
16786,18:15:15.467,2029,-0.0090,1.6351
16787,18:15:15.468,2036,-0.0056,1.6407
16788,18:15:15.468,2065,0.0085,1.6641
16789,18:15:15.469,2043,-0.0022,1.6464
16790,18:15:15.469,2034,-0.0066,1.6391
16791,18:15:15.470,2054,0.0032,1.6552
16792,18:15:15.470,2033,-0.0071,1.6383
16793,18:15:15.471,2017,-0.0149,1.6254
16794,18:15:15.471,2015,-0.0159,1.6238
16795,18:15:15.472,2050,0.0012,1.6520
16796,18:15:15.472,2045,-0.0012,1.6480
16797,18:15:15.473,2040,-0.0037,1.6440
16798,18:15:15.473,2070,0.0110,1.6681
16799,18:15:15.474,2071,0.0115,1.6689
16800,18:15:15.474,2061,0.0066,1.6609
16801,18:15:15.475,2052,0.0022,1.6536
16802,18:15:15.475,2041,-0.0032,1.6448
16803,18:15:15.476,2025,-0.0110,1.6319
16804,18:15:15.476,2025,-0.0110,1.6319
16805,18:15:15.477,2030,-0.0085,1.6359
16806,18:15:15.477,2021,-0.0129,1.6286
16807,18:15:15.478,2027,-0.0100,1.6335
16808,18:15:15.478,2054,0.0032,1.6552
16809,18:15:15.479,2046,-0.0007,1.6488
16810,18:15:15.479,2025,-0.0110,1.6319
16811,18:15:15.480,2038,-0.0046,1.6423
16812,18:15:15.480,2031,-0.0081,1.6367
16813,18:15:15.481,2017,-0.0149,1.6254
16814,18:15:15.481,2012,-0.0173,1.6214
16815,18:15:15.482,2035,-0.0061,1.6399
16816,18:15:15.482,2041,-0.0032,1.6448
16817,18:15:15.483,2031,-0.0081,1.6367
16818,18:15:15.483,2059,0.0056,1.6593
16819,18:15:15.484,2068,0.0100,1.6665
16820,18:15:15.484,2058,0.0051,1.6585
16821,18:15:15.485,2055,0.0037,1.6560
16822,18:15:15.485,2039,-0.0042,1.6432
16823,18:15:15.486,2024,-0.0115,1.6311
16824,18:15:15.486,2019,-0.0139,1.6270
16825,18:15:15.487,2025,-0.0110,1.6319
16826,18:15:15.487,2023,-0.0120,1.6303
16827,18:15:15.488,2022,-0.0125,1.6295
16828,18:15:15.488,2041,-0.0032,1.6448
16829,18:15:15.489,2052,0.0022,1.6536
16830,18:15:15.489,2024,-0.0115,1.6311
16831,18:15:15.490,2035,-0.0061,1.6399
16832,18:15:15.490,2041,-0.0032,1.6448
16833,18:15:15.491,2020,-0.0134,1.6278
16834,18:15:15.491,2009,-0.0188,1.6190
16835,18:15:15.492,2025,-0.0110,1.6319
16836,18:15:15.492,2049,0.0007,1.6512
16837,18:15:15.493,2033,-0.0071,1.6383
16838,18:15:15.493,2051,0.0017,1.6528
16839,18:15:15.494,2071,0.0115,1.6689
16840,18:15:15.494,2062,0.0071,1.6617
16841,18:15:15.495,2056,0.0042,1.6568
16842,18:15:15.495,2043,-0.0022,1.6464
16843,18:15:15.496,2032,-0.0076,1.6375
16844,18:15:15.496,2023,-0.0120,1.6303
16845,18:15:15.497,2027,-0.0100,1.6335
16846,18:15:15.497,2027,-0.0100,1.6335
16847,18:15:15.498,2022,-0.0125,1.6295
16848,18:15:15.498,2036,-0.0056,1.6407
16849,18:15:15.499,2055,0.0037,1.6560
16850,18:15:15.499,2033,-0.0071,1.6383
16851,18:15:15.500,2035,-0.0061,1.6399
16852,18:15:15.500,2047,-0.0002,1.6496
16853,18:15:15.501,2031,-0.0081,1.6367
16854,18:15:15.501,2016,-0.0154,1.6246
16855,18:15:15.502,2022,-0.0125,1.6295
16856,18:15:15.502,2052,0.0022,1.6536
16857,18:15:15.503,2036,-0.0056,1.6407
16858,18:15:15.503,2045,-0.0012,1.6480
16859,18:15:15.504,2072,0.0120,1.6697
16860,18:15:15.504,2067,0.0095,1.6657
16861,18:15:15.505,2065,0.0085,1.6641
16862,18:15:15.505,2049,0.0007,1.6512
16863,18:15:15.506,2040,-0.0037,1.6440
16864,18:15:15.506,2027,-0.0100,1.6335
16865,18:15:15.507,2031,-0.0081,1.6367
16866,18:15:15.507,2027,-0.0100,1.6335
16867,18:15:15.508,2027,-0.0100,1.6335
16868,18:15:15.508,2033,-0.0071,1.6383
16869,18:15:15.509,2056,0.0042,1.6568
16870,18:15:15.509,2040,-0.0037,1.6440
16871,18:15:15.510,2037,-0.0051,1.6415
16872,18:15:15.510,2047,-0.0002,1.6496
16873,18:15:15.511,2039,-0.0042,1.6432
16874,18:15:15.511,2025,-0.0110,1.6319
16875,18:15:15.512,2016,-0.0154,1.6246
16876,18:15:15.512,2052,0.0022,1.6536
16877,18:15:15.513,2045,-0.0012,1.6480
16878,18:15:15.513,2043,-0.0022,1.6464
16879,18:15:15.514,2066,0.0090,1.6649
16880,18:15:15.514,2073,0.0125,1.6705
16881,18:15:15.515,2069,0.0105,1.6673
16882,18:15:15.515,2056,0.0042,1.6568
16883,18:15:15.516,2050,0.0012,1.6520
16884,18:15:15.516,2034,-0.0066,1.6391
16885,18:15:15.517,2029,-0.0090,1.6351
16886,18:15:15.517,2031,-0.0081,1.6367
16887,18:15:15.518,2028,-0.0095,1.6343
16888,18:15:15.518,2025,-0.0110,1.6319
16889,18:15:15.519,2052,0.0022,1.6536
16890,18:15:15.519,2054,0.0032,1.6552
16891,18:15:15.520,2039,-0.0042,1.6432
16892,18:15:15.520,2049,0.0007,1.6512
16893,18:15:15.521,2045,-0.0012,1.6480
16894,18:15:15.521,2033,-0.0071,1.6383
16895,18:15:15.522,2018,-0.0144,1.6262
16896,18:15:15.522,2046,-0.0007,1.6488
16897,18:15:15.523,2049,0.0007,1.6512
16898,18:15:15.523,2041,-0.0032,1.6448
16899,18:15:15.524,2060,0.0061,1.6601
16900,18:15:15.524,2072,0.0120,1.6697
16901,18:15:15.525,2072,0.0120,1.6697
16902,18:15:15.525,2065,0.0085,1.6641
16903,18:15:15.526,2057,0.0046,1.6577
16904,18:15:15.526,2039,-0.0042,1.6432
16905,18:15:15.527,2031,-0.0081,1.6367
16906,18:15:15.527,2036,-0.0056,1.6407
16907,18:15:15.528,2033,-0.0071,1.6383
16908,18:15:15.528,2024,-0.0115,1.6311
16909,18:15:15.529,2049,0.0007,1.6512
16910,18:15:15.529,2056,0.0042,1.6568
16911,18:15:15.530,2038,-0.0046,1.6423
16912,18:15:15.530,2049,0.0007,1.6512
16913,18:15:15.531,2048,0.0002,1.6504
16914,18:15:15.531,2044,-0.0017,1.6472
16915,18:15:15.532,2019,-0.0139,1.6270
16916,18:15:15.532,2042,-0.0027,1.6456
16917,18:15:15.533,2055,0.0037,1.6560
16918,18:15:15.533,2044,-0.0017,1.6472
16919,18:15:15.534,2057,0.0046,1.6577
16920,18:15:15.534,2075,0.0134,1.6722
16921,18:15:15.535,2072,0.0120,1.6697
16922,18:15:15.535,2066,0.0090,1.6649
16923,18:15:15.536,2058,0.0051,1.6585
16924,18:15:15.536,2043,-0.0022,1.6464
16925,18:15:15.537,2032,-0.0076,1.6375
16926,18:15:15.537,2037,-0.0051,1.6415
16927,18:15:15.538,2036,-0.0056,1.6407
16928,18:15:15.538,2026,-0.0105,1.6327
16929,18:15:15.539,2037,-0.0051,1.6415
16930,18:15:15.539,2059,0.0056,1.6593
16931,18:15:15.540,2042,-0.0027,1.6456
16932,18:15:15.540,2045,-0.0012,1.6480
16933,18:15:15.541,2048,0.0002,1.6504
16934,18:15:15.541,2046,-0.0007,1.6488
16935,18:15:15.542,2022,-0.0125,1.6295
16936,18:15:15.542,2028,-0.0095,1.6343
16937,18:15:15.543,2052,0.0022,1.6536
16938,18:15:15.543,2047,-0.0002,1.6496
16939,18:15:15.544,2049,0.0007,1.6512
16940,18:15:15.544,2070,0.0110,1.6681
16941,18:15:15.545,2075,0.0134,1.6722
16942,18:15:15.545,2070,0.0110,1.6681
16943,18:15:15.546,2062,0.0071,1.6617
16944,18:15:15.546,2052,0.0022,1.6536
16945,18:15:15.547,2034,-0.0066,1.6391
16946,18:15:15.547,2034,-0.0066,1.6391
16947,18:15:15.548,2039,-0.0042,1.6432
16948,18:15:15.548,2030,-0.0085,1.6359
16949,18:15:15.549,2031,-0.0081,1.6367
16950,18:15:15.549,2059,0.0056,1.6593
16951,18:15:15.550,2043,-0.0022,1.6464
16952,18:15:15.550,2043,-0.0022,1.6464
16953,18:15:15.551,2055,0.0037,1.6560
16954,18:15:15.551,2052,0.0022,1.6536
16955,18:15:15.552,2033,-0.0071,1.6383
16956,18:15:15.552,2027,-0.0100,1.6335
16957,18:15:15.553,2053,0.0027,1.6544
16958,18:15:15.553,2052,0.0022,1.6536
16959,18:15:15.554,2045,-0.0012,1.6480
16960,18:15:15.554,2068,0.0100,1.6665
16961,18:15:15.555,2076,0.0139,1.6730
16962,18:15:15.555,2072,0.0120,1.6697
16963,18:15:15.556,2062,0.0071,1.6617
16964,18:15:15.556,2058,0.0051,1.6585
16965,18:15:15.557,2041,-0.0032,1.6448
16966,18:15:15.557,2037,-0.0051,1.6415
16967,18:15:15.558,2038,-0.0046,1.6423
16968,18:15:15.558,2033,-0.0071,1.6383
16969,18:15:15.559,2026,-0.0105,1.6327
16970,18:15:15.559,2052,0.0022,1.6536
16971,18:15:15.560,2055,0.0037,1.6560
16972,18:15:15.560,2049,0.0007,1.6512
16973,18:15:15.561,2053,0.0027,1.6544
16974,18:15:15.561,2055,0.0037,1.6560
16975,18:15:15.562,2043,-0.0022,1.6464
16976,18:15:15.562,2028,-0.0095,1.6343
16977,18:15:15.563,2052,0.0022,1.6536
16978,18:15:15.563,2058,0.0051,1.6585
16979,18:15:15.564,2045,-0.0012,1.6480
16980,18:15:15.564,2062,0.0071,1.6617
16981,18:15:15.565,2075,0.0134,1.6722
16982,18:15:15.565,2072,0.0120,1.6697
16983,18:15:15.566,2067,0.0095,1.6657
16984,18:15:15.566,2062,0.0071,1.6617
16985,18:15:15.567,2050,0.0012,1.6520
16986,18:15:15.567,2037,-0.0051,1.6415
16987,18:15:15.568,2042,-0.0027,1.6456
16988,18:15:15.568,2036,-0.0056,1.6407
16989,18:15:15.569,2027,-0.0100,1.6335
16990,18:15:15.569,2045,-0.0012,1.6480
16991,18:15:15.570,2061,0.0066,1.6609
16992,18:15:15.570,2049,0.0007,1.6512
16993,18:15:15.571,2053,0.0027,1.6544
16994,18:15:15.571,2060,0.0061,1.6601
16995,18:15:15.572,2056,0.0042,1.6568
16996,18:15:15.572,2026,-0.0105,1.6327
16997,18:15:15.573,2044,-0.0017,1.6472
16998,18:15:15.573,2060,0.0061,1.6601
16999,18:15:15.574,2050,0.0012,1.6520
17000,18:15:15.574,2057,0.0046,1.6577
17001,18:15:15.575,2076,0.0139,1.6730
17002,18:15:15.575,2078,0.0149,1.6746
17003,18:15:15.576,2073,0.0125,1.6705
17004,18:15:15.576,2066,0.0090,1.6649
17005,18:15:15.577,2056,0.0042,1.6568
17006,18:15:15.577,2043,-0.0022,1.6464
17007,18:15:15.578,2038,-0.0046,1.6423
17008,18:15:15.578,2040,-0.0037,1.6440
17009,18:15:15.579,2032,-0.0076,1.6375
17010,18:15:15.579,2040,-0.0037,1.6440
17011,18:15:15.580,2061,0.0066,1.6609
17012,18:15:15.580,2051,0.0017,1.6528
17013,18:15:15.581,2055,0.0037,1.6560
17014,18:15:15.581,2058,0.0051,1.6585
17015,18:15:15.582,2064,0.0081,1.6633
17016,18:15:15.582,2036,-0.0056,1.6407
17017,18:15:15.583,2041,-0.0032,1.6448
17018,18:15:15.583,2058,0.0051,1.6585
17019,18:15:15.584,2052,0.0022,1.6536
17020,18:15:15.584,2055,0.0037,1.6560
17021,18:15:15.585,2067,0.0095,1.6657
17022,18:15:15.585,2078,0.0149,1.6746
17023,18:15:15.586,2076,0.0139,1.6730
17024,18:15:15.586,2070,0.0110,1.6681
17025,18:15:15.587,2062,0.0071,1.6617
17026,18:15:15.587,2044,-0.0017,1.6472
17027,18:15:15.588,2043,-0.0022,1.6464
17028,18:15:15.588,2044,-0.0017,1.6472
17029,18:15:15.589,2035,-0.0061,1.6399
17030,18:15:15.589,2035,-0.0061,1.6399
17031,18:15:15.590,2060,0.0061,1.6601
17032,18:15:15.590,2052,0.0022,1.6536
17033,18:15:15.591,2054,0.0032,1.6552
17034,18:15:15.591,2056,0.0042,1.6568
17035,18:15:15.592,2067,0.0095,1.6657
17036,18:15:15.592,2041,-0.0032,1.6448
17037,18:15:15.593,2038,-0.0046,1.6423
17038,18:15:15.593,2055,0.0037,1.6560
17039,18:15:15.594,2057,0.0046,1.6577
17040,18:15:15.594,2055,0.0037,1.6560
17041,18:15:15.595,2066,0.0090,1.6649
17042,18:15:15.595,2076,0.0139,1.6730
17043,18:15:15.596,2076,0.0139,1.6730
17044,18:15:15.596,2070,0.0110,1.6681
17045,18:15:15.597,2063,0.0076,1.6625
17046,18:15:15.597,2051,0.0017,1.6528
17047,18:15:15.598,2043,-0.0022,1.6464
17048,18:15:15.598,2046,-0.0007,1.6488
17049,18:15:15.599,2036,-0.0056,1.6407
17050,18:15:15.599,2031,-0.0081,1.6367
17051,18:15:15.600,2052,0.0022,1.6536
17052,18:15:15.600,2052,0.0022,1.6536
17053,18:15:15.601,2055,0.0037,1.6560
17054,18:15:15.601,2055,0.0037,1.6560
17055,18:15:15.602,2067,0.0095,1.6657
17056,18:15:15.602,2054,0.0032,1.6552
17057,18:15:15.603,2036,-0.0056,1.6407
17058,18:15:15.603,2055,0.0037,1.6560
17059,18:15:15.604,2059,0.0056,1.6593
17060,18:15:15.604,2053,0.0027,1.6544
17061,18:15:15.605,2061,0.0066,1.6609
17062,18:15:15.605,2073,0.0125,1.6705
17063,18:15:15.606,2076,0.0139,1.6730
17064,18:15:15.606,2069,0.0105,1.6673
17065,18:15:15.607,2066,0.0090,1.6649
17066,18:15:15.607,2058,0.0051,1.6585
17067,18:15:15.608,2041,-0.0032,1.6448
17068,18:15:15.608,2043,-0.0022,1.6464
17069,18:15:15.609,2040,-0.0037,1.6440
17070,18:15:15.609,2028,-0.0095,1.6343
17071,18:15:15.610,2048,0.0002,1.6504
17072,18:15:15.610,2052,0.0022,1.6536
17073,18:15:15.611,2052,0.0022,1.6536
17074,18:15:15.611,2053,0.0027,1.6544
17075,18:15:15.612,2065,0.0085,1.6641
17076,18:15:15.612,2062,0.0071,1.6617
17077,18:15:15.613,2038,-0.0046,1.6423
17078,18:15:15.613,2052,0.0022,1.6536
17079,18:15:15.614,2060,0.0061,1.6601
17080,18:15:15.614,2053,0.0027,1.6544
17081,18:15:15.615,2058,0.0051,1.6585
17082,18:15:15.615,2069,0.0105,1.6673
17083,18:15:15.616,2076,0.0139,1.6730
17084,18:15:15.616,2074,0.0129,1.6714
17085,18:15:15.617,2072,0.0120,1.6697
17086,18:15:15.617,2061,0.0066,1.6609
17087,18:15:15.618,2049,0.0007,1.6512
17088,18:15:15.618,2042,-0.0027,1.6456
17089,18:15:15.619,2045,-0.0012,1.6480
17090,18:15:15.619,2028,-0.0095,1.6343
17091,18:15:15.620,2039,-0.0042,1.6432
17092,18:15:15.620,2053,0.0027,1.6544
17093,18:15:15.621,2052,0.0022,1.6536
17094,18:15:15.621,2051,0.0017,1.6528
17095,18:15:15.622,2059,0.0056,1.6593
17096,18:15:15.622,2069,0.0105,1.6673
17097,18:15:15.623,2042,-0.0027,1.6456
17098,18:15:15.623,2048,0.0002,1.6504
17099,18:15:15.624,2060,0.0061,1.6601
17100,18:15:15.624,2057,0.0046,1.6577
17101,18:15:15.625,2056,0.0042,1.6568
17102,18:15:15.625,2063,0.0076,1.6625
17103,18:15:15.626,2073,0.0125,1.6705
17104,18:15:15.626,2074,0.0129,1.6714
17105,18:15:15.627,2071,0.0115,1.6689
17106,18:15:15.627,2060,0.0061,1.6601
17107,18:15:15.628,2052,0.0022,1.6536
17108,18:15:15.628,2044,-0.0017,1.6472
17109,18:15:15.629,2046,-0.0007,1.6488
17110,18:15:15.629,2035,-0.0061,1.6399
17111,18:15:15.630,2033,-0.0071,1.6383
17112,18:15:15.630,2050,0.0012,1.6520
17113,18:15:15.631,2054,0.0032,1.6552
17114,18:15:15.631,2051,0.0017,1.6528
17115,18:15:15.632,2055,0.0037,1.6560
17116,18:15:15.632,2072,0.0120,1.6697
17117,18:15:15.633,2049,0.0007,1.6512
17118,18:15:15.633,2044,-0.0017,1.6472
17119,18:15:15.634,2060,0.0061,1.6601
17120,18:15:15.634,2055,0.0037,1.6560
17121,18:15:15.635,2056,0.0042,1.6568
17122,18:15:15.635,2062,0.0071,1.6617
17123,18:15:15.636,2072,0.0120,1.6697
17124,18:15:15.636,2073,0.0125,1.6705
17125,18:15:15.637,2067,0.0095,1.6657
17126,18:15:15.637,2062,0.0071,1.6617
17127,18:15:15.638,2057,0.0046,1.6577
17128,18:15:15.638,2042,-0.0027,1.6456
17129,18:15:15.639,2043,-0.0022,1.6464
17130,18:15:15.639,2036,-0.0056,1.6407
17131,18:15:15.640,2035,-0.0061,1.6399
17132,18:15:15.640,2050,0.0012,1.6520
17133,18:15:15.641,2052,0.0022,1.6536
17134,18:15:15.641,2051,0.0017,1.6528
17135,18:15:15.642,2054,0.0032,1.6552
17136,18:15:15.642,2068,0.0100,1.6665
17137,18:15:15.643,2059,0.0056,1.6593
17138,18:15:15.643,2044,-0.0017,1.6472
17139,18:15:15.644,2054,0.0032,1.6552
17140,18:15:15.644,2059,0.0056,1.6593
17141,18:15:15.645,2058,0.0051,1.6585
17142,18:15:15.645,2058,0.0051,1.6585
17143,18:15:15.646,2068,0.0100,1.6665
17144,18:15:15.646,2073,0.0125,1.6705
17145,18:15:15.647,2071,0.0115,1.6689
17146,18:15:15.647,2069,0.0105,1.6673
17147,18:15:15.648,2061,0.0066,1.6609
17148,18:15:15.648,2048,0.0002,1.6504
17149,18:15:15.649,2048,0.0002,1.6504
17150,18:15:15.649,2043,-0.0022,1.6464
17151,18:15:15.650,2030,-0.0085,1.6359
17152,18:15:15.650,2042,-0.0027,1.6456
17153,18:15:15.651,2047,-0.0002,1.6496
17154,18:15:15.651,2051,0.0017,1.6528
17155,18:15:15.652,2049,0.0007,1.6512
17156,18:15:15.652,2066,0.0090,1.6649
17157,18:15:15.653,2065,0.0085,1.6641
17158,18:15:15.653,2045,-0.0012,1.6480
17159,18:15:15.654,2052,0.0022,1.6536
17160,18:15:15.654,2058,0.0051,1.6585
17161,18:15:15.655,2058,0.0051,1.6585
17162,18:15:15.655,2053,0.0027,1.6544
17163,18:15:15.656,2063,0.0076,1.6625
17164,18:15:15.656,2072,0.0120,1.6697
17165,18:15:15.657,2068,0.0100,1.6665
17166,18:15:15.657,2066,0.0090,1.6649
17167,18:15:15.658,2064,0.0081,1.6633
17168,18:15:15.658,2053,0.0027,1.6544
17169,18:15:15.659,2043,-0.0022,1.6464
17170,18:15:15.659,2046,-0.0007,1.6488
17171,18:15:15.660,2030,-0.0085,1.6359
17172,18:15:15.660,2041,-0.0032,1.6448
17173,18:15:15.661,2050,0.0012,1.6520
17174,18:15:15.661,2056,0.0042,1.6568
17175,18:15:15.662,2046,-0.0007,1.6488
17176,18:15:15.662,2062,0.0071,1.6617
17177,18:15:15.663,2070,0.0110,1.6681
17178,18:15:15.663,2049,0.0007,1.6512
17179,18:15:15.664,2051,0.0017,1.6528
17180,18:15:15.664,2057,0.0046,1.6577
17181,18:15:15.665,2059,0.0056,1.6593
17182,18:15:15.665,2052,0.0022,1.6536
17183,18:15:15.666,2061,0.0066,1.6609
17184,18:15:15.666,2070,0.0110,1.6681
17185,18:15:15.667,2070,0.0110,1.6681
17186,18:15:15.667,2069,0.0105,1.6673
17187,18:15:15.668,2063,0.0076,1.6625
17188,18:15:15.668,2053,0.0027,1.6544
17189,18:15:15.669,2049,0.0007,1.6512
17190,18:15:15.669,2049,0.0007,1.6512
17191,18:15:15.670,2032,-0.0076,1.6375
17192,18:15:15.670,2036,-0.0056,1.6407
17193,18:15:15.671,2042,-0.0027,1.6456
17194,18:15:15.671,2051,0.0017,1.6528
17195,18:15:15.672,2048,0.0002,1.6504
17196,18:15:15.672,2060,0.0061,1.6601
17197,18:15:15.673,2073,0.0125,1.6705
17198,18:15:15.673,2056,0.0042,1.6568
17199,18:15:15.674,2048,0.0002,1.6504
17200,18:15:15.674,2061,0.0066,1.6609
17201,18:15:15.675,2058,0.0051,1.6585
17202,18:15:15.675,2052,0.0022,1.6536
17203,18:15:15.676,2054,0.0032,1.6552
17204,18:15:15.676,2067,0.0095,1.6657
17205,18:15:15.677,2072,0.0120,1.6697
17206,18:15:15.677,2068,0.0100,1.6665
17207,18:15:15.678,2064,0.0081,1.6633
17208,18:15:15.678,2059,0.0056,1.6593
17209,18:15:15.679,2049,0.0007,1.6512
17210,18:15:15.679,2050,0.0012,1.6520
17211,18:15:15.680,2038,-0.0046,1.6423
17212,18:15:15.680,2037,-0.0051,1.6415
17213,18:15:15.681,2045,-0.0012,1.6480
17214,18:15:15.681,2052,0.0022,1.6536
17215,18:15:15.682,2052,0.0022,1.6536
17216,18:15:15.682,2049,0.0007,1.6512
17217,18:15:15.683,2072,0.0120,1.6697
17218,18:15:15.683,2064,0.0081,1.6633
17219,18:15:15.684,2049,0.0007,1.6512
17220,18:15:15.684,2059,0.0056,1.6593
17221,18:15:15.685,2059,0.0056,1.6593
17222,18:15:15.685,2053,0.0027,1.6544
17223,18:15:15.686,2053,0.0027,1.6544
17224,18:15:15.686,2066,0.0090,1.6649
17225,18:15:15.687,2068,0.0100,1.6665
17226,18:15:15.687,2069,0.0105,1.6673
17227,18:15:15.688,2065,0.0085,1.6641
17228,18:15:15.688,2062,0.0071,1.6617
17229,18:15:15.689,2049,0.0007,1.6512
17230,18:15:15.689,2051,0.0017,1.6528
17231,18:15:15.690,2040,-0.0037,1.6440
17232,18:15:15.690,2033,-0.0071,1.6383
17233,18:15:15.691,2039,-0.0042,1.6432
17234,18:15:15.691,2044,-0.0017,1.6472
17235,18:15:15.692,2056,0.0042,1.6568
17236,18:15:15.692,2048,0.0002,1.6504
17237,18:15:15.693,2070,0.0110,1.6681
17238,18:15:15.693,2066,0.0090,1.6649
17239,18:15:15.694,2053,0.0027,1.6544
17240,18:15:15.694,2055,0.0037,1.6560
17241,18:15:15.695,2060,0.0061,1.6601
17242,18:15:15.695,2060,0.0061,1.6601
17243,18:15:15.696,2053,0.0027,1.6544
17244,18:15:15.696,2062,0.0071,1.6617
17245,18:15:15.697,2071,0.0115,1.6689
17246,18:15:15.697,2067,0.0095,1.6657
17247,18:15:15.698,2065,0.0085,1.6641
17248,18:15:15.698,2065,0.0085,1.6641
17249,18:15:15.699,2054,0.0032,1.6552
17250,18:15:15.699,2052,0.0022,1.6536
17251,18:15:15.700,2048,0.0002,1.6504
17252,18:15:15.700,2033,-0.0071,1.6383
17253,18:15:15.701,2041,-0.0032,1.6448
17254,18:15:15.701,2041,-0.0032,1.6448
17255,18:15:15.702,2049,0.0007,1.6512
17256,18:15:15.702,2044,-0.0017,1.6472
17257,18:15:15.703,2064,0.0081,1.6633
17258,18:15:15.703,2071,0.0115,1.6689
17259,18:15:15.704,2056,0.0042,1.6568
17260,18:15:15.704,2054,0.0032,1.6552
17261,18:15:15.705,2061,0.0066,1.6609
17262,18:15:15.705,2058,0.0051,1.6585
17263,18:15:15.706,2054,0.0032,1.6552
17264,18:15:15.706,2058,0.0051,1.6585
17265,18:15:15.707,2068,0.0100,1.6665
17266,18:15:15.707,2065,0.0085,1.6641
17267,18:15:15.708,2067,0.0095,1.6657
17268,18:15:15.708,2068,0.0100,1.6665
17269,18:15:15.709,2057,0.0046,1.6577
17270,18:15:15.709,2050,0.0012,1.6520
17271,18:15:15.710,2049,0.0007,1.6512
17272,18:15:15.710,2036,-0.0056,1.6407
17273,18:15:15.711,2035,-0.0061,1.6399
17274,18:15:15.711,2039,-0.0042,1.6432
17275,18:15:15.712,2052,0.0022,1.6536
17276,18:15:15.712,2048,0.0002,1.6504
17277,18:15:15.713,2054,0.0032,1.6552
17278,18:15:15.713,2072,0.0120,1.6697
17279,18:15:15.714,2059,0.0056,1.6593
17280,18:15:15.714,2055,0.0037,1.6560
17281,18:15:15.715,2062,0.0071,1.6617
17282,18:15:15.715,2063,0.0076,1.6625
17283,18:15:15.716,2055,0.0037,1.6560
17284,18:15:15.716,2055,0.0037,1.6560
17285,18:15:15.717,2062,0.0071,1.6617
17286,18:15:15.717,2064,0.0081,1.6633
17287,18:15:15.718,2066,0.0090,1.6649
17288,18:15:15.718,2066,0.0090,1.6649
17289,18:15:15.719,2058,0.0051,1.6585
17290,18:15:15.719,2051,0.0017,1.6528
17291,18:15:15.720,2054,0.0032,1.6552
17292,18:15:15.720,2038,-0.0046,1.6423
17293,18:15:15.721,2038,-0.0046,1.6423
17294,18:15:15.721,2037,-0.0051,1.6415
17295,18:15:15.722,2049,0.0007,1.6512
17296,18:15:15.722,2050,0.0012,1.6520
17297,18:15:15.723,2052,0.0022,1.6536
17298,18:15:15.723,2072,0.0120,1.6697
17299,18:15:15.724,2065,0.0085,1.6641
17300,18:15:15.724,2057,0.0046,1.6577
17301,18:15:15.725,2062,0.0071,1.6617
17302,18:15:15.725,2060,0.0061,1.6601
17303,18:15:15.726,2056,0.0042,1.6568
17304,18:15:15.726,2054,0.0032,1.6552
17305,18:15:15.727,2056,0.0042,1.6568
17306,18:15:15.727,2065,0.0085,1.6641
17307,18:15:15.728,2067,0.0095,1.6657
17308,18:15:15.728,2066,0.0090,1.6649
17309,18:15:15.729,2065,0.0085,1.6641
17310,18:15:15.729,2049,0.0007,1.6512
17311,18:15:15.730,2052,0.0022,1.6536
17312,18:15:15.730,2043,-0.0022,1.6464
17313,18:15:15.731,2036,-0.0056,1.6407
17314,18:15:15.731,2039,-0.0042,1.6432
17315,18:15:15.732,2045,-0.0012,1.6480
17316,18:15:15.732,2053,0.0027,1.6544
17317,18:15:15.733,2049,0.0007,1.6512
17318,18:15:15.733,2070,0.0110,1.6681
17319,18:15:15.734,2069,0.0105,1.6673
17320,18:15:15.734,2057,0.0046,1.6577
17321,18:15:15.735,2061,0.0066,1.6609
17322,18:15:15.735,2063,0.0076,1.6625
17323,18:15:15.736,2061,0.0066,1.6609
17324,18:15:15.736,2055,0.0037,1.6560
17325,18:15:15.737,2055,0.0037,1.6560
17326,18:15:15.737,2066,0.0090,1.6649
17327,18:15:15.738,2065,0.0085,1.6641
17328,18:15:15.738,2064,0.0081,1.6633
17329,18:15:15.739,2064,0.0081,1.6633
17330,18:15:15.739,2052,0.0022,1.6536
17331,18:15:15.740,2052,0.0022,1.6536
17332,18:15:15.740,2044,-0.0017,1.6472
17333,18:15:15.741,2036,-0.0056,1.6407
17334,18:15:15.741,2038,-0.0046,1.6423
17335,18:15:15.742,2039,-0.0042,1.6432
17336,18:15:15.742,2049,0.0007,1.6512
17337,18:15:15.743,2043,-0.0022,1.6464
17338,18:15:15.743,2059,0.0056,1.6593
17339,18:15:15.744,2071,0.0115,1.6689
17340,18:15:15.744,2059,0.0056,1.6593
17341,18:15:15.745,2058,0.0051,1.6585
17342,18:15:15.745,2061,0.0066,1.6609
17343,18:15:15.746,2063,0.0076,1.6625
17344,18:15:15.746,2056,0.0042,1.6568
17345,18:15:15.747,2053,0.0027,1.6544
17346,18:15:15.747,2059,0.0056,1.6593
17347,18:15:15.748,2061,0.0066,1.6609
17348,18:15:15.748,2063,0.0076,1.6625
17349,18:15:15.749,2064,0.0081,1.6633
17350,18:15:15.749,2056,0.0042,1.6568
17351,18:15:15.750,2055,0.0037,1.6560
17352,18:15:15.750,2053,0.0027,1.6544
17353,18:15:15.751,2037,-0.0051,1.6415
17354,18:15:15.751,2039,-0.0042,1.6432
17355,18:15:15.752,2038,-0.0046,1.6423
17356,18:15:15.752,2052,0.0022,1.6536
17357,18:15:15.753,2044,-0.0017,1.6472
17358,18:15:15.753,2052,0.0022,1.6536
17359,18:15:15.754,2069,0.0105,1.6673
17360,18:15:15.754,2065,0.0085,1.6641
17361,18:15:15.755,2057,0.0046,1.6577
17362,18:15:15.755,2064,0.0081,1.6633
17363,18:15:15.756,2065,0.0085,1.6641
17364,18:15:15.756,2056,0.0042,1.6568
17365,18:15:15.757,2051,0.0017,1.6528
17366,18:15:15.757,2058,0.0051,1.6585
17367,18:15:15.758,2063,0.0076,1.6625
17368,18:15:15.758,2062,0.0071,1.6617
17369,18:15:15.759,2062,0.0071,1.6617
17370,18:15:15.759,2056,0.0042,1.6568
17371,18:15:15.760,2051,0.0017,1.6528
17372,18:15:15.760,2056,0.0042,1.6568
17373,18:15:15.761,2042,-0.0027,1.6456
17374,18:15:15.761,2041,-0.0032,1.6448
17375,18:15:15.762,2039,-0.0042,1.6432
17376,18:15:15.762,2050,0.0012,1.6520
17377,18:15:15.763,2045,-0.0012,1.6480
17378,18:15:15.763,2051,0.0017,1.6528
17379,18:15:15.764,2068,0.0100,1.6665
17380,18:15:15.764,2066,0.0090,1.6649
17381,18:15:15.765,2060,0.0061,1.6601
17382,18:15:15.765,2062,0.0071,1.6617
17383,18:15:15.766,2065,0.0085,1.6641
17384,18:15:15.766,2059,0.0056,1.6593
17385,18:15:15.767,2049,0.0007,1.6512
17386,18:15:15.767,2056,0.0042,1.6568
17387,18:15:15.768,2061,0.0066,1.6609
17388,18:15:15.768,2059,0.0056,1.6593
17389,18:15:15.769,2064,0.0081,1.6633
17390,18:15:15.769,2062,0.0071,1.6617
17391,18:15:15.770,2053,0.0027,1.6544
17392,18:15:15.770,2059,0.0056,1.6593
17393,18:15:15.771,2046,-0.0007,1.6488
17394,18:15:15.771,2039,-0.0042,1.6432
17395,18:15:15.772,2040,-0.0037,1.6440
17396,18:15:15.772,2043,-0.0022,1.6464
17397,18:15:15.773,2049,0.0007,1.6512
17398,18:15:15.773,2043,-0.0022,1.6464
17399,18:15:15.774,2064,0.0081,1.6633
17400,18:15:15.774,2070,0.0110,1.6681
17401,18:15:15.775,2063,0.0076,1.6625
17402,18:15:15.775,2061,0.0066,1.6609
17403,18:15:15.776,2066,0.0090,1.6649
17404,18:15:15.776,2061,0.0066,1.6609
17405,18:15:15.777,2053,0.0027,1.6544
17406,18:15:15.777,2052,0.0022,1.6536
17407,18:15:15.778,2062,0.0071,1.6617
17408,18:15:15.778,2061,0.0066,1.6609
17409,18:15:15.779,2057,0.0046,1.6577
17410,18:15:15.779,2066,0.0090,1.6649
17411,18:15:15.780,2056,0.0042,1.6568
17412,18:15:15.780,2059,0.0056,1.6593
17413,18:15:15.781,2050,0.0012,1.6520
17414,18:15:15.781,2044,-0.0017,1.6472
17415,18:15:15.782,2035,-0.0061,1.6399
17416,18:15:15.782,2039,-0.0042,1.6432
17417,18:15:15.783,2048,0.0002,1.6504
17418,18:15:15.783,2043,-0.0022,1.6464
17419,18:15:15.784,2057,0.0046,1.6577
17420,18:15:15.784,2072,0.0120,1.6697
17421,18:15:15.785,2063,0.0076,1.6625
17422,18:15:15.785,2062,0.0071,1.6617
17423,18:15:15.786,2062,0.0071,1.6617
17424,18:15:15.786,2062,0.0071,1.6617
17425,18:15:15.787,2058,0.0051,1.6585
17426,18:15:15.787,2051,0.0017,1.6528
17427,18:15:15.788,2059,0.0056,1.6593
17428,18:15:15.788,2056,0.0042,1.6568
17429,18:15:15.789,2059,0.0056,1.6593
17430,18:15:15.789,2066,0.0090,1.6649
17431,18:15:15.790,2057,0.0046,1.6577
17432,18:15:15.790,2058,0.0051,1.6585
17433,18:15:15.791,2053,0.0027,1.6544
17434,18:15:15.791,2045,-0.0012,1.6480
17435,18:15:15.792,2039,-0.0042,1.6432
17436,18:15:15.792,2039,-0.0042,1.6432
17437,18:15:15.793,2049,0.0007,1.6512
17438,18:15:15.793,2043,-0.0022,1.6464
17439,18:15:15.794,2054,0.0032,1.6552
17440,18:15:15.794,2071,0.0115,1.6689
17441,18:15:15.795,2065,0.0085,1.6641
17442,18:15:15.795,2064,0.0081,1.6633
17443,18:15:15.796,2064,0.0081,1.6633
17444,18:15:15.796,2065,0.0085,1.6641
17445,18:15:15.797,2062,0.0071,1.6617
17446,18:15:15.797,2053,0.0027,1.6544
17447,18:15:15.798,2057,0.0046,1.6577
17448,18:15:15.798,2060,0.0061,1.6601
17449,18:15:15.799,2059,0.0056,1.6593
17450,18:15:15.799,2062,0.0071,1.6617
17451,18:15:15.800,2058,0.0051,1.6585
17452,18:15:15.800,2058,0.0051,1.6585
17453,18:15:15.801,2056,0.0042,1.6568
17454,18:15:15.801,2044,-0.0017,1.6472
17455,18:15:15.802,2040,-0.0037,1.6440
17456,18:15:15.802,2034,-0.0066,1.6391
17457,18:15:15.803,2049,0.0007,1.6512
17458,18:15:15.803,2042,-0.0027,1.6456
17459,18:15:15.804,2045,-0.0012,1.6480
17460,18:15:15.804,2064,0.0081,1.6633
17461,18:15:15.805,2072,0.0120,1.6697
17462,18:15:15.805,2064,0.0081,1.6633
17463,18:15:15.806,2062,0.0071,1.6617
17464,18:15:15.806,2066,0.0090,1.6649
17465,18:15:15.807,2064,0.0081,1.6633
17466,18:15:15.807,2053,0.0027,1.6544
17467,18:15:15.808,2052,0.0022,1.6536
17468,18:15:15.808,2060,0.0061,1.6601
17469,18:15:15.809,2054,0.0032,1.6552
17470,18:15:15.809,2062,0.0071,1.6617
17471,18:15:15.810,2062,0.0071,1.6617
17472,18:15:15.810,2054,0.0032,1.6552
17473,18:15:15.811,2054,0.0032,1.6552
17474,18:15:15.811,2049,0.0007,1.6512
17475,18:15:15.812,2043,-0.0022,1.6464
17476,18:15:15.812,2038,-0.0046,1.6423
17477,18:15:15.813,2043,-0.0022,1.6464
17478,18:15:15.813,2045,-0.0012,1.6480
17479,18:15:15.814,2048,0.0002,1.6504
17480,18:15:15.814,2064,0.0081,1.6633
17481,18:15:15.815,2066,0.0090,1.6649
17482,18:15:15.815,2065,0.0085,1.6641
17483,18:15:15.816,2065,0.0085,1.6641
17484,18:15:15.816,2069,0.0105,1.6673
17485,18:15:15.817,2063,0.0076,1.6625
17486,18:15:15.817,2055,0.0037,1.6560
17487,18:15:15.818,2050,0.0012,1.6520
17488,18:15:15.818,2058,0.0051,1.6585
17489,18:15:15.819,2058,0.0051,1.6585
17490,18:15:15.819,2056,0.0042,1.6568
17491,18:15:15.820,2063,0.0076,1.6625
17492,18:15:15.820,2056,0.0042,1.6568
17493,18:15:15.821,2055,0.0037,1.6560
17494,18:15:15.821,2053,0.0027,1.6544
17495,18:15:15.822,2046,-0.0007,1.6488
17496,18:15:15.822,2038,-0.0046,1.6423
17497,18:15:15.823,2041,-0.0032,1.6448
17498,18:15:15.823,2048,0.0002,1.6504
17499,18:15:15.824,2043,-0.0022,1.6464
17500,18:15:15.824,2058,0.0051,1.6585
17501,18:15:15.825,2069,0.0105,1.6673
17502,18:15:15.825,2068,0.0100,1.6665
17503,18:15:15.826,2063,0.0076,1.6625
17504,18:15:15.826,2066,0.0090,1.6649
17505,18:15:15.827,2064,0.0081,1.6633
17506,18:15:15.827,2059,0.0056,1.6593
17507,18:15:15.828,2051,0.0017,1.6528
17508,18:15:15.828,2058,0.0051,1.6585
17509,18:15:15.829,2055,0.0037,1.6560
17510,18:15:15.829,2057,0.0046,1.6577
17511,18:15:15.830,2060,0.0061,1.6601
17512,18:15:15.830,2053,0.0027,1.6544
17513,18:15:15.831,2057,0.0046,1.6577
17514,18:15:15.831,2056,0.0042,1.6568
17515,18:15:15.832,2050,0.0012,1.6520
17516,18:15:15.832,2042,-0.0027,1.6456
17517,18:15:15.833,2036,-0.0056,1.6407
17518,18:15:15.833,2049,0.0007,1.6512
17519,18:15:15.834,2040,-0.0037,1.6440
17520,18:15:15.834,2052,0.0022,1.6536
17521,18:15:15.835,2064,0.0081,1.6633
17522,18:15:15.835,2068,0.0100,1.6665
17523,18:15:15.836,2067,0.0095,1.6657
17524,18:15:15.836,2065,0.0085,1.6641
17525,18:15:15.837,2065,0.0085,1.6641
17526,18:15:15.837,2063,0.0076,1.6625
17527,18:15:15.838,2052,0.0022,1.6536
17528,18:15:15.838,2052,0.0022,1.6536
17529,18:15:15.839,2056,0.0042,1.6568
17530,18:15:15.839,2055,0.0037,1.6560
17531,18:15:15.840,2063,0.0076,1.6625
17532,18:15:15.840,2055,0.0037,1.6560
17533,18:15:15.841,2057,0.0046,1.6577
17534,18:15:15.841,2058,0.0051,1.6585
17535,18:15:15.842,2052,0.0022,1.6536
17536,18:15:15.842,2045,-0.0012,1.6480
17537,18:15:15.843,2041,-0.0032,1.6448
17538,18:15:15.843,2045,-0.0012,1.6480
17539,18:15:15.844,2044,-0.0017,1.6472
17540,18:15:15.844,2049,0.0007,1.6512
17541,18:15:15.845,2062,0.0071,1.6617
17542,18:15:15.845,2071,0.0115,1.6689
17543,18:15:15.846,2067,0.0095,1.6657
17544,18:15:15.846,2067,0.0095,1.6657
17545,18:15:15.847,2068,0.0100,1.6665
17546,18:15:15.847,2067,0.0095,1.6657
17547,18:15:15.848,2055,0.0037,1.6560
17548,18:15:15.848,2050,0.0012,1.6520
17549,18:15:15.849,2056,0.0042,1.6568
17550,18:15:15.849,2054,0.0032,1.6552
17551,18:15:15.850,2061,0.0066,1.6609
17552,18:15:15.850,2057,0.0046,1.6577
17553,18:15:15.851,2058,0.0051,1.6585
17554,18:15:15.851,2060,0.0061,1.6601
17555,18:15:15.852,2054,0.0032,1.6552
17556,18:15:15.852,2049,0.0007,1.6512
17557,18:15:15.853,2039,-0.0042,1.6432
17558,18:15:15.853,2045,-0.0012,1.6480
17559,18:15:15.854,2042,-0.0027,1.6456
17560,18:15:15.854,2044,-0.0017,1.6472
17561,18:15:15.855,2061,0.0066,1.6609
17562,18:15:15.855,2071,0.0115,1.6689
17563,18:15:15.856,2070,0.0110,1.6681
17564,18:15:15.856,2066,0.0090,1.6649
17565,18:15:15.857,2070,0.0110,1.6681
17566,18:15:15.857,2067,0.0095,1.6657
17567,18:15:15.858,2056,0.0042,1.6568
17568,18:15:15.858,2052,0.0022,1.6536
17569,18:15:15.859,2055,0.0037,1.6560
17570,18:15:15.859,2051,0.0017,1.6528
17571,18:15:15.860,2055,0.0037,1.6560
17572,18:15:15.860,2057,0.0046,1.6577
17573,18:15:15.861,2055,0.0037,1.6560
17574,18:15:15.861,2059,0.0056,1.6593
17575,18:15:15.862,2054,0.0032,1.6552
17576,18:15:15.862,2049,0.0007,1.6512
17577,18:15:15.863,2043,-0.0022,1.6464
17578,18:15:15.863,2045,-0.0012,1.6480
17579,18:15:15.864,2045,-0.0012,1.6480
17580,18:15:15.864,2041,-0.0032,1.6448
17581,18:15:15.865,2053,0.0027,1.6544
17582,18:15:15.865,2063,0.0076,1.6625
17583,18:15:15.866,2071,0.0115,1.6689
17584,18:15:15.866,2064,0.0081,1.6633
17585,18:15:15.867,2069,0.0105,1.6673
17586,18:15:15.867,2071,0.0115,1.6689
17587,18:15:15.868,2063,0.0076,1.6625
17588,18:15:15.868,2051,0.0017,1.6528
17589,18:15:15.869,2055,0.0037,1.6560
17590,18:15:15.869,2055,0.0037,1.6560
17591,18:15:15.870,2057,0.0046,1.6577
17592,18:15:15.870,2059,0.0056,1.6593
17593,18:15:15.871,2056,0.0042,1.6568
17594,18:15:15.871,2057,0.0046,1.6577
17595,18:15:15.872,2057,0.0046,1.6577
17596,18:15:15.872,2051,0.0017,1.6528
17597,18:15:15.873,2042,-0.0027,1.6456
17598,18:15:15.873,2043,-0.0022,1.6464
17599,18:15:15.874,2044,-0.0017,1.6472
17600,18:15:15.874,2041,-0.0032,1.6448
17601,18:15:15.875,2049,0.0007,1.6512
17602,18:15:15.875,2062,0.0071,1.6617
17603,18:15:15.876,2071,0.0115,1.6689
17604,18:15:15.876,2068,0.0100,1.6665
17605,18:15:15.877,2068,0.0100,1.6665
17606,18:15:15.877,2068,0.0100,1.6665
17607,18:15:15.878,2067,0.0095,1.6657
17608,18:15:15.878,2054,0.0032,1.6552
17609,18:15:15.879,2055,0.0037,1.6560
17610,18:15:15.879,2055,0.0037,1.6560
17611,18:15:15.880,2055,0.0037,1.6560
17612,18:15:15.880,2058,0.0051,1.6585
17613,18:15:15.881,2053,0.0027,1.6544
17614,18:15:15.881,2062,0.0071,1.6617
17615,18:15:15.882,2059,0.0056,1.6593
17616,18:15:15.882,2056,0.0042,1.6568
17617,18:15:15.883,2050,0.0012,1.6520
17618,18:15:15.883,2040,-0.0037,1.6440
17619,18:15:15.884,2051,0.0017,1.6528
17620,18:15:15.884,2045,-0.0012,1.6480
17621,18:15:15.885,2050,0.0012,1.6520
17622,18:15:15.885,2063,0.0076,1.6625
17623,18:15:15.886,2068,0.0100,1.6665
17624,18:15:15.886,2066,0.0090,1.6649
17625,18:15:15.887,2065,0.0085,1.6641
17626,18:15:15.887,2069,0.0105,1.6673
17627,18:15:15.888,2067,0.0095,1.6657
17628,18:15:15.888,2055,0.0037,1.6560
17629,18:15:15.889,2054,0.0032,1.6552
17630,18:15:15.889,2057,0.0046,1.6577
17631,18:15:15.890,2052,0.0022,1.6536
17632,18:15:15.890,2056,0.0042,1.6568
17633,18:15:15.891,2052,0.0022,1.6536
17634,18:15:15.891,2058,0.0051,1.6585
17635,18:15:15.892,2056,0.0042,1.6568
17636,18:15:15.892,2057,0.0046,1.6577
17637,18:15:15.893,2050,0.0012,1.6520
17638,18:15:15.893,2040,-0.0037,1.6440
17639,18:15:15.894,2050,0.0012,1.6520
17640,18:15:15.894,2044,-0.0017,1.6472
17641,18:15:15.895,2046,-0.0007,1.6488
17642,18:15:15.895,2054,0.0032,1.6552
17643,18:15:15.896,2070,0.0110,1.6681
17644,18:15:15.896,2067,0.0095,1.6657
17645,18:15:15.897,2068,0.0100,1.6665
17646,18:15:15.897,2068,0.0100,1.6665
17647,18:15:15.898,2068,0.0100,1.6665
17648,18:15:15.898,2062,0.0071,1.6617
17649,18:15:15.899,2049,0.0007,1.6512
17650,18:15:15.899,2054,0.0032,1.6552
17651,18:15:15.900,2052,0.0022,1.6536
17652,18:15:15.900,2055,0.0037,1.6560
17653,18:15:15.901,2055,0.0037,1.6560
17654,18:15:15.901,2055,0.0037,1.6560
17655,18:15:15.902,2058,0.0051,1.6585
17656,18:15:15.902,2058,0.0051,1.6585
17657,18:15:15.903,2056,0.0042,1.6568
17658,18:15:15.903,2042,-0.0027,1.6456
17659,18:15:15.904,2049,0.0007,1.6512
17660,18:15:15.904,2048,0.0002,1.6504
17661,18:15:15.905,2041,-0.0032,1.6448
17662,18:15:15.905,2053,0.0027,1.6544
17663,18:15:15.906,2062,0.0071,1.6617
17664,18:15:15.906,2068,0.0100,1.6665
17665,18:15:15.907,2067,0.0095,1.6657
17666,18:15:15.907,2071,0.0115,1.6689
17667,18:15:15.908,2070,0.0110,1.6681
17668,18:15:15.908,2064,0.0081,1.6633
17669,18:15:15.909,2052,0.0022,1.6536
17670,18:15:15.909,2055,0.0037,1.6560
17671,18:15:15.910,2052,0.0022,1.6536
17672,18:15:15.910,2050,0.0012,1.6520
17673,18:15:15.911,2054,0.0032,1.6552
17674,18:15:15.911,2054,0.0032,1.6552
17675,18:15:15.912,2055,0.0037,1.6560
17676,18:15:15.912,2058,0.0051,1.6585
17677,18:15:15.913,2054,0.0032,1.6552
17678,18:15:15.913,2048,0.0002,1.6504
17679,18:15:15.914,2048,0.0002,1.6504
17680,18:15:15.914,2046,-0.0007,1.6488
17681,18:15:15.915,2044,-0.0017,1.6472
17682,18:15:15.915,2046,-0.0007,1.6488
17683,18:15:15.916,2062,0.0071,1.6617
17684,18:15:15.916,2071,0.0115,1.6689
17685,18:15:15.917,2066,0.0090,1.6649
17686,18:15:15.917,2070,0.0110,1.6681
17687,18:15:15.918,2068,0.0100,1.6665
17688,18:15:15.918,2070,0.0110,1.6681
17689,18:15:15.919,2054,0.0032,1.6552
17690,18:15:15.919,2051,0.0017,1.6528
17691,18:15:15.920,2045,-0.0012,1.6480
17692,18:15:15.920,2050,0.0012,1.6520
17693,18:15:15.921,2053,0.0027,1.6544
17694,18:15:15.921,2051,0.0017,1.6528
17695,18:15:15.922,2057,0.0046,1.6577
17696,18:15:15.922,2053,0.0027,1.6544
17697,18:15:15.923,2059,0.0056,1.6593
17698,18:15:15.923,2050,0.0012,1.6520
17699,18:15:15.924,2045,-0.0012,1.6480
17700,18:15:15.924,2049,0.0007,1.6512
17701,18:15:15.925,2042,-0.0027,1.6456
17702,18:15:15.925,2046,-0.0007,1.6488
17703,18:15:15.926,2058,0.0051,1.6585
17704,18:15:15.926,2069,0.0105,1.6673
17705,18:15:15.927,2068,0.0100,1.6665
17706,18:15:15.927,2068,0.0100,1.6665
17707,18:15:15.928,2072,0.0120,1.6697
17708,18:15:15.928,2072,0.0120,1.6697
17709,18:15:15.929,2057,0.0046,1.6577
17710,18:15:15.929,2051,0.0017,1.6528
17711,18:15:15.930,2051,0.0017,1.6528
17712,18:15:15.930,2049,0.0007,1.6512
17713,18:15:15.931,2055,0.0037,1.6560
17714,18:15:15.931,2053,0.0027,1.6544
17715,18:15:15.932,2056,0.0042,1.6568
17716,18:15:15.932,2055,0.0037,1.6560
17717,18:15:15.933,2059,0.0056,1.6593
17718,18:15:15.933,2053,0.0027,1.6544
17719,18:15:15.934,2043,-0.0022,1.6464
17720,18:15:15.934,2048,0.0002,1.6504
17721,18:15:15.935,2043,-0.0022,1.6464
17722,18:15:15.935,2045,-0.0012,1.6480
17723,18:15:15.936,2051,0.0017,1.6528
17724,18:15:15.936,2067,0.0095,1.6657
17725,18:15:15.937,2069,0.0105,1.6673
17726,18:15:15.937,2068,0.0100,1.6665
17727,18:15:15.938,2065,0.0085,1.6641
17728,18:15:15.938,2071,0.0115,1.6689
17729,18:15:15.939,2061,0.0066,1.6609
17730,18:15:15.939,2054,0.0032,1.6552
17731,18:15:15.940,2054,0.0032,1.6552
17732,18:15:15.940,2046,-0.0007,1.6488
17733,18:15:15.941,2053,0.0027,1.6544
17734,18:15:15.941,2050,0.0012,1.6520
17735,18:15:15.942,2054,0.0032,1.6552
17736,18:15:15.942,2058,0.0051,1.6585
17737,18:15:15.943,2055,0.0037,1.6560
17738,18:15:15.943,2055,0.0037,1.6560
17739,18:15:15.944,2045,-0.0012,1.6480
17740,18:15:15.944,2050,0.0012,1.6520
17741,18:15:15.945,2045,-0.0012,1.6480
17742,18:15:15.945,2043,-0.0022,1.6464
17743,18:15:15.946,2049,0.0007,1.6512
17744,18:15:15.946,2063,0.0076,1.6625
17745,18:15:15.947,2069,0.0105,1.6673
17746,18:15:15.947,2066,0.0090,1.6649
17747,18:15:15.948,2070,0.0110,1.6681
17748,18:15:15.948,2074,0.0129,1.6714
17749,18:15:15.949,2065,0.0085,1.6641
17750,18:15:15.949,2056,0.0042,1.6568
17751,18:15:15.950,2055,0.0037,1.6560
17752,18:15:15.950,2050,0.0012,1.6520
17753,18:15:15.951,2053,0.0027,1.6544
17754,18:15:15.951,2055,0.0037,1.6560
17755,18:15:15.952,2054,0.0032,1.6552
17756,18:15:15.952,2056,0.0042,1.6568
17757,18:15:15.953,2058,0.0051,1.6585
17758,18:15:15.953,2060,0.0061,1.6601
17759,18:15:15.954,2049,0.0007,1.6512
17760,18:15:15.954,2048,0.0002,1.6504
17761,18:15:15.955,2051,0.0017,1.6528
17762,18:15:15.955,2048,0.0002,1.6504
17763,18:15:15.956,2045,-0.0012,1.6480
17764,18:15:15.956,2055,0.0037,1.6560
17765,18:15:15.957,2066,0.0090,1.6649
17766,18:15:15.957,2066,0.0090,1.6649
17767,18:15:15.958,2066,0.0090,1.6649
17768,18:15:15.958,2070,0.0110,1.6681
17769,18:15:15.959,2069,0.0105,1.6673
17770,18:15:15.959,2058,0.0051,1.6585
17771,18:15:15.960,2052,0.0022,1.6536
17772,18:15:15.960,2051,0.0017,1.6528
17773,18:15:15.961,2053,0.0027,1.6544
17774,18:15:15.961,2054,0.0032,1.6552
17775,18:15:15.962,2050,0.0012,1.6520
17776,18:15:15.962,2052,0.0022,1.6536
17777,18:15:15.963,2058,0.0051,1.6585
17778,18:15:15.963,2060,0.0061,1.6601
17779,18:15:15.964,2049,0.0007,1.6512
17780,18:15:15.964,2048,0.0002,1.6504
17781,18:15:15.965,2048,0.0002,1.6504
17782,18:15:15.965,2044,-0.0017,1.6472
17783,18:15:15.966,2046,-0.0007,1.6488
17784,18:15:15.966,2055,0.0037,1.6560
17785,18:15:15.967,2064,0.0081,1.6633
17786,18:15:15.967,2069,0.0105,1.6673
17787,18:15:15.968,2065,0.0085,1.6641
17788,18:15:15.968,2069,0.0105,1.6673
17789,18:15:15.969,2073,0.0125,1.6705
17790,18:15:15.969,2061,0.0066,1.6609
17791,18:15:15.970,2055,0.0037,1.6560
17792,18:15:15.970,2050,0.0012,1.6520
17793,18:15:15.971,2051,0.0017,1.6528
17794,18:15:15.971,2052,0.0022,1.6536
17795,18:15:15.972,2048,0.0002,1.6504
17796,18:15:15.972,2055,0.0037,1.6560
17797,18:15:15.973,2053,0.0027,1.6544
17798,18:15:15.973,2061,0.0066,1.6609
17799,18:15:15.974,2054,0.0032,1.6552
17800,18:15:15.974,2045,-0.0012,1.6480
17801,18:15:15.975,2050,0.0012,1.6520
17802,18:15:15.975,2051,0.0017,1.6528
17803,18:15:15.976,2043,-0.0022,1.6464
17804,18:15:15.976,2052,0.0022,1.6536
17805,18:15:15.977,2064,0.0081,1.6633
17806,18:15:15.977,2069,0.0105,1.6673
17807,18:15:15.978,2064,0.0081,1.6633
17808,18:15:15.978,2065,0.0085,1.6641
17809,18:15:15.979,2071,0.0115,1.6689
17810,18:15:15.979,2062,0.0071,1.6617
17811,18:15:15.980,2055,0.0037,1.6560
17812,18:15:15.980,2053,0.0027,1.6544
17813,18:15:15.981,2052,0.0022,1.6536
17814,18:15:15.981,2049,0.0007,1.6512
17815,18:15:15.982,2046,-0.0007,1.6488
17816,18:15:15.982,2053,0.0027,1.6544
17817,18:15:15.983,2051,0.0017,1.6528
17818,18:15:15.983,2056,0.0042,1.6568
17819,18:15:15.984,2055,0.0037,1.6560
17820,18:15:15.984,2049,0.0007,1.6512
17821,18:15:15.985,2052,0.0022,1.6536
17822,18:15:15.985,2050,0.0012,1.6520
17823,18:15:15.986,2044,-0.0017,1.6472
17824,18:15:15.986,2045,-0.0012,1.6480
17825,18:15:15.987,2061,0.0066,1.6609
17826,18:15:15.987,2065,0.0085,1.6641
17827,18:15:15.988,2068,0.0100,1.6665
17828,18:15:15.988,2064,0.0081,1.6633
17829,18:15:15.989,2071,0.0115,1.6689
17830,18:15:15.989,2070,0.0110,1.6681
17831,18:15:15.990,2056,0.0042,1.6568
17832,18:15:15.990,2052,0.0022,1.6536
17833,18:15:15.991,2049,0.0007,1.6512
17834,18:15:15.991,2049,0.0007,1.6512
17835,18:15:15.992,2046,-0.0007,1.6488
17836,18:15:15.992,2050,0.0012,1.6520
17837,18:15:15.993,2051,0.0017,1.6528
17838,18:15:15.993,2058,0.0051,1.6585
17839,18:15:15.994,2058,0.0051,1.6585
17840,18:15:15.994,2053,0.0027,1.6544
17841,18:15:15.995,2052,0.0022,1.6536
17842,18:15:15.995,2052,0.0022,1.6536
17843,18:15:15.996,2050,0.0012,1.6520
17844,18:15:15.996,2045,-0.0012,1.6480
17845,18:15:15.997,2059,0.0056,1.6593
17846,18:15:15.997,2062,0.0071,1.6617
17847,18:15:15.998,2068,0.0100,1.6665
17848,18:15:15.998,2063,0.0076,1.6625
17849,18:15:15.999,2072,0.0120,1.6697
17850,18:15:15.999,2071,0.0115,1.6689
17851,18:15:16.000,2061,0.0066,1.6609
17852,18:15:16.000,2053,0.0027,1.6544
17853,18:15:16.001,2046,-0.0007,1.6488
17854,18:15:16.001,2051,0.0017,1.6528
17855,18:15:16.002,2051,0.0017,1.6528
17856,18:15:16.002,2049,0.0007,1.6512
17857,18:15:16.003,2052,0.0022,1.6536
17858,18:15:16.003,2052,0.0022,1.6536
17859,18:15:16.004,2059,0.0056,1.6593
17860,18:15:16.004,2055,0.0037,1.6560
17861,18:15:16.005,2052,0.0022,1.6536
17862,18:15:16.005,2054,0.0032,1.6552
17863,18:15:16.006,2049,0.0007,1.6512
17864,18:15:16.006,2047,-0.0002,1.6496
17865,18:15:16.007,2050,0.0012,1.6520
17866,18:15:16.007,2063,0.0076,1.6625
17867,18:15:16.008,2065,0.0085,1.6641
17868,18:15:16.008,2062,0.0071,1.6617
17869,18:15:16.009,2070,0.0110,1.6681
17870,18:15:16.009,2071,0.0115,1.6689
17871,18:15:16.010,2062,0.0071,1.6617
17872,18:15:16.010,2057,0.0046,1.6577
17873,18:15:16.011,2048,0.0002,1.6504
17874,18:15:16.011,2051,0.0017,1.6528
17875,18:15:16.012,2051,0.0017,1.6528
17876,18:15:16.012,2049,0.0007,1.6512
17877,18:15:16.013,2051,0.0017,1.6528
17878,18:15:16.013,2052,0.0022,1.6536
17879,18:15:16.014,2059,0.0056,1.6593
17880,18:15:16.014,2055,0.0037,1.6560
17881,18:15:16.015,2054,0.0032,1.6552
17882,18:15:16.015,2051,0.0017,1.6528
17883,18:15:16.016,2052,0.0022,1.6536
17884,18:15:16.016,2044,-0.0017,1.6472
17885,18:15:16.017,2048,0.0002,1.6504
17886,18:15:16.017,2061,0.0066,1.6609
17887,18:15:16.018,2067,0.0095,1.6657
17888,18:15:16.018,2065,0.0085,1.6641
17889,18:15:16.019,2067,0.0095,1.6657
17890,18:15:16.019,2072,0.0120,1.6697
17891,18:15:16.020,2064,0.0081,1.6633
17892,18:15:16.020,2058,0.0051,1.6585
17893,18:15:16.021,2050,0.0012,1.6520
17894,18:15:16.021,2046,-0.0007,1.6488
17895,18:15:16.022,2048,0.0002,1.6504
17896,18:15:16.022,2047,-0.0002,1.6496
17897,18:15:16.023,2050,0.0012,1.6520
17898,18:15:16.023,2052,0.0022,1.6536
17899,18:15:16.024,2057,0.0046,1.6577
17900,18:15:16.024,2059,0.0056,1.6593
17901,18:15:16.025,2052,0.0022,1.6536
17902,18:15:16.025,2052,0.0022,1.6536
17903,18:15:16.026,2052,0.0022,1.6536
17904,18:15:16.026,2049,0.0007,1.6512
17905,18:15:16.027,2043,-0.0022,1.6464
17906,18:15:16.027,2059,0.0056,1.6593
17907,18:15:16.028,2065,0.0085,1.6641
17908,18:15:16.028,2066,0.0090,1.6649
17909,18:15:16.029,2066,0.0090,1.6649
17910,18:15:16.029,2069,0.0105,1.6673
17911,18:15:16.030,2070,0.0110,1.6681
17912,18:15:16.030,2062,0.0071,1.6617
17913,18:15:16.031,2053,0.0027,1.6544
17914,18:15:16.031,2042,-0.0027,1.6456
17915,18:15:16.032,2046,-0.0007,1.6488
17916,18:15:16.032,2044,-0.0017,1.6472
17917,18:15:16.033,2049,0.0007,1.6512
17918,18:15:16.033,2052,0.0022,1.6536
17919,18:15:16.034,2056,0.0042,1.6568
17920,18:15:16.034,2056,0.0042,1.6568
17921,18:15:16.035,2054,0.0032,1.6552
17922,18:15:16.035,2054,0.0032,1.6552
17923,18:15:16.036,2051,0.0017,1.6528
17924,18:15:16.036,2048,0.0002,1.6504
17925,18:15:16.037,2045,-0.0012,1.6480
17926,18:15:16.037,2054,0.0032,1.6552
17927,18:15:16.038,2065,0.0085,1.6641
17928,18:15:16.038,2065,0.0085,1.6641
17929,18:15:16.039,2062,0.0071,1.6617
17930,18:15:16.039,2070,0.0110,1.6681
17931,18:15:16.040,2070,0.0110,1.6681
17932,18:15:16.040,2058,0.0051,1.6585
17933,18:15:16.041,2056,0.0042,1.6568
17934,18:15:16.041,2044,-0.0017,1.6472
17935,18:15:16.042,2045,-0.0012,1.6480
17936,18:15:16.042,2044,-0.0017,1.6472
17937,18:15:16.043,2048,0.0002,1.6504
17938,18:15:16.043,2051,0.0017,1.6528
17939,18:15:16.044,2057,0.0046,1.6577
17940,18:15:16.044,2065,0.0085,1.6641
17941,18:15:16.045,2053,0.0027,1.6544
17942,18:15:16.045,2057,0.0046,1.6577
17943,18:15:16.046,2056,0.0042,1.6568
17944,18:15:16.046,2051,0.0017,1.6528
17945,18:15:16.047,2049,0.0007,1.6512
17946,18:15:16.047,2054,0.0032,1.6552
17947,18:15:16.048,2062,0.0071,1.6617
17948,18:15:16.048,2069,0.0105,1.6673
17949,18:15:16.049,2064,0.0081,1.6633
17950,18:15:16.049,2072,0.0120,1.6697
17951,18:15:16.050,2068,0.0100,1.6665
17952,18:15:16.050,2056,0.0042,1.6568
17953,18:15:16.051,2052,0.0022,1.6536
17954,18:15:16.051,2044,-0.0017,1.6472
17955,18:15:16.052,2044,-0.0017,1.6472
17956,18:15:16.052,2049,0.0007,1.6512
17957,18:15:16.053,2049,0.0007,1.6512
17958,18:15:16.053,2055,0.0037,1.6560
17959,18:15:16.054,2058,0.0051,1.6585
