sample_index,real_time_s,raw_adc,amplitude,voltage
0,19:14:40.105,2072,0.0120,1.6697
1,19:14:40.105,2069,0.0105,1.6673
2,19:14:40.106,2072,0.0120,1.6697
3,19:14:40.106,2072,0.0120,1.6697
4,19:14:40.107,2070,0.0110,1.6681
5,19:14:40.107,2072,0.0120,1.6697
6,19:14:40.108,2071,0.0115,1.6689
7,19:14:40.108,2073,0.0125,1.6705
8,19:14:40.109,2069,0.0105,1.6673
9,19:14:40.109,2072,0.0120,1.6697
10,19:14:40.110,2073,0.0125,1.6705
11,19:14:40.110,2072,0.0120,1.6697
12,19:14:40.111,2070,0.0110,1.6681
13,19:14:40.111,2073,0.0125,1.6705
14,19:14:40.112,2073,0.0125,1.6705
15,19:14:40.112,2074,0.0129,1.6714
16,19:14:40.113,2071,0.0115,1.6689
17,19:14:40.113,2070,0.0110,1.6681
18,19:14:40.114,2072,0.0120,1.6697
19,19:14:40.114,2072,0.0120,1.6697
20,19:14:40.115,2072,0.0120,1.6697
21,19:14:40.115,2070,0.0110,1.6681
22,19:14:40.116,2073,0.0125,1.6705
23,19:14:40.116,2072,0.0120,1.6697
24,19:14:40.117,2073,0.0125,1.6705
25,19:14:40.117,2070,0.0110,1.6681
26,19:14:40.118,2070,0.0110,1.6681
27,19:14:40.118,2071,0.0115,1.6689
28,19:14:40.119,2072,0.0120,1.6697
29,19:14:40.119,2071,0.0115,1.6689
30,19:14:40.120,2072,0.0120,1.6697
31,19:14:40.120,2073,0.0125,1.6705
32,19:14:40.121,2071,0.0115,1.6689
33,19:14:40.121,2070,0.0110,1.6681
34,19:14:40.122,2072,0.0120,1.6697
35,19:14:40.122,2073,0.0125,1.6705
36,19:14:40.123,2072,0.0120,1.6697
37,19:14:40.123,2073,0.0125,1.6705
38,19:14:40.124,2073,0.0125,1.6705
39,19:14:40.124,2074,0.0129,1.6714
40,19:14:40.125,2070,0.0110,1.6681
41,19:14:40.125,2071,0.0115,1.6689
42,19:14:40.126,2073,0.0125,1.6705
43,19:14:40.126,2070,0.0110,1.6681
44,19:14:40.127,2075,0.0134,1.6722
45,19:14:40.127,2074,0.0129,1.6714
46,19:14:40.128,2074,0.0129,1.6714
47,19:14:40.128,2072,0.0120,1.6697
48,19:14:40.129,2072,0.0120,1.6697
49,19:14:40.129,2076,0.0139,1.6730
50,19:14:40.130,2075,0.0134,1.6722
51,19:14:40.130,2072,0.0120,1.6697
52,19:14:40.131,2076,0.0139,1.6730
53,19:14:40.131,2072,0.0120,1.6697
54,19:14:40.132,2074,0.0129,1.6714
55,19:14:40.132,2077,0.0144,1.6738
56,19:14:40.133,2075,0.0134,1.6722
57,19:14:40.133,2076,0.0139,1.6730
58,19:14:40.134,2075,0.0134,1.6722
59,19:14:40.134,2074,0.0129,1.6714
60,19:14:40.135,2070,0.0110,1.6681
61,19:14:40.135,2076,0.0139,1.6730
62,19:14:40.136,2077,0.0144,1.6738
63,19:14:40.136,2070,0.0110,1.6681
64,19:14:40.137,2073,0.0125,1.6705
65,19:14:40.137,2071,0.0115,1.6689
66,19:14:40.138,2076,0.0139,1.6730
67,19:14:40.138,2073,0.0125,1.6705
68,19:14:40.139,2074,0.0129,1.6714
69,19:14:40.139,2071,0.0115,1.6689
70,19:14:40.140,2073,0.0125,1.6705
71,19:14:40.140,2071,0.0115,1.6689
72,19:14:40.141,2073,0.0125,1.6705
73,19:14:40.141,2069,0.0105,1.6673
74,19:14:40.142,2074,0.0129,1.6714
75,19:14:40.142,2072,0.0120,1.6697
76,19:14:40.143,2073,0.0125,1.6705
77,19:14:40.143,2073,0.0125,1.6705
78,19:14:40.144,2075,0.0134,1.6722
79,19:14:40.144,2074,0.0129,1.6714
80,19:14:40.145,2072,0.0120,1.6697
81,19:14:40.145,2074,0.0129,1.6714
82,19:14:40.146,2072,0.0120,1.6697
83,19:14:40.146,2073,0.0125,1.6705
84,19:14:40.147,2073,0.0125,1.6705
85,19:14:40.147,2076,0.0139,1.6730
86,19:14:40.148,2073,0.0125,1.6705
87,19:14:40.148,2074,0.0129,1.6714
88,19:14:40.149,2076,0.0139,1.6730
89,19:14:40.149,2073,0.0125,1.6705
90,19:14:40.150,2072,0.0120,1.6697
91,19:14:40.150,2076,0.0139,1.6730
92,19:14:40.151,2073,0.0125,1.6705
93,19:14:40.151,2077,0.0144,1.6738
94,19:14:40.152,2073,0.0125,1.6705
95,19:14:40.152,2075,0.0134,1.6722
96,19:14:40.153,2075,0.0134,1.6722
97,19:14:40.153,2074,0.0129,1.6714
98,19:14:40.154,2073,0.0125,1.6705
99,19:14:40.154,2074,0.0129,1.6714
100,19:14:40.155,2075,0.0134,1.6722
101,19:14:40.155,2075,0.0134,1.6722
102,19:14:40.156,2072,0.0120,1.6697
103,19:14:40.156,2075,0.0134,1.6722
104,19:14:40.157,2073,0.0125,1.6705
105,19:14:40.157,2074,0.0129,1.6714
106,19:14:40.158,2077,0.0144,1.6738
107,19:14:40.158,2076,0.0139,1.6730
108,19:14:40.159,2076,0.0139,1.6730
109,19:14:40.159,2074,0.0129,1.6714
110,19:14:40.160,2073,0.0125,1.6705
111,19:14:40.160,2075,0.0134,1.6722
112,19:14:40.161,2075,0.0134,1.6722
113,19:14:40.161,2077,0.0144,1.6738
114,19:14:40.162,2074,0.0129,1.6714
115,19:14:40.162,2076,0.0139,1.6730
116,19:14:40.163,2074,0.0129,1.6714
117,19:14:40.163,2078,0.0149,1.6746
118,19:14:40.164,2079,0.0154,1.6754
119,19:14:40.164,2075,0.0134,1.6722
120,19:14:40.165,2074,0.0129,1.6714
121,19:14:40.165,2077,0.0144,1.6738
122,19:14:40.166,2077,0.0144,1.6738
123,19:14:40.166,2076,0.0139,1.6730
124,19:14:40.167,2079,0.0154,1.6754
125,19:14:40.167,2077,0.0144,1.6738
126,19:14:40.168,2076,0.0139,1.6730
127,19:14:40.168,2076,0.0139,1.6730
128,19:14:40.169,2076,0.0139,1.6730
129,19:14:40.169,2079,0.0154,1.6754
130,19:14:40.170,2077,0.0144,1.6738
131,19:14:40.170,2078,0.0149,1.6746
132,19:14:40.171,2079,0.0154,1.6754
133,19:14:40.171,2076,0.0139,1.6730
134,19:14:40.172,2076,0.0139,1.6730
135,19:14:40.172,2077,0.0144,1.6738
136,19:14:40.173,2079,0.0154,1.6754
137,19:14:40.173,2077,0.0144,1.6738
138,19:14:40.174,2075,0.0134,1.6722
139,19:14:40.174,2077,0.0144,1.6738
140,19:14:40.175,2080,0.0159,1.6762
141,19:14:40.175,2079,0.0154,1.6754
142,19:14:40.176,2075,0.0134,1.6722
143,19:14:40.176,2076,0.0139,1.6730
144,19:14:40.177,2077,0.0144,1.6738
145,19:14:40.177,2075,0.0134,1.6722
146,19:14:40.178,2076,0.0139,1.6730
147,19:14:40.178,2075,0.0134,1.6722
148,19:14:40.179,2074,0.0129,1.6714
149,19:14:40.179,2076,0.0139,1.6730
150,19:14:40.180,2078,0.0149,1.6746
151,19:14:40.180,2078,0.0149,1.6746
152,19:14:40.181,2078,0.0149,1.6746
153,19:14:40.181,2075,0.0134,1.6722
154,19:14:40.182,2077,0.0144,1.6738
155,19:14:40.182,2075,0.0134,1.6722
156,19:14:40.183,2078,0.0149,1.6746
157,19:14:40.183,2078,0.0149,1.6746
158,19:14:40.184,2076,0.0139,1.6730
159,19:14:40.184,2075,0.0134,1.6722
160,19:14:40.185,2074,0.0129,1.6714
161,19:14:40.185,2075,0.0134,1.6722
162,19:14:40.186,2074,0.0129,1.6714
163,19:14:40.186,2072,0.0120,1.6697
164,19:14:40.187,2075,0.0134,1.6722
165,19:14:40.187,2076,0.0139,1.6730
166,19:14:40.188,2077,0.0144,1.6738
167,19:14:40.188,2075,0.0134,1.6722
168,19:14:40.189,2076,0.0139,1.6730
169,19:14:40.189,2076,0.0139,1.6730
170,19:14:40.190,2076,0.0139,1.6730
171,19:14:40.190,2075,0.0134,1.6722
172,19:14:40.191,2075,0.0134,1.6722
173,19:14:40.191,2074,0.0129,1.6714
174,19:14:40.192,2073,0.0125,1.6705
175,19:14:40.192,2074,0.0129,1.6714
176,19:14:40.193,2074,0.0129,1.6714
177,19:14:40.193,2073,0.0125,1.6705
178,19:14:40.194,2075,0.0134,1.6722
179,19:14:40.194,2073,0.0125,1.6705
180,19:14:40.195,2075,0.0134,1.6722
181,19:14:40.195,2071,0.0115,1.6689
182,19:14:40.196,2073,0.0125,1.6705
183,19:14:40.196,2071,0.0115,1.6689
184,19:14:40.197,2072,0.0120,1.6697
185,19:14:40.197,2072,0.0120,1.6697
186,19:14:40.198,2069,0.0105,1.6673
187,19:14:40.198,2073,0.0125,1.6705
188,19:14:40.199,2075,0.0134,1.6722
189,19:14:40.199,2071,0.0115,1.6689
190,19:14:40.200,2073,0.0125,1.6705
191,19:14:40.200,2073,0.0125,1.6705
192,19:14:40.201,2075,0.0134,1.6722
193,19:14:40.201,2073,0.0125,1.6705
194,19:14:40.202,2073,0.0125,1.6705
195,19:14:40.202,2074,0.0129,1.6714
196,19:14:40.203,2071,0.0115,1.6689
197,19:14:40.203,2072,0.0120,1.6697
198,19:14:40.204,2071,0.0115,1.6689
199,19:14:40.204,2071,0.0115,1.6689
200,19:14:40.205,2074,0.0129,1.6714
201,19:14:40.205,2071,0.0115,1.6689
202,19:14:40.206,2074,0.0129,1.6714
203,19:14:40.206,2072,0.0120,1.6697
204,19:14:40.207,2071,0.0115,1.6689
205,19:14:40.207,2072,0.0120,1.6697
206,19:14:40.208,2073,0.0125,1.6705
207,19:14:40.208,2070,0.0110,1.6681
208,19:14:40.209,2073,0.0125,1.6705
209,19:14:40.209,2073,0.0125,1.6705
210,19:14:40.210,2068,0.0100,1.6665
211,19:14:40.210,2069,0.0105,1.6673
212,19:14:40.211,2070,0.0110,1.6681
213,19:14:40.211,2073,0.0125,1.6705
214,19:14:40.212,2073,0.0125,1.6705
215,19:14:40.212,2069,0.0105,1.6673
216,19:14:40.213,2072,0.0120,1.6697
217,19:14:40.213,2069,0.0105,1.6673
218,19:14:40.214,2069,0.0105,1.6673
219,19:14:40.214,2072,0.0120,1.6697
220,19:14:40.215,2072,0.0120,1.6697
221,19:14:40.215,2067,0.0095,1.6657
222,19:14:40.216,2072,0.0120,1.6697
223,19:14:40.216,2073,0.0125,1.6705
224,19:14:40.217,2072,0.0120,1.6697
225,19:14:40.217,2073,0.0125,1.6705
226,19:14:40.218,2074,0.0129,1.6714
227,19:14:40.218,2073,0.0125,1.6705
228,19:14:40.219,2070,0.0110,1.6681
229,19:14:40.219,2074,0.0129,1.6714
230,19:14:40.220,2073,0.0125,1.6705
231,19:14:40.220,2074,0.0129,1.6714
232,19:14:40.221,2074,0.0129,1.6714
233,19:14:40.221,2073,0.0125,1.6705
234,19:14:40.222,2071,0.0115,1.6689
235,19:14:40.222,2072,0.0120,1.6697
236,19:14:40.223,2070,0.0110,1.6681
237,19:14:40.223,2072,0.0120,1.6697
238,19:14:40.224,2070,0.0110,1.6681
239,19:14:40.224,2069,0.0105,1.6673
240,19:14:40.225,2069,0.0105,1.6673
241,19:14:40.225,2068,0.0100,1.6665
242,19:14:40.226,2070,0.0110,1.6681
243,19:14:40.226,2071,0.0115,1.6689
244,19:14:40.227,2073,0.0125,1.6705
245,19:14:40.227,2072,0.0120,1.6697
246,19:14:40.228,2070,0.0110,1.6681
247,19:14:40.228,2068,0.0100,1.6665
248,19:14:40.229,2072,0.0120,1.6697
249,19:14:40.229,2070,0.0110,1.6681
250,19:14:40.230,2074,0.0129,1.6714
251,19:14:40.230,2074,0.0129,1.6714
252,19:14:40.231,2072,0.0120,1.6697
253,19:14:40.231,2072,0.0120,1.6697
254,19:14:40.232,2075,0.0134,1.6722
255,19:14:40.232,2072,0.0120,1.6697
256,19:14:40.233,2072,0.0120,1.6697
257,19:14:40.233,2075,0.0134,1.6722
258,19:14:40.234,2072,0.0120,1.6697
259,19:14:40.234,2073,0.0125,1.6705
260,19:14:40.235,2071,0.0115,1.6689
261,19:14:40.235,2070,0.0110,1.6681
262,19:14:40.236,2072,0.0120,1.6697
263,19:14:40.236,2069,0.0105,1.6673
264,19:14:40.237,2070,0.0110,1.6681
265,19:14:40.237,2069,0.0105,1.6673
266,19:14:40.238,2072,0.0120,1.6697
267,19:14:40.238,2071,0.0115,1.6689
268,19:14:40.239,2072,0.0120,1.6697
269,19:14:40.239,2072,0.0120,1.6697
270,19:14:40.240,2070,0.0110,1.6681
271,19:14:40.240,2068,0.0100,1.6665
272,19:14:40.241,2069,0.0105,1.6673
273,19:14:40.241,2072,0.0120,1.6697
274,19:14:40.242,2070,0.0110,1.6681
275,19:14:40.242,2068,0.0100,1.6665
276,19:14:40.243,2068,0.0100,1.6665
277,19:14:40.243,2071,0.0115,1.6689
278,19:14:40.244,2071,0.0115,1.6689
279,19:14:40.244,2071,0.0115,1.6689
280,19:14:40.245,2071,0.0115,1.6689
281,19:14:40.245,2071,0.0115,1.6689
282,19:14:40.246,2070,0.0110,1.6681
283,19:14:40.246,2072,0.0120,1.6697
284,19:14:40.247,2070,0.0110,1.6681
285,19:14:40.247,2070,0.0110,1.6681
286,19:14:40.248,2072,0.0120,1.6697
287,19:14:40.248,2071,0.0115,1.6689
288,19:14:40.249,2072,0.0120,1.6697
289,19:14:40.249,2073,0.0125,1.6705
290,19:14:40.250,2073,0.0125,1.6705
291,19:14:40.250,2073,0.0125,1.6705
292,19:14:40.251,2074,0.0129,1.6714
293,19:14:40.251,2070,0.0110,1.6681
294,19:14:40.252,2069,0.0105,1.6673
295,19:14:40.252,2071,0.0115,1.6689
296,19:14:40.253,2070,0.0110,1.6681
297,19:14:40.253,2072,0.0120,1.6697
298,19:14:40.254,2070,0.0110,1.6681
299,19:14:40.254,2069,0.0105,1.6673
300,19:14:40.255,2068,0.0100,1.6665
301,19:14:40.255,2072,0.0120,1.6697
302,19:14:40.256,2073,0.0125,1.6705
303,19:14:40.256,2071,0.0115,1.6689
304,19:14:40.257,2068,0.0100,1.6665
305,19:14:40.257,2068,0.0100,1.6665
306,19:14:40.258,2069,0.0105,1.6673
307,19:14:40.258,2068,0.0100,1.6665
308,19:14:40.259,2069,0.0105,1.6673
309,19:14:40.259,2067,0.0095,1.6657
310,19:14:40.260,2069,0.0105,1.6673
311,19:14:40.260,2070,0.0110,1.6681
312,19:14:40.261,2071,0.0115,1.6689
313,19:14:40.261,2070,0.0110,1.6681
314,19:14:40.262,2069,0.0105,1.6673
315,19:14:40.262,2072,0.0120,1.6697
316,19:14:40.263,2069,0.0105,1.6673
317,19:14:40.263,2069,0.0105,1.6673
318,19:14:40.264,2069,0.0105,1.6673
319,19:14:40.264,2069,0.0105,1.6673
320,19:14:40.265,2071,0.0115,1.6689
321,19:14:40.265,2071,0.0115,1.6689
322,19:14:40.266,2072,0.0120,1.6697
323,19:14:40.266,2070,0.0110,1.6681
324,19:14:40.267,2067,0.0095,1.6657
325,19:14:40.267,2067,0.0095,1.6657
326,19:14:40.268,2073,0.0125,1.6705
327,19:14:40.268,2070,0.0110,1.6681
328,19:14:40.269,2072,0.0120,1.6697
329,19:14:40.269,2072,0.0120,1.6697
330,19:14:40.270,2072,0.0120,1.6697
331,19:14:40.270,2070,0.0110,1.6681
332,19:14:40.271,2069,0.0105,1.6673
333,19:14:40.271,2072,0.0120,1.6697
334,19:14:40.272,2071,0.0115,1.6689
335,19:14:40.272,2072,0.0120,1.6697
336,19:14:40.273,2069,0.0105,1.6673
337,19:14:40.273,2071,0.0115,1.6689
338,19:14:40.274,2069,0.0105,1.6673
339,19:14:40.274,2073,0.0125,1.6705
340,19:14:40.275,2073,0.0125,1.6705
341,19:14:40.275,2070,0.0110,1.6681
342,19:14:40.276,2069,0.0105,1.6673
343,19:14:40.276,2068,0.0100,1.6665
344,19:14:40.277,2069,0.0105,1.6673
345,19:14:40.277,2073,0.0125,1.6705
346,19:14:40.278,2072,0.0120,1.6697
347,19:14:40.278,2069,0.0105,1.6673
348,19:14:40.279,2071,0.0115,1.6689
349,19:14:40.279,2070,0.0110,1.6681
350,19:14:40.280,2069,0.0105,1.6673
351,19:14:40.280,2070,0.0110,1.6681
352,19:14:40.281,2070,0.0110,1.6681
353,19:14:40.281,2072,0.0120,1.6697
354,19:14:40.282,2073,0.0125,1.6705
355,19:14:40.282,2068,0.0100,1.6665
356,19:14:40.283,2072,0.0120,1.6697
357,19:14:40.283,2072,0.0120,1.6697
358,19:14:40.284,2069,0.0105,1.6673
359,19:14:40.284,2072,0.0120,1.6697
360,19:14:40.285,2069,0.0105,1.6673
361,19:14:40.285,2073,0.0125,1.6705
362,19:14:40.286,2073,0.0125,1.6705
363,19:14:40.286,2068,0.0100,1.6665
364,19:14:40.287,2072,0.0120,1.6697
365,19:14:40.287,2072,0.0120,1.6697
366,19:14:40.288,2070,0.0110,1.6681
367,19:14:40.288,2073,0.0125,1.6705
368,19:14:40.289,2071,0.0115,1.6689
369,19:14:40.289,2072,0.0120,1.6697
370,19:14:40.290,2070,0.0110,1.6681
371,19:14:40.290,2073,0.0125,1.6705
372,19:14:40.291,2069,0.0105,1.6673
373,19:14:40.291,2072,0.0120,1.6697
374,19:14:40.292,2070,0.0110,1.6681
375,19:14:40.292,2070,0.0110,1.6681
376,19:14:40.293,2070,0.0110,1.6681
377,19:14:40.293,2068,0.0100,1.6665
378,19:14:40.294,2069,0.0105,1.6673
379,19:14:40.294,2071,0.0115,1.6689
380,19:14:40.295,2072,0.0120,1.6697
381,19:14:40.295,2073,0.0125,1.6705
382,19:14:40.296,2070,0.0110,1.6681
383,19:14:40.296,2072,0.0120,1.6697
384,19:14:40.297,2071,0.0115,1.6689
385,19:14:40.297,2068,0.0100,1.6665
386,19:14:40.298,2068,0.0100,1.6665
387,19:14:40.298,2071,0.0115,1.6689
388,19:14:40.299,2068,0.0100,1.6665
389,19:14:40.299,2073,0.0125,1.6705
390,19:14:40.300,2070,0.0110,1.6681
391,19:14:40.300,2071,0.0115,1.6689
392,19:14:40.301,2070,0.0110,1.6681
393,19:14:40.301,2070,0.0110,1.6681
394,19:14:40.302,2065,0.0085,1.6641
395,19:14:40.302,2067,0.0095,1.6657
396,19:14:40.303,2074,0.0129,1.6714
397,19:14:40.303,2066,0.0090,1.6649
398,19:14:40.304,2072,0.0120,1.6697
399,19:14:40.304,2074,0.0129,1.6714
400,19:14:40.305,2069,0.0105,1.6673
401,19:14:40.305,2072,0.0120,1.6697
402,19:14:40.306,2077,0.0144,1.6738
403,19:14:40.306,2073,0.0125,1.6705
404,19:14:40.307,2068,0.0100,1.6665
405,19:14:40.307,2067,0.0095,1.6657
406,19:14:40.308,2067,0.0095,1.6657
407,19:14:40.308,2067,0.0095,1.6657
408,19:14:40.309,2073,0.0125,1.6705
409,19:14:40.309,2068,0.0100,1.6665
410,19:14:40.310,2067,0.0095,1.6657
411,19:14:40.310,2074,0.0129,1.6714
412,19:14:40.311,2072,0.0120,1.6697
413,19:14:40.311,2073,0.0125,1.6705
414,19:14:40.312,2070,0.0110,1.6681
415,19:14:40.312,2072,0.0120,1.6697
416,19:14:40.313,2064,0.0081,1.6633
417,19:14:40.313,2067,0.0095,1.6657
418,19:14:40.314,2066,0.0090,1.6649
419,19:14:40.314,2065,0.0085,1.6641
420,19:14:40.315,2070,0.0110,1.6681
421,19:14:40.315,2069,0.0105,1.6673
422,19:14:40.316,2072,0.0120,1.6697
423,19:14:40.316,2072,0.0120,1.6697
424,19:14:40.317,2069,0.0105,1.6673
425,19:14:40.317,2074,0.0129,1.6714
426,19:14:40.318,2068,0.0100,1.6665
427,19:14:40.318,2072,0.0120,1.6697
428,19:14:40.319,2064,0.0081,1.6633
429,19:14:40.319,2071,0.0115,1.6689
430,19:14:40.320,2069,0.0105,1.6673
431,19:14:40.320,2065,0.0085,1.6641
432,19:14:40.321,2071,0.0115,1.6689
433,19:14:40.321,2066,0.0090,1.6649
434,19:14:40.322,2070,0.0110,1.6681
435,19:14:40.322,2073,0.0125,1.6705
436,19:14:40.323,2073,0.0125,1.6705
437,19:14:40.323,2073,0.0125,1.6705
438,19:14:40.324,2074,0.0129,1.6714
439,19:14:40.324,2075,0.0134,1.6722
440,19:14:40.325,2069,0.0105,1.6673
441,19:14:40.325,2069,0.0105,1.6673
442,19:14:40.326,2069,0.0105,1.6673
443,19:14:40.326,2063,0.0076,1.6625
444,19:14:40.327,2070,0.0110,1.6681
445,19:14:40.327,2066,0.0090,1.6649
446,19:14:40.328,2069,0.0105,1.6673
447,19:14:40.328,2076,0.0139,1.6730
448,19:14:40.329,2072,0.0120,1.6697
449,19:14:40.329,2071,0.0115,1.6689
450,19:14:40.330,2071,0.0115,1.6689
451,19:14:40.330,2073,0.0125,1.6705
452,19:14:40.331,2067,0.0095,1.6657
453,19:14:40.331,2067,0.0095,1.6657
454,19:14:40.332,2071,0.0115,1.6689
455,19:14:40.332,2063,0.0076,1.6625
456,19:14:40.333,2069,0.0105,1.6673
457,19:14:40.333,2070,0.0110,1.6681
458,19:14:40.334,2069,0.0105,1.6673
459,19:14:40.334,2072,0.0120,1.6697
460,19:14:40.335,2073,0.0125,1.6705
461,19:14:40.335,2072,0.0120,1.6697
462,19:14:40.336,2069,0.0105,1.6673
463,19:14:40.336,2075,0.0134,1.6722
464,19:14:40.337,2071,0.0115,1.6689
465,19:14:40.337,2071,0.0115,1.6689
466,19:14:40.338,2069,0.0105,1.6673
467,19:14:40.338,2066,0.0090,1.6649
468,19:14:40.339,2069,0.0105,1.6673
469,19:14:40.339,2069,0.0105,1.6673
470,19:14:40.340,2069,0.0105,1.6673
471,19:14:40.340,2071,0.0115,1.6689
472,19:14:40.341,2073,0.0125,1.6705
473,19:14:40.341,2072,0.0120,1.6697
474,19:14:40.342,2070,0.0110,1.6681
475,19:14:40.342,2073,0.0125,1.6705
476,19:14:40.343,2069,0.0105,1.6673
477,19:14:40.343,2069,0.0105,1.6673
478,19:14:40.344,2070,0.0110,1.6681
479,19:14:40.344,2065,0.0085,1.6641
480,19:14:40.345,2072,0.0120,1.6697
481,19:14:40.345,2072,0.0120,1.6697
482,19:14:40.346,2072,0.0120,1.6697
483,19:14:40.346,2071,0.0115,1.6689
484,19:14:40.347,2076,0.0139,1.6730
485,19:14:40.347,2073,0.0125,1.6705
486,19:14:40.348,2071,0.0115,1.6689
487,19:14:40.348,2073,0.0125,1.6705
488,19:14:40.349,2067,0.0095,1.6657
489,19:14:40.349,2066,0.0090,1.6649
490,19:14:40.350,2069,0.0105,1.6673
491,19:14:40.350,2069,0.0105,1.6673
492,19:14:40.351,2066,0.0090,1.6649
493,19:14:40.351,2071,0.0115,1.6689
494,19:14:40.352,2073,0.0125,1.6705
495,19:14:40.352,2070,0.0110,1.6681
496,19:14:40.353,2072,0.0120,1.6697
497,19:14:40.353,2070,0.0110,1.6681
498,19:14:40.354,2069,0.0105,1.6673
499,19:14:40.354,2071,0.0115,1.6689
500,19:14:40.355,2069,0.0105,1.6673
501,19:14:40.355,2067,0.0095,1.6657
502,19:14:40.356,2070,0.0110,1.6681
503,19:14:40.356,2067,0.0095,1.6657
504,19:14:40.357,2064,0.0081,1.6633
505,19:14:40.357,2070,0.0110,1.6681
506,19:14:40.358,2072,0.0120,1.6697
507,19:14:40.358,2072,0.0120,1.6697
508,19:14:40.359,2073,0.0125,1.6705
509,19:14:40.359,2072,0.0120,1.6697
510,19:14:40.360,2072,0.0120,1.6697
511,19:14:40.360,2073,0.0125,1.6705
512,19:14:40.361,2069,0.0105,1.6673
513,19:14:40.361,2069,0.0105,1.6673
514,19:14:40.362,2069,0.0105,1.6673
515,19:14:40.362,2071,0.0115,1.6689
516,19:14:40.363,2070,0.0110,1.6681
517,19:14:40.363,2071,0.0115,1.6689
518,19:14:40.364,2074,0.0129,1.6714
519,19:14:40.364,2071,0.0115,1.6689
520,19:14:40.365,2076,0.0139,1.6730
521,19:14:40.365,2074,0.0129,1.6714
522,19:14:40.366,2074,0.0129,1.6714
523,19:14:40.366,2073,0.0125,1.6705
524,19:14:40.367,2071,0.0115,1.6689
525,19:14:40.367,2068,0.0100,1.6665
526,19:14:40.368,2066,0.0090,1.6649
527,19:14:40.368,2068,0.0100,1.6665
528,19:14:40.369,2069,0.0105,1.6673
529,19:14:40.369,2071,0.0115,1.6689
530,19:14:40.370,2074,0.0129,1.6714
531,19:14:40.370,2073,0.0125,1.6705
532,19:14:40.371,2072,0.0120,1.6697
533,19:14:40.371,2071,0.0115,1.6689
534,19:14:40.372,2072,0.0120,1.6697
535,19:14:40.372,2073,0.0125,1.6705
536,19:14:40.373,2071,0.0115,1.6689
537,19:14:40.373,2070,0.0110,1.6681
538,19:14:40.374,2066,0.0090,1.6649
539,19:14:40.374,2069,0.0105,1.6673
540,19:14:40.375,2065,0.0085,1.6641
541,19:14:40.375,2070,0.0110,1.6681
542,19:14:40.376,2075,0.0134,1.6722
543,19:14:40.376,2071,0.0115,1.6689
544,19:14:40.377,2073,0.0125,1.6705
545,19:14:40.377,2072,0.0120,1.6697
546,19:14:40.378,2072,0.0120,1.6697
547,19:14:40.378,2069,0.0105,1.6673
548,19:14:40.379,2073,0.0125,1.6705
549,19:14:40.379,2072,0.0120,1.6697
550,19:14:40.380,2067,0.0095,1.6657
551,19:14:40.380,2072,0.0120,1.6697
552,19:14:40.381,2068,0.0100,1.6665
553,19:14:40.381,2069,0.0105,1.6673
554,19:14:40.382,2073,0.0125,1.6705
555,19:14:40.382,2074,0.0129,1.6714
556,19:14:40.383,2075,0.0134,1.6722
557,19:14:40.383,2072,0.0120,1.6697
558,19:14:40.384,2077,0.0144,1.6738
559,19:14:40.384,2071,0.0115,1.6689
560,19:14:40.385,2070,0.0110,1.6681
561,19:14:40.385,2067,0.0095,1.6657
562,19:14:40.386,2068,0.0100,1.6665
563,19:14:40.386,2072,0.0120,1.6697
564,19:14:40.387,2066,0.0090,1.6649
565,19:14:40.387,2071,0.0115,1.6689
566,19:14:40.388,2072,0.0120,1.6697
567,19:14:40.388,2073,0.0125,1.6705
568,19:14:40.389,2076,0.0139,1.6730
569,19:14:40.389,2073,0.0125,1.6705
570,19:14:40.390,2075,0.0134,1.6722
571,19:14:40.390,2069,0.0105,1.6673
572,19:14:40.391,2068,0.0100,1.6665
573,19:14:40.391,2072,0.0120,1.6697
574,19:14:40.392,2064,0.0081,1.6633
575,19:14:40.392,2071,0.0115,1.6689
576,19:14:40.393,2071,0.0115,1.6689
577,19:14:40.393,2069,0.0105,1.6673
578,19:14:40.394,2075,0.0134,1.6722
579,19:14:40.394,2075,0.0134,1.6722
580,19:14:40.395,2073,0.0125,1.6705
581,19:14:40.395,2070,0.0110,1.6681
582,19:14:40.396,2071,0.0115,1.6689
583,19:14:40.396,2069,0.0105,1.6673
584,19:14:40.397,2070,0.0110,1.6681
585,19:14:40.397,2070,0.0110,1.6681
586,19:14:40.398,2067,0.0095,1.6657
587,19:14:40.398,2069,0.0105,1.6673
588,19:14:40.399,2068,0.0100,1.6665
589,19:14:40.399,2068,0.0100,1.6665
590,19:14:40.400,2074,0.0129,1.6714
591,19:14:40.400,2070,0.0110,1.6681
592,19:14:40.401,2072,0.0120,1.6697
593,19:14:40.401,2072,0.0120,1.6697
594,19:14:40.402,2073,0.0125,1.6705
595,19:14:40.402,2069,0.0105,1.6673
596,19:14:40.403,2069,0.0105,1.6673
597,19:14:40.403,2070,0.0110,1.6681
598,19:14:40.404,2066,0.0090,1.6649
599,19:14:40.404,2072,0.0120,1.6697
600,19:14:40.405,2069,0.0105,1.6673
601,19:14:40.405,2068,0.0100,1.6665
602,19:14:40.406,2073,0.0125,1.6705
603,19:14:40.406,2072,0.0120,1.6697
604,19:14:40.407,2073,0.0125,1.6705
605,19:14:40.407,2073,0.0125,1.6705
606,19:14:40.408,2072,0.0120,1.6697
607,19:14:40.408,2071,0.0115,1.6689
608,19:14:40.409,2070,0.0110,1.6681
609,19:14:40.409,2069,0.0105,1.6673
610,19:14:40.410,2067,0.0095,1.6657
611,19:14:40.410,2067,0.0095,1.6657
612,19:14:40.411,2067,0.0095,1.6657
613,19:14:40.411,2072,0.0120,1.6697
614,19:14:40.412,2070,0.0110,1.6681
615,19:14:40.412,2074,0.0129,1.6714
616,19:14:40.413,2074,0.0129,1.6714
617,19:14:40.413,2073,0.0125,1.6705
618,19:14:40.414,2073,0.0125,1.6705
619,19:14:40.414,2073,0.0125,1.6705
620,19:14:40.415,2065,0.0085,1.6641
621,19:14:40.415,2070,0.0110,1.6681
622,19:14:40.416,2065,0.0085,1.6641
623,19:14:40.416,2069,0.0105,1.6673
624,19:14:40.417,2071,0.0115,1.6689
625,19:14:40.417,2072,0.0120,1.6697
626,19:14:40.418,2070,0.0110,1.6681
627,19:14:40.418,2072,0.0120,1.6697
628,19:14:40.419,2074,0.0129,1.6714
629,19:14:40.419,2069,0.0105,1.6673
630,19:14:40.420,2076,0.0139,1.6730
631,19:14:40.420,2073,0.0125,1.6705
632,19:14:40.421,2067,0.0095,1.6657
633,19:14:40.421,2072,0.0120,1.6697
634,19:14:40.422,2065,0.0085,1.6641
635,19:14:40.422,2069,0.0105,1.6673
636,19:14:40.423,2072,0.0120,1.6697
637,19:14:40.423,2070,0.0110,1.6681
638,19:14:40.424,2070,0.0110,1.6681
639,19:14:40.424,2074,0.0129,1.6714
640,19:14:40.425,2075,0.0134,1.6722
641,19:14:40.425,2072,0.0120,1.6697
642,19:14:40.426,2075,0.0134,1.6722
643,19:14:40.426,2071,0.0115,1.6689
644,19:14:40.427,2069,0.0105,1.6673
645,19:14:40.427,2070,0.0110,1.6681
646,19:14:40.428,2067,0.0095,1.6657
647,19:14:40.428,2068,0.0100,1.6665
648,19:14:40.429,2069,0.0105,1.6673
649,19:14:40.429,2072,0.0120,1.6697
650,19:14:40.430,2073,0.0125,1.6705
651,19:14:40.430,2072,0.0120,1.6697
652,19:14:40.431,2075,0.0134,1.6722
653,19:14:40.431,2071,0.0115,1.6689
654,19:14:40.432,2073,0.0125,1.6705
655,19:14:40.432,2074,0.0129,1.6714
656,19:14:40.433,2066,0.0090,1.6649
657,19:14:40.433,2068,0.0100,1.6665
658,19:14:40.434,2067,0.0095,1.6657
659,19:14:40.434,2070,0.0110,1.6681
660,19:14:40.435,2069,0.0105,1.6673
661,19:14:40.435,2068,0.0100,1.6665
662,19:14:40.436,2070,0.0110,1.6681
663,19:14:40.436,2073,0.0125,1.6705
664,19:14:40.437,2074,0.0129,1.6714
665,19:14:40.437,2070,0.0110,1.6681
666,19:14:40.438,2072,0.0120,1.6697
667,19:14:40.438,2074,0.0129,1.6714
668,19:14:40.439,2069,0.0105,1.6673
669,19:14:40.439,2070,0.0110,1.6681
670,19:14:40.440,2071,0.0115,1.6689
671,19:14:40.440,2066,0.0090,1.6649
672,19:14:40.441,2068,0.0100,1.6665
673,19:14:40.441,2072,0.0120,1.6697
674,19:14:40.442,2071,0.0115,1.6689
675,19:14:40.442,2069,0.0105,1.6673
676,19:14:40.443,2076,0.0139,1.6730
677,19:14:40.443,2070,0.0110,1.6681
678,19:14:40.444,2073,0.0125,1.6705
679,19:14:40.444,2072,0.0120,1.6697
680,19:14:40.445,2069,0.0105,1.6673
681,19:14:40.445,2069,0.0105,1.6673
682,19:14:40.446,2071,0.0115,1.6689
683,19:14:40.446,2070,0.0110,1.6681
684,19:14:40.447,2066,0.0090,1.6649
685,19:14:40.447,2071,0.0115,1.6689
686,19:14:40.448,2073,0.0125,1.6705
687,19:14:40.448,2074,0.0129,1.6714
688,19:14:40.449,2077,0.0144,1.6738
689,19:14:40.449,2073,0.0125,1.6705
690,19:14:40.450,2072,0.0120,1.6697
691,19:14:40.450,2072,0.0120,1.6697
692,19:14:40.451,2067,0.0095,1.6657
693,19:14:40.451,2069,0.0105,1.6673
694,19:14:40.452,2069,0.0105,1.6673
695,19:14:40.452,2069,0.0105,1.6673
696,19:14:40.453,2066,0.0090,1.6649
697,19:14:40.453,2069,0.0105,1.6673
698,19:14:40.454,2071,0.0115,1.6689
699,19:14:40.454,2071,0.0115,1.6689
700,19:14:40.455,2072,0.0120,1.6697
701,19:14:40.455,2074,0.0129,1.6714
702,19:14:40.456,2073,0.0125,1.6705
703,19:14:40.456,2074,0.0129,1.6714
704,19:14:40.457,2067,0.0095,1.6657
705,19:14:40.457,2068,0.0100,1.6665
706,19:14:40.458,2071,0.0115,1.6689
707,19:14:40.458,2067,0.0095,1.6657
708,19:14:40.459,2068,0.0100,1.6665
709,19:14:40.459,2071,0.0115,1.6689
710,19:14:40.460,2073,0.0125,1.6705
711,19:14:40.460,2071,0.0115,1.6689
712,19:14:40.461,2074,0.0129,1.6714
713,19:14:40.461,2074,0.0129,1.6714
714,19:14:40.462,2069,0.0105,1.6673
715,19:14:40.462,2074,0.0129,1.6714
716,19:14:40.463,2069,0.0105,1.6673
717,19:14:40.463,2065,0.0085,1.6641
718,19:14:40.464,2065,0.0085,1.6641
719,19:14:40.464,2068,0.0100,1.6665
720,19:14:40.465,2067,0.0095,1.6657
721,19:14:40.465,2071,0.0115,1.6689
722,19:14:40.466,2073,0.0125,1.6705
723,19:14:40.466,2074,0.0129,1.6714
724,19:14:40.467,2072,0.0120,1.6697
725,19:14:40.467,2073,0.0125,1.6705
726,19:14:40.468,2070,0.0110,1.6681
727,19:14:40.468,2071,0.0115,1.6689
728,19:14:40.469,2072,0.0120,1.6697
729,19:14:40.469,2068,0.0100,1.6665
730,19:14:40.470,2069,0.0105,1.6673
731,19:14:40.470,2069,0.0105,1.6673
732,19:14:40.471,2068,0.0100,1.6665
733,19:14:40.471,2071,0.0115,1.6689
734,19:14:40.472,2073,0.0125,1.6705
735,19:14:40.472,2072,0.0120,1.6697
736,19:14:40.473,2072,0.0120,1.6697
737,19:14:40.473,2076,0.0139,1.6730
738,19:14:40.474,2073,0.0125,1.6705
739,19:14:40.474,2070,0.0110,1.6681
740,19:14:40.475,2070,0.0110,1.6681
741,19:14:40.475,2063,0.0076,1.6625
742,19:14:40.476,2068,0.0100,1.6665
743,19:14:40.476,2068,0.0100,1.6665
744,19:14:40.477,2065,0.0085,1.6641
745,19:14:40.477,2071,0.0115,1.6689
746,19:14:40.478,2073,0.0125,1.6705
747,19:14:40.478,2072,0.0120,1.6697
748,19:14:40.479,2071,0.0115,1.6689
749,19:14:40.479,2072,0.0120,1.6697
750,19:14:40.480,2073,0.0125,1.6705
751,19:14:40.480,2072,0.0120,1.6697
752,19:14:40.481,2070,0.0110,1.6681
753,19:14:40.481,2069,0.0105,1.6673
754,19:14:40.482,2070,0.0110,1.6681
755,19:14:40.482,2069,0.0105,1.6673
756,19:14:40.483,2070,0.0110,1.6681
757,19:14:40.483,2070,0.0110,1.6681
758,19:14:40.484,2071,0.0115,1.6689
759,19:14:40.484,2073,0.0125,1.6705
760,19:14:40.485,2072,0.0120,1.6697
761,19:14:40.485,2075,0.0134,1.6722
762,19:14:40.486,2072,0.0120,1.6697
763,19:14:40.486,2072,0.0120,1.6697
764,19:14:40.487,2075,0.0134,1.6722
765,19:14:40.487,2070,0.0110,1.6681
766,19:14:40.488,2066,0.0090,1.6649
767,19:14:40.488,2070,0.0110,1.6681
768,19:14:40.489,2070,0.0110,1.6681
769,19:14:40.489,2069,0.0105,1.6673
770,19:14:40.490,2071,0.0115,1.6689
771,19:14:40.490,2076,0.0139,1.6730
772,19:14:40.491,2070,0.0110,1.6681
773,19:14:40.491,2073,0.0125,1.6705
774,19:14:40.492,2076,0.0139,1.6730
775,19:14:40.492,2071,0.0115,1.6689
776,19:14:40.493,2069,0.0105,1.6673
777,19:14:40.493,2070,0.0110,1.6681
778,19:14:40.494,2067,0.0095,1.6657
779,19:14:40.494,2066,0.0090,1.6649
780,19:14:40.495,2071,0.0115,1.6689
781,19:14:40.495,2068,0.0100,1.6665
782,19:14:40.496,2070,0.0110,1.6681
783,19:14:40.496,2076,0.0139,1.6730
784,19:14:40.497,2070,0.0110,1.6681
785,19:14:40.497,2074,0.0129,1.6714
786,19:14:40.498,2073,0.0125,1.6705
787,19:14:40.498,2069,0.0105,1.6673
788,19:14:40.499,2069,0.0105,1.6673
789,19:14:40.499,2067,0.0095,1.6657
790,19:14:40.500,2067,0.0095,1.6657
791,19:14:40.500,2070,0.0110,1.6681
792,19:14:40.501,2070,0.0110,1.6681
793,19:14:40.501,2069,0.0105,1.6673
794,19:14:40.502,2069,0.0105,1.6673
795,19:14:40.502,2076,0.0139,1.6730
796,19:14:40.503,2070,0.0110,1.6681
797,19:14:40.503,2074,0.0129,1.6714
798,19:14:40.504,2075,0.0134,1.6722
799,19:14:40.504,2069,0.0105,1.6673
800,19:14:40.505,2072,0.0120,1.6697
801,19:14:40.505,2070,0.0110,1.6681
802,19:14:40.506,2072,0.0120,1.6697
803,19:14:40.506,2069,0.0105,1.6673
804,19:14:40.507,2068,0.0100,1.6665
805,19:14:40.507,2070,0.0110,1.6681
806,19:14:40.508,2072,0.0120,1.6697
807,19:14:40.508,2074,0.0129,1.6714
808,19:14:40.509,2073,0.0125,1.6705
809,19:14:40.509,2072,0.0120,1.6697
810,19:14:40.510,2075,0.0134,1.6722
811,19:14:40.510,2071,0.0115,1.6689
812,19:14:40.511,2069,0.0105,1.6673
813,19:14:40.511,2068,0.0100,1.6665
814,19:14:40.512,2068,0.0100,1.6665
815,19:14:40.512,2068,0.0100,1.6665
816,19:14:40.513,2070,0.0110,1.6681
817,19:14:40.513,2072,0.0120,1.6697
818,19:14:40.514,2072,0.0120,1.6697
819,19:14:40.514,2076,0.0139,1.6730
820,19:14:40.515,2069,0.0105,1.6673
821,19:14:40.515,2072,0.0120,1.6697
822,19:14:40.516,2076,0.0139,1.6730
823,19:14:40.516,2070,0.0110,1.6681
824,19:14:40.517,2067,0.0095,1.6657
825,19:14:40.517,2071,0.0115,1.6689
826,19:14:40.518,2069,0.0105,1.6673
827,19:14:40.518,2065,0.0085,1.6641
828,19:14:40.519,2067,0.0095,1.6657
829,19:14:40.519,2069,0.0105,1.6673
830,19:14:40.520,2069,0.0105,1.6673
831,19:14:40.520,2074,0.0129,1.6714
832,19:14:40.521,2074,0.0129,1.6714
833,19:14:40.521,2075,0.0134,1.6722
834,19:14:40.522,2075,0.0134,1.6722
835,19:14:40.522,2072,0.0120,1.6697
836,19:14:40.523,2069,0.0105,1.6673
837,19:14:40.523,2069,0.0105,1.6673
838,19:14:40.524,2069,0.0105,1.6673
839,19:14:40.524,2067,0.0095,1.6657
840,19:14:40.525,2070,0.0110,1.6681
841,19:14:40.525,2072,0.0120,1.6697
842,19:14:40.526,2073,0.0125,1.6705
843,19:14:40.526,2072,0.0120,1.6697
844,19:14:40.527,2074,0.0129,1.6714
845,19:14:40.527,2075,0.0134,1.6722
846,19:14:40.528,2075,0.0134,1.6722
847,19:14:40.528,2072,0.0120,1.6697
848,19:14:40.529,2071,0.0115,1.6689
849,19:14:40.529,2067,0.0095,1.6657
850,19:14:40.530,2072,0.0120,1.6697
851,19:14:40.530,2068,0.0100,1.6665
852,19:14:40.531,2068,0.0100,1.6665
853,19:14:40.531,2070,0.0110,1.6681
854,19:14:40.532,2072,0.0120,1.6697
855,19:14:40.532,2075,0.0134,1.6722
856,19:14:40.533,2066,0.0090,1.6649
857,19:14:40.533,2065,0.0085,1.6641
858,19:14:40.534,2063,0.0076,1.6625
859,19:14:40.534,2056,0.0042,1.6568
860,19:14:40.535,2054,0.0032,1.6552
861,19:14:40.535,2049,0.0007,1.6512
862,19:14:40.536,2053,0.0027,1.6544
863,19:14:40.536,2049,0.0007,1.6512
864,19:14:40.537,2051,0.0017,1.6528
865,19:14:40.537,2056,0.0042,1.6568
866,19:14:40.538,2055,0.0037,1.6560
867,19:14:40.538,2053,0.0027,1.6544
868,19:14:40.539,2052,0.0022,1.6536
869,19:14:40.539,2053,0.0027,1.6544
870,19:14:40.540,2050,0.0012,1.6520
871,19:14:40.540,2051,0.0017,1.6528
872,19:14:40.541,2045,-0.0012,1.6480
873,19:14:40.541,2046,-0.0007,1.6488
874,19:14:40.542,2052,0.0022,1.6536
875,19:14:40.542,2047,-0.0002,1.6496
876,19:14:40.543,2048,0.0002,1.6504
877,19:14:40.543,2053,0.0027,1.6544
878,19:14:40.544,2052,0.0022,1.6536
879,19:14:40.544,2054,0.0032,1.6552
880,19:14:40.545,2050,0.0012,1.6520
881,19:14:40.545,2054,0.0032,1.6552
882,19:14:40.546,2051,0.0017,1.6528
883,19:14:40.546,2048,0.0002,1.6504
884,19:14:40.547,2049,0.0007,1.6512
885,19:14:40.547,2052,0.0022,1.6536
886,19:14:40.548,2056,0.0042,1.6568
887,19:14:40.548,2034,-0.0066,1.6391
888,19:14:40.549,2022,-0.0125,1.6295
889,19:14:40.549,2011,-0.0178,1.6206
890,19:14:40.550,2014,-0.0164,1.6230
891,19:14:40.550,2024,-0.0115,1.6311
892,19:14:40.551,2033,-0.0071,1.6383
893,19:14:40.551,2045,-0.0012,1.6480
894,19:14:40.552,2043,-0.0022,1.6464
895,19:14:40.552,2043,-0.0022,1.6464
896,19:14:40.553,2036,-0.0056,1.6407
897,19:14:40.553,2028,-0.0095,1.6343
898,19:14:40.554,2031,-0.0081,1.6367
899,19:14:40.554,2027,-0.0100,1.6335
900,19:14:40.555,2030,-0.0085,1.6359
901,19:14:40.555,2032,-0.0076,1.6375
902,19:14:40.556,2032,-0.0076,1.6375
903,19:14:40.556,2032,-0.0076,1.6375
904,19:14:40.557,2038,-0.0046,1.6423
905,19:14:40.557,2037,-0.0051,1.6415
906,19:14:40.558,2036,-0.0056,1.6407
907,19:14:40.558,2040,-0.0037,1.6440
908,19:14:40.559,2039,-0.0042,1.6432
909,19:14:40.559,2037,-0.0051,1.6415
910,19:14:40.560,2043,-0.0022,1.6464
911,19:14:40.560,2046,-0.0007,1.6488
912,19:14:40.561,2044,-0.0017,1.6472
913,19:14:40.561,2044,-0.0017,1.6472
914,19:14:40.562,2049,0.0007,1.6512
915,19:14:40.562,2048,0.0002,1.6504
916,19:14:40.563,2053,0.0027,1.6544
917,19:14:40.563,2050,0.0012,1.6520
918,19:14:40.564,2052,0.0022,1.6536
919,19:14:40.564,2055,0.0037,1.6560
920,19:14:40.565,2060,0.0061,1.6601
921,19:14:40.565,2059,0.0056,1.6593
922,19:14:40.566,2060,0.0061,1.6601
923,19:14:40.566,2058,0.0051,1.6585
924,19:14:40.567,2055,0.0037,1.6560
925,19:14:40.567,2056,0.0042,1.6568
926,19:14:40.568,2055,0.0037,1.6560
927,19:14:40.568,2061,0.0066,1.6609
928,19:14:40.569,2060,0.0061,1.6601
929,19:14:40.569,2059,0.0056,1.6593
930,19:14:40.570,2056,0.0042,1.6568
931,19:14:40.570,2059,0.0056,1.6593
932,19:14:40.571,2057,0.0046,1.6577
933,19:14:40.571,2054,0.0032,1.6552
934,19:14:40.572,2056,0.0042,1.6568
935,19:14:40.572,2055,0.0037,1.6560
936,19:14:40.573,2055,0.0037,1.6560
937,19:14:40.573,2057,0.0046,1.6577
938,19:14:40.574,2056,0.0042,1.6568
939,19:14:40.574,2058,0.0051,1.6585
940,19:14:40.575,2057,0.0046,1.6577
941,19:14:40.575,2056,0.0042,1.6568
942,19:14:40.576,2054,0.0032,1.6552
943,19:14:40.576,2055,0.0037,1.6560
944,19:14:40.577,2052,0.0022,1.6536
945,19:14:40.577,2057,0.0046,1.6577
946,19:14:40.578,2055,0.0037,1.6560
947,19:14:40.578,2054,0.0032,1.6552
948,19:14:40.579,2054,0.0032,1.6552
949,19:14:40.579,2053,0.0027,1.6544
950,19:14:40.580,2054,0.0032,1.6552
951,19:14:40.580,2056,0.0042,1.6568
952,19:14:40.581,2053,0.0027,1.6544
953,19:14:40.581,2053,0.0027,1.6544
954,19:14:40.582,2058,0.0051,1.6585
955,19:14:40.582,2059,0.0056,1.6593
956,19:14:40.583,2058,0.0051,1.6585
957,19:14:40.583,2059,0.0056,1.6593
958,19:14:40.584,2059,0.0056,1.6593
959,19:14:40.584,2055,0.0037,1.6560
960,19:14:40.585,2059,0.0056,1.6593
961,19:14:40.585,2054,0.0032,1.6552
962,19:14:40.586,2060,0.0061,1.6601
963,19:14:40.586,2061,0.0066,1.6609
964,19:14:40.587,2058,0.0051,1.6585
965,19:14:40.587,2062,0.0071,1.6617
966,19:14:40.588,2060,0.0061,1.6601
967,19:14:40.588,2063,0.0076,1.6625
968,19:14:40.589,2059,0.0056,1.6593
969,19:14:40.589,2059,0.0056,1.6593
970,19:14:40.590,2061,0.0066,1.6609
971,19:14:40.590,2056,0.0042,1.6568
972,19:14:40.591,2056,0.0042,1.6568
973,19:14:40.591,2051,0.0017,1.6528
974,19:14:40.592,2058,0.0051,1.6585
975,19:14:40.592,2056,0.0042,1.6568
976,19:14:40.593,2060,0.0061,1.6601
977,19:14:40.593,2061,0.0066,1.6609
978,19:14:40.594,2058,0.0051,1.6585
979,19:14:40.594,2056,0.0042,1.6568
980,19:14:40.595,2055,0.0037,1.6560
981,19:14:40.595,2053,0.0027,1.6544
982,19:14:40.596,2055,0.0037,1.6560
983,19:14:40.596,2049,0.0007,1.6512
984,19:14:40.597,2051,0.0017,1.6528
985,19:14:40.597,2044,-0.0017,1.6472
986,19:14:40.598,2045,-0.0012,1.6480
987,19:14:40.598,2045,-0.0012,1.6480
988,19:14:40.599,2048,0.0002,1.6504
989,19:14:40.599,2044,-0.0017,1.6472
990,19:14:40.600,2052,0.0022,1.6536
991,19:14:40.600,2050,0.0012,1.6520
992,19:14:40.601,2048,0.0002,1.6504
993,19:14:40.601,2047,-0.0002,1.6496
994,19:14:40.602,2050,0.0012,1.6520
995,19:14:40.602,2048,0.0002,1.6504
996,19:14:40.603,2045,-0.0012,1.6480
997,19:14:40.603,2049,0.0007,1.6512
998,19:14:40.604,2051,0.0017,1.6528
999,19:14:40.604,2048,0.0002,1.6504
1000,19:14:40.605,2049,0.0007,1.6512
1001,19:14:40.605,2050,0.0012,1.6520
1002,19:14:40.606,2044,-0.0017,1.6472
1003,19:14:40.606,2044,-0.0017,1.6472
1004,19:14:40.607,2045,-0.0012,1.6480
1005,19:14:40.607,2048,0.0002,1.6504
1006,19:14:40.608,2049,0.0007,1.6512
1007,19:14:40.608,2044,-0.0017,1.6472
1008,19:14:40.609,2046,-0.0007,1.6488
1009,19:14:40.609,2045,-0.0012,1.6480
1010,19:14:40.610,2050,0.0012,1.6520
1011,19:14:40.610,2046,-0.0007,1.6488
1012,19:14:40.611,2045,-0.0012,1.6480
1013,19:14:40.611,2050,0.0012,1.6520
1014,19:14:40.612,2049,0.0007,1.6512
1015,19:14:40.612,2049,0.0007,1.6512
1016,19:14:40.613,2053,0.0027,1.6544
1017,19:14:40.613,2053,0.0027,1.6544
1018,19:14:40.614,2052,0.0022,1.6536
1019,19:14:40.614,2054,0.0032,1.6552
1020,19:14:40.615,2053,0.0027,1.6544
1021,19:14:40.615,2055,0.0037,1.6560
1022,19:14:40.616,2053,0.0027,1.6544
1023,19:14:40.616,2052,0.0022,1.6536
1024,19:14:40.617,2055,0.0037,1.6560
1025,19:14:40.617,2057,0.0046,1.6577
1026,19:14:40.618,2058,0.0051,1.6585
1027,19:14:40.618,2055,0.0037,1.6560
1028,19:14:40.619,2058,0.0051,1.6585
1029,19:14:40.619,2055,0.0037,1.6560
1030,19:14:40.620,2054,0.0032,1.6552
1031,19:14:40.620,2058,0.0051,1.6585
1032,19:14:40.621,2058,0.0051,1.6585
1033,19:14:40.621,2058,0.0051,1.6585
1034,19:14:40.622,2061,0.0066,1.6609
1035,19:14:40.622,2061,0.0066,1.6609
1036,19:14:40.623,2062,0.0071,1.6617
1037,19:14:40.623,2063,0.0076,1.6625
1038,19:14:40.624,2062,0.0071,1.6617
1039,19:14:40.624,2063,0.0076,1.6625
1040,19:14:40.625,2063,0.0076,1.6625
1041,19:14:40.625,2063,0.0076,1.6625
1042,19:14:40.626,2063,0.0076,1.6625
1043,19:14:40.626,2064,0.0081,1.6633
1044,19:14:40.627,2067,0.0095,1.6657
1045,19:14:40.627,2066,0.0090,1.6649
1046,19:14:40.628,2067,0.0095,1.6657
1047,19:14:40.628,2068,0.0100,1.6665
1048,19:14:40.629,2068,0.0100,1.6665
1049,19:14:40.629,2069,0.0105,1.6673
1050,19:14:40.630,2068,0.0100,1.6665
1051,19:14:40.630,2065,0.0085,1.6641
1052,19:14:40.631,2069,0.0105,1.6673
1053,19:14:40.631,2070,0.0110,1.6681
1054,19:14:40.632,2070,0.0110,1.6681
1055,19:14:40.632,2067,0.0095,1.6657
1056,19:14:40.633,2064,0.0081,1.6633
1057,19:14:40.633,2067,0.0095,1.6657
1058,19:14:40.634,2069,0.0105,1.6673
1059,19:14:40.634,2065,0.0085,1.6641
1060,19:14:40.635,2066,0.0090,1.6649
1061,19:14:40.635,2063,0.0076,1.6625
1062,19:14:40.636,2067,0.0095,1.6657
1063,19:14:40.636,2065,0.0085,1.6641
1064,19:14:40.637,2068,0.0100,1.6665
1065,19:14:40.637,2066,0.0090,1.6649
1066,19:14:40.638,2066,0.0090,1.6649
1067,19:14:40.638,2069,0.0105,1.6673
1068,19:14:40.639,2066,0.0090,1.6649
1069,19:14:40.639,2066,0.0090,1.6649
1070,19:14:40.640,2069,0.0105,1.6673
1071,19:14:40.640,2067,0.0095,1.6657
1072,19:14:40.641,2068,0.0100,1.6665
1073,19:14:40.641,2067,0.0095,1.6657
1074,19:14:40.642,2067,0.0095,1.6657
1075,19:14:40.642,2070,0.0110,1.6681
1076,19:14:40.643,2069,0.0105,1.6673
1077,19:14:40.643,2065,0.0085,1.6641
1078,19:14:40.644,2068,0.0100,1.6665
1079,19:14:40.644,2071,0.0115,1.6689
1080,19:14:40.645,2072,0.0120,1.6697
1081,19:14:40.645,2070,0.0110,1.6681
1082,19:14:40.646,2070,0.0110,1.6681
1083,19:14:40.646,2070,0.0110,1.6681
1084,19:14:40.647,2074,0.0129,1.6714
1085,19:14:40.647,2075,0.0134,1.6722
1086,19:14:40.648,2074,0.0129,1.6714
1087,19:14:40.648,2073,0.0125,1.6705
1088,19:14:40.649,2078,0.0149,1.6746
1089,19:14:40.649,2078,0.0149,1.6746
1090,19:14:40.650,2076,0.0139,1.6730
1091,19:14:40.650,2078,0.0149,1.6746
1092,19:14:40.651,2077,0.0144,1.6738
1093,19:14:40.651,2082,0.0168,1.6778
1094,19:14:40.652,2081,0.0164,1.6770
1095,19:14:40.652,2082,0.0168,1.6778
1096,19:14:40.653,2082,0.0168,1.6778
1097,19:14:40.653,2083,0.0173,1.6786
1098,19:14:40.654,2087,0.0193,1.6818
1099,19:14:40.654,2085,0.0183,1.6802
1100,19:14:40.655,2092,0.0217,1.6859
1101,19:14:40.655,2088,0.0198,1.6826
1102,19:14:40.656,2088,0.0198,1.6826
1103,19:14:40.656,2089,0.0203,1.6834
1104,19:14:40.657,2092,0.0217,1.6859
1105,19:14:40.657,2097,0.0242,1.6899
1106,19:14:40.658,2094,0.0227,1.6875
1107,19:14:40.658,2092,0.0217,1.6859
1108,19:14:40.659,2097,0.0242,1.6899
1109,19:14:40.659,2098,0.0247,1.6907
1110,19:14:40.660,2097,0.0242,1.6899
1111,19:14:40.660,2100,0.0256,1.6923
1112,19:14:40.661,2100,0.0256,1.6923
1113,19:14:40.661,2099,0.0252,1.6915
1114,19:14:40.662,2102,0.0266,1.6939
1115,19:14:40.662,2100,0.0256,1.6923
1116,19:14:40.663,2105,0.0281,1.6963
1117,19:14:40.663,2106,0.0286,1.6971
1118,19:14:40.664,2106,0.0286,1.6971
1119,19:14:40.664,2105,0.0281,1.6963
1120,19:14:40.665,2104,0.0276,1.6955
1121,19:14:40.665,2104,0.0276,1.6955
1122,19:14:40.666,2107,0.0291,1.6979
1123,19:14:40.666,2107,0.0291,1.6979
1124,19:14:40.667,2108,0.0295,1.6988
1125,19:14:40.667,2105,0.0281,1.6963
1126,19:14:40.668,2108,0.0295,1.6988
1127,19:14:40.668,2108,0.0295,1.6988
1128,19:14:40.669,2103,0.0271,1.6947
1129,19:14:40.669,2105,0.0281,1.6963
1130,19:14:40.670,2104,0.0276,1.6955
1131,19:14:40.670,2108,0.0295,1.6988
1132,19:14:40.671,2108,0.0295,1.6988
1133,19:14:40.671,2109,0.0300,1.6996
1134,19:14:40.672,2105,0.0281,1.6963
1135,19:14:40.672,2105,0.0281,1.6963
1136,19:14:40.673,2107,0.0291,1.6979
1137,19:14:40.673,2106,0.0286,1.6971
1138,19:14:40.674,2110,0.0305,1.7004
1139,19:14:40.674,2110,0.0305,1.7004
1140,19:14:40.675,2093,0.0222,1.6867
1141,19:14:40.675,2092,0.0217,1.6859
1142,19:14:40.676,2087,0.0193,1.6818
1143,19:14:40.676,2086,0.0188,1.6810
1144,19:14:40.677,2094,0.0227,1.6875
1145,19:14:40.677,2096,0.0237,1.6891
1146,19:14:40.678,2099,0.0252,1.6915
1147,19:14:40.678,2096,0.0237,1.6891
1148,19:14:40.679,2093,0.0222,1.6867
1149,19:14:40.679,2090,0.0208,1.6842
1150,19:14:40.680,2089,0.0203,1.6834
1151,19:14:40.680,2085,0.0183,1.6802
1152,19:14:40.681,2091,0.0212,1.6851
1153,19:14:40.681,2091,0.0212,1.6851
1154,19:14:40.682,2093,0.0222,1.6867
1155,19:14:40.682,2092,0.0217,1.6859
1156,19:14:40.683,2090,0.0208,1.6842
1157,19:14:40.683,2088,0.0198,1.6826
1158,19:14:40.684,2089,0.0203,1.6834
1159,19:14:40.684,2085,0.0183,1.6802
1160,19:14:40.685,2086,0.0188,1.6810
1161,19:14:40.685,2088,0.0198,1.6826
1162,19:14:40.686,2083,0.0173,1.6786
1163,19:14:40.686,2082,0.0168,1.6778
1164,19:14:40.687,2085,0.0183,1.6802
1165,19:14:40.687,2081,0.0164,1.6770
1166,19:14:40.688,2087,0.0193,1.6818
1167,19:14:40.688,2087,0.0193,1.6818
1168,19:14:40.689,2085,0.0183,1.6802
1169,19:14:40.689,2083,0.0173,1.6786
1170,19:14:40.690,2080,0.0159,1.6762
1171,19:14:40.690,2081,0.0164,1.6770
1172,19:14:40.691,2084,0.0178,1.6794
1173,19:14:40.691,2083,0.0173,1.6786
1174,19:14:40.692,2082,0.0168,1.6778
1175,19:14:40.692,2084,0.0178,1.6794
1176,19:14:40.693,2086,0.0188,1.6810
1177,19:14:40.693,2081,0.0164,1.6770
1178,19:14:40.694,2084,0.0178,1.6794
1179,19:14:40.694,2083,0.0173,1.6786
1180,19:14:40.695,2083,0.0173,1.6786
1181,19:14:40.695,2081,0.0164,1.6770
1182,19:14:40.696,2082,0.0168,1.6778
1183,19:14:40.696,2079,0.0154,1.6754
1184,19:14:40.697,2083,0.0173,1.6786
1185,19:14:40.697,2080,0.0159,1.6762
1186,19:14:40.698,2083,0.0173,1.6786
1187,19:14:40.698,2079,0.0154,1.6754
1188,19:14:40.699,2080,0.0159,1.6762
1189,19:14:40.699,2082,0.0168,1.6778
1190,19:14:40.700,2082,0.0168,1.6778
1191,19:14:40.700,2078,0.0149,1.6746
1192,19:14:40.701,2077,0.0144,1.6738
1193,19:14:40.701,2080,0.0159,1.6762
1194,19:14:40.702,2080,0.0159,1.6762
1195,19:14:40.702,2085,0.0183,1.6802
1196,19:14:40.703,2083,0.0173,1.6786
1197,19:14:40.703,2081,0.0164,1.6770
1198,19:14:40.704,2084,0.0178,1.6794
1199,19:14:40.704,2080,0.0159,1.6762
1200,19:14:40.705,2081,0.0164,1.6770
1201,19:14:40.705,2082,0.0168,1.6778
1202,19:14:40.706,2084,0.0178,1.6794
1203,19:14:40.706,2082,0.0168,1.6778
1204,19:14:40.707,2082,0.0168,1.6778
1205,19:14:40.707,2085,0.0183,1.6802
1206,19:14:40.708,2081,0.0164,1.6770
1207,19:14:40.708,2085,0.0183,1.6802
1208,19:14:40.709,2085,0.0183,1.6802
1209,19:14:40.709,2083,0.0173,1.6786
1210,19:14:40.710,2082,0.0168,1.6778
1211,19:14:40.710,2082,0.0168,1.6778
1212,19:14:40.711,2083,0.0173,1.6786
1213,19:14:40.711,2086,0.0188,1.6810
1214,19:14:40.712,2085,0.0183,1.6802
1215,19:14:40.712,2089,0.0203,1.6834
1216,19:14:40.713,2086,0.0188,1.6810
1217,19:14:40.713,2087,0.0193,1.6818
1218,19:14:40.714,2089,0.0203,1.6834
1219,19:14:40.714,2087,0.0193,1.6818
1220,19:14:40.715,2087,0.0193,1.6818
1221,19:14:40.715,2089,0.0203,1.6834
1222,19:14:40.716,2085,0.0183,1.6802
1223,19:14:40.716,2088,0.0198,1.6826
1224,19:14:40.717,2087,0.0193,1.6818
1225,19:14:40.717,2081,0.0164,1.6770
1226,19:14:40.718,2093,0.0222,1.6867
1227,19:14:40.718,2091,0.0212,1.6851
1228,19:14:40.719,2085,0.0183,1.6802
1229,19:14:40.719,2086,0.0188,1.6810
1230,19:14:40.720,2091,0.0212,1.6851
1231,19:14:40.720,2083,0.0173,1.6786
1232,19:14:40.721,2084,0.0178,1.6794
1233,19:14:40.721,2091,0.0212,1.6851
1234,19:14:40.722,2068,0.0100,1.6665
1235,19:14:40.722,2084,0.0178,1.6794
1236,19:14:40.723,2084,0.0178,1.6794
1237,19:14:40.723,2077,0.0144,1.6738
1238,19:14:40.724,2087,0.0193,1.6818
1239,19:14:40.724,2077,0.0144,1.6738
1240,19:14:40.725,2083,0.0173,1.6786
1241,19:14:40.725,2079,0.0154,1.6754
1242,19:14:40.726,2093,0.0222,1.6867
1243,19:14:40.726,2084,0.0178,1.6794
1244,19:14:40.727,2072,0.0120,1.6697
1245,19:14:40.727,2089,0.0203,1.6834
1246,19:14:40.728,2064,0.0081,1.6633
1247,19:14:40.728,2072,0.0120,1.6697
1248,19:14:40.729,2092,0.0217,1.6859
1249,19:14:40.729,2068,0.0100,1.6665
1250,19:14:40.730,2078,0.0149,1.6746
1251,19:14:40.730,2083,0.0173,1.6786
1252,19:14:40.731,2077,0.0144,1.6738
1253,19:14:40.731,2080,0.0159,1.6762
1254,19:14:40.732,2092,0.0217,1.6859
1255,19:14:40.732,2080,0.0159,1.6762
1256,19:14:40.733,2074,0.0129,1.6714
1257,19:14:40.733,2097,0.0242,1.6899
1258,19:14:40.734,2077,0.0144,1.6738
1259,19:14:40.734,2081,0.0164,1.6770
1260,19:14:40.735,2092,0.0217,1.6859
1261,19:14:40.735,2079,0.0154,1.6754
1262,19:14:40.736,2082,0.0168,1.6778
1263,19:14:40.736,2088,0.0198,1.6826
1264,19:14:40.737,2097,0.0242,1.6899
1265,19:14:40.737,2075,0.0134,1.6722
1266,19:14:40.738,2098,0.0247,1.6907
1267,19:14:40.738,2094,0.0227,1.6875
1268,19:14:40.739,2077,0.0144,1.6738
1269,19:14:40.739,2107,0.0291,1.6979
1270,19:14:40.740,2082,0.0168,1.6778
1271,19:14:40.740,2075,0.0134,1.6722
1272,19:14:40.741,2096,0.0237,1.6891
1273,19:14:40.741,2086,0.0188,1.6810
1274,19:14:40.742,2081,0.0164,1.6770
1275,19:14:40.742,2089,0.0203,1.6834
1276,19:14:40.743,2087,0.0193,1.6818
1277,19:14:40.743,2078,0.0149,1.6746
1278,19:14:40.744,2095,0.0232,1.6883
1279,19:14:40.744,2092,0.0217,1.6859
1280,19:14:40.745,2075,0.0134,1.6722
1281,19:14:40.745,2091,0.0212,1.6851
1282,19:14:40.746,2080,0.0159,1.6762
1283,19:14:40.746,2070,0.0110,1.6681
1284,19:14:40.747,2078,0.0149,1.6746
1285,19:14:40.747,2078,0.0149,1.6746
1286,19:14:40.748,2068,0.0100,1.6665
1287,19:14:40.748,2068,0.0100,1.6665
1288,19:14:40.749,2086,0.0188,1.6810
1289,19:14:40.749,2060,0.0061,1.6601
1290,19:14:40.750,2072,0.0120,1.6697
1291,19:14:40.750,2083,0.0173,1.6786
1292,19:14:40.751,2055,0.0037,1.6560
1293,19:14:40.751,2081,0.0164,1.6770
1294,19:14:40.752,2074,0.0129,1.6714
1295,19:14:40.752,2062,0.0071,1.6617
1296,19:14:40.753,2071,0.0115,1.6689
1297,19:14:40.753,2075,0.0134,1.6722
1298,19:14:40.754,2065,0.0085,1.6641
1299,19:14:40.754,2063,0.0076,1.6625
1300,19:14:40.755,2079,0.0154,1.6754
1301,19:14:40.755,2058,0.0051,1.6585
1302,19:14:40.756,2071,0.0115,1.6689
1303,19:14:40.756,2079,0.0154,1.6754
1304,19:14:40.757,2061,0.0066,1.6609
1305,19:14:40.757,2070,0.0110,1.6681
1306,19:14:40.758,2069,0.0105,1.6673
1307,19:14:40.758,2061,0.0066,1.6609
1308,19:14:40.759,2062,0.0071,1.6617
1309,19:14:40.759,2073,0.0125,1.6705
1310,19:14:40.760,2069,0.0105,1.6673
1311,19:14:40.760,2059,0.0056,1.6593
1312,19:14:40.761,2077,0.0144,1.6738
1313,19:14:40.761,2063,0.0076,1.6625
1314,19:14:40.762,2062,0.0071,1.6617
1315,19:14:40.762,2075,0.0134,1.6722
1316,19:14:40.763,2055,0.0037,1.6560
1317,19:14:40.763,2061,0.0066,1.6609
1318,19:14:40.764,2066,0.0090,1.6649
1319,19:14:40.764,2056,0.0042,1.6568
1320,19:14:40.765,2055,0.0037,1.6560
1321,19:14:40.765,2069,0.0105,1.6673
1322,19:14:40.766,2061,0.0066,1.6609
1323,19:14:40.766,2056,0.0042,1.6568
1324,19:14:40.767,2077,0.0144,1.6738
1325,19:14:40.767,2064,0.0081,1.6633
1326,19:14:40.768,2062,0.0071,1.6617
1327,19:14:40.768,2072,0.0120,1.6697
1328,19:14:40.769,2063,0.0076,1.6625
1329,19:14:40.769,2061,0.0066,1.6609
1330,19:14:40.770,2066,0.0090,1.6649
1331,19:14:40.770,2068,0.0100,1.6665
1332,19:14:40.771,2056,0.0042,1.6568
1333,19:14:40.771,2076,0.0139,1.6730
1334,19:14:40.772,2070,0.0110,1.6681
1335,19:14:40.772,2056,0.0042,1.6568
1336,19:14:40.773,2079,0.0154,1.6754
1337,19:14:40.773,2068,0.0100,1.6665
1338,19:14:40.774,2061,0.0066,1.6609
1339,19:14:40.774,2079,0.0154,1.6754
1340,19:14:40.775,2070,0.0110,1.6681
1341,19:14:40.775,2064,0.0081,1.6633
1342,19:14:40.776,2073,0.0125,1.6705
1343,19:14:40.776,2076,0.0139,1.6730
1344,19:14:40.777,2065,0.0085,1.6641
1345,19:14:40.777,2076,0.0139,1.6730
1346,19:14:40.778,2077,0.0144,1.6738
1347,19:14:40.778,2062,0.0071,1.6617
1348,19:14:40.779,2077,0.0144,1.6738
1349,19:14:40.779,2075,0.0134,1.6722
1350,19:14:40.780,2067,0.0095,1.6657
1351,19:14:40.780,2076,0.0139,1.6730
1352,19:14:40.781,2073,0.0125,1.6705
1353,19:14:40.781,2063,0.0076,1.6625
1354,19:14:40.782,2064,0.0081,1.6633
1355,19:14:40.782,2076,0.0139,1.6730
1356,19:14:40.783,2066,0.0090,1.6649
1357,19:14:40.783,2078,0.0149,1.6746
1358,19:14:40.784,2086,0.0188,1.6810
1359,19:14:40.784,2067,0.0095,1.6657
1360,19:14:40.785,2077,0.0144,1.6738
1361,19:14:40.785,2076,0.0139,1.6730
1362,19:14:40.786,2065,0.0085,1.6641
1363,19:14:40.786,2075,0.0134,1.6722
1364,19:14:40.787,2078,0.0149,1.6746
1365,19:14:40.787,2073,0.0125,1.6705
1366,19:14:40.788,2072,0.0120,1.6697
1367,19:14:40.788,2088,0.0198,1.6826
1368,19:14:40.789,2077,0.0144,1.6738
1369,19:14:40.789,2081,0.0164,1.6770
1370,19:14:40.790,2092,0.0217,1.6859
1371,19:14:40.790,2078,0.0149,1.6746
1372,19:14:40.791,2085,0.0183,1.6802
1373,19:14:40.791,2089,0.0203,1.6834
1374,19:14:40.792,2079,0.0154,1.6754
1375,19:14:40.792,2078,0.0149,1.6746
1376,19:14:40.793,2090,0.0208,1.6842
1377,19:14:40.793,2079,0.0154,1.6754
1378,19:14:40.794,2072,0.0120,1.6697
1379,19:14:40.794,2087,0.0193,1.6818
1380,19:14:40.795,2077,0.0144,1.6738
1381,19:14:40.795,2072,0.0120,1.6697
1382,19:14:40.796,2086,0.0188,1.6810
1383,19:14:40.796,2073,0.0125,1.6705
1384,19:14:40.797,2070,0.0110,1.6681
1385,19:14:40.797,2080,0.0159,1.6762
1386,19:14:40.798,2070,0.0110,1.6681
1387,19:14:40.798,2071,0.0115,1.6689
1388,19:14:40.799,2083,0.0173,1.6786
1389,19:14:40.799,2075,0.0134,1.6722
1390,19:14:40.800,2070,0.0110,1.6681
1391,19:14:40.800,2078,0.0149,1.6746
1392,19:14:40.801,2074,0.0129,1.6714
1393,19:14:40.801,2062,0.0071,1.6617
1394,19:14:40.802,2070,0.0110,1.6681
1395,19:14:40.802,2070,0.0110,1.6681
1396,19:14:40.803,2062,0.0071,1.6617
1397,19:14:40.803,2075,0.0134,1.6722
1398,19:14:40.804,2075,0.0134,1.6722
1399,19:14:40.804,2066,0.0090,1.6649
1400,19:14:40.805,2082,0.0168,1.6778
1401,19:14:40.805,2078,0.0149,1.6746
1402,19:14:40.806,2067,0.0095,1.6657
1403,19:14:40.806,2076,0.0139,1.6730
1404,19:14:40.807,2071,0.0115,1.6689
1405,19:14:40.807,2063,0.0076,1.6625
1406,19:14:40.808,2072,0.0120,1.6697
1407,19:14:40.808,2071,0.0115,1.6689
1408,19:14:40.809,2064,0.0081,1.6633
1409,19:14:40.809,2072,0.0120,1.6697
1410,19:14:40.810,2076,0.0139,1.6730
1411,19:14:40.810,2069,0.0105,1.6673
1412,19:14:40.811,2073,0.0125,1.6705
1413,19:14:40.811,2078,0.0149,1.6746
1414,19:14:40.812,2065,0.0085,1.6641
1415,19:14:40.812,2071,0.0115,1.6689
1416,19:14:40.813,2072,0.0120,1.6697
1417,19:14:40.813,2067,0.0095,1.6657
1418,19:14:40.814,2063,0.0076,1.6625
1419,19:14:40.814,2068,0.0100,1.6665
1420,19:14:40.815,2062,0.0071,1.6617
1421,19:14:40.815,2069,0.0105,1.6673
1422,19:14:40.816,2077,0.0144,1.6738
1423,19:14:40.816,2063,0.0076,1.6625
1424,19:14:40.817,2067,0.0095,1.6657
1425,19:14:40.817,2071,0.0115,1.6689
1426,19:14:40.818,2059,0.0056,1.6593
1427,19:14:40.818,2062,0.0071,1.6617
1428,19:14:40.819,2066,0.0090,1.6649
1429,19:14:40.819,2063,0.0076,1.6625
1430,19:14:40.820,2057,0.0046,1.6577
1431,19:14:40.820,2069,0.0105,1.6673
1432,19:14:40.821,2060,0.0061,1.6601
1433,19:14:40.821,2058,0.0051,1.6585
1434,19:14:40.822,2074,0.0129,1.6714
1435,19:14:40.822,2060,0.0061,1.6601
1436,19:14:40.823,2062,0.0071,1.6617
1437,19:14:40.823,2072,0.0120,1.6697
1438,19:14:40.824,2066,0.0090,1.6649
1439,19:14:40.824,2060,0.0061,1.6601
1440,19:14:40.825,2070,0.0110,1.6681
1441,19:14:40.825,2068,0.0100,1.6665
1442,19:14:40.826,2060,0.0061,1.6601
1443,19:14:40.826,2074,0.0129,1.6714
1444,19:14:40.827,2066,0.0090,1.6649
1445,19:14:40.827,2066,0.0090,1.6649
1446,19:14:40.828,2078,0.0149,1.6746
1447,19:14:40.828,2072,0.0120,1.6697
1448,19:14:40.829,2066,0.0090,1.6649
1449,19:14:40.829,2074,0.0129,1.6714
1450,19:14:40.830,2071,0.0115,1.6689
1451,19:14:40.830,2064,0.0081,1.6633
1452,19:14:40.831,2071,0.0115,1.6689
1453,19:14:40.831,2073,0.0125,1.6705
1454,19:14:40.832,2062,0.0071,1.6617
1455,19:14:40.832,2075,0.0134,1.6722
1456,19:14:40.833,2072,0.0120,1.6697
1457,19:14:40.833,2061,0.0066,1.6609
1458,19:14:40.834,2077,0.0144,1.6738
1459,19:14:40.834,2072,0.0120,1.6697
1460,19:14:40.835,2066,0.0090,1.6649
1461,19:14:40.835,2070,0.0110,1.6681
1462,19:14:40.836,2069,0.0105,1.6673
1463,19:14:40.836,2063,0.0076,1.6625
1464,19:14:40.837,2067,0.0095,1.6657
1465,19:14:40.837,2075,0.0134,1.6722
1466,19:14:40.838,2062,0.0071,1.6617
1467,19:14:40.838,2070,0.0110,1.6681
1468,19:14:40.839,2074,0.0129,1.6714
1469,19:14:40.839,2063,0.0076,1.6625
1470,19:14:40.840,2072,0.0120,1.6697
1471,19:14:40.840,2073,0.0125,1.6705
1472,19:14:40.841,2065,0.0085,1.6641
1473,19:14:40.841,2069,0.0105,1.6673
1474,19:14:40.842,2072,0.0120,1.6697
1475,19:14:40.842,2059,0.0056,1.6593
1476,19:14:40.843,2065,0.0085,1.6641
1477,19:14:40.843,2075,0.0134,1.6722
1478,19:14:40.844,2063,0.0076,1.6625
1479,19:14:40.844,2072,0.0120,1.6697
1480,19:14:40.845,2077,0.0144,1.6738
1481,19:14:40.845,2069,0.0105,1.6673
1482,19:14:40.846,2076,0.0139,1.6730
1483,19:14:40.846,2079,0.0154,1.6754
1484,19:14:40.847,2075,0.0134,1.6722
1485,19:14:40.847,2068,0.0100,1.6665
1486,19:14:40.848,2076,0.0139,1.6730
1487,19:14:40.848,2067,0.0095,1.6657
1488,19:14:40.849,2066,0.0090,1.6649
1489,19:14:40.849,2079,0.0154,1.6754
1490,19:14:40.850,2068,0.0100,1.6665
1491,19:14:40.850,2069,0.0105,1.6673
1492,19:14:40.851,2078,0.0149,1.6746
1493,19:14:40.851,2070,0.0110,1.6681
1494,19:14:40.852,2072,0.0120,1.6697
1495,19:14:40.852,2078,0.0149,1.6746
1496,19:14:40.853,2072,0.0120,1.6697
1497,19:14:40.853,2067,0.0095,1.6657
1498,19:14:40.854,2078,0.0149,1.6746
1499,19:14:40.854,2069,0.0105,1.6673
1500,19:14:40.855,2067,0.0095,1.6657
1501,19:14:40.855,2079,0.0154,1.6754
1502,19:14:40.856,2069,0.0105,1.6673
1503,19:14:40.856,2072,0.0120,1.6697
1504,19:14:40.857,2078,0.0149,1.6746
1505,19:14:40.857,2073,0.0125,1.6705
1506,19:14:40.858,2068,0.0100,1.6665
1507,19:14:40.858,2077,0.0144,1.6738
1508,19:14:40.859,2076,0.0139,1.6730
1509,19:14:40.859,2067,0.0095,1.6657
1510,19:14:40.860,2073,0.0125,1.6705
1511,19:14:40.860,2074,0.0129,1.6714
1512,19:14:40.861,2064,0.0081,1.6633
1513,19:14:40.861,2079,0.0154,1.6754
1514,19:14:40.862,2070,0.0110,1.6681
1515,19:14:40.862,2074,0.0129,1.6714
1516,19:14:40.863,2082,0.0168,1.6778
1517,19:14:40.863,2078,0.0149,1.6746
1518,19:14:40.864,2070,0.0110,1.6681
1519,19:14:40.864,2081,0.0164,1.6770
1520,19:14:40.865,2079,0.0154,1.6754
1521,19:14:40.865,2070,0.0110,1.6681
1522,19:14:40.866,2078,0.0149,1.6746
1523,19:14:40.866,2075,0.0134,1.6722
1524,19:14:40.867,2070,0.0110,1.6681
1525,19:14:40.867,2077,0.0144,1.6738
1526,19:14:40.868,2068,0.0100,1.6665
1527,19:14:40.868,2078,0.0149,1.6746
1528,19:14:40.869,2070,0.0110,1.6681
1529,19:14:40.869,2064,0.0081,1.6633
1530,19:14:40.870,2054,0.0032,1.6552
1531,19:14:40.870,2058,0.0051,1.6585
1532,19:14:40.871,2057,0.0046,1.6577
1533,19:14:40.871,2048,0.0002,1.6504
1534,19:14:40.872,2053,0.0027,1.6544
1535,19:14:40.872,2052,0.0022,1.6536
1536,19:14:40.873,2050,0.0012,1.6520
1537,19:14:40.873,2055,0.0037,1.6560
1538,19:14:40.874,2055,0.0037,1.6560
1539,19:14:40.874,2040,-0.0037,1.6440
1540,19:14:40.875,2046,-0.0007,1.6488
1541,19:14:40.875,2045,-0.0012,1.6480
1542,19:14:40.876,2037,-0.0051,1.6415
1543,19:14:40.876,2042,-0.0027,1.6456
1544,19:14:40.877,2049,0.0007,1.6512
1545,19:14:40.877,2042,-0.0027,1.6456
1546,19:14:40.878,2036,-0.0056,1.6407
1547,19:14:40.878,2035,-0.0061,1.6399
1548,19:14:40.879,2031,-0.0081,1.6367
1549,19:14:40.879,2032,-0.0076,1.6375
1550,19:14:40.880,2035,-0.0061,1.6399
1551,19:14:40.880,2029,-0.0090,1.6351
1552,19:14:40.881,2036,-0.0056,1.6407
1553,19:14:40.881,2042,-0.0027,1.6456
1554,19:14:40.882,2034,-0.0066,1.6391
1555,19:14:40.882,2034,-0.0066,1.6391
1556,19:14:40.883,2042,-0.0027,1.6456
1557,19:14:40.883,2033,-0.0071,1.6383
1558,19:14:40.884,2033,-0.0071,1.6383
1559,19:14:40.884,2036,-0.0056,1.6407
1560,19:14:40.885,2032,-0.0076,1.6375
1561,19:14:40.885,2032,-0.0076,1.6375
1562,19:14:40.886,2038,-0.0046,1.6423
1563,19:14:40.886,2031,-0.0081,1.6367
1564,19:14:40.887,2027,-0.0100,1.6335
1565,19:14:40.887,2034,-0.0066,1.6391
1566,19:14:40.888,2030,-0.0085,1.6359
1567,19:14:40.888,2032,-0.0076,1.6375
1568,19:14:40.889,2034,-0.0066,1.6391
1569,19:14:40.889,2028,-0.0095,1.6343
1570,19:14:40.890,2025,-0.0110,1.6319
1571,19:14:40.890,2023,-0.0120,1.6303
1572,19:14:40.891,2020,-0.0134,1.6278
1573,19:14:40.891,2021,-0.0129,1.6286
1574,19:14:40.892,2025,-0.0110,1.6319
1575,19:14:40.892,2021,-0.0129,1.6286
1576,19:14:40.893,2016,-0.0154,1.6246
1577,19:14:40.893,2018,-0.0144,1.6262
1578,19:14:40.894,2016,-0.0154,1.6246
1579,19:14:40.894,2015,-0.0159,1.6238
1580,19:14:40.895,2017,-0.0149,1.6254
1581,19:14:40.895,2015,-0.0159,1.6238
1582,19:14:40.896,2004,-0.0212,1.6149
1583,19:14:40.896,2008,-0.0193,1.6182
1584,19:14:40.897,2004,-0.0212,1.6149
1585,19:14:40.897,1999,-0.0237,1.6109
1586,19:14:40.898,2003,-0.0217,1.6141
1587,19:14:40.898,2003,-0.0217,1.6141
1588,19:14:40.899,1995,-0.0256,1.6077
1589,19:14:40.899,2000,-0.0232,1.6117
1590,19:14:40.900,2003,-0.0217,1.6141
1591,19:14:40.900,1998,-0.0242,1.6101
1592,19:14:40.901,2001,-0.0227,1.6125
1593,19:14:40.901,2003,-0.0217,1.6141
1594,19:14:40.902,1995,-0.0256,1.6077
1595,19:14:40.902,1997,-0.0247,1.6093
1596,19:14:40.903,2008,-0.0193,1.6182
1597,19:14:40.903,2002,-0.0222,1.6133
1598,19:14:40.904,2002,-0.0222,1.6133
1599,19:14:40.904,2008,-0.0193,1.6182
1600,19:14:40.905,1999,-0.0237,1.6109
1601,19:14:40.905,2001,-0.0227,1.6125
1602,19:14:40.906,2004,-0.0212,1.6149
1603,19:14:40.906,2005,-0.0208,1.6158
1604,19:14:40.907,2006,-0.0203,1.6166
1605,19:14:40.907,2011,-0.0178,1.6206
1606,19:14:40.908,2001,-0.0227,1.6125
1607,19:14:40.908,2001,-0.0227,1.6125
1608,19:14:40.909,2009,-0.0188,1.6190
1609,19:14:40.909,2000,-0.0232,1.6117
1610,19:14:40.910,1997,-0.0247,1.6093
1611,19:14:40.910,2008,-0.0193,1.6182
1612,19:14:40.911,2002,-0.0222,1.6133
1613,19:14:40.911,2003,-0.0217,1.6141
1614,19:14:40.912,2009,-0.0188,1.6190
1615,19:14:40.912,2007,-0.0198,1.6174
1616,19:14:40.913,2000,-0.0232,1.6117
1617,19:14:40.913,2001,-0.0227,1.6125
1618,19:14:40.914,1999,-0.0237,1.6109
1619,19:14:40.914,1992,-0.0271,1.6053
1620,19:14:40.915,2003,-0.0217,1.6141
1621,19:14:40.915,1995,-0.0256,1.6077
1622,19:14:40.916,1992,-0.0271,1.6053
1623,19:14:40.916,2000,-0.0232,1.6117
1624,19:14:40.917,1995,-0.0256,1.6077
1625,19:14:40.917,1993,-0.0266,1.6061
1626,19:14:40.918,1998,-0.0242,1.6101
1627,19:14:40.918,2002,-0.0222,1.6133
1628,19:14:40.919,1999,-0.0237,1.6109
1629,19:14:40.919,2013,-0.0168,1.6222
1630,19:14:40.920,2015,-0.0159,1.6238
1631,19:14:40.920,2001,-0.0227,1.6125
1632,19:14:40.921,2014,-0.0164,1.6230
1633,19:14:40.921,2013,-0.0168,1.6222
1634,19:14:40.922,2006,-0.0203,1.6166
1635,19:14:40.922,2018,-0.0144,1.6262
1636,19:14:40.923,2018,-0.0144,1.6262
1637,19:14:40.923,2013,-0.0168,1.6222
1638,19:14:40.924,2019,-0.0139,1.6270
1639,19:14:40.924,2026,-0.0105,1.6327
1640,19:14:40.925,2019,-0.0139,1.6270
1641,19:14:40.925,2019,-0.0139,1.6270
1642,19:14:40.926,2019,-0.0139,1.6270
1643,19:14:40.926,2011,-0.0178,1.6206
1644,19:14:40.927,2023,-0.0120,1.6303
1645,19:14:40.927,2026,-0.0105,1.6327
1646,19:14:40.928,2022,-0.0125,1.6295
1647,19:14:40.928,2032,-0.0076,1.6375
1648,19:14:40.929,2030,-0.0085,1.6359
1649,19:14:40.929,2021,-0.0129,1.6286
1650,19:14:40.930,2030,-0.0085,1.6359
1651,19:14:40.930,2039,-0.0042,1.6432
1652,19:14:40.931,2028,-0.0095,1.6343
1653,19:14:40.931,2028,-0.0095,1.6343
1654,19:14:40.932,2031,-0.0081,1.6367
1655,19:14:40.932,2023,-0.0120,1.6303
1656,19:14:40.933,2031,-0.0081,1.6367
1657,19:14:40.933,2033,-0.0071,1.6383
1658,19:14:40.934,2026,-0.0105,1.6327
1659,19:14:40.934,2031,-0.0081,1.6367
1660,19:14:40.935,2031,-0.0081,1.6367
1661,19:14:40.935,2022,-0.0125,1.6295
1662,19:14:40.936,2025,-0.0110,1.6319
1663,19:14:40.936,2036,-0.0056,1.6407
1664,19:14:40.937,2023,-0.0120,1.6303
1665,19:14:40.937,2026,-0.0105,1.6327
1666,19:14:40.938,2031,-0.0081,1.6367
1667,19:14:40.938,2023,-0.0120,1.6303
1668,19:14:40.939,2027,-0.0100,1.6335
1669,19:14:40.939,2032,-0.0076,1.6375
1670,19:14:40.940,2024,-0.0115,1.6311
1671,19:14:40.940,2029,-0.0090,1.6351
1672,19:14:40.941,2033,-0.0071,1.6383
1673,19:14:40.941,2026,-0.0105,1.6327
1674,19:14:40.942,2030,-0.0085,1.6359
1675,19:14:40.942,2041,-0.0032,1.6448
1676,19:14:40.943,2034,-0.0066,1.6391
1677,19:14:40.943,2033,-0.0071,1.6383
1678,19:14:40.944,2037,-0.0051,1.6415
1679,19:14:40.944,2036,-0.0056,1.6407
1680,19:14:40.945,2036,-0.0056,1.6407
1681,19:14:40.945,2041,-0.0032,1.6448
1682,19:14:40.946,2037,-0.0051,1.6415
1683,19:14:40.946,2035,-0.0061,1.6399
1684,19:14:40.947,2044,-0.0017,1.6472
1685,19:14:40.947,2041,-0.0032,1.6448
1686,19:14:40.948,2040,-0.0037,1.6440
1687,19:14:40.948,2052,0.0022,1.6536
1688,19:14:40.949,2045,-0.0012,1.6480
1689,19:14:40.949,2041,-0.0032,1.6448
1690,19:14:40.950,2050,0.0012,1.6520
1691,19:14:40.950,2040,-0.0037,1.6440
1692,19:14:40.951,2044,-0.0017,1.6472
1693,19:14:40.951,2048,0.0002,1.6504
1694,19:14:40.952,2045,-0.0012,1.6480
1695,19:14:40.952,2040,-0.0037,1.6440
1696,19:14:40.953,2046,-0.0007,1.6488
1697,19:14:40.953,2042,-0.0027,1.6456
1698,19:14:40.954,2040,-0.0037,1.6440
1699,19:14:40.954,2050,0.0012,1.6520
1700,19:14:40.955,2048,0.0002,1.6504
1701,19:14:40.955,2040,-0.0037,1.6440
1702,19:14:40.956,2051,0.0017,1.6528
1703,19:14:40.956,2043,-0.0022,1.6464
1704,19:14:40.957,2043,-0.0022,1.6464
1705,19:14:40.957,2052,0.0022,1.6536
1706,19:14:40.958,2048,0.0002,1.6504
1707,19:14:40.958,2043,-0.0022,1.6464
1708,19:14:40.959,2050,0.0012,1.6520
1709,19:14:40.959,2052,0.0022,1.6536
1710,19:14:40.960,2045,-0.0012,1.6480
1711,19:14:40.960,2057,0.0046,1.6577
1712,19:14:40.961,2054,0.0032,1.6552
1713,19:14:40.961,2053,0.0027,1.6544
1714,19:14:40.962,2057,0.0046,1.6577
1715,19:14:40.962,2060,0.0061,1.6601
1716,19:14:40.963,2057,0.0046,1.6577
1717,19:14:40.963,2061,0.0066,1.6609
1718,19:14:40.964,2063,0.0076,1.6625
1719,19:14:40.964,2061,0.0066,1.6609
1720,19:14:40.965,2065,0.0085,1.6641
1721,19:14:40.965,2064,0.0081,1.6633
1722,19:14:40.966,2064,0.0081,1.6633
1723,19:14:40.966,2071,0.0115,1.6689
1724,19:14:40.967,2070,0.0110,1.6681
1725,19:14:40.967,2068,0.0100,1.6665
1726,19:14:40.968,2070,0.0110,1.6681
1727,19:14:40.968,2070,0.0110,1.6681
1728,19:14:40.969,2069,0.0105,1.6673
1729,19:14:40.969,2065,0.0085,1.6641
1730,19:14:40.970,2069,0.0105,1.6673
1731,19:14:40.970,2064,0.0081,1.6633
1732,19:14:40.971,2066,0.0090,1.6649
1733,19:14:40.971,2071,0.0115,1.6689
1734,19:14:40.972,2069,0.0105,1.6673
1735,19:14:40.972,2077,0.0144,1.6738
1736,19:14:40.973,2073,0.0125,1.6705
1737,19:14:40.973,2071,0.0115,1.6689
1738,19:14:40.974,2067,0.0095,1.6657
1739,19:14:40.974,2068,0.0100,1.6665
1740,19:14:40.975,2071,0.0115,1.6689
1741,19:14:40.975,2070,0.0110,1.6681
1742,19:14:40.976,2068,0.0100,1.6665
1743,19:14:40.976,2071,0.0115,1.6689
1744,19:14:40.977,2069,0.0105,1.6673
1745,19:14:40.977,2069,0.0105,1.6673
1746,19:14:40.978,2071,0.0115,1.6689
1747,19:14:40.978,2071,0.0115,1.6689
1748,19:14:40.979,2070,0.0110,1.6681
1749,19:14:40.979,2069,0.0105,1.6673
1750,19:14:40.980,2070,0.0110,1.6681
1751,19:14:40.980,2072,0.0120,1.6697
1752,19:14:40.981,2069,0.0105,1.6673
1753,19:14:40.981,2069,0.0105,1.6673
1754,19:14:40.982,2070,0.0110,1.6681
1755,19:14:40.982,2072,0.0120,1.6697
1756,19:14:40.983,2071,0.0115,1.6689
1757,19:14:40.983,2074,0.0129,1.6714
1758,19:14:40.984,2073,0.0125,1.6705
1759,19:14:40.984,2074,0.0129,1.6714
1760,19:14:40.985,2076,0.0139,1.6730
1761,19:14:40.985,2077,0.0144,1.6738
1762,19:14:40.986,2076,0.0139,1.6730
1763,19:14:40.986,2077,0.0144,1.6738
1764,19:14:40.987,2079,0.0154,1.6754
1765,19:14:40.987,2077,0.0144,1.6738
1766,19:14:40.988,2074,0.0129,1.6714
1767,19:14:40.988,2076,0.0139,1.6730
1768,19:14:40.989,2079,0.0154,1.6754
1769,19:14:40.989,2078,0.0149,1.6746
1770,19:14:40.990,2076,0.0139,1.6730
1771,19:14:40.990,2076,0.0139,1.6730
1772,19:14:40.991,2079,0.0154,1.6754
1773,19:14:40.991,2074,0.0129,1.6714
1774,19:14:40.992,2077,0.0144,1.6738
1775,19:14:40.992,2078,0.0149,1.6746
1776,19:14:40.993,2078,0.0149,1.6746
1777,19:14:40.993,2077,0.0144,1.6738
1778,19:14:40.994,2080,0.0159,1.6762
1779,19:14:40.994,2081,0.0164,1.6770
1780,19:14:40.995,2076,0.0139,1.6730
1781,19:14:40.995,2079,0.0154,1.6754
1782,19:14:40.996,2079,0.0154,1.6754
1783,19:14:40.996,2077,0.0144,1.6738
1784,19:14:40.997,2079,0.0154,1.6754
1785,19:14:40.997,2077,0.0144,1.6738
1786,19:14:40.998,2076,0.0139,1.6730
1787,19:14:40.998,2076,0.0139,1.6730
1788,19:14:40.999,2075,0.0134,1.6722
1789,19:14:40.999,2072,0.0120,1.6697
1790,19:14:41.000,2072,0.0120,1.6697
1791,19:14:41.000,2072,0.0120,1.6697
1792,19:14:41.001,2075,0.0134,1.6722
1793,19:14:41.001,2069,0.0105,1.6673
1794,19:14:41.002,2071,0.0115,1.6689
1795,19:14:41.002,2070,0.0110,1.6681
1796,19:14:41.003,2071,0.0115,1.6689
1797,19:14:41.003,2069,0.0105,1.6673
1798,19:14:41.004,2069,0.0105,1.6673
1799,19:14:41.004,2068,0.0100,1.6665
1800,19:14:41.005,2067,0.0095,1.6657
1801,19:14:41.005,2069,0.0105,1.6673
1802,19:14:41.006,2067,0.0095,1.6657
1803,19:14:41.006,2070,0.0110,1.6681
1804,19:14:41.007,2069,0.0105,1.6673
1805,19:14:41.007,2064,0.0081,1.6633
1806,19:14:41.008,2067,0.0095,1.6657
1807,19:14:41.008,2070,0.0110,1.6681
1808,19:14:41.009,2068,0.0100,1.6665
1809,19:14:41.009,2065,0.0085,1.6641
1810,19:14:41.010,2065,0.0085,1.6641
1811,19:14:41.010,2064,0.0081,1.6633
1812,19:14:41.011,2069,0.0105,1.6673
1813,19:14:41.011,2069,0.0105,1.6673
1814,19:14:41.012,2067,0.0095,1.6657
1815,19:14:41.012,2070,0.0110,1.6681
1816,19:14:41.013,2069,0.0105,1.6673
1817,19:14:41.013,2071,0.0115,1.6689
1818,19:14:41.014,2072,0.0120,1.6697
1819,19:14:41.014,2072,0.0120,1.6697
1820,19:14:41.015,2069,0.0105,1.6673
1821,19:14:41.015,2070,0.0110,1.6681
1822,19:14:41.016,2069,0.0105,1.6673
1823,19:14:41.016,2071,0.0115,1.6689
1824,19:14:41.017,2072,0.0120,1.6697
1825,19:14:41.017,2070,0.0110,1.6681
1826,19:14:41.018,2072,0.0120,1.6697
1827,19:14:41.018,2074,0.0129,1.6714
1828,19:14:41.019,2078,0.0149,1.6746
1829,19:14:41.019,2078,0.0149,1.6746
1830,19:14:41.020,2076,0.0139,1.6730
1831,19:14:41.020,2081,0.0164,1.6770
1832,19:14:41.021,2078,0.0149,1.6746
1833,19:14:41.021,2078,0.0149,1.6746
1834,19:14:41.022,2084,0.0178,1.6794
1835,19:14:41.022,2082,0.0168,1.6778
1836,19:14:41.023,2080,0.0159,1.6762
1837,19:14:41.023,2085,0.0183,1.6802
1838,19:14:41.024,2082,0.0168,1.6778
1839,19:14:41.024,2086,0.0188,1.6810
1840,19:14:41.025,2085,0.0183,1.6802
1841,19:14:41.025,2086,0.0188,1.6810
1842,19:14:41.026,2084,0.0178,1.6794
1843,19:14:41.026,2089,0.0203,1.6834
1844,19:14:41.027,2089,0.0203,1.6834
1845,19:14:41.027,2087,0.0193,1.6818
1846,19:14:41.028,2085,0.0183,1.6802
1847,19:14:41.028,2090,0.0208,1.6842
1848,19:14:41.029,2090,0.0208,1.6842
1849,19:14:41.029,2088,0.0198,1.6826
1850,19:14:41.030,2090,0.0208,1.6842
1851,19:14:41.030,2089,0.0203,1.6834
1852,19:14:41.031,2088,0.0198,1.6826
1853,19:14:41.031,2093,0.0222,1.6867
1854,19:14:41.032,2095,0.0232,1.6883
1855,19:14:41.032,2092,0.0217,1.6859
1856,19:14:41.033,2094,0.0227,1.6875
1857,19:14:41.033,2090,0.0208,1.6842
1858,19:14:41.034,2094,0.0227,1.6875
1859,19:14:41.034,2092,0.0217,1.6859
1860,19:14:41.035,2094,0.0227,1.6875
1861,19:14:41.035,2093,0.0222,1.6867
1862,19:14:41.036,2095,0.0232,1.6883
1863,19:14:41.036,2094,0.0227,1.6875
1864,19:14:41.037,2094,0.0227,1.6875
1865,19:14:41.037,2092,0.0217,1.6859
1866,19:14:41.038,2092,0.0217,1.6859
1867,19:14:41.038,2096,0.0237,1.6891
1868,19:14:41.039,2094,0.0227,1.6875
1869,19:14:41.039,2096,0.0237,1.6891
1870,19:14:41.040,2094,0.0227,1.6875
1871,19:14:41.040,2095,0.0232,1.6883
1872,19:14:41.041,2095,0.0232,1.6883
1873,19:14:41.041,2096,0.0237,1.6891
1874,19:14:41.042,2092,0.0217,1.6859
1875,19:14:41.042,2096,0.0237,1.6891
1876,19:14:41.043,2096,0.0237,1.6891
1877,19:14:41.043,2094,0.0227,1.6875
1878,19:14:41.044,2097,0.0242,1.6899
1879,19:14:41.044,2099,0.0252,1.6915
1880,19:14:41.045,2096,0.0237,1.6891
1881,19:14:41.045,2094,0.0227,1.6875
1882,19:14:41.046,2093,0.0222,1.6867
1883,19:14:41.046,2097,0.0242,1.6899
1884,19:14:41.047,2097,0.0242,1.6899
1885,19:14:41.047,2096,0.0237,1.6891
1886,19:14:41.048,2096,0.0237,1.6891
1887,19:14:41.048,2099,0.0252,1.6915
1888,19:14:41.049,2101,0.0261,1.6931
1889,19:14:41.049,2099,0.0252,1.6915
1890,19:14:41.050,2097,0.0242,1.6899
1891,19:14:41.050,2096,0.0237,1.6891
1892,19:14:41.051,2095,0.0232,1.6883
1893,19:14:41.051,2095,0.0232,1.6883
1894,19:14:41.052,2097,0.0242,1.6899
1895,19:14:41.052,2095,0.0232,1.6883
1896,19:14:41.053,2097,0.0242,1.6899
1897,19:14:41.053,2100,0.0256,1.6923
1898,19:14:41.054,2100,0.0256,1.6923
1899,19:14:41.054,2097,0.0242,1.6899
1900,19:14:41.055,2096,0.0237,1.6891
1901,19:14:41.055,2099,0.0252,1.6915
1902,19:14:41.056,2096,0.0237,1.6891
1903,19:14:41.056,2097,0.0242,1.6899
1904,19:14:41.057,2101,0.0261,1.6931
1905,19:14:41.057,2097,0.0242,1.6899
1906,19:14:41.058,2100,0.0256,1.6923
1907,19:14:41.058,2099,0.0252,1.6915
1908,19:14:41.059,2095,0.0232,1.6883
1909,19:14:41.059,2095,0.0232,1.6883
1910,19:14:41.060,2093,0.0222,1.6867
1911,19:14:41.060,2089,0.0203,1.6834
1912,19:14:41.061,2084,0.0178,1.6794
1913,19:14:41.061,2086,0.0188,1.6810
1914,19:14:41.062,2091,0.0212,1.6851
1915,19:14:41.062,2091,0.0212,1.6851
1916,19:14:41.063,2092,0.0217,1.6859
1917,19:14:41.063,2091,0.0212,1.6851
1918,19:14:41.064,2091,0.0212,1.6851
1919,19:14:41.064,2089,0.0203,1.6834
1920,19:14:41.065,2088,0.0198,1.6826
1921,19:14:41.065,2087,0.0193,1.6818
1922,19:14:41.066,2086,0.0188,1.6810
1923,19:14:41.066,2089,0.0203,1.6834
1924,19:14:41.067,2089,0.0203,1.6834
1925,19:14:41.067,2090,0.0208,1.6842
1926,19:14:41.068,2087,0.0193,1.6818
1927,19:14:41.068,2084,0.0178,1.6794
1928,19:14:41.069,2087,0.0193,1.6818
1929,19:14:41.069,2089,0.0203,1.6834
1930,19:14:41.070,2084,0.0178,1.6794
1931,19:14:41.070,2087,0.0193,1.6818
1932,19:14:41.071,2082,0.0168,1.6778
1933,19:14:41.071,2084,0.0178,1.6794
1934,19:14:41.072,2086,0.0188,1.6810
1935,19:14:41.072,2084,0.0178,1.6794
1936,19:14:41.073,2086,0.0188,1.6810
1937,19:14:41.073,2084,0.0178,1.6794
1938,19:14:41.074,2087,0.0193,1.6818
1939,19:14:41.074,2085,0.0183,1.6802
1940,19:14:41.075,2083,0.0173,1.6786
1941,19:14:41.075,2085,0.0183,1.6802
1942,19:14:41.076,2083,0.0173,1.6786
1943,19:14:41.076,2087,0.0193,1.6818
1944,19:14:41.077,2085,0.0183,1.6802
1945,19:14:41.077,2086,0.0188,1.6810
1946,19:14:41.078,2086,0.0188,1.6810
1947,19:14:41.078,2086,0.0188,1.6810
1948,19:14:41.079,2089,0.0203,1.6834
1949,19:14:41.079,2089,0.0203,1.6834
1950,19:14:41.080,2084,0.0178,1.6794
1951,19:14:41.080,2089,0.0203,1.6834
1952,19:14:41.081,2092,0.0217,1.6859
1953,19:14:41.081,2091,0.0212,1.6851
1954,19:14:41.082,2089,0.0203,1.6834
1955,19:14:41.082,2096,0.0237,1.6891
1956,19:14:41.083,2093,0.0222,1.6867
1957,19:14:41.083,2086,0.0188,1.6810
1958,19:14:41.084,2087,0.0193,1.6818
1959,19:14:41.084,2097,0.0242,1.6899
1960,19:14:41.085,2087,0.0193,1.6818
1961,19:14:41.085,2085,0.0183,1.6802
1962,19:14:41.086,2089,0.0203,1.6834
1963,19:14:41.086,2104,0.0276,1.6955
1964,19:14:41.087,2104,0.0276,1.6955
1965,19:14:41.087,2072,0.0120,1.6697
1966,19:14:41.088,2086,0.0188,1.6810
1967,19:14:41.088,2107,0.0291,1.6979
1968,19:14:41.089,2090,0.0208,1.6842
1969,19:14:41.089,2079,0.0154,1.6754
1970,19:14:41.090,2098,0.0247,1.6907
1971,19:14:41.090,2102,0.0266,1.6939
1972,19:14:41.091,2095,0.0232,1.6883
1973,19:14:41.091,2083,0.0173,1.6786
1974,19:14:41.092,2087,0.0193,1.6818
1975,19:14:41.092,2083,0.0173,1.6786
1976,19:14:41.093,2104,0.0276,1.6955
1977,19:14:41.093,2093,0.0222,1.6867
1978,19:14:41.094,2092,0.0217,1.6859
1979,19:14:41.094,2090,0.0208,1.6842
1980,19:14:41.095,2092,0.0217,1.6859
1981,19:14:41.095,2103,0.0271,1.6947
1982,19:14:41.096,2093,0.0222,1.6867
1983,19:14:41.096,2104,0.0276,1.6955
1984,19:14:41.097,2087,0.0193,1.6818
1985,19:14:41.097,2091,0.0212,1.6851
1986,19:14:41.098,2096,0.0237,1.6891
1987,19:14:41.098,2092,0.0217,1.6859
1988,19:14:41.099,2114,0.0325,1.7036
1989,19:14:41.099,2093,0.0222,1.6867
1990,19:14:41.100,2102,0.0266,1.6939
1991,19:14:41.100,2112,0.0315,1.7020
1992,19:14:41.101,2115,0.0330,1.7044
1993,19:14:41.101,2111,0.0310,1.7012
1994,19:14:41.102,2097,0.0242,1.6899
1995,19:14:41.102,2092,0.0217,1.6859
1996,19:14:41.103,2086,0.0188,1.6810
1997,19:14:41.103,2108,0.0295,1.6988
1998,19:14:41.104,2103,0.0271,1.6947
1999,19:14:41.104,2107,0.0291,1.6979
2000,19:14:41.105,2125,0.0379,1.7125
2001,19:14:41.105,2112,0.0315,1.7020
2002,19:14:41.106,2123,0.0369,1.7108
2003,19:14:41.106,2107,0.0291,1.6979
2004,19:14:41.107,2108,0.0295,1.6988
2005,19:14:41.107,2105,0.0281,1.6963
2006,19:14:41.108,2110,0.0305,1.7004
2007,19:14:41.108,2117,0.0339,1.7060
2008,19:14:41.109,2110,0.0305,1.7004
2009,19:14:41.109,2114,0.0325,1.7036
2010,19:14:41.110,2108,0.0295,1.6988
2011,19:14:41.110,2109,0.0300,1.6996
2012,19:14:41.111,2110,0.0305,1.7004
2013,19:14:41.111,2104,0.0276,1.6955
2014,19:14:41.112,2102,0.0266,1.6939
2015,19:14:41.112,2101,0.0261,1.6931
2016,19:14:41.113,2112,0.0315,1.7020
2017,19:14:41.113,2109,0.0300,1.6996
2018,19:14:41.114,2114,0.0325,1.7036
2019,19:14:41.114,2106,0.0286,1.6971
2020,19:14:41.115,2101,0.0261,1.6931
2021,19:14:41.115,2107,0.0291,1.6979
2022,19:14:41.116,2095,0.0232,1.6883
2023,19:14:41.116,2109,0.0300,1.6996
2024,19:14:41.117,2103,0.0271,1.6947
2025,19:14:41.117,2094,0.0227,1.6875
2026,19:14:41.118,2106,0.0286,1.6971
2027,19:14:41.118,2100,0.0256,1.6923
2028,19:14:41.119,2110,0.0305,1.7004
2029,19:14:41.119,2106,0.0286,1.6971
2030,19:14:41.120,2104,0.0276,1.6955
2031,19:14:41.120,2102,0.0266,1.6939
2032,19:14:41.121,2096,0.0237,1.6891
2033,19:14:41.121,2099,0.0252,1.6915
2034,19:14:41.122,2083,0.0173,1.6786
2035,19:14:41.122,2092,0.0217,1.6859
2036,19:14:41.123,2089,0.0203,1.6834
2037,19:14:41.123,2089,0.0203,1.6834
2038,19:14:41.124,2091,0.0212,1.6851
2039,19:14:41.124,2082,0.0168,1.6778
2040,19:14:41.125,2089,0.0203,1.6834
2041,19:14:41.125,2076,0.0139,1.6730
2042,19:14:41.126,2091,0.0212,1.6851
2043,19:14:41.126,2075,0.0134,1.6722
2044,19:14:41.127,2063,0.0076,1.6625
2045,19:14:41.127,2068,0.0100,1.6665
2046,19:14:41.128,2051,0.0017,1.6528
2047,19:14:41.128,2062,0.0071,1.6617
2048,19:14:41.129,2064,0.0081,1.6633
2049,19:14:41.129,2059,0.0056,1.6593
2050,19:14:41.130,2061,0.0066,1.6609
2051,19:14:41.130,2057,0.0046,1.6577
2052,19:14:41.131,2062,0.0071,1.6617
2053,19:14:41.131,2053,0.0027,1.6544
2054,19:14:41.132,2061,0.0066,1.6609
2055,19:14:41.132,2056,0.0042,1.6568
2056,19:14:41.133,2052,0.0022,1.6536
2057,19:14:41.133,2061,0.0066,1.6609
2058,19:14:41.134,2042,-0.0027,1.6456
2059,19:14:41.134,2057,0.0046,1.6577
2060,19:14:41.135,2051,0.0017,1.6528
2061,19:14:41.135,2054,0.0032,1.6552
2062,19:14:41.136,2055,0.0037,1.6560
2063,19:14:41.136,2050,0.0012,1.6520
2064,19:14:41.137,2063,0.0076,1.6625
2065,19:14:41.137,2045,-0.0012,1.6480
2066,19:14:41.138,2063,0.0076,1.6625
2067,19:14:41.138,2059,0.0056,1.6593
2068,19:14:41.139,2050,0.0012,1.6520
2069,19:14:41.139,2061,0.0066,1.6609
2070,19:14:41.140,2043,-0.0022,1.6464
2071,19:14:41.140,2058,0.0051,1.6585
2072,19:14:41.141,2053,0.0027,1.6544
2073,19:14:41.141,2057,0.0046,1.6577
2074,19:14:41.142,2055,0.0037,1.6560
2075,19:14:41.142,2051,0.0017,1.6528
2076,19:14:41.143,2061,0.0066,1.6609
2077,19:14:41.143,2047,-0.0002,1.6496
2078,19:14:41.144,2067,0.0095,1.6657
2079,19:14:41.144,2060,0.0061,1.6601
2080,19:14:41.145,2050,0.0012,1.6520
2081,19:14:41.145,2063,0.0076,1.6625
2082,19:14:41.146,2046,-0.0007,1.6488
2083,19:14:41.146,2062,0.0071,1.6617
2084,19:14:41.147,2057,0.0046,1.6577
2085,19:14:41.147,2060,0.0061,1.6601
2086,19:14:41.148,2057,0.0046,1.6577
2087,19:14:41.148,2050,0.0012,1.6520
2088,19:14:41.149,2069,0.0105,1.6673
2089,19:14:41.149,2049,0.0007,1.6512
2090,19:14:41.150,2065,0.0085,1.6641
2091,19:14:41.150,2065,0.0085,1.6641
2092,19:14:41.151,2051,0.0017,1.6528
2093,19:14:41.151,2065,0.0085,1.6641
2094,19:14:41.152,2044,-0.0017,1.6472
2095,19:14:41.152,2060,0.0061,1.6601
2096,19:14:41.153,2061,0.0066,1.6609
2097,19:14:41.153,2060,0.0061,1.6601
2098,19:14:41.154,2063,0.0076,1.6625
2099,19:14:41.154,2052,0.0022,1.6536
2100,19:14:41.155,2072,0.0120,1.6697
2101,19:14:41.155,2050,0.0012,1.6520
2102,19:14:41.156,2069,0.0105,1.6673
2103,19:14:41.156,2064,0.0081,1.6633
2104,19:14:41.157,2055,0.0037,1.6560
2105,19:14:41.157,2067,0.0095,1.6657
2106,19:14:41.158,2048,0.0002,1.6504
2107,19:14:41.158,2064,0.0081,1.6633
2108,19:14:41.159,2062,0.0071,1.6617
2109,19:14:41.159,2067,0.0095,1.6657
2110,19:14:41.160,2062,0.0071,1.6617
2111,19:14:41.160,2052,0.0022,1.6536
2112,19:14:41.161,2073,0.0125,1.6705
2113,19:14:41.161,2056,0.0042,1.6568
2114,19:14:41.162,2068,0.0100,1.6665
2115,19:14:41.162,2075,0.0134,1.6722
2116,19:14:41.163,2055,0.0037,1.6560
2117,19:14:41.163,2066,0.0090,1.6649
2118,19:14:41.164,2052,0.0022,1.6536
2119,19:14:41.164,2066,0.0090,1.6649
2120,19:14:41.165,2062,0.0071,1.6617
2121,19:14:41.165,2066,0.0090,1.6649
2122,19:14:41.166,2066,0.0090,1.6649
2123,19:14:41.166,2053,0.0027,1.6544
2124,19:14:41.167,2071,0.0115,1.6689
2125,19:14:41.167,2060,0.0061,1.6601
2126,19:14:41.168,2067,0.0095,1.6657
2127,19:14:41.168,2070,0.0110,1.6681
2128,19:14:41.169,2053,0.0027,1.6544
2129,19:14:41.169,2063,0.0076,1.6625
2130,19:14:41.170,2058,0.0051,1.6585
2131,19:14:41.170,2074,0.0129,1.6714
2132,19:14:41.171,2070,0.0110,1.6681
2133,19:14:41.171,2073,0.0125,1.6705
2134,19:14:41.172,2069,0.0105,1.6673
2135,19:14:41.172,2052,0.0022,1.6536
2136,19:14:41.173,2076,0.0139,1.6730
2137,19:14:41.173,2062,0.0071,1.6617
2138,19:14:41.174,2076,0.0139,1.6730
2139,19:14:41.174,2086,0.0188,1.6810
2140,19:14:41.175,2068,0.0100,1.6665
2141,19:14:41.175,2073,0.0125,1.6705
2142,19:14:41.176,2065,0.0085,1.6641
2143,19:14:41.176,2073,0.0125,1.6705
2144,19:14:41.177,2074,0.0129,1.6714
2145,19:14:41.177,2080,0.0159,1.6762
2146,19:14:41.178,2079,0.0154,1.6754
2147,19:14:41.178,2064,0.0081,1.6633
2148,19:14:41.179,2085,0.0183,1.6802
2149,19:14:41.179,2076,0.0139,1.6730
2150,19:14:41.180,2086,0.0188,1.6810
2151,19:14:41.180,2087,0.0193,1.6818
2152,19:14:41.181,2071,0.0115,1.6689
2153,19:14:41.181,2080,0.0159,1.6762
2154,19:14:41.182,2072,0.0120,1.6697
2155,19:14:41.182,2076,0.0139,1.6730
2156,19:14:41.183,2080,0.0159,1.6762
2157,19:14:41.183,2084,0.0178,1.6794
2158,19:14:41.184,2090,0.0208,1.6842
2159,19:14:41.184,2072,0.0120,1.6697
2160,19:14:41.185,2088,0.0198,1.6826
2161,19:14:41.185,2084,0.0178,1.6794
2162,19:14:41.186,2084,0.0178,1.6794
2163,19:14:41.186,2093,0.0222,1.6867
2164,19:14:41.187,2075,0.0134,1.6722
2165,19:14:41.187,2088,0.0198,1.6826
2166,19:14:41.188,2081,0.0164,1.6770
2167,19:14:41.188,2087,0.0193,1.6818
2168,19:14:41.189,2082,0.0168,1.6778
2169,19:14:41.189,2086,0.0188,1.6810
2170,19:14:41.190,2090,0.0208,1.6842
2171,19:14:41.190,2078,0.0149,1.6746
2172,19:14:41.191,2088,0.0198,1.6826
2173,19:14:41.191,2086,0.0188,1.6810
2174,19:14:41.192,2092,0.0217,1.6859
2175,19:14:41.192,2089,0.0203,1.6834
2176,19:14:41.193,2070,0.0110,1.6681
2177,19:14:41.193,2085,0.0183,1.6802
2178,19:14:41.194,2077,0.0144,1.6738
2179,19:14:41.194,2084,0.0178,1.6794
2180,19:14:41.195,2078,0.0149,1.6746
2181,19:14:41.195,2084,0.0178,1.6794
2182,19:14:41.196,2085,0.0183,1.6802
2183,19:14:41.196,2076,0.0139,1.6730
2184,19:14:41.197,2080,0.0159,1.6762
2185,19:14:41.197,2080,0.0159,1.6762
2186,19:14:41.198,2083,0.0173,1.6786
2187,19:14:41.198,2087,0.0193,1.6818
2188,19:14:41.199,2069,0.0105,1.6673
2189,19:14:41.199,2074,0.0129,1.6714
2190,19:14:41.200,2073,0.0125,1.6705
2191,19:14:41.200,2078,0.0149,1.6746
2192,19:14:41.201,2074,0.0129,1.6714
2193,19:14:41.201,2078,0.0149,1.6746
2194,19:14:41.202,2077,0.0144,1.6738
2195,19:14:41.202,2073,0.0125,1.6705
2196,19:14:41.203,2073,0.0125,1.6705
2197,19:14:41.203,2076,0.0139,1.6730
2198,19:14:41.204,2074,0.0129,1.6714
2199,19:14:41.204,2075,0.0134,1.6722
2200,19:14:41.205,2061,0.0066,1.6609
2201,19:14:41.205,2065,0.0085,1.6641
2202,19:14:41.206,2067,0.0095,1.6657
2203,19:14:41.206,2068,0.0100,1.6665
2204,19:14:41.207,2065,0.0085,1.6641
2205,19:14:41.207,2069,0.0105,1.6673
2206,19:14:41.208,2067,0.0095,1.6657
2207,19:14:41.208,2063,0.0076,1.6625
2208,19:14:41.209,2062,0.0071,1.6617
2209,19:14:41.209,2067,0.0095,1.6657
2210,19:14:41.210,2066,0.0090,1.6649
2211,19:14:41.210,2066,0.0090,1.6649
2212,19:14:41.211,2056,0.0042,1.6568
2213,19:14:41.211,2059,0.0056,1.6593
2214,19:14:41.212,2056,0.0042,1.6568
2215,19:14:41.212,2056,0.0042,1.6568
2216,19:14:41.213,2063,0.0076,1.6625
2217,19:14:41.213,2062,0.0071,1.6617
2218,19:14:41.214,2056,0.0042,1.6568
2219,19:14:41.214,2062,0.0071,1.6617
2220,19:14:41.215,2062,0.0071,1.6617
2221,19:14:41.215,2067,0.0095,1.6657
2222,19:14:41.216,2068,0.0100,1.6665
2223,19:14:41.216,2068,0.0100,1.6665
2224,19:14:41.217,2052,0.0022,1.6536
2225,19:14:41.217,2054,0.0032,1.6552
2226,19:14:41.218,2058,0.0051,1.6585
2227,19:14:41.218,2060,0.0061,1.6601
2228,19:14:41.219,2061,0.0066,1.6609
2229,19:14:41.219,2067,0.0095,1.6657
2230,19:14:41.220,2059,0.0056,1.6593
2231,19:14:41.220,2060,0.0061,1.6601
2232,19:14:41.221,2058,0.0051,1.6585
2233,19:14:41.221,2060,0.0061,1.6601
2234,19:14:41.222,2071,0.0115,1.6689
2235,19:14:41.222,2068,0.0100,1.6665
2236,19:14:41.223,2055,0.0037,1.6560
2237,19:14:41.223,2055,0.0037,1.6560
2238,19:14:41.224,2062,0.0071,1.6617
2239,19:14:41.224,2054,0.0032,1.6552
2240,19:14:41.225,2060,0.0061,1.6601
2241,19:14:41.225,2062,0.0071,1.6617
2242,19:14:41.226,2053,0.0027,1.6544
2243,19:14:41.226,2058,0.0051,1.6585
2244,19:14:41.227,2058,0.0051,1.6585
2245,19:14:41.227,2061,0.0066,1.6609
2246,19:14:41.228,2068,0.0100,1.6665
2247,19:14:41.228,2056,0.0042,1.6568
2248,19:14:41.229,2051,0.0017,1.6528
2249,19:14:41.229,2052,0.0022,1.6536
2250,19:14:41.230,2056,0.0042,1.6568
2251,19:14:41.230,2050,0.0012,1.6520
2252,19:14:41.231,2058,0.0051,1.6585
2253,19:14:41.231,2066,0.0090,1.6649
2254,19:14:41.232,2045,-0.0012,1.6480
2255,19:14:41.232,2053,0.0027,1.6544
2256,19:14:41.233,2051,0.0017,1.6528
2257,19:14:41.233,2054,0.0032,1.6552
2258,19:14:41.234,2062,0.0071,1.6617
2259,19:14:41.234,2054,0.0032,1.6552
2260,19:14:41.235,2038,-0.0046,1.6423
2261,19:14:41.235,2032,-0.0076,1.6375
2262,19:14:41.236,2040,-0.0037,1.6440
2263,19:14:41.236,2040,-0.0037,1.6440
2264,19:14:41.237,2042,-0.0027,1.6456
2265,19:14:41.237,2051,0.0017,1.6528
2266,19:14:41.238,2035,-0.0061,1.6399
2267,19:14:41.238,2036,-0.0056,1.6407
2268,19:14:41.239,2036,-0.0056,1.6407
2269,19:14:41.239,2036,-0.0056,1.6407
2270,19:14:41.240,2046,-0.0007,1.6488
2271,19:14:41.240,2040,-0.0037,1.6440
2272,19:14:41.241,2028,-0.0095,1.6343
2273,19:14:41.241,2030,-0.0085,1.6359
2274,19:14:41.242,2038,-0.0046,1.6423
2275,19:14:41.242,2037,-0.0051,1.6415
2276,19:14:41.243,2038,-0.0046,1.6423
2277,19:14:41.243,2048,0.0002,1.6504
2278,19:14:41.244,2028,-0.0095,1.6343
2279,19:14:41.244,2034,-0.0066,1.6391
2280,19:14:41.245,2034,-0.0066,1.6391
2281,19:14:41.245,2034,-0.0066,1.6391
2282,19:14:41.246,2049,0.0007,1.6512
2283,19:14:41.246,2035,-0.0061,1.6399
2284,19:14:41.247,2030,-0.0085,1.6359
2285,19:14:41.247,2028,-0.0095,1.6343
2286,19:14:41.248,2033,-0.0071,1.6383
2287,19:14:41.248,2033,-0.0071,1.6383
2288,19:14:41.249,2032,-0.0076,1.6375
2289,19:14:41.249,2043,-0.0022,1.6464
2290,19:14:41.250,2029,-0.0090,1.6351
2291,19:14:41.250,2031,-0.0081,1.6367
2292,19:14:41.251,2036,-0.0056,1.6407
2293,19:14:41.251,2034,-0.0066,1.6391
2294,19:14:41.252,2049,0.0007,1.6512
2295,19:14:41.252,2042,-0.0027,1.6456
2296,19:14:41.253,2029,-0.0090,1.6351
2297,19:14:41.253,2029,-0.0090,1.6351
2298,19:14:41.254,2036,-0.0056,1.6407
2299,19:14:41.254,2038,-0.0046,1.6423
2300,19:14:41.255,2042,-0.0027,1.6456
2301,19:14:41.255,2056,0.0042,1.6568
2302,19:14:41.256,2038,-0.0046,1.6423
2303,19:14:41.256,2040,-0.0037,1.6440
2304,19:14:41.257,2039,-0.0042,1.6432
2305,19:14:41.257,2037,-0.0051,1.6415
2306,19:14:41.258,2057,0.0046,1.6577
2307,19:14:41.258,2049,0.0007,1.6512
2308,19:14:41.259,2036,-0.0056,1.6407
2309,19:14:41.259,2035,-0.0061,1.6399
2310,19:14:41.260,2048,0.0002,1.6504
2311,19:14:41.260,2042,-0.0027,1.6456
2312,19:14:41.261,2050,0.0012,1.6520
2313,19:14:41.261,2057,0.0046,1.6577
2314,19:14:41.262,2042,-0.0027,1.6456
2315,19:14:41.262,2046,-0.0007,1.6488
2316,19:14:41.263,2052,0.0022,1.6536
2317,19:14:41.263,2054,0.0032,1.6552
2318,19:14:41.264,2067,0.0095,1.6657
2319,19:14:41.264,2060,0.0061,1.6601
2320,19:14:41.265,2045,-0.0012,1.6480
2321,19:14:41.265,2051,0.0017,1.6528
2322,19:14:41.266,2051,0.0017,1.6528
2323,19:14:41.266,2054,0.0032,1.6552
2324,19:14:41.267,2057,0.0046,1.6577
2325,19:14:41.267,2068,0.0100,1.6665
2326,19:14:41.268,2052,0.0022,1.6536
2327,19:14:41.268,2056,0.0042,1.6568
2328,19:14:41.269,2066,0.0090,1.6649
2329,19:14:41.269,2062,0.0071,1.6617
2330,19:14:41.270,2076,0.0139,1.6730
2331,19:14:41.270,2069,0.0105,1.6673
2332,19:14:41.271,2058,0.0051,1.6585
2333,19:14:41.271,2057,0.0046,1.6577
2334,19:14:41.272,2063,0.0076,1.6625
2335,19:14:41.272,2063,0.0076,1.6625
2336,19:14:41.273,2067,0.0095,1.6657
2337,19:14:41.273,2070,0.0110,1.6681
2338,19:14:41.274,2062,0.0071,1.6617
2339,19:14:41.274,2064,0.0081,1.6633
2340,19:14:41.275,2071,0.0115,1.6689
2341,19:14:41.275,2065,0.0085,1.6641
2342,19:14:41.276,2076,0.0139,1.6730
2343,19:14:41.276,2072,0.0120,1.6697
2344,19:14:41.277,2063,0.0076,1.6625
2345,19:14:41.277,2065,0.0085,1.6641
2346,19:14:41.278,2067,0.0095,1.6657
2347,19:14:41.278,2068,0.0100,1.6665
2348,19:14:41.279,2069,0.0105,1.6673
2349,19:14:41.279,2074,0.0129,1.6714
2350,19:14:41.280,2067,0.0095,1.6657
2351,19:14:41.280,2068,0.0100,1.6665
2352,19:14:41.281,2073,0.0125,1.6705
2353,19:14:41.281,2069,0.0105,1.6673
2354,19:14:41.282,2083,0.0173,1.6786
2355,19:14:41.282,2077,0.0144,1.6738
2356,19:14:41.283,2067,0.0095,1.6657
2357,19:14:41.283,2066,0.0090,1.6649
2358,19:14:41.284,2070,0.0110,1.6681
2359,19:14:41.284,2069,0.0105,1.6673
2360,19:14:41.285,2073,0.0125,1.6705
2361,19:14:41.285,2078,0.0149,1.6746
2362,19:14:41.286,2072,0.0120,1.6697
2363,19:14:41.286,2069,0.0105,1.6673
2364,19:14:41.287,2074,0.0129,1.6714
2365,19:14:41.287,2077,0.0144,1.6738
2366,19:14:41.288,2084,0.0178,1.6794
2367,19:14:41.288,2080,0.0159,1.6762
2368,19:14:41.289,2063,0.0076,1.6625
2369,19:14:41.289,2073,0.0125,1.6705
2370,19:14:41.290,2071,0.0115,1.6689
2371,19:14:41.290,2071,0.0115,1.6689
2372,19:14:41.291,2073,0.0125,1.6705
2373,19:14:41.291,2076,0.0139,1.6730
2374,19:14:41.292,2072,0.0120,1.6697
2375,19:14:41.292,2071,0.0115,1.6689
2376,19:14:41.293,2074,0.0129,1.6714
2377,19:14:41.293,2075,0.0134,1.6722
2378,19:14:41.294,2085,0.0183,1.6802
2379,19:14:41.294,2082,0.0168,1.6778
2380,19:14:41.295,2061,0.0066,1.6609
2381,19:14:41.295,2070,0.0110,1.6681
2382,19:14:41.296,2072,0.0120,1.6697
2383,19:14:41.296,2073,0.0125,1.6705
2384,19:14:41.297,2080,0.0159,1.6762
2385,19:14:41.297,2075,0.0134,1.6722
2386,19:14:41.298,2069,0.0105,1.6673
2387,19:14:41.298,2069,0.0105,1.6673
2388,19:14:41.299,2075,0.0134,1.6722
2389,19:14:41.299,2079,0.0154,1.6754
2390,19:14:41.300,2085,0.0183,1.6802
2391,19:14:41.300,2078,0.0149,1.6746
2392,19:14:41.301,2062,0.0071,1.6617
2393,19:14:41.301,2071,0.0115,1.6689
2394,19:14:41.302,2070,0.0110,1.6681
2395,19:14:41.302,2066,0.0090,1.6649
2396,19:14:41.303,2076,0.0139,1.6730
2397,19:14:41.303,2074,0.0129,1.6714
2398,19:14:41.304,2073,0.0125,1.6705
2399,19:14:41.304,2073,0.0125,1.6705
2400,19:14:41.305,2067,0.0095,1.6657
2401,19:14:41.305,2074,0.0129,1.6714
2402,19:14:41.306,2081,0.0164,1.6770
2403,19:14:41.306,2075,0.0134,1.6722
2404,19:14:41.307,2058,0.0051,1.6585
2405,19:14:41.307,2068,0.0100,1.6665
2406,19:14:41.308,2069,0.0105,1.6673
2407,19:14:41.308,2063,0.0076,1.6625
2408,19:14:41.309,2076,0.0139,1.6730
2409,19:14:41.309,2072,0.0120,1.6697
2410,19:14:41.310,2070,0.0110,1.6681
2411,19:14:41.310,2070,0.0110,1.6681
2412,19:14:41.311,2070,0.0110,1.6681
2413,19:14:41.311,2075,0.0134,1.6722
2414,19:14:41.312,2078,0.0149,1.6746
2415,19:14:41.312,2080,0.0159,1.6762
2416,19:14:41.313,2063,0.0076,1.6625
2417,19:14:41.313,2074,0.0129,1.6714
2418,19:14:41.314,2072,0.0120,1.6697
2419,19:14:41.314,2067,0.0095,1.6657
2420,19:14:41.315,2075,0.0134,1.6722
2421,19:14:41.315,2075,0.0134,1.6722
2422,19:14:41.316,2074,0.0129,1.6714
2423,19:14:41.316,2076,0.0139,1.6730
2424,19:14:41.317,2072,0.0120,1.6697
2425,19:14:41.317,2077,0.0144,1.6738
2426,19:14:41.318,2084,0.0178,1.6794
2427,19:14:41.318,2085,0.0183,1.6802
2428,19:14:41.319,2066,0.0090,1.6649
2429,19:14:41.319,2070,0.0110,1.6681
2430,19:14:41.320,2078,0.0149,1.6746
2431,19:14:41.320,2069,0.0105,1.6673
2432,19:14:41.321,2081,0.0164,1.6770
2433,19:14:41.321,2078,0.0149,1.6746
2434,19:14:41.322,2069,0.0105,1.6673
2435,19:14:41.322,2075,0.0134,1.6722
2436,19:14:41.323,2078,0.0149,1.6746
2437,19:14:41.323,2083,0.0173,1.6786
2438,19:14:41.324,2083,0.0173,1.6786
2439,19:14:41.324,2080,0.0159,1.6762
2440,19:14:41.325,2065,0.0085,1.6641
2441,19:14:41.325,2072,0.0120,1.6697
2442,19:14:41.326,2079,0.0154,1.6754
2443,19:14:41.326,2068,0.0100,1.6665
2444,19:14:41.327,2077,0.0144,1.6738
2445,19:14:41.327,2076,0.0139,1.6730
2446,19:14:41.328,2074,0.0129,1.6714
2447,19:14:41.328,2078,0.0149,1.6746
2448,19:14:41.329,2074,0.0129,1.6714
2449,19:14:41.329,2074,0.0129,1.6714
2450,19:14:41.330,2083,0.0173,1.6786
2451,19:14:41.330,2082,0.0168,1.6778
2452,19:14:41.331,2065,0.0085,1.6641
2453,19:14:41.331,2067,0.0095,1.6657
2454,19:14:41.332,2076,0.0139,1.6730
2455,19:14:41.332,2069,0.0105,1.6673
2456,19:14:41.333,2080,0.0159,1.6762
2457,19:14:41.333,2071,0.0115,1.6689
2458,19:14:41.334,2063,0.0076,1.6625
2459,19:14:41.334,2071,0.0115,1.6689
2460,19:14:41.335,2076,0.0139,1.6730
2461,19:14:41.335,2083,0.0173,1.6786
2462,19:14:41.336,2090,0.0208,1.6842
2463,19:14:41.336,2083,0.0173,1.6786
2464,19:14:41.337,2068,0.0100,1.6665
2465,19:14:41.337,2071,0.0115,1.6689
2466,19:14:41.338,2075,0.0134,1.6722
2467,19:14:41.338,2066,0.0090,1.6649
2468,19:14:41.339,2076,0.0139,1.6730
2469,19:14:41.339,2080,0.0159,1.6762
2470,19:14:41.340,2078,0.0149,1.6746
2471,19:14:41.340,2081,0.0164,1.6770
2472,19:14:41.341,2076,0.0139,1.6730
2473,19:14:41.341,2071,0.0115,1.6689
2474,19:14:41.342,2080,0.0159,1.6762
2475,19:14:41.342,2075,0.0134,1.6722
2476,19:14:41.343,2062,0.0071,1.6617
2477,19:14:41.343,2066,0.0090,1.6649
2478,19:14:41.344,2078,0.0149,1.6746
2479,19:14:41.344,2074,0.0129,1.6714
2480,19:14:41.345,2086,0.0188,1.6810
2481,19:14:41.345,2076,0.0139,1.6730
2482,19:14:41.346,2066,0.0090,1.6649
2483,19:14:41.346,2070,0.0110,1.6681
2484,19:14:41.347,2073,0.0125,1.6705
2485,19:14:41.347,2081,0.0164,1.6770
2486,19:14:41.348,2085,0.0183,1.6802
2487,19:14:41.348,2077,0.0144,1.6738
2488,19:14:41.349,2070,0.0110,1.6681
2489,19:14:41.349,2071,0.0115,1.6689
2490,19:14:41.350,2075,0.0134,1.6722
2491,19:14:41.350,2066,0.0090,1.6649
2492,19:14:41.351,2072,0.0120,1.6697
2493,19:14:41.351,2073,0.0125,1.6705
2494,19:14:41.352,2069,0.0105,1.6673
2495,19:14:41.352,2072,0.0120,1.6697
2496,19:14:41.353,2065,0.0085,1.6641
2497,19:14:41.353,2069,0.0105,1.6673
2498,19:14:41.354,2072,0.0120,1.6697
2499,19:14:41.354,2068,0.0100,1.6665
2500,19:14:41.355,2057,0.0046,1.6577
2501,19:14:41.355,2054,0.0032,1.6552
2502,19:14:41.356,2057,0.0046,1.6577
2503,19:14:41.356,2064,0.0081,1.6633
2504,19:14:41.357,2068,0.0100,1.6665
2505,19:14:41.357,2068,0.0100,1.6665
2506,19:14:41.358,2055,0.0037,1.6560
2507,19:14:41.358,2058,0.0051,1.6585
2508,19:14:41.359,2065,0.0085,1.6641
2509,19:14:41.359,2070,0.0110,1.6681
2510,19:14:41.360,2069,0.0105,1.6673
2511,19:14:41.360,2055,0.0037,1.6560
2512,19:14:41.361,2051,0.0017,1.6528
2513,19:14:41.361,2061,0.0066,1.6609
2514,19:14:41.362,2063,0.0076,1.6625
2515,19:14:41.362,2055,0.0037,1.6560
2516,19:14:41.363,2055,0.0037,1.6560
2517,19:14:41.363,2062,0.0071,1.6617
2518,19:14:41.364,2063,0.0076,1.6625
2519,19:14:41.364,2057,0.0046,1.6577
2520,19:14:41.365,2055,0.0037,1.6560
2521,19:14:41.365,2061,0.0066,1.6609
2522,19:14:41.366,2066,0.0090,1.6649
2523,19:14:41.366,2061,0.0066,1.6609
2524,19:14:41.367,2055,0.0037,1.6560
2525,19:14:41.367,2058,0.0051,1.6585
2526,19:14:41.368,2059,0.0056,1.6593
2527,19:14:41.368,2059,0.0056,1.6593
2528,19:14:41.369,2057,0.0046,1.6577
2529,19:14:41.369,2056,0.0042,1.6568
2530,19:14:41.370,2061,0.0066,1.6609
2531,19:14:41.370,2056,0.0042,1.6568
2532,19:14:41.371,2055,0.0037,1.6560
2533,19:14:41.371,2058,0.0051,1.6585
2534,19:14:41.372,2062,0.0071,1.6617
2535,19:14:41.372,2053,0.0027,1.6544
2536,19:14:41.373,2053,0.0027,1.6544
2537,19:14:41.373,2054,0.0032,1.6552
2538,19:14:41.374,2058,0.0051,1.6585
2539,19:14:41.374,2057,0.0046,1.6577
2540,19:14:41.375,2052,0.0022,1.6536
2541,19:14:41.375,2053,0.0027,1.6544
2542,19:14:41.376,2057,0.0046,1.6577
2543,19:14:41.376,2053,0.0027,1.6544
2544,19:14:41.377,2049,0.0007,1.6512
2545,19:14:41.377,2055,0.0037,1.6560
2546,19:14:41.378,2056,0.0042,1.6568
2547,19:14:41.378,2054,0.0032,1.6552
2548,19:14:41.379,2052,0.0022,1.6536
2549,19:14:41.379,2052,0.0022,1.6536
2550,19:14:41.380,2052,0.0022,1.6536
2551,19:14:41.380,2051,0.0017,1.6528
2552,19:14:41.381,2048,0.0002,1.6504
2553,19:14:41.381,2048,0.0002,1.6504
2554,19:14:41.382,2051,0.0017,1.6528
2555,19:14:41.382,2049,0.0007,1.6512
2556,19:14:41.383,2051,0.0017,1.6528
2557,19:14:41.383,2051,0.0017,1.6528
2558,19:14:41.384,2048,0.0002,1.6504
2559,19:14:41.384,2050,0.0012,1.6520
2560,19:14:41.385,2051,0.0017,1.6528
2561,19:14:41.385,2052,0.0022,1.6536
2562,19:14:41.386,2049,0.0007,1.6512
2563,19:14:41.386,2051,0.0017,1.6528
2564,19:14:41.387,2049,0.0007,1.6512
2565,19:14:41.387,2045,-0.0012,1.6480
2566,19:14:41.388,2050,0.0012,1.6520
2567,19:14:41.388,2045,-0.0012,1.6480
2568,19:14:41.389,2049,0.0007,1.6512
2569,19:14:41.389,2049,0.0007,1.6512
2570,19:14:41.390,2051,0.0017,1.6528
2571,19:14:41.390,2052,0.0022,1.6536
2572,19:14:41.391,2046,-0.0007,1.6488
2573,19:14:41.391,2053,0.0027,1.6544
2574,19:14:41.392,2054,0.0032,1.6552
2575,19:14:41.392,2052,0.0022,1.6536
2576,19:14:41.393,2052,0.0022,1.6536
2577,19:14:41.393,2050,0.0012,1.6520
2578,19:14:41.394,2051,0.0017,1.6528
2579,19:14:41.394,2050,0.0012,1.6520
2580,19:14:41.395,2052,0.0022,1.6536
2581,19:14:41.395,2054,0.0032,1.6552
2582,19:14:41.396,2055,0.0037,1.6560
2583,19:14:41.396,2056,0.0042,1.6568
2584,19:14:41.397,2052,0.0022,1.6536
2585,19:14:41.397,2053,0.0027,1.6544
2586,19:14:41.398,2056,0.0042,1.6568
2587,19:14:41.398,2056,0.0042,1.6568
2588,19:14:41.399,2057,0.0046,1.6577
2589,19:14:41.399,2057,0.0046,1.6577
2590,19:14:41.400,2060,0.0061,1.6601
2591,19:14:41.400,2060,0.0061,1.6601
2592,19:14:41.401,2058,0.0051,1.6585
2593,19:14:41.401,2062,0.0071,1.6617
2594,19:14:41.402,2064,0.0081,1.6633
2595,19:14:41.402,2063,0.0076,1.6625
2596,19:14:41.403,2067,0.0095,1.6657
2597,19:14:41.403,2068,0.0100,1.6665
2598,19:14:41.404,2072,0.0120,1.6697
2599,19:14:41.404,2070,0.0110,1.6681
2600,19:14:41.405,2069,0.0105,1.6673
2601,19:14:41.405,2070,0.0110,1.6681
2602,19:14:41.406,2073,0.0125,1.6705
2603,19:14:41.406,2074,0.0129,1.6714
2604,19:14:41.407,2076,0.0139,1.6730
2605,19:14:41.407,2076,0.0139,1.6730
2606,19:14:41.408,2079,0.0154,1.6754
2607,19:14:41.408,2079,0.0154,1.6754
2608,19:14:41.409,2077,0.0144,1.6738
2609,19:14:41.409,2080,0.0159,1.6762
2610,19:14:41.410,2079,0.0154,1.6754
2611,19:14:41.410,2081,0.0164,1.6770
2612,19:14:41.411,2078,0.0149,1.6746
2613,19:14:41.411,2080,0.0159,1.6762
2614,19:14:41.412,2082,0.0168,1.6778
2615,19:14:41.412,2082,0.0168,1.6778
2616,19:14:41.413,2081,0.0164,1.6770
2617,19:14:41.413,2084,0.0178,1.6794
2618,19:14:41.414,2083,0.0173,1.6786
2619,19:14:41.414,2084,0.0178,1.6794
2620,19:14:41.415,2087,0.0193,1.6818
2621,19:14:41.415,2086,0.0188,1.6810
2622,19:14:41.416,2089,0.0203,1.6834
2623,19:14:41.416,2088,0.0198,1.6826
2624,19:14:41.417,2087,0.0193,1.6818
2625,19:14:41.417,2089,0.0203,1.6834
2626,19:14:41.418,2086,0.0188,1.6810
2627,19:14:41.418,2090,0.0208,1.6842
2628,19:14:41.419,2088,0.0198,1.6826
2629,19:14:41.419,2091,0.0212,1.6851
2630,19:14:41.420,2093,0.0222,1.6867
2631,19:14:41.420,2091,0.0212,1.6851
2632,19:14:41.421,2088,0.0198,1.6826
2633,19:14:41.421,2087,0.0193,1.6818
2634,19:14:41.422,2092,0.0217,1.6859
2635,19:14:41.422,2091,0.0212,1.6851
2636,19:14:41.423,2088,0.0198,1.6826
2637,19:14:41.423,2088,0.0198,1.6826
2638,19:14:41.424,2089,0.0203,1.6834
2639,19:14:41.424,2091,0.0212,1.6851
2640,19:14:41.425,2089,0.0203,1.6834
2641,19:14:41.425,2089,0.0203,1.6834
2642,19:14:41.426,2089,0.0203,1.6834
2643,19:14:41.426,2089,0.0203,1.6834
2644,19:14:41.427,2088,0.0198,1.6826
2645,19:14:41.427,2090,0.0208,1.6842
2646,19:14:41.428,2090,0.0208,1.6842
2647,19:14:41.428,2087,0.0193,1.6818
2648,19:14:41.429,2086,0.0188,1.6810
2649,19:14:41.429,2087,0.0193,1.6818
2650,19:14:41.430,2090,0.0208,1.6842
2651,19:14:41.430,2088,0.0198,1.6826
2652,19:14:41.431,2090,0.0208,1.6842
2653,19:14:41.431,2089,0.0203,1.6834
2654,19:14:41.432,2088,0.0198,1.6826
2655,19:14:41.432,2087,0.0193,1.6818
2656,19:14:41.433,2088,0.0198,1.6826
2657,19:14:41.433,2090,0.0208,1.6842
2658,19:14:41.434,2090,0.0208,1.6842
2659,19:14:41.434,2086,0.0188,1.6810
2660,19:14:41.435,2083,0.0173,1.6786
2661,19:14:41.435,2083,0.0173,1.6786
2662,19:14:41.436,2085,0.0183,1.6802
2663,19:14:41.436,2082,0.0168,1.6778
2664,19:14:41.437,2081,0.0164,1.6770
2665,19:14:41.437,2081,0.0164,1.6770
2666,19:14:41.438,2083,0.0173,1.6786
2667,19:14:41.438,2080,0.0159,1.6762
2668,19:14:41.439,2079,0.0154,1.6754
2669,19:14:41.439,2079,0.0154,1.6754
2670,19:14:41.440,2082,0.0168,1.6778
2671,19:14:41.440,2079,0.0154,1.6754
2672,19:14:41.441,2077,0.0144,1.6738
2673,19:14:41.441,2076,0.0139,1.6730
2674,19:14:41.442,2076,0.0139,1.6730
2675,19:14:41.442,2074,0.0129,1.6714
2676,19:14:41.443,2076,0.0139,1.6730
2677,19:14:41.443,2073,0.0125,1.6705
2678,19:14:41.444,2077,0.0144,1.6738
2679,19:14:41.444,2072,0.0120,1.6697
2680,19:14:41.445,2072,0.0120,1.6697
2681,19:14:41.445,2072,0.0120,1.6697
2682,19:14:41.446,2076,0.0139,1.6730
2683,19:14:41.446,2072,0.0120,1.6697
2684,19:14:41.447,2069,0.0105,1.6673
2685,19:14:41.447,2072,0.0120,1.6697
2686,19:14:41.448,2072,0.0120,1.6697
2687,19:14:41.448,2073,0.0125,1.6705
2688,19:14:41.449,2072,0.0120,1.6697
2689,19:14:41.449,2071,0.0115,1.6689
2690,19:14:41.450,2072,0.0120,1.6697
2691,19:14:41.450,2071,0.0115,1.6689
2692,19:14:41.451,2070,0.0110,1.6681
2693,19:14:41.451,2072,0.0120,1.6697
2694,19:14:41.452,2072,0.0120,1.6697
2695,19:14:41.452,2070,0.0110,1.6681
2696,19:14:41.453,2073,0.0125,1.6705
2697,19:14:41.453,2075,0.0134,1.6722
2698,19:14:41.454,2078,0.0149,1.6746
2699,19:14:41.454,2079,0.0154,1.6754
2700,19:14:41.455,2077,0.0144,1.6738
2701,19:14:41.455,2077,0.0144,1.6738
2702,19:14:41.456,2077,0.0144,1.6738
2703,19:14:41.456,2074,0.0129,1.6714
2704,19:14:41.457,2077,0.0144,1.6738
2705,19:14:41.457,2077,0.0144,1.6738
2706,19:14:41.458,2079,0.0154,1.6754
2707,19:14:41.458,2076,0.0139,1.6730
2708,19:14:41.459,2077,0.0144,1.6738
2709,19:14:41.459,2076,0.0139,1.6730
2710,19:14:41.460,2076,0.0139,1.6730
2711,19:14:41.460,2076,0.0139,1.6730
2712,19:14:41.461,2078,0.0149,1.6746
2713,19:14:41.461,2080,0.0159,1.6762
2714,19:14:41.462,2078,0.0149,1.6746
2715,19:14:41.462,2076,0.0139,1.6730
2716,19:14:41.463,2079,0.0154,1.6754
2717,19:14:41.463,2081,0.0164,1.6770
2718,19:14:41.464,2079,0.0154,1.6754
2719,19:14:41.464,2080,0.0159,1.6762
2720,19:14:41.465,2080,0.0159,1.6762
2721,19:14:41.465,2080,0.0159,1.6762
2722,19:14:41.466,2079,0.0154,1.6754
2723,19:14:41.466,2080,0.0159,1.6762
2724,19:14:41.467,2082,0.0168,1.6778
2725,19:14:41.467,2081,0.0164,1.6770
2726,19:14:41.468,2084,0.0178,1.6794
2727,19:14:41.468,2082,0.0168,1.6778
2728,19:14:41.469,2080,0.0159,1.6762
2729,19:14:41.469,2085,0.0183,1.6802
2730,19:14:41.470,2082,0.0168,1.6778
2731,19:14:41.470,2087,0.0193,1.6818
2732,19:14:41.471,2084,0.0178,1.6794
2733,19:14:41.471,2092,0.0217,1.6859
2734,19:14:41.472,2090,0.0208,1.6842
2735,19:14:41.472,2093,0.0222,1.6867
2736,19:14:41.473,2094,0.0227,1.6875
2737,19:14:41.473,2092,0.0217,1.6859
2738,19:14:41.474,2095,0.0232,1.6883
2739,19:14:41.474,2088,0.0198,1.6826
2740,19:14:41.475,2098,0.0247,1.6907
2741,19:14:41.475,2083,0.0173,1.6786
2742,19:14:41.476,2098,0.0247,1.6907
2743,19:14:41.476,2090,0.0208,1.6842
2744,19:14:41.477,2087,0.0193,1.6818
2745,19:14:41.477,2104,0.0276,1.6955
2746,19:14:41.478,2076,0.0139,1.6730
2747,19:14:41.478,2086,0.0188,1.6810
2748,19:14:41.479,2081,0.0164,1.6770
2749,19:14:41.479,2096,0.0237,1.6891
2750,19:14:41.480,2087,0.0193,1.6818
2751,19:14:41.480,2103,0.0271,1.6947
2752,19:14:41.481,2093,0.0222,1.6867
2753,19:14:41.481,2081,0.0164,1.6770
2754,19:14:41.482,2115,0.0330,1.7044
2755,19:14:41.482,2082,0.0168,1.6778
2756,19:14:41.483,2115,0.0330,1.7044
2757,19:14:41.483,2126,0.0383,1.7133
2758,19:14:41.484,2093,0.0222,1.6867
2759,19:14:41.484,2104,0.0276,1.6955
2760,19:14:41.485,2097,0.0242,1.6899
2761,19:14:41.485,2121,0.0359,1.7092
2762,19:14:41.486,2128,0.0393,1.7149
2763,19:14:41.486,2110,0.0305,1.7004
2764,19:14:41.487,2128,0.0393,1.7149
2765,19:14:41.487,2090,0.0208,1.6842
2766,19:14:41.488,2117,0.0339,1.7060
2767,19:14:41.488,2126,0.0383,1.7133
2768,19:14:41.489,2124,0.0374,1.7116
2769,19:14:41.489,2141,0.0457,1.7253
2770,19:14:41.490,2113,0.0320,1.7028
2771,19:14:41.490,2099,0.0252,1.6915
2772,19:14:41.491,2096,0.0237,1.6891
2773,19:14:41.491,2115,0.0330,1.7044
2774,19:14:41.492,2092,0.0217,1.6859
2775,19:14:41.492,2115,0.0330,1.7044
2776,19:14:41.493,2112,0.0315,1.7020
2777,19:14:41.493,2092,0.0217,1.6859
2778,19:14:41.494,2114,0.0325,1.7036
2779,19:14:41.494,2091,0.0212,1.6851
2780,19:14:41.495,2098,0.0247,1.6907
2781,19:14:41.495,2100,0.0256,1.6923
2782,19:14:41.496,2091,0.0212,1.6851
2783,19:14:41.496,2094,0.0227,1.6875
2784,19:14:41.497,2083,0.0173,1.6786
2785,19:14:41.497,2091,0.0212,1.6851
2786,19:14:41.498,2094,0.0227,1.6875
2787,19:14:41.498,2089,0.0203,1.6834
2788,19:14:41.499,2103,0.0271,1.6947
2789,19:14:41.499,2079,0.0154,1.6754
2790,19:14:41.500,2074,0.0129,1.6714
2791,19:14:41.500,2082,0.0168,1.6778
2792,19:14:41.501,2080,0.0159,1.6762
2793,19:14:41.501,2077,0.0144,1.6738
2794,19:14:41.502,2082,0.0168,1.6778
2795,19:14:41.502,2066,0.0090,1.6649
2796,19:14:41.503,2053,0.0027,1.6544
2797,19:14:41.503,2079,0.0154,1.6754
2798,19:14:41.504,2055,0.0037,1.6560
2799,19:14:41.504,2066,0.0090,1.6649
2800,19:14:41.505,2072,0.0120,1.6697
2801,19:14:41.505,2058,0.0051,1.6585
2802,19:14:41.506,2052,0.0022,1.6536
2803,19:14:41.506,2056,0.0042,1.6568
2804,19:14:41.507,2062,0.0071,1.6617
2805,19:14:41.507,2055,0.0037,1.6560
2806,19:14:41.508,2059,0.0056,1.6593
2807,19:14:41.508,2051,0.0017,1.6528
2808,19:14:41.509,2043,-0.0022,1.6464
2809,19:14:41.509,2045,-0.0012,1.6480
2810,19:14:41.510,2050,0.0012,1.6520
2811,19:14:41.510,2041,-0.0032,1.6448
2812,19:14:41.511,2046,-0.0007,1.6488
2813,19:14:41.511,2055,0.0037,1.6560
2814,19:14:41.512,2028,-0.0095,1.6343
2815,19:14:41.512,2036,-0.0056,1.6407
2816,19:14:41.513,2049,0.0007,1.6512
2817,19:14:41.513,2021,-0.0129,1.6286
2818,19:14:41.514,2043,-0.0022,1.6464
2819,19:14:41.514,2033,-0.0071,1.6383
2820,19:14:41.515,2017,-0.0149,1.6254
2821,19:14:41.515,2035,-0.0061,1.6399
2822,19:14:41.516,2024,-0.0115,1.6311
2823,19:14:41.516,2026,-0.0105,1.6327
2824,19:14:41.517,2024,-0.0115,1.6311
2825,19:14:41.517,2033,-0.0071,1.6383
2826,19:14:41.518,2015,-0.0159,1.6238
2827,19:14:41.518,2021,-0.0129,1.6286
2828,19:14:41.519,2035,-0.0061,1.6399
2829,19:14:41.519,2011,-0.0178,1.6206
2830,19:14:41.520,2023,-0.0120,1.6303
2831,19:14:41.520,2022,-0.0125,1.6295
2832,19:14:41.521,2016,-0.0154,1.6246
2833,19:14:41.521,2021,-0.0129,1.6286
2834,19:14:41.522,2032,-0.0076,1.6375
2835,19:14:41.522,2026,-0.0105,1.6327
2836,19:14:41.523,2016,-0.0154,1.6246
2837,19:14:41.523,2045,-0.0012,1.6480
2838,19:14:41.524,2019,-0.0139,1.6270
2839,19:14:41.524,2026,-0.0105,1.6327
2840,19:14:41.525,2048,0.0002,1.6504
2841,19:14:41.525,2017,-0.0149,1.6254
2842,19:14:41.526,2033,-0.0071,1.6383
2843,19:14:41.526,2036,-0.0056,1.6407
2844,19:14:41.527,2025,-0.0110,1.6319
2845,19:14:41.527,2033,-0.0071,1.6383
2846,19:14:41.528,2037,-0.0051,1.6415
2847,19:14:41.528,2036,-0.0056,1.6407
2848,19:14:41.529,2020,-0.0134,1.6278
2849,19:14:41.529,2054,0.0032,1.6552
2850,19:14:41.530,2027,-0.0100,1.6335
2851,19:14:41.530,2024,-0.0115,1.6311
2852,19:14:41.531,2061,0.0066,1.6609
2853,19:14:41.531,2028,-0.0095,1.6343
2854,19:14:41.532,2037,-0.0051,1.6415
2855,19:14:41.532,2035,-0.0061,1.6399
2856,19:14:41.533,2034,-0.0066,1.6391
2857,19:14:41.533,2030,-0.0085,1.6359
2858,19:14:41.534,2052,0.0022,1.6536
2859,19:14:41.534,2052,0.0022,1.6536
2860,19:14:41.535,2016,-0.0154,1.6246
2861,19:14:41.535,2066,0.0090,1.6649
2862,19:14:41.536,2030,-0.0085,1.6359
2863,19:14:41.536,2028,-0.0095,1.6343
2864,19:14:41.537,2069,0.0105,1.6673
2865,19:14:41.537,2036,-0.0056,1.6407
2866,19:14:41.538,2048,0.0002,1.6504
2867,19:14:41.538,2041,-0.0032,1.6448
2868,19:14:41.539,2044,-0.0017,1.6472
2869,19:14:41.539,2037,-0.0051,1.6415
2870,19:14:41.540,2053,0.0027,1.6544
2871,19:14:41.540,2064,0.0081,1.6633
2872,19:14:41.541,2029,-0.0090,1.6351
2873,19:14:41.541,2068,0.0100,1.6665
2874,19:14:41.542,2052,0.0022,1.6536
2875,19:14:41.542,2039,-0.0042,1.6432
2876,19:14:41.543,2079,0.0154,1.6754
2877,19:14:41.543,2050,0.0012,1.6520
2878,19:14:41.544,2056,0.0042,1.6568
2879,19:14:41.544,2054,0.0032,1.6552
2880,19:14:41.545,2065,0.0085,1.6641
2881,19:14:41.545,2050,0.0012,1.6520
2882,19:14:41.546,2068,0.0100,1.6665
2883,19:14:41.546,2080,0.0159,1.6762
2884,19:14:41.547,2037,-0.0051,1.6415
2885,19:14:41.547,2087,0.0193,1.6818
2886,19:14:41.548,2066,0.0090,1.6649
2887,19:14:41.548,2046,-0.0007,1.6488
2888,19:14:41.549,2091,0.0212,1.6851
2889,19:14:41.549,2068,0.0100,1.6665
2890,19:14:41.550,2072,0.0120,1.6697
2891,19:14:41.550,2061,0.0066,1.6609
2892,19:14:41.551,2073,0.0125,1.6705
2893,19:14:41.551,2061,0.0066,1.6609
2894,19:14:41.552,2071,0.0115,1.6689
2895,19:14:41.552,2097,0.0242,1.6899
2896,19:14:41.553,2051,0.0017,1.6528
2897,19:14:41.553,2086,0.0188,1.6810
2898,19:14:41.554,2076,0.0139,1.6730
2899,19:14:41.554,2056,0.0042,1.6568
2900,19:14:41.555,2092,0.0217,1.6859
2901,19:14:41.555,2078,0.0149,1.6746
2902,19:14:41.556,2075,0.0134,1.6722
2903,19:14:41.556,2065,0.0085,1.6641
2904,19:14:41.557,2082,0.0168,1.6778
2905,19:14:41.557,2065,0.0085,1.6641
2906,19:14:41.558,2075,0.0134,1.6722
2907,19:14:41.558,2103,0.0271,1.6947
2908,19:14:41.559,2053,0.0027,1.6544
2909,19:14:41.559,2088,0.0198,1.6826
2910,19:14:41.560,2078,0.0149,1.6746
2911,19:14:41.560,2060,0.0061,1.6601
2912,19:14:41.561,2092,0.0217,1.6859
2913,19:14:41.561,2077,0.0144,1.6738
2914,19:14:41.562,2083,0.0173,1.6786
2915,19:14:41.562,2069,0.0105,1.6673
2916,19:14:41.563,2087,0.0193,1.6818
2917,19:14:41.563,2073,0.0125,1.6705
2918,19:14:41.564,2071,0.0115,1.6689
2919,19:14:41.564,2106,0.0286,1.6971
2920,19:14:41.565,2062,0.0071,1.6617
2921,19:14:41.565,2090,0.0208,1.6842
2922,19:14:41.566,2090,0.0208,1.6842
2923,19:14:41.566,2073,0.0125,1.6705
2924,19:14:41.567,2096,0.0237,1.6891
2925,19:14:41.567,2089,0.0203,1.6834
2926,19:14:41.568,2088,0.0198,1.6826
2927,19:14:41.568,2075,0.0134,1.6722
2928,19:14:41.569,2088,0.0198,1.6826
2929,19:14:41.569,2083,0.0173,1.6786
2930,19:14:41.570,2080,0.0159,1.6762
2931,19:14:41.570,2111,0.0310,1.7012
2932,19:14:41.571,2072,0.0120,1.6697
2933,19:14:41.571,2094,0.0227,1.6875
2934,19:14:41.572,2094,0.0227,1.6875
2935,19:14:41.572,2074,0.0129,1.6714
2936,19:14:41.573,2098,0.0247,1.6907
2937,19:14:41.573,2086,0.0188,1.6810
2938,19:14:41.574,2091,0.0212,1.6851
2939,19:14:41.574,2076,0.0139,1.6730
2940,19:14:41.575,2091,0.0212,1.6851
2941,19:14:41.575,2089,0.0203,1.6834
2942,19:14:41.576,2078,0.0149,1.6746
2943,19:14:41.576,2101,0.0261,1.6931
2944,19:14:41.577,2078,0.0149,1.6746
2945,19:14:41.577,2091,0.0212,1.6851
2946,19:14:41.578,2094,0.0227,1.6875
2947,19:14:41.578,2084,0.0178,1.6794
2948,19:14:41.579,2098,0.0247,1.6907
2949,19:14:41.579,2087,0.0193,1.6818
2950,19:14:41.580,2086,0.0188,1.6810
2951,19:14:41.580,2070,0.0110,1.6681
2952,19:14:41.581,2082,0.0168,1.6778
2953,19:14:41.581,2083,0.0173,1.6786
2954,19:14:41.582,2078,0.0149,1.6746
2955,19:14:41.582,2099,0.0252,1.6915
2956,19:14:41.583,2074,0.0129,1.6714
2957,19:14:41.583,2083,0.0173,1.6786
2958,19:14:41.584,2082,0.0168,1.6778
2959,19:14:41.584,2077,0.0144,1.6738
2960,19:14:41.585,2096,0.0237,1.6891
2961,19:14:41.585,2084,0.0178,1.6794
2962,19:14:41.586,2089,0.0203,1.6834
2963,19:14:41.586,2072,0.0120,1.6697
2964,19:14:41.587,2083,0.0173,1.6786
2965,19:14:41.587,2085,0.0183,1.6802
2966,19:14:41.588,2077,0.0144,1.6738
2967,19:14:41.588,2093,0.0222,1.6867
2968,19:14:41.589,2075,0.0134,1.6722
2969,19:14:41.589,2086,0.0188,1.6810
2970,19:14:41.590,2083,0.0173,1.6786
2971,19:14:41.590,2082,0.0168,1.6778
2972,19:14:41.591,2096,0.0237,1.6891
2973,19:14:41.591,2079,0.0154,1.6754
2974,19:14:41.592,2084,0.0178,1.6794
2975,19:14:41.592,2076,0.0139,1.6730
2976,19:14:41.593,2076,0.0139,1.6730
2977,19:14:41.593,2080,0.0159,1.6762
2978,19:14:41.594,2082,0.0168,1.6778
2979,19:14:41.594,2085,0.0183,1.6802
2980,19:14:41.595,2075,0.0134,1.6722
2981,19:14:41.595,2086,0.0188,1.6810
2982,19:14:41.596,2076,0.0139,1.6730
2983,19:14:41.596,2077,0.0144,1.6738
2984,19:14:41.597,2092,0.0217,1.6859
2985,19:14:41.597,2076,0.0139,1.6730
2986,19:14:41.598,2079,0.0154,1.6754
2987,19:14:41.598,2077,0.0144,1.6738
2988,19:14:41.599,2071,0.0115,1.6689
2989,19:14:41.599,2078,0.0149,1.6746
2990,19:14:41.600,2085,0.0183,1.6802
2991,19:14:41.600,2078,0.0149,1.6746
2992,19:14:41.601,2075,0.0134,1.6722
2993,19:14:41.601,2083,0.0173,1.6786
2994,19:14:41.602,2070,0.0110,1.6681
2995,19:14:41.602,2074,0.0129,1.6714
2996,19:14:41.603,2092,0.0217,1.6859
2997,19:14:41.603,2071,0.0115,1.6689
2998,19:14:41.604,2076,0.0139,1.6730
2999,19:14:41.604,2074,0.0129,1.6714
3000,19:14:41.605,2064,0.0081,1.6633
3001,19:14:41.605,2071,0.0115,1.6689
3002,19:14:41.606,2085,0.0183,1.6802
3003,19:14:41.606,2074,0.0129,1.6714
3004,19:14:41.607,2070,0.0110,1.6681
3005,19:14:41.607,2085,0.0183,1.6802
3006,19:14:41.608,2066,0.0090,1.6649
3007,19:14:41.608,2068,0.0100,1.6665
3008,19:14:41.609,2086,0.0188,1.6810
3009,19:14:41.609,2069,0.0105,1.6673
3010,19:14:41.610,2069,0.0105,1.6673
3011,19:14:41.610,2073,0.0125,1.6705
3012,19:14:41.611,2066,0.0090,1.6649
3013,19:14:41.611,2063,0.0076,1.6625
3014,19:14:41.612,2086,0.0188,1.6810
3015,19:14:41.612,2069,0.0105,1.6673
3016,19:14:41.613,2062,0.0071,1.6617
3017,19:14:41.613,2084,0.0178,1.6794
3018,19:14:41.614,2062,0.0071,1.6617
3019,19:14:41.614,2066,0.0090,1.6649
3020,19:14:41.615,2084,0.0178,1.6794
3021,19:14:41.615,2066,0.0090,1.6649
3022,19:14:41.616,2061,0.0066,1.6609
3023,19:14:41.616,2074,0.0129,1.6714
3024,19:14:41.617,2063,0.0076,1.6625
3025,19:14:41.617,2061,0.0066,1.6609
3026,19:14:41.618,2084,0.0178,1.6794
3027,19:14:41.618,2070,0.0110,1.6681
3028,19:14:41.619,2056,0.0042,1.6568
3029,19:14:41.619,2082,0.0168,1.6778
3030,19:14:41.620,2064,0.0081,1.6633
3031,19:14:41.620,2061,0.0066,1.6609
3032,19:14:41.621,2082,0.0168,1.6778
3033,19:14:41.621,2069,0.0105,1.6673
3034,19:14:41.622,2055,0.0037,1.6560
3035,19:14:41.622,2074,0.0129,1.6714
3036,19:14:41.623,2062,0.0071,1.6617
3037,19:14:41.623,2056,0.0042,1.6568
3038,19:14:41.624,2082,0.0168,1.6778
3039,19:14:41.624,2068,0.0100,1.6665
3040,19:14:41.625,2058,0.0051,1.6585
3041,19:14:41.625,2080,0.0159,1.6762
3042,19:14:41.626,2059,0.0056,1.6593
3043,19:14:41.626,2061,0.0066,1.6609
3044,19:14:41.627,2081,0.0164,1.6770
3045,19:14:41.627,2072,0.0120,1.6697
3046,19:14:41.628,2053,0.0027,1.6544
3047,19:14:41.628,2072,0.0120,1.6697
3048,19:14:41.629,2064,0.0081,1.6633
3049,19:14:41.629,2053,0.0027,1.6544
3050,19:14:41.630,2082,0.0168,1.6778
3051,19:14:41.630,2067,0.0095,1.6657
3052,19:14:41.631,2057,0.0046,1.6577
3053,19:14:41.631,2081,0.0164,1.6770
3054,19:14:41.632,2062,0.0071,1.6617
3055,19:14:41.632,2057,0.0046,1.6577
3056,19:14:41.633,2081,0.0164,1.6770
3057,19:14:41.633,2074,0.0129,1.6714
3058,19:14:41.634,2053,0.0027,1.6544
3059,19:14:41.634,2071,0.0115,1.6689
3060,19:14:41.635,2066,0.0090,1.6649
3061,19:14:41.635,2048,0.0002,1.6504
3062,19:14:41.636,2082,0.0168,1.6778
3063,19:14:41.636,2070,0.0110,1.6681
3064,19:14:41.637,2052,0.0022,1.6536
3065,19:14:41.637,2078,0.0149,1.6746
3066,19:14:41.638,2063,0.0076,1.6625
3067,19:14:41.638,2060,0.0061,1.6601
3068,19:14:41.639,2077,0.0144,1.6738
3069,19:14:41.639,2074,0.0129,1.6714
3070,19:14:41.640,2050,0.0012,1.6520
3071,19:14:41.640,2069,0.0105,1.6673
3072,19:14:41.641,2070,0.0110,1.6681
3073,19:14:41.641,2051,0.0017,1.6528
3074,19:14:41.642,2074,0.0129,1.6714
3075,19:14:41.642,2072,0.0120,1.6697
3076,19:14:41.643,2055,0.0037,1.6560
3077,19:14:41.643,2074,0.0129,1.6714
3078,19:14:41.644,2065,0.0085,1.6641
3079,19:14:41.644,2061,0.0066,1.6609
3080,19:14:41.645,2076,0.0139,1.6730
3081,19:14:41.645,2074,0.0129,1.6714
3082,19:14:41.646,2052,0.0022,1.6536
3083,19:14:41.646,2063,0.0076,1.6625
3084,19:14:41.647,2073,0.0125,1.6705
3085,19:14:41.647,2049,0.0007,1.6512
3086,19:14:41.648,2077,0.0144,1.6738
3087,19:14:41.648,2068,0.0100,1.6665
3088,19:14:41.649,2057,0.0046,1.6577
3089,19:14:41.649,2076,0.0139,1.6730
3090,19:14:41.650,2069,0.0105,1.6673
3091,19:14:41.650,2063,0.0076,1.6625
3092,19:14:41.651,2074,0.0129,1.6714
3093,19:14:41.651,2075,0.0134,1.6722
3094,19:14:41.652,2056,0.0042,1.6568
3095,19:14:41.652,2065,0.0085,1.6641
3096,19:14:41.653,2075,0.0134,1.6722
3097,19:14:41.653,2057,0.0046,1.6577
3098,19:14:41.654,2075,0.0134,1.6722
3099,19:14:41.654,2073,0.0125,1.6705
3100,19:14:41.655,2062,0.0071,1.6617
3101,19:14:41.655,2075,0.0134,1.6722
3102,19:14:41.656,2067,0.0095,1.6657
3103,19:14:41.656,2064,0.0081,1.6633
3104,19:14:41.657,2075,0.0134,1.6722
3105,19:14:41.657,2076,0.0139,1.6730
3106,19:14:41.658,2057,0.0046,1.6577
3107,19:14:41.658,2065,0.0085,1.6641
3108,19:14:41.659,2075,0.0134,1.6722
3109,19:14:41.659,2056,0.0042,1.6568
3110,19:14:41.660,2074,0.0129,1.6714
3111,19:14:41.660,2073,0.0125,1.6705
3112,19:14:41.661,2061,0.0066,1.6609
3113,19:14:41.661,2072,0.0120,1.6697
3114,19:14:41.662,2067,0.0095,1.6657
3115,19:14:41.662,2068,0.0100,1.6665
3116,19:14:41.663,2072,0.0120,1.6697
3117,19:14:41.663,2076,0.0139,1.6730
3118,19:14:41.664,2057,0.0046,1.6577
3119,19:14:41.664,2065,0.0085,1.6641
3120,19:14:41.665,2069,0.0105,1.6673
3121,19:14:41.665,2061,0.0066,1.6609
3122,19:14:41.666,2073,0.0125,1.6705
3123,19:14:41.666,2069,0.0105,1.6673
3124,19:14:41.667,2064,0.0081,1.6633
3125,19:14:41.667,2070,0.0110,1.6681
3126,19:14:41.668,2064,0.0081,1.6633
3127,19:14:41.668,2065,0.0085,1.6641
3128,19:14:41.669,2073,0.0125,1.6705
3129,19:14:41.669,2073,0.0125,1.6705
3130,19:14:41.670,2061,0.0066,1.6609
3131,19:14:41.670,2059,0.0056,1.6593
3132,19:14:41.671,2068,0.0100,1.6665
3133,19:14:41.671,2059,0.0056,1.6593
3134,19:14:41.672,2073,0.0125,1.6705
3135,19:14:41.672,2066,0.0090,1.6649
3136,19:14:41.673,2060,0.0061,1.6601
3137,19:14:41.673,2065,0.0085,1.6641
3138,19:14:41.674,2061,0.0066,1.6609
3139,19:14:41.674,2067,0.0095,1.6657
3140,19:14:41.675,2073,0.0125,1.6705
3141,19:14:41.675,2069,0.0105,1.6673
3142,19:14:41.676,2057,0.0046,1.6577
3143,19:14:41.676,2062,0.0071,1.6617
3144,19:14:41.677,2061,0.0066,1.6609
3145,19:14:41.677,2064,0.0081,1.6633
3146,19:14:41.678,2069,0.0105,1.6673
3147,19:14:41.678,2060,0.0061,1.6601
3148,19:14:41.679,2062,0.0071,1.6617
3149,19:14:41.679,2068,0.0100,1.6665
3150,19:14:41.680,2059,0.0056,1.6593
3151,19:14:41.680,2067,0.0095,1.6657
3152,19:14:41.681,2072,0.0120,1.6697
3153,19:14:41.681,2064,0.0081,1.6633
3154,19:14:41.682,2056,0.0042,1.6568
3155,19:14:41.682,2063,0.0076,1.6625
3156,19:14:41.683,2059,0.0056,1.6593
3157,19:14:41.683,2062,0.0071,1.6617
3158,19:14:41.684,2068,0.0100,1.6665
3159,19:14:41.684,2060,0.0061,1.6601
3160,19:14:41.685,2060,0.0061,1.6601
3161,19:14:41.685,2065,0.0085,1.6641
3162,19:14:41.686,2059,0.0056,1.6593
3163,19:14:41.686,2064,0.0081,1.6633
3164,19:14:41.687,2075,0.0134,1.6722
3165,19:14:41.687,2064,0.0081,1.6633
3166,19:14:41.688,2056,0.0042,1.6568
3167,19:14:41.688,2066,0.0090,1.6649
3168,19:14:41.689,2054,0.0032,1.6552
3169,19:14:41.689,2066,0.0090,1.6649
3170,19:14:41.690,2072,0.0120,1.6697
3171,19:14:41.690,2059,0.0056,1.6593
3172,19:14:41.691,2063,0.0076,1.6625
3173,19:14:41.691,2069,0.0105,1.6673
3174,19:14:41.692,2061,0.0066,1.6609
3175,19:14:41.692,2062,0.0071,1.6617
3176,19:14:41.693,2076,0.0139,1.6730
3177,19:14:41.693,2063,0.0076,1.6625
3178,19:14:41.694,2058,0.0051,1.6585
3179,19:14:41.694,2065,0.0085,1.6641
3180,19:14:41.695,2056,0.0042,1.6568
3181,19:14:41.695,2066,0.0090,1.6649
3182,19:14:41.696,2070,0.0110,1.6681
3183,19:14:41.696,2060,0.0061,1.6601
3184,19:14:41.697,2067,0.0095,1.6657
3185,19:14:41.697,2071,0.0115,1.6689
3186,19:14:41.698,2062,0.0071,1.6617
3187,19:14:41.698,2066,0.0090,1.6649
3188,19:14:41.699,2085,0.0183,1.6802
3189,19:14:41.699,2064,0.0081,1.6633
3190,19:14:41.700,2058,0.0051,1.6585
3191,19:14:41.700,2072,0.0120,1.6697
3192,19:14:41.701,2059,0.0056,1.6593
3193,19:14:41.701,2068,0.0100,1.6665
3194,19:14:41.702,2076,0.0139,1.6730
3195,19:14:41.702,2064,0.0081,1.6633
3196,19:14:41.703,2067,0.0095,1.6657
3197,19:14:41.703,2075,0.0134,1.6722
3198,19:14:41.704,2066,0.0090,1.6649
3199,19:14:41.704,2065,0.0085,1.6641
3200,19:14:41.705,2082,0.0168,1.6778
3201,19:14:41.705,2069,0.0105,1.6673
3202,19:14:41.706,2062,0.0071,1.6617
3203,19:14:41.706,2080,0.0159,1.6762
3204,19:14:41.707,2060,0.0061,1.6601
3205,19:14:41.707,2069,0.0105,1.6673
3206,19:14:41.708,2081,0.0164,1.6770
3207,19:14:41.708,2068,0.0100,1.6665
3208,19:14:41.709,2071,0.0115,1.6689
3209,19:14:41.709,2076,0.0139,1.6730
3210,19:14:41.710,2068,0.0100,1.6665
3211,19:14:41.710,2068,0.0100,1.6665
3212,19:14:41.711,2090,0.0208,1.6842
3213,19:14:41.711,2071,0.0115,1.6689
3214,19:14:41.712,2061,0.0066,1.6609
3215,19:14:41.712,2082,0.0168,1.6778
3216,19:14:41.713,2062,0.0071,1.6617
3217,19:14:41.713,2073,0.0125,1.6705
3218,19:14:41.714,2083,0.0173,1.6786
3219,19:14:41.714,2065,0.0085,1.6641
3220,19:14:41.715,2073,0.0125,1.6705
3221,19:14:41.715,2081,0.0164,1.6770
3222,19:14:41.716,2075,0.0134,1.6722
3223,19:14:41.716,2069,0.0105,1.6673
3224,19:14:41.717,2088,0.0198,1.6826
3225,19:14:41.717,2072,0.0120,1.6697
3226,19:14:41.718,2060,0.0061,1.6601
3227,19:14:41.718,2083,0.0173,1.6786
3228,19:14:41.719,2067,0.0095,1.6657
3229,19:14:41.719,2074,0.0129,1.6714
3230,19:14:41.720,2083,0.0173,1.6786
3231,19:14:41.720,2072,0.0120,1.6697
3232,19:14:41.721,2068,0.0100,1.6665
3233,19:14:41.721,2079,0.0154,1.6754
3234,19:14:41.722,2077,0.0144,1.6738
3235,19:14:41.722,2071,0.0115,1.6689
3236,19:14:41.723,2093,0.0222,1.6867
3237,19:14:41.723,2076,0.0139,1.6730
3238,19:14:41.724,2060,0.0061,1.6601
3239,19:14:41.724,2082,0.0168,1.6778
3240,19:14:41.725,2070,0.0110,1.6681
3241,19:14:41.725,2073,0.0125,1.6705
3242,19:14:41.726,2090,0.0208,1.6842
3243,19:14:41.726,2077,0.0144,1.6738
3244,19:14:41.727,2072,0.0120,1.6697
3245,19:14:41.727,2082,0.0168,1.6778
3246,19:14:41.728,2078,0.0149,1.6746
3247,19:14:41.728,2071,0.0115,1.6689
3248,19:14:41.729,2092,0.0217,1.6859
3249,19:14:41.729,2082,0.0168,1.6778
3250,19:14:41.730,2063,0.0076,1.6625
3251,19:14:41.730,2085,0.0183,1.6802
3252,19:14:41.731,2073,0.0125,1.6705
3253,19:14:41.731,2078,0.0149,1.6746
3254,19:14:41.732,2087,0.0193,1.6818
3255,19:14:41.732,2076,0.0139,1.6730
3256,19:14:41.733,2075,0.0134,1.6722
3257,19:14:41.733,2082,0.0168,1.6778
3258,19:14:41.734,2079,0.0154,1.6754
3259,19:14:41.734,2076,0.0139,1.6730
3260,19:14:41.735,2090,0.0208,1.6842
3261,19:14:41.735,2086,0.0188,1.6810
3262,19:14:41.736,2062,0.0071,1.6617
3263,19:14:41.736,2077,0.0144,1.6738
3264,19:14:41.737,2076,0.0139,1.6730
3265,19:14:41.737,2075,0.0134,1.6722
3266,19:14:41.738,2082,0.0168,1.6778
3267,19:14:41.738,2073,0.0125,1.6705
3268,19:14:41.739,2073,0.0125,1.6705
3269,19:14:41.739,2074,0.0129,1.6714
3270,19:14:41.740,2075,0.0134,1.6722
3271,19:14:41.740,2072,0.0120,1.6697
3272,19:14:41.741,2080,0.0159,1.6762
3273,19:14:41.741,2076,0.0139,1.6730
3274,19:14:41.742,2067,0.0095,1.6657
3275,19:14:41.742,2076,0.0139,1.6730
3276,19:14:41.743,2075,0.0134,1.6722
3277,19:14:41.743,2070,0.0110,1.6681
3278,19:14:41.744,2072,0.0120,1.6697
3279,19:14:41.744,2076,0.0139,1.6730
3280,19:14:41.745,2077,0.0144,1.6738
3281,19:14:41.745,2072,0.0120,1.6697
3282,19:14:41.746,2068,0.0100,1.6665
3283,19:14:41.746,2069,0.0105,1.6673
3284,19:14:41.747,2075,0.0134,1.6722
3285,19:14:41.747,2072,0.0120,1.6697
3286,19:14:41.748,2071,0.0115,1.6689
3287,19:14:41.748,2073,0.0125,1.6705
3288,19:14:41.749,2070,0.0110,1.6681
3289,19:14:41.749,2071,0.0115,1.6689
3290,19:14:41.750,2066,0.0090,1.6649
3291,19:14:41.750,2070,0.0110,1.6681
3292,19:14:41.751,2072,0.0120,1.6697
3293,19:14:41.751,2070,0.0110,1.6681
3294,19:14:41.752,2064,0.0081,1.6633
3295,19:14:41.752,2070,0.0110,1.6681
3296,19:14:41.753,2072,0.0120,1.6697
3297,19:14:41.753,2065,0.0085,1.6641
3298,19:14:41.754,2066,0.0090,1.6649
3299,19:14:41.754,2065,0.0085,1.6641
3300,19:14:41.755,2072,0.0120,1.6697
3301,19:14:41.755,2068,0.0100,1.6665
3302,19:14:41.756,2063,0.0076,1.6625
3303,19:14:41.756,2064,0.0081,1.6633
3304,19:14:41.757,2070,0.0110,1.6681
3305,19:14:41.757,2063,0.0076,1.6625
3306,19:14:41.758,2061,0.0066,1.6609
3307,19:14:41.758,2063,0.0076,1.6625
3308,19:14:41.759,2063,0.0076,1.6625
3309,19:14:41.759,2063,0.0076,1.6625
3310,19:14:41.760,2058,0.0051,1.6585
3311,19:14:41.760,2060,0.0061,1.6601
3312,19:14:41.761,2066,0.0090,1.6649
3313,19:14:41.761,2062,0.0071,1.6617
3314,19:14:41.762,2058,0.0051,1.6585
3315,19:14:41.762,2060,0.0061,1.6601
3316,19:14:41.763,2061,0.0066,1.6609
3317,19:14:41.763,2059,0.0056,1.6593
3318,19:14:41.764,2058,0.0051,1.6585
3319,19:14:41.764,2056,0.0042,1.6568
3320,19:14:41.765,2059,0.0056,1.6593
3321,19:14:41.765,2060,0.0061,1.6601
3322,19:14:41.766,2055,0.0037,1.6560
3323,19:14:41.766,2056,0.0042,1.6568
3324,19:14:41.767,2061,0.0066,1.6609
3325,19:14:41.767,2057,0.0046,1.6577
3326,19:14:41.768,2057,0.0046,1.6577
3327,19:14:41.768,2057,0.0046,1.6577
3328,19:14:41.769,2060,0.0061,1.6601
3329,19:14:41.769,2058,0.0051,1.6585
3330,19:14:41.770,2053,0.0027,1.6544
3331,19:14:41.770,2054,0.0032,1.6552
3332,19:14:41.771,2061,0.0066,1.6609
3333,19:14:41.771,2054,0.0032,1.6552
3334,19:14:41.772,2054,0.0032,1.6552
3335,19:14:41.772,2058,0.0051,1.6585
3336,19:14:41.773,2062,0.0071,1.6617
3337,19:14:41.773,2058,0.0051,1.6585
3338,19:14:41.774,2055,0.0037,1.6560
3339,19:14:41.774,2057,0.0046,1.6577
3340,19:14:41.775,2061,0.0066,1.6609
3341,19:14:41.775,2057,0.0046,1.6577
3342,19:14:41.776,2060,0.0061,1.6601
3343,19:14:41.776,2060,0.0061,1.6601
3344,19:14:41.777,2062,0.0071,1.6617
3345,19:14:41.777,2059,0.0056,1.6593
3346,19:14:41.778,2058,0.0051,1.6585
3347,19:14:41.778,2064,0.0081,1.6633
3348,19:14:41.779,2063,0.0076,1.6625
3349,19:14:41.779,2065,0.0085,1.6641
3350,19:14:41.780,2064,0.0081,1.6633
3351,19:14:41.780,2062,0.0071,1.6617
3352,19:14:41.781,2068,0.0100,1.6665
3353,19:14:41.781,2069,0.0105,1.6673
3354,19:14:41.782,2063,0.0076,1.6625
3355,19:14:41.782,2068,0.0100,1.6665
3356,19:14:41.783,2069,0.0105,1.6673
3357,19:14:41.783,2070,0.0110,1.6681
3358,19:14:41.784,2068,0.0100,1.6665
3359,19:14:41.784,2068,0.0100,1.6665
3360,19:14:41.785,2070,0.0110,1.6681
3361,19:14:41.785,2066,0.0090,1.6649
3362,19:14:41.786,2068,0.0100,1.6665
3363,19:14:41.786,2072,0.0120,1.6697
3364,19:14:41.787,2074,0.0129,1.6714
3365,19:14:41.787,2070,0.0110,1.6681
3366,19:14:41.788,2071,0.0115,1.6689
3367,19:14:41.788,2073,0.0125,1.6705
3368,19:14:41.789,2077,0.0144,1.6738
3369,19:14:41.789,2075,0.0134,1.6722
3370,19:14:41.790,2074,0.0129,1.6714
3371,19:14:41.790,2072,0.0120,1.6697
3372,19:14:41.791,2077,0.0144,1.6738
3373,19:14:41.791,2075,0.0134,1.6722
3374,19:14:41.792,2076,0.0139,1.6730
3375,19:14:41.792,2075,0.0134,1.6722
3376,19:14:41.793,2077,0.0144,1.6738
3377,19:14:41.793,2079,0.0154,1.6754
3378,19:14:41.794,2075,0.0134,1.6722
3379,19:14:41.794,2081,0.0164,1.6770
3380,19:14:41.795,2079,0.0154,1.6754
3381,19:14:41.795,2079,0.0154,1.6754
3382,19:14:41.796,2079,0.0154,1.6754
3383,19:14:41.796,2078,0.0149,1.6746
3384,19:14:41.797,2084,0.0178,1.6794
3385,19:14:41.797,2080,0.0159,1.6762
3386,19:14:41.798,2081,0.0164,1.6770
3387,19:14:41.798,2081,0.0164,1.6770
3388,19:14:41.799,2081,0.0164,1.6770
3389,19:14:41.799,2081,0.0164,1.6770
3390,19:14:41.800,2080,0.0159,1.6762
3391,19:14:41.800,2082,0.0168,1.6778
3392,19:14:41.801,2084,0.0178,1.6794
3393,19:14:41.801,2080,0.0159,1.6762
3394,19:14:41.802,2080,0.0159,1.6762
3395,19:14:41.802,2081,0.0164,1.6770
3396,19:14:41.803,2080,0.0159,1.6762
3397,19:14:41.803,2080,0.0159,1.6762
3398,19:14:41.804,2081,0.0164,1.6770
3399,19:14:41.804,2084,0.0178,1.6794
3400,19:14:41.805,2084,0.0178,1.6794
3401,19:14:41.805,2082,0.0168,1.6778
3402,19:14:41.806,2083,0.0173,1.6786
3403,19:14:41.806,2085,0.0183,1.6802
3404,19:14:41.807,2085,0.0183,1.6802
3405,19:14:41.807,2083,0.0173,1.6786
3406,19:14:41.808,2079,0.0154,1.6754
3407,19:14:41.808,2079,0.0154,1.6754
3408,19:14:41.809,2082,0.0168,1.6778
3409,19:14:41.809,2082,0.0168,1.6778
3410,19:14:41.810,2079,0.0154,1.6754
3411,19:14:41.810,2078,0.0149,1.6746
3412,19:14:41.811,2082,0.0168,1.6778
3413,19:14:41.811,2079,0.0154,1.6754
3414,19:14:41.812,2079,0.0154,1.6754
3415,19:14:41.812,2080,0.0159,1.6762
3416,19:14:41.813,2079,0.0154,1.6754
3417,19:14:41.813,2082,0.0168,1.6778
3418,19:14:41.814,2076,0.0139,1.6730
3419,19:14:41.814,2080,0.0159,1.6762
3420,19:14:41.815,2078,0.0149,1.6746
3421,19:14:41.815,2075,0.0134,1.6722
3422,19:14:41.816,2072,0.0120,1.6697
3423,19:14:41.816,2077,0.0144,1.6738
3424,19:14:41.817,2074,0.0129,1.6714
3425,19:14:41.817,2075,0.0134,1.6722
3426,19:14:41.818,2069,0.0105,1.6673
3427,19:14:41.818,2072,0.0120,1.6697
3428,19:14:41.819,2070,0.0110,1.6681
3429,19:14:41.819,2070,0.0110,1.6681
3430,19:14:41.820,2071,0.0115,1.6689
3431,19:14:41.820,2072,0.0120,1.6697
3432,19:14:41.821,2075,0.0134,1.6722
3433,19:14:41.821,2073,0.0125,1.6705
3434,19:14:41.822,2072,0.0120,1.6697
3435,19:14:41.822,2075,0.0134,1.6722
3436,19:14:41.823,2072,0.0120,1.6697
3437,19:14:41.823,2076,0.0139,1.6730
3438,19:14:41.824,2074,0.0129,1.6714
3439,19:14:41.824,2074,0.0129,1.6714
3440,19:14:41.825,2072,0.0120,1.6697
3441,19:14:41.825,2073,0.0125,1.6705
3442,19:14:41.826,2070,0.0110,1.6681
3443,19:14:41.826,2071,0.0115,1.6689
3444,19:14:41.827,2072,0.0120,1.6697
3445,19:14:41.827,2067,0.0095,1.6657
3446,19:14:41.828,2068,0.0100,1.6665
3447,19:14:41.828,2069,0.0105,1.6673
3448,19:14:41.829,2069,0.0105,1.6673
3449,19:14:41.829,2069,0.0105,1.6673
3450,19:14:41.830,2070,0.0110,1.6681
3451,19:14:41.830,2069,0.0105,1.6673
3452,19:14:41.831,2071,0.0115,1.6689
3453,19:14:41.831,2071,0.0115,1.6689
3454,19:14:41.832,2070,0.0110,1.6681
3455,19:14:41.832,2069,0.0105,1.6673
3456,19:14:41.833,2074,0.0129,1.6714
3457,19:14:41.833,2073,0.0125,1.6705
3458,19:14:41.834,2072,0.0120,1.6697
3459,19:14:41.834,2070,0.0110,1.6681
3460,19:14:41.835,2073,0.0125,1.6705
3461,19:14:41.835,2069,0.0105,1.6673
3462,19:14:41.836,2067,0.0095,1.6657
3463,19:14:41.836,2068,0.0100,1.6665
3464,19:14:41.837,2072,0.0120,1.6697
3465,19:14:41.837,2068,0.0100,1.6665
3466,19:14:41.838,2070,0.0110,1.6681
3467,19:14:41.838,2070,0.0110,1.6681
3468,19:14:41.839,2069,0.0105,1.6673
3469,19:14:41.839,2070,0.0110,1.6681
3470,19:14:41.840,2069,0.0105,1.6673
3471,19:14:41.840,2071,0.0115,1.6689
3472,19:14:41.841,2069,0.0105,1.6673
3473,19:14:41.841,2071,0.0115,1.6689
3474,19:14:41.842,2071,0.0115,1.6689
3475,19:14:41.842,2074,0.0129,1.6714
3476,19:14:41.843,2070,0.0110,1.6681
3477,19:14:41.843,2070,0.0110,1.6681
3478,19:14:41.844,2068,0.0100,1.6665
3479,19:14:41.844,2069,0.0105,1.6673
3480,19:14:41.845,2072,0.0120,1.6697
3481,19:14:41.845,2069,0.0105,1.6673
3482,19:14:41.846,2068,0.0100,1.6665
3483,19:14:41.846,2070,0.0110,1.6681
3484,19:14:41.847,2072,0.0120,1.6697
3485,19:14:41.847,2068,0.0100,1.6665
3486,19:14:41.848,2068,0.0100,1.6665
3487,19:14:41.848,2069,0.0105,1.6673
3488,19:14:41.849,2070,0.0110,1.6681
3489,19:14:41.849,2071,0.0115,1.6689
3490,19:14:41.850,2068,0.0100,1.6665
3491,19:14:41.850,2072,0.0120,1.6697
3492,19:14:41.851,2075,0.0134,1.6722
3493,19:14:41.851,2072,0.0120,1.6697
3494,19:14:41.852,2069,0.0105,1.6673
3495,19:14:41.852,2074,0.0129,1.6714
3496,19:14:41.853,2076,0.0139,1.6730
3497,19:14:41.853,2073,0.0125,1.6705
3498,19:14:41.854,2071,0.0115,1.6689
3499,19:14:41.854,2080,0.0159,1.6762
3500,19:14:41.855,2079,0.0154,1.6754
3501,19:14:41.855,2074,0.0129,1.6714
3502,19:14:41.856,2077,0.0144,1.6738
3503,19:14:41.856,2078,0.0149,1.6746
3504,19:14:41.857,2060,0.0061,1.6601
3505,19:14:41.857,2087,0.0193,1.6818
3506,19:14:41.858,2087,0.0193,1.6818
3507,19:14:41.858,2071,0.0115,1.6689
3508,19:14:41.859,2091,0.0212,1.6851
3509,19:14:41.859,2086,0.0188,1.6810
3510,19:14:41.860,2083,0.0173,1.6786
3511,19:14:41.860,2067,0.0095,1.6657
3512,19:14:41.861,2113,0.0320,1.7028
3513,19:14:41.861,2084,0.0178,1.6794
3514,19:14:41.862,2079,0.0154,1.6754
3515,19:14:41.862,2102,0.0266,1.6939
3516,19:14:41.863,2073,0.0125,1.6705
3517,19:14:41.863,2104,0.0276,1.6955
3518,19:14:41.864,2107,0.0291,1.6979
3519,19:14:41.864,2094,0.0227,1.6875
3520,19:14:41.865,2098,0.0247,1.6907
3521,19:14:41.865,2110,0.0305,1.7004
3522,19:14:41.866,2109,0.0300,1.6996
3523,19:14:41.866,2097,0.0242,1.6899
3524,19:14:41.867,2131,0.0408,1.7173
3525,19:14:41.867,2094,0.0227,1.6875
3526,19:14:41.868,2103,0.0271,1.6947
3527,19:14:41.868,2146,0.0481,1.7294
3528,19:14:41.869,2090,0.0208,1.6842
3529,19:14:41.869,2119,0.0349,1.7076
3530,19:14:41.870,2114,0.0325,1.7036
3531,19:14:41.870,2109,0.0300,1.6996
3532,19:14:41.871,2140,0.0452,1.7245
3533,19:14:41.871,2124,0.0374,1.7116
3534,19:14:41.872,2148,0.0491,1.7310
3535,19:14:41.872,2103,0.0271,1.6947
3536,19:14:41.873,2127,0.0388,1.7141
3537,19:14:41.873,2115,0.0330,1.7044
3538,19:14:41.874,2094,0.0227,1.6875
3539,19:14:41.874,2144,0.0471,1.7278
3540,19:14:41.875,2103,0.0271,1.6947
3541,19:14:41.875,2117,0.0339,1.7060
3542,19:14:41.876,2126,0.0383,1.7133
3543,19:14:41.876,2123,0.0369,1.7108
3544,19:14:41.877,2103,0.0271,1.6947
3545,19:14:41.877,2100,0.0256,1.6923
3546,19:14:41.878,2124,0.0374,1.7116
3547,19:14:41.878,2088,0.0198,1.6826
3548,19:14:41.879,2139,0.0447,1.7237
3549,19:14:41.879,2107,0.0291,1.6979
3550,19:14:41.880,2081,0.0164,1.6770
3551,19:14:41.880,2126,0.0383,1.7133
3552,19:14:41.881,2076,0.0139,1.6730
3553,19:14:41.881,2104,0.0276,1.6955
3554,19:14:41.882,2098,0.0247,1.6907
3555,19:14:41.882,2098,0.0247,1.6907
3556,19:14:41.883,2097,0.0242,1.6899
3557,19:14:41.883,2078,0.0149,1.6746
3558,19:14:41.884,2122,0.0364,1.7100
3559,19:14:41.884,2065,0.0085,1.6641
3560,19:14:41.885,2084,0.0178,1.6794
3561,19:14:41.885,2077,0.0144,1.6738
3562,19:14:41.886,2053,0.0027,1.6544
3563,19:14:41.886,2093,0.0222,1.6867
3564,19:14:41.887,2067,0.0095,1.6657
3565,19:14:41.887,2077,0.0144,1.6738
3566,19:14:41.888,2060,0.0061,1.6601
3567,19:14:41.888,2083,0.0173,1.6786
3568,19:14:41.889,2065,0.0085,1.6641
3569,19:14:41.889,2050,0.0012,1.6520
3570,19:14:41.890,2091,0.0212,1.6851
3571,19:14:41.890,2033,-0.0071,1.6383
3572,19:14:41.891,2072,0.0120,1.6697
3573,19:14:41.891,2069,0.0105,1.6673
3574,19:14:41.892,2035,-0.0061,1.6399
3575,19:14:41.892,2068,0.0100,1.6665
3576,19:14:41.893,2035,-0.0061,1.6399
3577,19:14:41.893,2059,0.0056,1.6593
3578,19:14:41.894,2045,-0.0012,1.6480
3579,19:14:41.894,2056,0.0042,1.6568
3580,19:14:41.895,2055,0.0037,1.6560
3581,19:14:41.895,2020,-0.0134,1.6278
3582,19:14:41.896,2076,0.0139,1.6730
3583,19:14:41.896,2032,-0.0076,1.6375
3584,19:14:41.897,2057,0.0046,1.6577
3585,19:14:41.897,2065,0.0085,1.6641
3586,19:14:41.898,2021,-0.0129,1.6286
3587,19:14:41.898,2045,-0.0012,1.6480
3588,19:14:41.899,2030,-0.0085,1.6359
3589,19:14:41.899,2046,-0.0007,1.6488
3590,19:14:41.900,2027,-0.0100,1.6335
3591,19:14:41.900,2054,0.0032,1.6552
3592,19:14:41.901,2048,0.0002,1.6504
3593,19:14:41.901,2013,-0.0168,1.6222
3594,19:14:41.902,2070,0.0110,1.6681
3595,19:14:41.902,2022,-0.0125,1.6295
3596,19:14:41.903,2037,-0.0051,1.6415
3597,19:14:41.903,2056,0.0042,1.6568
3598,19:14:41.904,2021,-0.0129,1.6286
3599,19:14:41.904,2047,-0.0002,1.6496
3600,19:14:41.905,2026,-0.0105,1.6327
3601,19:14:41.905,2046,-0.0007,1.6488
3602,19:14:41.906,2022,-0.0125,1.6295
3603,19:14:41.906,2042,-0.0027,1.6456
3604,19:14:41.907,2053,0.0027,1.6544
3605,19:14:41.907,2009,-0.0188,1.6190
3606,19:14:41.908,2057,0.0046,1.6577
3607,19:14:41.908,2031,-0.0081,1.6367
3608,19:14:41.909,2035,-0.0061,1.6399
3609,19:14:41.909,2053,0.0027,1.6544
3610,19:14:41.910,2026,-0.0105,1.6327
3611,19:14:41.910,2032,-0.0076,1.6375
3612,19:14:41.911,2022,-0.0125,1.6295
3613,19:14:41.911,2048,0.0002,1.6504
3614,19:14:41.912,2023,-0.0120,1.6303
3615,19:14:41.912,2048,0.0002,1.6504
3616,19:14:41.913,2059,0.0056,1.6593
3617,19:14:41.913,2010,-0.0183,1.6198
3618,19:14:41.914,2052,0.0022,1.6536
3619,19:14:41.914,2033,-0.0071,1.6383
3620,19:14:41.915,2038,-0.0046,1.6423
3621,19:14:41.915,2056,0.0042,1.6568
3622,19:14:41.916,2032,-0.0076,1.6375
3623,19:14:41.916,2044,-0.0017,1.6472
3624,19:14:41.917,2024,-0.0115,1.6311
3625,19:14:41.917,2050,0.0012,1.6520
3626,19:14:41.918,2034,-0.0066,1.6391
3627,19:14:41.918,2038,-0.0046,1.6423
3628,19:14:41.919,2067,0.0095,1.6657
3629,19:14:41.919,2023,-0.0120,1.6303
3630,19:14:41.920,2056,0.0042,1.6568
3631,19:14:41.920,2039,-0.0042,1.6432
3632,19:14:41.921,2038,-0.0046,1.6423
3633,19:14:41.921,2053,0.0027,1.6544
3634,19:14:41.922,2039,-0.0042,1.6432
3635,19:14:41.922,2050,0.0012,1.6520
3636,19:14:41.923,2033,-0.0071,1.6383
3637,19:14:41.923,2058,0.0051,1.6585
3638,19:14:41.924,2038,-0.0046,1.6423
3639,19:14:41.924,2041,-0.0032,1.6448
3640,19:14:41.925,2070,0.0110,1.6681
3641,19:14:41.925,2030,-0.0085,1.6359
3642,19:14:41.926,2054,0.0032,1.6552
3643,19:14:41.926,2051,0.0017,1.6528
3644,19:14:41.927,2046,-0.0007,1.6488
3645,19:14:41.927,2054,0.0032,1.6552
3646,19:14:41.928,2040,-0.0037,1.6440
3647,19:14:41.928,2059,0.0056,1.6593
3648,19:14:41.929,2049,0.0007,1.6512
3649,19:14:41.929,2067,0.0095,1.6657
3650,19:14:41.930,2061,0.0066,1.6609
3651,19:14:41.930,2048,0.0002,1.6504
3652,19:14:41.931,2072,0.0120,1.6697
3653,19:14:41.931,2046,-0.0007,1.6488
3654,19:14:41.932,2055,0.0037,1.6560
3655,19:14:41.932,2063,0.0076,1.6625
3656,19:14:41.933,2058,0.0051,1.6585
3657,19:14:41.933,2058,0.0051,1.6585
3658,19:14:41.934,2058,0.0051,1.6585
3659,19:14:41.934,2067,0.0095,1.6657
3660,19:14:41.935,2055,0.0037,1.6560
3661,19:14:41.935,2071,0.0115,1.6689
3662,19:14:41.936,2076,0.0139,1.6730
3663,19:14:41.936,2057,0.0046,1.6577
3664,19:14:41.937,2077,0.0144,1.6738
3665,19:14:41.937,2062,0.0071,1.6617
3666,19:14:41.938,2062,0.0071,1.6617
3667,19:14:41.938,2073,0.0125,1.6705
3668,19:14:41.939,2073,0.0125,1.6705
3669,19:14:41.939,2068,0.0100,1.6665
3670,19:14:41.940,2060,0.0061,1.6601
3671,19:14:41.940,2069,0.0105,1.6673
3672,19:14:41.941,2059,0.0056,1.6593
3673,19:14:41.941,2066,0.0090,1.6649
3674,19:14:41.942,2085,0.0183,1.6802
3675,19:14:41.942,2067,0.0095,1.6657
3676,19:14:41.943,2078,0.0149,1.6746
3677,19:14:41.943,2079,0.0154,1.6754
3678,19:14:41.944,2066,0.0090,1.6649
3679,19:14:41.944,2074,0.0129,1.6714
3680,19:14:41.945,2080,0.0159,1.6762
3681,19:14:41.945,2074,0.0129,1.6714
3682,19:14:41.946,2069,0.0105,1.6673
3683,19:14:41.946,2079,0.0154,1.6754
3684,19:14:41.947,2066,0.0090,1.6649
3685,19:14:41.947,2063,0.0076,1.6625
3686,19:14:41.948,2089,0.0203,1.6834
3687,19:14:41.948,2072,0.0120,1.6697
3688,19:14:41.949,2078,0.0149,1.6746
3689,19:14:41.949,2088,0.0198,1.6826
3690,19:14:41.950,2073,0.0125,1.6705
3691,19:14:41.950,2081,0.0164,1.6770
3692,19:14:41.951,2087,0.0193,1.6818
3693,19:14:41.951,2076,0.0139,1.6730
3694,19:14:41.952,2068,0.0100,1.6665
3695,19:14:41.952,2074,0.0129,1.6714
3696,19:14:41.953,2071,0.0115,1.6689
3697,19:14:41.953,2062,0.0071,1.6617
3698,19:14:41.954,2091,0.0212,1.6851
3699,19:14:41.954,2078,0.0149,1.6746
3700,19:14:41.955,2069,0.0105,1.6673
3701,19:14:41.955,2093,0.0222,1.6867
3702,19:14:41.956,2071,0.0115,1.6689
3703,19:14:41.956,2075,0.0134,1.6722
3704,19:14:41.957,2088,0.0198,1.6826
3705,19:14:41.957,2079,0.0154,1.6754
3706,19:14:41.958,2067,0.0095,1.6657
3707,19:14:41.958,2080,0.0159,1.6762
3708,19:14:41.959,2081,0.0164,1.6770
3709,19:14:41.959,2062,0.0071,1.6617
3710,19:14:41.960,2091,0.0212,1.6851
3711,19:14:41.960,2083,0.0173,1.6786
3712,19:14:41.961,2069,0.0105,1.6673
3713,19:14:41.961,2095,0.0232,1.6883
3714,19:14:41.962,2075,0.0134,1.6722
3715,19:14:41.962,2077,0.0144,1.6738
3716,19:14:41.963,2092,0.0217,1.6859
3717,19:14:41.963,2086,0.0188,1.6810
3718,19:14:41.964,2074,0.0129,1.6714
3719,19:14:41.964,2078,0.0149,1.6746
3720,19:14:41.965,2091,0.0212,1.6851
3721,19:14:41.965,2064,0.0081,1.6633
3722,19:14:41.966,2091,0.0212,1.6851
3723,19:14:41.966,2096,0.0237,1.6891
3724,19:14:41.967,2067,0.0095,1.6657
3725,19:14:41.967,2102,0.0266,1.6939
3726,19:14:41.968,2079,0.0154,1.6754
3727,19:14:41.968,2074,0.0129,1.6714
3728,19:14:41.969,2096,0.0237,1.6891
3729,19:14:41.969,2086,0.0188,1.6810
3730,19:14:41.970,2077,0.0144,1.6738
3731,19:14:41.970,2077,0.0144,1.6738
3732,19:14:41.971,2098,0.0247,1.6907
3733,19:14:41.971,2062,0.0071,1.6617
3734,19:14:41.972,2090,0.0208,1.6842
3735,19:14:41.972,2098,0.0247,1.6907
3736,19:14:41.973,2062,0.0071,1.6617
3737,19:14:41.973,2100,0.0256,1.6923
3738,19:14:41.974,2083,0.0173,1.6786
3739,19:14:41.974,2077,0.0144,1.6738
3740,19:14:41.975,2094,0.0227,1.6875
3741,19:14:41.975,2087,0.0193,1.6818
3742,19:14:41.976,2082,0.0168,1.6778
3743,19:14:41.976,2073,0.0125,1.6705
3744,19:14:41.977,2096,0.0237,1.6891
3745,19:14:41.977,2061,0.0066,1.6609
3746,19:14:41.978,2086,0.0188,1.6810
3747,19:14:41.978,2104,0.0276,1.6955
3748,19:14:41.979,2064,0.0081,1.6633
3749,19:14:41.979,2094,0.0227,1.6875
3750,19:14:41.980,2088,0.0198,1.6826
3751,19:14:41.980,2073,0.0125,1.6705
3752,19:14:41.981,2093,0.0222,1.6867
3753,19:14:41.981,2087,0.0193,1.6818
3754,19:14:41.982,2081,0.0164,1.6770
3755,19:14:41.982,2066,0.0090,1.6649
3756,19:14:41.983,2099,0.0252,1.6915
3757,19:14:41.983,2063,0.0076,1.6625
3758,19:14:41.984,2077,0.0144,1.6738
3759,19:14:41.984,2106,0.0286,1.6971
3760,19:14:41.985,2059,0.0056,1.6593
3761,19:14:41.985,2092,0.0217,1.6859
3762,19:14:41.986,2085,0.0183,1.6802
3763,19:14:41.986,2072,0.0120,1.6697
3764,19:14:41.987,2083,0.0173,1.6786
3765,19:14:41.987,2080,0.0159,1.6762
3766,19:14:41.988,2080,0.0159,1.6762
3767,19:14:41.988,2059,0.0056,1.6593
3768,19:14:41.989,2094,0.0227,1.6875
3769,19:14:41.989,2066,0.0090,1.6649
3770,19:14:41.990,2072,0.0120,1.6697
3771,19:14:41.990,2106,0.0286,1.6971
3772,19:14:41.991,2053,0.0027,1.6544
3773,19:14:41.991,2084,0.0178,1.6794
3774,19:14:41.992,2085,0.0183,1.6802
3775,19:14:41.992,2069,0.0105,1.6673
3776,19:14:41.993,2079,0.0154,1.6754
3777,19:14:41.993,2079,0.0154,1.6754
3778,19:14:41.994,2077,0.0144,1.6738
3779,19:14:41.994,2053,0.0027,1.6544
3780,19:14:41.995,2090,0.0208,1.6842
3781,19:14:41.995,2063,0.0076,1.6625
3782,19:14:41.996,2064,0.0081,1.6633
3783,19:14:41.996,2102,0.0266,1.6939
3784,19:14:41.997,2056,0.0042,1.6568
3785,19:14:41.997,2075,0.0134,1.6722
3786,19:14:41.998,2081,0.0164,1.6770
3787,19:14:41.998,2067,0.0095,1.6657
3788,19:14:41.999,2078,0.0149,1.6746
3789,19:14:41.999,2073,0.0125,1.6705
3790,19:14:42.000,2076,0.0139,1.6730
3791,19:14:42.000,2049,0.0007,1.6512
3792,19:14:42.001,2078,0.0149,1.6746
3793,19:14:42.001,2068,0.0100,1.6665
3794,19:14:42.002,2056,0.0042,1.6568
3795,19:14:42.002,2093,0.0222,1.6867
3796,19:14:42.003,2052,0.0022,1.6536
3797,19:14:42.003,2071,0.0115,1.6689
3798,19:14:42.004,2074,0.0129,1.6714
3799,19:14:42.004,2064,0.0081,1.6633
3800,19:14:42.005,2073,0.0125,1.6705
3801,19:14:42.005,2067,0.0095,1.6657
3802,19:14:42.006,2073,0.0125,1.6705
3803,19:14:42.006,2052,0.0022,1.6536
3804,19:14:42.007,2073,0.0125,1.6705
3805,19:14:42.007,2068,0.0100,1.6665
3806,19:14:42.008,2055,0.0037,1.6560
3807,19:14:42.008,2088,0.0198,1.6826
3808,19:14:42.009,2054,0.0032,1.6552
3809,19:14:42.009,2065,0.0085,1.6641
3810,19:14:42.010,2073,0.0125,1.6705
3811,19:14:42.010,2062,0.0071,1.6617
3812,19:14:42.011,2070,0.0110,1.6681
3813,19:14:42.011,2062,0.0071,1.6617
3814,19:14:42.012,2073,0.0125,1.6705
3815,19:14:42.012,2047,-0.0002,1.6496
3816,19:14:42.013,2065,0.0085,1.6641
3817,19:14:42.013,2067,0.0095,1.6657
3818,19:14:42.014,2052,0.0022,1.6536
3819,19:14:42.014,2083,0.0173,1.6786
3820,19:14:42.015,2053,0.0027,1.6544
3821,19:14:42.015,2062,0.0071,1.6617
3822,19:14:42.016,2069,0.0105,1.6673
3823,19:14:42.016,2060,0.0061,1.6601
3824,19:14:42.017,2070,0.0110,1.6681
3825,19:14:42.017,2058,0.0051,1.6585
3826,19:14:42.018,2067,0.0095,1.6657
3827,19:14:42.018,2052,0.0022,1.6536
3828,19:14:42.019,2062,0.0071,1.6617
3829,19:14:42.019,2064,0.0081,1.6633
3830,19:14:42.020,2051,0.0017,1.6528
3831,19:14:42.020,2079,0.0154,1.6754
3832,19:14:42.021,2058,0.0051,1.6585
3833,19:14:42.021,2061,0.0066,1.6609
3834,19:14:42.022,2062,0.0071,1.6617
3835,19:14:42.022,2060,0.0061,1.6601
3836,19:14:42.023,2072,0.0120,1.6697
3837,19:14:42.023,2057,0.0046,1.6577
3838,19:14:42.024,2066,0.0090,1.6649
3839,19:14:42.024,2053,0.0027,1.6544
3840,19:14:42.025,2059,0.0056,1.6593
3841,19:14:42.025,2065,0.0085,1.6641
3842,19:14:42.026,2055,0.0037,1.6560
3843,19:14:42.026,2073,0.0125,1.6705
3844,19:14:42.027,2055,0.0037,1.6560
3845,19:14:42.027,2064,0.0081,1.6633
3846,19:14:42.028,2066,0.0090,1.6649
3847,19:14:42.028,2056,0.0042,1.6568
3848,19:14:42.029,2070,0.0110,1.6681
3849,19:14:42.029,2055,0.0037,1.6560
3850,19:14:42.030,2061,0.0066,1.6609
3851,19:14:42.030,2060,0.0061,1.6601
3852,19:14:42.031,2060,0.0061,1.6601
3853,19:14:42.031,2065,0.0085,1.6641
3854,19:14:42.032,2063,0.0076,1.6625
3855,19:14:42.032,2069,0.0105,1.6673
3856,19:14:42.033,2055,0.0037,1.6560
3857,19:14:42.033,2067,0.0095,1.6657
3858,19:14:42.034,2063,0.0076,1.6625
3859,19:14:42.034,2060,0.0061,1.6601
3860,19:14:42.035,2072,0.0120,1.6697
3861,19:14:42.035,2058,0.0051,1.6585
3862,19:14:42.036,2057,0.0046,1.6577
3863,19:14:42.036,2061,0.0066,1.6609
3864,19:14:42.037,2053,0.0027,1.6544
3865,19:14:42.037,2062,0.0071,1.6617
3866,19:14:42.038,2063,0.0076,1.6625
3867,19:14:42.038,2069,0.0105,1.6673
3868,19:14:42.039,2054,0.0032,1.6552
3869,19:14:42.039,2066,0.0090,1.6649
3870,19:14:42.040,2067,0.0095,1.6657
3871,19:14:42.040,2056,0.0042,1.6568
3872,19:14:42.041,2072,0.0120,1.6697
3873,19:14:42.041,2061,0.0066,1.6609
3874,19:14:42.042,2054,0.0032,1.6552
3875,19:14:42.042,2064,0.0081,1.6633
3876,19:14:42.043,2057,0.0046,1.6577
3877,19:14:42.043,2060,0.0061,1.6601
3878,19:14:42.044,2070,0.0110,1.6681
3879,19:14:42.044,2066,0.0090,1.6649
3880,19:14:42.045,2058,0.0051,1.6585
3881,19:14:42.045,2068,0.0100,1.6665
3882,19:14:42.046,2067,0.0095,1.6657
3883,19:14:42.046,2058,0.0051,1.6585
3884,19:14:42.047,2079,0.0154,1.6754
3885,19:14:42.047,2064,0.0081,1.6633
3886,19:14:42.048,2055,0.0037,1.6560
3887,19:14:42.048,2069,0.0105,1.6673
3888,19:14:42.049,2058,0.0051,1.6585
3889,19:14:42.049,2058,0.0051,1.6585
3890,19:14:42.050,2078,0.0149,1.6746
3891,19:14:42.050,2066,0.0090,1.6649
3892,19:14:42.051,2057,0.0046,1.6577
3893,19:14:42.051,2072,0.0120,1.6697
3894,19:14:42.052,2068,0.0100,1.6665
3895,19:14:42.052,2059,0.0056,1.6593
3896,19:14:42.053,2076,0.0139,1.6730
3897,19:14:42.053,2073,0.0125,1.6705
3898,19:14:42.054,2052,0.0022,1.6536
3899,19:14:42.054,2071,0.0115,1.6689
3900,19:14:42.055,2062,0.0071,1.6617
3901,19:14:42.055,2056,0.0042,1.6568
3902,19:14:42.056,2079,0.0154,1.6754
3903,19:14:42.056,2072,0.0120,1.6697
3904,19:14:42.057,2056,0.0042,1.6568
3905,19:14:42.057,2068,0.0100,1.6665
3906,19:14:42.058,2073,0.0125,1.6705
3907,19:14:42.058,2060,0.0061,1.6601
3908,19:14:42.059,2075,0.0134,1.6722
3909,19:14:42.059,2076,0.0139,1.6730
3910,19:14:42.060,2050,0.0012,1.6520
3911,19:14:42.060,2076,0.0139,1.6730
3912,19:14:42.061,2069,0.0105,1.6673
3913,19:14:42.061,2055,0.0037,1.6560
3914,19:14:42.062,2081,0.0164,1.6770
3915,19:14:42.062,2072,0.0120,1.6697
3916,19:14:42.063,2063,0.0076,1.6625
3917,19:14:42.063,2072,0.0120,1.6697
3918,19:14:42.064,2076,0.0139,1.6730
3919,19:14:42.064,2060,0.0061,1.6601
3920,19:14:42.065,2076,0.0139,1.6730
3921,19:14:42.065,2080,0.0159,1.6762
3922,19:14:42.066,2053,0.0027,1.6544
3923,19:14:42.066,2073,0.0125,1.6705
3924,19:14:42.067,2072,0.0120,1.6697
3925,19:14:42.067,2050,0.0012,1.6520
3926,19:14:42.068,2083,0.0173,1.6786
3927,19:14:42.068,2073,0.0125,1.6705
3928,19:14:42.069,2059,0.0056,1.6593
3929,19:14:42.069,2073,0.0125,1.6705
3930,19:14:42.070,2076,0.0139,1.6730
3931,19:14:42.070,2064,0.0081,1.6633
3932,19:14:42.071,2076,0.0139,1.6730
3933,19:14:42.071,2085,0.0183,1.6802
3934,19:14:42.072,2049,0.0007,1.6512
3935,19:14:42.072,2075,0.0134,1.6722
3936,19:14:42.073,2077,0.0144,1.6738
3937,19:14:42.073,2053,0.0027,1.6544
3938,19:14:42.074,2082,0.0168,1.6778
3939,19:14:42.074,2078,0.0149,1.6746
3940,19:14:42.075,2064,0.0081,1.6633
3941,19:14:42.075,2072,0.0120,1.6697
3942,19:14:42.076,2082,0.0168,1.6778
3943,19:14:42.076,2068,0.0100,1.6665
3944,19:14:42.077,2072,0.0120,1.6697
3945,19:14:42.077,2086,0.0188,1.6810
3946,19:14:42.078,2053,0.0027,1.6544
3947,19:14:42.078,2076,0.0139,1.6730
3948,19:14:42.079,2081,0.0164,1.6770
3949,19:14:42.079,2055,0.0037,1.6560
3950,19:14:42.080,2082,0.0168,1.6778
3951,19:14:42.080,2079,0.0154,1.6754
3952,19:14:42.081,2071,0.0115,1.6689
3953,19:14:42.081,2076,0.0139,1.6730
3954,19:14:42.082,2084,0.0178,1.6794
3955,19:14:42.082,2070,0.0110,1.6681
3956,19:14:42.083,2075,0.0134,1.6722
3957,19:14:42.083,2090,0.0208,1.6842
3958,19:14:42.084,2062,0.0071,1.6617
3959,19:14:42.084,2075,0.0134,1.6722
3960,19:14:42.085,2087,0.0193,1.6818
3961,19:14:42.085,2063,0.0076,1.6625
3962,19:14:42.086,2082,0.0168,1.6778
3963,19:14:42.086,2082,0.0168,1.6778
3964,19:14:42.087,2072,0.0120,1.6697
3965,19:14:42.087,2078,0.0149,1.6746
3966,19:14:42.088,2083,0.0173,1.6786
3967,19:14:42.088,2075,0.0134,1.6722
3968,19:14:42.089,2073,0.0125,1.6705
3969,19:14:42.089,2092,0.0217,1.6859
3970,19:14:42.090,2062,0.0071,1.6617
3971,19:14:42.090,2072,0.0120,1.6697
3972,19:14:42.091,2087,0.0193,1.6818
3973,19:14:42.091,2063,0.0076,1.6625
3974,19:14:42.092,2085,0.0183,1.6802
3975,19:14:42.092,2084,0.0178,1.6794
3976,19:14:42.093,2072,0.0120,1.6697
3977,19:14:42.093,2076,0.0139,1.6730
3978,19:14:42.094,2080,0.0159,1.6762
3979,19:14:42.094,2079,0.0154,1.6754
3980,19:14:42.095,2072,0.0120,1.6697
3981,19:14:42.095,2092,0.0217,1.6859
3982,19:14:42.096,2068,0.0100,1.6665
3983,19:14:42.096,2073,0.0125,1.6705
3984,19:14:42.097,2087,0.0193,1.6818
3985,19:14:42.097,2064,0.0081,1.6633
3986,19:14:42.098,2086,0.0188,1.6810
3987,19:14:42.098,2085,0.0183,1.6802
3988,19:14:42.099,2071,0.0115,1.6689
3989,19:14:42.099,2073,0.0125,1.6705
3990,19:14:42.100,2080,0.0159,1.6762
3991,19:14:42.100,2081,0.0164,1.6770
3992,19:14:42.101,2076,0.0139,1.6730
3993,19:14:42.101,2087,0.0193,1.6818
3994,19:14:42.102,2070,0.0110,1.6681
3995,19:14:42.102,2069,0.0105,1.6673
3996,19:14:42.103,2087,0.0193,1.6818
3997,19:14:42.103,2066,0.0090,1.6649
3998,19:14:42.104,2082,0.0168,1.6778
3999,19:14:42.104,2084,0.0178,1.6794
4000,19:14:42.105,2074,0.0129,1.6714
4001,19:14:42.105,2077,0.0144,1.6738
4002,19:14:42.106,2082,0.0168,1.6778
4003,19:14:42.106,2081,0.0164,1.6770
4004,19:14:42.107,2078,0.0149,1.6746
4005,19:14:42.107,2089,0.0203,1.6834
4006,19:14:42.108,2074,0.0129,1.6714
4007,19:14:42.108,2073,0.0125,1.6705
4008,19:14:42.109,2079,0.0154,1.6754
4009,19:14:42.109,2069,0.0105,1.6673
4010,19:14:42.110,2085,0.0183,1.6802
4011,19:14:42.110,2083,0.0173,1.6786
4012,19:14:42.111,2079,0.0154,1.6754
4013,19:14:42.111,2077,0.0144,1.6738
4014,19:14:42.112,2079,0.0154,1.6754
4015,19:14:42.112,2083,0.0173,1.6786
4016,19:14:42.113,2082,0.0168,1.6778
4017,19:14:42.113,2083,0.0173,1.6786
4018,19:14:42.114,2074,0.0129,1.6714
4019,19:14:42.114,2078,0.0149,1.6746
4020,19:14:42.115,2082,0.0168,1.6778
4021,19:14:42.115,2072,0.0120,1.6697
4022,19:14:42.116,2088,0.0198,1.6826
4023,19:14:42.116,2082,0.0168,1.6778
4024,19:14:42.117,2082,0.0168,1.6778
4025,19:14:42.117,2085,0.0183,1.6802
4026,19:14:42.118,2079,0.0154,1.6754
4027,19:14:42.118,2087,0.0193,1.6818
4028,19:14:42.119,2084,0.0178,1.6794
4029,19:14:42.119,2083,0.0173,1.6786
4030,19:14:42.120,2075,0.0134,1.6722
4031,19:14:42.120,2082,0.0168,1.6778
4032,19:14:42.121,2083,0.0173,1.6786
4033,19:14:42.121,2078,0.0149,1.6746
4034,19:14:42.122,2088,0.0198,1.6826
4035,19:14:42.122,2085,0.0183,1.6802
4036,19:14:42.123,2082,0.0168,1.6778
4037,19:14:42.123,2089,0.0203,1.6834
4038,19:14:42.124,2080,0.0159,1.6762
4039,19:14:42.124,2086,0.0188,1.6810
4040,19:14:42.125,2087,0.0193,1.6818
4041,19:14:42.125,2082,0.0168,1.6778
4042,19:14:42.126,2084,0.0178,1.6794
4043,19:14:42.126,2087,0.0193,1.6818
4044,19:14:42.127,2083,0.0173,1.6786
4045,19:14:42.127,2080,0.0159,1.6762
4046,19:14:42.128,2082,0.0168,1.6778
4047,19:14:42.128,2084,0.0178,1.6794
4048,19:14:42.129,2084,0.0178,1.6794
4049,19:14:42.129,2084,0.0178,1.6794
4050,19:14:42.130,2076,0.0139,1.6730
4051,19:14:42.130,2083,0.0173,1.6786
4052,19:14:42.131,2085,0.0183,1.6802
4053,19:14:42.131,2077,0.0144,1.6738
4054,19:14:42.132,2077,0.0144,1.6738
4055,19:14:42.132,2081,0.0164,1.6770
4056,19:14:42.133,2079,0.0154,1.6754
4057,19:14:42.133,2075,0.0134,1.6722
4058,19:14:42.134,2076,0.0139,1.6730
4059,19:14:42.134,2076,0.0139,1.6730
4060,19:14:42.135,2079,0.0154,1.6754
4061,19:14:42.135,2079,0.0154,1.6754
4062,19:14:42.136,2072,0.0120,1.6697
4063,19:14:42.136,2074,0.0129,1.6714
4064,19:14:42.137,2078,0.0149,1.6746
4065,19:14:42.137,2074,0.0129,1.6714
4066,19:14:42.138,2075,0.0134,1.6722
4067,19:14:42.138,2073,0.0125,1.6705
4068,19:14:42.139,2074,0.0129,1.6714
4069,19:14:42.139,2076,0.0139,1.6730
4070,19:14:42.140,2075,0.0134,1.6722
4071,19:14:42.140,2076,0.0139,1.6730
4072,19:14:42.141,2076,0.0139,1.6730
4073,19:14:42.141,2073,0.0125,1.6705
4074,19:14:42.142,2070,0.0110,1.6681
4075,19:14:42.142,2072,0.0120,1.6697
4076,19:14:42.143,2072,0.0120,1.6697
4077,19:14:42.143,2070,0.0110,1.6681
4078,19:14:42.144,2069,0.0105,1.6673
4079,19:14:42.144,2071,0.0115,1.6689
4080,19:14:42.145,2073,0.0125,1.6705
4081,19:14:42.145,2069,0.0105,1.6673
4082,19:14:42.146,2071,0.0115,1.6689
4083,19:14:42.146,2068,0.0100,1.6665
4084,19:14:42.147,2070,0.0110,1.6681
4085,19:14:42.147,2066,0.0090,1.6649
4086,19:14:42.148,2068,0.0100,1.6665
4087,19:14:42.148,2070,0.0110,1.6681
4088,19:14:42.149,2070,0.0110,1.6681
4089,19:14:42.149,2072,0.0120,1.6697
4090,19:14:42.150,2066,0.0090,1.6649
4091,19:14:42.150,2070,0.0110,1.6681
4092,19:14:42.151,2068,0.0100,1.6665
4093,19:14:42.151,2069,0.0105,1.6673
4094,19:14:42.152,2067,0.0095,1.6657
4095,19:14:42.152,2068,0.0100,1.6665
4096,19:14:42.153,2069,0.0105,1.6673
4097,19:14:42.153,2065,0.0085,1.6641
4098,19:14:42.154,2067,0.0095,1.6657
4099,19:14:42.154,2065,0.0085,1.6641
4100,19:14:42.155,2066,0.0090,1.6649
4101,19:14:42.155,2066,0.0090,1.6649
4102,19:14:42.156,2066,0.0090,1.6649
4103,19:14:42.156,2064,0.0081,1.6633
4104,19:14:42.157,2067,0.0095,1.6657
4105,19:14:42.157,2066,0.0090,1.6649
4106,19:14:42.158,2062,0.0071,1.6617
4107,19:14:42.158,2068,0.0100,1.6665
4108,19:14:42.159,2062,0.0071,1.6617
4109,19:14:42.159,2063,0.0076,1.6625
4110,19:14:42.160,2066,0.0090,1.6649
4111,19:14:42.160,2068,0.0100,1.6665
4112,19:14:42.161,2068,0.0100,1.6665
4113,19:14:42.161,2067,0.0095,1.6657
4114,19:14:42.162,2066,0.0090,1.6649
4115,19:14:42.162,2068,0.0100,1.6665
4116,19:14:42.163,2064,0.0081,1.6633
4117,19:14:42.163,2068,0.0100,1.6665
4118,19:14:42.164,2066,0.0090,1.6649
4119,19:14:42.164,2065,0.0085,1.6641
4120,19:14:42.165,2064,0.0081,1.6633
4121,19:14:42.165,2067,0.0095,1.6657
4122,19:14:42.166,2066,0.0090,1.6649
4123,19:14:42.166,2070,0.0110,1.6681
4124,19:14:42.167,2068,0.0100,1.6665
4125,19:14:42.167,2067,0.0095,1.6657
4126,19:14:42.168,2066,0.0090,1.6649
4127,19:14:42.168,2069,0.0105,1.6673
4128,19:14:42.169,2070,0.0110,1.6681
4129,19:14:42.169,2066,0.0090,1.6649
4130,19:14:42.170,2069,0.0105,1.6673
4131,19:14:42.170,2068,0.0100,1.6665
4132,19:14:42.171,2071,0.0115,1.6689
4133,19:14:42.171,2069,0.0105,1.6673
4134,19:14:42.172,2068,0.0100,1.6665
4135,19:14:42.172,2068,0.0100,1.6665
4136,19:14:42.173,2071,0.0115,1.6689
4137,19:14:42.173,2069,0.0105,1.6673
4138,19:14:42.174,2071,0.0115,1.6689
4139,19:14:42.174,2071,0.0115,1.6689
4140,19:14:42.175,2072,0.0120,1.6697
4141,19:14:42.175,2072,0.0120,1.6697
4142,19:14:42.176,2069,0.0105,1.6673
4143,19:14:42.176,2072,0.0120,1.6697
4144,19:14:42.177,2073,0.0125,1.6705
4145,19:14:42.177,2072,0.0120,1.6697
4146,19:14:42.178,2069,0.0105,1.6673
4147,19:14:42.178,2071,0.0115,1.6689
4148,19:14:42.179,2071,0.0115,1.6689
4149,19:14:42.179,2070,0.0110,1.6681
4150,19:14:42.180,2073,0.0125,1.6705
4151,19:14:42.180,2073,0.0125,1.6705
4152,19:14:42.181,2072,0.0120,1.6697
4153,19:14:42.181,2074,0.0129,1.6714
4154,19:14:42.182,2071,0.0115,1.6689
4155,19:14:42.182,2072,0.0120,1.6697
4156,19:14:42.183,2072,0.0120,1.6697
4157,19:14:42.183,2076,0.0139,1.6730
4158,19:14:42.184,2072,0.0120,1.6697
4159,19:14:42.184,2075,0.0134,1.6722
4160,19:14:42.185,2074,0.0129,1.6714
4161,19:14:42.185,2072,0.0120,1.6697
4162,19:14:42.186,2076,0.0139,1.6730
4163,19:14:42.186,2076,0.0139,1.6730
4164,19:14:42.187,2073,0.0125,1.6705
4165,19:14:42.187,2075,0.0134,1.6722
4166,19:14:42.188,2075,0.0134,1.6722
4167,19:14:42.188,2073,0.0125,1.6705
4168,19:14:42.189,2077,0.0144,1.6738
4169,19:14:42.189,2078,0.0149,1.6746
4170,19:14:42.190,2075,0.0134,1.6722
4171,19:14:42.190,2074,0.0129,1.6714
4172,19:14:42.191,2073,0.0125,1.6705
4173,19:14:42.191,2077,0.0144,1.6738
4174,19:14:42.192,2072,0.0120,1.6697
4175,19:14:42.192,2072,0.0120,1.6697
4176,19:14:42.193,2073,0.0125,1.6705
4177,19:14:42.193,2075,0.0134,1.6722
4178,19:14:42.194,2073,0.0125,1.6705
4179,19:14:42.194,2074,0.0129,1.6714
4180,19:14:42.195,2071,0.0115,1.6689
4181,19:14:42.195,2076,0.0139,1.6730
4182,19:14:42.196,2075,0.0134,1.6722
4183,19:14:42.196,2074,0.0129,1.6714
4184,19:14:42.197,2077,0.0144,1.6738
4185,19:14:42.197,2075,0.0134,1.6722
4186,19:14:42.198,2075,0.0134,1.6722
4187,19:14:42.198,2075,0.0134,1.6722
4188,19:14:42.199,2076,0.0139,1.6730
4189,19:14:42.199,2075,0.0134,1.6722
4190,19:14:42.200,2075,0.0134,1.6722
4191,19:14:42.200,2076,0.0139,1.6730
4192,19:14:42.201,2076,0.0139,1.6730
4193,19:14:42.201,2075,0.0134,1.6722
4194,19:14:42.202,2078,0.0149,1.6746
4195,19:14:42.202,2075,0.0134,1.6722
4196,19:14:42.203,2077,0.0144,1.6738
4197,19:14:42.203,2077,0.0144,1.6738
4198,19:14:42.204,2076,0.0139,1.6730
4199,19:14:42.204,2078,0.0149,1.6746
4200,19:14:42.205,2075,0.0134,1.6722
4201,19:14:42.205,2077,0.0144,1.6738
4202,19:14:42.206,2076,0.0139,1.6730
4203,19:14:42.206,2076,0.0139,1.6730
4204,19:14:42.207,2079,0.0154,1.6754
4205,19:14:42.207,2077,0.0144,1.6738
4206,19:14:42.208,2076,0.0139,1.6730
4207,19:14:42.208,2075,0.0134,1.6722
4208,19:14:42.209,2075,0.0134,1.6722
4209,19:14:42.209,2076,0.0139,1.6730
4210,19:14:42.210,2078,0.0149,1.6746
4211,19:14:42.210,2080,0.0159,1.6762
4212,19:14:42.211,2076,0.0139,1.6730
4213,19:14:42.211,2078,0.0149,1.6746
4214,19:14:42.212,2077,0.0144,1.6738
4215,19:14:42.212,2080,0.0159,1.6762
4216,19:14:42.213,2081,0.0164,1.6770
4217,19:14:42.213,2081,0.0164,1.6770
4218,19:14:42.214,2079,0.0154,1.6754
4219,19:14:42.214,2078,0.0149,1.6746
4220,19:14:42.215,2083,0.0173,1.6786
4221,19:14:42.215,2086,0.0188,1.6810
4222,19:14:42.216,2079,0.0154,1.6754
4223,19:14:42.216,2081,0.0164,1.6770
4224,19:14:42.217,2092,0.0217,1.6859
4225,19:14:42.217,2082,0.0168,1.6778
4226,19:14:42.218,2073,0.0125,1.6705
4227,19:14:42.218,2082,0.0168,1.6778
4228,19:14:42.219,2090,0.0208,1.6842
4229,19:14:42.219,2087,0.0193,1.6818
4230,19:14:42.220,2071,0.0115,1.6689
4231,19:14:42.220,2090,0.0208,1.6842
4232,19:14:42.221,2079,0.0154,1.6754
4233,19:14:42.221,2094,0.0227,1.6875
4234,19:14:42.222,2090,0.0208,1.6842
4235,19:14:42.222,2082,0.0168,1.6778
4236,19:14:42.223,2089,0.0203,1.6834
4237,19:14:42.223,2085,0.0183,1.6802
4238,19:14:42.224,2079,0.0154,1.6754
4239,19:14:42.224,2096,0.0237,1.6891
4240,19:14:42.225,2103,0.0271,1.6947
4241,19:14:42.225,2094,0.0227,1.6875
4242,19:14:42.226,2099,0.0252,1.6915
4243,19:14:42.226,2100,0.0256,1.6923
4244,19:14:42.227,2082,0.0168,1.6778
4245,19:14:42.227,2096,0.0237,1.6891
4246,19:14:42.228,2087,0.0193,1.6818
4247,19:14:42.228,2084,0.0178,1.6794
4248,19:14:42.229,2105,0.0281,1.6963
4249,19:14:42.229,2111,0.0310,1.7012
4250,19:14:42.230,2100,0.0256,1.6923
4251,19:14:42.230,2095,0.0232,1.6883
4252,19:14:42.231,2105,0.0281,1.6963
4253,19:14:42.231,2096,0.0237,1.6891
4254,19:14:42.232,2105,0.0281,1.6963
4255,19:14:42.232,2115,0.0330,1.7044
4256,19:14:42.233,2102,0.0266,1.6939
4257,19:14:42.233,2110,0.0305,1.7004
4258,19:14:42.234,2117,0.0339,1.7060
4259,19:14:42.234,2098,0.0247,1.6907
4260,19:14:42.235,2102,0.0266,1.6939
4261,19:14:42.235,2103,0.0271,1.6947
4262,19:14:42.236,2078,0.0149,1.6746
4263,19:14:42.236,2093,0.0222,1.6867
4264,19:14:42.237,2107,0.0291,1.6979
4265,19:14:42.237,2093,0.0222,1.6867
4266,19:14:42.238,2098,0.0247,1.6907
4267,19:14:42.238,2095,0.0232,1.6883
4268,19:14:42.239,2081,0.0164,1.6770
4269,19:14:42.239,2091,0.0212,1.6851
4270,19:14:42.240,2103,0.0271,1.6947
4271,19:14:42.240,2087,0.0193,1.6818
4272,19:14:42.241,2086,0.0188,1.6810
4273,19:14:42.241,2092,0.0217,1.6859
4274,19:14:42.242,2072,0.0120,1.6697
4275,19:14:42.242,2079,0.0154,1.6754
4276,19:14:42.243,2086,0.0188,1.6810
4277,19:14:42.243,2073,0.0125,1.6705
4278,19:14:42.244,2082,0.0168,1.6778
4279,19:14:42.244,2084,0.0178,1.6794
4280,19:14:42.245,2075,0.0134,1.6722
4281,19:14:42.245,2073,0.0125,1.6705
4282,19:14:42.246,2082,0.0168,1.6778
4283,19:14:42.246,2066,0.0090,1.6649
4284,19:14:42.247,2062,0.0071,1.6617
4285,19:14:42.247,2076,0.0139,1.6730
4286,19:14:42.248,2058,0.0051,1.6585
4287,19:14:42.248,2054,0.0032,1.6552
4288,19:14:42.249,2066,0.0090,1.6649
4289,19:14:42.249,2061,0.0066,1.6609
4290,19:14:42.250,2062,0.0071,1.6617
4291,19:14:42.250,2070,0.0110,1.6681
4292,19:14:42.251,2061,0.0066,1.6609
4293,19:14:42.251,2052,0.0022,1.6536
4294,19:14:42.252,2073,0.0125,1.6705
4295,19:14:42.252,2060,0.0061,1.6601
4296,19:14:42.253,2052,0.0022,1.6536
4297,19:14:42.253,2068,0.0100,1.6665
4298,19:14:42.254,2045,-0.0012,1.6480
4299,19:14:42.254,2051,0.0017,1.6528
4300,19:14:42.255,2062,0.0071,1.6617
4301,19:14:42.255,2055,0.0037,1.6560
4302,19:14:42.256,2057,0.0046,1.6577
4303,19:14:42.256,2063,0.0076,1.6625
4304,19:14:42.257,2060,0.0061,1.6601
4305,19:14:42.257,2052,0.0022,1.6536
4306,19:14:42.258,2065,0.0085,1.6641
4307,19:14:42.258,2057,0.0046,1.6577
4308,19:14:42.259,2041,-0.0032,1.6448
4309,19:14:42.259,2062,0.0071,1.6617
4310,19:14:42.260,2050,0.0012,1.6520
4311,19:14:42.260,2053,0.0027,1.6544
4312,19:14:42.261,2060,0.0061,1.6601
4313,19:14:42.261,2052,0.0022,1.6536
4314,19:14:42.262,2051,0.0017,1.6528
4315,19:14:42.262,2059,0.0056,1.6593
4316,19:14:42.263,2064,0.0081,1.6633
4317,19:14:42.263,2050,0.0012,1.6520
4318,19:14:42.264,2063,0.0076,1.6625
4319,19:14:42.264,2059,0.0056,1.6593
4320,19:14:42.265,2042,-0.0027,1.6456
4321,19:14:42.265,2064,0.0081,1.6633
4322,19:14:42.266,2051,0.0017,1.6528
4323,19:14:42.266,2056,0.0042,1.6568
4324,19:14:42.267,2065,0.0085,1.6641
4325,19:14:42.267,2059,0.0056,1.6593
4326,19:14:42.268,2058,0.0051,1.6585
4327,19:14:42.268,2062,0.0071,1.6617
4328,19:14:42.269,2069,0.0105,1.6673
4329,19:14:42.269,2054,0.0032,1.6552
4330,19:14:42.270,2069,0.0105,1.6673
4331,19:14:42.270,2066,0.0090,1.6649
4332,19:14:42.271,2052,0.0022,1.6536
4333,19:14:42.271,2065,0.0085,1.6641
4334,19:14:42.272,2055,0.0037,1.6560
4335,19:14:42.272,2056,0.0042,1.6568
4336,19:14:42.273,2065,0.0085,1.6641
4337,19:14:42.273,2060,0.0061,1.6601
4338,19:14:42.274,2061,0.0066,1.6609
4339,19:14:42.274,2057,0.0046,1.6577
4340,19:14:42.275,2074,0.0129,1.6714
4341,19:14:42.275,2062,0.0071,1.6617
4342,19:14:42.276,2068,0.0100,1.6665
4343,19:14:42.276,2072,0.0120,1.6697
4344,19:14:42.277,2051,0.0017,1.6528
4345,19:14:42.277,2068,0.0100,1.6665
4346,19:14:42.278,2062,0.0071,1.6617
4347,19:14:42.278,2059,0.0056,1.6593
4348,19:14:42.279,2066,0.0090,1.6649
4349,19:14:42.279,2064,0.0081,1.6633
4350,19:14:42.280,2065,0.0085,1.6641
4351,19:14:42.280,2057,0.0046,1.6577
4352,19:14:42.281,2074,0.0129,1.6714
4353,19:14:42.281,2061,0.0066,1.6609
4354,19:14:42.282,2067,0.0095,1.6657
4355,19:14:42.282,2073,0.0125,1.6705
4356,19:14:42.283,2053,0.0027,1.6544
4357,19:14:42.283,2062,0.0071,1.6617
4358,19:14:42.284,2054,0.0032,1.6552
4359,19:14:42.284,2058,0.0051,1.6585
4360,19:14:42.285,2069,0.0105,1.6673
4361,19:14:42.285,2064,0.0081,1.6633
4362,19:14:42.286,2067,0.0095,1.6657
4363,19:14:42.286,2052,0.0022,1.6536
4364,19:14:42.287,2073,0.0125,1.6705
4365,19:14:42.287,2061,0.0066,1.6609
4366,19:14:42.288,2062,0.0071,1.6617
4367,19:14:42.288,2072,0.0120,1.6697
4368,19:14:42.289,2053,0.0027,1.6544
4369,19:14:42.289,2063,0.0076,1.6625
4370,19:14:42.290,2055,0.0037,1.6560
4371,19:14:42.290,2059,0.0056,1.6593
4372,19:14:42.291,2064,0.0081,1.6633
4373,19:14:42.291,2060,0.0061,1.6601
4374,19:14:42.292,2068,0.0100,1.6665
4375,19:14:42.292,2050,0.0012,1.6520
4376,19:14:42.293,2071,0.0115,1.6689
4377,19:14:42.293,2066,0.0090,1.6649
4378,19:14:42.294,2058,0.0051,1.6585
4379,19:14:42.294,2072,0.0120,1.6697
4380,19:14:42.295,2053,0.0027,1.6544
4381,19:14:42.295,2064,0.0081,1.6633
4382,19:14:42.296,2056,0.0042,1.6568
4383,19:14:42.296,2059,0.0056,1.6593
4384,19:14:42.297,2067,0.0095,1.6657
4385,19:14:42.297,2060,0.0061,1.6601
4386,19:14:42.298,2075,0.0134,1.6722
4387,19:14:42.298,2052,0.0022,1.6536
4388,19:14:42.299,2066,0.0090,1.6649
4389,19:14:42.299,2070,0.0110,1.6681
4390,19:14:42.300,2062,0.0071,1.6617
4391,19:14:42.300,2073,0.0125,1.6705
4392,19:14:42.301,2057,0.0046,1.6577
4393,19:14:42.301,2065,0.0085,1.6641
4394,19:14:42.302,2057,0.0046,1.6577
4395,19:14:42.302,2065,0.0085,1.6641
4396,19:14:42.303,2071,0.0115,1.6689
4397,19:14:42.303,2060,0.0061,1.6601
4398,19:14:42.304,2076,0.0139,1.6730
4399,19:14:42.304,2057,0.0046,1.6577
4400,19:14:42.305,2067,0.0095,1.6657
4401,19:14:42.305,2075,0.0134,1.6722
4402,19:14:42.306,2064,0.0081,1.6633
4403,19:14:42.306,2079,0.0154,1.6754
4404,19:14:42.307,2063,0.0076,1.6625
4405,19:14:42.307,2067,0.0095,1.6657
4406,19:14:42.308,2062,0.0071,1.6617
4407,19:14:42.308,2069,0.0105,1.6673
4408,19:14:42.309,2072,0.0120,1.6697
4409,19:14:42.309,2065,0.0085,1.6641
4410,19:14:42.310,2080,0.0159,1.6762
4411,19:14:42.310,2063,0.0076,1.6625
4412,19:14:42.311,2076,0.0139,1.6730
4413,19:14:42.311,2079,0.0154,1.6754
4414,19:14:42.312,2069,0.0105,1.6673
4415,19:14:42.312,2079,0.0154,1.6754
4416,19:14:42.313,2070,0.0110,1.6681
4417,19:14:42.313,2074,0.0129,1.6714
4418,19:14:42.314,2068,0.0100,1.6665
4419,19:14:42.314,2071,0.0115,1.6689
4420,19:14:42.315,2077,0.0144,1.6738
4421,19:14:42.315,2064,0.0081,1.6633
4422,19:14:42.316,2084,0.0178,1.6794
4423,19:14:42.316,2070,0.0110,1.6681
4424,19:14:42.317,2077,0.0144,1.6738
4425,19:14:42.317,2084,0.0178,1.6794
4426,19:14:42.318,2071,0.0115,1.6689
4427,19:14:42.318,2080,0.0159,1.6762
4428,19:14:42.319,2069,0.0105,1.6673
4429,19:14:42.319,2079,0.0154,1.6754
4430,19:14:42.320,2068,0.0100,1.6665
4431,19:14:42.320,2073,0.0125,1.6705
4432,19:14:42.321,2083,0.0173,1.6786
4433,19:14:42.321,2066,0.0090,1.6649
4434,19:14:42.322,2086,0.0188,1.6810
4435,19:14:42.322,2075,0.0134,1.6722
4436,19:14:42.323,2079,0.0154,1.6754
4437,19:14:42.323,2084,0.0178,1.6794
4438,19:14:42.324,2074,0.0129,1.6714
4439,19:14:42.324,2080,0.0159,1.6762
4440,19:14:42.325,2066,0.0090,1.6649
4441,19:14:42.325,2077,0.0144,1.6738
4442,19:14:42.326,2074,0.0129,1.6714
4443,19:14:42.326,2075,0.0134,1.6722
4444,19:14:42.327,2088,0.0198,1.6826
4445,19:14:42.327,2068,0.0100,1.6665
4446,19:14:42.328,2085,0.0183,1.6802
4447,19:14:42.328,2078,0.0149,1.6746
4448,19:14:42.329,2076,0.0139,1.6730
4449,19:14:42.329,2083,0.0173,1.6786
4450,19:14:42.330,2075,0.0134,1.6722
4451,19:14:42.330,2079,0.0154,1.6754
4452,19:14:42.331,2070,0.0110,1.6681
4453,19:14:42.331,2078,0.0149,1.6746
4454,19:14:42.332,2069,0.0105,1.6673
4455,19:14:42.332,2071,0.0115,1.6689
4456,19:14:42.333,2088,0.0198,1.6826
4457,19:14:42.333,2064,0.0081,1.6633
4458,19:14:42.334,2085,0.0183,1.6802
4459,19:14:42.334,2081,0.0164,1.6770
4460,19:14:42.335,2075,0.0134,1.6722
4461,19:14:42.335,2085,0.0183,1.6802
4462,19:14:42.336,2082,0.0168,1.6778
4463,19:14:42.336,2080,0.0159,1.6762
4464,19:14:42.337,2072,0.0120,1.6697
4465,19:14:42.337,2078,0.0149,1.6746
4466,19:14:42.338,2069,0.0105,1.6673
4467,19:14:42.338,2071,0.0115,1.6689
4468,19:14:42.339,2086,0.0188,1.6810
4469,19:14:42.339,2069,0.0105,1.6673
4470,19:14:42.340,2078,0.0149,1.6746
4471,19:14:42.340,2077,0.0144,1.6738
4472,19:14:42.341,2078,0.0149,1.6746
4473,19:14:42.341,2078,0.0149,1.6746
4474,19:14:42.342,2079,0.0154,1.6754
4475,19:14:42.342,2081,0.0164,1.6770
4476,19:14:42.343,2069,0.0105,1.6673
4477,19:14:42.343,2076,0.0139,1.6730
4478,19:14:42.344,2068,0.0100,1.6665
4479,19:14:42.344,2066,0.0090,1.6649
4480,19:14:42.345,2082,0.0168,1.6778
4481,19:14:42.345,2067,0.0095,1.6657
4482,19:14:42.346,2075,0.0134,1.6722
4483,19:14:42.346,2077,0.0144,1.6738
4484,19:14:42.347,2074,0.0129,1.6714
4485,19:14:42.347,2073,0.0125,1.6705
4486,19:14:42.348,2078,0.0149,1.6746
4487,19:14:42.348,2075,0.0134,1.6722
4488,19:14:42.349,2064,0.0081,1.6633
4489,19:14:42.349,2073,0.0125,1.6705
4490,19:14:42.350,2064,0.0081,1.6633
4491,19:14:42.350,2059,0.0056,1.6593
4492,19:14:42.351,2080,0.0159,1.6762
4493,19:14:42.351,2062,0.0071,1.6617
4494,19:14:42.352,2063,0.0076,1.6625
4495,19:14:42.352,2073,0.0125,1.6705
4496,19:14:42.353,2070,0.0110,1.6681
4497,19:14:42.353,2069,0.0105,1.6673
4498,19:14:42.354,2072,0.0120,1.6697
4499,19:14:42.354,2069,0.0105,1.6673
4500,19:14:42.355,2058,0.0051,1.6585
4501,19:14:42.355,2066,0.0090,1.6649
4502,19:14:42.356,2063,0.0076,1.6625
4503,19:14:42.356,2056,0.0042,1.6568
4504,19:14:42.357,2069,0.0105,1.6673
4505,19:14:42.357,2062,0.0071,1.6617
4506,19:14:42.358,2061,0.0066,1.6609
4507,19:14:42.358,2065,0.0085,1.6641
4508,19:14:42.359,2060,0.0061,1.6601
4509,19:14:42.359,2059,0.0056,1.6593
4510,19:14:42.360,2064,0.0081,1.6633
4511,19:14:42.360,2066,0.0090,1.6649
4512,19:14:42.361,2049,0.0007,1.6512
4513,19:14:42.361,2057,0.0046,1.6577
4514,19:14:42.362,2057,0.0046,1.6577
4515,19:14:42.362,2044,-0.0017,1.6472
4516,19:14:42.363,2062,0.0071,1.6617
4517,19:14:42.363,2056,0.0042,1.6568
4518,19:14:42.364,2051,0.0017,1.6528
4519,19:14:42.364,2057,0.0046,1.6577
4520,19:14:42.365,2058,0.0051,1.6585
4521,19:14:42.365,2052,0.0022,1.6536
4522,19:14:42.366,2055,0.0037,1.6560
4523,19:14:42.366,2056,0.0042,1.6568
4524,19:14:42.367,2041,-0.0032,1.6448
4525,19:14:42.367,2053,0.0027,1.6544
4526,19:14:42.368,2052,0.0022,1.6536
4527,19:14:42.368,2038,-0.0046,1.6423
4528,19:14:42.369,2053,0.0027,1.6544
4529,19:14:42.369,2054,0.0032,1.6552
4530,19:14:42.370,2042,-0.0027,1.6456
4531,19:14:42.370,2051,0.0017,1.6528
4532,19:14:42.371,2052,0.0022,1.6536
4533,19:14:42.371,2049,0.0007,1.6512
4534,19:14:42.372,2051,0.0017,1.6528
4535,19:14:42.372,2051,0.0017,1.6528
4536,19:14:42.373,2037,-0.0051,1.6415
4537,19:14:42.373,2044,-0.0017,1.6472
4538,19:14:42.374,2051,0.0017,1.6528
4539,19:14:42.374,2038,-0.0046,1.6423
4540,19:14:42.375,2048,0.0002,1.6504
4541,19:14:42.375,2054,0.0032,1.6552
4542,19:14:42.376,2040,-0.0037,1.6440
4543,19:14:42.376,2050,0.0012,1.6520
4544,19:14:42.377,2053,0.0027,1.6544
4545,19:14:42.377,2047,-0.0002,1.6496
4546,19:14:42.378,2049,0.0007,1.6512
4547,19:14:42.378,2051,0.0017,1.6528
4548,19:14:42.379,2037,-0.0051,1.6415
4549,19:14:42.379,2041,-0.0032,1.6448
4550,19:14:42.380,2049,0.0007,1.6512
4551,19:14:42.380,2038,-0.0046,1.6423
4552,19:14:42.381,2045,-0.0012,1.6480
4553,19:14:42.381,2051,0.0017,1.6528
4554,19:14:42.382,2044,-0.0017,1.6472
4555,19:14:42.382,2049,0.0007,1.6512
4556,19:14:42.383,2055,0.0037,1.6560
4557,19:14:42.383,2049,0.0007,1.6512
4558,19:14:42.384,2050,0.0012,1.6520
4559,19:14:42.384,2057,0.0046,1.6577
4560,19:14:42.385,2044,-0.0017,1.6472
4561,19:14:42.385,2041,-0.0032,1.6448
4562,19:14:42.386,2051,0.0017,1.6528
4563,19:14:42.386,2041,-0.0032,1.6448
4564,19:14:42.387,2049,0.0007,1.6512
4565,19:14:42.387,2055,0.0037,1.6560
4566,19:14:42.388,2050,0.0012,1.6520
4567,19:14:42.388,2054,0.0032,1.6552
4568,19:14:42.389,2064,0.0081,1.6633
4569,19:14:42.389,2063,0.0076,1.6625
4570,19:14:42.390,2057,0.0046,1.6577
4571,19:14:42.390,2060,0.0061,1.6601
4572,19:14:42.391,2046,-0.0007,1.6488
4573,19:14:42.391,2048,0.0002,1.6504
4574,19:14:42.392,2059,0.0056,1.6593
4575,19:14:42.392,2055,0.0037,1.6560
4576,19:14:42.393,2054,0.0032,1.6552
4577,19:14:42.393,2062,0.0071,1.6617
4578,19:14:42.394,2054,0.0032,1.6552
4579,19:14:42.394,2051,0.0017,1.6528
4580,19:14:42.395,2060,0.0061,1.6601
4581,19:14:42.395,2056,0.0042,1.6568
4582,19:14:42.396,2064,0.0081,1.6633
4583,19:14:42.396,2064,0.0081,1.6633
4584,19:14:42.397,2056,0.0042,1.6568
4585,19:14:42.397,2050,0.0012,1.6520
4586,19:14:42.398,2055,0.0037,1.6560
4587,19:14:42.398,2057,0.0046,1.6577
4588,19:14:42.399,2057,0.0046,1.6577
4589,19:14:42.399,2064,0.0081,1.6633
4590,19:14:42.400,2059,0.0056,1.6593
4591,19:14:42.400,2056,0.0042,1.6568
4592,19:14:42.401,2066,0.0090,1.6649
4593,19:14:42.401,2062,0.0071,1.6617
4594,19:14:42.402,2062,0.0071,1.6617
4595,19:14:42.402,2064,0.0081,1.6633
4596,19:14:42.403,2057,0.0046,1.6577
4597,19:14:42.403,2059,0.0056,1.6593
4598,19:14:42.404,2062,0.0071,1.6617
4599,19:14:42.404,2062,0.0071,1.6617
4600,19:14:42.405,2060,0.0061,1.6601
4601,19:14:42.405,2063,0.0076,1.6625
4602,19:14:42.406,2063,0.0076,1.6625
4603,19:14:42.406,2058,0.0051,1.6585
4604,19:14:42.407,2066,0.0090,1.6649
4605,19:14:42.407,2064,0.0081,1.6633
4606,19:14:42.408,2065,0.0085,1.6641
4607,19:14:42.408,2069,0.0105,1.6673
4608,19:14:42.409,2062,0.0071,1.6617
4609,19:14:42.409,2060,0.0061,1.6601
4610,19:14:42.410,2062,0.0071,1.6617
4611,19:14:42.410,2068,0.0100,1.6665
4612,19:14:42.411,2059,0.0056,1.6593
4613,19:14:42.411,2067,0.0095,1.6657
4614,19:14:42.412,2065,0.0085,1.6641
4615,19:14:42.412,2061,0.0066,1.6609
4616,19:14:42.413,2072,0.0120,1.6697
4617,19:14:42.413,2068,0.0100,1.6665
4618,19:14:42.414,2067,0.0095,1.6657
4619,19:14:42.414,2067,0.0095,1.6657
4620,19:14:42.415,2065,0.0085,1.6641
4621,19:14:42.415,2059,0.0056,1.6593
4622,19:14:42.416,2062,0.0071,1.6617
4623,19:14:42.416,2067,0.0095,1.6657
4624,19:14:42.417,2063,0.0076,1.6625
4625,19:14:42.417,2069,0.0105,1.6673
4626,19:14:42.418,2068,0.0100,1.6665
4627,19:14:42.418,2066,0.0090,1.6649
4628,19:14:42.419,2074,0.0129,1.6714
4629,19:14:42.419,2067,0.0095,1.6657
4630,19:14:42.420,2072,0.0120,1.6697
4631,19:14:42.420,2069,0.0105,1.6673
4632,19:14:42.421,2066,0.0090,1.6649
4633,19:14:42.421,2066,0.0090,1.6649
4634,19:14:42.422,2067,0.0095,1.6657
4635,19:14:42.422,2072,0.0120,1.6697
4636,19:14:42.423,2067,0.0095,1.6657
4637,19:14:42.423,2071,0.0115,1.6689
4638,19:14:42.424,2072,0.0120,1.6697
4639,19:14:42.424,2069,0.0105,1.6673
4640,19:14:42.425,2076,0.0139,1.6730
4641,19:14:42.425,2070,0.0110,1.6681
4642,19:14:42.426,2071,0.0115,1.6689
4643,19:14:42.426,2074,0.0129,1.6714
4644,19:14:42.427,2070,0.0110,1.6681
4645,19:14:42.427,2068,0.0100,1.6665
4646,19:14:42.428,2066,0.0090,1.6649
4647,19:14:42.428,2073,0.0125,1.6705
4648,19:14:42.429,2069,0.0105,1.6673
4649,19:14:42.429,2069,0.0105,1.6673
4650,19:14:42.430,2071,0.0115,1.6689
4651,19:14:42.430,2072,0.0120,1.6697
4652,19:14:42.431,2078,0.0149,1.6746
4653,19:14:42.431,2076,0.0139,1.6730
4654,19:14:42.432,2077,0.0144,1.6738
4655,19:14:42.432,2073,0.0125,1.6705
4656,19:14:42.433,2068,0.0100,1.6665
4657,19:14:42.433,2072,0.0120,1.6697
4658,19:14:42.434,2066,0.0090,1.6649
4659,19:14:42.434,2074,0.0129,1.6714
4660,19:14:42.435,2075,0.0134,1.6722
4661,19:14:42.435,2075,0.0134,1.6722
4662,19:14:42.436,2072,0.0120,1.6697
4663,19:14:42.436,2075,0.0134,1.6722
4664,19:14:42.437,2074,0.0129,1.6714
4665,19:14:42.437,2077,0.0144,1.6738
4666,19:14:42.438,2076,0.0139,1.6730
4667,19:14:42.438,2075,0.0134,1.6722
4668,19:14:42.439,2072,0.0120,1.6697
4669,19:14:42.439,2076,0.0139,1.6730
4670,19:14:42.440,2069,0.0105,1.6673
4671,19:14:42.440,2073,0.0125,1.6705
4672,19:14:42.441,2079,0.0154,1.6754
4673,19:14:42.441,2072,0.0120,1.6697
4674,19:14:42.442,2074,0.0129,1.6714
4675,19:14:42.442,2075,0.0134,1.6722
4676,19:14:42.443,2079,0.0154,1.6754
4677,19:14:42.443,2078,0.0149,1.6746
4678,19:14:42.444,2082,0.0168,1.6778
4679,19:14:42.444,2076,0.0139,1.6730
4680,19:14:42.445,2071,0.0115,1.6689
4681,19:14:42.445,2078,0.0149,1.6746
4682,19:14:42.446,2071,0.0115,1.6689
4683,19:14:42.446,2071,0.0115,1.6689
4684,19:14:42.447,2079,0.0154,1.6754
4685,19:14:42.447,2072,0.0120,1.6697
4686,19:14:42.448,2077,0.0144,1.6738
4687,19:14:42.448,2075,0.0134,1.6722
4688,19:14:42.449,2077,0.0144,1.6738
4689,19:14:42.449,2075,0.0134,1.6722
4690,19:14:42.450,2082,0.0168,1.6778
4691,19:14:42.450,2080,0.0159,1.6762
4692,19:14:42.451,2071,0.0115,1.6689
4693,19:14:42.451,2075,0.0134,1.6722
4694,19:14:42.452,2071,0.0115,1.6689
4695,19:14:42.452,2072,0.0120,1.6697
4696,19:14:42.453,2077,0.0144,1.6738
4697,19:14:42.453,2074,0.0129,1.6714
4698,19:14:42.454,2074,0.0129,1.6714
4699,19:14:42.454,2077,0.0144,1.6738
4700,19:14:42.455,2077,0.0144,1.6738
4701,19:14:42.455,2078,0.0149,1.6746
4702,19:14:42.456,2077,0.0144,1.6738
4703,19:14:42.456,2078,0.0149,1.6746
4704,19:14:42.457,2072,0.0120,1.6697
4705,19:14:42.457,2075,0.0134,1.6722
4706,19:14:42.458,2074,0.0129,1.6714
4707,19:14:42.458,2075,0.0134,1.6722
4708,19:14:42.459,2078,0.0149,1.6746
4709,19:14:42.459,2076,0.0139,1.6730
4710,19:14:42.460,2076,0.0139,1.6730
4711,19:14:42.460,2076,0.0139,1.6730
4712,19:14:42.461,2080,0.0159,1.6762
4713,19:14:42.461,2079,0.0154,1.6754
4714,19:14:42.462,2081,0.0164,1.6770
4715,19:14:42.462,2084,0.0178,1.6794
4716,19:14:42.463,2068,0.0100,1.6665
4717,19:14:42.463,2074,0.0129,1.6714
4718,19:14:42.464,2080,0.0159,1.6762
4719,19:14:42.464,2073,0.0125,1.6705
4720,19:14:42.465,2078,0.0149,1.6746
4721,19:14:42.465,2080,0.0159,1.6762
4722,19:14:42.466,2077,0.0144,1.6738
4723,19:14:42.466,2079,0.0154,1.6754
4724,19:14:42.467,2084,0.0178,1.6794
4725,19:14:42.467,2081,0.0164,1.6770
4726,19:14:42.468,2082,0.0168,1.6778
4727,19:14:42.468,2087,0.0193,1.6818
4728,19:14:42.469,2075,0.0134,1.6722
4729,19:14:42.469,2077,0.0144,1.6738
4730,19:14:42.470,2079,0.0154,1.6754
4731,19:14:42.470,2076,0.0139,1.6730
4732,19:14:42.471,2079,0.0154,1.6754
4733,19:14:42.471,2079,0.0154,1.6754
4734,19:14:42.472,2079,0.0154,1.6754
4735,19:14:42.472,2082,0.0168,1.6778
4736,19:14:42.473,2086,0.0188,1.6810
4737,19:14:42.473,2081,0.0164,1.6770
4738,19:14:42.474,2083,0.0173,1.6786
4739,19:14:42.474,2087,0.0193,1.6818
4740,19:14:42.475,2078,0.0149,1.6746
4741,19:14:42.475,2076,0.0139,1.6730
4742,19:14:42.476,2083,0.0173,1.6786
4743,19:14:42.476,2078,0.0149,1.6746
4744,19:14:42.477,2080,0.0159,1.6762
4745,19:14:42.477,2083,0.0173,1.6786
4746,19:14:42.478,2078,0.0149,1.6746
4747,19:14:42.478,2079,0.0154,1.6754
4748,19:14:42.479,2085,0.0183,1.6802
4749,19:14:42.479,2084,0.0178,1.6794
4750,19:14:42.480,2083,0.0173,1.6786
4751,19:14:42.480,2088,0.0198,1.6826
4752,19:14:42.481,2077,0.0144,1.6738
4753,19:14:42.481,2083,0.0173,1.6786
4754,19:14:42.482,2084,0.0178,1.6794
4755,19:14:42.482,2082,0.0168,1.6778
4756,19:14:42.483,2083,0.0173,1.6786
4757,19:14:42.483,2082,0.0168,1.6778
4758,19:14:42.484,2084,0.0178,1.6794
4759,19:14:42.484,2081,0.0164,1.6770
4760,19:14:42.485,2082,0.0168,1.6778
4761,19:14:42.485,2085,0.0183,1.6802
4762,19:14:42.486,2087,0.0193,1.6818
4763,19:14:42.486,2085,0.0183,1.6802
4764,19:14:42.487,2083,0.0173,1.6786
4765,19:14:42.487,2084,0.0178,1.6794
4766,19:14:42.488,2082,0.0168,1.6778
4767,19:14:42.488,2082,0.0168,1.6778
4768,19:14:42.489,2084,0.0178,1.6794
4769,19:14:42.489,2084,0.0178,1.6794
4770,19:14:42.490,2083,0.0173,1.6786
4771,19:14:42.490,2084,0.0178,1.6794
4772,19:14:42.491,2077,0.0144,1.6738
4773,19:14:42.491,2080,0.0159,1.6762
4774,19:14:42.492,2083,0.0173,1.6786
4775,19:14:42.492,2081,0.0164,1.6770
4776,19:14:42.493,2075,0.0134,1.6722
4777,19:14:42.493,2077,0.0144,1.6738
4778,19:14:42.494,2079,0.0154,1.6754
4779,19:14:42.494,2077,0.0144,1.6738
4780,19:14:42.495,2078,0.0149,1.6746
4781,19:14:42.495,2077,0.0144,1.6738
4782,19:14:42.496,2081,0.0164,1.6770
4783,19:14:42.496,2080,0.0159,1.6762
4784,19:14:42.497,2077,0.0144,1.6738
4785,19:14:42.497,2075,0.0134,1.6722
4786,19:14:42.498,2077,0.0144,1.6738
4787,19:14:42.498,2077,0.0144,1.6738
4788,19:14:42.499,2075,0.0134,1.6722
4789,19:14:42.499,2074,0.0129,1.6714
4790,19:14:42.500,2079,0.0154,1.6754
4791,19:14:42.500,2076,0.0139,1.6730
4792,19:14:42.501,2075,0.0134,1.6722
4793,19:14:42.501,2075,0.0134,1.6722
4794,19:14:42.502,2077,0.0144,1.6738
4795,19:14:42.502,2076,0.0139,1.6730
4796,19:14:42.503,2074,0.0129,1.6714
4797,19:14:42.503,2074,0.0129,1.6714
4798,19:14:42.504,2074,0.0129,1.6714
4799,19:14:42.504,2073,0.0125,1.6705
4800,19:14:42.505,2074,0.0129,1.6714
4801,19:14:42.505,2071,0.0115,1.6689
4802,19:14:42.506,2074,0.0129,1.6714
4803,19:14:42.506,2073,0.0125,1.6705
4804,19:14:42.507,2068,0.0100,1.6665
4805,19:14:42.507,2068,0.0100,1.6665
4806,19:14:42.508,2070,0.0110,1.6681
4807,19:14:42.508,2070,0.0110,1.6681
4808,19:14:42.509,2069,0.0105,1.6673
4809,19:14:42.509,2071,0.0115,1.6689
4810,19:14:42.510,2070,0.0110,1.6681
4811,19:14:42.510,2070,0.0110,1.6681
4812,19:14:42.511,2070,0.0110,1.6681
4813,19:14:42.511,2071,0.0115,1.6689
4814,19:14:42.512,2070,0.0110,1.6681
4815,19:14:42.512,2068,0.0100,1.6665
4816,19:14:42.513,2065,0.0085,1.6641
4817,19:14:42.513,2068,0.0100,1.6665
4818,19:14:42.514,2072,0.0120,1.6697
4819,19:14:42.514,2070,0.0110,1.6681
4820,19:14:42.515,2066,0.0090,1.6649
4821,19:14:42.515,2070,0.0110,1.6681
4822,19:14:42.516,2066,0.0090,1.6649
4823,19:14:42.516,2066,0.0090,1.6649
4824,19:14:42.517,2067,0.0095,1.6657
4825,19:14:42.517,2068,0.0100,1.6665
4826,19:14:42.518,2069,0.0105,1.6673
4827,19:14:42.518,2070,0.0110,1.6681
4828,19:14:42.519,2069,0.0105,1.6673
4829,19:14:42.519,2067,0.0095,1.6657
4830,19:14:42.520,2068,0.0100,1.6665
4831,19:14:42.520,2066,0.0090,1.6649
4832,19:14:42.521,2066,0.0090,1.6649
4833,19:14:42.521,2067,0.0095,1.6657
4834,19:14:42.522,2070,0.0110,1.6681
4835,19:14:42.522,2068,0.0100,1.6665
4836,19:14:42.523,2064,0.0081,1.6633
4837,19:14:42.523,2063,0.0076,1.6625
4838,19:14:42.524,2066,0.0090,1.6649
4839,19:14:42.524,2065,0.0085,1.6641
4840,19:14:42.525,2066,0.0090,1.6649
4841,19:14:42.525,2063,0.0076,1.6625
4842,19:14:42.526,2065,0.0085,1.6641
4843,19:14:42.526,2066,0.0090,1.6649
4844,19:14:42.527,2065,0.0085,1.6641
4845,19:14:42.527,2066,0.0090,1.6649
4846,19:14:42.528,2067,0.0095,1.6657
4847,19:14:42.528,2066,0.0090,1.6649
4848,19:14:42.529,2069,0.0105,1.6673
4849,19:14:42.529,2065,0.0085,1.6641
4850,19:14:42.530,2068,0.0100,1.6665
4851,19:14:42.530,2069,0.0105,1.6673
4852,19:14:42.531,2064,0.0081,1.6633
4853,19:14:42.531,2069,0.0105,1.6673
4854,19:14:42.532,2065,0.0085,1.6641
4855,19:14:42.532,2066,0.0090,1.6649
4856,19:14:42.533,2067,0.0095,1.6657
4857,19:14:42.533,2067,0.0095,1.6657
4858,19:14:42.534,2068,0.0100,1.6665
4859,19:14:42.534,2068,0.0100,1.6665
4860,19:14:42.535,2064,0.0081,1.6633
4861,19:14:42.535,2069,0.0105,1.6673
4862,19:14:42.536,2070,0.0110,1.6681
4863,19:14:42.536,2068,0.0100,1.6665
4864,19:14:42.537,2065,0.0085,1.6641
4865,19:14:42.537,2068,0.0100,1.6665
4866,19:14:42.538,2071,0.0115,1.6689
4867,19:14:42.538,2068,0.0100,1.6665
4868,19:14:42.539,2067,0.0095,1.6657
4869,19:14:42.539,2068,0.0100,1.6665
4870,19:14:42.540,2068,0.0100,1.6665
4871,19:14:42.540,2070,0.0110,1.6681
4872,19:14:42.541,2067,0.0095,1.6657
4873,19:14:42.541,2069,0.0105,1.6673
4874,19:14:42.542,2071,0.0115,1.6689
4875,19:14:42.542,2070,0.0110,1.6681
4876,19:14:42.543,2068,0.0100,1.6665
4877,19:14:42.543,2067,0.0095,1.6657
4878,19:14:42.544,2071,0.0115,1.6689
4879,19:14:42.544,2069,0.0105,1.6673
4880,19:14:42.545,2067,0.0095,1.6657
4881,19:14:42.545,2067,0.0095,1.6657
4882,19:14:42.546,2069,0.0105,1.6673
4883,19:14:42.546,2069,0.0105,1.6673
4884,19:14:42.547,2071,0.0115,1.6689
4885,19:14:42.547,2069,0.0105,1.6673
4886,19:14:42.548,2069,0.0105,1.6673
4887,19:14:42.548,2069,0.0105,1.6673
4888,19:14:42.549,2071,0.0115,1.6689
4889,19:14:42.549,2068,0.0100,1.6665
4890,19:14:42.550,2072,0.0120,1.6697
4891,19:14:42.550,2070,0.0110,1.6681
4892,19:14:42.551,2071,0.0115,1.6689
4893,19:14:42.551,2071,0.0115,1.6689
4894,19:14:42.552,2069,0.0105,1.6673
4895,19:14:42.552,2068,0.0100,1.6665
4896,19:14:42.553,2069,0.0105,1.6673
4897,19:14:42.553,2069,0.0105,1.6673
4898,19:14:42.554,2068,0.0100,1.6665
4899,19:14:42.554,2070,0.0110,1.6681
4900,19:14:42.555,2070,0.0110,1.6681
4901,19:14:42.555,2072,0.0120,1.6697
4902,19:14:42.556,2071,0.0115,1.6689
4903,19:14:42.556,2068,0.0100,1.6665
4904,19:14:42.557,2072,0.0120,1.6697
4905,19:14:42.557,2070,0.0110,1.6681
4906,19:14:42.558,2072,0.0120,1.6697
4907,19:14:42.558,2071,0.0115,1.6689
4908,19:14:42.559,2071,0.0115,1.6689
4909,19:14:42.559,2073,0.0125,1.6705
4910,19:14:42.560,2070,0.0110,1.6681
4911,19:14:42.560,2072,0.0120,1.6697
4912,19:14:42.561,2072,0.0120,1.6697
4913,19:14:42.561,2072,0.0120,1.6697
4914,19:14:42.562,2072,0.0120,1.6697
4915,19:14:42.562,2072,0.0120,1.6697
4916,19:14:42.563,2073,0.0125,1.6705
4917,19:14:42.563,2073,0.0125,1.6705
4918,19:14:42.564,2075,0.0134,1.6722
4919,19:14:42.564,2073,0.0125,1.6705
4920,19:14:42.565,2074,0.0129,1.6714
4921,19:14:42.565,2078,0.0149,1.6746
4922,19:14:42.566,2076,0.0139,1.6730
4923,19:14:42.566,2078,0.0149,1.6746
4924,19:14:42.567,2076,0.0139,1.6730
4925,19:14:42.567,2079,0.0154,1.6754
4926,19:14:42.568,2081,0.0164,1.6770
4927,19:14:42.568,2075,0.0134,1.6722
4928,19:14:42.569,2076,0.0139,1.6730
4929,19:14:42.569,2082,0.0168,1.6778
4930,19:14:42.570,2080,0.0159,1.6762
4931,19:14:42.570,2082,0.0168,1.6778
4932,19:14:42.571,2083,0.0173,1.6786
4933,19:14:42.571,2080,0.0159,1.6762
4934,19:14:42.572,2080,0.0159,1.6762
4935,19:14:42.572,2080,0.0159,1.6762
4936,19:14:42.573,2085,0.0183,1.6802
4937,19:14:42.573,2084,0.0178,1.6794
4938,19:14:42.574,2087,0.0193,1.6818
4939,19:14:42.574,2080,0.0159,1.6762
4940,19:14:42.575,2085,0.0183,1.6802
4941,19:14:42.575,2091,0.0212,1.6851
4942,19:14:42.576,2089,0.0203,1.6834
4943,19:14:42.576,2083,0.0173,1.6786
4944,19:14:42.577,2086,0.0188,1.6810
4945,19:14:42.577,2093,0.0222,1.6867
4946,19:14:42.578,2089,0.0203,1.6834
4947,19:14:42.578,2093,0.0222,1.6867
4948,19:14:42.579,2088,0.0198,1.6826
4949,19:14:42.579,2081,0.0164,1.6770
4950,19:14:42.580,2111,0.0310,1.7012
4951,19:14:42.580,2092,0.0217,1.6859
4952,19:14:42.581,2102,0.0266,1.6939
4953,19:14:42.581,2096,0.0237,1.6891
4954,19:14:42.582,2093,0.0222,1.6867
4955,19:14:42.582,2112,0.0315,1.7020
4956,19:14:42.583,2102,0.0266,1.6939
4957,19:14:42.583,2124,0.0374,1.7116
4958,19:14:42.584,2097,0.0242,1.6899
4959,19:14:42.584,2107,0.0291,1.6979
4960,19:14:42.585,2115,0.0330,1.7044
4961,19:14:42.585,2102,0.0266,1.6939
4962,19:14:42.586,2107,0.0291,1.6979
4963,19:14:42.586,2091,0.0212,1.6851
4964,19:14:42.587,2118,0.0344,1.7068
4965,19:14:42.587,2116,0.0335,1.7052
4966,19:14:42.588,2129,0.0398,1.7157
4967,19:14:42.588,2124,0.0374,1.7116
4968,19:14:42.589,2099,0.0252,1.6915
4969,19:14:42.589,2121,0.0359,1.7092
4970,19:14:42.590,2100,0.0256,1.6923
4971,19:14:42.590,2123,0.0369,1.7108
4972,19:14:42.591,2129,0.0398,1.7157
4973,19:14:42.591,2104,0.0276,1.6955
4974,19:14:42.592,2121,0.0359,1.7092
4975,19:14:42.592,2098,0.0247,1.6907
4976,19:14:42.593,2118,0.0344,1.7068
4977,19:14:42.593,2105,0.0281,1.6963
4978,19:14:42.594,2098,0.0247,1.6907
4979,19:14:42.594,2113,0.0320,1.7028
4980,19:14:42.595,2086,0.0188,1.6810
4981,19:14:42.595,2122,0.0364,1.7100
4982,19:14:42.596,2108,0.0295,1.6988
4983,19:14:42.596,2100,0.0256,1.6923
4984,19:14:42.597,2103,0.0271,1.6947
4985,19:14:42.597,2082,0.0168,1.6778
4986,19:14:42.598,2098,0.0247,1.6907
4987,19:14:42.598,2093,0.0222,1.6867
4988,19:14:42.599,2105,0.0281,1.6963
4989,19:14:42.599,2086,0.0188,1.6810
4990,19:14:42.600,2093,0.0222,1.6867
4991,19:14:42.600,2102,0.0266,1.6939
4992,19:14:42.601,2073,0.0125,1.6705
4993,19:14:42.601,2102,0.0266,1.6939
4994,19:14:42.602,2074,0.0129,1.6714
4995,19:14:42.602,2078,0.0149,1.6746
4996,19:14:42.603,2095,0.0232,1.6883
4997,19:14:42.603,2070,0.0110,1.6681
4998,19:14:42.604,2083,0.0173,1.6786
4999,19:14:42.604,2060,0.0061,1.6601
5000,19:14:42.605,2074,0.0129,1.6714
5001,19:14:42.605,2067,0.0095,1.6657
5002,19:14:42.606,2062,0.0071,1.6617
5003,19:14:42.606,2087,0.0193,1.6818
5004,19:14:42.607,2050,0.0012,1.6520
5005,19:14:42.607,2071,0.0115,1.6689
5006,19:14:42.608,2061,0.0066,1.6609
5007,19:14:42.608,2064,0.0081,1.6633
5008,19:14:42.609,2076,0.0139,1.6730
5009,19:14:42.609,2055,0.0037,1.6560
5010,19:14:42.610,2053,0.0027,1.6544
5011,19:14:42.610,2038,-0.0046,1.6423
5012,19:14:42.611,2069,0.0105,1.6673
5013,19:14:42.611,2057,0.0046,1.6577
5014,19:14:42.612,2053,0.0027,1.6544
5015,19:14:42.612,2062,0.0071,1.6617
5016,19:14:42.613,2028,-0.0095,1.6343
5017,19:14:42.613,2062,0.0071,1.6617
5018,19:14:42.614,2049,0.0007,1.6512
5019,19:14:42.614,2048,0.0002,1.6504
5020,19:14:42.615,2065,0.0085,1.6641
5021,19:14:42.615,2039,-0.0042,1.6432
5022,19:14:42.616,2045,-0.0012,1.6480
5023,19:14:42.616,2033,-0.0071,1.6383
5024,19:14:42.617,2050,0.0012,1.6520
5025,19:14:42.617,2045,-0.0012,1.6480
5026,19:14:42.618,2036,-0.0056,1.6407
5027,19:14:42.618,2059,0.0056,1.6593
5028,19:14:42.619,2033,-0.0071,1.6383
5029,19:14:42.619,2046,-0.0007,1.6488
5030,19:14:42.620,2044,-0.0017,1.6472
5031,19:14:42.620,2037,-0.0051,1.6415
5032,19:14:42.621,2056,0.0042,1.6568
5033,19:14:42.621,2043,-0.0022,1.6464
5034,19:14:42.622,2042,-0.0027,1.6456
5035,19:14:42.622,2025,-0.0110,1.6319
5036,19:14:42.623,2044,-0.0017,1.6472
5037,19:14:42.623,2039,-0.0042,1.6432
5038,19:14:42.624,2035,-0.0061,1.6399
5039,19:14:42.624,2062,0.0071,1.6617
5040,19:14:42.625,2030,-0.0085,1.6359
5041,19:14:42.625,2048,0.0002,1.6504
5042,19:14:42.626,2039,-0.0042,1.6432
5043,19:14:42.626,2036,-0.0056,1.6407
5044,19:14:42.627,2058,0.0051,1.6585
5045,19:14:42.627,2045,-0.0012,1.6480
5046,19:14:42.628,2045,-0.0012,1.6480
5047,19:14:42.628,2026,-0.0105,1.6327
5048,19:14:42.629,2039,-0.0042,1.6432
5049,19:14:42.629,2048,0.0002,1.6504
5050,19:14:42.630,2034,-0.0066,1.6391
5051,19:14:42.630,2057,0.0046,1.6577
5052,19:14:42.631,2034,-0.0066,1.6391
5053,19:14:42.631,2045,-0.0012,1.6480
5054,19:14:42.632,2048,0.0002,1.6504
5055,19:14:42.632,2034,-0.0066,1.6391
5056,19:14:42.633,2054,0.0032,1.6552
5057,19:14:42.633,2050,0.0012,1.6520
5058,19:14:42.634,2054,0.0032,1.6552
5059,19:14:42.634,2033,-0.0071,1.6383
5060,19:14:42.635,2043,-0.0022,1.6464
5061,19:14:42.635,2051,0.0017,1.6528
5062,19:14:42.636,2036,-0.0056,1.6407
5063,19:14:42.636,2061,0.0066,1.6609
5064,19:14:42.637,2040,-0.0037,1.6440
5065,19:14:42.637,2049,0.0007,1.6512
5066,19:14:42.638,2050,0.0012,1.6520
5067,19:14:42.638,2036,-0.0056,1.6407
5068,19:14:42.639,2058,0.0051,1.6585
5069,19:14:42.639,2046,-0.0007,1.6488
5070,19:14:42.640,2055,0.0037,1.6560
5071,19:14:42.640,2037,-0.0051,1.6415
5072,19:14:42.641,2041,-0.0032,1.6448
5073,19:14:42.641,2057,0.0046,1.6577
5074,19:14:42.642,2041,-0.0032,1.6448
5075,19:14:42.642,2061,0.0066,1.6609
5076,19:14:42.643,2044,-0.0017,1.6472
5077,19:14:42.643,2053,0.0027,1.6544
5078,19:14:42.644,2055,0.0037,1.6560
5079,19:14:42.644,2042,-0.0027,1.6456
5080,19:14:42.645,2060,0.0061,1.6601
5081,19:14:42.645,2044,-0.0017,1.6472
5082,19:14:42.646,2056,0.0042,1.6568
5083,19:14:42.646,2044,-0.0017,1.6472
5084,19:14:42.647,2046,-0.0007,1.6488
5085,19:14:42.647,2059,0.0056,1.6593
5086,19:14:42.648,2043,-0.0022,1.6464
5087,19:14:42.648,2057,0.0046,1.6577
5088,19:14:42.649,2048,0.0002,1.6504
5089,19:14:42.649,2053,0.0027,1.6544
5090,19:14:42.650,2050,0.0012,1.6520
5091,19:14:42.650,2043,-0.0022,1.6464
5092,19:14:42.651,2060,0.0061,1.6601
5093,19:14:42.651,2049,0.0007,1.6512
5094,19:14:42.652,2054,0.0032,1.6552
5095,19:14:42.652,2043,-0.0022,1.6464
5096,19:14:42.653,2045,-0.0012,1.6480
5097,19:14:42.653,2060,0.0061,1.6601
5098,19:14:42.654,2046,-0.0007,1.6488
5099,19:14:42.654,2051,0.0017,1.6528
5100,19:14:42.655,2052,0.0022,1.6536
5101,19:14:42.655,2053,0.0027,1.6544
5102,19:14:42.656,2053,0.0027,1.6544
5103,19:14:42.656,2048,0.0002,1.6504
5104,19:14:42.657,2058,0.0051,1.6585
5105,19:14:42.657,2045,-0.0012,1.6480
5106,19:14:42.658,2051,0.0017,1.6528
5107,19:14:42.658,2050,0.0012,1.6520
5108,19:14:42.659,2042,-0.0027,1.6456
5109,19:14:42.659,2064,0.0081,1.6633
5110,19:14:42.660,2054,0.0032,1.6552
5111,19:14:42.660,2056,0.0042,1.6568
5112,19:14:42.661,2054,0.0032,1.6552
5113,19:14:42.661,2053,0.0027,1.6544
5114,19:14:42.662,2055,0.0037,1.6560
5115,19:14:42.662,2055,0.0037,1.6560
5116,19:14:42.663,2067,0.0095,1.6657
5117,19:14:42.663,2049,0.0007,1.6512
5118,19:14:42.664,2055,0.0037,1.6560
5119,19:14:42.664,2058,0.0051,1.6585
5120,19:14:42.665,2049,0.0007,1.6512
5121,19:14:42.665,2067,0.0095,1.6657
5122,19:14:42.666,2058,0.0051,1.6585
5123,19:14:42.666,2056,0.0042,1.6568
5124,19:14:42.667,2059,0.0056,1.6593
5125,19:14:42.667,2061,0.0066,1.6609
5126,19:14:42.668,2059,0.0056,1.6593
5127,19:14:42.668,2057,0.0046,1.6577
5128,19:14:42.669,2074,0.0129,1.6714
5129,19:14:42.669,2056,0.0042,1.6568
5130,19:14:42.670,2056,0.0042,1.6568
5131,19:14:42.670,2064,0.0081,1.6633
5132,19:14:42.671,2050,0.0012,1.6520
5133,19:14:42.671,2069,0.0105,1.6673
5134,19:14:42.672,2067,0.0095,1.6657
5135,19:14:42.672,2060,0.0061,1.6601
5136,19:14:42.673,2067,0.0095,1.6657
5137,19:14:42.673,2065,0.0085,1.6641
5138,19:14:42.674,2061,0.0066,1.6609
5139,19:14:42.674,2061,0.0066,1.6609
5140,19:14:42.675,2078,0.0149,1.6746
5141,19:14:42.675,2066,0.0090,1.6649
5142,19:14:42.676,2059,0.0056,1.6593
5143,19:14:42.676,2069,0.0105,1.6673
5144,19:14:42.677,2054,0.0032,1.6552
5145,19:14:42.677,2067,0.0095,1.6657
5146,19:14:42.678,2074,0.0129,1.6714
5147,19:14:42.678,2060,0.0061,1.6601
5148,19:14:42.679,2071,0.0115,1.6689
5149,19:14:42.679,2070,0.0110,1.6681
5150,19:14:42.680,2062,0.0071,1.6617
5151,19:14:42.680,2067,0.0095,1.6657
5152,19:14:42.681,2082,0.0168,1.6778
5153,19:14:42.681,2071,0.0115,1.6689
5154,19:14:42.682,2057,0.0046,1.6577
5155,19:14:42.682,2072,0.0120,1.6697
5156,19:14:42.683,2062,0.0071,1.6617
5157,19:14:42.683,2073,0.0125,1.6705
5158,19:14:42.684,2078,0.0149,1.6746
5159,19:14:42.684,2063,0.0076,1.6625
5160,19:14:42.685,2074,0.0129,1.6714
5161,19:14:42.685,2073,0.0125,1.6705
5162,19:14:42.686,2065,0.0085,1.6641
5163,19:14:42.686,2066,0.0090,1.6649
5164,19:14:42.687,2084,0.0178,1.6794
5165,19:14:42.687,2072,0.0120,1.6697
5166,19:14:42.688,2062,0.0071,1.6617
5167,19:14:42.688,2076,0.0139,1.6730
5168,19:14:42.689,2061,0.0066,1.6609
5169,19:14:42.689,2068,0.0100,1.6665
5170,19:14:42.690,2082,0.0168,1.6778
5171,19:14:42.690,2062,0.0071,1.6617
5172,19:14:42.691,2071,0.0115,1.6689
5173,19:14:42.691,2074,0.0129,1.6714
5174,19:14:42.692,2064,0.0081,1.6633
5175,19:14:42.692,2067,0.0095,1.6657
5176,19:14:42.693,2081,0.0164,1.6770
5177,19:14:42.693,2074,0.0129,1.6714
5178,19:14:42.694,2059,0.0056,1.6593
5179,19:14:42.694,2076,0.0139,1.6730
5180,19:14:42.695,2062,0.0071,1.6617
5181,19:14:42.695,2068,0.0100,1.6665
5182,19:14:42.696,2082,0.0168,1.6778
5183,19:14:42.696,2062,0.0071,1.6617
5184,19:14:42.697,2072,0.0120,1.6697
5185,19:14:42.697,2071,0.0115,1.6689
5186,19:14:42.698,2066,0.0090,1.6649
5187,19:14:42.698,2065,0.0085,1.6641
5188,19:14:42.699,2080,0.0159,1.6762
5189,19:14:42.699,2078,0.0149,1.6746
5190,19:14:42.700,2057,0.0046,1.6577
5191,19:14:42.700,2074,0.0129,1.6714
5192,19:14:42.701,2065,0.0085,1.6641
5193,19:14:42.701,2062,0.0071,1.6617
5194,19:14:42.702,2078,0.0149,1.6746
5195,19:14:42.702,2061,0.0066,1.6609
5196,19:14:42.703,2069,0.0105,1.6673
5197,19:14:42.703,2075,0.0134,1.6722
5198,19:14:42.704,2061,0.0066,1.6609
5199,19:14:42.704,2061,0.0066,1.6609
5200,19:14:42.705,2072,0.0120,1.6697
5201,19:14:42.705,2071,0.0115,1.6689
5202,19:14:42.706,2053,0.0027,1.6544
5203,19:14:42.706,2070,0.0110,1.6681
5204,19:14:42.707,2062,0.0071,1.6617
5205,19:14:42.707,2062,0.0071,1.6617
5206,19:14:42.708,2077,0.0144,1.6738
5207,19:14:42.708,2062,0.0071,1.6617
5208,19:14:42.709,2065,0.0085,1.6641
5209,19:14:42.709,2073,0.0125,1.6705
5210,19:14:42.710,2060,0.0061,1.6601
5211,19:14:42.710,2063,0.0076,1.6625
5212,19:14:42.711,2072,0.0120,1.6697
5213,19:14:42.711,2074,0.0129,1.6714
5214,19:14:42.712,2054,0.0032,1.6552
5215,19:14:42.712,2068,0.0100,1.6665
5216,19:14:42.713,2063,0.0076,1.6625
5217,19:14:42.713,2056,0.0042,1.6568
5218,19:14:42.714,2077,0.0144,1.6738
5219,19:14:42.714,2058,0.0051,1.6585
5220,19:14:42.715,2062,0.0071,1.6617
5221,19:14:42.715,2072,0.0120,1.6697
5222,19:14:42.716,2062,0.0071,1.6617
5223,19:14:42.716,2066,0.0090,1.6649
5224,19:14:42.717,2069,0.0105,1.6673
5225,19:14:42.717,2074,0.0129,1.6714
5226,19:14:42.718,2051,0.0017,1.6528
5227,19:14:42.718,2062,0.0071,1.6617
5228,19:14:42.719,2065,0.0085,1.6641
5229,19:14:42.719,2056,0.0042,1.6568
5230,19:14:42.720,2074,0.0129,1.6714
5231,19:14:42.720,2063,0.0076,1.6625
5232,19:14:42.721,2063,0.0076,1.6625
5233,19:14:42.721,2071,0.0115,1.6689
5234,19:14:42.722,2061,0.0066,1.6609
5235,19:14:42.722,2063,0.0076,1.6625
5236,19:14:42.723,2070,0.0110,1.6681
5237,19:14:42.723,2072,0.0120,1.6697
5238,19:14:42.724,2052,0.0022,1.6536
5239,19:14:42.724,2063,0.0076,1.6625
5240,19:14:42.725,2068,0.0100,1.6665
5241,19:14:42.725,2057,0.0046,1.6577
5242,19:14:42.726,2077,0.0144,1.6738
5243,19:14:42.726,2064,0.0081,1.6633
5244,19:14:42.727,2064,0.0081,1.6633
5245,19:14:42.727,2072,0.0120,1.6697
5246,19:14:42.728,2061,0.0066,1.6609
5247,19:14:42.728,2064,0.0081,1.6633
5248,19:14:42.729,2067,0.0095,1.6657
5249,19:14:42.729,2071,0.0115,1.6689
5250,19:14:42.730,2056,0.0042,1.6568
5251,19:14:42.730,2061,0.0066,1.6609
5252,19:14:42.731,2068,0.0100,1.6665
5253,19:14:42.731,2054,0.0032,1.6552
5254,19:14:42.732,2076,0.0139,1.6730
5255,19:14:42.732,2065,0.0085,1.6641
5256,19:14:42.733,2061,0.0066,1.6609
5257,19:14:42.733,2069,0.0105,1.6673
5258,19:14:42.734,2057,0.0046,1.6577
5259,19:14:42.734,2068,0.0100,1.6665
5260,19:14:42.735,2066,0.0090,1.6649
5261,19:14:42.735,2074,0.0129,1.6714
5262,19:14:42.736,2058,0.0051,1.6585
5263,19:14:42.736,2062,0.0071,1.6617
5264,19:14:42.737,2070,0.0110,1.6681
5265,19:14:42.737,2056,0.0042,1.6568
5266,19:14:42.738,2073,0.0125,1.6705
5267,19:14:42.738,2064,0.0081,1.6633
5268,19:14:42.739,2060,0.0061,1.6601
5269,19:14:42.739,2068,0.0100,1.6665
5270,19:14:42.740,2056,0.0042,1.6568
5271,19:14:42.740,2068,0.0100,1.6665
5272,19:14:42.741,2065,0.0085,1.6641
5273,19:14:42.741,2072,0.0120,1.6697
5274,19:14:42.742,2059,0.0056,1.6593
5275,19:14:42.742,2056,0.0042,1.6568
5276,19:14:42.743,2069,0.0105,1.6673
5277,19:14:42.743,2054,0.0032,1.6552
5278,19:14:42.744,2072,0.0120,1.6697
5279,19:14:42.744,2061,0.0066,1.6609
5280,19:14:42.745,2060,0.0061,1.6601
5281,19:14:42.745,2066,0.0090,1.6649
5282,19:14:42.746,2056,0.0042,1.6568
5283,19:14:42.746,2064,0.0081,1.6633
5284,19:14:42.747,2064,0.0081,1.6633
5285,19:14:42.747,2070,0.0110,1.6681
5286,19:14:42.748,2053,0.0027,1.6544
5287,19:14:42.748,2056,0.0042,1.6568
5288,19:14:42.749,2068,0.0100,1.6665
5289,19:14:42.749,2053,0.0027,1.6544
5290,19:14:42.750,2066,0.0090,1.6649
5291,19:14:42.750,2060,0.0061,1.6601
5292,19:14:42.751,2062,0.0071,1.6617
5293,19:14:42.751,2069,0.0105,1.6673
5294,19:14:42.752,2051,0.0017,1.6528
5295,19:14:42.752,2063,0.0076,1.6625
5296,19:14:42.753,2062,0.0071,1.6617
5297,19:14:42.753,2067,0.0095,1.6657
5298,19:14:42.754,2057,0.0046,1.6577
5299,19:14:42.754,2056,0.0042,1.6568
5300,19:14:42.755,2064,0.0081,1.6633
5301,19:14:42.755,2058,0.0051,1.6585
5302,19:14:42.756,2067,0.0095,1.6657
5303,19:14:42.756,2060,0.0061,1.6601
5304,19:14:42.757,2058,0.0051,1.6585
5305,19:14:42.757,2067,0.0095,1.6657
5306,19:14:42.758,2051,0.0017,1.6528
5307,19:14:42.758,2062,0.0071,1.6617
5308,19:14:42.759,2067,0.0095,1.6657
5309,19:14:42.759,2067,0.0095,1.6657
5310,19:14:42.760,2057,0.0046,1.6577
5311,19:14:42.760,2055,0.0037,1.6560
5312,19:14:42.761,2067,0.0095,1.6657
5313,19:14:42.761,2060,0.0061,1.6601
5314,19:14:42.762,2069,0.0105,1.6673
5315,19:14:42.762,2063,0.0076,1.6625
5316,19:14:42.763,2062,0.0071,1.6617
5317,19:14:42.763,2068,0.0100,1.6665
5318,19:14:42.764,2052,0.0022,1.6536
5319,19:14:42.764,2066,0.0090,1.6649
5320,19:14:42.765,2069,0.0105,1.6673
5321,19:14:42.765,2063,0.0076,1.6625
5322,19:14:42.766,2062,0.0071,1.6617
5323,19:14:42.766,2056,0.0042,1.6568
5324,19:14:42.767,2067,0.0095,1.6657
5325,19:14:42.767,2062,0.0071,1.6617
5326,19:14:42.768,2069,0.0105,1.6673
5327,19:14:42.768,2060,0.0061,1.6601
5328,19:14:42.769,2058,0.0051,1.6585
5329,19:14:42.769,2074,0.0129,1.6714
5330,19:14:42.770,2052,0.0022,1.6536
5331,19:14:42.770,2068,0.0100,1.6665
5332,19:14:42.771,2073,0.0125,1.6705
5333,19:14:42.771,2065,0.0085,1.6641
5334,19:14:42.772,2062,0.0071,1.6617
5335,19:14:42.772,2055,0.0037,1.6560
5336,19:14:42.773,2063,0.0076,1.6625
5337,19:14:42.773,2064,0.0081,1.6633
5338,19:14:42.774,2068,0.0100,1.6665
5339,19:14:42.774,2063,0.0076,1.6625
5340,19:14:42.775,2060,0.0061,1.6601
5341,19:14:42.775,2072,0.0120,1.6697
5342,19:14:42.776,2053,0.0027,1.6544
5343,19:14:42.776,2065,0.0085,1.6641
5344,19:14:42.777,2075,0.0134,1.6722
5345,19:14:42.777,2066,0.0090,1.6649
5346,19:14:42.778,2065,0.0085,1.6641
5347,19:14:42.778,2056,0.0042,1.6568
5348,19:14:42.779,2067,0.0095,1.6657
5349,19:14:42.779,2067,0.0095,1.6657
5350,19:14:42.780,2069,0.0105,1.6673
5351,19:14:42.780,2066,0.0090,1.6649
5352,19:14:42.781,2064,0.0081,1.6633
5353,19:14:42.781,2072,0.0120,1.6697
5354,19:14:42.782,2056,0.0042,1.6568
5355,19:14:42.782,2066,0.0090,1.6649
5356,19:14:42.783,2079,0.0154,1.6754
5357,19:14:42.783,2063,0.0076,1.6625
5358,19:14:42.784,2064,0.0081,1.6633
5359,19:14:42.784,2062,0.0071,1.6617
5360,19:14:42.785,2062,0.0071,1.6617
5361,19:14:42.785,2067,0.0095,1.6657
5362,19:14:42.786,2075,0.0134,1.6722
5363,19:14:42.786,2065,0.0085,1.6641
5364,19:14:42.787,2065,0.0085,1.6641
5365,19:14:42.787,2076,0.0139,1.6730
5366,19:14:42.788,2057,0.0046,1.6577
5367,19:14:42.788,2065,0.0085,1.6641
5368,19:14:42.789,2079,0.0154,1.6754
5369,19:14:42.789,2066,0.0090,1.6649
5370,19:14:42.790,2066,0.0090,1.6649
5371,19:14:42.790,2062,0.0071,1.6617
5372,19:14:42.791,2065,0.0085,1.6641
5373,19:14:42.791,2066,0.0090,1.6649
5374,19:14:42.792,2069,0.0105,1.6673
5375,19:14:42.792,2066,0.0090,1.6649
5376,19:14:42.793,2062,0.0071,1.6617
5377,19:14:42.793,2074,0.0129,1.6714
5378,19:14:42.794,2059,0.0056,1.6593
5379,19:14:42.794,2062,0.0071,1.6617
5380,19:14:42.795,2079,0.0154,1.6754
5381,19:14:42.795,2062,0.0071,1.6617
5382,19:14:42.796,2065,0.0085,1.6641
5383,19:14:42.796,2066,0.0090,1.6649
5384,19:14:42.797,2065,0.0085,1.6641
5385,19:14:42.797,2069,0.0105,1.6673
5386,19:14:42.798,2072,0.0120,1.6697
5387,19:14:42.798,2071,0.0115,1.6689
5388,19:14:42.799,2066,0.0090,1.6649
5389,19:14:42.799,2077,0.0144,1.6738
5390,19:14:42.800,2062,0.0071,1.6617
5391,19:14:42.800,2062,0.0071,1.6617
5392,19:14:42.801,2082,0.0168,1.6778
5393,19:14:42.801,2067,0.0095,1.6657
5394,19:14:42.802,2066,0.0090,1.6649
5395,19:14:42.802,2068,0.0100,1.6665
5396,19:14:42.803,2066,0.0090,1.6649
5397,19:14:42.803,2067,0.0095,1.6657
5398,19:14:42.804,2074,0.0129,1.6714
5399,19:14:42.804,2071,0.0115,1.6689
5400,19:14:42.805,2066,0.0090,1.6649
5401,19:14:42.805,2075,0.0134,1.6722
5402,19:14:42.806,2061,0.0066,1.6609
5403,19:14:42.806,2066,0.0090,1.6649
5404,19:14:42.807,2080,0.0159,1.6762
5405,19:14:42.807,2069,0.0105,1.6673
5406,19:14:42.808,2065,0.0085,1.6641
5407,19:14:42.808,2074,0.0129,1.6714
5408,19:14:42.809,2064,0.0081,1.6633
5409,19:14:42.809,2069,0.0105,1.6673
5410,19:14:42.810,2076,0.0139,1.6730
5411,19:14:42.810,2073,0.0125,1.6705
5412,19:14:42.811,2069,0.0105,1.6673
5413,19:14:42.811,2078,0.0149,1.6746
5414,19:14:42.812,2065,0.0085,1.6641
5415,19:14:42.812,2067,0.0095,1.6657
5416,19:14:42.813,2086,0.0188,1.6810
5417,19:14:42.813,2068,0.0100,1.6665
5418,19:14:42.814,2066,0.0090,1.6649
5419,19:14:42.814,2075,0.0134,1.6722
5420,19:14:42.815,2070,0.0110,1.6681
5421,19:14:42.815,2070,0.0110,1.6681
5422,19:14:42.816,2079,0.0154,1.6754
5423,19:14:42.816,2072,0.0120,1.6697
5424,19:14:42.817,2067,0.0095,1.6657
5425,19:14:42.817,2075,0.0134,1.6722
5426,19:14:42.818,2069,0.0105,1.6673
5427,19:14:42.818,2068,0.0100,1.6665
5428,19:14:42.819,2089,0.0203,1.6834
5429,19:14:42.819,2071,0.0115,1.6689
5430,19:14:42.820,2068,0.0100,1.6665
5431,19:14:42.820,2078,0.0149,1.6746
5432,19:14:42.821,2071,0.0115,1.6689
5433,19:14:42.821,2075,0.0134,1.6722
5434,19:14:42.822,2078,0.0149,1.6746
5435,19:14:42.822,2075,0.0134,1.6722
5436,19:14:42.823,2070,0.0110,1.6681
5437,19:14:42.823,2081,0.0164,1.6770
5438,19:14:42.824,2074,0.0129,1.6714
5439,19:14:42.824,2068,0.0100,1.6665
5440,19:14:42.825,2084,0.0178,1.6794
5441,19:14:42.825,2077,0.0144,1.6738
5442,19:14:42.826,2069,0.0105,1.6673
5443,19:14:42.826,2075,0.0134,1.6722
5444,19:14:42.827,2077,0.0144,1.6738
5445,19:14:42.827,2074,0.0129,1.6714
5446,19:14:42.828,2076,0.0139,1.6730
5447,19:14:42.828,2075,0.0134,1.6722
5448,19:14:42.829,2074,0.0129,1.6714
5449,19:14:42.829,2079,0.0154,1.6754
5450,19:14:42.830,2076,0.0139,1.6730
5451,19:14:42.830,2071,0.0115,1.6689
5452,19:14:42.831,2082,0.0168,1.6778
5453,19:14:42.831,2076,0.0139,1.6730
5454,19:14:42.832,2074,0.0129,1.6714
5455,19:14:42.832,2075,0.0134,1.6722
5456,19:14:42.833,2076,0.0139,1.6730
5457,19:14:42.833,2074,0.0129,1.6714
5458,19:14:42.834,2075,0.0134,1.6722
5459,19:14:42.834,2078,0.0149,1.6746
5460,19:14:42.835,2075,0.0134,1.6722
5461,19:14:42.835,2079,0.0154,1.6754
5462,19:14:42.836,2076,0.0139,1.6730
5463,19:14:42.836,2074,0.0129,1.6714
5464,19:14:42.837,2077,0.0144,1.6738
5465,19:14:42.837,2074,0.0129,1.6714
5466,19:14:42.838,2075,0.0134,1.6722
5467,19:14:42.838,2072,0.0120,1.6697
5468,19:14:42.839,2075,0.0134,1.6722
5469,19:14:42.839,2075,0.0134,1.6722
5470,19:14:42.840,2075,0.0134,1.6722
5471,19:14:42.840,2072,0.0120,1.6697
5472,19:14:42.841,2076,0.0139,1.6730
5473,19:14:42.841,2074,0.0129,1.6714
5474,19:14:42.842,2072,0.0120,1.6697
5475,19:14:42.842,2072,0.0120,1.6697
5476,19:14:42.843,2072,0.0120,1.6697
5477,19:14:42.843,2076,0.0139,1.6730
5478,19:14:42.844,2071,0.0115,1.6689
5479,19:14:42.844,2069,0.0105,1.6673
5480,19:14:42.845,2072,0.0120,1.6697
5481,19:14:42.845,2072,0.0120,1.6697
5482,19:14:42.846,2067,0.0095,1.6657
5483,19:14:42.846,2068,0.0100,1.6665
5484,19:14:42.847,2076,0.0139,1.6730
5485,19:14:42.847,2070,0.0110,1.6681
5486,19:14:42.848,2068,0.0100,1.6665
5487,19:14:42.848,2070,0.0110,1.6681
5488,19:14:42.849,2071,0.0115,1.6689
5489,19:14:42.849,2072,0.0120,1.6697
5490,19:14:42.850,2068,0.0100,1.6665
5491,19:14:42.850,2066,0.0090,1.6649
5492,19:14:42.851,2069,0.0105,1.6673
5493,19:14:42.851,2072,0.0120,1.6697
5494,19:14:42.852,2067,0.0095,1.6657
5495,19:14:42.852,2066,0.0090,1.6649
5496,19:14:42.853,2070,0.0110,1.6681
5497,19:14:42.853,2068,0.0100,1.6665
5498,19:14:42.854,2067,0.0095,1.6657
5499,19:14:42.854,2066,0.0090,1.6649
5500,19:14:42.855,2067,0.0095,1.6657
5501,19:14:42.855,2071,0.0115,1.6689
5502,19:14:42.856,2066,0.0090,1.6649
5503,19:14:42.856,2064,0.0081,1.6633
5504,19:14:42.857,2067,0.0095,1.6657
5505,19:14:42.857,2067,0.0095,1.6657
5506,19:14:42.858,2066,0.0090,1.6649
5507,19:14:42.858,2061,0.0066,1.6609
5508,19:14:42.859,2067,0.0095,1.6657
5509,19:14:42.859,2067,0.0095,1.6657
5510,19:14:42.860,2066,0.0090,1.6649
5511,19:14:42.860,2064,0.0081,1.6633
5512,19:14:42.861,2065,0.0085,1.6641
5513,19:14:42.861,2069,0.0105,1.6673
5514,19:14:42.862,2066,0.0090,1.6649
5515,19:14:42.862,2062,0.0071,1.6617
5516,19:14:42.863,2066,0.0090,1.6649
5517,19:14:42.863,2068,0.0100,1.6665
5518,19:14:42.864,2062,0.0071,1.6617
5519,19:14:42.864,2061,0.0066,1.6609
5520,19:14:42.865,2068,0.0100,1.6665
5521,19:14:42.865,2067,0.0095,1.6657
5522,19:14:42.866,2066,0.0090,1.6649
5523,19:14:42.866,2063,0.0076,1.6625
5524,19:14:42.867,2065,0.0085,1.6641
5525,19:14:42.867,2068,0.0100,1.6665
5526,19:14:42.868,2062,0.0071,1.6617
5527,19:14:42.868,2063,0.0076,1.6625
5528,19:14:42.869,2068,0.0100,1.6665
5529,19:14:42.869,2068,0.0100,1.6665
5530,19:14:42.870,2064,0.0081,1.6633
5531,19:14:42.870,2065,0.0085,1.6641
5532,19:14:42.871,2065,0.0085,1.6641
5533,19:14:42.871,2066,0.0090,1.6649
5534,19:14:42.872,2063,0.0076,1.6625
5535,19:14:42.872,2062,0.0071,1.6617
5536,19:14:42.873,2064,0.0081,1.6633
5537,19:14:42.873,2067,0.0095,1.6657
5538,19:14:42.874,2065,0.0085,1.6641
5539,19:14:42.874,2063,0.0076,1.6625
5540,19:14:42.875,2068,0.0100,1.6665
5541,19:14:42.875,2066,0.0090,1.6649
5542,19:14:42.876,2065,0.0085,1.6641
5543,19:14:42.876,2062,0.0071,1.6617
5544,19:14:42.877,2064,0.0081,1.6633
5545,19:14:42.877,2068,0.0100,1.6665
5546,19:14:42.878,2065,0.0085,1.6641
5547,19:14:42.878,2063,0.0076,1.6625
5548,19:14:42.879,2065,0.0085,1.6641
5549,19:14:42.879,2068,0.0100,1.6665
5550,19:14:42.880,2064,0.0081,1.6633
5551,19:14:42.880,2067,0.0095,1.6657
5552,19:14:42.881,2069,0.0105,1.6673
5553,19:14:42.881,2067,0.0095,1.6657
5554,19:14:42.882,2069,0.0105,1.6673
5555,19:14:42.882,2066,0.0090,1.6649
5556,19:14:42.883,2071,0.0115,1.6689
5557,19:14:42.883,2071,0.0115,1.6689
5558,19:14:42.884,2067,0.0095,1.6657
5559,19:14:42.884,2065,0.0085,1.6641
5560,19:14:42.885,2071,0.0115,1.6689
5561,19:14:42.885,2069,0.0105,1.6673
5562,19:14:42.886,2068,0.0100,1.6665
5563,19:14:42.886,2068,0.0100,1.6665
5564,19:14:42.887,2069,0.0105,1.6673
5565,19:14:42.887,2069,0.0105,1.6673
5566,19:14:42.888,2067,0.0095,1.6657
5567,19:14:42.888,2070,0.0110,1.6681
5568,19:14:42.889,2070,0.0110,1.6681
5569,19:14:42.889,2072,0.0120,1.6697
5570,19:14:42.890,2071,0.0115,1.6689
5571,19:14:42.890,2071,0.0115,1.6689
5572,19:14:42.891,2073,0.0125,1.6705
5573,19:14:42.891,2071,0.0115,1.6689
5574,19:14:42.892,2069,0.0105,1.6673
5575,19:14:42.892,2071,0.0115,1.6689
5576,19:14:42.893,2074,0.0129,1.6714
5577,19:14:42.893,2072,0.0120,1.6697
5578,19:14:42.894,2073,0.0125,1.6705
5579,19:14:42.894,2070,0.0110,1.6681
5580,19:14:42.895,2072,0.0120,1.6697
5581,19:14:42.895,2072,0.0120,1.6697
5582,19:14:42.896,2070,0.0110,1.6681
5583,19:14:42.896,2071,0.0115,1.6689
5584,19:14:42.897,2072,0.0120,1.6697
5585,19:14:42.897,2072,0.0120,1.6697
5586,19:14:42.898,2072,0.0120,1.6697
5587,19:14:42.898,2072,0.0120,1.6697
5588,19:14:42.899,2073,0.0125,1.6705
5589,19:14:42.899,2072,0.0120,1.6697
5590,19:14:42.900,2070,0.0110,1.6681
5591,19:14:42.900,2073,0.0125,1.6705
5592,19:14:42.901,2075,0.0134,1.6722
5593,19:14:42.901,2074,0.0129,1.6714
5594,19:14:42.902,2074,0.0129,1.6714
5595,19:14:42.902,2076,0.0139,1.6730
5596,19:14:42.903,2072,0.0120,1.6697
5597,19:14:42.903,2073,0.0125,1.6705
5598,19:14:42.904,2072,0.0120,1.6697
5599,19:14:42.904,2074,0.0129,1.6714
5600,19:14:42.905,2076,0.0139,1.6730
5601,19:14:42.905,2075,0.0134,1.6722
5602,19:14:42.906,2072,0.0120,1.6697
5603,19:14:42.906,2073,0.0125,1.6705
5604,19:14:42.907,2074,0.0129,1.6714
5605,19:14:42.907,2076,0.0139,1.6730
5606,19:14:42.908,2072,0.0120,1.6697
5607,19:14:42.908,2075,0.0134,1.6722
5608,19:14:42.909,2076,0.0139,1.6730
5609,19:14:42.909,2078,0.0149,1.6746
5610,19:14:42.910,2073,0.0125,1.6705
5611,19:14:42.910,2074,0.0129,1.6714
5612,19:14:42.911,2076,0.0139,1.6730
5613,19:14:42.911,2076,0.0139,1.6730
5614,19:14:42.912,2073,0.0125,1.6705
5615,19:14:42.912,2072,0.0120,1.6697
5616,19:14:42.913,2078,0.0149,1.6746
5617,19:14:42.913,2074,0.0129,1.6714
5618,19:14:42.914,2076,0.0139,1.6730
5619,19:14:42.914,2074,0.0129,1.6714
5620,19:14:42.915,2078,0.0149,1.6746
5621,19:14:42.915,2074,0.0129,1.6714
5622,19:14:42.916,2076,0.0139,1.6730
5623,19:14:42.916,2077,0.0144,1.6738
5624,19:14:42.917,2079,0.0154,1.6754
5625,19:14:42.917,2078,0.0149,1.6746
5626,19:14:42.918,2077,0.0144,1.6738
5627,19:14:42.918,2075,0.0134,1.6722
5628,19:14:42.919,2079,0.0154,1.6754
5629,19:14:42.919,2078,0.0149,1.6746
5630,19:14:42.920,2075,0.0134,1.6722
5631,19:14:42.920,2076,0.0139,1.6730
5632,19:14:42.921,2081,0.0164,1.6770
5633,19:14:42.921,2077,0.0144,1.6738
5634,19:14:42.922,2075,0.0134,1.6722
5635,19:14:42.922,2079,0.0154,1.6754
5636,19:14:42.923,2080,0.0159,1.6762
5637,19:14:42.923,2077,0.0144,1.6738
5638,19:14:42.924,2075,0.0134,1.6722
5639,19:14:42.924,2078,0.0149,1.6746
5640,19:14:42.925,2079,0.0154,1.6754
5641,19:14:42.925,2080,0.0159,1.6762
5642,19:14:42.926,2078,0.0149,1.6746
5643,19:14:42.926,2079,0.0154,1.6754
5644,19:14:42.927,2078,0.0149,1.6746
5645,19:14:42.927,2077,0.0144,1.6738
5646,19:14:42.928,2076,0.0139,1.6730
5647,19:14:42.928,2079,0.0154,1.6754
5648,19:14:42.929,2080,0.0159,1.6762
5649,19:14:42.929,2080,0.0159,1.6762
5650,19:14:42.930,2078,0.0149,1.6746
5651,19:14:42.930,2080,0.0159,1.6762
5652,19:14:42.931,2079,0.0154,1.6754
5653,19:14:42.931,2081,0.0164,1.6770
5654,19:14:42.932,2077,0.0144,1.6738
5655,19:14:42.932,2080,0.0159,1.6762
5656,19:14:42.933,2079,0.0154,1.6754
5657,19:14:42.933,2079,0.0154,1.6754
5658,19:14:42.934,2077,0.0144,1.6738
5659,19:14:42.934,2078,0.0149,1.6746
5660,19:14:42.935,2078,0.0149,1.6746
5661,19:14:42.935,2080,0.0159,1.6762
5662,19:14:42.936,2081,0.0164,1.6770
5663,19:14:42.936,2083,0.0173,1.6786
5664,19:14:42.937,2079,0.0154,1.6754
5665,19:14:42.937,2071,0.0115,1.6689
5666,19:14:42.938,2087,0.0193,1.6818
5667,19:14:42.938,2091,0.0212,1.6851
5668,19:14:42.939,2073,0.0125,1.6705
5669,19:14:42.939,2079,0.0154,1.6754
5670,19:14:42.940,2088,0.0198,1.6826
5671,19:14:42.940,2078,0.0149,1.6746
5672,19:14:42.941,2063,0.0076,1.6625
5673,19:14:42.941,2094,0.0227,1.6875
5674,19:14:42.942,2091,0.0212,1.6851
5675,19:14:42.942,2088,0.0198,1.6826
5676,19:14:42.943,2089,0.0203,1.6834
5677,19:14:42.943,2090,0.0208,1.6842
5678,19:14:42.944,2082,0.0168,1.6778
5679,19:14:42.944,2096,0.0237,1.6891
5680,19:14:42.945,2094,0.0227,1.6875
5681,19:14:42.945,2080,0.0159,1.6762
5682,19:14:42.946,2108,0.0295,1.6988
5683,19:14:42.946,2092,0.0217,1.6859
5684,19:14:42.947,2090,0.0208,1.6842
5685,19:14:42.947,2086,0.0188,1.6810
5686,19:14:42.948,2096,0.0237,1.6891
5687,19:14:42.948,2102,0.0266,1.6939
5688,19:14:42.949,2116,0.0335,1.7052
5689,19:14:42.949,2098,0.0247,1.6907
5690,19:14:42.950,2090,0.0208,1.6842
5691,19:14:42.950,2099,0.0252,1.6915
5692,19:14:42.951,2105,0.0281,1.6963
5693,19:14:42.951,2104,0.0276,1.6955
5694,19:14:42.952,2110,0.0305,1.7004
5695,19:14:42.952,2115,0.0330,1.7044
5696,19:14:42.953,2097,0.0242,1.6899
5697,19:14:42.953,2106,0.0286,1.6971
5698,19:14:42.954,2120,0.0354,1.7084
5699,19:14:42.954,2120,0.0354,1.7084
5700,19:14:42.955,2121,0.0359,1.7092
5701,19:14:42.955,2115,0.0330,1.7044
5702,19:14:42.956,2103,0.0271,1.6947
5703,19:14:42.956,2121,0.0359,1.7092
5704,19:14:42.957,2131,0.0408,1.7173
5705,19:14:42.957,2116,0.0335,1.7052
5706,19:14:42.958,2123,0.0369,1.7108
5707,19:14:42.958,2094,0.0227,1.6875
5708,19:14:42.959,2082,0.0168,1.6778
5709,19:14:42.959,2081,0.0164,1.6770
5710,19:14:42.960,2092,0.0217,1.6859
5711,19:14:42.960,2112,0.0315,1.7020
5712,19:14:42.961,2124,0.0374,1.7116
5713,19:14:42.961,2125,0.0379,1.7125
5714,19:14:42.962,2102,0.0266,1.6939
5715,19:14:42.962,2085,0.0183,1.6802
5716,19:14:42.963,2091,0.0212,1.6851
5717,19:14:42.963,2086,0.0188,1.6810
5718,19:14:42.964,2094,0.0227,1.6875
5719,19:14:42.964,2117,0.0339,1.7060
5720,19:14:42.965,2105,0.0281,1.6963
5721,19:14:42.965,2096,0.0237,1.6891
5722,19:14:42.966,2094,0.0227,1.6875
5723,19:14:42.966,2084,0.0178,1.6794
5724,19:14:42.967,2088,0.0198,1.6826
5725,19:14:42.967,2094,0.0227,1.6875
5726,19:14:42.968,2091,0.0212,1.6851
5727,19:14:42.968,2087,0.0193,1.6818
5728,19:14:42.969,2099,0.0252,1.6915
5729,19:14:42.969,2081,0.0164,1.6770
5730,19:14:42.970,2076,0.0139,1.6730
5731,19:14:42.970,2085,0.0183,1.6802
5732,19:14:42.971,2071,0.0115,1.6689
5733,19:14:42.971,2077,0.0144,1.6738
5734,19:14:42.972,2088,0.0198,1.6826
5735,19:14:42.972,2078,0.0149,1.6746
5736,19:14:42.973,2076,0.0139,1.6730
5737,19:14:42.973,2072,0.0120,1.6697
5738,19:14:42.974,2067,0.0095,1.6657
5739,19:14:42.974,2062,0.0071,1.6617
5740,19:14:42.975,2071,0.0115,1.6689
5741,19:14:42.975,2069,0.0105,1.6673
5742,19:14:42.976,2056,0.0042,1.6568
5743,19:14:42.976,2065,0.0085,1.6641
5744,19:14:42.977,2056,0.0042,1.6568
5745,19:14:42.977,2054,0.0032,1.6552
5746,19:14:42.978,2061,0.0066,1.6609
5747,19:14:42.978,2055,0.0037,1.6560
5748,19:14:42.979,2051,0.0017,1.6528
5749,19:14:42.979,2054,0.0032,1.6552
5750,19:14:42.980,2068,0.0100,1.6665
5751,19:14:42.980,2048,0.0002,1.6504
5752,19:14:42.981,2054,0.0032,1.6552
5753,19:14:42.981,2049,0.0007,1.6512
5754,19:14:42.982,2034,-0.0066,1.6391
5755,19:14:42.982,2058,0.0051,1.6585
5756,19:14:42.983,2046,-0.0007,1.6488
5757,19:14:42.983,2044,-0.0017,1.6472
5758,19:14:42.984,2057,0.0046,1.6577
5759,19:14:42.984,2051,0.0017,1.6528
5760,19:14:42.985,2042,-0.0027,1.6456
5761,19:14:42.985,2041,-0.0032,1.6448
5762,19:14:42.986,2056,0.0042,1.6568
5763,19:14:42.986,2043,-0.0022,1.6464
5764,19:14:42.987,2051,0.0017,1.6528
5765,19:14:42.987,2052,0.0022,1.6536
5766,19:14:42.988,2039,-0.0042,1.6432
5767,19:14:42.988,2050,0.0012,1.6520
5768,19:14:42.989,2037,-0.0051,1.6415
5769,19:14:42.989,2040,-0.0037,1.6440
5770,19:14:42.990,2055,0.0037,1.6560
5771,19:14:42.990,2050,0.0012,1.6520
5772,19:14:42.991,2049,0.0007,1.6512
5773,19:14:42.991,2036,-0.0056,1.6407
5774,19:14:42.992,2056,0.0042,1.6568
5775,19:14:42.992,2040,-0.0037,1.6440
5776,19:14:42.993,2048,0.0002,1.6504
5777,19:14:42.993,2056,0.0042,1.6568
5778,19:14:42.994,2033,-0.0071,1.6383
5779,19:14:42.994,2054,0.0032,1.6552
5780,19:14:42.995,2045,-0.0012,1.6480
5781,19:14:42.995,2045,-0.0012,1.6480
5782,19:14:42.996,2059,0.0056,1.6593
5783,19:14:42.996,2054,0.0032,1.6552
5784,19:14:42.997,2053,0.0027,1.6544
5785,19:14:42.997,2038,-0.0046,1.6423
5786,19:14:42.998,2060,0.0061,1.6601
5787,19:14:42.998,2049,0.0007,1.6512
5788,19:14:42.999,2050,0.0012,1.6520
5789,19:14:42.999,2060,0.0061,1.6601
5790,19:14:43.000,2043,-0.0022,1.6464
5791,19:14:43.000,2056,0.0042,1.6568
5792,19:14:43.001,2045,-0.0012,1.6480
5793,19:14:43.001,2044,-0.0017,1.6472
5794,19:14:43.002,2063,0.0076,1.6625
5795,19:14:43.002,2059,0.0056,1.6593
5796,19:14:43.003,2059,0.0056,1.6593
5797,19:14:43.003,2041,-0.0032,1.6448
5798,19:14:43.004,2058,0.0051,1.6585
5799,19:14:43.004,2049,0.0007,1.6512
5800,19:14:43.005,2052,0.0022,1.6536
5801,19:14:43.005,2066,0.0090,1.6649
5802,19:14:43.006,2044,-0.0017,1.6472
5803,19:14:43.006,2055,0.0037,1.6560
5804,19:14:43.007,2048,0.0002,1.6504
5805,19:14:43.007,2044,-0.0017,1.6472
5806,19:14:43.008,2065,0.0085,1.6641
5807,19:14:43.008,2058,0.0051,1.6585
5808,19:14:43.009,2064,0.0081,1.6633
5809,19:14:43.009,2043,-0.0022,1.6464
5810,19:14:43.010,2059,0.0056,1.6593
5811,19:14:43.010,2053,0.0027,1.6544
5812,19:14:43.011,2048,0.0002,1.6504
5813,19:14:43.011,2069,0.0105,1.6673
5814,19:14:43.012,2047,-0.0002,1.6496
5815,19:14:43.012,2060,0.0061,1.6601
5816,19:14:43.013,2054,0.0032,1.6552
5817,19:14:43.013,2049,0.0007,1.6512
5818,19:14:43.014,2063,0.0076,1.6625
5819,19:14:43.014,2059,0.0056,1.6593
5820,19:14:43.015,2068,0.0100,1.6665
5821,19:14:43.015,2050,0.0012,1.6520
5822,19:14:43.016,2061,0.0066,1.6609
5823,19:14:43.016,2059,0.0056,1.6593
5824,19:14:43.017,2044,-0.0017,1.6472
5825,19:14:43.017,2064,0.0081,1.6633
5826,19:14:43.018,2057,0.0046,1.6577
5827,19:14:43.018,2072,0.0120,1.6697
5828,19:14:43.019,2070,0.0110,1.6681
5829,19:14:43.019,2055,0.0037,1.6560
5830,19:14:43.020,2062,0.0071,1.6617
5831,19:14:43.020,2053,0.0027,1.6544
5832,19:14:43.021,2072,0.0120,1.6697
5833,19:14:43.021,2062,0.0071,1.6617
5834,19:14:43.022,2066,0.0090,1.6649
5835,19:14:43.022,2074,0.0129,1.6714
5836,19:14:43.023,2059,0.0056,1.6593
5837,19:14:43.023,2071,0.0115,1.6689
5838,19:14:43.024,2055,0.0037,1.6560
5839,19:14:43.024,2065,0.0085,1.6641
5840,19:14:43.025,2061,0.0066,1.6609
5841,19:14:43.025,2060,0.0061,1.6601
5842,19:14:43.026,2074,0.0129,1.6714
5843,19:14:43.026,2062,0.0071,1.6617
5844,19:14:43.027,2079,0.0154,1.6754
5845,19:14:43.027,2054,0.0032,1.6552
5846,19:14:43.028,2060,0.0061,1.6601
5847,19:14:43.028,2072,0.0120,1.6697
5848,19:14:43.029,2054,0.0032,1.6552
5849,19:14:43.029,2075,0.0134,1.6722
5850,19:14:43.030,2066,0.0090,1.6649
5851,19:14:43.030,2066,0.0090,1.6649
5852,19:14:43.031,2064,0.0081,1.6633
5853,19:14:43.031,2058,0.0051,1.6585
5854,19:14:43.032,2075,0.0134,1.6722
5855,19:14:43.032,2057,0.0046,1.6577
5856,19:14:43.033,2077,0.0144,1.6738
5857,19:14:43.033,2066,0.0090,1.6649
5858,19:14:43.034,2062,0.0071,1.6617
5859,19:14:43.034,2071,0.0115,1.6689
5860,19:14:43.035,2053,0.0027,1.6544
5861,19:14:43.035,2071,0.0115,1.6689
5862,19:14:43.036,2062,0.0071,1.6617
5863,19:14:43.036,2071,0.0115,1.6689
5864,19:14:43.037,2066,0.0090,1.6649
5865,19:14:43.037,2061,0.0066,1.6609
5866,19:14:43.038,2075,0.0134,1.6722
5867,19:14:43.038,2055,0.0037,1.6560
5868,19:14:43.039,2077,0.0144,1.6738
5869,19:14:43.039,2068,0.0100,1.6665
5870,19:14:43.040,2058,0.0051,1.6585
5871,19:14:43.040,2073,0.0125,1.6705
5872,19:14:43.041,2061,0.0066,1.6609
5873,19:14:43.041,2067,0.0095,1.6657
5874,19:14:43.042,2062,0.0071,1.6617
5875,19:14:43.042,2065,0.0085,1.6641
5876,19:14:43.043,2068,0.0100,1.6665
5877,19:14:43.043,2059,0.0056,1.6593
5878,19:14:43.044,2079,0.0154,1.6754
5879,19:14:43.044,2056,0.0042,1.6568
5880,19:14:43.045,2074,0.0129,1.6714
5881,19:14:43.045,2068,0.0100,1.6665
5882,19:14:43.046,2061,0.0066,1.6609
5883,19:14:43.046,2075,0.0134,1.6722
5884,19:14:43.047,2061,0.0066,1.6609
5885,19:14:43.047,2072,0.0120,1.6697
5886,19:14:43.048,2065,0.0085,1.6641
5887,19:14:43.048,2067,0.0095,1.6657
5888,19:14:43.049,2062,0.0071,1.6617
5889,19:14:43.049,2059,0.0056,1.6593
5890,19:14:43.050,2080,0.0159,1.6762
5891,19:14:43.050,2061,0.0066,1.6609
5892,19:14:43.051,2072,0.0120,1.6697
5893,19:14:43.051,2069,0.0105,1.6673
5894,19:14:43.052,2059,0.0056,1.6593
5895,19:14:43.052,2075,0.0134,1.6722
5896,19:14:43.053,2058,0.0051,1.6585
5897,19:14:43.053,2068,0.0100,1.6665
5898,19:14:43.054,2064,0.0081,1.6633
5899,19:14:43.054,2067,0.0095,1.6657
5900,19:14:43.055,2066,0.0090,1.6649
5901,19:14:43.055,2056,0.0042,1.6568
5902,19:14:43.056,2079,0.0154,1.6754
5903,19:14:43.056,2061,0.0066,1.6609
5904,19:14:43.057,2067,0.0095,1.6657
5905,19:14:43.057,2070,0.0110,1.6681
5906,19:14:43.058,2052,0.0022,1.6536
5907,19:14:43.058,2070,0.0110,1.6681
5908,19:14:43.059,2058,0.0051,1.6585
5909,19:14:43.059,2068,0.0100,1.6665
5910,19:14:43.060,2063,0.0076,1.6625
5911,19:14:43.060,2065,0.0085,1.6641
5912,19:14:43.061,2061,0.0066,1.6609
5913,19:14:43.061,2052,0.0022,1.6536
5914,19:14:43.062,2082,0.0168,1.6778
5915,19:14:43.062,2058,0.0051,1.6585
5916,19:14:43.063,2059,0.0056,1.6593
5917,19:14:43.063,2071,0.0115,1.6689
5918,19:14:43.064,2052,0.0022,1.6536
5919,19:14:43.064,2067,0.0095,1.6657
5920,19:14:43.065,2057,0.0046,1.6577
5921,19:14:43.065,2060,0.0061,1.6601
5922,19:14:43.066,2061,0.0066,1.6609
5923,19:14:43.066,2062,0.0071,1.6617
5924,19:14:43.067,2060,0.0061,1.6601
5925,19:14:43.067,2044,-0.0017,1.6472
5926,19:14:43.068,2074,0.0129,1.6714
5927,19:14:43.068,2059,0.0056,1.6593
5928,19:14:43.069,2057,0.0046,1.6577
5929,19:14:43.069,2072,0.0120,1.6697
5930,19:14:43.070,2051,0.0017,1.6528
5931,19:14:43.070,2061,0.0066,1.6609
5932,19:14:43.071,2058,0.0051,1.6585
5933,19:14:43.071,2058,0.0051,1.6585
5934,19:14:43.072,2054,0.0032,1.6552
5935,19:14:43.072,2063,0.0076,1.6625
5936,19:14:43.073,2060,0.0061,1.6601
5937,19:14:43.073,2041,-0.0032,1.6448
5938,19:14:43.074,2074,0.0129,1.6714
5939,19:14:43.074,2061,0.0066,1.6609
5940,19:14:43.075,2055,0.0037,1.6560
5941,19:14:43.075,2068,0.0100,1.6665
5942,19:14:43.076,2045,-0.0012,1.6480
5943,19:14:43.076,2060,0.0061,1.6601
5944,19:14:43.077,2058,0.0051,1.6585
5945,19:14:43.077,2057,0.0046,1.6577
5946,19:14:43.078,2056,0.0042,1.6568
5947,19:14:43.078,2056,0.0042,1.6568
5948,19:14:43.079,2060,0.0061,1.6601
5949,19:14:43.079,2039,-0.0042,1.6432
5950,19:14:43.080,2074,0.0129,1.6714
5951,19:14:43.080,2061,0.0066,1.6609
5952,19:14:43.081,2051,0.0017,1.6528
5953,19:14:43.081,2071,0.0115,1.6689
5954,19:14:43.082,2050,0.0012,1.6520
5955,19:14:43.082,2058,0.0051,1.6585
5956,19:14:43.083,2058,0.0051,1.6585
5957,19:14:43.083,2056,0.0042,1.6568
5958,19:14:43.084,2058,0.0051,1.6585
5959,19:14:43.084,2059,0.0056,1.6593
5960,19:14:43.085,2060,0.0061,1.6601
5961,19:14:43.085,2043,-0.0022,1.6464
5962,19:14:43.086,2069,0.0105,1.6673
5963,19:14:43.086,2065,0.0085,1.6641
5964,19:14:43.087,2052,0.0022,1.6536
5965,19:14:43.087,2067,0.0095,1.6657
5966,19:14:43.088,2055,0.0037,1.6560
5967,19:14:43.088,2062,0.0071,1.6617
5968,19:14:43.089,2062,0.0071,1.6617
5969,19:14:43.089,2061,0.0066,1.6609
5970,19:14:43.090,2061,0.0066,1.6609
5971,19:14:43.090,2060,0.0061,1.6601
5972,19:14:43.091,2067,0.0095,1.6657
5973,19:14:43.091,2044,-0.0017,1.6472
5974,19:14:43.092,2069,0.0105,1.6673
5975,19:14:43.092,2071,0.0115,1.6689
5976,19:14:43.093,2055,0.0037,1.6560
5977,19:14:43.093,2069,0.0105,1.6673
5978,19:14:43.094,2058,0.0051,1.6585
5979,19:14:43.094,2061,0.0066,1.6609
5980,19:14:43.095,2065,0.0085,1.6641
5981,19:14:43.095,2061,0.0066,1.6609
5982,19:14:43.096,2057,0.0046,1.6577
5983,19:14:43.096,2062,0.0071,1.6617
5984,19:14:43.097,2068,0.0100,1.6665
5985,19:14:43.097,2048,0.0002,1.6504
5986,19:14:43.098,2068,0.0100,1.6665
5987,19:14:43.098,2075,0.0134,1.6722
5988,19:14:43.099,2051,0.0017,1.6528
5989,19:14:43.099,2073,0.0125,1.6705
5990,19:14:43.100,2060,0.0061,1.6601
5991,19:14:43.100,2061,0.0066,1.6609
5992,19:14:43.101,2067,0.0095,1.6657
5993,19:14:43.101,2063,0.0076,1.6625
5994,19:14:43.102,2059,0.0056,1.6593
5995,19:14:43.102,2061,0.0066,1.6609
5996,19:14:43.103,2068,0.0100,1.6665
5997,19:14:43.103,2049,0.0007,1.6512
5998,19:14:43.104,2068,0.0100,1.6665
5999,19:14:43.104,2071,0.0115,1.6689
6000,19:14:43.105,2056,0.0042,1.6568
6001,19:14:43.105,2073,0.0125,1.6705
6002,19:14:43.106,2060,0.0061,1.6601
6003,19:14:43.106,2064,0.0081,1.6633
6004,19:14:43.107,2067,0.0095,1.6657
6005,19:14:43.107,2067,0.0095,1.6657
6006,19:14:43.108,2059,0.0056,1.6593
6007,19:14:43.108,2063,0.0076,1.6625
6008,19:14:43.109,2071,0.0115,1.6689
6009,19:14:43.109,2057,0.0046,1.6577
6010,19:14:43.110,2066,0.0090,1.6649
6011,19:14:43.110,2073,0.0125,1.6705
6012,19:14:43.111,2055,0.0037,1.6560
6013,19:14:43.111,2073,0.0125,1.6705
6014,19:14:43.112,2066,0.0090,1.6649
6015,19:14:43.112,2062,0.0071,1.6617
6016,19:14:43.113,2070,0.0110,1.6681
6017,19:14:43.113,2070,0.0110,1.6681
6018,19:14:43.114,2063,0.0076,1.6625
6019,19:14:43.114,2062,0.0071,1.6617
6020,19:14:43.115,2066,0.0090,1.6649
6021,19:14:43.115,2059,0.0056,1.6593
6022,19:14:43.116,2068,0.0100,1.6665
6023,19:14:43.116,2074,0.0129,1.6714
6024,19:14:43.117,2060,0.0061,1.6601
6025,19:14:43.117,2074,0.0129,1.6714
6026,19:14:43.118,2070,0.0110,1.6681
6027,19:14:43.118,2063,0.0076,1.6625
6028,19:14:43.119,2068,0.0100,1.6665
6029,19:14:43.119,2068,0.0100,1.6665
6030,19:14:43.120,2067,0.0095,1.6657
6031,19:14:43.120,2064,0.0081,1.6633
6032,19:14:43.121,2072,0.0120,1.6697
6033,19:14:43.121,2063,0.0076,1.6625
6034,19:14:43.122,2068,0.0100,1.6665
6035,19:14:43.122,2078,0.0149,1.6746
6036,19:14:43.123,2064,0.0081,1.6633
6037,19:14:43.123,2076,0.0139,1.6730
6038,19:14:43.124,2072,0.0120,1.6697
6039,19:14:43.124,2066,0.0090,1.6649
6040,19:14:43.125,2069,0.0105,1.6673
6041,19:14:43.125,2070,0.0110,1.6681
6042,19:14:43.126,2072,0.0120,1.6697
6043,19:14:43.126,2067,0.0095,1.6657
6044,19:14:43.127,2073,0.0125,1.6705
6045,19:14:43.127,2066,0.0090,1.6649
6046,19:14:43.128,2073,0.0125,1.6705
6047,19:14:43.128,2078,0.0149,1.6746
6048,19:14:43.129,2065,0.0085,1.6641
6049,19:14:43.129,2076,0.0139,1.6730
6050,19:14:43.130,2073,0.0125,1.6705
6051,19:14:43.130,2070,0.0110,1.6681
6052,19:14:43.131,2071,0.0115,1.6689
6053,19:14:43.131,2074,0.0129,1.6714
6054,19:14:43.132,2075,0.0134,1.6722
6055,19:14:43.132,2070,0.0110,1.6681
6056,19:14:43.133,2071,0.0115,1.6689
6057,19:14:43.133,2071,0.0115,1.6689
6058,19:14:43.134,2070,0.0110,1.6681
6059,19:14:43.134,2080,0.0159,1.6762
6060,19:14:43.135,2071,0.0115,1.6689
6061,19:14:43.135,2078,0.0149,1.6746
6062,19:14:43.136,2075,0.0134,1.6722
6063,19:14:43.136,2069,0.0105,1.6673
6064,19:14:43.137,2072,0.0120,1.6697
6065,19:14:43.137,2075,0.0134,1.6722
6066,19:14:43.138,2076,0.0139,1.6730
6067,19:14:43.138,2076,0.0139,1.6730
6068,19:14:43.139,2074,0.0129,1.6714
6069,19:14:43.139,2072,0.0120,1.6697
6070,19:14:43.140,2074,0.0129,1.6714
6071,19:14:43.140,2083,0.0173,1.6786
6072,19:14:43.141,2073,0.0125,1.6705
6073,19:14:43.141,2075,0.0134,1.6722
6074,19:14:43.142,2078,0.0149,1.6746
6075,19:14:43.142,2075,0.0134,1.6722
6076,19:14:43.143,2074,0.0129,1.6714
6077,19:14:43.143,2073,0.0125,1.6705
6078,19:14:43.144,2077,0.0144,1.6738
6079,19:14:43.144,2078,0.0149,1.6746
6080,19:14:43.145,2070,0.0110,1.6681
6081,19:14:43.145,2072,0.0120,1.6697
6082,19:14:43.146,2076,0.0139,1.6730
6083,19:14:43.146,2082,0.0168,1.6778
6084,19:14:43.147,2072,0.0120,1.6697
6085,19:14:43.147,2078,0.0149,1.6746
6086,19:14:43.148,2077,0.0144,1.6738
6087,19:14:43.148,2074,0.0129,1.6714
6088,19:14:43.149,2077,0.0144,1.6738
6089,19:14:43.149,2077,0.0144,1.6738
6090,19:14:43.150,2073,0.0125,1.6705
6091,19:14:43.150,2077,0.0144,1.6738
6092,19:14:43.151,2074,0.0129,1.6714
6093,19:14:43.151,2076,0.0139,1.6730
6094,19:14:43.152,2079,0.0154,1.6754
6095,19:14:43.152,2081,0.0164,1.6770
6096,19:14:43.153,2075,0.0134,1.6722
6097,19:14:43.153,2077,0.0144,1.6738
6098,19:14:43.154,2079,0.0154,1.6754
6099,19:14:43.154,2075,0.0134,1.6722
6100,19:14:43.155,2079,0.0154,1.6754
6101,19:14:43.155,2078,0.0149,1.6746
6102,19:14:43.156,2077,0.0144,1.6738
6103,19:14:43.156,2081,0.0164,1.6770
6104,19:14:43.157,2071,0.0115,1.6689
6105,19:14:43.157,2075,0.0134,1.6722
6106,19:14:43.158,2081,0.0164,1.6770
6107,19:14:43.158,2082,0.0168,1.6778
6108,19:14:43.159,2075,0.0134,1.6722
6109,19:14:43.159,2077,0.0144,1.6738
6110,19:14:43.160,2075,0.0134,1.6722
6111,19:14:43.160,2076,0.0139,1.6730
6112,19:14:43.161,2079,0.0154,1.6754
6113,19:14:43.161,2075,0.0134,1.6722
6114,19:14:43.162,2075,0.0134,1.6722
6115,19:14:43.162,2079,0.0154,1.6754
6116,19:14:43.163,2072,0.0120,1.6697
6117,19:14:43.163,2074,0.0129,1.6714
6118,19:14:43.164,2081,0.0164,1.6770
6119,19:14:43.164,2079,0.0154,1.6754
6120,19:14:43.165,2075,0.0134,1.6722
6121,19:14:43.165,2076,0.0139,1.6730
6122,19:14:43.166,2078,0.0149,1.6746
6123,19:14:43.166,2072,0.0120,1.6697
6124,19:14:43.167,2075,0.0134,1.6722
6125,19:14:43.167,2077,0.0144,1.6738
6126,19:14:43.168,2072,0.0120,1.6697
6127,19:14:43.168,2083,0.0173,1.6786
6128,19:14:43.169,2070,0.0110,1.6681
6129,19:14:43.169,2072,0.0120,1.6697
6130,19:14:43.170,2078,0.0149,1.6746
6131,19:14:43.170,2078,0.0149,1.6746
6132,19:14:43.171,2075,0.0134,1.6722
6133,19:14:43.171,2079,0.0154,1.6754
6134,19:14:43.172,2075,0.0134,1.6722
6135,19:14:43.172,2074,0.0129,1.6714
6136,19:14:43.173,2075,0.0134,1.6722
6137,19:14:43.173,2078,0.0149,1.6746
6138,19:14:43.174,2072,0.0120,1.6697
6139,19:14:43.174,2082,0.0168,1.6778
6140,19:14:43.175,2070,0.0110,1.6681
6141,19:14:43.175,2071,0.0115,1.6689
6142,19:14:43.176,2082,0.0168,1.6778
6143,19:14:43.176,2073,0.0125,1.6705
6144,19:14:43.177,2073,0.0125,1.6705
6145,19:14:43.177,2075,0.0134,1.6722
6146,19:14:43.178,2074,0.0129,1.6714
6147,19:14:43.178,2072,0.0120,1.6697
6148,19:14:43.179,2075,0.0134,1.6722
6149,19:14:43.179,2079,0.0154,1.6754
6150,19:14:43.180,2070,0.0110,1.6681
6151,19:14:43.180,2079,0.0154,1.6754
6152,19:14:43.181,2071,0.0115,1.6689
6153,19:14:43.181,2070,0.0110,1.6681
6154,19:14:43.182,2081,0.0164,1.6770
6155,19:14:43.182,2077,0.0144,1.6738
6156,19:14:43.183,2075,0.0134,1.6722
6157,19:14:43.183,2077,0.0144,1.6738
6158,19:14:43.184,2076,0.0139,1.6730
6159,19:14:43.184,2073,0.0125,1.6705
6160,19:14:43.185,2075,0.0134,1.6722
6161,19:14:43.185,2079,0.0154,1.6754
6162,19:14:43.186,2073,0.0125,1.6705
6163,19:14:43.186,2077,0.0144,1.6738
6164,19:14:43.187,2069,0.0105,1.6673
6165,19:14:43.187,2072,0.0120,1.6697
6166,19:14:43.188,2079,0.0154,1.6754
6167,19:14:43.188,2078,0.0149,1.6746
6168,19:14:43.189,2077,0.0144,1.6738
6169,19:14:43.189,2076,0.0139,1.6730
6170,19:14:43.190,2077,0.0144,1.6738
6171,19:14:43.190,2074,0.0129,1.6714
6172,19:14:43.191,2073,0.0125,1.6705
6173,19:14:43.191,2073,0.0125,1.6705
6174,19:14:43.192,2069,0.0105,1.6673
6175,19:14:43.192,2079,0.0154,1.6754
6176,19:14:43.193,2071,0.0115,1.6689
6177,19:14:43.193,2073,0.0125,1.6705
6178,19:14:43.194,2074,0.0129,1.6714
6179,19:14:43.194,2074,0.0129,1.6714
6180,19:14:43.195,2072,0.0120,1.6697
6181,19:14:43.195,2073,0.0125,1.6705
6182,19:14:43.196,2073,0.0125,1.6705
6183,19:14:43.196,2072,0.0120,1.6697
6184,19:14:43.197,2071,0.0115,1.6689
6185,19:14:43.197,2073,0.0125,1.6705
6186,19:14:43.198,2075,0.0134,1.6722
6187,19:14:43.198,2073,0.0125,1.6705
6188,19:14:43.199,2072,0.0120,1.6697
6189,19:14:43.199,2074,0.0129,1.6714
6190,19:14:43.200,2074,0.0129,1.6714
6191,19:14:43.200,2074,0.0129,1.6714
6192,19:14:43.201,2073,0.0125,1.6705
6193,19:14:43.201,2071,0.0115,1.6689
6194,19:14:43.202,2075,0.0134,1.6722
6195,19:14:43.202,2072,0.0120,1.6697
6196,19:14:43.203,2073,0.0125,1.6705
6197,19:14:43.203,2073,0.0125,1.6705
6198,19:14:43.204,2075,0.0134,1.6722
6199,19:14:43.204,2074,0.0129,1.6714
6200,19:14:43.205,2073,0.0125,1.6705
6201,19:14:43.205,2070,0.0110,1.6681
6202,19:14:43.206,2071,0.0115,1.6689
6203,19:14:43.206,2072,0.0120,1.6697
6204,19:14:43.207,2072,0.0120,1.6697
6205,19:14:43.207,2073,0.0125,1.6705
6206,19:14:43.208,2075,0.0134,1.6722
6207,19:14:43.208,2071,0.0115,1.6689
6208,19:14:43.209,2071,0.0115,1.6689
6209,19:14:43.209,2070,0.0110,1.6681
6210,19:14:43.210,2073,0.0125,1.6705
6211,19:14:43.210,2071,0.0115,1.6689
6212,19:14:43.211,2072,0.0120,1.6697
6213,19:14:43.211,2070,0.0110,1.6681
6214,19:14:43.212,2071,0.0115,1.6689
6215,19:14:43.212,2068,0.0100,1.6665
6216,19:14:43.213,2071,0.0115,1.6689
6217,19:14:43.213,2071,0.0115,1.6689
6218,19:14:43.214,2072,0.0120,1.6697
6219,19:14:43.214,2070,0.0110,1.6681
6220,19:14:43.215,2069,0.0105,1.6673
6221,19:14:43.215,2069,0.0105,1.6673
6222,19:14:43.216,2073,0.0125,1.6705
6223,19:14:43.216,2070,0.0110,1.6681
6224,19:14:43.217,2071,0.0115,1.6689
6225,19:14:43.217,2070,0.0110,1.6681
6226,19:14:43.218,2071,0.0115,1.6689
6227,19:14:43.218,2067,0.0095,1.6657
6228,19:14:43.219,2070,0.0110,1.6681
6229,19:14:43.219,2072,0.0120,1.6697
6230,19:14:43.220,2069,0.0105,1.6673
6231,19:14:43.220,2072,0.0120,1.6697
6232,19:14:43.221,2071,0.0115,1.6689
6233,19:14:43.221,2071,0.0115,1.6689
6234,19:14:43.222,2069,0.0105,1.6673
6235,19:14:43.222,2067,0.0095,1.6657
6236,19:14:43.223,2068,0.0100,1.6665
6237,19:14:43.223,2069,0.0105,1.6673
6238,19:14:43.224,2070,0.0110,1.6681
6239,19:14:43.224,2069,0.0105,1.6673
6240,19:14:43.225,2068,0.0100,1.6665
6241,19:14:43.225,2068,0.0100,1.6665
6242,19:14:43.226,2069,0.0105,1.6673
6243,19:14:43.226,2068,0.0100,1.6665
6244,19:14:43.227,2071,0.0115,1.6689
6245,19:14:43.227,2072,0.0120,1.6697
6246,19:14:43.228,2068,0.0100,1.6665
6247,19:14:43.228,2072,0.0120,1.6697
6248,19:14:43.229,2067,0.0095,1.6657
6249,19:14:43.229,2067,0.0095,1.6657
6250,19:14:43.230,2069,0.0105,1.6673
6251,19:14:43.230,2072,0.0120,1.6697
6252,19:14:43.231,2067,0.0095,1.6657
6253,19:14:43.231,2071,0.0115,1.6689
6254,19:14:43.232,2069,0.0105,1.6673
6255,19:14:43.232,2069,0.0105,1.6673
6256,19:14:43.233,2068,0.0100,1.6665
6257,19:14:43.233,2066,0.0090,1.6649
6258,19:14:43.234,2071,0.0115,1.6689
6259,19:14:43.234,2067,0.0095,1.6657
6260,19:14:43.235,2072,0.0120,1.6697
6261,19:14:43.235,2069,0.0105,1.6673
6262,19:14:43.236,2069,0.0105,1.6673
6263,19:14:43.236,2072,0.0120,1.6697
6264,19:14:43.237,2068,0.0100,1.6665
6265,19:14:43.237,2069,0.0105,1.6673
6266,19:14:43.238,2073,0.0125,1.6705
6267,19:14:43.238,2074,0.0129,1.6714
6268,19:14:43.239,2067,0.0095,1.6657
6269,19:14:43.239,2069,0.0105,1.6673
6270,19:14:43.240,2071,0.0115,1.6689
6271,19:14:43.240,2074,0.0129,1.6714
6272,19:14:43.241,2073,0.0125,1.6705
6273,19:14:43.241,2073,0.0125,1.6705
6274,19:14:43.242,2071,0.0115,1.6689
6275,19:14:43.242,2072,0.0120,1.6697
6276,19:14:43.243,2076,0.0139,1.6730
6277,19:14:43.243,2071,0.0115,1.6689
6278,19:14:43.244,2075,0.0134,1.6722
6279,19:14:43.244,2071,0.0115,1.6689
6280,19:14:43.245,2075,0.0134,1.6722
6281,19:14:43.245,2074,0.0129,1.6714
6282,19:14:43.246,2075,0.0134,1.6722
6283,19:14:43.246,2073,0.0125,1.6705
6284,19:14:43.247,2075,0.0134,1.6722
6285,19:14:43.247,2073,0.0125,1.6705
6286,19:14:43.248,2077,0.0144,1.6738
6287,19:14:43.248,2077,0.0144,1.6738
6288,19:14:43.249,2075,0.0134,1.6722
6289,19:14:43.249,2077,0.0144,1.6738
6290,19:14:43.250,2076,0.0139,1.6730
6291,19:14:43.250,2078,0.0149,1.6746
6292,19:14:43.251,2075,0.0134,1.6722
6293,19:14:43.251,2078,0.0149,1.6746
6294,19:14:43.252,2077,0.0144,1.6738
6295,19:14:43.252,2075,0.0134,1.6722
6296,19:14:43.253,2076,0.0139,1.6730
6297,19:14:43.253,2075,0.0134,1.6722
6298,19:14:43.254,2077,0.0144,1.6738
6299,19:14:43.254,2074,0.0129,1.6714
6300,19:14:43.255,2078,0.0149,1.6746
6301,19:14:43.255,2077,0.0144,1.6738
6302,19:14:43.256,2079,0.0154,1.6754
6303,19:14:43.256,2080,0.0159,1.6762
6304,19:14:43.257,2078,0.0149,1.6746
6305,19:14:43.257,2079,0.0154,1.6754
6306,19:14:43.258,2076,0.0139,1.6730
6307,19:14:43.258,2078,0.0149,1.6746
6308,19:14:43.259,2075,0.0134,1.6722
6309,19:14:43.259,2077,0.0144,1.6738
6310,19:14:43.260,2077,0.0144,1.6738
6311,19:14:43.260,2078,0.0149,1.6746
6312,19:14:43.261,2079,0.0154,1.6754
6313,19:14:43.261,2081,0.0164,1.6770
6314,19:14:43.262,2080,0.0159,1.6762
6315,19:14:43.262,2081,0.0164,1.6770
6316,19:14:43.263,2077,0.0144,1.6738
6317,19:14:43.263,2076,0.0139,1.6730
6318,19:14:43.264,2079,0.0154,1.6754
6319,19:14:43.264,2076,0.0139,1.6730
6320,19:14:43.265,2081,0.0164,1.6770
6321,19:14:43.265,2077,0.0144,1.6738
6322,19:14:43.266,2080,0.0159,1.6762
6323,19:14:43.266,2077,0.0144,1.6738
6324,19:14:43.267,2081,0.0164,1.6770
6325,19:14:43.267,2082,0.0168,1.6778
6326,19:14:43.268,2077,0.0144,1.6738
6327,19:14:43.268,2081,0.0164,1.6770
6328,19:14:43.269,2080,0.0159,1.6762
6329,19:14:43.269,2079,0.0154,1.6754
6330,19:14:43.270,2083,0.0173,1.6786
6331,19:14:43.270,2080,0.0159,1.6762
6332,19:14:43.271,2081,0.0164,1.6770
6333,19:14:43.271,2083,0.0173,1.6786
6334,19:14:43.272,2088,0.0198,1.6826
6335,19:14:43.272,2076,0.0139,1.6730
6336,19:14:43.273,2085,0.0183,1.6802
6337,19:14:43.273,2090,0.0208,1.6842
6338,19:14:43.274,2088,0.0198,1.6826
6339,19:14:43.274,2079,0.0154,1.6754
6340,19:14:43.275,2077,0.0144,1.6738
6341,19:14:43.275,2082,0.0168,1.6778
6342,19:14:43.276,2085,0.0183,1.6802
6343,19:14:43.276,2079,0.0154,1.6754
6344,19:14:43.277,2082,0.0168,1.6778
6345,19:14:43.277,2095,0.0232,1.6883
6346,19:14:43.278,2079,0.0154,1.6754
6347,19:14:43.278,2090,0.0208,1.6842
6348,19:14:43.279,2079,0.0154,1.6754
6349,19:14:43.279,2092,0.0217,1.6859
6350,19:14:43.280,2089,0.0203,1.6834
6351,19:14:43.280,2093,0.0222,1.6867
6352,19:14:43.281,2091,0.0212,1.6851
6353,19:14:43.281,2082,0.0168,1.6778
6354,19:14:43.282,2097,0.0242,1.6899
6355,19:14:43.282,2101,0.0261,1.6931
6356,19:14:43.283,2097,0.0242,1.6899
6357,19:14:43.283,2097,0.0242,1.6899
6358,19:14:43.284,2100,0.0256,1.6923
6359,19:14:43.284,2105,0.0281,1.6963
6360,19:14:43.285,2093,0.0222,1.6867
6361,19:14:43.285,2098,0.0247,1.6907
6362,19:14:43.286,2102,0.0266,1.6939
6363,19:14:43.286,2099,0.0252,1.6915
6364,19:14:43.287,2103,0.0271,1.6947
6365,19:14:43.287,2106,0.0286,1.6971
6366,19:14:43.288,2119,0.0349,1.7076
6367,19:14:43.288,2088,0.0198,1.6826
6368,19:14:43.289,2078,0.0149,1.6746
6369,19:14:43.289,2071,0.0115,1.6689
6370,19:14:43.290,2079,0.0154,1.6754
6371,19:14:43.290,2123,0.0369,1.7108
6372,19:14:43.291,2114,0.0325,1.7036
6373,19:14:43.291,2115,0.0330,1.7044
6374,19:14:43.292,2104,0.0276,1.6955
6375,19:14:43.292,2079,0.0154,1.6754
6376,19:14:43.293,2091,0.0212,1.6851
6377,19:14:43.293,2087,0.0193,1.6818
6378,19:14:43.294,2094,0.0227,1.6875
6379,19:14:43.294,2114,0.0325,1.7036
6380,19:14:43.295,2109,0.0300,1.6996
6381,19:14:43.295,2105,0.0281,1.6963
6382,19:14:43.296,2099,0.0252,1.6915
6383,19:14:43.296,2095,0.0232,1.6883
6384,19:14:43.297,2088,0.0198,1.6826
6385,19:14:43.297,2093,0.0222,1.6867
6386,19:14:43.298,2104,0.0276,1.6955
6387,19:14:43.298,2099,0.0252,1.6915
6388,19:14:43.299,2100,0.0256,1.6923
6389,19:14:43.299,2093,0.0222,1.6867
6390,19:14:43.300,2094,0.0227,1.6875
6391,19:14:43.300,2096,0.0237,1.6891
6392,19:14:43.301,2088,0.0198,1.6826
6393,19:14:43.301,2088,0.0198,1.6826
6394,19:14:43.302,2083,0.0173,1.6786
6395,19:14:43.302,2100,0.0256,1.6923
6396,19:14:43.303,2092,0.0217,1.6859
6397,19:14:43.303,2077,0.0144,1.6738
6398,19:14:43.304,2089,0.0203,1.6834
6399,19:14:43.304,2070,0.0110,1.6681
6400,19:14:43.305,2077,0.0144,1.6738
6401,19:14:43.305,2084,0.0178,1.6794
6402,19:14:43.306,2080,0.0159,1.6762
6403,19:14:43.306,2086,0.0188,1.6810
6404,19:14:43.307,2079,0.0154,1.6754
6405,19:14:43.307,2067,0.0095,1.6657
6406,19:14:43.308,2060,0.0061,1.6601
6407,19:14:43.308,2072,0.0120,1.6697
6408,19:14:43.309,2066,0.0090,1.6649
6409,19:14:43.309,2067,0.0095,1.6657
6410,19:14:43.310,2068,0.0100,1.6665
6411,19:14:43.310,2058,0.0051,1.6585
6412,19:14:43.311,2057,0.0046,1.6577
6413,19:14:43.311,2052,0.0022,1.6536
6414,19:14:43.312,2055,0.0037,1.6560
6415,19:14:43.312,2069,0.0105,1.6673
6416,19:14:43.313,2060,0.0061,1.6601
6417,19:14:43.313,2061,0.0066,1.6609
6418,19:14:43.314,2042,-0.0027,1.6456
6419,19:14:43.314,2056,0.0042,1.6568
6420,19:14:43.315,2055,0.0037,1.6560
6421,19:14:43.315,2043,-0.0022,1.6464
6422,19:14:43.316,2061,0.0066,1.6609
6423,19:14:43.316,2044,-0.0017,1.6472
6424,19:14:43.317,2041,-0.0032,1.6448
6425,19:14:43.317,2050,0.0012,1.6520
6426,19:14:43.318,2045,-0.0012,1.6480
6427,19:14:43.318,2056,0.0042,1.6568
6428,19:14:43.319,2053,0.0027,1.6544
6429,19:14:43.319,2054,0.0032,1.6552
6430,19:14:43.320,2041,-0.0032,1.6448
6431,19:14:43.320,2051,0.0017,1.6528
6432,19:14:43.321,2055,0.0037,1.6560
6433,19:14:43.321,2043,-0.0022,1.6464
6434,19:14:43.322,2058,0.0051,1.6585
6435,19:14:43.322,2043,-0.0022,1.6464
6436,19:14:43.323,2045,-0.0012,1.6480
6437,19:14:43.323,2048,0.0002,1.6504
6438,19:14:43.324,2044,-0.0017,1.6472
6439,19:14:43.324,2061,0.0066,1.6609
6440,19:14:43.325,2052,0.0022,1.6536
6441,19:14:43.325,2059,0.0056,1.6593
6442,19:14:43.326,2043,-0.0022,1.6464
6443,19:14:43.326,2048,0.0002,1.6504
6444,19:14:43.327,2062,0.0071,1.6617
6445,19:14:43.327,2043,-0.0022,1.6464
6446,19:14:43.328,2062,0.0071,1.6617
6447,19:14:43.328,2053,0.0027,1.6544
6448,19:14:43.329,2046,-0.0007,1.6488
6449,19:14:43.329,2051,0.0017,1.6528
6450,19:14:43.330,2048,0.0002,1.6504
6451,19:14:43.330,2058,0.0051,1.6585
6452,19:14:43.331,2058,0.0051,1.6585
6453,19:14:43.331,2062,0.0071,1.6617
6454,19:14:43.332,2054,0.0032,1.6552
6455,19:14:43.332,2048,0.0002,1.6504
6456,19:14:43.333,2061,0.0066,1.6609
6457,19:14:43.333,2045,-0.0012,1.6480
6458,19:14:43.334,2063,0.0076,1.6625
6459,19:14:43.334,2058,0.0051,1.6585
6460,19:14:43.335,2050,0.0012,1.6520
6461,19:14:43.335,2053,0.0027,1.6544
6462,19:14:43.336,2048,0.0002,1.6504
6463,19:14:43.336,2059,0.0056,1.6593
6464,19:14:43.337,2056,0.0042,1.6568
6465,19:14:43.337,2063,0.0076,1.6625
6466,19:14:43.338,2056,0.0042,1.6568
6467,19:14:43.338,2045,-0.0012,1.6480
6468,19:14:43.339,2062,0.0071,1.6617
6469,19:14:43.339,2046,-0.0007,1.6488
6470,19:14:43.340,2061,0.0066,1.6609
6471,19:14:43.340,2056,0.0042,1.6568
6472,19:14:43.341,2051,0.0017,1.6528
6473,19:14:43.341,2057,0.0046,1.6577
6474,19:14:43.342,2053,0.0027,1.6544
6475,19:14:43.342,2061,0.0066,1.6609
6476,19:14:43.343,2053,0.0027,1.6544
6477,19:14:43.343,2061,0.0066,1.6609
6478,19:14:43.344,2059,0.0056,1.6593
6479,19:14:43.344,2052,0.0022,1.6536
6480,19:14:43.345,2065,0.0085,1.6641
6481,19:14:43.345,2046,-0.0007,1.6488
6482,19:14:43.346,2054,0.0032,1.6552
6483,19:14:43.346,2059,0.0056,1.6593
6484,19:14:43.347,2053,0.0027,1.6544
6485,19:14:43.347,2060,0.0061,1.6601
6486,19:14:43.348,2052,0.0022,1.6536
6487,19:14:43.348,2066,0.0090,1.6649
6488,19:14:43.349,2049,0.0007,1.6512
6489,19:14:43.349,2059,0.0056,1.6593
6490,19:14:43.350,2063,0.0076,1.6625
6491,19:14:43.350,2050,0.0012,1.6520
6492,19:14:43.351,2064,0.0081,1.6633
6493,19:14:43.351,2051,0.0017,1.6528
6494,19:14:43.352,2057,0.0046,1.6577
6495,19:14:43.352,2062,0.0071,1.6617
6496,19:14:43.353,2055,0.0037,1.6560
6497,19:14:43.353,2061,0.0066,1.6609
6498,19:14:43.354,2058,0.0051,1.6585
6499,19:14:43.354,2070,0.0110,1.6681
6500,19:14:43.355,2053,0.0027,1.6544
6501,19:14:43.355,2060,0.0061,1.6601
6502,19:14:43.356,2069,0.0105,1.6673
6503,19:14:43.356,2052,0.0022,1.6536
6504,19:14:43.357,2072,0.0120,1.6697
6505,19:14:43.357,2059,0.0056,1.6593
6506,19:14:43.358,2057,0.0046,1.6577
6507,19:14:43.358,2064,0.0081,1.6633
6508,19:14:43.359,2057,0.0046,1.6577
6509,19:14:43.359,2066,0.0090,1.6649
6510,19:14:43.360,2063,0.0076,1.6625
6511,19:14:43.360,2079,0.0154,1.6754
6512,19:14:43.361,2059,0.0056,1.6593
6513,19:14:43.361,2061,0.0066,1.6609
6514,19:14:43.362,2077,0.0144,1.6738
6515,19:14:43.362,2056,0.0042,1.6568
6516,19:14:43.363,2075,0.0134,1.6722
6517,19:14:43.363,2065,0.0085,1.6641
6518,19:14:43.364,2064,0.0081,1.6633
6519,19:14:43.364,2071,0.0115,1.6689
6520,19:14:43.365,2063,0.0076,1.6625
6521,19:14:43.365,2067,0.0095,1.6657
6522,19:14:43.366,2068,0.0100,1.6665
6523,19:14:43.366,2079,0.0154,1.6754
6524,19:14:43.367,2067,0.0095,1.6657
6525,19:14:43.367,2064,0.0081,1.6633
6526,19:14:43.368,2081,0.0164,1.6770
6527,19:14:43.368,2059,0.0056,1.6593
6528,19:14:43.369,2081,0.0164,1.6770
6529,19:14:43.369,2073,0.0125,1.6705
6530,19:14:43.370,2065,0.0085,1.6641
6531,19:14:43.370,2077,0.0144,1.6738
6532,19:14:43.371,2067,0.0095,1.6657
6533,19:14:43.371,2075,0.0134,1.6722
6534,19:14:43.372,2070,0.0110,1.6681
6535,19:14:43.372,2087,0.0193,1.6818
6536,19:14:43.373,2070,0.0110,1.6681
6537,19:14:43.373,2068,0.0100,1.6665
6538,19:14:43.374,2082,0.0168,1.6778
6539,19:14:43.374,2064,0.0081,1.6633
6540,19:14:43.375,2080,0.0159,1.6762
6541,19:14:43.375,2076,0.0139,1.6730
6542,19:14:43.376,2070,0.0110,1.6681
6543,19:14:43.376,2078,0.0149,1.6746
6544,19:14:43.377,2067,0.0095,1.6657
6545,19:14:43.377,2073,0.0125,1.6705
6546,19:14:43.378,2067,0.0095,1.6657
6547,19:14:43.378,2090,0.0208,1.6842
6548,19:14:43.379,2075,0.0134,1.6722
6549,19:14:43.379,2071,0.0115,1.6689
6550,19:14:43.380,2086,0.0188,1.6810
6551,19:14:43.380,2065,0.0085,1.6641
6552,19:14:43.381,2081,0.0164,1.6770
6553,19:14:43.381,2082,0.0168,1.6778
6554,19:14:43.382,2071,0.0115,1.6689
6555,19:14:43.382,2078,0.0149,1.6746
6556,19:14:43.383,2071,0.0115,1.6689
6557,19:14:43.383,2075,0.0134,1.6722
6558,19:14:43.384,2070,0.0110,1.6681
6559,19:14:43.384,2086,0.0188,1.6810
6560,19:14:43.385,2084,0.0178,1.6794
6561,19:14:43.385,2073,0.0125,1.6705
6562,19:14:43.386,2091,0.0212,1.6851
6563,19:14:43.386,2069,0.0105,1.6673
6564,19:14:43.387,2082,0.0168,1.6778
6565,19:14:43.387,2086,0.0188,1.6810
6566,19:14:43.388,2073,0.0125,1.6705
6567,19:14:43.388,2084,0.0178,1.6794
6568,19:14:43.389,2078,0.0149,1.6746
6569,19:14:43.389,2080,0.0159,1.6762
6570,19:14:43.390,2073,0.0125,1.6705
6571,19:14:43.390,2090,0.0208,1.6842
6572,19:14:43.391,2086,0.0188,1.6810
6573,19:14:43.391,2072,0.0120,1.6697
6574,19:14:43.392,2090,0.0208,1.6842
6575,19:14:43.392,2073,0.0125,1.6705
6576,19:14:43.393,2081,0.0164,1.6770
6577,19:14:43.393,2083,0.0173,1.6786
6578,19:14:43.394,2078,0.0149,1.6746
6579,19:14:43.394,2084,0.0178,1.6794
6580,19:14:43.395,2077,0.0144,1.6738
6581,19:14:43.395,2082,0.0168,1.6778
6582,19:14:43.396,2069,0.0105,1.6673
6583,19:14:43.396,2090,0.0208,1.6842
6584,19:14:43.397,2086,0.0188,1.6810
6585,19:14:43.397,2074,0.0129,1.6714
6586,19:14:43.398,2093,0.0222,1.6867
6587,19:14:43.398,2074,0.0129,1.6714
6588,19:14:43.399,2079,0.0154,1.6754
6589,19:14:43.399,2089,0.0203,1.6834
6590,19:14:43.400,2078,0.0149,1.6746
6591,19:14:43.400,2080,0.0159,1.6762
6592,19:14:43.401,2080,0.0159,1.6762
6593,19:14:43.401,2079,0.0154,1.6754
6594,19:14:43.402,2073,0.0125,1.6705
6595,19:14:43.402,2084,0.0178,1.6794
6596,19:14:43.403,2090,0.0208,1.6842
6597,19:14:43.403,2073,0.0125,1.6705
6598,19:14:43.404,2090,0.0208,1.6842
6599,19:14:43.404,2076,0.0139,1.6730
6600,19:14:43.405,2077,0.0144,1.6738
6601,19:14:43.405,2087,0.0193,1.6818
6602,19:14:43.406,2074,0.0129,1.6714
6603,19:14:43.406,2083,0.0173,1.6786
6604,19:14:43.407,2080,0.0159,1.6762
6605,19:14:43.407,2080,0.0159,1.6762
6606,19:14:43.408,2074,0.0129,1.6714
6607,19:14:43.408,2082,0.0168,1.6778
6608,19:14:43.409,2088,0.0198,1.6826
6609,19:14:43.409,2071,0.0115,1.6689
6610,19:14:43.410,2091,0.0212,1.6851
6611,19:14:43.410,2074,0.0129,1.6714
6612,19:14:43.411,2072,0.0120,1.6697
6613,19:14:43.411,2083,0.0173,1.6786
6614,19:14:43.412,2074,0.0129,1.6714
6615,19:14:43.412,2075,0.0134,1.6722
6616,19:14:43.413,2073,0.0125,1.6705
6617,19:14:43.413,2075,0.0134,1.6722
6618,19:14:43.414,2071,0.0115,1.6689
6619,19:14:43.414,2080,0.0159,1.6762
6620,19:14:43.415,2081,0.0164,1.6770
6621,19:14:43.415,2067,0.0095,1.6657
6622,19:14:43.416,2083,0.0173,1.6786
6623,19:14:43.416,2072,0.0120,1.6697
6624,19:14:43.417,2069,0.0105,1.6673
6625,19:14:43.417,2080,0.0159,1.6762
6626,19:14:43.418,2071,0.0115,1.6689
6627,19:14:43.418,2073,0.0125,1.6705
6628,19:14:43.419,2072,0.0120,1.6697
6629,19:14:43.419,2071,0.0115,1.6689
6630,19:14:43.420,2067,0.0095,1.6657
6631,19:14:43.420,2074,0.0129,1.6714
6632,19:14:43.421,2075,0.0134,1.6722
6633,19:14:43.421,2062,0.0071,1.6617
6634,19:14:43.422,2078,0.0149,1.6746
6635,19:14:43.422,2070,0.0110,1.6681
6636,19:14:43.423,2062,0.0071,1.6617
6637,19:14:43.423,2073,0.0125,1.6705
6638,19:14:43.424,2069,0.0105,1.6673
6639,19:14:43.424,2070,0.0110,1.6681
6640,19:14:43.425,2066,0.0090,1.6649
6641,19:14:43.425,2066,0.0090,1.6649
6642,19:14:43.426,2066,0.0090,1.6649
6643,19:14:43.426,2069,0.0105,1.6673
6644,19:14:43.427,2072,0.0120,1.6697
6645,19:14:43.427,2059,0.0056,1.6593
6646,19:14:43.428,2072,0.0120,1.6697
6647,19:14:43.428,2065,0.0085,1.6641
6648,19:14:43.429,2057,0.0046,1.6577
6649,19:14:43.429,2068,0.0100,1.6665
6650,19:14:43.430,2063,0.0076,1.6625
6651,19:14:43.430,2063,0.0076,1.6625
6652,19:14:43.431,2066,0.0090,1.6649
6653,19:14:43.431,2059,0.0056,1.6593
6654,19:14:43.432,2066,0.0090,1.6649
6655,19:14:43.432,2061,0.0066,1.6609
6656,19:14:43.433,2069,0.0105,1.6673
6657,19:14:43.433,2058,0.0051,1.6585
6658,19:14:43.434,2063,0.0076,1.6625
6659,19:14:43.434,2062,0.0071,1.6617
6660,19:14:43.435,2055,0.0037,1.6560
6661,19:14:43.435,2065,0.0085,1.6641
6662,19:14:43.436,2060,0.0061,1.6601
6663,19:14:43.436,2060,0.0061,1.6601
6664,19:14:43.437,2061,0.0066,1.6609
6665,19:14:43.437,2057,0.0046,1.6577
6666,19:14:43.438,2064,0.0081,1.6633
6667,19:14:43.438,2062,0.0071,1.6617
6668,19:14:43.439,2064,0.0081,1.6633
6669,19:14:43.439,2059,0.0056,1.6593
6670,19:14:43.440,2066,0.0090,1.6649
6671,19:14:43.440,2065,0.0085,1.6641
6672,19:14:43.441,2052,0.0022,1.6536
6673,19:14:43.441,2063,0.0076,1.6625
6674,19:14:43.442,2063,0.0076,1.6625
6675,19:14:43.442,2062,0.0071,1.6617
6676,19:14:43.443,2061,0.0066,1.6609
6677,19:14:43.443,2053,0.0027,1.6544
6678,19:14:43.444,2058,0.0051,1.6585
6679,19:14:43.444,2060,0.0061,1.6601
6680,19:14:43.445,2063,0.0076,1.6625
6681,19:14:43.445,2061,0.0066,1.6609
6682,19:14:43.446,2062,0.0071,1.6617
6683,19:14:43.446,2063,0.0076,1.6625
6684,19:14:43.447,2058,0.0051,1.6585
6685,19:14:43.447,2064,0.0081,1.6633
6686,19:14:43.448,2061,0.0066,1.6609
6687,19:14:43.448,2063,0.0076,1.6625
6688,19:14:43.449,2062,0.0071,1.6617
6689,19:14:43.449,2052,0.0022,1.6536
6690,19:14:43.450,2061,0.0066,1.6609
6691,19:14:43.450,2061,0.0066,1.6609
6692,19:14:43.451,2063,0.0076,1.6625
6693,19:14:43.451,2058,0.0051,1.6585
6694,19:14:43.452,2061,0.0066,1.6609
6695,19:14:43.452,2064,0.0081,1.6633
6696,19:14:43.453,2058,0.0051,1.6585
6697,19:14:43.453,2061,0.0066,1.6609
6698,19:14:43.454,2060,0.0061,1.6601
6699,19:14:43.454,2057,0.0046,1.6577
6700,19:14:43.455,2061,0.0066,1.6609
6701,19:14:43.455,2052,0.0022,1.6536
6702,19:14:43.456,2058,0.0051,1.6585
6703,19:14:43.456,2060,0.0061,1.6601
6704,19:14:43.457,2059,0.0056,1.6593
6705,19:14:43.457,2059,0.0056,1.6593
6706,19:14:43.458,2063,0.0076,1.6625
6707,19:14:43.458,2060,0.0061,1.6601
6708,19:14:43.459,2053,0.0027,1.6544
6709,19:14:43.459,2062,0.0071,1.6617
6710,19:14:43.460,2058,0.0051,1.6585
6711,19:14:43.460,2058,0.0051,1.6585
6712,19:14:43.461,2062,0.0071,1.6617
6713,19:14:43.461,2054,0.0032,1.6552
6714,19:14:43.462,2059,0.0056,1.6593
6715,19:14:43.462,2062,0.0071,1.6617
6716,19:14:43.463,2062,0.0071,1.6617
6717,19:14:43.463,2063,0.0076,1.6625
6718,19:14:43.464,2064,0.0081,1.6633
6719,19:14:43.464,2064,0.0081,1.6633
6720,19:14:43.465,2057,0.0046,1.6577
6721,19:14:43.465,2066,0.0090,1.6649
6722,19:14:43.466,2058,0.0051,1.6585
6723,19:14:43.466,2059,0.0056,1.6593
6724,19:14:43.467,2066,0.0090,1.6649
6725,19:14:43.467,2058,0.0051,1.6585
6726,19:14:43.468,2063,0.0076,1.6625
6727,19:14:43.468,2069,0.0105,1.6673
6728,19:14:43.469,2062,0.0071,1.6617
6729,19:14:43.469,2062,0.0071,1.6617
6730,19:14:43.470,2062,0.0071,1.6617
6731,19:14:43.470,2064,0.0081,1.6633
6732,19:14:43.471,2062,0.0071,1.6617
6733,19:14:43.471,2064,0.0081,1.6633
6734,19:14:43.472,2062,0.0071,1.6617
6735,19:14:43.472,2059,0.0056,1.6593
6736,19:14:43.473,2070,0.0110,1.6681
6737,19:14:43.473,2057,0.0046,1.6577
6738,19:14:43.474,2061,0.0066,1.6609
6739,19:14:43.474,2070,0.0110,1.6681
6740,19:14:43.475,2061,0.0066,1.6609
6741,19:14:43.475,2063,0.0076,1.6625
6742,19:14:43.476,2064,0.0081,1.6633
6743,19:14:43.476,2065,0.0085,1.6641
6744,19:14:43.477,2058,0.0051,1.6585
6745,19:14:43.477,2068,0.0100,1.6665
6746,19:14:43.478,2066,0.0090,1.6649
6747,19:14:43.478,2055,0.0037,1.6560
6748,19:14:43.479,2071,0.0115,1.6689
6749,19:14:43.479,2058,0.0051,1.6585
6750,19:14:43.480,2062,0.0071,1.6617
6751,19:14:43.480,2070,0.0110,1.6681
6752,19:14:43.481,2060,0.0061,1.6601
6753,19:14:43.481,2065,0.0085,1.6641
6754,19:14:43.482,2065,0.0085,1.6641
6755,19:14:43.482,2065,0.0085,1.6641
6756,19:14:43.483,2062,0.0071,1.6617
6757,19:14:43.483,2068,0.0100,1.6665
6758,19:14:43.484,2067,0.0095,1.6657
6759,19:14:43.484,2057,0.0046,1.6577
6760,19:14:43.485,2070,0.0110,1.6681
6761,19:14:43.485,2061,0.0066,1.6609
6762,19:14:43.486,2062,0.0071,1.6617
6763,19:14:43.486,2072,0.0120,1.6697
6764,19:14:43.487,2062,0.0071,1.6617
6765,19:14:43.487,2070,0.0110,1.6681
6766,19:14:43.488,2070,0.0110,1.6681
6767,19:14:43.488,2061,0.0066,1.6609
6768,19:14:43.489,2062,0.0071,1.6617
6769,19:14:43.489,2069,0.0105,1.6673
6770,19:14:43.490,2070,0.0110,1.6681
6771,19:14:43.490,2061,0.0066,1.6609
6772,19:14:43.491,2070,0.0110,1.6681
6773,19:14:43.491,2062,0.0071,1.6617
6774,19:14:43.492,2059,0.0056,1.6593
6775,19:14:43.492,2076,0.0139,1.6730
6776,19:14:43.493,2065,0.0085,1.6641
6777,19:14:43.493,2068,0.0100,1.6665
6778,19:14:43.494,2069,0.0105,1.6673
6779,19:14:43.494,2067,0.0095,1.6657
6780,19:14:43.495,2063,0.0076,1.6625
6781,19:14:43.495,2068,0.0100,1.6665
6782,19:14:43.496,2072,0.0120,1.6697
6783,19:14:43.496,2059,0.0056,1.6593
6784,19:14:43.497,2074,0.0129,1.6714
6785,19:14:43.497,2062,0.0071,1.6617
6786,19:14:43.498,2060,0.0061,1.6601
6787,19:14:43.498,2077,0.0144,1.6738
6788,19:14:43.499,2063,0.0076,1.6625
6789,19:14:43.499,2067,0.0095,1.6657
6790,19:14:43.500,2074,0.0129,1.6714
6791,19:14:43.500,2067,0.0095,1.6657
6792,19:14:43.501,2065,0.0085,1.6641
6793,19:14:43.501,2069,0.0105,1.6673
6794,19:14:43.502,2069,0.0105,1.6673
6795,19:14:43.502,2060,0.0061,1.6601
6796,19:14:43.503,2074,0.0129,1.6714
6797,19:14:43.503,2063,0.0076,1.6625
6798,19:14:43.504,2063,0.0076,1.6625
6799,19:14:43.504,2075,0.0134,1.6722
6800,19:14:43.505,2065,0.0085,1.6641
6801,19:14:43.505,2067,0.0095,1.6657
6802,19:14:43.506,2072,0.0120,1.6697
6803,19:14:43.506,2069,0.0105,1.6673
6804,19:14:43.507,2062,0.0071,1.6617
6805,19:14:43.507,2069,0.0105,1.6673
6806,19:14:43.508,2074,0.0129,1.6714
6807,19:14:43.508,2064,0.0081,1.6633
6808,19:14:43.509,2072,0.0120,1.6697
6809,19:14:43.509,2066,0.0090,1.6649
6810,19:14:43.510,2061,0.0066,1.6609
6811,19:14:43.510,2082,0.0168,1.6778
6812,19:14:43.511,2066,0.0090,1.6649
6813,19:14:43.511,2068,0.0100,1.6665
6814,19:14:43.512,2074,0.0129,1.6714
6815,19:14:43.512,2069,0.0105,1.6673
6816,19:14:43.513,2065,0.0085,1.6641
6817,19:14:43.513,2068,0.0100,1.6665
6818,19:14:43.514,2073,0.0125,1.6705
6819,19:14:43.514,2063,0.0076,1.6625
6820,19:14:43.515,2075,0.0134,1.6722
6821,19:14:43.515,2068,0.0100,1.6665
6822,19:14:43.516,2062,0.0071,1.6617
6823,19:14:43.516,2079,0.0154,1.6754
6824,19:14:43.517,2067,0.0095,1.6657
6825,19:14:43.517,2072,0.0120,1.6697
6826,19:14:43.518,2074,0.0129,1.6714
6827,19:14:43.518,2067,0.0095,1.6657
6828,19:14:43.519,2066,0.0090,1.6649
6829,19:14:43.519,2071,0.0115,1.6689
6830,19:14:43.520,2079,0.0154,1.6754
6831,19:14:43.520,2066,0.0090,1.6649
6832,19:14:43.521,2073,0.0125,1.6705
6833,19:14:43.521,2070,0.0110,1.6681
6834,19:14:43.522,2063,0.0076,1.6625
6835,19:14:43.522,2080,0.0159,1.6762
6836,19:14:43.523,2067,0.0095,1.6657
6837,19:14:43.523,2068,0.0100,1.6665
6838,19:14:43.524,2080,0.0159,1.6762
6839,19:14:43.524,2070,0.0110,1.6681
6840,19:14:43.525,2072,0.0120,1.6697
6841,19:14:43.525,2075,0.0134,1.6722
6842,19:14:43.526,2072,0.0120,1.6697
6843,19:14:43.526,2068,0.0100,1.6665
6844,19:14:43.527,2076,0.0139,1.6730
6845,19:14:43.527,2073,0.0125,1.6705
6846,19:14:43.528,2070,0.0110,1.6681
6847,19:14:43.528,2081,0.0164,1.6770
6848,19:14:43.529,2070,0.0110,1.6681
6849,19:14:43.529,2073,0.0125,1.6705
6850,19:14:43.530,2075,0.0134,1.6722
6851,19:14:43.530,2073,0.0125,1.6705
6852,19:14:43.531,2073,0.0125,1.6705
6853,19:14:43.531,2075,0.0134,1.6722
6854,19:14:43.532,2075,0.0134,1.6722
6855,19:14:43.532,2069,0.0105,1.6673
6856,19:14:43.533,2076,0.0139,1.6730
6857,19:14:43.533,2074,0.0129,1.6714
6858,19:14:43.534,2070,0.0110,1.6681
6859,19:14:43.534,2081,0.0164,1.6770
6860,19:14:43.535,2071,0.0115,1.6689
6861,19:14:43.535,2075,0.0134,1.6722
6862,19:14:43.536,2078,0.0149,1.6746
6863,19:14:43.536,2073,0.0125,1.6705
6864,19:14:43.537,2074,0.0129,1.6714
6865,19:14:43.537,2075,0.0134,1.6722
6866,19:14:43.538,2077,0.0144,1.6738
6867,19:14:43.538,2077,0.0144,1.6738
6868,19:14:43.539,2073,0.0125,1.6705
6869,19:14:43.539,2073,0.0125,1.6705
6870,19:14:43.540,2074,0.0129,1.6714
6871,19:14:43.540,2076,0.0139,1.6730
6872,19:14:43.541,2075,0.0134,1.6722
6873,19:14:43.541,2074,0.0129,1.6714
6874,19:14:43.542,2073,0.0125,1.6705
6875,19:14:43.542,2076,0.0139,1.6730
6876,19:14:43.543,2071,0.0115,1.6689
6877,19:14:43.543,2072,0.0120,1.6697
6878,19:14:43.544,2075,0.0134,1.6722
6879,19:14:43.544,2072,0.0120,1.6697
6880,19:14:43.545,2070,0.0110,1.6681
6881,19:14:43.545,2072,0.0120,1.6697
6882,19:14:43.546,2074,0.0129,1.6714
6883,19:14:43.546,2071,0.0115,1.6689
6884,19:14:43.547,2073,0.0125,1.6705
6885,19:14:43.547,2073,0.0125,1.6705
6886,19:14:43.548,2072,0.0120,1.6697
6887,19:14:43.548,2072,0.0120,1.6697
6888,19:14:43.549,2069,0.0105,1.6673
6889,19:14:43.549,2072,0.0120,1.6697
6890,19:14:43.550,2069,0.0105,1.6673
6891,19:14:43.550,2068,0.0100,1.6665
6892,19:14:43.551,2069,0.0105,1.6673
6893,19:14:43.551,2067,0.0095,1.6657
6894,19:14:43.552,2071,0.0115,1.6689
6895,19:14:43.552,2066,0.0090,1.6649
6896,19:14:43.553,2070,0.0110,1.6681
6897,19:14:43.553,2067,0.0095,1.6657
6898,19:14:43.554,2070,0.0110,1.6681
6899,19:14:43.554,2071,0.0115,1.6689
6900,19:14:43.555,2069,0.0105,1.6673
6901,19:14:43.555,2068,0.0100,1.6665
6902,19:14:43.556,2069,0.0105,1.6673
6903,19:14:43.556,2068,0.0100,1.6665
6904,19:14:43.557,2066,0.0090,1.6649
6905,19:14:43.557,2067,0.0095,1.6657
6906,19:14:43.558,2068,0.0100,1.6665
6907,19:14:43.558,2065,0.0085,1.6641
6908,19:14:43.559,2068,0.0100,1.6665
6909,19:14:43.559,2066,0.0090,1.6649
6910,19:14:43.560,2066,0.0090,1.6649
6911,19:14:43.560,2064,0.0081,1.6633
6912,19:14:43.561,2066,0.0090,1.6649
6913,19:14:43.561,2062,0.0071,1.6617
6914,19:14:43.562,2064,0.0081,1.6633
6915,19:14:43.562,2064,0.0081,1.6633
6916,19:14:43.563,2062,0.0071,1.6617
6917,19:14:43.563,2063,0.0076,1.6625
6918,19:14:43.564,2066,0.0090,1.6649
6919,19:14:43.564,2062,0.0071,1.6617
6920,19:14:43.565,2061,0.0066,1.6609
6921,19:14:43.565,2066,0.0090,1.6649
6922,19:14:43.566,2062,0.0071,1.6617
6923,19:14:43.566,2066,0.0090,1.6649
6924,19:14:43.567,2062,0.0071,1.6617
6925,19:14:43.567,2062,0.0071,1.6617
6926,19:14:43.568,2065,0.0085,1.6641
6927,19:14:43.568,2061,0.0066,1.6609
6928,19:14:43.569,2063,0.0076,1.6625
6929,19:14:43.569,2062,0.0071,1.6617
6930,19:14:43.570,2062,0.0071,1.6617
6931,19:14:43.570,2060,0.0061,1.6601
6932,19:14:43.571,2061,0.0066,1.6609
6933,19:14:43.571,2063,0.0076,1.6625
6934,19:14:43.572,2066,0.0090,1.6649
6935,19:14:43.572,2063,0.0076,1.6625
6936,19:14:43.573,2062,0.0071,1.6617
6937,19:14:43.573,2061,0.0066,1.6609
6938,19:14:43.574,2062,0.0071,1.6617
6939,19:14:43.574,2065,0.0085,1.6641
6940,19:14:43.575,2064,0.0081,1.6633
6941,19:14:43.575,2063,0.0076,1.6625
6942,19:14:43.576,2063,0.0076,1.6625
6943,19:14:43.576,2059,0.0056,1.6593
6944,19:14:43.577,2063,0.0076,1.6625
6945,19:14:43.577,2059,0.0056,1.6593
6946,19:14:43.578,2062,0.0071,1.6617
6947,19:14:43.578,2061,0.0066,1.6609
6948,19:14:43.579,2060,0.0061,1.6601
6949,19:14:43.579,2059,0.0056,1.6593
6950,19:14:43.580,2063,0.0076,1.6625
6951,19:14:43.580,2063,0.0076,1.6625
6952,19:14:43.581,2063,0.0076,1.6625
6953,19:14:43.581,2060,0.0061,1.6601
6954,19:14:43.582,2064,0.0081,1.6633
6955,19:14:43.582,2063,0.0076,1.6625
6956,19:14:43.583,2059,0.0056,1.6593
6957,19:14:43.583,2067,0.0095,1.6657
6958,19:14:43.584,2068,0.0100,1.6665
6959,19:14:43.584,2072,0.0120,1.6697
6960,19:14:43.585,2071,0.0115,1.6689
6961,19:14:43.585,2063,0.0076,1.6625
6962,19:14:43.586,2060,0.0061,1.6601
6963,19:14:43.586,2064,0.0081,1.6633
6964,19:14:43.587,2066,0.0090,1.6649
6965,19:14:43.587,2069,0.0105,1.6673
6966,19:14:43.588,2068,0.0100,1.6665
6967,19:14:43.588,2069,0.0105,1.6673
6968,19:14:43.589,2065,0.0085,1.6641
6969,19:14:43.589,2061,0.0066,1.6609
6970,19:14:43.590,2063,0.0076,1.6625
6971,19:14:43.590,2068,0.0100,1.6665
6972,19:14:43.591,2066,0.0090,1.6649
6973,19:14:43.591,2069,0.0105,1.6673
6974,19:14:43.592,2067,0.0095,1.6657
6975,19:14:43.592,2069,0.0105,1.6673
6976,19:14:43.593,2066,0.0090,1.6649
6977,19:14:43.593,2062,0.0071,1.6617
6978,19:14:43.594,2065,0.0085,1.6641
6979,19:14:43.594,2068,0.0100,1.6665
6980,19:14:43.595,2065,0.0085,1.6641
6981,19:14:43.595,2070,0.0110,1.6681
6982,19:14:43.596,2068,0.0100,1.6665
6983,19:14:43.596,2065,0.0085,1.6641
6984,19:14:43.597,2062,0.0071,1.6617
6985,19:14:43.597,2064,0.0081,1.6633
6986,19:14:43.598,2068,0.0100,1.6665
6987,19:14:43.598,2067,0.0095,1.6657
6988,19:14:43.599,2068,0.0100,1.6665
6989,19:14:43.599,2070,0.0110,1.6681
6990,19:14:43.600,2066,0.0090,1.6649
6991,19:14:43.600,2068,0.0100,1.6665
6992,19:14:43.601,2067,0.0095,1.6657
6993,19:14:43.601,2068,0.0100,1.6665
6994,19:14:43.602,2069,0.0105,1.6673
6995,19:14:43.602,2069,0.0105,1.6673
6996,19:14:43.603,2065,0.0085,1.6641
6997,19:14:43.603,2065,0.0085,1.6641
6998,19:14:43.604,2069,0.0105,1.6673
6999,19:14:43.604,2068,0.0100,1.6665
7000,19:14:43.605,2067,0.0095,1.6657
7001,19:14:43.605,2072,0.0120,1.6697
7002,19:14:43.606,2070,0.0110,1.6681
7003,19:14:43.606,2070,0.0110,1.6681
7004,19:14:43.607,2069,0.0105,1.6673
7005,19:14:43.607,2067,0.0095,1.6657
7006,19:14:43.608,2071,0.0115,1.6689
7007,19:14:43.608,2071,0.0115,1.6689
7008,19:14:43.609,2066,0.0090,1.6649
7009,19:14:43.609,2069,0.0105,1.6673
7010,19:14:43.610,2069,0.0105,1.6673
7011,19:14:43.610,2071,0.0115,1.6689
7012,19:14:43.611,2070,0.0110,1.6681
7013,19:14:43.611,2070,0.0110,1.6681
7014,19:14:43.612,2072,0.0120,1.6697
7015,19:14:43.612,2071,0.0115,1.6689
7016,19:14:43.613,2068,0.0100,1.6665
7017,19:14:43.613,2071,0.0115,1.6689
7018,19:14:43.614,2070,0.0110,1.6681
7019,19:14:43.614,2066,0.0090,1.6649
7020,19:14:43.615,2071,0.0115,1.6689
7021,19:14:43.615,2067,0.0095,1.6657
7022,19:14:43.616,2069,0.0105,1.6673
7023,19:14:43.616,2069,0.0105,1.6673
7024,19:14:43.617,2072,0.0120,1.6697
7025,19:14:43.617,2069,0.0105,1.6673
7026,19:14:43.618,2069,0.0105,1.6673
7027,19:14:43.618,2068,0.0100,1.6665
7028,19:14:43.619,2070,0.0110,1.6681
7029,19:14:43.619,2068,0.0100,1.6665
7030,19:14:43.620,2070,0.0110,1.6681
7031,19:14:43.620,2069,0.0105,1.6673
7032,19:14:43.621,2067,0.0095,1.6657
7033,19:14:43.621,2072,0.0120,1.6697
7034,19:14:43.622,2070,0.0110,1.6681
7035,19:14:43.622,2071,0.0115,1.6689
7036,19:14:43.623,2070,0.0110,1.6681
7037,19:14:43.623,2071,0.0115,1.6689
7038,19:14:43.624,2072,0.0120,1.6697
7039,19:14:43.624,2069,0.0105,1.6673
7040,19:14:43.625,2070,0.0110,1.6681
7041,19:14:43.625,2072,0.0120,1.6697
7042,19:14:43.626,2075,0.0134,1.6722
7043,19:14:43.626,2074,0.0129,1.6714
7044,19:14:43.627,2072,0.0120,1.6697
7045,19:14:43.627,2072,0.0120,1.6697
7046,19:14:43.628,2072,0.0120,1.6697
7047,19:14:43.628,2071,0.0115,1.6689
7048,19:14:43.629,2074,0.0129,1.6714
7049,19:14:43.629,2075,0.0134,1.6722
7050,19:14:43.630,2074,0.0129,1.6714
7051,19:14:43.630,2078,0.0149,1.6746
7052,19:14:43.631,2066,0.0090,1.6649
7053,19:14:43.631,2079,0.0154,1.6754
7054,19:14:43.632,2081,0.0164,1.6770
7055,19:14:43.632,2080,0.0159,1.6762
7056,19:14:43.633,2067,0.0095,1.6657
7057,19:14:43.633,2077,0.0144,1.6738
7058,19:14:43.634,2091,0.0212,1.6851
7059,19:14:43.634,2063,0.0076,1.6625
7060,19:14:43.635,2074,0.0129,1.6714
7061,19:14:43.635,2085,0.0183,1.6802
7062,19:14:43.636,2073,0.0125,1.6705
7063,19:14:43.636,2092,0.0217,1.6859
7064,19:14:43.637,2065,0.0085,1.6641
7065,19:14:43.637,2073,0.0125,1.6705
7066,19:14:43.638,2104,0.0276,1.6955
7067,19:14:43.638,2072,0.0120,1.6697
7068,19:14:43.639,2083,0.0173,1.6786
7069,19:14:43.639,2086,0.0188,1.6810
7070,19:14:43.640,2076,0.0139,1.6730
7071,19:14:43.640,2086,0.0188,1.6810
7072,19:14:43.641,2081,0.0164,1.6770
7073,19:14:43.641,2104,0.0276,1.6955
7074,19:14:43.642,2073,0.0125,1.6705
7075,19:14:43.642,2100,0.0256,1.6923
7076,19:14:43.643,2072,0.0120,1.6697
7077,19:14:43.643,2090,0.0208,1.6842
7078,19:14:43.644,2111,0.0310,1.7012
7079,19:14:43.644,2086,0.0188,1.6810
7080,19:14:43.645,2093,0.0222,1.6867
7081,19:14:43.645,2089,0.0203,1.6834
7082,19:14:43.646,2095,0.0232,1.6883
7083,19:14:43.646,2081,0.0164,1.6770
7084,19:14:43.647,2092,0.0217,1.6859
7085,19:14:43.647,2097,0.0242,1.6899
7086,19:14:43.648,2073,0.0125,1.6705
7087,19:14:43.648,2117,0.0339,1.7060
7088,19:14:43.649,2098,0.0247,1.6907
7089,19:14:43.649,2082,0.0168,1.6778
7090,19:14:43.650,2110,0.0305,1.7004
7091,19:14:43.650,2086,0.0188,1.6810
7092,19:14:43.651,2099,0.0252,1.6915
7093,19:14:43.651,2110,0.0305,1.7004
7094,19:14:43.652,2102,0.0266,1.6939
7095,19:14:43.652,2085,0.0183,1.6802
7096,19:14:43.653,2092,0.0217,1.6859
7097,19:14:43.653,2107,0.0291,1.6979
7098,19:14:43.654,2078,0.0149,1.6746
7099,19:14:43.654,2117,0.0339,1.7060
7100,19:14:43.655,2087,0.0193,1.6818
7101,19:14:43.655,2086,0.0188,1.6810
7102,19:14:43.656,2114,0.0325,1.7036
7103,19:14:43.656,2098,0.0247,1.6907
7104,19:14:43.657,2093,0.0222,1.6867
7105,19:14:43.657,2090,0.0208,1.6842
7106,19:14:43.658,2099,0.0252,1.6915
7107,19:14:43.658,2076,0.0139,1.6730
7108,19:14:43.659,2093,0.0222,1.6867
7109,19:14:43.659,2110,0.0305,1.7004
7110,19:14:43.660,2062,0.0071,1.6617
7111,19:14:43.660,2095,0.0232,1.6883
7112,19:14:43.661,2090,0.0208,1.6842
7113,19:14:43.661,2076,0.0139,1.6730
7114,19:14:43.662,2100,0.0256,1.6923
7115,19:14:43.662,2083,0.0173,1.6786
7116,19:14:43.663,2075,0.0134,1.6722
7117,19:14:43.663,2083,0.0173,1.6786
7118,19:14:43.664,2088,0.0198,1.6826
7119,19:14:43.664,2063,0.0076,1.6625
7120,19:14:43.665,2076,0.0139,1.6730
7121,19:14:43.665,2093,0.0222,1.6867
7122,19:14:43.666,2055,0.0037,1.6560
7123,19:14:43.666,2083,0.0173,1.6786
7124,19:14:43.667,2077,0.0144,1.6738
7125,19:14:43.667,2067,0.0095,1.6657
7126,19:14:43.668,2082,0.0168,1.6778
7127,19:14:43.668,2073,0.0125,1.6705
7128,19:14:43.669,2070,0.0110,1.6681
7129,19:14:43.669,2067,0.0095,1.6657
7130,19:14:43.670,2079,0.0154,1.6754
7131,19:14:43.670,2049,0.0007,1.6512
7132,19:14:43.671,2059,0.0056,1.6593
7133,19:14:43.671,2089,0.0203,1.6834
7134,19:14:43.672,2050,0.0012,1.6520
7135,19:14:43.672,2062,0.0071,1.6617
7136,19:14:43.673,2067,0.0095,1.6657
7137,19:14:43.673,2056,0.0042,1.6568
7138,19:14:43.674,2070,0.0110,1.6681
7139,19:14:43.674,2074,0.0129,1.6714
7140,19:14:43.675,2055,0.0037,1.6560
7141,19:14:43.675,2055,0.0037,1.6560
7142,19:14:43.676,2077,0.0144,1.6738
7143,19:14:43.676,2041,-0.0032,1.6448
7144,19:14:43.677,2055,0.0037,1.6560
7145,19:14:43.677,2085,0.0183,1.6802
7146,19:14:43.678,2048,0.0002,1.6504
7147,19:14:43.678,2059,0.0056,1.6593
7148,19:14:43.679,2063,0.0076,1.6625
7149,19:14:43.679,2061,0.0066,1.6609
7150,19:14:43.680,2066,0.0090,1.6649
7151,19:14:43.680,2070,0.0110,1.6681
7152,19:14:43.681,2056,0.0042,1.6568
7153,19:14:43.681,2055,0.0037,1.6560
7154,19:14:43.682,2078,0.0149,1.6746
7155,19:14:43.682,2046,-0.0007,1.6488
7156,19:14:43.683,2049,0.0007,1.6512
7157,19:14:43.683,2078,0.0149,1.6746
7158,19:14:43.684,2055,0.0037,1.6560
7159,19:14:43.684,2055,0.0037,1.6560
7160,19:14:43.685,2066,0.0090,1.6649
7161,19:14:43.685,2062,0.0071,1.6617
7162,19:14:43.686,2060,0.0061,1.6601
7163,19:14:43.686,2071,0.0115,1.6689
7164,19:14:43.687,2060,0.0061,1.6601
7165,19:14:43.687,2050,0.0012,1.6520
7166,19:14:43.688,2082,0.0168,1.6778
7167,19:14:43.688,2048,0.0002,1.6504
7168,19:14:43.689,2043,-0.0022,1.6464
7169,19:14:43.689,2087,0.0193,1.6818
7170,19:14:43.690,2060,0.0061,1.6601
7171,19:14:43.690,2056,0.0042,1.6568
7172,19:14:43.691,2061,0.0066,1.6609
7173,19:14:43.691,2065,0.0085,1.6641
7174,19:14:43.692,2065,0.0085,1.6641
7175,19:14:43.692,2073,0.0125,1.6705
7176,19:14:43.693,2062,0.0071,1.6617
7177,19:14:43.693,2051,0.0017,1.6528
7178,19:14:43.694,2074,0.0129,1.6714
7179,19:14:43.694,2051,0.0017,1.6528
7180,19:14:43.695,2046,-0.0007,1.6488
7181,19:14:43.695,2080,0.0159,1.6762
7182,19:14:43.696,2062,0.0071,1.6617
7183,19:14:43.696,2054,0.0032,1.6552
7184,19:14:43.697,2061,0.0066,1.6609
7185,19:14:43.697,2072,0.0120,1.6697
7186,19:14:43.698,2057,0.0046,1.6577
7187,19:14:43.698,2070,0.0110,1.6681
7188,19:14:43.699,2065,0.0085,1.6641
7189,19:14:43.699,2043,-0.0022,1.6464
7190,19:14:43.700,2076,0.0139,1.6730
7191,19:14:43.700,2055,0.0037,1.6560
7192,19:14:43.701,2048,0.0002,1.6504
7193,19:14:43.701,2076,0.0139,1.6730
7194,19:14:43.702,2064,0.0081,1.6633
7195,19:14:43.702,2059,0.0056,1.6593
7196,19:14:43.703,2057,0.0046,1.6577
7197,19:14:43.703,2069,0.0105,1.6673
7198,19:14:43.704,2057,0.0046,1.6577
7199,19:14:43.704,2069,0.0105,1.6673
7200,19:14:43.705,2069,0.0105,1.6673
7201,19:14:43.705,2042,-0.0027,1.6456
7202,19:14:43.706,2074,0.0129,1.6714
7203,19:14:43.706,2060,0.0061,1.6601
7204,19:14:43.707,2043,-0.0022,1.6464
7205,19:14:43.707,2071,0.0115,1.6689
7206,19:14:43.708,2065,0.0085,1.6641
7207,19:14:43.708,2057,0.0046,1.6577
7208,19:14:43.709,2053,0.0027,1.6544
7209,19:14:43.709,2072,0.0120,1.6697
7210,19:14:43.710,2051,0.0017,1.6528
7211,19:14:43.710,2072,0.0120,1.6697
7212,19:14:43.711,2083,0.0173,1.6786
7213,19:14:43.711,2062,0.0071,1.6617
7214,19:14:43.712,2079,0.0154,1.6754
7215,19:14:43.712,2058,0.0051,1.6585
7216,19:14:43.713,2043,-0.0022,1.6464
7217,19:14:43.713,2067,0.0095,1.6657
7218,19:14:43.714,2071,0.0115,1.6689
7219,19:14:43.714,2066,0.0090,1.6649
7220,19:14:43.715,2063,0.0076,1.6625
7221,19:14:43.715,2083,0.0173,1.6786
7222,19:14:43.716,2063,0.0076,1.6625
7223,19:14:43.716,2061,0.0066,1.6609
7224,19:14:43.717,2073,0.0125,1.6705
7225,19:14:43.717,2052,0.0022,1.6536
7226,19:14:43.718,2068,0.0100,1.6665
7227,19:14:43.718,2073,0.0125,1.6705
7228,19:14:43.719,2062,0.0071,1.6617
7229,19:14:43.719,2073,0.0125,1.6705
7230,19:14:43.720,2070,0.0110,1.6681
7231,19:14:43.720,2060,0.0061,1.6601
7232,19:14:43.721,2052,0.0022,1.6536
7233,19:14:43.721,2082,0.0168,1.6778
7234,19:14:43.722,2070,0.0110,1.6681
7235,19:14:43.722,2067,0.0095,1.6657
7236,19:14:43.723,2079,0.0154,1.6754
7237,19:14:43.723,2056,0.0042,1.6568
7238,19:14:43.724,2065,0.0085,1.6641
7239,19:14:43.724,2066,0.0090,1.6649
7240,19:14:43.725,2064,0.0081,1.6633
7241,19:14:43.725,2075,0.0134,1.6722
7242,19:14:43.726,2079,0.0154,1.6754
7243,19:14:43.726,2065,0.0085,1.6641
7244,19:14:43.727,2056,0.0042,1.6568
7245,19:14:43.727,2082,0.0168,1.6778
7246,19:14:43.728,2066,0.0090,1.6649
7247,19:14:43.728,2067,0.0095,1.6657
7248,19:14:43.729,2079,0.0154,1.6754
7249,19:14:43.729,2061,0.0066,1.6609
7250,19:14:43.730,2069,0.0105,1.6673
7251,19:14:43.730,2070,0.0110,1.6681
7252,19:14:43.731,2064,0.0081,1.6633
7253,19:14:43.731,2074,0.0129,1.6714
7254,19:14:43.732,2077,0.0144,1.6738
7255,19:14:43.732,2076,0.0139,1.6730
7256,19:14:43.733,2057,0.0046,1.6577
7257,19:14:43.733,2089,0.0203,1.6834
7258,19:14:43.734,2072,0.0120,1.6697
7259,19:14:43.734,2064,0.0081,1.6633
7260,19:14:43.735,2082,0.0168,1.6778
7261,19:14:43.735,2061,0.0066,1.6609
7262,19:14:43.736,2073,0.0125,1.6705
7263,19:14:43.736,2068,0.0100,1.6665
7264,19:14:43.737,2067,0.0095,1.6657
7265,19:14:43.737,2075,0.0134,1.6722
7266,19:14:43.738,2077,0.0144,1.6738
7267,19:14:43.738,2079,0.0154,1.6754
7268,19:14:43.739,2056,0.0042,1.6568
7269,19:14:43.739,2085,0.0183,1.6802
7270,19:14:43.740,2075,0.0134,1.6722
7271,19:14:43.740,2066,0.0090,1.6649
7272,19:14:43.741,2081,0.0164,1.6770
7273,19:14:43.741,2070,0.0110,1.6681
7274,19:14:43.742,2073,0.0125,1.6705
7275,19:14:43.742,2070,0.0110,1.6681
7276,19:14:43.743,2078,0.0149,1.6746
7277,19:14:43.743,2079,0.0154,1.6754
7278,19:14:43.744,2076,0.0139,1.6730
7279,19:14:43.744,2079,0.0154,1.6754
7280,19:14:43.745,2059,0.0056,1.6593
7281,19:14:43.745,2083,0.0173,1.6786
7282,19:14:43.746,2080,0.0159,1.6762
7283,19:14:43.746,2071,0.0115,1.6689
7284,19:14:43.747,2082,0.0168,1.6778
7285,19:14:43.747,2069,0.0105,1.6673
7286,19:14:43.748,2073,0.0125,1.6705
7287,19:14:43.748,2065,0.0085,1.6641
7288,19:14:43.749,2078,0.0149,1.6746
7289,19:14:43.749,2077,0.0144,1.6738
7290,19:14:43.750,2075,0.0134,1.6722
7291,19:14:43.750,2081,0.0164,1.6770
7292,19:14:43.751,2062,0.0071,1.6617
7293,19:14:43.751,2083,0.0173,1.6786
7294,19:14:43.752,2084,0.0178,1.6794
7295,19:14:43.752,2070,0.0110,1.6681
7296,19:14:43.753,2079,0.0154,1.6754
7297,19:14:43.753,2072,0.0120,1.6697
7298,19:14:43.754,2072,0.0120,1.6697
7299,19:14:43.754,2063,0.0076,1.6625
7300,19:14:43.755,2079,0.0154,1.6754
7301,19:14:43.755,2076,0.0139,1.6730
7302,19:14:43.756,2075,0.0134,1.6722
7303,19:14:43.756,2079,0.0154,1.6754
7304,19:14:43.757,2060,0.0061,1.6601
7305,19:14:43.757,2080,0.0159,1.6762
7306,19:14:43.758,2084,0.0178,1.6794
7307,19:14:43.758,2067,0.0095,1.6657
7308,19:14:43.759,2075,0.0134,1.6722
7309,19:14:43.759,2070,0.0110,1.6681
7310,19:14:43.760,2074,0.0129,1.6714
7311,19:14:43.760,2061,0.0066,1.6609
7312,19:14:43.761,2071,0.0115,1.6689
7313,19:14:43.761,2075,0.0134,1.6722
7314,19:14:43.762,2067,0.0095,1.6657
7315,19:14:43.762,2074,0.0129,1.6714
7316,19:14:43.763,2058,0.0051,1.6585
7317,19:14:43.763,2075,0.0134,1.6722
7318,19:14:43.764,2078,0.0149,1.6746
7319,19:14:43.764,2069,0.0105,1.6673
7320,19:14:43.765,2067,0.0095,1.6657
7321,19:14:43.765,2064,0.0081,1.6633
7322,19:14:43.766,2073,0.0125,1.6705
7323,19:14:43.766,2055,0.0037,1.6560
7324,19:14:43.767,2068,0.0100,1.6665
7325,19:14:43.767,2074,0.0129,1.6714
7326,19:14:43.768,2067,0.0095,1.6657
7327,19:14:43.768,2072,0.0120,1.6697
7328,19:14:43.769,2058,0.0051,1.6585
7329,19:14:43.769,2067,0.0095,1.6657
7330,19:14:43.770,2075,0.0134,1.6722
7331,19:14:43.770,2066,0.0090,1.6649
7332,19:14:43.771,2067,0.0095,1.6657
7333,19:14:43.771,2059,0.0056,1.6593
7334,19:14:43.772,2071,0.0115,1.6689
7335,19:14:43.772,2053,0.0027,1.6544
7336,19:14:43.773,2061,0.0066,1.6609
7337,19:14:43.773,2062,0.0071,1.6617
7338,19:14:43.774,2073,0.0125,1.6705
7339,19:14:43.774,2083,0.0173,1.6786
7340,19:14:43.775,2088,0.0198,1.6826
7341,19:14:43.775,2078,0.0149,1.6746
7342,19:14:43.776,2060,0.0061,1.6601
7343,19:14:43.776,2062,0.0071,1.6617
7344,19:14:43.777,2057,0.0046,1.6577
7345,19:14:43.777,2070,0.0110,1.6681
7346,19:14:43.778,2088,0.0198,1.6826
7347,19:14:43.778,2073,0.0125,1.6705
7348,19:14:43.779,2076,0.0139,1.6730
7349,19:14:43.779,2074,0.0129,1.6714
7350,19:14:43.780,2058,0.0051,1.6585
7351,19:14:43.780,2063,0.0076,1.6625
7352,19:14:43.781,2064,0.0081,1.6633
7353,19:14:43.781,2076,0.0139,1.6730
7354,19:14:43.782,2087,0.0193,1.6818
7355,19:14:43.782,2081,0.0164,1.6770
7356,19:14:43.783,2073,0.0125,1.6705
7357,19:14:43.783,2053,0.0027,1.6544
7358,19:14:43.784,2068,0.0100,1.6665
7359,19:14:43.784,2059,0.0056,1.6593
7360,19:14:43.785,2068,0.0100,1.6665
7361,19:14:43.785,2087,0.0193,1.6818
7362,19:14:43.786,2072,0.0120,1.6697
7363,19:14:43.786,2067,0.0095,1.6657
7364,19:14:43.787,2067,0.0095,1.6657
7365,19:14:43.787,2062,0.0071,1.6617
7366,19:14:43.788,2066,0.0090,1.6649
7367,19:14:43.788,2071,0.0115,1.6689
7368,19:14:43.789,2077,0.0144,1.6738
7369,19:14:43.789,2064,0.0081,1.6633
7370,19:14:43.790,2072,0.0120,1.6697
7371,19:14:43.790,2059,0.0056,1.6593
7372,19:14:43.791,2058,0.0051,1.6585
7373,19:14:43.791,2077,0.0144,1.6738
7374,19:14:43.792,2071,0.0115,1.6689
7375,19:14:43.792,2064,0.0081,1.6633
7376,19:14:43.793,2069,0.0105,1.6673
7377,19:14:43.793,2068,0.0100,1.6665
7378,19:14:43.794,2062,0.0071,1.6617
7379,19:14:43.794,2068,0.0100,1.6665
7380,19:14:43.795,2072,0.0120,1.6697
7381,19:14:43.795,2058,0.0051,1.6585
7382,19:14:43.796,2074,0.0129,1.6714
7383,19:14:43.796,2062,0.0071,1.6617
7384,19:14:43.797,2060,0.0061,1.6601
7385,19:14:43.797,2074,0.0129,1.6714
7386,19:14:43.798,2067,0.0095,1.6657
7387,19:14:43.798,2055,0.0037,1.6560
7388,19:14:43.799,2068,0.0100,1.6665
7389,19:14:43.799,2068,0.0100,1.6665
7390,19:14:43.800,2064,0.0081,1.6633
7391,19:14:43.800,2071,0.0115,1.6689
7392,19:14:43.801,2069,0.0105,1.6673
7393,19:14:43.801,2054,0.0032,1.6552
7394,19:14:43.802,2066,0.0090,1.6649
7395,19:14:43.802,2063,0.0076,1.6625
7396,19:14:43.803,2059,0.0056,1.6593
7397,19:14:43.803,2075,0.0134,1.6722
7398,19:14:43.804,2067,0.0095,1.6657
7399,19:14:43.804,2056,0.0042,1.6568
7400,19:14:43.805,2068,0.0100,1.6665
7401,19:14:43.805,2070,0.0110,1.6681
7402,19:14:43.806,2061,0.0066,1.6609
7403,19:14:43.806,2070,0.0110,1.6681
7404,19:14:43.807,2075,0.0134,1.6722
7405,19:14:43.807,2058,0.0051,1.6585
7406,19:14:43.808,2068,0.0100,1.6665
7407,19:14:43.808,2063,0.0076,1.6625
7408,19:14:43.809,2060,0.0061,1.6601
7409,19:14:43.809,2074,0.0129,1.6714
7410,19:14:43.810,2074,0.0129,1.6714
7411,19:14:43.810,2057,0.0046,1.6577
7412,19:14:43.811,2064,0.0081,1.6633
7413,19:14:43.811,2075,0.0134,1.6722
7414,19:14:43.812,2062,0.0071,1.6617
7415,19:14:43.812,2067,0.0095,1.6657
7416,19:14:43.813,2077,0.0144,1.6738
7417,19:14:43.813,2058,0.0051,1.6585
7418,19:14:43.814,2068,0.0100,1.6665
7419,19:14:43.814,2067,0.0095,1.6657
7420,19:14:43.815,2060,0.0061,1.6601
7421,19:14:43.815,2072,0.0120,1.6697
7422,19:14:43.816,2076,0.0139,1.6730
7423,19:14:43.816,2055,0.0037,1.6560
7424,19:14:43.817,2066,0.0090,1.6649
7425,19:14:43.817,2075,0.0134,1.6722
7426,19:14:43.818,2064,0.0081,1.6633
7427,19:14:43.818,2066,0.0090,1.6649
7428,19:14:43.819,2079,0.0154,1.6754
7429,19:14:43.819,2063,0.0076,1.6625
7430,19:14:43.820,2064,0.0081,1.6633
7431,19:14:43.820,2067,0.0095,1.6657
7432,19:14:43.821,2062,0.0071,1.6617
7433,19:14:43.821,2068,0.0100,1.6665
7434,19:14:43.822,2077,0.0144,1.6738
7435,19:14:43.822,2058,0.0051,1.6585
7436,19:14:43.823,2064,0.0081,1.6633
7437,19:14:43.823,2074,0.0129,1.6714
7438,19:14:43.824,2067,0.0095,1.6657
7439,19:14:43.824,2064,0.0081,1.6633
7440,19:14:43.825,2078,0.0149,1.6746
7441,19:14:43.825,2066,0.0090,1.6649
7442,19:14:43.826,2066,0.0090,1.6649
7443,19:14:43.826,2069,0.0105,1.6673
7444,19:14:43.827,2060,0.0061,1.6601
7445,19:14:43.827,2069,0.0105,1.6673
7446,19:14:43.828,2082,0.0168,1.6778
7447,19:14:43.828,2056,0.0042,1.6568
7448,19:14:43.829,2061,0.0066,1.6609
7449,19:14:43.829,2080,0.0159,1.6762
7450,19:14:43.830,2072,0.0120,1.6697
7451,19:14:43.830,2066,0.0090,1.6649
7452,19:14:43.831,2074,0.0129,1.6714
7453,19:14:43.831,2066,0.0090,1.6649
7454,19:14:43.832,2063,0.0076,1.6625
7455,19:14:43.832,2066,0.0090,1.6649
7456,19:14:43.833,2062,0.0071,1.6617
7457,19:14:43.833,2070,0.0110,1.6681
7458,19:14:43.834,2083,0.0173,1.6786
7459,19:14:43.834,2063,0.0076,1.6625
7460,19:14:43.835,2061,0.0066,1.6609
7461,19:14:43.835,2077,0.0144,1.6738
7462,19:14:43.836,2072,0.0120,1.6697
7463,19:14:43.836,2069,0.0105,1.6673
7464,19:14:43.837,2072,0.0120,1.6697
7465,19:14:43.837,2068,0.0100,1.6665
7466,19:14:43.838,2063,0.0076,1.6625
7467,19:14:43.838,2072,0.0120,1.6697
7468,19:14:43.839,2063,0.0076,1.6625
7469,19:14:43.839,2069,0.0105,1.6673
7470,19:14:43.840,2081,0.0164,1.6770
7471,19:14:43.840,2068,0.0100,1.6665
7472,19:14:43.841,2059,0.0056,1.6593
7473,19:14:43.841,2076,0.0139,1.6730
7474,19:14:43.842,2075,0.0134,1.6722
7475,19:14:43.842,2070,0.0110,1.6681
7476,19:14:43.843,2072,0.0120,1.6697
7477,19:14:43.843,2070,0.0110,1.6681
7478,19:14:43.844,2061,0.0066,1.6609
7479,19:14:43.844,2072,0.0120,1.6697
7480,19:14:43.845,2066,0.0090,1.6649
7481,19:14:43.845,2068,0.0100,1.6665
7482,19:14:43.846,2084,0.0178,1.6794
7483,19:14:43.846,2067,0.0095,1.6657
7484,19:14:43.847,2057,0.0046,1.6577
7485,19:14:43.847,2078,0.0149,1.6746
7486,19:14:43.848,2077,0.0144,1.6738
7487,19:14:43.848,2070,0.0110,1.6681
7488,19:14:43.849,2073,0.0125,1.6705
7489,19:14:43.849,2073,0.0125,1.6705
7490,19:14:43.850,2065,0.0085,1.6641
7491,19:14:43.850,2069,0.0105,1.6673
7492,19:14:43.851,2070,0.0110,1.6681
7493,19:14:43.851,2066,0.0090,1.6649
7494,19:14:43.852,2082,0.0168,1.6778
7495,19:14:43.852,2073,0.0125,1.6705
7496,19:14:43.853,2062,0.0071,1.6617
7497,19:14:43.853,2080,0.0159,1.6762
7498,19:14:43.854,2074,0.0129,1.6714
7499,19:14:43.854,2072,0.0120,1.6697
7500,19:14:43.855,2074,0.0129,1.6714
7501,19:14:43.855,2076,0.0139,1.6730
7502,19:14:43.856,2066,0.0090,1.6649
7503,19:14:43.856,2073,0.0125,1.6705
7504,19:14:43.857,2070,0.0110,1.6681
7505,19:14:43.857,2067,0.0095,1.6657
7506,19:14:43.858,2080,0.0159,1.6762
7507,19:14:43.858,2073,0.0125,1.6705
7508,19:14:43.859,2067,0.0095,1.6657
7509,19:14:43.859,2077,0.0144,1.6738
7510,19:14:43.860,2076,0.0139,1.6730
7511,19:14:43.860,2074,0.0129,1.6714
7512,19:14:43.861,2078,0.0149,1.6746
7513,19:14:43.861,2073,0.0125,1.6705
7514,19:14:43.862,2065,0.0085,1.6641
7515,19:14:43.862,2072,0.0120,1.6697
7516,19:14:43.863,2079,0.0154,1.6754
7517,19:14:43.863,2071,0.0115,1.6689
7518,19:14:43.864,2077,0.0144,1.6738
7519,19:14:43.864,2074,0.0129,1.6714
7520,19:14:43.865,2069,0.0105,1.6673
7521,19:14:43.865,2083,0.0173,1.6786
7522,19:14:43.866,2076,0.0139,1.6730
7523,19:14:43.866,2078,0.0149,1.6746
7524,19:14:43.867,2082,0.0168,1.6778
7525,19:14:43.867,2076,0.0139,1.6730
7526,19:14:43.868,2063,0.0076,1.6625
7527,19:14:43.868,2077,0.0144,1.6738
7528,19:14:43.869,2075,0.0134,1.6722
7529,19:14:43.869,2076,0.0139,1.6730
7530,19:14:43.870,2077,0.0144,1.6738
7531,19:14:43.870,2077,0.0144,1.6738
7532,19:14:43.871,2074,0.0129,1.6714
7533,19:14:43.871,2074,0.0129,1.6714
7534,19:14:43.872,2074,0.0129,1.6714
7535,19:14:43.872,2081,0.0164,1.6770
7536,19:14:43.873,2080,0.0159,1.6762
7537,19:14:43.873,2071,0.0115,1.6689
7538,19:14:43.874,2072,0.0120,1.6697
7539,19:14:43.874,2074,0.0129,1.6714
7540,19:14:43.875,2078,0.0149,1.6746
7541,19:14:43.875,2077,0.0144,1.6738
7542,19:14:43.876,2072,0.0120,1.6697
7543,19:14:43.876,2073,0.0125,1.6705
7544,19:14:43.877,2076,0.0139,1.6730
7545,19:14:43.877,2073,0.0125,1.6705
7546,19:14:43.878,2071,0.0115,1.6689
7547,19:14:43.878,2076,0.0139,1.6730
7548,19:14:43.879,2076,0.0139,1.6730
7549,19:14:43.879,2073,0.0125,1.6705
7550,19:14:43.880,2075,0.0134,1.6722
7551,19:14:43.880,2075,0.0134,1.6722
7552,19:14:43.881,2074,0.0129,1.6714
7553,19:14:43.881,2077,0.0144,1.6738
7554,19:14:43.882,2071,0.0115,1.6689
7555,19:14:43.882,2075,0.0134,1.6722
7556,19:14:43.883,2075,0.0134,1.6722
7557,19:14:43.883,2073,0.0125,1.6705
7558,19:14:43.884,2068,0.0100,1.6665
7559,19:14:43.884,2070,0.0110,1.6681
7560,19:14:43.885,2077,0.0144,1.6738
7561,19:14:43.885,2077,0.0144,1.6738
7562,19:14:43.886,2072,0.0120,1.6697
7563,19:14:43.886,2072,0.0120,1.6697
7564,19:14:43.887,2074,0.0129,1.6714
7565,19:14:43.887,2074,0.0129,1.6714
7566,19:14:43.888,2068,0.0100,1.6665
7567,19:14:43.888,2068,0.0100,1.6665
7568,19:14:43.889,2072,0.0120,1.6697
7569,19:14:43.889,2074,0.0129,1.6714
7570,19:14:43.890,2074,0.0129,1.6714
7571,19:14:43.890,2071,0.0115,1.6689
7572,19:14:43.891,2068,0.0100,1.6665
7573,19:14:43.891,2072,0.0120,1.6697
7574,19:14:43.892,2070,0.0110,1.6681
7575,19:14:43.892,2066,0.0090,1.6649
7576,19:14:43.893,2069,0.0105,1.6673
7577,19:14:43.893,2070,0.0110,1.6681
7578,19:14:43.894,2067,0.0095,1.6657
7579,19:14:43.894,2067,0.0095,1.6657
7580,19:14:43.895,2068,0.0100,1.6665
7581,19:14:43.895,2070,0.0110,1.6681
7582,19:14:43.896,2066,0.0090,1.6649
7583,19:14:43.896,2068,0.0100,1.6665
7584,19:14:43.897,2070,0.0110,1.6681
7585,19:14:43.897,2069,0.0105,1.6673
7586,19:14:43.898,2067,0.0095,1.6657
7587,19:14:43.898,2063,0.0076,1.6625
7588,19:14:43.899,2069,0.0105,1.6673
7589,19:14:43.899,2066,0.0090,1.6649
7590,19:14:43.900,2068,0.0100,1.6665
7591,19:14:43.900,2065,0.0085,1.6641
7592,19:14:43.901,2065,0.0085,1.6641
7593,19:14:43.901,2066,0.0090,1.6649
7594,19:14:43.902,2065,0.0085,1.6641
7595,19:14:43.902,2063,0.0076,1.6625
7596,19:14:43.903,2066,0.0090,1.6649
7597,19:14:43.903,2066,0.0090,1.6649
7598,19:14:43.904,2064,0.0081,1.6633
7599,19:14:43.904,2063,0.0076,1.6625
7600,19:14:43.905,2065,0.0085,1.6641
7601,19:14:43.905,2065,0.0085,1.6641
7602,19:14:43.906,2065,0.0085,1.6641
7603,19:14:43.906,2062,0.0071,1.6617
7604,19:14:43.907,2065,0.0085,1.6641
7605,19:14:43.907,2067,0.0095,1.6657
7606,19:14:43.908,2065,0.0085,1.6641
7607,19:14:43.908,2066,0.0090,1.6649
7608,19:14:43.909,2066,0.0090,1.6649
7609,19:14:43.909,2068,0.0100,1.6665
7610,19:14:43.910,2061,0.0066,1.6609
7611,19:14:43.910,2062,0.0071,1.6617
7612,19:14:43.911,2067,0.0095,1.6657
7613,19:14:43.911,2066,0.0090,1.6649
7614,19:14:43.912,2065,0.0085,1.6641
7615,19:14:43.912,2067,0.0095,1.6657
7616,19:14:43.913,2068,0.0100,1.6665
7617,19:14:43.913,2068,0.0100,1.6665
7618,19:14:43.914,2066,0.0090,1.6649
7619,19:14:43.914,2065,0.0085,1.6641
7620,19:14:43.915,2065,0.0085,1.6641
7621,19:14:43.915,2067,0.0095,1.6657
7622,19:14:43.916,2067,0.0095,1.6657
7623,19:14:43.916,2063,0.0076,1.6625
7624,19:14:43.917,2066,0.0090,1.6649
7625,19:14:43.917,2064,0.0081,1.6633
7626,19:14:43.918,2064,0.0081,1.6633
7627,19:14:43.918,2062,0.0071,1.6617
7628,19:14:43.919,2066,0.0090,1.6649
7629,19:14:43.919,2062,0.0071,1.6617
7630,19:14:43.920,2062,0.0071,1.6617
7631,19:14:43.920,2064,0.0081,1.6633
7632,19:14:43.921,2064,0.0081,1.6633
7633,19:14:43.921,2065,0.0085,1.6641
7634,19:14:43.922,2065,0.0085,1.6641
7635,19:14:43.922,2064,0.0081,1.6633
7636,19:14:43.923,2063,0.0076,1.6625
7637,19:14:43.923,2066,0.0090,1.6649
7638,19:14:43.924,2060,0.0061,1.6601
7639,19:14:43.924,2064,0.0081,1.6633
7640,19:14:43.925,2066,0.0090,1.6649
7641,19:14:43.925,2067,0.0095,1.6657
7642,19:14:43.926,2066,0.0090,1.6649
7643,19:14:43.926,2065,0.0085,1.6641
7644,19:14:43.927,2063,0.0076,1.6625
7645,19:14:43.927,2066,0.0090,1.6649
7646,19:14:43.928,2062,0.0071,1.6617
7647,19:14:43.928,2063,0.0076,1.6625
7648,19:14:43.929,2063,0.0076,1.6625
7649,19:14:43.929,2066,0.0090,1.6649
7650,19:14:43.930,2064,0.0081,1.6633
7651,19:14:43.930,2063,0.0076,1.6625
7652,19:14:43.931,2064,0.0081,1.6633
7653,19:14:43.931,2065,0.0085,1.6641
7654,19:14:43.932,2063,0.0076,1.6625
7655,19:14:43.932,2066,0.0090,1.6649
7656,19:14:43.933,2065,0.0085,1.6641
7657,19:14:43.933,2065,0.0085,1.6641
7658,19:14:43.934,2066,0.0090,1.6649
7659,19:14:43.934,2066,0.0090,1.6649
7660,19:14:43.935,2069,0.0105,1.6673
7661,19:14:43.935,2066,0.0090,1.6649
7662,19:14:43.936,2065,0.0085,1.6641
7663,19:14:43.936,2063,0.0076,1.6625
7664,19:14:43.937,2069,0.0105,1.6673
7665,19:14:43.937,2069,0.0105,1.6673
7666,19:14:43.938,2065,0.0085,1.6641
7667,19:14:43.938,2069,0.0105,1.6673
7668,19:14:43.939,2067,0.0095,1.6657
7669,19:14:43.939,2070,0.0110,1.6681
7670,19:14:43.940,2068,0.0100,1.6665
7671,19:14:43.940,2063,0.0076,1.6625
7672,19:14:43.941,2069,0.0105,1.6673
7673,19:14:43.941,2071,0.0115,1.6689
7674,19:14:43.942,2068,0.0100,1.6665
7675,19:14:43.942,2065,0.0085,1.6641
7676,19:14:43.943,2068,0.0100,1.6665
7677,19:14:43.943,2068,0.0100,1.6665
7678,19:14:43.944,2067,0.0095,1.6657
7679,19:14:43.944,2067,0.0095,1.6657
7680,19:14:43.945,2068,0.0100,1.6665
7681,19:14:43.945,2068,0.0100,1.6665
7682,19:14:43.946,2069,0.0105,1.6673
7683,19:14:43.946,2066,0.0090,1.6649
7684,19:14:43.947,2067,0.0095,1.6657
7685,19:14:43.947,2068,0.0100,1.6665
7686,19:14:43.948,2069,0.0105,1.6673
7687,19:14:43.948,2069,0.0105,1.6673
7688,19:14:43.949,2070,0.0110,1.6681
7689,19:14:43.949,2069,0.0105,1.6673
7690,19:14:43.950,2068,0.0100,1.6665
7691,19:14:43.950,2064,0.0081,1.6633
7692,19:14:43.951,2071,0.0115,1.6689
7693,19:14:43.951,2068,0.0100,1.6665
7694,19:14:43.952,2070,0.0110,1.6681
7695,19:14:43.952,2064,0.0081,1.6633
7696,19:14:43.953,2071,0.0115,1.6689
7697,19:14:43.953,2072,0.0120,1.6697
7698,19:14:43.954,2071,0.0115,1.6689
7699,19:14:43.954,2068,0.0100,1.6665
7700,19:14:43.955,2067,0.0095,1.6657
7701,19:14:43.955,2070,0.0110,1.6681
7702,19:14:43.956,2066,0.0090,1.6649
7703,19:14:43.956,2066,0.0090,1.6649
7704,19:14:43.957,2070,0.0110,1.6681
7705,19:14:43.957,2070,0.0110,1.6681
7706,19:14:43.958,2070,0.0110,1.6681
7707,19:14:43.958,2066,0.0090,1.6649
7708,19:14:43.959,2071,0.0115,1.6689
7709,19:14:43.959,2069,0.0105,1.6673
7710,19:14:43.960,2070,0.0110,1.6681
7711,19:14:43.960,2070,0.0110,1.6681
7712,19:14:43.961,2070,0.0110,1.6681
7713,19:14:43.961,2071,0.0115,1.6689
7714,19:14:43.962,2070,0.0110,1.6681
7715,19:14:43.962,2071,0.0115,1.6689
7716,19:14:43.963,2069,0.0105,1.6673
7717,19:14:43.963,2072,0.0120,1.6697
7718,19:14:43.964,2070,0.0110,1.6681
7719,19:14:43.964,2069,0.0105,1.6673
7720,19:14:43.965,2072,0.0120,1.6697
7721,19:14:43.965,2067,0.0095,1.6657
7722,19:14:43.966,2070,0.0110,1.6681
7723,19:14:43.966,2068,0.0100,1.6665
7724,19:14:43.967,2072,0.0120,1.6697
7725,19:14:43.967,2071,0.0115,1.6689
7726,19:14:43.968,2071,0.0115,1.6689
7727,19:14:43.968,2071,0.0115,1.6689
7728,19:14:43.969,2073,0.0125,1.6705
7729,19:14:43.969,2073,0.0125,1.6705
7730,19:14:43.970,2070,0.0110,1.6681
7731,19:14:43.970,2072,0.0120,1.6697
7732,19:14:43.971,2070,0.0110,1.6681
7733,19:14:43.971,2070,0.0110,1.6681
7734,19:14:43.972,2069,0.0105,1.6673
7735,19:14:43.972,2070,0.0110,1.6681
7736,19:14:43.973,2074,0.0129,1.6714
7737,19:14:43.973,2071,0.0115,1.6689
7738,19:14:43.974,2070,0.0110,1.6681
7739,19:14:43.974,2072,0.0120,1.6697
7740,19:14:43.975,2072,0.0120,1.6697
7741,19:14:43.975,2075,0.0134,1.6722
7742,19:14:43.976,2071,0.0115,1.6689
7743,19:14:43.976,2074,0.0129,1.6714
7744,19:14:43.977,2070,0.0110,1.6681
7745,19:14:43.977,2062,0.0071,1.6617
7746,19:14:43.978,2071,0.0115,1.6689
7747,19:14:43.978,2085,0.0183,1.6802
7748,19:14:43.979,2069,0.0105,1.6673
7749,19:14:43.979,2062,0.0071,1.6617
7750,19:14:43.980,2081,0.0164,1.6770
7751,19:14:43.980,2083,0.0173,1.6786
7752,19:14:43.981,2052,0.0022,1.6536
7753,19:14:43.981,2066,0.0090,1.6649
7754,19:14:43.982,2089,0.0203,1.6834
7755,19:14:43.982,2085,0.0183,1.6802
7756,19:14:43.983,2056,0.0042,1.6568
7757,19:14:43.983,2080,0.0159,1.6762
7758,19:14:43.984,2077,0.0144,1.6738
7759,19:14:43.984,2079,0.0154,1.6754
7760,19:14:43.985,2063,0.0076,1.6625
7761,19:14:43.985,2094,0.0227,1.6875
7762,19:14:43.986,2078,0.0149,1.6746
7763,19:14:43.986,2066,0.0090,1.6649
7764,19:14:43.987,2077,0.0144,1.6738
7765,19:14:43.987,2065,0.0085,1.6641
7766,19:14:43.988,2102,0.0266,1.6939
7767,19:14:43.988,2090,0.0208,1.6842
7768,19:14:43.989,2065,0.0085,1.6641
7769,19:14:43.989,2080,0.0159,1.6762
7770,19:14:43.990,2075,0.0134,1.6722
7771,19:14:43.990,2094,0.0227,1.6875
7772,19:14:43.991,2083,0.0173,1.6786
7773,19:14:43.991,2093,0.0222,1.6867
7774,19:14:43.992,2075,0.0134,1.6722
7775,19:14:43.992,2079,0.0154,1.6754
7776,19:14:43.993,2094,0.0227,1.6875
7777,19:14:43.993,2054,0.0032,1.6552
7778,19:14:43.994,2093,0.0222,1.6867
7779,19:14:43.994,2093,0.0222,1.6867
7780,19:14:43.995,2086,0.0188,1.6810
7781,19:14:43.995,2103,0.0271,1.6947
7782,19:14:43.996,2078,0.0149,1.6746
7783,19:14:43.996,2096,0.0237,1.6891
7784,19:14:43.997,2077,0.0144,1.6738
7785,19:14:43.997,2098,0.0247,1.6907
7786,19:14:43.998,2092,0.0217,1.6859
7787,19:14:43.998,2081,0.0164,1.6770
7788,19:14:43.999,2095,0.0232,1.6883
7789,19:14:43.999,2057,0.0046,1.6577
7790,19:14:44.000,2091,0.0212,1.6851
7791,19:14:44.000,2091,0.0212,1.6851
7792,19:14:44.001,2089,0.0203,1.6834
7793,19:14:44.001,2086,0.0188,1.6810
7794,19:14:44.002,2072,0.0120,1.6697
7795,19:14:44.002,2098,0.0247,1.6907
7796,19:14:44.003,2081,0.0164,1.6770
7797,19:14:44.003,2103,0.0271,1.6947
7798,19:14:44.004,2076,0.0139,1.6730
7799,19:14:44.004,2069,0.0105,1.6673
7800,19:14:44.005,2099,0.0252,1.6915
7801,19:14:44.005,2060,0.0061,1.6601
7802,19:14:44.006,2093,0.0222,1.6867
7803,19:14:44.006,2075,0.0134,1.6722
7804,19:14:44.007,2082,0.0168,1.6778
7805,19:14:44.007,2084,0.0178,1.6794
7806,19:14:44.008,2071,0.0115,1.6689
7807,19:14:44.008,2097,0.0242,1.6899
7808,19:14:44.009,2063,0.0076,1.6625
7809,19:14:44.009,2085,0.0183,1.6802
7810,19:14:44.010,2073,0.0125,1.6705
7811,19:14:44.010,2063,0.0076,1.6625
7812,19:14:44.011,2085,0.0183,1.6802
7813,19:14:44.011,2046,-0.0007,1.6488
7814,19:14:44.012,2081,0.0164,1.6770
7815,19:14:44.012,2064,0.0081,1.6633
7816,19:14:44.013,2077,0.0144,1.6738
7817,19:14:44.013,2075,0.0134,1.6722
7818,19:14:44.014,2052,0.0022,1.6536
7819,19:14:44.014,2085,0.0183,1.6802
7820,19:14:44.015,2054,0.0032,1.6552
7821,19:14:44.015,2084,0.0178,1.6794
7822,19:14:44.016,2066,0.0090,1.6649
7823,19:14:44.016,2048,0.0002,1.6504
7824,19:14:44.017,2073,0.0125,1.6705
7825,19:14:44.017,2041,-0.0032,1.6448
7826,19:14:44.018,2076,0.0139,1.6730
7827,19:14:44.018,2055,0.0037,1.6560
7828,19:14:44.019,2066,0.0090,1.6649
7829,19:14:44.019,2064,0.0081,1.6633
7830,19:14:44.020,2044,-0.0017,1.6472
7831,19:14:44.020,2083,0.0173,1.6786
7832,19:14:44.021,2051,0.0017,1.6528
7833,19:14:44.021,2079,0.0154,1.6754
7834,19:14:44.022,2055,0.0037,1.6560
7835,19:14:44.022,2043,-0.0022,1.6464
7836,19:14:44.023,2069,0.0105,1.6673
7837,19:14:44.023,2039,-0.0042,1.6432
7838,19:14:44.024,2080,0.0159,1.6762
7839,19:14:44.024,2046,-0.0007,1.6488
7840,19:14:44.025,2059,0.0056,1.6593
7841,19:14:44.025,2063,0.0076,1.6625
7842,19:14:44.026,2040,-0.0037,1.6440
7843,19:14:44.026,2087,0.0193,1.6818
7844,19:14:44.027,2048,0.0002,1.6504
7845,19:14:44.027,2071,0.0115,1.6689
7846,19:14:44.028,2060,0.0061,1.6601
7847,19:14:44.028,2043,-0.0022,1.6464
7848,19:14:44.029,2066,0.0090,1.6649
7849,19:14:44.029,2040,-0.0037,1.6440
7850,19:14:44.030,2077,0.0144,1.6738
7851,19:14:44.030,2049,0.0007,1.6512
7852,19:14:44.031,2063,0.0076,1.6625
7853,19:14:44.031,2061,0.0066,1.6609
7854,19:14:44.032,2041,-0.0032,1.6448
7855,19:14:44.032,2085,0.0183,1.6802
7856,19:14:44.033,2044,-0.0017,1.6472
7857,19:14:44.033,2076,0.0139,1.6730
7858,19:14:44.034,2059,0.0056,1.6593
7859,19:14:44.034,2045,-0.0012,1.6480
7860,19:14:44.035,2062,0.0071,1.6617
7861,19:14:44.035,2035,-0.0061,1.6399
7862,19:14:44.036,2081,0.0164,1.6770
7863,19:14:44.036,2049,0.0007,1.6512
7864,19:14:44.037,2064,0.0081,1.6633
7865,19:14:44.037,2059,0.0056,1.6593
7866,19:14:44.038,2036,-0.0056,1.6407
7867,19:14:44.038,2087,0.0193,1.6818
7868,19:14:44.039,2053,0.0027,1.6544
7869,19:14:44.039,2072,0.0120,1.6697
7870,19:14:44.040,2062,0.0071,1.6617
7871,19:14:44.040,2045,-0.0012,1.6480
7872,19:14:44.041,2064,0.0081,1.6633
7873,19:14:44.041,2038,-0.0046,1.6423
7874,19:14:44.042,2083,0.0173,1.6786
7875,19:14:44.042,2057,0.0046,1.6577
7876,19:14:44.043,2068,0.0100,1.6665
7877,19:14:44.043,2068,0.0100,1.6665
7878,19:14:44.044,2042,-0.0027,1.6456
7879,19:14:44.044,2087,0.0193,1.6818
7880,19:14:44.045,2058,0.0051,1.6585
7881,19:14:44.045,2077,0.0144,1.6738
7882,19:14:44.046,2068,0.0100,1.6665
7883,19:14:44.046,2056,0.0042,1.6568
7884,19:14:44.047,2071,0.0115,1.6689
7885,19:14:44.047,2041,-0.0032,1.6448
7886,19:14:44.048,2090,0.0208,1.6842
7887,19:14:44.048,2058,0.0051,1.6585
7888,19:14:44.049,2068,0.0100,1.6665
7889,19:14:44.049,2072,0.0120,1.6697
7890,19:14:44.050,2044,-0.0017,1.6472
7891,19:14:44.050,2088,0.0198,1.6826
7892,19:14:44.051,2059,0.0056,1.6593
7893,19:14:44.051,2075,0.0134,1.6722
7894,19:14:44.052,2071,0.0115,1.6689
7895,19:14:44.052,2057,0.0046,1.6577
7896,19:14:44.053,2075,0.0134,1.6722
7897,19:14:44.053,2040,-0.0037,1.6440
7898,19:14:44.054,2086,0.0188,1.6810
7899,19:14:44.054,2063,0.0076,1.6625
7900,19:14:44.055,2068,0.0100,1.6665
7901,19:14:44.055,2075,0.0134,1.6722
7902,19:14:44.056,2043,-0.0022,1.6464
7903,19:14:44.056,2089,0.0203,1.6834
7904,19:14:44.057,2063,0.0076,1.6625
7905,19:14:44.057,2075,0.0134,1.6722
7906,19:14:44.058,2072,0.0120,1.6697
7907,19:14:44.058,2059,0.0056,1.6593
7908,19:14:44.059,2072,0.0120,1.6697
7909,19:14:44.059,2043,-0.0022,1.6464
7910,19:14:44.060,2091,0.0212,1.6851
7911,19:14:44.060,2066,0.0090,1.6649
7912,19:14:44.061,2069,0.0105,1.6673
7913,19:14:44.061,2075,0.0134,1.6722
7914,19:14:44.062,2052,0.0022,1.6536
7915,19:14:44.062,2088,0.0198,1.6826
7916,19:14:44.063,2064,0.0081,1.6633
7917,19:14:44.063,2079,0.0154,1.6754
7918,19:14:44.064,2076,0.0139,1.6730
7919,19:14:44.064,2059,0.0056,1.6593
7920,19:14:44.065,2079,0.0154,1.6754
7921,19:14:44.065,2041,-0.0032,1.6448
7922,19:14:44.066,2092,0.0217,1.6859
7923,19:14:44.066,2067,0.0095,1.6657
7924,19:14:44.067,2074,0.0129,1.6714
7925,19:14:44.067,2077,0.0144,1.6738
7926,19:14:44.068,2056,0.0042,1.6568
7927,19:14:44.068,2091,0.0212,1.6851
7928,19:14:44.069,2066,0.0090,1.6649
7929,19:14:44.069,2083,0.0173,1.6786
7930,19:14:44.070,2071,0.0115,1.6689
7931,19:14:44.070,2064,0.0081,1.6633
7932,19:14:44.071,2086,0.0188,1.6810
7933,19:14:44.071,2050,0.0012,1.6520
7934,19:14:44.072,2085,0.0183,1.6802
7935,19:14:44.072,2076,0.0139,1.6730
7936,19:14:44.073,2075,0.0134,1.6722
7937,19:14:44.073,2084,0.0178,1.6794
7938,19:14:44.074,2054,0.0032,1.6552
7939,19:14:44.074,2093,0.0222,1.6867
7940,19:14:44.075,2071,0.0115,1.6689
7941,19:14:44.075,2088,0.0198,1.6826
7942,19:14:44.076,2076,0.0139,1.6730
7943,19:14:44.076,2064,0.0081,1.6633
7944,19:14:44.077,2085,0.0183,1.6802
7945,19:14:44.077,2060,0.0061,1.6601
7946,19:14:44.078,2091,0.0212,1.6851
7947,19:14:44.078,2078,0.0149,1.6746
7948,19:14:44.079,2079,0.0154,1.6754
7949,19:14:44.079,2090,0.0208,1.6842
7950,19:14:44.080,2063,0.0076,1.6625
7951,19:14:44.080,2093,0.0222,1.6867
7952,19:14:44.081,2073,0.0125,1.6705
7953,19:14:44.081,2093,0.0222,1.6867
7954,19:14:44.082,2082,0.0168,1.6778
7955,19:14:44.082,2061,0.0066,1.6609
7956,19:14:44.083,2089,0.0203,1.6834
7957,19:14:44.083,2062,0.0071,1.6617
7958,19:14:44.084,2093,0.0222,1.6867
7959,19:14:44.084,2082,0.0168,1.6778
7960,19:14:44.085,2083,0.0173,1.6786
7961,19:14:44.085,2093,0.0222,1.6867
7962,19:14:44.086,2070,0.0110,1.6681
7963,19:14:44.086,2090,0.0208,1.6842
7964,19:14:44.087,2079,0.0154,1.6754
7965,19:14:44.087,2094,0.0227,1.6875
7966,19:14:44.088,2087,0.0193,1.6818
7967,19:14:44.088,2066,0.0090,1.6649
7968,19:14:44.089,2090,0.0208,1.6842
7969,19:14:44.089,2067,0.0095,1.6657
7970,19:14:44.090,2095,0.0232,1.6883
7971,19:14:44.090,2086,0.0188,1.6810
7972,19:14:44.091,2083,0.0173,1.6786
7973,19:14:44.091,2087,0.0193,1.6818
7974,19:14:44.092,2079,0.0154,1.6754
7975,19:14:44.092,2097,0.0242,1.6899
7976,19:14:44.093,2078,0.0149,1.6746
7977,19:14:44.093,2096,0.0237,1.6891
7978,19:14:44.094,2087,0.0193,1.6818
7979,19:14:44.094,2073,0.0125,1.6705
7980,19:14:44.095,2087,0.0193,1.6818
7981,19:14:44.095,2072,0.0120,1.6697
7982,19:14:44.096,2092,0.0217,1.6859
7983,19:14:44.096,2087,0.0193,1.6818
7984,19:14:44.097,2087,0.0193,1.6818
7985,19:14:44.097,2087,0.0193,1.6818
7986,19:14:44.098,2077,0.0144,1.6738
7987,19:14:44.098,2095,0.0232,1.6883
7988,19:14:44.099,2080,0.0159,1.6762
7989,19:14:44.099,2097,0.0242,1.6899
7990,19:14:44.100,2092,0.0217,1.6859
7991,19:14:44.100,2069,0.0105,1.6673
7992,19:14:44.101,2087,0.0193,1.6818
7993,19:14:44.101,2076,0.0139,1.6730
7994,19:14:44.102,2088,0.0198,1.6826
7995,19:14:44.102,2088,0.0198,1.6826
7996,19:14:44.103,2084,0.0178,1.6794
7997,19:14:44.103,2083,0.0173,1.6786
7998,19:14:44.104,2078,0.0149,1.6746
7999,19:14:44.104,2092,0.0217,1.6859
8000,19:14:44.105,2079,0.0154,1.6754
8001,19:14:44.105,2094,0.0227,1.6875
8002,19:14:44.106,2087,0.0193,1.6818
8003,19:14:44.106,2069,0.0105,1.6673
8004,19:14:44.107,2082,0.0168,1.6778
8005,19:14:44.107,2074,0.0129,1.6714
8006,19:14:44.108,2084,0.0178,1.6794
8007,19:14:44.108,2087,0.0193,1.6818
8008,19:14:44.109,2086,0.0188,1.6810
8009,19:14:44.109,2075,0.0134,1.6722
8010,19:14:44.110,2075,0.0134,1.6722
8011,19:14:44.110,2087,0.0193,1.6818
8012,19:14:44.111,2074,0.0129,1.6714
8013,19:14:44.111,2089,0.0203,1.6834
8014,19:14:44.112,2087,0.0193,1.6818
8015,19:14:44.112,2066,0.0090,1.6649
8016,19:14:44.113,2075,0.0134,1.6722
8017,19:14:44.113,2071,0.0115,1.6689
8018,19:14:44.114,2078,0.0149,1.6746
8019,19:14:44.114,2080,0.0159,1.6762
8020,19:14:44.115,2083,0.0173,1.6786
8021,19:14:44.115,2068,0.0100,1.6665
8022,19:14:44.116,2076,0.0139,1.6730
8023,19:14:44.116,2080,0.0159,1.6762
8024,19:14:44.117,2071,0.0115,1.6689
8025,19:14:44.117,2083,0.0173,1.6786
8026,19:14:44.118,2081,0.0164,1.6770
8027,19:14:44.118,2066,0.0090,1.6649
8028,19:14:44.119,2067,0.0095,1.6657
8029,19:14:44.119,2070,0.0110,1.6681
8030,19:14:44.120,2073,0.0125,1.6705
8031,19:14:44.120,2074,0.0129,1.6714
8032,19:14:44.121,2079,0.0154,1.6754
8033,19:14:44.121,2062,0.0071,1.6617
8034,19:14:44.122,2072,0.0120,1.6697
8035,19:14:44.122,2077,0.0144,1.6738
8036,19:14:44.123,2066,0.0090,1.6649
8037,19:14:44.123,2076,0.0139,1.6730
8038,19:14:44.124,2076,0.0139,1.6730
8039,19:14:44.124,2061,0.0066,1.6609
8040,19:14:44.125,2061,0.0066,1.6609
8041,19:14:44.125,2064,0.0081,1.6633
8042,19:14:44.126,2067,0.0095,1.6657
8043,19:14:44.126,2068,0.0100,1.6665
8044,19:14:44.127,2072,0.0120,1.6697
8045,19:14:44.127,2054,0.0032,1.6552
8046,19:14:44.128,2067,0.0095,1.6657
8047,19:14:44.128,2072,0.0120,1.6697
8048,19:14:44.129,2064,0.0081,1.6633
8049,19:14:44.129,2072,0.0120,1.6697
8050,19:14:44.130,2068,0.0100,1.6665
8051,19:14:44.130,2058,0.0051,1.6585
8052,19:14:44.131,2052,0.0022,1.6536
8053,19:14:44.131,2066,0.0090,1.6649
8054,19:14:44.132,2062,0.0071,1.6617
8055,19:14:44.132,2064,0.0081,1.6633
8056,19:14:44.133,2074,0.0129,1.6714
8057,19:14:44.133,2050,0.0012,1.6520
8058,19:14:44.134,2062,0.0071,1.6617
8059,19:14:44.134,2066,0.0090,1.6649
8060,19:14:44.135,2060,0.0061,1.6601
8061,19:14:44.135,2069,0.0105,1.6673
8062,19:14:44.136,2063,0.0076,1.6625
8063,19:14:44.136,2056,0.0042,1.6568
8064,19:14:44.137,2045,-0.0012,1.6480
8065,19:14:44.137,2063,0.0076,1.6625
8066,19:14:44.138,2057,0.0046,1.6577
8067,19:14:44.138,2059,0.0056,1.6593
8068,19:14:44.139,2072,0.0120,1.6697
8069,19:14:44.139,2049,0.0007,1.6512
8070,19:14:44.140,2060,0.0061,1.6601
8071,19:14:44.140,2064,0.0081,1.6633
8072,19:14:44.141,2059,0.0056,1.6593
8073,19:14:44.141,2065,0.0085,1.6641
8074,19:14:44.142,2064,0.0081,1.6633
8075,19:14:44.142,2059,0.0056,1.6593
8076,19:14:44.143,2046,-0.0007,1.6488
8077,19:14:44.143,2060,0.0061,1.6601
8078,19:14:44.144,2056,0.0042,1.6568
8079,19:14:44.144,2059,0.0056,1.6593
8080,19:14:44.145,2072,0.0120,1.6697
8081,19:14:44.145,2045,-0.0012,1.6480
8082,19:14:44.146,2061,0.0066,1.6609
8083,19:14:44.146,2062,0.0071,1.6617
8084,19:14:44.147,2059,0.0056,1.6593
8085,19:14:44.147,2064,0.0081,1.6633
8086,19:14:44.148,2060,0.0061,1.6601
8087,19:14:44.148,2058,0.0051,1.6585
8088,19:14:44.149,2047,-0.0002,1.6496
8089,19:14:44.149,2059,0.0056,1.6593
8090,19:14:44.150,2059,0.0056,1.6593
8091,19:14:44.150,2059,0.0056,1.6593
8092,19:14:44.151,2069,0.0105,1.6673
8093,19:14:44.151,2049,0.0007,1.6512
8094,19:14:44.152,2062,0.0071,1.6617
8095,19:14:44.152,2062,0.0071,1.6617
8096,19:14:44.153,2063,0.0076,1.6625
8097,19:14:44.153,2067,0.0095,1.6657
8098,19:14:44.154,2059,0.0056,1.6593
8099,19:14:44.154,2063,0.0076,1.6625
8100,19:14:44.155,2044,-0.0017,1.6472
8101,19:14:44.155,2066,0.0090,1.6649
8102,19:14:44.156,2062,0.0071,1.6617
8103,19:14:44.156,2058,0.0051,1.6585
8104,19:14:44.157,2070,0.0110,1.6681
8105,19:14:44.157,2048,0.0002,1.6504
8106,19:14:44.158,2062,0.0071,1.6617
8107,19:14:44.158,2063,0.0076,1.6625
8108,19:14:44.159,2060,0.0061,1.6601
8109,19:14:44.159,2071,0.0115,1.6689
8110,19:14:44.160,2061,0.0066,1.6609
8111,19:14:44.160,2061,0.0066,1.6609
8112,19:14:44.161,2048,0.0002,1.6504
8113,19:14:44.161,2062,0.0071,1.6617
8114,19:14:44.162,2064,0.0081,1.6633
8115,19:14:44.162,2058,0.0051,1.6585
8116,19:14:44.163,2072,0.0120,1.6697
8117,19:14:44.163,2055,0.0037,1.6560
8118,19:14:44.164,2062,0.0071,1.6617
8119,19:14:44.164,2063,0.0076,1.6625
8120,19:14:44.165,2063,0.0076,1.6625
8121,19:14:44.165,2071,0.0115,1.6689
8122,19:14:44.166,2064,0.0081,1.6633
8123,19:14:44.166,2066,0.0090,1.6649
8124,19:14:44.167,2049,0.0007,1.6512
8125,19:14:44.167,2065,0.0085,1.6641
8126,19:14:44.168,2064,0.0081,1.6633
8127,19:14:44.168,2059,0.0056,1.6593
8128,19:14:44.169,2074,0.0129,1.6714
8129,19:14:44.169,2057,0.0046,1.6577
8130,19:14:44.170,2065,0.0085,1.6641
8131,19:14:44.170,2066,0.0090,1.6649
8132,19:14:44.171,2066,0.0090,1.6649
8133,19:14:44.171,2074,0.0129,1.6714
8134,19:14:44.172,2065,0.0085,1.6641
8135,19:14:44.172,2067,0.0095,1.6657
8136,19:14:44.173,2054,0.0032,1.6552
8137,19:14:44.173,2067,0.0095,1.6657
8138,19:14:44.174,2067,0.0095,1.6657
8139,19:14:44.174,2064,0.0081,1.6633
8140,19:14:44.175,2074,0.0129,1.6714
8141,19:14:44.175,2060,0.0061,1.6601
8142,19:14:44.176,2068,0.0100,1.6665
8143,19:14:44.176,2068,0.0100,1.6665
8144,19:14:44.177,2064,0.0081,1.6633
8145,19:14:44.177,2079,0.0154,1.6754
8146,19:14:44.178,2064,0.0081,1.6633
8147,19:14:44.178,2066,0.0090,1.6649
8148,19:14:44.179,2055,0.0037,1.6560
8149,19:14:44.179,2069,0.0105,1.6673
8150,19:14:44.180,2069,0.0105,1.6673
8151,19:14:44.180,2063,0.0076,1.6625
8152,19:14:44.181,2076,0.0139,1.6730
8153,19:14:44.181,2060,0.0061,1.6601
8154,19:14:44.182,2071,0.0115,1.6689
8155,19:14:44.182,2072,0.0120,1.6697
8156,19:14:44.183,2064,0.0081,1.6633
8157,19:14:44.183,2079,0.0154,1.6754
8158,19:14:44.184,2066,0.0090,1.6649
8159,19:14:44.184,2067,0.0095,1.6657
8160,19:14:44.185,2058,0.0051,1.6585
8161,19:14:44.185,2070,0.0110,1.6681
8162,19:14:44.186,2072,0.0120,1.6697
8163,19:14:44.186,2070,0.0110,1.6681
8164,19:14:44.187,2075,0.0134,1.6722
8165,19:14:44.187,2062,0.0071,1.6617
8166,19:14:44.188,2071,0.0115,1.6689
8167,19:14:44.188,2076,0.0139,1.6730
8168,19:14:44.189,2069,0.0105,1.6673
8169,19:14:44.189,2082,0.0168,1.6778
8170,19:14:44.190,2072,0.0120,1.6697
8171,19:14:44.190,2065,0.0085,1.6641
8172,19:14:44.191,2060,0.0061,1.6601
8173,19:14:44.191,2072,0.0120,1.6697
8174,19:14:44.192,2071,0.0115,1.6689
8175,19:14:44.192,2072,0.0120,1.6697
8176,19:14:44.193,2080,0.0159,1.6762
8177,19:14:44.193,2064,0.0081,1.6633
8178,19:14:44.194,2073,0.0125,1.6705
8179,19:14:44.194,2074,0.0129,1.6714
8180,19:14:44.195,2067,0.0095,1.6657
8181,19:14:44.195,2086,0.0188,1.6810
8182,19:14:44.196,2074,0.0129,1.6714
8183,19:14:44.196,2067,0.0095,1.6657
8184,19:14:44.197,2064,0.0081,1.6633
8185,19:14:44.197,2068,0.0100,1.6665
8186,19:14:44.198,2072,0.0120,1.6697
8187,19:14:44.198,2077,0.0144,1.6738
8188,19:14:44.199,2081,0.0164,1.6770
8189,19:14:44.199,2063,0.0076,1.6625
8190,19:14:44.200,2072,0.0120,1.6697
8191,19:14:44.200,2080,0.0159,1.6762
8192,19:14:44.201,2070,0.0110,1.6681
8193,19:14:44.201,2084,0.0178,1.6794
8194,19:14:44.202,2081,0.0164,1.6770
8195,19:14:44.202,2062,0.0071,1.6617
8196,19:14:44.203,2067,0.0095,1.6657
8197,19:14:44.203,2076,0.0139,1.6730
8198,19:14:44.204,2075,0.0134,1.6722
8199,19:14:44.204,2078,0.0149,1.6746
8200,19:14:44.205,2077,0.0144,1.6738
8201,19:14:44.205,2069,0.0105,1.6673
8202,19:14:44.206,2075,0.0134,1.6722
8203,19:14:44.206,2076,0.0139,1.6730
8204,19:14:44.207,2074,0.0129,1.6714
8205,19:14:44.207,2091,0.0212,1.6851
8206,19:14:44.208,2075,0.0134,1.6722
8207,19:14:44.208,2059,0.0056,1.6593
8208,19:14:44.209,2068,0.0100,1.6665
8209,19:14:44.209,2081,0.0164,1.6770
8210,19:14:44.210,2075,0.0134,1.6722
8211,19:14:44.210,2073,0.0125,1.6705
8212,19:14:44.211,2076,0.0139,1.6730
8213,19:14:44.211,2076,0.0139,1.6730
8214,19:14:44.212,2078,0.0149,1.6746
8215,19:14:44.212,2071,0.0115,1.6689
8216,19:14:44.213,2070,0.0110,1.6681
8217,19:14:44.213,2082,0.0168,1.6778
8218,19:14:44.214,2076,0.0139,1.6730
8219,19:14:44.214,2070,0.0110,1.6681
8220,19:14:44.215,2070,0.0110,1.6681
8221,19:14:44.215,2078,0.0149,1.6746
8222,19:14:44.216,2074,0.0129,1.6714
8223,19:14:44.216,2073,0.0125,1.6705
8224,19:14:44.217,2071,0.0115,1.6689
8225,19:14:44.217,2079,0.0154,1.6754
8226,19:14:44.218,2075,0.0134,1.6722
8227,19:14:44.218,2070,0.0110,1.6681
8228,19:14:44.219,2068,0.0100,1.6665
8229,19:14:44.219,2079,0.0154,1.6754
8230,19:14:44.220,2079,0.0154,1.6754
8231,19:14:44.220,2071,0.0115,1.6689
8232,19:14:44.221,2071,0.0115,1.6689
8233,19:14:44.221,2077,0.0144,1.6738
8234,19:14:44.222,2079,0.0154,1.6754
8235,19:14:44.222,2074,0.0129,1.6714
8236,19:14:44.223,2067,0.0095,1.6657
8237,19:14:44.223,2079,0.0154,1.6754
8238,19:14:44.224,2078,0.0149,1.6746
8239,19:14:44.224,2073,0.0125,1.6705
8240,19:14:44.225,2068,0.0100,1.6665
8241,19:14:44.225,2070,0.0110,1.6681
8242,19:14:44.226,2079,0.0154,1.6754
8243,19:14:44.226,2072,0.0120,1.6697
8244,19:14:44.227,2068,0.0100,1.6665
8245,19:14:44.227,2073,0.0125,1.6705
8246,19:14:44.228,2072,0.0120,1.6697
8247,19:14:44.228,2070,0.0110,1.6681
8248,19:14:44.229,2071,0.0115,1.6689
8249,19:14:44.229,2071,0.0115,1.6689
8250,19:14:44.230,2072,0.0120,1.6697
8251,19:14:44.230,2072,0.0120,1.6697
8252,19:14:44.231,2072,0.0120,1.6697
8253,19:14:44.231,2073,0.0125,1.6705
8254,19:14:44.232,2072,0.0120,1.6697
8255,19:14:44.232,2072,0.0120,1.6697
8256,19:14:44.233,2066,0.0090,1.6649
8257,19:14:44.233,2073,0.0125,1.6705
8258,19:14:44.234,2073,0.0125,1.6705
8259,19:14:44.234,2070,0.0110,1.6681
8260,19:14:44.235,2068,0.0100,1.6665
8261,19:14:44.235,2070,0.0110,1.6681
8262,19:14:44.236,2072,0.0120,1.6697
8263,19:14:44.236,2072,0.0120,1.6697
8264,19:14:44.237,2068,0.0100,1.6665
8265,19:14:44.237,2073,0.0125,1.6705
8266,19:14:44.238,2074,0.0129,1.6714
8267,19:14:44.238,2072,0.0120,1.6697
8268,19:14:44.239,2068,0.0100,1.6665
8269,19:14:44.239,2074,0.0129,1.6714
8270,19:14:44.240,2072,0.0120,1.6697
8271,19:14:44.240,2069,0.0105,1.6673
8272,19:14:44.241,2069,0.0105,1.6673
8273,19:14:44.241,2071,0.0115,1.6689
8274,19:14:44.242,2071,0.0115,1.6689
8275,19:14:44.242,2068,0.0100,1.6665
8276,19:14:44.243,2065,0.0085,1.6641
8277,19:14:44.243,2071,0.0115,1.6689
8278,19:14:44.244,2073,0.0125,1.6705
8279,19:14:44.244,2066,0.0090,1.6649
8280,19:14:44.245,2069,0.0105,1.6673
8281,19:14:44.245,2072,0.0120,1.6697
8282,19:14:44.246,2074,0.0129,1.6714
8283,19:14:44.246,2071,0.0115,1.6689
8284,19:14:44.247,2070,0.0110,1.6681
8285,19:14:44.247,2070,0.0110,1.6681
8286,19:14:44.248,2073,0.0125,1.6705
8287,19:14:44.248,2066,0.0090,1.6649
8288,19:14:44.249,2068,0.0100,1.6665
8289,19:14:44.249,2069,0.0105,1.6673
8290,19:14:44.250,2073,0.0125,1.6705
8291,19:14:44.250,2068,0.0100,1.6665
8292,19:14:44.251,2064,0.0081,1.6633
8293,19:14:44.251,2070,0.0110,1.6681
8294,19:14:44.252,2072,0.0120,1.6697
8295,19:14:44.252,2068,0.0100,1.6665
8296,19:14:44.253,2068,0.0100,1.6665
8297,19:14:44.253,2072,0.0120,1.6697
8298,19:14:44.254,2072,0.0120,1.6697
8299,19:14:44.254,2068,0.0100,1.6665
8300,19:14:44.255,2069,0.0105,1.6673
8301,19:14:44.255,2072,0.0120,1.6697
8302,19:14:44.256,2072,0.0120,1.6697
8303,19:14:44.256,2068,0.0100,1.6665
8304,19:14:44.257,2069,0.0105,1.6673
8305,19:14:44.257,2071,0.0115,1.6689
8306,19:14:44.258,2068,0.0100,1.6665
8307,19:14:44.258,2069,0.0105,1.6673
8308,19:14:44.259,2067,0.0095,1.6657
8309,19:14:44.259,2072,0.0120,1.6697
8310,19:14:44.260,2070,0.0110,1.6681
8311,19:14:44.260,2068,0.0100,1.6665
8312,19:14:44.261,2070,0.0110,1.6681
8313,19:14:44.261,2072,0.0120,1.6697
8314,19:14:44.262,2071,0.0115,1.6689
8315,19:14:44.262,2068,0.0100,1.6665
8316,19:14:44.263,2067,0.0095,1.6657
8317,19:14:44.263,2070,0.0110,1.6681
8318,19:14:44.264,2071,0.0115,1.6689
8319,19:14:44.264,2069,0.0105,1.6673
8320,19:14:44.265,2070,0.0110,1.6681
8321,19:14:44.265,2070,0.0110,1.6681
8322,19:14:44.266,2074,0.0129,1.6714
8323,19:14:44.266,2069,0.0105,1.6673
8324,19:14:44.267,2067,0.0095,1.6657
8325,19:14:44.267,2072,0.0120,1.6697
8326,19:14:44.268,2074,0.0129,1.6714
8327,19:14:44.268,2067,0.0095,1.6657
8328,19:14:44.269,2069,0.0105,1.6673
8329,19:14:44.269,2070,0.0110,1.6681
8330,19:14:44.270,2074,0.0129,1.6714
8331,19:14:44.270,2071,0.0115,1.6689
8332,19:14:44.271,2066,0.0090,1.6649
8333,19:14:44.271,2071,0.0115,1.6689
8334,19:14:44.272,2075,0.0134,1.6722
8335,19:14:44.272,2069,0.0105,1.6673
8336,19:14:44.273,2068,0.0100,1.6665
8337,19:14:44.273,2070,0.0110,1.6681
8338,19:14:44.274,2072,0.0120,1.6697
8339,19:14:44.274,2072,0.0120,1.6697
8340,19:14:44.275,2069,0.0105,1.6673
8341,19:14:44.275,2074,0.0129,1.6714
8342,19:14:44.276,2071,0.0115,1.6689
8343,19:14:44.276,2073,0.0125,1.6705
8344,19:14:44.277,2067,0.0095,1.6657
8345,19:14:44.277,2071,0.0115,1.6689
8346,19:14:44.278,2074,0.0129,1.6714
8347,19:14:44.278,2070,0.0110,1.6681
8348,19:14:44.279,2068,0.0100,1.6665
8349,19:14:44.279,2074,0.0129,1.6714
8350,19:14:44.280,2074,0.0129,1.6714
8351,19:14:44.280,2069,0.0105,1.6673
8352,19:14:44.281,2072,0.0120,1.6697
8353,19:14:44.281,2071,0.0115,1.6689
8354,19:14:44.282,2072,0.0120,1.6697
8355,19:14:44.282,2072,0.0120,1.6697
8356,19:14:44.283,2071,0.0115,1.6689
8357,19:14:44.283,2073,0.0125,1.6705
8358,19:14:44.284,2072,0.0120,1.6697
8359,19:14:44.284,2072,0.0120,1.6697
8360,19:14:44.285,2068,0.0100,1.6665
8361,19:14:44.285,2073,0.0125,1.6705
8362,19:14:44.286,2074,0.0129,1.6714
8363,19:14:44.286,2072,0.0120,1.6697
8364,19:14:44.287,2070,0.0110,1.6681
8365,19:14:44.287,2071,0.0115,1.6689
8366,19:14:44.288,2073,0.0125,1.6705
8367,19:14:44.288,2068,0.0100,1.6665
8368,19:14:44.289,2072,0.0120,1.6697
8369,19:14:44.289,2070,0.0110,1.6681
8370,19:14:44.290,2074,0.0129,1.6714
8371,19:14:44.290,2070,0.0110,1.6681
8372,19:14:44.291,2072,0.0120,1.6697
8373,19:14:44.291,2074,0.0129,1.6714
8374,19:14:44.292,2075,0.0134,1.6722
8375,19:14:44.292,2073,0.0125,1.6705
8376,19:14:44.293,2071,0.0115,1.6689
8377,19:14:44.293,2070,0.0110,1.6681
8378,19:14:44.294,2077,0.0144,1.6738
8379,19:14:44.294,2071,0.0115,1.6689
8380,19:14:44.295,2072,0.0120,1.6697
8381,19:14:44.295,2073,0.0125,1.6705
8382,19:14:44.296,2072,0.0120,1.6697
8383,19:14:44.296,2072,0.0120,1.6697
8384,19:14:44.297,2074,0.0129,1.6714
8385,19:14:44.297,2073,0.0125,1.6705
8386,19:14:44.298,2074,0.0129,1.6714
8387,19:14:44.298,2072,0.0120,1.6697
8388,19:14:44.299,2070,0.0110,1.6681
8389,19:14:44.299,2073,0.0125,1.6705
8390,19:14:44.300,2072,0.0120,1.6697
8391,19:14:44.300,2073,0.0125,1.6705
8392,19:14:44.301,2072,0.0120,1.6697
8393,19:14:44.301,2072,0.0120,1.6697
8394,19:14:44.302,2072,0.0120,1.6697
8395,19:14:44.302,2069,0.0105,1.6673
8396,19:14:44.303,2070,0.0110,1.6681
8397,19:14:44.303,2071,0.0115,1.6689
8398,19:14:44.304,2074,0.0129,1.6714
8399,19:14:44.304,2073,0.0125,1.6705
8400,19:14:44.305,2070,0.0110,1.6681
8401,19:14:44.305,2070,0.0110,1.6681
8402,19:14:44.306,2074,0.0129,1.6714
8403,19:14:44.306,2069,0.0105,1.6673
8404,19:14:44.307,2073,0.0125,1.6705
8405,19:14:44.307,2071,0.0115,1.6689
8406,19:14:44.308,2077,0.0144,1.6738
8407,19:14:44.308,2070,0.0110,1.6681
8408,19:14:44.309,2070,0.0110,1.6681
8409,19:14:44.309,2070,0.0110,1.6681
8410,19:14:44.310,2072,0.0120,1.6697
8411,19:14:44.310,2070,0.0110,1.6681
8412,19:14:44.311,2068,0.0100,1.6665
8413,19:14:44.311,2073,0.0125,1.6705
8414,19:14:44.312,2072,0.0120,1.6697
8415,19:14:44.312,2072,0.0120,1.6697
8416,19:14:44.313,2071,0.0115,1.6689
8417,19:14:44.313,2072,0.0120,1.6697
8418,19:14:44.314,2072,0.0120,1.6697
8419,19:14:44.314,2069,0.0105,1.6673
8420,19:14:44.315,2072,0.0120,1.6697
8421,19:14:44.315,2073,0.0125,1.6705
8422,19:14:44.316,2070,0.0110,1.6681
8423,19:14:44.316,2069,0.0105,1.6673
8424,19:14:44.317,2072,0.0120,1.6697
8425,19:14:44.317,2071,0.0115,1.6689
8426,19:14:44.318,2069,0.0105,1.6673
8427,19:14:44.318,2067,0.0095,1.6657
8428,19:14:44.319,2072,0.0120,1.6697
8429,19:14:44.319,2073,0.0125,1.6705
8430,19:14:44.320,2072,0.0120,1.6697
8431,19:14:44.320,2070,0.0110,1.6681
8432,19:14:44.321,2068,0.0100,1.6665
8433,19:14:44.321,2072,0.0120,1.6697
8434,19:14:44.322,2072,0.0120,1.6697
8435,19:14:44.322,2074,0.0129,1.6714
8436,19:14:44.323,2073,0.0125,1.6705
8437,19:14:44.323,2075,0.0134,1.6722
8438,19:14:44.324,2074,0.0129,1.6714
8439,19:14:44.324,2071,0.0115,1.6689
8440,19:14:44.325,2074,0.0129,1.6714
8441,19:14:44.325,2076,0.0139,1.6730
8442,19:14:44.326,2072,0.0120,1.6697
8443,19:14:44.326,2070,0.0110,1.6681
8444,19:14:44.327,2075,0.0134,1.6722
8445,19:14:44.327,2075,0.0134,1.6722
8446,19:14:44.328,2075,0.0134,1.6722
8447,19:14:44.328,2079,0.0154,1.6754
8448,19:14:44.329,2072,0.0120,1.6697
8449,19:14:44.329,2076,0.0139,1.6730
8450,19:14:44.330,2072,0.0120,1.6697
8451,19:14:44.330,2077,0.0144,1.6738
8452,19:14:44.331,2072,0.0120,1.6697
8453,19:14:44.331,2078,0.0149,1.6746
8454,19:14:44.332,2079,0.0154,1.6754
8455,19:14:44.332,2071,0.0115,1.6689
8456,19:14:44.333,2082,0.0168,1.6778
8457,19:14:44.333,2059,0.0056,1.6593
8458,19:14:44.334,2092,0.0217,1.6859
8459,19:14:44.334,2080,0.0159,1.6762
8460,19:14:44.335,2069,0.0105,1.6673
8461,19:14:44.335,2069,0.0105,1.6673
8462,19:14:44.336,2107,0.0291,1.6979
8463,19:14:44.336,2056,0.0042,1.6568
8464,19:14:44.337,2066,0.0090,1.6649
8465,19:14:44.337,2087,0.0193,1.6818
8466,19:14:44.338,2069,0.0105,1.6673
8467,19:14:44.338,2085,0.0183,1.6802
8468,19:14:44.339,2088,0.0198,1.6826
8469,19:14:44.339,2065,0.0085,1.6641
8470,19:14:44.340,2083,0.0173,1.6786
8471,19:14:44.340,2100,0.0256,1.6923
8472,19:14:44.341,2072,0.0120,1.6697
8473,19:14:44.341,2084,0.0178,1.6794
8474,19:14:44.342,2111,0.0310,1.7012
8475,19:14:44.342,2072,0.0120,1.6697
8476,19:14:44.343,2080,0.0159,1.6762
8477,19:14:44.343,2092,0.0217,1.6859
8478,19:14:44.344,2069,0.0105,1.6673
8479,19:14:44.344,2095,0.0232,1.6883
8480,19:14:44.345,2093,0.0222,1.6867
8481,19:14:44.345,2083,0.0173,1.6786
8482,19:14:44.346,2090,0.0208,1.6842
8483,19:14:44.346,2099,0.0252,1.6915
8484,19:14:44.347,2091,0.0212,1.6851
8485,19:14:44.347,2076,0.0139,1.6730
8486,19:14:44.348,2119,0.0349,1.7076
8487,19:14:44.348,2088,0.0198,1.6826
8488,19:14:44.349,2078,0.0149,1.6746
8489,19:14:44.349,2106,0.0286,1.6971
8490,19:14:44.350,2074,0.0129,1.6714
8491,19:14:44.350,2098,0.0247,1.6907
8492,19:14:44.351,2098,0.0247,1.6907
8493,19:14:44.351,2086,0.0188,1.6810
8494,19:14:44.352,2079,0.0154,1.6754
8495,19:14:44.352,2096,0.0237,1.6891
8496,19:14:44.353,2097,0.0242,1.6899
8497,19:14:44.353,2086,0.0188,1.6810
8498,19:14:44.354,2118,0.0344,1.7068
8499,19:14:44.354,2055,0.0037,1.6560
8500,19:14:44.355,2050,0.0012,1.6520
8501,19:14:44.355,2081,0.0164,1.6770
8502,19:14:44.356,2081,0.0164,1.6770
8503,19:14:44.356,2097,0.0242,1.6899
8504,19:14:44.357,2094,0.0227,1.6875
8505,19:14:44.357,2089,0.0203,1.6834
8506,19:14:44.358,2067,0.0095,1.6657
8507,19:14:44.358,2076,0.0139,1.6730
8508,19:14:44.359,2083,0.0173,1.6786
8509,19:14:44.359,2060,0.0061,1.6601
8510,19:14:44.360,2107,0.0291,1.6979
8511,19:14:44.360,2082,0.0168,1.6778
8512,19:14:44.361,2068,0.0100,1.6665
8513,19:14:44.361,2085,0.0183,1.6802
8514,19:14:44.362,2059,0.0056,1.6593
8515,19:14:44.362,2074,0.0129,1.6714
8516,19:14:44.363,2068,0.0100,1.6665
8517,19:14:44.363,2082,0.0168,1.6778
8518,19:14:44.364,2075,0.0134,1.6722
8519,19:14:44.364,2075,0.0134,1.6722
8520,19:14:44.365,2083,0.0173,1.6786
8521,19:14:44.365,2053,0.0027,1.6544
8522,19:14:44.366,2093,0.0222,1.6867
8523,19:14:44.366,2068,0.0100,1.6665
8524,19:14:44.367,2053,0.0027,1.6544
8525,19:14:44.367,2081,0.0164,1.6770
8526,19:14:44.368,2061,0.0066,1.6609
8527,19:14:44.368,2082,0.0168,1.6778
8528,19:14:44.369,2059,0.0056,1.6593
8529,19:14:44.369,2065,0.0085,1.6641
8530,19:14:44.370,2057,0.0046,1.6577
8531,19:14:44.370,2065,0.0085,1.6641
8532,19:14:44.371,2088,0.0198,1.6826
8533,19:14:44.371,2057,0.0046,1.6577
8534,19:14:44.372,2089,0.0203,1.6834
8535,19:14:44.372,2063,0.0076,1.6625
8536,19:14:44.373,2043,-0.0022,1.6464
8537,19:14:44.373,2067,0.0095,1.6657
8538,19:14:44.374,2056,0.0042,1.6568
8539,19:14:44.374,2083,0.0173,1.6786
8540,19:14:44.375,2062,0.0071,1.6617
8541,19:14:44.375,2072,0.0120,1.6697
8542,19:14:44.376,2060,0.0061,1.6601
8543,19:14:44.376,2054,0.0032,1.6552
8544,19:14:44.377,2086,0.0188,1.6810
8545,19:14:44.377,2053,0.0027,1.6544
8546,19:14:44.378,2087,0.0193,1.6818
8547,19:14:44.378,2072,0.0120,1.6697
8548,19:14:44.379,2046,-0.0007,1.6488
8549,19:14:44.379,2069,0.0105,1.6673
8550,19:14:44.380,2055,0.0037,1.6560
8551,19:14:44.380,2079,0.0154,1.6754
8552,19:14:44.381,2056,0.0042,1.6568
8553,19:14:44.381,2069,0.0105,1.6673
8554,19:14:44.382,2067,0.0095,1.6657
8555,19:14:44.382,2058,0.0051,1.6585
8556,19:14:44.383,2080,0.0159,1.6762
8557,19:14:44.383,2061,0.0066,1.6609
8558,19:14:44.384,2083,0.0173,1.6786
8559,19:14:44.384,2071,0.0115,1.6689
8560,19:14:44.385,2055,0.0037,1.6560
8561,19:14:44.385,2069,0.0105,1.6673
8562,19:14:44.386,2055,0.0037,1.6560
8563,19:14:44.386,2082,0.0168,1.6778
8564,19:14:44.387,2061,0.0066,1.6609
8565,19:14:44.387,2071,0.0115,1.6689
8566,19:14:44.388,2066,0.0090,1.6649
8567,19:14:44.388,2051,0.0017,1.6528
8568,19:14:44.389,2081,0.0164,1.6770
8569,19:14:44.389,2061,0.0066,1.6609
8570,19:14:44.390,2083,0.0173,1.6786
8571,19:14:44.390,2068,0.0100,1.6665
8572,19:14:44.391,2053,0.0027,1.6544
8573,19:14:44.391,2069,0.0105,1.6673
8574,19:14:44.392,2048,0.0002,1.6504
8575,19:14:44.392,2086,0.0188,1.6810
8576,19:14:44.393,2060,0.0061,1.6601
8577,19:14:44.393,2060,0.0061,1.6601
8578,19:14:44.394,2072,0.0120,1.6697
8579,19:14:44.394,2056,0.0042,1.6568
8580,19:14:44.395,2078,0.0149,1.6746
8581,19:14:44.395,2064,0.0081,1.6633
8582,19:14:44.396,2084,0.0178,1.6794
8583,19:14:44.396,2067,0.0095,1.6657
8584,19:14:44.397,2057,0.0046,1.6577
8585,19:14:44.397,2072,0.0120,1.6697
8586,19:14:44.398,2052,0.0022,1.6536
8587,19:14:44.398,2083,0.0173,1.6786
8588,19:14:44.399,2064,0.0081,1.6633
8589,19:14:44.399,2063,0.0076,1.6625
8590,19:14:44.400,2073,0.0125,1.6705
8591,19:14:44.400,2056,0.0042,1.6568
8592,19:14:44.401,2077,0.0144,1.6738
8593,19:14:44.401,2063,0.0076,1.6625
8594,19:14:44.402,2087,0.0193,1.6818
8595,19:14:44.402,2067,0.0095,1.6657
8596,19:14:44.403,2058,0.0051,1.6585
8597,19:14:44.403,2077,0.0144,1.6738
8598,19:14:44.404,2052,0.0022,1.6536
8599,19:14:44.404,2083,0.0173,1.6786
8600,19:14:44.405,2065,0.0085,1.6641
8601,19:14:44.405,2062,0.0071,1.6617
8602,19:14:44.406,2077,0.0144,1.6738
8603,19:14:44.406,2059,0.0056,1.6593
8604,19:14:44.407,2075,0.0134,1.6722
8605,19:14:44.407,2067,0.0095,1.6657
8606,19:14:44.408,2081,0.0164,1.6770
8607,19:14:44.408,2069,0.0105,1.6673
8608,19:14:44.409,2062,0.0071,1.6617
8609,19:14:44.409,2077,0.0144,1.6738
8610,19:14:44.410,2055,0.0037,1.6560
8611,19:14:44.410,2082,0.0168,1.6778
8612,19:14:44.411,2069,0.0105,1.6673
8613,19:14:44.411,2060,0.0061,1.6601
8614,19:14:44.412,2076,0.0139,1.6730
8615,19:14:44.412,2068,0.0100,1.6665
8616,19:14:44.413,2077,0.0144,1.6738
8617,19:14:44.413,2072,0.0120,1.6697
8618,19:14:44.414,2087,0.0193,1.6818
8619,19:14:44.414,2073,0.0125,1.6705
8620,19:14:44.415,2058,0.0051,1.6585
8621,19:14:44.415,2085,0.0183,1.6802
8622,19:14:44.416,2054,0.0032,1.6552
8623,19:14:44.416,2082,0.0168,1.6778
8624,19:14:44.417,2079,0.0154,1.6754
8625,19:14:44.417,2063,0.0076,1.6625
8626,19:14:44.418,2078,0.0149,1.6746
8627,19:14:44.418,2073,0.0125,1.6705
8628,19:14:44.419,2075,0.0134,1.6722
8629,19:14:44.419,2075,0.0134,1.6722
8630,19:14:44.420,2088,0.0198,1.6826
8631,19:14:44.420,2066,0.0090,1.6649
8632,19:14:44.421,2066,0.0090,1.6649
8633,19:14:44.421,2086,0.0188,1.6810
8634,19:14:44.422,2062,0.0071,1.6617
8635,19:14:44.422,2080,0.0159,1.6762
8636,19:14:44.423,2084,0.0178,1.6794
8637,19:14:44.423,2067,0.0095,1.6657
8638,19:14:44.424,2074,0.0129,1.6714
8639,19:14:44.424,2080,0.0159,1.6762
8640,19:14:44.425,2076,0.0139,1.6730
8641,19:14:44.425,2076,0.0139,1.6730
8642,19:14:44.426,2093,0.0222,1.6867
8643,19:14:44.426,2071,0.0115,1.6689
8644,19:14:44.427,2061,0.0066,1.6609
8645,19:14:44.427,2089,0.0203,1.6834
8646,19:14:44.428,2069,0.0105,1.6673
8647,19:14:44.428,2081,0.0164,1.6770
8648,19:14:44.429,2089,0.0203,1.6834
8649,19:14:44.429,2066,0.0090,1.6649
8650,19:14:44.430,2076,0.0139,1.6730
8651,19:14:44.430,2082,0.0168,1.6778
8652,19:14:44.431,2078,0.0149,1.6746
8653,19:14:44.431,2081,0.0164,1.6770
8654,19:14:44.432,2097,0.0242,1.6899
8655,19:14:44.432,2074,0.0129,1.6714
8656,19:14:44.433,2060,0.0061,1.6601
8657,19:14:44.433,2089,0.0203,1.6834
8658,19:14:44.434,2071,0.0115,1.6689
8659,19:14:44.434,2081,0.0164,1.6770
8660,19:14:44.435,2092,0.0217,1.6859
8661,19:14:44.435,2070,0.0110,1.6681
8662,19:14:44.436,2074,0.0129,1.6714
8663,19:14:44.436,2084,0.0178,1.6794
8664,19:14:44.437,2075,0.0134,1.6722
8665,19:14:44.437,2080,0.0159,1.6762
8666,19:14:44.438,2096,0.0237,1.6891
8667,19:14:44.438,2079,0.0154,1.6754
8668,19:14:44.439,2059,0.0056,1.6593
8669,19:14:44.439,2086,0.0188,1.6810
8670,19:14:44.440,2073,0.0125,1.6705
8671,19:14:44.440,2075,0.0134,1.6722
8672,19:14:44.441,2094,0.0227,1.6875
8673,19:14:44.441,2074,0.0129,1.6714
8674,19:14:44.442,2069,0.0105,1.6673
8675,19:14:44.442,2089,0.0203,1.6834
8676,19:14:44.443,2076,0.0139,1.6730
8677,19:14:44.443,2076,0.0139,1.6730
8678,19:14:44.444,2097,0.0242,1.6899
8679,19:14:44.444,2079,0.0154,1.6754
8680,19:14:44.445,2056,0.0042,1.6568
8681,19:14:44.445,2082,0.0168,1.6778
8682,19:14:44.446,2073,0.0125,1.6705
8683,19:14:44.446,2074,0.0129,1.6714
8684,19:14:44.447,2091,0.0212,1.6851
8685,19:14:44.447,2076,0.0139,1.6730
8686,19:14:44.448,2062,0.0071,1.6617
8687,19:14:44.448,2088,0.0198,1.6826
8688,19:14:44.449,2075,0.0134,1.6722
8689,19:14:44.449,2072,0.0120,1.6697
8690,19:14:44.450,2092,0.0217,1.6859
8691,19:14:44.450,2073,0.0125,1.6705
8692,19:14:44.451,2053,0.0027,1.6544
8693,19:14:44.451,2077,0.0144,1.6738
8694,19:14:44.452,2073,0.0125,1.6705
8695,19:14:44.452,2068,0.0100,1.6665
8696,19:14:44.453,2083,0.0173,1.6786
8697,19:14:44.453,2076,0.0139,1.6730
8698,19:14:44.454,2058,0.0051,1.6585
8699,19:14:44.454,2085,0.0183,1.6802
8700,19:14:44.455,2072,0.0120,1.6697
8701,19:14:44.455,2068,0.0100,1.6665
8702,19:14:44.456,2091,0.0212,1.6851
8703,19:14:44.456,2076,0.0139,1.6730
8704,19:14:44.457,2054,0.0032,1.6552
8705,19:14:44.457,2071,0.0115,1.6689
8706,19:14:44.458,2075,0.0134,1.6722
8707,19:14:44.458,2062,0.0071,1.6617
8708,19:14:44.459,2081,0.0164,1.6770
8709,19:14:44.459,2076,0.0139,1.6730
8710,19:14:44.460,2054,0.0032,1.6552
8711,19:14:44.460,2080,0.0159,1.6762
8712,19:14:44.461,2068,0.0100,1.6665
8713,19:14:44.461,2064,0.0081,1.6633
8714,19:14:44.462,2087,0.0193,1.6818
8715,19:14:44.462,2068,0.0100,1.6665
8716,19:14:44.463,2053,0.0027,1.6544
8717,19:14:44.463,2063,0.0076,1.6625
8718,19:14:44.464,2076,0.0139,1.6730
8719,19:14:44.464,2055,0.0037,1.6560
8720,19:14:44.465,2072,0.0120,1.6697
8721,19:14:44.465,2078,0.0149,1.6746
8722,19:14:44.466,2049,0.0007,1.6512
8723,19:14:44.466,2073,0.0125,1.6705
8724,19:14:44.467,2069,0.0105,1.6673
8725,19:14:44.467,2059,0.0056,1.6593
8726,19:14:44.468,2079,0.0154,1.6754
8727,19:14:44.468,2067,0.0095,1.6657
8728,19:14:44.469,2052,0.0022,1.6536
8729,19:14:44.469,2056,0.0042,1.6568
8730,19:14:44.470,2072,0.0120,1.6697
8731,19:14:44.470,2056,0.0042,1.6568
8732,19:14:44.471,2071,0.0115,1.6689
8733,19:14:44.471,2077,0.0144,1.6738
8734,19:14:44.472,2044,-0.0017,1.6472
8735,19:14:44.472,2072,0.0120,1.6697
8736,19:14:44.473,2066,0.0090,1.6649
8737,19:14:44.473,2058,0.0051,1.6585
8738,19:14:44.474,2076,0.0139,1.6730
8739,19:14:44.474,2067,0.0095,1.6657
8740,19:14:44.475,2052,0.0022,1.6536
8741,19:14:44.475,2058,0.0051,1.6585
8742,19:14:44.476,2072,0.0120,1.6697
8743,19:14:44.476,2056,0.0042,1.6568
8744,19:14:44.477,2068,0.0100,1.6665
8745,19:14:44.477,2076,0.0139,1.6730
8746,19:14:44.478,2045,-0.0012,1.6480
8747,19:14:44.478,2069,0.0105,1.6673
8748,19:14:44.479,2066,0.0090,1.6649
8749,19:14:44.479,2061,0.0066,1.6609
8750,19:14:44.480,2077,0.0144,1.6738
8751,19:14:44.480,2064,0.0081,1.6633
8752,19:14:44.481,2055,0.0037,1.6560
8753,19:14:44.481,2056,0.0042,1.6568
8754,19:14:44.482,2075,0.0134,1.6722
8755,19:14:44.482,2057,0.0046,1.6577
8756,19:14:44.483,2063,0.0076,1.6625
8757,19:14:44.483,2078,0.0149,1.6746
8758,19:14:44.484,2044,-0.0017,1.6472
8759,19:14:44.484,2069,0.0105,1.6673
8760,19:14:44.485,2065,0.0085,1.6641
8761,19:14:44.485,2060,0.0061,1.6601
8762,19:14:44.486,2078,0.0149,1.6746
8763,19:14:44.486,2061,0.0066,1.6609
8764,19:14:44.487,2059,0.0056,1.6593
8765,19:14:44.487,2052,0.0022,1.6536
8766,19:14:44.488,2077,0.0144,1.6738
8767,19:14:44.488,2059,0.0056,1.6593
8768,19:14:44.489,2060,0.0061,1.6601
8769,19:14:44.489,2075,0.0134,1.6722
8770,19:14:44.490,2044,-0.0017,1.6472
8771,19:14:44.490,2072,0.0120,1.6697
8772,19:14:44.491,2072,0.0120,1.6697
8773,19:14:44.491,2063,0.0076,1.6625
8774,19:14:44.492,2077,0.0144,1.6738
8775,19:14:44.492,2064,0.0081,1.6633
8776,19:14:44.493,2060,0.0061,1.6601
8777,19:14:44.493,2053,0.0027,1.6544
8778,19:14:44.494,2077,0.0144,1.6738
8779,19:14:44.494,2062,0.0071,1.6617
8780,19:14:44.495,2061,0.0066,1.6609
8781,19:14:44.495,2079,0.0154,1.6754
8782,19:14:44.496,2046,-0.0007,1.6488
8783,19:14:44.496,2068,0.0100,1.6665
8784,19:14:44.497,2070,0.0110,1.6681
8785,19:14:44.497,2063,0.0076,1.6625
8786,19:14:44.498,2077,0.0144,1.6738
8787,19:14:44.498,2062,0.0071,1.6617
8788,19:14:44.499,2062,0.0071,1.6617
8789,19:14:44.499,2054,0.0032,1.6552
8790,19:14:44.500,2074,0.0129,1.6714
8791,19:14:44.500,2066,0.0090,1.6649
8792,19:14:44.501,2057,0.0046,1.6577
8793,19:14:44.501,2075,0.0134,1.6722
8794,19:14:44.502,2049,0.0007,1.6512
8795,19:14:44.502,2070,0.0110,1.6681
8796,19:14:44.503,2067,0.0095,1.6657
8797,19:14:44.503,2061,0.0066,1.6609
8798,19:14:44.504,2081,0.0164,1.6770
8799,19:14:44.504,2065,0.0085,1.6641
8800,19:14:44.505,2060,0.0061,1.6601
8801,19:14:44.505,2058,0.0051,1.6585
8802,19:14:44.506,2074,0.0129,1.6714
8803,19:14:44.506,2065,0.0085,1.6641
8804,19:14:44.507,2062,0.0071,1.6617
8805,19:14:44.507,2074,0.0129,1.6714
8806,19:14:44.508,2052,0.0022,1.6536
8807,19:14:44.508,2068,0.0100,1.6665
8808,19:14:44.509,2067,0.0095,1.6657
8809,19:14:44.509,2063,0.0076,1.6625
8810,19:14:44.510,2082,0.0168,1.6778
8811,19:14:44.510,2062,0.0071,1.6617
8812,19:14:44.511,2064,0.0081,1.6633
8813,19:14:44.511,2060,0.0061,1.6601
8814,19:14:44.512,2069,0.0105,1.6673
8815,19:14:44.512,2070,0.0110,1.6681
8816,19:14:44.513,2066,0.0090,1.6649
8817,19:14:44.513,2075,0.0134,1.6722
8818,19:14:44.514,2056,0.0042,1.6568
8819,19:14:44.514,2074,0.0129,1.6714
8820,19:14:44.515,2070,0.0110,1.6681
8821,19:14:44.515,2068,0.0100,1.6665
8822,19:14:44.516,2094,0.0227,1.6875
8823,19:14:44.516,2073,0.0125,1.6705
8824,19:14:44.517,2076,0.0139,1.6730
8825,19:14:44.517,2063,0.0076,1.6625
8826,19:14:44.518,2070,0.0110,1.6681
8827,19:14:44.518,2066,0.0090,1.6649
8828,19:14:44.519,2066,0.0090,1.6649
8829,19:14:44.519,2080,0.0159,1.6762
8830,19:14:44.520,2062,0.0071,1.6617
8831,19:14:44.520,2079,0.0154,1.6754
8832,19:14:44.521,2073,0.0125,1.6705
8833,19:14:44.521,2064,0.0081,1.6633
8834,19:14:44.522,2083,0.0173,1.6786
8835,19:14:44.522,2062,0.0071,1.6617
8836,19:14:44.523,2068,0.0100,1.6665
8837,19:14:44.523,2073,0.0125,1.6705
8838,19:14:44.524,2076,0.0139,1.6730
8839,19:14:44.524,2073,0.0125,1.6705
8840,19:14:44.525,2072,0.0120,1.6697
8841,19:14:44.525,2072,0.0120,1.6697
8842,19:14:44.526,2059,0.0056,1.6593
8843,19:14:44.526,2079,0.0154,1.6754
8844,19:14:44.527,2079,0.0154,1.6754
8845,19:14:44.527,2073,0.0125,1.6705
8846,19:14:44.528,2093,0.0222,1.6867
8847,19:14:44.528,2064,0.0081,1.6633
8848,19:14:44.529,2065,0.0085,1.6641
8849,19:14:44.529,2069,0.0105,1.6673
8850,19:14:44.530,2073,0.0125,1.6705
8851,19:14:44.530,2076,0.0139,1.6730
8852,19:14:44.531,2076,0.0139,1.6730
8853,19:14:44.531,2077,0.0144,1.6738
8854,19:14:44.532,2058,0.0051,1.6585
8855,19:14:44.532,2075,0.0134,1.6722
8856,19:14:44.533,2074,0.0129,1.6714
8857,19:14:44.533,2064,0.0081,1.6633
8858,19:14:44.534,2090,0.0208,1.6842
8859,19:14:44.534,2067,0.0095,1.6657
8860,19:14:44.535,2062,0.0071,1.6617
8861,19:14:44.535,2069,0.0105,1.6673
8862,19:14:44.536,2072,0.0120,1.6697
8863,19:14:44.536,2070,0.0110,1.6681
8864,19:14:44.537,2075,0.0134,1.6722
8865,19:14:44.537,2074,0.0129,1.6714
8866,19:14:44.538,2060,0.0061,1.6601
8867,19:14:44.538,2075,0.0134,1.6722
8868,19:14:44.539,2075,0.0134,1.6722
8869,19:14:44.539,2064,0.0081,1.6633
8870,19:14:44.540,2091,0.0212,1.6851
8871,19:14:44.540,2071,0.0115,1.6689
8872,19:14:44.541,2063,0.0076,1.6625
8873,19:14:44.541,2075,0.0134,1.6722
8874,19:14:44.542,2074,0.0129,1.6714
8875,19:14:44.542,2071,0.0115,1.6689
8876,19:14:44.543,2078,0.0149,1.6746
8877,19:14:44.543,2072,0.0120,1.6697
8878,19:14:44.544,2058,0.0051,1.6585
8879,19:14:44.544,2075,0.0134,1.6722
8880,19:14:44.545,2079,0.0154,1.6754
8881,19:14:44.545,2068,0.0100,1.6665
8882,19:14:44.546,2089,0.0203,1.6834
8883,19:14:44.546,2075,0.0134,1.6722
8884,19:14:44.547,2059,0.0056,1.6593
8885,19:14:44.547,2079,0.0154,1.6754
8886,19:14:44.548,2075,0.0134,1.6722
8887,19:14:44.548,2069,0.0105,1.6673
8888,19:14:44.549,2079,0.0154,1.6754
8889,19:14:44.549,2074,0.0129,1.6714
8890,19:14:44.550,2063,0.0076,1.6625
8891,19:14:44.550,2074,0.0129,1.6714
8892,19:14:44.551,2081,0.0164,1.6770
8893,19:14:44.551,2068,0.0100,1.6665
8894,19:14:44.552,2091,0.0212,1.6851
8895,19:14:44.552,2078,0.0149,1.6746
8896,19:14:44.553,2061,0.0066,1.6609
8897,19:14:44.553,2079,0.0154,1.6754
8898,19:14:44.554,2075,0.0134,1.6722
8899,19:14:44.554,2070,0.0110,1.6681
8900,19:14:44.555,2081,0.0164,1.6770
8901,19:14:44.555,2077,0.0144,1.6738
8902,19:14:44.556,2063,0.0076,1.6625
8903,19:14:44.556,2078,0.0149,1.6746
8904,19:14:44.557,2084,0.0178,1.6794
8905,19:14:44.557,2070,0.0110,1.6681
8906,19:14:44.558,2090,0.0208,1.6842
8907,19:14:44.558,2079,0.0154,1.6754
8908,19:14:44.559,2059,0.0056,1.6593
8909,19:14:44.559,2078,0.0149,1.6746
8910,19:14:44.560,2081,0.0164,1.6770
8911,19:14:44.560,2068,0.0100,1.6665
8912,19:14:44.561,2083,0.0173,1.6786
8913,19:14:44.561,2081,0.0164,1.6770
8914,19:14:44.562,2067,0.0095,1.6657
8915,19:14:44.562,2081,0.0164,1.6770
8916,19:14:44.563,2085,0.0183,1.6802
8917,19:14:44.563,2074,0.0129,1.6714
8918,19:14:44.564,2091,0.0212,1.6851
8919,19:14:44.564,2084,0.0178,1.6794
8920,19:14:44.565,2060,0.0061,1.6601
8921,19:14:44.565,2079,0.0154,1.6754
8922,19:14:44.566,2081,0.0164,1.6770
8923,19:14:44.566,2069,0.0105,1.6673
8924,19:14:44.567,2085,0.0183,1.6802
8925,19:14:44.567,2080,0.0159,1.6762
8926,19:14:44.568,2073,0.0125,1.6705
8927,19:14:44.568,2076,0.0139,1.6730
8928,19:14:44.569,2083,0.0173,1.6786
8929,19:14:44.569,2079,0.0154,1.6754
8930,19:14:44.570,2098,0.0247,1.6907
8931,19:14:44.570,2085,0.0183,1.6802
8932,19:14:44.571,2056,0.0042,1.6568
8933,19:14:44.571,2080,0.0159,1.6762
8934,19:14:44.572,2086,0.0188,1.6810
8935,19:14:44.572,2072,0.0120,1.6697
8936,19:14:44.573,2078,0.0149,1.6746
8937,19:14:44.573,2078,0.0149,1.6746
8938,19:14:44.574,2078,0.0149,1.6746
8939,19:14:44.574,2086,0.0188,1.6810
8940,19:14:44.575,2078,0.0149,1.6746
8941,19:14:44.575,2076,0.0139,1.6730
8942,19:14:44.576,2094,0.0227,1.6875
8943,19:14:44.576,2080,0.0159,1.6762
8944,19:14:44.577,2074,0.0129,1.6714
8945,19:14:44.577,2082,0.0168,1.6778
8946,19:14:44.578,2082,0.0168,1.6778
8947,19:14:44.578,2077,0.0144,1.6738
8948,19:14:44.579,2076,0.0139,1.6730
8949,19:14:44.579,2078,0.0149,1.6746
8950,19:14:44.580,2087,0.0193,1.6818
8951,19:14:44.580,2079,0.0154,1.6754
8952,19:14:44.581,2072,0.0120,1.6697
8953,19:14:44.581,2080,0.0159,1.6762
8954,19:14:44.582,2087,0.0193,1.6818
8955,19:14:44.582,2082,0.0168,1.6778
8956,19:14:44.583,2075,0.0134,1.6722
8957,19:14:44.583,2075,0.0134,1.6722
8958,19:14:44.584,2082,0.0168,1.6778
8959,19:14:44.584,2080,0.0159,1.6762
8960,19:14:44.585,2070,0.0110,1.6681
8961,19:14:44.585,2073,0.0125,1.6705
8962,19:14:44.586,2084,0.0178,1.6794
8963,19:14:44.586,2081,0.0164,1.6770
8964,19:14:44.587,2076,0.0139,1.6730
8965,19:14:44.587,2078,0.0149,1.6746
8966,19:14:44.588,2081,0.0164,1.6770
8967,19:14:44.588,2080,0.0159,1.6762
8968,19:14:44.589,2072,0.0120,1.6697
8969,19:14:44.589,2074,0.0129,1.6714
8970,19:14:44.590,2079,0.0154,1.6754
8971,19:14:44.590,2080,0.0159,1.6762
8972,19:14:44.591,2072,0.0120,1.6697
8973,19:14:44.591,2072,0.0120,1.6697
8974,19:14:44.592,2081,0.0164,1.6770
8975,19:14:44.592,2075,0.0134,1.6722
8976,19:14:44.593,2072,0.0120,1.6697
8977,19:14:44.593,2071,0.0115,1.6689
8978,19:14:44.594,2082,0.0168,1.6778
8979,19:14:44.594,2074,0.0129,1.6714
8980,19:14:44.595,2072,0.0120,1.6697
8981,19:14:44.595,2072,0.0120,1.6697
8982,19:14:44.596,2073,0.0125,1.6705
8983,19:14:44.596,2077,0.0144,1.6738
8984,19:14:44.597,2072,0.0120,1.6697
8985,19:14:44.597,2070,0.0110,1.6681
8986,19:14:44.598,2076,0.0139,1.6730
8987,19:14:44.598,2071,0.0115,1.6689
8988,19:14:44.599,2071,0.0115,1.6689
8989,19:14:44.599,2071,0.0115,1.6689
8990,19:14:44.600,2075,0.0134,1.6722
8991,19:14:44.600,2072,0.0120,1.6697
8992,19:14:44.601,2069,0.0105,1.6673
8993,19:14:44.601,2068,0.0100,1.6665
8994,19:14:44.602,2073,0.0125,1.6705
8995,19:14:44.602,2073,0.0125,1.6705
8996,19:14:44.603,2065,0.0085,1.6641
8997,19:14:44.603,2067,0.0095,1.6657
8998,19:14:44.604,2069,0.0105,1.6673
8999,19:14:44.604,2068,0.0100,1.6665
9000,19:14:44.605,2064,0.0081,1.6633
9001,19:14:44.605,2067,0.0095,1.6657
9002,19:14:44.606,2070,0.0110,1.6681
9003,19:14:44.606,2070,0.0110,1.6681
9004,19:14:44.607,2064,0.0081,1.6633
9005,19:14:44.607,2066,0.0090,1.6649
9006,19:14:44.608,2067,0.0095,1.6657
9007,19:14:44.608,2066,0.0090,1.6649
9008,19:14:44.609,2066,0.0090,1.6649
9009,19:14:44.609,2061,0.0066,1.6609
9010,19:14:44.610,2066,0.0090,1.6649
9011,19:14:44.610,2067,0.0095,1.6657
9012,19:14:44.611,2059,0.0056,1.6593
9013,19:14:44.611,2059,0.0056,1.6593
9014,19:14:44.612,2068,0.0100,1.6665
9015,19:14:44.612,2064,0.0081,1.6633
9016,19:14:44.613,2061,0.0066,1.6609
9017,19:14:44.613,2066,0.0090,1.6649
9018,19:14:44.614,2065,0.0085,1.6641
9019,19:14:44.614,2067,0.0095,1.6657
9020,19:14:44.615,2062,0.0071,1.6617
9021,19:14:44.615,2062,0.0071,1.6617
9022,19:14:44.616,2066,0.0090,1.6649
9023,19:14:44.616,2066,0.0090,1.6649
9024,19:14:44.617,2062,0.0071,1.6617
9025,19:14:44.617,2063,0.0076,1.6625
9026,19:14:44.618,2067,0.0095,1.6657
9027,19:14:44.618,2063,0.0076,1.6625
9028,19:14:44.619,2058,0.0051,1.6585
9029,19:14:44.619,2060,0.0061,1.6601
9030,19:14:44.620,2066,0.0090,1.6649
9031,19:14:44.620,2064,0.0081,1.6633
9032,19:14:44.621,2059,0.0056,1.6593
9033,19:14:44.621,2062,0.0071,1.6617
9034,19:14:44.622,2067,0.0095,1.6657
9035,19:14:44.622,2067,0.0095,1.6657
9036,19:14:44.623,2059,0.0056,1.6593
9037,19:14:44.623,2062,0.0071,1.6617
9038,19:14:44.624,2065,0.0085,1.6641
9039,19:14:44.624,2064,0.0081,1.6633
9040,19:14:44.625,2062,0.0071,1.6617
9041,19:14:44.625,2064,0.0081,1.6633
9042,19:14:44.626,2066,0.0090,1.6649
9043,19:14:44.626,2067,0.0095,1.6657
9044,19:14:44.627,2059,0.0056,1.6593
9045,19:14:44.627,2063,0.0076,1.6625
9046,19:14:44.628,2067,0.0095,1.6657
9047,19:14:44.628,2068,0.0100,1.6665
9048,19:14:44.629,2064,0.0081,1.6633
9049,19:14:44.629,2062,0.0071,1.6617
9050,19:14:44.630,2066,0.0090,1.6649
9051,19:14:44.630,2066,0.0090,1.6649
9052,19:14:44.631,2066,0.0090,1.6649
9053,19:14:44.631,2067,0.0095,1.6657
9054,19:14:44.632,2071,0.0115,1.6689
9055,19:14:44.632,2067,0.0095,1.6657
9056,19:14:44.633,2063,0.0076,1.6625
9057,19:14:44.633,2064,0.0081,1.6633
9058,19:14:44.634,2070,0.0110,1.6681
9059,19:14:44.634,2066,0.0090,1.6649
9060,19:14:44.635,2066,0.0090,1.6649
9061,19:14:44.635,2068,0.0100,1.6665
9062,19:14:44.636,2072,0.0120,1.6697
9063,19:14:44.636,2066,0.0090,1.6649
9064,19:14:44.637,2064,0.0081,1.6633
9065,19:14:44.637,2067,0.0095,1.6657
9066,19:14:44.638,2069,0.0105,1.6673
9067,19:14:44.638,2070,0.0110,1.6681
9068,19:14:44.639,2067,0.0095,1.6657
9069,19:14:44.639,2068,0.0100,1.6665
9070,19:14:44.640,2069,0.0105,1.6673
9071,19:14:44.640,2071,0.0115,1.6689
9072,19:14:44.641,2068,0.0100,1.6665
9073,19:14:44.641,2071,0.0115,1.6689
9074,19:14:44.642,2072,0.0120,1.6697
9075,19:14:44.642,2069,0.0105,1.6673
9076,19:14:44.643,2069,0.0105,1.6673
9077,19:14:44.643,2067,0.0095,1.6657
9078,19:14:44.644,2071,0.0115,1.6689
9079,19:14:44.644,2068,0.0100,1.6665
9080,19:14:44.645,2066,0.0090,1.6649
9081,19:14:44.645,2070,0.0110,1.6681
9082,19:14:44.646,2071,0.0115,1.6689
9083,19:14:44.646,2072,0.0120,1.6697
9084,19:14:44.647,2066,0.0090,1.6649
9085,19:14:44.647,2068,0.0100,1.6665
9086,19:14:44.648,2071,0.0115,1.6689
9087,19:14:44.648,2070,0.0110,1.6681
9088,19:14:44.649,2068,0.0100,1.6665
9089,19:14:44.649,2069,0.0105,1.6673
9090,19:14:44.650,2072,0.0120,1.6697
9091,19:14:44.650,2072,0.0120,1.6697
9092,19:14:44.651,2070,0.0110,1.6681
9093,19:14:44.651,2068,0.0100,1.6665
9094,19:14:44.652,2075,0.0134,1.6722
9095,19:14:44.652,2070,0.0110,1.6681
9096,19:14:44.653,2066,0.0090,1.6649
9097,19:14:44.653,2072,0.0120,1.6697
9098,19:14:44.654,2075,0.0134,1.6722
9099,19:14:44.654,2073,0.0125,1.6705
9100,19:14:44.655,2072,0.0120,1.6697
9101,19:14:44.655,2072,0.0120,1.6697
9102,19:14:44.656,2076,0.0139,1.6730
9103,19:14:44.656,2070,0.0110,1.6681
9104,19:14:44.657,2068,0.0100,1.6665
9105,19:14:44.657,2069,0.0105,1.6673
9106,19:14:44.658,2075,0.0134,1.6722
9107,19:14:44.658,2072,0.0120,1.6697
9108,19:14:44.659,2070,0.0110,1.6681
9109,19:14:44.659,2072,0.0120,1.6697
9110,19:14:44.660,2076,0.0139,1.6730
9111,19:14:44.660,2073,0.0125,1.6705
9112,19:14:44.661,2069,0.0105,1.6673
9113,19:14:44.661,2072,0.0120,1.6697
9114,19:14:44.662,2075,0.0134,1.6722
9115,19:14:44.662,2073,0.0125,1.6705
9116,19:14:44.663,2070,0.0110,1.6681
9117,19:14:44.663,2072,0.0120,1.6697
9118,19:14:44.664,2076,0.0139,1.6730
9119,19:14:44.664,2071,0.0115,1.6689
9120,19:14:44.665,2070,0.0110,1.6681
9121,19:14:44.665,2074,0.0129,1.6714
9122,19:14:44.666,2075,0.0134,1.6722
9123,19:14:44.666,2073,0.0125,1.6705
9124,19:14:44.667,2072,0.0120,1.6697
9125,19:14:44.667,2074,0.0129,1.6714
9126,19:14:44.668,2079,0.0154,1.6754
9127,19:14:44.668,2082,0.0168,1.6778
9128,19:14:44.669,2071,0.0115,1.6689
9129,19:14:44.669,2076,0.0139,1.6730
9130,19:14:44.670,2071,0.0115,1.6689
9131,19:14:44.670,2076,0.0139,1.6730
9132,19:14:44.671,2066,0.0090,1.6649
9133,19:14:44.671,2077,0.0144,1.6738
9134,19:14:44.672,2083,0.0173,1.6786
9135,19:14:44.672,2054,0.0032,1.6552
9136,19:14:44.673,2070,0.0110,1.6681
9137,19:14:44.673,2084,0.0178,1.6794
9138,19:14:44.674,2082,0.0168,1.6778
9139,19:14:44.674,2082,0.0168,1.6778
9140,19:14:44.675,2083,0.0173,1.6786
9141,19:14:44.675,2061,0.0066,1.6609
9142,19:14:44.676,2113,0.0320,1.7028
9143,19:14:44.676,2070,0.0110,1.6681
9144,19:14:44.677,2063,0.0076,1.6625
9145,19:14:44.677,2077,0.0144,1.6738
9146,19:14:44.678,2089,0.0203,1.6834
9147,19:14:44.678,2096,0.0237,1.6891
9148,19:14:44.679,2071,0.0115,1.6689
9149,19:14:44.679,2088,0.0198,1.6826
9150,19:14:44.680,2069,0.0105,1.6673
9151,19:14:44.680,2097,0.0242,1.6899
9152,19:14:44.681,2092,0.0217,1.6859
9153,19:14:44.681,2083,0.0173,1.6786
9154,19:14:44.682,2116,0.0335,1.7052
9155,19:14:44.682,2071,0.0115,1.6689
9156,19:14:44.683,2066,0.0090,1.6649
9157,19:14:44.683,2086,0.0188,1.6810
9158,19:14:44.684,2106,0.0286,1.6971
9159,19:14:44.684,2098,0.0247,1.6907
9160,19:14:44.685,2070,0.0110,1.6681
9161,19:14:44.685,2100,0.0256,1.6923
9162,19:14:44.686,2088,0.0198,1.6826
9163,19:14:44.686,2107,0.0291,1.6979
9164,19:14:44.687,2108,0.0295,1.6988
9165,19:14:44.687,2067,0.0095,1.6657
9166,19:14:44.688,2108,0.0295,1.6988
9167,19:14:44.688,2097,0.0242,1.6899
9168,19:14:44.689,2085,0.0183,1.6802
9169,19:14:44.689,2085,0.0183,1.6802
9170,19:14:44.690,2100,0.0256,1.6923
9171,19:14:44.690,2099,0.0252,1.6915
9172,19:14:44.691,2070,0.0110,1.6681
9173,19:14:44.691,2110,0.0305,1.7004
9174,19:14:44.692,2076,0.0139,1.6730
9175,19:14:44.692,2091,0.0212,1.6851
9176,19:14:44.693,2104,0.0276,1.6955
9177,19:14:44.693,2077,0.0144,1.6738
9178,19:14:44.694,2109,0.0300,1.6996
9179,19:14:44.694,2087,0.0193,1.6818
9180,19:14:44.695,2067,0.0095,1.6657
9181,19:14:44.695,2067,0.0095,1.6657
9182,19:14:44.696,2092,0.0217,1.6859
9183,19:14:44.696,2094,0.0227,1.6875
9184,19:14:44.697,2060,0.0061,1.6601
9185,19:14:44.697,2091,0.0212,1.6851
9186,19:14:44.698,2072,0.0120,1.6697
9187,19:14:44.698,2077,0.0144,1.6738
9188,19:14:44.699,2091,0.0212,1.6851
9189,19:14:44.699,2073,0.0125,1.6705
9190,19:14:44.700,2085,0.0183,1.6802
9191,19:14:44.700,2070,0.0110,1.6681
9192,19:14:44.701,2065,0.0085,1.6641
9193,19:14:44.701,2054,0.0032,1.6552
9194,19:14:44.702,2086,0.0188,1.6810
9195,19:14:44.702,2092,0.0217,1.6859
9196,19:14:44.703,2043,-0.0022,1.6464
9197,19:14:44.703,2082,0.0168,1.6778
9198,19:14:44.704,2068,0.0100,1.6665
9199,19:14:44.704,2069,0.0105,1.6673
9200,19:14:44.705,2081,0.0164,1.6770
9201,19:14:44.705,2065,0.0085,1.6641
9202,19:14:44.706,2085,0.0183,1.6802
9203,19:14:44.706,2070,0.0110,1.6681
9204,19:14:44.707,2062,0.0071,1.6617
9205,19:14:44.707,2049,0.0007,1.6512
9206,19:14:44.708,2066,0.0090,1.6649
9207,19:14:44.708,2081,0.0164,1.6770
9208,19:14:44.709,2051,0.0017,1.6528
9209,19:14:44.709,2073,0.0125,1.6705
9210,19:14:44.710,2073,0.0125,1.6705
9211,19:14:44.710,2062,0.0071,1.6617
9212,19:14:44.711,2064,0.0081,1.6633
9213,19:14:44.711,2070,0.0110,1.6681
9214,19:14:44.712,2077,0.0144,1.6738
9215,19:14:44.712,2063,0.0076,1.6625
9216,19:14:44.713,2062,0.0071,1.6617
9217,19:14:44.713,2039,-0.0042,1.6432
9218,19:14:44.714,2066,0.0090,1.6649
9219,19:14:44.714,2088,0.0198,1.6826
9220,19:14:44.715,2049,0.0007,1.6512
9221,19:14:44.715,2064,0.0081,1.6633
9222,19:14:44.716,2068,0.0100,1.6665
9223,19:14:44.716,2061,0.0066,1.6609
9224,19:14:44.717,2066,0.0090,1.6649
9225,19:14:44.717,2067,0.0095,1.6657
9226,19:14:44.718,2073,0.0125,1.6705
9227,19:14:44.718,2058,0.0051,1.6585
9228,19:14:44.719,2062,0.0071,1.6617
9229,19:14:44.719,2045,-0.0012,1.6480
9230,19:14:44.720,2063,0.0076,1.6625
9231,19:14:44.720,2081,0.0164,1.6770
9232,19:14:44.721,2053,0.0027,1.6544
9233,19:14:44.721,2062,0.0071,1.6617
9234,19:14:44.722,2071,0.0115,1.6689
9235,19:14:44.722,2071,0.0115,1.6689
9236,19:14:44.723,2058,0.0051,1.6585
9237,19:14:44.723,2074,0.0129,1.6714
9238,19:14:44.724,2071,0.0115,1.6689
9239,19:14:44.724,2053,0.0027,1.6544
9240,19:14:44.725,2072,0.0120,1.6697
9241,19:14:44.725,2051,0.0017,1.6528
9242,19:14:44.726,2053,0.0027,1.6544
9243,19:14:44.726,2076,0.0139,1.6730
9244,19:14:44.727,2054,0.0032,1.6552
9245,19:14:44.727,2057,0.0046,1.6577
9246,19:14:44.728,2070,0.0110,1.6681
9247,19:14:44.728,2069,0.0105,1.6673
9248,19:14:44.729,2054,0.0032,1.6552
9249,19:14:44.729,2075,0.0134,1.6722
9250,19:14:44.730,2070,0.0110,1.6681
9251,19:14:44.730,2046,-0.0007,1.6488
9252,19:14:44.731,2069,0.0105,1.6673
9253,19:14:44.731,2054,0.0032,1.6552
9254,19:14:44.732,2054,0.0032,1.6552
9255,19:14:44.732,2074,0.0129,1.6714
9256,19:14:44.733,2057,0.0046,1.6577
9257,19:14:44.733,2051,0.0017,1.6528
9258,19:14:44.734,2066,0.0090,1.6649
9259,19:14:44.734,2072,0.0120,1.6697
9260,19:14:44.735,2052,0.0022,1.6536
9261,19:14:44.735,2075,0.0134,1.6722
9262,19:14:44.736,2072,0.0120,1.6697
9263,19:14:44.736,2048,0.0002,1.6504
9264,19:14:44.737,2074,0.0129,1.6714
9265,19:14:44.737,2072,0.0120,1.6697
9266,19:14:44.738,2068,0.0100,1.6665
9267,19:14:44.738,2072,0.0120,1.6697
9268,19:14:44.739,2059,0.0056,1.6593
9269,19:14:44.739,2052,0.0022,1.6536
9270,19:14:44.740,2069,0.0105,1.6673
9271,19:14:44.740,2086,0.0188,1.6810
9272,19:14:44.741,2060,0.0061,1.6601
9273,19:14:44.741,2078,0.0149,1.6746
9274,19:14:44.742,2079,0.0154,1.6754
9275,19:14:44.742,2045,-0.0012,1.6480
9276,19:14:44.743,2065,0.0085,1.6641
9277,19:14:44.743,2069,0.0105,1.6673
9278,19:14:44.744,2065,0.0085,1.6641
9279,19:14:44.744,2077,0.0144,1.6738
9280,19:14:44.745,2075,0.0134,1.6722
9281,19:14:44.745,2056,0.0042,1.6568
9282,19:14:44.746,2063,0.0076,1.6625
9283,19:14:44.746,2086,0.0188,1.6810
9284,19:14:44.747,2052,0.0022,1.6536
9285,19:14:44.747,2079,0.0154,1.6754
9286,19:14:44.748,2087,0.0193,1.6818
9287,19:14:44.748,2049,0.0007,1.6512
9288,19:14:44.749,2064,0.0081,1.6633
9289,19:14:44.749,2067,0.0095,1.6657
9290,19:14:44.750,2070,0.0110,1.6681
9291,19:14:44.750,2072,0.0120,1.6697
9292,19:14:44.751,2081,0.0164,1.6770
9293,19:14:44.751,2060,0.0061,1.6601
9294,19:14:44.752,2060,0.0061,1.6601
9295,19:14:44.752,2095,0.0232,1.6883
9296,19:14:44.753,2054,0.0032,1.6552
9297,19:14:44.753,2076,0.0139,1.6730
9298,19:14:44.754,2093,0.0222,1.6867
9299,19:14:44.754,2048,0.0002,1.6504
9300,19:14:44.755,2063,0.0076,1.6625
9301,19:14:44.755,2071,0.0115,1.6689
9302,19:14:44.756,2078,0.0149,1.6746
9303,19:14:44.756,2066,0.0090,1.6649
9304,19:14:44.757,2081,0.0164,1.6770
9305,19:14:44.757,2063,0.0076,1.6625
9306,19:14:44.758,2055,0.0037,1.6560
9307,19:14:44.758,2102,0.0266,1.6939
9308,19:14:44.759,2059,0.0056,1.6593
9309,19:14:44.759,2082,0.0168,1.6778
9310,19:14:44.760,2094,0.0227,1.6875
9311,19:14:44.760,2055,0.0037,1.6560
9312,19:14:44.761,2062,0.0071,1.6617
9313,19:14:44.761,2072,0.0120,1.6697
9314,19:14:44.762,2078,0.0149,1.6746
9315,19:14:44.762,2069,0.0105,1.6673
9316,19:14:44.763,2090,0.0208,1.6842
9317,19:14:44.763,2071,0.0115,1.6689
9318,19:14:44.764,2052,0.0022,1.6536
9319,19:14:44.764,2104,0.0276,1.6955
9320,19:14:44.765,2059,0.0056,1.6593
9321,19:14:44.765,2076,0.0139,1.6730
9322,19:14:44.766,2102,0.0266,1.6939
9323,19:14:44.766,2062,0.0071,1.6617
9324,19:14:44.767,2066,0.0090,1.6649
9325,19:14:44.767,2071,0.0115,1.6689
9326,19:14:44.768,2088,0.0198,1.6826
9327,19:14:44.768,2068,0.0100,1.6665
9328,19:14:44.769,2090,0.0208,1.6842
9329,19:14:44.769,2079,0.0154,1.6754
9330,19:14:44.770,2051,0.0017,1.6528
9331,19:14:44.770,2107,0.0291,1.6979
9332,19:14:44.771,2065,0.0085,1.6641
9333,19:14:44.771,2079,0.0154,1.6754
9334,19:14:44.772,2101,0.0261,1.6931
9335,19:14:44.772,2065,0.0085,1.6641
9336,19:14:44.773,2062,0.0071,1.6617
9337,19:14:44.773,2076,0.0139,1.6730
9338,19:14:44.774,2089,0.0203,1.6834
9339,19:14:44.774,2066,0.0090,1.6649
9340,19:14:44.775,2090,0.0208,1.6842
9341,19:14:44.775,2084,0.0178,1.6794
9342,19:14:44.776,2054,0.0032,1.6552
9343,19:14:44.776,2106,0.0286,1.6971
9344,19:14:44.777,2068,0.0100,1.6665
9345,19:14:44.777,2078,0.0149,1.6746
9346,19:14:44.778,2104,0.0276,1.6955
9347,19:14:44.778,2070,0.0110,1.6681
9348,19:14:44.779,2063,0.0076,1.6625
9349,19:14:44.779,2071,0.0115,1.6689
9350,19:14:44.780,2092,0.0217,1.6859
9351,19:14:44.780,2071,0.0115,1.6689
9352,19:14:44.781,2087,0.0193,1.6818
9353,19:14:44.781,2092,0.0217,1.6859
9354,19:14:44.782,2053,0.0027,1.6544
9355,19:14:44.782,2104,0.0276,1.6955
9356,19:14:44.783,2074,0.0129,1.6714
9357,19:14:44.783,2078,0.0149,1.6746
9358,19:14:44.784,2103,0.0271,1.6947
9359,19:14:44.784,2073,0.0125,1.6705
9360,19:14:44.785,2069,0.0105,1.6673
9361,19:14:44.785,2073,0.0125,1.6705
9362,19:14:44.786,2099,0.0252,1.6915
9363,19:14:44.786,2070,0.0110,1.6681
9364,19:14:44.787,2085,0.0183,1.6802
9365,19:14:44.787,2093,0.0222,1.6867
9366,19:14:44.788,2054,0.0032,1.6552
9367,19:14:44.788,2099,0.0252,1.6915
9368,19:14:44.789,2075,0.0134,1.6722
9369,19:14:44.789,2076,0.0139,1.6730
9370,19:14:44.790,2099,0.0252,1.6915
9371,19:14:44.790,2069,0.0105,1.6673
9372,19:14:44.791,2066,0.0090,1.6649
9373,19:14:44.791,2066,0.0090,1.6649
9374,19:14:44.792,2097,0.0242,1.6899
9375,19:14:44.792,2071,0.0115,1.6689
9376,19:14:44.793,2081,0.0164,1.6770
9377,19:14:44.793,2094,0.0227,1.6875
9378,19:14:44.794,2059,0.0056,1.6593
9379,19:14:44.794,2090,0.0208,1.6842
9380,19:14:44.795,2078,0.0149,1.6746
9381,19:14:44.795,2078,0.0149,1.6746
9382,19:14:44.796,2094,0.0227,1.6875
9383,19:14:44.796,2068,0.0100,1.6665
9384,19:14:44.797,2064,0.0081,1.6633
9385,19:14:44.797,2062,0.0071,1.6617
9386,19:14:44.798,2092,0.0217,1.6859
9387,19:14:44.798,2069,0.0105,1.6673
9388,19:14:44.799,2075,0.0134,1.6722
9389,19:14:44.799,2088,0.0198,1.6826
9390,19:14:44.800,2056,0.0042,1.6568
9391,19:14:44.800,2088,0.0198,1.6826
9392,19:14:44.801,2076,0.0139,1.6730
9393,19:14:44.801,2076,0.0139,1.6730
9394,19:14:44.802,2087,0.0193,1.6818
9395,19:14:44.802,2060,0.0061,1.6601
9396,19:14:44.803,2065,0.0085,1.6641
9397,19:14:44.803,2056,0.0042,1.6568
9398,19:14:44.804,2087,0.0193,1.6818
9399,19:14:44.804,2064,0.0081,1.6633
9400,19:14:44.805,2067,0.0095,1.6657
9401,19:14:44.805,2083,0.0173,1.6786
9402,19:14:44.806,2056,0.0042,1.6568
9403,19:14:44.806,2081,0.0164,1.6770
9404,19:14:44.807,2071,0.0115,1.6689
9405,19:14:44.807,2070,0.0110,1.6681
9406,19:14:44.808,2086,0.0188,1.6810
9407,19:14:44.808,2055,0.0037,1.6560
9408,19:14:44.809,2066,0.0090,1.6649
9409,19:14:44.809,2057,0.0046,1.6577
9410,19:14:44.810,2078,0.0149,1.6746
9411,19:14:44.810,2069,0.0105,1.6673
9412,19:14:44.811,2062,0.0071,1.6617
9413,19:14:44.811,2081,0.0164,1.6770
9414,19:14:44.812,2055,0.0037,1.6560
9415,19:14:44.812,2078,0.0149,1.6746
9416,19:14:44.813,2061,0.0066,1.6609
9417,19:14:44.813,2072,0.0120,1.6697
9418,19:14:44.814,2087,0.0193,1.6818
9419,19:14:44.814,2044,-0.0017,1.6472
9420,19:14:44.815,2062,0.0071,1.6617
9421,19:14:44.815,2059,0.0056,1.6593
9422,19:14:44.816,2072,0.0120,1.6697
9423,19:14:44.816,2071,0.0115,1.6689
9424,19:14:44.817,2062,0.0071,1.6617
9425,19:14:44.817,2071,0.0115,1.6689
9426,19:14:44.818,2061,0.0066,1.6609
9427,19:14:44.818,2078,0.0149,1.6746
9428,19:14:44.819,2053,0.0027,1.6544
9429,19:14:44.819,2073,0.0125,1.6705
9430,19:14:44.820,2088,0.0198,1.6826
9431,19:14:44.820,2040,-0.0037,1.6440
9432,19:14:44.821,2063,0.0076,1.6625
9433,19:14:44.821,2060,0.0061,1.6601
9434,19:14:44.822,2074,0.0129,1.6714
9435,19:14:44.822,2072,0.0120,1.6697
9436,19:14:44.823,2062,0.0071,1.6617
9437,19:14:44.823,2067,0.0095,1.6657
9438,19:14:44.824,2059,0.0056,1.6593
9439,19:14:44.824,2084,0.0178,1.6794
9440,19:14:44.825,2050,0.0012,1.6520
9441,19:14:44.825,2073,0.0125,1.6705
9442,19:14:44.826,2087,0.0193,1.6818
9443,19:14:44.826,2044,-0.0017,1.6472
9444,19:14:44.827,2068,0.0100,1.6665
9445,19:14:44.827,2063,0.0076,1.6625
9446,19:14:44.828,2071,0.0115,1.6689
9447,19:14:44.828,2071,0.0115,1.6689
9448,19:14:44.829,2066,0.0090,1.6649
9449,19:14:44.829,2066,0.0090,1.6649
9450,19:14:44.830,2060,0.0061,1.6601
9451,19:14:44.830,2082,0.0168,1.6778
9452,19:14:44.831,2049,0.0007,1.6512
9453,19:14:44.831,2076,0.0139,1.6730
9454,19:14:44.832,2093,0.0222,1.6867
9455,19:14:44.832,2045,-0.0012,1.6480
9456,19:14:44.833,2066,0.0090,1.6649
9457,19:14:44.833,2062,0.0071,1.6617
9458,19:14:44.834,2068,0.0100,1.6665
9459,19:14:44.834,2075,0.0134,1.6722
9460,19:14:44.835,2072,0.0120,1.6697
9461,19:14:44.835,2065,0.0085,1.6641
9462,19:14:44.836,2059,0.0056,1.6593
9463,19:14:44.836,2083,0.0173,1.6786
9464,19:14:44.837,2055,0.0037,1.6560
9465,19:14:44.837,2072,0.0120,1.6697
9466,19:14:44.838,2085,0.0183,1.6802
9467,19:14:44.838,2043,-0.0022,1.6464
9468,19:14:44.839,2061,0.0066,1.6609
9469,19:14:44.839,2070,0.0110,1.6681
9470,19:14:44.840,2067,0.0095,1.6657
9471,19:14:44.840,2073,0.0125,1.6705
9472,19:14:44.841,2073,0.0125,1.6705
9473,19:14:44.841,2061,0.0066,1.6609
9474,19:14:44.842,2061,0.0066,1.6609
9475,19:14:44.842,2082,0.0168,1.6778
9476,19:14:44.843,2055,0.0037,1.6560
9477,19:14:44.843,2073,0.0125,1.6705
9478,19:14:44.844,2091,0.0212,1.6851
9479,19:14:44.844,2048,0.0002,1.6504
9480,19:14:44.845,2060,0.0061,1.6601
9481,19:14:44.845,2070,0.0110,1.6681
9482,19:14:44.846,2067,0.0095,1.6657
9483,19:14:44.846,2073,0.0125,1.6705
9484,19:14:44.847,2075,0.0134,1.6722
9485,19:14:44.847,2061,0.0066,1.6609
9486,19:14:44.848,2062,0.0071,1.6617
9487,19:14:44.848,2082,0.0168,1.6778
9488,19:14:44.849,2058,0.0051,1.6585
9489,19:14:44.849,2070,0.0110,1.6681
9490,19:14:44.850,2088,0.0198,1.6826
9491,19:14:44.850,2052,0.0022,1.6536
9492,19:14:44.851,2055,0.0037,1.6560
9493,19:14:44.851,2072,0.0120,1.6697
9494,19:14:44.852,2067,0.0095,1.6657
9495,19:14:44.852,2068,0.0100,1.6665
9496,19:14:44.853,2079,0.0154,1.6754
9497,19:14:44.853,2059,0.0056,1.6593
9498,19:14:44.854,2060,0.0061,1.6601
9499,19:14:44.854,2084,0.0178,1.6794
9500,19:14:44.855,2059,0.0056,1.6593
9501,19:14:44.855,2072,0.0120,1.6697
9502,19:14:44.856,2090,0.0208,1.6842
9503,19:14:44.856,2052,0.0022,1.6536
9504,19:14:44.857,2055,0.0037,1.6560
9505,19:14:44.857,2076,0.0139,1.6730
9506,19:14:44.858,2064,0.0081,1.6633
9507,19:14:44.858,2067,0.0095,1.6657
9508,19:14:44.859,2077,0.0144,1.6738
9509,19:14:44.859,2055,0.0037,1.6560
9510,19:14:44.860,2063,0.0076,1.6625
9511,19:14:44.860,2082,0.0168,1.6778
9512,19:14:44.861,2060,0.0061,1.6601
9513,19:14:44.861,2067,0.0095,1.6657
9514,19:14:44.862,2086,0.0188,1.6810
9515,19:14:44.862,2059,0.0056,1.6593
9516,19:14:44.863,2054,0.0032,1.6552
9517,19:14:44.863,2075,0.0134,1.6722
9518,19:14:44.864,2068,0.0100,1.6665
9519,19:14:44.864,2063,0.0076,1.6625
9520,19:14:44.865,2081,0.0164,1.6770
9521,19:14:44.865,2062,0.0071,1.6617
9522,19:14:44.866,2062,0.0071,1.6617
9523,19:14:44.866,2079,0.0154,1.6754
9524,19:14:44.867,2062,0.0071,1.6617
9525,19:14:44.867,2069,0.0105,1.6673
9526,19:14:44.868,2088,0.0198,1.6826
9527,19:14:44.868,2059,0.0056,1.6593
9528,19:14:44.869,2052,0.0022,1.6536
9529,19:14:44.869,2078,0.0149,1.6746
9530,19:14:44.870,2069,0.0105,1.6673
9531,19:14:44.870,2067,0.0095,1.6657
9532,19:14:44.871,2083,0.0173,1.6786
9533,19:14:44.871,2062,0.0071,1.6617
9534,19:14:44.872,2064,0.0081,1.6633
9535,19:14:44.872,2078,0.0149,1.6746
9536,19:14:44.873,2066,0.0090,1.6649
9537,19:14:44.873,2072,0.0120,1.6697
9538,19:14:44.874,2086,0.0188,1.6810
9539,19:14:44.874,2063,0.0076,1.6625
9540,19:14:44.875,2049,0.0007,1.6512
9541,19:14:44.875,2081,0.0164,1.6770
9542,19:14:44.876,2075,0.0134,1.6722
9543,19:14:44.876,2063,0.0076,1.6625
9544,19:14:44.877,2081,0.0164,1.6770
9545,19:14:44.877,2064,0.0081,1.6633
9546,19:14:44.878,2066,0.0090,1.6649
9547,19:14:44.878,2078,0.0149,1.6746
9548,19:14:44.879,2065,0.0085,1.6641
9549,19:14:44.879,2071,0.0115,1.6689
9550,19:14:44.880,2083,0.0173,1.6786
9551,19:14:44.880,2065,0.0085,1.6641
9552,19:14:44.881,2049,0.0007,1.6512
9553,19:14:44.881,2082,0.0168,1.6778
9554,19:14:44.882,2073,0.0125,1.6705
9555,19:14:44.882,2061,0.0066,1.6609
9556,19:14:44.883,2087,0.0193,1.6818
9557,19:14:44.883,2063,0.0076,1.6625
9558,19:14:44.884,2067,0.0095,1.6657
9559,19:14:44.884,2079,0.0154,1.6754
9560,19:14:44.885,2069,0.0105,1.6673
9561,19:14:44.885,2076,0.0139,1.6730
9562,19:14:44.886,2084,0.0178,1.6794
9563,19:14:44.886,2067,0.0095,1.6657
9564,19:14:44.887,2051,0.0017,1.6528
9565,19:14:44.887,2080,0.0159,1.6762
9566,19:14:44.888,2078,0.0149,1.6746
9567,19:14:44.888,2063,0.0076,1.6625
9568,19:14:44.889,2082,0.0168,1.6778
9569,19:14:44.889,2069,0.0105,1.6673
9570,19:14:44.890,2069,0.0105,1.6673
9571,19:14:44.890,2074,0.0129,1.6714
9572,19:14:44.891,2069,0.0105,1.6673
9573,19:14:44.891,2083,0.0173,1.6786
9574,19:14:44.892,2082,0.0168,1.6778
9575,19:14:44.892,2062,0.0071,1.6617
9576,19:14:44.893,2056,0.0042,1.6568
9577,19:14:44.893,2086,0.0188,1.6810
9578,19:14:44.894,2086,0.0188,1.6810
9579,19:14:44.894,2061,0.0066,1.6609
9580,19:14:44.895,2076,0.0139,1.6730
9581,19:14:44.895,2068,0.0100,1.6665
9582,19:14:44.896,2084,0.0178,1.6794
9583,19:14:44.896,2070,0.0110,1.6681
9584,19:14:44.897,2066,0.0090,1.6649
9585,19:14:44.897,2086,0.0188,1.6810
9586,19:14:44.898,2087,0.0193,1.6818
9587,19:14:44.898,2062,0.0071,1.6617
9588,19:14:44.899,2058,0.0051,1.6585
9589,19:14:44.899,2085,0.0183,1.6802
9590,19:14:44.900,2082,0.0168,1.6778
9591,19:14:44.900,2067,0.0095,1.6657
9592,19:14:44.901,2070,0.0110,1.6681
9593,19:14:44.901,2073,0.0125,1.6705
9594,19:14:44.902,2090,0.0208,1.6842
9595,19:14:44.902,2066,0.0090,1.6649
9596,19:14:44.903,2068,0.0100,1.6665
9597,19:14:44.903,2074,0.0129,1.6714
9598,19:14:44.904,2085,0.0183,1.6802
9599,19:14:44.904,2066,0.0090,1.6649
9600,19:14:44.905,2061,0.0066,1.6609
9601,19:14:44.905,2085,0.0183,1.6802
9602,19:14:44.906,2079,0.0154,1.6754
9603,19:14:44.906,2070,0.0110,1.6681
9604,19:14:44.907,2064,0.0081,1.6633
9605,19:14:44.907,2073,0.0125,1.6705
9606,19:14:44.908,2082,0.0168,1.6778
9607,19:14:44.908,2068,0.0100,1.6665
9608,19:14:44.909,2065,0.0085,1.6641
9609,19:14:44.909,2075,0.0134,1.6722
9610,19:14:44.910,2084,0.0178,1.6794
9611,19:14:44.910,2072,0.0120,1.6697
9612,19:14:44.911,2065,0.0085,1.6641
9613,19:14:44.911,2080,0.0159,1.6762
9614,19:14:44.912,2078,0.0149,1.6746
9615,19:14:44.912,2073,0.0125,1.6705
9616,19:14:44.913,2064,0.0081,1.6633
9617,19:14:44.913,2071,0.0115,1.6689
9618,19:14:44.914,2080,0.0159,1.6762
9619,19:14:44.914,2070,0.0110,1.6681
9620,19:14:44.915,2063,0.0076,1.6625
9621,19:14:44.915,2073,0.0125,1.6705
9622,19:14:44.916,2082,0.0168,1.6778
9623,19:14:44.916,2066,0.0090,1.6649
9624,19:14:44.917,2063,0.0076,1.6625
9625,19:14:44.917,2075,0.0134,1.6722
9626,19:14:44.918,2079,0.0154,1.6754
9627,19:14:44.918,2073,0.0125,1.6705
9628,19:14:44.919,2062,0.0071,1.6617
9629,19:14:44.919,2068,0.0100,1.6665
9630,19:14:44.920,2076,0.0139,1.6730
9631,19:14:44.920,2073,0.0125,1.6705
9632,19:14:44.921,2064,0.0081,1.6633
9633,19:14:44.921,2069,0.0105,1.6673
9634,19:14:44.922,2080,0.0159,1.6762
9635,19:14:44.922,2071,0.0115,1.6689
9636,19:14:44.923,2061,0.0066,1.6609
9637,19:14:44.923,2067,0.0095,1.6657
9638,19:14:44.924,2078,0.0149,1.6746
9639,19:14:44.924,2072,0.0120,1.6697
9640,19:14:44.925,2065,0.0085,1.6641
9641,19:14:44.925,2066,0.0090,1.6649
9642,19:14:44.926,2080,0.0159,1.6762
9643,19:14:44.926,2071,0.0115,1.6689
9644,19:14:44.927,2062,0.0071,1.6617
9645,19:14:44.927,2070,0.0110,1.6681
9646,19:14:44.928,2077,0.0144,1.6738
9647,19:14:44.928,2065,0.0085,1.6641
9648,19:14:44.929,2064,0.0081,1.6633
9649,19:14:44.929,2067,0.0095,1.6657
9650,19:14:44.930,2078,0.0149,1.6746
9651,19:14:44.930,2071,0.0115,1.6689
9652,19:14:44.931,2062,0.0071,1.6617
9653,19:14:44.931,2068,0.0100,1.6665
9654,19:14:44.932,2074,0.0129,1.6714
9655,19:14:44.932,2075,0.0134,1.6722
9656,19:14:44.933,2063,0.0076,1.6625
9657,19:14:44.933,2067,0.0095,1.6657
9658,19:14:44.934,2080,0.0159,1.6762
9659,19:14:44.934,2070,0.0110,1.6681
9660,19:14:44.935,2063,0.0076,1.6625
9661,19:14:44.935,2068,0.0100,1.6665
9662,19:14:44.936,2075,0.0134,1.6722
9663,19:14:44.936,2069,0.0105,1.6673
9664,19:14:44.937,2062,0.0071,1.6617
9665,19:14:44.937,2068,0.0100,1.6665
9666,19:14:44.938,2071,0.0115,1.6689
9667,19:14:44.938,2073,0.0125,1.6705
9668,19:14:44.939,2063,0.0076,1.6625
9669,19:14:44.939,2069,0.0105,1.6673
9670,19:14:44.940,2072,0.0120,1.6697
9671,19:14:44.940,2069,0.0105,1.6673
9672,19:14:44.941,2062,0.0071,1.6617
9673,19:14:44.941,2065,0.0085,1.6641
9674,19:14:44.942,2072,0.0120,1.6697
9675,19:14:44.942,2073,0.0125,1.6705
9676,19:14:44.943,2062,0.0071,1.6617
9677,19:14:44.943,2067,0.0095,1.6657
9678,19:14:44.944,2071,0.0115,1.6689
9679,19:14:44.944,2073,0.0125,1.6705
9680,19:14:44.945,2064,0.0081,1.6633
9681,19:14:44.945,2066,0.0090,1.6649
9682,19:14:44.946,2072,0.0120,1.6697
9683,19:14:44.946,2070,0.0110,1.6681
9684,19:14:44.947,2069,0.0105,1.6673
9685,19:14:44.947,2067,0.0095,1.6657
9686,19:14:44.948,2074,0.0129,1.6714
9687,19:14:44.948,2068,0.0100,1.6665
9688,19:14:44.949,2069,0.0105,1.6673
9689,19:14:44.949,2068,0.0100,1.6665
9690,19:14:44.950,2071,0.0115,1.6689
9691,19:14:44.950,2070,0.0110,1.6681
9692,19:14:44.951,2066,0.0090,1.6649
9693,19:14:44.951,2072,0.0120,1.6697
9694,19:14:44.952,2070,0.0110,1.6681
9695,19:14:44.952,2071,0.0115,1.6689
9696,19:14:44.953,2067,0.0095,1.6657
9697,19:14:44.953,2065,0.0085,1.6641
9698,19:14:44.954,2075,0.0134,1.6722
9699,19:14:44.954,2072,0.0120,1.6697
9700,19:14:44.955,2068,0.0100,1.6665
9701,19:14:44.955,2066,0.0090,1.6649
9702,19:14:44.956,2073,0.0125,1.6705
9703,19:14:44.956,2072,0.0120,1.6697
9704,19:14:44.957,2068,0.0100,1.6665
9705,19:14:44.957,2072,0.0120,1.6697
9706,19:14:44.958,2072,0.0120,1.6697
9707,19:14:44.958,2071,0.0115,1.6689
9708,19:14:44.959,2072,0.0120,1.6697
9709,19:14:44.959,2069,0.0105,1.6673
9710,19:14:44.960,2072,0.0120,1.6697
9711,19:14:44.960,2071,0.0115,1.6689
9712,19:14:44.961,2067,0.0095,1.6657
9713,19:14:44.961,2070,0.0110,1.6681
9714,19:14:44.962,2072,0.0120,1.6697
9715,19:14:44.962,2070,0.0110,1.6681
9716,19:14:44.963,2069,0.0105,1.6673
9717,19:14:44.963,2071,0.0115,1.6689
9718,19:14:44.964,2069,0.0105,1.6673
9719,19:14:44.964,2070,0.0110,1.6681
9720,19:14:44.965,2068,0.0100,1.6665
9721,19:14:44.965,2065,0.0085,1.6641
9722,19:14:44.966,2074,0.0129,1.6714
9723,19:14:44.966,2070,0.0110,1.6681
9724,19:14:44.967,2073,0.0125,1.6705
9725,19:14:44.967,2070,0.0110,1.6681
9726,19:14:44.968,2071,0.0115,1.6689
9727,19:14:44.968,2070,0.0110,1.6681
9728,19:14:44.969,2070,0.0110,1.6681
9729,19:14:44.969,2073,0.0125,1.6705
9730,19:14:44.970,2068,0.0100,1.6665
9731,19:14:44.970,2072,0.0120,1.6697
9732,19:14:44.971,2072,0.0120,1.6697
9733,19:14:44.971,2074,0.0129,1.6714
9734,19:14:44.972,2070,0.0110,1.6681
9735,19:14:44.972,2071,0.0115,1.6689
9736,19:14:44.973,2069,0.0105,1.6673
9737,19:14:44.973,2069,0.0105,1.6673
9738,19:14:44.974,2072,0.0120,1.6697
9739,19:14:44.974,2069,0.0105,1.6673
9740,19:14:44.975,2070,0.0110,1.6681
9741,19:14:44.975,2072,0.0120,1.6697
9742,19:14:44.976,2073,0.0125,1.6705
9743,19:14:44.976,2069,0.0105,1.6673
9744,19:14:44.977,2068,0.0100,1.6665
9745,19:14:44.977,2070,0.0110,1.6681
9746,19:14:44.978,2072,0.0120,1.6697
9747,19:14:44.978,2071,0.0115,1.6689
9748,19:14:44.979,2071,0.0115,1.6689
9749,19:14:44.979,2070,0.0110,1.6681
9750,19:14:44.980,2076,0.0139,1.6730
9751,19:14:44.980,2066,0.0090,1.6649
9752,19:14:44.981,2073,0.0125,1.6705
9753,19:14:44.981,2073,0.0125,1.6705
9754,19:14:44.982,2070,0.0110,1.6681
9755,19:14:44.982,2068,0.0100,1.6665
9756,19:14:44.983,2070,0.0110,1.6681
9757,19:14:44.983,2076,0.0139,1.6730
9758,19:14:44.984,2070,0.0110,1.6681
9759,19:14:44.984,2070,0.0110,1.6681
9760,19:14:44.985,2068,0.0100,1.6665
9761,19:14:44.985,2071,0.0115,1.6689
9762,19:14:44.986,2073,0.0125,1.6705
9763,19:14:44.986,2070,0.0110,1.6681
9764,19:14:44.987,2072,0.0120,1.6697
9765,19:14:44.987,2069,0.0105,1.6673
9766,19:14:44.988,2074,0.0129,1.6714
9767,19:14:44.988,2072,0.0120,1.6697
9768,19:14:44.989,2071,0.0115,1.6689
9769,19:14:44.989,2071,0.0115,1.6689
9770,19:14:44.990,2072,0.0120,1.6697
9771,19:14:44.990,2065,0.0085,1.6641
9772,19:14:44.991,2069,0.0105,1.6673
9773,19:14:44.991,2073,0.0125,1.6705
9774,19:14:44.992,2074,0.0129,1.6714
9775,19:14:44.992,2067,0.0095,1.6657
9776,19:14:44.993,2072,0.0120,1.6697
9777,19:14:44.993,2071,0.0115,1.6689
9778,19:14:44.994,2074,0.0129,1.6714
9779,19:14:44.994,2071,0.0115,1.6689
9780,19:14:44.995,2067,0.0095,1.6657
9781,19:14:44.995,2075,0.0134,1.6722
9782,19:14:44.996,2075,0.0134,1.6722
9783,19:14:44.996,2067,0.0095,1.6657
9784,19:14:44.997,2066,0.0090,1.6649
9785,19:14:44.997,2072,0.0120,1.6697
9786,19:14:44.998,2076,0.0139,1.6730
9787,19:14:44.998,2070,0.0110,1.6681
9788,19:14:44.999,2070,0.0110,1.6681
9789,19:14:44.999,2073,0.0125,1.6705
9790,19:14:45.000,2075,0.0134,1.6722
9791,19:14:45.000,2070,0.0110,1.6681
9792,19:14:45.001,2068,0.0100,1.6665
9793,19:14:45.001,2073,0.0125,1.6705
9794,19:14:45.002,2073,0.0125,1.6705
9795,19:14:45.002,2072,0.0120,1.6697
9796,19:14:45.003,2070,0.0110,1.6681
9797,19:14:45.003,2077,0.0144,1.6738
9798,19:14:45.004,2076,0.0139,1.6730
9799,19:14:45.004,2071,0.0115,1.6689
9800,19:14:45.005,2073,0.0125,1.6705
9801,19:14:45.005,2074,0.0129,1.6714
9802,19:14:45.006,2076,0.0139,1.6730
9803,19:14:45.006,2072,0.0120,1.6697
9804,19:14:45.007,2073,0.0125,1.6705
9805,19:14:45.007,2076,0.0139,1.6730
9806,19:14:45.008,2081,0.0164,1.6770
9807,19:14:45.008,2072,0.0120,1.6697
9808,19:14:45.009,2075,0.0134,1.6722
9809,19:14:45.009,2081,0.0164,1.6770
9810,19:14:45.010,2077,0.0144,1.6738
9811,19:14:45.010,2081,0.0164,1.6770
9812,19:14:45.011,2076,0.0139,1.6730
9813,19:14:45.011,2081,0.0164,1.6770
9814,19:14:45.012,2078,0.0149,1.6746
9815,19:14:45.012,2079,0.0154,1.6754
9816,19:14:45.013,2069,0.0105,1.6673
9817,19:14:45.013,2083,0.0173,1.6786
9818,19:14:45.014,2096,0.0237,1.6891
9819,19:14:45.014,2053,0.0027,1.6544
9820,19:14:45.015,2069,0.0105,1.6673
9821,19:14:45.015,2091,0.0212,1.6851
9822,19:14:45.016,2088,0.0198,1.6826
9823,19:14:45.016,2069,0.0105,1.6673
9824,19:14:45.017,2075,0.0134,1.6722
9825,19:14:45.017,2087,0.0193,1.6818
9826,19:14:45.018,2090,0.0208,1.6842
9827,19:14:45.018,2072,0.0120,1.6697
9828,19:14:45.019,2064,0.0081,1.6633
9829,19:14:45.019,2072,0.0120,1.6697
9830,19:14:45.020,2116,0.0335,1.7052
9831,19:14:45.020,2079,0.0154,1.6754
9832,19:14:45.021,2067,0.0095,1.6657
9833,19:14:45.021,2087,0.0193,1.6818
9834,19:14:45.022,2096,0.0237,1.6891
9835,19:14:45.022,2090,0.0208,1.6842
9836,19:14:45.023,2073,0.0125,1.6705
9837,19:14:45.023,2100,0.0256,1.6923
9838,19:14:45.024,2097,0.0242,1.6899
9839,19:14:45.024,2083,0.0173,1.6786
9840,19:14:45.025,2080,0.0159,1.6762
9841,19:14:45.025,2067,0.0095,1.6657
9842,19:14:45.026,2120,0.0354,1.7084
9843,19:14:45.026,2089,0.0203,1.6834
9844,19:14:45.027,2083,0.0173,1.6786
9845,19:14:45.027,2104,0.0276,1.6955
9846,19:14:45.028,2101,0.0261,1.6931
9847,19:14:45.028,2103,0.0271,1.6947
9848,19:14:45.029,2080,0.0159,1.6762
9849,19:14:45.029,2106,0.0286,1.6971
9850,19:14:45.030,2100,0.0256,1.6923
9851,19:14:45.030,2098,0.0247,1.6907
9852,19:14:45.031,2093,0.0222,1.6867
9853,19:14:45.031,2067,0.0095,1.6657
9854,19:14:45.032,2124,0.0374,1.7116
9855,19:14:45.032,2093,0.0222,1.6867
9856,19:14:45.033,2081,0.0164,1.6770
9857,19:14:45.033,2092,0.0217,1.6859
9858,19:14:45.034,2103,0.0271,1.6947
9859,19:14:45.034,2106,0.0286,1.6971
9860,19:14:45.035,2073,0.0125,1.6705
9861,19:14:45.035,2082,0.0168,1.6778
9862,19:14:45.036,2072,0.0120,1.6697
9863,19:14:45.036,2085,0.0183,1.6802
9864,19:14:45.037,2095,0.0232,1.6883
9865,19:14:45.037,2077,0.0144,1.6738
9866,19:14:45.038,2111,0.0310,1.7012
9867,19:14:45.038,2073,0.0125,1.6705
9868,19:14:45.039,2065,0.0085,1.6641
9869,19:14:45.039,2074,0.0129,1.6714
9870,19:14:45.040,2086,0.0188,1.6810
9871,19:14:45.040,2097,0.0242,1.6899
9872,19:14:45.041,2069,0.0105,1.6673
9873,19:14:45.041,2100,0.0256,1.6923
9874,19:14:45.042,2077,0.0144,1.6738
9875,19:14:45.042,2069,0.0105,1.6673
9876,19:14:45.043,2072,0.0120,1.6697
9877,19:14:45.043,2039,-0.0042,1.6432
9878,19:14:45.044,2098,0.0247,1.6907
9879,19:14:45.044,2078,0.0149,1.6746
9880,19:14:45.045,2069,0.0105,1.6673
9881,19:14:45.045,2068,0.0100,1.6665
9882,19:14:45.046,2064,0.0081,1.6633
9883,19:14:45.046,2078,0.0149,1.6746
9884,19:14:45.047,2055,0.0037,1.6560
9885,19:14:45.047,2084,0.0178,1.6794
9886,19:14:45.048,2069,0.0105,1.6673
9887,19:14:45.048,2061,0.0066,1.6609
9888,19:14:45.049,2065,0.0085,1.6641
9889,19:14:45.049,2040,-0.0037,1.6440
9890,19:14:45.050,2084,0.0178,1.6794
9891,19:14:45.050,2062,0.0071,1.6617
9892,19:14:45.051,2057,0.0046,1.6577
9893,19:14:45.051,2056,0.0042,1.6568
9894,19:14:45.052,2067,0.0095,1.6657
9895,19:14:45.052,2083,0.0173,1.6786
9896,19:14:45.053,2046,-0.0007,1.6488
9897,19:14:45.053,2077,0.0144,1.6738
9898,19:14:45.054,2059,0.0056,1.6593
9899,19:14:45.054,2053,0.0027,1.6544
9900,19:14:45.055,2069,0.0105,1.6673
9901,19:14:45.055,2037,-0.0051,1.6415
9902,19:14:45.056,2082,0.0168,1.6778
9903,19:14:45.056,2067,0.0095,1.6657
9904,19:14:45.057,2060,0.0061,1.6601
9905,19:14:45.057,2056,0.0042,1.6568
9906,19:14:45.058,2058,0.0051,1.6585
9907,19:14:45.058,2080,0.0159,1.6762
9908,19:14:45.059,2052,0.0022,1.6536
9909,19:14:45.059,2078,0.0149,1.6746
9910,19:14:45.060,2067,0.0095,1.6657
9911,19:14:45.060,2054,0.0032,1.6552
9912,19:14:45.061,2067,0.0095,1.6657
9913,19:14:45.061,2039,-0.0042,1.6432
9914,19:14:45.062,2080,0.0159,1.6762
9915,19:14:45.062,2065,0.0085,1.6641
9916,19:14:45.063,2067,0.0095,1.6657
9917,19:14:45.063,2053,0.0027,1.6544
9918,19:14:45.064,2062,0.0071,1.6617
9919,19:14:45.064,2084,0.0178,1.6794
9920,19:14:45.065,2049,0.0007,1.6512
9921,19:14:45.065,2085,0.0183,1.6802
9922,19:14:45.066,2068,0.0100,1.6665
9923,19:14:45.066,2052,0.0022,1.6536
9924,19:14:45.067,2071,0.0115,1.6689
9925,19:14:45.067,2048,0.0002,1.6504
9926,19:14:45.068,2076,0.0139,1.6730
9927,19:14:45.068,2061,0.0066,1.6609
9928,19:14:45.069,2072,0.0120,1.6697
9929,19:14:45.069,2061,0.0066,1.6609
9930,19:14:45.070,2059,0.0056,1.6593
9931,19:14:45.070,2080,0.0159,1.6762
9932,19:14:45.071,2052,0.0022,1.6536
9933,19:14:45.071,2083,0.0173,1.6786
9934,19:14:45.072,2070,0.0110,1.6681
9935,19:14:45.072,2045,-0.0012,1.6480
9936,19:14:45.073,2068,0.0100,1.6665
9937,19:14:45.073,2046,-0.0007,1.6488
9938,19:14:45.074,2076,0.0139,1.6730
9939,19:14:45.074,2062,0.0071,1.6617
9940,19:14:45.075,2066,0.0090,1.6649
9941,19:14:45.075,2058,0.0051,1.6585
9942,19:14:45.076,2056,0.0042,1.6568
9943,19:14:45.076,2082,0.0168,1.6778
9944,19:14:45.077,2048,0.0002,1.6504
9945,19:14:45.077,2079,0.0154,1.6754
9946,19:14:45.078,2074,0.0129,1.6714
9947,19:14:45.078,2051,0.0017,1.6528
9948,19:14:45.079,2065,0.0085,1.6641
9949,19:14:45.079,2056,0.0042,1.6568
9950,19:14:45.080,2077,0.0144,1.6738
9951,19:14:45.080,2063,0.0076,1.6625
9952,19:14:45.081,2066,0.0090,1.6649
9953,19:14:45.081,2069,0.0105,1.6673
9954,19:14:45.082,2061,0.0066,1.6609
9955,19:14:45.082,2083,0.0173,1.6786
9956,19:14:45.083,2053,0.0027,1.6544
9957,19:14:45.083,2079,0.0154,1.6754
9958,19:14:45.084,2082,0.0168,1.6778
9959,19:14:45.084,2050,0.0012,1.6520
9960,19:14:45.085,2066,0.0090,1.6649
9961,19:14:45.085,2055,0.0037,1.6560
9962,19:14:45.086,2079,0.0154,1.6754
9963,19:14:45.086,2067,0.0095,1.6657
9964,19:14:45.087,2072,0.0120,1.6697
9965,19:14:45.087,2065,0.0085,1.6641
9966,19:14:45.088,2058,0.0051,1.6585
9967,19:14:45.088,2085,0.0183,1.6802
9968,19:14:45.089,2056,0.0042,1.6568
9969,19:14:45.089,2078,0.0149,1.6746
9970,19:14:45.090,2079,0.0154,1.6754
9971,19:14:45.090,2056,0.0042,1.6568
9972,19:14:45.091,2065,0.0085,1.6641
9973,19:14:45.091,2059,0.0056,1.6593
9974,19:14:45.092,2083,0.0173,1.6786
9975,19:14:45.092,2065,0.0085,1.6641
9976,19:14:45.093,2070,0.0110,1.6681
9977,19:14:45.093,2077,0.0144,1.6738
9978,19:14:45.094,2065,0.0085,1.6641
9979,19:14:45.094,2083,0.0173,1.6786
9980,19:14:45.095,2059,0.0056,1.6593
9981,19:14:45.095,2084,0.0178,1.6794
9982,19:14:45.096,2084,0.0178,1.6794
9983,19:14:45.096,2055,0.0037,1.6560
9984,19:14:45.097,2067,0.0095,1.6657
9985,19:14:45.097,2065,0.0085,1.6641
9986,19:14:45.098,2087,0.0193,1.6818
9987,19:14:45.098,2069,0.0105,1.6673
9988,19:14:45.099,2075,0.0134,1.6722
9989,19:14:45.099,2082,0.0168,1.6778
9990,19:14:45.100,2071,0.0115,1.6689
9991,19:14:45.100,2091,0.0212,1.6851
9992,19:14:45.101,2062,0.0071,1.6617
9993,19:14:45.101,2090,0.0208,1.6842
9994,19:14:45.102,2095,0.0232,1.6883
9995,19:14:45.102,2060,0.0061,1.6601
9996,19:14:45.103,2070,0.0110,1.6681
9997,19:14:45.103,2072,0.0120,1.6697
9998,19:14:45.104,2093,0.0222,1.6867
9999,19:14:45.104,2076,0.0139,1.6730
10000,19:14:45.105,2073,0.0125,1.6705
10001,19:14:45.105,2086,0.0188,1.6810
10002,19:14:45.106,2073,0.0125,1.6705
10003,19:14:45.106,2092,0.0217,1.6859
10004,19:14:45.107,2069,0.0105,1.6673
10005,19:14:45.107,2088,0.0198,1.6826
10006,19:14:45.108,2093,0.0222,1.6867
10007,19:14:45.108,2068,0.0100,1.6665
10008,19:14:45.109,2071,0.0115,1.6689
10009,19:14:45.109,2074,0.0129,1.6714
10010,19:14:45.110,2094,0.0227,1.6875
10011,19:14:45.110,2076,0.0139,1.6730
10012,19:14:45.111,2073,0.0125,1.6705
10013,19:14:45.111,2089,0.0203,1.6834
10014,19:14:45.112,2078,0.0149,1.6746
10015,19:14:45.112,2088,0.0198,1.6826
10016,19:14:45.113,2072,0.0120,1.6697
10017,19:14:45.113,2090,0.0208,1.6842
10018,19:14:45.114,2098,0.0247,1.6907
10019,19:14:45.114,2069,0.0105,1.6673
10020,19:14:45.115,2069,0.0105,1.6673
10021,19:14:45.115,2077,0.0144,1.6738
10022,19:14:45.116,2095,0.0232,1.6883
10023,19:14:45.116,2078,0.0149,1.6746
10024,19:14:45.117,2078,0.0149,1.6746
10025,19:14:45.117,2083,0.0173,1.6786
10026,19:14:45.118,2081,0.0164,1.6770
10027,19:14:45.118,2089,0.0203,1.6834
10028,19:14:45.119,2076,0.0139,1.6730
10029,19:14:45.119,2086,0.0188,1.6810
10030,19:14:45.120,2096,0.0237,1.6891
10031,19:14:45.120,2070,0.0110,1.6681
10032,19:14:45.121,2067,0.0095,1.6657
10033,19:14:45.121,2073,0.0125,1.6705
10034,19:14:45.122,2093,0.0222,1.6867
10035,19:14:45.122,2082,0.0168,1.6778
10036,19:14:45.123,2074,0.0129,1.6714
10037,19:14:45.123,2084,0.0178,1.6794
10038,19:14:45.124,2081,0.0164,1.6770
10039,19:14:45.124,2085,0.0183,1.6802
10040,19:14:45.125,2075,0.0134,1.6722
10041,19:14:45.125,2087,0.0193,1.6818
10042,19:14:45.126,2090,0.0208,1.6842
10043,19:14:45.126,2070,0.0110,1.6681
10044,19:14:45.127,2062,0.0071,1.6617
10045,19:14:45.127,2071,0.0115,1.6689
10046,19:14:45.128,2088,0.0198,1.6826
10047,19:14:45.128,2082,0.0168,1.6778
10048,19:14:45.129,2073,0.0125,1.6705
10049,19:14:45.129,2077,0.0144,1.6738
10050,19:14:45.130,2076,0.0139,1.6730
10051,19:14:45.130,2086,0.0188,1.6810
10052,19:14:45.131,2074,0.0129,1.6714
10053,19:14:45.131,2084,0.0178,1.6794
10054,19:14:45.132,2087,0.0193,1.6818
10055,19:14:45.132,2069,0.0105,1.6673
10056,19:14:45.133,2064,0.0081,1.6633
10057,19:14:45.133,2072,0.0120,1.6697
10058,19:14:45.134,2082,0.0168,1.6778
10059,19:14:45.134,2078,0.0149,1.6746
10060,19:14:45.135,2075,0.0134,1.6722
10061,19:14:45.135,2076,0.0139,1.6730
10062,19:14:45.136,2080,0.0159,1.6762
10063,19:14:45.136,2076,0.0139,1.6730
10064,19:14:45.137,2068,0.0100,1.6665
10065,19:14:45.137,2085,0.0183,1.6802
10066,19:14:45.138,2079,0.0154,1.6754
10067,19:14:45.138,2065,0.0085,1.6641
10068,19:14:45.139,2055,0.0037,1.6560
10069,19:14:45.139,2067,0.0095,1.6657
10070,19:14:45.140,2073,0.0125,1.6705
10071,19:14:45.140,2078,0.0149,1.6746
10072,19:14:45.141,2069,0.0105,1.6673
10073,19:14:45.141,2069,0.0105,1.6673
10074,19:14:45.142,2073,0.0125,1.6705
10075,19:14:45.142,2072,0.0120,1.6697
10076,19:14:45.143,2066,0.0090,1.6649
10077,19:14:45.143,2078,0.0149,1.6746
10078,19:14:45.144,2078,0.0149,1.6746
10079,19:14:45.144,2057,0.0046,1.6577
10080,19:14:45.145,2054,0.0032,1.6552
10081,19:14:45.145,2065,0.0085,1.6641
10082,19:14:45.146,2068,0.0100,1.6665
10083,19:14:45.146,2072,0.0120,1.6697
10084,19:14:45.147,2067,0.0095,1.6657
10085,19:14:45.147,2065,0.0085,1.6641
10086,19:14:45.148,2075,0.0134,1.6722
10087,19:14:45.148,2063,0.0076,1.6625
10088,19:14:45.149,2062,0.0071,1.6617
10089,19:14:45.149,2075,0.0134,1.6722
10090,19:14:45.150,2070,0.0110,1.6681
10091,19:14:45.150,2054,0.0032,1.6552
10092,19:14:45.151,2049,0.0007,1.6512
10093,19:14:45.151,2062,0.0071,1.6617
10094,19:14:45.152,2065,0.0085,1.6641
10095,19:14:45.152,2067,0.0095,1.6657
10096,19:14:45.153,2062,0.0071,1.6617
10097,19:14:45.153,2059,0.0056,1.6593
10098,19:14:45.154,2071,0.0115,1.6689
10099,19:14:45.154,2064,0.0081,1.6633
10100,19:14:45.155,2057,0.0046,1.6577
10101,19:14:45.155,2069,0.0105,1.6673
10102,19:14:45.156,2071,0.0115,1.6689
10103,19:14:45.156,2053,0.0027,1.6544
10104,19:14:45.157,2050,0.0012,1.6520
10105,19:14:45.157,2062,0.0071,1.6617
10106,19:14:45.158,2059,0.0056,1.6593
10107,19:14:45.158,2064,0.0081,1.6633
10108,19:14:45.159,2064,0.0081,1.6633
10109,19:14:45.159,2057,0.0046,1.6577
10110,19:14:45.160,2074,0.0129,1.6714
10111,19:14:45.160,2059,0.0056,1.6593
10112,19:14:45.161,2060,0.0061,1.6601
10113,19:14:45.161,2072,0.0120,1.6697
10114,19:14:45.162,2072,0.0120,1.6697
10115,19:14:45.162,2056,0.0042,1.6568
10116,19:14:45.163,2043,-0.0022,1.6464
10117,19:14:45.163,2067,0.0095,1.6657
10118,19:14:45.164,2062,0.0071,1.6617
10119,19:14:45.164,2066,0.0090,1.6649
10120,19:14:45.165,2067,0.0095,1.6657
10121,19:14:45.165,2057,0.0046,1.6577
10122,19:14:45.166,2071,0.0115,1.6689
10123,19:14:45.166,2061,0.0066,1.6609
10124,19:14:45.167,2061,0.0066,1.6609
10125,19:14:45.167,2073,0.0125,1.6705
10126,19:14:45.168,2072,0.0120,1.6697
10127,19:14:45.168,2055,0.0037,1.6560
10128,19:14:45.169,2049,0.0007,1.6512
10129,19:14:45.169,2068,0.0100,1.6665
10130,19:14:45.170,2066,0.0090,1.6649
10131,19:14:45.170,2063,0.0076,1.6625
10132,19:14:45.171,2069,0.0105,1.6673
10133,19:14:45.171,2055,0.0037,1.6560
10134,19:14:45.172,2076,0.0139,1.6730
10135,19:14:45.172,2065,0.0085,1.6641
10136,19:14:45.173,2056,0.0042,1.6568
10137,19:14:45.173,2075,0.0134,1.6722
10138,19:14:45.174,2075,0.0134,1.6722
10139,19:14:45.174,2054,0.0032,1.6552
10140,19:14:45.175,2044,-0.0017,1.6472
10141,19:14:45.175,2073,0.0125,1.6705
10142,19:14:45.176,2069,0.0105,1.6673
10143,19:14:45.176,2065,0.0085,1.6641
10144,19:14:45.177,2066,0.0090,1.6649
10145,19:14:45.177,2053,0.0027,1.6544
10146,19:14:45.178,2075,0.0134,1.6722
10147,19:14:45.178,2064,0.0081,1.6633
10148,19:14:45.179,2063,0.0076,1.6625
10149,19:14:45.179,2074,0.0129,1.6714
10150,19:14:45.180,2071,0.0115,1.6689
10151,19:14:45.180,2054,0.0032,1.6552
10152,19:14:45.181,2051,0.0017,1.6528
10153,19:14:45.181,2072,0.0120,1.6697
10154,19:14:45.182,2065,0.0085,1.6641
10155,19:14:45.182,2061,0.0066,1.6609
10156,19:14:45.183,2071,0.0115,1.6689
10157,19:14:45.183,2055,0.0037,1.6560
10158,19:14:45.184,2073,0.0125,1.6705
10159,19:14:45.184,2068,0.0100,1.6665
10160,19:14:45.185,2058,0.0051,1.6585
10161,19:14:45.185,2076,0.0139,1.6730
10162,19:14:45.186,2075,0.0134,1.6722
10163,19:14:45.186,2060,0.0061,1.6601
10164,19:14:45.187,2045,-0.0012,1.6480
10165,19:14:45.187,2071,0.0115,1.6689
10166,19:14:45.188,2066,0.0090,1.6649
10167,19:14:45.188,2065,0.0085,1.6641
10168,19:14:45.189,2070,0.0110,1.6681
10169,19:14:45.189,2057,0.0046,1.6577
10170,19:14:45.190,2071,0.0115,1.6689
10171,19:14:45.190,2069,0.0105,1.6673
10172,19:14:45.191,2061,0.0066,1.6609
10173,19:14:45.191,2079,0.0154,1.6754
10174,19:14:45.192,2077,0.0144,1.6738
10175,19:14:45.192,2057,0.0046,1.6577
10176,19:14:45.193,2049,0.0007,1.6512
10177,19:14:45.193,2072,0.0120,1.6697
10178,19:14:45.194,2067,0.0095,1.6657
10179,19:14:45.194,2061,0.0066,1.6609
10180,19:14:45.195,2074,0.0129,1.6714
10181,19:14:45.195,2060,0.0061,1.6601
10182,19:14:45.196,2073,0.0125,1.6705
10183,19:14:45.196,2071,0.0115,1.6689
10184,19:14:45.197,2059,0.0056,1.6593
10185,19:14:45.197,2078,0.0149,1.6746
10186,19:14:45.198,2074,0.0129,1.6714
10187,19:14:45.198,2061,0.0066,1.6609
10188,19:14:45.199,2044,-0.0017,1.6472
10189,19:14:45.199,2076,0.0139,1.6730
10190,19:14:45.200,2071,0.0115,1.6689
10191,19:14:45.200,2065,0.0085,1.6641
10192,19:14:45.201,2073,0.0125,1.6705
10193,19:14:45.201,2057,0.0046,1.6577
10194,19:14:45.202,2069,0.0105,1.6673
10195,19:14:45.202,2072,0.0120,1.6697
10196,19:14:45.203,2063,0.0076,1.6625
10197,19:14:45.203,2079,0.0154,1.6754
10198,19:14:45.204,2076,0.0139,1.6730
10199,19:14:45.204,2062,0.0071,1.6617
10200,19:14:45.205,2054,0.0032,1.6552
10201,19:14:45.205,2076,0.0139,1.6730
10202,19:14:45.206,2068,0.0100,1.6665
10203,19:14:45.206,2060,0.0061,1.6601
10204,19:14:45.207,2077,0.0144,1.6738
10205,19:14:45.207,2062,0.0071,1.6617
10206,19:14:45.208,2072,0.0120,1.6697
10207,19:14:45.208,2071,0.0115,1.6689
10208,19:14:45.209,2066,0.0090,1.6649
10209,19:14:45.209,2083,0.0173,1.6786
10210,19:14:45.210,2079,0.0154,1.6754
10211,19:14:45.210,2063,0.0076,1.6625
10212,19:14:45.211,2046,-0.0007,1.6488
10213,19:14:45.211,2077,0.0144,1.6738
10214,19:14:45.212,2074,0.0129,1.6714
10215,19:14:45.212,2068,0.0100,1.6665
10216,19:14:45.213,2076,0.0139,1.6730
10217,19:14:45.213,2064,0.0081,1.6633
10218,19:14:45.214,2074,0.0129,1.6714
10219,19:14:45.214,2075,0.0134,1.6722
10220,19:14:45.215,2067,0.0095,1.6657
10221,19:14:45.215,2080,0.0159,1.6762
10222,19:14:45.216,2076,0.0139,1.6730
10223,19:14:45.216,2067,0.0095,1.6657
10224,19:14:45.217,2057,0.0046,1.6577
10225,19:14:45.217,2074,0.0129,1.6714
10226,19:14:45.218,2076,0.0139,1.6730
10227,19:14:45.218,2062,0.0071,1.6617
10228,19:14:45.219,2081,0.0164,1.6770
10229,19:14:45.219,2067,0.0095,1.6657
10230,19:14:45.220,2074,0.0129,1.6714
10231,19:14:45.220,2072,0.0120,1.6697
10232,19:14:45.221,2069,0.0105,1.6673
10233,19:14:45.221,2086,0.0188,1.6810
10234,19:14:45.222,2082,0.0168,1.6778
10235,19:14:45.222,2063,0.0076,1.6625
10236,19:14:45.223,2046,-0.0007,1.6488
10237,19:14:45.223,2080,0.0159,1.6762
10238,19:14:45.224,2079,0.0154,1.6754
10239,19:14:45.224,2072,0.0120,1.6697
10240,19:14:45.225,2071,0.0115,1.6689
10241,19:14:45.225,2066,0.0090,1.6649
10242,19:14:45.226,2077,0.0144,1.6738
10243,19:14:45.226,2077,0.0144,1.6738
10244,19:14:45.227,2068,0.0100,1.6665
10245,19:14:45.227,2078,0.0149,1.6746
10246,19:14:45.228,2081,0.0164,1.6770
10247,19:14:45.228,2068,0.0100,1.6665
10248,19:14:45.229,2064,0.0081,1.6633
10249,19:14:45.229,2078,0.0149,1.6746
10250,19:14:45.230,2079,0.0154,1.6754
10251,19:14:45.230,2066,0.0090,1.6649
10252,19:14:45.231,2082,0.0168,1.6778
10253,19:14:45.231,2071,0.0115,1.6689
10254,19:14:45.232,2077,0.0144,1.6738
10255,19:14:45.232,2069,0.0105,1.6673
10256,19:14:45.233,2069,0.0105,1.6673
10257,19:14:45.233,2085,0.0183,1.6802
10258,19:14:45.234,2081,0.0164,1.6770
10259,19:14:45.234,2067,0.0095,1.6657
10260,19:14:45.235,2055,0.0037,1.6560
10261,19:14:45.235,2078,0.0149,1.6746
10262,19:14:45.236,2081,0.0164,1.6770
10263,19:14:45.236,2073,0.0125,1.6705
10264,19:14:45.237,2074,0.0129,1.6714
10265,19:14:45.237,2069,0.0105,1.6673
10266,19:14:45.238,2076,0.0139,1.6730
10267,19:14:45.238,2078,0.0149,1.6746
10268,19:14:45.239,2068,0.0100,1.6665
10269,19:14:45.239,2077,0.0144,1.6738
10270,19:14:45.240,2085,0.0183,1.6802
10271,19:14:45.240,2064,0.0081,1.6633
10272,19:14:45.241,2062,0.0071,1.6617
10273,19:14:45.241,2080,0.0159,1.6762
10274,19:14:45.242,2074,0.0129,1.6714
10275,19:14:45.242,2071,0.0115,1.6689
10276,19:14:45.243,2084,0.0178,1.6794
10277,19:14:45.243,2076,0.0139,1.6730
10278,19:14:45.244,2074,0.0129,1.6714
10279,19:14:45.244,2064,0.0081,1.6633
10280,19:14:45.245,2069,0.0105,1.6673
10281,19:14:45.245,2093,0.0222,1.6867
10282,19:14:45.246,2091,0.0212,1.6851
10283,19:14:45.246,2054,0.0032,1.6552
10284,19:14:45.247,2059,0.0056,1.6593
10285,19:14:45.247,2086,0.0188,1.6810
10286,19:14:45.248,2085,0.0183,1.6802
10287,19:14:45.248,2070,0.0110,1.6681
10288,19:14:45.249,2068,0.0100,1.6665
10289,19:14:45.249,2077,0.0144,1.6738
10290,19:14:45.250,2089,0.0203,1.6834
10291,19:14:45.250,2075,0.0134,1.6722
10292,19:14:45.251,2066,0.0090,1.6649
10293,19:14:45.251,2079,0.0154,1.6754
10294,19:14:45.252,2086,0.0188,1.6810
10295,19:14:45.252,2071,0.0115,1.6689
10296,19:14:45.253,2066,0.0090,1.6649
10297,19:14:45.253,2082,0.0168,1.6778
10298,19:14:45.254,2075,0.0134,1.6722
10299,19:14:45.254,2072,0.0120,1.6697
10300,19:14:45.255,2072,0.0120,1.6697
10301,19:14:45.255,2083,0.0173,1.6786
10302,19:14:45.256,2081,0.0164,1.6770
10303,19:14:45.256,2063,0.0076,1.6625
10304,19:14:45.257,2064,0.0081,1.6633
10305,19:14:45.257,2087,0.0193,1.6818
10306,19:14:45.258,2088,0.0198,1.6826
10307,19:14:45.258,2064,0.0081,1.6633
10308,19:14:45.259,2062,0.0071,1.6617
10309,19:14:45.259,2082,0.0168,1.6778
10310,19:14:45.260,2086,0.0188,1.6810
10311,19:14:45.260,2068,0.0100,1.6665
10312,19:14:45.261,2057,0.0046,1.6577
10313,19:14:45.261,2075,0.0134,1.6722
10314,19:14:45.262,2085,0.0183,1.6802
10315,19:14:45.262,2070,0.0110,1.6681
10316,19:14:45.263,2061,0.0066,1.6609
10317,19:14:45.263,2073,0.0125,1.6705
10318,19:14:45.264,2083,0.0173,1.6786
10319,19:14:45.264,2074,0.0129,1.6714
10320,19:14:45.265,2069,0.0105,1.6673
10321,19:14:45.265,2075,0.0134,1.6722
10322,19:14:45.266,2076,0.0139,1.6730
10323,19:14:45.266,2067,0.0095,1.6657
10324,19:14:45.267,2062,0.0071,1.6617
10325,19:14:45.267,2070,0.0110,1.6681
10326,19:14:45.268,2078,0.0149,1.6746
10327,19:14:45.268,2066,0.0090,1.6649
10328,19:14:45.269,2064,0.0081,1.6633
10329,19:14:45.269,2075,0.0134,1.6722
10330,19:14:45.270,2080,0.0159,1.6762
10331,19:14:45.270,2064,0.0081,1.6633
10332,19:14:45.271,2059,0.0056,1.6593
10333,19:14:45.271,2069,0.0105,1.6673
10334,19:14:45.272,2078,0.0149,1.6746
10335,19:14:45.272,2066,0.0090,1.6649
10336,19:14:45.273,2060,0.0061,1.6601
10337,19:14:45.273,2065,0.0085,1.6641
10338,19:14:45.274,2079,0.0154,1.6754
10339,19:14:45.274,2066,0.0090,1.6649
10340,19:14:45.275,2056,0.0042,1.6568
10341,19:14:45.275,2069,0.0105,1.6673
10342,19:14:45.276,2076,0.0139,1.6730
10343,19:14:45.276,2068,0.0100,1.6665
10344,19:14:45.277,2064,0.0081,1.6633
10345,19:14:45.277,2069,0.0105,1.6673
10346,19:14:45.278,2073,0.0125,1.6705
10347,19:14:45.278,2065,0.0085,1.6641
10348,19:14:45.279,2062,0.0071,1.6617
10349,19:14:45.279,2066,0.0090,1.6649
10350,19:14:45.280,2073,0.0125,1.6705
10351,19:14:45.280,2066,0.0090,1.6649
10352,19:14:45.281,2059,0.0056,1.6593
10353,19:14:45.281,2067,0.0095,1.6657
10354,19:14:45.282,2073,0.0125,1.6705
10355,19:14:45.282,2065,0.0085,1.6641
10356,19:14:45.283,2062,0.0071,1.6617
10357,19:14:45.283,2063,0.0076,1.6625
10358,19:14:45.284,2074,0.0129,1.6714
10359,19:14:45.284,2067,0.0095,1.6657
10360,19:14:45.285,2057,0.0046,1.6577
10361,19:14:45.285,2064,0.0081,1.6633
10362,19:14:45.286,2073,0.0125,1.6705
10363,19:14:45.286,2068,0.0100,1.6665
10364,19:14:45.287,2058,0.0051,1.6585
10365,19:14:45.287,2067,0.0095,1.6657
10366,19:14:45.288,2072,0.0120,1.6697
10367,19:14:45.288,2065,0.0085,1.6641
10368,19:14:45.289,2061,0.0066,1.6609
10369,19:14:45.289,2063,0.0076,1.6625
10370,19:14:45.290,2072,0.0120,1.6697
10371,19:14:45.290,2066,0.0090,1.6649
10372,19:14:45.291,2062,0.0071,1.6617
10373,19:14:45.291,2064,0.0081,1.6633
10374,19:14:45.292,2071,0.0115,1.6689
10375,19:14:45.292,2063,0.0076,1.6625
10376,19:14:45.293,2058,0.0051,1.6585
10377,19:14:45.293,2068,0.0100,1.6665
10378,19:14:45.294,2073,0.0125,1.6705
10379,19:14:45.294,2071,0.0115,1.6689
10380,19:14:45.295,2064,0.0081,1.6633
10381,19:14:45.295,2063,0.0076,1.6625
10382,19:14:45.296,2073,0.0125,1.6705
10383,19:14:45.296,2068,0.0100,1.6665
10384,19:14:45.297,2061,0.0066,1.6609
10385,19:14:45.297,2068,0.0100,1.6665
10386,19:14:45.298,2072,0.0120,1.6697
10387,19:14:45.298,2066,0.0090,1.6649
10388,19:14:45.299,2064,0.0081,1.6633
10389,19:14:45.299,2070,0.0110,1.6681
10390,19:14:45.300,2068,0.0100,1.6665
10391,19:14:45.300,2071,0.0115,1.6689
10392,19:14:45.301,2068,0.0100,1.6665
10393,19:14:45.301,2070,0.0110,1.6681
10394,19:14:45.302,2073,0.0125,1.6705
10395,19:14:45.302,2066,0.0090,1.6649
10396,19:14:45.303,2067,0.0095,1.6657
10397,19:14:45.303,2072,0.0120,1.6697
10398,19:14:45.304,2074,0.0129,1.6714
10399,19:14:45.304,2066,0.0090,1.6649
10400,19:14:45.305,2067,0.0095,1.6657
10401,19:14:45.305,2070,0.0110,1.6681
10402,19:14:45.306,2071,0.0115,1.6689
10403,19:14:45.306,2072,0.0120,1.6697
10404,19:14:45.307,2069,0.0105,1.6673
10405,19:14:45.307,2066,0.0090,1.6649
10406,19:14:45.308,2073,0.0125,1.6705
10407,19:14:45.308,2070,0.0110,1.6681
10408,19:14:45.309,2068,0.0100,1.6665
10409,19:14:45.309,2072,0.0120,1.6697
10410,19:14:45.310,2071,0.0115,1.6689
10411,19:14:45.310,2070,0.0110,1.6681
10412,19:14:45.311,2066,0.0090,1.6649
10413,19:14:45.311,2069,0.0105,1.6673
10414,19:14:45.312,2074,0.0129,1.6714
10415,19:14:45.312,2072,0.0120,1.6697
10416,19:14:45.313,2070,0.0110,1.6681
10417,19:14:45.313,2070,0.0110,1.6681
10418,19:14:45.314,2071,0.0115,1.6689
10419,19:14:45.314,2069,0.0105,1.6673
10420,19:14:45.315,2068,0.0100,1.6665
10421,19:14:45.315,2071,0.0115,1.6689
10422,19:14:45.316,2071,0.0115,1.6689
10423,19:14:45.316,2068,0.0100,1.6665
10424,19:14:45.317,2069,0.0105,1.6673
10425,19:14:45.317,2068,0.0100,1.6665
10426,19:14:45.318,2072,0.0120,1.6697
10427,19:14:45.318,2067,0.0095,1.6657
10428,19:14:45.319,2070,0.0110,1.6681
10429,19:14:45.319,2069,0.0105,1.6673
10430,19:14:45.320,2072,0.0120,1.6697
10431,19:14:45.320,2070,0.0110,1.6681
10432,19:14:45.321,2068,0.0100,1.6665
10433,19:14:45.321,2074,0.0129,1.6714
10434,19:14:45.322,2071,0.0115,1.6689
10435,19:14:45.322,2069,0.0105,1.6673
10436,19:14:45.323,2070,0.0110,1.6681
10437,19:14:45.323,2072,0.0120,1.6697
10438,19:14:45.324,2074,0.0129,1.6714
10439,19:14:45.324,2070,0.0110,1.6681
10440,19:14:45.325,2069,0.0105,1.6673
10441,19:14:45.325,2074,0.0129,1.6714
10442,19:14:45.326,2073,0.0125,1.6705
10443,19:14:45.326,2067,0.0095,1.6657
10444,19:14:45.327,2068,0.0100,1.6665
10445,19:14:45.327,2071,0.0115,1.6689
10446,19:14:45.328,2074,0.0129,1.6714
10447,19:14:45.328,2070,0.0110,1.6681
10448,19:14:45.329,2070,0.0110,1.6681
10449,19:14:45.329,2067,0.0095,1.6657
10450,19:14:45.330,2070,0.0110,1.6681
10451,19:14:45.330,2069,0.0105,1.6673
10452,19:14:45.331,2069,0.0105,1.6673
10453,19:14:45.331,2073,0.0125,1.6705
10454,19:14:45.332,2072,0.0120,1.6697
10455,19:14:45.332,2065,0.0085,1.6641
10456,19:14:45.333,2072,0.0120,1.6697
10457,19:14:45.333,2075,0.0134,1.6722
10458,19:14:45.334,2074,0.0129,1.6714
10459,19:14:45.334,2069,0.0105,1.6673
10460,19:14:45.335,2069,0.0105,1.6673
10461,19:14:45.335,2070,0.0110,1.6681
10462,19:14:45.336,2072,0.0120,1.6697
10463,19:14:45.336,2070,0.0110,1.6681
10464,19:14:45.337,2069,0.0105,1.6673
10465,19:14:45.337,2075,0.0134,1.6722
10466,19:14:45.338,2072,0.0120,1.6697
10467,19:14:45.338,2067,0.0095,1.6657
10468,19:14:45.339,2069,0.0105,1.6673
10469,19:14:45.339,2071,0.0115,1.6689
10470,19:14:45.340,2075,0.0134,1.6722
10471,19:14:45.340,2068,0.0100,1.6665
10472,19:14:45.341,2072,0.0120,1.6697
10473,19:14:45.341,2073,0.0125,1.6705
10474,19:14:45.342,2075,0.0134,1.6722
10475,19:14:45.342,2071,0.0115,1.6689
10476,19:14:45.343,2072,0.0120,1.6697
10477,19:14:45.343,2075,0.0134,1.6722
10478,19:14:45.344,2076,0.0139,1.6730
10479,19:14:45.344,2069,0.0105,1.6673
10480,19:14:45.345,2071,0.0115,1.6689
10481,19:14:45.345,2077,0.0144,1.6738
10482,19:14:45.346,2075,0.0134,1.6722
10483,19:14:45.346,2072,0.0120,1.6697
10484,19:14:45.347,2071,0.0115,1.6689
10485,19:14:45.347,2074,0.0129,1.6714
10486,19:14:45.348,2076,0.0139,1.6730
10487,19:14:45.348,2073,0.0125,1.6705
10488,19:14:45.349,2069,0.0105,1.6673
10489,19:14:45.349,2073,0.0125,1.6705
10490,19:14:45.350,2080,0.0159,1.6762
10491,19:14:45.350,2074,0.0129,1.6714
10492,19:14:45.351,2074,0.0129,1.6714
10493,19:14:45.351,2077,0.0144,1.6738
10494,19:14:45.352,2075,0.0134,1.6722
10495,19:14:45.352,2076,0.0139,1.6730
10496,19:14:45.353,2071,0.0115,1.6689
10497,19:14:45.353,2078,0.0149,1.6746
10498,19:14:45.354,2078,0.0149,1.6746
10499,19:14:45.354,2071,0.0115,1.6689
10500,19:14:45.355,2074,0.0129,1.6714
10501,19:14:45.355,2085,0.0183,1.6802
10502,19:14:45.356,2079,0.0154,1.6754
10503,19:14:45.356,2068,0.0100,1.6665
10504,19:14:45.357,2069,0.0105,1.6673
10505,19:14:45.357,2085,0.0183,1.6802
10506,19:14:45.358,2072,0.0120,1.6697
10507,19:14:45.358,2081,0.0164,1.6770
10508,19:14:45.359,2088,0.0198,1.6826
10509,19:14:45.359,2068,0.0100,1.6665
10510,19:14:45.360,2097,0.0242,1.6899
10511,19:14:45.360,2067,0.0095,1.6657
10512,19:14:45.361,2063,0.0076,1.6625
10513,19:14:45.361,2104,0.0276,1.6955
10514,19:14:45.362,2078,0.0149,1.6746
10515,19:14:45.362,2092,0.0217,1.6859
10516,19:14:45.363,2073,0.0125,1.6705
10517,19:14:45.363,2082,0.0168,1.6778
10518,19:14:45.364,2092,0.0217,1.6859
10519,19:14:45.364,2090,0.0208,1.6842
10520,19:14:45.365,2105,0.0281,1.6963
10521,19:14:45.365,2065,0.0085,1.6641
10522,19:14:45.366,2093,0.0222,1.6867
10523,19:14:45.366,2101,0.0261,1.6931
10524,19:14:45.367,2074,0.0129,1.6714
10525,19:14:45.367,2104,0.0276,1.6955
10526,19:14:45.368,2083,0.0173,1.6786
10527,19:14:45.368,2095,0.0232,1.6883
10528,19:14:45.369,2081,0.0164,1.6770
10529,19:14:45.369,2108,0.0295,1.6988
10530,19:14:45.370,2098,0.0247,1.6907
10531,19:14:45.370,2084,0.0178,1.6794
10532,19:14:45.371,2107,0.0291,1.6979
10533,19:14:45.371,2077,0.0144,1.6738
10534,19:14:45.372,2117,0.0339,1.7060
10535,19:14:45.372,2108,0.0295,1.6988
10536,19:14:45.373,2074,0.0129,1.6714
10537,19:14:45.373,2101,0.0261,1.6931
10538,19:14:45.374,2087,0.0193,1.6818
10539,19:14:45.374,2112,0.0315,1.7020
10540,19:14:45.375,2093,0.0222,1.6867
10541,19:14:45.375,2095,0.0232,1.6883
10542,19:14:45.376,2097,0.0242,1.6899
10543,19:14:45.376,2071,0.0115,1.6689
10544,19:14:45.377,2121,0.0359,1.7092
10545,19:14:45.377,2089,0.0203,1.6834
10546,19:14:45.378,2099,0.0252,1.6915
10547,19:14:45.378,2102,0.0266,1.6939
10548,19:14:45.379,2074,0.0129,1.6714
10549,19:14:45.379,2101,0.0261,1.6931
10550,19:14:45.380,2092,0.0217,1.6859
10551,19:14:45.380,2111,0.0310,1.7012
10552,19:14:45.381,2074,0.0129,1.6714
10553,19:14:45.381,2079,0.0154,1.6754
10554,19:14:45.382,2075,0.0134,1.6722
10555,19:14:45.382,2052,0.0022,1.6536
10556,19:14:45.383,2107,0.0291,1.6979
10557,19:14:45.383,2077,0.0144,1.6738
10558,19:14:45.384,2097,0.0242,1.6899
10559,19:14:45.384,2104,0.0276,1.6955
10560,19:14:45.385,2061,0.0066,1.6609
10561,19:14:45.385,2071,0.0115,1.6689
10562,19:14:45.386,2061,0.0066,1.6609
10563,19:14:45.386,2084,0.0178,1.6794
10564,19:14:45.387,2073,0.0125,1.6705
10565,19:14:45.387,2090,0.0208,1.6842
10566,19:14:45.388,2096,0.0237,1.6891
10567,19:14:45.388,2052,0.0022,1.6536
10568,19:14:45.389,2077,0.0144,1.6738
10569,19:14:45.389,2055,0.0037,1.6560
10570,19:14:45.390,2072,0.0120,1.6697
10571,19:14:45.390,2088,0.0198,1.6826
10572,19:14:45.391,2062,0.0071,1.6617
10573,19:14:45.391,2068,0.0100,1.6665
10574,19:14:45.392,2054,0.0032,1.6552
10575,19:14:45.392,2080,0.0159,1.6762
10576,19:14:45.393,2049,0.0007,1.6512
10577,19:14:45.393,2070,0.0110,1.6681
10578,19:14:45.394,2081,0.0164,1.6770
10579,19:14:45.394,2044,-0.0017,1.6472
10580,19:14:45.395,2087,0.0193,1.6818
10581,19:14:45.395,2056,0.0042,1.6568
10582,19:14:45.396,2056,0.0042,1.6568
10583,19:14:45.396,2071,0.0115,1.6689
10584,19:14:45.397,2049,0.0007,1.6512
10585,19:14:45.397,2059,0.0056,1.6593
10586,19:14:45.398,2054,0.0032,1.6552
10587,19:14:45.398,2078,0.0149,1.6746
10588,19:14:45.399,2054,0.0032,1.6552
10589,19:14:45.399,2058,0.0051,1.6585
10590,19:14:45.400,2075,0.0134,1.6722
10591,19:14:45.400,2035,-0.0061,1.6399
10592,19:14:45.401,2071,0.0115,1.6689
10593,19:14:45.401,2057,0.0046,1.6577
10594,19:14:45.402,2057,0.0046,1.6577
10595,19:14:45.402,2073,0.0125,1.6705
10596,19:14:45.403,2057,0.0046,1.6577
10597,19:14:45.403,2060,0.0061,1.6601
10598,19:14:45.404,2037,-0.0051,1.6415
10599,19:14:45.404,2071,0.0115,1.6689
10600,19:14:45.405,2053,0.0027,1.6544
10601,19:14:45.405,2064,0.0081,1.6633
10602,19:14:45.406,2082,0.0168,1.6778
10603,19:14:45.406,2039,-0.0042,1.6432
10604,19:14:45.407,2070,0.0110,1.6681
10605,19:14:45.407,2057,0.0046,1.6577
10606,19:14:45.408,2054,0.0032,1.6552
10607,19:14:45.408,2074,0.0129,1.6714
10608,19:14:45.409,2065,0.0085,1.6641
10609,19:14:45.409,2068,0.0100,1.6665
10610,19:14:45.410,2043,-0.0022,1.6464
10611,19:14:45.410,2073,0.0125,1.6705
10612,19:14:45.411,2055,0.0037,1.6560
10613,19:14:45.411,2061,0.0066,1.6609
10614,19:14:45.412,2081,0.0164,1.6770
10615,19:14:45.412,2045,-0.0012,1.6480
10616,19:14:45.413,2076,0.0139,1.6730
10617,19:14:45.413,2064,0.0081,1.6633
10618,19:14:45.414,2052,0.0022,1.6536
10619,19:14:45.414,2069,0.0105,1.6673
10620,19:14:45.415,2061,0.0066,1.6609
10621,19:14:45.415,2069,0.0105,1.6673
10622,19:14:45.416,2049,0.0007,1.6512
10623,19:14:45.416,2075,0.0134,1.6722
10624,19:14:45.417,2065,0.0085,1.6641
10625,19:14:45.417,2052,0.0022,1.6536
10626,19:14:45.418,2082,0.0168,1.6778
10627,19:14:45.418,2051,0.0017,1.6528
10628,19:14:45.419,2069,0.0105,1.6673
10629,19:14:45.419,2067,0.0095,1.6657
10630,19:14:45.420,2056,0.0042,1.6568
10631,19:14:45.420,2072,0.0120,1.6697
10632,19:14:45.421,2064,0.0081,1.6633
10633,19:14:45.421,2070,0.0110,1.6681
10634,19:14:45.422,2052,0.0022,1.6536
10635,19:14:45.422,2071,0.0115,1.6689
10636,19:14:45.423,2065,0.0085,1.6641
10637,19:14:45.423,2056,0.0042,1.6568
10638,19:14:45.424,2082,0.0168,1.6778
10639,19:14:45.424,2049,0.0007,1.6512
10640,19:14:45.425,2064,0.0081,1.6633
10641,19:14:45.425,2070,0.0110,1.6681
10642,19:14:45.426,2062,0.0071,1.6617
10643,19:14:45.426,2077,0.0144,1.6738
10644,19:14:45.427,2072,0.0120,1.6697
10645,19:14:45.427,2078,0.0149,1.6746
10646,19:14:45.428,2052,0.0022,1.6536
10647,19:14:45.428,2067,0.0095,1.6657
10648,19:14:45.429,2069,0.0105,1.6673
10649,19:14:45.429,2052,0.0022,1.6536
10650,19:14:45.430,2078,0.0149,1.6746
10651,19:14:45.430,2062,0.0071,1.6617
10652,19:14:45.431,2072,0.0120,1.6697
10653,19:14:45.431,2071,0.0115,1.6689
10654,19:14:45.432,2061,0.0066,1.6609
10655,19:14:45.432,2066,0.0090,1.6649
10656,19:14:45.433,2055,0.0037,1.6560
10657,19:14:45.433,2075,0.0134,1.6722
10658,19:14:45.434,2057,0.0046,1.6577
10659,19:14:45.434,2074,0.0129,1.6714
10660,19:14:45.435,2073,0.0125,1.6705
10661,19:14:45.435,2060,0.0061,1.6601
10662,19:14:45.436,2073,0.0125,1.6705
10663,19:14:45.436,2058,0.0051,1.6585
10664,19:14:45.437,2064,0.0081,1.6633
10665,19:14:45.437,2075,0.0134,1.6722
10666,19:14:45.438,2070,0.0110,1.6681
10667,19:14:45.438,2071,0.0115,1.6689
10668,19:14:45.439,2062,0.0071,1.6617
10669,19:14:45.439,2074,0.0129,1.6714
10670,19:14:45.440,2055,0.0037,1.6560
10671,19:14:45.440,2066,0.0090,1.6649
10672,19:14:45.441,2078,0.0149,1.6746
10673,19:14:45.441,2068,0.0100,1.6665
10674,19:14:45.442,2076,0.0139,1.6730
10675,19:14:45.442,2064,0.0081,1.6633
10676,19:14:45.443,2064,0.0081,1.6633
10677,19:14:45.443,2076,0.0139,1.6730
10678,19:14:45.444,2072,0.0120,1.6697
10679,19:14:45.444,2072,0.0120,1.6697
10680,19:14:45.445,2064,0.0081,1.6633
10681,19:14:45.445,2077,0.0144,1.6738
10682,19:14:45.446,2066,0.0090,1.6649
10683,19:14:45.446,2066,0.0090,1.6649
10684,19:14:45.447,2078,0.0149,1.6746
10685,19:14:45.447,2065,0.0085,1.6641
10686,19:14:45.448,2077,0.0144,1.6738
10687,19:14:45.448,2072,0.0120,1.6697
10688,19:14:45.449,2068,0.0100,1.6665
10689,19:14:45.449,2070,0.0110,1.6681
10690,19:14:45.450,2079,0.0154,1.6754
10691,19:14:45.450,2076,0.0139,1.6730
10692,19:14:45.451,2060,0.0061,1.6601
10693,19:14:45.451,2074,0.0129,1.6714
10694,19:14:45.452,2067,0.0095,1.6657
10695,19:14:45.452,2062,0.0071,1.6617
10696,19:14:45.453,2083,0.0173,1.6786
10697,19:14:45.453,2071,0.0115,1.6689
10698,19:14:45.454,2070,0.0110,1.6681
10699,19:14:45.454,2073,0.0125,1.6705
10700,19:14:45.455,2063,0.0076,1.6625
10701,19:14:45.455,2073,0.0125,1.6705
10702,19:14:45.456,2080,0.0159,1.6762
10703,19:14:45.456,2078,0.0149,1.6746
10704,19:14:45.457,2062,0.0071,1.6617
10705,19:14:45.457,2075,0.0134,1.6722
10706,19:14:45.458,2071,0.0115,1.6689
10707,19:14:45.458,2063,0.0076,1.6625
10708,19:14:45.459,2079,0.0154,1.6754
10709,19:14:45.459,2072,0.0120,1.6697
10710,19:14:45.460,2074,0.0129,1.6714
10711,19:14:45.460,2077,0.0144,1.6738
10712,19:14:45.461,2068,0.0100,1.6665
10713,19:14:45.461,2066,0.0090,1.6649
10714,19:14:45.462,2077,0.0144,1.6738
10715,19:14:45.462,2084,0.0178,1.6794
10716,19:14:45.463,2060,0.0061,1.6601
10717,19:14:45.463,2075,0.0134,1.6722
10718,19:14:45.464,2074,0.0129,1.6714
10719,19:14:45.464,2059,0.0056,1.6593
10720,19:14:45.465,2077,0.0144,1.6738
10721,19:14:45.465,2076,0.0139,1.6730
10722,19:14:45.466,2070,0.0110,1.6681
10723,19:14:45.466,2078,0.0149,1.6746
10724,19:14:45.467,2068,0.0100,1.6665
10725,19:14:45.467,2062,0.0071,1.6617
10726,19:14:45.468,2074,0.0129,1.6714
10727,19:14:45.468,2082,0.0168,1.6778
10728,19:14:45.469,2064,0.0081,1.6633
10729,19:14:45.469,2072,0.0120,1.6697
10730,19:14:45.470,2075,0.0134,1.6722
10731,19:14:45.470,2062,0.0071,1.6617
10732,19:14:45.471,2075,0.0134,1.6722
10733,19:14:45.471,2078,0.0149,1.6746
10734,19:14:45.472,2063,0.0076,1.6625
10735,19:14:45.472,2075,0.0134,1.6722
10736,19:14:45.473,2069,0.0105,1.6673
10737,19:14:45.473,2062,0.0071,1.6617
10738,19:14:45.474,2072,0.0120,1.6697
10739,19:14:45.474,2080,0.0159,1.6762
10740,19:14:45.475,2060,0.0061,1.6601
10741,19:14:45.475,2068,0.0100,1.6665
10742,19:14:45.476,2075,0.0134,1.6722
10743,19:14:45.476,2059,0.0056,1.6593
10744,19:14:45.477,2068,0.0100,1.6665
10745,19:14:45.477,2077,0.0144,1.6738
10746,19:14:45.478,2062,0.0071,1.6617
10747,19:14:45.478,2074,0.0129,1.6714
10748,19:14:45.479,2069,0.0105,1.6673
10749,19:14:45.479,2059,0.0056,1.6593
10750,19:14:45.480,2071,0.0115,1.6689
10751,19:14:45.480,2076,0.0139,1.6730
10752,19:14:45.481,2062,0.0071,1.6617
10753,19:14:45.481,2060,0.0061,1.6601
10754,19:14:45.482,2077,0.0144,1.6738
10755,19:14:45.482,2058,0.0051,1.6585
10756,19:14:45.483,2067,0.0095,1.6657
10757,19:14:45.483,2079,0.0154,1.6754
10758,19:14:45.484,2061,0.0066,1.6609
10759,19:14:45.484,2072,0.0120,1.6697
10760,19:14:45.485,2073,0.0125,1.6705
10761,19:14:45.485,2056,0.0042,1.6568
10762,19:14:45.486,2065,0.0085,1.6641
10763,19:14:45.486,2077,0.0144,1.6738
10764,19:14:45.487,2066,0.0090,1.6649
10765,19:14:45.487,2057,0.0046,1.6577
10766,19:14:45.488,2076,0.0139,1.6730
10767,19:14:45.488,2055,0.0037,1.6560
10768,19:14:45.489,2061,0.0066,1.6609
10769,19:14:45.489,2079,0.0154,1.6754
10770,19:14:45.490,2057,0.0046,1.6577
10771,19:14:45.490,2066,0.0090,1.6649
10772,19:14:45.491,2070,0.0110,1.6681
10773,19:14:45.491,2056,0.0042,1.6568
10774,19:14:45.492,2066,0.0090,1.6649
10775,19:14:45.492,2075,0.0134,1.6722
10776,19:14:45.493,2066,0.0090,1.6649
10777,19:14:45.493,2057,0.0046,1.6577
10778,19:14:45.494,2072,0.0120,1.6697
10779,19:14:45.494,2061,0.0066,1.6609
10780,19:14:45.495,2061,0.0066,1.6609
10781,19:14:45.495,2078,0.0149,1.6746
10782,19:14:45.496,2059,0.0056,1.6593
10783,19:14:45.496,2064,0.0081,1.6633
10784,19:14:45.497,2074,0.0129,1.6714
10785,19:14:45.497,2056,0.0042,1.6568
10786,19:14:45.498,2064,0.0081,1.6633
10787,19:14:45.498,2073,0.0125,1.6705
10788,19:14:45.499,2065,0.0085,1.6641
10789,19:14:45.499,2051,0.0017,1.6528
10790,19:14:45.500,2071,0.0115,1.6689
10791,19:14:45.500,2061,0.0066,1.6609
10792,19:14:45.501,2057,0.0046,1.6577
10793,19:14:45.501,2074,0.0129,1.6714
10794,19:14:45.502,2061,0.0066,1.6609
10795,19:14:45.502,2064,0.0081,1.6633
10796,19:14:45.503,2070,0.0110,1.6681
10797,19:14:45.503,2056,0.0042,1.6568
10798,19:14:45.504,2059,0.0056,1.6593
10799,19:14:45.504,2076,0.0139,1.6730
10800,19:14:45.505,2070,0.0110,1.6681
10801,19:14:45.505,2050,0.0012,1.6520
10802,19:14:45.506,2069,0.0105,1.6673
10803,19:14:45.506,2065,0.0085,1.6641
10804,19:14:45.507,2060,0.0061,1.6601
10805,19:14:45.507,2079,0.0154,1.6754
10806,19:14:45.508,2057,0.0046,1.6577
10807,19:14:45.508,2062,0.0071,1.6617
10808,19:14:45.509,2072,0.0120,1.6697
10809,19:14:45.509,2061,0.0066,1.6609
10810,19:14:45.510,2064,0.0081,1.6633
10811,19:14:45.510,2067,0.0095,1.6657
10812,19:14:45.511,2070,0.0110,1.6681
10813,19:14:45.511,2053,0.0027,1.6544
10814,19:14:45.512,2067,0.0095,1.6657
10815,19:14:45.512,2066,0.0090,1.6649
10816,19:14:45.513,2056,0.0042,1.6568
10817,19:14:45.513,2078,0.0149,1.6746
10818,19:14:45.514,2062,0.0071,1.6617
10819,19:14:45.514,2061,0.0066,1.6609
10820,19:14:45.515,2069,0.0105,1.6673
10821,19:14:45.515,2057,0.0046,1.6577
10822,19:14:45.516,2065,0.0085,1.6641
10823,19:14:45.516,2069,0.0105,1.6673
10824,19:14:45.517,2073,0.0125,1.6705
10825,19:14:45.517,2055,0.0037,1.6560
10826,19:14:45.518,2066,0.0090,1.6649
10827,19:14:45.518,2062,0.0071,1.6617
10828,19:14:45.519,2055,0.0037,1.6560
10829,19:14:45.519,2076,0.0139,1.6730
10830,19:14:45.520,2062,0.0071,1.6617
10831,19:14:45.520,2062,0.0071,1.6617
10832,19:14:45.521,2067,0.0095,1.6657
10833,19:14:45.521,2061,0.0066,1.6609
10834,19:14:45.522,2063,0.0076,1.6625
10835,19:14:45.522,2065,0.0085,1.6641
10836,19:14:45.523,2073,0.0125,1.6705
10837,19:14:45.523,2054,0.0032,1.6552
10838,19:14:45.524,2067,0.0095,1.6657
10839,19:14:45.524,2070,0.0110,1.6681
10840,19:14:45.525,2055,0.0037,1.6560
10841,19:14:45.525,2076,0.0139,1.6730
10842,19:14:45.526,2065,0.0085,1.6641
10843,19:14:45.526,2064,0.0081,1.6633
10844,19:14:45.527,2072,0.0120,1.6697
10845,19:14:45.527,2063,0.0076,1.6625
10846,19:14:45.528,2066,0.0090,1.6649
10847,19:14:45.528,2069,0.0105,1.6673
10848,19:14:45.529,2074,0.0129,1.6714
10849,19:14:45.529,2058,0.0051,1.6585
10850,19:14:45.530,2065,0.0085,1.6641
10851,19:14:45.530,2069,0.0105,1.6673
10852,19:14:45.531,2057,0.0046,1.6577
10853,19:14:45.531,2076,0.0139,1.6730
10854,19:14:45.532,2065,0.0085,1.6641
10855,19:14:45.532,2066,0.0090,1.6649
10856,19:14:45.533,2070,0.0110,1.6681
10857,19:14:45.533,2064,0.0081,1.6633
10858,19:14:45.534,2070,0.0110,1.6681
10859,19:14:45.534,2066,0.0090,1.6649
10860,19:14:45.535,2071,0.0115,1.6689
10861,19:14:45.535,2063,0.0076,1.6625
10862,19:14:45.536,2068,0.0100,1.6665
10863,19:14:45.536,2072,0.0120,1.6697
10864,19:14:45.537,2060,0.0061,1.6601
10865,19:14:45.537,2076,0.0139,1.6730
10866,19:14:45.538,2064,0.0081,1.6633
10867,19:14:45.538,2068,0.0100,1.6665
10868,19:14:45.539,2074,0.0129,1.6714
10869,19:14:45.539,2067,0.0095,1.6657
10870,19:14:45.540,2067,0.0095,1.6657
10871,19:14:45.540,2067,0.0095,1.6657
10872,19:14:45.541,2072,0.0120,1.6697
10873,19:14:45.541,2065,0.0085,1.6641
10874,19:14:45.542,2066,0.0090,1.6649
10875,19:14:45.542,2069,0.0105,1.6673
10876,19:14:45.543,2061,0.0066,1.6609
10877,19:14:45.543,2074,0.0129,1.6714
10878,19:14:45.544,2071,0.0115,1.6689
10879,19:14:45.544,2068,0.0100,1.6665
10880,19:14:45.545,2071,0.0115,1.6689
10881,19:14:45.545,2067,0.0095,1.6657
10882,19:14:45.546,2072,0.0120,1.6697
10883,19:14:45.546,2070,0.0110,1.6681
10884,19:14:45.547,2073,0.0125,1.6705
10885,19:14:45.547,2063,0.0076,1.6625
10886,19:14:45.548,2067,0.0095,1.6657
10887,19:14:45.548,2076,0.0139,1.6730
10888,19:14:45.549,2066,0.0090,1.6649
10889,19:14:45.549,2078,0.0149,1.6746
10890,19:14:45.550,2068,0.0100,1.6665
10891,19:14:45.550,2065,0.0085,1.6641
10892,19:14:45.551,2077,0.0144,1.6738
10893,19:14:45.551,2069,0.0105,1.6673
10894,19:14:45.552,2075,0.0134,1.6722
10895,19:14:45.552,2068,0.0100,1.6665
10896,19:14:45.553,2071,0.0115,1.6689
10897,19:14:45.553,2069,0.0105,1.6673
10898,19:14:45.554,2069,0.0105,1.6673
10899,19:14:45.554,2074,0.0129,1.6714
10900,19:14:45.555,2066,0.0090,1.6649
10901,19:14:45.555,2078,0.0149,1.6746
10902,19:14:45.556,2072,0.0120,1.6697
10903,19:14:45.556,2069,0.0105,1.6673
10904,19:14:45.557,2078,0.0149,1.6746
10905,19:14:45.557,2064,0.0081,1.6633
10906,19:14:45.558,2081,0.0164,1.6770
10907,19:14:45.558,2077,0.0144,1.6738
10908,19:14:45.559,2071,0.0115,1.6689
10909,19:14:45.559,2075,0.0134,1.6722
10910,19:14:45.560,2068,0.0100,1.6665
10911,19:14:45.560,2076,0.0139,1.6730
10912,19:14:45.561,2072,0.0120,1.6697
10913,19:14:45.561,2079,0.0154,1.6754
10914,19:14:45.562,2074,0.0129,1.6714
10915,19:14:45.562,2071,0.0115,1.6689
10916,19:14:45.563,2079,0.0154,1.6754
10917,19:14:45.563,2069,0.0105,1.6673
10918,19:14:45.564,2081,0.0164,1.6770
10919,19:14:45.564,2074,0.0129,1.6714
10920,19:14:45.565,2072,0.0120,1.6697
10921,19:14:45.565,2076,0.0139,1.6730
10922,19:14:45.566,2072,0.0120,1.6697
10923,19:14:45.566,2074,0.0129,1.6714
10924,19:14:45.567,2070,0.0110,1.6681
10925,19:14:45.567,2074,0.0129,1.6714
10926,19:14:45.568,2075,0.0134,1.6722
10927,19:14:45.568,2074,0.0129,1.6714
10928,19:14:45.569,2075,0.0134,1.6722
10929,19:14:45.569,2069,0.0105,1.6673
10930,19:14:45.570,2072,0.0120,1.6697
10931,19:14:45.570,2070,0.0110,1.6681
10932,19:14:45.571,2067,0.0095,1.6657
10933,19:14:45.571,2072,0.0120,1.6697
10934,19:14:45.572,2072,0.0120,1.6697
10935,19:14:45.572,2072,0.0120,1.6697
10936,19:14:45.573,2069,0.0105,1.6673
10937,19:14:45.573,2071,0.0115,1.6689
10938,19:14:45.574,2068,0.0100,1.6665
10939,19:14:45.574,2071,0.0115,1.6689
10940,19:14:45.575,2067,0.0095,1.6657
10941,19:14:45.575,2069,0.0105,1.6673
10942,19:14:45.576,2075,0.0134,1.6722
10943,19:14:45.576,2071,0.0115,1.6689
10944,19:14:45.577,2063,0.0076,1.6625
10945,19:14:45.577,2065,0.0085,1.6641
10946,19:14:45.578,2072,0.0120,1.6697
10947,19:14:45.578,2068,0.0100,1.6665
10948,19:14:45.579,2065,0.0085,1.6641
10949,19:14:45.579,2066,0.0090,1.6649
10950,19:14:45.580,2068,0.0100,1.6665
10951,19:14:45.580,2070,0.0110,1.6681
10952,19:14:45.581,2065,0.0085,1.6641
10953,19:14:45.581,2065,0.0085,1.6641
10954,19:14:45.582,2071,0.0115,1.6689
10955,19:14:45.582,2069,0.0105,1.6673
10956,19:14:45.583,2063,0.0076,1.6625
10957,19:14:45.583,2068,0.0100,1.6665
10958,19:14:45.584,2066,0.0090,1.6649
10959,19:14:45.584,2067,0.0095,1.6657
10960,19:14:45.585,2064,0.0081,1.6633
10961,19:14:45.585,2065,0.0085,1.6641
10962,19:14:45.586,2069,0.0105,1.6673
10963,19:14:45.586,2065,0.0085,1.6641
10964,19:14:45.587,2063,0.0076,1.6625
10965,19:14:45.587,2063,0.0076,1.6625
10966,19:14:45.588,2072,0.0120,1.6697
10967,19:14:45.588,2067,0.0095,1.6657
10968,19:14:45.589,2066,0.0090,1.6649
10969,19:14:45.589,2065,0.0085,1.6641
10970,19:14:45.590,2069,0.0105,1.6673
10971,19:14:45.590,2069,0.0105,1.6673
10972,19:14:45.591,2066,0.0090,1.6649
10973,19:14:45.591,2061,0.0066,1.6609
10974,19:14:45.592,2067,0.0095,1.6657
10975,19:14:45.592,2068,0.0100,1.6665
10976,19:14:45.593,2065,0.0085,1.6641
10977,19:14:45.593,2063,0.0076,1.6625
10978,19:14:45.594,2065,0.0085,1.6641
10979,19:14:45.594,2069,0.0105,1.6673
10980,19:14:45.595,2064,0.0081,1.6633
10981,19:14:45.595,2062,0.0071,1.6617
10982,19:14:45.596,2067,0.0095,1.6657
10983,19:14:45.596,2069,0.0105,1.6673
10984,19:14:45.597,2063,0.0076,1.6625
10985,19:14:45.597,2062,0.0071,1.6617
10986,19:14:45.598,2066,0.0090,1.6649
10987,19:14:45.598,2067,0.0095,1.6657
10988,19:14:45.599,2063,0.0076,1.6625
10989,19:14:45.599,2063,0.0076,1.6625
10990,19:14:45.600,2066,0.0090,1.6649
10991,19:14:45.600,2070,0.0110,1.6681
10992,19:14:45.601,2064,0.0081,1.6633
10993,19:14:45.601,2063,0.0076,1.6625
10994,19:14:45.602,2068,0.0100,1.6665
10995,19:14:45.602,2067,0.0095,1.6657
10996,19:14:45.603,2067,0.0095,1.6657
10997,19:14:45.603,2063,0.0076,1.6625
10998,19:14:45.604,2068,0.0100,1.6665
10999,19:14:45.604,2070,0.0110,1.6681
11000,19:14:45.605,2066,0.0090,1.6649
11001,19:14:45.605,2067,0.0095,1.6657
11002,19:14:45.606,2068,0.0100,1.6665
11003,19:14:45.606,2071,0.0115,1.6689
11004,19:14:45.607,2067,0.0095,1.6657
11005,19:14:45.607,2062,0.0071,1.6617
11006,19:14:45.608,2062,0.0071,1.6617
11007,19:14:45.608,2071,0.0115,1.6689
11008,19:14:45.609,2070,0.0110,1.6681
11009,19:14:45.609,2067,0.0095,1.6657
11010,19:14:45.610,2067,0.0095,1.6657
11011,19:14:45.610,2071,0.0115,1.6689
11012,19:14:45.611,2064,0.0081,1.6633
11013,19:14:45.611,2062,0.0071,1.6617
11014,19:14:45.612,2064,0.0081,1.6633
11015,19:14:45.612,2071,0.0115,1.6689
11016,19:14:45.613,2065,0.0085,1.6641
11017,19:14:45.613,2066,0.0090,1.6649
11018,19:14:45.614,2065,0.0085,1.6641
11019,19:14:45.614,2068,0.0100,1.6665
11020,19:14:45.615,2070,0.0110,1.6681
11021,19:14:45.615,2065,0.0085,1.6641
11022,19:14:45.616,2070,0.0110,1.6681
11023,19:14:45.616,2068,0.0100,1.6665
11024,19:14:45.617,2071,0.0115,1.6689
11025,19:14:45.617,2067,0.0095,1.6657
11026,19:14:45.618,2069,0.0105,1.6673
11027,19:14:45.618,2068,0.0100,1.6665
11028,19:14:45.619,2072,0.0120,1.6697
11029,19:14:45.619,2070,0.0110,1.6681
11030,19:14:45.620,2069,0.0105,1.6673
11031,19:14:45.620,2071,0.0115,1.6689
11032,19:14:45.621,2073,0.0125,1.6705
11033,19:14:45.621,2069,0.0105,1.6673
11034,19:14:45.622,2071,0.0115,1.6689
11035,19:14:45.622,2072,0.0120,1.6697
11036,19:14:45.623,2067,0.0095,1.6657
11037,19:14:45.623,2066,0.0090,1.6649
11038,19:14:45.624,2066,0.0090,1.6649
11039,19:14:45.624,2074,0.0129,1.6714
11040,19:14:45.625,2075,0.0134,1.6722
11041,19:14:45.625,2067,0.0095,1.6657
11042,19:14:45.626,2070,0.0110,1.6681
11043,19:14:45.626,2071,0.0115,1.6689
11044,19:14:45.627,2074,0.0129,1.6714
11045,19:14:45.627,2069,0.0105,1.6673
11046,19:14:45.628,2066,0.0090,1.6649
11047,19:14:45.628,2071,0.0115,1.6689
11048,19:14:45.629,2072,0.0120,1.6697
11049,19:14:45.629,2071,0.0115,1.6689
11050,19:14:45.630,2071,0.0115,1.6689
11051,19:14:45.630,2075,0.0134,1.6722
11052,19:14:45.631,2075,0.0134,1.6722
11053,19:14:45.631,2072,0.0120,1.6697
11054,19:14:45.632,2072,0.0120,1.6697
11055,19:14:45.632,2073,0.0125,1.6705
11056,19:14:45.633,2072,0.0120,1.6697
11057,19:14:45.633,2072,0.0120,1.6697
11058,19:14:45.634,2071,0.0115,1.6689
11059,19:14:45.634,2071,0.0115,1.6689
11060,19:14:45.635,2074,0.0129,1.6714
11061,19:14:45.635,2072,0.0120,1.6697
11062,19:14:45.636,2068,0.0100,1.6665
11063,19:14:45.636,2076,0.0139,1.6730
11064,19:14:45.637,2076,0.0139,1.6730
11065,19:14:45.637,2071,0.0115,1.6689
11066,19:14:45.638,2069,0.0105,1.6673
11067,19:14:45.638,2075,0.0134,1.6722
11068,19:14:45.639,2075,0.0134,1.6722
11069,19:14:45.639,2073,0.0125,1.6705
11070,19:14:45.640,2069,0.0105,1.6673
11071,19:14:45.640,2074,0.0129,1.6714
11072,19:14:45.641,2075,0.0134,1.6722
11073,19:14:45.641,2071,0.0115,1.6689
11074,19:14:45.642,2072,0.0120,1.6697
11075,19:14:45.642,2075,0.0134,1.6722
11076,19:14:45.643,2076,0.0139,1.6730
11077,19:14:45.643,2072,0.0120,1.6697
11078,19:14:45.644,2073,0.0125,1.6705
11079,19:14:45.644,2072,0.0120,1.6697
11080,19:14:45.645,2073,0.0125,1.6705
11081,19:14:45.645,2076,0.0139,1.6730
11082,19:14:45.646,2074,0.0129,1.6714
11083,19:14:45.646,2072,0.0120,1.6697
11084,19:14:45.647,2074,0.0129,1.6714
11085,19:14:45.647,2070,0.0110,1.6681
11086,19:14:45.648,2071,0.0115,1.6689
11087,19:14:45.648,2072,0.0120,1.6697
11088,19:14:45.649,2078,0.0149,1.6746
11089,19:14:45.649,2072,0.0120,1.6697
11090,19:14:45.650,2072,0.0120,1.6697
11091,19:14:45.650,2075,0.0134,1.6722
11092,19:14:45.651,2074,0.0129,1.6714
11093,19:14:45.651,2073,0.0125,1.6705
11094,19:14:45.652,2072,0.0120,1.6697
11095,19:14:45.652,2074,0.0129,1.6714
11096,19:14:45.653,2077,0.0144,1.6738
11097,19:14:45.653,2077,0.0144,1.6738
11098,19:14:45.654,2073,0.0125,1.6705
11099,19:14:45.654,2076,0.0139,1.6730
11100,19:14:45.655,2077,0.0144,1.6738
11101,19:14:45.655,2075,0.0134,1.6722
11102,19:14:45.656,2072,0.0120,1.6697
11103,19:14:45.656,2073,0.0125,1.6705
11104,19:14:45.657,2074,0.0129,1.6714
11105,19:14:45.657,2077,0.0144,1.6738
11106,19:14:45.658,2073,0.0125,1.6705
11107,19:14:45.658,2073,0.0125,1.6705
11108,19:14:45.659,2079,0.0154,1.6754
11109,19:14:45.659,2078,0.0149,1.6746
11110,19:14:45.660,2073,0.0125,1.6705
11111,19:14:45.660,2076,0.0139,1.6730
11112,19:14:45.661,2079,0.0154,1.6754
11113,19:14:45.661,2077,0.0144,1.6738
11114,19:14:45.662,2073,0.0125,1.6705
11115,19:14:45.662,2074,0.0129,1.6714
11116,19:14:45.663,2075,0.0134,1.6722
11117,19:14:45.663,2076,0.0139,1.6730
11118,19:14:45.664,2075,0.0134,1.6722
11119,19:14:45.664,2077,0.0144,1.6738
11120,19:14:45.665,2080,0.0159,1.6762
11121,19:14:45.665,2077,0.0144,1.6738
11122,19:14:45.666,2081,0.0164,1.6770
11123,19:14:45.666,2079,0.0154,1.6754
11124,19:14:45.667,2071,0.0115,1.6689
11125,19:14:45.667,2076,0.0139,1.6730
11126,19:14:45.668,2084,0.0178,1.6794
11127,19:14:45.668,2081,0.0164,1.6770
11128,19:14:45.669,2076,0.0139,1.6730
11129,19:14:45.669,2078,0.0149,1.6746
11130,19:14:45.670,2085,0.0183,1.6802
11131,19:14:45.670,2071,0.0115,1.6689
11132,19:14:45.671,2080,0.0159,1.6762
11133,19:14:45.671,2080,0.0159,1.6762
11134,19:14:45.672,2077,0.0144,1.6738
11135,19:14:45.672,2089,0.0203,1.6834
11136,19:14:45.673,2063,0.0076,1.6625
11137,19:14:45.673,2069,0.0105,1.6673
11138,19:14:45.674,2090,0.0208,1.6842
11139,19:14:45.674,2086,0.0188,1.6810
11140,19:14:45.675,2070,0.0110,1.6681
11141,19:14:45.675,2073,0.0125,1.6705
11142,19:14:45.676,2110,0.0305,1.7004
11143,19:14:45.676,2060,0.0061,1.6601
11144,19:14:45.677,2073,0.0125,1.6705
11145,19:14:45.677,2099,0.0252,1.6915
11146,19:14:45.678,2048,0.0002,1.6504
11147,19:14:45.678,2106,0.0286,1.6971
11148,19:14:45.679,2081,0.0164,1.6770
11149,19:14:45.679,2077,0.0144,1.6738
11150,19:14:45.680,2092,0.0217,1.6859
11151,19:14:45.680,2086,0.0188,1.6810
11152,19:14:45.681,2075,0.0134,1.6722
11153,19:14:45.681,2088,0.0198,1.6826
11154,19:14:45.682,2121,0.0359,1.7092
11155,19:14:45.682,2068,0.0100,1.6665
11156,19:14:45.683,2079,0.0154,1.6754
11157,19:14:45.683,2091,0.0212,1.6851
11158,19:14:45.684,2056,0.0042,1.6568
11159,19:14:45.684,2110,0.0305,1.7004
11160,19:14:45.685,2085,0.0183,1.6802
11161,19:14:45.685,2088,0.0198,1.6826
11162,19:14:45.686,2098,0.0247,1.6907
11163,19:14:45.686,2094,0.0227,1.6875
11164,19:14:45.687,2098,0.0247,1.6907
11165,19:14:45.687,2074,0.0129,1.6714
11166,19:14:45.688,2121,0.0359,1.7092
11167,19:14:45.688,2077,0.0144,1.6738
11168,19:14:45.689,2082,0.0168,1.6778
11169,19:14:45.689,2112,0.0315,1.7020
11170,19:14:45.690,2067,0.0095,1.6657
11171,19:14:45.690,2104,0.0276,1.6955
11172,19:14:45.691,2088,0.0198,1.6826
11173,19:14:45.691,2083,0.0173,1.6786
11174,19:14:45.692,2088,0.0198,1.6826
11175,19:14:45.692,2092,0.0217,1.6859
11176,19:14:45.693,2097,0.0242,1.6899
11177,19:14:45.693,2073,0.0125,1.6705
11178,19:14:45.694,2115,0.0330,1.7044
11179,19:14:45.694,2070,0.0110,1.6681
11180,19:14:45.695,2075,0.0134,1.6722
11181,19:14:45.695,2106,0.0286,1.6971
11182,19:14:45.696,2053,0.0027,1.6544
11183,19:14:45.696,2092,0.0217,1.6859
11184,19:14:45.697,2075,0.0134,1.6722
11185,19:14:45.697,2087,0.0193,1.6818
11186,19:14:45.698,2079,0.0154,1.6754
11187,19:14:45.698,2077,0.0144,1.6738
11188,19:14:45.699,2083,0.0173,1.6786
11189,19:14:45.699,2059,0.0056,1.6593
11190,19:14:45.700,2108,0.0295,1.6988
11191,19:14:45.700,2068,0.0100,1.6665
11192,19:14:45.701,2059,0.0056,1.6593
11193,19:14:45.701,2091,0.0212,1.6851
11194,19:14:45.702,2052,0.0022,1.6536
11195,19:14:45.702,2081,0.0164,1.6770
11196,19:14:45.703,2068,0.0100,1.6665
11197,19:14:45.703,2077,0.0144,1.6738
11198,19:14:45.704,2070,0.0110,1.6681
11199,19:14:45.704,2066,0.0090,1.6649
11200,19:14:45.705,2087,0.0193,1.6818
11201,19:14:45.705,2051,0.0017,1.6528
11202,19:14:45.706,2099,0.0252,1.6915
11203,19:14:45.706,2061,0.0066,1.6609
11204,19:14:45.707,2043,-0.0022,1.6464
11205,19:14:45.707,2087,0.0193,1.6818
11206,19:14:45.708,2055,0.0037,1.6560
11207,19:14:45.708,2081,0.0164,1.6770
11208,19:14:45.709,2053,0.0027,1.6544
11209,19:14:45.709,2065,0.0085,1.6641
11210,19:14:45.710,2067,0.0095,1.6657
11211,19:14:45.710,2065,0.0085,1.6641
11212,19:14:45.711,2084,0.0178,1.6794
11213,19:14:45.711,2051,0.0017,1.6528
11214,19:14:45.712,2091,0.0212,1.6851
11215,19:14:45.712,2064,0.0081,1.6633
11216,19:14:45.713,2047,-0.0002,1.6496
11217,19:14:45.713,2080,0.0159,1.6762
11218,19:14:45.714,2056,0.0042,1.6568
11219,19:14:45.714,2080,0.0159,1.6762
11220,19:14:45.715,2056,0.0042,1.6568
11221,19:14:45.715,2069,0.0105,1.6673
11222,19:14:45.716,2072,0.0120,1.6697
11223,19:14:45.716,2059,0.0056,1.6593
11224,19:14:45.717,2084,0.0178,1.6794
11225,19:14:45.717,2052,0.0022,1.6536
11226,19:14:45.718,2088,0.0198,1.6826
11227,19:14:45.718,2067,0.0095,1.6657
11228,19:14:45.719,2041,-0.0032,1.6448
11229,19:14:45.719,2080,0.0159,1.6762
11230,19:14:45.720,2058,0.0051,1.6585
11231,19:14:45.720,2085,0.0183,1.6802
11232,19:14:45.721,2054,0.0032,1.6552
11233,19:14:45.721,2069,0.0105,1.6673
11234,19:14:45.722,2072,0.0120,1.6697
11235,19:14:45.722,2064,0.0081,1.6633
11236,19:14:45.723,2084,0.0178,1.6794
11237,19:14:45.723,2056,0.0042,1.6568
11238,19:14:45.724,2089,0.0203,1.6834
11239,19:14:45.724,2071,0.0115,1.6689
11240,19:14:45.725,2044,-0.0017,1.6472
11241,19:14:45.725,2072,0.0120,1.6697
11242,19:14:45.726,2057,0.0046,1.6577
11243,19:14:45.726,2083,0.0173,1.6786
11244,19:14:45.727,2054,0.0032,1.6552
11245,19:14:45.727,2062,0.0071,1.6617
11246,19:14:45.728,2071,0.0115,1.6689
11247,19:14:45.728,2056,0.0042,1.6568
11248,19:14:45.729,2083,0.0173,1.6786
11249,19:14:45.729,2056,0.0042,1.6568
11250,19:14:45.730,2082,0.0168,1.6778
11251,19:14:45.730,2067,0.0095,1.6657
11252,19:14:45.731,2048,0.0002,1.6504
11253,19:14:45.731,2069,0.0105,1.6673
11254,19:14:45.732,2058,0.0051,1.6585
11255,19:14:45.732,2087,0.0193,1.6818
11256,19:14:45.733,2056,0.0042,1.6568
11257,19:14:45.733,2060,0.0061,1.6601
11258,19:14:45.734,2072,0.0120,1.6697
11259,19:14:45.734,2057,0.0046,1.6577
11260,19:14:45.735,2080,0.0159,1.6762
11261,19:14:45.735,2057,0.0046,1.6577
11262,19:14:45.736,2079,0.0154,1.6754
11263,19:14:45.736,2072,0.0120,1.6697
11264,19:14:45.737,2048,0.0002,1.6504
11265,19:14:45.737,2067,0.0095,1.6657
11266,19:14:45.738,2057,0.0046,1.6577
11267,19:14:45.738,2085,0.0183,1.6802
11268,19:14:45.739,2058,0.0051,1.6585
11269,19:14:45.739,2060,0.0061,1.6601
11270,19:14:45.740,2071,0.0115,1.6689
11271,19:14:45.740,2056,0.0042,1.6568
11272,19:14:45.741,2076,0.0139,1.6730
11273,19:14:45.741,2061,0.0066,1.6609
11274,19:14:45.742,2080,0.0159,1.6762
11275,19:14:45.742,2070,0.0110,1.6681
11276,19:14:45.743,2051,0.0017,1.6528
11277,19:14:45.743,2064,0.0081,1.6633
11278,19:14:45.744,2055,0.0037,1.6560
11279,19:14:45.744,2083,0.0173,1.6786
11280,19:14:45.745,2059,0.0056,1.6593
11281,19:14:45.745,2056,0.0042,1.6568
11282,19:14:45.746,2072,0.0120,1.6697
11283,19:14:45.746,2063,0.0076,1.6625
11284,19:14:45.747,2073,0.0125,1.6705
11285,19:14:45.747,2065,0.0085,1.6641
11286,19:14:45.748,2077,0.0144,1.6738
11287,19:14:45.748,2071,0.0115,1.6689
11288,19:14:45.749,2054,0.0032,1.6552
11289,19:14:45.749,2067,0.0095,1.6657
11290,19:14:45.750,2055,0.0037,1.6560
11291,19:14:45.750,2083,0.0173,1.6786
11292,19:14:45.751,2066,0.0090,1.6649
11293,19:14:45.751,2058,0.0051,1.6585
11294,19:14:45.752,2074,0.0129,1.6714
11295,19:14:45.752,2063,0.0076,1.6625
11296,19:14:45.753,2071,0.0115,1.6689
11297,19:14:45.753,2065,0.0085,1.6641
11298,19:14:45.754,2079,0.0154,1.6754
11299,19:14:45.754,2067,0.0095,1.6657
11300,19:14:45.755,2062,0.0071,1.6617
11301,19:14:45.755,2069,0.0105,1.6673
11302,19:14:45.756,2055,0.0037,1.6560
11303,19:14:45.756,2080,0.0159,1.6762
11304,19:14:45.757,2071,0.0115,1.6689
11305,19:14:45.757,2063,0.0076,1.6625
11306,19:14:45.758,2074,0.0129,1.6714
11307,19:14:45.758,2070,0.0110,1.6681
11308,19:14:45.759,2069,0.0105,1.6673
11309,19:14:45.759,2078,0.0149,1.6746
11310,19:14:45.760,2081,0.0164,1.6770
11311,19:14:45.760,2067,0.0095,1.6657
11312,19:14:45.761,2067,0.0095,1.6657
11313,19:14:45.761,2072,0.0120,1.6697
11314,19:14:45.762,2059,0.0056,1.6593
11315,19:14:45.762,2081,0.0164,1.6770
11316,19:14:45.763,2072,0.0120,1.6697
11317,19:14:45.763,2064,0.0081,1.6633
11318,19:14:45.764,2074,0.0129,1.6714
11319,19:14:45.764,2074,0.0129,1.6714
11320,19:14:45.765,2070,0.0110,1.6681
11321,19:14:45.765,2081,0.0164,1.6770
11322,19:14:45.766,2086,0.0188,1.6810
11323,19:14:45.766,2066,0.0090,1.6649
11324,19:14:45.767,2063,0.0076,1.6625
11325,19:14:45.767,2079,0.0154,1.6754
11326,19:14:45.768,2066,0.0090,1.6649
11327,19:14:45.768,2078,0.0149,1.6746
11328,19:14:45.769,2078,0.0149,1.6746
11329,19:14:45.769,2062,0.0071,1.6617
11330,19:14:45.770,2077,0.0144,1.6738
11331,19:14:45.770,2077,0.0144,1.6738
11332,19:14:45.771,2068,0.0100,1.6665
11333,19:14:45.771,2078,0.0149,1.6746
11334,19:14:45.772,2087,0.0193,1.6818
11335,19:14:45.772,2062,0.0071,1.6617
11336,19:14:45.773,2066,0.0090,1.6649
11337,19:14:45.773,2078,0.0149,1.6746
11338,19:14:45.774,2064,0.0081,1.6633
11339,19:14:45.774,2075,0.0134,1.6722
11340,19:14:45.775,2079,0.0154,1.6754
11341,19:14:45.775,2063,0.0076,1.6625
11342,19:14:45.776,2076,0.0139,1.6730
11343,19:14:45.776,2076,0.0139,1.6730
11344,19:14:45.777,2067,0.0095,1.6657
11345,19:14:45.777,2082,0.0168,1.6778
11346,19:14:45.778,2091,0.0212,1.6851
11347,19:14:45.778,2066,0.0090,1.6649
11348,19:14:45.779,2066,0.0090,1.6649
11349,19:14:45.779,2074,0.0129,1.6714
11350,19:14:45.780,2070,0.0110,1.6681
11351,19:14:45.780,2073,0.0125,1.6705
11352,19:14:45.781,2082,0.0168,1.6778
11353,19:14:45.781,2063,0.0076,1.6625
11354,19:14:45.782,2071,0.0115,1.6689
11355,19:14:45.782,2080,0.0159,1.6762
11356,19:14:45.783,2061,0.0066,1.6609
11357,19:14:45.783,2079,0.0154,1.6754
11358,19:14:45.784,2094,0.0227,1.6875
11359,19:14:45.784,2061,0.0066,1.6609
11360,19:14:45.785,2062,0.0071,1.6617
11361,19:14:45.785,2075,0.0134,1.6722
11362,19:14:45.786,2073,0.0125,1.6705
11363,19:14:45.786,2072,0.0120,1.6697
11364,19:14:45.787,2082,0.0168,1.6778
11365,19:14:45.787,2063,0.0076,1.6625
11366,19:14:45.788,2067,0.0095,1.6657
11367,19:14:45.788,2086,0.0188,1.6810
11368,19:14:45.789,2059,0.0056,1.6593
11369,19:14:45.789,2075,0.0134,1.6722
11370,19:14:45.790,2093,0.0222,1.6867
11371,19:14:45.790,2062,0.0071,1.6617
11372,19:14:45.791,2060,0.0061,1.6601
11373,19:14:45.791,2072,0.0120,1.6697
11374,19:14:45.792,2075,0.0134,1.6722
11375,19:14:45.792,2064,0.0081,1.6633
11376,19:14:45.793,2077,0.0144,1.6738
11377,19:14:45.793,2066,0.0090,1.6649
11378,19:14:45.794,2063,0.0076,1.6625
11379,19:14:45.794,2084,0.0178,1.6794
11380,19:14:45.795,2058,0.0051,1.6585
11381,19:14:45.795,2070,0.0110,1.6681
11382,19:14:45.796,2096,0.0237,1.6891
11383,19:14:45.796,2063,0.0076,1.6625
11384,19:14:45.797,2053,0.0027,1.6544
11385,19:14:45.797,2064,0.0081,1.6633
11386,19:14:45.798,2074,0.0129,1.6714
11387,19:14:45.798,2061,0.0066,1.6609
11388,19:14:45.799,2076,0.0139,1.6730
11389,19:14:45.799,2064,0.0081,1.6633
11390,19:14:45.800,2054,0.0032,1.6552
11391,19:14:45.800,2083,0.0173,1.6786
11392,19:14:45.801,2055,0.0037,1.6560
11393,19:14:45.801,2063,0.0076,1.6625
11394,19:14:45.802,2089,0.0203,1.6834
11395,19:14:45.802,2063,0.0076,1.6625
11396,19:14:45.803,2054,0.0032,1.6552
11397,19:14:45.803,2061,0.0066,1.6609
11398,19:14:45.804,2073,0.0125,1.6705
11399,19:14:45.804,2057,0.0046,1.6577
11400,19:14:45.805,2072,0.0120,1.6697
11401,19:14:45.805,2063,0.0076,1.6625
11402,19:14:45.806,2048,0.0002,1.6504
11403,19:14:45.806,2083,0.0173,1.6786
11404,19:14:45.807,2057,0.0046,1.6577
11405,19:14:45.807,2055,0.0037,1.6560
11406,19:14:45.808,2088,0.0198,1.6826
11407,19:14:45.808,2062,0.0071,1.6617
11408,19:14:45.809,2051,0.0017,1.6528
11409,19:14:45.809,2058,0.0051,1.6585
11410,19:14:45.810,2071,0.0115,1.6689
11411,19:14:45.810,2059,0.0056,1.6593
11412,19:14:45.811,2072,0.0120,1.6697
11413,19:14:45.811,2068,0.0100,1.6665
11414,19:14:45.812,2048,0.0002,1.6504
11415,19:14:45.812,2080,0.0159,1.6762
11416,19:14:45.813,2061,0.0066,1.6609
11417,19:14:45.813,2058,0.0051,1.6585
11418,19:14:45.814,2089,0.0203,1.6834
11419,19:14:45.814,2063,0.0076,1.6625
11420,19:14:45.815,2054,0.0032,1.6552
11421,19:14:45.815,2058,0.0051,1.6585
11422,19:14:45.816,2075,0.0134,1.6722
11423,19:14:45.816,2057,0.0046,1.6577
11424,19:14:45.817,2067,0.0095,1.6657
11425,19:14:45.817,2070,0.0110,1.6681
11426,19:14:45.818,2045,-0.0012,1.6480
11427,19:14:45.818,2082,0.0168,1.6778
11428,19:14:45.819,2063,0.0076,1.6625
11429,19:14:45.819,2053,0.0027,1.6544
11430,19:14:45.820,2083,0.0173,1.6786
11431,19:14:45.820,2065,0.0085,1.6641
11432,19:14:45.821,2056,0.0042,1.6568
11433,19:14:45.821,2054,0.0032,1.6552
11434,19:14:45.822,2076,0.0139,1.6730
11435,19:14:45.822,2056,0.0042,1.6568
11436,19:14:45.823,2068,0.0100,1.6665
11437,19:14:45.823,2068,0.0100,1.6665
11438,19:14:45.824,2043,-0.0022,1.6464
11439,19:14:45.824,2077,0.0144,1.6738
11440,19:14:45.825,2067,0.0095,1.6657
11441,19:14:45.825,2056,0.0042,1.6568
11442,19:14:45.826,2085,0.0183,1.6802
11443,19:14:45.826,2065,0.0085,1.6641
11444,19:14:45.827,2057,0.0046,1.6577
11445,19:14:45.827,2054,0.0032,1.6552
11446,19:14:45.828,2076,0.0139,1.6730
11447,19:14:45.828,2060,0.0061,1.6601
11448,19:14:45.829,2065,0.0085,1.6641
11449,19:14:45.829,2075,0.0134,1.6722
11450,19:14:45.830,2040,-0.0037,1.6440
11451,19:14:45.830,2074,0.0129,1.6714
11452,19:14:45.831,2068,0.0100,1.6665
11453,19:14:45.831,2057,0.0046,1.6577
11454,19:14:45.832,2081,0.0164,1.6770
11455,19:14:45.832,2062,0.0071,1.6617
11456,19:14:45.833,2057,0.0046,1.6577
11457,19:14:45.833,2055,0.0037,1.6560
11458,19:14:45.834,2074,0.0129,1.6714
11459,19:14:45.834,2059,0.0056,1.6593
11460,19:14:45.835,2067,0.0095,1.6657
11461,19:14:45.835,2079,0.0154,1.6754
11462,19:14:45.836,2045,-0.0012,1.6480
11463,19:14:45.836,2076,0.0139,1.6730
11464,19:14:45.837,2072,0.0120,1.6697
11465,19:14:45.837,2058,0.0051,1.6585
11466,19:14:45.838,2079,0.0154,1.6754
11467,19:14:45.838,2062,0.0071,1.6617
11468,19:14:45.839,2061,0.0066,1.6609
11469,19:14:45.839,2057,0.0046,1.6577
11470,19:14:45.840,2075,0.0134,1.6722
11471,19:14:45.840,2062,0.0071,1.6617
11472,19:14:45.841,2064,0.0081,1.6633
11473,19:14:45.841,2079,0.0154,1.6754
11474,19:14:45.842,2046,-0.0007,1.6488
11475,19:14:45.842,2072,0.0120,1.6697
11476,19:14:45.843,2074,0.0129,1.6714
11477,19:14:45.843,2059,0.0056,1.6593
11478,19:14:45.844,2082,0.0168,1.6778
11479,19:14:45.844,2064,0.0081,1.6633
11480,19:14:45.845,2062,0.0071,1.6617
11481,19:14:45.845,2056,0.0042,1.6568
11482,19:14:45.846,2075,0.0134,1.6722
11483,19:14:45.846,2066,0.0090,1.6649
11484,19:14:45.847,2065,0.0085,1.6641
11485,19:14:45.847,2083,0.0173,1.6786
11486,19:14:45.848,2054,0.0032,1.6552
11487,19:14:45.848,2073,0.0125,1.6705
11488,19:14:45.849,2075,0.0134,1.6722
11489,19:14:45.849,2062,0.0071,1.6617
11490,19:14:45.850,2081,0.0164,1.6770
11491,19:14:45.850,2066,0.0090,1.6649
11492,19:14:45.851,2065,0.0085,1.6641
11493,19:14:45.851,2059,0.0056,1.6593
11494,19:14:45.852,2075,0.0134,1.6722
11495,19:14:45.852,2065,0.0085,1.6641
11496,19:14:45.853,2064,0.0081,1.6633
11497,19:14:45.853,2081,0.0164,1.6770
11498,19:14:45.854,2054,0.0032,1.6552
11499,19:14:45.854,2073,0.0125,1.6705
11500,19:14:45.855,2072,0.0120,1.6697
11501,19:14:45.855,2068,0.0100,1.6665
11502,19:14:45.856,2083,0.0173,1.6786
11503,19:14:45.856,2066,0.0090,1.6649
11504,19:14:45.857,2066,0.0090,1.6649
11505,19:14:45.857,2060,0.0061,1.6601
11506,19:14:45.858,2078,0.0149,1.6746
11507,19:14:45.858,2069,0.0105,1.6673
11508,19:14:45.859,2064,0.0081,1.6633
11509,19:14:45.859,2080,0.0159,1.6762
11510,19:14:45.860,2058,0.0051,1.6585
11511,19:14:45.860,2072,0.0120,1.6697
11512,19:14:45.861,2073,0.0125,1.6705
11513,19:14:45.861,2069,0.0105,1.6673
11514,19:14:45.862,2086,0.0188,1.6810
11515,19:14:45.862,2065,0.0085,1.6641
11516,19:14:45.863,2069,0.0105,1.6673
11517,19:14:45.863,2061,0.0066,1.6609
11518,19:14:45.864,2078,0.0149,1.6746
11519,19:14:45.864,2071,0.0115,1.6689
11520,19:14:45.865,2066,0.0090,1.6649
11521,19:14:45.865,2079,0.0154,1.6754
11522,19:14:45.866,2063,0.0076,1.6625
11523,19:14:45.866,2069,0.0105,1.6673
11524,19:14:45.867,2072,0.0120,1.6697
11525,19:14:45.867,2073,0.0125,1.6705
11526,19:14:45.868,2085,0.0183,1.6802
11527,19:14:45.868,2061,0.0066,1.6609
11528,19:14:45.869,2067,0.0095,1.6657
11529,19:14:45.869,2067,0.0095,1.6657
11530,19:14:45.870,2075,0.0134,1.6722
11531,19:14:45.870,2069,0.0105,1.6673
11532,19:14:45.871,2067,0.0095,1.6657
11533,19:14:45.871,2077,0.0144,1.6738
11534,19:14:45.872,2071,0.0115,1.6689
11535,19:14:45.872,2072,0.0120,1.6697
11536,19:14:45.873,2075,0.0134,1.6722
11537,19:14:45.873,2072,0.0120,1.6697
11538,19:14:45.874,2091,0.0212,1.6851
11539,19:14:45.874,2070,0.0110,1.6681
11540,19:14:45.875,2062,0.0071,1.6617
11541,19:14:45.875,2069,0.0105,1.6673
11542,19:14:45.876,2078,0.0149,1.6746
11543,19:14:45.876,2074,0.0129,1.6714
11544,19:14:45.877,2069,0.0105,1.6673
11545,19:14:45.877,2078,0.0149,1.6746
11546,19:14:45.878,2073,0.0125,1.6705
11547,19:14:45.878,2074,0.0129,1.6714
11548,19:14:45.879,2072,0.0120,1.6697
11549,19:14:45.879,2072,0.0120,1.6697
11550,19:14:45.880,2090,0.0208,1.6842
11551,19:14:45.880,2066,0.0090,1.6649
11552,19:14:45.881,2061,0.0066,1.6609
11553,19:14:45.881,2069,0.0105,1.6673
11554,19:14:45.882,2078,0.0149,1.6746
11555,19:14:45.882,2077,0.0144,1.6738
11556,19:14:45.883,2071,0.0115,1.6689
11557,19:14:45.883,2070,0.0110,1.6681
11558,19:14:45.884,2072,0.0120,1.6697
11559,19:14:45.884,2074,0.0129,1.6714
11560,19:14:45.885,2074,0.0129,1.6714
11561,19:14:45.885,2071,0.0115,1.6689
11562,19:14:45.886,2091,0.0212,1.6851
11563,19:14:45.886,2071,0.0115,1.6689
11564,19:14:45.887,2060,0.0061,1.6601
11565,19:14:45.887,2070,0.0110,1.6681
11566,19:14:45.888,2074,0.0129,1.6714
11567,19:14:45.888,2073,0.0125,1.6705
11568,19:14:45.889,2071,0.0115,1.6689
11569,19:14:45.889,2074,0.0129,1.6714
11570,19:14:45.890,2068,0.0100,1.6665
11571,19:14:45.890,2077,0.0144,1.6738
11572,19:14:45.891,2073,0.0125,1.6705
11573,19:14:45.891,2065,0.0085,1.6641
11574,19:14:45.892,2087,0.0193,1.6818
11575,19:14:45.892,2072,0.0120,1.6697
11576,19:14:45.893,2052,0.0022,1.6536
11577,19:14:45.893,2066,0.0090,1.6649
11578,19:14:45.894,2082,0.0168,1.6778
11579,19:14:45.894,2070,0.0110,1.6681
11580,19:14:45.895,2075,0.0134,1.6722
11581,19:14:45.895,2069,0.0105,1.6673
11582,19:14:45.896,2073,0.0125,1.6705
11583,19:14:45.896,2079,0.0154,1.6754
11584,19:14:45.897,2073,0.0125,1.6705
11585,19:14:45.897,2064,0.0081,1.6633
11586,19:14:45.898,2092,0.0217,1.6859
11587,19:14:45.898,2080,0.0159,1.6762
11588,19:14:45.899,2052,0.0022,1.6536
11589,19:14:45.899,2076,0.0139,1.6730
11590,19:14:45.900,2078,0.0149,1.6746
11591,19:14:45.900,2071,0.0115,1.6689
11592,19:14:45.901,2074,0.0129,1.6714
11593,19:14:45.901,2072,0.0120,1.6697
11594,19:14:45.902,2074,0.0129,1.6714
11595,19:14:45.902,2074,0.0129,1.6714
11596,19:14:45.903,2068,0.0100,1.6665
11597,19:14:45.903,2069,0.0105,1.6673
11598,19:14:45.904,2092,0.0217,1.6859
11599,19:14:45.904,2072,0.0120,1.6697
11600,19:14:45.905,2052,0.0022,1.6536
11601,19:14:45.905,2076,0.0139,1.6730
11602,19:14:45.906,2081,0.0164,1.6770
11603,19:14:45.906,2075,0.0134,1.6722
11604,19:14:45.907,2067,0.0095,1.6657
11605,19:14:45.907,2066,0.0090,1.6649
11606,19:14:45.908,2078,0.0149,1.6746
11607,19:14:45.908,2081,0.0164,1.6770
11608,19:14:45.909,2066,0.0090,1.6649
11609,19:14:45.909,2067,0.0095,1.6657
11610,19:14:45.910,2085,0.0183,1.6802
11611,19:14:45.910,2077,0.0144,1.6738
11612,19:14:45.911,2064,0.0081,1.6633
11613,19:14:45.911,2067,0.0095,1.6657
11614,19:14:45.912,2083,0.0173,1.6786
11615,19:14:45.912,2076,0.0139,1.6730
11616,19:14:45.913,2066,0.0090,1.6649
11617,19:14:45.913,2068,0.0100,1.6665
11618,19:14:45.914,2079,0.0154,1.6754
11619,19:14:45.914,2077,0.0144,1.6738
11620,19:14:45.915,2064,0.0081,1.6633
11621,19:14:45.915,2070,0.0110,1.6681
11622,19:14:45.916,2081,0.0164,1.6770
11623,19:14:45.916,2074,0.0129,1.6714
11624,19:14:45.917,2062,0.0071,1.6617
11625,19:14:45.917,2065,0.0085,1.6641
11626,19:14:45.918,2082,0.0168,1.6778
11627,19:14:45.918,2076,0.0139,1.6730
11628,19:14:45.919,2062,0.0071,1.6617
11629,19:14:45.919,2062,0.0071,1.6617
11630,19:14:45.920,2078,0.0149,1.6746
11631,19:14:45.920,2076,0.0139,1.6730
11632,19:14:45.921,2063,0.0076,1.6625
11633,19:14:45.921,2069,0.0105,1.6673
11634,19:14:45.922,2077,0.0144,1.6738
11635,19:14:45.922,2077,0.0144,1.6738
11636,19:14:45.923,2064,0.0081,1.6633
11637,19:14:45.923,2065,0.0085,1.6641
11638,19:14:45.924,2079,0.0154,1.6754
11639,19:14:45.924,2077,0.0144,1.6738
11640,19:14:45.925,2065,0.0085,1.6641
11641,19:14:45.925,2067,0.0095,1.6657
11642,19:14:45.926,2078,0.0149,1.6746
11643,19:14:45.926,2077,0.0144,1.6738
11644,19:14:45.927,2063,0.0076,1.6625
11645,19:14:45.927,2066,0.0090,1.6649
11646,19:14:45.928,2079,0.0154,1.6754
11647,19:14:45.928,2074,0.0129,1.6714
11648,19:14:45.929,2063,0.0076,1.6625
11649,19:14:45.929,2063,0.0076,1.6625
11650,19:14:45.930,2075,0.0134,1.6722
11651,19:14:45.930,2072,0.0120,1.6697
11652,19:14:45.931,2067,0.0095,1.6657
11653,19:14:45.931,2068,0.0100,1.6665
11654,19:14:45.932,2073,0.0125,1.6705
11655,19:14:45.932,2074,0.0129,1.6714
11656,19:14:45.933,2062,0.0071,1.6617
11657,19:14:45.933,2063,0.0076,1.6625
11658,19:14:45.934,2077,0.0144,1.6738
11659,19:14:45.934,2075,0.0134,1.6722
11660,19:14:45.935,2066,0.0090,1.6649
11661,19:14:45.935,2066,0.0090,1.6649
11662,19:14:45.936,2076,0.0139,1.6730
11663,19:14:45.936,2073,0.0125,1.6705
11664,19:14:45.937,2067,0.0095,1.6657
11665,19:14:45.937,2065,0.0085,1.6641
11666,19:14:45.938,2076,0.0139,1.6730
11667,19:14:45.938,2071,0.0115,1.6689
11668,19:14:45.939,2063,0.0076,1.6625
11669,19:14:45.939,2067,0.0095,1.6657
11670,19:14:45.940,2077,0.0144,1.6738
11671,19:14:45.940,2076,0.0139,1.6730
11672,19:14:45.941,2062,0.0071,1.6617
11673,19:14:45.941,2064,0.0081,1.6633
11674,19:14:45.942,2071,0.0115,1.6689
11675,19:14:45.942,2071,0.0115,1.6689
11676,19:14:45.943,2069,0.0105,1.6673
11677,19:14:45.943,2066,0.0090,1.6649
11678,19:14:45.944,2076,0.0139,1.6730
11679,19:14:45.944,2074,0.0129,1.6714
11680,19:14:45.945,2062,0.0071,1.6617
11681,19:14:45.945,2064,0.0081,1.6633
11682,19:14:45.946,2072,0.0120,1.6697
11683,19:14:45.946,2070,0.0110,1.6681
11684,19:14:45.947,2064,0.0081,1.6633
11685,19:14:45.947,2061,0.0066,1.6609
11686,19:14:45.948,2073,0.0125,1.6705
11687,19:14:45.948,2072,0.0120,1.6697
11688,19:14:45.949,2068,0.0100,1.6665
11689,19:14:45.949,2063,0.0076,1.6625
11690,19:14:45.950,2071,0.0115,1.6689
11691,19:14:45.950,2071,0.0115,1.6689
11692,19:14:45.951,2066,0.0090,1.6649
11693,19:14:45.951,2062,0.0071,1.6617
11694,19:14:45.952,2071,0.0115,1.6689
11695,19:14:45.952,2072,0.0120,1.6697
11696,19:14:45.953,2067,0.0095,1.6657
11697,19:14:45.953,2065,0.0085,1.6641
11698,19:14:45.954,2072,0.0120,1.6697
11699,19:14:45.954,2073,0.0125,1.6705
11700,19:14:45.955,2068,0.0100,1.6665
11701,19:14:45.955,2067,0.0095,1.6657
11702,19:14:45.956,2068,0.0100,1.6665
11703,19:14:45.956,2072,0.0120,1.6697
11704,19:14:45.957,2067,0.0095,1.6657
11705,19:14:45.957,2062,0.0071,1.6617
11706,19:14:45.958,2074,0.0129,1.6714
11707,19:14:45.958,2070,0.0110,1.6681
11708,19:14:45.959,2067,0.0095,1.6657
11709,19:14:45.959,2064,0.0081,1.6633
11710,19:14:45.960,2068,0.0100,1.6665
11711,19:14:45.960,2073,0.0125,1.6705
11712,19:14:45.961,2068,0.0100,1.6665
11713,19:14:45.961,2065,0.0085,1.6641
11714,19:14:45.962,2071,0.0115,1.6689
11715,19:14:45.962,2070,0.0110,1.6681
11716,19:14:45.963,2065,0.0085,1.6641
11717,19:14:45.963,2067,0.0095,1.6657
11718,19:14:45.964,2074,0.0129,1.6714
11719,19:14:45.964,2072,0.0120,1.6697
11720,19:14:45.965,2069,0.0105,1.6673
11721,19:14:45.965,2063,0.0076,1.6625
11722,19:14:45.966,2071,0.0115,1.6689
11723,19:14:45.966,2069,0.0105,1.6673
11724,19:14:45.967,2069,0.0105,1.6673
11725,19:14:45.967,2069,0.0105,1.6673
11726,19:14:45.968,2071,0.0115,1.6689
11727,19:14:45.968,2072,0.0120,1.6697
11728,19:14:45.969,2069,0.0105,1.6673
11729,19:14:45.969,2069,0.0105,1.6673
11730,19:14:45.970,2071,0.0115,1.6689
11731,19:14:45.970,2070,0.0110,1.6681
11732,19:14:45.971,2067,0.0095,1.6657
11733,19:14:45.971,2068,0.0100,1.6665
11734,19:14:45.972,2073,0.0125,1.6705
11735,19:14:45.972,2071,0.0115,1.6689
11736,19:14:45.973,2070,0.0110,1.6681
11737,19:14:45.973,2065,0.0085,1.6641
11738,19:14:45.974,2072,0.0120,1.6697
11739,19:14:45.974,2070,0.0110,1.6681
11740,19:14:45.975,2068,0.0100,1.6665
11741,19:14:45.975,2065,0.0085,1.6641
11742,19:14:45.976,2071,0.0115,1.6689
11743,19:14:45.976,2074,0.0129,1.6714
11744,19:14:45.977,2068,0.0100,1.6665
11745,19:14:45.977,2067,0.0095,1.6657
11746,19:14:45.978,2068,0.0100,1.6665
11747,19:14:45.978,2071,0.0115,1.6689
11748,19:14:45.979,2069,0.0105,1.6673
11749,19:14:45.979,2068,0.0100,1.6665
11750,19:14:45.980,2071,0.0115,1.6689
11751,19:14:45.980,2069,0.0105,1.6673
11752,19:14:45.981,2066,0.0090,1.6649
11753,19:14:45.981,2064,0.0081,1.6633
11754,19:14:45.982,2073,0.0125,1.6705
11755,19:14:45.982,2071,0.0115,1.6689
11756,19:14:45.983,2066,0.0090,1.6649
11757,19:14:45.983,2067,0.0095,1.6657
11758,19:14:45.984,2073,0.0125,1.6705
11759,19:14:45.984,2070,0.0110,1.6681
11760,19:14:45.985,2067,0.0095,1.6657
11761,19:14:45.985,2070,0.0110,1.6681
11762,19:14:45.986,2073,0.0125,1.6705
11763,19:14:45.986,2071,0.0115,1.6689
11764,19:14:45.987,2067,0.0095,1.6657
11765,19:14:45.987,2069,0.0105,1.6673
11766,19:14:45.988,2074,0.0129,1.6714
11767,19:14:45.988,2071,0.0115,1.6689
11768,19:14:45.989,2070,0.0110,1.6681
11769,19:14:45.989,2068,0.0100,1.6665
11770,19:14:45.990,2071,0.0115,1.6689
11771,19:14:45.990,2071,0.0115,1.6689
11772,19:14:45.991,2068,0.0100,1.6665
11773,19:14:45.991,2069,0.0105,1.6673
11774,19:14:45.992,2072,0.0120,1.6697
11775,19:14:45.992,2073,0.0125,1.6705
11776,19:14:45.993,2066,0.0090,1.6649
11777,19:14:45.993,2068,0.0100,1.6665
11778,19:14:45.994,2071,0.0115,1.6689
11779,19:14:45.994,2074,0.0129,1.6714
11780,19:14:45.995,2068,0.0100,1.6665
11781,19:14:45.995,2070,0.0110,1.6681
11782,19:14:45.996,2076,0.0139,1.6730
11783,19:14:45.996,2071,0.0115,1.6689
11784,19:14:45.997,2067,0.0095,1.6657
11785,19:14:45.997,2068,0.0100,1.6665
11786,19:14:45.998,2076,0.0139,1.6730
11787,19:14:45.998,2072,0.0120,1.6697
11788,19:14:45.999,2066,0.0090,1.6649
11789,19:14:45.999,2070,0.0110,1.6681
11790,19:14:46.000,2072,0.0120,1.6697
11791,19:14:46.000,2071,0.0115,1.6689
11792,19:14:46.001,2070,0.0110,1.6681
11793,19:14:46.001,2072,0.0120,1.6697
11794,19:14:46.002,2074,0.0129,1.6714
11795,19:14:46.002,2071,0.0115,1.6689
11796,19:14:46.003,2067,0.0095,1.6657
11797,19:14:46.003,2071,0.0115,1.6689
11798,19:14:46.004,2073,0.0125,1.6705
11799,19:14:46.004,2070,0.0110,1.6681
11800,19:14:46.005,2070,0.0110,1.6681
11801,19:14:46.005,2068,0.0100,1.6665
11802,19:14:46.006,2072,0.0120,1.6697
11803,19:14:46.006,2074,0.0129,1.6714
11804,19:14:46.007,2067,0.0095,1.6657
11805,19:14:46.007,2072,0.0120,1.6697
11806,19:14:46.008,2072,0.0120,1.6697
11807,19:14:46.008,2072,0.0120,1.6697
11808,19:14:46.009,2067,0.0095,1.6657
11809,19:14:46.009,2070,0.0110,1.6681
11810,19:14:46.010,2073,0.0125,1.6705
11811,19:14:46.010,2071,0.0115,1.6689
11812,19:14:46.011,2070,0.0110,1.6681
11813,19:14:46.011,2071,0.0115,1.6689
11814,19:14:46.012,2072,0.0120,1.6697
11815,19:14:46.012,2074,0.0129,1.6714
11816,19:14:46.013,2071,0.0115,1.6689
11817,19:14:46.013,2072,0.0120,1.6697
11818,19:14:46.014,2074,0.0129,1.6714
11819,19:14:46.014,2070,0.0110,1.6681
11820,19:14:46.015,2071,0.0115,1.6689
11821,19:14:46.015,2070,0.0110,1.6681
11822,19:14:46.016,2076,0.0139,1.6730
11823,19:14:46.016,2076,0.0139,1.6730
11824,19:14:46.017,2068,0.0100,1.6665
11825,19:14:46.017,2069,0.0105,1.6673
11826,19:14:46.018,2074,0.0129,1.6714
11827,19:14:46.018,2076,0.0139,1.6730
11828,19:14:46.019,2071,0.0115,1.6689
11829,19:14:46.019,2070,0.0110,1.6681
11830,19:14:46.020,2077,0.0144,1.6738
11831,19:14:46.020,2075,0.0134,1.6722
11832,19:14:46.021,2070,0.0110,1.6681
11833,19:14:46.021,2072,0.0120,1.6697
11834,19:14:46.022,2077,0.0144,1.6738
11835,19:14:46.022,2074,0.0129,1.6714
11836,19:14:46.023,2073,0.0125,1.6705
11837,19:14:46.023,2070,0.0110,1.6681
11838,19:14:46.024,2074,0.0129,1.6714
11839,19:14:46.024,2072,0.0120,1.6697
11840,19:14:46.025,2071,0.0115,1.6689
11841,19:14:46.025,2073,0.0125,1.6705
11842,19:14:46.026,2076,0.0139,1.6730
11843,19:14:46.026,2074,0.0129,1.6714
11844,19:14:46.027,2071,0.0115,1.6689
11845,19:14:46.027,2070,0.0110,1.6681
11846,19:14:46.028,2077,0.0144,1.6738
11847,19:14:46.028,2079,0.0154,1.6754
11848,19:14:46.029,2074,0.0129,1.6714
11849,19:14:46.029,2072,0.0120,1.6697
11850,19:14:46.030,2080,0.0159,1.6762
11851,19:14:46.030,2082,0.0168,1.6778
11852,19:14:46.031,2074,0.0129,1.6714
11853,19:14:46.031,2066,0.0090,1.6649
11854,19:14:46.032,2089,0.0203,1.6834
11855,19:14:46.032,2071,0.0115,1.6689
11856,19:14:46.033,2071,0.0115,1.6689
11857,19:14:46.033,2096,0.0237,1.6891
11858,19:14:46.034,2063,0.0076,1.6625
11859,19:14:46.034,2086,0.0188,1.6810
11860,19:14:46.035,2080,0.0159,1.6762
11861,19:14:46.035,2058,0.0051,1.6585
11862,19:14:46.036,2097,0.0242,1.6899
11863,19:14:46.036,2068,0.0100,1.6665
11864,19:14:46.037,2091,0.0212,1.6851
11865,19:14:46.037,2063,0.0076,1.6625
11866,19:14:46.038,2094,0.0227,1.6875
11867,19:14:46.038,2087,0.0193,1.6818
11868,19:14:46.039,2076,0.0139,1.6730
11869,19:14:46.039,2099,0.0252,1.6915
11870,19:14:46.040,2052,0.0022,1.6536
11871,19:14:46.040,2097,0.0242,1.6899
11872,19:14:46.041,2103,0.0271,1.6947
11873,19:14:46.041,2070,0.0110,1.6681
11874,19:14:46.042,2087,0.0193,1.6818
11875,19:14:46.042,2077,0.0144,1.6738
11876,19:14:46.043,2091,0.0212,1.6851
11877,19:14:46.043,2083,0.0173,1.6786
11878,19:14:46.044,2102,0.0266,1.6939
11879,19:14:46.044,2090,0.0208,1.6842
11880,19:14:46.045,2069,0.0105,1.6673
11881,19:14:46.045,2111,0.0310,1.7012
11882,19:14:46.046,2080,0.0159,1.6762
11883,19:14:46.046,2106,0.0286,1.6971
11884,19:14:46.047,2105,0.0281,1.6963
11885,19:14:46.047,2069,0.0105,1.6673
11886,19:14:46.048,2096,0.0237,1.6891
11887,19:14:46.048,2088,0.0198,1.6826
11888,19:14:46.049,2112,0.0315,1.7020
11889,19:14:46.049,2082,0.0168,1.6778
11890,19:14:46.050,2100,0.0256,1.6923
11891,19:14:46.050,2102,0.0266,1.6939
11892,19:14:46.051,2072,0.0120,1.6697
11893,19:14:46.051,2131,0.0408,1.7173
11894,19:14:46.052,2077,0.0144,1.6738
11895,19:14:46.052,2076,0.0139,1.6730
11896,19:14:46.053,2079,0.0154,1.6754
11897,19:14:46.053,2055,0.0037,1.6560
11898,19:14:46.054,2102,0.0266,1.6939
11899,19:14:46.054,2104,0.0276,1.6955
11900,19:14:46.055,2120,0.0354,1.7084
11901,19:14:46.055,2075,0.0134,1.6722
11902,19:14:46.056,2081,0.0164,1.6770
11903,19:14:46.056,2085,0.0183,1.6802
11904,19:14:46.057,2058,0.0051,1.6585
11905,19:14:46.057,2099,0.0252,1.6915
11906,19:14:46.058,2078,0.0149,1.6746
11907,19:14:46.058,2092,0.0217,1.6859
11908,19:14:46.059,2112,0.0315,1.7020
11909,19:14:46.059,2069,0.0105,1.6673
11910,19:14:46.060,2069,0.0105,1.6673
11911,19:14:46.060,2055,0.0037,1.6560
11912,19:14:46.061,2090,0.0208,1.6842
11913,19:14:46.061,2074,0.0129,1.6714
11914,19:14:46.062,2090,0.0208,1.6842
11915,19:14:46.062,2101,0.0261,1.6931
11916,19:14:46.063,2044,-0.0017,1.6472
11917,19:14:46.063,2079,0.0154,1.6754
11918,19:14:46.064,2059,0.0056,1.6593
11919,19:14:46.064,2066,0.0090,1.6649
11920,19:14:46.065,2090,0.0208,1.6842
11921,19:14:46.065,2071,0.0115,1.6689
11922,19:14:46.066,2069,0.0105,1.6673
11923,19:14:46.066,2059,0.0056,1.6593
11924,19:14:46.067,2079,0.0154,1.6754
11925,19:14:46.067,2051,0.0017,1.6528
11926,19:14:46.068,2062,0.0071,1.6617
11927,19:14:46.068,2082,0.0168,1.6778
11928,19:14:46.069,2052,0.0022,1.6536
11929,19:14:46.069,2083,0.0173,1.6786
11930,19:14:46.070,2059,0.0056,1.6593
11931,19:14:46.070,2048,0.0002,1.6504
11932,19:14:46.071,2075,0.0134,1.6722
11933,19:14:46.071,2062,0.0071,1.6617
11934,19:14:46.072,2065,0.0085,1.6641
11935,19:14:46.072,2056,0.0042,1.6568
11936,19:14:46.073,2079,0.0154,1.6754
11937,19:14:46.073,2058,0.0051,1.6585
11938,19:14:46.074,2057,0.0046,1.6577
11939,19:14:46.074,2080,0.0159,1.6762
11940,19:14:46.075,2043,-0.0022,1.6464
11941,19:14:46.075,2071,0.0115,1.6689
11942,19:14:46.076,2065,0.0085,1.6641
11943,19:14:46.076,2053,0.0027,1.6544
11944,19:14:46.077,2076,0.0139,1.6730
11945,19:14:46.077,2062,0.0071,1.6617
11946,19:14:46.078,2057,0.0046,1.6577
11947,19:14:46.078,2053,0.0027,1.6544
11948,19:14:46.079,2079,0.0154,1.6754
11949,19:14:46.079,2066,0.0090,1.6649
11950,19:14:46.080,2065,0.0085,1.6641
11951,19:14:46.080,2080,0.0159,1.6762
11952,19:14:46.081,2043,-0.0022,1.6464
11953,19:14:46.081,2060,0.0061,1.6601
11954,19:14:46.082,2071,0.0115,1.6689
11955,19:14:46.082,2059,0.0056,1.6593
11956,19:14:46.083,2076,0.0139,1.6730
11957,19:14:46.083,2070,0.0110,1.6681
11958,19:14:46.084,2067,0.0095,1.6657
11959,19:14:46.084,2048,0.0002,1.6504
11960,19:14:46.085,2066,0.0090,1.6649
11961,19:14:46.085,2063,0.0076,1.6625
11962,19:14:46.086,2056,0.0042,1.6568
11963,19:14:46.086,2087,0.0193,1.6818
11964,19:14:46.087,2060,0.0061,1.6601
11965,19:14:46.087,2068,0.0100,1.6665
11966,19:14:46.088,2068,0.0100,1.6665
11967,19:14:46.088,2050,0.0012,1.6520
11968,19:14:46.089,2067,0.0095,1.6657
11969,19:14:46.089,2073,0.0125,1.6705
11970,19:14:46.090,2073,0.0125,1.6705
11971,19:14:46.090,2055,0.0037,1.6560
11972,19:14:46.091,2074,0.0129,1.6714
11973,19:14:46.091,2065,0.0085,1.6641
11974,19:14:46.092,2051,0.0017,1.6528
11975,19:14:46.092,2078,0.0149,1.6746
11976,19:14:46.093,2062,0.0071,1.6617
11977,19:14:46.093,2067,0.0095,1.6657
11978,19:14:46.094,2076,0.0139,1.6730
11979,19:14:46.094,2057,0.0046,1.6577
11980,19:14:46.095,2065,0.0085,1.6641
11981,19:14:46.095,2068,0.0100,1.6665
11982,19:14:46.096,2069,0.0105,1.6673
11983,19:14:46.096,2056,0.0042,1.6568
11984,19:14:46.097,2074,0.0129,1.6714
11985,19:14:46.097,2076,0.0139,1.6730
11986,19:14:46.098,2055,0.0037,1.6560
11987,19:14:46.098,2076,0.0139,1.6730
11988,19:14:46.099,2062,0.0071,1.6617
11989,19:14:46.099,2060,0.0061,1.6601
11990,19:14:46.100,2076,0.0139,1.6730
11991,19:14:46.100,2061,0.0066,1.6609
11992,19:14:46.101,2067,0.0095,1.6657
11993,19:14:46.101,2065,0.0085,1.6641
11994,19:14:46.102,2069,0.0105,1.6673
11995,19:14:46.102,2059,0.0056,1.6593
11996,19:14:46.103,2068,0.0100,1.6665
11997,19:14:46.103,2078,0.0149,1.6746
11998,19:14:46.104,2055,0.0037,1.6560
11999,19:14:46.104,2073,0.0125,1.6705
12000,19:14:46.105,2068,0.0100,1.6665
12001,19:14:46.105,2059,0.0056,1.6593
12002,19:14:46.106,2075,0.0134,1.6722
12003,19:14:46.106,2063,0.0076,1.6625
12004,19:14:46.107,2066,0.0090,1.6649
12005,19:14:46.107,2064,0.0081,1.6633
12006,19:14:46.108,2071,0.0115,1.6689
12007,19:14:46.108,2058,0.0051,1.6585
12008,19:14:46.109,2064,0.0081,1.6633
12009,19:14:46.109,2081,0.0164,1.6770
12010,19:14:46.110,2052,0.0022,1.6536
12011,19:14:46.110,2068,0.0100,1.6665
12012,19:14:46.111,2070,0.0110,1.6681
12013,19:14:46.111,2060,0.0061,1.6601
12014,19:14:46.112,2077,0.0144,1.6738
12015,19:14:46.112,2070,0.0110,1.6681
12016,19:14:46.113,2065,0.0085,1.6641
12017,19:14:46.113,2064,0.0081,1.6633
12018,19:14:46.114,2072,0.0120,1.6697
12019,19:14:46.114,2067,0.0095,1.6657
12020,19:14:46.115,2063,0.0076,1.6625
12021,19:14:46.115,2084,0.0178,1.6794
12022,19:14:46.116,2062,0.0071,1.6617
12023,19:14:46.116,2072,0.0120,1.6697
12024,19:14:46.117,2074,0.0129,1.6714
12025,19:14:46.117,2062,0.0071,1.6617
12026,19:14:46.118,2076,0.0139,1.6730
12027,19:14:46.118,2074,0.0129,1.6714
12028,19:14:46.119,2073,0.0125,1.6705
12029,19:14:46.119,2072,0.0120,1.6697
12030,19:14:46.120,2069,0.0105,1.6673
12031,19:14:46.120,2072,0.0120,1.6697
12032,19:14:46.121,2066,0.0090,1.6649
12033,19:14:46.121,2087,0.0193,1.6818
12034,19:14:46.122,2069,0.0105,1.6673
12035,19:14:46.122,2069,0.0105,1.6673
12036,19:14:46.123,2084,0.0178,1.6794
12037,19:14:46.123,2062,0.0071,1.6617
12038,19:14:46.124,2077,0.0144,1.6738
12039,19:14:46.124,2083,0.0173,1.6786
12040,19:14:46.125,2074,0.0129,1.6714
12041,19:14:46.125,2070,0.0110,1.6681
12042,19:14:46.126,2076,0.0139,1.6730
12043,19:14:46.126,2077,0.0144,1.6738
12044,19:14:46.127,2065,0.0085,1.6641
12045,19:14:46.127,2089,0.0203,1.6834
12046,19:14:46.128,2075,0.0134,1.6722
12047,19:14:46.128,2065,0.0085,1.6641
12048,19:14:46.129,2086,0.0188,1.6810
12049,19:14:46.129,2068,0.0100,1.6665
12050,19:14:46.130,2078,0.0149,1.6746
12051,19:14:46.130,2080,0.0159,1.6762
12052,19:14:46.131,2080,0.0159,1.6762
12053,19:14:46.131,2071,0.0115,1.6689
12054,19:14:46.132,2073,0.0125,1.6705
12055,19:14:46.132,2080,0.0159,1.6762
12056,19:14:46.133,2062,0.0071,1.6617
12057,19:14:46.133,2088,0.0198,1.6826
12058,19:14:46.134,2079,0.0154,1.6754
12059,19:14:46.134,2065,0.0085,1.6641
12060,19:14:46.135,2090,0.0208,1.6842
12061,19:14:46.135,2072,0.0120,1.6697
12062,19:14:46.136,2074,0.0129,1.6714
12063,19:14:46.136,2083,0.0173,1.6786
12064,19:14:46.137,2083,0.0173,1.6786
12065,19:14:46.137,2075,0.0134,1.6722
12066,19:14:46.138,2074,0.0129,1.6714
12067,19:14:46.138,2084,0.0178,1.6794
12068,19:14:46.139,2060,0.0061,1.6601
12069,19:14:46.139,2087,0.0193,1.6818
12070,19:14:46.140,2086,0.0188,1.6810
12071,19:14:46.140,2066,0.0090,1.6649
12072,19:14:46.141,2093,0.0222,1.6867
12073,19:14:46.141,2071,0.0115,1.6689
12074,19:14:46.142,2073,0.0125,1.6705
12075,19:14:46.142,2084,0.0178,1.6794
12076,19:14:46.143,2083,0.0173,1.6786
12077,19:14:46.143,2074,0.0129,1.6714
12078,19:14:46.144,2074,0.0129,1.6714
12079,19:14:46.144,2090,0.0208,1.6842
12080,19:14:46.145,2067,0.0095,1.6657
12081,19:14:46.145,2083,0.0173,1.6786
12082,19:14:46.146,2085,0.0183,1.6802
12083,19:14:46.146,2062,0.0071,1.6617
12084,19:14:46.147,2088,0.0198,1.6826
12085,19:14:46.147,2079,0.0154,1.6754
12086,19:14:46.148,2073,0.0125,1.6705
12087,19:14:46.148,2082,0.0168,1.6778
12088,19:14:46.149,2081,0.0164,1.6770
12089,19:14:46.149,2076,0.0139,1.6730
12090,19:14:46.150,2070,0.0110,1.6681
12091,19:14:46.150,2092,0.0217,1.6859
12092,19:14:46.151,2066,0.0090,1.6649
12093,19:14:46.151,2078,0.0149,1.6746
12094,19:14:46.152,2089,0.0203,1.6834
12095,19:14:46.152,2060,0.0061,1.6601
12096,19:14:46.153,2087,0.0193,1.6818
12097,19:14:46.153,2076,0.0139,1.6730
12098,19:14:46.154,2072,0.0120,1.6697
12099,19:14:46.154,2079,0.0154,1.6754
12100,19:14:46.155,2084,0.0178,1.6794
12101,19:14:46.155,2078,0.0149,1.6746
12102,19:14:46.156,2067,0.0095,1.6657
12103,19:14:46.156,2088,0.0198,1.6826
12104,19:14:46.157,2064,0.0081,1.6633
12105,19:14:46.157,2075,0.0134,1.6722
12106,19:14:46.158,2092,0.0217,1.6859
12107,19:14:46.158,2059,0.0056,1.6593
12108,19:14:46.159,2083,0.0173,1.6786
12109,19:14:46.159,2079,0.0154,1.6754
12110,19:14:46.160,2070,0.0110,1.6681
12111,19:14:46.160,2074,0.0129,1.6714
12112,19:14:46.161,2079,0.0154,1.6754
12113,19:14:46.161,2074,0.0129,1.6714
12114,19:14:46.162,2059,0.0056,1.6593
12115,19:14:46.162,2088,0.0198,1.6826
12116,19:14:46.163,2066,0.0090,1.6649
12117,19:14:46.163,2070,0.0110,1.6681
12118,19:14:46.164,2090,0.0208,1.6842
12119,19:14:46.164,2058,0.0051,1.6585
12120,19:14:46.165,2079,0.0154,1.6754
12121,19:14:46.165,2082,0.0168,1.6778
12122,19:14:46.166,2067,0.0095,1.6657
12123,19:14:46.166,2073,0.0125,1.6705
12124,19:14:46.167,2078,0.0149,1.6746
12125,19:14:46.167,2075,0.0134,1.6722
12126,19:14:46.168,2056,0.0042,1.6568
12127,19:14:46.168,2082,0.0168,1.6778
12128,19:14:46.169,2071,0.0115,1.6689
12129,19:14:46.169,2064,0.0081,1.6633
12130,19:14:46.170,2092,0.0217,1.6859
12131,19:14:46.170,2062,0.0071,1.6617
12132,19:14:46.171,2076,0.0139,1.6730
12133,19:14:46.171,2077,0.0144,1.6738
12134,19:14:46.172,2066,0.0090,1.6649
12135,19:14:46.172,2070,0.0110,1.6681
12136,19:14:46.173,2078,0.0149,1.6746
12137,19:14:46.173,2082,0.0168,1.6778
12138,19:14:46.174,2051,0.0017,1.6528
12139,19:14:46.174,2079,0.0154,1.6754
12140,19:14:46.175,2070,0.0110,1.6681
12141,19:14:46.175,2062,0.0071,1.6617
12142,19:14:46.176,2090,0.0208,1.6842
12143,19:14:46.176,2059,0.0056,1.6593
12144,19:14:46.177,2070,0.0110,1.6681
12145,19:14:46.177,2077,0.0144,1.6738
12146,19:14:46.178,2064,0.0081,1.6633
12147,19:14:46.178,2069,0.0105,1.6673
12148,19:14:46.179,2073,0.0125,1.6705
12149,19:14:46.179,2080,0.0159,1.6762
12150,19:14:46.180,2051,0.0017,1.6528
12151,19:14:46.180,2077,0.0144,1.6738
12152,19:14:46.181,2070,0.0110,1.6681
12153,19:14:46.181,2060,0.0061,1.6601
12154,19:14:46.182,2088,0.0198,1.6826
12155,19:14:46.182,2064,0.0081,1.6633
12156,19:14:46.183,2070,0.0110,1.6681
12157,19:14:46.183,2076,0.0139,1.6730
12158,19:14:46.184,2067,0.0095,1.6657
12159,19:14:46.184,2066,0.0090,1.6649
12160,19:14:46.185,2074,0.0129,1.6714
12161,19:14:46.185,2081,0.0164,1.6770
12162,19:14:46.186,2056,0.0042,1.6568
12163,19:14:46.186,2074,0.0129,1.6714
12164,19:14:46.187,2073,0.0125,1.6705
12165,19:14:46.187,2058,0.0051,1.6585
12166,19:14:46.188,2087,0.0193,1.6818
12167,19:14:46.188,2068,0.0100,1.6665
12168,19:14:46.189,2067,0.0095,1.6657
12169,19:14:46.189,2077,0.0144,1.6738
12170,19:14:46.190,2068,0.0100,1.6665
12171,19:14:46.190,2072,0.0120,1.6697
12172,19:14:46.191,2072,0.0120,1.6697
12173,19:14:46.191,2084,0.0178,1.6794
12174,19:14:46.192,2057,0.0046,1.6577
12175,19:14:46.192,2072,0.0120,1.6697
12176,19:14:46.193,2078,0.0149,1.6746
12177,19:14:46.193,2061,0.0066,1.6609
12178,19:14:46.194,2085,0.0183,1.6802
12179,19:14:46.194,2071,0.0115,1.6689
12180,19:14:46.195,2066,0.0090,1.6649
12181,19:14:46.195,2073,0.0125,1.6705
12182,19:14:46.196,2072,0.0120,1.6697
12183,19:14:46.196,2072,0.0120,1.6697
12184,19:14:46.197,2071,0.0115,1.6689
12185,19:14:46.197,2083,0.0173,1.6786
12186,19:14:46.198,2060,0.0061,1.6601
12187,19:14:46.198,2072,0.0120,1.6697
12188,19:14:46.199,2078,0.0149,1.6746
12189,19:14:46.199,2063,0.0076,1.6625
12190,19:14:46.200,2082,0.0168,1.6778
12191,19:14:46.200,2070,0.0110,1.6681
12192,19:14:46.201,2065,0.0085,1.6641
12193,19:14:46.201,2077,0.0144,1.6738
12194,19:14:46.202,2073,0.0125,1.6705
12195,19:14:46.202,2071,0.0115,1.6689
12196,19:14:46.203,2070,0.0110,1.6681
12197,19:14:46.203,2084,0.0178,1.6794
12198,19:14:46.204,2062,0.0071,1.6617
12199,19:14:46.204,2069,0.0105,1.6673
12200,19:14:46.205,2078,0.0149,1.6746
12201,19:14:46.205,2064,0.0081,1.6633
12202,19:14:46.206,2081,0.0164,1.6770
12203,19:14:46.206,2072,0.0120,1.6697
12204,19:14:46.207,2070,0.0110,1.6681
12205,19:14:46.207,2072,0.0120,1.6697
12206,19:14:46.208,2072,0.0120,1.6697
12207,19:14:46.208,2071,0.0115,1.6689
12208,19:14:46.209,2070,0.0110,1.6681
12209,19:14:46.209,2082,0.0168,1.6778
12210,19:14:46.210,2063,0.0076,1.6625
12211,19:14:46.210,2066,0.0090,1.6649
12212,19:14:46.211,2080,0.0159,1.6762
12213,19:14:46.211,2065,0.0085,1.6641
12214,19:14:46.212,2076,0.0139,1.6730
12215,19:14:46.212,2074,0.0129,1.6714
12216,19:14:46.213,2070,0.0110,1.6681
12217,19:14:46.213,2072,0.0120,1.6697
12218,19:14:46.214,2072,0.0120,1.6697
12219,19:14:46.214,2074,0.0129,1.6714
12220,19:14:46.215,2066,0.0090,1.6649
12221,19:14:46.215,2081,0.0164,1.6770
12222,19:14:46.216,2066,0.0090,1.6649
12223,19:14:46.216,2066,0.0090,1.6649
12224,19:14:46.217,2079,0.0154,1.6754
12225,19:14:46.217,2065,0.0085,1.6641
12226,19:14:46.218,2076,0.0139,1.6730
12227,19:14:46.218,2074,0.0129,1.6714
12228,19:14:46.219,2071,0.0115,1.6689
12229,19:14:46.219,2075,0.0134,1.6722
12230,19:14:46.220,2071,0.0115,1.6689
12231,19:14:46.220,2076,0.0139,1.6730
12232,19:14:46.221,2068,0.0100,1.6665
12233,19:14:46.221,2076,0.0139,1.6730
12234,19:14:46.222,2069,0.0105,1.6673
12235,19:14:46.222,2064,0.0081,1.6633
12236,19:14:46.223,2076,0.0139,1.6730
12237,19:14:46.223,2069,0.0105,1.6673
12238,19:14:46.224,2075,0.0134,1.6722
12239,19:14:46.224,2073,0.0125,1.6705
12240,19:14:46.225,2068,0.0100,1.6665
12241,19:14:46.225,2073,0.0125,1.6705
12242,19:14:46.226,2066,0.0090,1.6649
12243,19:14:46.226,2076,0.0139,1.6730
12244,19:14:46.227,2065,0.0085,1.6641
12245,19:14:46.227,2073,0.0125,1.6705
12246,19:14:46.228,2068,0.0100,1.6665
12247,19:14:46.228,2063,0.0076,1.6625
12248,19:14:46.229,2076,0.0139,1.6730
12249,19:14:46.229,2069,0.0105,1.6673
12250,19:14:46.230,2069,0.0105,1.6673
12251,19:14:46.230,2073,0.0125,1.6705
12252,19:14:46.231,2071,0.0115,1.6689
12253,19:14:46.231,2072,0.0120,1.6697
12254,19:14:46.232,2064,0.0081,1.6633
12255,19:14:46.232,2072,0.0120,1.6697
12256,19:14:46.233,2069,0.0105,1.6673
12257,19:14:46.233,2070,0.0110,1.6681
12258,19:14:46.234,2074,0.0129,1.6714
12259,19:14:46.234,2063,0.0076,1.6625
12260,19:14:46.235,2072,0.0120,1.6697
12261,19:14:46.235,2072,0.0120,1.6697
12262,19:14:46.236,2072,0.0120,1.6697
12263,19:14:46.236,2074,0.0129,1.6714
12264,19:14:46.237,2072,0.0120,1.6697
12265,19:14:46.237,2070,0.0110,1.6681
12266,19:14:46.238,2066,0.0090,1.6649
12267,19:14:46.238,2074,0.0129,1.6714
12268,19:14:46.239,2072,0.0120,1.6697
12269,19:14:46.239,2067,0.0095,1.6657
12270,19:14:46.240,2077,0.0144,1.6738
12271,19:14:46.240,2065,0.0085,1.6641
12272,19:14:46.241,2070,0.0110,1.6681
12273,19:14:46.241,2073,0.0125,1.6705
12274,19:14:46.242,2069,0.0105,1.6673
12275,19:14:46.242,2071,0.0115,1.6689
12276,19:14:46.243,2070,0.0110,1.6681
12277,19:14:46.243,2074,0.0129,1.6714
12278,19:14:46.244,2066,0.0090,1.6649
12279,19:14:46.244,2072,0.0120,1.6697
12280,19:14:46.245,2074,0.0129,1.6714
12281,19:14:46.245,2066,0.0090,1.6649
12282,19:14:46.246,2077,0.0144,1.6738
12283,19:14:46.246,2065,0.0085,1.6641
12284,19:14:46.247,2068,0.0100,1.6665
12285,19:14:46.247,2073,0.0125,1.6705
12286,19:14:46.248,2069,0.0105,1.6673
12287,19:14:46.248,2071,0.0115,1.6689
12288,19:14:46.249,2073,0.0125,1.6705
12289,19:14:46.249,2077,0.0144,1.6738
12290,19:14:46.250,2066,0.0090,1.6649
12291,19:14:46.250,2072,0.0120,1.6697
12292,19:14:46.251,2080,0.0159,1.6762
12293,19:14:46.251,2064,0.0081,1.6633
12294,19:14:46.252,2073,0.0125,1.6705
12295,19:14:46.252,2066,0.0090,1.6649
12296,19:14:46.253,2071,0.0115,1.6689
12297,19:14:46.253,2070,0.0110,1.6681
12298,19:14:46.254,2071,0.0115,1.6689
12299,19:14:46.254,2071,0.0115,1.6689
12300,19:14:46.255,2065,0.0085,1.6641
12301,19:14:46.255,2078,0.0149,1.6746
12302,19:14:46.256,2064,0.0081,1.6633
12303,19:14:46.256,2072,0.0120,1.6697
12304,19:14:46.257,2077,0.0144,1.6738
12305,19:14:46.257,2068,0.0100,1.6665
12306,19:14:46.258,2075,0.0134,1.6722
12307,19:14:46.258,2068,0.0100,1.6665
12308,19:14:46.259,2070,0.0110,1.6681
12309,19:14:46.259,2072,0.0120,1.6697
12310,19:14:46.260,2070,0.0110,1.6681
12311,19:14:46.260,2072,0.0120,1.6697
12312,19:14:46.261,2071,0.0115,1.6689
12313,19:14:46.261,2074,0.0129,1.6714
12314,19:14:46.262,2067,0.0095,1.6657
12315,19:14:46.262,2069,0.0105,1.6673
12316,19:14:46.263,2074,0.0129,1.6714
12317,19:14:46.263,2069,0.0105,1.6673
12318,19:14:46.264,2067,0.0095,1.6657
12319,19:14:46.264,2071,0.0115,1.6689
12320,19:14:46.265,2071,0.0115,1.6689
12321,19:14:46.265,2067,0.0095,1.6657
12322,19:14:46.266,2069,0.0105,1.6673
12323,19:14:46.266,2067,0.0095,1.6657
12324,19:14:46.267,2073,0.0125,1.6705
12325,19:14:46.267,2069,0.0105,1.6673
12326,19:14:46.268,2067,0.0095,1.6657
12327,19:14:46.268,2069,0.0105,1.6673
12328,19:14:46.269,2070,0.0110,1.6681
12329,19:14:46.269,2066,0.0090,1.6649
12330,19:14:46.270,2067,0.0095,1.6657
12331,19:14:46.270,2066,0.0090,1.6649
12332,19:14:46.271,2067,0.0095,1.6657
12333,19:14:46.271,2064,0.0081,1.6633
12334,19:14:46.272,2064,0.0081,1.6633
12335,19:14:46.272,2063,0.0076,1.6625
12336,19:14:46.273,2070,0.0110,1.6681
12337,19:14:46.273,2069,0.0105,1.6673
12338,19:14:46.274,2061,0.0066,1.6609
12339,19:14:46.274,2067,0.0095,1.6657
12340,19:14:46.275,2068,0.0100,1.6665
12341,19:14:46.275,2067,0.0095,1.6657
12342,19:14:46.276,2062,0.0071,1.6617
12343,19:14:46.276,2064,0.0081,1.6633
12344,19:14:46.277,2066,0.0090,1.6649
12345,19:14:46.277,2062,0.0071,1.6617
12346,19:14:46.278,2060,0.0061,1.6601
12347,19:14:46.278,2065,0.0085,1.6641
12348,19:14:46.279,2066,0.0090,1.6649
12349,19:14:46.279,2066,0.0090,1.6649
12350,19:14:46.280,2063,0.0076,1.6625
12351,19:14:46.280,2061,0.0066,1.6609
12352,19:14:46.281,2063,0.0076,1.6625
12353,19:14:46.281,2063,0.0076,1.6625
12354,19:14:46.282,2060,0.0061,1.6601
12355,19:14:46.282,2065,0.0085,1.6641
12356,19:14:46.283,2065,0.0085,1.6641
12357,19:14:46.283,2067,0.0095,1.6657
12358,19:14:46.284,2063,0.0076,1.6625
12359,19:14:46.284,2061,0.0066,1.6609
12360,19:14:46.285,2067,0.0095,1.6657
12361,19:14:46.285,2066,0.0090,1.6649
12362,19:14:46.286,2060,0.0061,1.6601
12363,19:14:46.286,2062,0.0071,1.6617
12364,19:14:46.287,2065,0.0085,1.6641
12365,19:14:46.287,2064,0.0081,1.6633
12366,19:14:46.288,2062,0.0071,1.6617
12367,19:14:46.288,2063,0.0076,1.6625
12368,19:14:46.289,2065,0.0085,1.6641
12369,19:14:46.289,2065,0.0085,1.6641
12370,19:14:46.290,2062,0.0071,1.6617
12371,19:14:46.290,2061,0.0066,1.6609
12372,19:14:46.291,2061,0.0066,1.6609
12373,19:14:46.291,2063,0.0076,1.6625
12374,19:14:46.292,2062,0.0071,1.6617
12375,19:14:46.292,2058,0.0051,1.6585
12376,19:14:46.293,2064,0.0081,1.6633
12377,19:14:46.293,2062,0.0071,1.6617
12378,19:14:46.294,2062,0.0071,1.6617
12379,19:14:46.294,2058,0.0051,1.6585
12380,19:14:46.295,2066,0.0090,1.6649
12381,19:14:46.295,2063,0.0076,1.6625
12382,19:14:46.296,2061,0.0066,1.6609
12383,19:14:46.296,2061,0.0066,1.6609
12384,19:14:46.297,2062,0.0071,1.6617
12385,19:14:46.297,2062,0.0071,1.6617
12386,19:14:46.298,2061,0.0066,1.6609
12387,19:14:46.298,2062,0.0071,1.6617
12388,19:14:46.299,2062,0.0071,1.6617
12389,19:14:46.299,2062,0.0071,1.6617
12390,19:14:46.300,2063,0.0076,1.6625
12391,19:14:46.300,2062,0.0071,1.6617
12392,19:14:46.301,2065,0.0085,1.6641
12393,19:14:46.301,2066,0.0090,1.6649
12394,19:14:46.302,2061,0.0066,1.6609
12395,19:14:46.302,2058,0.0051,1.6585
12396,19:14:46.303,2065,0.0085,1.6641
12397,19:14:46.303,2067,0.0095,1.6657
12398,19:14:46.304,2063,0.0076,1.6625
12399,19:14:46.304,2063,0.0076,1.6625
12400,19:14:46.305,2066,0.0090,1.6649
12401,19:14:46.305,2066,0.0090,1.6649
12402,19:14:46.306,2063,0.0076,1.6625
12403,19:14:46.306,2063,0.0076,1.6625
12404,19:14:46.307,2065,0.0085,1.6641
12405,19:14:46.307,2067,0.0095,1.6657
12406,19:14:46.308,2062,0.0071,1.6617
12407,19:14:46.308,2061,0.0066,1.6609
12408,19:14:46.309,2065,0.0085,1.6641
12409,19:14:46.309,2066,0.0090,1.6649
12410,19:14:46.310,2065,0.0085,1.6641
12411,19:14:46.310,2063,0.0076,1.6625
12412,19:14:46.311,2068,0.0100,1.6665
12413,19:14:46.311,2068,0.0100,1.6665
12414,19:14:46.312,2062,0.0071,1.6617
12415,19:14:46.312,2065,0.0085,1.6641
12416,19:14:46.313,2064,0.0081,1.6633
12417,19:14:46.313,2070,0.0110,1.6681
12418,19:14:46.314,2065,0.0085,1.6641
12419,19:14:46.314,2065,0.0085,1.6641
12420,19:14:46.315,2063,0.0076,1.6625
12421,19:14:46.315,2067,0.0095,1.6657
12422,19:14:46.316,2065,0.0085,1.6641
12423,19:14:46.316,2067,0.0095,1.6657
12424,19:14:46.317,2066,0.0090,1.6649
12425,19:14:46.317,2068,0.0100,1.6665
12426,19:14:46.318,2067,0.0095,1.6657
12427,19:14:46.318,2066,0.0090,1.6649
12428,19:14:46.319,2066,0.0090,1.6649
12429,19:14:46.319,2071,0.0115,1.6689
12430,19:14:46.320,2067,0.0095,1.6657
12431,19:14:46.320,2068,0.0100,1.6665
12432,19:14:46.321,2070,0.0110,1.6681
12433,19:14:46.321,2071,0.0115,1.6689
12434,19:14:46.322,2070,0.0110,1.6681
12435,19:14:46.322,2064,0.0081,1.6633
12436,19:14:46.323,2067,0.0095,1.6657
12437,19:14:46.323,2066,0.0090,1.6649
12438,19:14:46.324,2068,0.0100,1.6665
12439,19:14:46.324,2069,0.0105,1.6673
12440,19:14:46.325,2071,0.0115,1.6689
12441,19:14:46.325,2073,0.0125,1.6705
12442,19:14:46.326,2071,0.0115,1.6689
12443,19:14:46.326,2069,0.0105,1.6673
12444,19:14:46.327,2067,0.0095,1.6657
12445,19:14:46.327,2068,0.0100,1.6665
12446,19:14:46.328,2069,0.0105,1.6673
12447,19:14:46.328,2071,0.0115,1.6689
12448,19:14:46.329,2069,0.0105,1.6673
12449,19:14:46.329,2073,0.0125,1.6705
12450,19:14:46.330,2068,0.0100,1.6665
12451,19:14:46.330,2071,0.0115,1.6689
12452,19:14:46.331,2072,0.0120,1.6697
12453,19:14:46.331,2073,0.0125,1.6705
12454,19:14:46.332,2070,0.0110,1.6681
12455,19:14:46.332,2066,0.0090,1.6649
12456,19:14:46.333,2068,0.0100,1.6665
12457,19:14:46.333,2068,0.0100,1.6665
12458,19:14:46.334,2070,0.0110,1.6681
12459,19:14:46.334,2069,0.0105,1.6673
12460,19:14:46.335,2070,0.0110,1.6681
12461,19:14:46.335,2070,0.0110,1.6681
12462,19:14:46.336,2070,0.0110,1.6681
12463,19:14:46.336,2068,0.0100,1.6665
12464,19:14:46.337,2068,0.0100,1.6665
12465,19:14:46.337,2072,0.0120,1.6697
12466,19:14:46.338,2071,0.0115,1.6689
12467,19:14:46.338,2069,0.0105,1.6673
12468,19:14:46.339,2071,0.0115,1.6689
12469,19:14:46.339,2071,0.0115,1.6689
12470,19:14:46.340,2070,0.0110,1.6681
12471,19:14:46.340,2070,0.0110,1.6681
12472,19:14:46.341,2072,0.0120,1.6697
12473,19:14:46.341,2074,0.0129,1.6714
12474,19:14:46.342,2071,0.0115,1.6689
12475,19:14:46.342,2072,0.0120,1.6697
12476,19:14:46.343,2072,0.0120,1.6697
12477,19:14:46.343,2074,0.0129,1.6714
12478,19:14:46.344,2075,0.0134,1.6722
12479,19:14:46.344,2073,0.0125,1.6705
12480,19:14:46.345,2072,0.0120,1.6697
12481,19:14:46.345,2073,0.0125,1.6705
12482,19:14:46.346,2073,0.0125,1.6705
12483,19:14:46.346,2075,0.0134,1.6722
12484,19:14:46.347,2078,0.0149,1.6746
12485,19:14:46.347,2071,0.0115,1.6689
12486,19:14:46.348,2076,0.0139,1.6730
12487,19:14:46.348,2074,0.0129,1.6714
12488,19:14:46.349,2078,0.0149,1.6746
12489,19:14:46.349,2072,0.0120,1.6697
12490,19:14:46.350,2075,0.0134,1.6722
12491,19:14:46.350,2078,0.0149,1.6746
12492,19:14:46.351,2077,0.0144,1.6738
12493,19:14:46.351,2081,0.0164,1.6770
12494,19:14:46.352,2075,0.0134,1.6722
12495,19:14:46.352,2077,0.0144,1.6738
12496,19:14:46.353,2076,0.0139,1.6730
12497,19:14:46.353,2081,0.0164,1.6770
12498,19:14:46.354,2071,0.0115,1.6689
12499,19:14:46.354,2080,0.0159,1.6762
12500,19:14:46.355,2084,0.0178,1.6794
12501,19:14:46.355,2061,0.0066,1.6609
12502,19:14:46.356,2088,0.0198,1.6826
12503,19:14:46.356,2067,0.0095,1.6657
12504,19:14:46.357,2081,0.0164,1.6770
12505,19:14:46.357,2085,0.0183,1.6802
12506,19:14:46.358,2085,0.0183,1.6802
12507,19:14:46.358,2070,0.0110,1.6681
12508,19:14:46.359,2086,0.0188,1.6810
12509,19:14:46.359,2098,0.0247,1.6907
12510,19:14:46.360,2053,0.0027,1.6544
12511,19:14:46.360,2078,0.0149,1.6746
12512,19:14:46.361,2089,0.0203,1.6834
12513,19:14:46.361,2056,0.0042,1.6568
12514,19:14:46.362,2101,0.0261,1.6931
12515,19:14:46.362,2077,0.0144,1.6738
12516,19:14:46.363,2083,0.0173,1.6786
12517,19:14:46.363,2080,0.0159,1.6762
12518,19:14:46.364,2084,0.0178,1.6794
12519,19:14:46.364,2075,0.0134,1.6722
12520,19:14:46.365,2093,0.0222,1.6867
12521,19:14:46.365,2110,0.0305,1.7004
12522,19:14:46.366,2068,0.0100,1.6665
12523,19:14:46.366,2083,0.0173,1.6786
12524,19:14:46.367,2097,0.0242,1.6899
12525,19:14:46.367,2064,0.0081,1.6633
12526,19:14:46.368,2094,0.0227,1.6875
12527,19:14:46.368,2083,0.0173,1.6786
12528,19:14:46.369,2091,0.0212,1.6851
12529,19:14:46.369,2099,0.0252,1.6915
12530,19:14:46.370,2096,0.0237,1.6891
12531,19:14:46.370,2084,0.0178,1.6794
12532,19:14:46.371,2080,0.0159,1.6762
12533,19:14:46.371,2117,0.0339,1.7060
12534,19:14:46.372,2074,0.0129,1.6714
12535,19:14:46.372,2092,0.0217,1.6859
12536,19:14:46.373,2110,0.0305,1.7004
12537,19:14:46.373,2066,0.0090,1.6649
12538,19:14:46.374,2096,0.0237,1.6891
12539,19:14:46.374,2090,0.0208,1.6842
12540,19:14:46.375,2082,0.0168,1.6778
12541,19:14:46.375,2087,0.0193,1.6818
12542,19:14:46.376,2092,0.0217,1.6859
12543,19:14:46.376,2092,0.0217,1.6859
12544,19:14:46.377,2085,0.0183,1.6802
12545,19:14:46.377,2108,0.0295,1.6988
12546,19:14:46.378,2063,0.0076,1.6625
12547,19:14:46.378,2075,0.0134,1.6722
12548,19:14:46.379,2100,0.0256,1.6923
12549,19:14:46.379,2063,0.0076,1.6625
12550,19:14:46.380,2083,0.0173,1.6786
12551,19:14:46.380,2073,0.0125,1.6705
12552,19:14:46.381,2081,0.0164,1.6770
12553,19:14:46.381,2072,0.0120,1.6697
12554,19:14:46.382,2079,0.0154,1.6754
12555,19:14:46.382,2085,0.0183,1.6802
12556,19:14:46.383,2064,0.0081,1.6633
12557,19:14:46.383,2096,0.0237,1.6891
12558,19:14:46.384,2060,0.0061,1.6601
12559,19:14:46.384,2062,0.0071,1.6617
12560,19:14:46.385,2092,0.0217,1.6859
12561,19:14:46.385,2055,0.0037,1.6560
12562,19:14:46.386,2071,0.0115,1.6689
12563,19:14:46.386,2065,0.0085,1.6641
12564,19:14:46.387,2076,0.0139,1.6730
12565,19:14:46.387,2067,0.0095,1.6657
12566,19:14:46.388,2071,0.0115,1.6689
12567,19:14:46.388,2071,0.0115,1.6689
12568,19:14:46.389,2056,0.0042,1.6568
12569,19:14:46.389,2091,0.0212,1.6851
12570,19:14:46.390,2054,0.0032,1.6552
12571,19:14:46.390,2052,0.0022,1.6536
12572,19:14:46.391,2082,0.0168,1.6778
12573,19:14:46.391,2052,0.0022,1.6536
12574,19:14:46.392,2070,0.0110,1.6681
12575,19:14:46.392,2060,0.0061,1.6601
12576,19:14:46.393,2070,0.0110,1.6681
12577,19:14:46.393,2061,0.0066,1.6609
12578,19:14:46.394,2063,0.0076,1.6625
12579,19:14:46.394,2078,0.0149,1.6746
12580,19:14:46.395,2058,0.0051,1.6585
12581,19:14:46.395,2087,0.0193,1.6818
12582,19:14:46.396,2054,0.0032,1.6552
12583,19:14:46.396,2042,-0.0027,1.6456
12584,19:14:46.397,2077,0.0144,1.6738
12585,19:14:46.397,2063,0.0076,1.6625
12586,19:14:46.398,2071,0.0115,1.6689
12587,19:14:46.398,2058,0.0051,1.6585
12588,19:14:46.399,2068,0.0100,1.6665
12589,19:14:46.399,2059,0.0056,1.6593
12590,19:14:46.400,2068,0.0100,1.6665
12591,19:14:46.400,2075,0.0134,1.6722
12592,19:14:46.401,2055,0.0037,1.6560
12593,19:14:46.401,2092,0.0217,1.6859
12594,19:14:46.402,2064,0.0081,1.6633
12595,19:14:46.402,2048,0.0002,1.6504
12596,19:14:46.403,2080,0.0159,1.6762
12597,19:14:46.403,2062,0.0071,1.6617
12598,19:14:46.404,2072,0.0120,1.6697
12599,19:14:46.404,2056,0.0042,1.6568
12600,19:14:46.405,2072,0.0120,1.6697
12601,19:14:46.405,2065,0.0085,1.6641
12602,19:14:46.406,2063,0.0076,1.6625
12603,19:14:46.406,2078,0.0149,1.6746
12604,19:14:46.407,2055,0.0037,1.6560
12605,19:14:46.407,2087,0.0193,1.6818
12606,19:14:46.408,2066,0.0090,1.6649
12607,19:14:46.408,2045,-0.0012,1.6480
12608,19:14:46.409,2070,0.0110,1.6681
12609,19:14:46.409,2066,0.0090,1.6649
12610,19:14:46.410,2073,0.0125,1.6705
12611,19:14:46.410,2057,0.0046,1.6577
12612,19:14:46.411,2073,0.0125,1.6705
12613,19:14:46.411,2063,0.0076,1.6625
12614,19:14:46.412,2062,0.0071,1.6617
12615,19:14:46.412,2079,0.0154,1.6754
12616,19:14:46.413,2058,0.0051,1.6585
12617,19:14:46.413,2084,0.0178,1.6794
12618,19:14:46.414,2072,0.0120,1.6697
12619,19:14:46.414,2050,0.0012,1.6520
12620,19:14:46.415,2067,0.0095,1.6657
12621,19:14:46.415,2061,0.0066,1.6609
12622,19:14:46.416,2072,0.0120,1.6697
12623,19:14:46.416,2061,0.0066,1.6609
12624,19:14:46.417,2068,0.0100,1.6665
12625,19:14:46.417,2062,0.0071,1.6617
12626,19:14:46.418,2060,0.0061,1.6601
12627,19:14:46.418,2075,0.0134,1.6722
12628,19:14:46.419,2058,0.0051,1.6585
12629,19:14:46.419,2080,0.0159,1.6762
12630,19:14:46.420,2070,0.0110,1.6681
12631,19:14:46.420,2051,0.0017,1.6528
12632,19:14:46.421,2067,0.0095,1.6657
12633,19:14:46.421,2062,0.0071,1.6617
12634,19:14:46.422,2072,0.0120,1.6697
12635,19:14:46.422,2055,0.0037,1.6560
12636,19:14:46.423,2070,0.0110,1.6681
12637,19:14:46.423,2067,0.0095,1.6657
12638,19:14:46.424,2056,0.0042,1.6568
12639,19:14:46.424,2075,0.0134,1.6722
12640,19:14:46.425,2061,0.0066,1.6609
12641,19:14:46.425,2076,0.0139,1.6730
12642,19:14:46.426,2071,0.0115,1.6689
12643,19:14:46.426,2053,0.0027,1.6544
12644,19:14:46.427,2063,0.0076,1.6625
12645,19:14:46.427,2058,0.0051,1.6585
12646,19:14:46.428,2070,0.0110,1.6681
12647,19:14:46.428,2059,0.0056,1.6593
12648,19:14:46.429,2065,0.0085,1.6641
12649,19:14:46.429,2070,0.0110,1.6681
12650,19:14:46.430,2061,0.0066,1.6609
12651,19:14:46.430,2075,0.0134,1.6722
12652,19:14:46.431,2063,0.0076,1.6625
12653,19:14:46.431,2073,0.0125,1.6705
12654,19:14:46.432,2072,0.0120,1.6697
12655,19:14:46.432,2057,0.0046,1.6577
12656,19:14:46.433,2067,0.0095,1.6657
12657,19:14:46.433,2059,0.0056,1.6593
12658,19:14:46.434,2072,0.0120,1.6697
12659,19:14:46.434,2061,0.0066,1.6609
12660,19:14:46.435,2070,0.0110,1.6681
12661,19:14:46.435,2069,0.0105,1.6673
12662,19:14:46.436,2062,0.0071,1.6617
12663,19:14:46.436,2074,0.0129,1.6714
12664,19:14:46.437,2069,0.0105,1.6673
12665,19:14:46.437,2077,0.0144,1.6738
12666,19:14:46.438,2071,0.0115,1.6689
12667,19:14:46.438,2062,0.0071,1.6617
12668,19:14:46.439,2071,0.0115,1.6689
12669,19:14:46.439,2066,0.0090,1.6649
12670,19:14:46.440,2074,0.0129,1.6714
12671,19:14:46.440,2066,0.0090,1.6649
12672,19:14:46.441,2072,0.0120,1.6697
12673,19:14:46.441,2077,0.0144,1.6738
12674,19:14:46.442,2064,0.0081,1.6633
12675,19:14:46.442,2074,0.0129,1.6714
12676,19:14:46.443,2076,0.0139,1.6730
12677,19:14:46.443,2076,0.0139,1.6730
12678,19:14:46.444,2070,0.0110,1.6681
12679,19:14:46.444,2066,0.0090,1.6649
12680,19:14:46.445,2074,0.0129,1.6714
12681,19:14:46.445,2069,0.0105,1.6673
12682,19:14:46.446,2077,0.0144,1.6738
12683,19:14:46.446,2068,0.0100,1.6665
12684,19:14:46.447,2071,0.0115,1.6689
12685,19:14:46.447,2076,0.0139,1.6730
12686,19:14:46.448,2071,0.0115,1.6689
12687,19:14:46.448,2076,0.0139,1.6730
12688,19:14:46.449,2079,0.0154,1.6754
12689,19:14:46.449,2079,0.0154,1.6754
12690,19:14:46.450,2074,0.0129,1.6714
12691,19:14:46.450,2067,0.0095,1.6657
12692,19:14:46.451,2075,0.0134,1.6722
12693,19:14:46.451,2072,0.0120,1.6697
12694,19:14:46.452,2078,0.0149,1.6746
12695,19:14:46.452,2073,0.0125,1.6705
12696,19:14:46.453,2073,0.0125,1.6705
12697,19:14:46.453,2079,0.0154,1.6754
12698,19:14:46.454,2073,0.0125,1.6705
12699,19:14:46.454,2075,0.0134,1.6722
12700,19:14:46.455,2078,0.0149,1.6746
12701,19:14:46.455,2085,0.0183,1.6802
12702,19:14:46.456,2073,0.0125,1.6705
12703,19:14:46.456,2075,0.0134,1.6722
12704,19:14:46.457,2079,0.0154,1.6754
12705,19:14:46.457,2072,0.0120,1.6697
12706,19:14:46.458,2082,0.0168,1.6778
12707,19:14:46.458,2076,0.0139,1.6730
12708,19:14:46.459,2072,0.0120,1.6697
12709,19:14:46.459,2081,0.0164,1.6770
12710,19:14:46.460,2078,0.0149,1.6746
12711,19:14:46.460,2074,0.0129,1.6714
12712,19:14:46.461,2087,0.0193,1.6818
12713,19:14:46.461,2084,0.0178,1.6794
12714,19:14:46.462,2073,0.0125,1.6705
12715,19:14:46.462,2072,0.0120,1.6697
12716,19:14:46.463,2079,0.0154,1.6754
12717,19:14:46.463,2077,0.0144,1.6738
12718,19:14:46.464,2081,0.0164,1.6770
12719,19:14:46.464,2079,0.0154,1.6754
12720,19:14:46.465,2072,0.0120,1.6697
12721,19:14:46.465,2082,0.0168,1.6778
12722,19:14:46.466,2083,0.0173,1.6786
12723,19:14:46.466,2076,0.0139,1.6730
12724,19:14:46.467,2084,0.0178,1.6794
12725,19:14:46.467,2092,0.0217,1.6859
12726,19:14:46.468,2072,0.0120,1.6697
12727,19:14:46.468,2072,0.0120,1.6697
12728,19:14:46.469,2078,0.0149,1.6746
12729,19:14:46.469,2079,0.0154,1.6754
12730,19:14:46.470,2080,0.0159,1.6762
12731,19:14:46.470,2083,0.0173,1.6786
12732,19:14:46.471,2072,0.0120,1.6697
12733,19:14:46.471,2079,0.0154,1.6754
12734,19:14:46.472,2082,0.0168,1.6778
12735,19:14:46.472,2074,0.0129,1.6714
12736,19:14:46.473,2087,0.0193,1.6818
12737,19:14:46.473,2095,0.0232,1.6883
12738,19:14:46.474,2073,0.0125,1.6705
12739,19:14:46.474,2069,0.0105,1.6673
12740,19:14:46.475,2082,0.0168,1.6778
12741,19:14:46.475,2080,0.0159,1.6762
12742,19:14:46.476,2076,0.0139,1.6730
12743,19:14:46.476,2083,0.0173,1.6786
12744,19:14:46.477,2072,0.0120,1.6697
12745,19:14:46.477,2074,0.0129,1.6714
12746,19:14:46.478,2085,0.0183,1.6802
12747,19:14:46.478,2072,0.0120,1.6697
12748,19:14:46.479,2082,0.0168,1.6778
12749,19:14:46.479,2092,0.0217,1.6859
12750,19:14:46.480,2076,0.0139,1.6730
12751,19:14:46.480,2072,0.0120,1.6697
12752,19:14:46.481,2079,0.0154,1.6754
12753,19:14:46.481,2079,0.0154,1.6754
12754,19:14:46.482,2072,0.0120,1.6697
12755,19:14:46.482,2082,0.0168,1.6778
12756,19:14:46.483,2074,0.0129,1.6714
12757,19:14:46.483,2070,0.0110,1.6681
12758,19:14:46.484,2087,0.0193,1.6818
12759,19:14:46.484,2068,0.0100,1.6665
12760,19:14:46.485,2078,0.0149,1.6746
12761,19:14:46.485,2093,0.0222,1.6867
12762,19:14:46.486,2072,0.0120,1.6697
12763,19:14:46.486,2068,0.0100,1.6665
12764,19:14:46.487,2072,0.0120,1.6697
12765,19:14:46.487,2078,0.0149,1.6746
12766,19:14:46.488,2070,0.0110,1.6681
12767,19:14:46.488,2084,0.0178,1.6794
12768,19:14:46.489,2070,0.0110,1.6681
12769,19:14:46.489,2062,0.0071,1.6617
12770,19:14:46.490,2081,0.0164,1.6770
12771,19:14:46.490,2070,0.0110,1.6681
12772,19:14:46.491,2071,0.0115,1.6689
12773,19:14:46.491,2089,0.0203,1.6834
12774,19:14:46.492,2070,0.0110,1.6681
12775,19:14:46.492,2064,0.0081,1.6633
12776,19:14:46.493,2069,0.0105,1.6673
12777,19:14:46.493,2074,0.0129,1.6714
12778,19:14:46.494,2065,0.0085,1.6641
12779,19:14:46.494,2078,0.0149,1.6746
12780,19:14:46.495,2072,0.0120,1.6697
12781,19:14:46.495,2060,0.0061,1.6601
12782,19:14:46.496,2081,0.0164,1.6770
12783,19:14:46.496,2063,0.0076,1.6625
12784,19:14:46.497,2071,0.0115,1.6689
12785,19:14:46.497,2085,0.0183,1.6802
12786,19:14:46.498,2067,0.0095,1.6657
12787,19:14:46.498,2062,0.0071,1.6617
12788,19:14:46.499,2066,0.0090,1.6649
12789,19:14:46.499,2075,0.0134,1.6722
12790,19:14:46.500,2061,0.0066,1.6609
12791,19:14:46.500,2073,0.0125,1.6705
12792,19:14:46.501,2073,0.0125,1.6705
12793,19:14:46.501,2056,0.0042,1.6568
12794,19:14:46.502,2078,0.0149,1.6746
12795,19:14:46.502,2065,0.0085,1.6641
12796,19:14:46.503,2065,0.0085,1.6641
12797,19:14:46.503,2082,0.0168,1.6778
12798,19:14:46.504,2065,0.0085,1.6641
12799,19:14:46.504,2056,0.0042,1.6568
12800,19:14:46.505,2067,0.0095,1.6657
12801,19:14:46.505,2072,0.0120,1.6697
12802,19:14:46.506,2056,0.0042,1.6568
12803,19:14:46.506,2073,0.0125,1.6705
12804,19:14:46.507,2072,0.0120,1.6697
12805,19:14:46.507,2053,0.0027,1.6544
12806,19:14:46.508,2074,0.0129,1.6714
12807,19:14:46.508,2066,0.0090,1.6649
12808,19:14:46.509,2061,0.0066,1.6609
12809,19:14:46.509,2083,0.0173,1.6786
12810,19:14:46.510,2066,0.0090,1.6649
12811,19:14:46.510,2055,0.0037,1.6560
12812,19:14:46.511,2059,0.0056,1.6593
12813,19:14:46.511,2074,0.0129,1.6714
12814,19:14:46.512,2055,0.0037,1.6560
12815,19:14:46.512,2072,0.0120,1.6697
12816,19:14:46.513,2072,0.0120,1.6697
12817,19:14:46.513,2051,0.0017,1.6528
12818,19:14:46.514,2073,0.0125,1.6705
12819,19:14:46.514,2066,0.0090,1.6649
12820,19:14:46.515,2064,0.0081,1.6633
12821,19:14:46.515,2078,0.0149,1.6746
12822,19:14:46.516,2066,0.0090,1.6649
12823,19:14:46.516,2055,0.0037,1.6560
12824,19:14:46.517,2061,0.0066,1.6609
12825,19:14:46.517,2075,0.0134,1.6722
12826,19:14:46.518,2053,0.0027,1.6544
12827,19:14:46.518,2067,0.0095,1.6657
12828,19:14:46.519,2074,0.0129,1.6714
12829,19:14:46.519,2045,-0.0012,1.6480
12830,19:14:46.520,2073,0.0125,1.6705
12831,19:14:46.520,2066,0.0090,1.6649
12832,19:14:46.521,2061,0.0066,1.6609
12833,19:14:46.521,2077,0.0144,1.6738
12834,19:14:46.522,2066,0.0090,1.6649
12835,19:14:46.522,2055,0.0037,1.6560
12836,19:14:46.523,2059,0.0056,1.6593
12837,19:14:46.523,2076,0.0139,1.6730
12838,19:14:46.524,2052,0.0022,1.6536
12839,19:14:46.524,2063,0.0076,1.6625
12840,19:14:46.525,2074,0.0129,1.6714
12841,19:14:46.525,2050,0.0012,1.6520
12842,19:14:46.526,2066,0.0090,1.6649
12843,19:14:46.526,2066,0.0090,1.6649
12844,19:14:46.527,2060,0.0061,1.6601
12845,19:14:46.527,2080,0.0159,1.6762
12846,19:14:46.528,2065,0.0085,1.6641
12847,19:14:46.528,2058,0.0051,1.6585
12848,19:14:46.529,2055,0.0037,1.6560
12849,19:14:46.529,2078,0.0149,1.6746
12850,19:14:46.530,2057,0.0046,1.6577
12851,19:14:46.530,2064,0.0081,1.6633
12852,19:14:46.531,2073,0.0125,1.6705
12853,19:14:46.531,2049,0.0007,1.6512
12854,19:14:46.532,2066,0.0090,1.6649
12855,19:14:46.532,2069,0.0105,1.6673
12856,19:14:46.533,2061,0.0066,1.6609
12857,19:14:46.533,2079,0.0154,1.6754
12858,19:14:46.534,2065,0.0085,1.6641
12859,19:14:46.534,2058,0.0051,1.6585
12860,19:14:46.535,2055,0.0037,1.6560
12861,19:14:46.535,2077,0.0144,1.6738
12862,19:14:46.536,2058,0.0051,1.6585
12863,19:14:46.536,2064,0.0081,1.6633
12864,19:14:46.537,2076,0.0139,1.6730
12865,19:14:46.537,2053,0.0027,1.6544
12866,19:14:46.538,2068,0.0100,1.6665
12867,19:14:46.538,2067,0.0095,1.6657
12868,19:14:46.539,2060,0.0061,1.6601
12869,19:14:46.539,2076,0.0139,1.6730
12870,19:14:46.540,2064,0.0081,1.6633
12871,19:14:46.540,2059,0.0056,1.6593
12872,19:14:46.541,2053,0.0027,1.6544
12873,19:14:46.541,2077,0.0144,1.6738
12874,19:14:46.542,2059,0.0056,1.6593
12875,19:14:46.542,2059,0.0056,1.6593
12876,19:14:46.543,2078,0.0149,1.6746
12877,19:14:46.543,2055,0.0037,1.6560
12878,19:14:46.544,2068,0.0100,1.6665
12879,19:14:46.544,2069,0.0105,1.6673
12880,19:14:46.545,2066,0.0090,1.6649
12881,19:14:46.545,2079,0.0154,1.6754
12882,19:14:46.546,2068,0.0100,1.6665
12883,19:14:46.546,2063,0.0076,1.6625
12884,19:14:46.547,2055,0.0037,1.6560
12885,19:14:46.547,2079,0.0154,1.6754
12886,19:14:46.548,2066,0.0090,1.6649
12887,19:14:46.548,2061,0.0066,1.6609
12888,19:14:46.549,2076,0.0139,1.6730
12889,19:14:46.549,2056,0.0042,1.6568
12890,19:14:46.550,2067,0.0095,1.6657
12891,19:14:46.550,2072,0.0120,1.6697
12892,19:14:46.551,2069,0.0105,1.6673
12893,19:14:46.551,2078,0.0149,1.6746
12894,19:14:46.552,2066,0.0090,1.6649
12895,19:14:46.552,2065,0.0085,1.6641
12896,19:14:46.553,2055,0.0037,1.6560
12897,19:14:46.553,2080,0.0159,1.6762
12898,19:14:46.554,2070,0.0110,1.6681
12899,19:14:46.554,2061,0.0066,1.6609
12900,19:14:46.555,2079,0.0154,1.6754
12901,19:14:46.555,2060,0.0061,1.6601
12902,19:14:46.556,2066,0.0090,1.6649
12903,19:14:46.556,2071,0.0115,1.6689
12904,19:14:46.557,2066,0.0090,1.6649
12905,19:14:46.557,2076,0.0139,1.6730
12906,19:14:46.558,2071,0.0115,1.6689
12907,19:14:46.558,2066,0.0090,1.6649
12908,19:14:46.559,2056,0.0042,1.6568
12909,19:14:46.559,2079,0.0154,1.6754
12910,19:14:46.560,2068,0.0100,1.6665
12911,19:14:46.560,2065,0.0085,1.6641
12912,19:14:46.561,2081,0.0164,1.6770
12913,19:14:46.561,2064,0.0081,1.6633
12914,19:14:46.562,2067,0.0095,1.6657
12915,19:14:46.562,2072,0.0120,1.6697
12916,19:14:46.563,2069,0.0105,1.6673
12917,19:14:46.563,2081,0.0164,1.6770
12918,19:14:46.564,2068,0.0100,1.6665
12919,19:14:46.564,2069,0.0105,1.6673
12920,19:14:46.565,2062,0.0071,1.6617
12921,19:14:46.565,2075,0.0134,1.6722
12922,19:14:46.566,2073,0.0125,1.6705
12923,19:14:46.566,2065,0.0085,1.6641
12924,19:14:46.567,2077,0.0144,1.6738
12925,19:14:46.567,2062,0.0071,1.6617
12926,19:14:46.568,2071,0.0115,1.6689
12927,19:14:46.568,2074,0.0129,1.6714
12928,19:14:46.569,2070,0.0110,1.6681
12929,19:14:46.569,2082,0.0168,1.6778
12930,19:14:46.570,2078,0.0149,1.6746
12931,19:14:46.570,2064,0.0081,1.6633
12932,19:14:46.571,2057,0.0046,1.6577
12933,19:14:46.571,2080,0.0159,1.6762
12934,19:14:46.572,2070,0.0110,1.6681
12935,19:14:46.572,2067,0.0095,1.6657
12936,19:14:46.573,2076,0.0139,1.6730
12937,19:14:46.573,2068,0.0100,1.6665
12938,19:14:46.574,2075,0.0134,1.6722
12939,19:14:46.574,2070,0.0110,1.6681
12940,19:14:46.575,2070,0.0110,1.6681
12941,19:14:46.575,2081,0.0164,1.6770
12942,19:14:46.576,2079,0.0154,1.6754
12943,19:14:46.576,2065,0.0085,1.6641
12944,19:14:46.577,2067,0.0095,1.6657
12945,19:14:46.577,2082,0.0168,1.6778
12946,19:14:46.578,2071,0.0115,1.6689
12947,19:14:46.578,2070,0.0110,1.6681
12948,19:14:46.579,2073,0.0125,1.6705
12949,19:14:46.579,2075,0.0134,1.6722
12950,19:14:46.580,2076,0.0139,1.6730
12951,19:14:46.580,2066,0.0090,1.6649
12952,19:14:46.581,2064,0.0081,1.6633
12953,19:14:46.581,2083,0.0173,1.6786
12954,19:14:46.582,2078,0.0149,1.6746
12955,19:14:46.582,2065,0.0085,1.6641
12956,19:14:46.583,2070,0.0110,1.6681
12957,19:14:46.583,2083,0.0173,1.6786
12958,19:14:46.584,2074,0.0129,1.6714
12959,19:14:46.584,2067,0.0095,1.6657
12960,19:14:46.585,2066,0.0090,1.6649
12961,19:14:46.585,2075,0.0134,1.6722
12962,19:14:46.586,2081,0.0164,1.6770
12963,19:14:46.586,2069,0.0105,1.6673
12964,19:14:46.587,2067,0.0095,1.6657
12965,19:14:46.587,2077,0.0144,1.6738
12966,19:14:46.588,2080,0.0159,1.6762
12967,19:14:46.588,2066,0.0090,1.6649
12968,19:14:46.589,2067,0.0095,1.6657
12969,19:14:46.589,2076,0.0139,1.6730
12970,19:14:46.590,2074,0.0129,1.6714
12971,19:14:46.590,2069,0.0105,1.6673
12972,19:14:46.591,2064,0.0081,1.6633
12973,19:14:46.591,2074,0.0129,1.6714
12974,19:14:46.592,2076,0.0139,1.6730
12975,19:14:46.592,2068,0.0100,1.6665
12976,19:14:46.593,2063,0.0076,1.6625
12977,19:14:46.593,2072,0.0120,1.6697
12978,19:14:46.594,2078,0.0149,1.6746
12979,19:14:46.594,2065,0.0085,1.6641
12980,19:14:46.595,2067,0.0095,1.6657
12981,19:14:46.595,2072,0.0120,1.6697
12982,19:14:46.596,2069,0.0105,1.6673
12983,19:14:46.596,2068,0.0100,1.6665
12984,19:14:46.597,2062,0.0071,1.6617
12985,19:14:46.597,2067,0.0095,1.6657
12986,19:14:46.598,2072,0.0120,1.6697
12987,19:14:46.598,2066,0.0090,1.6649
12988,19:14:46.599,2063,0.0076,1.6625
12989,19:14:46.599,2071,0.0115,1.6689
12990,19:14:46.600,2068,0.0100,1.6665
12991,19:14:46.600,2065,0.0085,1.6641
12992,19:14:46.601,2062,0.0071,1.6617
12993,19:14:46.601,2071,0.0115,1.6689
12994,19:14:46.602,2067,0.0095,1.6657
12995,19:14:46.602,2066,0.0090,1.6649
12996,19:14:46.603,2059,0.0056,1.6593
12997,19:14:46.603,2063,0.0076,1.6625
12998,19:14:46.604,2072,0.0120,1.6697
12999,19:14:46.604,2062,0.0071,1.6617
13000,19:14:46.605,2059,0.0056,1.6593
13001,19:14:46.605,2070,0.0110,1.6681
13002,19:14:46.606,2069,0.0105,1.6673
13003,19:14:46.606,2060,0.0061,1.6601
13004,19:14:46.607,2066,0.0090,1.6649
13005,19:14:46.607,2068,0.0100,1.6665
13006,19:14:46.608,2069,0.0105,1.6673
13007,19:14:46.608,2059,0.0056,1.6593
13008,19:14:46.609,2058,0.0051,1.6585
13009,19:14:46.609,2063,0.0076,1.6625
13010,19:14:46.610,2064,0.0081,1.6633
13011,19:14:46.610,2060,0.0061,1.6601
13012,19:14:46.611,2055,0.0037,1.6560
13013,19:14:46.611,2066,0.0090,1.6649
13014,19:14:46.612,2064,0.0081,1.6633
13015,19:14:46.612,2058,0.0051,1.6585
13016,19:14:46.613,2063,0.0076,1.6625
13017,19:14:46.613,2061,0.0066,1.6609
13018,19:14:46.614,2063,0.0076,1.6625
13019,19:14:46.614,2059,0.0056,1.6593
13020,19:14:46.615,2056,0.0042,1.6568
13021,19:14:46.615,2065,0.0085,1.6641
13022,19:14:46.616,2064,0.0081,1.6633
13023,19:14:46.616,2055,0.0037,1.6560
13024,19:14:46.617,2059,0.0056,1.6593
13025,19:14:46.617,2062,0.0071,1.6617
13026,19:14:46.618,2064,0.0081,1.6633
13027,19:14:46.618,2059,0.0056,1.6593
13028,19:14:46.619,2059,0.0056,1.6593
13029,19:14:46.619,2062,0.0071,1.6617
13030,19:14:46.620,2062,0.0071,1.6617
13031,19:14:46.620,2061,0.0066,1.6609
13032,19:14:46.621,2053,0.0027,1.6544
13033,19:14:46.621,2064,0.0081,1.6633
13034,19:14:46.622,2066,0.0090,1.6649
13035,19:14:46.622,2056,0.0042,1.6568
13036,19:14:46.623,2060,0.0061,1.6601
13037,19:14:46.623,2065,0.0085,1.6641
13038,19:14:46.624,2062,0.0071,1.6617
13039,19:14:46.624,2057,0.0046,1.6577
13040,19:14:46.625,2059,0.0056,1.6593
13041,19:14:46.625,2062,0.0071,1.6617
13042,19:14:46.626,2064,0.0081,1.6633
13043,19:14:46.626,2059,0.0056,1.6593
13044,19:14:46.627,2058,0.0051,1.6585
13045,19:14:46.627,2066,0.0090,1.6649
13046,19:14:46.628,2066,0.0090,1.6649
13047,19:14:46.628,2059,0.0056,1.6593
13048,19:14:46.629,2059,0.0056,1.6593
13049,19:14:46.629,2066,0.0090,1.6649
13050,19:14:46.630,2063,0.0076,1.6625
13051,19:14:46.630,2063,0.0076,1.6625
13052,19:14:46.631,2057,0.0046,1.6577
13053,19:14:46.631,2065,0.0085,1.6641
13054,19:14:46.632,2069,0.0105,1.6673
13055,19:14:46.632,2063,0.0076,1.6625
13056,19:14:46.633,2061,0.0066,1.6609
13057,19:14:46.633,2065,0.0085,1.6641
13058,19:14:46.634,2070,0.0110,1.6681
13059,19:14:46.634,2059,0.0056,1.6593
13060,19:14:46.635,2066,0.0090,1.6649
13061,19:14:46.635,2071,0.0115,1.6689
13062,19:14:46.636,2068,0.0100,1.6665
13063,19:14:46.636,2066,0.0090,1.6649
13064,19:14:46.637,2062,0.0071,1.6617
13065,19:14:46.637,2071,0.0115,1.6689
13066,19:14:46.638,2070,0.0110,1.6681
13067,19:14:46.638,2064,0.0081,1.6633
13068,19:14:46.639,2062,0.0071,1.6617
13069,19:14:46.639,2068,0.0100,1.6665
13070,19:14:46.640,2075,0.0134,1.6722
13071,19:14:46.640,2065,0.0085,1.6641
13072,19:14:46.641,2065,0.0085,1.6641
13073,19:14:46.641,2071,0.0115,1.6689
13074,19:14:46.642,2070,0.0110,1.6681
13075,19:14:46.642,2068,0.0100,1.6665
13076,19:14:46.643,2067,0.0095,1.6657
13077,19:14:46.643,2072,0.0120,1.6697
13078,19:14:46.644,2074,0.0129,1.6714
13079,19:14:46.644,2065,0.0085,1.6641
13080,19:14:46.645,2066,0.0090,1.6649
13081,19:14:46.645,2072,0.0120,1.6697
13082,19:14:46.646,2073,0.0125,1.6705
13083,19:14:46.646,2068,0.0100,1.6665
13084,19:14:46.647,2071,0.0115,1.6689
13085,19:14:46.647,2074,0.0129,1.6714
13086,19:14:46.648,2073,0.0125,1.6705
13087,19:14:46.648,2068,0.0100,1.6665
13088,19:14:46.649,2065,0.0085,1.6641
13089,19:14:46.649,2073,0.0125,1.6705
13090,19:14:46.650,2074,0.0129,1.6714
13091,19:14:46.650,2071,0.0115,1.6689
13092,19:14:46.651,2065,0.0085,1.6641
13093,19:14:46.651,2068,0.0100,1.6665
13094,19:14:46.652,2072,0.0120,1.6697
13095,19:14:46.652,2072,0.0120,1.6697
13096,19:14:46.653,2066,0.0090,1.6649
13097,19:14:46.653,2070,0.0110,1.6681
13098,19:14:46.654,2075,0.0134,1.6722
13099,19:14:46.654,2072,0.0120,1.6697
13100,19:14:46.655,2067,0.0095,1.6657
13101,19:14:46.655,2076,0.0139,1.6730
13102,19:14:46.656,2073,0.0125,1.6705
13103,19:14:46.656,2069,0.0105,1.6673
13104,19:14:46.657,2066,0.0090,1.6649
13105,19:14:46.657,2072,0.0120,1.6697
13106,19:14:46.658,2070,0.0110,1.6681
13107,19:14:46.658,2068,0.0100,1.6665
13108,19:14:46.659,2069,0.0105,1.6673
13109,19:14:46.659,2073,0.0125,1.6705
13110,19:14:46.660,2078,0.0149,1.6746
13111,19:14:46.660,2069,0.0105,1.6673
13112,19:14:46.661,2065,0.0085,1.6641
13113,19:14:46.661,2072,0.0120,1.6697
13114,19:14:46.662,2078,0.0149,1.6746
13115,19:14:46.662,2070,0.0110,1.6681
13116,19:14:46.663,2070,0.0110,1.6681
13117,19:14:46.663,2072,0.0120,1.6697
13118,19:14:46.664,2074,0.0129,1.6714
13119,19:14:46.664,2074,0.0129,1.6714
13120,19:14:46.665,2072,0.0120,1.6697
13121,19:14:46.665,2069,0.0105,1.6673
13122,19:14:46.666,2077,0.0144,1.6738
13123,19:14:46.666,2071,0.0115,1.6689
13124,19:14:46.667,2072,0.0120,1.6697
13125,19:14:46.667,2073,0.0125,1.6705
13126,19:14:46.668,2074,0.0129,1.6714
13127,19:14:46.668,2070,0.0110,1.6681
13128,19:14:46.669,2069,0.0105,1.6673
13129,19:14:46.669,2075,0.0134,1.6722
13130,19:14:46.670,2072,0.0120,1.6697
13131,19:14:46.670,2075,0.0134,1.6722
13132,19:14:46.671,2069,0.0105,1.6673
13133,19:14:46.671,2072,0.0120,1.6697
13134,19:14:46.672,2079,0.0154,1.6754
13135,19:14:46.672,2077,0.0144,1.6738
13136,19:14:46.673,2069,0.0105,1.6673
13137,19:14:46.673,2073,0.0125,1.6705
13138,19:14:46.674,2079,0.0154,1.6754
13139,19:14:46.674,2078,0.0149,1.6746
13140,19:14:46.675,2072,0.0120,1.6697
13141,19:14:46.675,2073,0.0125,1.6705
13142,19:14:46.676,2077,0.0144,1.6738
13143,19:14:46.676,2077,0.0144,1.6738
13144,19:14:46.677,2073,0.0125,1.6705
13145,19:14:46.677,2074,0.0129,1.6714
13146,19:14:46.678,2078,0.0149,1.6746
13147,19:14:46.678,2075,0.0134,1.6722
13148,19:14:46.679,2074,0.0129,1.6714
13149,19:14:46.679,2077,0.0144,1.6738
13150,19:14:46.680,2077,0.0144,1.6738
13151,19:14:46.680,2076,0.0139,1.6730
13152,19:14:46.681,2078,0.0149,1.6746
13153,19:14:46.681,2077,0.0144,1.6738
13154,19:14:46.682,2080,0.0159,1.6762
13155,19:14:46.682,2082,0.0168,1.6778
13156,19:14:46.683,2075,0.0134,1.6722
13157,19:14:46.683,2078,0.0149,1.6746
13158,19:14:46.684,2082,0.0168,1.6778
13159,19:14:46.684,2080,0.0159,1.6762
13160,19:14:46.685,2077,0.0144,1.6738
13161,19:14:46.685,2081,0.0164,1.6770
13162,19:14:46.686,2086,0.0188,1.6810
13163,19:14:46.686,2083,0.0173,1.6786
13164,19:14:46.687,2081,0.0164,1.6770
13165,19:14:46.687,2083,0.0173,1.6786
13166,19:14:46.688,2072,0.0120,1.6697
13167,19:14:46.688,2088,0.0198,1.6826
13168,19:14:46.689,2092,0.0217,1.6859
13169,19:14:46.689,2083,0.0173,1.6786
13170,19:14:46.690,2087,0.0193,1.6818
13171,19:14:46.690,2101,0.0261,1.6931
13172,19:14:46.691,2076,0.0139,1.6730
13173,19:14:46.691,2054,0.0032,1.6552
13174,19:14:46.692,2066,0.0090,1.6649
13175,19:14:46.692,2078,0.0149,1.6746
13176,19:14:46.693,2096,0.0237,1.6891
13177,19:14:46.693,2106,0.0286,1.6971
13178,19:14:46.694,2092,0.0217,1.6859
13179,19:14:46.694,2081,0.0164,1.6770
13180,19:14:46.695,2084,0.0178,1.6794
13181,19:14:46.695,2073,0.0125,1.6705
13182,19:14:46.696,2078,0.0149,1.6746
13183,19:14:46.696,2113,0.0320,1.7028
13184,19:14:46.697,2066,0.0090,1.6649
13185,19:14:46.697,2061,0.0066,1.6609
13186,19:14:46.698,2052,0.0022,1.6536
13187,19:14:46.698,2069,0.0105,1.6673
13188,19:14:46.699,2087,0.0193,1.6818
13189,19:14:46.699,2103,0.0271,1.6947
13190,19:14:46.700,2097,0.0242,1.6899
13191,19:14:46.700,2089,0.0203,1.6834
13192,19:14:46.701,2080,0.0159,1.6762
13193,19:14:46.701,2078,0.0149,1.6746
13194,19:14:46.702,2062,0.0071,1.6617
13195,19:14:46.702,2084,0.0178,1.6794
13196,19:14:46.703,2111,0.0310,1.7012
13197,19:14:46.703,2089,0.0203,1.6834
13198,19:14:46.704,2104,0.0276,1.6955
13199,19:14:46.704,2092,0.0217,1.6859
13200,19:14:46.705,2083,0.0173,1.6786
13201,19:14:46.705,2104,0.0276,1.6955
13202,19:14:46.706,2098,0.0247,1.6907
13203,19:14:46.706,2094,0.0227,1.6875
13204,19:14:46.707,2115,0.0330,1.7044
13205,19:14:46.707,2119,0.0349,1.7076
13206,19:14:46.708,2107,0.0291,1.6979
13207,19:14:46.708,2110,0.0305,1.7004
13208,19:14:46.709,2110,0.0305,1.7004
13209,19:14:46.709,2092,0.0217,1.6859
13210,19:14:46.710,2110,0.0305,1.7004
13211,19:14:46.710,2121,0.0359,1.7092
13212,19:14:46.711,2111,0.0310,1.7012
13213,19:14:46.711,2137,0.0437,1.7221
13214,19:14:46.712,2119,0.0349,1.7076
13215,19:14:46.712,2112,0.0315,1.7020
13216,19:14:46.713,2121,0.0359,1.7092
13217,19:14:46.713,2131,0.0408,1.7173
13218,19:14:46.714,2114,0.0325,1.7036
13219,19:14:46.714,2120,0.0354,1.7084
13220,19:14:46.715,2147,0.0486,1.7302
13221,19:14:46.715,2123,0.0369,1.7108
13222,19:14:46.716,2137,0.0437,1.7221
13223,19:14:46.716,2137,0.0437,1.7221
13224,19:14:46.717,2115,0.0330,1.7044
13225,19:14:46.717,2145,0.0476,1.7286
13226,19:14:46.718,2149,0.0496,1.7318
13227,19:14:46.718,2140,0.0452,1.7245
13228,19:14:46.719,2139,0.0447,1.7237
13229,19:14:46.719,2140,0.0452,1.7245
13230,19:14:46.720,2122,0.0364,1.7100
13231,19:14:46.720,2134,0.0422,1.7197
13232,19:14:46.721,2151,0.0505,1.7334
13233,19:14:46.721,2124,0.0374,1.7116
13234,19:14:46.722,2144,0.0471,1.7278
13235,19:14:46.722,2155,0.0525,1.7366
13236,19:14:46.723,2133,0.0418,1.7189
13237,19:14:46.723,2155,0.0525,1.7366
13238,19:14:46.724,2151,0.0505,1.7334
13239,19:14:46.724,2147,0.0486,1.7302
13240,19:14:46.725,2144,0.0471,1.7278
13241,19:14:46.725,2150,0.0501,1.7326
13242,19:14:46.726,2140,0.0452,1.7245
13243,19:14:46.726,2137,0.0437,1.7221
13244,19:14:46.727,2160,0.0549,1.7407
13245,19:14:46.727,2138,0.0442,1.7229
13246,19:14:46.728,2151,0.0505,1.7334
13247,19:14:46.728,2165,0.0574,1.7447
13248,19:14:46.729,2132,0.0413,1.7181
13249,19:14:46.729,2137,0.0437,1.7221
13250,19:14:46.730,2141,0.0457,1.7253
13251,19:14:46.730,2145,0.0476,1.7286
13252,19:14:46.731,2146,0.0481,1.7294
13253,19:14:46.731,2158,0.0540,1.7390
13254,19:14:46.732,2134,0.0422,1.7197
13255,19:14:46.732,2127,0.0388,1.7141
13256,19:14:46.733,2149,0.0496,1.7318
13257,19:14:46.733,2119,0.0349,1.7076
13258,19:14:46.734,2127,0.0388,1.7141
13259,19:14:46.734,2144,0.0471,1.7278
13260,19:14:46.735,2121,0.0359,1.7092
13261,19:14:46.735,2131,0.0408,1.7173
13262,19:14:46.736,2134,0.0422,1.7197
13263,19:14:46.736,2138,0.0442,1.7229
13264,19:14:46.737,2125,0.0379,1.7125
13265,19:14:46.737,2128,0.0393,1.7149
13266,19:14:46.738,2113,0.0320,1.7028
13267,19:14:46.738,2108,0.0295,1.6988
13268,19:14:46.739,2131,0.0408,1.7173
13269,19:14:46.739,2108,0.0295,1.6988
13270,19:14:46.740,2114,0.0325,1.7036
13271,19:14:46.740,2143,0.0466,1.7270
13272,19:14:46.741,2117,0.0339,1.7060
13273,19:14:46.741,2118,0.0344,1.7068
13274,19:14:46.742,2113,0.0320,1.7028
13275,19:14:46.742,2116,0.0335,1.7052
13276,19:14:46.743,2107,0.0291,1.6979
13277,19:14:46.743,2127,0.0388,1.7141
13278,19:14:46.744,2117,0.0339,1.7060
13279,19:14:46.744,2105,0.0281,1.6963
13280,19:14:46.745,2127,0.0388,1.7141
13281,19:14:46.745,2101,0.0261,1.6931
13282,19:14:46.746,2100,0.0256,1.6923
13283,19:14:46.746,2129,0.0398,1.7157
13284,19:14:46.747,2106,0.0286,1.6971
13285,19:14:46.747,2111,0.0310,1.7012
13286,19:14:46.748,2105,0.0281,1.6963
13287,19:14:46.748,2119,0.0349,1.7076
13288,19:14:46.749,2112,0.0315,1.7020
13289,19:14:46.749,2119,0.0349,1.7076
13290,19:14:46.750,2113,0.0320,1.7028
13291,19:14:46.750,2096,0.0237,1.6891
13292,19:14:46.751,2122,0.0364,1.7100
13293,19:14:46.751,2096,0.0237,1.6891
13294,19:14:46.752,2097,0.0242,1.6899
13295,19:14:46.752,2123,0.0369,1.7108
13296,19:14:46.753,2110,0.0305,1.7004
13297,19:14:46.753,2105,0.0281,1.6963
13298,19:14:46.754,2107,0.0291,1.6979
13299,19:14:46.754,2120,0.0354,1.7084
13300,19:14:46.755,2108,0.0295,1.6988
13301,19:14:46.755,2121,0.0359,1.7092
13302,19:14:46.756,2116,0.0335,1.7052
13303,19:14:46.756,2097,0.0242,1.6899
13304,19:14:46.757,2118,0.0344,1.7068
13305,19:14:46.757,2103,0.0271,1.6947
13306,19:14:46.758,2096,0.0237,1.6891
13307,19:14:46.758,2119,0.0349,1.7076
13308,19:14:46.759,2112,0.0315,1.7020
13309,19:14:46.759,2119,0.0349,1.7076
13310,19:14:46.760,2113,0.0320,1.7028
13311,19:14:46.760,2120,0.0354,1.7084
13312,19:14:46.761,2113,0.0320,1.7028
13313,19:14:46.761,2115,0.0330,1.7044
13314,19:14:46.762,2115,0.0330,1.7044
13315,19:14:46.762,2096,0.0237,1.6891
13316,19:14:46.763,2121,0.0359,1.7092
13317,19:14:46.763,2109,0.0300,1.6996
13318,19:14:46.764,2099,0.0252,1.6915
13319,19:14:46.764,2125,0.0379,1.7125
13320,19:14:46.765,2119,0.0349,1.7076
13321,19:14:46.765,2120,0.0354,1.7084
13322,19:14:46.766,2102,0.0266,1.6939
13323,19:14:46.766,2115,0.0330,1.7044
13324,19:14:46.767,2105,0.0281,1.6963
13325,19:14:46.767,2109,0.0300,1.6996
13326,19:14:46.768,2119,0.0349,1.7076
13327,19:14:46.768,2096,0.0237,1.6891
13328,19:14:46.769,2115,0.0330,1.7044
13329,19:14:46.769,2109,0.0300,1.6996
13330,19:14:46.770,2096,0.0237,1.6891
13331,19:14:46.770,2116,0.0335,1.7052
13332,19:14:46.771,2105,0.0281,1.6963
13333,19:14:46.771,2106,0.0286,1.6971
13334,19:14:46.772,2099,0.0252,1.6915
13335,19:14:46.772,2110,0.0305,1.7004
13336,19:14:46.773,2104,0.0276,1.6955
13337,19:14:46.773,2107,0.0291,1.6979
13338,19:14:46.774,2120,0.0354,1.7084
13339,19:14:46.774,2095,0.0232,1.6883
13340,19:14:46.775,2111,0.0310,1.7012
13341,19:14:46.775,2101,0.0261,1.6931
13342,19:14:46.776,2089,0.0203,1.6834
13343,19:14:46.776,2103,0.0271,1.6947
13344,19:14:46.777,2101,0.0261,1.6931
13345,19:14:46.777,2109,0.0300,1.6996
13346,19:14:46.778,2098,0.0247,1.6907
13347,19:14:46.778,2114,0.0325,1.7036
13348,19:14:46.779,2097,0.0242,1.6899
13349,19:14:46.779,2100,0.0256,1.6923
13350,19:14:46.780,2116,0.0335,1.7052
13351,19:14:46.780,2087,0.0193,1.6818
13352,19:14:46.781,2105,0.0281,1.6963
13353,19:14:46.781,2100,0.0256,1.6923
13354,19:14:46.782,2090,0.0208,1.6842
13355,19:14:46.782,2108,0.0295,1.6988
13356,19:14:46.783,2102,0.0266,1.6939
13357,19:14:46.783,2101,0.0261,1.6931
13358,19:14:46.784,2097,0.0242,1.6899
13359,19:14:46.784,2112,0.0315,1.7020
13360,19:14:46.785,2098,0.0247,1.6907
13361,19:14:46.785,2094,0.0227,1.6875
13362,19:14:46.786,2109,0.0300,1.6996
13363,19:14:46.786,2090,0.0208,1.6842
13364,19:14:46.787,2100,0.0256,1.6923
13365,19:14:46.787,2105,0.0281,1.6963
13366,19:14:46.788,2093,0.0222,1.6867
13367,19:14:46.788,2105,0.0281,1.6963
13368,19:14:46.789,2095,0.0232,1.6883
13369,19:14:46.789,2105,0.0281,1.6963
13370,19:14:46.790,2095,0.0232,1.6883
13371,19:14:46.790,2109,0.0300,1.6996
13372,19:14:46.791,2097,0.0242,1.6899
13373,19:14:46.791,2084,0.0178,1.6794
13374,19:14:46.792,2114,0.0325,1.7036
13375,19:14:46.792,2088,0.0198,1.6826
13376,19:14:46.793,2101,0.0261,1.6931
13377,19:14:46.793,2099,0.0252,1.6915
13378,19:14:46.794,2088,0.0198,1.6826
13379,19:14:46.794,2102,0.0266,1.6939
13380,19:14:46.795,2096,0.0237,1.6891
13381,19:14:46.795,2098,0.0247,1.6907
13382,19:14:46.796,2089,0.0203,1.6834
13383,19:14:46.796,2104,0.0276,1.6955
13384,19:14:46.797,2098,0.0247,1.6907
13385,19:14:46.797,2093,0.0222,1.6867
13386,19:14:46.798,2106,0.0286,1.6971
13387,19:14:46.798,2090,0.0208,1.6842
13388,19:14:46.799,2097,0.0242,1.6899
13389,19:14:46.799,2096,0.0237,1.6891
13390,19:14:46.800,2085,0.0183,1.6802
13391,19:14:46.800,2102,0.0266,1.6939
13392,19:14:46.801,2090,0.0208,1.6842
13393,19:14:46.801,2093,0.0222,1.6867
13394,19:14:46.802,2092,0.0217,1.6859
13395,19:14:46.802,2101,0.0261,1.6931
13396,19:14:46.803,2095,0.0232,1.6883
13397,19:14:46.803,2086,0.0188,1.6810
13398,19:14:46.804,2097,0.0242,1.6899
13399,19:14:46.804,2080,0.0159,1.6762
13400,19:14:46.805,2084,0.0178,1.6794
13401,19:14:46.805,2085,0.0183,1.6802
13402,19:14:46.806,2077,0.0144,1.6738
13403,19:14:46.806,2098,0.0247,1.6907
13404,19:14:46.807,2089,0.0203,1.6834
13405,19:14:46.807,2090,0.0208,1.6842
13406,19:14:46.808,2084,0.0178,1.6794
13407,19:14:46.808,2094,0.0227,1.6875
13408,19:14:46.809,2092,0.0217,1.6859
13409,19:14:46.809,2076,0.0139,1.6730
13410,19:14:46.810,2092,0.0217,1.6859
13411,19:14:46.810,2083,0.0173,1.6786
13412,19:14:46.811,2090,0.0208,1.6842
13413,19:14:46.811,2084,0.0178,1.6794
13414,19:14:46.812,2077,0.0144,1.6738
13415,19:14:46.812,2090,0.0208,1.6842
13416,19:14:46.813,2083,0.0173,1.6786
13417,19:14:46.813,2087,0.0193,1.6818
13418,19:14:46.814,2076,0.0139,1.6730
13419,19:14:46.814,2089,0.0203,1.6834
13420,19:14:46.815,2086,0.0188,1.6810
13421,19:14:46.815,2076,0.0139,1.6730
13422,19:14:46.816,2089,0.0203,1.6834
13423,19:14:46.816,2080,0.0159,1.6762
13424,19:14:46.817,2083,0.0173,1.6786
13425,19:14:46.817,2075,0.0134,1.6722
13426,19:14:46.818,2064,0.0081,1.6633
13427,19:14:46.818,2083,0.0173,1.6786
13428,19:14:46.819,2075,0.0134,1.6722
13429,19:14:46.819,2079,0.0154,1.6754
13430,19:14:46.820,2073,0.0125,1.6705
13431,19:14:46.820,2081,0.0164,1.6770
13432,19:14:46.821,2083,0.0173,1.6786
13433,19:14:46.821,2077,0.0144,1.6738
13434,19:14:46.822,2085,0.0183,1.6802
13435,19:14:46.822,2074,0.0129,1.6714
13436,19:14:46.823,2082,0.0168,1.6778
13437,19:14:46.823,2082,0.0168,1.6778
13438,19:14:46.824,2075,0.0134,1.6722
13439,19:14:46.824,2092,0.0217,1.6859
13440,19:14:46.825,2083,0.0173,1.6786
13441,19:14:46.825,2097,0.0242,1.6899
13442,19:14:46.826,2086,0.0188,1.6810
13443,19:14:46.826,2098,0.0247,1.6907
13444,19:14:46.827,2095,0.0232,1.6883
13445,19:14:46.827,2094,0.0227,1.6875
13446,19:14:46.828,2096,0.0237,1.6891
13447,19:14:46.828,2094,0.0227,1.6875
13448,19:14:46.829,2097,0.0242,1.6899
13449,19:14:46.829,2104,0.0276,1.6955
13450,19:14:46.830,2093,0.0222,1.6867
13451,19:14:46.830,2111,0.0310,1.7012
13452,19:14:46.831,2115,0.0330,1.7044
13453,19:14:46.831,2115,0.0330,1.7044
13454,19:14:46.832,2099,0.0252,1.6915
13455,19:14:46.832,2107,0.0291,1.6979
13456,19:14:46.833,2101,0.0261,1.6931
13457,19:14:46.833,2081,0.0164,1.6770
13458,19:14:46.834,2086,0.0188,1.6810
13459,19:14:46.834,2077,0.0144,1.6738
13460,19:14:46.835,2087,0.0193,1.6818
13461,19:14:46.835,2087,0.0193,1.6818
13462,19:14:46.836,2082,0.0168,1.6778
13463,19:14:46.836,2095,0.0232,1.6883
13464,19:14:46.837,2094,0.0227,1.6875
13465,19:14:46.837,2090,0.0208,1.6842
13466,19:14:46.838,2085,0.0183,1.6802
13467,19:14:46.838,2084,0.0178,1.6794
13468,19:14:46.839,2089,0.0203,1.6834
13469,19:14:46.839,2079,0.0154,1.6754
13470,19:14:46.840,2086,0.0188,1.6810
13471,19:14:46.840,2082,0.0168,1.6778
13472,19:14:46.841,2092,0.0217,1.6859
13473,19:14:46.841,2087,0.0193,1.6818
13474,19:14:46.842,2086,0.0188,1.6810
13475,19:14:46.842,2091,0.0212,1.6851
13476,19:14:46.843,2089,0.0203,1.6834
13477,19:14:46.843,2098,0.0247,1.6907
13478,19:14:46.844,2094,0.0227,1.6875
13479,19:14:46.844,2105,0.0281,1.6963
13480,19:14:46.845,2109,0.0300,1.6996
13481,19:14:46.845,2102,0.0266,1.6939
13482,19:14:46.846,2105,0.0281,1.6963
13483,19:14:46.846,2095,0.0232,1.6883
13484,19:14:46.847,2097,0.0242,1.6899
13485,19:14:46.847,2099,0.0252,1.6915
13486,19:14:46.848,2086,0.0188,1.6810
13487,19:14:46.848,2095,0.0232,1.6883
13488,19:14:46.849,2091,0.0212,1.6851
13489,19:14:46.849,2097,0.0242,1.6899
13490,19:14:46.850,2092,0.0217,1.6859
13491,19:14:46.850,2095,0.0232,1.6883
13492,19:14:46.851,2098,0.0247,1.6907
13493,19:14:46.851,2088,0.0198,1.6826
13494,19:14:46.852,2089,0.0203,1.6834
13495,19:14:46.852,2078,0.0149,1.6746
13496,19:14:46.853,2083,0.0173,1.6786
13497,19:14:46.853,2086,0.0188,1.6810
13498,19:14:46.854,2079,0.0154,1.6754
13499,19:14:46.854,2093,0.0222,1.6867
13500,19:14:46.855,2090,0.0208,1.6842
13501,19:14:46.855,2094,0.0227,1.6875
13502,19:14:46.856,2091,0.0212,1.6851
13503,19:14:46.856,2091,0.0212,1.6851
13504,19:14:46.857,2094,0.0227,1.6875
13505,19:14:46.857,2088,0.0198,1.6826
13506,19:14:46.858,2088,0.0198,1.6826
13507,19:14:46.858,2076,0.0139,1.6730
13508,19:14:46.859,2080,0.0159,1.6762
13509,19:14:46.859,2084,0.0178,1.6794
13510,19:14:46.860,2083,0.0173,1.6786
13511,19:14:46.860,2092,0.0217,1.6859
13512,19:14:46.861,2090,0.0208,1.6842
13513,19:14:46.861,2094,0.0227,1.6875
13514,19:14:46.862,2093,0.0222,1.6867
13515,19:14:46.862,2088,0.0198,1.6826
13516,19:14:46.863,2088,0.0198,1.6826
13517,19:14:46.863,2078,0.0149,1.6746
13518,19:14:46.864,2082,0.0168,1.6778
13519,19:14:46.864,2070,0.0110,1.6681
13520,19:14:46.865,2071,0.0115,1.6689
13521,19:14:46.865,2078,0.0149,1.6746
13522,19:14:46.866,2074,0.0129,1.6714
13523,19:14:46.866,2085,0.0183,1.6802
13524,19:14:46.867,2088,0.0198,1.6826
13525,19:14:46.867,2085,0.0183,1.6802
13526,19:14:46.868,2086,0.0188,1.6810
13527,19:14:46.868,2084,0.0178,1.6794
13528,19:14:46.869,2079,0.0154,1.6754
13529,19:14:46.869,2076,0.0139,1.6730
13530,19:14:46.870,2072,0.0120,1.6697
13531,19:14:46.870,2062,0.0071,1.6617
13532,19:14:46.871,2067,0.0095,1.6657
13533,19:14:46.871,2072,0.0120,1.6697
13534,19:14:46.872,2074,0.0129,1.6714
13535,19:14:46.872,2081,0.0164,1.6770
13536,19:14:46.873,2084,0.0178,1.6794
13537,19:14:46.873,2083,0.0173,1.6786
13538,19:14:46.874,2084,0.0178,1.6794
13539,19:14:46.874,2081,0.0164,1.6770
13540,19:14:46.875,2077,0.0144,1.6738
13541,19:14:46.875,2075,0.0134,1.6722
13542,19:14:46.876,2077,0.0144,1.6738
13543,19:14:46.876,2066,0.0090,1.6649
13544,19:14:46.877,2073,0.0125,1.6705
13545,19:14:46.877,2074,0.0129,1.6714
13546,19:14:46.878,2077,0.0144,1.6738
13547,19:14:46.878,2075,0.0134,1.6722
13548,19:14:46.879,2071,0.0115,1.6689
13549,19:14:46.879,2062,0.0071,1.6617
13550,19:14:46.880,2062,0.0071,1.6617
13551,19:14:46.880,2066,0.0090,1.6649
13552,19:14:46.881,2057,0.0046,1.6577
13553,19:14:46.881,2065,0.0085,1.6641
13554,19:14:46.882,2072,0.0120,1.6697
13555,19:14:46.882,2064,0.0081,1.6633
13556,19:14:46.883,2063,0.0076,1.6625
13557,19:14:46.883,2059,0.0056,1.6593
13558,19:14:46.884,2054,0.0032,1.6552
13559,19:14:46.884,2054,0.0032,1.6552
13560,19:14:46.885,2054,0.0032,1.6552
13561,19:14:46.885,2053,0.0027,1.6544
13562,19:14:46.886,2060,0.0061,1.6601
13563,19:14:46.886,2066,0.0090,1.6649
13564,19:14:46.887,2060,0.0061,1.6601
13565,19:14:46.887,2062,0.0071,1.6617
13566,19:14:46.888,2067,0.0095,1.6657
13567,19:14:46.888,2055,0.0037,1.6560
13568,19:14:46.889,2053,0.0027,1.6544
13569,19:14:46.889,2052,0.0022,1.6536
13570,19:14:46.890,2044,-0.0017,1.6472
13571,19:14:46.890,2052,0.0022,1.6536
13572,19:14:46.891,2063,0.0076,1.6625
13573,19:14:46.891,2057,0.0046,1.6577
13574,19:14:46.892,2053,0.0027,1.6544
13575,19:14:46.892,2067,0.0095,1.6657
13576,19:14:46.893,2053,0.0027,1.6544
13577,19:14:46.893,2054,0.0032,1.6552
13578,19:14:46.894,2062,0.0071,1.6617
13579,19:14:46.894,2053,0.0027,1.6544
13580,19:14:46.895,2057,0.0046,1.6577
13581,19:14:46.895,2057,0.0046,1.6577
13582,19:14:46.896,2053,0.0027,1.6544
13583,19:14:46.896,2056,0.0042,1.6568
13584,19:14:46.897,2063,0.0076,1.6625
13585,19:14:46.897,2058,0.0051,1.6585
13586,19:14:46.898,2056,0.0042,1.6568
13587,19:14:46.898,2068,0.0100,1.6665
13588,19:14:46.899,2062,0.0071,1.6617
13589,19:14:46.899,2060,0.0061,1.6601
13590,19:14:46.900,2071,0.0115,1.6689
13591,19:14:46.900,2062,0.0071,1.6617
13592,19:14:46.901,2060,0.0061,1.6601
13593,19:14:46.901,2055,0.0037,1.6560
13594,19:14:46.902,2056,0.0042,1.6568
13595,19:14:46.902,2060,0.0061,1.6601
13596,19:14:46.903,2066,0.0090,1.6649
13597,19:14:46.903,2055,0.0037,1.6560
13598,19:14:46.904,2059,0.0056,1.6593
13599,19:14:46.904,2071,0.0115,1.6689
13600,19:14:46.905,2063,0.0076,1.6625
13601,19:14:46.905,2064,0.0081,1.6633
13602,19:14:46.906,2068,0.0100,1.6665
13603,19:14:46.906,2061,0.0066,1.6609
13604,19:14:46.907,2062,0.0071,1.6617
13605,19:14:46.907,2061,0.0066,1.6609
13606,19:14:46.908,2057,0.0046,1.6577
13607,19:14:46.908,2062,0.0071,1.6617
13608,19:14:46.909,2067,0.0095,1.6657
13609,19:14:46.909,2062,0.0071,1.6617
13610,19:14:46.910,2058,0.0051,1.6585
13611,19:14:46.910,2073,0.0125,1.6705
13612,19:14:46.911,2068,0.0100,1.6665
13613,19:14:46.911,2065,0.0085,1.6641
13614,19:14:46.912,2070,0.0110,1.6681
13615,19:14:46.912,2066,0.0090,1.6649
13616,19:14:46.913,2064,0.0081,1.6633
13617,19:14:46.913,2069,0.0105,1.6673
13618,19:14:46.914,2061,0.0066,1.6609
13619,19:14:46.914,2067,0.0095,1.6657
13620,19:14:46.915,2071,0.0115,1.6689
13621,19:14:46.915,2061,0.0066,1.6609
13622,19:14:46.916,2065,0.0085,1.6641
13623,19:14:46.916,2068,0.0100,1.6665
13624,19:14:46.917,2072,0.0120,1.6697
13625,19:14:46.917,2075,0.0134,1.6722
13626,19:14:46.918,2081,0.0164,1.6770
13627,19:14:46.918,2062,0.0071,1.6617
13628,19:14:46.919,2066,0.0090,1.6649
13629,19:14:46.919,2068,0.0100,1.6665
13630,19:14:46.920,2062,0.0071,1.6617
13631,19:14:46.920,2064,0.0081,1.6633
13632,19:14:46.921,2075,0.0134,1.6722
13633,19:14:46.921,2068,0.0100,1.6665
13634,19:14:46.922,2072,0.0120,1.6697
13635,19:14:46.922,2076,0.0139,1.6730
13636,19:14:46.923,2072,0.0120,1.6697
13637,19:14:46.923,2070,0.0110,1.6681
13638,19:14:46.924,2076,0.0139,1.6730
13639,19:14:46.924,2065,0.0085,1.6641
13640,19:14:46.925,2070,0.0110,1.6681
13641,19:14:46.925,2072,0.0120,1.6697
13642,19:14:46.926,2070,0.0110,1.6681
13643,19:14:46.926,2076,0.0139,1.6730
13644,19:14:46.927,2074,0.0129,1.6714
13645,19:14:46.927,2070,0.0110,1.6681
13646,19:14:46.928,2068,0.0100,1.6665
13647,19:14:46.928,2074,0.0129,1.6714
13648,19:14:46.929,2071,0.0115,1.6689
13649,19:14:46.929,2066,0.0090,1.6649
13650,19:14:46.930,2075,0.0134,1.6722
13651,19:14:46.930,2072,0.0120,1.6697
13652,19:14:46.931,2072,0.0120,1.6697
13653,19:14:46.931,2070,0.0110,1.6681
13654,19:14:46.932,2067,0.0095,1.6657
13655,19:14:46.932,2069,0.0105,1.6673
13656,19:14:46.933,2070,0.0110,1.6681
13657,19:14:46.933,2067,0.0095,1.6657
13658,19:14:46.934,2067,0.0095,1.6657
13659,19:14:46.934,2072,0.0120,1.6697
13660,19:14:46.935,2065,0.0085,1.6641
13661,19:14:46.935,2069,0.0105,1.6673
13662,19:14:46.936,2071,0.0115,1.6689
13663,19:14:46.936,2067,0.0095,1.6657
13664,19:14:46.937,2064,0.0081,1.6633
13665,19:14:46.937,2064,0.0081,1.6633
13666,19:14:46.938,2065,0.0085,1.6641
13667,19:14:46.938,2066,0.0090,1.6649
13668,19:14:46.939,2068,0.0100,1.6665
13669,19:14:46.939,2063,0.0076,1.6625
13670,19:14:46.940,2058,0.0051,1.6585
13671,19:14:46.940,2065,0.0085,1.6641
13672,19:14:46.941,2063,0.0076,1.6625
13673,19:14:46.941,2060,0.0061,1.6601
13674,19:14:46.942,2066,0.0090,1.6649
13675,19:14:46.942,2069,0.0105,1.6673
13676,19:14:46.943,2066,0.0090,1.6649
13677,19:14:46.943,2059,0.0056,1.6593
13678,19:14:46.944,2062,0.0071,1.6617
13679,19:14:46.944,2062,0.0071,1.6617
13680,19:14:46.945,2062,0.0071,1.6617
13681,19:14:46.945,2059,0.0056,1.6593
13682,19:14:46.946,2062,0.0071,1.6617
13683,19:14:46.946,2066,0.0090,1.6649
13684,19:14:46.947,2057,0.0046,1.6577
13685,19:14:46.947,2062,0.0071,1.6617
13686,19:14:46.948,2063,0.0076,1.6625
13687,19:14:46.948,2064,0.0081,1.6633
13688,19:14:46.949,2062,0.0071,1.6617
13689,19:14:46.949,2060,0.0061,1.6601
13690,19:14:46.950,2060,0.0061,1.6601
13691,19:14:46.950,2061,0.0066,1.6609
13692,19:14:46.951,2066,0.0090,1.6649
13693,19:14:46.951,2060,0.0061,1.6601
13694,19:14:46.952,2059,0.0056,1.6593
13695,19:14:46.952,2062,0.0071,1.6617
13696,19:14:46.953,2062,0.0071,1.6617
13697,19:14:46.953,2059,0.0056,1.6593
13698,19:14:46.954,2059,0.0056,1.6593
13699,19:14:46.954,2064,0.0081,1.6633
13700,19:14:46.955,2066,0.0090,1.6649
13701,19:14:46.955,2062,0.0071,1.6617
13702,19:14:46.956,2063,0.0076,1.6625
13703,19:14:46.956,2067,0.0095,1.6657
13704,19:14:46.957,2065,0.0085,1.6641
13705,19:14:46.957,2061,0.0066,1.6609
13706,19:14:46.958,2067,0.0095,1.6657
13707,19:14:46.958,2068,0.0100,1.6665
13708,19:14:46.959,2065,0.0085,1.6641
13709,19:14:46.959,2067,0.0095,1.6657
13710,19:14:46.960,2066,0.0090,1.6649
13711,19:14:46.960,2069,0.0105,1.6673
13712,19:14:46.961,2071,0.0115,1.6689
13713,19:14:46.961,2072,0.0120,1.6697
13714,19:14:46.962,2068,0.0100,1.6665
13715,19:14:46.962,2071,0.0115,1.6689
13716,19:14:46.963,2073,0.0125,1.6705
13717,19:14:46.963,2072,0.0120,1.6697
13718,19:14:46.964,2072,0.0120,1.6697
13719,19:14:46.964,2076,0.0139,1.6730
13720,19:14:46.965,2078,0.0149,1.6746
13721,19:14:46.965,2077,0.0144,1.6738
13722,19:14:46.966,2076,0.0139,1.6730
13723,19:14:46.966,2080,0.0159,1.6762
13724,19:14:46.967,2082,0.0168,1.6778
13725,19:14:46.967,2078,0.0149,1.6746
13726,19:14:46.968,2085,0.0183,1.6802
13727,19:14:46.968,2086,0.0188,1.6810
13728,19:14:46.969,2086,0.0188,1.6810
13729,19:14:46.969,2083,0.0173,1.6786
13730,19:14:46.970,2084,0.0178,1.6794
13731,19:14:46.970,2087,0.0193,1.6818
13732,19:14:46.971,2084,0.0178,1.6794
13733,19:14:46.971,2088,0.0198,1.6826
13734,19:14:46.972,2084,0.0178,1.6794
13735,19:14:46.972,2094,0.0227,1.6875
13736,19:14:46.973,2092,0.0217,1.6859
13737,19:14:46.973,2089,0.0203,1.6834
13738,19:14:46.974,2090,0.0208,1.6842
13739,19:14:46.974,2092,0.0217,1.6859
13740,19:14:46.975,2090,0.0208,1.6842
13741,19:14:46.975,2093,0.0222,1.6867
13742,19:14:46.976,2094,0.0227,1.6875
13743,19:14:46.976,2090,0.0208,1.6842
13744,19:14:46.977,2095,0.0232,1.6883
13745,19:14:46.977,2094,0.0227,1.6875
13746,19:14:46.978,2093,0.0222,1.6867
13747,19:14:46.978,2093,0.0222,1.6867
13748,19:14:46.979,2095,0.0232,1.6883
13749,19:14:46.979,2091,0.0212,1.6851
13750,19:14:46.980,2093,0.0222,1.6867
13751,19:14:46.980,2091,0.0212,1.6851
13752,19:14:46.981,2094,0.0227,1.6875
13753,19:14:46.981,2090,0.0208,1.6842
13754,19:14:46.982,2094,0.0227,1.6875
13755,19:14:46.982,2091,0.0212,1.6851
13756,19:14:46.983,2094,0.0227,1.6875
13757,19:14:46.983,2094,0.0227,1.6875
13758,19:14:46.984,2091,0.0212,1.6851
13759,19:14:46.984,2090,0.0208,1.6842
13760,19:14:46.985,2091,0.0212,1.6851
13761,19:14:46.985,2090,0.0208,1.6842
13762,19:14:46.986,2089,0.0203,1.6834
13763,19:14:46.986,2090,0.0208,1.6842
13764,19:14:46.987,2087,0.0193,1.6818
13765,19:14:46.987,2087,0.0193,1.6818
13766,19:14:46.988,2085,0.0183,1.6802
13767,19:14:46.988,2084,0.0178,1.6794
13768,19:14:46.989,2088,0.0198,1.6826
13769,19:14:46.989,2087,0.0193,1.6818
13770,19:14:46.990,2086,0.0188,1.6810
13771,19:14:46.990,2082,0.0168,1.6778
13772,19:14:46.991,2079,0.0154,1.6754
13773,19:14:46.991,2078,0.0149,1.6746
13774,19:14:46.992,2081,0.0164,1.6770
13775,19:14:46.992,2076,0.0139,1.6730
13776,19:14:46.993,2077,0.0144,1.6738
13777,19:14:46.993,2076,0.0139,1.6730
13778,19:14:46.994,2078,0.0149,1.6746
13779,19:14:46.994,2080,0.0159,1.6762
13780,19:14:46.995,2077,0.0144,1.6738
13781,19:14:46.995,2075,0.0134,1.6722
13782,19:14:46.996,2074,0.0129,1.6714
13783,19:14:46.996,2078,0.0149,1.6746
13784,19:14:46.997,2073,0.0125,1.6705
13785,19:14:46.997,2071,0.0115,1.6689
13786,19:14:46.998,2073,0.0125,1.6705
13787,19:14:46.998,2076,0.0139,1.6730
13788,19:14:46.999,2073,0.0125,1.6705
13789,19:14:46.999,2074,0.0129,1.6714
13790,19:14:47.000,2074,0.0129,1.6714
13791,19:14:47.000,2074,0.0129,1.6714
13792,19:14:47.001,2073,0.0125,1.6705
13793,19:14:47.001,2072,0.0120,1.6697
13794,19:14:47.002,2075,0.0134,1.6722
13795,19:14:47.002,2073,0.0125,1.6705
13796,19:14:47.003,2073,0.0125,1.6705
13797,19:14:47.003,2072,0.0120,1.6697
13798,19:14:47.004,2076,0.0139,1.6730
13799,19:14:47.004,2072,0.0120,1.6697
13800,19:14:47.005,2072,0.0120,1.6697
13801,19:14:47.005,2073,0.0125,1.6705
13802,19:14:47.006,2073,0.0125,1.6705
13803,19:14:47.006,2073,0.0125,1.6705
13804,19:14:47.007,2076,0.0139,1.6730
13805,19:14:47.007,2071,0.0115,1.6689
13806,19:14:47.008,2073,0.0125,1.6705
13807,19:14:47.008,2072,0.0120,1.6697
13808,19:14:47.009,2071,0.0115,1.6689
13809,19:14:47.009,2070,0.0110,1.6681
13810,19:14:47.010,2071,0.0115,1.6689
13811,19:14:47.010,2073,0.0125,1.6705
13812,19:14:47.011,2071,0.0115,1.6689
13813,19:14:47.011,2070,0.0110,1.6681
13814,19:14:47.012,2070,0.0110,1.6681
13815,19:14:47.012,2072,0.0120,1.6697
13816,19:14:47.013,2071,0.0115,1.6689
13817,19:14:47.013,2070,0.0110,1.6681
13818,19:14:47.014,2074,0.0129,1.6714
13819,19:14:47.014,2068,0.0100,1.6665
13820,19:14:47.015,2070,0.0110,1.6681
13821,19:14:47.015,2067,0.0095,1.6657
13822,19:14:47.016,2072,0.0120,1.6697
13823,19:14:47.016,2072,0.0120,1.6697
13824,19:14:47.017,2071,0.0115,1.6689
13825,19:14:47.017,2073,0.0125,1.6705
13826,19:14:47.018,2071,0.0115,1.6689
13827,19:14:47.018,2072,0.0120,1.6697
13828,19:14:47.019,2072,0.0120,1.6697
13829,19:14:47.019,2071,0.0115,1.6689
13830,19:14:47.020,2068,0.0100,1.6665
13831,19:14:47.020,2075,0.0134,1.6722
13832,19:14:47.021,2073,0.0125,1.6705
13833,19:14:47.021,2070,0.0110,1.6681
13834,19:14:47.022,2073,0.0125,1.6705
13835,19:14:47.022,2072,0.0120,1.6697
13836,19:14:47.023,2073,0.0125,1.6705
13837,19:14:47.023,2070,0.0110,1.6681
13838,19:14:47.024,2069,0.0105,1.6673
13839,19:14:47.024,2072,0.0120,1.6697
13840,19:14:47.025,2070,0.0110,1.6681
13841,19:14:47.025,2069,0.0105,1.6673
13842,19:14:47.026,2072,0.0120,1.6697
13843,19:14:47.026,2072,0.0120,1.6697
13844,19:14:47.027,2067,0.0095,1.6657
13845,19:14:47.027,2069,0.0105,1.6673
13846,19:14:47.028,2069,0.0105,1.6673
13847,19:14:47.028,2068,0.0100,1.6665
13848,19:14:47.029,2068,0.0100,1.6665
13849,19:14:47.029,2071,0.0115,1.6689
13850,19:14:47.030,2070,0.0110,1.6681
13851,19:14:47.030,2068,0.0100,1.6665
13852,19:14:47.031,2072,0.0120,1.6697
13853,19:14:47.031,2070,0.0110,1.6681
13854,19:14:47.032,2069,0.0105,1.6673
13855,19:14:47.032,2074,0.0129,1.6714
13856,19:14:47.033,2072,0.0120,1.6697
13857,19:14:47.033,2070,0.0110,1.6681
13858,19:14:47.034,2074,0.0129,1.6714
13859,19:14:47.034,2068,0.0100,1.6665
13860,19:14:47.035,2074,0.0129,1.6714
13861,19:14:47.035,2069,0.0105,1.6673
13862,19:14:47.036,2058,0.0051,1.6585
13863,19:14:47.036,2069,0.0105,1.6673
13864,19:14:47.037,2080,0.0159,1.6762
13865,19:14:47.037,2063,0.0076,1.6625
13866,19:14:47.038,2067,0.0095,1.6657
13867,19:14:47.038,2074,0.0129,1.6714
13868,19:14:47.039,2072,0.0120,1.6697
13869,19:14:47.039,2053,0.0027,1.6544
13870,19:14:47.040,2087,0.0193,1.6818
13871,19:14:47.040,2070,0.0110,1.6681
13872,19:14:47.041,2081,0.0164,1.6770
13873,19:14:47.041,2072,0.0120,1.6697
13874,19:14:47.042,2052,0.0022,1.6536
13875,19:14:47.042,2062,0.0071,1.6617
13876,19:14:47.043,2075,0.0134,1.6722
13877,19:14:47.043,2065,0.0085,1.6641
13878,19:14:47.044,2068,0.0100,1.6665
13879,19:14:47.044,2071,0.0115,1.6689
13880,19:14:47.045,2069,0.0105,1.6673
13881,19:14:47.045,2076,0.0139,1.6730
13882,19:14:47.046,2087,0.0193,1.6818
13883,19:14:47.046,2069,0.0105,1.6673
13884,19:14:47.047,2066,0.0090,1.6649
13885,19:14:47.047,2085,0.0183,1.6802
13886,19:14:47.048,2043,-0.0022,1.6464
13887,19:14:47.048,2058,0.0051,1.6585
13888,19:14:47.049,2076,0.0139,1.6730
13889,19:14:47.049,2061,0.0066,1.6609
13890,19:14:47.050,2068,0.0100,1.6665
13891,19:14:47.050,2067,0.0095,1.6657
13892,19:14:47.051,2082,0.0168,1.6778
13893,19:14:47.051,2059,0.0056,1.6593
13894,19:14:47.052,2073,0.0125,1.6705
13895,19:14:47.052,2069,0.0105,1.6673
13896,19:14:47.053,2064,0.0081,1.6633
13897,19:14:47.053,2084,0.0178,1.6794
13898,19:14:47.054,2052,0.0022,1.6536
13899,19:14:47.054,2053,0.0027,1.6544
13900,19:14:47.055,2072,0.0120,1.6697
13901,19:14:47.055,2069,0.0105,1.6673
13902,19:14:47.056,2070,0.0110,1.6681
13903,19:14:47.056,2073,0.0125,1.6705
13904,19:14:47.057,2076,0.0139,1.6730
13905,19:14:47.057,2055,0.0037,1.6560
13906,19:14:47.058,2085,0.0183,1.6802
13907,19:14:47.058,2074,0.0129,1.6714
13908,19:14:47.059,2062,0.0071,1.6617
13909,19:14:47.059,2088,0.0198,1.6826
13910,19:14:47.060,2057,0.0046,1.6577
13911,19:14:47.060,2057,0.0046,1.6577
13912,19:14:47.061,2074,0.0129,1.6714
13913,19:14:47.061,2070,0.0110,1.6681
13914,19:14:47.062,2069,0.0105,1.6673
13915,19:14:47.062,2066,0.0090,1.6649
13916,19:14:47.063,2085,0.0183,1.6802
13917,19:14:47.063,2063,0.0076,1.6625
13918,19:14:47.064,2082,0.0168,1.6778
13919,19:14:47.064,2070,0.0110,1.6681
13920,19:14:47.065,2058,0.0051,1.6585
13921,19:14:47.065,2080,0.0159,1.6762
13922,19:14:47.066,2064,0.0081,1.6633
13923,19:14:47.066,2063,0.0076,1.6625
13924,19:14:47.067,2066,0.0090,1.6649
13925,19:14:47.067,2072,0.0120,1.6697
13926,19:14:47.068,2063,0.0076,1.6625
13927,19:14:47.068,2068,0.0100,1.6665
13928,19:14:47.069,2086,0.0188,1.6810
13929,19:14:47.069,2060,0.0061,1.6601
13930,19:14:47.070,2076,0.0139,1.6730
13931,19:14:47.070,2080,0.0159,1.6762
13932,19:14:47.071,2051,0.0017,1.6528
13933,19:14:47.071,2085,0.0183,1.6802
13934,19:14:47.072,2063,0.0076,1.6625
13935,19:14:47.072,2060,0.0061,1.6601
13936,19:14:47.073,2068,0.0100,1.6665
13937,19:14:47.073,2069,0.0105,1.6673
13938,19:14:47.074,2071,0.0115,1.6689
13939,19:14:47.074,2067,0.0095,1.6657
13940,19:14:47.075,2091,0.0212,1.6851
13941,19:14:47.075,2061,0.0066,1.6609
13942,19:14:47.076,2080,0.0159,1.6762
13943,19:14:47.076,2084,0.0178,1.6794
13944,19:14:47.077,2055,0.0037,1.6560
13945,19:14:47.077,2079,0.0154,1.6754
13946,19:14:47.078,2065,0.0085,1.6641
13947,19:14:47.078,2068,0.0100,1.6665
13948,19:14:47.079,2064,0.0081,1.6633
13949,19:14:47.079,2077,0.0144,1.6738
13950,19:14:47.080,2073,0.0125,1.6705
13951,19:14:47.080,2064,0.0081,1.6633
13952,19:14:47.081,2098,0.0247,1.6907
13953,19:14:47.081,2066,0.0090,1.6649
13954,19:14:47.082,2079,0.0154,1.6754
13955,19:14:47.082,2089,0.0203,1.6834
13956,19:14:47.083,2056,0.0042,1.6568
13957,19:14:47.083,2075,0.0134,1.6722
13958,19:14:47.084,2069,0.0105,1.6673
13959,19:14:47.084,2069,0.0105,1.6673
13960,19:14:47.085,2071,0.0115,1.6689
13961,19:14:47.085,2077,0.0144,1.6738
13962,19:14:47.086,2072,0.0120,1.6697
13963,19:14:47.086,2062,0.0071,1.6617
13964,19:14:47.087,2096,0.0237,1.6891
13965,19:14:47.087,2067,0.0095,1.6657
13966,19:14:47.088,2079,0.0154,1.6754
13967,19:14:47.088,2089,0.0203,1.6834
13968,19:14:47.089,2059,0.0056,1.6593
13969,19:14:47.089,2069,0.0105,1.6673
13970,19:14:47.090,2063,0.0076,1.6625
13971,19:14:47.090,2068,0.0100,1.6665
13972,19:14:47.091,2060,0.0061,1.6601
13973,19:14:47.091,2073,0.0125,1.6705
13974,19:14:47.092,2075,0.0134,1.6722
13975,19:14:47.092,2054,0.0032,1.6552
13976,19:14:47.093,2090,0.0208,1.6842
13977,19:14:47.093,2065,0.0085,1.6641
13978,19:14:47.094,2075,0.0134,1.6722
13979,19:14:47.094,2092,0.0217,1.6859
13980,19:14:47.095,2064,0.0081,1.6633
13981,19:14:47.095,2067,0.0095,1.6657
13982,19:14:47.096,2058,0.0051,1.6585
13983,19:14:47.096,2062,0.0071,1.6617
13984,19:14:47.097,2062,0.0071,1.6617
13985,19:14:47.097,2077,0.0144,1.6738
13986,19:14:47.098,2071,0.0115,1.6689
13987,19:14:47.098,2052,0.0022,1.6536
13988,19:14:47.099,2089,0.0203,1.6834
13989,19:14:47.099,2063,0.0076,1.6625
13990,19:14:47.100,2068,0.0100,1.6665
13991,19:14:47.100,2094,0.0227,1.6875
13992,19:14:47.101,2066,0.0090,1.6649
13993,19:14:47.101,2071,0.0115,1.6689
13994,19:14:47.102,2058,0.0051,1.6585
13995,19:14:47.102,2067,0.0095,1.6657
13996,19:14:47.103,2061,0.0066,1.6609
13997,19:14:47.103,2072,0.0120,1.6697
13998,19:14:47.104,2080,0.0159,1.6762
13999,19:14:47.104,2053,0.0027,1.6544
14000,19:14:47.105,2085,0.0183,1.6802
14001,19:14:47.105,2067,0.0095,1.6657
14002,19:14:47.106,2066,0.0090,1.6649
14003,19:14:47.106,2091,0.0212,1.6851
14004,19:14:47.107,2071,0.0115,1.6689
14005,19:14:47.107,2069,0.0105,1.6673
14006,19:14:47.108,2058,0.0051,1.6585
14007,19:14:47.108,2070,0.0110,1.6681
14008,19:14:47.109,2060,0.0061,1.6601
14009,19:14:47.109,2072,0.0120,1.6697
14010,19:14:47.110,2082,0.0168,1.6778
14011,19:14:47.110,2052,0.0022,1.6536
14012,19:14:47.111,2085,0.0183,1.6802
14013,19:14:47.111,2068,0.0100,1.6665
14014,19:14:47.112,2063,0.0076,1.6625
14015,19:14:47.112,2085,0.0183,1.6802
14016,19:14:47.113,2072,0.0120,1.6697
14017,19:14:47.113,2072,0.0120,1.6697
14018,19:14:47.114,2057,0.0046,1.6577
14019,19:14:47.114,2068,0.0100,1.6665
14020,19:14:47.115,2062,0.0071,1.6617
14021,19:14:47.115,2070,0.0110,1.6681
14022,19:14:47.116,2085,0.0183,1.6802
14023,19:14:47.116,2057,0.0046,1.6577
14024,19:14:47.117,2086,0.0188,1.6810
14025,19:14:47.117,2073,0.0125,1.6705
14026,19:14:47.118,2062,0.0071,1.6617
14027,19:14:47.118,2085,0.0183,1.6802
14028,19:14:47.119,2075,0.0134,1.6722
14029,19:14:47.119,2071,0.0115,1.6689
14030,19:14:47.120,2059,0.0056,1.6593
14031,19:14:47.120,2070,0.0110,1.6681
14032,19:14:47.121,2061,0.0066,1.6609
14033,19:14:47.121,2066,0.0090,1.6649
14034,19:14:47.122,2084,0.0178,1.6794
14035,19:14:47.122,2059,0.0056,1.6593
14036,19:14:47.123,2083,0.0173,1.6786
14037,19:14:47.123,2076,0.0139,1.6730
14038,19:14:47.124,2063,0.0076,1.6625
14039,19:14:47.124,2079,0.0154,1.6754
14040,19:14:47.125,2070,0.0110,1.6681
14041,19:14:47.125,2078,0.0149,1.6746
14042,19:14:47.126,2061,0.0066,1.6609
14043,19:14:47.126,2069,0.0105,1.6673
14044,19:14:47.127,2063,0.0076,1.6625
14045,19:14:47.127,2066,0.0090,1.6649
14046,19:14:47.128,2085,0.0183,1.6802
14047,19:14:47.128,2058,0.0051,1.6585
14048,19:14:47.129,2076,0.0139,1.6730
14049,19:14:47.129,2082,0.0168,1.6778
14050,19:14:47.130,2065,0.0085,1.6641
14051,19:14:47.130,2076,0.0139,1.6730
14052,19:14:47.131,2073,0.0125,1.6705
14053,19:14:47.131,2076,0.0139,1.6730
14054,19:14:47.132,2053,0.0027,1.6544
14055,19:14:47.132,2069,0.0105,1.6673
14056,19:14:47.133,2065,0.0085,1.6641
14057,19:14:47.133,2058,0.0051,1.6585
14058,19:14:47.134,2085,0.0183,1.6802
14059,19:14:47.134,2063,0.0076,1.6625
14060,19:14:47.135,2077,0.0144,1.6738
14061,19:14:47.135,2077,0.0144,1.6738
14062,19:14:47.136,2067,0.0095,1.6657
14063,19:14:47.136,2077,0.0144,1.6738
14064,19:14:47.137,2072,0.0120,1.6697
14065,19:14:47.137,2075,0.0134,1.6722
14066,19:14:47.138,2057,0.0046,1.6577
14067,19:14:47.138,2069,0.0105,1.6673
14068,19:14:47.139,2067,0.0095,1.6657
14069,19:14:47.139,2055,0.0037,1.6560
14070,19:14:47.140,2082,0.0168,1.6778
14071,19:14:47.140,2060,0.0061,1.6601
14072,19:14:47.141,2069,0.0105,1.6673
14073,19:14:47.141,2085,0.0183,1.6802
14074,19:14:47.142,2070,0.0110,1.6681
14075,19:14:47.142,2074,0.0129,1.6714
14076,19:14:47.143,2073,0.0125,1.6705
14077,19:14:47.143,2077,0.0144,1.6738
14078,19:14:47.144,2055,0.0037,1.6560
14079,19:14:47.144,2064,0.0081,1.6633
14080,19:14:47.145,2068,0.0100,1.6665
14081,19:14:47.145,2055,0.0037,1.6560
14082,19:14:47.146,2082,0.0168,1.6778
14083,19:14:47.146,2063,0.0076,1.6625
14084,19:14:47.147,2071,0.0115,1.6689
14085,19:14:47.147,2082,0.0168,1.6778
14086,19:14:47.148,2072,0.0120,1.6697
14087,19:14:47.148,2075,0.0134,1.6722
14088,19:14:47.149,2072,0.0120,1.6697
14089,19:14:47.149,2074,0.0129,1.6714
14090,19:14:47.150,2057,0.0046,1.6577
14091,19:14:47.150,2065,0.0085,1.6641
14092,19:14:47.151,2070,0.0110,1.6681
14093,19:14:47.151,2055,0.0037,1.6560
14094,19:14:47.152,2081,0.0164,1.6770
14095,19:14:47.152,2067,0.0095,1.6657
14096,19:14:47.153,2067,0.0095,1.6657
14097,19:14:47.153,2081,0.0164,1.6770
14098,19:14:47.154,2070,0.0110,1.6681
14099,19:14:47.154,2081,0.0164,1.6770
14100,19:14:47.155,2069,0.0105,1.6673
14101,19:14:47.155,2079,0.0154,1.6754
14102,19:14:47.156,2053,0.0027,1.6544
14103,19:14:47.156,2061,0.0066,1.6609
14104,19:14:47.157,2074,0.0129,1.6714
14105,19:14:47.157,2058,0.0051,1.6585
14106,19:14:47.158,2081,0.0164,1.6770
14107,19:14:47.158,2072,0.0120,1.6697
14108,19:14:47.159,2064,0.0081,1.6633
14109,19:14:47.159,2079,0.0154,1.6754
14110,19:14:47.160,2072,0.0120,1.6697
14111,19:14:47.160,2076,0.0139,1.6730
14112,19:14:47.161,2071,0.0115,1.6689
14113,19:14:47.161,2077,0.0144,1.6738
14114,19:14:47.162,2058,0.0051,1.6585
14115,19:14:47.162,2063,0.0076,1.6625
14116,19:14:47.163,2075,0.0134,1.6722
14117,19:14:47.163,2061,0.0066,1.6609
14118,19:14:47.164,2078,0.0149,1.6746
14119,19:14:47.164,2073,0.0125,1.6705
14120,19:14:47.165,2064,0.0081,1.6633
14121,19:14:47.165,2074,0.0129,1.6714
14122,19:14:47.166,2071,0.0115,1.6689
14123,19:14:47.166,2079,0.0154,1.6754
14124,19:14:47.167,2072,0.0120,1.6697
14125,19:14:47.167,2073,0.0125,1.6705
14126,19:14:47.168,2060,0.0061,1.6601
14127,19:14:47.168,2057,0.0046,1.6577
14128,19:14:47.169,2074,0.0129,1.6714
14129,19:14:47.169,2060,0.0061,1.6601
14130,19:14:47.170,2075,0.0134,1.6722
14131,19:14:47.170,2073,0.0125,1.6705
14132,19:14:47.171,2066,0.0090,1.6649
14133,19:14:47.171,2072,0.0120,1.6697
14134,19:14:47.172,2071,0.0115,1.6689
14135,19:14:47.172,2077,0.0144,1.6738
14136,19:14:47.173,2073,0.0125,1.6705
14137,19:14:47.173,2076,0.0139,1.6730
14138,19:14:47.174,2057,0.0046,1.6577
14139,19:14:47.174,2059,0.0056,1.6593
14140,19:14:47.175,2071,0.0115,1.6689
14141,19:14:47.175,2063,0.0076,1.6625
14142,19:14:47.176,2072,0.0120,1.6697
14143,19:14:47.176,2077,0.0144,1.6738
14144,19:14:47.177,2070,0.0110,1.6681
14145,19:14:47.177,2075,0.0134,1.6722
14146,19:14:47.178,2070,0.0110,1.6681
14147,19:14:47.178,2080,0.0159,1.6762
14148,19:14:47.179,2071,0.0115,1.6689
14149,19:14:47.179,2077,0.0144,1.6738
14150,19:14:47.180,2063,0.0076,1.6625
14151,19:14:47.180,2056,0.0042,1.6568
14152,19:14:47.181,2072,0.0120,1.6697
14153,19:14:47.181,2062,0.0071,1.6617
14154,19:14:47.182,2066,0.0090,1.6649
14155,19:14:47.182,2075,0.0134,1.6722
14156,19:14:47.183,2070,0.0110,1.6681
14157,19:14:47.183,2074,0.0129,1.6714
14158,19:14:47.184,2068,0.0100,1.6665
14159,19:14:47.184,2078,0.0149,1.6746
14160,19:14:47.185,2070,0.0110,1.6681
14161,19:14:47.185,2076,0.0139,1.6730
14162,19:14:47.186,2064,0.0081,1.6633
14163,19:14:47.186,2056,0.0042,1.6568
14164,19:14:47.187,2073,0.0125,1.6705
14165,19:14:47.187,2066,0.0090,1.6649
14166,19:14:47.188,2067,0.0095,1.6657
14167,19:14:47.188,2078,0.0149,1.6746
14168,19:14:47.189,2074,0.0129,1.6714
14169,19:14:47.189,2073,0.0125,1.6705
14170,19:14:47.190,2071,0.0115,1.6689
14171,19:14:47.190,2079,0.0154,1.6754
14172,19:14:47.191,2072,0.0120,1.6697
14173,19:14:47.191,2075,0.0134,1.6722
14174,19:14:47.192,2071,0.0115,1.6689
14175,19:14:47.192,2055,0.0037,1.6560
