sample_index,real_time_s,raw_adc,amplitude,voltage
0,19:31:34.270,2070,0.0110,1.6681
1,19:31:34.270,2072,0.0120,1.6697
2,19:31:34.271,2082,0.0168,1.6778
3,19:31:34.271,2063,0.0076,1.6625
4,19:31:34.272,2065,0.0085,1.6641
5,19:31:34.272,2078,0.0149,1.6746
6,19:31:34.273,2080,0.0159,1.6762
7,19:31:34.273,2079,0.0154,1.6754
8,19:31:34.274,2060,0.0061,1.6601
9,19:31:34.274,2070,0.0110,1.6681
10,19:31:34.275,2068,0.0100,1.6665
11,19:31:34.275,2077,0.0144,1.6738
12,19:31:34.276,2069,0.0105,1.6673
13,19:31:34.276,2068,0.0100,1.6665
14,19:31:34.277,2078,0.0149,1.6746
15,19:31:34.277,2083,0.0173,1.6786
16,19:31:34.278,2077,0.0144,1.6738
17,19:31:34.278,2062,0.0071,1.6617
18,19:31:34.279,2067,0.0095,1.6657
19,19:31:34.279,2069,0.0105,1.6673
20,19:31:34.280,2072,0.0120,1.6697
21,19:31:34.280,2071,0.0115,1.6689
22,19:31:34.281,2064,0.0081,1.6633
23,19:31:34.281,2077,0.0144,1.6738
24,19:31:34.282,2082,0.0168,1.6778
25,19:31:34.282,2077,0.0144,1.6738
26,19:31:34.283,2062,0.0071,1.6617
27,19:31:34.283,2065,0.0085,1.6641
28,19:31:34.284,2064,0.0081,1.6633
29,19:31:34.284,2074,0.0129,1.6714
30,19:31:34.285,2074,0.0129,1.6714
31,19:31:34.285,2062,0.0071,1.6617
32,19:31:34.286,2073,0.0125,1.6705
33,19:31:34.286,2083,0.0173,1.6786
34,19:31:34.287,2083,0.0173,1.6786
35,19:31:34.287,2062,0.0071,1.6617
36,19:31:34.288,2060,0.0061,1.6601
37,19:31:34.288,2068,0.0100,1.6665
38,19:31:34.289,2071,0.0115,1.6689
39,19:31:34.289,2075,0.0134,1.6722
40,19:31:34.290,2063,0.0076,1.6625
41,19:31:34.290,2078,0.0149,1.6746
42,19:31:34.291,2082,0.0168,1.6778
43,19:31:34.291,2083,0.0173,1.6786
44,19:31:34.292,2062,0.0071,1.6617
45,19:31:34.292,2061,0.0066,1.6609
46,19:31:34.293,2071,0.0115,1.6689
47,19:31:34.293,2069,0.0105,1.6673
48,19:31:34.294,2076,0.0139,1.6730
49,19:31:34.294,2062,0.0071,1.6617
50,19:31:34.295,2075,0.0134,1.6722
51,19:31:34.295,2078,0.0149,1.6746
52,19:31:34.296,2083,0.0173,1.6786
53,19:31:34.296,2066,0.0090,1.6649
54,19:31:34.297,2061,0.0066,1.6609
55,19:31:34.297,2071,0.0115,1.6689
56,19:31:34.298,2073,0.0125,1.6705
57,19:31:34.298,2076,0.0139,1.6730
58,19:31:34.299,2062,0.0071,1.6617
59,19:31:34.299,2076,0.0139,1.6730
60,19:31:34.300,2074,0.0129,1.6714
61,19:31:34.300,2081,0.0164,1.6770
62,19:31:34.301,2067,0.0095,1.6657
63,19:31:34.301,2063,0.0076,1.6625
64,19:31:34.302,2073,0.0125,1.6705
65,19:31:34.302,2076,0.0139,1.6730
66,19:31:34.303,2078,0.0149,1.6746
67,19:31:34.303,2062,0.0071,1.6617
68,19:31:34.304,2073,0.0125,1.6705
69,19:31:34.304,2071,0.0115,1.6689
70,19:31:34.305,2082,0.0168,1.6778
71,19:31:34.305,2069,0.0105,1.6673
72,19:31:34.306,2068,0.0100,1.6665
73,19:31:34.306,2073,0.0125,1.6705
74,19:31:34.307,2079,0.0154,1.6754
75,19:31:34.307,2080,0.0159,1.6762
76,19:31:34.308,2065,0.0085,1.6641
77,19:31:34.308,2069,0.0105,1.6673
78,19:31:34.309,2066,0.0090,1.6649
79,19:31:34.309,2077,0.0144,1.6738
80,19:31:34.310,2070,0.0110,1.6681
81,19:31:34.310,2069,0.0105,1.6673
82,19:31:34.311,2078,0.0149,1.6746
83,19:31:34.311,2080,0.0159,1.6762
84,19:31:34.312,2077,0.0144,1.6738
85,19:31:34.312,2061,0.0066,1.6609
86,19:31:34.313,2070,0.0110,1.6681
87,19:31:34.313,2066,0.0090,1.6649
88,19:31:34.314,2076,0.0139,1.6730
89,19:31:34.314,2068,0.0100,1.6665
90,19:31:34.315,2072,0.0120,1.6697
91,19:31:34.315,2073,0.0125,1.6705
92,19:31:34.316,2082,0.0168,1.6778
93,19:31:34.316,2079,0.0154,1.6754
94,19:31:34.317,2063,0.0076,1.6625
95,19:31:34.317,2070,0.0110,1.6681
96,19:31:34.318,2062,0.0071,1.6617
97,19:31:34.318,2075,0.0134,1.6722
98,19:31:34.319,2072,0.0120,1.6697
99,19:31:34.319,2069,0.0105,1.6673
100,19:31:34.320,2074,0.0129,1.6714
101,19:31:34.320,2081,0.0164,1.6770
102,19:31:34.321,2080,0.0159,1.6762
103,19:31:34.321,2063,0.0076,1.6625
104,19:31:34.322,2071,0.0115,1.6689
105,19:31:34.322,2066,0.0090,1.6649
106,19:31:34.323,2072,0.0120,1.6697
107,19:31:34.323,2073,0.0125,1.6705
108,19:31:34.324,2069,0.0105,1.6673
109,19:31:34.324,2071,0.0115,1.6689
110,19:31:34.325,2077,0.0144,1.6738
111,19:31:34.325,2080,0.0159,1.6762
112,19:31:34.326,2066,0.0090,1.6649
113,19:31:34.326,2066,0.0090,1.6649
114,19:31:34.327,2066,0.0090,1.6649
115,19:31:34.327,2070,0.0110,1.6681
116,19:31:34.328,2072,0.0120,1.6697
117,19:31:34.328,2069,0.0105,1.6673
118,19:31:34.329,2071,0.0115,1.6689
119,19:31:34.329,2078,0.0149,1.6746
120,19:31:34.330,2080,0.0159,1.6762
121,19:31:34.330,2064,0.0081,1.6633
122,19:31:34.331,2066,0.0090,1.6649
123,19:31:34.331,2068,0.0100,1.6665
124,19:31:34.332,2071,0.0115,1.6689
125,19:31:34.332,2074,0.0129,1.6714
126,19:31:34.333,2067,0.0095,1.6657
127,19:31:34.333,2074,0.0129,1.6714
128,19:31:34.334,2075,0.0134,1.6722
129,19:31:34.334,2083,0.0173,1.6786
130,19:31:34.335,2066,0.0090,1.6649
131,19:31:34.335,2065,0.0085,1.6641
132,19:31:34.336,2068,0.0100,1.6665
133,19:31:34.336,2073,0.0125,1.6705
134,19:31:34.337,2078,0.0149,1.6746
135,19:31:34.337,2062,0.0071,1.6617
136,19:31:34.338,2075,0.0134,1.6722
137,19:31:34.338,2069,0.0105,1.6673
138,19:31:34.339,2079,0.0154,1.6754
139,19:31:34.339,2065,0.0085,1.6641
140,19:31:34.340,2069,0.0105,1.6673
141,19:31:34.340,2070,0.0110,1.6681
142,19:31:34.341,2075,0.0134,1.6722
143,19:31:34.341,2078,0.0149,1.6746
144,19:31:34.342,2066,0.0090,1.6649
145,19:31:34.342,2071,0.0115,1.6689
146,19:31:34.343,2066,0.0090,1.6649
147,19:31:34.343,2081,0.0164,1.6770
148,19:31:34.344,2069,0.0105,1.6673
149,19:31:34.344,2067,0.0095,1.6657
150,19:31:34.345,2075,0.0134,1.6722
151,19:31:34.345,2076,0.0139,1.6730
152,19:31:34.346,2081,0.0164,1.6770
153,19:31:34.346,2064,0.0081,1.6633
154,19:31:34.347,2073,0.0125,1.6705
155,19:31:34.347,2063,0.0076,1.6625
156,19:31:34.348,2076,0.0139,1.6730
157,19:31:34.348,2067,0.0095,1.6657
158,19:31:34.349,2069,0.0105,1.6673
159,19:31:34.349,2074,0.0129,1.6714
160,19:31:34.350,2076,0.0139,1.6730
161,19:31:34.350,2077,0.0144,1.6738
162,19:31:34.351,2065,0.0085,1.6641
163,19:31:34.351,2072,0.0120,1.6697
164,19:31:34.352,2063,0.0076,1.6625
165,19:31:34.352,2074,0.0129,1.6714
166,19:31:34.353,2067,0.0095,1.6657
167,19:31:34.353,2070,0.0110,1.6681
168,19:31:34.354,2074,0.0129,1.6714
169,19:31:34.354,2074,0.0129,1.6714
170,19:31:34.355,2079,0.0154,1.6754
171,19:31:34.355,2063,0.0076,1.6625
172,19:31:34.356,2069,0.0105,1.6673
173,19:31:34.356,2066,0.0090,1.6649
174,19:31:34.357,2071,0.0115,1.6689
175,19:31:34.357,2073,0.0125,1.6705
176,19:31:34.358,2073,0.0125,1.6705
177,19:31:34.358,2077,0.0144,1.6738
178,19:31:34.359,2077,0.0144,1.6738
179,19:31:34.359,2079,0.0154,1.6754
180,19:31:34.360,2067,0.0095,1.6657
181,19:31:34.360,2068,0.0100,1.6665
182,19:31:34.361,2065,0.0085,1.6641
183,19:31:34.361,2069,0.0105,1.6673
184,19:31:34.362,2071,0.0115,1.6689
185,19:31:34.362,2071,0.0115,1.6689
186,19:31:34.363,2077,0.0144,1.6738
187,19:31:34.363,2077,0.0144,1.6738
188,19:31:34.364,2079,0.0154,1.6754
189,19:31:34.364,2065,0.0085,1.6641
190,19:31:34.365,2066,0.0090,1.6649
191,19:31:34.365,2064,0.0081,1.6633
192,19:31:34.366,2071,0.0115,1.6689
193,19:31:34.366,2075,0.0134,1.6722
194,19:31:34.367,2071,0.0115,1.6689
195,19:31:34.367,2074,0.0129,1.6714
196,19:31:34.368,2074,0.0129,1.6714
197,19:31:34.368,2082,0.0168,1.6778
198,19:31:34.369,2064,0.0081,1.6633
199,19:31:34.369,2070,0.0110,1.6681
200,19:31:34.370,2068,0.0100,1.6665
201,19:31:34.370,2071,0.0115,1.6689
202,19:31:34.371,2077,0.0144,1.6738
203,19:31:34.371,2072,0.0120,1.6697
204,19:31:34.372,2073,0.0125,1.6705
205,19:31:34.372,2072,0.0120,1.6697
206,19:31:34.373,2081,0.0164,1.6770
207,19:31:34.373,2067,0.0095,1.6657
208,19:31:34.374,2067,0.0095,1.6657
209,19:31:34.374,2068,0.0100,1.6665
210,19:31:34.375,2069,0.0105,1.6673
211,19:31:34.375,2077,0.0144,1.6738
212,19:31:34.376,2067,0.0095,1.6657
213,19:31:34.376,2074,0.0129,1.6714
214,19:31:34.377,2069,0.0105,1.6673
215,19:31:34.377,2079,0.0154,1.6754
216,19:31:34.378,2065,0.0085,1.6641
217,19:31:34.378,2072,0.0120,1.6697
218,19:31:34.379,2071,0.0115,1.6689
219,19:31:34.379,2071,0.0115,1.6689
220,19:31:34.380,2076,0.0139,1.6730
221,19:31:34.380,2069,0.0105,1.6673
222,19:31:34.381,2074,0.0129,1.6714
223,19:31:34.381,2065,0.0085,1.6641
224,19:31:34.382,2077,0.0144,1.6738
225,19:31:34.382,2066,0.0090,1.6649
226,19:31:34.383,2074,0.0129,1.6714
227,19:31:34.383,2074,0.0129,1.6714
228,19:31:34.384,2074,0.0129,1.6714
229,19:31:34.384,2077,0.0144,1.6738
230,19:31:34.385,2066,0.0090,1.6649
231,19:31:34.385,2073,0.0125,1.6705
232,19:31:34.386,2062,0.0071,1.6617
233,19:31:34.386,2074,0.0129,1.6714
234,19:31:34.387,2069,0.0105,1.6673
235,19:31:34.387,2072,0.0120,1.6697
236,19:31:34.388,2076,0.0139,1.6730
237,19:31:34.388,2074,0.0129,1.6714
238,19:31:34.389,2081,0.0164,1.6770
239,19:31:34.389,2064,0.0081,1.6633
240,19:31:34.390,2076,0.0139,1.6730
241,19:31:34.390,2061,0.0066,1.6609
242,19:31:34.391,2073,0.0125,1.6705
243,19:31:34.391,2068,0.0100,1.6665
244,19:31:34.392,2076,0.0139,1.6730
245,19:31:34.392,2078,0.0149,1.6746
246,19:31:34.393,2074,0.0129,1.6714
247,19:31:34.393,2076,0.0139,1.6730
248,19:31:34.394,2066,0.0090,1.6649
249,19:31:34.394,2072,0.0120,1.6697
250,19:31:34.395,2060,0.0061,1.6601
251,19:31:34.395,2072,0.0120,1.6697
252,19:31:34.396,2069,0.0105,1.6673
253,19:31:34.396,2074,0.0129,1.6714
254,19:31:34.397,2076,0.0139,1.6730
255,19:31:34.397,2071,0.0115,1.6689
256,19:31:34.398,2077,0.0144,1.6738
257,19:31:34.398,2067,0.0095,1.6657
258,19:31:34.399,2070,0.0110,1.6681
259,19:31:34.399,2058,0.0051,1.6585
260,19:31:34.400,2072,0.0120,1.6697
261,19:31:34.400,2076,0.0139,1.6730
262,19:31:34.401,2069,0.0105,1.6673
263,19:31:34.401,2081,0.0164,1.6770
264,19:31:34.402,2071,0.0115,1.6689
265,19:31:34.402,2075,0.0134,1.6722
266,19:31:34.403,2066,0.0090,1.6649
267,19:31:34.403,2071,0.0115,1.6689
268,19:31:34.404,2070,0.0110,1.6681
269,19:31:34.404,2065,0.0085,1.6641
270,19:31:34.405,2076,0.0139,1.6730
271,19:31:34.405,2072,0.0120,1.6697
272,19:31:34.406,2079,0.0154,1.6754
273,19:31:34.406,2066,0.0090,1.6649
274,19:31:34.407,2069,0.0105,1.6673
275,19:31:34.407,2073,0.0125,1.6705
276,19:31:34.408,2074,0.0129,1.6714
277,19:31:34.408,2069,0.0105,1.6673
278,19:31:34.409,2066,0.0090,1.6649
279,19:31:34.409,2076,0.0139,1.6730
280,19:31:34.410,2078,0.0149,1.6746
281,19:31:34.410,2070,0.0110,1.6681
282,19:31:34.411,2071,0.0115,1.6689
283,19:31:34.411,2070,0.0110,1.6681
284,19:31:34.412,2076,0.0139,1.6730
285,19:31:34.412,2080,0.0159,1.6762
286,19:31:34.413,2070,0.0110,1.6681
287,19:31:34.413,2067,0.0095,1.6657
288,19:31:34.414,2070,0.0110,1.6681
289,19:31:34.414,2077,0.0144,1.6738
290,19:31:34.415,2073,0.0125,1.6705
291,19:31:34.415,2064,0.0081,1.6633
292,19:31:34.416,2069,0.0105,1.6673
293,19:31:34.416,2074,0.0129,1.6714
294,19:31:34.417,2077,0.0144,1.6738
295,19:31:34.417,2067,0.0095,1.6657
296,19:31:34.418,2069,0.0105,1.6673
297,19:31:34.418,2074,0.0129,1.6714
298,19:31:34.419,2080,0.0159,1.6762
299,19:31:34.419,2073,0.0125,1.6705
300,19:31:34.420,2067,0.0095,1.6657
301,19:31:34.420,2066,0.0090,1.6649
302,19:31:34.421,2078,0.0149,1.6746
303,19:31:34.421,2077,0.0144,1.6738
304,19:31:34.422,2068,0.0100,1.6665
305,19:31:34.422,2069,0.0105,1.6673
306,19:31:34.423,2073,0.0125,1.6705
307,19:31:34.423,2077,0.0144,1.6738
308,19:31:34.424,2074,0.0129,1.6714
309,19:31:34.424,2062,0.0071,1.6617
310,19:31:34.425,2070,0.0110,1.6681
311,19:31:34.425,2076,0.0139,1.6730
312,19:31:34.426,2078,0.0149,1.6746
313,19:31:34.426,2066,0.0090,1.6649
314,19:31:34.427,2067,0.0095,1.6657
315,19:31:34.427,2072,0.0120,1.6697
316,19:31:34.428,2076,0.0139,1.6730
317,19:31:34.428,2071,0.0115,1.6689
318,19:31:34.429,2064,0.0081,1.6633
319,19:31:34.429,2071,0.0115,1.6689
320,19:31:34.430,2078,0.0149,1.6746
321,19:31:34.430,2078,0.0149,1.6746
322,19:31:34.431,2068,0.0100,1.6665
323,19:31:34.431,2066,0.0090,1.6649
324,19:31:34.432,2072,0.0120,1.6697
325,19:31:34.432,2076,0.0139,1.6730
326,19:31:34.433,2073,0.0125,1.6705
327,19:31:34.433,2064,0.0081,1.6633
328,19:31:34.434,2066,0.0090,1.6649
329,19:31:34.434,2077,0.0144,1.6738
330,19:31:34.435,2076,0.0139,1.6730
331,19:31:34.435,2069,0.0105,1.6673
332,19:31:34.436,2063,0.0076,1.6625
333,19:31:34.436,2070,0.0110,1.6681
334,19:31:34.437,2079,0.0154,1.6754
335,19:31:34.437,2074,0.0129,1.6714
336,19:31:34.438,2065,0.0085,1.6641
337,19:31:34.438,2065,0.0085,1.6641
338,19:31:34.439,2074,0.0129,1.6714
339,19:31:34.439,2075,0.0134,1.6722
340,19:31:34.440,2068,0.0100,1.6665
341,19:31:34.440,2066,0.0090,1.6649
342,19:31:34.441,2072,0.0120,1.6697
343,19:31:34.441,2074,0.0129,1.6714
344,19:31:34.442,2072,0.0120,1.6697
345,19:31:34.442,2066,0.0090,1.6649
346,19:31:34.443,2068,0.0100,1.6665
347,19:31:34.443,2075,0.0134,1.6722
348,19:31:34.444,2076,0.0139,1.6730
349,19:31:34.444,2070,0.0110,1.6681
350,19:31:34.445,2064,0.0081,1.6633
351,19:31:34.445,2072,0.0120,1.6697
352,19:31:34.446,2075,0.0134,1.6722
353,19:31:34.446,2078,0.0149,1.6746
354,19:31:34.447,2064,0.0081,1.6633
355,19:31:34.447,2064,0.0081,1.6633
356,19:31:34.448,2072,0.0120,1.6697
357,19:31:34.448,2080,0.0159,1.6762
358,19:31:34.449,2073,0.0125,1.6705
359,19:31:34.449,2063,0.0076,1.6625
360,19:31:34.450,2067,0.0095,1.6657
361,19:31:34.450,2076,0.0139,1.6730
362,19:31:34.451,2076,0.0139,1.6730
363,19:31:34.451,2065,0.0085,1.6641
364,19:31:34.452,2068,0.0100,1.6665
365,19:31:34.452,2074,0.0129,1.6714
366,19:31:34.453,2078,0.0149,1.6746
367,19:31:34.453,2069,0.0105,1.6673
368,19:31:34.454,2065,0.0085,1.6641
369,19:31:34.454,2069,0.0105,1.6673
370,19:31:34.455,2075,0.0134,1.6722
371,19:31:34.455,2077,0.0144,1.6738
372,19:31:34.456,2069,0.0105,1.6673
373,19:31:34.456,2067,0.0095,1.6657
374,19:31:34.457,2075,0.0134,1.6722
375,19:31:34.457,2074,0.0129,1.6714
376,19:31:34.458,2069,0.0105,1.6673
377,19:31:34.458,2067,0.0095,1.6657
378,19:31:34.459,2067,0.0095,1.6657
379,19:31:34.459,2077,0.0144,1.6738
380,19:31:34.460,2079,0.0154,1.6754
381,19:31:34.460,2065,0.0085,1.6641
382,19:31:34.461,2065,0.0085,1.6641
383,19:31:34.461,2072,0.0120,1.6697
384,19:31:34.462,2075,0.0134,1.6722
385,19:31:34.462,2076,0.0139,1.6730
386,19:31:34.463,2062,0.0071,1.6617
387,19:31:34.463,2069,0.0105,1.6673
388,19:31:34.464,2073,0.0125,1.6705
389,19:31:34.464,2078,0.0149,1.6746
390,19:31:34.465,2070,0.0110,1.6681
391,19:31:34.465,2065,0.0085,1.6641
392,19:31:34.466,2071,0.0115,1.6689
393,19:31:34.466,2078,0.0149,1.6746
394,19:31:34.467,2076,0.0139,1.6730
395,19:31:34.467,2066,0.0090,1.6649
396,19:31:34.468,2070,0.0110,1.6681
397,19:31:34.468,2076,0.0139,1.6730
398,19:31:34.469,2078,0.0149,1.6746
399,19:31:34.469,2070,0.0110,1.6681
400,19:31:34.470,2068,0.0100,1.6665
401,19:31:34.470,2072,0.0120,1.6697
402,19:31:34.471,2076,0.0139,1.6730
403,19:31:34.471,2076,0.0139,1.6730
404,19:31:34.472,2069,0.0105,1.6673
405,19:31:34.472,2068,0.0100,1.6665
406,19:31:34.473,2078,0.0149,1.6746
407,19:31:34.473,2081,0.0164,1.6770
408,19:31:34.474,2070,0.0110,1.6681
409,19:31:34.474,2067,0.0095,1.6657
410,19:31:34.475,2073,0.0125,1.6705
411,19:31:34.475,2079,0.0154,1.6754
412,19:31:34.476,2078,0.0149,1.6746
413,19:31:34.476,2071,0.0115,1.6689
414,19:31:34.477,2066,0.0090,1.6649
415,19:31:34.477,2076,0.0139,1.6730
416,19:31:34.478,2080,0.0159,1.6762
417,19:31:34.478,2074,0.0129,1.6714
418,19:31:34.479,2067,0.0095,1.6657
419,19:31:34.479,2068,0.0100,1.6665
420,19:31:34.480,2076,0.0139,1.6730
421,19:31:34.480,2078,0.0149,1.6746
422,19:31:34.481,2069,0.0105,1.6673
423,19:31:34.481,2069,0.0105,1.6673
424,19:31:34.482,2075,0.0134,1.6722
425,19:31:34.482,2080,0.0159,1.6762
426,19:31:34.483,2072,0.0120,1.6697
427,19:31:34.483,2066,0.0090,1.6649
428,19:31:34.484,2071,0.0115,1.6689
429,19:31:34.484,2079,0.0154,1.6754
430,19:31:34.485,2080,0.0159,1.6762
431,19:31:34.485,2069,0.0105,1.6673
432,19:31:34.486,2064,0.0081,1.6633
433,19:31:34.486,2074,0.0129,1.6714
434,19:31:34.487,2081,0.0164,1.6770
435,19:31:34.487,2074,0.0129,1.6714
436,19:31:34.488,2067,0.0095,1.6657
437,19:31:34.488,2070,0.0110,1.6681
438,19:31:34.489,2074,0.0129,1.6714
439,19:31:34.489,2076,0.0139,1.6730
440,19:31:34.490,2072,0.0120,1.6697
441,19:31:34.490,2067,0.0095,1.6657
442,19:31:34.491,2076,0.0139,1.6730
443,19:31:34.491,2079,0.0154,1.6754
444,19:31:34.492,2076,0.0139,1.6730
445,19:31:34.492,2069,0.0105,1.6673
446,19:31:34.493,2067,0.0095,1.6657
447,19:31:34.493,2069,0.0105,1.6673
448,19:31:34.494,2078,0.0149,1.6746
449,19:31:34.494,2097,0.0242,1.6899
450,19:31:34.495,2053,0.0027,1.6544
451,19:31:34.495,2048,0.0002,1.6504
452,19:31:34.496,2107,0.0291,1.6979
453,19:31:34.496,2083,0.0173,1.6786
454,19:31:34.497,2083,0.0173,1.6786
455,19:31:34.497,2023,-0.0120,1.6303
456,19:31:34.498,2078,0.0149,1.6746
457,19:31:34.498,2082,0.0168,1.6778
458,19:31:34.499,2104,0.0276,1.6955
459,19:31:34.499,2042,-0.0027,1.6456
460,19:31:34.500,2048,0.0002,1.6504
461,19:31:34.500,2116,0.0335,1.7052
462,19:31:34.501,2066,0.0090,1.6649
463,19:31:34.501,2088,0.0198,1.6826
464,19:31:34.502,2011,-0.0178,1.6206
465,19:31:34.502,2081,0.0164,1.6770
466,19:31:34.503,2083,0.0173,1.6786
467,19:31:34.503,2106,0.0286,1.6971
468,19:31:34.504,2054,0.0032,1.6552
469,19:31:34.504,2025,-0.0110,1.6319
470,19:31:34.505,2124,0.0374,1.7116
471,19:31:34.505,2060,0.0061,1.6601
472,19:31:34.506,2079,0.0154,1.6754
473,19:31:34.506,2006,-0.0203,1.6166
474,19:31:34.507,2082,0.0168,1.6778
475,19:31:34.507,2094,0.0227,1.6875
476,19:31:34.508,2106,0.0286,1.6971
477,19:31:34.508,2058,0.0051,1.6585
478,19:31:34.509,2022,-0.0125,1.6295
479,19:31:34.509,2120,0.0354,1.7084
480,19:31:34.510,2067,0.0095,1.6657
481,19:31:34.510,2071,0.0115,1.6689
482,19:31:34.511,2015,-0.0159,1.6238
483,19:31:34.511,2074,0.0129,1.6714
484,19:31:34.512,2101,0.0261,1.6931
485,19:31:34.512,2109,0.0300,1.6996
486,19:31:34.513,2071,0.0115,1.6689
487,19:31:34.513,2020,-0.0134,1.6278
488,19:31:34.514,2112,0.0315,1.7020
489,19:31:34.514,2071,0.0115,1.6689
490,19:31:34.515,2069,0.0105,1.6673
491,19:31:34.515,2020,-0.0134,1.6278
492,19:31:34.516,2068,0.0100,1.6665
493,19:31:34.516,2106,0.0286,1.6971
494,19:31:34.517,2099,0.0252,1.6915
495,19:31:34.517,2080,0.0159,1.6762
496,19:31:34.518,2023,-0.0120,1.6303
497,19:31:34.518,2104,0.0276,1.6955
498,19:31:34.519,2074,0.0129,1.6714
499,19:31:34.519,2071,0.0115,1.6689
500,19:31:34.520,2030,-0.0085,1.6359
501,19:31:34.520,2065,0.0085,1.6641
502,19:31:34.521,2108,0.0295,1.6988
503,19:31:34.521,2094,0.0227,1.6875
504,19:31:34.522,2090,0.0208,1.6842
505,19:31:34.522,2018,-0.0144,1.6262
506,19:31:34.523,2095,0.0232,1.6883
507,19:31:34.523,2072,0.0120,1.6697
508,19:31:34.524,2074,0.0129,1.6714
509,19:31:34.524,2031,-0.0081,1.6367
510,19:31:34.525,2064,0.0081,1.6633
511,19:31:34.525,2119,0.0349,1.7076
512,19:31:34.526,2084,0.0178,1.6794
513,19:31:34.526,2085,0.0183,1.6802
514,19:31:34.527,2013,-0.0168,1.6222
515,19:31:34.527,2089,0.0203,1.6834
516,19:31:34.528,2086,0.0188,1.6810
517,19:31:34.528,2076,0.0139,1.6730
518,19:31:34.529,2043,-0.0022,1.6464
519,19:31:34.529,2056,0.0042,1.6568
520,19:31:34.530,2127,0.0388,1.7141
521,19:31:34.530,2081,0.0164,1.6770
522,19:31:34.531,2085,0.0183,1.6802
523,19:31:34.531,2018,-0.0144,1.6262
524,19:31:34.532,2081,0.0164,1.6770
525,19:31:34.532,2096,0.0237,1.6891
526,19:31:34.533,2077,0.0144,1.6738
527,19:31:34.533,2045,-0.0012,1.6480
528,19:31:34.534,2052,0.0022,1.6536
529,19:31:34.534,2132,0.0413,1.7181
530,19:31:34.535,2069,0.0105,1.6673
531,19:31:34.535,2081,0.0164,1.6770
532,19:31:34.536,2021,-0.0129,1.6286
533,19:31:34.536,2082,0.0168,1.6778
534,19:31:34.537,2095,0.0232,1.6883
535,19:31:34.537,2082,0.0168,1.6778
536,19:31:34.538,2060,0.0061,1.6601
537,19:31:34.538,2034,-0.0066,1.6391
538,19:31:34.539,2129,0.0398,1.7157
539,19:31:34.539,2063,0.0076,1.6625
540,19:31:34.540,2076,0.0139,1.6730
541,19:31:34.540,2025,-0.0110,1.6319
542,19:31:34.541,2072,0.0120,1.6697
543,19:31:34.541,2099,0.0252,1.6915
544,19:31:34.542,2086,0.0188,1.6810
545,19:31:34.542,2065,0.0085,1.6641
546,19:31:34.543,2038,-0.0046,1.6423
547,19:31:34.543,2120,0.0354,1.7084
548,19:31:34.544,2067,0.0095,1.6657
549,19:31:34.544,2070,0.0110,1.6681
550,19:31:34.545,2029,-0.0090,1.6351
551,19:31:34.545,2064,0.0081,1.6633
552,19:31:34.546,2102,0.0266,1.6939
553,19:31:34.546,2085,0.0183,1.6802
554,19:31:34.547,2073,0.0125,1.6705
555,19:31:34.547,2026,-0.0105,1.6327
556,19:31:34.548,2108,0.0295,1.6988
557,19:31:34.548,2062,0.0071,1.6617
558,19:31:34.549,2069,0.0105,1.6673
559,19:31:34.549,2038,-0.0046,1.6423
560,19:31:34.550,2067,0.0095,1.6657
561,19:31:34.550,2105,0.0281,1.6963
562,19:31:34.551,2090,0.0208,1.6842
563,19:31:34.551,2083,0.0173,1.6786
564,19:31:34.552,2024,-0.0115,1.6311
565,19:31:34.552,2095,0.0232,1.6883
566,19:31:34.553,2067,0.0095,1.6657
567,19:31:34.553,2065,0.0085,1.6641
568,19:31:34.554,2038,-0.0046,1.6423
569,19:31:34.554,2055,0.0037,1.6560
570,19:31:34.555,2106,0.0286,1.6971
571,19:31:34.555,2090,0.0208,1.6842
572,19:31:34.556,2089,0.0203,1.6834
573,19:31:34.556,2022,-0.0125,1.6295
574,19:31:34.557,2087,0.0193,1.6818
575,19:31:34.557,2070,0.0110,1.6681
576,19:31:34.558,2071,0.0115,1.6689
577,19:31:34.558,2039,-0.0042,1.6432
578,19:31:34.559,2056,0.0042,1.6568
579,19:31:34.559,2109,0.0300,1.6996
580,19:31:34.560,2085,0.0183,1.6802
581,19:31:34.560,2097,0.0242,1.6899
582,19:31:34.561,2018,-0.0144,1.6262
583,19:31:34.561,2080,0.0159,1.6762
584,19:31:34.562,2076,0.0139,1.6730
585,19:31:34.562,2072,0.0120,1.6697
586,19:31:34.563,2046,-0.0007,1.6488
587,19:31:34.563,2048,0.0002,1.6504
588,19:31:34.564,2112,0.0315,1.7020
589,19:31:34.564,2081,0.0164,1.6770
590,19:31:34.565,2096,0.0237,1.6891
591,19:31:34.565,2016,-0.0154,1.6246
592,19:31:34.566,2076,0.0139,1.6730
593,19:31:34.566,2081,0.0164,1.6770
594,19:31:34.567,2077,0.0144,1.6738
595,19:31:34.567,2051,0.0017,1.6528
596,19:31:34.568,2043,-0.0022,1.6464
597,19:31:34.568,2116,0.0335,1.7052
598,19:31:34.569,2077,0.0144,1.6738
599,19:31:34.569,2100,0.0256,1.6923
600,19:31:34.570,2020,-0.0134,1.6278
601,19:31:34.570,2073,0.0125,1.6705
602,19:31:34.571,2086,0.0188,1.6810
603,19:31:34.571,2086,0.0188,1.6810
604,19:31:34.572,2056,0.0042,1.6568
605,19:31:34.572,2034,-0.0066,1.6391
606,19:31:34.573,2123,0.0369,1.7108
607,19:31:34.573,2068,0.0100,1.6665
608,19:31:34.574,2094,0.0227,1.6875
609,19:31:34.574,2014,-0.0164,1.6230
610,19:31:34.575,2075,0.0134,1.6722
611,19:31:34.575,2091,0.0212,1.6851
612,19:31:34.576,2091,0.0212,1.6851
613,19:31:34.576,2061,0.0066,1.6609
614,19:31:34.577,2026,-0.0105,1.6327
615,19:31:34.577,2122,0.0364,1.7100
616,19:31:34.578,2065,0.0085,1.6641
617,19:31:34.578,2091,0.0212,1.6851
618,19:31:34.579,2022,-0.0125,1.6295
619,19:31:34.579,2071,0.0115,1.6689
620,19:31:34.580,2095,0.0232,1.6883
621,19:31:34.580,2094,0.0227,1.6875
622,19:31:34.581,2072,0.0120,1.6697
623,19:31:34.581,2022,-0.0125,1.6295
624,19:31:34.582,2115,0.0330,1.7044
625,19:31:34.582,2065,0.0085,1.6641
626,19:31:34.583,2081,0.0164,1.6770
627,19:31:34.583,2024,-0.0115,1.6311
628,19:31:34.584,2074,0.0129,1.6714
629,19:31:34.584,2100,0.0256,1.6923
630,19:31:34.585,2094,0.0227,1.6875
631,19:31:34.585,2078,0.0149,1.6746
632,19:31:34.586,2022,-0.0125,1.6295
633,19:31:34.586,2110,0.0305,1.7004
634,19:31:34.587,2067,0.0095,1.6657
635,19:31:34.587,2073,0.0125,1.6705
636,19:31:34.588,2030,-0.0085,1.6359
637,19:31:34.588,2068,0.0100,1.6665
638,19:31:34.589,2101,0.0261,1.6931
639,19:31:34.589,2091,0.0212,1.6851
640,19:31:34.590,2084,0.0178,1.6794
641,19:31:34.590,2023,-0.0120,1.6303
642,19:31:34.591,2098,0.0247,1.6907
643,19:31:34.591,2073,0.0125,1.6705
644,19:31:34.592,2074,0.0129,1.6714
645,19:31:34.592,2041,-0.0032,1.6448
646,19:31:34.593,2062,0.0071,1.6617
647,19:31:34.593,2108,0.0295,1.6988
648,19:31:34.594,2092,0.0217,1.6859
649,19:31:34.594,2087,0.0193,1.6818
650,19:31:34.595,2022,-0.0125,1.6295
651,19:31:34.595,2085,0.0183,1.6802
652,19:31:34.596,2075,0.0134,1.6722
653,19:31:34.596,2076,0.0139,1.6730
654,19:31:34.597,2048,0.0002,1.6504
655,19:31:34.597,2060,0.0061,1.6601
656,19:31:34.598,2108,0.0295,1.6988
657,19:31:34.598,2089,0.0203,1.6834
658,19:31:34.599,2095,0.0232,1.6883
659,19:31:34.599,2025,-0.0110,1.6319
660,19:31:34.600,2077,0.0144,1.6738
661,19:31:34.600,2082,0.0168,1.6778
662,19:31:34.601,2073,0.0125,1.6705
663,19:31:34.601,2054,0.0032,1.6552
664,19:31:34.602,2048,0.0002,1.6504
665,19:31:34.602,2111,0.0310,1.7012
666,19:31:34.603,2083,0.0173,1.6786
667,19:31:34.603,2094,0.0227,1.6875
668,19:31:34.604,2025,-0.0110,1.6319
669,19:31:34.604,2068,0.0100,1.6665
670,19:31:34.605,2089,0.0203,1.6834
671,19:31:34.605,2077,0.0144,1.6738
672,19:31:34.606,2057,0.0046,1.6577
673,19:31:34.606,2042,-0.0027,1.6456
674,19:31:34.607,2109,0.0300,1.6996
675,19:31:34.607,2077,0.0144,1.6738
676,19:31:34.608,2089,0.0203,1.6834
677,19:31:34.608,2027,-0.0100,1.6335
678,19:31:34.609,2063,0.0076,1.6625
679,19:31:34.609,2091,0.0212,1.6851
680,19:31:34.610,2083,0.0173,1.6786
681,19:31:34.610,2063,0.0076,1.6625
682,19:31:34.611,2040,-0.0037,1.6440
683,19:31:34.611,2109,0.0300,1.6996
684,19:31:34.612,2073,0.0125,1.6705
685,19:31:34.612,2084,0.0178,1.6794
686,19:31:34.613,2027,-0.0100,1.6335
687,19:31:34.613,2062,0.0071,1.6617
688,19:31:34.614,2092,0.0217,1.6859
689,19:31:34.614,2085,0.0183,1.6802
690,19:31:34.615,2065,0.0085,1.6641
691,19:31:34.615,2033,-0.0071,1.6383
692,19:31:34.616,2108,0.0295,1.6988
693,19:31:34.616,2067,0.0095,1.6657
694,19:31:34.617,2083,0.0173,1.6786
695,19:31:34.617,2028,-0.0095,1.6343
696,19:31:34.618,2064,0.0081,1.6633
697,19:31:34.618,2092,0.0217,1.6859
698,19:31:34.619,2086,0.0188,1.6810
699,19:31:34.619,2074,0.0129,1.6714
700,19:31:34.620,2027,-0.0100,1.6335
701,19:31:34.620,2105,0.0281,1.6963
702,19:31:34.621,2065,0.0085,1.6641
703,19:31:34.621,2078,0.0149,1.6746
704,19:31:34.622,2040,-0.0037,1.6440
705,19:31:34.622,2066,0.0090,1.6649
706,19:31:34.623,2097,0.0242,1.6899
707,19:31:34.623,2089,0.0203,1.6834
708,19:31:34.624,2077,0.0144,1.6738
709,19:31:34.624,2026,-0.0105,1.6327
710,19:31:34.625,2095,0.0232,1.6883
711,19:31:34.625,2069,0.0105,1.6673
712,19:31:34.626,2076,0.0139,1.6730
713,19:31:34.626,2041,-0.0032,1.6448
714,19:31:34.627,2065,0.0085,1.6641
715,19:31:34.627,2099,0.0252,1.6915
716,19:31:34.628,2086,0.0188,1.6810
717,19:31:34.628,2084,0.0178,1.6794
718,19:31:34.629,2028,-0.0095,1.6343
719,19:31:34.629,2085,0.0183,1.6802
720,19:31:34.630,2071,0.0115,1.6689
721,19:31:34.630,2076,0.0139,1.6730
722,19:31:34.631,2053,0.0027,1.6544
723,19:31:34.631,2062,0.0071,1.6617
724,19:31:34.632,2104,0.0276,1.6955
725,19:31:34.632,2088,0.0198,1.6826
726,19:31:34.633,2089,0.0203,1.6834
727,19:31:34.633,2026,-0.0105,1.6327
728,19:31:34.634,2076,0.0139,1.6730
729,19:31:34.634,2076,0.0139,1.6730
730,19:31:34.635,2073,0.0125,1.6705
731,19:31:34.635,2061,0.0066,1.6609
732,19:31:34.636,2056,0.0042,1.6568
733,19:31:34.636,2106,0.0286,1.6971
734,19:31:34.637,2084,0.0178,1.6794
735,19:31:34.637,2094,0.0227,1.6875
736,19:31:34.638,2029,-0.0090,1.6351
737,19:31:34.638,2066,0.0090,1.6649
738,19:31:34.639,2082,0.0168,1.6778
739,19:31:34.639,2073,0.0125,1.6705
740,19:31:34.640,2065,0.0085,1.6641
741,19:31:34.640,2052,0.0022,1.6536
742,19:31:34.641,2112,0.0315,1.7020
743,19:31:34.641,2078,0.0149,1.6746
744,19:31:34.642,2093,0.0222,1.6867
745,19:31:34.642,2031,-0.0081,1.6367
746,19:31:34.643,2062,0.0071,1.6617
747,19:31:34.643,2084,0.0178,1.6794
748,19:31:34.644,2076,0.0139,1.6730
749,19:31:34.644,2072,0.0120,1.6697
750,19:31:34.645,2043,-0.0022,1.6464
751,19:31:34.645,2107,0.0291,1.6979
752,19:31:34.646,2073,0.0125,1.6705
753,19:31:34.646,2093,0.0222,1.6867
754,19:31:34.647,2035,-0.0061,1.6399
755,19:31:34.647,2056,0.0042,1.6568
756,19:31:34.648,2091,0.0212,1.6851
757,19:31:34.648,2078,0.0149,1.6746
758,19:31:34.649,2075,0.0134,1.6722
759,19:31:34.649,2033,-0.0071,1.6383
760,19:31:34.650,2107,0.0291,1.6979
761,19:31:34.650,2070,0.0110,1.6681
762,19:31:34.651,2090,0.0208,1.6842
763,19:31:34.651,2034,-0.0066,1.6391
764,19:31:34.652,2059,0.0056,1.6593
765,19:31:34.652,2093,0.0222,1.6867
766,19:31:34.653,2081,0.0164,1.6770
767,19:31:34.653,2081,0.0164,1.6770
768,19:31:34.654,2033,-0.0071,1.6383
769,19:31:34.654,2100,0.0256,1.6923
770,19:31:34.655,2071,0.0115,1.6689
771,19:31:34.655,2085,0.0183,1.6802
772,19:31:34.656,2043,-0.0022,1.6464
773,19:31:34.656,2060,0.0061,1.6601
774,19:31:34.657,2096,0.0237,1.6891
775,19:31:34.657,2081,0.0164,1.6770
776,19:31:34.658,2082,0.0168,1.6778
777,19:31:34.658,2028,-0.0095,1.6343
778,19:31:34.659,2092,0.0217,1.6859
779,19:31:34.659,2069,0.0105,1.6673
780,19:31:34.660,2082,0.0168,1.6778
781,19:31:34.660,2045,-0.0012,1.6480
782,19:31:34.661,2060,0.0061,1.6601
783,19:31:34.661,2100,0.0256,1.6923
784,19:31:34.662,2085,0.0183,1.6802
785,19:31:34.662,2083,0.0173,1.6786
786,19:31:34.663,2030,-0.0085,1.6359
787,19:31:34.663,2081,0.0164,1.6770
788,19:31:34.664,2068,0.0100,1.6665
789,19:31:34.664,2074,0.0129,1.6714
790,19:31:34.665,2054,0.0032,1.6552
791,19:31:34.665,2060,0.0061,1.6601
792,19:31:34.666,2101,0.0261,1.6931
793,19:31:34.666,2083,0.0173,1.6786
794,19:31:34.667,2085,0.0183,1.6802
795,19:31:34.667,2029,-0.0090,1.6351
796,19:31:34.668,2077,0.0144,1.6738
797,19:31:34.668,2070,0.0110,1.6681
798,19:31:34.669,2076,0.0139,1.6730
799,19:31:34.669,2061,0.0066,1.6609
800,19:31:34.670,2061,0.0066,1.6609
801,19:31:34.670,2100,0.0256,1.6923
802,19:31:34.671,2081,0.0164,1.6770
803,19:31:34.671,2090,0.0208,1.6842
804,19:31:34.672,2033,-0.0071,1.6383
805,19:31:34.672,2065,0.0085,1.6641
806,19:31:34.673,2073,0.0125,1.6705
807,19:31:34.673,2075,0.0134,1.6722
808,19:31:34.674,2066,0.0090,1.6649
809,19:31:34.674,2051,0.0017,1.6528
810,19:31:34.675,2102,0.0266,1.6939
811,19:31:34.675,2077,0.0144,1.6738
812,19:31:34.676,2090,0.0208,1.6842
813,19:31:34.676,2033,-0.0071,1.6383
814,19:31:34.677,2063,0.0076,1.6625
815,19:31:34.677,2081,0.0164,1.6770
816,19:31:34.678,2077,0.0144,1.6738
817,19:31:34.678,2071,0.0115,1.6689
818,19:31:34.679,2051,0.0017,1.6528
819,19:31:34.679,2102,0.0266,1.6939
820,19:31:34.680,2076,0.0139,1.6730
821,19:31:34.680,2091,0.0212,1.6851
822,19:31:34.681,2039,-0.0042,1.6432
823,19:31:34.681,2059,0.0056,1.6593
824,19:31:34.682,2086,0.0188,1.6810
825,19:31:34.682,2080,0.0159,1.6762
826,19:31:34.683,2079,0.0154,1.6754
827,19:31:34.683,2041,-0.0032,1.6448
828,19:31:34.684,2101,0.0261,1.6931
829,19:31:34.684,2076,0.0139,1.6730
830,19:31:34.685,2087,0.0193,1.6818
831,19:31:34.685,2043,-0.0022,1.6464
832,19:31:34.686,2058,0.0051,1.6585
833,19:31:34.686,2089,0.0203,1.6834
834,19:31:34.687,2081,0.0164,1.6770
835,19:31:34.687,2080,0.0159,1.6762
836,19:31:34.688,2039,-0.0042,1.6432
837,19:31:34.688,2099,0.0252,1.6915
838,19:31:34.689,2070,0.0110,1.6681
839,19:31:34.689,2088,0.0198,1.6826
840,19:31:34.690,2041,-0.0032,1.6448
841,19:31:34.690,2058,0.0051,1.6585
842,19:31:34.691,2091,0.0212,1.6851
843,19:31:34.691,2083,0.0173,1.6786
844,19:31:34.692,2083,0.0173,1.6786
845,19:31:34.692,2036,-0.0056,1.6407
846,19:31:34.693,2093,0.0222,1.6867
847,19:31:34.693,2067,0.0095,1.6657
848,19:31:34.694,2081,0.0164,1.6770
849,19:31:34.694,2050,0.0012,1.6520
850,19:31:34.695,2056,0.0042,1.6568
851,19:31:34.695,2095,0.0232,1.6883
852,19:31:34.696,2082,0.0168,1.6778
853,19:31:34.696,2088,0.0198,1.6826
854,19:31:34.697,2033,-0.0071,1.6383
855,19:31:34.697,2087,0.0193,1.6818
856,19:31:34.698,2065,0.0085,1.6641
857,19:31:34.698,2079,0.0154,1.6754
858,19:31:34.699,2058,0.0051,1.6585
859,19:31:34.699,2059,0.0056,1.6593
860,19:31:34.700,2101,0.0261,1.6931
861,19:31:34.700,2084,0.0178,1.6794
862,19:31:34.701,2091,0.0212,1.6851
863,19:31:34.701,2036,-0.0056,1.6407
864,19:31:34.702,2077,0.0144,1.6738
865,19:31:34.702,2070,0.0110,1.6681
866,19:31:34.703,2074,0.0129,1.6714
867,19:31:34.703,2063,0.0076,1.6625
868,19:31:34.704,2059,0.0056,1.6593
869,19:31:34.704,2099,0.0252,1.6915
870,19:31:34.705,2080,0.0159,1.6762
871,19:31:34.705,2088,0.0198,1.6826
872,19:31:34.706,2036,-0.0056,1.6407
873,19:31:34.706,2071,0.0115,1.6689
874,19:31:34.707,2072,0.0120,1.6697
875,19:31:34.707,2071,0.0115,1.6689
876,19:31:34.708,2068,0.0100,1.6665
877,19:31:34.708,2058,0.0051,1.6585
878,19:31:34.709,2099,0.0252,1.6915
879,19:31:34.709,2078,0.0149,1.6746
880,19:31:34.710,2085,0.0183,1.6802
881,19:31:34.710,2037,-0.0051,1.6415
882,19:31:34.711,2060,0.0061,1.6601
883,19:31:34.711,2079,0.0154,1.6754
884,19:31:34.712,2073,0.0125,1.6705
885,19:31:34.712,2072,0.0120,1.6697
886,19:31:34.713,2058,0.0051,1.6585
887,19:31:34.713,2096,0.0237,1.6891
888,19:31:34.714,2075,0.0134,1.6722
889,19:31:34.714,2088,0.0198,1.6826
890,19:31:34.715,2040,-0.0037,1.6440
891,19:31:34.715,2054,0.0032,1.6552
892,19:31:34.716,2077,0.0144,1.6738
893,19:31:34.716,2071,0.0115,1.6689
894,19:31:34.717,2081,0.0164,1.6770
895,19:31:34.717,2055,0.0037,1.6560
896,19:31:34.718,2092,0.0217,1.6859
897,19:31:34.718,2076,0.0139,1.6730
898,19:31:34.719,2088,0.0198,1.6826
899,19:31:34.719,2046,-0.0007,1.6488
900,19:31:34.720,2052,0.0022,1.6536
901,19:31:34.720,2085,0.0183,1.6802
902,19:31:34.721,2075,0.0134,1.6722
903,19:31:34.721,2080,0.0159,1.6762
904,19:31:34.722,2048,0.0002,1.6504
905,19:31:34.722,2091,0.0212,1.6851
906,19:31:34.723,2070,0.0110,1.6681
907,19:31:34.723,2087,0.0193,1.6818
908,19:31:34.724,2049,0.0007,1.6512
909,19:31:34.724,2052,0.0022,1.6536
910,19:31:34.725,2089,0.0203,1.6834
911,19:31:34.725,2072,0.0120,1.6697
912,19:31:34.726,2081,0.0164,1.6770
913,19:31:34.726,2043,-0.0022,1.6464
914,19:31:34.727,2089,0.0203,1.6834
915,19:31:34.727,2073,0.0125,1.6705
916,19:31:34.728,2084,0.0178,1.6794
917,19:31:34.728,2052,0.0022,1.6536
918,19:31:34.729,2055,0.0037,1.6560
919,19:31:34.729,2091,0.0212,1.6851
920,19:31:34.730,2079,0.0154,1.6754
921,19:31:34.730,2088,0.0198,1.6826
922,19:31:34.731,2043,-0.0022,1.6464
923,19:31:34.731,2085,0.0183,1.6802
924,19:31:34.732,2069,0.0105,1.6673
925,19:31:34.732,2082,0.0168,1.6778
926,19:31:34.733,2059,0.0056,1.6593
927,19:31:34.733,2056,0.0042,1.6568
928,19:31:34.734,2092,0.0217,1.6859
929,19:31:34.734,2079,0.0154,1.6754
930,19:31:34.735,2087,0.0193,1.6818
931,19:31:34.735,2034,-0.0066,1.6391
932,19:31:34.736,2079,0.0154,1.6754
933,19:31:34.736,2067,0.0095,1.6657
934,19:31:34.737,2078,0.0149,1.6746
935,19:31:34.737,2066,0.0090,1.6649
936,19:31:34.738,2062,0.0071,1.6617
937,19:31:34.738,2093,0.0222,1.6867
938,19:31:34.739,2075,0.0134,1.6722
939,19:31:34.739,2084,0.0178,1.6794
940,19:31:34.740,2050,0.0012,1.6520
941,19:31:34.740,2071,0.0115,1.6689
942,19:31:34.741,2071,0.0115,1.6689
943,19:31:34.741,2071,0.0115,1.6689
944,19:31:34.742,2065,0.0085,1.6641
945,19:31:34.742,2062,0.0071,1.6617
946,19:31:34.743,2089,0.0203,1.6834
947,19:31:34.743,2083,0.0173,1.6786
948,19:31:34.744,2082,0.0168,1.6778
949,19:31:34.744,2057,0.0046,1.6577
950,19:31:34.745,2069,0.0105,1.6673
951,19:31:34.745,2072,0.0120,1.6697
952,19:31:34.746,2067,0.0095,1.6657
953,19:31:34.746,2067,0.0095,1.6657
954,19:31:34.747,2068,0.0100,1.6665
955,19:31:34.747,2087,0.0193,1.6818
956,19:31:34.748,2078,0.0149,1.6746
957,19:31:34.748,2077,0.0144,1.6738
958,19:31:34.749,2065,0.0085,1.6641
959,19:31:34.749,2070,0.0110,1.6681
960,19:31:34.750,2070,0.0110,1.6681
961,19:31:34.750,2066,0.0090,1.6649
962,19:31:34.751,2067,0.0095,1.6657
963,19:31:34.751,2072,0.0120,1.6697
964,19:31:34.752,2079,0.0154,1.6754
965,19:31:34.752,2073,0.0125,1.6705
966,19:31:34.753,2073,0.0125,1.6705
967,19:31:34.753,2073,0.0125,1.6705
968,19:31:34.754,2070,0.0110,1.6681
969,19:31:34.754,2075,0.0134,1.6722
970,19:31:34.755,2066,0.0090,1.6649
971,19:31:34.755,2072,0.0120,1.6697
972,19:31:34.756,2078,0.0149,1.6746
973,19:31:34.756,2074,0.0129,1.6714
974,19:31:34.757,2066,0.0090,1.6649
975,19:31:34.757,2070,0.0110,1.6681
976,19:31:34.758,2078,0.0149,1.6746
977,19:31:34.758,2075,0.0134,1.6722
978,19:31:34.759,2070,0.0110,1.6681
979,19:31:34.759,2067,0.0095,1.6657
980,19:31:34.760,2074,0.0129,1.6714
981,19:31:34.760,2083,0.0173,1.6786
982,19:31:34.761,2070,0.0110,1.6681
983,19:31:34.761,2062,0.0071,1.6617
984,19:31:34.762,2067,0.0095,1.6657
985,19:31:34.762,2080,0.0159,1.6762
986,19:31:34.763,2072,0.0120,1.6697
987,19:31:34.763,2067,0.0095,1.6657
988,19:31:34.764,2067,0.0095,1.6657
989,19:31:34.764,2072,0.0120,1.6697
990,19:31:34.765,2084,0.0178,1.6794
991,19:31:34.765,2071,0.0115,1.6689
992,19:31:34.766,2063,0.0076,1.6625
993,19:31:34.766,2066,0.0090,1.6649
994,19:31:34.767,2082,0.0168,1.6778
995,19:31:34.767,2074,0.0129,1.6714
996,19:31:34.768,2067,0.0095,1.6657
997,19:31:34.768,2066,0.0090,1.6649
998,19:31:34.769,2075,0.0134,1.6722
999,19:31:34.769,2079,0.0154,1.6754
1000,19:31:34.770,2070,0.0110,1.6681
1001,19:31:34.770,2061,0.0066,1.6609
1002,19:31:34.771,2070,0.0110,1.6681
1003,19:31:34.771,2082,0.0168,1.6778
1004,19:31:34.772,2076,0.0139,1.6730
1005,19:31:34.772,2067,0.0095,1.6657
1006,19:31:34.773,2064,0.0081,1.6633
1007,19:31:34.773,2075,0.0134,1.6722
1008,19:31:34.774,2079,0.0154,1.6754
1009,19:31:34.774,2068,0.0100,1.6665
1010,19:31:34.775,2063,0.0076,1.6625
1011,19:31:34.775,2068,0.0100,1.6665
1012,19:31:34.776,2081,0.0164,1.6770
1013,19:31:34.776,2077,0.0144,1.6738
1014,19:31:34.777,2068,0.0100,1.6665
1015,19:31:34.777,2063,0.0076,1.6625
1016,19:31:34.778,2075,0.0134,1.6722
1017,19:31:34.778,2082,0.0168,1.6778
1018,19:31:34.779,2071,0.0115,1.6689
1019,19:31:34.779,2064,0.0081,1.6633
1020,19:31:34.780,2069,0.0105,1.6673
1021,19:31:34.780,2081,0.0164,1.6770
1022,19:31:34.781,2077,0.0144,1.6738
1023,19:31:34.781,2069,0.0105,1.6673
1024,19:31:34.782,2067,0.0095,1.6657
1025,19:31:34.782,2074,0.0129,1.6714
1026,19:31:34.783,2080,0.0159,1.6762
1027,19:31:34.783,2073,0.0125,1.6705
1028,19:31:34.784,2064,0.0081,1.6633
1029,19:31:34.784,2068,0.0100,1.6665
1030,19:31:34.785,2079,0.0154,1.6754
1031,19:31:34.785,2081,0.0164,1.6770
1032,19:31:34.786,2069,0.0105,1.6673
1033,19:31:34.786,2066,0.0090,1.6649
1034,19:31:34.787,2074,0.0129,1.6714
1035,19:31:34.787,2080,0.0159,1.6762
1036,19:31:34.788,2072,0.0120,1.6697
1037,19:31:34.788,2066,0.0090,1.6649
1038,19:31:34.789,2066,0.0090,1.6649
1039,19:31:34.789,2080,0.0159,1.6762
1040,19:31:34.790,2078,0.0149,1.6746
1041,19:31:34.790,2069,0.0105,1.6673
1042,19:31:34.791,2067,0.0095,1.6657
1043,19:31:34.791,2075,0.0134,1.6722
1044,19:31:34.792,2081,0.0164,1.6770
1045,19:31:34.792,2071,0.0115,1.6689
1046,19:31:34.793,2066,0.0090,1.6649
1047,19:31:34.793,2066,0.0090,1.6649
1048,19:31:34.794,2079,0.0154,1.6754
1049,19:31:34.794,2080,0.0159,1.6762
1050,19:31:34.795,2072,0.0120,1.6697
1051,19:31:34.795,2062,0.0071,1.6617
1052,19:31:34.796,2069,0.0105,1.6673
1053,19:31:34.796,2077,0.0144,1.6738
1054,19:31:34.797,2072,0.0120,1.6697
1055,19:31:34.797,2064,0.0081,1.6633
1056,19:31:34.798,2065,0.0085,1.6641
1057,19:31:34.798,2076,0.0139,1.6730
1058,19:31:34.799,2080,0.0159,1.6762
1059,19:31:34.799,2070,0.0110,1.6681
1060,19:31:34.800,2063,0.0076,1.6625
1061,19:31:34.800,2070,0.0110,1.6681
1062,19:31:34.801,2074,0.0129,1.6714
1063,19:31:34.801,2076,0.0139,1.6730
1064,19:31:34.802,2067,0.0095,1.6657
1065,19:31:34.802,2065,0.0085,1.6641
1066,19:31:34.803,2077,0.0144,1.6738
1067,19:31:34.803,2079,0.0154,1.6754
1068,19:31:34.804,2067,0.0095,1.6657
1069,19:31:34.804,2061,0.0066,1.6609
1070,19:31:34.805,2070,0.0110,1.6681
1071,19:31:34.805,2080,0.0159,1.6762
1072,19:31:34.806,2074,0.0129,1.6714
1073,19:31:34.806,2068,0.0100,1.6665
1074,19:31:34.807,2067,0.0095,1.6657
1075,19:31:34.807,2074,0.0129,1.6714
1076,19:31:34.808,2079,0.0154,1.6754
1077,19:31:34.808,2072,0.0120,1.6697
1078,19:31:34.809,2060,0.0061,1.6601
1079,19:31:34.809,2067,0.0095,1.6657
1080,19:31:34.810,2077,0.0144,1.6738
1081,19:31:34.810,2075,0.0134,1.6722
1082,19:31:34.811,2067,0.0095,1.6657
1083,19:31:34.811,2065,0.0085,1.6641
1084,19:31:34.812,2073,0.0125,1.6705
1085,19:31:34.812,2079,0.0154,1.6754
1086,19:31:34.813,2072,0.0120,1.6697
1087,19:31:34.813,2061,0.0066,1.6609
1088,19:31:34.814,2067,0.0095,1.6657
1089,19:31:34.814,2078,0.0149,1.6746
1090,19:31:34.815,2076,0.0139,1.6730
1091,19:31:34.815,2069,0.0105,1.6673
1092,19:31:34.816,2067,0.0095,1.6657
1093,19:31:34.816,2069,0.0105,1.6673
1094,19:31:34.817,2079,0.0154,1.6754
1095,19:31:34.817,2073,0.0125,1.6705
1096,19:31:34.818,2063,0.0076,1.6625
1097,19:31:34.818,2066,0.0090,1.6649
1098,19:31:34.819,2075,0.0134,1.6722
1099,19:31:34.819,2075,0.0134,1.6722
1100,19:31:34.820,2071,0.0115,1.6689
1101,19:31:34.820,2064,0.0081,1.6633
1102,19:31:34.821,2072,0.0120,1.6697
1103,19:31:34.821,2076,0.0139,1.6730
1104,19:31:34.822,2072,0.0120,1.6697
1105,19:31:34.822,2060,0.0061,1.6601
1106,19:31:34.823,2066,0.0090,1.6649
1107,19:31:34.823,2073,0.0125,1.6705
1108,19:31:34.824,2079,0.0154,1.6754
1109,19:31:34.824,2073,0.0125,1.6705
1110,19:31:34.825,2037,-0.0051,1.6415
1111,19:31:34.825,2083,0.0173,1.6786
1112,19:31:34.826,2083,0.0173,1.6786
1113,19:31:34.826,2074,0.0129,1.6714
1114,19:31:34.827,2062,0.0071,1.6617
1115,19:31:34.827,2075,0.0134,1.6722
1116,19:31:34.828,2092,0.0217,1.6859
1117,19:31:34.828,2060,0.0061,1.6601
1118,19:31:34.829,2064,0.0081,1.6633
1119,19:31:34.829,2057,0.0046,1.6577
1120,19:31:34.830,2080,0.0159,1.6762
1121,19:31:34.830,2076,0.0139,1.6730
1122,19:31:34.831,2062,0.0071,1.6617
1123,19:31:34.831,2087,0.0193,1.6818
1124,19:31:34.832,2082,0.0168,1.6778
1125,19:31:34.832,2082,0.0168,1.6778
1126,19:31:34.833,2066,0.0090,1.6649
1127,19:31:34.833,2053,0.0027,1.6544
1128,19:31:34.834,2067,0.0095,1.6657
1129,19:31:34.834,2072,0.0120,1.6697
1130,19:31:34.835,2072,0.0120,1.6697
1131,19:31:34.835,2066,0.0090,1.6649
1132,19:31:34.836,2081,0.0164,1.6770
1133,19:31:34.836,2090,0.0208,1.6842
1134,19:31:34.837,2082,0.0168,1.6778
1135,19:31:34.837,2054,0.0032,1.6552
1136,19:31:34.838,2057,0.0046,1.6577
1137,19:31:34.838,2061,0.0066,1.6609
1138,19:31:34.839,2073,0.0125,1.6705
1139,19:31:34.839,2072,0.0120,1.6697
1140,19:31:34.840,2060,0.0061,1.6601
1141,19:31:34.840,2090,0.0208,1.6842
1142,19:31:34.841,2087,0.0193,1.6818
1143,19:31:34.841,2086,0.0188,1.6810
1144,19:31:34.842,2052,0.0022,1.6536
1145,19:31:34.842,2056,0.0042,1.6568
1146,19:31:34.843,2071,0.0115,1.6689
1147,19:31:34.843,2070,0.0110,1.6681
1148,19:31:34.844,2074,0.0129,1.6714
1149,19:31:34.844,2062,0.0071,1.6617
1150,19:31:34.845,2095,0.0232,1.6883
1151,19:31:34.845,2085,0.0183,1.6802
1152,19:31:34.846,2082,0.0168,1.6778
1153,19:31:34.846,2054,0.0032,1.6552
1154,19:31:34.847,2059,0.0056,1.6593
1155,19:31:34.847,2069,0.0105,1.6673
1156,19:31:34.848,2072,0.0120,1.6697
1157,19:31:34.848,2070,0.0110,1.6681
1158,19:31:34.849,2057,0.0046,1.6577
1159,19:31:34.849,2101,0.0261,1.6931
1160,19:31:34.850,2080,0.0159,1.6762
1161,19:31:34.850,2087,0.0193,1.6818
1162,19:31:34.851,2053,0.0027,1.6544
1163,19:31:34.851,2064,0.0081,1.6633
1164,19:31:34.852,2072,0.0120,1.6697
1165,19:31:34.852,2068,0.0100,1.6665
1166,19:31:34.853,2071,0.0115,1.6689
1167,19:31:34.853,2057,0.0046,1.6577
1168,19:31:34.854,2098,0.0247,1.6907
1169,19:31:34.854,2077,0.0144,1.6738
1170,19:31:34.855,2085,0.0183,1.6802
1171,19:31:34.855,2054,0.0032,1.6552
1172,19:31:34.856,2069,0.0105,1.6673
1173,19:31:34.856,2075,0.0134,1.6722
1174,19:31:34.857,2070,0.0110,1.6681
1175,19:31:34.857,2073,0.0125,1.6705
1176,19:31:34.858,2056,0.0042,1.6568
1177,19:31:34.858,2089,0.0203,1.6834
1178,19:31:34.859,2073,0.0125,1.6705
1179,19:31:34.859,2079,0.0154,1.6754
1180,19:31:34.860,2055,0.0037,1.6560
1181,19:31:34.860,2069,0.0105,1.6673
1182,19:31:34.861,2076,0.0139,1.6730
1183,19:31:34.861,2076,0.0139,1.6730
1184,19:31:34.862,2076,0.0139,1.6730
1185,19:31:34.862,2058,0.0051,1.6585
1186,19:31:34.863,2082,0.0168,1.6778
1187,19:31:34.863,2072,0.0120,1.6697
1188,19:31:34.864,2072,0.0120,1.6697
1189,19:31:34.864,2061,0.0066,1.6609
1190,19:31:34.865,2068,0.0100,1.6665
1191,19:31:34.865,2082,0.0168,1.6778
1192,19:31:34.866,2077,0.0144,1.6738
1193,19:31:34.866,2077,0.0144,1.6738
1194,19:31:34.867,2060,0.0061,1.6601
1195,19:31:34.867,2069,0.0105,1.6673
1196,19:31:34.868,2068,0.0100,1.6665
1197,19:31:34.868,2071,0.0115,1.6689
1198,19:31:34.869,2062,0.0071,1.6617
1199,19:31:34.869,2070,0.0110,1.6681
1200,19:31:34.870,2087,0.0193,1.6818
1201,19:31:34.870,2082,0.0168,1.6778
1202,19:31:34.871,2074,0.0129,1.6714
1203,19:31:34.871,2057,0.0046,1.6577
1204,19:31:34.872,2063,0.0076,1.6625
1205,19:31:34.872,2065,0.0085,1.6641
1206,19:31:34.873,2067,0.0095,1.6657
1207,19:31:34.873,2068,0.0100,1.6665
1208,19:31:34.874,2069,0.0105,1.6673
1209,19:31:34.874,2090,0.0208,1.6842
1210,19:31:34.875,2087,0.0193,1.6818
1211,19:31:34.875,2077,0.0144,1.6738
1212,19:31:34.876,2061,0.0066,1.6609
1213,19:31:34.876,2060,0.0061,1.6601
1214,19:31:34.877,2068,0.0100,1.6665
1215,19:31:34.877,2063,0.0076,1.6625
1216,19:31:34.878,2068,0.0100,1.6665
1217,19:31:34.878,2066,0.0090,1.6649
1218,19:31:34.879,2091,0.0212,1.6851
1219,19:31:34.879,2089,0.0203,1.6834
1220,19:31:34.880,2079,0.0154,1.6754
1221,19:31:34.880,2060,0.0061,1.6601
1222,19:31:34.881,2058,0.0051,1.6585
1223,19:31:34.881,2069,0.0105,1.6673
1224,19:31:34.882,2065,0.0085,1.6641
1225,19:31:34.882,2072,0.0120,1.6697
1226,19:31:34.883,2062,0.0071,1.6617
1227,19:31:34.883,2093,0.0222,1.6867
1228,19:31:34.884,2086,0.0188,1.6810
1229,19:31:34.884,2081,0.0164,1.6770
1230,19:31:34.885,2062,0.0071,1.6617
1231,19:31:34.885,2061,0.0066,1.6609
1232,19:31:34.886,2073,0.0125,1.6705
1233,19:31:34.886,2067,0.0095,1.6657
1234,19:31:34.887,2073,0.0125,1.6705
1235,19:31:34.887,2066,0.0090,1.6649
1236,19:31:34.888,2093,0.0222,1.6867
1237,19:31:34.888,2080,0.0159,1.6762
1238,19:31:34.889,2083,0.0173,1.6786
1239,19:31:34.889,2063,0.0076,1.6625
1240,19:31:34.890,2066,0.0090,1.6649
1241,19:31:34.890,2076,0.0139,1.6730
1242,19:31:34.891,2068,0.0100,1.6665
1243,19:31:34.891,2072,0.0120,1.6697
1244,19:31:34.892,2061,0.0066,1.6609
1245,19:31:34.892,2086,0.0188,1.6810
1246,19:31:34.893,2078,0.0149,1.6746
1247,19:31:34.893,2082,0.0168,1.6778
1248,19:31:34.894,2060,0.0061,1.6601
1249,19:31:34.894,2072,0.0120,1.6697
1250,19:31:34.895,2075,0.0134,1.6722
1251,19:31:34.895,2075,0.0134,1.6722
1252,19:31:34.896,2073,0.0125,1.6705
1253,19:31:34.896,2058,0.0051,1.6585
1254,19:31:34.897,2085,0.0183,1.6802
1255,19:31:34.897,2071,0.0115,1.6689
1256,19:31:34.898,2080,0.0159,1.6762
1257,19:31:34.898,2061,0.0066,1.6609
1258,19:31:34.899,2071,0.0115,1.6689
1259,19:31:34.899,2077,0.0144,1.6738
1260,19:31:34.900,2079,0.0154,1.6754
1261,19:31:34.900,2075,0.0134,1.6722
1262,19:31:34.901,2060,0.0061,1.6601
1263,19:31:34.901,2081,0.0164,1.6770
1264,19:31:34.902,2067,0.0095,1.6657
1265,19:31:34.902,2073,0.0125,1.6705
1266,19:31:34.903,2063,0.0076,1.6625
1267,19:31:34.903,2073,0.0125,1.6705
1268,19:31:34.904,2080,0.0159,1.6762
1269,19:31:34.904,2081,0.0164,1.6770
1270,19:31:34.905,2075,0.0134,1.6722
1271,19:31:34.905,2057,0.0046,1.6577
1272,19:31:34.906,2071,0.0115,1.6689
1273,19:31:34.906,2068,0.0100,1.6665
1274,19:31:34.907,2070,0.0110,1.6681
1275,19:31:34.907,2061,0.0066,1.6609
1276,19:31:34.908,2070,0.0110,1.6681
1277,19:31:34.908,2083,0.0173,1.6786
1278,19:31:34.909,2079,0.0154,1.6754
1279,19:31:34.909,2078,0.0149,1.6746
1280,19:31:34.910,2058,0.0051,1.6585
1281,19:31:34.910,2067,0.0095,1.6657
1282,19:31:34.911,2066,0.0090,1.6649
1283,19:31:34.911,2070,0.0110,1.6681
1284,19:31:34.912,2065,0.0085,1.6641
1285,19:31:34.912,2072,0.0120,1.6697
1286,19:31:34.913,2084,0.0178,1.6794
1287,19:31:34.913,2083,0.0173,1.6786
1288,19:31:34.914,2076,0.0139,1.6730
1289,19:31:34.914,2061,0.0066,1.6609
1290,19:31:34.915,2065,0.0085,1.6641
1291,19:31:34.915,2067,0.0095,1.6657
1292,19:31:34.916,2066,0.0090,1.6649
1293,19:31:34.916,2069,0.0105,1.6673
1294,19:31:34.917,2064,0.0081,1.6633
1295,19:31:34.917,2089,0.0203,1.6834
1296,19:31:34.918,2083,0.0173,1.6786
1297,19:31:34.918,2077,0.0144,1.6738
1298,19:31:34.919,2061,0.0066,1.6609
1299,19:31:34.919,2062,0.0071,1.6617
1300,19:31:34.920,2072,0.0120,1.6697
1301,19:31:34.920,2068,0.0100,1.6665
1302,19:31:34.921,2070,0.0110,1.6681
1303,19:31:34.921,2064,0.0081,1.6633
1304,19:31:34.922,2085,0.0183,1.6802
1305,19:31:34.922,2083,0.0173,1.6786
1306,19:31:34.923,2079,0.0154,1.6754
1307,19:31:34.923,2062,0.0071,1.6617
1308,19:31:34.924,2063,0.0076,1.6625
1309,19:31:34.924,2072,0.0120,1.6697
1310,19:31:34.925,2070,0.0110,1.6681
1311,19:31:34.925,2070,0.0110,1.6681
1312,19:31:34.926,2060,0.0061,1.6601
1313,19:31:34.926,2087,0.0193,1.6818
1314,19:31:34.927,2082,0.0168,1.6778
1315,19:31:34.927,2077,0.0144,1.6738
1316,19:31:34.928,2059,0.0056,1.6593
1317,19:31:34.928,2066,0.0090,1.6649
1318,19:31:34.929,2075,0.0134,1.6722
1319,19:31:34.929,2071,0.0115,1.6689
1320,19:31:34.930,2075,0.0134,1.6722
1321,19:31:34.930,2060,0.0061,1.6601
1322,19:31:34.931,2081,0.0164,1.6770
1323,19:31:34.931,2077,0.0144,1.6738
1324,19:31:34.932,2076,0.0139,1.6730
1325,19:31:34.932,2060,0.0061,1.6601
1326,19:31:34.933,2066,0.0090,1.6649
1327,19:31:34.933,2075,0.0134,1.6722
1328,19:31:34.934,2074,0.0129,1.6714
1329,19:31:34.934,2071,0.0115,1.6689
1330,19:31:34.935,2061,0.0066,1.6609
1331,19:31:34.935,2080,0.0159,1.6762
1332,19:31:34.936,2073,0.0125,1.6705
1333,19:31:34.936,2075,0.0134,1.6722
1334,19:31:34.937,2060,0.0061,1.6601
1335,19:31:34.937,2069,0.0105,1.6673
1336,19:31:34.938,2079,0.0154,1.6754
1337,19:31:34.938,2072,0.0120,1.6697
1338,19:31:34.939,2073,0.0125,1.6705
1339,19:31:34.939,2062,0.0071,1.6617
1340,19:31:34.940,2076,0.0139,1.6730
1341,19:31:34.940,2069,0.0105,1.6673
1342,19:31:34.941,2076,0.0139,1.6730
1343,19:31:34.941,2061,0.0066,1.6609
1344,19:31:34.942,2073,0.0125,1.6705
1345,19:31:34.942,2081,0.0164,1.6770
1346,19:31:34.943,2079,0.0154,1.6754
1347,19:31:34.943,2073,0.0125,1.6705
1348,19:31:34.944,2061,0.0066,1.6609
1349,19:31:34.944,2074,0.0129,1.6714
1350,19:31:34.945,2070,0.0110,1.6681
1351,19:31:34.945,2073,0.0125,1.6705
1352,19:31:34.946,2063,0.0076,1.6625
1353,19:31:34.946,2073,0.0125,1.6705
1354,19:31:34.947,2085,0.0183,1.6802
1355,19:31:34.947,2081,0.0164,1.6770
1356,19:31:34.948,2075,0.0134,1.6722
1357,19:31:34.948,2060,0.0061,1.6601
1358,19:31:34.949,2072,0.0120,1.6697
1359,19:31:34.949,2065,0.0085,1.6641
1360,19:31:34.950,2072,0.0120,1.6697
1361,19:31:34.950,2065,0.0085,1.6641
1362,19:31:34.951,2076,0.0139,1.6730
1363,19:31:34.951,2089,0.0203,1.6834
1364,19:31:34.952,2083,0.0173,1.6786
1365,19:31:34.952,2077,0.0144,1.6738
1366,19:31:34.953,2058,0.0051,1.6585
1367,19:31:34.953,2068,0.0100,1.6665
1368,19:31:34.954,2066,0.0090,1.6649
1369,19:31:34.954,2068,0.0100,1.6665
1370,19:31:34.955,2067,0.0095,1.6657
1371,19:31:34.955,2070,0.0110,1.6681
1372,19:31:34.956,2088,0.0198,1.6826
1373,19:31:34.956,2079,0.0154,1.6754
1374,19:31:34.957,2076,0.0139,1.6730
1375,19:31:34.957,2059,0.0056,1.6593
1376,19:31:34.958,2062,0.0071,1.6617
1377,19:31:34.958,2069,0.0105,1.6673
1378,19:31:34.959,2071,0.0115,1.6689
1379,19:31:34.959,2067,0.0095,1.6657
1380,19:31:34.960,2067,0.0095,1.6657
1381,19:31:34.960,2086,0.0188,1.6810
1382,19:31:34.961,2082,0.0168,1.6778
1383,19:31:34.961,2081,0.0164,1.6770
1384,19:31:34.962,2058,0.0051,1.6585
1385,19:31:34.962,2062,0.0071,1.6617
1386,19:31:34.963,2069,0.0105,1.6673
1387,19:31:34.963,2068,0.0100,1.6665
1388,19:31:34.964,2070,0.0110,1.6681
1389,19:31:34.964,2063,0.0076,1.6625
1390,19:31:34.965,2086,0.0188,1.6810
1391,19:31:34.965,2075,0.0134,1.6722
1392,19:31:34.966,2081,0.0164,1.6770
1393,19:31:34.966,2062,0.0071,1.6617
1394,19:31:34.967,2066,0.0090,1.6649
1395,19:31:34.967,2073,0.0125,1.6705
1396,19:31:34.968,2069,0.0105,1.6673
1397,19:31:34.968,2071,0.0115,1.6689
1398,19:31:34.969,2061,0.0066,1.6609
1399,19:31:34.969,2082,0.0168,1.6778
1400,19:31:34.970,2076,0.0139,1.6730
1401,19:31:34.970,2077,0.0144,1.6738
1402,19:31:34.971,2058,0.0051,1.6585
1403,19:31:34.971,2068,0.0100,1.6665
1404,19:31:34.972,2077,0.0144,1.6738
1405,19:31:34.972,2073,0.0125,1.6705
1406,19:31:34.973,2072,0.0120,1.6697
1407,19:31:34.973,2058,0.0051,1.6585
1408,19:31:34.974,2078,0.0149,1.6746
1409,19:31:34.974,2074,0.0129,1.6714
1410,19:31:34.975,2078,0.0149,1.6746
1411,19:31:34.975,2057,0.0046,1.6577
1412,19:31:34.976,2072,0.0120,1.6697
1413,19:31:34.976,2079,0.0154,1.6754
1414,19:31:34.977,2078,0.0149,1.6746
1415,19:31:34.977,2074,0.0129,1.6714
1416,19:31:34.978,2055,0.0037,1.6560
1417,19:31:34.978,2077,0.0144,1.6738
1418,19:31:34.979,2067,0.0095,1.6657
1419,19:31:34.979,2079,0.0154,1.6754
1420,19:31:34.980,2061,0.0066,1.6609
1421,19:31:34.980,2074,0.0129,1.6714
1422,19:31:34.981,2082,0.0168,1.6778
1423,19:31:34.981,2077,0.0144,1.6738
1424,19:31:34.982,2072,0.0120,1.6697
1425,19:31:34.982,2061,0.0066,1.6609
1426,19:31:34.983,2076,0.0139,1.6730
1427,19:31:34.983,2063,0.0076,1.6625
1428,19:31:34.984,2074,0.0129,1.6714
1429,19:31:34.984,2059,0.0056,1.6593
1430,19:31:34.985,2073,0.0125,1.6705
1431,19:31:34.985,2081,0.0164,1.6770
1432,19:31:34.986,2084,0.0178,1.6794
1433,19:31:34.986,2074,0.0129,1.6714
1434,19:31:34.987,2058,0.0051,1.6585
1435,19:31:34.987,2074,0.0129,1.6714
1436,19:31:34.988,2068,0.0100,1.6665
1437,19:31:34.988,2068,0.0100,1.6665
1438,19:31:34.989,2060,0.0061,1.6601
1439,19:31:34.989,2076,0.0139,1.6730
1440,19:31:34.990,2091,0.0212,1.6851
1441,19:31:34.990,2094,0.0227,1.6875
1442,19:31:34.991,2097,0.0242,1.6899
1443,19:31:34.991,2096,0.0237,1.6891
1444,19:31:34.992,2110,0.0305,1.7004
1445,19:31:34.992,2104,0.0276,1.6955
1446,19:31:34.993,2110,0.0305,1.7004
1447,19:31:34.993,2095,0.0232,1.6883
1448,19:31:34.994,2100,0.0256,1.6923
1449,19:31:34.994,2105,0.0281,1.6963
1450,19:31:34.995,2092,0.0217,1.6859
1451,19:31:34.995,2079,0.0154,1.6754
1452,19:31:34.996,2057,0.0046,1.6577
1453,19:31:34.996,2053,0.0027,1.6544
1454,19:31:34.997,2043,-0.0022,1.6464
1455,19:31:34.997,2042,-0.0027,1.6456
1456,19:31:34.998,2031,-0.0081,1.6367
1457,19:31:34.998,2035,-0.0061,1.6399
1458,19:31:34.999,2051,0.0017,1.6528
1459,19:31:34.999,2044,-0.0017,1.6472
1460,19:31:35.000,2043,-0.0022,1.6464
1461,19:31:35.000,2026,-0.0105,1.6327
1462,19:31:35.001,2034,-0.0066,1.6391
1463,19:31:35.001,2041,-0.0032,1.6448
1464,19:31:35.002,1999,-0.0237,1.6109
1465,19:31:35.002,2078,0.0149,1.6746
1466,19:31:35.003,1983,-0.0315,1.5980
1467,19:31:35.003,2158,0.0540,1.7390
1468,19:31:35.004,2044,-0.0017,1.6472
1469,19:31:35.004,2138,0.0442,1.7229
1470,19:31:35.005,2124,0.0374,1.7116
1471,19:31:35.005,2125,0.0379,1.7125
1472,19:31:35.006,2107,0.0291,1.6979
1473,19:31:35.006,2097,0.0242,1.6899
1474,19:31:35.007,2078,0.0149,1.6746
1475,19:31:35.007,2052,0.0022,1.6536
1476,19:31:35.008,2075,0.0134,1.6722
1477,19:31:35.008,2072,0.0120,1.6697
1478,19:31:35.009,2084,0.0178,1.6794
1479,19:31:35.009,2075,0.0134,1.6722
1480,19:31:35.010,2096,0.0237,1.6891
1481,19:31:35.010,2111,0.0310,1.7012
1482,19:31:35.011,2111,0.0310,1.7012
1483,19:31:35.011,2115,0.0330,1.7044
1484,19:31:35.012,2093,0.0222,1.6867
1485,19:31:35.012,2115,0.0330,1.7044
1486,19:31:35.013,2103,0.0271,1.6947
1487,19:31:35.013,2108,0.0295,1.6988
1488,19:31:35.014,2083,0.0173,1.6786
1489,19:31:35.014,2101,0.0261,1.6931
1490,19:31:35.015,2115,0.0330,1.7044
1491,19:31:35.015,2117,0.0339,1.7060
1492,19:31:35.016,2127,0.0388,1.7141
1493,19:31:35.016,2109,0.0300,1.6996
1494,19:31:35.017,2132,0.0413,1.7181
1495,19:31:35.017,2122,0.0364,1.7100
1496,19:31:35.018,2122,0.0364,1.7100
1497,19:31:35.018,2100,0.0256,1.6923
1498,19:31:35.019,2103,0.0271,1.6947
1499,19:31:35.019,2116,0.0335,1.7052
1500,19:31:35.020,2111,0.0310,1.7012
1501,19:31:35.020,2108,0.0295,1.6988
1502,19:31:35.021,2093,0.0222,1.6867
1503,19:31:35.021,2113,0.0320,1.7028
1504,19:31:35.022,2108,0.0295,1.6988
1505,19:31:35.022,2118,0.0344,1.7068
1506,19:31:35.023,2096,0.0237,1.6891
1507,19:31:35.023,2108,0.0295,1.6988
1508,19:31:35.024,2121,0.0359,1.7092
1509,19:31:35.024,2114,0.0325,1.7036
1510,19:31:35.025,2111,0.0310,1.7012
1511,19:31:35.025,2092,0.0217,1.6859
1512,19:31:35.026,2109,0.0300,1.6996
1513,19:31:35.026,2101,0.0261,1.6931
1514,19:31:35.027,2105,0.0281,1.6963
1515,19:31:35.027,2093,0.0222,1.6867
1516,19:31:35.028,2107,0.0291,1.6979
1517,19:31:35.028,2123,0.0369,1.7108
1518,19:31:35.029,2113,0.0320,1.7028
1519,19:31:35.029,2111,0.0310,1.7012
1520,19:31:35.030,2093,0.0222,1.6867
1521,19:31:35.030,2100,0.0256,1.6923
1522,19:31:35.031,2093,0.0222,1.6867
1523,19:31:35.031,2100,0.0256,1.6923
1524,19:31:35.032,2090,0.0208,1.6842
1525,19:31:35.032,2099,0.0252,1.6915
1526,19:31:35.033,2117,0.0339,1.7060
1527,19:31:35.033,2106,0.0286,1.6971
1528,19:31:35.034,2108,0.0295,1.6988
1529,19:31:35.034,2079,0.0154,1.6754
1530,19:31:35.035,2088,0.0198,1.6826
1531,19:31:35.035,2091,0.0212,1.6851
1532,19:31:35.036,2094,0.0227,1.6875
1533,19:31:35.036,2090,0.0208,1.6842
1534,19:31:35.037,2079,0.0154,1.6754
1535,19:31:35.037,2109,0.0300,1.6996
1536,19:31:35.038,2099,0.0252,1.6915
1537,19:31:35.038,2100,0.0256,1.6923
1538,19:31:35.039,2067,0.0095,1.6657
1539,19:31:35.039,2081,0.0164,1.6770
1540,19:31:35.040,2095,0.0232,1.6883
1541,19:31:35.040,2086,0.0188,1.6810
1542,19:31:35.041,2087,0.0193,1.6818
1543,19:31:35.041,2071,0.0115,1.6689
1544,19:31:35.042,2105,0.0281,1.6963
1545,19:31:35.042,2085,0.0183,1.6802
1546,19:31:35.043,2085,0.0183,1.6802
1547,19:31:35.043,2066,0.0090,1.6649
1548,19:31:35.044,2068,0.0100,1.6665
1549,19:31:35.044,2089,0.0203,1.6834
1550,19:31:35.045,2068,0.0100,1.6665
1551,19:31:35.045,2070,0.0110,1.6681
1552,19:31:35.046,2066,0.0090,1.6649
1553,19:31:35.046,2084,0.0178,1.6794
1554,19:31:35.047,2077,0.0144,1.6738
1555,19:31:35.047,2069,0.0105,1.6673
1556,19:31:35.048,2063,0.0076,1.6625
1557,19:31:35.048,2069,0.0105,1.6673
1558,19:31:35.049,2076,0.0139,1.6730
1559,19:31:35.049,2062,0.0071,1.6617
1560,19:31:35.050,2064,0.0081,1.6633
1561,19:31:35.050,2069,0.0105,1.6673
1562,19:31:35.051,2071,0.0115,1.6689
1563,19:31:35.051,2064,0.0081,1.6633
1564,19:31:35.052,2061,0.0066,1.6609
1565,19:31:35.052,2063,0.0076,1.6625
1566,19:31:35.053,2063,0.0076,1.6625
1567,19:31:35.053,2067,0.0095,1.6657
1568,19:31:35.054,2057,0.0046,1.6577
1569,19:31:35.054,2057,0.0046,1.6577
1570,19:31:35.055,2065,0.0085,1.6641
1571,19:31:35.055,2069,0.0105,1.6673
1572,19:31:35.056,2067,0.0095,1.6657
1573,19:31:35.056,2063,0.0076,1.6625
1574,19:31:35.057,2063,0.0076,1.6625
1575,19:31:35.057,2069,0.0105,1.6673
1576,19:31:35.058,2064,0.0081,1.6633
1577,19:31:35.058,2054,0.0032,1.6552
1578,19:31:35.059,2055,0.0037,1.6560
1579,19:31:35.059,2063,0.0076,1.6625
1580,19:31:35.060,2055,0.0037,1.6560
1581,19:31:35.060,2057,0.0046,1.6577
1582,19:31:35.061,2054,0.0032,1.6552
1583,19:31:35.061,2063,0.0076,1.6625
1584,19:31:35.062,2062,0.0071,1.6617
1585,19:31:35.062,2063,0.0076,1.6625
1586,19:31:35.063,2054,0.0032,1.6552
1587,19:31:35.063,2054,0.0032,1.6552
1588,19:31:35.064,2059,0.0056,1.6593
1589,19:31:35.064,2053,0.0027,1.6544
1590,19:31:35.065,2055,0.0037,1.6560
1591,19:31:35.065,2060,0.0061,1.6601
1592,19:31:35.066,2075,0.0134,1.6722
1593,19:31:35.066,2078,0.0149,1.6746
1594,19:31:35.067,2073,0.0125,1.6705
1595,19:31:35.067,2069,0.0105,1.6673
1596,19:31:35.068,2064,0.0081,1.6633
1597,19:31:35.068,2068,0.0100,1.6665
1598,19:31:35.069,2060,0.0061,1.6601
1599,19:31:35.069,2064,0.0081,1.6633
1600,19:31:35.070,2074,0.0129,1.6714
1601,19:31:35.070,2088,0.0198,1.6826
1602,19:31:35.071,2098,0.0247,1.6907
1603,19:31:35.071,2088,0.0198,1.6826
1604,19:31:35.072,2086,0.0188,1.6810
1605,19:31:35.072,2082,0.0168,1.6778
1606,19:31:35.073,2081,0.0164,1.6770
1607,19:31:35.073,2072,0.0120,1.6697
1608,19:31:35.074,2073,0.0125,1.6705
1609,19:31:35.074,2081,0.0164,1.6770
1610,19:31:35.075,2091,0.0212,1.6851
1611,19:31:35.075,2089,0.0203,1.6834
1612,19:31:35.076,2082,0.0168,1.6778
1613,19:31:35.076,2072,0.0120,1.6697
1614,19:31:35.077,2070,0.0110,1.6681
1615,19:31:35.077,2067,0.0095,1.6657
1616,19:31:35.078,2061,0.0066,1.6609
1617,19:31:35.078,2058,0.0051,1.6585
1618,19:31:35.079,2069,0.0105,1.6673
1619,19:31:35.079,2070,0.0110,1.6681
1620,19:31:35.080,2069,0.0105,1.6673
1621,19:31:35.080,2064,0.0081,1.6633
1622,19:31:35.081,2061,0.0066,1.6609
1623,19:31:35.081,2061,0.0066,1.6609
1624,19:31:35.082,2064,0.0081,1.6633
1625,19:31:35.082,2061,0.0066,1.6609
1626,19:31:35.083,2065,0.0085,1.6641
1627,19:31:35.083,2069,0.0105,1.6673
1628,19:31:35.084,2068,0.0100,1.6665
1629,19:31:35.084,2067,0.0095,1.6657
1630,19:31:35.085,2067,0.0095,1.6657
1631,19:31:35.085,2065,0.0085,1.6641
1632,19:31:35.086,2067,0.0095,1.6657
1633,19:31:35.086,2069,0.0105,1.6673
1634,19:31:35.087,2069,0.0105,1.6673
1635,19:31:35.087,2073,0.0125,1.6705
1636,19:31:35.088,2074,0.0129,1.6714
1637,19:31:35.088,2075,0.0134,1.6722
1638,19:31:35.089,2078,0.0149,1.6746
1639,19:31:35.089,2081,0.0164,1.6770
1640,19:31:35.090,2079,0.0154,1.6754
1641,19:31:35.090,2081,0.0164,1.6770
1642,19:31:35.091,2069,0.0105,1.6673
1643,19:31:35.091,2066,0.0090,1.6649
1644,19:31:35.092,2061,0.0066,1.6609
1645,19:31:35.092,2062,0.0071,1.6617
1646,19:31:35.093,2063,0.0076,1.6625
1647,19:31:35.093,2071,0.0115,1.6689
1648,19:31:35.094,2062,0.0071,1.6617
1649,19:31:35.094,2072,0.0120,1.6697
1650,19:31:35.095,2072,0.0120,1.6697
1651,19:31:35.095,2071,0.0115,1.6689
1652,19:31:35.096,2071,0.0115,1.6689
1653,19:31:35.096,2067,0.0095,1.6657
1654,19:31:35.097,2068,0.0100,1.6665
1655,19:31:35.097,2068,0.0100,1.6665
1656,19:31:35.098,2065,0.0085,1.6641
1657,19:31:35.098,2069,0.0105,1.6673
1658,19:31:35.099,2071,0.0115,1.6689
1659,19:31:35.099,2077,0.0144,1.6738
1660,19:31:35.100,2078,0.0149,1.6746
1661,19:31:35.100,2076,0.0139,1.6730
1662,19:31:35.101,2070,0.0110,1.6681
1663,19:31:35.101,2063,0.0076,1.6625
1664,19:31:35.102,2059,0.0056,1.6593
1665,19:31:35.102,2062,0.0071,1.6617
1666,19:31:35.103,2060,0.0061,1.6601
1667,19:31:35.103,2065,0.0085,1.6641
1668,19:31:35.104,2066,0.0090,1.6649
1669,19:31:35.104,2072,0.0120,1.6697
1670,19:31:35.105,2067,0.0095,1.6657
1671,19:31:35.105,2064,0.0081,1.6633
1672,19:31:35.106,2066,0.0090,1.6649
1673,19:31:35.106,2071,0.0115,1.6689
1674,19:31:35.107,2072,0.0120,1.6697
1675,19:31:35.107,2069,0.0105,1.6673
1676,19:31:35.108,2066,0.0090,1.6649
1677,19:31:35.108,2065,0.0085,1.6641
1678,19:31:35.109,2058,0.0051,1.6585
1679,19:31:35.109,2066,0.0090,1.6649
1680,19:31:35.110,2058,0.0051,1.6585
1681,19:31:35.110,2068,0.0100,1.6665
1682,19:31:35.111,2072,0.0120,1.6697
1683,19:31:35.111,2077,0.0144,1.6738
1684,19:31:35.112,2066,0.0090,1.6649
1685,19:31:35.112,2063,0.0076,1.6625
1686,19:31:35.113,2062,0.0071,1.6617
1687,19:31:35.113,2052,0.0022,1.6536
1688,19:31:35.114,2052,0.0022,1.6536
1689,19:31:35.114,2043,-0.0022,1.6464
1690,19:31:35.115,2060,0.0061,1.6601
1691,19:31:35.115,2069,0.0105,1.6673
1692,19:31:35.116,2072,0.0120,1.6697
1693,19:31:35.116,2067,0.0095,1.6657
1694,19:31:35.117,2055,0.0037,1.6560
1695,19:31:35.117,2057,0.0046,1.6577
1696,19:31:35.118,2051,0.0017,1.6528
1697,19:31:35.118,2055,0.0037,1.6560
1698,19:31:35.119,2050,0.0012,1.6520
1699,19:31:35.119,2050,0.0012,1.6520
1700,19:31:35.120,2052,0.0022,1.6536
1701,19:31:35.120,2051,0.0017,1.6528
1702,19:31:35.121,2045,-0.0012,1.6480
1703,19:31:35.121,2045,-0.0012,1.6480
1704,19:31:35.122,2038,-0.0046,1.6423
1705,19:31:35.122,2047,-0.0002,1.6496
1706,19:31:35.123,2046,-0.0007,1.6488
1707,19:31:35.123,2050,0.0012,1.6520
1708,19:31:35.124,2043,-0.0022,1.6464
1709,19:31:35.124,2054,0.0032,1.6552
1710,19:31:35.125,2042,-0.0027,1.6456
1711,19:31:35.125,2034,-0.0066,1.6391
1712,19:31:35.126,2035,-0.0061,1.6399
1713,19:31:35.126,2039,-0.0042,1.6432
1714,19:31:35.127,2045,-0.0012,1.6480
1715,19:31:35.127,2051,0.0017,1.6528
1716,19:31:35.128,2052,0.0022,1.6536
1717,19:31:35.128,2045,-0.0012,1.6480
1718,19:31:35.129,2057,0.0046,1.6577
1719,19:31:35.129,2054,0.0032,1.6552
1720,19:31:35.130,2050,0.0012,1.6520
1721,19:31:35.130,2037,-0.0051,1.6415
1722,19:31:35.131,2041,-0.0032,1.6448
1723,19:31:35.131,2044,-0.0017,1.6472
1724,19:31:35.132,2046,-0.0007,1.6488
1725,19:31:35.132,2045,-0.0012,1.6480
1726,19:31:35.133,2042,-0.0027,1.6456
1727,19:31:35.133,2042,-0.0027,1.6456
1728,19:31:35.134,2041,-0.0032,1.6448
1729,19:31:35.134,2043,-0.0022,1.6464
1730,19:31:35.135,2047,-0.0002,1.6496
1731,19:31:35.135,2050,0.0012,1.6520
1732,19:31:35.136,2052,0.0022,1.6536
1733,19:31:35.136,2052,0.0022,1.6536
1734,19:31:35.137,2051,0.0017,1.6528
1735,19:31:35.137,2044,-0.0017,1.6472
1736,19:31:35.138,2048,0.0002,1.6504
1737,19:31:35.138,2053,0.0027,1.6544
1738,19:31:35.139,2051,0.0017,1.6528
1739,19:31:35.139,2052,0.0022,1.6536
1740,19:31:35.140,2052,0.0022,1.6536
1741,19:31:35.140,2052,0.0022,1.6536
1742,19:31:35.141,2058,0.0051,1.6585
1743,19:31:35.141,2059,0.0056,1.6593
1744,19:31:35.142,2069,0.0105,1.6673
1745,19:31:35.142,2080,0.0159,1.6762
1746,19:31:35.143,2082,0.0168,1.6778
1747,19:31:35.143,2078,0.0149,1.6746
1748,19:31:35.144,2073,0.0125,1.6705
1749,19:31:35.144,2072,0.0120,1.6697
1750,19:31:35.145,2069,0.0105,1.6673
1751,19:31:35.145,2069,0.0105,1.6673
1752,19:31:35.146,2067,0.0095,1.6657
1753,19:31:35.146,2066,0.0090,1.6649
1754,19:31:35.147,2069,0.0105,1.6673
1755,19:31:35.147,2073,0.0125,1.6705
1756,19:31:35.148,2073,0.0125,1.6705
1757,19:31:35.148,2069,0.0105,1.6673
1758,19:31:35.149,2074,0.0129,1.6714
1759,19:31:35.149,2075,0.0134,1.6722
1760,19:31:35.150,2074,0.0129,1.6714
1761,19:31:35.150,2075,0.0134,1.6722
1762,19:31:35.151,2073,0.0125,1.6705
1763,19:31:35.151,2079,0.0154,1.6754
1764,19:31:35.152,2075,0.0134,1.6722
1765,19:31:35.152,2062,0.0071,1.6617
1766,19:31:35.153,2089,0.0203,1.6834
1767,19:31:35.153,2081,0.0164,1.6770
1768,19:31:35.154,2081,0.0164,1.6770
1769,19:31:35.154,2071,0.0115,1.6689
1770,19:31:35.155,2098,0.0247,1.6907
1771,19:31:35.155,2087,0.0193,1.6818
1772,19:31:35.156,2060,0.0061,1.6601
1773,19:31:35.156,2089,0.0203,1.6834
1774,19:31:35.157,2072,0.0120,1.6697
1775,19:31:35.157,2092,0.0217,1.6859
1776,19:31:35.158,2054,0.0032,1.6552
1777,19:31:35.158,2083,0.0173,1.6786
1778,19:31:35.159,2091,0.0212,1.6851
1779,19:31:35.159,2096,0.0237,1.6891
1780,19:31:35.160,2085,0.0183,1.6802
1781,19:31:35.160,2040,-0.0037,1.6440
1782,19:31:35.161,2091,0.0212,1.6851
1783,19:31:35.161,2060,0.0061,1.6601
1784,19:31:35.162,2084,0.0178,1.6794
1785,19:31:35.162,2040,-0.0037,1.6440
1786,19:31:35.163,2062,0.0071,1.6617
1787,19:31:35.163,2096,0.0237,1.6891
1788,19:31:35.164,2082,0.0168,1.6778
1789,19:31:35.164,2084,0.0178,1.6794
1790,19:31:35.165,2022,-0.0125,1.6295
1791,19:31:35.165,2080,0.0159,1.6762
1792,19:31:35.166,2066,0.0090,1.6649
1793,19:31:35.166,2074,0.0129,1.6714
1794,19:31:35.167,2036,-0.0056,1.6407
1795,19:31:35.167,2050,0.0012,1.6520
1796,19:31:35.168,2101,0.0261,1.6931
1797,19:31:35.168,2077,0.0144,1.6738
1798,19:31:35.169,2077,0.0144,1.6738
1799,19:31:35.169,2018,-0.0144,1.6262
1800,19:31:35.170,2073,0.0125,1.6705
1801,19:31:35.170,2071,0.0115,1.6689
1802,19:31:35.171,2067,0.0095,1.6657
1803,19:31:35.171,2030,-0.0085,1.6359
1804,19:31:35.172,2042,-0.0027,1.6456
1805,19:31:35.172,2099,0.0252,1.6915
1806,19:31:35.173,2066,0.0090,1.6649
1807,19:31:35.173,2071,0.0115,1.6689
1808,19:31:35.174,2015,-0.0159,1.6238
1809,19:31:35.174,2068,0.0100,1.6665
1810,19:31:35.175,2065,0.0085,1.6641
1811,19:31:35.175,2060,0.0061,1.6601
1812,19:31:35.176,2032,-0.0076,1.6375
1813,19:31:35.176,2032,-0.0076,1.6375
1814,19:31:35.177,2097,0.0242,1.6899
1815,19:31:35.177,2058,0.0051,1.6585
1816,19:31:35.178,2064,0.0081,1.6633
1817,19:31:35.178,2017,-0.0149,1.6254
1818,19:31:35.179,2072,0.0120,1.6697
1819,19:31:35.179,2072,0.0120,1.6697
1820,19:31:35.180,2060,0.0061,1.6601
1821,19:31:35.180,2042,-0.0027,1.6456
1822,19:31:35.181,2036,-0.0056,1.6407
1823,19:31:35.181,2096,0.0237,1.6891
1824,19:31:35.182,2059,0.0056,1.6593
1825,19:31:35.182,2058,0.0051,1.6585
1826,19:31:35.183,2031,-0.0081,1.6367
1827,19:31:35.183,2067,0.0095,1.6657
1828,19:31:35.184,2072,0.0120,1.6697
1829,19:31:35.184,2065,0.0085,1.6641
1830,19:31:35.185,2052,0.0022,1.6536
1831,19:31:35.185,2039,-0.0042,1.6432
1832,19:31:35.186,2092,0.0217,1.6859
1833,19:31:35.186,2058,0.0051,1.6585
1834,19:31:35.187,2061,0.0066,1.6609
1835,19:31:35.187,2033,-0.0071,1.6383
1836,19:31:35.188,2068,0.0100,1.6665
1837,19:31:35.188,2078,0.0149,1.6746
1838,19:31:35.189,2074,0.0129,1.6714
1839,19:31:35.189,2066,0.0090,1.6649
1840,19:31:35.190,2037,-0.0051,1.6415
1841,19:31:35.190,2094,0.0227,1.6875
1842,19:31:35.191,2067,0.0095,1.6657
1843,19:31:35.191,2070,0.0110,1.6681
1844,19:31:35.192,2044,-0.0017,1.6472
1845,19:31:35.192,2073,0.0125,1.6705
1846,19:31:35.193,2091,0.0212,1.6851
1847,19:31:35.193,2089,0.0203,1.6834
1848,19:31:35.194,2078,0.0149,1.6746
1849,19:31:35.194,2044,-0.0017,1.6472
1850,19:31:35.195,2093,0.0222,1.6867
1851,19:31:35.195,2074,0.0129,1.6714
1852,19:31:35.196,2071,0.0115,1.6689
1853,19:31:35.196,2052,0.0022,1.6536
1854,19:31:35.197,2072,0.0120,1.6697
1855,19:31:35.197,2096,0.0237,1.6891
1856,19:31:35.198,2096,0.0237,1.6891
1857,19:31:35.198,2087,0.0193,1.6818
1858,19:31:35.199,2049,0.0007,1.6512
1859,19:31:35.199,2092,0.0217,1.6859
1860,19:31:35.200,2082,0.0168,1.6778
1861,19:31:35.200,2076,0.0139,1.6730
1862,19:31:35.201,2057,0.0046,1.6577
1863,19:31:35.201,2072,0.0120,1.6697
1864,19:31:35.202,2107,0.0291,1.6979
1865,19:31:35.202,2095,0.0232,1.6883
1866,19:31:35.203,2090,0.0208,1.6842
1867,19:31:35.203,2050,0.0012,1.6520
1868,19:31:35.204,2093,0.0222,1.6867
1869,19:31:35.204,2089,0.0203,1.6834
1870,19:31:35.205,2081,0.0164,1.6770
1871,19:31:35.205,2061,0.0066,1.6609
1872,19:31:35.206,2068,0.0100,1.6665
1873,19:31:35.206,2113,0.0320,1.7028
1874,19:31:35.207,2091,0.0212,1.6851
1875,19:31:35.207,2093,0.0222,1.6867
1876,19:31:35.208,2052,0.0022,1.6536
1877,19:31:35.208,2088,0.0198,1.6826
1878,19:31:35.209,2092,0.0217,1.6859
1879,19:31:35.209,2080,0.0159,1.6762
1880,19:31:35.210,2063,0.0076,1.6625
1881,19:31:35.210,2063,0.0076,1.6625
1882,19:31:35.211,2109,0.0300,1.6996
1883,19:31:35.211,2080,0.0159,1.6762
1884,19:31:35.212,2089,0.0203,1.6834
1885,19:31:35.212,2042,-0.0027,1.6456
1886,19:31:35.213,2083,0.0173,1.6786
1887,19:31:35.213,2087,0.0193,1.6818
1888,19:31:35.214,2075,0.0134,1.6722
1889,19:31:35.214,2063,0.0076,1.6625
1890,19:31:35.215,2052,0.0022,1.6536
1891,19:31:35.215,2107,0.0291,1.6979
1892,19:31:35.216,2070,0.0110,1.6681
1893,19:31:35.216,2081,0.0164,1.6770
1894,19:31:35.217,2039,-0.0042,1.6432
1895,19:31:35.217,2077,0.0144,1.6738
1896,19:31:35.218,2087,0.0193,1.6818
1897,19:31:35.218,2074,0.0129,1.6714
1898,19:31:35.219,2064,0.0081,1.6633
1899,19:31:35.219,2042,-0.0027,1.6456
1900,19:31:35.220,2102,0.0266,1.6939
1901,19:31:35.220,2061,0.0066,1.6609
1902,19:31:35.221,2072,0.0120,1.6697
1903,19:31:35.221,2039,-0.0042,1.6432
1904,19:31:35.222,2070,0.0110,1.6681
1905,19:31:35.222,2085,0.0183,1.6802
1906,19:31:35.223,2073,0.0125,1.6705
1907,19:31:35.223,2065,0.0085,1.6641
1908,19:31:35.224,2038,-0.0046,1.6423
1909,19:31:35.224,2095,0.0232,1.6883
1910,19:31:35.225,2058,0.0051,1.6585
1911,19:31:35.225,2067,0.0095,1.6657
1912,19:31:35.226,2038,-0.0046,1.6423
1913,19:31:35.226,2068,0.0100,1.6665
1914,19:31:35.227,2082,0.0168,1.6778
1915,19:31:35.227,2072,0.0120,1.6697
1916,19:31:35.228,2065,0.0085,1.6641
1917,19:31:35.228,2032,-0.0076,1.6375
1918,19:31:35.229,2090,0.0208,1.6842
1919,19:31:35.229,2061,0.0066,1.6609
1920,19:31:35.230,2062,0.0071,1.6617
1921,19:31:35.230,2037,-0.0051,1.6415
1922,19:31:35.231,2060,0.0061,1.6601
1923,19:31:35.231,2084,0.0178,1.6794
1924,19:31:35.232,2071,0.0115,1.6689
1925,19:31:35.232,2068,0.0100,1.6665
1926,19:31:35.233,2032,-0.0076,1.6375
1927,19:31:35.233,2080,0.0159,1.6762
1928,19:31:35.234,2065,0.0085,1.6641
1929,19:31:35.234,2058,0.0051,1.6585
1930,19:31:35.235,2043,-0.0022,1.6464
1931,19:31:35.235,2061,0.0066,1.6609
1932,19:31:35.236,2087,0.0193,1.6818
1933,19:31:35.236,2072,0.0120,1.6697
1934,19:31:35.237,2077,0.0144,1.6738
1935,19:31:35.237,2032,-0.0076,1.6375
1936,19:31:35.238,2074,0.0129,1.6714
1937,19:31:35.238,2069,0.0105,1.6673
1938,19:31:35.239,2061,0.0066,1.6609
1939,19:31:35.239,2050,0.0012,1.6520
1940,19:31:35.240,2059,0.0056,1.6593
1941,19:31:35.240,2095,0.0232,1.6883
1942,19:31:35.241,2073,0.0125,1.6705
1943,19:31:35.241,2082,0.0168,1.6778
1944,19:31:35.242,2040,-0.0037,1.6440
1945,19:31:35.242,2072,0.0120,1.6697
1946,19:31:35.243,2076,0.0139,1.6730
1947,19:31:35.243,2068,0.0100,1.6665
1948,19:31:35.244,2059,0.0056,1.6593
1949,19:31:35.244,2059,0.0056,1.6593
1950,19:31:35.245,2100,0.0256,1.6923
1951,19:31:35.245,2077,0.0144,1.6738
1952,19:31:35.246,2087,0.0193,1.6818
1953,19:31:35.246,2045,-0.0012,1.6480
1954,19:31:35.247,2075,0.0134,1.6722
1955,19:31:35.247,2084,0.0178,1.6794
1956,19:31:35.248,2072,0.0120,1.6697
1957,19:31:35.248,2064,0.0081,1.6633
1958,19:31:35.249,2058,0.0051,1.6585
1959,19:31:35.249,2104,0.0276,1.6955
1960,19:31:35.250,2075,0.0134,1.6722
1961,19:31:35.250,2087,0.0193,1.6818
1962,19:31:35.251,2045,-0.0012,1.6480
1963,19:31:35.251,2078,0.0149,1.6746
1964,19:31:35.252,2085,0.0183,1.6802
1965,19:31:35.252,2077,0.0144,1.6738
1966,19:31:35.253,2073,0.0125,1.6705
1967,19:31:35.253,2060,0.0061,1.6601
1968,19:31:35.254,2109,0.0300,1.6996
1969,19:31:35.254,2072,0.0120,1.6697
1970,19:31:35.255,2084,0.0178,1.6794
1971,19:31:35.255,2053,0.0027,1.6544
1972,19:31:35.256,2077,0.0144,1.6738
1973,19:31:35.256,2090,0.0208,1.6842
1974,19:31:35.257,2080,0.0159,1.6762
1975,19:31:35.257,2073,0.0125,1.6705
1976,19:31:35.258,2055,0.0037,1.6560
1977,19:31:35.258,2107,0.0291,1.6979
1978,19:31:35.259,2073,0.0125,1.6705
1979,19:31:35.259,2081,0.0164,1.6770
1980,19:31:35.260,2053,0.0027,1.6544
1981,19:31:35.260,2080,0.0159,1.6762
1982,19:31:35.261,2095,0.0232,1.6883
1983,19:31:35.261,2082,0.0168,1.6778
1984,19:31:35.262,2079,0.0154,1.6754
1985,19:31:35.262,2050,0.0012,1.6520
1986,19:31:35.263,2100,0.0256,1.6923
1987,19:31:35.263,2068,0.0100,1.6665
1988,19:31:35.264,2075,0.0134,1.6722
1989,19:31:35.264,2054,0.0032,1.6552
1990,19:31:35.265,2076,0.0139,1.6730
1991,19:31:35.265,2096,0.0237,1.6891
1992,19:31:35.266,2082,0.0168,1.6778
1993,19:31:35.266,2080,0.0159,1.6762
1994,19:31:35.267,2044,-0.0017,1.6472
1995,19:31:35.267,2092,0.0217,1.6859
1996,19:31:35.268,2069,0.0105,1.6673
1997,19:31:35.268,2069,0.0105,1.6673
1998,19:31:35.269,2055,0.0037,1.6560
1999,19:31:35.269,2071,0.0115,1.6689
2000,19:31:35.270,2095,0.0232,1.6883
2001,19:31:35.270,2077,0.0144,1.6738
2002,19:31:35.271,2079,0.0154,1.6754
2003,19:31:35.271,2039,-0.0042,1.6432
2004,19:31:35.272,2081,0.0164,1.6770
2005,19:31:35.272,2067,0.0095,1.6657
2006,19:31:35.273,2065,0.0085,1.6641
2007,19:31:35.273,2055,0.0037,1.6560
2008,19:31:35.274,2066,0.0090,1.6649
2009,19:31:35.274,2091,0.0212,1.6851
2010,19:31:35.275,2075,0.0134,1.6722
2011,19:31:35.275,2078,0.0149,1.6746
2012,19:31:35.276,2037,-0.0051,1.6415
2013,19:31:35.276,2069,0.0105,1.6673
2014,19:31:35.277,2065,0.0085,1.6641
2015,19:31:35.277,2063,0.0076,1.6625
2016,19:31:35.278,2062,0.0071,1.6617
2017,19:31:35.278,2056,0.0042,1.6568
2018,19:31:35.279,2094,0.0227,1.6875
2019,19:31:35.279,2071,0.0115,1.6689
2020,19:31:35.280,2080,0.0159,1.6762
2021,19:31:35.280,2040,-0.0037,1.6440
2022,19:31:35.281,2064,0.0081,1.6633
2023,19:31:35.281,2074,0.0129,1.6714
2024,19:31:35.282,2064,0.0081,1.6633
2025,19:31:35.282,2062,0.0071,1.6617
2026,19:31:35.283,2053,0.0027,1.6544
2027,19:31:35.283,2092,0.0217,1.6859
2028,19:31:35.284,2067,0.0095,1.6657
2029,19:31:35.284,2077,0.0144,1.6738
2030,19:31:35.285,2039,-0.0042,1.6432
2031,19:31:35.285,2060,0.0061,1.6601
2032,19:31:35.286,2076,0.0139,1.6730
2033,19:31:35.286,2063,0.0076,1.6625
2034,19:31:35.287,2069,0.0105,1.6673
2035,19:31:35.287,2049,0.0007,1.6512
2036,19:31:35.288,2096,0.0237,1.6891
2037,19:31:35.288,2067,0.0095,1.6657
2038,19:31:35.289,2073,0.0125,1.6705
2039,19:31:35.289,2044,-0.0017,1.6472
2040,19:31:35.290,2062,0.0071,1.6617
2041,19:31:35.290,2083,0.0173,1.6786
2042,19:31:35.291,2070,0.0110,1.6681
2043,19:31:35.291,2069,0.0105,1.6673
2044,19:31:35.292,2046,-0.0007,1.6488
2045,19:31:35.292,2096,0.0237,1.6891
2046,19:31:35.293,2066,0.0090,1.6649
2047,19:31:35.293,2078,0.0149,1.6746
2048,19:31:35.294,2046,-0.0007,1.6488
2049,19:31:35.294,2071,0.0115,1.6689
2050,19:31:35.295,2089,0.0203,1.6834
2051,19:31:35.295,2073,0.0125,1.6705
2052,19:31:35.296,2073,0.0125,1.6705
2053,19:31:35.296,2044,-0.0017,1.6472
2054,19:31:35.297,2094,0.0227,1.6875
2055,19:31:35.297,2064,0.0081,1.6633
2056,19:31:35.298,2072,0.0120,1.6697
2057,19:31:35.298,2052,0.0022,1.6536
2058,19:31:35.299,2072,0.0120,1.6697
2059,19:31:35.299,2093,0.0222,1.6867
2060,19:31:35.300,2075,0.0134,1.6722
2061,19:31:35.300,2080,0.0159,1.6762
2062,19:31:35.301,2044,-0.0017,1.6472
2063,19:31:35.301,2091,0.0212,1.6851
2064,19:31:35.302,2070,0.0110,1.6681
2065,19:31:35.302,2073,0.0125,1.6705
2066,19:31:35.303,2060,0.0061,1.6601
2067,19:31:35.303,2074,0.0129,1.6714
2068,19:31:35.304,2094,0.0227,1.6875
2069,19:31:35.304,2077,0.0144,1.6738
2070,19:31:35.305,2084,0.0178,1.6794
2071,19:31:35.305,2049,0.0007,1.6512
2072,19:31:35.306,2086,0.0188,1.6810
2073,19:31:35.306,2072,0.0120,1.6697
2074,19:31:35.307,2074,0.0129,1.6714
2075,19:31:35.307,2064,0.0081,1.6633
2076,19:31:35.308,2074,0.0129,1.6714
2077,19:31:35.308,2099,0.0252,1.6915
2078,19:31:35.309,2080,0.0159,1.6762
2079,19:31:35.309,2088,0.0198,1.6826
2080,19:31:35.310,2053,0.0027,1.6544
2081,19:31:35.310,2081,0.0164,1.6770
2082,19:31:35.311,2075,0.0134,1.6722
2083,19:31:35.311,2074,0.0129,1.6714
2084,19:31:35.312,2069,0.0105,1.6673
2085,19:31:35.312,2072,0.0120,1.6697
2086,19:31:35.313,2100,0.0256,1.6923
2087,19:31:35.313,2075,0.0134,1.6722
2088,19:31:35.314,2085,0.0183,1.6802
2089,19:31:35.314,2053,0.0027,1.6544
2090,19:31:35.315,2075,0.0134,1.6722
2091,19:31:35.315,2077,0.0144,1.6738
2092,19:31:35.316,2072,0.0120,1.6697
2093,19:31:35.316,2070,0.0110,1.6681
2094,19:31:35.317,2067,0.0095,1.6657
2095,19:31:35.317,2098,0.0247,1.6907
2096,19:31:35.318,2075,0.0134,1.6722
2097,19:31:35.318,2086,0.0188,1.6810
2098,19:31:35.319,2051,0.0017,1.6528
2099,19:31:35.319,2069,0.0105,1.6673
2100,19:31:35.320,2080,0.0159,1.6762
2101,19:31:35.320,2069,0.0105,1.6673
2102,19:31:35.321,2076,0.0139,1.6730
2103,19:31:35.321,2055,0.0037,1.6560
2104,19:31:35.322,2096,0.0237,1.6891
2105,19:31:35.322,2068,0.0100,1.6665
2106,19:31:35.323,2082,0.0168,1.6778
2107,19:31:35.323,2050,0.0012,1.6520
2108,19:31:35.324,2068,0.0100,1.6665
2109,19:31:35.324,2079,0.0154,1.6754
2110,19:31:35.325,2071,0.0115,1.6689
2111,19:31:35.325,2073,0.0125,1.6705
2112,19:31:35.326,2054,0.0032,1.6552
2113,19:31:35.326,2096,0.0237,1.6891
2114,19:31:35.327,2067,0.0095,1.6657
2115,19:31:35.327,2075,0.0134,1.6722
2116,19:31:35.328,2048,0.0002,1.6504
2117,19:31:35.328,2063,0.0076,1.6625
2118,19:31:35.329,2084,0.0178,1.6794
2119,19:31:35.329,2067,0.0095,1.6657
2120,19:31:35.330,2075,0.0134,1.6722
2121,19:31:35.330,2045,-0.0012,1.6480
2122,19:31:35.331,2092,0.0217,1.6859
2123,19:31:35.331,2062,0.0071,1.6617
2124,19:31:35.332,2069,0.0105,1.6673
2125,19:31:35.332,2050,0.0012,1.6520
2126,19:31:35.333,2065,0.0085,1.6641
2127,19:31:35.333,2086,0.0188,1.6810
2128,19:31:35.334,2070,0.0110,1.6681
2129,19:31:35.334,2076,0.0139,1.6730
2130,19:31:35.335,2044,-0.0017,1.6472
2131,19:31:35.335,2085,0.0183,1.6802
2132,19:31:35.336,2063,0.0076,1.6625
2133,19:31:35.336,2068,0.0100,1.6665
2134,19:31:35.337,2052,0.0022,1.6536
2135,19:31:35.337,2066,0.0090,1.6649
2136,19:31:35.338,2087,0.0193,1.6818
2137,19:31:35.338,2070,0.0110,1.6681
2138,19:31:35.339,2076,0.0139,1.6730
2139,19:31:35.339,2044,-0.0017,1.6472
2140,19:31:35.340,2083,0.0173,1.6786
2141,19:31:35.340,2065,0.0085,1.6641
2142,19:31:35.341,2065,0.0085,1.6641
2143,19:31:35.341,2057,0.0046,1.6577
2144,19:31:35.342,2066,0.0090,1.6649
2145,19:31:35.342,2093,0.0222,1.6867
2146,19:31:35.343,2072,0.0120,1.6697
2147,19:31:35.343,2079,0.0154,1.6754
2148,19:31:35.344,2044,-0.0017,1.6472
2149,19:31:35.344,2078,0.0149,1.6746
2150,19:31:35.345,2066,0.0090,1.6649
2151,19:31:35.345,2068,0.0100,1.6665
2152,19:31:35.346,2065,0.0085,1.6641
2153,19:31:35.346,2070,0.0110,1.6681
2154,19:31:35.347,2093,0.0222,1.6867
2155,19:31:35.347,2073,0.0125,1.6705
2156,19:31:35.348,2078,0.0149,1.6746
2157,19:31:35.348,2049,0.0007,1.6512
2158,19:31:35.349,2075,0.0134,1.6722
2159,19:31:35.349,2070,0.0110,1.6681
2160,19:31:35.350,2068,0.0100,1.6665
2161,19:31:35.350,2069,0.0105,1.6673
2162,19:31:35.351,2066,0.0090,1.6649
2163,19:31:35.351,2097,0.0242,1.6899
2164,19:31:35.352,2074,0.0129,1.6714
2165,19:31:35.352,2082,0.0168,1.6778
2166,19:31:35.353,2053,0.0027,1.6544
2167,19:31:35.353,2071,0.0115,1.6689
2168,19:31:35.354,2078,0.0149,1.6746
2169,19:31:35.354,2069,0.0105,1.6673
2170,19:31:35.355,2072,0.0120,1.6697
2171,19:31:35.355,2064,0.0081,1.6633
2172,19:31:35.356,2099,0.0252,1.6915
2173,19:31:35.356,2072,0.0120,1.6697
2174,19:31:35.357,2078,0.0149,1.6746
2175,19:31:35.357,2057,0.0046,1.6577
2176,19:31:35.358,2069,0.0105,1.6673
2177,19:31:35.358,2082,0.0168,1.6778
2178,19:31:35.359,2071,0.0115,1.6689
2179,19:31:35.359,2079,0.0154,1.6754
2180,19:31:35.360,2064,0.0081,1.6633
2181,19:31:35.360,2096,0.0237,1.6891
2182,19:31:35.361,2073,0.0125,1.6705
2183,19:31:35.361,2079,0.0154,1.6754
2184,19:31:35.362,2060,0.0061,1.6601
2185,19:31:35.362,2067,0.0095,1.6657
2186,19:31:35.363,2085,0.0183,1.6802
2187,19:31:35.363,2068,0.0100,1.6665
2188,19:31:35.364,2078,0.0149,1.6746
2189,19:31:35.364,2058,0.0051,1.6585
2190,19:31:35.365,2093,0.0222,1.6867
2191,19:31:35.365,2071,0.0115,1.6689
2192,19:31:35.366,2079,0.0154,1.6754
2193,19:31:35.366,2059,0.0056,1.6593
2194,19:31:35.367,2069,0.0105,1.6673
2195,19:31:35.367,2087,0.0193,1.6818
2196,19:31:35.368,2068,0.0100,1.6665
2197,19:31:35.368,2082,0.0168,1.6778
2198,19:31:35.369,2056,0.0042,1.6568
2199,19:31:35.369,2091,0.0212,1.6851
2200,19:31:35.370,2066,0.0090,1.6649
2201,19:31:35.370,2075,0.0134,1.6722
2202,19:31:35.371,2062,0.0071,1.6617
2203,19:31:35.371,2070,0.0110,1.6681
2204,19:31:35.372,2086,0.0188,1.6810
2205,19:31:35.372,2068,0.0100,1.6665
2206,19:31:35.373,2080,0.0159,1.6762
2207,19:31:35.373,2051,0.0017,1.6528
2208,19:31:35.374,2089,0.0203,1.6834
2209,19:31:35.374,2068,0.0100,1.6665
2210,19:31:35.375,2073,0.0125,1.6705
2211,19:31:35.375,2063,0.0076,1.6625
2212,19:31:35.376,2068,0.0100,1.6665
2213,19:31:35.376,2094,0.0227,1.6875
2214,19:31:35.377,2069,0.0105,1.6673
2215,19:31:35.377,2080,0.0159,1.6762
2216,19:31:35.378,2050,0.0012,1.6520
2217,19:31:35.378,2079,0.0154,1.6754
2218,19:31:35.379,2062,0.0071,1.6617
2219,19:31:35.379,2070,0.0110,1.6681
2220,19:31:35.380,2065,0.0085,1.6641
2221,19:31:35.380,2065,0.0085,1.6641
2222,19:31:35.381,2093,0.0222,1.6867
2223,19:31:35.381,2071,0.0115,1.6689
2224,19:31:35.382,2078,0.0149,1.6746
2225,19:31:35.382,2051,0.0017,1.6528
2226,19:31:35.383,2079,0.0154,1.6754
2227,19:31:35.383,2064,0.0081,1.6633
2228,19:31:35.384,2063,0.0076,1.6625
2229,19:31:35.384,2066,0.0090,1.6649
2230,19:31:35.385,2066,0.0090,1.6649
2231,19:31:35.385,2093,0.0222,1.6867
2232,19:31:35.386,2071,0.0115,1.6689
2233,19:31:35.386,2078,0.0149,1.6746
2234,19:31:35.387,2052,0.0022,1.6536
2235,19:31:35.387,2069,0.0105,1.6673
2236,19:31:35.388,2069,0.0105,1.6673
2237,19:31:35.388,2062,0.0071,1.6617
2238,19:31:35.389,2069,0.0105,1.6673
2239,19:31:35.389,2066,0.0090,1.6649
2240,19:31:35.390,2093,0.0222,1.6867
2241,19:31:35.390,2071,0.0115,1.6689
2242,19:31:35.391,2077,0.0144,1.6738
2243,19:31:35.391,2056,0.0042,1.6568
2244,19:31:35.392,2070,0.0110,1.6681
2245,19:31:35.392,2071,0.0115,1.6689
2246,19:31:35.393,2066,0.0090,1.6649
2247,19:31:35.393,2072,0.0120,1.6697
2248,19:31:35.394,2065,0.0085,1.6641
2249,19:31:35.394,2086,0.0188,1.6810
2250,19:31:35.395,2072,0.0120,1.6697
2251,19:31:35.395,2070,0.0110,1.6681
2252,19:31:35.396,2064,0.0081,1.6633
2253,19:31:35.396,2066,0.0090,1.6649
2254,19:31:35.397,2069,0.0105,1.6673
2255,19:31:35.397,2065,0.0085,1.6641
2256,19:31:35.398,2070,0.0110,1.6681
2257,19:31:35.398,2071,0.0115,1.6689
2258,19:31:35.399,2083,0.0173,1.6786
2259,19:31:35.399,2076,0.0139,1.6730
2260,19:31:35.400,2070,0.0110,1.6681
2261,19:31:35.400,2065,0.0085,1.6641
2262,19:31:35.401,2071,0.0115,1.6689
2263,19:31:35.401,2075,0.0134,1.6722
2264,19:31:35.402,2066,0.0090,1.6649
2265,19:31:35.402,2069,0.0105,1.6673
2266,19:31:35.403,2071,0.0115,1.6689
2267,19:31:35.403,2082,0.0168,1.6778
2268,19:31:35.404,2068,0.0100,1.6665
2269,19:31:35.404,2063,0.0076,1.6625
2270,19:31:35.405,2072,0.0120,1.6697
2271,19:31:35.405,2080,0.0159,1.6762
2272,19:31:35.406,2078,0.0149,1.6746
2273,19:31:35.406,2063,0.0076,1.6625
2274,19:31:35.407,2069,0.0105,1.6673
2275,19:31:35.407,2079,0.0154,1.6754
2276,19:31:35.408,2081,0.0164,1.6770
2277,19:31:35.408,2066,0.0090,1.6649
2278,19:31:35.409,2064,0.0081,1.6633
2279,19:31:35.409,2075,0.0134,1.6722
2280,19:31:35.410,2085,0.0183,1.6802
2281,19:31:35.410,2074,0.0129,1.6714
2282,19:31:35.411,2062,0.0071,1.6617
2283,19:31:35.411,2073,0.0125,1.6705
2284,19:31:35.412,2081,0.0164,1.6770
2285,19:31:35.412,2076,0.0139,1.6730
2286,19:31:35.413,2067,0.0095,1.6657
2287,19:31:35.413,2064,0.0081,1.6633
2288,19:31:35.414,2078,0.0149,1.6746
2289,19:31:35.414,2084,0.0178,1.6794
2290,19:31:35.415,2075,0.0134,1.6722
2291,19:31:35.415,2065,0.0085,1.6641
2292,19:31:35.416,2072,0.0120,1.6697
2293,19:31:35.416,2080,0.0159,1.6762
2294,19:31:35.417,2074,0.0129,1.6714
2295,19:31:35.417,2069,0.0105,1.6673
2296,19:31:35.418,2064,0.0081,1.6633
2297,19:31:35.418,2075,0.0134,1.6722
2298,19:31:35.419,2083,0.0173,1.6786
2299,19:31:35.419,2073,0.0125,1.6705
2300,19:31:35.420,2064,0.0081,1.6633
2301,19:31:35.420,2069,0.0105,1.6673
2302,19:31:35.421,2083,0.0173,1.6786
2303,19:31:35.421,2072,0.0120,1.6697
2304,19:31:35.422,2069,0.0105,1.6673
2305,19:31:35.422,2064,0.0081,1.6633
2306,19:31:35.423,2077,0.0144,1.6738
2307,19:31:35.423,2085,0.0183,1.6802
2308,19:31:35.424,2074,0.0129,1.6714
2309,19:31:35.424,2060,0.0061,1.6601
2310,19:31:35.425,2071,0.0115,1.6689
2311,19:31:35.425,2082,0.0168,1.6778
2312,19:31:35.426,2073,0.0125,1.6705
2313,19:31:35.426,2067,0.0095,1.6657
2314,19:31:35.427,2065,0.0085,1.6641
2315,19:31:35.427,2073,0.0125,1.6705
2316,19:31:35.428,2082,0.0168,1.6778
2317,19:31:35.428,2079,0.0154,1.6754
2318,19:31:35.429,2059,0.0056,1.6593
2319,19:31:35.429,2068,0.0100,1.6665
2320,19:31:35.430,2078,0.0149,1.6746
2321,19:31:35.430,2074,0.0129,1.6714
2322,19:31:35.431,2067,0.0095,1.6657
2323,19:31:35.431,2063,0.0076,1.6625
2324,19:31:35.432,2076,0.0139,1.6730
2325,19:31:35.432,2081,0.0164,1.6770
2326,19:31:35.433,2077,0.0144,1.6738
2327,19:31:35.433,2060,0.0061,1.6601
2328,19:31:35.434,2063,0.0076,1.6625
2329,19:31:35.434,2077,0.0144,1.6738
2330,19:31:35.435,2077,0.0144,1.6738
2331,19:31:35.435,2068,0.0100,1.6665
2332,19:31:35.436,2061,0.0066,1.6609
2333,19:31:35.436,2071,0.0115,1.6689
2334,19:31:35.437,2077,0.0144,1.6738
2335,19:31:35.437,2076,0.0139,1.6730
2336,19:31:35.438,2061,0.0066,1.6609
2337,19:31:35.438,2063,0.0076,1.6625
2338,19:31:35.439,2078,0.0149,1.6746
2339,19:31:35.439,2075,0.0134,1.6722
2340,19:31:35.440,2066,0.0090,1.6649
2341,19:31:35.440,2065,0.0085,1.6641
2342,19:31:35.441,2074,0.0129,1.6714
2343,19:31:35.441,2078,0.0149,1.6746
2344,19:31:35.442,2077,0.0144,1.6738
2345,19:31:35.442,2061,0.0066,1.6609
2346,19:31:35.443,2062,0.0071,1.6617
2347,19:31:35.443,2077,0.0144,1.6738
2348,19:31:35.444,2076,0.0139,1.6730
2349,19:31:35.444,2067,0.0095,1.6657
2350,19:31:35.445,2059,0.0056,1.6593
2351,19:31:35.445,2071,0.0115,1.6689
2352,19:31:35.446,2078,0.0149,1.6746
2353,19:31:35.446,2075,0.0134,1.6722
2354,19:31:35.447,2062,0.0071,1.6617
2355,19:31:35.447,2066,0.0090,1.6649
2356,19:31:35.448,2077,0.0144,1.6738
2357,19:31:35.448,2081,0.0164,1.6770
2358,19:31:35.449,2060,0.0061,1.6601
2359,19:31:35.449,2064,0.0081,1.6633
2360,19:31:35.450,2079,0.0154,1.6754
2361,19:31:35.450,2080,0.0159,1.6762
2362,19:31:35.451,2062,0.0071,1.6617
2363,19:31:35.451,2079,0.0154,1.6754
2364,19:31:35.452,2064,0.0081,1.6633
2365,19:31:35.452,2085,0.0183,1.6802
2366,19:31:35.453,2064,0.0081,1.6633
2367,19:31:35.453,2058,0.0051,1.6585
2368,19:31:35.454,2076,0.0139,1.6730
2369,19:31:35.454,2065,0.0085,1.6641
2370,19:31:35.455,2088,0.0198,1.6826
2371,19:31:35.455,2060,0.0061,1.6601
2372,19:31:35.456,2073,0.0125,1.6705
2373,19:31:35.456,2067,0.0095,1.6657
2374,19:31:35.457,2078,0.0149,1.6746
2375,19:31:35.457,2076,0.0139,1.6730
2376,19:31:35.458,2057,0.0046,1.6577
2377,19:31:35.458,2069,0.0105,1.6673
2378,19:31:35.459,2080,0.0159,1.6762
2379,19:31:35.459,2086,0.0188,1.6810
2380,19:31:35.460,2062,0.0071,1.6617
2381,19:31:35.460,2063,0.0076,1.6625
2382,19:31:35.461,2069,0.0105,1.6673
2383,19:31:35.461,2076,0.0139,1.6730
2384,19:31:35.462,2073,0.0125,1.6705
2385,19:31:35.462,2066,0.0090,1.6649
2386,19:31:35.463,2073,0.0125,1.6705
2387,19:31:35.463,2088,0.0198,1.6826
2388,19:31:35.464,2084,0.0178,1.6794
2389,19:31:35.464,2060,0.0061,1.6601
2390,19:31:35.465,2062,0.0071,1.6617
2391,19:31:35.465,2068,0.0100,1.6665
2392,19:31:35.466,2075,0.0134,1.6722
2393,19:31:35.466,2076,0.0139,1.6730
2394,19:31:35.467,2064,0.0081,1.6633
2395,19:31:35.467,2078,0.0149,1.6746
2396,19:31:35.468,2087,0.0193,1.6818
2397,19:31:35.468,2086,0.0188,1.6810
2398,19:31:35.469,2064,0.0081,1.6633
2399,19:31:35.469,2053,0.0027,1.6544
2400,19:31:35.470,2069,0.0105,1.6673
2401,19:31:35.470,2073,0.0125,1.6705
2402,19:31:35.471,2073,0.0125,1.6705
2403,19:31:35.471,2070,0.0110,1.6681
2404,19:31:35.472,2079,0.0154,1.6754
2405,19:31:35.472,2083,0.0173,1.6786
2406,19:31:35.473,2080,0.0159,1.6762
2407,19:31:35.473,2063,0.0076,1.6625
2408,19:31:35.474,2056,0.0042,1.6568
2409,19:31:35.474,2070,0.0110,1.6681
2410,19:31:35.475,2073,0.0125,1.6705
2411,19:31:35.475,2078,0.0149,1.6746
2412,19:31:35.476,2069,0.0105,1.6673
2413,19:31:35.476,2083,0.0173,1.6786
2414,19:31:35.477,2078,0.0149,1.6746
2415,19:31:35.477,2082,0.0168,1.6778
2416,19:31:35.478,2061,0.0066,1.6609
2417,19:31:35.478,2054,0.0032,1.6552
2418,19:31:35.479,2068,0.0100,1.6665
2419,19:31:35.479,2071,0.0115,1.6689
2420,19:31:35.480,2077,0.0144,1.6738
2421,19:31:35.480,2063,0.0076,1.6625
2422,19:31:35.481,2083,0.0173,1.6786
2423,19:31:35.481,2078,0.0149,1.6746
2424,19:31:35.482,2084,0.0178,1.6794
2425,19:31:35.482,2062,0.0071,1.6617
2426,19:31:35.483,2061,0.0066,1.6609
2427,19:31:35.483,2071,0.0115,1.6689
2428,19:31:35.484,2073,0.0125,1.6705
2429,19:31:35.484,2077,0.0144,1.6738
2430,19:31:35.485,2062,0.0071,1.6617
2431,19:31:35.485,2082,0.0168,1.6778
2432,19:31:35.486,2071,0.0115,1.6689
2433,19:31:35.486,2080,0.0159,1.6762
2434,19:31:35.487,2063,0.0076,1.6625
2435,19:31:35.487,2061,0.0066,1.6609
2436,19:31:35.488,2072,0.0120,1.6697
2437,19:31:35.488,2074,0.0129,1.6714
2438,19:31:35.489,2079,0.0154,1.6754
2439,19:31:35.489,2062,0.0071,1.6617
2440,19:31:35.490,2078,0.0149,1.6746
2441,19:31:35.490,2067,0.0095,1.6657
2442,19:31:35.491,2081,0.0164,1.6770
2443,19:31:35.491,2063,0.0076,1.6625
2444,19:31:35.492,2066,0.0090,1.6649
2445,19:31:35.492,2070,0.0110,1.6681
2446,19:31:35.493,2073,0.0125,1.6705
2447,19:31:35.493,2076,0.0139,1.6730
2448,19:31:35.494,2060,0.0061,1.6601
2449,19:31:35.494,2075,0.0134,1.6722
2450,19:31:35.495,2070,0.0110,1.6681
2451,19:31:35.495,2076,0.0139,1.6730
2452,19:31:35.496,2065,0.0085,1.6641
2453,19:31:35.496,2069,0.0105,1.6673
2454,19:31:35.497,2072,0.0120,1.6697
2455,19:31:35.497,2073,0.0125,1.6705
2456,19:31:35.498,2074,0.0129,1.6714
2457,19:31:35.498,2059,0.0056,1.6593
2458,19:31:35.499,2072,0.0120,1.6697
2459,19:31:35.499,2066,0.0090,1.6649
2460,19:31:35.500,2075,0.0134,1.6722
2461,19:31:35.500,2069,0.0105,1.6673
2462,19:31:35.501,2070,0.0110,1.6681
2463,19:31:35.501,2075,0.0134,1.6722
2464,19:31:35.502,2078,0.0149,1.6746
2465,19:31:35.502,2079,0.0154,1.6754
2466,19:31:35.503,2063,0.0076,1.6625
2467,19:31:35.503,2066,0.0090,1.6649
2468,19:31:35.504,2067,0.0095,1.6657
2469,19:31:35.504,2073,0.0125,1.6705
2470,19:31:35.505,2074,0.0129,1.6714
2471,19:31:35.505,2072,0.0120,1.6697
2472,19:31:35.506,2079,0.0154,1.6754
2473,19:31:35.506,2082,0.0168,1.6778
2474,19:31:35.507,2080,0.0159,1.6762
2475,19:31:35.507,2064,0.0081,1.6633
2476,19:31:35.508,2064,0.0081,1.6633
2477,19:31:35.508,2068,0.0100,1.6665
2478,19:31:35.509,2069,0.0105,1.6673
2479,19:31:35.509,2075,0.0134,1.6722
2480,19:31:35.510,2072,0.0120,1.6697
2481,19:31:35.510,2081,0.0164,1.6770
2482,19:31:35.511,2081,0.0164,1.6770
2483,19:31:35.511,2081,0.0164,1.6770
2484,19:31:35.512,2067,0.0095,1.6657
2485,19:31:35.512,2056,0.0042,1.6568
2486,19:31:35.513,2069,0.0105,1.6673
2487,19:31:35.513,2072,0.0120,1.6697
2488,19:31:35.514,2076,0.0139,1.6730
2489,19:31:35.514,2073,0.0125,1.6705
2490,19:31:35.515,2085,0.0183,1.6802
2491,19:31:35.515,2081,0.0164,1.6770
2492,19:31:35.516,2080,0.0159,1.6762
2493,19:31:35.516,2065,0.0085,1.6641
2494,19:31:35.517,2059,0.0056,1.6593
2495,19:31:35.517,2069,0.0105,1.6673
2496,19:31:35.518,2070,0.0110,1.6681
2497,19:31:35.518,2077,0.0144,1.6738
2498,19:31:35.519,2073,0.0125,1.6705
2499,19:31:35.519,2083,0.0173,1.6786
2500,19:31:35.520,2076,0.0139,1.6730
2501,19:31:35.520,2082,0.0168,1.6778
2502,19:31:35.521,2066,0.0090,1.6649
2503,19:31:35.521,2062,0.0071,1.6617
2504,19:31:35.522,2069,0.0105,1.6673
2505,19:31:35.522,2068,0.0100,1.6665
2506,19:31:35.523,2079,0.0154,1.6754
2507,19:31:35.523,2069,0.0105,1.6673
2508,19:31:35.524,2082,0.0168,1.6778
2509,19:31:35.524,2076,0.0139,1.6730
2510,19:31:35.525,2081,0.0164,1.6770
2511,19:31:35.525,2067,0.0095,1.6657
2512,19:31:35.526,2065,0.0085,1.6641
2513,19:31:35.526,2069,0.0105,1.6673
2514,19:31:35.527,2071,0.0115,1.6689
2515,19:31:35.527,2079,0.0154,1.6754
2516,19:31:35.528,2066,0.0090,1.6649
2517,19:31:35.528,2078,0.0149,1.6746
2518,19:31:35.529,2070,0.0110,1.6681
2519,19:31:35.529,2077,0.0144,1.6738
2520,19:31:35.530,2066,0.0090,1.6649
2521,19:31:35.530,2070,0.0110,1.6681
2522,19:31:35.531,2071,0.0115,1.6689
2523,19:31:35.531,2071,0.0115,1.6689
2524,19:31:35.532,2073,0.0125,1.6705
2525,19:31:35.532,2060,0.0061,1.6601
2526,19:31:35.533,2072,0.0120,1.6697
2527,19:31:35.533,2068,0.0100,1.6665
2528,19:31:35.534,2077,0.0144,1.6738
2529,19:31:35.534,2067,0.0095,1.6657
2530,19:31:35.535,2072,0.0120,1.6697
2531,19:31:35.535,2073,0.0125,1.6705
2532,19:31:35.536,2075,0.0134,1.6722
2533,19:31:35.536,2074,0.0129,1.6714
2534,19:31:35.537,2060,0.0061,1.6601
2535,19:31:35.537,2068,0.0100,1.6665
2536,19:31:35.538,2063,0.0076,1.6625
2537,19:31:35.538,2072,0.0120,1.6697
2538,19:31:35.539,2066,0.0090,1.6649
2539,19:31:35.539,2073,0.0125,1.6705
2540,19:31:35.540,2075,0.0134,1.6722
2541,19:31:35.540,2075,0.0134,1.6722
2542,19:31:35.541,2076,0.0139,1.6730
2543,19:31:35.541,2060,0.0061,1.6601
2544,19:31:35.542,2068,0.0100,1.6665
2545,19:31:35.542,2061,0.0066,1.6609
2546,19:31:35.543,2067,0.0095,1.6657
2547,19:31:35.543,2067,0.0095,1.6657
2548,19:31:35.544,2074,0.0129,1.6714
2549,19:31:35.544,2076,0.0139,1.6730
2550,19:31:35.545,2077,0.0144,1.6738
2551,19:31:35.545,2076,0.0139,1.6730
2552,19:31:35.546,2060,0.0061,1.6601
2553,19:31:35.546,2065,0.0085,1.6641
2554,19:31:35.547,2061,0.0066,1.6609
2555,19:31:35.547,2067,0.0095,1.6657
2556,19:31:35.548,2069,0.0105,1.6673
2557,19:31:35.548,2073,0.0125,1.6705
2558,19:31:35.549,2081,0.0164,1.6770
2559,19:31:35.549,2076,0.0139,1.6730
2560,19:31:35.550,2076,0.0139,1.6730
2561,19:31:35.550,2066,0.0090,1.6649
2562,19:31:35.551,2065,0.0085,1.6641
2563,19:31:35.551,2063,0.0076,1.6625
2564,19:31:35.552,2068,0.0100,1.6665
2565,19:31:35.552,2071,0.0115,1.6689
2566,19:31:35.553,2071,0.0115,1.6689
2567,19:31:35.553,2083,0.0173,1.6786
2568,19:31:35.554,2078,0.0149,1.6746
2569,19:31:35.554,2076,0.0139,1.6730
2570,19:31:35.555,2067,0.0095,1.6657
2571,19:31:35.555,2065,0.0085,1.6641
2572,19:31:35.556,2064,0.0081,1.6633
2573,19:31:35.556,2066,0.0090,1.6649
2574,19:31:35.557,2073,0.0125,1.6705
2575,19:31:35.557,2068,0.0100,1.6665
2576,19:31:35.558,2078,0.0149,1.6746
2577,19:31:35.558,2073,0.0125,1.6705
2578,19:31:35.559,2077,0.0144,1.6738
2579,19:31:35.559,2066,0.0090,1.6649
2580,19:31:35.560,2065,0.0085,1.6641
2581,19:31:35.560,2071,0.0115,1.6689
2582,19:31:35.561,2069,0.0105,1.6673
2583,19:31:35.561,2075,0.0134,1.6722
2584,19:31:35.562,2066,0.0090,1.6649
2585,19:31:35.562,2075,0.0134,1.6722
2586,19:31:35.563,2072,0.0120,1.6697
2587,19:31:35.563,2075,0.0134,1.6722
2588,19:31:35.564,2070,0.0110,1.6681
2589,19:31:35.564,2064,0.0081,1.6633
2590,19:31:35.565,2072,0.0120,1.6697
2591,19:31:35.565,2072,0.0120,1.6697
2592,19:31:35.566,2076,0.0139,1.6730
2593,19:31:35.566,2069,0.0105,1.6673
2594,19:31:35.567,2075,0.0134,1.6722
2595,19:31:35.567,2072,0.0120,1.6697
2596,19:31:35.568,2077,0.0144,1.6738
2597,19:31:35.568,2073,0.0125,1.6705
2598,19:31:35.569,2068,0.0100,1.6665
2599,19:31:35.569,2075,0.0134,1.6722
2600,19:31:35.570,2073,0.0125,1.6705
2601,19:31:35.570,2076,0.0139,1.6730
2602,19:31:35.571,2067,0.0095,1.6657
2603,19:31:35.571,2076,0.0139,1.6730
2604,19:31:35.572,2071,0.0115,1.6689
2605,19:31:35.572,2073,0.0125,1.6705
2606,19:31:35.573,2072,0.0120,1.6697
2607,19:31:35.573,2072,0.0120,1.6697
2608,19:31:35.574,2075,0.0134,1.6722
2609,19:31:35.574,2076,0.0139,1.6730
2610,19:31:35.575,2074,0.0129,1.6714
2611,19:31:35.575,2065,0.0085,1.6641
2612,19:31:35.576,2073,0.0125,1.6705
2613,19:31:35.576,2065,0.0085,1.6641
2614,19:31:35.577,2074,0.0129,1.6714
2615,19:31:35.577,2069,0.0105,1.6673
2616,19:31:35.578,2077,0.0144,1.6738
2617,19:31:35.578,2078,0.0149,1.6746
2618,19:31:35.579,2072,0.0120,1.6697
2619,19:31:35.579,2077,0.0144,1.6738
2620,19:31:35.580,2063,0.0076,1.6625
2621,19:31:35.580,2074,0.0129,1.6714
2622,19:31:35.581,2066,0.0090,1.6649
2623,19:31:35.581,2073,0.0125,1.6705
2624,19:31:35.582,2069,0.0105,1.6673
2625,19:31:35.582,2076,0.0139,1.6730
2626,19:31:35.583,2076,0.0139,1.6730
2627,19:31:35.583,2076,0.0139,1.6730
2628,19:31:35.584,2075,0.0134,1.6722
2629,19:31:35.584,2063,0.0076,1.6625
2630,19:31:35.585,2069,0.0105,1.6673
2631,19:31:35.585,2061,0.0066,1.6609
2632,19:31:35.586,2066,0.0090,1.6649
2633,19:31:35.586,2065,0.0085,1.6641
2634,19:31:35.587,2076,0.0139,1.6730
2635,19:31:35.587,2078,0.0149,1.6746
2636,19:31:35.588,2074,0.0129,1.6714
2637,19:31:35.588,2073,0.0125,1.6705
2638,19:31:35.589,2062,0.0071,1.6617
2639,19:31:35.589,2070,0.0110,1.6681
2640,19:31:35.590,2060,0.0061,1.6601
2641,19:31:35.590,2070,0.0110,1.6681
2642,19:31:35.591,2067,0.0095,1.6657
2643,19:31:35.591,2076,0.0139,1.6730
2644,19:31:35.592,2077,0.0144,1.6738
2645,19:31:35.592,2073,0.0125,1.6705
2646,19:31:35.593,2075,0.0134,1.6722
2647,19:31:35.593,2067,0.0095,1.6657
2648,19:31:35.594,2068,0.0100,1.6665
2649,19:31:35.594,2065,0.0085,1.6641
2650,19:31:35.595,2070,0.0110,1.6681
2651,19:31:35.595,2072,0.0120,1.6697
2652,19:31:35.596,2075,0.0134,1.6722
2653,19:31:35.596,2082,0.0168,1.6778
2654,19:31:35.597,2071,0.0115,1.6689
2655,19:31:35.597,2072,0.0120,1.6697
2656,19:31:35.598,2062,0.0071,1.6617
2657,19:31:35.598,2065,0.0085,1.6641
2658,19:31:35.599,2063,0.0076,1.6625
2659,19:31:35.599,2069,0.0105,1.6673
2660,19:31:35.600,2073,0.0125,1.6705
2661,19:31:35.600,2071,0.0115,1.6689
2662,19:31:35.601,2081,0.0164,1.6770
2663,19:31:35.601,2072,0.0120,1.6697
2664,19:31:35.602,2073,0.0125,1.6705
2665,19:31:35.602,2066,0.0090,1.6649
2666,19:31:35.603,2069,0.0105,1.6673
2667,19:31:35.603,2071,0.0115,1.6689
2668,19:31:35.604,2067,0.0095,1.6657
2669,19:31:35.604,2076,0.0139,1.6730
2670,19:31:35.605,2063,0.0076,1.6625
2671,19:31:35.605,2081,0.0164,1.6770
2672,19:31:35.606,2070,0.0110,1.6681
2673,19:31:35.606,2075,0.0134,1.6722
2674,19:31:35.607,2065,0.0085,1.6641
2675,19:31:35.607,2071,0.0115,1.6689
2676,19:31:35.608,2071,0.0115,1.6689
2677,19:31:35.608,2073,0.0125,1.6705
2678,19:31:35.609,2073,0.0125,1.6705
2679,19:31:35.609,2065,0.0085,1.6641
2680,19:31:35.610,2075,0.0134,1.6722
2681,19:31:35.610,2066,0.0090,1.6649
2682,19:31:35.611,2074,0.0129,1.6714
2683,19:31:35.611,2068,0.0100,1.6665
2684,19:31:35.612,2073,0.0125,1.6705
2685,19:31:35.612,2077,0.0144,1.6738
2686,19:31:35.613,2072,0.0120,1.6697
2687,19:31:35.613,2072,0.0120,1.6697
2688,19:31:35.614,2065,0.0085,1.6641
2689,19:31:35.614,2075,0.0134,1.6722
2690,19:31:35.615,2067,0.0095,1.6657
2691,19:31:35.615,2073,0.0125,1.6705
2692,19:31:35.616,2068,0.0100,1.6665
2693,19:31:35.616,2079,0.0154,1.6754
2694,19:31:35.617,2075,0.0134,1.6722
2695,19:31:35.617,2079,0.0154,1.6754
2696,19:31:35.618,2072,0.0120,1.6697
2697,19:31:35.618,2063,0.0076,1.6625
2698,19:31:35.619,2072,0.0120,1.6697
2699,19:31:35.619,2066,0.0090,1.6649
2700,19:31:35.620,2068,0.0100,1.6665
2701,19:31:35.620,2069,0.0105,1.6673
2702,19:31:35.621,2079,0.0154,1.6754
2703,19:31:35.621,2076,0.0139,1.6730
2704,19:31:35.622,2078,0.0149,1.6746
2705,19:31:35.622,2076,0.0139,1.6730
2706,19:31:35.623,2064,0.0081,1.6633
2707,19:31:35.623,2074,0.0129,1.6714
2708,19:31:35.624,2065,0.0085,1.6641
2709,19:31:35.624,2072,0.0120,1.6697
2710,19:31:35.625,2068,0.0100,1.6665
2711,19:31:35.625,2080,0.0159,1.6762
2712,19:31:35.626,2081,0.0164,1.6770
2713,19:31:35.626,2077,0.0144,1.6738
2714,19:31:35.627,2072,0.0120,1.6697
2715,19:31:35.627,2065,0.0085,1.6641
2716,19:31:35.628,2073,0.0125,1.6705
2717,19:31:35.628,2065,0.0085,1.6641
2718,19:31:35.629,2065,0.0085,1.6641
2719,19:31:35.629,2067,0.0095,1.6657
2720,19:31:35.630,2079,0.0154,1.6754
2721,19:31:35.630,2082,0.0168,1.6778
2722,19:31:35.631,2078,0.0149,1.6746
2723,19:31:35.631,2072,0.0120,1.6697
2724,19:31:35.632,2065,0.0085,1.6641
2725,19:31:35.632,2072,0.0120,1.6697
2726,19:31:35.633,2066,0.0090,1.6649
2727,19:31:35.633,2069,0.0105,1.6673
2728,19:31:35.634,2070,0.0110,1.6681
2729,19:31:35.634,2078,0.0149,1.6746
2730,19:31:35.635,2076,0.0139,1.6730
2731,19:31:35.635,2077,0.0144,1.6738
2732,19:31:35.636,2073,0.0125,1.6705
2733,19:31:35.636,2066,0.0090,1.6649
2734,19:31:35.637,2072,0.0120,1.6697
2735,19:31:35.637,2067,0.0095,1.6657
2736,19:31:35.638,2068,0.0100,1.6665
2737,19:31:35.638,2069,0.0105,1.6673
2738,19:31:35.639,2070,0.0110,1.6681
2739,19:31:35.639,2079,0.0154,1.6754
2740,19:31:35.640,2073,0.0125,1.6705
2741,19:31:35.640,2075,0.0134,1.6722
2742,19:31:35.641,2063,0.0076,1.6625
2743,19:31:35.641,2072,0.0120,1.6697
2744,19:31:35.642,2068,0.0100,1.6665
2745,19:31:35.642,2070,0.0110,1.6681
2746,19:31:35.643,2072,0.0120,1.6697
2747,19:31:35.643,2068,0.0100,1.6665
2748,19:31:35.644,2080,0.0159,1.6762
2749,19:31:35.644,2068,0.0100,1.6665
2750,19:31:35.645,2073,0.0125,1.6705
2751,19:31:35.645,2062,0.0071,1.6617
2752,19:31:35.646,2070,0.0110,1.6681
2753,19:31:35.646,2074,0.0129,1.6714
2754,19:31:35.647,2075,0.0134,1.6722
2755,19:31:35.647,2072,0.0120,1.6697
2756,19:31:35.648,2067,0.0095,1.6657
2757,19:31:35.648,2076,0.0139,1.6730
2758,19:31:35.649,2068,0.0100,1.6665
2759,19:31:35.649,2075,0.0134,1.6722
2760,19:31:35.650,2062,0.0071,1.6617
2761,19:31:35.650,2074,0.0129,1.6714
2762,19:31:35.651,2075,0.0134,1.6722
2763,19:31:35.651,2075,0.0134,1.6722
2764,19:31:35.652,2074,0.0129,1.6714
2765,19:31:35.652,2066,0.0090,1.6649
2766,19:31:35.653,2079,0.0154,1.6754
2767,19:31:35.653,2065,0.0085,1.6641
2768,19:31:35.654,2072,0.0120,1.6697
2769,19:31:35.654,2066,0.0090,1.6649
2770,19:31:35.655,2076,0.0139,1.6730
2771,19:31:35.655,2080,0.0159,1.6762
2772,19:31:35.656,2071,0.0115,1.6689
2773,19:31:35.656,2076,0.0139,1.6730
2774,19:31:35.657,2059,0.0056,1.6593
2775,19:31:35.657,2077,0.0144,1.6738
2776,19:31:35.658,2062,0.0071,1.6617
2777,19:31:35.658,2070,0.0110,1.6681
2778,19:31:35.659,2065,0.0085,1.6641
2779,19:31:35.659,2078,0.0149,1.6746
2780,19:31:35.660,2083,0.0173,1.6786
2781,19:31:35.660,2075,0.0134,1.6722
2782,19:31:35.661,2076,0.0139,1.6730
2783,19:31:35.661,2060,0.0061,1.6601
2784,19:31:35.662,2075,0.0134,1.6722
2785,19:31:35.662,2067,0.0095,1.6657
2786,19:31:35.663,2070,0.0110,1.6681
2787,19:31:35.663,2063,0.0076,1.6625
2788,19:31:35.664,2072,0.0120,1.6697
2789,19:31:35.664,2083,0.0173,1.6786
2790,19:31:35.665,2069,0.0105,1.6673
2791,19:31:35.665,2074,0.0129,1.6714
2792,19:31:35.666,2065,0.0085,1.6641
2793,19:31:35.666,2074,0.0129,1.6714
2794,19:31:35.667,2075,0.0134,1.6722
2795,19:31:35.667,2062,0.0071,1.6617
2796,19:31:35.668,2069,0.0105,1.6673
2797,19:31:35.668,2071,0.0115,1.6689
2798,19:31:35.669,2082,0.0168,1.6778
2799,19:31:35.669,2073,0.0125,1.6705
2800,19:31:35.670,2069,0.0105,1.6673
2801,19:31:35.670,2073,0.0125,1.6705
2802,19:31:35.671,2075,0.0134,1.6722
2803,19:31:35.671,2075,0.0134,1.6722
2804,19:31:35.672,2064,0.0081,1.6633
2805,19:31:35.672,2072,0.0120,1.6697
2806,19:31:35.673,2074,0.0129,1.6714
2807,19:31:35.673,2081,0.0164,1.6770
2808,19:31:35.674,2068,0.0100,1.6665
2809,19:31:35.674,2062,0.0071,1.6617
2810,19:31:35.675,2073,0.0125,1.6705
2811,19:31:35.675,2075,0.0134,1.6722
2812,19:31:35.676,2075,0.0134,1.6722
2813,19:31:35.676,2063,0.0076,1.6625
2814,19:31:35.677,2074,0.0129,1.6714
2815,19:31:35.677,2077,0.0144,1.6738
2816,19:31:35.678,2076,0.0139,1.6730
2817,19:31:35.678,2066,0.0090,1.6649
2818,19:31:35.679,2063,0.0076,1.6625
2819,19:31:35.679,2072,0.0120,1.6697
2820,19:31:35.680,2077,0.0144,1.6738
2821,19:31:35.680,2070,0.0110,1.6681
2822,19:31:35.681,2066,0.0090,1.6649
2823,19:31:35.681,2076,0.0139,1.6730
2824,19:31:35.682,2080,0.0159,1.6762
2825,19:31:35.682,2072,0.0120,1.6697
2826,19:31:35.683,2066,0.0090,1.6649
2827,19:31:35.683,2066,0.0090,1.6649
2828,19:31:35.684,2072,0.0120,1.6697
2829,19:31:35.684,2077,0.0144,1.6738
2830,19:31:35.685,2073,0.0125,1.6705
2831,19:31:35.685,2064,0.0081,1.6633
2832,19:31:35.686,2069,0.0105,1.6673
2833,19:31:35.686,2079,0.0154,1.6754
2834,19:31:35.687,2072,0.0120,1.6697
2835,19:31:35.687,2064,0.0081,1.6633
2836,19:31:35.688,2068,0.0100,1.6665
2837,19:31:35.688,2073,0.0125,1.6705
2838,19:31:35.689,2074,0.0129,1.6714
2839,19:31:35.689,2072,0.0120,1.6697
2840,19:31:35.690,2066,0.0090,1.6649
2841,19:31:35.690,2071,0.0115,1.6689
2842,19:31:35.691,2076,0.0139,1.6730
2843,19:31:35.691,2072,0.0120,1.6697
2844,19:31:35.692,2065,0.0085,1.6641
2845,19:31:35.692,2064,0.0081,1.6633
2846,19:31:35.693,2076,0.0139,1.6730
2847,19:31:35.693,2077,0.0144,1.6738
2848,19:31:35.694,2075,0.0134,1.6722
2849,19:31:35.694,2067,0.0095,1.6657
2850,19:31:35.695,2071,0.0115,1.6689
2851,19:31:35.695,2078,0.0149,1.6746
2852,19:31:35.696,2072,0.0120,1.6697
2853,19:31:35.696,2066,0.0090,1.6649
2854,19:31:35.697,2064,0.0081,1.6633
2855,19:31:35.697,2075,0.0134,1.6722
2856,19:31:35.698,2076,0.0139,1.6730
2857,19:31:35.698,2073,0.0125,1.6705
2858,19:31:35.699,2067,0.0095,1.6657
2859,19:31:35.699,2069,0.0105,1.6673
2860,19:31:35.700,2074,0.0129,1.6714
2861,19:31:35.700,2073,0.0125,1.6705
2862,19:31:35.701,2067,0.0095,1.6657
2863,19:31:35.701,2065,0.0085,1.6641
2864,19:31:35.702,2072,0.0120,1.6697
2865,19:31:35.702,2077,0.0144,1.6738
2866,19:31:35.703,2072,0.0120,1.6697
2867,19:31:35.703,2066,0.0090,1.6649
2868,19:31:35.704,2068,0.0100,1.6665
2869,19:31:35.704,2072,0.0120,1.6697
2870,19:31:35.705,2070,0.0110,1.6681
2871,19:31:35.705,2067,0.0095,1.6657
2872,19:31:35.706,2068,0.0100,1.6665
2873,19:31:35.706,2077,0.0144,1.6738
2874,19:31:35.707,2075,0.0134,1.6722
2875,19:31:35.707,2074,0.0129,1.6714
2876,19:31:35.708,2069,0.0105,1.6673
2877,19:31:35.708,2069,0.0105,1.6673
2878,19:31:35.709,2075,0.0134,1.6722
2879,19:31:35.709,2071,0.0115,1.6689
2880,19:31:35.710,2069,0.0105,1.6673
2881,19:31:35.710,2065,0.0085,1.6641
2882,19:31:35.711,2071,0.0115,1.6689
2883,19:31:35.711,2073,0.0125,1.6705
2884,19:31:35.712,2075,0.0134,1.6722
2885,19:31:35.712,2068,0.0100,1.6665
2886,19:31:35.713,2065,0.0085,1.6641
2887,19:31:35.713,2073,0.0125,1.6705
2888,19:31:35.714,2071,0.0115,1.6689
2889,19:31:35.714,2066,0.0090,1.6649
2890,19:31:35.715,2069,0.0105,1.6673
2891,19:31:35.715,2072,0.0120,1.6697
2892,19:31:35.716,2077,0.0144,1.6738
2893,19:31:35.716,2073,0.0125,1.6705
2894,19:31:35.717,2068,0.0100,1.6665
2895,19:31:35.717,2069,0.0105,1.6673
2896,19:31:35.718,2072,0.0120,1.6697
2897,19:31:35.718,2073,0.0125,1.6705
2898,19:31:35.719,2072,0.0120,1.6697
2899,19:31:35.719,2069,0.0105,1.6673
2900,19:31:35.720,2073,0.0125,1.6705
2901,19:31:35.720,2074,0.0129,1.6714
2902,19:31:35.721,2076,0.0139,1.6730
2903,19:31:35.721,2070,0.0110,1.6681
2904,19:31:35.722,2067,0.0095,1.6657
2905,19:31:35.722,2070,0.0110,1.6681
2906,19:31:35.723,2075,0.0134,1.6722
2907,19:31:35.723,2072,0.0120,1.6697
2908,19:31:35.724,2068,0.0100,1.6665
2909,19:31:35.724,2073,0.0125,1.6705
2910,19:31:35.725,2077,0.0144,1.6738
2911,19:31:35.725,2075,0.0134,1.6722
2912,19:31:35.726,2067,0.0095,1.6657
2913,19:31:35.726,2065,0.0085,1.6641
2914,19:31:35.727,2076,0.0139,1.6730
2915,19:31:35.727,2074,0.0129,1.6714
2916,19:31:35.728,2074,0.0129,1.6714
2917,19:31:35.728,2072,0.0120,1.6697
2918,19:31:35.729,2073,0.0125,1.6705
2919,19:31:35.729,2076,0.0139,1.6730
2920,19:31:35.730,2075,0.0134,1.6722
2921,19:31:35.730,2069,0.0105,1.6673
2922,19:31:35.731,2068,0.0100,1.6665
2923,19:31:35.731,2076,0.0139,1.6730
2924,19:31:35.732,2074,0.0129,1.6714
2925,19:31:35.732,2071,0.0115,1.6689
2926,19:31:35.733,2072,0.0120,1.6697
2927,19:31:35.733,2073,0.0125,1.6705
2928,19:31:35.734,2076,0.0139,1.6730
2929,19:31:35.734,2074,0.0129,1.6714
2930,19:31:35.735,2068,0.0100,1.6665
2931,19:31:35.735,2067,0.0095,1.6657
2932,19:31:35.736,2073,0.0125,1.6705
2933,19:31:35.736,2077,0.0144,1.6738
2934,19:31:35.737,2070,0.0110,1.6681
2935,19:31:35.737,2073,0.0125,1.6705
2936,19:31:35.738,2072,0.0120,1.6697
2937,19:31:35.738,2070,0.0110,1.6681
2938,19:31:35.739,2075,0.0134,1.6722
2939,19:31:35.739,2068,0.0100,1.6665
2940,19:31:35.740,2068,0.0100,1.6665
2941,19:31:35.740,2072,0.0120,1.6697
2942,19:31:35.741,2073,0.0125,1.6705
2943,19:31:35.741,2075,0.0134,1.6722
2944,19:31:35.742,2069,0.0105,1.6673
2945,19:31:35.742,2071,0.0115,1.6689
2946,19:31:35.743,2075,0.0134,1.6722
2947,19:31:35.743,2075,0.0134,1.6722
2948,19:31:35.744,2072,0.0120,1.6697
2949,19:31:35.744,2069,0.0105,1.6673
2950,19:31:35.745,2073,0.0125,1.6705
2951,19:31:35.745,2076,0.0139,1.6730
2952,19:31:35.746,2075,0.0134,1.6722
2953,19:31:35.746,2073,0.0125,1.6705
2954,19:31:35.747,2066,0.0090,1.6649
2955,19:31:35.747,2072,0.0120,1.6697
2956,19:31:35.748,2075,0.0134,1.6722
2957,19:31:35.748,2071,0.0115,1.6689
2958,19:31:35.749,2070,0.0110,1.6681
2959,19:31:35.749,2075,0.0134,1.6722
2960,19:31:35.750,2077,0.0144,1.6738
2961,19:31:35.750,2072,0.0120,1.6697
2962,19:31:35.751,2073,0.0125,1.6705
2963,19:31:35.751,2066,0.0090,1.6649
2964,19:31:35.752,2070,0.0110,1.6681
2965,19:31:35.752,2076,0.0139,1.6730
2966,19:31:35.753,2069,0.0105,1.6673
2967,19:31:35.753,2067,0.0095,1.6657
2968,19:31:35.754,2072,0.0120,1.6697
2969,19:31:35.754,2072,0.0120,1.6697
2970,19:31:35.755,2072,0.0120,1.6697
2971,19:31:35.755,2069,0.0105,1.6673
2972,19:31:35.756,2064,0.0081,1.6633
2973,19:31:35.756,2073,0.0125,1.6705
2974,19:31:35.757,2074,0.0129,1.6714
2975,19:31:35.757,2071,0.0115,1.6689
2976,19:31:35.758,2071,0.0115,1.6689
2977,19:31:35.758,2071,0.0115,1.6689
2978,19:31:35.759,2073,0.0125,1.6705
2979,19:31:35.759,2075,0.0134,1.6722
2980,19:31:35.760,2070,0.0110,1.6681
2981,19:31:35.760,2068,0.0100,1.6665
2982,19:31:35.761,2073,0.0125,1.6705
2983,19:31:35.761,2073,0.0125,1.6705
2984,19:31:35.762,2072,0.0120,1.6697
2985,19:31:35.762,2070,0.0110,1.6681
2986,19:31:35.763,2070,0.0110,1.6681
2987,19:31:35.763,2079,0.0154,1.6754
2988,19:31:35.764,2071,0.0115,1.6689
2989,19:31:35.764,2077,0.0144,1.6738
2990,19:31:35.765,2084,0.0178,1.6794
2991,19:31:35.765,2060,0.0061,1.6601
2992,19:31:35.766,2055,0.0037,1.6560
2993,19:31:35.766,2091,0.0212,1.6851
2994,19:31:35.767,2068,0.0100,1.6665
2995,19:31:35.767,2073,0.0125,1.6705
2996,19:31:35.768,2044,-0.0017,1.6472
2997,19:31:35.768,2076,0.0139,1.6730
2998,19:31:35.769,2073,0.0125,1.6705
2999,19:31:35.769,2097,0.0242,1.6899
3000,19:31:35.770,2069,0.0105,1.6673
3001,19:31:35.770,2048,0.0002,1.6504
3002,19:31:35.771,2094,0.0227,1.6875
3003,19:31:35.771,2059,0.0056,1.6593
3004,19:31:35.772,2086,0.0188,1.6810
3005,19:31:35.772,2033,-0.0071,1.6383
3006,19:31:35.773,2071,0.0115,1.6689
3007,19:31:35.773,2082,0.0168,1.6778
3008,19:31:35.774,2093,0.0222,1.6867
3009,19:31:35.774,2082,0.0168,1.6778
3010,19:31:35.775,2029,-0.0090,1.6351
3011,19:31:35.775,2101,0.0261,1.6931
3012,19:31:35.776,2060,0.0061,1.6601
3013,19:31:35.776,2081,0.0164,1.6770
3014,19:31:35.777,2037,-0.0051,1.6415
3015,19:31:35.777,2065,0.0085,1.6641
3016,19:31:35.778,2094,0.0227,1.6875
3017,19:31:35.778,2092,0.0217,1.6859
3018,19:31:35.779,2085,0.0183,1.6802
3019,19:31:35.779,2026,-0.0105,1.6327
3020,19:31:35.780,2097,0.0242,1.6899
3021,19:31:35.780,2072,0.0120,1.6697
3022,19:31:35.781,2073,0.0125,1.6705
3023,19:31:35.781,2038,-0.0046,1.6423
3024,19:31:35.782,2062,0.0071,1.6617
3025,19:31:35.782,2107,0.0291,1.6979
3026,19:31:35.783,2084,0.0178,1.6794
3027,19:31:35.783,2089,0.0203,1.6834
3028,19:31:35.784,2024,-0.0115,1.6311
3029,19:31:35.784,2090,0.0208,1.6842
3030,19:31:35.785,2079,0.0154,1.6754
3031,19:31:35.785,2070,0.0110,1.6681
3032,19:31:35.786,2038,-0.0046,1.6423
3033,19:31:35.786,2057,0.0046,1.6577
3034,19:31:35.787,2116,0.0335,1.7052
3035,19:31:35.787,2081,0.0164,1.6770
3036,19:31:35.788,2087,0.0193,1.6818
3037,19:31:35.788,2025,-0.0110,1.6319
3038,19:31:35.789,2089,0.0203,1.6834
3039,19:31:35.789,2084,0.0178,1.6794
3040,19:31:35.790,2073,0.0125,1.6705
3041,19:31:35.790,2043,-0.0022,1.6464
3042,19:31:35.791,2051,0.0017,1.6528
3043,19:31:35.791,2118,0.0344,1.7068
3044,19:31:35.792,2078,0.0149,1.6746
3045,19:31:35.792,2084,0.0178,1.6794
3046,19:31:35.793,2027,-0.0100,1.6335
3047,19:31:35.793,2085,0.0183,1.6802
3048,19:31:35.794,2091,0.0212,1.6851
3049,19:31:35.794,2072,0.0120,1.6697
3050,19:31:35.795,2043,-0.0022,1.6464
3051,19:31:35.795,2050,0.0012,1.6520
3052,19:31:35.796,2121,0.0359,1.7092
3053,19:31:35.796,2073,0.0125,1.6705
3054,19:31:35.797,2081,0.0164,1.6770
3055,19:31:35.797,2027,-0.0100,1.6335
3056,19:31:35.798,2083,0.0173,1.6786
3057,19:31:35.798,2089,0.0203,1.6834
3058,19:31:35.799,2073,0.0125,1.6705
3059,19:31:35.799,2050,0.0012,1.6520
3060,19:31:35.800,2041,-0.0032,1.6448
3061,19:31:35.800,2118,0.0344,1.7068
3062,19:31:35.801,2072,0.0120,1.6697
3063,19:31:35.801,2073,0.0125,1.6705
3064,19:31:35.802,2033,-0.0071,1.6383
3065,19:31:35.802,2080,0.0159,1.6762
3066,19:31:35.803,2097,0.0242,1.6899
3067,19:31:35.803,2084,0.0178,1.6794
3068,19:31:35.804,2061,0.0066,1.6609
3069,19:31:35.804,2039,-0.0042,1.6432
3070,19:31:35.805,2112,0.0315,1.7020
3071,19:31:35.805,2072,0.0120,1.6697
3072,19:31:35.806,2071,0.0115,1.6689
3073,19:31:35.806,2037,-0.0051,1.6415
3074,19:31:35.807,2081,0.0164,1.6770
3075,19:31:35.807,2093,0.0222,1.6867
3076,19:31:35.808,2084,0.0178,1.6794
3077,19:31:35.808,2069,0.0105,1.6673
3078,19:31:35.809,2039,-0.0042,1.6432
3079,19:31:35.809,2105,0.0281,1.6963
3080,19:31:35.810,2069,0.0105,1.6673
3081,19:31:35.810,2063,0.0076,1.6625
3082,19:31:35.811,2041,-0.0032,1.6448
3083,19:31:35.811,2072,0.0120,1.6697
3084,19:31:35.812,2101,0.0261,1.6931
3085,19:31:35.812,2086,0.0188,1.6810
3086,19:31:35.813,2074,0.0129,1.6714
3087,19:31:35.813,2038,-0.0046,1.6423
3088,19:31:35.814,2096,0.0237,1.6891
3089,19:31:35.814,2073,0.0125,1.6705
3090,19:31:35.815,2063,0.0076,1.6625
3091,19:31:35.815,2042,-0.0027,1.6456
3092,19:31:35.816,2069,0.0105,1.6673
3093,19:31:35.816,2098,0.0247,1.6907
3094,19:31:35.817,2088,0.0198,1.6826
3095,19:31:35.817,2082,0.0168,1.6778
3096,19:31:35.818,2036,-0.0056,1.6407
3097,19:31:35.818,2087,0.0193,1.6818
3098,19:31:35.819,2073,0.0125,1.6705
3099,19:31:35.819,2065,0.0085,1.6641
3100,19:31:35.820,2043,-0.0022,1.6464
3101,19:31:35.820,2062,0.0071,1.6617
3102,19:31:35.821,2106,0.0286,1.6971
3103,19:31:35.821,2084,0.0178,1.6794
3104,19:31:35.822,2085,0.0183,1.6802
3105,19:31:35.822,2030,-0.0085,1.6359
3106,19:31:35.823,2082,0.0168,1.6778
3107,19:31:35.823,2078,0.0149,1.6746
3108,19:31:35.824,2065,0.0085,1.6641
3109,19:31:35.824,2048,0.0002,1.6504
3110,19:31:35.825,2057,0.0046,1.6577
3111,19:31:35.825,2107,0.0291,1.6979
3112,19:31:35.826,2076,0.0139,1.6730
3113,19:31:35.826,2086,0.0188,1.6810
3114,19:31:35.827,2029,-0.0090,1.6351
3115,19:31:35.827,2079,0.0154,1.6754
3116,19:31:35.828,2083,0.0173,1.6786
3117,19:31:35.828,2070,0.0110,1.6681
3118,19:31:35.829,2046,-0.0007,1.6488
3119,19:31:35.829,2045,-0.0012,1.6480
3120,19:31:35.830,2110,0.0305,1.7004
3121,19:31:35.830,2070,0.0110,1.6681
3122,19:31:35.831,2085,0.0183,1.6802
3123,19:31:35.831,2033,-0.0071,1.6383
3124,19:31:35.832,2078,0.0149,1.6746
3125,19:31:35.832,2087,0.0193,1.6818
3126,19:31:35.833,2071,0.0115,1.6689
3127,19:31:35.833,2055,0.0037,1.6560
3128,19:31:35.834,2044,-0.0017,1.6472
3129,19:31:35.834,2112,0.0315,1.7020
3130,19:31:35.835,2066,0.0090,1.6649
3131,19:31:35.835,2081,0.0164,1.6770
3132,19:31:35.836,2033,-0.0071,1.6383
3133,19:31:35.836,2078,0.0149,1.6746
3134,19:31:35.837,2092,0.0217,1.6859
3135,19:31:35.837,2076,0.0139,1.6730
3136,19:31:35.838,2058,0.0051,1.6585
3137,19:31:35.838,2035,-0.0061,1.6399
3138,19:31:35.839,2110,0.0305,1.7004
3139,19:31:35.839,2061,0.0066,1.6609
3140,19:31:35.840,2075,0.0134,1.6722
3141,19:31:35.840,2035,-0.0061,1.6399
3142,19:31:35.841,2074,0.0129,1.6714
3143,19:31:35.841,2094,0.0227,1.6875
3144,19:31:35.842,2081,0.0164,1.6770
3145,19:31:35.842,2070,0.0110,1.6681
3146,19:31:35.843,2037,-0.0051,1.6415
3147,19:31:35.843,2110,0.0305,1.7004
3148,19:31:35.844,2064,0.0081,1.6633
3149,19:31:35.844,2071,0.0115,1.6689
3150,19:31:35.845,2035,-0.0061,1.6399
3151,19:31:35.845,2075,0.0134,1.6722
3152,19:31:35.846,2096,0.0237,1.6891
3153,19:31:35.846,2081,0.0164,1.6770
3154,19:31:35.847,2074,0.0129,1.6714
3155,19:31:35.847,2033,-0.0071,1.6383
3156,19:31:35.848,2101,0.0261,1.6931
3157,19:31:35.848,2066,0.0090,1.6649
3158,19:31:35.849,2071,0.0115,1.6689
3159,19:31:35.849,2044,-0.0017,1.6472
3160,19:31:35.850,2069,0.0105,1.6673
3161,19:31:35.850,2101,0.0261,1.6931
3162,19:31:35.851,2081,0.0164,1.6770
3163,19:31:35.851,2081,0.0164,1.6770
3164,19:31:35.852,2035,-0.0061,1.6399
3165,19:31:35.852,2098,0.0247,1.6907
3166,19:31:35.853,2074,0.0129,1.6714
3167,19:31:35.853,2071,0.0115,1.6689
3168,19:31:35.854,2052,0.0022,1.6536
3169,19:31:35.854,2064,0.0081,1.6633
3170,19:31:35.855,2098,0.0247,1.6907
3171,19:31:35.855,2082,0.0168,1.6778
3172,19:31:35.856,2085,0.0183,1.6802
3173,19:31:35.856,2036,-0.0056,1.6407
3174,19:31:35.857,2082,0.0168,1.6778
3175,19:31:35.857,2079,0.0154,1.6754
3176,19:31:35.858,2068,0.0100,1.6665
3177,19:31:35.858,2054,0.0032,1.6552
3178,19:31:35.859,2060,0.0061,1.6601
3179,19:31:35.859,2105,0.0281,1.6963
3180,19:31:35.860,2083,0.0173,1.6786
3181,19:31:35.860,2089,0.0203,1.6834
3182,19:31:35.861,2037,-0.0051,1.6415
3183,19:31:35.861,2076,0.0139,1.6730
3184,19:31:35.862,2084,0.0178,1.6794
3185,19:31:35.862,2071,0.0115,1.6689
3186,19:31:35.863,2060,0.0061,1.6601
3187,19:31:35.863,2052,0.0022,1.6536
3188,19:31:35.864,2104,0.0276,1.6955
3189,19:31:35.864,2079,0.0154,1.6754
3190,19:31:35.865,2083,0.0173,1.6786
3191,19:31:35.865,2035,-0.0061,1.6399
3192,19:31:35.866,2074,0.0129,1.6714
3193,19:31:35.866,2085,0.0183,1.6802
3194,19:31:35.867,2075,0.0134,1.6722
3195,19:31:35.867,2060,0.0061,1.6601
3196,19:31:35.868,2051,0.0017,1.6528
3197,19:31:35.868,2108,0.0295,1.6988
3198,19:31:35.869,2073,0.0125,1.6705
3199,19:31:35.869,2086,0.0188,1.6810
3200,19:31:35.870,2031,-0.0081,1.6367
3201,19:31:35.870,2071,0.0115,1.6689
3202,19:31:35.871,2089,0.0203,1.6834
3203,19:31:35.871,2076,0.0139,1.6730
3204,19:31:35.872,2061,0.0066,1.6609
3205,19:31:35.872,2043,-0.0022,1.6464
3206,19:31:35.873,2105,0.0281,1.6963
3207,19:31:35.873,2074,0.0129,1.6714
3208,19:31:35.874,2079,0.0154,1.6754
3209,19:31:35.874,2035,-0.0061,1.6399
3210,19:31:35.875,2069,0.0105,1.6673
3211,19:31:35.875,2092,0.0217,1.6859
3212,19:31:35.876,2079,0.0154,1.6754
3213,19:31:35.876,2065,0.0085,1.6641
3214,19:31:35.877,2040,-0.0037,1.6440
3215,19:31:35.877,2103,0.0271,1.6947
3216,19:31:35.878,2070,0.0110,1.6681
3217,19:31:35.878,2075,0.0134,1.6722
3218,19:31:35.879,2037,-0.0051,1.6415
3219,19:31:35.879,2068,0.0100,1.6665
3220,19:31:35.880,2093,0.0222,1.6867
3221,19:31:35.880,2079,0.0154,1.6754
3222,19:31:35.881,2070,0.0110,1.6681
3223,19:31:35.881,2038,-0.0046,1.6423
3224,19:31:35.882,2099,0.0252,1.6915
3225,19:31:35.882,2069,0.0105,1.6673
3226,19:31:35.883,2075,0.0134,1.6722
3227,19:31:35.883,2043,-0.0022,1.6464
3228,19:31:35.884,2069,0.0105,1.6673
3229,19:31:35.884,2096,0.0237,1.6891
3230,19:31:35.885,2083,0.0173,1.6786
3231,19:31:35.885,2074,0.0129,1.6714
3232,19:31:35.886,2036,-0.0056,1.6407
3233,19:31:35.886,2090,0.0208,1.6842
3234,19:31:35.887,2067,0.0095,1.6657
3235,19:31:35.887,2070,0.0110,1.6681
3236,19:31:35.888,2050,0.0012,1.6520
3237,19:31:35.888,2069,0.0105,1.6673
3238,19:31:35.889,2094,0.0227,1.6875
3239,19:31:35.889,2079,0.0154,1.6754
3240,19:31:35.890,2080,0.0159,1.6762
3241,19:31:35.890,2034,-0.0066,1.6391
3242,19:31:35.891,2083,0.0173,1.6786
3243,19:31:35.891,2068,0.0100,1.6665
3244,19:31:35.892,2066,0.0090,1.6649
3245,19:31:35.892,2055,0.0037,1.6560
3246,19:31:35.893,2065,0.0085,1.6641
3247,19:31:35.893,2100,0.0256,1.6923
3248,19:31:35.894,2082,0.0168,1.6778
3249,19:31:35.894,2080,0.0159,1.6762
3250,19:31:35.895,2033,-0.0071,1.6383
3251,19:31:35.895,2073,0.0125,1.6705
3252,19:31:35.896,2073,0.0125,1.6705
3253,19:31:35.896,2064,0.0081,1.6633
3254,19:31:35.897,2055,0.0037,1.6560
3255,19:31:35.897,2057,0.0046,1.6577
3256,19:31:35.898,2103,0.0271,1.6947
3257,19:31:35.898,2080,0.0159,1.6762
3258,19:31:35.899,2082,0.0168,1.6778
3259,19:31:35.899,2037,-0.0051,1.6415
3260,19:31:35.900,2068,0.0100,1.6665
3261,19:31:35.900,2083,0.0173,1.6786
3262,19:31:35.901,2071,0.0115,1.6689
3263,19:31:35.901,2067,0.0095,1.6657
3264,19:31:35.902,2048,0.0002,1.6504
3265,19:31:35.902,2102,0.0266,1.6939
3266,19:31:35.903,2077,0.0144,1.6738
3267,19:31:35.903,2085,0.0183,1.6802
3268,19:31:35.904,2036,-0.0056,1.6407
3269,19:31:35.904,2063,0.0076,1.6625
3270,19:31:35.905,2084,0.0178,1.6794
3271,19:31:35.905,2067,0.0095,1.6657
3272,19:31:35.906,2071,0.0115,1.6689
3273,19:31:35.906,2046,-0.0007,1.6488
3274,19:31:35.907,2105,0.0281,1.6963
3275,19:31:35.907,2073,0.0125,1.6705
3276,19:31:35.908,2082,0.0168,1.6778
3277,19:31:35.908,2042,-0.0027,1.6456
3278,19:31:35.909,2064,0.0081,1.6633
3279,19:31:35.909,2092,0.0217,1.6859
3280,19:31:35.910,2075,0.0134,1.6722
3281,19:31:35.910,2073,0.0125,1.6705
3282,19:31:35.911,2043,-0.0022,1.6464
3283,19:31:35.911,2102,0.0266,1.6939
3284,19:31:35.912,2073,0.0125,1.6705
3285,19:31:35.912,2082,0.0168,1.6778
3286,19:31:35.913,2041,-0.0032,1.6448
3287,19:31:35.913,2063,0.0076,1.6625
3288,19:31:35.914,2097,0.0242,1.6899
3289,19:31:35.914,2080,0.0159,1.6762
3290,19:31:35.915,2074,0.0129,1.6714
3291,19:31:35.915,2038,-0.0046,1.6423
3292,19:31:35.916,2099,0.0252,1.6915
3293,19:31:35.916,2070,0.0110,1.6681
3294,19:31:35.917,2075,0.0134,1.6722
3295,19:31:35.917,2049,0.0007,1.6512
3296,19:31:35.918,2066,0.0090,1.6649
3297,19:31:35.918,2096,0.0237,1.6891
3298,19:31:35.919,2077,0.0144,1.6738
3299,19:31:35.919,2079,0.0154,1.6754
3300,19:31:35.920,2035,-0.0061,1.6399
3301,19:31:35.920,2092,0.0217,1.6859
3302,19:31:35.921,2068,0.0100,1.6665
3303,19:31:35.921,2074,0.0129,1.6714
3304,19:31:35.922,2050,0.0012,1.6520
3305,19:31:35.922,2068,0.0100,1.6665
3306,19:31:35.923,2096,0.0237,1.6891
3307,19:31:35.923,2079,0.0154,1.6754
3308,19:31:35.924,2080,0.0159,1.6762
3309,19:31:35.924,2038,-0.0046,1.6423
3310,19:31:35.925,2086,0.0188,1.6810
3311,19:31:35.925,2068,0.0100,1.6665
3312,19:31:35.926,2071,0.0115,1.6689
3313,19:31:35.926,2053,0.0027,1.6544
3314,19:31:35.927,2067,0.0095,1.6657
3315,19:31:35.927,2099,0.0252,1.6915
3316,19:31:35.928,2081,0.0164,1.6770
3317,19:31:35.928,2079,0.0154,1.6754
3318,19:31:35.929,2035,-0.0061,1.6399
3319,19:31:35.929,2076,0.0139,1.6730
3320,19:31:35.930,2073,0.0125,1.6705
3321,19:31:35.930,2068,0.0100,1.6665
3322,19:31:35.931,2057,0.0046,1.6577
3323,19:31:35.931,2063,0.0076,1.6625
3324,19:31:35.932,2099,0.0252,1.6915
3325,19:31:35.932,2079,0.0154,1.6754
3326,19:31:35.933,2081,0.0164,1.6770
3327,19:31:35.933,2038,-0.0046,1.6423
3328,19:31:35.934,2070,0.0110,1.6681
3329,19:31:35.934,2073,0.0125,1.6705
3330,19:31:35.935,2068,0.0100,1.6665
3331,19:31:35.935,2060,0.0061,1.6601
3332,19:31:35.936,2055,0.0037,1.6560
3333,19:31:35.936,2101,0.0261,1.6931
3334,19:31:35.937,2074,0.0129,1.6714
3335,19:31:35.937,2083,0.0173,1.6786
3336,19:31:35.938,2038,-0.0046,1.6423
3337,19:31:35.938,2067,0.0095,1.6657
3338,19:31:35.939,2081,0.0164,1.6770
3339,19:31:35.939,2074,0.0129,1.6714
3340,19:31:35.940,2071,0.0115,1.6689
3341,19:31:35.940,2051,0.0017,1.6528
3342,19:31:35.941,2096,0.0237,1.6891
3343,19:31:35.941,2073,0.0125,1.6705
3344,19:31:35.942,2085,0.0183,1.6802
3345,19:31:35.942,2036,-0.0056,1.6407
3346,19:31:35.943,2062,0.0071,1.6617
3347,19:31:35.943,2081,0.0164,1.6770
3348,19:31:35.944,2072,0.0120,1.6697
3349,19:31:35.944,2074,0.0129,1.6714
3350,19:31:35.945,2046,-0.0007,1.6488
3351,19:31:35.945,2097,0.0242,1.6899
3352,19:31:35.946,2075,0.0134,1.6722
3353,19:31:35.946,2086,0.0188,1.6810
3354,19:31:35.947,2041,-0.0032,1.6448
3355,19:31:35.947,2059,0.0056,1.6593
3356,19:31:35.948,2092,0.0217,1.6859
3357,19:31:35.948,2077,0.0144,1.6738
3358,19:31:35.949,2079,0.0154,1.6754
3359,19:31:35.949,2044,-0.0017,1.6472
3360,19:31:35.950,2096,0.0237,1.6891
3361,19:31:35.950,2069,0.0105,1.6673
3362,19:31:35.951,2082,0.0168,1.6778
3363,19:31:35.951,2044,-0.0017,1.6472
3364,19:31:35.952,2058,0.0051,1.6585
3365,19:31:35.952,2096,0.0237,1.6891
3366,19:31:35.953,2078,0.0149,1.6746
3367,19:31:35.953,2082,0.0168,1.6778
3368,19:31:35.954,2041,-0.0032,1.6448
3369,19:31:35.954,2090,0.0208,1.6842
3370,19:31:35.955,2069,0.0105,1.6673
3371,19:31:35.955,2080,0.0159,1.6762
3372,19:31:35.956,2048,0.0002,1.6504
3373,19:31:35.956,2059,0.0056,1.6593
3374,19:31:35.957,2097,0.0242,1.6899
3375,19:31:35.957,2080,0.0159,1.6762
3376,19:31:35.958,2083,0.0173,1.6786
3377,19:31:35.958,2042,-0.0027,1.6456
3378,19:31:35.959,2086,0.0188,1.6810
3379,19:31:35.959,2069,0.0105,1.6673
3380,19:31:35.960,2072,0.0120,1.6697
3381,19:31:35.960,2054,0.0032,1.6552
3382,19:31:35.961,2057,0.0046,1.6577
3383,19:31:35.961,2098,0.0247,1.6907
3384,19:31:35.962,2082,0.0168,1.6778
3385,19:31:35.962,2083,0.0173,1.6786
3386,19:31:35.963,2040,-0.0037,1.6440
3387,19:31:35.963,2077,0.0144,1.6738
3388,19:31:35.964,2070,0.0110,1.6681
3389,19:31:35.964,2074,0.0129,1.6714
3390,19:31:35.965,2060,0.0061,1.6601
3391,19:31:35.965,2064,0.0081,1.6633
3392,19:31:35.966,2099,0.0252,1.6915
3393,19:31:35.966,2082,0.0168,1.6778
3394,19:31:35.967,2083,0.0173,1.6786
3395,19:31:35.967,2039,-0.0042,1.6432
3396,19:31:35.968,2073,0.0125,1.6705
3397,19:31:35.968,2072,0.0120,1.6697
3398,19:31:35.969,2072,0.0120,1.6697
3399,19:31:35.969,2065,0.0085,1.6641
3400,19:31:35.970,2060,0.0061,1.6601
3401,19:31:35.970,2098,0.0247,1.6907
3402,19:31:35.971,2081,0.0164,1.6770
3403,19:31:35.971,2082,0.0168,1.6778
3404,19:31:35.972,2040,-0.0037,1.6440
3405,19:31:35.972,2066,0.0090,1.6649
3406,19:31:35.973,2076,0.0139,1.6730
3407,19:31:35.973,2069,0.0105,1.6673
3408,19:31:35.974,2068,0.0100,1.6665
3409,19:31:35.974,2059,0.0056,1.6593
3410,19:31:35.975,2094,0.0227,1.6875
3411,19:31:35.975,2075,0.0134,1.6722
3412,19:31:35.976,2083,0.0173,1.6786
3413,19:31:35.976,2042,-0.0027,1.6456
3414,19:31:35.977,2062,0.0071,1.6617
3415,19:31:35.977,2084,0.0178,1.6794
3416,19:31:35.978,2069,0.0105,1.6673
3417,19:31:35.978,2072,0.0120,1.6697
3418,19:31:35.979,2054,0.0032,1.6552
3419,19:31:35.979,2097,0.0242,1.6899
3420,19:31:35.980,2075,0.0134,1.6722
3421,19:31:35.980,2083,0.0173,1.6786
3422,19:31:35.981,2046,-0.0007,1.6488
3423,19:31:35.981,2057,0.0046,1.6577
3424,19:31:35.982,2085,0.0183,1.6802
3425,19:31:35.982,2074,0.0129,1.6714
3426,19:31:35.983,2080,0.0159,1.6762
3427,19:31:35.983,2050,0.0012,1.6520
3428,19:31:35.984,2093,0.0222,1.6867
3429,19:31:35.984,2072,0.0120,1.6697
3430,19:31:35.985,2084,0.0178,1.6794
3431,19:31:35.985,2049,0.0007,1.6512
3432,19:31:35.986,2055,0.0037,1.6560
3433,19:31:35.986,2091,0.0212,1.6851
3434,19:31:35.987,2073,0.0125,1.6705
3435,19:31:35.987,2077,0.0144,1.6738
3436,19:31:35.988,2043,-0.0022,1.6464
3437,19:31:35.988,2090,0.0208,1.6842
3438,19:31:35.989,2070,0.0110,1.6681
3439,19:31:35.989,2081,0.0164,1.6770
3440,19:31:35.990,2052,0.0022,1.6536
3441,19:31:35.990,2059,0.0056,1.6593
3442,19:31:35.991,2091,0.0212,1.6851
3443,19:31:35.991,2078,0.0149,1.6746
3444,19:31:35.992,2083,0.0173,1.6786
3445,19:31:35.992,2040,-0.0037,1.6440
3446,19:31:35.993,2087,0.0193,1.6818
3447,19:31:35.993,2072,0.0120,1.6697
3448,19:31:35.994,2076,0.0139,1.6730
3449,19:31:35.994,2054,0.0032,1.6552
3450,19:31:35.995,2056,0.0042,1.6568
3451,19:31:35.995,2094,0.0227,1.6875
3452,19:31:35.996,2077,0.0144,1.6738
3453,19:31:35.996,2079,0.0154,1.6754
3454,19:31:35.997,2038,-0.0046,1.6423
3455,19:31:35.997,2080,0.0159,1.6762
3456,19:31:35.998,2069,0.0105,1.6673
3457,19:31:35.998,2073,0.0125,1.6705
3458,19:31:35.999,2062,0.0071,1.6617
3459,19:31:35.999,2059,0.0056,1.6593
3460,19:31:36.000,2097,0.0242,1.6899
3461,19:31:36.000,2077,0.0144,1.6738
3462,19:31:36.001,2078,0.0149,1.6746
3463,19:31:36.001,2049,0.0007,1.6512
3464,19:31:36.002,2073,0.0125,1.6705
3465,19:31:36.002,2076,0.0139,1.6730
3466,19:31:36.003,2067,0.0095,1.6657
3467,19:31:36.003,2065,0.0085,1.6641
3468,19:31:36.004,2065,0.0085,1.6641
3469,19:31:36.004,2093,0.0222,1.6867
3470,19:31:36.005,2083,0.0173,1.6786
3471,19:31:36.005,2070,0.0110,1.6681
3472,19:31:36.006,2062,0.0071,1.6617
3473,19:31:36.006,2069,0.0105,1.6673
3474,19:31:36.007,2070,0.0110,1.6681
3475,19:31:36.007,2065,0.0085,1.6641
3476,19:31:36.008,2065,0.0085,1.6641
3477,19:31:36.008,2068,0.0100,1.6665
3478,19:31:36.009,2084,0.0178,1.6794
3479,19:31:36.009,2080,0.0159,1.6762
3480,19:31:36.010,2070,0.0110,1.6681
3481,19:31:36.010,2071,0.0115,1.6689
3482,19:31:36.011,2075,0.0134,1.6722
3483,19:31:36.011,2071,0.0115,1.6689
3484,19:31:36.012,2070,0.0110,1.6681
3485,19:31:36.012,2070,0.0110,1.6681
3486,19:31:36.013,2078,0.0149,1.6746
3487,19:31:36.013,2078,0.0149,1.6746
3488,19:31:36.014,2072,0.0120,1.6697
3489,19:31:36.014,2067,0.0095,1.6657
3490,19:31:36.015,2072,0.0120,1.6697
3491,19:31:36.015,2078,0.0149,1.6746
3492,19:31:36.016,2072,0.0120,1.6697
3493,19:31:36.016,2067,0.0095,1.6657
3494,19:31:36.017,2073,0.0125,1.6705
3495,19:31:36.017,2078,0.0149,1.6746
3496,19:31:36.018,2074,0.0129,1.6714
3497,19:31:36.018,2065,0.0085,1.6641
3498,19:31:36.019,2069,0.0105,1.6673
3499,19:31:36.019,2074,0.0129,1.6714
3500,19:31:36.020,2074,0.0129,1.6714
3501,19:31:36.020,2071,0.0115,1.6689
3502,19:31:36.021,2066,0.0090,1.6649
3503,19:31:36.021,2072,0.0120,1.6697
3504,19:31:36.022,2079,0.0154,1.6754
3505,19:31:36.022,2068,0.0100,1.6665
3506,19:31:36.023,2063,0.0076,1.6625
3507,19:31:36.023,2069,0.0105,1.6673
3508,19:31:36.024,2076,0.0139,1.6730
3509,19:31:36.024,2072,0.0120,1.6697
3510,19:31:36.025,2070,0.0110,1.6681
3511,19:31:36.025,2068,0.0100,1.6665
3512,19:31:36.026,2075,0.0134,1.6722
3513,19:31:36.026,2080,0.0159,1.6762
3514,19:31:36.027,2070,0.0110,1.6681
3515,19:31:36.027,2065,0.0085,1.6641
3516,19:31:36.028,2067,0.0095,1.6657
3517,19:31:36.028,2078,0.0149,1.6746
3518,19:31:36.029,2073,0.0125,1.6705
3519,19:31:36.029,2071,0.0115,1.6689
3520,19:31:36.030,2069,0.0105,1.6673
3521,19:31:36.030,2071,0.0115,1.6689
3522,19:31:36.031,2077,0.0144,1.6738
3523,19:31:36.031,2071,0.0115,1.6689
3524,19:31:36.032,2064,0.0081,1.6633
3525,19:31:36.032,2070,0.0110,1.6681
3526,19:31:36.033,2077,0.0144,1.6738
3527,19:31:36.033,2073,0.0125,1.6705
3528,19:31:36.034,2068,0.0100,1.6665
3529,19:31:36.034,2068,0.0100,1.6665
3530,19:31:36.035,2075,0.0134,1.6722
3531,19:31:36.035,2076,0.0139,1.6730
3532,19:31:36.036,2067,0.0095,1.6657
3533,19:31:36.036,2066,0.0090,1.6649
3534,19:31:36.037,2067,0.0095,1.6657
3535,19:31:36.037,2080,0.0159,1.6762
3536,19:31:36.038,2077,0.0144,1.6738
3537,19:31:36.038,2071,0.0115,1.6689
3538,19:31:36.039,2069,0.0105,1.6673
3539,19:31:36.039,2073,0.0125,1.6705
3540,19:31:36.040,2077,0.0144,1.6738
3541,19:31:36.040,2070,0.0110,1.6681
3542,19:31:36.041,2066,0.0090,1.6649
3543,19:31:36.041,2071,0.0115,1.6689
3544,19:31:36.042,2074,0.0129,1.6714
3545,19:31:36.042,2077,0.0144,1.6738
3546,19:31:36.043,2070,0.0110,1.6681
3547,19:31:36.043,2069,0.0105,1.6673
3548,19:31:36.044,2071,0.0115,1.6689
3549,19:31:36.044,2074,0.0129,1.6714
3550,19:31:36.045,2071,0.0115,1.6689
3551,19:31:36.045,2066,0.0090,1.6649
3552,19:31:36.046,2068,0.0100,1.6665
3553,19:31:36.046,2079,0.0154,1.6754
3554,19:31:36.047,2073,0.0125,1.6705
3555,19:31:36.047,2069,0.0105,1.6673
3556,19:31:36.048,2061,0.0066,1.6609
3557,19:31:36.048,2061,0.0066,1.6609
3558,19:31:36.049,2086,0.0188,1.6810
3559,19:31:36.049,2081,0.0164,1.6770
3560,19:31:36.050,2060,0.0061,1.6601
3561,19:31:36.050,2076,0.0139,1.6730
3562,19:31:36.051,2094,0.0227,1.6875
3563,19:31:36.051,2092,0.0217,1.6859
3564,19:31:36.052,2044,-0.0017,1.6472
3565,19:31:36.052,2041,-0.0032,1.6448
3566,19:31:36.053,2074,0.0129,1.6714
3567,19:31:36.053,2071,0.0115,1.6689
3568,19:31:36.054,2085,0.0183,1.6802
3569,19:31:36.054,2053,0.0027,1.6544
3570,19:31:36.055,2097,0.0242,1.6899
3571,19:31:36.055,2085,0.0183,1.6802
3572,19:31:36.056,2085,0.0183,1.6802
3573,19:31:36.056,2054,0.0032,1.6552
3574,19:31:36.057,2037,-0.0051,1.6415
3575,19:31:36.057,2075,0.0134,1.6722
3576,19:31:36.058,2071,0.0115,1.6689
3577,19:31:36.058,2078,0.0149,1.6746
3578,19:31:36.059,2055,0.0037,1.6560
3579,19:31:36.059,2093,0.0222,1.6867
3580,19:31:36.060,2090,0.0208,1.6842
3581,19:31:36.060,2085,0.0183,1.6802
3582,19:31:36.061,2050,0.0012,1.6520
3583,19:31:36.061,2049,0.0007,1.6512
3584,19:31:36.062,2073,0.0125,1.6705
3585,19:31:36.062,2076,0.0139,1.6730
3586,19:31:36.063,2078,0.0149,1.6746
3587,19:31:36.063,2051,0.0017,1.6528
3588,19:31:36.064,2092,0.0217,1.6859
3589,19:31:36.064,2079,0.0154,1.6754
3590,19:31:36.065,2088,0.0198,1.6826
3591,19:31:36.065,2051,0.0017,1.6528
3592,19:31:36.066,2050,0.0012,1.6520
3593,19:31:36.066,2077,0.0144,1.6738
3594,19:31:36.067,2077,0.0144,1.6738
3595,19:31:36.067,2077,0.0144,1.6738
3596,19:31:36.068,2052,0.0022,1.6536
3597,19:31:36.068,2085,0.0183,1.6802
3598,19:31:36.069,2079,0.0154,1.6754
3599,19:31:36.069,2081,0.0164,1.6770
3600,19:31:36.070,2051,0.0017,1.6528
3601,19:31:36.070,2057,0.0046,1.6577
3602,19:31:36.071,2079,0.0154,1.6754
3603,19:31:36.071,2082,0.0168,1.6778
3604,19:31:36.072,2077,0.0144,1.6738
3605,19:31:36.072,2053,0.0027,1.6544
3606,19:31:36.073,2080,0.0159,1.6762
3607,19:31:36.073,2073,0.0125,1.6705
3608,19:31:36.074,2078,0.0149,1.6746
3609,19:31:36.074,2055,0.0037,1.6560
3610,19:31:36.075,2060,0.0061,1.6601
3611,19:31:36.075,2082,0.0168,1.6778
3612,19:31:36.076,2083,0.0173,1.6786
3613,19:31:36.076,2077,0.0144,1.6738
3614,19:31:36.077,2049,0.0007,1.6512
3615,19:31:36.077,2067,0.0095,1.6657
3616,19:31:36.078,2076,0.0139,1.6730
3617,19:31:36.078,2076,0.0139,1.6730
3618,19:31:36.079,2057,0.0046,1.6577
3619,19:31:36.079,2060,0.0061,1.6601
3620,19:31:36.080,2084,0.0178,1.6794
3621,19:31:36.080,2090,0.0208,1.6842
3622,19:31:36.081,2077,0.0144,1.6738
3623,19:31:36.081,2052,0.0022,1.6536
3624,19:31:36.082,2056,0.0042,1.6568
3625,19:31:36.082,2075,0.0134,1.6722
3626,19:31:36.083,2071,0.0115,1.6689
3627,19:31:36.083,2064,0.0081,1.6633
3628,19:31:36.084,2057,0.0046,1.6577
3629,19:31:36.084,2086,0.0188,1.6810
3630,19:31:36.085,2093,0.0222,1.6867
3631,19:31:36.085,2078,0.0149,1.6746
3632,19:31:36.086,2052,0.0022,1.6536
3633,19:31:36.086,2053,0.0027,1.6544
3634,19:31:36.087,2074,0.0129,1.6714
3635,19:31:36.087,2071,0.0115,1.6689
3636,19:31:36.088,2069,0.0105,1.6673
3637,19:31:36.088,2054,0.0032,1.6552
3638,19:31:36.089,2088,0.0198,1.6826
3639,19:31:36.089,2093,0.0222,1.6867
3640,19:31:36.090,2081,0.0164,1.6770
3641,19:31:36.090,2050,0.0012,1.6520
3642,19:31:36.091,2053,0.0027,1.6544
3643,19:31:36.091,2075,0.0134,1.6722
3644,19:31:36.092,2072,0.0120,1.6697
3645,19:31:36.092,2071,0.0115,1.6689
3646,19:31:36.093,2058,0.0051,1.6585
3647,19:31:36.093,2085,0.0183,1.6802
3648,19:31:36.094,2089,0.0203,1.6834
3649,19:31:36.094,2081,0.0164,1.6770
3650,19:31:36.095,2051,0.0017,1.6528
3651,19:31:36.095,2052,0.0022,1.6536
3652,19:31:36.096,2078,0.0149,1.6746
3653,19:31:36.096,2073,0.0125,1.6705
3654,19:31:36.097,2073,0.0125,1.6705
3655,19:31:36.097,2059,0.0056,1.6593
3656,19:31:36.098,2086,0.0188,1.6810
3657,19:31:36.098,2086,0.0188,1.6810
3658,19:31:36.099,2083,0.0173,1.6786
3659,19:31:36.099,2053,0.0027,1.6544
3660,19:31:36.100,2060,0.0061,1.6601
3661,19:31:36.100,2079,0.0154,1.6754
3662,19:31:36.101,2079,0.0154,1.6754
3663,19:31:36.101,2075,0.0134,1.6722
3664,19:31:36.102,2059,0.0056,1.6593
3665,19:31:36.102,2083,0.0173,1.6786
3666,19:31:36.103,2079,0.0154,1.6754
3667,19:31:36.103,2083,0.0173,1.6786
3668,19:31:36.104,2056,0.0042,1.6568
3669,19:31:36.104,2063,0.0076,1.6625
3670,19:31:36.105,2080,0.0159,1.6762
3671,19:31:36.105,2080,0.0159,1.6762
3672,19:31:36.106,2074,0.0129,1.6714
3673,19:31:36.106,2055,0.0037,1.6560
3674,19:31:36.107,2081,0.0164,1.6770
3675,19:31:36.107,2078,0.0149,1.6746
3676,19:31:36.108,2082,0.0168,1.6778
3677,19:31:36.108,2060,0.0061,1.6601
3678,19:31:36.109,2066,0.0090,1.6649
3679,19:31:36.109,2082,0.0168,1.6778
3680,19:31:36.110,2084,0.0178,1.6794
3681,19:31:36.110,2076,0.0139,1.6730
3682,19:31:36.111,2055,0.0037,1.6560
3683,19:31:36.111,2073,0.0125,1.6705
3684,19:31:36.112,2072,0.0120,1.6697
3685,19:31:36.112,2081,0.0164,1.6770
3686,19:31:36.113,2062,0.0071,1.6617
3687,19:31:36.113,2068,0.0100,1.6665
3688,19:31:36.114,2079,0.0154,1.6754
3689,19:31:36.114,2083,0.0173,1.6786
3690,19:31:36.115,2077,0.0144,1.6738
3691,19:31:36.115,2057,0.0046,1.6577
3692,19:31:36.116,2071,0.0115,1.6689
3693,19:31:36.116,2075,0.0134,1.6722
3694,19:31:36.117,2074,0.0129,1.6714
3695,19:31:36.117,2062,0.0071,1.6617
3696,19:31:36.118,2062,0.0071,1.6617
3697,19:31:36.118,2082,0.0168,1.6778
3698,19:31:36.119,2087,0.0193,1.6818
3699,19:31:36.119,2077,0.0144,1.6738
3700,19:31:36.120,2056,0.0042,1.6568
3701,19:31:36.120,2066,0.0090,1.6649
3702,19:31:36.121,2077,0.0144,1.6738
3703,19:31:36.121,2075,0.0134,1.6722
3704,19:31:36.122,2065,0.0085,1.6641
3705,19:31:36.122,2062,0.0071,1.6617
3706,19:31:36.123,2085,0.0183,1.6802
3707,19:31:36.123,2090,0.0208,1.6842
3708,19:31:36.124,2078,0.0149,1.6746
3709,19:31:36.124,2057,0.0046,1.6577
3710,19:31:36.125,2061,0.0066,1.6609
3711,19:31:36.125,2076,0.0139,1.6730
3712,19:31:36.126,2072,0.0120,1.6697
3713,19:31:36.126,2072,0.0120,1.6697
3714,19:31:36.127,2062,0.0071,1.6617
3715,19:31:36.127,2083,0.0173,1.6786
3716,19:31:36.128,2089,0.0203,1.6834
3717,19:31:36.128,2078,0.0149,1.6746
3718,19:31:36.129,2053,0.0027,1.6544
3719,19:31:36.129,2055,0.0037,1.6560
3720,19:31:36.130,2073,0.0125,1.6705
3721,19:31:36.130,2067,0.0095,1.6657
3722,19:31:36.131,2072,0.0120,1.6697
3723,19:31:36.131,2060,0.0061,1.6601
3724,19:31:36.132,2083,0.0173,1.6786
3725,19:31:36.132,2087,0.0193,1.6818
3726,19:31:36.133,2080,0.0159,1.6762
3727,19:31:36.133,2053,0.0027,1.6544
3728,19:31:36.134,2056,0.0042,1.6568
3729,19:31:36.134,2073,0.0125,1.6705
3730,19:31:36.135,2071,0.0115,1.6689
3731,19:31:36.135,2074,0.0129,1.6714
3732,19:31:36.136,2056,0.0042,1.6568
3733,19:31:36.136,2079,0.0154,1.6754
3734,19:31:36.137,2082,0.0168,1.6778
3735,19:31:36.137,2081,0.0164,1.6770
3736,19:31:36.138,2056,0.0042,1.6568
3737,19:31:36.138,2057,0.0046,1.6577
3738,19:31:36.139,2076,0.0139,1.6730
3739,19:31:36.139,2071,0.0115,1.6689
3740,19:31:36.140,2072,0.0120,1.6697
3741,19:31:36.140,2060,0.0061,1.6601
3742,19:31:36.141,2077,0.0144,1.6738
3743,19:31:36.141,2081,0.0164,1.6770
3744,19:31:36.142,2084,0.0178,1.6794
3745,19:31:36.142,2059,0.0056,1.6593
3746,19:31:36.143,2058,0.0051,1.6585
3747,19:31:36.143,2073,0.0125,1.6705
3748,19:31:36.144,2073,0.0125,1.6705
3749,19:31:36.144,2072,0.0120,1.6697
3750,19:31:36.145,2058,0.0051,1.6585
3751,19:31:36.145,2076,0.0139,1.6730
3752,19:31:36.146,2074,0.0129,1.6714
3753,19:31:36.146,2082,0.0168,1.6778
3754,19:31:36.147,2059,0.0056,1.6593
3755,19:31:36.147,2062,0.0071,1.6617
3756,19:31:36.148,2073,0.0125,1.6705
3757,19:31:36.148,2079,0.0154,1.6754
3758,19:31:36.149,2068,0.0100,1.6665
3759,19:31:36.149,2059,0.0056,1.6593
3760,19:31:36.150,2070,0.0110,1.6681
3761,19:31:36.150,2071,0.0115,1.6689
3762,19:31:36.151,2082,0.0168,1.6778
3763,19:31:36.151,2061,0.0066,1.6609
3764,19:31:36.152,2064,0.0081,1.6633
3765,19:31:36.152,2081,0.0164,1.6770
3766,19:31:36.153,2084,0.0178,1.6794
3767,19:31:36.153,2074,0.0129,1.6714
3768,19:31:36.154,2060,0.0061,1.6601
3769,19:31:36.154,2070,0.0110,1.6681
3770,19:31:36.155,2070,0.0110,1.6681
3771,19:31:36.155,2079,0.0154,1.6754
3772,19:31:36.156,2064,0.0081,1.6633
3773,19:31:36.156,2071,0.0115,1.6689
3774,19:31:36.157,2079,0.0154,1.6754
3775,19:31:36.157,2086,0.0188,1.6810
3776,19:31:36.158,2073,0.0125,1.6705
3777,19:31:36.158,2054,0.0032,1.6552
3778,19:31:36.159,2067,0.0095,1.6657
3779,19:31:36.159,2070,0.0110,1.6681
3780,19:31:36.160,2077,0.0144,1.6738
3781,19:31:36.160,2064,0.0081,1.6633
3782,19:31:36.161,2068,0.0100,1.6665
3783,19:31:36.161,2081,0.0164,1.6770
3784,19:31:36.162,2085,0.0183,1.6802
3785,19:31:36.162,2077,0.0144,1.6738
3786,19:31:36.163,2055,0.0037,1.6560
3787,19:31:36.163,2067,0.0095,1.6657
3788,19:31:36.164,2071,0.0115,1.6689
3789,19:31:36.164,2072,0.0120,1.6697
3790,19:31:36.165,2067,0.0095,1.6657
3791,19:31:36.165,2067,0.0095,1.6657
3792,19:31:36.166,2085,0.0183,1.6802
3793,19:31:36.166,2087,0.0193,1.6818
3794,19:31:36.167,2082,0.0168,1.6778
3795,19:31:36.167,2054,0.0032,1.6552
3796,19:31:36.168,2061,0.0066,1.6609
3797,19:31:36.168,2071,0.0115,1.6689
3798,19:31:36.169,2068,0.0100,1.6665
3799,19:31:36.169,2067,0.0095,1.6657
3800,19:31:36.170,2066,0.0090,1.6649
3801,19:31:36.170,2080,0.0159,1.6762
3802,19:31:36.171,2083,0.0173,1.6786
3803,19:31:36.171,2080,0.0159,1.6762
3804,19:31:36.172,2058,0.0051,1.6585
3805,19:31:36.172,2060,0.0061,1.6601
3806,19:31:36.173,2074,0.0129,1.6714
3807,19:31:36.173,2068,0.0100,1.6665
3808,19:31:36.174,2069,0.0105,1.6673
3809,19:31:36.174,2063,0.0076,1.6625
3810,19:31:36.175,2082,0.0168,1.6778
3811,19:31:36.175,2083,0.0173,1.6786
3812,19:31:36.176,2081,0.0164,1.6770
3813,19:31:36.176,2056,0.0042,1.6568
3814,19:31:36.177,2061,0.0066,1.6609
3815,19:31:36.177,2074,0.0129,1.6714
3816,19:31:36.178,2070,0.0110,1.6681
3817,19:31:36.178,2071,0.0115,1.6689
3818,19:31:36.179,2061,0.0066,1.6609
3819,19:31:36.179,2076,0.0139,1.6730
3820,19:31:36.180,2079,0.0154,1.6754
3821,19:31:36.180,2081,0.0164,1.6770
3822,19:31:36.181,2062,0.0071,1.6617
3823,19:31:36.181,2062,0.0071,1.6617
3824,19:31:36.182,2075,0.0134,1.6722
3825,19:31:36.182,2075,0.0134,1.6722
3826,19:31:36.183,2070,0.0110,1.6681
3827,19:31:36.183,2059,0.0056,1.6593
3828,19:31:36.184,2076,0.0139,1.6730
3829,19:31:36.184,2073,0.0125,1.6705
3830,19:31:36.185,2081,0.0164,1.6770
3831,19:31:36.185,2062,0.0071,1.6617
3832,19:31:36.186,2064,0.0081,1.6633
3833,19:31:36.186,2076,0.0139,1.6730
3834,19:31:36.187,2074,0.0129,1.6714
3835,19:31:36.187,2067,0.0095,1.6657
3836,19:31:36.188,2059,0.0056,1.6593
3837,19:31:36.188,2072,0.0120,1.6697
3838,19:31:36.189,2070,0.0110,1.6681
3839,19:31:36.189,2076,0.0139,1.6730
3840,19:31:36.190,2060,0.0061,1.6601
3841,19:31:36.190,2066,0.0090,1.6649
3842,19:31:36.191,2076,0.0139,1.6730
3843,19:31:36.191,2079,0.0154,1.6754
3844,19:31:36.192,2070,0.0110,1.6681
3845,19:31:36.192,2058,0.0051,1.6585
3846,19:31:36.193,2072,0.0120,1.6697
3847,19:31:36.193,2072,0.0120,1.6697
3848,19:31:36.194,2074,0.0129,1.6714
3849,19:31:36.194,2063,0.0076,1.6625
3850,19:31:36.195,2071,0.0115,1.6689
3851,19:31:36.195,2075,0.0134,1.6722
3852,19:31:36.196,2082,0.0168,1.6778
3853,19:31:36.196,2072,0.0120,1.6697
3854,19:31:36.197,2057,0.0046,1.6577
3855,19:31:36.197,2069,0.0105,1.6673
3856,19:31:36.198,2070,0.0110,1.6681
3857,19:31:36.198,2074,0.0129,1.6714
3858,19:31:36.199,2060,0.0061,1.6601
3859,19:31:36.199,2074,0.0129,1.6714
3860,19:31:36.200,2078,0.0149,1.6746
3861,19:31:36.200,2084,0.0178,1.6794
3862,19:31:36.201,2075,0.0134,1.6722
3863,19:31:36.201,2061,0.0066,1.6609
3864,19:31:36.202,2069,0.0105,1.6673
3865,19:31:36.202,2069,0.0105,1.6673
3866,19:31:36.203,2071,0.0115,1.6689
3867,19:31:36.203,2060,0.0061,1.6601
3868,19:31:36.204,2071,0.0115,1.6689
3869,19:31:36.204,2082,0.0168,1.6778
3870,19:31:36.205,2084,0.0178,1.6794
3871,19:31:36.205,2078,0.0149,1.6746
3872,19:31:36.206,2062,0.0071,1.6617
3873,19:31:36.206,2071,0.0115,1.6689
3874,19:31:36.207,2066,0.0090,1.6649
3875,19:31:36.207,2073,0.0125,1.6705
3876,19:31:36.208,2062,0.0071,1.6617
3877,19:31:36.208,2070,0.0110,1.6681
3878,19:31:36.209,2080,0.0159,1.6762
3879,19:31:36.209,2081,0.0164,1.6770
3880,19:31:36.210,2080,0.0159,1.6762
3881,19:31:36.210,2062,0.0071,1.6617
3882,19:31:36.211,2066,0.0090,1.6649
3883,19:31:36.211,2068,0.0100,1.6665
3884,19:31:36.212,2073,0.0125,1.6705
3885,19:31:36.212,2066,0.0090,1.6649
3886,19:31:36.213,2067,0.0095,1.6657
3887,19:31:36.213,2077,0.0144,1.6738
3888,19:31:36.214,2081,0.0164,1.6770
3889,19:31:36.214,2078,0.0149,1.6746
3890,19:31:36.215,2062,0.0071,1.6617
3891,19:31:36.215,2068,0.0100,1.6665
3892,19:31:36.216,2073,0.0125,1.6705
3893,19:31:36.216,2075,0.0134,1.6722
3894,19:31:36.217,2070,0.0110,1.6681
3895,19:31:36.217,2067,0.0095,1.6657
3896,19:31:36.218,2078,0.0149,1.6746
3897,19:31:36.218,2075,0.0134,1.6722
3898,19:31:36.219,2078,0.0149,1.6746
3899,19:31:36.219,2061,0.0066,1.6609
3900,19:31:36.220,2064,0.0081,1.6633
3901,19:31:36.220,2072,0.0120,1.6697
3902,19:31:36.221,2076,0.0139,1.6730
3903,19:31:36.221,2072,0.0120,1.6697
3904,19:31:36.222,2063,0.0076,1.6625
3905,19:31:36.222,2077,0.0144,1.6738
3906,19:31:36.223,2073,0.0125,1.6705
3907,19:31:36.223,2076,0.0139,1.6730
3908,19:31:36.224,2062,0.0071,1.6617
3909,19:31:36.224,2065,0.0085,1.6641
3910,19:31:36.225,2078,0.0149,1.6746
3911,19:31:36.225,2075,0.0134,1.6722
3912,19:31:36.226,2075,0.0134,1.6722
3913,19:31:36.226,2061,0.0066,1.6609
3914,19:31:36.227,2074,0.0129,1.6714
3915,19:31:36.227,2069,0.0105,1.6673
3916,19:31:36.228,2079,0.0154,1.6754
3917,19:31:36.228,2062,0.0071,1.6617
3918,19:31:36.229,2067,0.0095,1.6657
3919,19:31:36.229,2076,0.0139,1.6730
3920,19:31:36.230,2079,0.0154,1.6754
3921,19:31:36.230,2075,0.0134,1.6722
3922,19:31:36.231,2056,0.0042,1.6568
3923,19:31:36.231,2073,0.0125,1.6705
3924,19:31:36.232,2069,0.0105,1.6673
3925,19:31:36.232,2076,0.0139,1.6730
3926,19:31:36.233,2061,0.0066,1.6609
3927,19:31:36.233,2068,0.0100,1.6665
3928,19:31:36.234,2080,0.0159,1.6762
3929,19:31:36.234,2082,0.0168,1.6778
3930,19:31:36.235,2073,0.0125,1.6705
3931,19:31:36.235,2057,0.0046,1.6577
3932,19:31:36.236,2070,0.0110,1.6681
3933,19:31:36.236,2069,0.0105,1.6673
3934,19:31:36.237,2070,0.0110,1.6681
3935,19:31:36.237,2058,0.0051,1.6585
3936,19:31:36.238,2071,0.0115,1.6689
3937,19:31:36.238,2079,0.0154,1.6754
3938,19:31:36.239,2082,0.0168,1.6778
3939,19:31:36.239,2070,0.0110,1.6681
3940,19:31:36.240,2058,0.0051,1.6585
3941,19:31:36.240,2070,0.0110,1.6681
3942,19:31:36.241,2067,0.0095,1.6657
3943,19:31:36.241,2071,0.0115,1.6689
3944,19:31:36.242,2063,0.0076,1.6625
3945,19:31:36.242,2074,0.0129,1.6714
3946,19:31:36.243,2080,0.0159,1.6762
3947,19:31:36.243,2081,0.0164,1.6770
3948,19:31:36.244,2071,0.0115,1.6689
3949,19:31:36.244,2062,0.0071,1.6617
3950,19:31:36.245,2068,0.0100,1.6665
3951,19:31:36.245,2066,0.0090,1.6649
3952,19:31:36.246,2072,0.0120,1.6697
3953,19:31:36.246,2061,0.0066,1.6609
3954,19:31:36.247,2074,0.0129,1.6714
3955,19:31:36.247,2078,0.0149,1.6746
3956,19:31:36.248,2081,0.0164,1.6770
3957,19:31:36.248,2075,0.0134,1.6722
3958,19:31:36.249,2061,0.0066,1.6609
3959,19:31:36.249,2070,0.0110,1.6681
3960,19:31:36.250,2065,0.0085,1.6641
3961,19:31:36.250,2074,0.0129,1.6714
3962,19:31:36.251,2063,0.0076,1.6625
3963,19:31:36.251,2073,0.0125,1.6705
3964,19:31:36.252,2080,0.0159,1.6762
3965,19:31:36.252,2076,0.0139,1.6730
3966,19:31:36.253,2077,0.0144,1.6738
3967,19:31:36.253,2065,0.0085,1.6641
3968,19:31:36.254,2067,0.0095,1.6657
3969,19:31:36.254,2072,0.0120,1.6697
3970,19:31:36.255,2074,0.0129,1.6714
3971,19:31:36.255,2067,0.0095,1.6657
3972,19:31:36.256,2067,0.0095,1.6657
3973,19:31:36.256,2079,0.0154,1.6754
3974,19:31:36.257,2078,0.0149,1.6746
3975,19:31:36.257,2080,0.0159,1.6762
3976,19:31:36.258,2061,0.0066,1.6609
3977,19:31:36.258,2067,0.0095,1.6657
3978,19:31:36.259,2072,0.0120,1.6697
3979,19:31:36.259,2073,0.0125,1.6705
3980,19:31:36.260,2070,0.0110,1.6681
3981,19:31:36.260,2061,0.0066,1.6609
3982,19:31:36.261,2077,0.0144,1.6738
3983,19:31:36.261,2072,0.0120,1.6697
3984,19:31:36.262,2080,0.0159,1.6762
3985,19:31:36.262,2059,0.0056,1.6593
3986,19:31:36.263,2071,0.0115,1.6689
3987,19:31:36.263,2077,0.0144,1.6738
3988,19:31:36.264,2078,0.0149,1.6746
3989,19:31:36.264,2074,0.0129,1.6714
3990,19:31:36.265,2057,0.0046,1.6577
3991,19:31:36.265,2081,0.0164,1.6770
3992,19:31:36.266,2070,0.0110,1.6681
3993,19:31:36.266,2084,0.0178,1.6794
3994,19:31:36.267,2057,0.0046,1.6577
3995,19:31:36.267,2072,0.0120,1.6697
3996,19:31:36.268,2078,0.0149,1.6746
3997,19:31:36.268,2079,0.0154,1.6754
3998,19:31:36.269,2078,0.0149,1.6746
3999,19:31:36.269,2053,0.0027,1.6544
4000,19:31:36.270,2083,0.0173,1.6786
4001,19:31:36.270,2065,0.0085,1.6641
4002,19:31:36.271,2077,0.0144,1.6738
4003,19:31:36.271,2058,0.0051,1.6585
4004,19:31:36.272,2066,0.0090,1.6649
4005,19:31:36.272,2082,0.0168,1.6778
4006,19:31:36.273,2073,0.0125,1.6705
4007,19:31:36.273,2078,0.0149,1.6746
4008,19:31:36.274,2052,0.0022,1.6536
4009,19:31:36.274,2081,0.0164,1.6770
4010,19:31:36.275,2077,0.0144,1.6738
4011,19:31:36.275,2066,0.0090,1.6649
4012,19:31:36.276,2069,0.0105,1.6673
4013,19:31:36.276,2064,0.0081,1.6633
4014,19:31:36.277,2082,0.0168,1.6778
4015,19:31:36.277,2068,0.0100,1.6665
4016,19:31:36.278,2069,0.0105,1.6673
4017,19:31:36.278,2066,0.0090,1.6649
4018,19:31:36.279,2074,0.0129,1.6714
4019,19:31:36.279,2075,0.0134,1.6722
4020,19:31:36.280,2065,0.0085,1.6641
4021,19:31:36.280,2068,0.0100,1.6665
4022,19:31:36.281,2072,0.0120,1.6697
4023,19:31:36.281,2074,0.0129,1.6714
4024,19:31:36.282,2068,0.0100,1.6665
4025,19:31:36.282,2065,0.0085,1.6641
4026,19:31:36.283,2068,0.0100,1.6665
4027,19:31:36.283,2075,0.0134,1.6722
4028,19:31:36.284,2076,0.0139,1.6730
4029,19:31:36.284,2065,0.0085,1.6641
4030,19:31:36.285,2072,0.0120,1.6697
4031,19:31:36.285,2074,0.0129,1.6714
4032,19:31:36.286,2076,0.0139,1.6730
4033,19:31:36.286,2070,0.0110,1.6681
4034,19:31:36.287,2064,0.0081,1.6633
4035,19:31:36.287,2072,0.0120,1.6697
4036,19:31:36.288,2071,0.0115,1.6689
4037,19:31:36.288,2072,0.0120,1.6697
4038,19:31:36.289,2066,0.0090,1.6649
4039,19:31:36.289,2071,0.0115,1.6689
4040,19:31:36.290,2073,0.0125,1.6705
4041,19:31:36.290,2072,0.0120,1.6697
4042,19:31:36.291,2071,0.0115,1.6689
4043,19:31:36.291,2067,0.0095,1.6657
4044,19:31:36.292,2069,0.0105,1.6673
4045,19:31:36.292,2072,0.0120,1.6697
4046,19:31:36.293,2073,0.0125,1.6705
4047,19:31:36.293,2069,0.0105,1.6673
4048,19:31:36.294,2068,0.0100,1.6665
4049,19:31:36.294,2072,0.0120,1.6697
4050,19:31:36.295,2068,0.0100,1.6665
4051,19:31:36.295,2070,0.0110,1.6681
4052,19:31:36.296,2069,0.0105,1.6673
4053,19:31:36.296,2068,0.0100,1.6665
4054,19:31:36.297,2072,0.0120,1.6697
4055,19:31:36.297,2074,0.0129,1.6714
4056,19:31:36.298,2067,0.0095,1.6657
4057,19:31:36.298,2069,0.0105,1.6673
4058,19:31:36.299,2074,0.0129,1.6714
4059,19:31:36.299,2072,0.0120,1.6697
4060,19:31:36.300,2071,0.0115,1.6689
4061,19:31:36.300,2068,0.0100,1.6665
4062,19:31:36.301,2070,0.0110,1.6681
4063,19:31:36.301,2072,0.0120,1.6697
4064,19:31:36.302,2071,0.0115,1.6689
4065,19:31:36.302,2070,0.0110,1.6681
4066,19:31:36.303,2071,0.0115,1.6689
4067,19:31:36.303,2075,0.0134,1.6722
4068,19:31:36.304,2068,0.0100,1.6665
4069,19:31:36.304,2070,0.0110,1.6681
4070,19:31:36.305,2066,0.0090,1.6649
4071,19:31:36.305,2073,0.0125,1.6705
4072,19:31:36.306,2072,0.0120,1.6697
4073,19:31:36.306,2071,0.0115,1.6689
4074,19:31:36.307,2071,0.0115,1.6689
4075,19:31:36.307,2071,0.0115,1.6689
4076,19:31:36.308,2073,0.0125,1.6705
4077,19:31:36.308,2074,0.0129,1.6714
4078,19:31:36.309,2069,0.0105,1.6673
4079,19:31:36.309,2069,0.0105,1.6673
4080,19:31:36.310,2072,0.0120,1.6697
4081,19:31:36.310,2074,0.0129,1.6714
4082,19:31:36.311,2070,0.0110,1.6681
4083,19:31:36.311,2069,0.0105,1.6673
4084,19:31:36.312,2069,0.0105,1.6673
4085,19:31:36.312,2070,0.0110,1.6681
4086,19:31:36.313,2072,0.0120,1.6697
4087,19:31:36.313,2070,0.0110,1.6681
4088,19:31:36.314,2067,0.0095,1.6657
4089,19:31:36.314,2069,0.0105,1.6673
4090,19:31:36.315,2073,0.0125,1.6705
4091,19:31:36.315,2074,0.0129,1.6714
4092,19:31:36.316,2071,0.0115,1.6689
4093,19:31:36.316,2068,0.0100,1.6665
4094,19:31:36.317,2072,0.0120,1.6697
4095,19:31:36.317,2068,0.0100,1.6665
4096,19:31:36.318,2072,0.0120,1.6697
4097,19:31:36.318,2071,0.0115,1.6689
4098,19:31:36.319,2069,0.0105,1.6673
4099,19:31:36.319,2071,0.0115,1.6689
4100,19:31:36.320,2072,0.0120,1.6697
4101,19:31:36.320,2072,0.0120,1.6697
4102,19:31:36.321,2069,0.0105,1.6673
4103,19:31:36.321,2068,0.0100,1.6665
4104,19:31:36.322,2072,0.0120,1.6697
4105,19:31:36.322,2068,0.0100,1.6665
4106,19:31:36.323,2068,0.0100,1.6665
4107,19:31:36.323,2072,0.0120,1.6697
4108,19:31:36.324,2075,0.0134,1.6722
4109,19:31:36.324,2071,0.0115,1.6689
4110,19:31:36.325,2072,0.0120,1.6697
4111,19:31:36.325,2067,0.0095,1.6657
4112,19:31:36.326,2070,0.0110,1.6681
4113,19:31:36.326,2072,0.0120,1.6697
4114,19:31:36.327,2071,0.0115,1.6689
4115,19:31:36.327,2073,0.0125,1.6705
4116,19:31:36.328,2068,0.0100,1.6665
4117,19:31:36.328,2074,0.0129,1.6714
4118,19:31:36.329,2073,0.0125,1.6705
4119,19:31:36.329,2073,0.0125,1.6705
4120,19:31:36.330,2067,0.0095,1.6657
4121,19:31:36.330,2071,0.0115,1.6689
4122,19:31:36.331,2072,0.0120,1.6697
4123,19:31:36.331,2074,0.0129,1.6714
4124,19:31:36.332,2072,0.0120,1.6697
4125,19:31:36.332,2070,0.0110,1.6681
4126,19:31:36.333,2072,0.0120,1.6697
4127,19:31:36.333,2072,0.0120,1.6697
4128,19:31:36.334,2073,0.0125,1.6705
4129,19:31:36.334,2071,0.0115,1.6689
4130,19:31:36.335,2071,0.0115,1.6689
4131,19:31:36.335,2073,0.0125,1.6705
4132,19:31:36.336,2074,0.0129,1.6714
4133,19:31:36.336,2072,0.0120,1.6697
4134,19:31:36.337,2071,0.0115,1.6689
4135,19:31:36.337,2072,0.0120,1.6697
4136,19:31:36.338,2074,0.0129,1.6714
4137,19:31:36.338,2071,0.0115,1.6689
4138,19:31:36.339,2070,0.0110,1.6681
4139,19:31:36.339,2072,0.0120,1.6697
4140,19:31:36.340,2075,0.0134,1.6722
4141,19:31:36.340,2073,0.0125,1.6705
4142,19:31:36.341,2073,0.0125,1.6705
4143,19:31:36.341,2067,0.0095,1.6657
4144,19:31:36.342,2070,0.0110,1.6681
4145,19:31:36.342,2075,0.0134,1.6722
4146,19:31:36.343,2073,0.0125,1.6705
4147,19:31:36.343,2070,0.0110,1.6681
4148,19:31:36.344,2066,0.0090,1.6649
4149,19:31:36.344,2070,0.0110,1.6681
4150,19:31:36.345,2101,0.0261,1.6931
4151,19:31:36.345,2052,0.0022,1.6536
4152,19:31:36.346,2045,-0.0012,1.6480
4153,19:31:36.346,2101,0.0261,1.6931
4154,19:31:36.347,2085,0.0183,1.6802
4155,19:31:36.347,2090,0.0208,1.6842
4156,19:31:36.348,2023,-0.0120,1.6303
4157,19:31:36.348,2075,0.0134,1.6722
4158,19:31:36.349,2082,0.0168,1.6778
4159,19:31:36.349,2104,0.0276,1.6955
4160,19:31:36.350,2043,-0.0022,1.6464
4161,19:31:36.350,2048,0.0002,1.6504
4162,19:31:36.351,2120,0.0354,1.7084
4163,19:31:36.351,2069,0.0105,1.6673
4164,19:31:36.352,2098,0.0247,1.6907
4165,19:31:36.352,2012,-0.0173,1.6214
4166,19:31:36.353,2083,0.0173,1.6786
4167,19:31:36.353,2083,0.0173,1.6786
4168,19:31:36.354,2109,0.0300,1.6996
4169,19:31:36.354,2055,0.0037,1.6560
4170,19:31:36.355,2028,-0.0095,1.6343
4171,19:31:36.355,2131,0.0408,1.7173
4172,19:31:36.356,2067,0.0095,1.6657
4173,19:31:36.356,2084,0.0178,1.6794
4174,19:31:36.357,2009,-0.0188,1.6190
4175,19:31:36.357,2076,0.0139,1.6730
4176,19:31:36.358,2096,0.0237,1.6891
4177,19:31:36.358,2107,0.0291,1.6979
4178,19:31:36.359,2062,0.0071,1.6617
4179,19:31:36.359,2025,-0.0110,1.6319
4180,19:31:36.360,2123,0.0369,1.7108
4181,19:31:36.360,2070,0.0110,1.6681
4182,19:31:36.361,2073,0.0125,1.6705
4183,19:31:36.361,2018,-0.0144,1.6262
4184,19:31:36.362,2076,0.0139,1.6730
4185,19:31:36.362,2102,0.0266,1.6939
4186,19:31:36.363,2107,0.0291,1.6979
4187,19:31:36.363,2070,0.0110,1.6681
4188,19:31:36.364,2021,-0.0129,1.6286
4189,19:31:36.364,2112,0.0315,1.7020
4190,19:31:36.365,2070,0.0110,1.6681
4191,19:31:36.365,2068,0.0100,1.6665
4192,19:31:36.366,2021,-0.0129,1.6286
4193,19:31:36.366,2075,0.0134,1.6722
4194,19:31:36.367,2104,0.0276,1.6955
4195,19:31:36.367,2101,0.0261,1.6931
4196,19:31:36.368,2080,0.0159,1.6762
4197,19:31:36.368,2023,-0.0120,1.6303
4198,19:31:36.369,2106,0.0286,1.6971
4199,19:31:36.369,2071,0.0115,1.6689
4200,19:31:36.370,2063,0.0076,1.6625
4201,19:31:36.370,2027,-0.0100,1.6335
4202,19:31:36.371,2074,0.0129,1.6714
4203,19:31:36.371,2106,0.0286,1.6971
4204,19:31:36.372,2094,0.0227,1.6875
4205,19:31:36.372,2075,0.0134,1.6722
4206,19:31:36.373,2021,-0.0129,1.6286
4207,19:31:36.373,2095,0.0232,1.6883
4208,19:31:36.374,2077,0.0144,1.6738
4209,19:31:36.374,2075,0.0134,1.6722
4210,19:31:36.375,2030,-0.0085,1.6359
4211,19:31:36.375,2072,0.0120,1.6697
4212,19:31:36.376,2115,0.0330,1.7044
4213,19:31:36.376,2087,0.0193,1.6818
4214,19:31:36.377,2083,0.0173,1.6786
4215,19:31:36.377,2023,-0.0120,1.6303
4216,19:31:36.378,2097,0.0242,1.6899
4217,19:31:36.378,2077,0.0144,1.6738
4218,19:31:36.379,2073,0.0125,1.6705
4219,19:31:36.379,2032,-0.0076,1.6375
4220,19:31:36.380,2067,0.0095,1.6657
4221,19:31:36.380,2121,0.0359,1.7092
4222,19:31:36.381,2076,0.0139,1.6730
4223,19:31:36.381,2081,0.0164,1.6770
4224,19:31:36.382,2015,-0.0159,1.6238
4225,19:31:36.382,2092,0.0217,1.6859
4226,19:31:36.383,2088,0.0198,1.6826
4227,19:31:36.383,2077,0.0144,1.6738
4228,19:31:36.384,2034,-0.0066,1.6391
4229,19:31:36.384,2056,0.0042,1.6568
4230,19:31:36.385,2122,0.0364,1.7100
4231,19:31:36.385,2071,0.0115,1.6689
4232,19:31:36.386,2076,0.0139,1.6730
4233,19:31:36.386,2018,-0.0144,1.6262
4234,19:31:36.387,2091,0.0212,1.6851
4235,19:31:36.387,2085,0.0183,1.6802
4236,19:31:36.388,2078,0.0149,1.6746
4237,19:31:36.388,2045,-0.0012,1.6480
4238,19:31:36.389,2052,0.0022,1.6536
4239,19:31:36.389,2119,0.0349,1.7076
4240,19:31:36.390,2062,0.0071,1.6617
4241,19:31:36.390,2072,0.0120,1.6697
4242,19:31:36.391,2019,-0.0139,1.6270
4243,19:31:36.391,2087,0.0193,1.6818
4244,19:31:36.392,2091,0.0212,1.6851
4245,19:31:36.392,2082,0.0168,1.6778
4246,19:31:36.393,2053,0.0027,1.6544
4247,19:31:36.393,2040,-0.0037,1.6440
4248,19:31:36.394,2120,0.0354,1.7084
4249,19:31:36.394,2063,0.0076,1.6625
4250,19:31:36.395,2069,0.0105,1.6673
4251,19:31:36.395,2024,-0.0115,1.6311
4252,19:31:36.396,2079,0.0154,1.6754
4253,19:31:36.396,2093,0.0222,1.6867
4254,19:31:36.397,2084,0.0178,1.6794
4255,19:31:36.397,2065,0.0085,1.6641
4256,19:31:36.398,2031,-0.0081,1.6367
4257,19:31:36.398,2113,0.0320,1.7028
4258,19:31:36.399,2060,0.0061,1.6601
4259,19:31:36.399,2065,0.0085,1.6641
4260,19:31:36.400,2029,-0.0090,1.6351
4261,19:31:36.400,2072,0.0120,1.6697
4262,19:31:36.401,2097,0.0242,1.6899
4263,19:31:36.401,2086,0.0188,1.6810
4264,19:31:36.402,2075,0.0134,1.6722
4265,19:31:36.402,2028,-0.0095,1.6343
4266,19:31:36.403,2105,0.0281,1.6963
4267,19:31:36.403,2062,0.0071,1.6617
4268,19:31:36.404,2061,0.0066,1.6609
4269,19:31:36.404,2033,-0.0071,1.6383
4270,19:31:36.405,2068,0.0100,1.6665
4271,19:31:36.405,2101,0.0261,1.6931
4272,19:31:36.406,2090,0.0208,1.6842
4273,19:31:36.406,2084,0.0178,1.6794
4274,19:31:36.407,2023,-0.0120,1.6303
4275,19:31:36.407,2088,0.0198,1.6826
4276,19:31:36.408,2063,0.0076,1.6625
4277,19:31:36.408,2066,0.0090,1.6649
4278,19:31:36.409,2039,-0.0042,1.6432
4279,19:31:36.409,2062,0.0071,1.6617
4280,19:31:36.410,2108,0.0295,1.6988
4281,19:31:36.410,2085,0.0183,1.6802
4282,19:31:36.411,2088,0.0198,1.6826
4283,19:31:36.411,2023,-0.0120,1.6303
4284,19:31:36.412,2078,0.0149,1.6746
4285,19:31:36.412,2068,0.0100,1.6665
4286,19:31:36.413,2070,0.0110,1.6681
4287,19:31:36.413,2045,-0.0012,1.6480
4288,19:31:36.414,2057,0.0046,1.6577
4289,19:31:36.414,2110,0.0305,1.7004
4290,19:31:36.415,2082,0.0168,1.6778
4291,19:31:36.415,2091,0.0212,1.6851
4292,19:31:36.416,2015,-0.0159,1.6238
4293,19:31:36.416,2074,0.0129,1.6714
4294,19:31:36.417,2075,0.0134,1.6722
4295,19:31:36.417,2074,0.0129,1.6714
4296,19:31:36.418,2044,-0.0017,1.6472
4297,19:31:36.418,2050,0.0012,1.6520
4298,19:31:36.419,2117,0.0339,1.7060
4299,19:31:36.419,2081,0.0164,1.6770
4300,19:31:36.420,2094,0.0227,1.6875
4301,19:31:36.420,2017,-0.0149,1.6254
4302,19:31:36.421,2072,0.0120,1.6697
4303,19:31:36.421,2081,0.0164,1.6770
4304,19:31:36.422,2082,0.0168,1.6778
4305,19:31:36.422,2052,0.0022,1.6536
4306,19:31:36.423,2040,-0.0037,1.6440
4307,19:31:36.423,2121,0.0359,1.7092
4308,19:31:36.424,2076,0.0139,1.6730
4309,19:31:36.424,2093,0.0222,1.6867
4310,19:31:36.425,2016,-0.0154,1.6246
4311,19:31:36.425,2075,0.0134,1.6722
4312,19:31:36.426,2084,0.0178,1.6794
4313,19:31:36.426,2088,0.0198,1.6826
4314,19:31:36.427,2057,0.0046,1.6577
4315,19:31:36.427,2034,-0.0066,1.6391
4316,19:31:36.428,2122,0.0364,1.7100
4317,19:31:36.428,2069,0.0105,1.6673
4318,19:31:36.429,2085,0.0183,1.6802
4319,19:31:36.429,2020,-0.0134,1.6278
4320,19:31:36.430,2076,0.0139,1.6730
4321,19:31:36.430,2089,0.0203,1.6834
4322,19:31:36.431,2091,0.0212,1.6851
4323,19:31:36.431,2062,0.0071,1.6617
4324,19:31:36.432,2029,-0.0090,1.6351
4325,19:31:36.432,2122,0.0364,1.7100
4326,19:31:36.433,2065,0.0085,1.6641
4327,19:31:36.433,2083,0.0173,1.6786
4328,19:31:36.434,2022,-0.0125,1.6295
4329,19:31:36.434,2075,0.0134,1.6722
4330,19:31:36.435,2097,0.0242,1.6899
4331,19:31:36.435,2089,0.0203,1.6834
4332,19:31:36.436,2072,0.0120,1.6697
4333,19:31:36.436,2025,-0.0110,1.6319
4334,19:31:36.437,2115,0.0330,1.7044
4335,19:31:36.437,2062,0.0071,1.6617
4336,19:31:36.438,2078,0.0149,1.6746
4337,19:31:36.438,2031,-0.0081,1.6367
4338,19:31:36.439,2073,0.0125,1.6705
4339,19:31:36.439,2098,0.0247,1.6907
4340,19:31:36.440,2091,0.0212,1.6851
4341,19:31:36.440,2083,0.0173,1.6786
4342,19:31:36.441,2024,-0.0115,1.6311
4343,19:31:36.441,2100,0.0256,1.6923
4344,19:31:36.442,2062,0.0071,1.6617
4345,19:31:36.442,2071,0.0115,1.6689
4346,19:31:36.443,2032,-0.0076,1.6375
4347,19:31:36.443,2071,0.0115,1.6689
4348,19:31:36.444,2105,0.0281,1.6963
4349,19:31:36.444,2092,0.0217,1.6859
4350,19:31:36.445,2088,0.0198,1.6826
4351,19:31:36.445,2021,-0.0129,1.6286
4352,19:31:36.446,2089,0.0203,1.6834
4353,19:31:36.446,2068,0.0100,1.6665
4354,19:31:36.447,2073,0.0125,1.6705
4355,19:31:36.447,2043,-0.0022,1.6464
4356,19:31:36.448,2063,0.0076,1.6625
4357,19:31:36.448,2105,0.0281,1.6963
4358,19:31:36.449,2085,0.0183,1.6802
4359,19:31:36.449,2092,0.0217,1.6859
4360,19:31:36.450,2027,-0.0100,1.6335
4361,19:31:36.450,2077,0.0144,1.6738
4362,19:31:36.451,2070,0.0110,1.6681
4363,19:31:36.451,2072,0.0120,1.6697
4364,19:31:36.452,2051,0.0017,1.6528
4365,19:31:36.452,2055,0.0037,1.6560
4366,19:31:36.453,2110,0.0305,1.7004
4367,19:31:36.453,2083,0.0173,1.6786
4368,19:31:36.454,2090,0.0208,1.6842
4369,19:31:36.454,2025,-0.0110,1.6319
4370,19:31:36.455,2072,0.0120,1.6697
4371,19:31:36.455,2075,0.0134,1.6722
4372,19:31:36.456,2071,0.0115,1.6689
4373,19:31:36.456,2053,0.0027,1.6544
4374,19:31:36.457,2049,0.0007,1.6512
4375,19:31:36.457,2109,0.0300,1.6996
4376,19:31:36.458,2079,0.0154,1.6754
4377,19:31:36.458,2086,0.0188,1.6810
4378,19:31:36.459,2023,-0.0120,1.6303
4379,19:31:36.459,2064,0.0081,1.6633
4380,19:31:36.460,2080,0.0159,1.6762
4381,19:31:36.460,2077,0.0144,1.6738
4382,19:31:36.461,2062,0.0071,1.6617
4383,19:31:36.461,2039,-0.0042,1.6432
4384,19:31:36.462,2107,0.0291,1.6979
4385,19:31:36.462,2071,0.0115,1.6689
4386,19:31:36.463,2085,0.0183,1.6802
4387,19:31:36.463,2027,-0.0100,1.6335
4388,19:31:36.464,2062,0.0071,1.6617
4389,19:31:36.464,2087,0.0193,1.6818
4390,19:31:36.465,2081,0.0164,1.6770
4391,19:31:36.465,2066,0.0090,1.6649
4392,19:31:36.466,2037,-0.0051,1.6415
4393,19:31:36.466,2109,0.0300,1.6996
4394,19:31:36.467,2069,0.0105,1.6673
4395,19:31:36.467,2085,0.0183,1.6802
4396,19:31:36.468,2027,-0.0100,1.6335
4397,19:31:36.468,2062,0.0071,1.6617
4398,19:31:36.469,2092,0.0217,1.6859
4399,19:31:36.469,2079,0.0154,1.6754
4400,19:31:36.470,2071,0.0115,1.6689
4401,19:31:36.470,2030,-0.0085,1.6359
4402,19:31:36.471,2105,0.0281,1.6963
4403,19:31:36.471,2067,0.0095,1.6657
4404,19:31:36.472,2076,0.0139,1.6730
4405,19:31:36.472,2028,-0.0095,1.6343
4406,19:31:36.473,2065,0.0085,1.6641
4407,19:31:36.473,2096,0.0237,1.6891
4408,19:31:36.474,2083,0.0173,1.6786
4409,19:31:36.474,2077,0.0144,1.6738
4410,19:31:36.475,2030,-0.0085,1.6359
4411,19:31:36.475,2100,0.0256,1.6923
4412,19:31:36.476,2066,0.0090,1.6649
4413,19:31:36.476,2075,0.0134,1.6722
4414,19:31:36.477,2041,-0.0032,1.6448
4415,19:31:36.477,2067,0.0095,1.6657
4416,19:31:36.478,2095,0.0232,1.6883
4417,19:31:36.478,2082,0.0168,1.6778
4418,19:31:36.479,2083,0.0173,1.6786
4419,19:31:36.479,2028,-0.0095,1.6343
4420,19:31:36.480,2094,0.0227,1.6875
4421,19:31:36.480,2064,0.0081,1.6633
4422,19:31:36.481,2070,0.0110,1.6681
4423,19:31:36.481,2043,-0.0022,1.6464
4424,19:31:36.482,2068,0.0100,1.6665
4425,19:31:36.482,2102,0.0266,1.6939
4426,19:31:36.483,2085,0.0183,1.6802
4427,19:31:36.483,2085,0.0183,1.6802
4428,19:31:36.484,2027,-0.0100,1.6335
4429,19:31:36.484,2080,0.0159,1.6762
4430,19:31:36.485,2068,0.0100,1.6665
4431,19:31:36.485,2072,0.0120,1.6697
4432,19:31:36.486,2053,0.0027,1.6544
4433,19:31:36.486,2059,0.0056,1.6593
4434,19:31:36.487,2105,0.0281,1.6963
4435,19:31:36.487,2079,0.0154,1.6754
4436,19:31:36.488,2088,0.0198,1.6826
4437,19:31:36.488,2027,-0.0100,1.6335
4438,19:31:36.489,2071,0.0115,1.6689
4439,19:31:36.489,2069,0.0105,1.6673
4440,19:31:36.490,2071,0.0115,1.6689
4441,19:31:36.490,2060,0.0061,1.6601
4442,19:31:36.491,2056,0.0042,1.6568
4443,19:31:36.491,2111,0.0310,1.7012
4444,19:31:36.492,2077,0.0144,1.6738
4445,19:31:36.492,2089,0.0203,1.6834
4446,19:31:36.493,2027,-0.0100,1.6335
4447,19:31:36.493,2063,0.0076,1.6625
4448,19:31:36.494,2076,0.0139,1.6730
4449,19:31:36.494,2070,0.0110,1.6681
4450,19:31:36.495,2065,0.0085,1.6641
4451,19:31:36.495,2049,0.0007,1.6512
4452,19:31:36.496,2110,0.0305,1.7004
4453,19:31:36.496,2075,0.0134,1.6722
4454,19:31:36.497,2091,0.0212,1.6851
4455,19:31:36.497,2029,-0.0090,1.6351
4456,19:31:36.498,2055,0.0037,1.6560
4457,19:31:36.498,2082,0.0168,1.6778
4458,19:31:36.499,2074,0.0129,1.6714
4459,19:31:36.499,2073,0.0125,1.6705
4460,19:31:36.500,2039,-0.0042,1.6432
4461,19:31:36.500,2109,0.0300,1.6996
4462,19:31:36.501,2071,0.0115,1.6689
4463,19:31:36.501,2086,0.0188,1.6810
4464,19:31:36.502,2035,-0.0061,1.6399
4465,19:31:36.502,2055,0.0037,1.6560
4466,19:31:36.503,2085,0.0183,1.6802
4467,19:31:36.503,2075,0.0134,1.6722
4468,19:31:36.504,2077,0.0144,1.6738
4469,19:31:36.504,2032,-0.0076,1.6375
4470,19:31:36.505,2104,0.0276,1.6955
4471,19:31:36.505,2066,0.0090,1.6649
4472,19:31:36.506,2082,0.0168,1.6778
4473,19:31:36.506,2038,-0.0046,1.6423
4474,19:31:36.507,2057,0.0046,1.6577
4475,19:31:36.507,2092,0.0217,1.6859
4476,19:31:36.508,2076,0.0139,1.6730
4477,19:31:36.508,2084,0.0178,1.6794
4478,19:31:36.509,2030,-0.0085,1.6359
4479,19:31:36.509,2100,0.0256,1.6923
4480,19:31:36.510,2066,0.0090,1.6649
4481,19:31:36.510,2081,0.0164,1.6770
4482,19:31:36.511,2041,-0.0032,1.6448
4483,19:31:36.511,2061,0.0066,1.6609
4484,19:31:36.512,2098,0.0247,1.6907
4485,19:31:36.512,2080,0.0159,1.6762
4486,19:31:36.513,2084,0.0178,1.6794
4487,19:31:36.513,2032,-0.0076,1.6375
4488,19:31:36.514,2091,0.0212,1.6851
4489,19:31:36.514,2061,0.0066,1.6609
4490,19:31:36.515,2075,0.0134,1.6722
4491,19:31:36.515,2045,-0.0012,1.6480
4492,19:31:36.516,2062,0.0071,1.6617
4493,19:31:36.516,2100,0.0256,1.6923
4494,19:31:36.517,2078,0.0149,1.6746
4495,19:31:36.517,2083,0.0173,1.6786
4496,19:31:36.518,2033,-0.0071,1.6383
4497,19:31:36.518,2081,0.0164,1.6770
4498,19:31:36.519,2064,0.0081,1.6633
4499,19:31:36.519,2073,0.0125,1.6705
4500,19:31:36.520,2055,0.0037,1.6560
4501,19:31:36.520,2066,0.0090,1.6649
4502,19:31:36.521,2099,0.0252,1.6915
4503,19:31:36.521,2081,0.0164,1.6770
4504,19:31:36.522,2090,0.0208,1.6842
4505,19:31:36.522,2035,-0.0061,1.6399
4506,19:31:36.523,2071,0.0115,1.6689
4507,19:31:36.523,2064,0.0081,1.6633
4508,19:31:36.524,2071,0.0115,1.6689
4509,19:31:36.524,2058,0.0051,1.6585
4510,19:31:36.525,2061,0.0066,1.6609
4511,19:31:36.525,2103,0.0271,1.6947
4512,19:31:36.526,2077,0.0144,1.6738
4513,19:31:36.526,2088,0.0198,1.6826
4514,19:31:36.527,2034,-0.0066,1.6391
4515,19:31:36.527,2068,0.0100,1.6665
4516,19:31:36.528,2070,0.0110,1.6681
4517,19:31:36.528,2068,0.0100,1.6665
4518,19:31:36.529,2062,0.0071,1.6617
4519,19:31:36.529,2058,0.0051,1.6585
4520,19:31:36.530,2104,0.0276,1.6955
4521,19:31:36.530,2078,0.0149,1.6746
4522,19:31:36.531,2091,0.0212,1.6851
4523,19:31:36.531,2039,-0.0042,1.6432
4524,19:31:36.532,2061,0.0066,1.6609
4525,19:31:36.532,2073,0.0125,1.6705
4526,19:31:36.533,2071,0.0115,1.6689
4527,19:31:36.533,2070,0.0110,1.6681
4528,19:31:36.534,2049,0.0007,1.6512
4529,19:31:36.534,2101,0.0261,1.6931
4530,19:31:36.535,2075,0.0134,1.6722
4531,19:31:36.535,2089,0.0203,1.6834
4532,19:31:36.536,2040,-0.0037,1.6440
4533,19:31:36.536,2060,0.0061,1.6601
4534,19:31:36.537,2075,0.0134,1.6722
4535,19:31:36.537,2072,0.0120,1.6697
4536,19:31:36.538,2077,0.0144,1.6738
4537,19:31:36.538,2044,-0.0017,1.6472
4538,19:31:36.539,2101,0.0261,1.6931
4539,19:31:36.539,2069,0.0105,1.6673
4540,19:31:36.540,2087,0.0193,1.6818
4541,19:31:36.540,2042,-0.0027,1.6456
4542,19:31:36.541,2054,0.0032,1.6552
4543,19:31:36.541,2085,0.0183,1.6802
4544,19:31:36.542,2075,0.0134,1.6722
4545,19:31:36.542,2084,0.0178,1.6794
4546,19:31:36.543,2040,-0.0037,1.6440
4547,19:31:36.543,2095,0.0232,1.6883
4548,19:31:36.544,2068,0.0100,1.6665
4549,19:31:36.544,2079,0.0154,1.6754
4550,19:31:36.545,2043,-0.0022,1.6464
4551,19:31:36.545,2054,0.0032,1.6552
4552,19:31:36.546,2090,0.0208,1.6842
4553,19:31:36.546,2078,0.0149,1.6746
4554,19:31:36.547,2083,0.0173,1.6786
4555,19:31:36.547,2035,-0.0061,1.6399
4556,19:31:36.548,2093,0.0222,1.6867
4557,19:31:36.548,2066,0.0090,1.6649
4558,19:31:36.549,2080,0.0159,1.6762
4559,19:31:36.549,2049,0.0007,1.6512
4560,19:31:36.550,2059,0.0056,1.6593
4561,19:31:36.550,2097,0.0242,1.6899
4562,19:31:36.551,2078,0.0149,1.6746
4563,19:31:36.551,2087,0.0193,1.6818
4564,19:31:36.552,2033,-0.0071,1.6383
4565,19:31:36.552,2085,0.0183,1.6802
4566,19:31:36.553,2066,0.0090,1.6649
4567,19:31:36.553,2074,0.0129,1.6714
4568,19:31:36.554,2052,0.0022,1.6536
4569,19:31:36.554,2061,0.0066,1.6609
4570,19:31:36.555,2100,0.0256,1.6923
4571,19:31:36.555,2076,0.0139,1.6730
4572,19:31:36.556,2088,0.0198,1.6826
4573,19:31:36.556,2037,-0.0051,1.6415
4574,19:31:36.557,2076,0.0139,1.6730
4575,19:31:36.557,2062,0.0071,1.6617
4576,19:31:36.558,2070,0.0110,1.6681
4577,19:31:36.558,2057,0.0046,1.6577
4578,19:31:36.559,2061,0.0066,1.6609
4579,19:31:36.559,2099,0.0252,1.6915
4580,19:31:36.560,2075,0.0134,1.6722
4581,19:31:36.560,2088,0.0198,1.6826
4582,19:31:36.561,2040,-0.0037,1.6440
4583,19:31:36.561,2069,0.0105,1.6673
4584,19:31:36.562,2068,0.0100,1.6665
4585,19:31:36.562,2068,0.0100,1.6665
4586,19:31:36.563,2066,0.0090,1.6649
4587,19:31:36.563,2058,0.0051,1.6585
4588,19:31:36.564,2099,0.0252,1.6915
4589,19:31:36.564,2076,0.0139,1.6730
4590,19:31:36.565,2081,0.0164,1.6770
4591,19:31:36.565,2041,-0.0032,1.6448
4592,19:31:36.566,2062,0.0071,1.6617
4593,19:31:36.566,2071,0.0115,1.6689
4594,19:31:36.567,2069,0.0105,1.6673
4595,19:31:36.567,2072,0.0120,1.6697
4596,19:31:36.568,2056,0.0042,1.6568
4597,19:31:36.568,2100,0.0256,1.6923
4598,19:31:36.569,2072,0.0120,1.6697
4599,19:31:36.569,2085,0.0183,1.6802
4600,19:31:36.570,2042,-0.0027,1.6456
4601,19:31:36.570,2058,0.0051,1.6585
4602,19:31:36.571,2075,0.0134,1.6722
4603,19:31:36.571,2067,0.0095,1.6657
4604,19:31:36.572,2078,0.0149,1.6746
4605,19:31:36.572,2052,0.0022,1.6536
4606,19:31:36.573,2097,0.0242,1.6899
4607,19:31:36.573,2073,0.0125,1.6705
4608,19:31:36.574,2083,0.0173,1.6786
4609,19:31:36.574,2042,-0.0027,1.6456
4610,19:31:36.575,2053,0.0027,1.6544
4611,19:31:36.575,2077,0.0144,1.6738
4612,19:31:36.576,2067,0.0095,1.6657
4613,19:31:36.576,2081,0.0164,1.6770
4614,19:31:36.577,2049,0.0007,1.6512
4615,19:31:36.577,2095,0.0232,1.6883
4616,19:31:36.578,2067,0.0095,1.6657
4617,19:31:36.578,2079,0.0154,1.6754
4618,19:31:36.579,2046,-0.0007,1.6488
4619,19:31:36.579,2055,0.0037,1.6560
4620,19:31:36.580,2081,0.0164,1.6770
4621,19:31:36.580,2070,0.0110,1.6681
4622,19:31:36.581,2086,0.0188,1.6810
4623,19:31:36.581,2045,-0.0012,1.6480
4624,19:31:36.582,2090,0.0208,1.6842
4625,19:31:36.582,2067,0.0095,1.6657
4626,19:31:36.583,2079,0.0154,1.6754
4627,19:31:36.583,2049,0.0007,1.6512
4628,19:31:36.584,2056,0.0042,1.6568
4629,19:31:36.584,2089,0.0203,1.6834
4630,19:31:36.585,2075,0.0134,1.6722
4631,19:31:36.585,2087,0.0193,1.6818
4632,19:31:36.586,2038,-0.0046,1.6423
4633,19:31:36.586,2087,0.0193,1.6818
4634,19:31:36.587,2065,0.0085,1.6641
4635,19:31:36.587,2077,0.0144,1.6738
4636,19:31:36.588,2055,0.0037,1.6560
4637,19:31:36.588,2055,0.0037,1.6560
4638,19:31:36.589,2093,0.0222,1.6867
4639,19:31:36.589,2073,0.0125,1.6705
4640,19:31:36.590,2085,0.0183,1.6802
4641,19:31:36.590,2035,-0.0061,1.6399
4642,19:31:36.591,2080,0.0159,1.6762
4643,19:31:36.591,2065,0.0085,1.6641
4644,19:31:36.592,2075,0.0134,1.6722
4645,19:31:36.592,2061,0.0066,1.6609
4646,19:31:36.593,2060,0.0061,1.6601
4647,19:31:36.593,2095,0.0232,1.6883
4648,19:31:36.594,2078,0.0149,1.6746
4649,19:31:36.594,2081,0.0164,1.6770
4650,19:31:36.595,2038,-0.0046,1.6423
4651,19:31:36.595,2071,0.0115,1.6689
4652,19:31:36.596,2065,0.0085,1.6641
4653,19:31:36.596,2072,0.0120,1.6697
4654,19:31:36.597,2064,0.0081,1.6633
4655,19:31:36.597,2065,0.0085,1.6641
4656,19:31:36.598,2088,0.0198,1.6826
4657,19:31:36.598,2080,0.0159,1.6762
4658,19:31:36.599,2078,0.0149,1.6746
4659,19:31:36.599,2052,0.0022,1.6536
4660,19:31:36.600,2070,0.0110,1.6681
4661,19:31:36.600,2060,0.0061,1.6601
4662,19:31:36.601,2065,0.0085,1.6641
4663,19:31:36.601,2069,0.0105,1.6673
4664,19:31:36.602,2071,0.0115,1.6689
4665,19:31:36.602,2087,0.0193,1.6818
4666,19:31:36.603,2072,0.0120,1.6697
4667,19:31:36.603,2075,0.0134,1.6722
4668,19:31:36.604,2068,0.0100,1.6665
4669,19:31:36.604,2067,0.0095,1.6657
4670,19:31:36.605,2065,0.0085,1.6641
4671,19:31:36.605,2063,0.0076,1.6625
4672,19:31:36.606,2066,0.0090,1.6649
4673,19:31:36.606,2071,0.0115,1.6689
4674,19:31:36.607,2082,0.0168,1.6778
4675,19:31:36.607,2069,0.0105,1.6673
4676,19:31:36.608,2069,0.0105,1.6673
4677,19:31:36.608,2074,0.0129,1.6714
4678,19:31:36.609,2071,0.0115,1.6689
4679,19:31:36.609,2062,0.0071,1.6617
4680,19:31:36.610,2062,0.0071,1.6617
4681,19:31:36.610,2071,0.0115,1.6689
4682,19:31:36.611,2077,0.0144,1.6738
4683,19:31:36.611,2071,0.0115,1.6689
4684,19:31:36.612,2062,0.0071,1.6617
4685,19:31:36.612,2064,0.0081,1.6633
4686,19:31:36.613,2079,0.0154,1.6754
4687,19:31:36.613,2072,0.0120,1.6697
4688,19:31:36.614,2062,0.0071,1.6617
4689,19:31:36.614,2064,0.0081,1.6633
4690,19:31:36.615,2072,0.0120,1.6697
4691,19:31:36.615,2081,0.0164,1.6770
4692,19:31:36.616,2066,0.0090,1.6649
4693,19:31:36.616,2062,0.0071,1.6617
4694,19:31:36.617,2063,0.0076,1.6625
4695,19:31:36.617,2081,0.0164,1.6770
4696,19:31:36.618,2075,0.0134,1.6722
4697,19:31:36.618,2063,0.0076,1.6625
4698,19:31:36.619,2063,0.0076,1.6625
4699,19:31:36.619,2076,0.0139,1.6730
4700,19:31:36.620,2082,0.0168,1.6778
4701,19:31:36.620,2065,0.0085,1.6641
4702,19:31:36.621,2055,0.0037,1.6560
4703,19:31:36.621,2065,0.0085,1.6641
4704,19:31:36.622,2078,0.0149,1.6746
4705,19:31:36.622,2073,0.0125,1.6705
4706,19:31:36.623,2064,0.0081,1.6633
4707,19:31:36.623,2059,0.0056,1.6593
4708,19:31:36.624,2075,0.0134,1.6722
4709,19:31:36.624,2082,0.0168,1.6778
4710,19:31:36.625,2063,0.0076,1.6625
4711,19:31:36.625,2054,0.0032,1.6552
4712,19:31:36.626,2063,0.0076,1.6625
4713,19:31:36.626,2082,0.0168,1.6778
4714,19:31:36.627,2074,0.0129,1.6714
4715,19:31:36.627,2062,0.0071,1.6617
4716,19:31:36.628,2057,0.0046,1.6577
4717,19:31:36.628,2075,0.0134,1.6722
4718,19:31:36.629,2082,0.0168,1.6778
4719,19:31:36.629,2065,0.0085,1.6641
4720,19:31:36.630,2057,0.0046,1.6577
4721,19:31:36.630,2066,0.0090,1.6649
4722,19:31:36.631,2079,0.0154,1.6754
4723,19:31:36.631,2075,0.0134,1.6722
4724,19:31:36.632,2065,0.0085,1.6641
4725,19:31:36.632,2061,0.0066,1.6609
4726,19:31:36.633,2075,0.0134,1.6722
4727,19:31:36.633,2082,0.0168,1.6778
4728,19:31:36.634,2063,0.0076,1.6625
4729,19:31:36.634,2059,0.0056,1.6593
4730,19:31:36.635,2063,0.0076,1.6625
4731,19:31:36.635,2081,0.0164,1.6770
4732,19:31:36.636,2078,0.0149,1.6746
4733,19:31:36.636,2065,0.0085,1.6641
4734,19:31:36.637,2058,0.0051,1.6585
4735,19:31:36.637,2074,0.0129,1.6714
4736,19:31:36.638,2079,0.0154,1.6754
4737,19:31:36.638,2069,0.0105,1.6673
4738,19:31:36.639,2059,0.0056,1.6593
4739,19:31:36.639,2066,0.0090,1.6649
4740,19:31:36.640,2081,0.0164,1.6770
4741,19:31:36.640,2078,0.0149,1.6746
4742,19:31:36.641,2066,0.0090,1.6649
4743,19:31:36.641,2057,0.0046,1.6577
4744,19:31:36.642,2072,0.0120,1.6697
4745,19:31:36.642,2081,0.0164,1.6770
4746,19:31:36.643,2071,0.0115,1.6689
4747,19:31:36.643,2059,0.0056,1.6593
4748,19:31:36.644,2062,0.0071,1.6617
4749,19:31:36.644,2077,0.0144,1.6738
4750,19:31:36.645,2079,0.0154,1.6754
4751,19:31:36.645,2070,0.0110,1.6681
4752,19:31:36.646,2061,0.0066,1.6609
4753,19:31:36.646,2073,0.0125,1.6705
4754,19:31:36.647,2078,0.0149,1.6746
4755,19:31:36.647,2069,0.0105,1.6673
4756,19:31:36.648,2062,0.0071,1.6617
4757,19:31:36.648,2068,0.0100,1.6665
4758,19:31:36.649,2077,0.0144,1.6738
4759,19:31:36.649,2078,0.0149,1.6746
4760,19:31:36.650,2066,0.0090,1.6649
4761,19:31:36.650,2056,0.0042,1.6568
4762,19:31:36.651,2068,0.0100,1.6665
4763,19:31:36.651,2079,0.0154,1.6754
4764,19:31:36.652,2072,0.0120,1.6697
4765,19:31:36.652,2062,0.0071,1.6617
4766,19:31:36.653,2070,0.0110,1.6681
4767,19:31:36.653,2054,0.0032,1.6552
4768,19:31:36.654,2084,0.0178,1.6794
4769,19:31:36.654,2073,0.0125,1.6705
4770,19:31:36.655,2056,0.0042,1.6568
4771,19:31:36.655,2069,0.0105,1.6673
4772,19:31:36.656,2083,0.0173,1.6786
4773,19:31:36.656,2090,0.0208,1.6842
4774,19:31:36.657,2049,0.0007,1.6512
4775,19:31:36.657,2055,0.0037,1.6560
4776,19:31:36.658,2069,0.0105,1.6673
4777,19:31:36.658,2081,0.0164,1.6770
4778,19:31:36.659,2068,0.0100,1.6665
4779,19:31:36.659,2043,-0.0022,1.6464
4780,19:31:36.660,2085,0.0183,1.6802
4781,19:31:36.660,2090,0.0208,1.6842
4782,19:31:36.661,2080,0.0159,1.6762
4783,19:31:36.661,2053,0.0027,1.6544
4784,19:31:36.662,2041,-0.0032,1.6448
4785,19:31:36.662,2077,0.0144,1.6738
4786,19:31:36.663,2075,0.0134,1.6722
4787,19:31:36.663,2072,0.0120,1.6697
4788,19:31:36.664,2047,-0.0002,1.6496
4789,19:31:36.664,2081,0.0164,1.6770
4790,19:31:36.665,2093,0.0222,1.6867
4791,19:31:36.665,2083,0.0173,1.6786
4792,19:31:36.666,2043,-0.0022,1.6464
4793,19:31:36.666,2041,-0.0032,1.6448
4794,19:31:36.667,2072,0.0120,1.6697
4795,19:31:36.667,2082,0.0168,1.6778
4796,19:31:36.668,2067,0.0095,1.6657
4797,19:31:36.668,2045,-0.0012,1.6480
4798,19:31:36.669,2080,0.0159,1.6762
4799,19:31:36.669,2095,0.0232,1.6883
4800,19:31:36.670,2083,0.0173,1.6786
4801,19:31:36.670,2049,0.0007,1.6512
4802,19:31:36.671,2043,-0.0022,1.6464
4803,19:31:36.671,2076,0.0139,1.6730
4804,19:31:36.672,2077,0.0144,1.6738
4805,19:31:36.672,2072,0.0120,1.6697
4806,19:31:36.673,2048,0.0002,1.6504
4807,19:31:36.673,2082,0.0168,1.6778
4808,19:31:36.674,2088,0.0198,1.6826
4809,19:31:36.674,2085,0.0183,1.6802
4810,19:31:36.675,2048,0.0002,1.6504
4811,19:31:36.675,2045,-0.0012,1.6480
4812,19:31:36.676,2073,0.0125,1.6705
4813,19:31:36.676,2080,0.0159,1.6762
4814,19:31:36.677,2069,0.0105,1.6673
4815,19:31:36.677,2049,0.0007,1.6512
4816,19:31:36.678,2085,0.0183,1.6802
4817,19:31:36.678,2085,0.0183,1.6802
4818,19:31:36.679,2085,0.0183,1.6802
4819,19:31:36.679,2048,0.0002,1.6504
4820,19:31:36.680,2048,0.0002,1.6504
4821,19:31:36.680,2073,0.0125,1.6705
4822,19:31:36.681,2081,0.0164,1.6770
4823,19:31:36.681,2072,0.0120,1.6697
4824,19:31:36.682,2044,-0.0017,1.6472
4825,19:31:36.682,2079,0.0154,1.6754
4826,19:31:36.683,2084,0.0178,1.6794
4827,19:31:36.683,2087,0.0193,1.6818
4828,19:31:36.684,2045,-0.0012,1.6480
4829,19:31:36.684,2053,0.0027,1.6544
4830,19:31:36.685,2074,0.0129,1.6714
4831,19:31:36.685,2079,0.0154,1.6754
4832,19:31:36.686,2073,0.0125,1.6705
4833,19:31:36.686,2043,-0.0022,1.6464
4834,19:31:36.687,2075,0.0134,1.6722
4835,19:31:36.687,2081,0.0164,1.6770
4836,19:31:36.688,2087,0.0193,1.6818
4837,19:31:36.688,2055,0.0037,1.6560
4838,19:31:36.689,2055,0.0037,1.6560
4839,19:31:36.689,2073,0.0125,1.6705
4840,19:31:36.690,2084,0.0178,1.6794
4841,19:31:36.690,2075,0.0134,1.6722
4842,19:31:36.691,2051,0.0017,1.6528
4843,19:31:36.691,2067,0.0095,1.6657
4844,19:31:36.692,2075,0.0134,1.6722
4845,19:31:36.692,2082,0.0168,1.6778
4846,19:31:36.693,2061,0.0066,1.6609
4847,19:31:36.693,2057,0.0046,1.6577
4848,19:31:36.694,2077,0.0144,1.6738
4849,19:31:36.694,2086,0.0188,1.6810
4850,19:31:36.695,2076,0.0139,1.6730
4851,19:31:36.695,2049,0.0007,1.6512
4852,19:31:36.696,2061,0.0066,1.6609
4853,19:31:36.696,2074,0.0129,1.6714
4854,19:31:36.697,2079,0.0154,1.6754
4855,19:31:36.697,2060,0.0061,1.6601
4856,19:31:36.698,2057,0.0046,1.6577
4857,19:31:36.698,2079,0.0154,1.6754
4858,19:31:36.699,2090,0.0208,1.6842
4859,19:31:36.699,2076,0.0139,1.6730
4860,19:31:36.700,2053,0.0027,1.6544
4861,19:31:36.700,2051,0.0017,1.6528
4862,19:31:36.701,2077,0.0144,1.6738
4863,19:31:36.701,2076,0.0139,1.6730
4864,19:31:36.702,2068,0.0100,1.6665
4865,19:31:36.702,2056,0.0042,1.6568
4866,19:31:36.703,2078,0.0149,1.6746
4867,19:31:36.703,2092,0.0217,1.6859
4868,19:31:36.704,2081,0.0164,1.6770
4869,19:31:36.704,2054,0.0032,1.6552
4870,19:31:36.705,2045,-0.0012,1.6480
4871,19:31:36.705,2072,0.0120,1.6697
4872,19:31:36.706,2077,0.0144,1.6738
4873,19:31:36.706,2069,0.0105,1.6673
4874,19:31:36.707,2054,0.0032,1.6552
4875,19:31:36.707,2081,0.0164,1.6770
4876,19:31:36.708,2093,0.0222,1.6867
4877,19:31:36.708,2082,0.0168,1.6778
4878,19:31:36.709,2057,0.0046,1.6577
4879,19:31:36.709,2048,0.0002,1.6504
4880,19:31:36.710,2075,0.0134,1.6722
4881,19:31:36.710,2074,0.0129,1.6714
4882,19:31:36.711,2072,0.0120,1.6697
4883,19:31:36.711,2058,0.0051,1.6585
4884,19:31:36.712,2077,0.0144,1.6738
4885,19:31:36.712,2092,0.0217,1.6859
4886,19:31:36.713,2086,0.0188,1.6810
4887,19:31:36.713,2059,0.0056,1.6593
4888,19:31:36.714,2048,0.0002,1.6504
4889,19:31:36.714,2073,0.0125,1.6705
4890,19:31:36.715,2075,0.0134,1.6722
4891,19:31:36.715,2071,0.0115,1.6689
4892,19:31:36.716,2054,0.0032,1.6552
4893,19:31:36.716,2078,0.0149,1.6746
4894,19:31:36.717,2086,0.0188,1.6810
4895,19:31:36.717,2084,0.0178,1.6794
4896,19:31:36.718,2061,0.0066,1.6609
4897,19:31:36.718,2052,0.0022,1.6536
4898,19:31:36.719,2072,0.0120,1.6697
4899,19:31:36.719,2079,0.0154,1.6754
4900,19:31:36.720,2075,0.0134,1.6722
4901,19:31:36.720,2055,0.0037,1.6560
4902,19:31:36.721,2071,0.0115,1.6689
4903,19:31:36.721,2080,0.0159,1.6762
4904,19:31:36.722,2083,0.0173,1.6786
4905,19:31:36.722,2058,0.0051,1.6585
4906,19:31:36.723,2056,0.0042,1.6568
4907,19:31:36.723,2069,0.0105,1.6673
4908,19:31:36.724,2081,0.0164,1.6770
4909,19:31:36.724,2074,0.0129,1.6714
4910,19:31:36.725,2052,0.0022,1.6536
4911,19:31:36.725,2068,0.0100,1.6665
4912,19:31:36.726,2073,0.0125,1.6705
4913,19:31:36.726,2084,0.0178,1.6794
4914,19:31:36.727,2061,0.0066,1.6609
4915,19:31:36.727,2057,0.0046,1.6577
4916,19:31:36.728,2072,0.0120,1.6697
4917,19:31:36.728,2082,0.0168,1.6778
4918,19:31:36.729,2071,0.0115,1.6689
4919,19:31:36.729,2050,0.0012,1.6520
4920,19:31:36.730,2065,0.0085,1.6641
4921,19:31:36.730,2073,0.0125,1.6705
4922,19:31:36.731,2081,0.0164,1.6770
4923,19:31:36.731,2063,0.0076,1.6625
4924,19:31:36.732,2061,0.0066,1.6609
4925,19:31:36.732,2072,0.0120,1.6697
4926,19:31:36.733,2081,0.0164,1.6770
4927,19:31:36.733,2074,0.0129,1.6714
4928,19:31:36.734,2053,0.0027,1.6544
4929,19:31:36.734,2060,0.0061,1.6601
4930,19:31:36.735,2071,0.0115,1.6689
4931,19:31:36.735,2079,0.0154,1.6754
4932,19:31:36.736,2067,0.0095,1.6657
4933,19:31:36.736,2061,0.0066,1.6609
4934,19:31:36.737,2073,0.0125,1.6705
4935,19:31:36.737,2086,0.0188,1.6810
4936,19:31:36.738,2077,0.0144,1.6738
4937,19:31:36.738,2057,0.0046,1.6577
4938,19:31:36.739,2056,0.0042,1.6568
4939,19:31:36.739,2066,0.0090,1.6649
4940,19:31:36.740,2073,0.0125,1.6705
4941,19:31:36.740,2069,0.0105,1.6673
4942,19:31:36.741,2059,0.0056,1.6593
4943,19:31:36.741,2075,0.0134,1.6722
4944,19:31:36.742,2081,0.0164,1.6770
4945,19:31:36.742,2079,0.0154,1.6754
4946,19:31:36.743,2057,0.0046,1.6577
4947,19:31:36.743,2055,0.0037,1.6560
4948,19:31:36.744,2067,0.0095,1.6657
4949,19:31:36.744,2073,0.0125,1.6705
4950,19:31:36.745,2069,0.0105,1.6673
4951,19:31:36.745,2058,0.0051,1.6585
4952,19:31:36.746,2076,0.0139,1.6730
4953,19:31:36.746,2078,0.0149,1.6746
4954,19:31:36.747,2078,0.0149,1.6746
4955,19:31:36.747,2057,0.0046,1.6577
4956,19:31:36.748,2053,0.0027,1.6544
4957,19:31:36.748,2069,0.0105,1.6673
4958,19:31:36.749,2075,0.0134,1.6722
4959,19:31:36.749,2074,0.0129,1.6714
4960,19:31:36.750,2055,0.0037,1.6560
4961,19:31:36.750,2074,0.0129,1.6714
4962,19:31:36.751,2083,0.0173,1.6786
4963,19:31:36.751,2082,0.0168,1.6778
4964,19:31:36.752,2061,0.0066,1.6609
4965,19:31:36.752,2053,0.0027,1.6544
4966,19:31:36.753,2070,0.0110,1.6681
4967,19:31:36.753,2072,0.0120,1.6697
4968,19:31:36.754,2073,0.0125,1.6705
4969,19:31:36.754,2057,0.0046,1.6577
4970,19:31:36.755,2070,0.0110,1.6681
4971,19:31:36.755,2079,0.0154,1.6754
4972,19:31:36.756,2083,0.0173,1.6786
4973,19:31:36.756,2062,0.0071,1.6617
4974,19:31:36.757,2051,0.0017,1.6528
4975,19:31:36.757,2071,0.0115,1.6689
4976,19:31:36.758,2074,0.0129,1.6714
4977,19:31:36.758,2075,0.0134,1.6722
4978,19:31:36.759,2056,0.0042,1.6568
4979,19:31:36.759,2068,0.0100,1.6665
4980,19:31:36.760,2078,0.0149,1.6746
4981,19:31:36.760,2079,0.0154,1.6754
4982,19:31:36.761,2063,0.0076,1.6625
4983,19:31:36.761,2059,0.0056,1.6593
4984,19:31:36.762,2066,0.0090,1.6649
4985,19:31:36.762,2075,0.0134,1.6722
4986,19:31:36.763,2074,0.0129,1.6714
4987,19:31:36.763,2057,0.0046,1.6577
4988,19:31:36.764,2065,0.0085,1.6641
4989,19:31:36.764,2072,0.0120,1.6697
4990,19:31:36.765,2082,0.0168,1.6778
4991,19:31:36.765,2068,0.0100,1.6665
4992,19:31:36.766,2061,0.0066,1.6609
4993,19:31:36.766,2069,0.0105,1.6673
4994,19:31:36.767,2078,0.0149,1.6746
4995,19:31:36.767,2072,0.0120,1.6697
4996,19:31:36.768,2061,0.0066,1.6609
4997,19:31:36.768,2066,0.0090,1.6649
4998,19:31:36.769,2069,0.0105,1.6673
4999,19:31:36.769,2082,0.0168,1.6778
5000,19:31:36.770,2066,0.0090,1.6649
5001,19:31:36.770,2065,0.0085,1.6641
5002,19:31:36.771,2069,0.0105,1.6673
5003,19:31:36.771,2082,0.0168,1.6778
5004,19:31:36.772,2076,0.0139,1.6730
5005,19:31:36.772,2058,0.0051,1.6585
5006,19:31:36.773,2065,0.0085,1.6641
5007,19:31:36.773,2066,0.0090,1.6649
5008,19:31:36.774,2077,0.0144,1.6738
5009,19:31:36.774,2067,0.0095,1.6657
5010,19:31:36.775,2068,0.0100,1.6665
5011,19:31:36.775,2070,0.0110,1.6681
5012,19:31:36.776,2079,0.0154,1.6754
5013,19:31:36.776,2073,0.0125,1.6705
5014,19:31:36.777,2059,0.0056,1.6593
5015,19:31:36.777,2062,0.0071,1.6617
5016,19:31:36.778,2064,0.0081,1.6633
5017,19:31:36.778,2075,0.0134,1.6722
5018,19:31:36.779,2066,0.0090,1.6649
5019,19:31:36.779,2067,0.0095,1.6657
5020,19:31:36.780,2074,0.0129,1.6714
5021,19:31:36.780,2081,0.0164,1.6770
5022,19:31:36.781,2075,0.0134,1.6722
5023,19:31:36.781,2062,0.0071,1.6617
5024,19:31:36.782,2056,0.0042,1.6568
5025,19:31:36.782,2063,0.0076,1.6625
5026,19:31:36.783,2072,0.0120,1.6697
5027,19:31:36.783,2069,0.0105,1.6673
5028,19:31:36.784,2067,0.0095,1.6657
5029,19:31:36.784,2075,0.0134,1.6722
5030,19:31:36.785,2078,0.0149,1.6746
5031,19:31:36.785,2078,0.0149,1.6746
5032,19:31:36.786,2063,0.0076,1.6625
5033,19:31:36.786,2056,0.0042,1.6568
5034,19:31:36.787,2063,0.0076,1.6625
5035,19:31:36.787,2075,0.0134,1.6722
5036,19:31:36.788,2070,0.0110,1.6681
5037,19:31:36.788,2065,0.0085,1.6641
5038,19:31:36.789,2075,0.0134,1.6722
5039,19:31:36.789,2078,0.0149,1.6746
5040,19:31:36.790,2078,0.0149,1.6746
5041,19:31:36.790,2063,0.0076,1.6625
5042,19:31:36.791,2055,0.0037,1.6560
5043,19:31:36.791,2063,0.0076,1.6625
5044,19:31:36.792,2068,0.0100,1.6665
5045,19:31:36.792,2072,0.0120,1.6697
5046,19:31:36.793,2063,0.0076,1.6625
5047,19:31:36.793,2074,0.0129,1.6714
5048,19:31:36.794,2074,0.0129,1.6714
5049,19:31:36.794,2077,0.0144,1.6738
5050,19:31:36.795,2066,0.0090,1.6649
5051,19:31:36.795,2053,0.0027,1.6544
5052,19:31:36.796,2064,0.0081,1.6633
5053,19:31:36.796,2069,0.0105,1.6673
5054,19:31:36.797,2076,0.0139,1.6730
5055,19:31:36.797,2062,0.0071,1.6617
5056,19:31:36.798,2071,0.0115,1.6689
5057,19:31:36.798,2073,0.0125,1.6705
5058,19:31:36.799,2079,0.0154,1.6754
5059,19:31:36.799,2066,0.0090,1.6649
5060,19:31:36.800,2057,0.0046,1.6577
5061,19:31:36.800,2067,0.0095,1.6657
5062,19:31:36.801,2070,0.0110,1.6681
5063,19:31:36.801,2077,0.0144,1.6738
5064,19:31:36.802,2062,0.0071,1.6617
5065,19:31:36.802,2067,0.0095,1.6657
5066,19:31:36.803,2069,0.0105,1.6673
5067,19:31:36.803,2076,0.0139,1.6730
5068,19:31:36.804,2070,0.0110,1.6681
5069,19:31:36.804,2063,0.0076,1.6625
5070,19:31:36.805,2069,0.0105,1.6673
5071,19:31:36.805,2073,0.0125,1.6705
5072,19:31:36.806,2077,0.0144,1.6738
5073,19:31:36.806,2059,0.0056,1.6593
5074,19:31:36.807,2068,0.0100,1.6665
5075,19:31:36.807,2068,0.0100,1.6665
5076,19:31:36.808,2080,0.0159,1.6762
5077,19:31:36.808,2067,0.0095,1.6657
5078,19:31:36.809,2066,0.0090,1.6649
5079,19:31:36.809,2072,0.0120,1.6697
5080,19:31:36.810,2076,0.0139,1.6730
5081,19:31:36.810,2073,0.0125,1.6705
5082,19:31:36.811,2059,0.0056,1.6593
5083,19:31:36.811,2066,0.0090,1.6649
5084,19:31:36.812,2065,0.0085,1.6641
5085,19:31:36.812,2072,0.0120,1.6697
5086,19:31:36.813,2069,0.0105,1.6673
5087,19:31:36.813,2072,0.0120,1.6697
5088,19:31:36.814,2071,0.0115,1.6689
5089,19:31:36.814,2075,0.0134,1.6722
5090,19:31:36.815,2077,0.0144,1.6738
5091,19:31:36.815,2062,0.0071,1.6617
5092,19:31:36.816,2067,0.0095,1.6657
5093,19:31:36.816,2061,0.0066,1.6609
5094,19:31:36.817,2071,0.0115,1.6689
5095,19:31:36.817,2065,0.0085,1.6641
5096,19:31:36.818,2073,0.0125,1.6705
5097,19:31:36.818,2074,0.0129,1.6714
5098,19:31:36.819,2078,0.0149,1.6746
5099,19:31:36.819,2075,0.0134,1.6722
5100,19:31:36.820,2060,0.0061,1.6601
5101,19:31:36.820,2065,0.0085,1.6641
5102,19:31:36.821,2062,0.0071,1.6617
5103,19:31:36.821,2069,0.0105,1.6673
5104,19:31:36.822,2069,0.0105,1.6673
5105,19:31:36.822,2073,0.0125,1.6705
5106,19:31:36.823,2073,0.0125,1.6705
5107,19:31:36.823,2073,0.0125,1.6705
5108,19:31:36.824,2075,0.0134,1.6722
5109,19:31:36.824,2066,0.0090,1.6649
5110,19:31:36.825,2063,0.0076,1.6625
5111,19:31:36.825,2060,0.0061,1.6601
5112,19:31:36.826,2070,0.0110,1.6681
5113,19:31:36.826,2065,0.0085,1.6641
5114,19:31:36.827,2074,0.0129,1.6714
5115,19:31:36.827,2072,0.0120,1.6697
5116,19:31:36.828,2073,0.0125,1.6705
5117,19:31:36.828,2078,0.0149,1.6746
5118,19:31:36.829,2068,0.0100,1.6665
5119,19:31:36.829,2063,0.0076,1.6625
5120,19:31:36.830,2061,0.0066,1.6609
5121,19:31:36.830,2067,0.0095,1.6657
5122,19:31:36.831,2072,0.0120,1.6697
5123,19:31:36.831,2072,0.0120,1.6697
5124,19:31:36.832,2072,0.0120,1.6697
5125,19:31:36.832,2068,0.0100,1.6665
5126,19:31:36.833,2075,0.0134,1.6722
5127,19:31:36.833,2070,0.0110,1.6681
5128,19:31:36.834,2061,0.0066,1.6609
5129,19:31:36.834,2065,0.0085,1.6641
5130,19:31:36.835,2072,0.0120,1.6697
5131,19:31:36.835,2071,0.0115,1.6689
5132,19:31:36.836,2058,0.0051,1.6585
5133,19:31:36.836,2080,0.0159,1.6762
5134,19:31:36.837,2069,0.0105,1.6673
5135,19:31:36.837,2077,0.0144,1.6738
5136,19:31:36.838,2062,0.0071,1.6617
5137,19:31:36.838,2068,0.0100,1.6665
5138,19:31:36.839,2067,0.0095,1.6657
5139,19:31:36.839,2074,0.0129,1.6714
5140,19:31:36.840,2079,0.0154,1.6754
5141,19:31:36.840,2057,0.0046,1.6577
5142,19:31:36.841,2082,0.0168,1.6778
5143,19:31:36.841,2066,0.0090,1.6649
5144,19:31:36.842,2071,0.0115,1.6689
5145,19:31:36.842,2062,0.0071,1.6617
5146,19:31:36.843,2065,0.0085,1.6641
5147,19:31:36.843,2076,0.0139,1.6730
5148,19:31:36.844,2070,0.0110,1.6681
5149,19:31:36.844,2076,0.0139,1.6730
5150,19:31:36.845,2060,0.0061,1.6601
5151,19:31:36.845,2075,0.0134,1.6722
5152,19:31:36.846,2069,0.0105,1.6673
5153,19:31:36.846,2064,0.0081,1.6633
5154,19:31:36.847,2065,0.0085,1.6641
5155,19:31:36.847,2070,0.0110,1.6681
5156,19:31:36.848,2073,0.0125,1.6705
5157,19:31:36.848,2064,0.0081,1.6633
5158,19:31:36.849,2073,0.0125,1.6705
5159,19:31:36.849,2072,0.0120,1.6697
5160,19:31:36.850,2071,0.0115,1.6689
5161,19:31:36.850,2065,0.0085,1.6641
5162,19:31:36.851,2068,0.0100,1.6665
5163,19:31:36.851,2070,0.0110,1.6681
5164,19:31:36.852,2071,0.0115,1.6689
5165,19:31:36.852,2073,0.0125,1.6705
5166,19:31:36.853,2064,0.0081,1.6633
5167,19:31:36.853,2068,0.0100,1.6665
5168,19:31:36.854,2075,0.0134,1.6722
5169,19:31:36.854,2068,0.0100,1.6665
5170,19:31:36.855,2062,0.0071,1.6617
5171,19:31:36.855,2064,0.0081,1.6633
5172,19:31:36.856,2076,0.0139,1.6730
5173,19:31:36.856,2071,0.0115,1.6689
5174,19:31:36.857,2070,0.0110,1.6681
5175,19:31:36.857,2065,0.0085,1.6641
5176,19:31:36.858,2065,0.0085,1.6641
5177,19:31:36.858,2077,0.0144,1.6738
5178,19:31:36.859,2068,0.0100,1.6665
5179,19:31:36.859,2064,0.0081,1.6633
5180,19:31:36.860,2065,0.0085,1.6641
5181,19:31:36.860,2074,0.0129,1.6714
5182,19:31:36.861,2075,0.0134,1.6722
5183,19:31:36.861,2068,0.0100,1.6665
5184,19:31:36.862,2066,0.0090,1.6649
5185,19:31:36.862,2068,0.0100,1.6665
5186,19:31:36.863,2075,0.0134,1.6722
5187,19:31:36.863,2070,0.0110,1.6681
5188,19:31:36.864,2066,0.0090,1.6649
5189,19:31:36.864,2068,0.0100,1.6665
5190,19:31:36.865,2073,0.0125,1.6705
5191,19:31:36.865,2073,0.0125,1.6705
5192,19:31:36.866,2065,0.0085,1.6641
5193,19:31:36.866,2062,0.0071,1.6617
5194,19:31:36.867,2066,0.0090,1.6649
5195,19:31:36.867,2077,0.0144,1.6738
5196,19:31:36.868,2072,0.0120,1.6697
5197,19:31:36.868,2066,0.0090,1.6649
5198,19:31:36.869,2067,0.0095,1.6657
5199,19:31:36.869,2075,0.0134,1.6722
5200,19:31:36.870,2074,0.0129,1.6714
5201,19:31:36.870,2066,0.0090,1.6649
5202,19:31:36.871,2062,0.0071,1.6617
5203,19:31:36.871,2070,0.0110,1.6681
5204,19:31:36.872,2075,0.0134,1.6722
5205,19:31:36.872,2071,0.0115,1.6689
5206,19:31:36.873,2064,0.0081,1.6633
5207,19:31:36.873,2065,0.0085,1.6641
5208,19:31:36.874,2074,0.0129,1.6714
5209,19:31:36.874,2076,0.0139,1.6730
5210,19:31:36.875,2068,0.0100,1.6665
5211,19:31:36.875,2064,0.0081,1.6633
5212,19:31:36.876,2065,0.0085,1.6641
5213,19:31:36.876,2074,0.0129,1.6714
5214,19:31:36.877,2069,0.0105,1.6673
5215,19:31:36.877,2067,0.0095,1.6657
5216,19:31:36.878,2067,0.0095,1.6657
5217,19:31:36.878,2075,0.0134,1.6722
5218,19:31:36.879,2072,0.0120,1.6697
5219,19:31:36.879,2066,0.0090,1.6649
5220,19:31:36.880,2063,0.0076,1.6625
5221,19:31:36.880,2068,0.0100,1.6665
5222,19:31:36.881,2074,0.0129,1.6714
5223,19:31:36.881,2069,0.0105,1.6673
5224,19:31:36.882,2065,0.0085,1.6641
5225,19:31:36.882,2066,0.0090,1.6649
5226,19:31:36.883,2072,0.0120,1.6697
5227,19:31:36.883,2075,0.0134,1.6722
5228,19:31:36.884,2069,0.0105,1.6673
5229,19:31:36.884,2061,0.0066,1.6609
5230,19:31:36.885,2064,0.0081,1.6633
5231,19:31:36.885,2076,0.0139,1.6730
5232,19:31:36.886,2072,0.0120,1.6697
5233,19:31:36.886,2066,0.0090,1.6649
5234,19:31:36.887,2066,0.0090,1.6649
5235,19:31:36.887,2069,0.0105,1.6673
5236,19:31:36.888,2071,0.0115,1.6689
5237,19:31:36.888,2070,0.0110,1.6681
5238,19:31:36.889,2062,0.0071,1.6617
5239,19:31:36.889,2065,0.0085,1.6641
5240,19:31:36.890,2073,0.0125,1.6705
5241,19:31:36.890,2072,0.0120,1.6697
5242,19:31:36.891,2071,0.0115,1.6689
5243,19:31:36.891,2062,0.0071,1.6617
5244,19:31:36.892,2069,0.0105,1.6673
5245,19:31:36.892,2073,0.0125,1.6705
5246,19:31:36.893,2067,0.0095,1.6657
5247,19:31:36.893,2062,0.0071,1.6617
5248,19:31:36.894,2068,0.0100,1.6665
5249,19:31:36.894,2074,0.0129,1.6714
5250,19:31:36.895,2073,0.0125,1.6705
5251,19:31:36.895,2071,0.0115,1.6689
5252,19:31:36.896,2064,0.0081,1.6633
5253,19:31:36.896,2068,0.0100,1.6665
5254,19:31:36.897,2072,0.0120,1.6697
5255,19:31:36.897,2071,0.0115,1.6689
5256,19:31:36.898,2063,0.0076,1.6625
5257,19:31:36.898,2067,0.0095,1.6657
5258,19:31:36.899,2076,0.0139,1.6730
5259,19:31:36.899,2073,0.0125,1.6705
5260,19:31:36.900,2071,0.0115,1.6689
5261,19:31:36.900,2063,0.0076,1.6625
5262,19:31:36.901,2068,0.0100,1.6665
5263,19:31:36.901,2073,0.0125,1.6705
5264,19:31:36.902,2071,0.0115,1.6689
5265,19:31:36.902,2065,0.0085,1.6641
5266,19:31:36.903,2068,0.0100,1.6665
5267,19:31:36.903,2072,0.0120,1.6697
5268,19:31:36.904,2078,0.0149,1.6746
5269,19:31:36.904,2074,0.0129,1.6714
5270,19:31:36.905,2065,0.0085,1.6641
5271,19:31:36.905,2065,0.0085,1.6641
5272,19:31:36.906,2076,0.0139,1.6730
5273,19:31:36.906,2072,0.0120,1.6697
5274,19:31:36.907,2068,0.0100,1.6665
5275,19:31:36.907,2068,0.0100,1.6665
5276,19:31:36.908,2072,0.0120,1.6697
5277,19:31:36.908,2074,0.0129,1.6714
5278,19:31:36.909,2071,0.0115,1.6689
5279,19:31:36.909,2065,0.0085,1.6641
5280,19:31:36.910,2067,0.0095,1.6657
5281,19:31:36.910,2069,0.0105,1.6673
5282,19:31:36.911,2074,0.0129,1.6714
5283,19:31:36.911,2071,0.0115,1.6689
5284,19:31:36.912,2065,0.0085,1.6641
5285,19:31:36.912,2073,0.0125,1.6705
5286,19:31:36.913,2073,0.0125,1.6705
5287,19:31:36.913,2075,0.0134,1.6722
5288,19:31:36.914,2063,0.0076,1.6625
5289,19:31:36.914,2067,0.0095,1.6657
5290,19:31:36.915,2071,0.0115,1.6689
5291,19:31:36.915,2073,0.0125,1.6705
5292,19:31:36.916,2067,0.0095,1.6657
5293,19:31:36.916,2063,0.0076,1.6625
5294,19:31:36.917,2072,0.0120,1.6697
5295,19:31:36.917,2074,0.0129,1.6714
5296,19:31:36.918,2071,0.0115,1.6689
5297,19:31:36.918,2065,0.0085,1.6641
5298,19:31:36.919,2068,0.0100,1.6665
5299,19:31:36.919,2073,0.0125,1.6705
5300,19:31:36.920,2074,0.0129,1.6714
5301,19:31:36.920,2070,0.0110,1.6681
5302,19:31:36.921,2066,0.0090,1.6649
5303,19:31:36.921,2071,0.0115,1.6689
5304,19:31:36.922,2072,0.0120,1.6697
5305,19:31:36.922,2071,0.0115,1.6689
5306,19:31:36.923,2063,0.0076,1.6625
5307,19:31:36.923,2064,0.0081,1.6633
5308,19:31:36.924,2075,0.0134,1.6722
5309,19:31:36.924,2075,0.0134,1.6722
5310,19:31:36.925,2068,0.0100,1.6665
5311,19:31:36.925,2063,0.0076,1.6625
5312,19:31:36.926,2071,0.0115,1.6689
5313,19:31:36.926,2074,0.0129,1.6714
5314,19:31:36.927,2070,0.0110,1.6681
5315,19:31:36.927,2062,0.0071,1.6617
5316,19:31:36.928,2062,0.0071,1.6617
5317,19:31:36.928,2072,0.0120,1.6697
5318,19:31:36.929,2076,0.0139,1.6730
5319,19:31:36.929,2071,0.0115,1.6689
5320,19:31:36.930,2061,0.0066,1.6609
5321,19:31:36.930,2067,0.0095,1.6657
5322,19:31:36.931,2071,0.0115,1.6689
5323,19:31:36.931,2070,0.0110,1.6681
5324,19:31:36.932,2065,0.0085,1.6641
5325,19:31:36.932,2064,0.0081,1.6633
5326,19:31:36.933,2070,0.0110,1.6681
5327,19:31:36.933,2074,0.0129,1.6714
5328,19:31:36.934,2070,0.0110,1.6681
5329,19:31:36.934,2065,0.0085,1.6641
5330,19:31:36.935,2062,0.0071,1.6617
5331,19:31:36.935,2071,0.0115,1.6689
5332,19:31:36.936,2073,0.0125,1.6705
5333,19:31:36.936,2067,0.0095,1.6657
5334,19:31:36.937,2064,0.0081,1.6633
5335,19:31:36.937,2072,0.0120,1.6697
5336,19:31:36.938,2076,0.0139,1.6730
5337,19:31:36.938,2070,0.0110,1.6681
5338,19:31:36.939,2063,0.0076,1.6625
5339,19:31:36.939,2066,0.0090,1.6649
5340,19:31:36.940,2069,0.0105,1.6673
5341,19:31:36.940,2073,0.0125,1.6705
5342,19:31:36.941,2068,0.0100,1.6665
5343,19:31:36.941,2063,0.0076,1.6625
5344,19:31:36.942,2070,0.0110,1.6681
5345,19:31:36.942,2072,0.0120,1.6697
5346,19:31:36.943,2070,0.0110,1.6681
5347,19:31:36.943,2060,0.0061,1.6601
5348,19:31:36.944,2066,0.0090,1.6649
5349,19:31:36.944,2070,0.0110,1.6681
5350,19:31:36.945,2076,0.0139,1.6730
5351,19:31:36.945,2068,0.0100,1.6665
5352,19:31:36.946,2066,0.0090,1.6649
5353,19:31:36.946,2081,0.0164,1.6770
5354,19:31:36.947,2056,0.0042,1.6568
5355,19:31:36.947,2080,0.0159,1.6762
5356,19:31:36.948,2062,0.0071,1.6617
5357,19:31:36.948,2069,0.0105,1.6673
5358,19:31:36.949,2063,0.0076,1.6625
5359,19:31:36.949,2087,0.0193,1.6818
5360,19:31:36.950,2063,0.0076,1.6625
5361,19:31:36.950,2044,-0.0017,1.6472
5362,19:31:36.951,2092,0.0217,1.6859
5363,19:31:36.951,2070,0.0110,1.6681
5364,19:31:36.952,2089,0.0203,1.6834
5365,19:31:36.952,2027,-0.0100,1.6335
5366,19:31:36.953,2074,0.0129,1.6714
5367,19:31:36.953,2081,0.0164,1.6770
5368,19:31:36.954,2097,0.0242,1.6899
5369,19:31:36.954,2055,0.0037,1.6560
5370,19:31:36.955,2033,-0.0071,1.6383
5371,19:31:36.955,2104,0.0276,1.6955
5372,19:31:36.956,2065,0.0085,1.6641
5373,19:31:36.956,2087,0.0193,1.6818
5374,19:31:36.957,2025,-0.0110,1.6319
5375,19:31:36.957,2067,0.0095,1.6657
5376,19:31:36.958,2085,0.0183,1.6802
5377,19:31:36.958,2096,0.0237,1.6891
5378,19:31:36.959,2066,0.0090,1.6649
5379,19:31:36.959,2025,-0.0110,1.6319
5380,19:31:36.960,2101,0.0261,1.6931
5381,19:31:36.960,2069,0.0105,1.6673
5382,19:31:36.961,2078,0.0149,1.6746
5383,19:31:36.961,2024,-0.0115,1.6311
5384,19:31:36.962,2066,0.0090,1.6649
5385,19:31:36.962,2091,0.0212,1.6851
5386,19:31:36.963,2100,0.0256,1.6923
5387,19:31:36.963,2073,0.0125,1.6705
5388,19:31:36.964,2023,-0.0120,1.6303
5389,19:31:36.964,2096,0.0237,1.6891
5390,19:31:36.965,2072,0.0120,1.6697
5391,19:31:36.965,2072,0.0120,1.6697
5392,19:31:36.966,2025,-0.0110,1.6319
5393,19:31:36.966,2062,0.0071,1.6617
5394,19:31:36.967,2096,0.0237,1.6891
5395,19:31:36.967,2096,0.0237,1.6891
5396,19:31:36.968,2079,0.0154,1.6754
5397,19:31:36.968,2021,-0.0129,1.6286
5398,19:31:36.969,2089,0.0203,1.6834
5399,19:31:36.969,2072,0.0120,1.6697
5400,19:31:36.970,2076,0.0139,1.6730
5401,19:31:36.970,2030,-0.0085,1.6359
5402,19:31:36.971,2057,0.0046,1.6577
5403,19:31:36.971,2102,0.0266,1.6939
5404,19:31:36.972,2093,0.0222,1.6867
5405,19:31:36.972,2081,0.0164,1.6770
5406,19:31:36.973,2017,-0.0149,1.6254
5407,19:31:36.973,2087,0.0193,1.6818
5408,19:31:36.974,2076,0.0139,1.6730
5409,19:31:36.974,2077,0.0144,1.6738
5410,19:31:36.975,2033,-0.0071,1.6383
5411,19:31:36.975,2052,0.0022,1.6536
5412,19:31:36.976,2112,0.0315,1.7020
5413,19:31:36.976,2086,0.0188,1.6810
5414,19:31:36.977,2090,0.0208,1.6842
5415,19:31:36.977,2019,-0.0139,1.6270
5416,19:31:36.978,2080,0.0159,1.6762
5417,19:31:36.978,2077,0.0144,1.6738
5418,19:31:36.979,2080,0.0159,1.6762
5419,19:31:36.979,2040,-0.0037,1.6440
5420,19:31:36.980,2051,0.0017,1.6528
5421,19:31:36.980,2116,0.0335,1.7052
5422,19:31:36.981,2078,0.0149,1.6746
5423,19:31:36.981,2087,0.0193,1.6818
5424,19:31:36.982,2020,-0.0134,1.6278
5425,19:31:36.982,2077,0.0144,1.6738
5426,19:31:36.983,2084,0.0178,1.6794
5427,19:31:36.983,2076,0.0139,1.6730
5428,19:31:36.984,2042,-0.0027,1.6456
5429,19:31:36.984,2041,-0.0032,1.6448
5430,19:31:36.985,2117,0.0339,1.7060
5431,19:31:36.985,2075,0.0134,1.6722
5432,19:31:36.986,2082,0.0168,1.6778
5433,19:31:36.986,2022,-0.0125,1.6295
5434,19:31:36.987,2072,0.0120,1.6697
5435,19:31:36.987,2088,0.0198,1.6826
5436,19:31:36.988,2079,0.0154,1.6754
5437,19:31:36.988,2051,0.0017,1.6528
5438,19:31:36.989,2037,-0.0051,1.6415
5439,19:31:36.989,2112,0.0315,1.7020
5440,19:31:36.990,2071,0.0115,1.6689
5441,19:31:36.990,2076,0.0139,1.6730
5442,19:31:36.991,2025,-0.0110,1.6319
5443,19:31:36.991,2071,0.0115,1.6689
5444,19:31:36.992,2088,0.0198,1.6826
5445,19:31:36.992,2082,0.0168,1.6778
5446,19:31:36.993,2058,0.0051,1.6585
5447,19:31:36.993,2031,-0.0081,1.6367
5448,19:31:36.994,2108,0.0295,1.6988
5449,19:31:36.994,2067,0.0095,1.6657
5450,19:31:36.995,2070,0.0110,1.6681
5451,19:31:36.995,2030,-0.0085,1.6359
5452,19:31:36.996,2069,0.0105,1.6673
5453,19:31:36.996,2089,0.0203,1.6834
5454,19:31:36.997,2085,0.0183,1.6802
5455,19:31:36.997,2070,0.0110,1.6681
5456,19:31:36.998,2031,-0.0081,1.6367
5457,19:31:36.998,2100,0.0256,1.6923
5458,19:31:36.999,2070,0.0110,1.6681
5459,19:31:36.999,2063,0.0076,1.6625
5460,19:31:37.000,2038,-0.0046,1.6423
5461,19:31:37.000,2065,0.0085,1.6641
5462,19:31:37.001,2094,0.0227,1.6875
5463,19:31:37.001,2086,0.0188,1.6810
5464,19:31:37.002,2076,0.0139,1.6730
5465,19:31:37.002,2027,-0.0100,1.6335
5466,19:31:37.003,2086,0.0188,1.6810
5467,19:31:37.003,2070,0.0110,1.6681
5468,19:31:37.004,2061,0.0066,1.6609
5469,19:31:37.004,2039,-0.0042,1.6432
5470,19:31:37.005,2060,0.0061,1.6601
5471,19:31:37.005,2095,0.0232,1.6883
5472,19:31:37.006,2090,0.0208,1.6842
5473,19:31:37.006,2086,0.0188,1.6810
5474,19:31:37.007,2030,-0.0085,1.6359
5475,19:31:37.007,2080,0.0159,1.6762
5476,19:31:37.008,2071,0.0115,1.6689
5477,19:31:37.008,2066,0.0090,1.6649
5478,19:31:37.009,2044,-0.0017,1.6472
5479,19:31:37.009,2053,0.0027,1.6544
5480,19:31:37.010,2095,0.0232,1.6883
5481,19:31:37.010,2083,0.0173,1.6786
5482,19:31:37.011,2087,0.0193,1.6818
5483,19:31:37.011,2023,-0.0120,1.6303
5484,19:31:37.012,2072,0.0120,1.6697
5485,19:31:37.012,2076,0.0139,1.6730
5486,19:31:37.013,2072,0.0120,1.6697
5487,19:31:37.013,2051,0.0017,1.6528
5488,19:31:37.014,2046,-0.0007,1.6488
5489,19:31:37.014,2102,0.0266,1.6939
5490,19:31:37.015,2083,0.0173,1.6786
5491,19:31:37.015,2095,0.0232,1.6883
5492,19:31:37.016,2028,-0.0095,1.6343
5493,19:31:37.016,2072,0.0120,1.6697
5494,19:31:37.017,2076,0.0139,1.6730
5495,19:31:37.017,2077,0.0144,1.6738
5496,19:31:37.018,2053,0.0027,1.6544
5497,19:31:37.018,2045,-0.0012,1.6480
5498,19:31:37.019,2109,0.0300,1.6996
5499,19:31:37.019,2075,0.0134,1.6722
5500,19:31:37.020,2091,0.0212,1.6851
5501,19:31:37.020,2031,-0.0081,1.6367
5502,19:31:37.021,2066,0.0090,1.6649
5503,19:31:37.021,2083,0.0173,1.6786
5504,19:31:37.022,2080,0.0159,1.6762
5505,19:31:37.022,2058,0.0051,1.6585
5506,19:31:37.023,2037,-0.0051,1.6415
5507,19:31:37.023,2106,0.0286,1.6971
5508,19:31:37.024,2068,0.0100,1.6665
5509,19:31:37.024,2089,0.0203,1.6834
5510,19:31:37.025,2033,-0.0071,1.6383
5511,19:31:37.025,2071,0.0115,1.6689
5512,19:31:37.026,2084,0.0178,1.6794
5513,19:31:37.026,2083,0.0173,1.6786
5514,19:31:37.027,2068,0.0100,1.6665
5515,19:31:37.027,2033,-0.0071,1.6383
5516,19:31:37.028,2109,0.0300,1.6996
5517,19:31:37.028,2068,0.0100,1.6665
5518,19:31:37.029,2083,0.0173,1.6786
5519,19:31:37.029,2033,-0.0071,1.6383
5520,19:31:37.030,2069,0.0105,1.6673
5521,19:31:37.030,2090,0.0208,1.6842
5522,19:31:37.031,2088,0.0198,1.6826
5523,19:31:37.031,2071,0.0115,1.6689
5524,19:31:37.032,2030,-0.0085,1.6359
5525,19:31:37.032,2104,0.0276,1.6955
5526,19:31:37.033,2062,0.0071,1.6617
5527,19:31:37.033,2077,0.0144,1.6738
5528,19:31:37.034,2041,-0.0032,1.6448
5529,19:31:37.034,2069,0.0105,1.6673
5530,19:31:37.035,2091,0.0212,1.6851
5531,19:31:37.035,2083,0.0173,1.6786
5532,19:31:37.036,2084,0.0178,1.6794
5533,19:31:37.036,2032,-0.0076,1.6375
5534,19:31:37.037,2096,0.0237,1.6891
5535,19:31:37.037,2062,0.0071,1.6617
5536,19:31:37.038,2074,0.0129,1.6714
5537,19:31:37.038,2042,-0.0027,1.6456
5538,19:31:37.039,2065,0.0085,1.6641
5539,19:31:37.039,2091,0.0212,1.6851
5540,19:31:37.040,2086,0.0188,1.6810
5541,19:31:37.040,2089,0.0203,1.6834
5542,19:31:37.041,2033,-0.0071,1.6383
5543,19:31:37.041,2086,0.0188,1.6810
5544,19:31:37.042,2068,0.0100,1.6665
5545,19:31:37.042,2072,0.0120,1.6697
5546,19:31:37.043,2049,0.0007,1.6512
5547,19:31:37.043,2061,0.0066,1.6609
5548,19:31:37.044,2091,0.0212,1.6851
5549,19:31:37.044,2084,0.0178,1.6794
5550,19:31:37.045,2090,0.0208,1.6842
5551,19:31:37.045,2032,-0.0076,1.6375
5552,19:31:37.046,2076,0.0139,1.6730
5553,19:31:37.046,2070,0.0110,1.6681
5554,19:31:37.047,2068,0.0100,1.6665
5555,19:31:37.047,2056,0.0042,1.6568
5556,19:31:37.048,2053,0.0027,1.6544
5557,19:31:37.048,2091,0.0212,1.6851
5558,19:31:37.049,2078,0.0149,1.6746
5559,19:31:37.049,2092,0.0217,1.6859
5560,19:31:37.050,2033,-0.0071,1.6383
5561,19:31:37.050,2063,0.0076,1.6625
5562,19:31:37.051,2072,0.0120,1.6697
5563,19:31:37.051,2070,0.0110,1.6681
5564,19:31:37.052,2058,0.0051,1.6585
5565,19:31:37.052,2051,0.0017,1.6528
5566,19:31:37.053,2093,0.0222,1.6867
5567,19:31:37.053,2079,0.0154,1.6754
5568,19:31:37.054,2091,0.0212,1.6851
5569,19:31:37.054,2035,-0.0061,1.6399
5570,19:31:37.055,2059,0.0056,1.6593
5571,19:31:37.055,2076,0.0139,1.6730
5572,19:31:37.056,2074,0.0129,1.6714
5573,19:31:37.056,2061,0.0066,1.6609
5574,19:31:37.057,2041,-0.0032,1.6448
5575,19:31:37.057,2096,0.0237,1.6891
5576,19:31:37.058,2069,0.0105,1.6673
5577,19:31:37.058,2087,0.0193,1.6818
5578,19:31:37.059,2033,-0.0071,1.6383
5579,19:31:37.059,2058,0.0051,1.6585
5580,19:31:37.060,2076,0.0139,1.6730
5581,19:31:37.060,2076,0.0139,1.6730
5582,19:31:37.061,2069,0.0105,1.6673
5583,19:31:37.061,2042,-0.0027,1.6456
5584,19:31:37.062,2097,0.0242,1.6899
5585,19:31:37.062,2066,0.0090,1.6649
5586,19:31:37.063,2085,0.0183,1.6802
5587,19:31:37.063,2037,-0.0051,1.6415
5588,19:31:37.064,2058,0.0051,1.6585
5589,19:31:37.064,2078,0.0149,1.6746
5590,19:31:37.065,2076,0.0139,1.6730
5591,19:31:37.065,2070,0.0110,1.6681
5592,19:31:37.066,2037,-0.0051,1.6415
5593,19:31:37.066,2095,0.0232,1.6883
5594,19:31:37.067,2062,0.0071,1.6617
5595,19:31:37.067,2075,0.0134,1.6722
5596,19:31:37.068,2042,-0.0027,1.6456
5597,19:31:37.068,2063,0.0076,1.6625
5598,19:31:37.069,2083,0.0173,1.6786
5599,19:31:37.069,2080,0.0159,1.6762
5600,19:31:37.070,2075,0.0134,1.6722
5601,19:31:37.070,2036,-0.0056,1.6407
5602,19:31:37.071,2090,0.0208,1.6842
5603,19:31:37.071,2064,0.0081,1.6633
5604,19:31:37.072,2077,0.0144,1.6738
5605,19:31:37.072,2046,-0.0007,1.6488
5606,19:31:37.073,2064,0.0081,1.6633
5607,19:31:37.073,2086,0.0188,1.6810
5608,19:31:37.074,2082,0.0168,1.6778
5609,19:31:37.074,2081,0.0164,1.6770
5610,19:31:37.075,2033,-0.0071,1.6383
5611,19:31:37.075,2082,0.0168,1.6778
5612,19:31:37.076,2061,0.0066,1.6609
5613,19:31:37.076,2071,0.0115,1.6689
5614,19:31:37.077,2053,0.0027,1.6544
5615,19:31:37.077,2063,0.0076,1.6625
5616,19:31:37.078,2088,0.0198,1.6826
5617,19:31:37.078,2081,0.0164,1.6770
5618,19:31:37.079,2086,0.0188,1.6810
5619,19:31:37.079,2035,-0.0061,1.6399
5620,19:31:37.080,2072,0.0120,1.6697
5621,19:31:37.080,2062,0.0071,1.6617
5622,19:31:37.081,2072,0.0120,1.6697
5623,19:31:37.081,2056,0.0042,1.6568
5624,19:31:37.082,2058,0.0051,1.6585
5625,19:31:37.082,2091,0.0212,1.6851
5626,19:31:37.083,2075,0.0134,1.6722
5627,19:31:37.083,2091,0.0212,1.6851
5628,19:31:37.084,2039,-0.0042,1.6432
5629,19:31:37.084,2070,0.0110,1.6681
5630,19:31:37.085,2069,0.0105,1.6673
5631,19:31:37.085,2070,0.0110,1.6681
5632,19:31:37.086,2066,0.0090,1.6649
5633,19:31:37.086,2059,0.0056,1.6593
5634,19:31:37.087,2093,0.0222,1.6867
5635,19:31:37.087,2072,0.0120,1.6697
5636,19:31:37.088,2088,0.0198,1.6826
5637,19:31:37.088,2040,-0.0037,1.6440
5638,19:31:37.089,2062,0.0071,1.6617
5639,19:31:37.089,2069,0.0105,1.6673
5640,19:31:37.090,2069,0.0105,1.6673
5641,19:31:37.090,2073,0.0125,1.6705
5642,19:31:37.091,2053,0.0027,1.6544
5643,19:31:37.091,2096,0.0237,1.6891
5644,19:31:37.092,2071,0.0115,1.6689
5645,19:31:37.092,2090,0.0208,1.6842
5646,19:31:37.093,2041,-0.0032,1.6448
5647,19:31:37.093,2057,0.0046,1.6577
5648,19:31:37.094,2076,0.0139,1.6730
5649,19:31:37.094,2072,0.0120,1.6697
5650,19:31:37.095,2074,0.0129,1.6714
5651,19:31:37.095,2044,-0.0017,1.6472
5652,19:31:37.096,2097,0.0242,1.6899
5653,19:31:37.096,2065,0.0085,1.6641
5654,19:31:37.097,2088,0.0198,1.6826
5655,19:31:37.097,2046,-0.0007,1.6488
5656,19:31:37.098,2056,0.0042,1.6568
5657,19:31:37.098,2080,0.0159,1.6762
5658,19:31:37.099,2071,0.0115,1.6689
5659,19:31:37.099,2078,0.0149,1.6746
5660,19:31:37.100,2040,-0.0037,1.6440
5661,19:31:37.100,2091,0.0212,1.6851
5662,19:31:37.101,2063,0.0076,1.6625
5663,19:31:37.101,2083,0.0173,1.6786
5664,19:31:37.102,2050,0.0012,1.6520
5665,19:31:37.102,2058,0.0051,1.6585
5666,19:31:37.103,2082,0.0168,1.6778
5667,19:31:37.103,2074,0.0129,1.6714
5668,19:31:37.104,2080,0.0159,1.6762
5669,19:31:37.104,2038,-0.0046,1.6423
5670,19:31:37.105,2086,0.0188,1.6810
5671,19:31:37.105,2060,0.0061,1.6601
5672,19:31:37.106,2081,0.0164,1.6770
5673,19:31:37.106,2050,0.0012,1.6520
5674,19:31:37.107,2062,0.0071,1.6617
5675,19:31:37.107,2085,0.0183,1.6802
5676,19:31:37.108,2074,0.0129,1.6714
5677,19:31:37.108,2082,0.0168,1.6778
5678,19:31:37.109,2036,-0.0056,1.6407
5679,19:31:37.109,2084,0.0178,1.6794
5680,19:31:37.110,2060,0.0061,1.6601
5681,19:31:37.110,2074,0.0129,1.6714
5682,19:31:37.111,2056,0.0042,1.6568
5683,19:31:37.111,2061,0.0066,1.6609
5684,19:31:37.112,2085,0.0183,1.6802
5685,19:31:37.112,2075,0.0134,1.6722
5686,19:31:37.113,2085,0.0183,1.6802
5687,19:31:37.113,2039,-0.0042,1.6432
5688,19:31:37.114,2074,0.0129,1.6714
5689,19:31:37.114,2060,0.0061,1.6601
5690,19:31:37.115,2069,0.0105,1.6673
5691,19:31:37.115,2057,0.0046,1.6577
5692,19:31:37.116,2064,0.0081,1.6633
5693,19:31:37.116,2085,0.0183,1.6802
5694,19:31:37.117,2073,0.0125,1.6705
5695,19:31:37.117,2082,0.0168,1.6778
5696,19:31:37.118,2043,-0.0022,1.6464
5697,19:31:37.118,2072,0.0120,1.6697
5698,19:31:37.119,2062,0.0071,1.6617
5699,19:31:37.119,2067,0.0095,1.6657
5700,19:31:37.120,2063,0.0076,1.6625
5701,19:31:37.120,2060,0.0061,1.6601
5702,19:31:37.121,2087,0.0193,1.6818
5703,19:31:37.121,2073,0.0125,1.6705
5704,19:31:37.122,2086,0.0188,1.6810
5705,19:31:37.122,2042,-0.0027,1.6456
5706,19:31:37.123,2062,0.0071,1.6617
5707,19:31:37.123,2062,0.0071,1.6617
5708,19:31:37.124,2068,0.0100,1.6665
5709,19:31:37.124,2069,0.0105,1.6673
5710,19:31:37.125,2059,0.0056,1.6593
5711,19:31:37.125,2086,0.0188,1.6810
5712,19:31:37.126,2069,0.0105,1.6673
5713,19:31:37.126,2085,0.0183,1.6802
5714,19:31:37.127,2043,-0.0022,1.6464
5715,19:31:37.127,2061,0.0066,1.6609
5716,19:31:37.128,2067,0.0095,1.6657
5717,19:31:37.128,2067,0.0095,1.6657
5718,19:31:37.129,2070,0.0110,1.6681
5719,19:31:37.129,2055,0.0037,1.6560
5720,19:31:37.130,2087,0.0193,1.6818
5721,19:31:37.130,2066,0.0090,1.6649
5722,19:31:37.131,2086,0.0188,1.6810
5723,19:31:37.131,2049,0.0007,1.6512
5724,19:31:37.132,2057,0.0046,1.6577
5725,19:31:37.132,2072,0.0120,1.6697
5726,19:31:37.133,2071,0.0115,1.6689
5727,19:31:37.133,2080,0.0159,1.6762
5728,19:31:37.134,2049,0.0007,1.6512
5729,19:31:37.134,2088,0.0198,1.6826
5730,19:31:37.135,2065,0.0085,1.6641
5731,19:31:37.135,2083,0.0173,1.6786
5732,19:31:37.136,2052,0.0022,1.6536
5733,19:31:37.136,2056,0.0042,1.6568
5734,19:31:37.137,2077,0.0144,1.6738
5735,19:31:37.137,2070,0.0110,1.6681
5736,19:31:37.138,2084,0.0178,1.6794
5737,19:31:37.138,2044,-0.0017,1.6472
5738,19:31:37.139,2085,0.0183,1.6802
5739,19:31:37.139,2065,0.0085,1.6641
5740,19:31:37.140,2084,0.0178,1.6794
5741,19:31:37.140,2053,0.0027,1.6544
5742,19:31:37.141,2058,0.0051,1.6585
5743,19:31:37.141,2080,0.0159,1.6762
5744,19:31:37.142,2074,0.0129,1.6714
5745,19:31:37.142,2083,0.0173,1.6786
5746,19:31:37.143,2048,0.0002,1.6504
5747,19:31:37.143,2085,0.0183,1.6802
5748,19:31:37.144,2059,0.0056,1.6593
5749,19:31:37.144,2080,0.0159,1.6762
5750,19:31:37.145,2059,0.0056,1.6593
5751,19:31:37.145,2060,0.0061,1.6601
5752,19:31:37.146,2085,0.0183,1.6802
5753,19:31:37.146,2073,0.0125,1.6705
5754,19:31:37.147,2086,0.0188,1.6810
5755,19:31:37.147,2042,-0.0027,1.6456
5756,19:31:37.148,2078,0.0149,1.6746
5757,19:31:37.148,2060,0.0061,1.6601
5758,19:31:37.149,2070,0.0110,1.6681
5759,19:31:37.149,2062,0.0071,1.6617
5760,19:31:37.150,2059,0.0056,1.6593
5761,19:31:37.150,2090,0.0208,1.6842
5762,19:31:37.151,2073,0.0125,1.6705
5763,19:31:37.151,2087,0.0193,1.6818
5764,19:31:37.152,2049,0.0007,1.6512
5765,19:31:37.152,2073,0.0125,1.6705
5766,19:31:37.153,2060,0.0061,1.6601
5767,19:31:37.153,2067,0.0095,1.6657
5768,19:31:37.154,2064,0.0081,1.6633
5769,19:31:37.154,2062,0.0071,1.6617
5770,19:31:37.155,2086,0.0188,1.6810
5771,19:31:37.155,2070,0.0110,1.6681
5772,19:31:37.156,2084,0.0178,1.6794
5773,19:31:37.156,2051,0.0017,1.6528
5774,19:31:37.157,2065,0.0085,1.6641
5775,19:31:37.157,2061,0.0066,1.6609
5776,19:31:37.158,2066,0.0090,1.6649
5777,19:31:37.158,2074,0.0129,1.6714
5778,19:31:37.159,2062,0.0071,1.6617
5779,19:31:37.159,2085,0.0183,1.6802
5780,19:31:37.160,2069,0.0105,1.6673
5781,19:31:37.160,2085,0.0183,1.6802
5782,19:31:37.161,2051,0.0017,1.6528
5783,19:31:37.161,2060,0.0061,1.6601
5784,19:31:37.162,2065,0.0085,1.6641
5785,19:31:37.162,2064,0.0081,1.6633
5786,19:31:37.163,2076,0.0139,1.6730
5787,19:31:37.163,2064,0.0081,1.6633
5788,19:31:37.164,2090,0.0208,1.6842
5789,19:31:37.164,2071,0.0115,1.6689
5790,19:31:37.165,2084,0.0178,1.6794
5791,19:31:37.165,2052,0.0022,1.6536
5792,19:31:37.166,2057,0.0046,1.6577
5793,19:31:37.166,2067,0.0095,1.6657
5794,19:31:37.167,2067,0.0095,1.6657
5795,19:31:37.167,2078,0.0149,1.6746
5796,19:31:37.168,2057,0.0046,1.6577
5797,19:31:37.168,2083,0.0173,1.6786
5798,19:31:37.169,2068,0.0100,1.6665
5799,19:31:37.169,2079,0.0154,1.6754
5800,19:31:37.170,2058,0.0051,1.6585
5801,19:31:37.170,2060,0.0061,1.6601
5802,19:31:37.171,2077,0.0144,1.6738
5803,19:31:37.171,2066,0.0090,1.6649
5804,19:31:37.172,2076,0.0139,1.6730
5805,19:31:37.172,2062,0.0071,1.6617
5806,19:31:37.173,2081,0.0164,1.6770
5807,19:31:37.173,2071,0.0115,1.6689
5808,19:31:37.174,2072,0.0120,1.6697
5809,19:31:37.174,2069,0.0105,1.6673
5810,19:31:37.175,2060,0.0061,1.6601
5811,19:31:37.175,2070,0.0110,1.6681
5812,19:31:37.176,2067,0.0095,1.6657
5813,19:31:37.176,2074,0.0129,1.6714
5814,19:31:37.177,2072,0.0120,1.6697
5815,19:31:37.177,2076,0.0139,1.6730
5816,19:31:37.178,2063,0.0076,1.6625
5817,19:31:37.178,2072,0.0120,1.6697
5818,19:31:37.179,2073,0.0125,1.6705
5819,19:31:37.179,2071,0.0115,1.6689
5820,19:31:37.180,2069,0.0105,1.6673
5821,19:31:37.180,2061,0.0066,1.6609
5822,19:31:37.181,2071,0.0115,1.6689
5823,19:31:37.181,2075,0.0134,1.6722
5824,19:31:37.182,2071,0.0115,1.6689
5825,19:31:37.182,2062,0.0071,1.6617
5826,19:31:37.183,2065,0.0085,1.6641
5827,19:31:37.183,2075,0.0134,1.6722
5828,19:31:37.184,2077,0.0144,1.6738
5829,19:31:37.184,2069,0.0105,1.6673
5830,19:31:37.185,2060,0.0061,1.6601
5831,19:31:37.185,2071,0.0115,1.6689
5832,19:31:37.186,2078,0.0149,1.6746
5833,19:31:37.186,2070,0.0110,1.6681
5834,19:31:37.187,2060,0.0061,1.6601
5835,19:31:37.187,2065,0.0085,1.6641
5836,19:31:37.188,2083,0.0173,1.6786
5837,19:31:37.188,2078,0.0149,1.6746
5838,19:31:37.189,2065,0.0085,1.6641
5839,19:31:37.189,2059,0.0056,1.6593
5840,19:31:37.190,2072,0.0120,1.6697
5841,19:31:37.190,2079,0.0154,1.6754
5842,19:31:37.191,2071,0.0115,1.6689
5843,19:31:37.191,2060,0.0061,1.6601
5844,19:31:37.192,2065,0.0085,1.6641
5845,19:31:37.192,2079,0.0154,1.6754
5846,19:31:37.193,2082,0.0168,1.6778
5847,19:31:37.193,2062,0.0071,1.6617
5848,19:31:37.194,2058,0.0051,1.6585
5849,19:31:37.194,2071,0.0115,1.6689
5850,19:31:37.195,2083,0.0173,1.6786
5851,19:31:37.195,2068,0.0100,1.6665
5852,19:31:37.196,2061,0.0066,1.6609
5853,19:31:37.196,2067,0.0095,1.6657
5854,19:31:37.197,2078,0.0149,1.6746
5855,19:31:37.197,2081,0.0164,1.6770
5856,19:31:37.198,2062,0.0071,1.6617
5857,19:31:37.198,2057,0.0046,1.6577
5858,19:31:37.199,2073,0.0125,1.6705
5859,19:31:37.199,2081,0.0164,1.6770
5860,19:31:37.200,2070,0.0110,1.6681
5861,19:31:37.200,2062,0.0071,1.6617
5862,19:31:37.201,2064,0.0081,1.6633
5863,19:31:37.201,2079,0.0154,1.6754
5864,19:31:37.202,2081,0.0164,1.6770
5865,19:31:37.202,2060,0.0061,1.6601
5866,19:31:37.203,2057,0.0046,1.6577
5867,19:31:37.203,2072,0.0120,1.6697
5868,19:31:37.204,2084,0.0178,1.6794
5869,19:31:37.204,2069,0.0105,1.6673
5870,19:31:37.205,2055,0.0037,1.6560
5871,19:31:37.205,2061,0.0066,1.6609
5872,19:31:37.206,2077,0.0144,1.6738
5873,19:31:37.206,2081,0.0164,1.6770
5874,19:31:37.207,2063,0.0076,1.6625
5875,19:31:37.207,2056,0.0042,1.6568
5876,19:31:37.208,2070,0.0110,1.6681
5877,19:31:37.208,2082,0.0168,1.6778
5878,19:31:37.209,2071,0.0115,1.6689
5879,19:31:37.209,2059,0.0056,1.6593
5880,19:31:37.210,2062,0.0071,1.6617
5881,19:31:37.210,2075,0.0134,1.6722
5882,19:31:37.211,2079,0.0154,1.6754
5883,19:31:37.211,2063,0.0076,1.6625
5884,19:31:37.212,2055,0.0037,1.6560
5885,19:31:37.212,2071,0.0115,1.6689
5886,19:31:37.213,2080,0.0159,1.6762
5887,19:31:37.213,2066,0.0090,1.6649
5888,19:31:37.214,2050,0.0012,1.6520
5889,19:31:37.214,2073,0.0125,1.6705
5890,19:31:37.215,2086,0.0188,1.6810
5891,19:31:37.215,2079,0.0154,1.6754
5892,19:31:37.216,2064,0.0081,1.6633
5893,19:31:37.216,2073,0.0125,1.6705
5894,19:31:37.217,2080,0.0159,1.6762
5895,19:31:37.217,2066,0.0090,1.6649
5896,19:31:37.218,2054,0.0032,1.6552
5897,19:31:37.218,2062,0.0071,1.6617
5898,19:31:37.219,2059,0.0056,1.6593
5899,19:31:37.219,2086,0.0188,1.6810
5900,19:31:37.220,2064,0.0081,1.6633
5901,19:31:37.220,2087,0.0193,1.6818
5902,19:31:37.221,2068,0.0100,1.6665
5903,19:31:37.221,2074,0.0129,1.6714
5904,19:31:37.222,2075,0.0134,1.6722
5905,19:31:37.222,2052,0.0022,1.6536
5906,19:31:37.223,2063,0.0076,1.6625
5907,19:31:37.223,2057,0.0046,1.6577
5908,19:31:37.224,2081,0.0164,1.6770
5909,19:31:37.224,2065,0.0085,1.6641
5910,19:31:37.225,2083,0.0173,1.6786
5911,19:31:37.225,2072,0.0120,1.6697
5912,19:31:37.226,2077,0.0144,1.6738
5913,19:31:37.226,2065,0.0085,1.6641
5914,19:31:37.227,2061,0.0066,1.6609
5915,19:31:37.227,2062,0.0071,1.6617
5916,19:31:37.228,2060,0.0061,1.6601
5917,19:31:37.228,2079,0.0154,1.6754
5918,19:31:37.229,2066,0.0090,1.6649
5919,19:31:37.229,2088,0.0198,1.6826
5920,19:31:37.230,2066,0.0090,1.6649
5921,19:31:37.230,2074,0.0129,1.6714
5922,19:31:37.231,2061,0.0066,1.6609
5923,19:31:37.231,2066,0.0090,1.6649
5924,19:31:37.232,2064,0.0081,1.6633
5925,19:31:37.232,2061,0.0066,1.6609
5926,19:31:37.233,2078,0.0149,1.6746
5927,19:31:37.233,2068,0.0100,1.6665
5928,19:31:37.234,2082,0.0168,1.6778
5929,19:31:37.234,2067,0.0095,1.6657
5930,19:31:37.235,2070,0.0110,1.6681
5931,19:31:37.235,2064,0.0081,1.6633
5932,19:31:37.236,2072,0.0120,1.6697
5933,19:31:37.236,2067,0.0095,1.6657
5934,19:31:37.237,2064,0.0081,1.6633
5935,19:31:37.237,2071,0.0115,1.6689
5936,19:31:37.238,2064,0.0081,1.6633
5937,19:31:37.238,2078,0.0149,1.6746
5938,19:31:37.239,2063,0.0076,1.6625
5939,19:31:37.239,2071,0.0115,1.6689
5940,19:31:37.240,2062,0.0071,1.6617
5941,19:31:37.240,2073,0.0125,1.6705
5942,19:31:37.241,2075,0.0134,1.6722
5943,19:31:37.241,2066,0.0090,1.6649
5944,19:31:37.242,2072,0.0120,1.6697
5945,19:31:37.242,2064,0.0081,1.6633
5946,19:31:37.243,2071,0.0115,1.6689
5947,19:31:37.243,2066,0.0090,1.6649
5948,19:31:37.244,2068,0.0100,1.6665
5949,19:31:37.244,2067,0.0095,1.6657
5950,19:31:37.245,2076,0.0139,1.6730
5951,19:31:37.245,2077,0.0144,1.6738
5952,19:31:37.246,2071,0.0115,1.6689
5953,19:31:37.246,2069,0.0105,1.6673
5954,19:31:37.247,2064,0.0081,1.6633
5955,19:31:37.247,2065,0.0085,1.6641
5956,19:31:37.248,2067,0.0095,1.6657
5957,19:31:37.248,2064,0.0081,1.6633
5958,19:31:37.249,2069,0.0105,1.6673
5959,19:31:37.249,2073,0.0125,1.6705
5960,19:31:37.250,2079,0.0154,1.6754
5961,19:31:37.250,2072,0.0120,1.6697
5962,19:31:37.251,2071,0.0115,1.6689
5963,19:31:37.251,2065,0.0085,1.6641
5964,19:31:37.252,2059,0.0056,1.6593
5965,19:31:37.252,2066,0.0090,1.6649
5966,19:31:37.253,2062,0.0071,1.6617
5967,19:31:37.253,2071,0.0115,1.6689
5968,19:31:37.254,2072,0.0120,1.6697
5969,19:31:37.254,2080,0.0159,1.6762
5970,19:31:37.255,2076,0.0139,1.6730
5971,19:31:37.255,2071,0.0115,1.6689
5972,19:31:37.256,2064,0.0081,1.6633
5973,19:31:37.256,2056,0.0042,1.6568
5974,19:31:37.257,2062,0.0071,1.6617
5975,19:31:37.257,2059,0.0056,1.6593
5976,19:31:37.258,2072,0.0120,1.6697
5977,19:31:37.258,2072,0.0120,1.6697
5978,19:31:37.259,2084,0.0178,1.6794
5979,19:31:37.259,2073,0.0125,1.6705
5980,19:31:37.260,2070,0.0110,1.6681
5981,19:31:37.260,2067,0.0095,1.6657
5982,19:31:37.261,2059,0.0056,1.6593
5983,19:31:37.261,2068,0.0100,1.6665
5984,19:31:37.262,2060,0.0061,1.6601
5985,19:31:37.262,2072,0.0120,1.6697
5986,19:31:37.263,2070,0.0110,1.6681
5987,19:31:37.263,2085,0.0183,1.6802
5988,19:31:37.264,2075,0.0134,1.6722
5989,19:31:37.264,2071,0.0115,1.6689
5990,19:31:37.265,2063,0.0076,1.6625
5991,19:31:37.265,2066,0.0090,1.6649
5992,19:31:37.266,2068,0.0100,1.6665
5993,19:31:37.266,2064,0.0081,1.6633
5994,19:31:37.267,2072,0.0120,1.6697
5995,19:31:37.267,2069,0.0105,1.6673
5996,19:31:37.268,2080,0.0159,1.6762
5997,19:31:37.268,2071,0.0115,1.6689
5998,19:31:37.269,2072,0.0120,1.6697
5999,19:31:37.269,2066,0.0090,1.6649
6000,19:31:37.270,2072,0.0120,1.6697
6001,19:31:37.270,2069,0.0105,1.6673
6002,19:31:37.271,2065,0.0085,1.6641
6003,19:31:37.271,2071,0.0115,1.6689
6004,19:31:37.272,2068,0.0100,1.6665
6005,19:31:37.272,2079,0.0154,1.6754
6006,19:31:37.273,2067,0.0095,1.6657
6007,19:31:37.273,2071,0.0115,1.6689
6008,19:31:37.274,2066,0.0090,1.6649
6009,19:31:37.274,2072,0.0120,1.6697
6010,19:31:37.275,2073,0.0125,1.6705
6011,19:31:37.275,2068,0.0100,1.6665
6012,19:31:37.276,2067,0.0095,1.6657
6013,19:31:37.276,2065,0.0085,1.6641
6014,19:31:37.277,2078,0.0149,1.6746
6015,19:31:37.277,2065,0.0085,1.6641
6016,19:31:37.278,2064,0.0081,1.6633
6017,19:31:37.278,2064,0.0081,1.6633
6018,19:31:37.279,2079,0.0154,1.6754
6019,19:31:37.279,2075,0.0134,1.6722
6020,19:31:37.280,2069,0.0105,1.6673
6021,19:31:37.280,2067,0.0095,1.6657
6022,19:31:37.281,2066,0.0090,1.6649
6023,19:31:37.281,2072,0.0120,1.6697
6024,19:31:37.282,2062,0.0071,1.6617
6025,19:31:37.282,2065,0.0085,1.6641
6026,19:31:37.283,2064,0.0081,1.6633
6027,19:31:37.283,2075,0.0134,1.6722
6028,19:31:37.284,2077,0.0144,1.6738
6029,19:31:37.284,2068,0.0100,1.6665
6030,19:31:37.285,2065,0.0085,1.6641
6031,19:31:37.285,2062,0.0071,1.6617
6032,19:31:37.286,2070,0.0110,1.6681
6033,19:31:37.286,2061,0.0066,1.6609
6034,19:31:37.287,2063,0.0076,1.6625
6035,19:31:37.287,2062,0.0071,1.6617
6036,19:31:37.288,2075,0.0134,1.6722
6037,19:31:37.288,2080,0.0159,1.6762
6038,19:31:37.289,2072,0.0120,1.6697
6039,19:31:37.289,2068,0.0100,1.6665
6040,19:31:37.290,2061,0.0066,1.6609
6041,19:31:37.290,2064,0.0081,1.6633
6042,19:31:37.291,2067,0.0095,1.6657
6043,19:31:37.291,2062,0.0071,1.6617
6044,19:31:37.292,2067,0.0095,1.6657
6045,19:31:37.292,2074,0.0129,1.6714
6046,19:31:37.293,2082,0.0168,1.6778
6047,19:31:37.293,2070,0.0110,1.6681
6048,19:31:37.294,2068,0.0100,1.6665
6049,19:31:37.294,2061,0.0066,1.6609
6050,19:31:37.295,2064,0.0081,1.6633
6051,19:31:37.295,2067,0.0095,1.6657
6052,19:31:37.296,2060,0.0061,1.6601
6053,19:31:37.296,2065,0.0085,1.6641
6054,19:31:37.297,2072,0.0120,1.6697
6055,19:31:37.297,2082,0.0168,1.6778
6056,19:31:37.298,2070,0.0110,1.6681
6057,19:31:37.298,2067,0.0095,1.6657
6058,19:31:37.299,2063,0.0076,1.6625
6059,19:31:37.299,2064,0.0081,1.6633
6060,19:31:37.300,2069,0.0105,1.6673
6061,19:31:37.300,2060,0.0061,1.6601
6062,19:31:37.301,2067,0.0095,1.6657
6063,19:31:37.301,2066,0.0090,1.6649
6064,19:31:37.302,2081,0.0164,1.6770
6065,19:31:37.302,2071,0.0115,1.6689
6066,19:31:37.303,2069,0.0105,1.6673
6067,19:31:37.303,2061,0.0066,1.6609
6068,19:31:37.304,2062,0.0071,1.6617
6069,19:31:37.304,2071,0.0115,1.6689
6070,19:31:37.305,2062,0.0071,1.6617
6071,19:31:37.305,2067,0.0095,1.6657
6072,19:31:37.306,2065,0.0085,1.6641
6073,19:31:37.306,2078,0.0149,1.6746
6074,19:31:37.307,2072,0.0120,1.6697
6075,19:31:37.307,2070,0.0110,1.6681
6076,19:31:37.308,2060,0.0061,1.6601
6077,19:31:37.308,2069,0.0105,1.6673
6078,19:31:37.309,2072,0.0120,1.6697
6079,19:31:37.309,2066,0.0090,1.6649
6080,19:31:37.310,2065,0.0085,1.6641
6081,19:31:37.310,2068,0.0100,1.6665
6082,19:31:37.311,2077,0.0144,1.6738
6083,19:31:37.311,2070,0.0110,1.6681
6084,19:31:37.312,2070,0.0110,1.6681
6085,19:31:37.312,2064,0.0081,1.6633
6086,19:31:37.313,2071,0.0115,1.6689
6087,19:31:37.313,2075,0.0134,1.6722
6088,19:31:37.314,2066,0.0090,1.6649
6089,19:31:37.314,2066,0.0090,1.6649
6090,19:31:37.315,2065,0.0085,1.6641
6091,19:31:37.315,2076,0.0139,1.6730
6092,19:31:37.316,2071,0.0115,1.6689
6093,19:31:37.316,2066,0.0090,1.6649
6094,19:31:37.317,2063,0.0076,1.6625
6095,19:31:37.317,2078,0.0149,1.6746
6096,19:31:37.318,2077,0.0144,1.6738
6097,19:31:37.318,2073,0.0125,1.6705
6098,19:31:37.319,2063,0.0076,1.6625
6099,19:31:37.319,2063,0.0076,1.6625
6100,19:31:37.320,2075,0.0134,1.6722
6101,19:31:37.320,2068,0.0100,1.6665
6102,19:31:37.321,2069,0.0105,1.6673
6103,19:31:37.321,2063,0.0076,1.6625
6104,19:31:37.322,2078,0.0149,1.6746
6105,19:31:37.322,2080,0.0159,1.6762
6106,19:31:37.323,2075,0.0134,1.6722
6107,19:31:37.323,2064,0.0081,1.6633
6108,19:31:37.324,2063,0.0076,1.6625
6109,19:31:37.324,2069,0.0105,1.6673
6110,19:31:37.325,2067,0.0095,1.6657
6111,19:31:37.325,2067,0.0095,1.6657
6112,19:31:37.326,2061,0.0066,1.6609
6113,19:31:37.326,2079,0.0154,1.6754
6114,19:31:37.327,2084,0.0178,1.6794
6115,19:31:37.327,2075,0.0134,1.6722
6116,19:31:37.328,2067,0.0095,1.6657
6117,19:31:37.328,2062,0.0071,1.6617
6118,19:31:37.329,2067,0.0095,1.6657
6119,19:31:37.329,2069,0.0105,1.6673
6120,19:31:37.330,2067,0.0095,1.6657
6121,19:31:37.330,2062,0.0071,1.6617
6122,19:31:37.331,2076,0.0139,1.6730
6123,19:31:37.331,2082,0.0168,1.6778
6124,19:31:37.332,2075,0.0134,1.6722
6125,19:31:37.332,2065,0.0085,1.6641
6126,19:31:37.333,2063,0.0076,1.6625
6127,19:31:37.333,2068,0.0100,1.6665
6128,19:31:37.334,2067,0.0095,1.6657
6129,19:31:37.334,2064,0.0081,1.6633
6130,19:31:37.335,2062,0.0071,1.6617
6131,19:31:37.335,2075,0.0134,1.6722
6132,19:31:37.336,2081,0.0164,1.6770
6133,19:31:37.336,2075,0.0134,1.6722
6134,19:31:37.337,2069,0.0105,1.6673
6135,19:31:37.337,2059,0.0056,1.6593
6136,19:31:37.338,2067,0.0095,1.6657
6137,19:31:37.338,2068,0.0100,1.6665
6138,19:31:37.339,2060,0.0061,1.6601
6139,19:31:37.339,2066,0.0090,1.6649
6140,19:31:37.340,2066,0.0090,1.6649
6141,19:31:37.340,2084,0.0178,1.6794
6142,19:31:37.341,2075,0.0134,1.6722
6143,19:31:37.341,2066,0.0090,1.6649
6144,19:31:37.342,2059,0.0056,1.6593
6145,19:31:37.342,2066,0.0090,1.6649
6146,19:31:37.343,2071,0.0115,1.6689
6147,19:31:37.343,2062,0.0071,1.6617
6148,19:31:37.344,2061,0.0066,1.6609
6149,19:31:37.344,2062,0.0071,1.6617
6150,19:31:37.345,2077,0.0144,1.6738
6151,19:31:37.345,2072,0.0120,1.6697
6152,19:31:37.346,2070,0.0110,1.6681
6153,19:31:37.346,2058,0.0051,1.6585
6154,19:31:37.347,2067,0.0095,1.6657
6155,19:31:37.347,2071,0.0115,1.6689
6156,19:31:37.348,2065,0.0085,1.6641
6157,19:31:37.348,2065,0.0085,1.6641
6158,19:31:37.349,2062,0.0071,1.6617
6159,19:31:37.349,2077,0.0144,1.6738
6160,19:31:37.350,2073,0.0125,1.6705
6161,19:31:37.350,2069,0.0105,1.6673
6162,19:31:37.351,2062,0.0071,1.6617
6163,19:31:37.351,2067,0.0095,1.6657
6164,19:31:37.352,2074,0.0129,1.6714
6165,19:31:37.352,2068,0.0100,1.6665
6166,19:31:37.353,2065,0.0085,1.6641
6167,19:31:37.353,2058,0.0051,1.6585
6168,19:31:37.354,2072,0.0120,1.6697
6169,19:31:37.354,2068,0.0100,1.6665
6170,19:31:37.355,2067,0.0095,1.6657
6171,19:31:37.355,2059,0.0056,1.6593
6172,19:31:37.356,2073,0.0125,1.6705
6173,19:31:37.356,2079,0.0154,1.6754
6174,19:31:37.357,2071,0.0115,1.6689
6175,19:31:37.357,2064,0.0081,1.6633
6176,19:31:37.358,2060,0.0061,1.6601
6177,19:31:37.358,2071,0.0115,1.6689
6178,19:31:37.359,2066,0.0090,1.6649
6179,19:31:37.359,2068,0.0100,1.6665
6180,19:31:37.360,2060,0.0061,1.6601
6181,19:31:37.360,2075,0.0134,1.6722
6182,19:31:37.361,2079,0.0154,1.6754
6183,19:31:37.361,2074,0.0129,1.6714
6184,19:31:37.362,2064,0.0081,1.6633
6185,19:31:37.362,2058,0.0051,1.6585
6186,19:31:37.363,2072,0.0120,1.6697
6187,19:31:37.363,2064,0.0081,1.6633
6188,19:31:37.364,2066,0.0090,1.6649
6189,19:31:37.364,2058,0.0051,1.6585
6190,19:31:37.365,2076,0.0139,1.6730
6191,19:31:37.365,2079,0.0154,1.6754
6192,19:31:37.366,2075,0.0134,1.6722
6193,19:31:37.366,2067,0.0095,1.6657
6194,19:31:37.367,2059,0.0056,1.6593
6195,19:31:37.367,2070,0.0110,1.6681
6196,19:31:37.368,2068,0.0100,1.6665
6197,19:31:37.368,2063,0.0076,1.6625
6198,19:31:37.369,2057,0.0046,1.6577
6199,19:31:37.369,2071,0.0115,1.6689
6200,19:31:37.370,2083,0.0173,1.6786
6201,19:31:37.370,2074,0.0129,1.6714
6202,19:31:37.371,2066,0.0090,1.6649
6203,19:31:37.371,2062,0.0071,1.6617
6204,19:31:37.372,2072,0.0120,1.6697
6205,19:31:37.372,2066,0.0090,1.6649
6206,19:31:37.373,2068,0.0100,1.6665
6207,19:31:37.373,2058,0.0051,1.6585
6208,19:31:37.374,2074,0.0129,1.6714
6209,19:31:37.374,2080,0.0159,1.6762
6210,19:31:37.375,2077,0.0144,1.6738
6211,19:31:37.375,2067,0.0095,1.6657
6212,19:31:37.376,2060,0.0061,1.6601
6213,19:31:37.376,2071,0.0115,1.6689
6214,19:31:37.377,2068,0.0100,1.6665
6215,19:31:37.377,2071,0.0115,1.6689
6216,19:31:37.378,2061,0.0066,1.6609
6217,19:31:37.378,2068,0.0100,1.6665
6218,19:31:37.379,2078,0.0149,1.6746
6219,19:31:37.379,2077,0.0144,1.6738
6220,19:31:37.380,2072,0.0120,1.6697
6221,19:31:37.380,2061,0.0066,1.6609
6222,19:31:37.381,2068,0.0100,1.6665
6223,19:31:37.381,2068,0.0100,1.6665
6224,19:31:37.382,2070,0.0110,1.6681
6225,19:31:37.382,2064,0.0081,1.6633
6226,19:31:37.383,2065,0.0085,1.6641
6227,19:31:37.383,2079,0.0154,1.6754
6228,19:31:37.384,2072,0.0120,1.6697
6229,19:31:37.384,2072,0.0120,1.6697
6230,19:31:37.385,2061,0.0066,1.6609
6231,19:31:37.385,2068,0.0100,1.6665
6232,19:31:37.386,2073,0.0125,1.6705
6233,19:31:37.386,2071,0.0115,1.6689
6234,19:31:37.387,2066,0.0090,1.6649
6235,19:31:37.387,2061,0.0066,1.6609
6236,19:31:37.388,2075,0.0134,1.6722
6237,19:31:37.388,2072,0.0120,1.6697
6238,19:31:37.389,2070,0.0110,1.6681
6239,19:31:37.389,2057,0.0046,1.6577
6240,19:31:37.390,2068,0.0100,1.6665
6241,19:31:37.390,2074,0.0129,1.6714
6242,19:31:37.391,2071,0.0115,1.6689
6243,19:31:37.391,2070,0.0110,1.6681
6244,19:31:37.392,2059,0.0056,1.6593
6245,19:31:37.392,2076,0.0139,1.6730
6246,19:31:37.393,2069,0.0105,1.6673
6247,19:31:37.393,2072,0.0120,1.6697
6248,19:31:37.394,2058,0.0051,1.6585
6249,19:31:37.394,2072,0.0120,1.6697
6250,19:31:37.395,2074,0.0129,1.6714
6251,19:31:37.395,2073,0.0125,1.6705
6252,19:31:37.396,2068,0.0100,1.6665
6253,19:31:37.396,2057,0.0046,1.6577
6254,19:31:37.397,2077,0.0144,1.6738
6255,19:31:37.397,2070,0.0110,1.6681
6256,19:31:37.398,2071,0.0115,1.6689
6257,19:31:37.398,2057,0.0046,1.6577
6258,19:31:37.399,2073,0.0125,1.6705
6259,19:31:37.399,2077,0.0144,1.6738
6260,19:31:37.400,2073,0.0125,1.6705
6261,19:31:37.400,2071,0.0115,1.6689
6262,19:31:37.401,2059,0.0056,1.6593
6263,19:31:37.401,2072,0.0120,1.6697
6264,19:31:37.402,2068,0.0100,1.6665
6265,19:31:37.402,2068,0.0100,1.6665
6266,19:31:37.403,2055,0.0037,1.6560
6267,19:31:37.403,2074,0.0129,1.6714
6268,19:31:37.404,2079,0.0154,1.6754
6269,19:31:37.404,2076,0.0139,1.6730
6270,19:31:37.405,2069,0.0105,1.6673
6271,19:31:37.405,2057,0.0046,1.6577
6272,19:31:37.406,2073,0.0125,1.6705
6273,19:31:37.406,2065,0.0085,1.6641
6274,19:31:37.407,2070,0.0110,1.6681
6275,19:31:37.407,2059,0.0056,1.6593
6276,19:31:37.408,2073,0.0125,1.6705
6277,19:31:37.408,2079,0.0154,1.6754
6278,19:31:37.409,2077,0.0144,1.6738
6279,19:31:37.409,2066,0.0090,1.6649
6280,19:31:37.410,2057,0.0046,1.6577
6281,19:31:37.410,2071,0.0115,1.6689
6282,19:31:37.411,2066,0.0090,1.6649
6283,19:31:37.411,2066,0.0090,1.6649
6284,19:31:37.412,2061,0.0066,1.6609
6285,19:31:37.412,2074,0.0129,1.6714
6286,19:31:37.413,2082,0.0168,1.6778
6287,19:31:37.413,2078,0.0149,1.6746
6288,19:31:37.414,2068,0.0100,1.6665
6289,19:31:37.414,2056,0.0042,1.6568
6290,19:31:37.415,2069,0.0105,1.6673
6291,19:31:37.415,2069,0.0105,1.6673
6292,19:31:37.416,2070,0.0110,1.6681
6293,19:31:37.416,2061,0.0066,1.6609
6294,19:31:37.417,2070,0.0110,1.6681
6295,19:31:37.417,2079,0.0154,1.6754
6296,19:31:37.418,2075,0.0134,1.6722
6297,19:31:37.418,2071,0.0115,1.6689
6298,19:31:37.419,2061,0.0066,1.6609
6299,19:31:37.419,2066,0.0090,1.6649
6300,19:31:37.420,2070,0.0110,1.6681
6301,19:31:37.420,2074,0.0129,1.6714
6302,19:31:37.421,2063,0.0076,1.6625
6303,19:31:37.421,2060,0.0061,1.6601
6304,19:31:37.422,2082,0.0168,1.6778
6305,19:31:37.422,2076,0.0139,1.6730
6306,19:31:37.423,2071,0.0115,1.6689
6307,19:31:37.423,2055,0.0037,1.6560
6308,19:31:37.424,2069,0.0105,1.6673
6309,19:31:37.424,2071,0.0115,1.6689
6310,19:31:37.425,2073,0.0125,1.6705
6311,19:31:37.425,2070,0.0110,1.6681
6312,19:31:37.426,2051,0.0017,1.6528
6313,19:31:37.426,2085,0.0183,1.6802
6314,19:31:37.427,2070,0.0110,1.6681
6315,19:31:37.427,2066,0.0090,1.6649
6316,19:31:37.428,2055,0.0037,1.6560
6317,19:31:37.428,2068,0.0100,1.6665
6318,19:31:37.429,2078,0.0149,1.6746
6319,19:31:37.429,2065,0.0085,1.6641
6320,19:31:37.430,2070,0.0110,1.6681
6321,19:31:37.430,2061,0.0066,1.6609
6322,19:31:37.431,2078,0.0149,1.6746
6323,19:31:37.431,2077,0.0144,1.6738
6324,19:31:37.432,2062,0.0071,1.6617
6325,19:31:37.432,2064,0.0081,1.6633
6326,19:31:37.433,2072,0.0120,1.6697
6327,19:31:37.433,2078,0.0149,1.6746
6328,19:31:37.434,2064,0.0081,1.6633
6329,19:31:37.434,2064,0.0081,1.6633
6330,19:31:37.435,2062,0.0071,1.6617
6331,19:31:37.435,2075,0.0134,1.6722
6332,19:31:37.436,2073,0.0125,1.6705
6333,19:31:37.436,2063,0.0076,1.6625
6334,19:31:37.437,2063,0.0076,1.6625
6335,19:31:37.437,2068,0.0100,1.6665
6336,19:31:37.438,2073,0.0125,1.6705
6337,19:31:37.438,2064,0.0081,1.6633
6338,19:31:37.439,2063,0.0076,1.6625
6339,19:31:37.439,2067,0.0095,1.6657
6340,19:31:37.440,2072,0.0120,1.6697
6341,19:31:37.440,2074,0.0129,1.6714
6342,19:31:37.441,2061,0.0066,1.6609
6343,19:31:37.441,2068,0.0100,1.6665
6344,19:31:37.442,2072,0.0120,1.6697
6345,19:31:37.442,2076,0.0139,1.6730
6346,19:31:37.443,2069,0.0105,1.6673
6347,19:31:37.443,2062,0.0071,1.6617
6348,19:31:37.444,2064,0.0081,1.6633
6349,19:31:37.444,2069,0.0105,1.6673
6350,19:31:37.445,2067,0.0095,1.6657
6351,19:31:37.445,2065,0.0085,1.6641
6352,19:31:37.446,2066,0.0090,1.6649
6353,19:31:37.446,2071,0.0115,1.6689
6354,19:31:37.447,2074,0.0129,1.6714
6355,19:31:37.447,2069,0.0105,1.6673
6356,19:31:37.448,2061,0.0066,1.6609
6357,19:31:37.448,2068,0.0100,1.6665
6358,19:31:37.449,2068,0.0100,1.6665
6359,19:31:37.449,2067,0.0095,1.6657
6360,19:31:37.450,2066,0.0090,1.6649
6361,19:31:37.450,2066,0.0090,1.6649
6362,19:31:37.451,2069,0.0105,1.6673
6363,19:31:37.451,2068,0.0100,1.6665
6364,19:31:37.452,2069,0.0105,1.6673
6365,19:31:37.452,2066,0.0090,1.6649
6366,19:31:37.453,2064,0.0081,1.6633
6367,19:31:37.453,2072,0.0120,1.6697
6368,19:31:37.454,2069,0.0105,1.6673
6369,19:31:37.454,2065,0.0085,1.6641
6370,19:31:37.455,2069,0.0105,1.6673
6371,19:31:37.455,2071,0.0115,1.6689
6372,19:31:37.456,2068,0.0100,1.6665
6373,19:31:37.456,2067,0.0095,1.6657
6374,19:31:37.457,2066,0.0090,1.6649
6375,19:31:37.457,2062,0.0071,1.6617
6376,19:31:37.458,2069,0.0105,1.6673
6377,19:31:37.458,2070,0.0110,1.6681
6378,19:31:37.459,2068,0.0100,1.6665
6379,19:31:37.459,2067,0.0095,1.6657
6380,19:31:37.460,2070,0.0110,1.6681
6381,19:31:37.460,2068,0.0100,1.6665
6382,19:31:37.461,2066,0.0090,1.6649
6383,19:31:37.461,2064,0.0081,1.6633
6384,19:31:37.462,2065,0.0085,1.6641
6385,19:31:37.462,2071,0.0115,1.6689
6386,19:31:37.463,2071,0.0115,1.6689
6387,19:31:37.463,2072,0.0120,1.6697
6388,19:31:37.464,2067,0.0095,1.6657
6389,19:31:37.464,2068,0.0100,1.6665
6390,19:31:37.465,2069,0.0105,1.6673
6391,19:31:37.465,2072,0.0120,1.6697
6392,19:31:37.466,2065,0.0085,1.6641
6393,19:31:37.466,2063,0.0076,1.6625
6394,19:31:37.467,2069,0.0105,1.6673
6395,19:31:37.467,2071,0.0115,1.6689
6396,19:31:37.468,2068,0.0100,1.6665
6397,19:31:37.468,2066,0.0090,1.6649
6398,19:31:37.469,2067,0.0095,1.6657
6399,19:31:37.469,2071,0.0115,1.6689
6400,19:31:37.470,2071,0.0115,1.6689
6401,19:31:37.470,2068,0.0100,1.6665
6402,19:31:37.471,2067,0.0095,1.6657
6403,19:31:37.471,2069,0.0105,1.6673
6404,19:31:37.472,2073,0.0125,1.6705
6405,19:31:37.472,2072,0.0120,1.6697
6406,19:31:37.473,2070,0.0110,1.6681
6407,19:31:37.473,2065,0.0085,1.6641
6408,19:31:37.474,2068,0.0100,1.6665
6409,19:31:37.474,2071,0.0115,1.6689
6410,19:31:37.475,2067,0.0095,1.6657
6411,19:31:37.475,2066,0.0090,1.6649
6412,19:31:37.476,2067,0.0095,1.6657
6413,19:31:37.476,2073,0.0125,1.6705
6414,19:31:37.477,2072,0.0120,1.6697
6415,19:31:37.477,2067,0.0095,1.6657
6416,19:31:37.478,2065,0.0085,1.6641
6417,19:31:37.478,2069,0.0105,1.6673
6418,19:31:37.479,2068,0.0100,1.6665
6419,19:31:37.479,2069,0.0105,1.6673
6420,19:31:37.480,2069,0.0105,1.6673
6421,19:31:37.480,2068,0.0100,1.6665
6422,19:31:37.481,2071,0.0115,1.6689
6423,19:31:37.481,2068,0.0100,1.6665
6424,19:31:37.482,2066,0.0090,1.6649
6425,19:31:37.482,2067,0.0095,1.6657
6426,19:31:37.483,2071,0.0115,1.6689
6427,19:31:37.483,2067,0.0095,1.6657
6428,19:31:37.484,2067,0.0095,1.6657
6429,19:31:37.484,2069,0.0105,1.6673
6430,19:31:37.485,2070,0.0110,1.6681
6431,19:31:37.485,2072,0.0120,1.6697
6432,19:31:37.486,2073,0.0125,1.6705
6433,19:31:37.486,2069,0.0105,1.6673
6434,19:31:37.487,2069,0.0105,1.6673
6435,19:31:37.487,2068,0.0100,1.6665
6436,19:31:37.488,2072,0.0120,1.6697
6437,19:31:37.488,2071,0.0115,1.6689
6438,19:31:37.489,2072,0.0120,1.6697
6439,19:31:37.489,2069,0.0105,1.6673
6440,19:31:37.490,2070,0.0110,1.6681
6441,19:31:37.490,2070,0.0110,1.6681
6442,19:31:37.491,2068,0.0100,1.6665
6443,19:31:37.491,2066,0.0090,1.6649
6444,19:31:37.492,2070,0.0110,1.6681
6445,19:31:37.492,2071,0.0115,1.6689
6446,19:31:37.493,2068,0.0100,1.6665
6447,19:31:37.493,2066,0.0090,1.6649
6448,19:31:37.494,2070,0.0110,1.6681
6449,19:31:37.494,2072,0.0120,1.6697
6450,19:31:37.495,2072,0.0120,1.6697
6451,19:31:37.495,2069,0.0105,1.6673
6452,19:31:37.496,2066,0.0090,1.6649
6453,19:31:37.496,2066,0.0090,1.6649
6454,19:31:37.497,2074,0.0129,1.6714
6455,19:31:37.497,2068,0.0100,1.6665
6456,19:31:37.498,2069,0.0105,1.6673
6457,19:31:37.498,2089,0.0203,1.6834
6458,19:31:37.499,2059,0.0056,1.6593
6459,19:31:37.499,2052,0.0022,1.6536
6460,19:31:37.500,2093,0.0222,1.6867
6461,19:31:37.500,2072,0.0120,1.6697
6462,19:31:37.501,2076,0.0139,1.6730
6463,19:31:37.501,2037,-0.0051,1.6415
6464,19:31:37.502,2075,0.0134,1.6722
6465,19:31:37.502,2075,0.0134,1.6722
6466,19:31:37.503,2095,0.0232,1.6883
6467,19:31:37.503,2052,0.0022,1.6536
6468,19:31:37.504,2050,0.0012,1.6520
6469,19:31:37.504,2099,0.0252,1.6915
6470,19:31:37.505,2060,0.0061,1.6601
6471,19:31:37.505,2086,0.0188,1.6810
6472,19:31:37.506,2022,-0.0125,1.6295
6473,19:31:37.506,2081,0.0164,1.6770
6474,19:31:37.507,2078,0.0149,1.6746
6475,19:31:37.507,2098,0.0247,1.6907
6476,19:31:37.508,2055,0.0037,1.6560
6477,19:31:37.508,2037,-0.0051,1.6415
6478,19:31:37.509,2110,0.0305,1.7004
6479,19:31:37.509,2062,0.0071,1.6617
6480,19:31:37.510,2074,0.0129,1.6714
6481,19:31:37.510,2025,-0.0110,1.6319
6482,19:31:37.511,2078,0.0149,1.6746
6483,19:31:37.511,2088,0.0198,1.6826
6484,19:31:37.512,2092,0.0217,1.6859
6485,19:31:37.512,2067,0.0095,1.6657
6486,19:31:37.513,2033,-0.0071,1.6383
6487,19:31:37.513,2107,0.0291,1.6979
6488,19:31:37.514,2063,0.0076,1.6625
6489,19:31:37.514,2066,0.0090,1.6649
6490,19:31:37.515,2027,-0.0100,1.6335
6491,19:31:37.515,2075,0.0134,1.6722
6492,19:31:37.516,2091,0.0212,1.6851
6493,19:31:37.516,2091,0.0212,1.6851
6494,19:31:37.517,2067,0.0095,1.6657
6495,19:31:37.517,2027,-0.0100,1.6335
6496,19:31:37.518,2102,0.0266,1.6939
6497,19:31:37.518,2068,0.0100,1.6665
6498,19:31:37.519,2066,0.0090,1.6649
6499,19:31:37.519,2032,-0.0076,1.6375
6500,19:31:37.520,2074,0.0129,1.6714
6501,19:31:37.520,2096,0.0237,1.6891
6502,19:31:37.521,2089,0.0203,1.6834
6503,19:31:37.521,2078,0.0149,1.6746
6504,19:31:37.522,2027,-0.0100,1.6335
6505,19:31:37.522,2098,0.0247,1.6907
6506,19:31:37.523,2074,0.0129,1.6714
6507,19:31:37.523,2067,0.0095,1.6657
6508,19:31:37.524,2033,-0.0071,1.6383
6509,19:31:37.524,2068,0.0100,1.6665
6510,19:31:37.525,2100,0.0256,1.6923
6511,19:31:37.525,2080,0.0159,1.6762
6512,19:31:37.526,2080,0.0159,1.6762
6513,19:31:37.526,2023,-0.0120,1.6303
6514,19:31:37.527,2093,0.0222,1.6867
6515,19:31:37.527,2079,0.0154,1.6754
6516,19:31:37.528,2066,0.0090,1.6649
6517,19:31:37.528,2035,-0.0061,1.6399
6518,19:31:37.529,2064,0.0081,1.6633
6519,19:31:37.529,2111,0.0310,1.7012
6520,19:31:37.530,2078,0.0149,1.6746
6521,19:31:37.530,2082,0.0168,1.6778
6522,19:31:37.531,2024,-0.0115,1.6311
6523,19:31:37.531,2089,0.0203,1.6834
6524,19:31:37.532,2084,0.0178,1.6794
6525,19:31:37.532,2068,0.0100,1.6665
6526,19:31:37.533,2041,-0.0032,1.6448
6527,19:31:37.533,2060,0.0061,1.6601
6528,19:31:37.534,2114,0.0325,1.7036
6529,19:31:37.534,2070,0.0110,1.6681
6530,19:31:37.535,2080,0.0159,1.6762
6531,19:31:37.535,2027,-0.0100,1.6335
6532,19:31:37.536,2087,0.0193,1.6818
6533,19:31:37.536,2089,0.0203,1.6834
6534,19:31:37.537,2072,0.0120,1.6697
6535,19:31:37.537,2046,-0.0007,1.6488
6536,19:31:37.538,2053,0.0027,1.6544
6537,19:31:37.538,2121,0.0359,1.7092
6538,19:31:37.539,2065,0.0085,1.6641
6539,19:31:37.539,2075,0.0134,1.6722
6540,19:31:37.540,2026,-0.0105,1.6327
6541,19:31:37.540,2085,0.0183,1.6802
6542,19:31:37.541,2090,0.0208,1.6842
6543,19:31:37.541,2075,0.0134,1.6722
6544,19:31:37.542,2050,0.0012,1.6520
6545,19:31:37.542,2042,-0.0027,1.6456
6546,19:31:37.543,2122,0.0364,1.7100
6547,19:31:37.543,2067,0.0095,1.6657
6548,19:31:37.544,2072,0.0120,1.6697
6549,19:31:37.544,2028,-0.0095,1.6343
6550,19:31:37.545,2079,0.0154,1.6754
6551,19:31:37.545,2092,0.0217,1.6859
6552,19:31:37.546,2077,0.0144,1.6738
6553,19:31:37.546,2060,0.0061,1.6601
6554,19:31:37.547,2039,-0.0042,1.6432
6555,19:31:37.547,2114,0.0325,1.7036
6556,19:31:37.548,2064,0.0081,1.6633
6557,19:31:37.548,2066,0.0090,1.6649
6558,19:31:37.549,2034,-0.0066,1.6391
6559,19:31:37.549,2078,0.0149,1.6746
6560,19:31:37.550,2094,0.0227,1.6875
6561,19:31:37.550,2080,0.0159,1.6762
6562,19:31:37.551,2067,0.0095,1.6657
6563,19:31:37.551,2034,-0.0066,1.6391
6564,19:31:37.552,2104,0.0276,1.6955
6565,19:31:37.552,2065,0.0085,1.6641
6566,19:31:37.553,2058,0.0051,1.6585
6567,19:31:37.553,2037,-0.0051,1.6415
6568,19:31:37.554,2076,0.0139,1.6730
6569,19:31:37.554,2096,0.0237,1.6891
6570,19:31:37.555,2080,0.0159,1.6762
6571,19:31:37.555,2070,0.0110,1.6681
6572,19:31:37.556,2030,-0.0085,1.6359
6573,19:31:37.556,2096,0.0237,1.6891
6574,19:31:37.557,2063,0.0076,1.6625
6575,19:31:37.557,2059,0.0056,1.6593
6576,19:31:37.558,2040,-0.0037,1.6440
6577,19:31:37.558,2069,0.0105,1.6673
6578,19:31:37.559,2100,0.0256,1.6923
6579,19:31:37.559,2078,0.0149,1.6746
6580,19:31:37.560,2079,0.0154,1.6754
6581,19:31:37.560,2028,-0.0095,1.6343
6582,19:31:37.561,2089,0.0203,1.6834
6583,19:31:37.561,2071,0.0115,1.6689
6584,19:31:37.562,2060,0.0061,1.6601
6585,19:31:37.562,2044,-0.0017,1.6472
6586,19:31:37.563,2064,0.0081,1.6633
6587,19:31:37.563,2102,0.0266,1.6939
6588,19:31:37.564,2075,0.0134,1.6722
6589,19:31:37.564,2083,0.0173,1.6786
6590,19:31:37.565,2027,-0.0100,1.6335
6591,19:31:37.565,2080,0.0159,1.6762
6592,19:31:37.566,2074,0.0129,1.6714
6593,19:31:37.566,2066,0.0090,1.6649
6594,19:31:37.567,2043,-0.0022,1.6464
6595,19:31:37.567,2059,0.0056,1.6593
6596,19:31:37.568,2109,0.0300,1.6996
6597,19:31:37.568,2074,0.0129,1.6714
6598,19:31:37.569,2082,0.0168,1.6778
6599,19:31:37.569,2030,-0.0085,1.6359
6600,19:31:37.570,2079,0.0154,1.6754
6601,19:31:37.570,2082,0.0168,1.6778
6602,19:31:37.571,2071,0.0115,1.6689
6603,19:31:37.571,2050,0.0012,1.6520
6604,19:31:37.572,2055,0.0037,1.6560
6605,19:31:37.572,2114,0.0325,1.7036
6606,19:31:37.573,2068,0.0100,1.6665
6607,19:31:37.573,2080,0.0159,1.6762
6608,19:31:37.574,2031,-0.0081,1.6367
6609,19:31:37.574,2076,0.0139,1.6730
6610,19:31:37.575,2087,0.0193,1.6818
6611,19:31:37.575,2073,0.0125,1.6705
6612,19:31:37.576,2055,0.0037,1.6560
6613,19:31:37.576,2045,-0.0012,1.6480
6614,19:31:37.577,2113,0.0320,1.7028
6615,19:31:37.577,2063,0.0076,1.6625
6616,19:31:37.578,2075,0.0134,1.6722
6617,19:31:37.578,2031,-0.0081,1.6367
6618,19:31:37.579,2080,0.0159,1.6762
6619,19:31:37.579,2092,0.0217,1.6859
6620,19:31:37.580,2078,0.0149,1.6746
6621,19:31:37.580,2059,0.0056,1.6593
6622,19:31:37.581,2042,-0.0027,1.6456
6623,19:31:37.581,2111,0.0310,1.7012
6624,19:31:37.582,2060,0.0061,1.6601
6625,19:31:37.582,2073,0.0125,1.6705
6626,19:31:37.583,2032,-0.0076,1.6375
6627,19:31:37.583,2081,0.0164,1.6770
6628,19:31:37.584,2094,0.0227,1.6875
6629,19:31:37.584,2082,0.0168,1.6778
6630,19:31:37.585,2068,0.0100,1.6665
6631,19:31:37.585,2033,-0.0071,1.6383
6632,19:31:37.586,2107,0.0291,1.6979
6633,19:31:37.586,2061,0.0066,1.6609
6634,19:31:37.587,2064,0.0081,1.6633
6635,19:31:37.587,2036,-0.0056,1.6407
6636,19:31:37.588,2080,0.0159,1.6762
6637,19:31:37.588,2098,0.0247,1.6907
6638,19:31:37.589,2081,0.0164,1.6770
6639,19:31:37.589,2071,0.0115,1.6689
6640,19:31:37.590,2033,-0.0071,1.6383
6641,19:31:37.590,2099,0.0252,1.6915
6642,19:31:37.591,2065,0.0085,1.6641
6643,19:31:37.591,2065,0.0085,1.6641
6644,19:31:37.592,2042,-0.0027,1.6456
6645,19:31:37.592,2070,0.0110,1.6681
6646,19:31:37.593,2099,0.0252,1.6915
6647,19:31:37.593,2081,0.0164,1.6770
6648,19:31:37.594,2076,0.0139,1.6730
6649,19:31:37.594,2033,-0.0071,1.6383
6650,19:31:37.595,2090,0.0208,1.6842
6651,19:31:37.595,2067,0.0095,1.6657
6652,19:31:37.596,2064,0.0081,1.6633
6653,19:31:37.596,2047,-0.0002,1.6496
6654,19:31:37.597,2071,0.0115,1.6689
6655,19:31:37.597,2102,0.0266,1.6939
6656,19:31:37.598,2082,0.0168,1.6778
6657,19:31:37.598,2083,0.0173,1.6786
6658,19:31:37.599,2033,-0.0071,1.6383
6659,19:31:37.599,2084,0.0178,1.6794
6660,19:31:37.600,2075,0.0134,1.6722
6661,19:31:37.600,2063,0.0076,1.6625
6662,19:31:37.601,2054,0.0032,1.6552
6663,19:31:37.601,2062,0.0071,1.6617
6664,19:31:37.602,2105,0.0281,1.6963
6665,19:31:37.602,2075,0.0134,1.6722
6666,19:31:37.603,2084,0.0178,1.6794
6667,19:31:37.603,2032,-0.0076,1.6375
6668,19:31:37.604,2076,0.0139,1.6730
6669,19:31:37.604,2079,0.0154,1.6754
6670,19:31:37.605,2066,0.0090,1.6649
6671,19:31:37.605,2055,0.0037,1.6560
6672,19:31:37.606,2058,0.0051,1.6585
6673,19:31:37.606,2105,0.0281,1.6963
6674,19:31:37.607,2073,0.0125,1.6705
6675,19:31:37.607,2083,0.0173,1.6786
6676,19:31:37.608,2033,-0.0071,1.6383
6677,19:31:37.608,2069,0.0105,1.6673
6678,19:31:37.609,2087,0.0193,1.6818
6679,19:31:37.609,2066,0.0090,1.6649
6680,19:31:37.610,2058,0.0051,1.6585
6681,19:31:37.610,2051,0.0017,1.6528
6682,19:31:37.611,2107,0.0291,1.6979
6683,19:31:37.611,2069,0.0105,1.6673
6684,19:31:37.612,2077,0.0144,1.6738
6685,19:31:37.612,2035,-0.0061,1.6399
6686,19:31:37.613,2070,0.0110,1.6681
6687,19:31:37.613,2088,0.0198,1.6826
6688,19:31:37.614,2073,0.0125,1.6705
6689,19:31:37.614,2063,0.0076,1.6625
6690,19:31:37.615,2045,-0.0012,1.6480
6691,19:31:37.615,2110,0.0305,1.7004
6692,19:31:37.616,2066,0.0090,1.6649
6693,19:31:37.616,2076,0.0139,1.6730
6694,19:31:37.617,2036,-0.0056,1.6407
6695,19:31:37.617,2068,0.0100,1.6665
6696,19:31:37.618,2089,0.0203,1.6834
6697,19:31:37.618,2075,0.0134,1.6722
6698,19:31:37.619,2064,0.0081,1.6633
6699,19:31:37.619,2041,-0.0032,1.6448
6700,19:31:37.620,2106,0.0286,1.6971
6701,19:31:37.620,2067,0.0095,1.6657
6702,19:31:37.621,2072,0.0120,1.6697
6703,19:31:37.621,2036,-0.0056,1.6407
6704,19:31:37.622,2071,0.0115,1.6689
6705,19:31:37.622,2092,0.0217,1.6859
6706,19:31:37.623,2076,0.0139,1.6730
6707,19:31:37.623,2071,0.0115,1.6689
6708,19:31:37.624,2038,-0.0046,1.6423
6709,19:31:37.624,2100,0.0256,1.6923
6710,19:31:37.625,2066,0.0090,1.6649
6711,19:31:37.625,2068,0.0100,1.6665
6712,19:31:37.626,2042,-0.0027,1.6456
6713,19:31:37.626,2074,0.0129,1.6714
6714,19:31:37.627,2098,0.0247,1.6907
6715,19:31:37.627,2081,0.0164,1.6770
6716,19:31:37.628,2073,0.0125,1.6705
6717,19:31:37.628,2037,-0.0051,1.6415
6718,19:31:37.629,2094,0.0227,1.6875
6719,19:31:37.629,2066,0.0090,1.6649
6720,19:31:37.630,2066,0.0090,1.6649
6721,19:31:37.630,2046,-0.0007,1.6488
6722,19:31:37.631,2070,0.0110,1.6681
6723,19:31:37.631,2102,0.0266,1.6939
6724,19:31:37.632,2078,0.0149,1.6746
6725,19:31:37.632,2076,0.0139,1.6730
6726,19:31:37.633,2035,-0.0061,1.6399
6727,19:31:37.633,2087,0.0193,1.6818
6728,19:31:37.634,2072,0.0120,1.6697
6729,19:31:37.634,2063,0.0076,1.6625
6730,19:31:37.635,2049,0.0007,1.6512
6731,19:31:37.635,2066,0.0090,1.6649
6732,19:31:37.636,2106,0.0286,1.6971
6733,19:31:37.636,2074,0.0129,1.6714
6734,19:31:37.637,2082,0.0168,1.6778
6735,19:31:37.637,2031,-0.0081,1.6367
6736,19:31:37.638,2077,0.0144,1.6738
6737,19:31:37.638,2077,0.0144,1.6738
6738,19:31:37.639,2063,0.0076,1.6625
6739,19:31:37.639,2058,0.0051,1.6585
6740,19:31:37.640,2065,0.0085,1.6641
6741,19:31:37.640,2108,0.0295,1.6988
6742,19:31:37.641,2071,0.0115,1.6689
6743,19:31:37.641,2080,0.0159,1.6762
6744,19:31:37.642,2033,-0.0071,1.6383
6745,19:31:37.642,2068,0.0100,1.6665
6746,19:31:37.643,2076,0.0139,1.6730
6747,19:31:37.643,2065,0.0085,1.6641
6748,19:31:37.644,2065,0.0085,1.6641
6749,19:31:37.644,2056,0.0042,1.6568
6750,19:31:37.645,2110,0.0305,1.7004
6751,19:31:37.645,2070,0.0110,1.6681
6752,19:31:37.646,2082,0.0168,1.6778
6753,19:31:37.646,2036,-0.0056,1.6407
6754,19:31:37.647,2067,0.0095,1.6657
6755,19:31:37.647,2086,0.0188,1.6810
6756,19:31:37.648,2070,0.0110,1.6681
6757,19:31:37.648,2067,0.0095,1.6657
6758,19:31:37.649,2052,0.0022,1.6536
6759,19:31:37.649,2104,0.0276,1.6955
6760,19:31:37.650,2070,0.0110,1.6681
6761,19:31:37.650,2077,0.0144,1.6738
6762,19:31:37.651,2039,-0.0042,1.6432
6763,19:31:37.651,2064,0.0081,1.6633
6764,19:31:37.652,2089,0.0203,1.6834
6765,19:31:37.652,2070,0.0110,1.6681
6766,19:31:37.653,2071,0.0115,1.6689
6767,19:31:37.653,2041,-0.0032,1.6448
6768,19:31:37.654,2104,0.0276,1.6955
6769,19:31:37.654,2066,0.0090,1.6649
6770,19:31:37.655,2072,0.0120,1.6697
6771,19:31:37.655,2042,-0.0027,1.6456
6772,19:31:37.656,2067,0.0095,1.6657
6773,19:31:37.656,2091,0.0212,1.6851
6774,19:31:37.657,2073,0.0125,1.6705
6775,19:31:37.657,2073,0.0125,1.6705
6776,19:31:37.658,2036,-0.0056,1.6407
6777,19:31:37.658,2097,0.0242,1.6899
6778,19:31:37.659,2068,0.0100,1.6665
6779,19:31:37.659,2072,0.0120,1.6697
6780,19:31:37.660,2042,-0.0027,1.6456
6781,19:31:37.660,2066,0.0090,1.6649
6782,19:31:37.661,2095,0.0232,1.6883
6783,19:31:37.661,2078,0.0149,1.6746
6784,19:31:37.662,2072,0.0120,1.6697
6785,19:31:37.662,2038,-0.0046,1.6423
6786,19:31:37.663,2093,0.0222,1.6867
6787,19:31:37.663,2065,0.0085,1.6641
6788,19:31:37.664,2063,0.0076,1.6625
6789,19:31:37.664,2048,0.0002,1.6504
6790,19:31:37.665,2065,0.0085,1.6641
6791,19:31:37.665,2101,0.0261,1.6931
6792,19:31:37.666,2076,0.0139,1.6730
6793,19:31:37.666,2076,0.0139,1.6730
6794,19:31:37.667,2035,-0.0061,1.6399
6795,19:31:37.667,2086,0.0188,1.6810
6796,19:31:37.668,2069,0.0105,1.6673
6797,19:31:37.668,2063,0.0076,1.6625
6798,19:31:37.669,2053,0.0027,1.6544
6799,19:31:37.669,2067,0.0095,1.6657
6800,19:31:37.670,2097,0.0242,1.6899
6801,19:31:37.670,2079,0.0154,1.6754
6802,19:31:37.671,2077,0.0144,1.6738
6803,19:31:37.671,2037,-0.0051,1.6415
6804,19:31:37.672,2078,0.0149,1.6746
6805,19:31:37.672,2070,0.0110,1.6681
6806,19:31:37.673,2062,0.0071,1.6617
6807,19:31:37.673,2056,0.0042,1.6568
6808,19:31:37.674,2064,0.0081,1.6633
6809,19:31:37.674,2098,0.0247,1.6907
6810,19:31:37.675,2075,0.0134,1.6722
6811,19:31:37.675,2079,0.0154,1.6754
6812,19:31:37.676,2036,-0.0056,1.6407
6813,19:31:37.676,2071,0.0115,1.6689
6814,19:31:37.677,2073,0.0125,1.6705
6815,19:31:37.677,2065,0.0085,1.6641
6816,19:31:37.678,2059,0.0056,1.6593
6817,19:31:37.678,2064,0.0081,1.6633
6818,19:31:37.679,2106,0.0286,1.6971
6819,19:31:37.679,2075,0.0134,1.6722
6820,19:31:37.680,2077,0.0144,1.6738
6821,19:31:37.680,2039,-0.0042,1.6432
6822,19:31:37.681,2063,0.0076,1.6625
6823,19:31:37.681,2078,0.0149,1.6746
6824,19:31:37.682,2067,0.0095,1.6657
6825,19:31:37.682,2063,0.0076,1.6625
6826,19:31:37.683,2056,0.0042,1.6568
6827,19:31:37.683,2103,0.0271,1.6947
6828,19:31:37.684,2073,0.0125,1.6705
6829,19:31:37.684,2077,0.0144,1.6738
6830,19:31:37.685,2042,-0.0027,1.6456
6831,19:31:37.685,2062,0.0071,1.6617
6832,19:31:37.686,2087,0.0193,1.6818
6833,19:31:37.686,2071,0.0115,1.6689
6834,19:31:37.687,2069,0.0105,1.6673
6835,19:31:37.687,2049,0.0007,1.6512
6836,19:31:37.688,2101,0.0261,1.6931
6837,19:31:37.688,2071,0.0115,1.6689
6838,19:31:37.689,2078,0.0149,1.6746
6839,19:31:37.689,2039,-0.0042,1.6432
6840,19:31:37.690,2061,0.0066,1.6609
6841,19:31:37.690,2090,0.0208,1.6842
6842,19:31:37.691,2069,0.0105,1.6673
6843,19:31:37.691,2072,0.0120,1.6697
6844,19:31:37.692,2045,-0.0012,1.6480
6845,19:31:37.692,2101,0.0261,1.6931
6846,19:31:37.693,2072,0.0120,1.6697
6847,19:31:37.693,2075,0.0134,1.6722
6848,19:31:37.694,2049,0.0007,1.6512
6849,19:31:37.694,2064,0.0081,1.6633
6850,19:31:37.695,2095,0.0232,1.6883
6851,19:31:37.695,2076,0.0139,1.6730
6852,19:31:37.696,2076,0.0139,1.6730
6853,19:31:37.696,2040,-0.0037,1.6440
6854,19:31:37.697,2097,0.0242,1.6899
6855,19:31:37.697,2067,0.0095,1.6657
6856,19:31:37.698,2072,0.0120,1.6697
6857,19:31:37.698,2048,0.0002,1.6504
6858,19:31:37.699,2065,0.0085,1.6641
6859,19:31:37.699,2099,0.0252,1.6915
6860,19:31:37.700,2075,0.0134,1.6722
6861,19:31:37.700,2076,0.0139,1.6730
6862,19:31:37.701,2039,-0.0042,1.6432
6863,19:31:37.701,2089,0.0203,1.6834
6864,19:31:37.702,2072,0.0120,1.6697
6865,19:31:37.702,2066,0.0090,1.6649
6866,19:31:37.703,2055,0.0037,1.6560
6867,19:31:37.703,2062,0.0071,1.6617
6868,19:31:37.704,2103,0.0271,1.6947
6869,19:31:37.704,2077,0.0144,1.6738
6870,19:31:37.705,2079,0.0154,1.6754
6871,19:31:37.705,2040,-0.0037,1.6440
6872,19:31:37.706,2082,0.0168,1.6778
6873,19:31:37.706,2073,0.0125,1.6705
6874,19:31:37.707,2064,0.0081,1.6633
6875,19:31:37.707,2057,0.0046,1.6577
6876,19:31:37.708,2063,0.0076,1.6625
6877,19:31:37.708,2101,0.0261,1.6931
6878,19:31:37.709,2079,0.0154,1.6754
6879,19:31:37.709,2081,0.0164,1.6770
6880,19:31:37.710,2040,-0.0037,1.6440
6881,19:31:37.710,2072,0.0120,1.6697
6882,19:31:37.711,2074,0.0129,1.6714
6883,19:31:37.711,2064,0.0081,1.6633
6884,19:31:37.712,2064,0.0081,1.6633
6885,19:31:37.712,2065,0.0085,1.6641
6886,19:31:37.713,2104,0.0276,1.6955
6887,19:31:37.713,2078,0.0149,1.6746
6888,19:31:37.714,2076,0.0139,1.6730
6889,19:31:37.714,2040,-0.0037,1.6440
6890,19:31:37.715,2071,0.0115,1.6689
6891,19:31:37.715,2076,0.0139,1.6730
6892,19:31:37.716,2066,0.0090,1.6649
6893,19:31:37.716,2067,0.0095,1.6657
6894,19:31:37.717,2060,0.0061,1.6601
6895,19:31:37.717,2103,0.0271,1.6947
6896,19:31:37.718,2076,0.0139,1.6730
6897,19:31:37.718,2074,0.0129,1.6714
6898,19:31:37.719,2043,-0.0022,1.6464
6899,19:31:37.719,2065,0.0085,1.6641
6900,19:31:37.720,2082,0.0168,1.6778
6901,19:31:37.720,2067,0.0095,1.6657
6902,19:31:37.721,2071,0.0115,1.6689
6903,19:31:37.721,2054,0.0032,1.6552
6904,19:31:37.722,2098,0.0247,1.6907
6905,19:31:37.722,2072,0.0120,1.6697
6906,19:31:37.723,2074,0.0129,1.6714
6907,19:31:37.723,2044,-0.0017,1.6472
6908,19:31:37.724,2061,0.0066,1.6609
6909,19:31:37.724,2088,0.0198,1.6826
6910,19:31:37.725,2066,0.0090,1.6649
6911,19:31:37.725,2072,0.0120,1.6697
6912,19:31:37.726,2052,0.0022,1.6536
6913,19:31:37.726,2097,0.0242,1.6899
6914,19:31:37.727,2071,0.0115,1.6689
6915,19:31:37.727,2076,0.0139,1.6730
6916,19:31:37.728,2043,-0.0022,1.6464
6917,19:31:37.728,2061,0.0066,1.6609
6918,19:31:37.729,2086,0.0188,1.6810
6919,19:31:37.729,2072,0.0120,1.6697
6920,19:31:37.730,2075,0.0134,1.6722
6921,19:31:37.730,2048,0.0002,1.6504
6922,19:31:37.731,2092,0.0217,1.6859
6923,19:31:37.731,2072,0.0120,1.6697
6924,19:31:37.732,2071,0.0115,1.6689
6925,19:31:37.732,2049,0.0007,1.6512
6926,19:31:37.733,2062,0.0071,1.6617
6927,19:31:37.733,2093,0.0222,1.6867
6928,19:31:37.734,2072,0.0120,1.6697
6929,19:31:37.734,2077,0.0144,1.6738
6930,19:31:37.735,2043,-0.0022,1.6464
6931,19:31:37.735,2084,0.0178,1.6794
6932,19:31:37.736,2069,0.0105,1.6673
6933,19:31:37.736,2073,0.0125,1.6705
6934,19:31:37.737,2051,0.0017,1.6528
6935,19:31:37.737,2060,0.0061,1.6601
6936,19:31:37.738,2095,0.0232,1.6883
6937,19:31:37.738,2074,0.0129,1.6714
6938,19:31:37.739,2078,0.0149,1.6746
6939,19:31:37.739,2041,-0.0032,1.6448
6940,19:31:37.740,2084,0.0178,1.6794
6941,19:31:37.740,2067,0.0095,1.6657
6942,19:31:37.741,2071,0.0115,1.6689
6943,19:31:37.741,2056,0.0042,1.6568
6944,19:31:37.742,2062,0.0071,1.6617
6945,19:31:37.742,2101,0.0261,1.6931
6946,19:31:37.743,2076,0.0139,1.6730
6947,19:31:37.743,2075,0.0134,1.6722
6948,19:31:37.744,2038,-0.0046,1.6423
6949,19:31:37.744,2075,0.0134,1.6722
6950,19:31:37.745,2074,0.0129,1.6714
6951,19:31:37.745,2065,0.0085,1.6641
6952,19:31:37.746,2061,0.0066,1.6609
6953,19:31:37.746,2066,0.0090,1.6649
6954,19:31:37.747,2103,0.0271,1.6947
6955,19:31:37.747,2080,0.0159,1.6762
6956,19:31:37.748,2076,0.0139,1.6730
6957,19:31:37.748,2043,-0.0022,1.6464
6958,19:31:37.749,2073,0.0125,1.6705
6959,19:31:37.749,2074,0.0129,1.6714
6960,19:31:37.750,2068,0.0100,1.6665
6961,19:31:37.750,2062,0.0071,1.6617
6962,19:31:37.751,2062,0.0071,1.6617
6963,19:31:37.751,2098,0.0247,1.6907
6964,19:31:37.752,2080,0.0159,1.6762
6965,19:31:37.752,2073,0.0125,1.6705
6966,19:31:37.753,2052,0.0022,1.6536
6967,19:31:37.753,2066,0.0090,1.6649
6968,19:31:37.754,2079,0.0154,1.6754
6969,19:31:37.754,2060,0.0061,1.6601
6970,19:31:37.755,2066,0.0090,1.6649
6971,19:31:37.755,2068,0.0100,1.6665
6972,19:31:37.756,2092,0.0217,1.6859
6973,19:31:37.756,2080,0.0159,1.6762
6974,19:31:37.757,2065,0.0085,1.6641
6975,19:31:37.757,2064,0.0081,1.6633
6976,19:31:37.758,2068,0.0100,1.6665
6977,19:31:37.758,2080,0.0159,1.6762
6978,19:31:37.759,2063,0.0076,1.6625
6979,19:31:37.759,2062,0.0071,1.6617
6980,19:31:37.760,2076,0.0139,1.6730
6981,19:31:37.760,2085,0.0183,1.6802
6982,19:31:37.761,2074,0.0129,1.6714
6983,19:31:37.761,2062,0.0071,1.6617
6984,19:31:37.762,2067,0.0095,1.6657
6985,19:31:37.762,2075,0.0134,1.6722
6986,19:31:37.763,2076,0.0139,1.6730
6987,19:31:37.763,2065,0.0085,1.6641
6988,19:31:37.764,2065,0.0085,1.6641
6989,19:31:37.764,2076,0.0139,1.6730
6990,19:31:37.765,2081,0.0164,1.6770
6991,19:31:37.765,2069,0.0105,1.6673
6992,19:31:37.766,2066,0.0090,1.6649
6993,19:31:37.766,2069,0.0105,1.6673
6994,19:31:37.767,2077,0.0144,1.6738
6995,19:31:37.767,2075,0.0134,1.6722
6996,19:31:37.768,2064,0.0081,1.6633
6997,19:31:37.768,2064,0.0081,1.6633
6998,19:31:37.769,2082,0.0168,1.6778
6999,19:31:37.769,2075,0.0134,1.6722
7000,19:31:37.770,2067,0.0095,1.6657
7001,19:31:37.770,2062,0.0071,1.6617
7002,19:31:37.771,2071,0.0115,1.6689
7003,19:31:37.771,2078,0.0149,1.6746
7004,19:31:37.772,2072,0.0120,1.6697
7005,19:31:37.772,2066,0.0090,1.6649
7006,19:31:37.773,2066,0.0090,1.6649
7007,19:31:37.773,2077,0.0144,1.6738
7008,19:31:37.774,2073,0.0125,1.6705
7009,19:31:37.774,2066,0.0090,1.6649
7010,19:31:37.775,2061,0.0066,1.6609
7011,19:31:37.775,2073,0.0125,1.6705
7012,19:31:37.776,2079,0.0154,1.6754
7013,19:31:37.776,2070,0.0110,1.6681
7014,19:31:37.777,2065,0.0085,1.6641
7015,19:31:37.777,2067,0.0095,1.6657
7016,19:31:37.778,2079,0.0154,1.6754
7017,19:31:37.778,2073,0.0125,1.6705
7018,19:31:37.779,2063,0.0076,1.6625
7019,19:31:37.779,2065,0.0085,1.6641
7020,19:31:37.780,2075,0.0134,1.6722
7021,19:31:37.780,2078,0.0149,1.6746
7022,19:31:37.781,2073,0.0125,1.6705
7023,19:31:37.781,2065,0.0085,1.6641
7024,19:31:37.782,2071,0.0115,1.6689
7025,19:31:37.782,2074,0.0129,1.6714
7026,19:31:37.783,2069,0.0105,1.6673
7027,19:31:37.783,2065,0.0085,1.6641
7028,19:31:37.784,2062,0.0071,1.6617
7029,19:31:37.784,2074,0.0129,1.6714
7030,19:31:37.785,2079,0.0154,1.6754
7031,19:31:37.785,2073,0.0125,1.6705
7032,19:31:37.786,2069,0.0105,1.6673
7033,19:31:37.786,2072,0.0120,1.6697
7034,19:31:37.787,2074,0.0129,1.6714
7035,19:31:37.787,2068,0.0100,1.6665
7036,19:31:37.788,2068,0.0100,1.6665
7037,19:31:37.788,2062,0.0071,1.6617
7038,19:31:37.789,2075,0.0134,1.6722
7039,19:31:37.789,2078,0.0149,1.6746
7040,19:31:37.790,2074,0.0129,1.6714
7041,19:31:37.790,2066,0.0090,1.6649
7042,19:31:37.791,2071,0.0115,1.6689
7043,19:31:37.791,2077,0.0144,1.6738
7044,19:31:37.792,2071,0.0115,1.6689
7045,19:31:37.792,2071,0.0115,1.6689
7046,19:31:37.793,2065,0.0085,1.6641
7047,19:31:37.793,2074,0.0129,1.6714
7048,19:31:37.794,2077,0.0144,1.6738
7049,19:31:37.794,2077,0.0144,1.6738
7050,19:31:37.795,2074,0.0129,1.6714
7051,19:31:37.795,2066,0.0090,1.6649
7052,19:31:37.796,2074,0.0129,1.6714
7053,19:31:37.796,2064,0.0081,1.6633
7054,19:31:37.797,2058,0.0051,1.6585
7055,19:31:37.797,2063,0.0076,1.6625
7056,19:31:37.798,2065,0.0085,1.6641
7057,19:31:37.798,2096,0.0237,1.6891
7058,19:31:37.799,2062,0.0071,1.6617
7059,19:31:37.799,2083,0.0173,1.6786
7060,19:31:37.800,2072,0.0120,1.6697
7061,19:31:37.800,2084,0.0178,1.6794
7062,19:31:37.801,2063,0.0076,1.6625
7063,19:31:37.801,2046,-0.0007,1.6488
7064,19:31:37.802,2076,0.0139,1.6730
7065,19:31:37.802,2066,0.0090,1.6649
7066,19:31:37.803,2088,0.0198,1.6826
7067,19:31:37.803,2060,0.0061,1.6601
7068,19:31:37.804,2080,0.0159,1.6762
7069,19:31:37.804,2075,0.0134,1.6722
7070,19:31:37.805,2077,0.0144,1.6738
7071,19:31:37.805,2066,0.0090,1.6649
7072,19:31:37.806,2053,0.0027,1.6544
7073,19:31:37.806,2072,0.0120,1.6697
7074,19:31:37.807,2070,0.0110,1.6681
7075,19:31:37.807,2087,0.0193,1.6818
7076,19:31:37.808,2063,0.0076,1.6625
7077,19:31:37.808,2075,0.0134,1.6722
7078,19:31:37.809,2068,0.0100,1.6665
7079,19:31:37.809,2084,0.0178,1.6794
7080,19:31:37.810,2064,0.0081,1.6633
7081,19:31:37.810,2061,0.0066,1.6609
7082,19:31:37.811,2070,0.0110,1.6681
7083,19:31:37.811,2072,0.0120,1.6697
7084,19:31:37.812,2087,0.0193,1.6818
7085,19:31:37.812,2060,0.0061,1.6601
7086,19:31:37.813,2066,0.0090,1.6649
7087,19:31:37.813,2068,0.0100,1.6665
7088,19:31:37.814,2080,0.0159,1.6762
7089,19:31:37.814,2065,0.0085,1.6641
7090,19:31:37.815,2062,0.0071,1.6617
7091,19:31:37.815,2072,0.0120,1.6697
7092,19:31:37.816,2076,0.0139,1.6730
7093,19:31:37.816,2079,0.0154,1.6754
7094,19:31:37.817,2060,0.0061,1.6601
7095,19:31:37.817,2060,0.0061,1.6601
7096,19:31:37.818,2067,0.0095,1.6657
7097,19:31:37.818,2075,0.0134,1.6722
7098,19:31:37.819,2069,0.0105,1.6673
7099,19:31:37.819,2064,0.0081,1.6633
7100,19:31:37.820,2077,0.0144,1.6738
7101,19:31:37.820,2080,0.0159,1.6762
7102,19:31:37.821,2078,0.0149,1.6746
7103,19:31:37.821,2058,0.0051,1.6585
7104,19:31:37.822,2053,0.0027,1.6544
7105,19:31:37.822,2062,0.0071,1.6617
7106,19:31:37.823,2073,0.0125,1.6705
7107,19:31:37.823,2073,0.0125,1.6705
7108,19:31:37.824,2069,0.0105,1.6673
7109,19:31:37.824,2077,0.0144,1.6738
7110,19:31:37.825,2082,0.0168,1.6778
7111,19:31:37.825,2075,0.0134,1.6722
7112,19:31:37.826,2063,0.0076,1.6625
7113,19:31:37.826,2051,0.0017,1.6528
7114,19:31:37.827,2068,0.0100,1.6665
7115,19:31:37.827,2070,0.0110,1.6681
7116,19:31:37.828,2077,0.0144,1.6738
7117,19:31:37.828,2066,0.0090,1.6649
7118,19:31:37.829,2080,0.0159,1.6762
7119,19:31:37.829,2083,0.0173,1.6786
7120,19:31:37.830,2076,0.0139,1.6730
7121,19:31:37.830,2061,0.0066,1.6609
7122,19:31:37.831,2052,0.0022,1.6536
7123,19:31:37.831,2064,0.0081,1.6633
7124,19:31:37.832,2069,0.0105,1.6673
7125,19:31:37.832,2080,0.0159,1.6762
7126,19:31:37.833,2066,0.0090,1.6649
7127,19:31:37.833,2080,0.0159,1.6762
7128,19:31:37.834,2083,0.0173,1.6786
7129,19:31:37.834,2075,0.0134,1.6722
7130,19:31:37.835,2060,0.0061,1.6601
7131,19:31:37.835,2052,0.0022,1.6536
7132,19:31:37.836,2070,0.0110,1.6681
7133,19:31:37.836,2069,0.0105,1.6673
7134,19:31:37.837,2078,0.0149,1.6746
7135,19:31:37.837,2066,0.0090,1.6649
7136,19:31:37.838,2082,0.0168,1.6778
7137,19:31:37.838,2080,0.0159,1.6762
7138,19:31:37.839,2078,0.0149,1.6746
7139,19:31:37.839,2062,0.0071,1.6617
7140,19:31:37.840,2056,0.0042,1.6568
7141,19:31:37.840,2069,0.0105,1.6673
7142,19:31:37.841,2066,0.0090,1.6649
7143,19:31:37.841,2082,0.0168,1.6778
7144,19:31:37.842,2066,0.0090,1.6649
7145,19:31:37.842,2079,0.0154,1.6754
7146,19:31:37.843,2075,0.0134,1.6722
7147,19:31:37.843,2077,0.0144,1.6738
7148,19:31:37.844,2060,0.0061,1.6601
7149,19:31:37.844,2061,0.0066,1.6609
7150,19:31:37.845,2069,0.0105,1.6673
7151,19:31:37.845,2071,0.0115,1.6689
7152,19:31:37.846,2083,0.0173,1.6786
7153,19:31:37.846,2066,0.0090,1.6649
7154,19:31:37.847,2077,0.0144,1.6738
7155,19:31:37.847,2074,0.0129,1.6714
7156,19:31:37.848,2082,0.0168,1.6778
7157,19:31:37.848,2065,0.0085,1.6641
7158,19:31:37.849,2069,0.0105,1.6673
7159,19:31:37.849,2073,0.0125,1.6705
7160,19:31:37.850,2075,0.0134,1.6722
7161,19:31:37.850,2079,0.0154,1.6754
7162,19:31:37.851,2067,0.0095,1.6657
7163,19:31:37.851,2073,0.0125,1.6705
7164,19:31:37.852,2072,0.0120,1.6697
7165,19:31:37.852,2081,0.0164,1.6770
7166,19:31:37.853,2066,0.0090,1.6649
7167,19:31:37.853,2072,0.0120,1.6697
7168,19:31:37.854,2077,0.0144,1.6738
7169,19:31:37.854,2077,0.0144,1.6738
7170,19:31:37.855,2080,0.0159,1.6762
7171,19:31:37.855,2064,0.0081,1.6633
7172,19:31:37.856,2070,0.0110,1.6681
7173,19:31:37.856,2070,0.0110,1.6681
7174,19:31:37.857,2077,0.0144,1.6738
7175,19:31:37.857,2069,0.0105,1.6673
7176,19:31:37.858,2074,0.0129,1.6714
7177,19:31:37.858,2080,0.0159,1.6762
7178,19:31:37.859,2081,0.0164,1.6770
7179,19:31:37.859,2076,0.0139,1.6730
7180,19:31:37.860,2066,0.0090,1.6649
7181,19:31:37.860,2062,0.0071,1.6617
7182,19:31:37.861,2065,0.0085,1.6641
7183,19:31:37.861,2072,0.0120,1.6697
7184,19:31:37.862,2075,0.0134,1.6722
7185,19:31:37.862,2072,0.0120,1.6697
7186,19:31:37.863,2078,0.0149,1.6746
7187,19:31:37.863,2079,0.0154,1.6754
7188,19:31:37.864,2079,0.0154,1.6754
7189,19:31:37.864,2064,0.0081,1.6633
7190,19:31:37.865,2060,0.0061,1.6601
7191,19:31:37.865,2068,0.0100,1.6665
7192,19:31:37.866,2069,0.0105,1.6673
7193,19:31:37.866,2075,0.0134,1.6722
7194,19:31:37.867,2071,0.0115,1.6689
7195,19:31:37.867,2076,0.0139,1.6730
7196,19:31:37.868,2079,0.0154,1.6754
7197,19:31:37.868,2076,0.0139,1.6730
7198,19:31:37.869,2064,0.0081,1.6633
7199,19:31:37.869,2054,0.0032,1.6552
7200,19:31:37.870,2066,0.0090,1.6649
7201,19:31:37.870,2066,0.0090,1.6649
7202,19:31:37.871,2077,0.0144,1.6738
7203,19:31:37.871,2064,0.0081,1.6633
7204,19:31:37.872,2079,0.0154,1.6754
7205,19:31:37.872,2078,0.0149,1.6746
7206,19:31:37.873,2072,0.0120,1.6697
7207,19:31:37.873,2063,0.0076,1.6625
7208,19:31:37.874,2058,0.0051,1.6585
7209,19:31:37.874,2067,0.0095,1.6657
7210,19:31:37.875,2065,0.0085,1.6641
7211,19:31:37.875,2075,0.0134,1.6722
7212,19:31:37.876,2065,0.0085,1.6641
7213,19:31:37.876,2080,0.0159,1.6762
7214,19:31:37.877,2079,0.0154,1.6754
7215,19:31:37.877,2071,0.0115,1.6689
7216,19:31:37.878,2065,0.0085,1.6641
7217,19:31:37.878,2059,0.0056,1.6593
7218,19:31:37.879,2070,0.0110,1.6681
7219,19:31:37.879,2067,0.0095,1.6657
7220,19:31:37.880,2074,0.0129,1.6714
7221,19:31:37.880,2064,0.0081,1.6633
7222,19:31:37.881,2073,0.0125,1.6705
7223,19:31:37.881,2078,0.0149,1.6746
7224,19:31:37.882,2073,0.0125,1.6705
7225,19:31:37.882,2063,0.0076,1.6625
7226,19:31:37.883,2062,0.0071,1.6617
7227,19:31:37.883,2066,0.0090,1.6649
7228,19:31:37.884,2069,0.0105,1.6673
7229,19:31:37.884,2074,0.0129,1.6714
7230,19:31:37.885,2068,0.0100,1.6665
7231,19:31:37.885,2069,0.0105,1.6673
7232,19:31:37.886,2069,0.0105,1.6673
7233,19:31:37.886,2076,0.0139,1.6730
7234,19:31:37.887,2066,0.0090,1.6649
7235,19:31:37.887,2065,0.0085,1.6641
7236,19:31:37.888,2072,0.0120,1.6697
7237,19:31:37.888,2073,0.0125,1.6705
7238,19:31:37.889,2073,0.0125,1.6705
7239,19:31:37.889,2066,0.0090,1.6649
7240,19:31:37.890,2071,0.0115,1.6689
7241,19:31:37.890,2067,0.0095,1.6657
7242,19:31:37.891,2072,0.0120,1.6697
7243,19:31:37.891,2067,0.0095,1.6657
7244,19:31:37.892,2071,0.0115,1.6689
7245,19:31:37.892,2072,0.0120,1.6697
7246,19:31:37.893,2075,0.0134,1.6722
7247,19:31:37.893,2073,0.0125,1.6705
7248,19:31:37.894,2064,0.0081,1.6633
7249,19:31:37.894,2070,0.0110,1.6681
7250,19:31:37.895,2063,0.0076,1.6625
7251,19:31:37.895,2071,0.0115,1.6689
7252,19:31:37.896,2067,0.0095,1.6657
7253,19:31:37.896,2074,0.0129,1.6714
7254,19:31:37.897,2074,0.0129,1.6714
7255,19:31:37.897,2076,0.0139,1.6730
7256,19:31:37.898,2073,0.0125,1.6705
7257,19:31:37.898,2062,0.0071,1.6617
7258,19:31:37.899,2067,0.0095,1.6657
7259,19:31:37.899,2063,0.0076,1.6625
7260,19:31:37.900,2071,0.0115,1.6689
7261,19:31:37.900,2071,0.0115,1.6689
7262,19:31:37.901,2073,0.0125,1.6705
7263,19:31:37.901,2079,0.0154,1.6754
7264,19:31:37.902,2082,0.0168,1.6778
7265,19:31:37.902,2071,0.0115,1.6689
7266,19:31:37.903,2064,0.0081,1.6633
7267,19:31:37.903,2068,0.0100,1.6665
7268,19:31:37.904,2068,0.0100,1.6665
7269,19:31:37.904,2071,0.0115,1.6689
7270,19:31:37.905,2070,0.0110,1.6681
7271,19:31:37.905,2077,0.0144,1.6738
7272,19:31:37.906,2081,0.0164,1.6770
7273,19:31:37.906,2080,0.0159,1.6762
7274,19:31:37.907,2075,0.0134,1.6722
7275,19:31:37.907,2064,0.0081,1.6633
7276,19:31:37.908,2066,0.0090,1.6649
7277,19:31:37.908,2068,0.0100,1.6665
7278,19:31:37.909,2069,0.0105,1.6673
7279,19:31:37.909,2075,0.0134,1.6722
7280,19:31:37.910,2070,0.0110,1.6681
7281,19:31:37.910,2082,0.0168,1.6778
7282,19:31:37.911,2082,0.0168,1.6778
7283,19:31:37.911,2076,0.0139,1.6730
7284,19:31:37.912,2066,0.0090,1.6649
7285,19:31:37.912,2061,0.0066,1.6609
7286,19:31:37.913,2070,0.0110,1.6681
7287,19:31:37.913,2067,0.0095,1.6657
7288,19:31:37.914,2075,0.0134,1.6722
7289,19:31:37.914,2071,0.0115,1.6689
7290,19:31:37.915,2080,0.0159,1.6762
7291,19:31:37.915,2077,0.0144,1.6738
7292,19:31:37.916,2073,0.0125,1.6705
7293,19:31:37.916,2065,0.0085,1.6641
7294,19:31:37.917,2062,0.0071,1.6617
7295,19:31:37.917,2070,0.0110,1.6681
7296,19:31:37.918,2065,0.0085,1.6641
7297,19:31:37.918,2074,0.0129,1.6714
7298,19:31:37.919,2068,0.0100,1.6665
7299,19:31:37.919,2079,0.0154,1.6754
7300,19:31:37.920,2072,0.0120,1.6697
7301,19:31:37.920,2073,0.0125,1.6705
7302,19:31:37.921,2068,0.0100,1.6665
7303,19:31:37.921,2063,0.0076,1.6625
7304,19:31:37.922,2071,0.0115,1.6689
7305,19:31:37.922,2067,0.0095,1.6657
7306,19:31:37.923,2074,0.0129,1.6714
7307,19:31:37.923,2062,0.0071,1.6617
7308,19:31:37.924,2075,0.0134,1.6722
7309,19:31:37.924,2072,0.0120,1.6697
7310,19:31:37.925,2074,0.0129,1.6714
7311,19:31:37.925,2066,0.0090,1.6649
7312,19:31:37.926,2066,0.0090,1.6649
7313,19:31:37.926,2075,0.0134,1.6722
7314,19:31:37.927,2071,0.0115,1.6689
7315,19:31:37.927,2070,0.0110,1.6681
7316,19:31:37.928,2062,0.0071,1.6617
7317,19:31:37.928,2072,0.0120,1.6697
7318,19:31:37.929,2068,0.0100,1.6665
7319,19:31:37.929,2071,0.0115,1.6689
7320,19:31:37.930,2066,0.0090,1.6649
7321,19:31:37.930,2066,0.0090,1.6649
7322,19:31:37.931,2078,0.0149,1.6746
7323,19:31:37.931,2071,0.0115,1.6689
7324,19:31:37.932,2072,0.0120,1.6697
7325,19:31:37.932,2062,0.0071,1.6617
7326,19:31:37.933,2067,0.0095,1.6657
7327,19:31:37.933,2068,0.0100,1.6665
7328,19:31:37.934,2067,0.0095,1.6657
7329,19:31:37.934,2066,0.0090,1.6649
7330,19:31:37.935,2072,0.0120,1.6697
7331,19:31:37.935,2073,0.0125,1.6705
7332,19:31:37.936,2074,0.0129,1.6714
7333,19:31:37.936,2069,0.0105,1.6673
7334,19:31:37.937,2063,0.0076,1.6625
7335,19:31:37.937,2072,0.0120,1.6697
7336,19:31:37.938,2066,0.0090,1.6649
7337,19:31:37.938,2070,0.0110,1.6681
7338,19:31:37.939,2063,0.0076,1.6625
7339,19:31:37.939,2072,0.0120,1.6697
7340,19:31:37.940,2076,0.0139,1.6730
7341,19:31:37.940,2079,0.0154,1.6754
7342,19:31:37.941,2073,0.0125,1.6705
7343,19:31:37.941,2062,0.0071,1.6617
7344,19:31:37.942,2069,0.0105,1.6673
7345,19:31:37.942,2064,0.0081,1.6633
7346,19:31:37.943,2067,0.0095,1.6657
7347,19:31:37.943,2064,0.0081,1.6633
7348,19:31:37.944,2077,0.0144,1.6738
7349,19:31:37.944,2079,0.0154,1.6754
7350,19:31:37.945,2079,0.0154,1.6754
7351,19:31:37.945,2072,0.0120,1.6697
7352,19:31:37.946,2066,0.0090,1.6649
7353,19:31:37.946,2070,0.0110,1.6681
7354,19:31:37.947,2066,0.0090,1.6649
7355,19:31:37.947,2066,0.0090,1.6649
7356,19:31:37.948,2064,0.0081,1.6633
7357,19:31:37.948,2073,0.0125,1.6705
7358,19:31:37.949,2078,0.0149,1.6746
7359,19:31:37.949,2078,0.0149,1.6746
7360,19:31:37.950,2074,0.0129,1.6714
7361,19:31:37.950,2063,0.0076,1.6625
7362,19:31:37.951,2068,0.0100,1.6665
7363,19:31:37.951,2067,0.0095,1.6657
7364,19:31:37.952,2070,0.0110,1.6681
7365,19:31:37.952,2066,0.0090,1.6649
7366,19:31:37.953,2075,0.0134,1.6722
7367,19:31:37.953,2080,0.0159,1.6762
7368,19:31:37.954,2080,0.0159,1.6762
7369,19:31:37.954,2070,0.0110,1.6681
7370,19:31:37.955,2062,0.0071,1.6617
7371,19:31:37.955,2068,0.0100,1.6665
7372,19:31:37.956,2068,0.0100,1.6665
7373,19:31:37.956,2069,0.0105,1.6673
7374,19:31:37.957,2068,0.0100,1.6665
7375,19:31:37.957,2071,0.0115,1.6689
7376,19:31:37.958,2079,0.0154,1.6754
7377,19:31:37.958,2075,0.0134,1.6722
7378,19:31:37.959,2076,0.0139,1.6730
7379,19:31:37.959,2064,0.0081,1.6633
7380,19:31:37.960,2068,0.0100,1.6665
7381,19:31:37.960,2071,0.0115,1.6689
7382,19:31:37.961,2073,0.0125,1.6705
7383,19:31:37.961,2073,0.0125,1.6705
7384,19:31:37.962,2066,0.0090,1.6649
7385,19:31:37.962,2079,0.0154,1.6754
7386,19:31:37.963,2074,0.0129,1.6714
7387,19:31:37.963,2075,0.0134,1.6722
7388,19:31:37.964,2065,0.0085,1.6641
7389,19:31:37.964,2069,0.0105,1.6673
7390,19:31:37.965,2072,0.0120,1.6697
7391,19:31:37.965,2075,0.0134,1.6722
7392,19:31:37.966,2072,0.0120,1.6697
7393,19:31:37.966,2067,0.0095,1.6657
7394,19:31:37.967,2076,0.0139,1.6730
7395,19:31:37.967,2071,0.0115,1.6689
7396,19:31:37.968,2072,0.0120,1.6697
7397,19:31:37.968,2064,0.0081,1.6633
7398,19:31:37.969,2072,0.0120,1.6697
7399,19:31:37.969,2076,0.0139,1.6730
7400,19:31:37.970,2074,0.0129,1.6714
7401,19:31:37.970,2069,0.0105,1.6673
7402,19:31:37.971,2065,0.0085,1.6641
7403,19:31:37.971,2073,0.0125,1.6705
7404,19:31:37.972,2066,0.0090,1.6649
7405,19:31:37.972,2070,0.0110,1.6681
7406,19:31:37.973,2065,0.0085,1.6641
7407,19:31:37.973,2074,0.0129,1.6714
7408,19:31:37.974,2075,0.0134,1.6722
7409,19:31:37.974,2076,0.0139,1.6730
7410,19:31:37.975,2068,0.0100,1.6665
7411,19:31:37.975,2059,0.0056,1.6593
7412,19:31:37.976,2072,0.0120,1.6697
7413,19:31:37.976,2068,0.0100,1.6665
7414,19:31:37.977,2068,0.0100,1.6665
7415,19:31:37.977,2065,0.0085,1.6641
7416,19:31:37.978,2072,0.0120,1.6697
7417,19:31:37.978,2079,0.0154,1.6754
7418,19:31:37.979,2076,0.0139,1.6730
7419,19:31:37.979,2067,0.0095,1.6657
7420,19:31:37.980,2060,0.0061,1.6601
7421,19:31:37.980,2071,0.0115,1.6689
7422,19:31:37.981,2067,0.0095,1.6657
7423,19:31:37.981,2067,0.0095,1.6657
7424,19:31:37.982,2062,0.0071,1.6617
7425,19:31:37.982,2075,0.0134,1.6722
7426,19:31:37.983,2078,0.0149,1.6746
7427,19:31:37.983,2079,0.0154,1.6754
7428,19:31:37.984,2070,0.0110,1.6681
7429,19:31:37.984,2064,0.0081,1.6633
7430,19:31:37.985,2070,0.0110,1.6681
7431,19:31:37.985,2066,0.0090,1.6649
7432,19:31:37.986,2066,0.0090,1.6649
7433,19:31:37.986,2064,0.0081,1.6633
7434,19:31:37.987,2077,0.0144,1.6738
7435,19:31:37.987,2079,0.0154,1.6754
7436,19:31:37.988,2077,0.0144,1.6738
7437,19:31:37.988,2068,0.0100,1.6665
7438,19:31:37.989,2064,0.0081,1.6633
7439,19:31:37.989,2069,0.0105,1.6673
7440,19:31:37.990,2067,0.0095,1.6657
7441,19:31:37.990,2069,0.0105,1.6673
7442,19:31:37.991,2065,0.0085,1.6641
7443,19:31:37.991,2076,0.0139,1.6730
7444,19:31:37.992,2080,0.0159,1.6762
7445,19:31:37.992,2079,0.0154,1.6754
7446,19:31:37.993,2070,0.0110,1.6681
7447,19:31:37.993,2063,0.0076,1.6625
7448,19:31:37.994,2072,0.0120,1.6697
7449,19:31:37.994,2069,0.0105,1.6673
7450,19:31:37.995,2070,0.0110,1.6681
7451,19:31:37.995,2066,0.0090,1.6649
7452,19:31:37.996,2069,0.0105,1.6673
7453,19:31:37.996,2079,0.0154,1.6754
7454,19:31:37.997,2077,0.0144,1.6738
7455,19:31:37.997,2070,0.0110,1.6681
7456,19:31:37.998,2063,0.0076,1.6625
7457,19:31:37.998,2071,0.0115,1.6689
7458,19:31:37.999,2068,0.0100,1.6665
7459,19:31:37.999,2070,0.0110,1.6681
7460,19:31:38.000,2066,0.0090,1.6649
7461,19:31:38.000,2065,0.0085,1.6641
7462,19:31:38.001,2078,0.0149,1.6746
7463,19:31:38.001,2073,0.0125,1.6705
7464,19:31:38.002,2073,0.0125,1.6705
7465,19:31:38.002,2063,0.0076,1.6625
7466,19:31:38.003,2072,0.0120,1.6697
7467,19:31:38.003,2075,0.0134,1.6722
7468,19:31:38.004,2074,0.0129,1.6714
7469,19:31:38.004,2070,0.0110,1.6681
7470,19:31:38.005,2067,0.0095,1.6657
7471,19:31:38.005,2076,0.0139,1.6730
7472,19:31:38.006,2070,0.0110,1.6681
7473,19:31:38.006,2072,0.0120,1.6697
7474,19:31:38.007,2060,0.0061,1.6601
7475,19:31:38.007,2072,0.0120,1.6697
7476,19:31:38.008,2075,0.0134,1.6722
7477,19:31:38.008,2077,0.0144,1.6738
7478,19:31:38.009,2070,0.0110,1.6681
7479,19:31:38.009,2064,0.0081,1.6633
7480,19:31:38.010,2080,0.0159,1.6762
7481,19:31:38.010,2068,0.0100,1.6665
7482,19:31:38.011,2071,0.0115,1.6689
7483,19:31:38.011,2062,0.0071,1.6617
7484,19:31:38.012,2072,0.0120,1.6697
7485,19:31:38.012,2081,0.0164,1.6770
7486,19:31:38.013,2077,0.0144,1.6738
7487,19:31:38.013,2075,0.0134,1.6722
7488,19:31:38.014,2055,0.0037,1.6560
7489,19:31:38.014,2077,0.0144,1.6738
7490,19:31:38.015,2071,0.0115,1.6689
7491,19:31:38.015,2066,0.0090,1.6649
7492,19:31:38.016,2061,0.0066,1.6609
7493,19:31:38.016,2068,0.0100,1.6665
7494,19:31:38.017,2083,0.0173,1.6786
7495,19:31:38.017,2072,0.0120,1.6697
7496,19:31:38.018,2072,0.0120,1.6697
7497,19:31:38.018,2064,0.0081,1.6633
7498,19:31:38.019,2072,0.0120,1.6697
7499,19:31:38.019,2074,0.0129,1.6714
7500,19:31:38.020,2065,0.0085,1.6641
7501,19:31:38.020,2067,0.0095,1.6657
7502,19:31:38.021,2068,0.0100,1.6665
7503,19:31:38.021,2082,0.0168,1.6778
7504,19:31:38.022,2071,0.0115,1.6689
7505,19:31:38.022,2063,0.0076,1.6625
7506,19:31:38.023,2068,0.0100,1.6665
7507,19:31:38.023,2076,0.0139,1.6730
7508,19:31:38.024,2070,0.0110,1.6681
7509,19:31:38.024,2064,0.0081,1.6633
7510,19:31:38.025,2066,0.0090,1.6649
7511,19:31:38.025,2072,0.0120,1.6697
7512,19:31:38.026,2080,0.0159,1.6762
7513,19:31:38.026,2071,0.0115,1.6689
7514,19:31:38.027,2063,0.0076,1.6625
7515,19:31:38.027,2068,0.0100,1.6665
7516,19:31:38.028,2072,0.0120,1.6697
7517,19:31:38.028,2070,0.0110,1.6681
7518,19:31:38.029,2067,0.0095,1.6657
7519,19:31:38.029,2071,0.0115,1.6689
7520,19:31:38.030,2068,0.0100,1.6665
7521,19:31:38.030,2076,0.0139,1.6730
7522,19:31:38.031,2071,0.0115,1.6689
7523,19:31:38.031,2065,0.0085,1.6641
7524,19:31:38.032,2071,0.0115,1.6689
7525,19:31:38.032,2074,0.0129,1.6714
7526,19:31:38.033,2075,0.0134,1.6722
7527,19:31:38.033,2066,0.0090,1.6649
7528,19:31:38.034,2067,0.0095,1.6657
7529,19:31:38.034,2074,0.0129,1.6714
7530,19:31:38.035,2072,0.0120,1.6697
7531,19:31:38.035,2072,0.0120,1.6697
7532,19:31:38.036,2065,0.0085,1.6641
7533,19:31:38.036,2068,0.0100,1.6665
7534,19:31:38.037,2073,0.0125,1.6705
7535,19:31:38.037,2069,0.0105,1.6673
7536,19:31:38.038,2069,0.0105,1.6673
7537,19:31:38.038,2070,0.0110,1.6681
7538,19:31:38.039,2072,0.0120,1.6697
7539,19:31:38.039,2070,0.0110,1.6681
7540,19:31:38.040,2070,0.0110,1.6681
7541,19:31:38.040,2068,0.0100,1.6665
7542,19:31:38.041,2067,0.0095,1.6657
7543,19:31:38.041,2072,0.0120,1.6697
7544,19:31:38.042,2072,0.0120,1.6697
7545,19:31:38.042,2069,0.0105,1.6673
7546,19:31:38.043,2070,0.0110,1.6681
7547,19:31:38.043,2073,0.0125,1.6705
7548,19:31:38.044,2072,0.0120,1.6697
7549,19:31:38.044,2072,0.0120,1.6697
7550,19:31:38.045,2066,0.0090,1.6649
7551,19:31:38.045,2070,0.0110,1.6681
7552,19:31:38.046,2075,0.0134,1.6722
7553,19:31:38.046,2073,0.0125,1.6705
7554,19:31:38.047,2072,0.0120,1.6697
7555,19:31:38.047,2067,0.0095,1.6657
7556,19:31:38.048,2073,0.0125,1.6705
7557,19:31:38.048,2073,0.0125,1.6705
7558,19:31:38.049,2067,0.0095,1.6657
7559,19:31:38.049,2065,0.0085,1.6641
7560,19:31:38.050,2069,0.0105,1.6673
7561,19:31:38.050,2074,0.0129,1.6714
7562,19:31:38.051,2072,0.0120,1.6697
7563,19:31:38.051,2071,0.0115,1.6689
7564,19:31:38.052,2065,0.0085,1.6641
7565,19:31:38.052,2073,0.0125,1.6705
7566,19:31:38.053,2072,0.0120,1.6697
7567,19:31:38.053,2072,0.0120,1.6697
7568,19:31:38.054,2067,0.0095,1.6657
7569,19:31:38.054,2068,0.0100,1.6665
7570,19:31:38.055,2073,0.0125,1.6705
7571,19:31:38.055,2074,0.0129,1.6714
7572,19:31:38.056,2071,0.0115,1.6689
7573,19:31:38.056,2068,0.0100,1.6665
7574,19:31:38.057,2072,0.0120,1.6697
7575,19:31:38.057,2071,0.0115,1.6689
7576,19:31:38.058,2072,0.0120,1.6697
7577,19:31:38.058,2067,0.0095,1.6657
7578,19:31:38.059,2071,0.0115,1.6689
7579,19:31:38.059,2071,0.0115,1.6689
7580,19:31:38.060,2072,0.0120,1.6697
7581,19:31:38.060,2072,0.0120,1.6697
7582,19:31:38.061,2069,0.0105,1.6673
7583,19:31:38.061,2069,0.0105,1.6673
7584,19:31:38.062,2074,0.0129,1.6714
7585,19:31:38.062,2070,0.0110,1.6681
7586,19:31:38.063,2071,0.0115,1.6689
7587,19:31:38.063,2067,0.0095,1.6657
7588,19:31:38.064,2073,0.0125,1.6705
7589,19:31:38.064,2076,0.0139,1.6730
7590,19:31:38.065,2075,0.0134,1.6722
7591,19:31:38.065,2064,0.0081,1.6633
7592,19:31:38.066,2074,0.0129,1.6714
7593,19:31:38.066,2071,0.0115,1.6689
7594,19:31:38.067,2079,0.0154,1.6754
7595,19:31:38.067,2087,0.0193,1.6818
7596,19:31:38.068,2056,0.0042,1.6568
7597,19:31:38.068,2051,0.0017,1.6528
7598,19:31:38.069,2093,0.0222,1.6867
7599,19:31:38.069,2070,0.0110,1.6681
7600,19:31:38.070,2066,0.0090,1.6649
7601,19:31:38.070,2036,-0.0056,1.6407
7602,19:31:38.071,2077,0.0144,1.6738
7603,19:31:38.071,2083,0.0173,1.6786
7604,19:31:38.072,2103,0.0271,1.6947
7605,19:31:38.072,2064,0.0081,1.6633
7606,19:31:38.073,2042,-0.0027,1.6456
7607,19:31:38.073,2102,0.0266,1.6939
7608,19:31:38.074,2060,0.0061,1.6601
7609,19:31:38.074,2084,0.0178,1.6794
7610,19:31:38.075,2024,-0.0115,1.6311
7611,19:31:38.075,2071,0.0115,1.6689
7612,19:31:38.076,2087,0.0193,1.6818
7613,19:31:38.076,2103,0.0271,1.6947
7614,19:31:38.077,2078,0.0149,1.6746
7615,19:31:38.077,2023,-0.0120,1.6303
7616,19:31:38.078,2107,0.0291,1.6979
7617,19:31:38.078,2062,0.0071,1.6617
7618,19:31:38.079,2078,0.0149,1.6746
7619,19:31:38.079,2023,-0.0120,1.6303
7620,19:31:38.080,2068,0.0100,1.6665
7621,19:31:38.080,2103,0.0271,1.6947
7622,19:31:38.081,2095,0.0232,1.6883
7623,19:31:38.081,2089,0.0203,1.6834
7624,19:31:38.082,2016,-0.0154,1.6246
7625,19:31:38.082,2101,0.0261,1.6931
7626,19:31:38.083,2073,0.0125,1.6705
7627,19:31:38.083,2072,0.0120,1.6697
7628,19:31:38.084,2025,-0.0110,1.6319
7629,19:31:38.084,2061,0.0066,1.6609
7630,19:31:38.085,2119,0.0349,1.7076
7631,19:31:38.085,2089,0.0203,1.6834
7632,19:31:38.086,2085,0.0183,1.6802
7633,19:31:38.086,2013,-0.0168,1.6222
7634,19:31:38.087,2093,0.0222,1.6867
7635,19:31:38.087,2077,0.0144,1.6738
7636,19:31:38.088,2070,0.0110,1.6681
7637,19:31:38.088,2022,-0.0125,1.6295
7638,19:31:38.089,2058,0.0051,1.6585
7639,19:31:38.089,2128,0.0393,1.7149
7640,19:31:38.090,2085,0.0183,1.6802
7641,19:31:38.090,2086,0.0188,1.6810
7642,19:31:38.091,2012,-0.0173,1.6214
7643,19:31:38.091,2092,0.0217,1.6859
7644,19:31:38.092,2085,0.0183,1.6802
7645,19:31:38.092,2074,0.0129,1.6714
7646,19:31:38.093,2028,-0.0095,1.6343
7647,19:31:38.093,2049,0.0007,1.6512
7648,19:31:38.094,2131,0.0408,1.7173
7649,19:31:38.094,2077,0.0144,1.6738
7650,19:31:38.095,2081,0.0164,1.6770
7651,19:31:38.095,2015,-0.0159,1.6238
7652,19:31:38.096,2088,0.0198,1.6826
7653,19:31:38.096,2092,0.0217,1.6859
7654,19:31:38.097,2074,0.0129,1.6714
7655,19:31:38.097,2035,-0.0061,1.6399
7656,19:31:38.098,2041,-0.0032,1.6448
7657,19:31:38.098,2134,0.0422,1.7197
7658,19:31:38.099,2073,0.0125,1.6705
7659,19:31:38.099,2075,0.0134,1.6722
7660,19:31:38.100,2018,-0.0144,1.6262
7661,19:31:38.100,2087,0.0193,1.6818
7662,19:31:38.101,2098,0.0247,1.6907
7663,19:31:38.101,2081,0.0164,1.6770
7664,19:31:38.102,2046,-0.0007,1.6488
7665,19:31:38.102,2035,-0.0061,1.6399
7666,19:31:38.103,2130,0.0403,1.7165
7667,19:31:38.103,2069,0.0105,1.6673
7668,19:31:38.104,2067,0.0095,1.6657
7669,19:31:38.104,2022,-0.0125,1.6295
7670,19:31:38.105,2082,0.0168,1.6778
7671,19:31:38.105,2098,0.0247,1.6907
7672,19:31:38.106,2085,0.0183,1.6802
7673,19:31:38.106,2056,0.0042,1.6568
7674,19:31:38.107,2033,-0.0071,1.6383
7675,19:31:38.107,2122,0.0364,1.7100
7676,19:31:38.108,2072,0.0120,1.6697
7677,19:31:38.108,2060,0.0061,1.6601
7678,19:31:38.109,2028,-0.0095,1.6343
7679,19:31:38.109,2082,0.0168,1.6778
7680,19:31:38.110,2101,0.0261,1.6931
7681,19:31:38.110,2093,0.0222,1.6867
7682,19:31:38.111,2065,0.0085,1.6641
7683,19:31:38.111,2028,-0.0095,1.6343
7684,19:31:38.112,2110,0.0305,1.7004
7685,19:31:38.112,2072,0.0120,1.6697
7686,19:31:38.113,2063,0.0076,1.6625
7687,19:31:38.113,2033,-0.0071,1.6383
7688,19:31:38.114,2073,0.0125,1.6705
7689,19:31:38.114,2104,0.0276,1.6955
7690,19:31:38.115,2095,0.0232,1.6883
7691,19:31:38.115,2073,0.0125,1.6705
7692,19:31:38.116,2026,-0.0105,1.6327
7693,19:31:38.116,2099,0.0252,1.6915
7694,19:31:38.117,2072,0.0120,1.6697
7695,19:31:38.117,2060,0.0061,1.6601
7696,19:31:38.118,2030,-0.0085,1.6359
7697,19:31:38.118,2070,0.0110,1.6681
7698,19:31:38.119,2106,0.0286,1.6971
7699,19:31:38.119,2092,0.0217,1.6859
7700,19:31:38.120,2082,0.0168,1.6778
7701,19:31:38.120,2025,-0.0110,1.6319
7702,19:31:38.121,2089,0.0203,1.6834
7703,19:31:38.121,2076,0.0139,1.6730
7704,19:31:38.122,2060,0.0061,1.6601
7705,19:31:38.122,2033,-0.0071,1.6383
7706,19:31:38.123,2064,0.0081,1.6633
7707,19:31:38.123,2112,0.0315,1.7020
7708,19:31:38.124,2089,0.0203,1.6834
7709,19:31:38.124,2082,0.0168,1.6778
7710,19:31:38.125,2022,-0.0125,1.6295
7711,19:31:38.125,2085,0.0183,1.6802
7712,19:31:38.126,2082,0.0168,1.6778
7713,19:31:38.126,2067,0.0095,1.6657
7714,19:31:38.127,2038,-0.0046,1.6423
7715,19:31:38.127,2057,0.0046,1.6577
7716,19:31:38.128,2117,0.0339,1.7060
7717,19:31:38.128,2078,0.0149,1.6746
7718,19:31:38.129,2086,0.0188,1.6810
7719,19:31:38.129,2023,-0.0120,1.6303
7720,19:31:38.130,2079,0.0154,1.6754
7721,19:31:38.130,2088,0.0198,1.6826
7722,19:31:38.131,2071,0.0115,1.6689
7723,19:31:38.131,2043,-0.0022,1.6464
7724,19:31:38.132,2049,0.0007,1.6512
7725,19:31:38.132,2122,0.0364,1.7100
7726,19:31:38.133,2075,0.0134,1.6722
7727,19:31:38.133,2082,0.0168,1.6778
7728,19:31:38.134,2020,-0.0134,1.6278
7729,19:31:38.134,2081,0.0164,1.6770
7730,19:31:38.135,2092,0.0217,1.6859
7731,19:31:38.135,2076,0.0139,1.6730
7732,19:31:38.136,2046,-0.0007,1.6488
7733,19:31:38.136,2040,-0.0037,1.6440
7734,19:31:38.137,2124,0.0374,1.7116
7735,19:31:38.137,2063,0.0076,1.6625
7736,19:31:38.138,2078,0.0149,1.6746
7737,19:31:38.138,2024,-0.0115,1.6311
7738,19:31:38.139,2080,0.0159,1.6762
7739,19:31:38.139,2097,0.0242,1.6899
7740,19:31:38.140,2085,0.0183,1.6802
7741,19:31:38.140,2058,0.0051,1.6585
7742,19:31:38.141,2033,-0.0071,1.6383
7743,19:31:38.141,2122,0.0364,1.7100
7744,19:31:38.142,2062,0.0071,1.6617
7745,19:31:38.142,2074,0.0129,1.6714
7746,19:31:38.143,2025,-0.0110,1.6319
7747,19:31:38.143,2080,0.0159,1.6762
7748,19:31:38.144,2100,0.0256,1.6923
7749,19:31:38.144,2085,0.0183,1.6802
7750,19:31:38.145,2063,0.0076,1.6625
7751,19:31:38.145,2027,-0.0100,1.6335
7752,19:31:38.146,2118,0.0344,1.7068
7753,19:31:38.146,2068,0.0100,1.6665
7754,19:31:38.147,2070,0.0110,1.6681
7755,19:31:38.147,2031,-0.0081,1.6367
7756,19:31:38.148,2074,0.0129,1.6714
7757,19:31:38.148,2099,0.0252,1.6915
7758,19:31:38.149,2089,0.0203,1.6834
7759,19:31:38.149,2072,0.0120,1.6697
7760,19:31:38.150,2029,-0.0090,1.6351
7761,19:31:38.150,2108,0.0295,1.6988
7762,19:31:38.151,2070,0.0110,1.6681
7763,19:31:38.151,2063,0.0076,1.6625
7764,19:31:38.152,2037,-0.0051,1.6415
7765,19:31:38.152,2074,0.0129,1.6714
7766,19:31:38.153,2102,0.0266,1.6939
7767,19:31:38.153,2090,0.0208,1.6842
7768,19:31:38.154,2081,0.0164,1.6770
7769,19:31:38.154,2026,-0.0105,1.6327
7770,19:31:38.155,2100,0.0256,1.6923
7771,19:31:38.155,2076,0.0139,1.6730
7772,19:31:38.156,2064,0.0081,1.6633
7773,19:31:38.156,2044,-0.0017,1.6472
7774,19:31:38.157,2068,0.0100,1.6665
7775,19:31:38.157,2108,0.0295,1.6988
7776,19:31:38.158,2089,0.0203,1.6834
7777,19:31:38.158,2090,0.0208,1.6842
7778,19:31:38.159,2030,-0.0085,1.6359
7779,19:31:38.159,2084,0.0178,1.6794
7780,19:31:38.160,2082,0.0168,1.6778
7781,19:31:38.160,2068,0.0100,1.6665
7782,19:31:38.161,2050,0.0012,1.6520
7783,19:31:38.161,2062,0.0071,1.6617
7784,19:31:38.162,2112,0.0315,1.7020
7785,19:31:38.162,2088,0.0198,1.6826
7786,19:31:38.163,2092,0.0217,1.6859
7787,19:31:38.163,2029,-0.0090,1.6351
7788,19:31:38.164,2076,0.0139,1.6730
7789,19:31:38.164,2084,0.0178,1.6794
7790,19:31:38.165,2072,0.0120,1.6697
7791,19:31:38.165,2049,0.0007,1.6512
7792,19:31:38.166,2057,0.0046,1.6577
7793,19:31:38.166,2112,0.0315,1.7020
7794,19:31:38.167,2083,0.0173,1.6786
7795,19:31:38.167,2090,0.0208,1.6842
7796,19:31:38.168,2029,-0.0090,1.6351
7797,19:31:38.168,2072,0.0120,1.6697
7798,19:31:38.169,2090,0.0208,1.6842
7799,19:31:38.169,2074,0.0129,1.6714
7800,19:31:38.170,2055,0.0037,1.6560
7801,19:31:38.170,2049,0.0007,1.6512
7802,19:31:38.171,2118,0.0344,1.7068
7803,19:31:38.171,2079,0.0154,1.6754
7804,19:31:38.172,2084,0.0178,1.6794
7805,19:31:38.172,2026,-0.0105,1.6327
7806,19:31:38.173,2072,0.0120,1.6697
7807,19:31:38.173,2090,0.0208,1.6842
7808,19:31:38.174,2077,0.0144,1.6738
7809,19:31:38.174,2054,0.0032,1.6552
7810,19:31:38.175,2038,-0.0046,1.6423
7811,19:31:38.175,2117,0.0339,1.7060
7812,19:31:38.176,2073,0.0125,1.6705
7813,19:31:38.176,2081,0.0164,1.6770
7814,19:31:38.177,2029,-0.0090,1.6351
7815,19:31:38.177,2070,0.0110,1.6681
7816,19:31:38.178,2093,0.0222,1.6867
7817,19:31:38.178,2084,0.0178,1.6794
7818,19:31:38.179,2063,0.0076,1.6625
7819,19:31:38.179,2032,-0.0076,1.6375
7820,19:31:38.180,2113,0.0320,1.7028
7821,19:31:38.180,2072,0.0120,1.6697
7822,19:31:38.181,2077,0.0144,1.6738
7823,19:31:38.181,2030,-0.0085,1.6359
7824,19:31:38.182,2070,0.0110,1.6681
7825,19:31:38.182,2095,0.0232,1.6883
7826,19:31:38.183,2087,0.0193,1.6818
7827,19:31:38.183,2068,0.0100,1.6665
7828,19:31:38.184,2027,-0.0100,1.6335
7829,19:31:38.184,2106,0.0286,1.6971
7830,19:31:38.185,2070,0.0110,1.6681
7831,19:31:38.185,2071,0.0115,1.6689
7832,19:31:38.186,2036,-0.0056,1.6407
7833,19:31:38.186,2067,0.0095,1.6657
7834,19:31:38.187,2097,0.0242,1.6899
7835,19:31:38.187,2089,0.0203,1.6834
7836,19:31:38.188,2073,0.0125,1.6705
7837,19:31:38.188,2026,-0.0105,1.6327
7838,19:31:38.189,2093,0.0222,1.6867
7839,19:31:38.189,2069,0.0105,1.6673
7840,19:31:38.190,2068,0.0100,1.6665
7841,19:31:38.190,2042,-0.0027,1.6456
7842,19:31:38.191,2070,0.0110,1.6681
7843,19:31:38.191,2103,0.0271,1.6947
7844,19:31:38.192,2086,0.0188,1.6810
7845,19:31:38.192,2084,0.0178,1.6794
7846,19:31:38.193,2028,-0.0095,1.6343
7847,19:31:38.193,2085,0.0183,1.6802
7848,19:31:38.194,2072,0.0120,1.6697
7849,19:31:38.194,2068,0.0100,1.6665
7850,19:31:38.195,2049,0.0007,1.6512
7851,19:31:38.195,2065,0.0085,1.6641
7852,19:31:38.196,2104,0.0276,1.6955
7853,19:31:38.196,2083,0.0173,1.6786
7854,19:31:38.197,2086,0.0188,1.6810
7855,19:31:38.197,2030,-0.0085,1.6359
7856,19:31:38.198,2078,0.0149,1.6746
7857,19:31:38.198,2078,0.0149,1.6746
7858,19:31:38.199,2070,0.0110,1.6681
7859,19:31:38.199,2055,0.0037,1.6560
7860,19:31:38.200,2055,0.0037,1.6560
7861,19:31:38.200,2110,0.0305,1.7004
7862,19:31:38.201,2083,0.0173,1.6786
7863,19:31:38.201,2092,0.0217,1.6859
7864,19:31:38.202,2028,-0.0095,1.6343
7865,19:31:38.202,2069,0.0105,1.6673
7866,19:31:38.203,2086,0.0188,1.6810
7867,19:31:38.203,2069,0.0105,1.6673
7868,19:31:38.204,2060,0.0061,1.6601
7869,19:31:38.204,2046,-0.0007,1.6488
7870,19:31:38.205,2112,0.0315,1.7020
7871,19:31:38.205,2078,0.0149,1.6746
7872,19:31:38.206,2090,0.0208,1.6842
7873,19:31:38.206,2032,-0.0076,1.6375
7874,19:31:38.207,2065,0.0085,1.6641
7875,19:31:38.207,2092,0.0217,1.6859
7876,19:31:38.208,2076,0.0139,1.6730
7877,19:31:38.208,2068,0.0100,1.6665
7878,19:31:38.209,2043,-0.0022,1.6464
7879,19:31:38.209,2111,0.0310,1.7012
7880,19:31:38.210,2076,0.0139,1.6730
7881,19:31:38.210,2089,0.0203,1.6834
7882,19:31:38.211,2032,-0.0076,1.6375
7883,19:31:38.211,2065,0.0085,1.6641
7884,19:31:38.212,2097,0.0242,1.6899
7885,19:31:38.212,2078,0.0149,1.6746
7886,19:31:38.213,2068,0.0100,1.6665
7887,19:31:38.213,2038,-0.0046,1.6423
7888,19:31:38.214,2111,0.0310,1.7012
7889,19:31:38.214,2071,0.0115,1.6689
7890,19:31:38.215,2082,0.0168,1.6778
7891,19:31:38.215,2035,-0.0061,1.6399
7892,19:31:38.216,2068,0.0100,1.6665
7893,19:31:38.216,2095,0.0232,1.6883
7894,19:31:38.217,2082,0.0168,1.6778
7895,19:31:38.217,2073,0.0125,1.6705
7896,19:31:38.218,2031,-0.0081,1.6367
7897,19:31:38.218,2104,0.0276,1.6955
7898,19:31:38.219,2073,0.0125,1.6705
7899,19:31:38.219,2079,0.0154,1.6754
7900,19:31:38.220,2037,-0.0051,1.6415
7901,19:31:38.220,2068,0.0100,1.6665
7902,19:31:38.221,2101,0.0261,1.6931
7903,19:31:38.221,2082,0.0168,1.6778
7904,19:31:38.222,2080,0.0159,1.6762
7905,19:31:38.222,2029,-0.0090,1.6351
7906,19:31:38.223,2096,0.0237,1.6891
7907,19:31:38.223,2067,0.0095,1.6657
7908,19:31:38.224,2074,0.0129,1.6714
7909,19:31:38.224,2044,-0.0017,1.6472
7910,19:31:38.225,2068,0.0100,1.6665
7911,19:31:38.225,2101,0.0261,1.6931
7912,19:31:38.226,2086,0.0188,1.6810
7913,19:31:38.226,2079,0.0154,1.6754
7914,19:31:38.227,2031,-0.0081,1.6367
7915,19:31:38.227,2086,0.0188,1.6810
7916,19:31:38.228,2070,0.0110,1.6681
7917,19:31:38.228,2069,0.0105,1.6673
7918,19:31:38.229,2049,0.0007,1.6512
7919,19:31:38.229,2065,0.0085,1.6641
7920,19:31:38.230,2102,0.0266,1.6939
7921,19:31:38.230,2083,0.0173,1.6786
7922,19:31:38.231,2083,0.0173,1.6786
7923,19:31:38.231,2031,-0.0081,1.6367
7924,19:31:38.232,2083,0.0173,1.6786
7925,19:31:38.232,2072,0.0120,1.6697
7926,19:31:38.233,2069,0.0105,1.6673
7927,19:31:38.233,2054,0.0032,1.6552
7928,19:31:38.234,2062,0.0071,1.6617
7929,19:31:38.234,2104,0.0276,1.6955
7930,19:31:38.235,2084,0.0178,1.6794
7931,19:31:38.235,2089,0.0203,1.6834
7932,19:31:38.236,2028,-0.0095,1.6343
7933,19:31:38.236,2072,0.0120,1.6697
7934,19:31:38.237,2077,0.0144,1.6738
7935,19:31:38.237,2072,0.0120,1.6697
7936,19:31:38.238,2059,0.0056,1.6593
7937,19:31:38.238,2051,0.0017,1.6528
7938,19:31:38.239,2102,0.0266,1.6939
7939,19:31:38.239,2078,0.0149,1.6746
7940,19:31:38.240,2086,0.0188,1.6810
7941,19:31:38.240,2031,-0.0081,1.6367
7942,19:31:38.241,2061,0.0066,1.6609
7943,19:31:38.241,2083,0.0173,1.6786
7944,19:31:38.242,2076,0.0139,1.6730
7945,19:31:38.242,2060,0.0061,1.6601
7946,19:31:38.243,2046,-0.0007,1.6488
7947,19:31:38.243,2103,0.0271,1.6947
7948,19:31:38.244,2076,0.0139,1.6730
7949,19:31:38.244,2087,0.0193,1.6818
7950,19:31:38.245,2035,-0.0061,1.6399
7951,19:31:38.245,2061,0.0066,1.6609
7952,19:31:38.246,2088,0.0198,1.6826
7953,19:31:38.246,2078,0.0149,1.6746
7954,19:31:38.247,2072,0.0120,1.6697
7955,19:31:38.247,2038,-0.0046,1.6423
7956,19:31:38.248,2106,0.0286,1.6971
7957,19:31:38.248,2072,0.0120,1.6697
7958,19:31:38.249,2084,0.0178,1.6794
7959,19:31:38.249,2036,-0.0056,1.6407
7960,19:31:38.250,2058,0.0051,1.6585
7961,19:31:38.250,2092,0.0217,1.6859
7962,19:31:38.251,2077,0.0144,1.6738
7963,19:31:38.251,2074,0.0129,1.6714
7964,19:31:38.252,2035,-0.0061,1.6399
7965,19:31:38.252,2100,0.0256,1.6923
7966,19:31:38.253,2071,0.0115,1.6689
7967,19:31:38.253,2083,0.0173,1.6786
7968,19:31:38.254,2040,-0.0037,1.6440
7969,19:31:38.254,2057,0.0046,1.6577
7970,19:31:38.255,2095,0.0232,1.6883
7971,19:31:38.255,2080,0.0159,1.6762
7972,19:31:38.256,2077,0.0144,1.6738
7973,19:31:38.256,2035,-0.0061,1.6399
7974,19:31:38.257,2097,0.0242,1.6899
7975,19:31:38.257,2071,0.0115,1.6689
7976,19:31:38.258,2080,0.0159,1.6762
7977,19:31:38.258,2049,0.0007,1.6512
7978,19:31:38.259,2059,0.0056,1.6593
7979,19:31:38.259,2097,0.0242,1.6899
7980,19:31:38.260,2081,0.0164,1.6770
7981,19:31:38.260,2083,0.0173,1.6786
7982,19:31:38.261,2033,-0.0071,1.6383
7983,19:31:38.261,2087,0.0193,1.6818
7984,19:31:38.262,2076,0.0139,1.6730
7985,19:31:38.262,2074,0.0129,1.6714
7986,19:31:38.263,2053,0.0027,1.6544
7987,19:31:38.263,2061,0.0066,1.6609
7988,19:31:38.264,2101,0.0261,1.6931
7989,19:31:38.264,2084,0.0178,1.6794
7990,19:31:38.265,2082,0.0168,1.6778
7991,19:31:38.265,2035,-0.0061,1.6399
7992,19:31:38.266,2082,0.0168,1.6778
7993,19:31:38.266,2073,0.0125,1.6705
7994,19:31:38.267,2069,0.0105,1.6673
7995,19:31:38.267,2058,0.0051,1.6585
7996,19:31:38.268,2060,0.0061,1.6601
7997,19:31:38.268,2104,0.0276,1.6955
7998,19:31:38.269,2082,0.0168,1.6778
7999,19:31:38.269,2082,0.0168,1.6778
8000,19:31:38.270,2037,-0.0051,1.6415
8001,19:31:38.270,2071,0.0115,1.6689
8002,19:31:38.271,2078,0.0149,1.6746
8003,19:31:38.271,2071,0.0115,1.6689
8004,19:31:38.272,2064,0.0081,1.6633
8005,19:31:38.272,2058,0.0051,1.6585
8006,19:31:38.273,2102,0.0266,1.6939
8007,19:31:38.273,2080,0.0159,1.6762
8008,19:31:38.274,2085,0.0183,1.6802
8009,19:31:38.274,2038,-0.0046,1.6423
8010,19:31:38.275,2062,0.0071,1.6617
8011,19:31:38.275,2080,0.0159,1.6762
8012,19:31:38.276,2071,0.0115,1.6689
8013,19:31:38.276,2068,0.0100,1.6665
8014,19:31:38.277,2053,0.0027,1.6544
8015,19:31:38.277,2102,0.0266,1.6939
8016,19:31:38.278,2076,0.0139,1.6730
8017,19:31:38.278,2087,0.0193,1.6818
8018,19:31:38.279,2037,-0.0051,1.6415
8019,19:31:38.279,2060,0.0061,1.6601
8020,19:31:38.280,2081,0.0164,1.6770
8021,19:31:38.280,2070,0.0110,1.6681
8022,19:31:38.281,2069,0.0105,1.6673
8023,19:31:38.281,2051,0.0017,1.6528
8024,19:31:38.282,2099,0.0252,1.6915
8025,19:31:38.282,2078,0.0149,1.6746
8026,19:31:38.283,2084,0.0178,1.6794
8027,19:31:38.283,2042,-0.0027,1.6456
8028,19:31:38.284,2056,0.0042,1.6568
8029,19:31:38.284,2087,0.0193,1.6818
8030,19:31:38.285,2076,0.0139,1.6730
8031,19:31:38.285,2071,0.0115,1.6689
8032,19:31:38.286,2039,-0.0042,1.6432
8033,19:31:38.286,2097,0.0242,1.6899
8034,19:31:38.287,2075,0.0134,1.6722
8035,19:31:38.287,2083,0.0173,1.6786
8036,19:31:38.288,2043,-0.0022,1.6464
8037,19:31:38.288,2056,0.0042,1.6568
8038,19:31:38.289,2088,0.0198,1.6826
8039,19:31:38.289,2077,0.0144,1.6738
8040,19:31:38.290,2076,0.0139,1.6730
8041,19:31:38.290,2037,-0.0051,1.6415
8042,19:31:38.291,2091,0.0212,1.6851
8043,19:31:38.291,2074,0.0129,1.6714
8044,19:31:38.292,2083,0.0173,1.6786
8045,19:31:38.292,2047,-0.0002,1.6496
8046,19:31:38.293,2058,0.0051,1.6585
8047,19:31:38.293,2092,0.0217,1.6859
8048,19:31:38.294,2078,0.0149,1.6746
8049,19:31:38.294,2081,0.0164,1.6770
8050,19:31:38.295,2032,-0.0076,1.6375
8051,19:31:38.295,2088,0.0198,1.6826
8052,19:31:38.296,2068,0.0100,1.6665
8053,19:31:38.296,2079,0.0154,1.6754
8054,19:31:38.297,2051,0.0017,1.6528
8055,19:31:38.297,2058,0.0051,1.6585
8056,19:31:38.298,2098,0.0247,1.6907
8057,19:31:38.298,2080,0.0159,1.6762
8058,19:31:38.299,2082,0.0168,1.6778
8059,19:31:38.299,2033,-0.0071,1.6383
8060,19:31:38.300,2081,0.0164,1.6770
8061,19:31:38.300,2070,0.0110,1.6681
8062,19:31:38.301,2077,0.0144,1.6738
8063,19:31:38.301,2057,0.0046,1.6577
8064,19:31:38.302,2059,0.0056,1.6593
8065,19:31:38.302,2101,0.0261,1.6931
8066,19:31:38.303,2082,0.0168,1.6778
8067,19:31:38.303,2083,0.0173,1.6786
8068,19:31:38.304,2034,-0.0066,1.6391
8069,19:31:38.304,2074,0.0129,1.6714
8070,19:31:38.305,2075,0.0134,1.6722
8071,19:31:38.305,2074,0.0129,1.6714
8072,19:31:38.306,2062,0.0071,1.6617
8073,19:31:38.306,2061,0.0066,1.6609
8074,19:31:38.307,2103,0.0271,1.6947
8075,19:31:38.307,2083,0.0173,1.6786
8076,19:31:38.308,2087,0.0193,1.6818
8077,19:31:38.308,2039,-0.0042,1.6432
8078,19:31:38.309,2070,0.0110,1.6681
8079,19:31:38.309,2075,0.0134,1.6722
8080,19:31:38.310,2075,0.0134,1.6722
8081,19:31:38.310,2070,0.0110,1.6681
8082,19:31:38.311,2059,0.0056,1.6593
8083,19:31:38.311,2103,0.0271,1.6947
8084,19:31:38.312,2080,0.0159,1.6762
8085,19:31:38.312,2084,0.0178,1.6794
8086,19:31:38.313,2041,-0.0032,1.6448
8087,19:31:38.313,2061,0.0066,1.6609
8088,19:31:38.314,2079,0.0154,1.6754
8089,19:31:38.314,2070,0.0110,1.6681
8090,19:31:38.315,2073,0.0125,1.6705
8091,19:31:38.315,2056,0.0042,1.6568
8092,19:31:38.316,2096,0.0237,1.6891
8093,19:31:38.316,2079,0.0154,1.6754
8094,19:31:38.317,2083,0.0173,1.6786
8095,19:31:38.317,2049,0.0007,1.6512
8096,19:31:38.318,2057,0.0046,1.6577
8097,19:31:38.318,2081,0.0164,1.6770
8098,19:31:38.319,2073,0.0125,1.6705
8099,19:31:38.319,2074,0.0129,1.6714
8100,19:31:38.320,2051,0.0017,1.6528
8101,19:31:38.320,2092,0.0217,1.6859
8102,19:31:38.321,2074,0.0129,1.6714
8103,19:31:38.321,2083,0.0173,1.6786
8104,19:31:38.322,2048,0.0002,1.6504
8105,19:31:38.322,2058,0.0051,1.6585
8106,19:31:38.323,2085,0.0183,1.6802
8107,19:31:38.323,2075,0.0134,1.6722
8108,19:31:38.324,2078,0.0149,1.6746
8109,19:31:38.324,2051,0.0017,1.6528
8110,19:31:38.325,2086,0.0188,1.6810
8111,19:31:38.325,2077,0.0144,1.6738
8112,19:31:38.326,2075,0.0134,1.6722
8113,19:31:38.326,2061,0.0066,1.6609
8114,19:31:38.327,2056,0.0042,1.6568
8115,19:31:38.327,2088,0.0198,1.6826
8116,19:31:38.328,2077,0.0144,1.6738
8117,19:31:38.328,2066,0.0090,1.6649
8118,19:31:38.329,2062,0.0071,1.6617
8119,19:31:38.329,2080,0.0159,1.6762
8120,19:31:38.330,2077,0.0144,1.6738
8121,19:31:38.330,2070,0.0110,1.6681
8122,19:31:38.331,2060,0.0061,1.6601
8123,19:31:38.331,2069,0.0105,1.6673
8124,19:31:38.332,2080,0.0159,1.6762
8125,19:31:38.332,2077,0.0144,1.6738
8126,19:31:38.333,2063,0.0076,1.6625
8127,19:31:38.333,2069,0.0105,1.6673
8128,19:31:38.334,2083,0.0173,1.6786
8129,19:31:38.334,2070,0.0110,1.6681
8130,19:31:38.335,2066,0.0090,1.6649
8131,19:31:38.335,2066,0.0090,1.6649
8132,19:31:38.336,2072,0.0120,1.6697
8133,19:31:38.336,2077,0.0144,1.6738
8134,19:31:38.337,2067,0.0095,1.6657
8135,19:31:38.337,2069,0.0105,1.6673
8136,19:31:38.338,2073,0.0125,1.6705
8137,19:31:38.338,2070,0.0110,1.6681
8138,19:31:38.339,2071,0.0115,1.6689
8139,19:31:38.339,2064,0.0081,1.6633
8140,19:31:38.340,2072,0.0120,1.6697
8141,19:31:38.340,2079,0.0154,1.6754
8142,19:31:38.341,2073,0.0125,1.6705
8143,19:31:38.341,2065,0.0085,1.6641
8144,19:31:38.342,2066,0.0090,1.6649
8145,19:31:38.342,2075,0.0134,1.6722
8146,19:31:38.343,2074,0.0129,1.6714
8147,19:31:38.343,2067,0.0095,1.6657
8148,19:31:38.344,2065,0.0085,1.6641
8149,19:31:38.344,2072,0.0120,1.6697
8150,19:31:38.345,2079,0.0154,1.6754
8151,19:31:38.345,2072,0.0120,1.6697
8152,19:31:38.346,2064,0.0081,1.6633
8153,19:31:38.346,2067,0.0095,1.6657
8154,19:31:38.347,2074,0.0129,1.6714
8155,19:31:38.347,2071,0.0115,1.6689
8156,19:31:38.348,2068,0.0100,1.6665
8157,19:31:38.348,2066,0.0090,1.6649
8158,19:31:38.349,2079,0.0154,1.6754
8159,19:31:38.349,2079,0.0154,1.6754
8160,19:31:38.350,2070,0.0110,1.6681
8161,19:31:38.350,2065,0.0085,1.6641
8162,19:31:38.351,2072,0.0120,1.6697
8163,19:31:38.351,2075,0.0134,1.6722
8164,19:31:38.352,2069,0.0105,1.6673
8165,19:31:38.352,2067,0.0095,1.6657
8166,19:31:38.353,2065,0.0085,1.6641
8167,19:31:38.353,2075,0.0134,1.6722
8168,19:31:38.354,2080,0.0159,1.6762
8169,19:31:38.354,2069,0.0105,1.6673
8170,19:31:38.355,2063,0.0076,1.6625
8171,19:31:38.355,2072,0.0120,1.6697
8172,19:31:38.356,2080,0.0159,1.6762
8173,19:31:38.356,2071,0.0115,1.6689
8174,19:31:38.357,2069,0.0105,1.6673
8175,19:31:38.357,2065,0.0085,1.6641
8176,19:31:38.358,2079,0.0154,1.6754
8177,19:31:38.358,2078,0.0149,1.6746
8178,19:31:38.359,2068,0.0100,1.6665
8179,19:31:38.359,2062,0.0071,1.6617
8180,19:31:38.360,2069,0.0105,1.6673
8181,19:31:38.360,2080,0.0159,1.6762
8182,19:31:38.361,2072,0.0120,1.6697
8183,19:31:38.361,2068,0.0100,1.6665
8184,19:31:38.362,2067,0.0095,1.6657
8185,19:31:38.362,2075,0.0134,1.6722
8186,19:31:38.363,2076,0.0139,1.6730
8187,19:31:38.363,2084,0.0178,1.6794
8188,19:31:38.364,2049,0.0007,1.6512
8189,19:31:38.364,2080,0.0159,1.6762
8190,19:31:38.365,2071,0.0115,1.6689
8191,19:31:38.365,2064,0.0081,1.6633
8192,19:31:38.366,2070,0.0110,1.6681
8193,19:31:38.366,2059,0.0056,1.6593
8194,19:31:38.367,2096,0.0237,1.6891
8195,19:31:38.367,2059,0.0056,1.6593
8196,19:31:38.368,2089,0.0203,1.6834
8197,19:31:38.368,2057,0.0046,1.6577
8198,19:31:38.369,2083,0.0173,1.6786
8199,19:31:38.369,2070,0.0110,1.6681
8200,19:31:38.370,2051,0.0017,1.6528
8201,19:31:38.370,2082,0.0168,1.6778
8202,19:31:38.371,2065,0.0085,1.6641
8203,19:31:38.371,2085,0.0183,1.6802
8204,19:31:38.372,2064,0.0081,1.6633
8205,19:31:38.372,2075,0.0134,1.6722
8206,19:31:38.373,2069,0.0105,1.6673
8207,19:31:38.373,2075,0.0134,1.6722
8208,19:31:38.374,2071,0.0115,1.6689
8209,19:31:38.374,2062,0.0071,1.6617
8210,19:31:38.375,2073,0.0125,1.6705
8211,19:31:38.375,2080,0.0159,1.6762
8212,19:31:38.376,2082,0.0168,1.6778
8213,19:31:38.376,2060,0.0061,1.6601
8214,19:31:38.377,2072,0.0120,1.6697
8215,19:31:38.377,2065,0.0085,1.6641
8216,19:31:38.378,2076,0.0139,1.6730
8217,19:31:38.378,2073,0.0125,1.6705
8218,19:31:38.379,2063,0.0076,1.6625
8219,19:31:38.379,2077,0.0144,1.6738
8220,19:31:38.380,2080,0.0159,1.6762
8221,19:31:38.380,2084,0.0178,1.6794
8222,19:31:38.381,2060,0.0061,1.6601
8223,19:31:38.381,2058,0.0051,1.6585
8224,19:31:38.382,2065,0.0085,1.6641
8225,19:31:38.382,2073,0.0125,1.6705
8226,19:31:38.383,2072,0.0120,1.6697
8227,19:31:38.383,2064,0.0081,1.6633
8228,19:31:38.384,2078,0.0149,1.6746
8229,19:31:38.384,2082,0.0168,1.6778
8230,19:31:38.385,2081,0.0164,1.6770
8231,19:31:38.385,2060,0.0061,1.6601
8232,19:31:38.386,2058,0.0051,1.6585
8233,19:31:38.386,2067,0.0095,1.6657
8234,19:31:38.387,2069,0.0105,1.6673
8235,19:31:38.387,2072,0.0120,1.6697
8236,19:31:38.388,2063,0.0076,1.6625
8237,19:31:38.388,2081,0.0164,1.6770
8238,19:31:38.389,2083,0.0173,1.6786
8239,19:31:38.389,2078,0.0149,1.6746
8240,19:31:38.390,2059,0.0056,1.6593
8241,19:31:38.390,2054,0.0032,1.6552
8242,19:31:38.391,2071,0.0115,1.6689
8243,19:31:38.391,2066,0.0090,1.6649
8244,19:31:38.392,2073,0.0125,1.6705
8245,19:31:38.392,2065,0.0085,1.6641
8246,19:31:38.393,2084,0.0178,1.6794
8247,19:31:38.393,2084,0.0178,1.6794
8248,19:31:38.394,2076,0.0139,1.6730
8249,19:31:38.394,2058,0.0051,1.6585
8250,19:31:38.395,2053,0.0027,1.6544
8251,19:31:38.395,2071,0.0115,1.6689
8252,19:31:38.396,2064,0.0081,1.6633
8253,19:31:38.396,2073,0.0125,1.6705
8254,19:31:38.397,2067,0.0095,1.6657
8255,19:31:38.397,2084,0.0178,1.6794
8256,19:31:38.398,2078,0.0149,1.6746
8257,19:31:38.398,2080,0.0159,1.6762
8258,19:31:38.399,2056,0.0042,1.6568
8259,19:31:38.399,2055,0.0037,1.6560
8260,19:31:38.400,2070,0.0110,1.6681
8261,19:31:38.400,2071,0.0115,1.6689
8262,19:31:38.401,2074,0.0129,1.6714
8263,19:31:38.401,2064,0.0081,1.6633
8264,19:31:38.402,2082,0.0168,1.6778
8265,19:31:38.402,2075,0.0134,1.6722
8266,19:31:38.403,2075,0.0134,1.6722
8267,19:31:38.403,2060,0.0061,1.6601
8268,19:31:38.404,2056,0.0042,1.6568
8269,19:31:38.404,2076,0.0139,1.6730
8270,19:31:38.405,2070,0.0110,1.6681
8271,19:31:38.405,2076,0.0139,1.6730
8272,19:31:38.406,2060,0.0061,1.6601
8273,19:31:38.406,2080,0.0159,1.6762
8274,19:31:38.407,2071,0.0115,1.6689
8275,19:31:38.407,2078,0.0149,1.6746
8276,19:31:38.408,2062,0.0071,1.6617
8277,19:31:38.408,2061,0.0066,1.6609
8278,19:31:38.409,2073,0.0125,1.6705
8279,19:31:38.409,2075,0.0134,1.6722
8280,19:31:38.410,2076,0.0139,1.6730
8281,19:31:38.410,2063,0.0076,1.6625
8282,19:31:38.411,2079,0.0154,1.6754
8283,19:31:38.411,2072,0.0120,1.6697
8284,19:31:38.412,2077,0.0144,1.6738
8285,19:31:38.412,2064,0.0081,1.6633
8286,19:31:38.413,2069,0.0105,1.6673
8287,19:31:38.413,2075,0.0134,1.6722
8288,19:31:38.414,2077,0.0144,1.6738
8289,19:31:38.414,2078,0.0149,1.6746
8290,19:31:38.415,2062,0.0071,1.6617
8291,19:31:38.415,2076,0.0139,1.6730
8292,19:31:38.416,2071,0.0115,1.6689
8293,19:31:38.416,2076,0.0139,1.6730
8294,19:31:38.417,2068,0.0100,1.6665
8295,19:31:38.417,2071,0.0115,1.6689
8296,19:31:38.418,2077,0.0144,1.6738
8297,19:31:38.418,2078,0.0149,1.6746
8298,19:31:38.419,2075,0.0134,1.6722
8299,19:31:38.419,2061,0.0066,1.6609
8300,19:31:38.420,2069,0.0105,1.6673
8301,19:31:38.420,2073,0.0125,1.6705
8302,19:31:38.421,2073,0.0125,1.6705
8303,19:31:38.421,2074,0.0129,1.6714
8304,19:31:38.422,2073,0.0125,1.6705
8305,19:31:38.422,2085,0.0183,1.6802
8306,19:31:38.423,2084,0.0178,1.6794
8307,19:31:38.423,2077,0.0144,1.6738
8308,19:31:38.424,2063,0.0076,1.6625
8309,19:31:38.424,2060,0.0061,1.6601
8310,19:31:38.425,2074,0.0129,1.6714
8311,19:31:38.425,2068,0.0100,1.6665
8312,19:31:38.426,2074,0.0129,1.6714
8313,19:31:38.426,2069,0.0105,1.6673
8314,19:31:38.427,2084,0.0178,1.6794
8315,19:31:38.427,2085,0.0183,1.6802
8316,19:31:38.428,2080,0.0159,1.6762
8317,19:31:38.428,2065,0.0085,1.6641
8318,19:31:38.429,2059,0.0056,1.6593
8319,19:31:38.429,2070,0.0110,1.6681
8320,19:31:38.430,2069,0.0105,1.6673
8321,19:31:38.430,2075,0.0134,1.6722
8322,19:31:38.431,2073,0.0125,1.6705
8323,19:31:38.431,2084,0.0178,1.6794
8324,19:31:38.432,2083,0.0173,1.6786
8325,19:31:38.432,2080,0.0159,1.6762
8326,19:31:38.433,2060,0.0061,1.6601
8327,19:31:38.433,2055,0.0037,1.6560
8328,19:31:38.434,2077,0.0144,1.6738
8329,19:31:38.434,2066,0.0090,1.6649
8330,19:31:38.435,2074,0.0129,1.6714
8331,19:31:38.435,2070,0.0110,1.6681
8332,19:31:38.436,2085,0.0183,1.6802
8333,19:31:38.436,2078,0.0149,1.6746
8334,19:31:38.437,2079,0.0154,1.6754
8335,19:31:38.437,2061,0.0066,1.6609
8336,19:31:38.438,2056,0.0042,1.6568
8337,19:31:38.438,2072,0.0120,1.6697
8338,19:31:38.439,2066,0.0090,1.6649
8339,19:31:38.439,2074,0.0129,1.6714
8340,19:31:38.440,2066,0.0090,1.6649
8341,19:31:38.440,2081,0.0164,1.6770
8342,19:31:38.441,2080,0.0159,1.6762
8343,19:31:38.441,2079,0.0154,1.6754
8344,19:31:38.442,2059,0.0056,1.6593
8345,19:31:38.442,2052,0.0022,1.6536
8346,19:31:38.443,2071,0.0115,1.6689
8347,19:31:38.443,2068,0.0100,1.6665
8348,19:31:38.444,2075,0.0134,1.6722
8349,19:31:38.444,2064,0.0081,1.6633
8350,19:31:38.445,2079,0.0154,1.6754
8351,19:31:38.445,2073,0.0125,1.6705
8352,19:31:38.446,2075,0.0134,1.6722
8353,19:31:38.446,2064,0.0081,1.6633
8354,19:31:38.447,2061,0.0066,1.6609
8355,19:31:38.447,2071,0.0115,1.6689
8356,19:31:38.448,2074,0.0129,1.6714
8357,19:31:38.448,2074,0.0129,1.6714
8358,19:31:38.449,2063,0.0076,1.6625
8359,19:31:38.449,2074,0.0129,1.6714
8360,19:31:38.450,2071,0.0115,1.6689
8361,19:31:38.450,2073,0.0125,1.6705
8362,19:31:38.451,2065,0.0085,1.6641
8363,19:31:38.451,2065,0.0085,1.6641
8364,19:31:38.452,2075,0.0134,1.6722
8365,19:31:38.452,2076,0.0139,1.6730
8366,19:31:38.453,2073,0.0125,1.6705
8367,19:31:38.453,2060,0.0061,1.6601
8368,19:31:38.454,2071,0.0115,1.6689
8369,19:31:38.454,2064,0.0081,1.6633
8370,19:31:38.455,2074,0.0129,1.6714
8371,19:31:38.455,2067,0.0095,1.6657
8372,19:31:38.456,2071,0.0115,1.6689
8373,19:31:38.456,2073,0.0125,1.6705
8374,19:31:38.457,2082,0.0168,1.6778
8375,19:31:38.457,2072,0.0120,1.6697
8376,19:31:38.458,2059,0.0056,1.6593
8377,19:31:38.458,2068,0.0100,1.6665
8378,19:31:38.459,2066,0.0090,1.6649
8379,19:31:38.459,2070,0.0110,1.6681
8380,19:31:38.460,2069,0.0105,1.6673
8381,19:31:38.460,2071,0.0115,1.6689
8382,19:31:38.461,2079,0.0154,1.6754
8383,19:31:38.461,2083,0.0173,1.6786
8384,19:31:38.462,2077,0.0144,1.6738
8385,19:31:38.462,2057,0.0046,1.6577
8386,19:31:38.463,2066,0.0090,1.6649
8387,19:31:38.463,2066,0.0090,1.6649
8388,19:31:38.464,2070,0.0110,1.6681
8389,19:31:38.464,2068,0.0100,1.6665
8390,19:31:38.465,2074,0.0129,1.6714
8391,19:31:38.465,2080,0.0159,1.6762
8392,19:31:38.466,2082,0.0168,1.6778
8393,19:31:38.466,2077,0.0144,1.6738
8394,19:31:38.467,2059,0.0056,1.6593
8395,19:31:38.467,2065,0.0085,1.6641
8396,19:31:38.468,2070,0.0110,1.6681
8397,19:31:38.468,2069,0.0105,1.6673
8398,19:31:38.469,2072,0.0120,1.6697
8399,19:31:38.469,2073,0.0125,1.6705
8400,19:31:38.470,2082,0.0168,1.6778
8401,19:31:38.470,2084,0.0178,1.6794
8402,19:31:38.471,2077,0.0144,1.6738
8403,19:31:38.471,2060,0.0061,1.6601
8404,19:31:38.472,2061,0.0066,1.6609
8405,19:31:38.472,2072,0.0120,1.6697
8406,19:31:38.473,2071,0.0115,1.6689
8407,19:31:38.473,2071,0.0115,1.6689
8408,19:31:38.474,2072,0.0120,1.6697
8409,19:31:38.474,2083,0.0173,1.6786
8410,19:31:38.475,2082,0.0168,1.6778
8411,19:31:38.475,2078,0.0149,1.6746
8412,19:31:38.476,2063,0.0076,1.6625
8413,19:31:38.476,2058,0.0051,1.6585
8414,19:31:38.477,2077,0.0144,1.6738
8415,19:31:38.477,2071,0.0115,1.6689
8416,19:31:38.478,2072,0.0120,1.6697
8417,19:31:38.478,2067,0.0095,1.6657
8418,19:31:38.479,2076,0.0139,1.6730
8419,19:31:38.479,2077,0.0144,1.6738
8420,19:31:38.480,2079,0.0154,1.6754
8421,19:31:38.480,2064,0.0081,1.6633
8422,19:31:38.481,2061,0.0066,1.6609
8423,19:31:38.481,2072,0.0120,1.6697
8424,19:31:38.482,2075,0.0134,1.6722
8425,19:31:38.482,2076,0.0139,1.6730
8426,19:31:38.483,2067,0.0095,1.6657
8427,19:31:38.483,2075,0.0134,1.6722
8428,19:31:38.484,2076,0.0139,1.6730
8429,19:31:38.484,2075,0.0134,1.6722
8430,19:31:38.485,2066,0.0090,1.6649
8431,19:31:38.485,2066,0.0090,1.6649
8432,19:31:38.486,2075,0.0134,1.6722
8433,19:31:38.486,2075,0.0134,1.6722
8434,19:31:38.487,2075,0.0134,1.6722
8435,19:31:38.487,2064,0.0081,1.6633
8436,19:31:38.488,2071,0.0115,1.6689
8437,19:31:38.488,2070,0.0110,1.6681
8438,19:31:38.489,2077,0.0144,1.6738
8439,19:31:38.489,2069,0.0105,1.6673
8440,19:31:38.490,2064,0.0081,1.6633
8441,19:31:38.490,2075,0.0134,1.6722
8442,19:31:38.491,2079,0.0154,1.6754
8443,19:31:38.491,2072,0.0120,1.6697
8444,19:31:38.492,2060,0.0061,1.6601
8445,19:31:38.492,2069,0.0105,1.6673
8446,19:31:38.493,2068,0.0100,1.6665
8447,19:31:38.493,2072,0.0120,1.6697
8448,19:31:38.494,2068,0.0100,1.6665
8449,19:31:38.494,2068,0.0100,1.6665
8450,19:31:38.495,2077,0.0144,1.6738
8451,19:31:38.495,2077,0.0144,1.6738
8452,19:31:38.496,2075,0.0134,1.6722
8453,19:31:38.496,2059,0.0056,1.6593
8454,19:31:38.497,2069,0.0105,1.6673
8455,19:31:38.497,2069,0.0105,1.6673
8456,19:31:38.498,2073,0.0125,1.6705
8457,19:31:38.498,2067,0.0095,1.6657
8458,19:31:38.499,2071,0.0115,1.6689
8459,19:31:38.499,2076,0.0139,1.6730
8460,19:31:38.500,2084,0.0178,1.6794
8461,19:31:38.500,2071,0.0115,1.6689
8462,19:31:38.501,2061,0.0066,1.6609
8463,19:31:38.501,2065,0.0085,1.6641
8464,19:31:38.502,2066,0.0090,1.6649
8465,19:31:38.502,2068,0.0100,1.6665
8466,19:31:38.503,2068,0.0100,1.6665
8467,19:31:38.503,2072,0.0120,1.6697
8468,19:31:38.504,2079,0.0154,1.6754
8469,19:31:38.504,2082,0.0168,1.6778
8470,19:31:38.505,2075,0.0134,1.6722
8471,19:31:38.505,2058,0.0051,1.6585
8472,19:31:38.506,2066,0.0090,1.6649
8473,19:31:38.506,2064,0.0081,1.6633
8474,19:31:38.507,2068,0.0100,1.6665
8475,19:31:38.507,2069,0.0105,1.6673
8476,19:31:38.508,2072,0.0120,1.6697
8477,19:31:38.508,2080,0.0159,1.6762
8478,19:31:38.509,2077,0.0144,1.6738
8479,19:31:38.509,2077,0.0144,1.6738
8480,19:31:38.510,2060,0.0061,1.6601
8481,19:31:38.510,2063,0.0076,1.6625
8482,19:31:38.511,2070,0.0110,1.6681
8483,19:31:38.511,2072,0.0120,1.6697
8484,19:31:38.512,2071,0.0115,1.6689
8485,19:31:38.512,2073,0.0125,1.6705
8486,19:31:38.513,2081,0.0164,1.6770
8487,19:31:38.513,2075,0.0134,1.6722
8488,19:31:38.514,2081,0.0164,1.6770
8489,19:31:38.514,2064,0.0081,1.6633
8490,19:31:38.515,2061,0.0066,1.6609
8491,19:31:38.515,2069,0.0105,1.6673
8492,19:31:38.516,2073,0.0125,1.6705
8493,19:31:38.516,2071,0.0115,1.6689
8494,19:31:38.517,2065,0.0085,1.6641
8495,19:31:38.517,2079,0.0154,1.6754
8496,19:31:38.518,2075,0.0134,1.6722
8497,19:31:38.518,2079,0.0154,1.6754
8498,19:31:38.519,2062,0.0071,1.6617
8499,19:31:38.519,2062,0.0071,1.6617
8500,19:31:38.520,2069,0.0105,1.6673
8501,19:31:38.520,2074,0.0129,1.6714
8502,19:31:38.521,2077,0.0144,1.6738
8503,19:31:38.521,2061,0.0066,1.6609
8504,19:31:38.522,2076,0.0139,1.6730
8505,19:31:38.522,2072,0.0120,1.6697
8506,19:31:38.523,2080,0.0159,1.6762
8507,19:31:38.523,2064,0.0081,1.6633
8508,19:31:38.524,2063,0.0076,1.6625
8509,19:31:38.524,2076,0.0139,1.6730
8510,19:31:38.525,2078,0.0149,1.6746
8511,19:31:38.525,2076,0.0139,1.6730
8512,19:31:38.526,2061,0.0066,1.6609
8513,19:31:38.526,2075,0.0134,1.6722
8514,19:31:38.527,2071,0.0115,1.6689
8515,19:31:38.527,2076,0.0139,1.6730
8516,19:31:38.528,2068,0.0100,1.6665
8517,19:31:38.528,2064,0.0081,1.6633
8518,19:31:38.529,2073,0.0125,1.6705
8519,19:31:38.529,2078,0.0149,1.6746
8520,19:31:38.530,2080,0.0159,1.6762
8521,19:31:38.530,2059,0.0056,1.6593
8522,19:31:38.531,2072,0.0120,1.6697
8523,19:31:38.531,2065,0.0085,1.6641
8524,19:31:38.532,2077,0.0144,1.6738
8525,19:31:38.532,2065,0.0085,1.6641
8526,19:31:38.533,2068,0.0100,1.6665
8527,19:31:38.533,2075,0.0134,1.6722
8528,19:31:38.534,2082,0.0168,1.6778
8529,19:31:38.534,2079,0.0154,1.6754
8530,19:31:38.535,2061,0.0066,1.6609
8531,19:31:38.535,2068,0.0100,1.6665
8532,19:31:38.536,2067,0.0095,1.6657
8533,19:31:38.536,2074,0.0129,1.6714
8534,19:31:38.537,2064,0.0081,1.6633
8535,19:31:38.537,2072,0.0120,1.6697
8536,19:31:38.538,2075,0.0134,1.6722
8537,19:31:38.538,2081,0.0164,1.6770
8538,19:31:38.539,2075,0.0134,1.6722
8539,19:31:38.539,2061,0.0066,1.6609
8540,19:31:38.540,2069,0.0105,1.6673
8541,19:31:38.540,2063,0.0076,1.6625
8542,19:31:38.541,2071,0.0115,1.6689
8543,19:31:38.541,2068,0.0100,1.6665
8544,19:31:38.542,2076,0.0139,1.6730
8545,19:31:38.542,2078,0.0149,1.6746
8546,19:31:38.543,2082,0.0168,1.6778
8547,19:31:38.543,2075,0.0134,1.6722
8548,19:31:38.544,2062,0.0071,1.6617
8549,19:31:38.544,2065,0.0085,1.6641
8550,19:31:38.545,2062,0.0071,1.6617
8551,19:31:38.545,2073,0.0125,1.6705
8552,19:31:38.546,2064,0.0081,1.6633
8553,19:31:38.546,2071,0.0115,1.6689
8554,19:31:38.547,2078,0.0149,1.6746
8555,19:31:38.547,2077,0.0144,1.6738
8556,19:31:38.548,2076,0.0139,1.6730
8557,19:31:38.548,2062,0.0071,1.6617
8558,19:31:38.549,2063,0.0076,1.6625
8559,19:31:38.549,2066,0.0090,1.6649
8560,19:31:38.550,2072,0.0120,1.6697
8561,19:31:38.550,2067,0.0095,1.6657
8562,19:31:38.551,2075,0.0134,1.6722
8563,19:31:38.551,2076,0.0139,1.6730
8564,19:31:38.552,2080,0.0159,1.6762
8565,19:31:38.552,2076,0.0139,1.6730
8566,19:31:38.553,2066,0.0090,1.6649
8567,19:31:38.553,2063,0.0076,1.6625
8568,19:31:38.554,2065,0.0085,1.6641
8569,19:31:38.554,2074,0.0129,1.6714
8570,19:31:38.555,2068,0.0100,1.6665
8571,19:31:38.555,2067,0.0095,1.6657
8572,19:31:38.556,2079,0.0154,1.6754
8573,19:31:38.556,2074,0.0129,1.6714
8574,19:31:38.557,2077,0.0144,1.6738
8575,19:31:38.557,2067,0.0095,1.6657
8576,19:31:38.558,2064,0.0081,1.6633
8577,19:31:38.558,2071,0.0115,1.6689
8578,19:31:38.559,2074,0.0129,1.6714
8579,19:31:38.559,2074,0.0129,1.6714
8580,19:31:38.560,2068,0.0100,1.6665
8581,19:31:38.560,2074,0.0129,1.6714
8582,19:31:38.561,2073,0.0125,1.6705
8583,19:31:38.561,2080,0.0159,1.6762
8584,19:31:38.562,2066,0.0090,1.6649
8585,19:31:38.562,2063,0.0076,1.6625
8586,19:31:38.563,2072,0.0120,1.6697
8587,19:31:38.563,2076,0.0139,1.6730
8588,19:31:38.564,2076,0.0139,1.6730
8589,19:31:38.564,2062,0.0071,1.6617
8590,19:31:38.565,2077,0.0144,1.6738
8591,19:31:38.565,2069,0.0105,1.6673
8592,19:31:38.566,2079,0.0154,1.6754
8593,19:31:38.566,2064,0.0081,1.6633
8594,19:31:38.567,2068,0.0100,1.6665
8595,19:31:38.567,2075,0.0134,1.6722
8596,19:31:38.568,2080,0.0159,1.6762
8597,19:31:38.568,2077,0.0144,1.6738
8598,19:31:38.569,2060,0.0061,1.6601
8599,19:31:38.569,2073,0.0125,1.6705
8600,19:31:38.570,2069,0.0105,1.6673
8601,19:31:38.570,2078,0.0149,1.6746
8602,19:31:38.571,2066,0.0090,1.6649
8603,19:31:38.571,2069,0.0105,1.6673
8604,19:31:38.572,2076,0.0139,1.6730
8605,19:31:38.572,2081,0.0164,1.6770
8606,19:31:38.573,2079,0.0154,1.6754
8607,19:31:38.573,2062,0.0071,1.6617
8608,19:31:38.574,2074,0.0129,1.6714
8609,19:31:38.574,2065,0.0085,1.6641
8610,19:31:38.575,2074,0.0129,1.6714
8611,19:31:38.575,2064,0.0081,1.6633
8612,19:31:38.576,2072,0.0120,1.6697
8613,19:31:38.576,2078,0.0149,1.6746
8614,19:31:38.577,2076,0.0139,1.6730
8615,19:31:38.577,2081,0.0164,1.6770
8616,19:31:38.578,2063,0.0076,1.6625
8617,19:31:38.578,2068,0.0100,1.6665
8618,19:31:38.579,2065,0.0085,1.6641
8619,19:31:38.579,2073,0.0125,1.6705
8620,19:31:38.580,2066,0.0090,1.6649
8621,19:31:38.580,2071,0.0115,1.6689
8622,19:31:38.581,2083,0.0173,1.6786
8623,19:31:38.581,2082,0.0168,1.6778
8624,19:31:38.582,2081,0.0164,1.6770
8625,19:31:38.582,2058,0.0051,1.6585
8626,19:31:38.583,2064,0.0081,1.6633
8627,19:31:38.583,2077,0.0144,1.6738
8628,19:31:38.584,2070,0.0110,1.6681
8629,19:31:38.584,2068,0.0100,1.6665
8630,19:31:38.585,2072,0.0120,1.6697
8631,19:31:38.585,2082,0.0168,1.6778
8632,19:31:38.586,2075,0.0134,1.6722
8633,19:31:38.586,2081,0.0164,1.6770
8634,19:31:38.587,2062,0.0071,1.6617
8635,19:31:38.587,2062,0.0071,1.6617
8636,19:31:38.588,2077,0.0144,1.6738
8637,19:31:38.588,2070,0.0110,1.6681
8638,19:31:38.589,2066,0.0090,1.6649
8639,19:31:38.589,2072,0.0120,1.6697
8640,19:31:38.590,2076,0.0139,1.6730
8641,19:31:38.590,2073,0.0125,1.6705
8642,19:31:38.591,2072,0.0120,1.6697
8643,19:31:38.591,2068,0.0100,1.6665
8644,19:31:38.592,2069,0.0105,1.6673
8645,19:31:38.592,2076,0.0139,1.6730
8646,19:31:38.593,2068,0.0100,1.6665
8647,19:31:38.593,2069,0.0105,1.6673
8648,19:31:38.594,2072,0.0120,1.6697
8649,19:31:38.594,2072,0.0120,1.6697
8650,19:31:38.595,2072,0.0120,1.6697
8651,19:31:38.595,2071,0.0115,1.6689
8652,19:31:38.596,2072,0.0120,1.6697
8653,19:31:38.596,2071,0.0115,1.6689
8654,19:31:38.597,2071,0.0115,1.6689
8655,19:31:38.597,2067,0.0095,1.6657
8656,19:31:38.598,2075,0.0134,1.6722
8657,19:31:38.598,2071,0.0115,1.6689
8658,19:31:38.599,2068,0.0100,1.6665
8659,19:31:38.599,2073,0.0125,1.6705
8660,19:31:38.600,2071,0.0115,1.6689
8661,19:31:38.600,2072,0.0120,1.6697
8662,19:31:38.601,2068,0.0100,1.6665
8663,19:31:38.601,2070,0.0110,1.6681
8664,19:31:38.602,2069,0.0105,1.6673
8665,19:31:38.602,2074,0.0129,1.6714
8666,19:31:38.603,2071,0.0115,1.6689
8667,19:31:38.603,2067,0.0095,1.6657
8668,19:31:38.604,2068,0.0100,1.6665
8669,19:31:38.604,2070,0.0110,1.6681
8670,19:31:38.605,2069,0.0105,1.6673
8671,19:31:38.605,2071,0.0115,1.6689
8672,19:31:38.606,2070,0.0110,1.6681
8673,19:31:38.606,2072,0.0120,1.6697
8674,19:31:38.607,2075,0.0134,1.6722
8675,19:31:38.607,2072,0.0120,1.6697
8676,19:31:38.608,2066,0.0090,1.6649
8677,19:31:38.608,2066,0.0090,1.6649
8678,19:31:38.609,2069,0.0105,1.6673
8679,19:31:38.609,2070,0.0110,1.6681
8680,19:31:38.610,2070,0.0110,1.6681
8681,19:31:38.610,2072,0.0120,1.6697
8682,19:31:38.611,2069,0.0105,1.6673
8683,19:31:38.611,2073,0.0125,1.6705
8684,19:31:38.612,2071,0.0115,1.6689
8685,19:31:38.612,2070,0.0110,1.6681
8686,19:31:38.613,2068,0.0100,1.6665
8687,19:31:38.613,2072,0.0120,1.6697
8688,19:31:38.614,2074,0.0129,1.6714
8689,19:31:38.614,2071,0.0115,1.6689
8690,19:31:38.615,2070,0.0110,1.6681
8691,19:31:38.615,2071,0.0115,1.6689
8692,19:31:38.616,2072,0.0120,1.6697
8693,19:31:38.616,2070,0.0110,1.6681
8694,19:31:38.617,2069,0.0105,1.6673
8695,19:31:38.617,2069,0.0105,1.6673
8696,19:31:38.618,2071,0.0115,1.6689
8697,19:31:38.618,2074,0.0129,1.6714
8698,19:31:38.619,2073,0.0125,1.6705
8699,19:31:38.619,2072,0.0120,1.6697
8700,19:31:38.620,2071,0.0115,1.6689
8701,19:31:38.620,2071,0.0115,1.6689
8702,19:31:38.621,2073,0.0125,1.6705
8703,19:31:38.621,2066,0.0090,1.6649
8704,19:31:38.622,2067,0.0095,1.6657
8705,19:31:38.622,2070,0.0110,1.6681
8706,19:31:38.623,2077,0.0144,1.6738
8707,19:31:38.623,2073,0.0125,1.6705
8708,19:31:38.624,2065,0.0085,1.6641
8709,19:31:38.624,2069,0.0105,1.6673
8710,19:31:38.625,2075,0.0134,1.6722
8711,19:31:38.625,2067,0.0095,1.6657
8712,19:31:38.626,2068,0.0100,1.6665
8713,19:31:38.626,2071,0.0115,1.6689
8714,19:31:38.627,2074,0.0129,1.6714
8715,19:31:38.627,2076,0.0139,1.6730
8716,19:31:38.628,2073,0.0125,1.6705
8717,19:31:38.628,2070,0.0110,1.6681
8718,19:31:38.629,2070,0.0110,1.6681
8719,19:31:38.629,2072,0.0120,1.6697
8720,19:31:38.630,2072,0.0120,1.6697
8721,19:31:38.630,2068,0.0100,1.6665
8722,19:31:38.631,2066,0.0090,1.6649
8723,19:31:38.631,2075,0.0134,1.6722
8724,19:31:38.632,2078,0.0149,1.6746
8725,19:31:38.632,2071,0.0115,1.6689
8726,19:31:38.633,2069,0.0105,1.6673
8727,19:31:38.633,2071,0.0115,1.6689
8728,19:31:38.634,2072,0.0120,1.6697
8729,19:31:38.634,2071,0.0115,1.6689
8730,19:31:38.635,2069,0.0105,1.6673
8731,19:31:38.635,2067,0.0095,1.6657
8732,19:31:38.636,2071,0.0115,1.6689
8733,19:31:38.636,2072,0.0120,1.6697
8734,19:31:38.637,2070,0.0110,1.6681
8735,19:31:38.637,2067,0.0095,1.6657
8736,19:31:38.638,2068,0.0100,1.6665
8737,19:31:38.638,2072,0.0120,1.6697
8738,19:31:38.639,2071,0.0115,1.6689
8739,19:31:38.639,2069,0.0105,1.6673
8740,19:31:38.640,2069,0.0105,1.6673
8741,19:31:38.640,2074,0.0129,1.6714
8742,19:31:38.641,2074,0.0129,1.6714
8743,19:31:38.641,2072,0.0120,1.6697
8744,19:31:38.642,2069,0.0105,1.6673
8745,19:31:38.642,2084,0.0178,1.6794
8746,19:31:38.643,2062,0.0071,1.6617
8747,19:31:38.643,2077,0.0144,1.6738
8748,19:31:38.644,2068,0.0100,1.6665
8749,19:31:38.644,2077,0.0144,1.6738
8750,19:31:38.645,2064,0.0081,1.6633
8751,19:31:38.645,2077,0.0144,1.6738
8752,19:31:38.646,2059,0.0056,1.6593
8753,19:31:38.646,2055,0.0037,1.6560
8754,19:31:38.647,2096,0.0237,1.6891
8755,19:31:38.647,2074,0.0129,1.6714
8756,19:31:38.648,2094,0.0227,1.6875
8757,19:31:38.648,2035,-0.0061,1.6399
8758,19:31:38.649,2079,0.0154,1.6754
8759,19:31:38.649,2079,0.0154,1.6754
8760,19:31:38.650,2094,0.0227,1.6875
8761,19:31:38.650,2040,-0.0037,1.6440
8762,19:31:38.651,2043,-0.0022,1.6464
8763,19:31:38.651,2110,0.0305,1.7004
8764,19:31:38.652,2072,0.0120,1.6697
8765,19:31:38.652,2097,0.0242,1.6899
8766,19:31:38.653,2031,-0.0081,1.6367
8767,19:31:38.653,2082,0.0168,1.6778
8768,19:31:38.654,2085,0.0183,1.6802
8769,19:31:38.654,2093,0.0222,1.6867
8770,19:31:38.655,2053,0.0027,1.6544
8771,19:31:38.655,2032,-0.0076,1.6375
8772,19:31:38.656,2113,0.0320,1.7028
8773,19:31:38.656,2067,0.0095,1.6657
8774,19:31:38.657,2084,0.0178,1.6794
8775,19:31:38.657,2033,-0.0071,1.6383
8776,19:31:38.658,2076,0.0139,1.6730
8777,19:31:38.658,2090,0.0208,1.6842
8778,19:31:38.659,2096,0.0237,1.6891
8779,19:31:38.659,2055,0.0037,1.6560
8780,19:31:38.660,2032,-0.0076,1.6375
8781,19:31:38.660,2108,0.0295,1.6988
8782,19:31:38.661,2072,0.0120,1.6697
8783,19:31:38.661,2076,0.0139,1.6730
8784,19:31:38.662,2037,-0.0051,1.6415
8785,19:31:38.662,2073,0.0125,1.6705
8786,19:31:38.663,2095,0.0232,1.6883
8787,19:31:38.663,2099,0.0252,1.6915
8788,19:31:38.664,2062,0.0071,1.6617
8789,19:31:38.664,2030,-0.0085,1.6359
8790,19:31:38.665,2104,0.0276,1.6955
8791,19:31:38.665,2073,0.0125,1.6705
8792,19:31:38.666,2068,0.0100,1.6665
8793,19:31:38.666,2038,-0.0046,1.6423
8794,19:31:38.667,2073,0.0125,1.6705
8795,19:31:38.667,2096,0.0237,1.6891
8796,19:31:38.668,2099,0.0252,1.6915
8797,19:31:38.668,2072,0.0120,1.6697
8798,19:31:38.669,2031,-0.0081,1.6367
8799,19:31:38.669,2097,0.0242,1.6899
8800,19:31:38.670,2072,0.0120,1.6697
8801,19:31:38.670,2066,0.0090,1.6649
8802,19:31:38.671,2040,-0.0037,1.6440
8803,19:31:38.671,2074,0.0129,1.6714
8804,19:31:38.672,2098,0.0247,1.6907
8805,19:31:38.672,2095,0.0232,1.6883
8806,19:31:38.673,2081,0.0164,1.6770
8807,19:31:38.673,2028,-0.0095,1.6343
8808,19:31:38.674,2091,0.0212,1.6851
8809,19:31:38.674,2076,0.0139,1.6730
8810,19:31:38.675,2070,0.0110,1.6681
8811,19:31:38.675,2043,-0.0022,1.6464
8812,19:31:38.676,2070,0.0110,1.6681
8813,19:31:38.676,2098,0.0247,1.6907
8814,19:31:38.677,2088,0.0198,1.6826
8815,19:31:38.677,2082,0.0168,1.6778
8816,19:31:38.678,2029,-0.0090,1.6351
8817,19:31:38.678,2086,0.0188,1.6810
8818,19:31:38.679,2085,0.0183,1.6802
8819,19:31:38.679,2074,0.0129,1.6714
8820,19:31:38.680,2042,-0.0027,1.6456
8821,19:31:38.680,2063,0.0076,1.6625
8822,19:31:38.681,2106,0.0286,1.6971
8823,19:31:38.681,2081,0.0164,1.6770
8824,19:31:38.682,2084,0.0178,1.6794
8825,19:31:38.682,2030,-0.0085,1.6359
8826,19:31:38.683,2083,0.0173,1.6786
8827,19:31:38.683,2088,0.0198,1.6826
8828,19:31:38.684,2078,0.0149,1.6746
8829,19:31:38.684,2050,0.0012,1.6520
8830,19:31:38.685,2060,0.0061,1.6601
8831,19:31:38.685,2111,0.0310,1.7012
8832,19:31:38.686,2075,0.0134,1.6722
8833,19:31:38.686,2085,0.0183,1.6802
8834,19:31:38.687,2030,-0.0085,1.6359
8835,19:31:38.687,2079,0.0154,1.6754
8836,19:31:38.688,2086,0.0188,1.6810
8837,19:31:38.688,2081,0.0164,1.6770
8838,19:31:38.689,2049,0.0007,1.6512
8839,19:31:38.689,2051,0.0017,1.6528
8840,19:31:38.690,2114,0.0325,1.7036
8841,19:31:38.690,2070,0.0110,1.6681
8842,19:31:38.691,2081,0.0164,1.6770
8843,19:31:38.691,2032,-0.0076,1.6375
8844,19:31:38.692,2074,0.0129,1.6714
8845,19:31:38.692,2093,0.0222,1.6867
8846,19:31:38.693,2081,0.0164,1.6770
8847,19:31:38.693,2057,0.0046,1.6577
8848,19:31:38.694,2044,-0.0017,1.6472
8849,19:31:38.694,2111,0.0310,1.7012
8850,19:31:38.695,2064,0.0081,1.6633
8851,19:31:38.695,2073,0.0125,1.6705
8852,19:31:38.696,2032,-0.0076,1.6375
8853,19:31:38.696,2073,0.0125,1.6705
8854,19:31:38.697,2092,0.0217,1.6859
8855,19:31:38.697,2085,0.0183,1.6802
8856,19:31:38.698,2062,0.0071,1.6617
8857,19:31:38.698,2035,-0.0061,1.6399
8858,19:31:38.699,2107,0.0291,1.6979
8859,19:31:38.699,2066,0.0090,1.6649
8860,19:31:38.700,2067,0.0095,1.6657
8861,19:31:38.700,2039,-0.0042,1.6432
8862,19:31:38.701,2073,0.0125,1.6705
8863,19:31:38.701,2093,0.0222,1.6867
8864,19:31:38.702,2084,0.0178,1.6794
8865,19:31:38.702,2069,0.0105,1.6673
8866,19:31:38.703,2032,-0.0076,1.6375
8867,19:31:38.703,2098,0.0247,1.6907
8868,19:31:38.704,2070,0.0110,1.6681
8869,19:31:38.704,2064,0.0081,1.6633
8870,19:31:38.705,2046,-0.0007,1.6488
8871,19:31:38.705,2070,0.0110,1.6681
8872,19:31:38.706,2096,0.0237,1.6891
8873,19:31:38.706,2083,0.0173,1.6786
8874,19:31:38.707,2078,0.0149,1.6746
8875,19:31:38.707,2027,-0.0100,1.6335
8876,19:31:38.708,2086,0.0188,1.6810
8877,19:31:38.708,2070,0.0110,1.6681
8878,19:31:38.709,2065,0.0085,1.6641
8879,19:31:38.709,2050,0.0012,1.6520
8880,19:31:38.710,2063,0.0076,1.6625
8881,19:31:38.710,2093,0.0222,1.6867
8882,19:31:38.711,2084,0.0178,1.6794
8883,19:31:38.711,2083,0.0173,1.6786
8884,19:31:38.712,2028,-0.0095,1.6343
8885,19:31:38.712,2081,0.0164,1.6770
8886,19:31:38.713,2073,0.0125,1.6705
8887,19:31:38.713,2065,0.0085,1.6641
8888,19:31:38.714,2053,0.0027,1.6544
8889,19:31:38.714,2062,0.0071,1.6617
8890,19:31:38.715,2099,0.0252,1.6915
8891,19:31:38.715,2085,0.0183,1.6802
8892,19:31:38.716,2086,0.0188,1.6810
8893,19:31:38.716,2033,-0.0071,1.6383
8894,19:31:38.717,2073,0.0125,1.6705
8895,19:31:38.717,2082,0.0168,1.6778
8896,19:31:38.718,2069,0.0105,1.6673
8897,19:31:38.718,2055,0.0037,1.6560
8898,19:31:38.719,2055,0.0037,1.6560
8899,19:31:38.719,2103,0.0271,1.6947
8900,19:31:38.720,2080,0.0159,1.6762
8901,19:31:38.720,2087,0.0193,1.6818
8902,19:31:38.721,2032,-0.0076,1.6375
8903,19:31:38.721,2072,0.0120,1.6697
8904,19:31:38.722,2083,0.0173,1.6786
8905,19:31:38.722,2075,0.0134,1.6722
8906,19:31:38.723,2058,0.0051,1.6585
8907,19:31:38.723,2051,0.0017,1.6528
8908,19:31:38.724,2109,0.0300,1.6996
8909,19:31:38.724,2073,0.0125,1.6705
8910,19:31:38.725,2089,0.0203,1.6834
8911,19:31:38.725,2033,-0.0071,1.6383
8912,19:31:38.726,2073,0.0125,1.6705
8913,19:31:38.726,2086,0.0188,1.6810
8914,19:31:38.727,2079,0.0154,1.6754
8915,19:31:38.727,2061,0.0066,1.6609
8916,19:31:38.728,2048,0.0002,1.6504
8917,19:31:38.728,2109,0.0300,1.6996
8918,19:31:38.729,2067,0.0095,1.6657
8919,19:31:38.729,2087,0.0193,1.6818
8920,19:31:38.730,2037,-0.0051,1.6415
8921,19:31:38.730,2074,0.0129,1.6714
8922,19:31:38.731,2092,0.0217,1.6859
8923,19:31:38.731,2086,0.0188,1.6810
8924,19:31:38.732,2065,0.0085,1.6641
8925,19:31:38.732,2044,-0.0017,1.6472
8926,19:31:38.733,2108,0.0295,1.6988
8927,19:31:38.733,2064,0.0081,1.6633
8928,19:31:38.734,2078,0.0149,1.6746
8929,19:31:38.734,2042,-0.0027,1.6456
8930,19:31:38.735,2072,0.0120,1.6697
8931,19:31:38.735,2093,0.0222,1.6867
8932,19:31:38.736,2087,0.0193,1.6818
8933,19:31:38.736,2071,0.0115,1.6689
8934,19:31:38.737,2038,-0.0046,1.6423
8935,19:31:38.737,2102,0.0266,1.6939
8936,19:31:38.738,2064,0.0081,1.6633
8937,19:31:38.738,2074,0.0129,1.6714
8938,19:31:38.739,2043,-0.0022,1.6464
8939,19:31:38.739,2071,0.0115,1.6689
8940,19:31:38.740,2095,0.0232,1.6883
8941,19:31:38.740,2086,0.0188,1.6810
8942,19:31:38.741,2079,0.0154,1.6754
8943,19:31:38.741,2029,-0.0090,1.6351
8944,19:31:38.742,2093,0.0222,1.6867
8945,19:31:38.742,2066,0.0090,1.6649
8946,19:31:38.743,2068,0.0100,1.6665
8947,19:31:38.743,2049,0.0007,1.6512
8948,19:31:38.744,2070,0.0110,1.6681
8949,19:31:38.744,2096,0.0237,1.6891
8950,19:31:38.745,2084,0.0178,1.6794
8951,19:31:38.745,2087,0.0193,1.6818
8952,19:31:38.746,2032,-0.0076,1.6375
8953,19:31:38.746,2084,0.0178,1.6794
8954,19:31:38.747,2073,0.0125,1.6705
8955,19:31:38.747,2069,0.0105,1.6673
8956,19:31:38.748,2052,0.0022,1.6536
8957,19:31:38.748,2062,0.0071,1.6617
8958,19:31:38.749,2095,0.0232,1.6883
8959,19:31:38.749,2083,0.0173,1.6786
8960,19:31:38.750,2089,0.0203,1.6834
8961,19:31:38.750,2034,-0.0066,1.6391
8962,19:31:38.751,2072,0.0120,1.6697
8963,19:31:38.751,2075,0.0134,1.6722
8964,19:31:38.752,2069,0.0105,1.6673
8965,19:31:38.752,2056,0.0042,1.6568
8966,19:31:38.753,2061,0.0066,1.6609
8967,19:31:38.753,2100,0.0256,1.6923
8968,19:31:38.754,2078,0.0149,1.6746
8969,19:31:38.754,2086,0.0188,1.6810
8970,19:31:38.755,2032,-0.0076,1.6375
8971,19:31:38.755,2069,0.0105,1.6673
8972,19:31:38.756,2080,0.0159,1.6762
8973,19:31:38.756,2070,0.0110,1.6681
8974,19:31:38.757,2062,0.0071,1.6617
8975,19:31:38.757,2056,0.0042,1.6568
8976,19:31:38.758,2101,0.0261,1.6931
8977,19:31:38.758,2077,0.0144,1.6738
8978,19:31:38.759,2088,0.0198,1.6826
8979,19:31:38.759,2035,-0.0061,1.6399
8980,19:31:38.760,2065,0.0085,1.6641
8981,19:31:38.760,2085,0.0183,1.6802
8982,19:31:38.761,2076,0.0139,1.6730
8983,19:31:38.761,2063,0.0076,1.6625
8984,19:31:38.762,2051,0.0017,1.6528
8985,19:31:38.762,2103,0.0271,1.6947
8986,19:31:38.763,2072,0.0120,1.6697
8987,19:31:38.763,2081,0.0164,1.6770
8988,19:31:38.764,2038,-0.0046,1.6423
8989,19:31:38.764,2064,0.0081,1.6633
8990,19:31:38.765,2087,0.0193,1.6818
8991,19:31:38.765,2080,0.0159,1.6762
8992,19:31:38.766,2066,0.0090,1.6649
8993,19:31:38.766,2046,-0.0007,1.6488
8994,19:31:38.767,2101,0.0261,1.6931
8995,19:31:38.767,2067,0.0095,1.6657
8996,19:31:38.768,2082,0.0168,1.6778
8997,19:31:38.768,2041,-0.0032,1.6448
8998,19:31:38.769,2067,0.0095,1.6657
8999,19:31:38.769,2088,0.0198,1.6826
9000,19:31:38.770,2085,0.0183,1.6802
9001,19:31:38.770,2070,0.0110,1.6681
9002,19:31:38.771,2043,-0.0022,1.6464
9003,19:31:38.771,2099,0.0252,1.6915
9004,19:31:38.772,2068,0.0100,1.6665
9005,19:31:38.772,2078,0.0149,1.6746
9006,19:31:38.773,2044,-0.0017,1.6472
9007,19:31:38.773,2068,0.0100,1.6665
9008,19:31:38.774,2088,0.0198,1.6826
9009,19:31:38.774,2083,0.0173,1.6786
9010,19:31:38.775,2075,0.0134,1.6722
9011,19:31:38.775,2037,-0.0051,1.6415
9012,19:31:38.776,2093,0.0222,1.6867
9013,19:31:38.776,2068,0.0100,1.6665
9014,19:31:38.777,2074,0.0129,1.6714
9015,19:31:38.777,2049,0.0007,1.6512
9016,19:31:38.778,2071,0.0115,1.6689
9017,19:31:38.778,2094,0.0227,1.6875
9018,19:31:38.779,2083,0.0173,1.6786
9019,19:31:38.779,2082,0.0168,1.6778
9020,19:31:38.780,2037,-0.0051,1.6415
9021,19:31:38.780,2086,0.0188,1.6810
9022,19:31:38.781,2070,0.0110,1.6681
9023,19:31:38.781,2071,0.0115,1.6689
9024,19:31:38.782,2053,0.0027,1.6544
9025,19:31:38.782,2066,0.0090,1.6649
9026,19:31:38.783,2093,0.0222,1.6867
9027,19:31:38.783,2081,0.0164,1.6770
9028,19:31:38.784,2086,0.0188,1.6810
9029,19:31:38.784,2034,-0.0066,1.6391
9030,19:31:38.785,2073,0.0125,1.6705
9031,19:31:38.785,2074,0.0129,1.6714
9032,19:31:38.786,2069,0.0105,1.6673
9033,19:31:38.786,2061,0.0066,1.6609
9034,19:31:38.787,2064,0.0081,1.6633
9035,19:31:38.787,2096,0.0237,1.6891
9036,19:31:38.788,2080,0.0159,1.6762
9037,19:31:38.788,2086,0.0188,1.6810
9038,19:31:38.789,2037,-0.0051,1.6415
9039,19:31:38.789,2068,0.0100,1.6665
9040,19:31:38.790,2074,0.0129,1.6714
9041,19:31:38.790,2070,0.0110,1.6681
9042,19:31:38.791,2064,0.0081,1.6633
9043,19:31:38.791,2060,0.0061,1.6601
9044,19:31:38.792,2099,0.0252,1.6915
9045,19:31:38.792,2077,0.0144,1.6738
9046,19:31:38.793,2088,0.0198,1.6826
9047,19:31:38.793,2036,-0.0056,1.6407
9048,19:31:38.794,2064,0.0081,1.6633
9049,19:31:38.794,2082,0.0168,1.6778
9050,19:31:38.795,2073,0.0125,1.6705
9051,19:31:38.795,2065,0.0085,1.6641
9052,19:31:38.796,2053,0.0027,1.6544
9053,19:31:38.796,2102,0.0266,1.6939
9054,19:31:38.797,2072,0.0120,1.6697
9055,19:31:38.797,2088,0.0198,1.6826
9056,19:31:38.798,2042,-0.0027,1.6456
9057,19:31:38.798,2060,0.0061,1.6601
9058,19:31:38.799,2086,0.0188,1.6810
9059,19:31:38.799,2076,0.0139,1.6730
9060,19:31:38.800,2072,0.0120,1.6697
9061,19:31:38.800,2049,0.0007,1.6512
9062,19:31:38.801,2100,0.0256,1.6923
9063,19:31:38.801,2071,0.0115,1.6689
9064,19:31:38.802,2082,0.0168,1.6778
9065,19:31:38.802,2042,-0.0027,1.6456
9066,19:31:38.803,2059,0.0056,1.6593
9067,19:31:38.803,2089,0.0203,1.6834
9068,19:31:38.804,2073,0.0125,1.6705
9069,19:31:38.804,2072,0.0120,1.6697
9070,19:31:38.805,2040,-0.0037,1.6440
9071,19:31:38.805,2099,0.0252,1.6915
9072,19:31:38.806,2066,0.0090,1.6649
9073,19:31:38.806,2079,0.0154,1.6754
9074,19:31:38.807,2044,-0.0017,1.6472
9075,19:31:38.807,2063,0.0076,1.6625
9076,19:31:38.808,2090,0.0208,1.6842
9077,19:31:38.808,2077,0.0144,1.6738
9078,19:31:38.809,2075,0.0134,1.6722
9079,19:31:38.809,2039,-0.0042,1.6432
9080,19:31:38.810,2093,0.0222,1.6867
9081,19:31:38.810,2069,0.0105,1.6673
9082,19:31:38.811,2080,0.0159,1.6762
9083,19:31:38.811,2053,0.0027,1.6544
9084,19:31:38.812,2063,0.0076,1.6625
9085,19:31:38.812,2094,0.0227,1.6875
9086,19:31:38.813,2080,0.0159,1.6762
9087,19:31:38.813,2076,0.0139,1.6730
9088,19:31:38.814,2038,-0.0046,1.6423
9089,19:31:38.814,2086,0.0188,1.6810
9090,19:31:38.815,2067,0.0095,1.6657
9091,19:31:38.815,2072,0.0120,1.6697
9092,19:31:38.816,2054,0.0032,1.6552
9093,19:31:38.816,2067,0.0095,1.6657
9094,19:31:38.817,2093,0.0222,1.6867
9095,19:31:38.817,2083,0.0173,1.6786
9096,19:31:38.818,2083,0.0173,1.6786
9097,19:31:38.818,2041,-0.0032,1.6448
9098,19:31:38.819,2079,0.0154,1.6754
9099,19:31:38.819,2071,0.0115,1.6689
9100,19:31:38.820,2072,0.0120,1.6697
9101,19:31:38.820,2060,0.0061,1.6601
9102,19:31:38.821,2065,0.0085,1.6641
9103,19:31:38.821,2095,0.0232,1.6883
9104,19:31:38.822,2082,0.0168,1.6778
9105,19:31:38.822,2082,0.0168,1.6778
9106,19:31:38.823,2038,-0.0046,1.6423
9107,19:31:38.823,2071,0.0115,1.6689
9108,19:31:38.824,2071,0.0115,1.6689
9109,19:31:38.824,2071,0.0115,1.6689
9110,19:31:38.825,2061,0.0066,1.6609
9111,19:31:38.825,2061,0.0066,1.6609
9112,19:31:38.826,2095,0.0232,1.6883
9113,19:31:38.826,2080,0.0159,1.6762
9114,19:31:38.827,2086,0.0188,1.6810
9115,19:31:38.827,2043,-0.0022,1.6464
9116,19:31:38.828,2067,0.0095,1.6657
9117,19:31:38.828,2076,0.0139,1.6730
9118,19:31:38.829,2072,0.0120,1.6697
9119,19:31:38.829,2067,0.0095,1.6657
9120,19:31:38.830,2059,0.0056,1.6593
9121,19:31:38.830,2100,0.0256,1.6923
9122,19:31:38.831,2074,0.0129,1.6714
9123,19:31:38.831,2084,0.0178,1.6794
9124,19:31:38.832,2042,-0.0027,1.6456
9125,19:31:38.832,2064,0.0081,1.6633
9126,19:31:38.833,2084,0.0178,1.6794
9127,19:31:38.833,2074,0.0129,1.6714
9128,19:31:38.834,2070,0.0110,1.6681
9129,19:31:38.834,2054,0.0032,1.6552
9130,19:31:38.835,2096,0.0237,1.6891
9131,19:31:38.835,2075,0.0134,1.6722
9132,19:31:38.836,2086,0.0188,1.6810
9133,19:31:38.836,2048,0.0002,1.6504
9134,19:31:38.837,2062,0.0071,1.6617
9135,19:31:38.837,2083,0.0173,1.6786
9136,19:31:38.838,2073,0.0125,1.6705
9137,19:31:38.838,2075,0.0134,1.6722
9138,19:31:38.839,2049,0.0007,1.6512
9139,19:31:38.839,2098,0.0247,1.6907
9140,19:31:38.840,2069,0.0105,1.6673
9141,19:31:38.840,2080,0.0159,1.6762
9142,19:31:38.841,2049,0.0007,1.6512
9143,19:31:38.841,2056,0.0042,1.6568
9144,19:31:38.842,2089,0.0203,1.6834
9145,19:31:38.842,2074,0.0129,1.6714
9146,19:31:38.843,2077,0.0144,1.6738
9147,19:31:38.843,2046,-0.0007,1.6488
9148,19:31:38.844,2091,0.0212,1.6851
9149,19:31:38.844,2071,0.0115,1.6689
9150,19:31:38.845,2075,0.0134,1.6722
9151,19:31:38.845,2051,0.0017,1.6528
9152,19:31:38.846,2060,0.0061,1.6601
9153,19:31:38.846,2089,0.0203,1.6834
9154,19:31:38.847,2075,0.0134,1.6722
9155,19:31:38.847,2080,0.0159,1.6762
9156,19:31:38.848,2041,-0.0032,1.6448
9157,19:31:38.848,2089,0.0203,1.6834
9158,19:31:38.849,2068,0.0100,1.6665
9159,19:31:38.849,2072,0.0120,1.6697
9160,19:31:38.850,2058,0.0051,1.6585
9161,19:31:38.850,2060,0.0061,1.6601
9162,19:31:38.851,2096,0.0237,1.6891
9163,19:31:38.851,2078,0.0149,1.6746
9164,19:31:38.852,2084,0.0178,1.6794
9165,19:31:38.852,2043,-0.0022,1.6464
9166,19:31:38.853,2082,0.0168,1.6778
9167,19:31:38.853,2067,0.0095,1.6657
9168,19:31:38.854,2071,0.0115,1.6689
9169,19:31:38.854,2057,0.0046,1.6577
9170,19:31:38.855,2063,0.0076,1.6625
9171,19:31:38.855,2096,0.0237,1.6891
9172,19:31:38.856,2078,0.0149,1.6746
9173,19:31:38.856,2083,0.0173,1.6786
9174,19:31:38.857,2042,-0.0027,1.6456
9175,19:31:38.857,2072,0.0120,1.6697
9176,19:31:38.858,2073,0.0125,1.6705
9177,19:31:38.858,2070,0.0110,1.6681
9178,19:31:38.859,2062,0.0071,1.6617
9179,19:31:38.859,2059,0.0056,1.6593
9180,19:31:38.860,2097,0.0242,1.6899
9181,19:31:38.860,2074,0.0129,1.6714
9182,19:31:38.861,2084,0.0178,1.6794
9183,19:31:38.861,2042,-0.0027,1.6456
9184,19:31:38.862,2065,0.0085,1.6641
9185,19:31:38.862,2071,0.0115,1.6689
9186,19:31:38.863,2069,0.0105,1.6673
9187,19:31:38.863,2067,0.0095,1.6657
9188,19:31:38.864,2059,0.0056,1.6593
9189,19:31:38.864,2094,0.0227,1.6875
9190,19:31:38.865,2072,0.0120,1.6697
9191,19:31:38.865,2081,0.0164,1.6770
9192,19:31:38.866,2044,-0.0017,1.6472
9193,19:31:38.866,2062,0.0071,1.6617
9194,19:31:38.867,2076,0.0139,1.6730
9195,19:31:38.867,2069,0.0105,1.6673
9196,19:31:38.868,2068,0.0100,1.6665
9197,19:31:38.868,2059,0.0056,1.6593
9198,19:31:38.869,2097,0.0242,1.6899
9199,19:31:38.869,2073,0.0125,1.6705
9200,19:31:38.870,2081,0.0164,1.6770
9201,19:31:38.870,2048,0.0002,1.6504
9202,19:31:38.871,2060,0.0061,1.6601
9203,19:31:38.871,2081,0.0164,1.6770
9204,19:31:38.872,2069,0.0105,1.6673
9205,19:31:38.872,2075,0.0134,1.6722
9206,19:31:38.873,2057,0.0046,1.6577
9207,19:31:38.873,2093,0.0222,1.6867
9208,19:31:38.874,2070,0.0110,1.6681
9209,19:31:38.874,2082,0.0168,1.6778
9210,19:31:38.875,2053,0.0027,1.6544
9211,19:31:38.875,2059,0.0056,1.6593
9212,19:31:38.876,2083,0.0173,1.6786
9213,19:31:38.876,2073,0.0125,1.6705
9214,19:31:38.877,2076,0.0139,1.6730
9215,19:31:38.877,2050,0.0012,1.6520
9216,19:31:38.878,2089,0.0203,1.6834
9217,19:31:38.878,2074,0.0129,1.6714
9218,19:31:38.879,2076,0.0139,1.6730
9219,19:31:38.879,2056,0.0042,1.6568
9220,19:31:38.880,2062,0.0071,1.6617
9221,19:31:38.880,2085,0.0183,1.6802
9222,19:31:38.881,2076,0.0139,1.6730
9223,19:31:38.881,2071,0.0115,1.6689
9224,19:31:38.882,2059,0.0056,1.6593
9225,19:31:38.882,2083,0.0173,1.6786
9226,19:31:38.883,2069,0.0105,1.6673
9227,19:31:38.883,2074,0.0129,1.6714
9228,19:31:38.884,2065,0.0085,1.6641
9229,19:31:38.884,2065,0.0085,1.6641
9230,19:31:38.885,2083,0.0173,1.6786
9231,19:31:38.885,2072,0.0120,1.6697
9232,19:31:38.886,2069,0.0105,1.6673
9233,19:31:38.886,2069,0.0105,1.6673
9234,19:31:38.887,2080,0.0159,1.6762
9235,19:31:38.887,2072,0.0120,1.6697
9236,19:31:38.888,2065,0.0085,1.6641
9237,19:31:38.888,2067,0.0095,1.6657
9238,19:31:38.889,2070,0.0110,1.6681
9239,19:31:38.889,2077,0.0144,1.6738
9240,19:31:38.890,2067,0.0095,1.6657
9241,19:31:38.890,2072,0.0120,1.6697
9242,19:31:38.891,2072,0.0120,1.6697
9243,19:31:38.891,2074,0.0129,1.6714
9244,19:31:38.892,2068,0.0100,1.6665
9245,19:31:38.892,2063,0.0076,1.6625
9246,19:31:38.893,2074,0.0129,1.6714
9247,19:31:38.893,2077,0.0144,1.6738
9248,19:31:38.894,2073,0.0125,1.6705
9249,19:31:38.894,2069,0.0105,1.6673
9250,19:31:38.895,2070,0.0110,1.6681
9251,19:31:38.895,2078,0.0149,1.6746
9252,19:31:38.896,2071,0.0115,1.6689
9253,19:31:38.896,2067,0.0095,1.6657
9254,19:31:38.897,2065,0.0085,1.6641
9255,19:31:38.897,2073,0.0125,1.6705
9256,19:31:38.898,2076,0.0139,1.6730
9257,19:31:38.898,2073,0.0125,1.6705
9258,19:31:38.899,2067,0.0095,1.6657
9259,19:31:38.899,2074,0.0129,1.6714
9260,19:31:38.900,2076,0.0139,1.6730
9261,19:31:38.900,2073,0.0125,1.6705
9262,19:31:38.901,2068,0.0100,1.6665
9263,19:31:38.901,2067,0.0095,1.6657
9264,19:31:38.902,2076,0.0139,1.6730
9265,19:31:38.902,2080,0.0159,1.6762
9266,19:31:38.903,2071,0.0115,1.6689
9267,19:31:38.903,2066,0.0090,1.6649
9268,19:31:38.904,2069,0.0105,1.6673
9269,19:31:38.904,2078,0.0149,1.6746
9270,19:31:38.905,2069,0.0105,1.6673
9271,19:31:38.905,2069,0.0105,1.6673
9272,19:31:38.906,2070,0.0110,1.6681
9273,19:31:38.906,2073,0.0125,1.6705
9274,19:31:38.907,2076,0.0139,1.6730
9275,19:31:38.907,2072,0.0120,1.6697
9276,19:31:38.908,2060,0.0061,1.6601
9277,19:31:38.908,2074,0.0129,1.6714
9278,19:31:38.909,2076,0.0139,1.6730
9279,19:31:38.909,2071,0.0115,1.6689
9280,19:31:38.910,2065,0.0085,1.6641
9281,19:31:38.910,2069,0.0105,1.6673
9282,19:31:38.911,2074,0.0129,1.6714
9283,19:31:38.911,2077,0.0144,1.6738
9284,19:31:38.912,2072,0.0120,1.6697
9285,19:31:38.912,2064,0.0081,1.6633
9286,19:31:38.913,2069,0.0105,1.6673
9287,19:31:38.913,2080,0.0159,1.6762
9288,19:31:38.914,2069,0.0105,1.6673
9289,19:31:38.914,2067,0.0095,1.6657
9290,19:31:38.915,2070,0.0110,1.6681
9291,19:31:38.915,2075,0.0134,1.6722
9292,19:31:38.916,2077,0.0144,1.6738
9293,19:31:38.916,2072,0.0120,1.6697
9294,19:31:38.917,2066,0.0090,1.6649
9295,19:31:38.917,2071,0.0115,1.6689
9296,19:31:38.918,2075,0.0134,1.6722
9297,19:31:38.918,2068,0.0100,1.6665
9298,19:31:38.919,2068,0.0100,1.6665
9299,19:31:38.919,2068,0.0100,1.6665
9300,19:31:38.920,2075,0.0134,1.6722
9301,19:31:38.920,2075,0.0134,1.6722
9302,19:31:38.921,2073,0.0125,1.6705
9303,19:31:38.921,2063,0.0076,1.6625
9304,19:31:38.922,2068,0.0100,1.6665
9305,19:31:38.922,2082,0.0168,1.6778
9306,19:31:38.923,2072,0.0120,1.6697
9307,19:31:38.923,2069,0.0105,1.6673
9308,19:31:38.924,2071,0.0115,1.6689
9309,19:31:38.924,2077,0.0144,1.6738
9310,19:31:38.925,2073,0.0125,1.6705
9311,19:31:38.925,2070,0.0110,1.6681
9312,19:31:38.926,2065,0.0085,1.6641
9313,19:31:38.926,2070,0.0110,1.6681
9314,19:31:38.927,2075,0.0134,1.6722
9315,19:31:38.927,2072,0.0120,1.6697
9316,19:31:38.928,2069,0.0105,1.6673
9317,19:31:38.928,2068,0.0100,1.6665
9318,19:31:38.929,2074,0.0129,1.6714
9319,19:31:38.929,2076,0.0139,1.6730
9320,19:31:38.930,2074,0.0129,1.6714
9321,19:31:38.930,2064,0.0081,1.6633
9322,19:31:38.931,2069,0.0105,1.6673
9323,19:31:38.931,2076,0.0139,1.6730
9324,19:31:38.932,2076,0.0139,1.6730
9325,19:31:38.932,2072,0.0120,1.6697
9326,19:31:38.933,2069,0.0105,1.6673
9327,19:31:38.933,2073,0.0125,1.6705
9328,19:31:38.934,2074,0.0129,1.6714
9329,19:31:38.934,2071,0.0115,1.6689
9330,19:31:38.935,2063,0.0076,1.6625
9331,19:31:38.935,2060,0.0061,1.6601
9332,19:31:38.936,2075,0.0134,1.6722
9333,19:31:38.936,2084,0.0178,1.6794
9334,19:31:38.937,2073,0.0125,1.6705
9335,19:31:38.937,2051,0.0017,1.6528
9336,19:31:38.938,2087,0.0193,1.6818
9337,19:31:38.938,2075,0.0134,1.6722
9338,19:31:38.939,2084,0.0178,1.6794
9339,19:31:38.939,2049,0.0007,1.6512
9340,19:31:38.940,2050,0.0012,1.6520
9341,19:31:38.940,2083,0.0173,1.6786
9342,19:31:38.941,2069,0.0105,1.6673
9343,19:31:38.941,2085,0.0183,1.6802
9344,19:31:38.942,2052,0.0022,1.6536
9345,19:31:38.942,2081,0.0164,1.6770
9346,19:31:38.943,2077,0.0144,1.6738
9347,19:31:38.943,2074,0.0129,1.6714
9348,19:31:38.944,2064,0.0081,1.6633
9349,19:31:38.944,2052,0.0022,1.6536
9350,19:31:38.945,2080,0.0159,1.6762
9351,19:31:38.945,2081,0.0164,1.6770
9352,19:31:38.946,2079,0.0154,1.6754
9353,19:31:38.946,2053,0.0027,1.6544
9354,19:31:38.947,2073,0.0125,1.6705
9355,19:31:38.947,2076,0.0139,1.6730
9356,19:31:38.948,2077,0.0144,1.6738
9357,19:31:38.948,2057,0.0046,1.6577
9358,19:31:38.949,2059,0.0056,1.6593
9359,19:31:38.949,2081,0.0164,1.6770
9360,19:31:38.950,2090,0.0208,1.6842
9361,19:31:38.950,2082,0.0168,1.6778
9362,19:31:38.951,2053,0.0027,1.6544
9363,19:31:38.951,2066,0.0090,1.6649
9364,19:31:38.952,2075,0.0134,1.6722
9365,19:31:38.952,2075,0.0134,1.6722
9366,19:31:38.953,2065,0.0085,1.6641
9367,19:31:38.953,2060,0.0061,1.6601
9368,19:31:38.954,2083,0.0173,1.6786
9369,19:31:38.954,2093,0.0222,1.6867
9370,19:31:38.955,2079,0.0154,1.6754
9371,19:31:38.955,2052,0.0022,1.6536
9372,19:31:38.956,2057,0.0046,1.6577
9373,19:31:38.956,2077,0.0144,1.6738
9374,19:31:38.957,2072,0.0120,1.6697
9375,19:31:38.957,2066,0.0090,1.6649
9376,19:31:38.958,2061,0.0066,1.6609
9377,19:31:38.958,2083,0.0173,1.6786
9378,19:31:38.959,2094,0.0227,1.6875
9379,19:31:38.959,2081,0.0164,1.6770
9380,19:31:38.960,2052,0.0022,1.6536
9381,19:31:38.960,2054,0.0032,1.6552
9382,19:31:38.961,2077,0.0144,1.6738
9383,19:31:38.961,2074,0.0129,1.6714
9384,19:31:38.962,2066,0.0090,1.6649
9385,19:31:38.962,2060,0.0061,1.6601
9386,19:31:38.963,2088,0.0198,1.6826
9387,19:31:38.963,2091,0.0212,1.6851
9388,19:31:38.964,2080,0.0159,1.6762
9389,19:31:38.964,2052,0.0022,1.6536
9390,19:31:38.965,2055,0.0037,1.6560
9391,19:31:38.965,2075,0.0134,1.6722
9392,19:31:38.966,2075,0.0134,1.6722
9393,19:31:38.966,2071,0.0115,1.6689
9394,19:31:38.967,2055,0.0037,1.6560
9395,19:31:38.967,2083,0.0173,1.6786
9396,19:31:38.968,2086,0.0188,1.6810
9397,19:31:38.968,2080,0.0159,1.6762
9398,19:31:38.969,2053,0.0027,1.6544
9399,19:31:38.969,2054,0.0032,1.6552
9400,19:31:38.970,2076,0.0139,1.6730
9401,19:31:38.970,2074,0.0129,1.6714
9402,19:31:38.971,2073,0.0125,1.6705
9403,19:31:38.971,2057,0.0046,1.6577
9404,19:31:38.972,2086,0.0188,1.6810
9405,19:31:38.972,2086,0.0188,1.6810
9406,19:31:38.973,2077,0.0144,1.6738
9407,19:31:38.973,2055,0.0037,1.6560
9408,19:31:38.974,2055,0.0037,1.6560
9409,19:31:38.974,2079,0.0154,1.6754
9410,19:31:38.975,2075,0.0134,1.6722
9411,19:31:38.975,2076,0.0139,1.6730
9412,19:31:38.976,2055,0.0037,1.6560
9413,19:31:38.976,2079,0.0154,1.6754
9414,19:31:38.977,2079,0.0154,1.6754
9415,19:31:38.977,2077,0.0144,1.6738
9416,19:31:38.978,2054,0.0032,1.6552
9417,19:31:38.978,2059,0.0056,1.6593
9418,19:31:38.979,2078,0.0149,1.6746
9419,19:31:38.979,2078,0.0149,1.6746
9420,19:31:38.980,2078,0.0149,1.6746
9421,19:31:38.980,2058,0.0051,1.6585
9422,19:31:38.981,2079,0.0154,1.6754
9423,19:31:38.981,2077,0.0144,1.6738
9424,19:31:38.982,2074,0.0129,1.6714
9425,19:31:38.982,2061,0.0066,1.6609
9426,19:31:38.983,2062,0.0071,1.6617
9427,19:31:38.983,2080,0.0159,1.6762
9428,19:31:38.984,2083,0.0173,1.6786
9429,19:31:38.984,2077,0.0144,1.6738
9430,19:31:38.985,2057,0.0046,1.6577
9431,19:31:38.985,2074,0.0129,1.6714
9432,19:31:38.986,2077,0.0144,1.6738
9433,19:31:38.986,2077,0.0144,1.6738
9434,19:31:38.987,2065,0.0085,1.6641
9435,19:31:38.987,2062,0.0071,1.6617
9436,19:31:38.988,2079,0.0154,1.6754
9437,19:31:38.988,2085,0.0183,1.6802
9438,19:31:38.989,2077,0.0144,1.6738
9439,19:31:38.989,2055,0.0037,1.6560
9440,19:31:38.990,2067,0.0095,1.6657
9441,19:31:38.990,2075,0.0134,1.6722
9442,19:31:38.991,2075,0.0134,1.6722
9443,19:31:38.991,2069,0.0105,1.6673
9444,19:31:38.992,2064,0.0081,1.6633
9445,19:31:38.992,2082,0.0168,1.6778
9446,19:31:38.993,2089,0.0203,1.6834
9447,19:31:38.993,2078,0.0149,1.6746
9448,19:31:38.994,2060,0.0061,1.6601
9449,19:31:38.994,2060,0.0061,1.6601
9450,19:31:38.995,2076,0.0139,1.6730
9451,19:31:38.995,2072,0.0120,1.6697
9452,19:31:38.996,2070,0.0110,1.6681
9453,19:31:38.996,2064,0.0081,1.6633
9454,19:31:38.997,2086,0.0188,1.6810
9455,19:31:38.997,2089,0.0203,1.6834
9456,19:31:38.998,2080,0.0159,1.6762
9457,19:31:38.998,2059,0.0056,1.6593
9458,19:31:38.999,2056,0.0042,1.6568
9459,19:31:38.999,2077,0.0144,1.6738
9460,19:31:39.000,2073,0.0125,1.6705
9461,19:31:39.000,2072,0.0120,1.6697
9462,19:31:39.001,2064,0.0081,1.6633
9463,19:31:39.001,2083,0.0173,1.6786
9464,19:31:39.002,2087,0.0193,1.6818
9465,19:31:39.002,2081,0.0164,1.6770
9466,19:31:39.003,2059,0.0056,1.6593
9467,19:31:39.003,2050,0.0012,1.6520
9468,19:31:39.004,2074,0.0129,1.6714
9469,19:31:39.004,2070,0.0110,1.6681
9470,19:31:39.005,2076,0.0139,1.6730
9471,19:31:39.005,2062,0.0071,1.6617
9472,19:31:39.006,2079,0.0154,1.6754
9473,19:31:39.006,2085,0.0183,1.6802
9474,19:31:39.007,2082,0.0168,1.6778
9475,19:31:39.007,2058,0.0051,1.6585
9476,19:31:39.008,2052,0.0022,1.6536
9477,19:31:39.008,2069,0.0105,1.6673
9478,19:31:39.009,2070,0.0110,1.6681
9479,19:31:39.009,2073,0.0125,1.6705
9480,19:31:39.010,2059,0.0056,1.6593
9481,19:31:39.010,2078,0.0149,1.6746
9482,19:31:39.011,2083,0.0173,1.6786
9483,19:31:39.011,2081,0.0164,1.6770
9484,19:31:39.012,2059,0.0056,1.6593
9485,19:31:39.012,2056,0.0042,1.6568
9486,19:31:39.013,2072,0.0120,1.6697
9487,19:31:39.013,2072,0.0120,1.6697
9488,19:31:39.014,2073,0.0125,1.6705
9489,19:31:39.014,2060,0.0061,1.6601
9490,19:31:39.015,2075,0.0134,1.6722
9491,19:31:39.015,2079,0.0154,1.6754
9492,19:31:39.016,2075,0.0134,1.6722
9493,19:31:39.016,2061,0.0066,1.6609
9494,19:31:39.017,2057,0.0046,1.6577
9495,19:31:39.017,2072,0.0120,1.6697
9496,19:31:39.018,2079,0.0154,1.6754
9497,19:31:39.018,2075,0.0134,1.6722
9498,19:31:39.019,2056,0.0042,1.6568
9499,19:31:39.019,2072,0.0120,1.6697
9500,19:31:39.020,2076,0.0139,1.6730
9501,19:31:39.020,2077,0.0144,1.6738
9502,19:31:39.021,2066,0.0090,1.6649
9503,19:31:39.021,2060,0.0061,1.6601
9504,19:31:39.022,2075,0.0134,1.6722
9505,19:31:39.022,2078,0.0149,1.6746
9506,19:31:39.023,2078,0.0149,1.6746
9507,19:31:39.023,2059,0.0056,1.6593
9508,19:31:39.024,2071,0.0115,1.6689
9509,19:31:39.024,2072,0.0120,1.6697
9510,19:31:39.025,2074,0.0129,1.6714
9511,19:31:39.025,2068,0.0100,1.6665
9512,19:31:39.026,2064,0.0081,1.6633
9513,19:31:39.026,2078,0.0149,1.6746
9514,19:31:39.027,2081,0.0164,1.6770
9515,19:31:39.027,2076,0.0139,1.6730
9516,19:31:39.028,2058,0.0051,1.6585
9517,19:31:39.028,2062,0.0071,1.6617
9518,19:31:39.029,2071,0.0115,1.6689
9519,19:31:39.029,2076,0.0139,1.6730
9520,19:31:39.030,2066,0.0090,1.6649
9521,19:31:39.030,2064,0.0081,1.6633
9522,19:31:39.031,2078,0.0149,1.6746
9523,19:31:39.031,2084,0.0178,1.6794
9524,19:31:39.032,2077,0.0144,1.6738
9525,19:31:39.032,2061,0.0066,1.6609
9526,19:31:39.033,2063,0.0076,1.6625
9527,19:31:39.033,2069,0.0105,1.6673
9528,19:31:39.034,2072,0.0120,1.6697
9529,19:31:39.034,2067,0.0095,1.6657
9530,19:31:39.035,2070,0.0110,1.6681
9531,19:31:39.035,2078,0.0149,1.6746
9532,19:31:39.036,2082,0.0168,1.6778
9533,19:31:39.036,2079,0.0154,1.6754
9534,19:31:39.037,2062,0.0071,1.6617
9535,19:31:39.037,2061,0.0066,1.6609
9536,19:31:39.038,2070,0.0110,1.6681
9537,19:31:39.038,2070,0.0110,1.6681
9538,19:31:39.039,2073,0.0125,1.6705
9539,19:31:39.039,2066,0.0090,1.6649
9540,19:31:39.040,2079,0.0154,1.6754
9541,19:31:39.040,2082,0.0168,1.6778
9542,19:31:39.041,2078,0.0149,1.6746
9543,19:31:39.041,2065,0.0085,1.6641
9544,19:31:39.042,2060,0.0061,1.6601
9545,19:31:39.042,2069,0.0105,1.6673
9546,19:31:39.043,2069,0.0105,1.6673
9547,19:31:39.043,2073,0.0125,1.6705
9548,19:31:39.044,2063,0.0076,1.6625
9549,19:31:39.044,2078,0.0149,1.6746
9550,19:31:39.045,2083,0.0173,1.6786
9551,19:31:39.045,2080,0.0159,1.6762
9552,19:31:39.046,2064,0.0081,1.6633
9553,19:31:39.046,2059,0.0056,1.6593
9554,19:31:39.047,2072,0.0120,1.6697
9555,19:31:39.047,2071,0.0115,1.6689
9556,19:31:39.048,2075,0.0134,1.6722
9557,19:31:39.048,2063,0.0076,1.6625
9558,19:31:39.049,2072,0.0120,1.6697
9559,19:31:39.049,2078,0.0149,1.6746
9560,19:31:39.050,2081,0.0164,1.6770
9561,19:31:39.050,2067,0.0095,1.6657
9562,19:31:39.051,2059,0.0056,1.6593
9563,19:31:39.051,2070,0.0110,1.6681
9564,19:31:39.052,2071,0.0115,1.6689
9565,19:31:39.052,2080,0.0159,1.6762
9566,19:31:39.053,2061,0.0066,1.6609
9567,19:31:39.053,2071,0.0115,1.6689
9568,19:31:39.054,2078,0.0149,1.6746
9569,19:31:39.054,2076,0.0139,1.6730
9570,19:31:39.055,2066,0.0090,1.6649
9571,19:31:39.055,2060,0.0061,1.6601
9572,19:31:39.056,2070,0.0110,1.6681
9573,19:31:39.056,2073,0.0125,1.6705
9574,19:31:39.057,2078,0.0149,1.6746
9575,19:31:39.057,2065,0.0085,1.6641
9576,19:31:39.058,2069,0.0105,1.6673
9577,19:31:39.058,2070,0.0110,1.6681
9578,19:31:39.059,2073,0.0125,1.6705
9579,19:31:39.059,2071,0.0115,1.6689
9580,19:31:39.060,2063,0.0076,1.6625
9581,19:31:39.060,2072,0.0120,1.6697
9582,19:31:39.061,2074,0.0129,1.6714
9583,19:31:39.061,2079,0.0154,1.6754
9584,19:31:39.062,2062,0.0071,1.6617
9585,19:31:39.062,2069,0.0105,1.6673
9586,19:31:39.063,2069,0.0105,1.6673
9587,19:31:39.063,2073,0.0125,1.6705
9588,19:31:39.064,2068,0.0100,1.6665
9589,19:31:39.064,2068,0.0100,1.6665
9590,19:31:39.065,2074,0.0129,1.6714
9591,19:31:39.065,2076,0.0139,1.6730
9592,19:31:39.066,2079,0.0154,1.6754
9593,19:31:39.066,2064,0.0081,1.6633
9594,19:31:39.067,2065,0.0085,1.6641
9595,19:31:39.067,2067,0.0095,1.6657
9596,19:31:39.068,2070,0.0110,1.6681
9597,19:31:39.068,2069,0.0105,1.6673
9598,19:31:39.069,2070,0.0110,1.6681
9599,19:31:39.069,2076,0.0139,1.6730
9600,19:31:39.070,2077,0.0144,1.6738
9601,19:31:39.070,2074,0.0129,1.6714
9602,19:31:39.071,2063,0.0076,1.6625
9603,19:31:39.071,2067,0.0095,1.6657
9604,19:31:39.072,2063,0.0076,1.6625
9605,19:31:39.072,2071,0.0115,1.6689
9606,19:31:39.073,2071,0.0115,1.6689
9607,19:31:39.073,2068,0.0100,1.6665
9608,19:31:39.074,2077,0.0144,1.6738
9609,19:31:39.074,2078,0.0149,1.6746
9610,19:31:39.075,2079,0.0154,1.6754
9611,19:31:39.075,2062,0.0071,1.6617
9612,19:31:39.076,2062,0.0071,1.6617
9613,19:31:39.076,2062,0.0071,1.6617
9614,19:31:39.077,2071,0.0115,1.6689
9615,19:31:39.077,2072,0.0120,1.6697
9616,19:31:39.078,2068,0.0100,1.6665
9617,19:31:39.078,2075,0.0134,1.6722
9618,19:31:39.079,2077,0.0144,1.6738
9619,19:31:39.079,2077,0.0144,1.6738
9620,19:31:39.080,2064,0.0081,1.6633
9621,19:31:39.080,2062,0.0071,1.6617
9622,19:31:39.081,2065,0.0085,1.6641
9623,19:31:39.081,2072,0.0120,1.6697
9624,19:31:39.082,2075,0.0134,1.6722
9625,19:31:39.082,2071,0.0115,1.6689
9626,19:31:39.083,2077,0.0144,1.6738
9627,19:31:39.083,2077,0.0144,1.6738
9628,19:31:39.084,2080,0.0159,1.6762
9629,19:31:39.084,2068,0.0100,1.6665
9630,19:31:39.085,2062,0.0071,1.6617
9631,19:31:39.085,2068,0.0100,1.6665
9632,19:31:39.086,2070,0.0110,1.6681
9633,19:31:39.086,2079,0.0154,1.6754
9634,19:31:39.087,2066,0.0090,1.6649
9635,19:31:39.087,2078,0.0149,1.6746
9636,19:31:39.088,2075,0.0134,1.6722
9637,19:31:39.088,2080,0.0159,1.6762
9638,19:31:39.089,2072,0.0120,1.6697
9639,19:31:39.089,2064,0.0081,1.6633
9640,19:31:39.090,2069,0.0105,1.6673
9641,19:31:39.090,2073,0.0125,1.6705
9642,19:31:39.091,2079,0.0154,1.6754
9643,19:31:39.091,2065,0.0085,1.6641
9644,19:31:39.092,2075,0.0134,1.6722
9645,19:31:39.092,2069,0.0105,1.6673
9646,19:31:39.093,2079,0.0154,1.6754
9647,19:31:39.093,2068,0.0100,1.6665
9648,19:31:39.094,2064,0.0081,1.6633
9649,19:31:39.094,2070,0.0110,1.6681
9650,19:31:39.095,2075,0.0134,1.6722
9651,19:31:39.095,2079,0.0154,1.6754
9652,19:31:39.096,2062,0.0071,1.6617
9653,19:31:39.096,2072,0.0120,1.6697
9654,19:31:39.097,2068,0.0100,1.6665
9655,19:31:39.097,2077,0.0144,1.6738
9656,19:31:39.098,2071,0.0115,1.6689
9657,19:31:39.098,2065,0.0085,1.6641
9658,19:31:39.099,2072,0.0120,1.6697
9659,19:31:39.099,2077,0.0144,1.6738
9660,19:31:39.100,2077,0.0144,1.6738
9661,19:31:39.100,2065,0.0085,1.6641
9662,19:31:39.101,2071,0.0115,1.6689
9663,19:31:39.101,2064,0.0081,1.6633
9664,19:31:39.102,2074,0.0129,1.6714
9665,19:31:39.102,2070,0.0110,1.6681
9666,19:31:39.103,2073,0.0125,1.6705
9667,19:31:39.103,2072,0.0120,1.6697
9668,19:31:39.104,2076,0.0139,1.6730
9669,19:31:39.104,2076,0.0139,1.6730
9670,19:31:39.105,2067,0.0095,1.6657
9671,19:31:39.105,2067,0.0095,1.6657
9672,19:31:39.106,2062,0.0071,1.6617
9673,19:31:39.106,2071,0.0115,1.6689
9674,19:31:39.107,2072,0.0120,1.6697
9675,19:31:39.107,2073,0.0125,1.6705
9676,19:31:39.108,2071,0.0115,1.6689
9677,19:31:39.108,2079,0.0154,1.6754
9678,19:31:39.109,2077,0.0144,1.6738
9679,19:31:39.109,2067,0.0095,1.6657
9680,19:31:39.110,2067,0.0095,1.6657
9681,19:31:39.110,2062,0.0071,1.6617
9682,19:31:39.111,2069,0.0105,1.6673
9683,19:31:39.111,2068,0.0100,1.6665
9684,19:31:39.112,2075,0.0134,1.6722
9685,19:31:39.112,2073,0.0125,1.6705
9686,19:31:39.113,2076,0.0139,1.6730
9687,19:31:39.113,2079,0.0154,1.6754
9688,19:31:39.114,2071,0.0115,1.6689
9689,19:31:39.114,2068,0.0100,1.6665
9690,19:31:39.115,2060,0.0061,1.6601
9691,19:31:39.115,2070,0.0110,1.6681
9692,19:31:39.116,2070,0.0110,1.6681
9693,19:31:39.116,2078,0.0149,1.6746
9694,19:31:39.117,2076,0.0139,1.6730
9695,19:31:39.117,2075,0.0134,1.6722
9696,19:31:39.118,2076,0.0139,1.6730
9697,19:31:39.118,2069,0.0105,1.6673
9698,19:31:39.119,2065,0.0085,1.6641
9699,19:31:39.119,2063,0.0076,1.6625
9700,19:31:39.120,2067,0.0095,1.6657
9701,19:31:39.120,2072,0.0120,1.6697
9702,19:31:39.121,2075,0.0134,1.6722
9703,19:31:39.121,2076,0.0139,1.6730
9704,19:31:39.122,2072,0.0120,1.6697
9705,19:31:39.122,2079,0.0154,1.6754
9706,19:31:39.123,2071,0.0115,1.6689
9707,19:31:39.123,2066,0.0090,1.6649
9708,19:31:39.124,2063,0.0076,1.6625
9709,19:31:39.124,2073,0.0125,1.6705
9710,19:31:39.125,2074,0.0129,1.6714
9711,19:31:39.125,2074,0.0129,1.6714
9712,19:31:39.126,2076,0.0139,1.6730
9713,19:31:39.126,2071,0.0115,1.6689
9714,19:31:39.127,2077,0.0144,1.6738
9715,19:31:39.127,2069,0.0105,1.6673
9716,19:31:39.128,2067,0.0095,1.6657
9717,19:31:39.128,2066,0.0090,1.6649
9718,19:31:39.129,2072,0.0120,1.6697
9719,19:31:39.129,2076,0.0139,1.6730
9720,19:31:39.130,2071,0.0115,1.6689
9721,19:31:39.130,2076,0.0139,1.6730
9722,19:31:39.131,2066,0.0090,1.6649
9723,19:31:39.131,2073,0.0125,1.6705
9724,19:31:39.132,2073,0.0125,1.6705
9725,19:31:39.132,2070,0.0110,1.6681
9726,19:31:39.133,2068,0.0100,1.6665
9727,19:31:39.133,2073,0.0125,1.6705
9728,19:31:39.134,2081,0.0164,1.6770
9729,19:31:39.134,2070,0.0110,1.6681
9730,19:31:39.135,2071,0.0115,1.6689
9731,19:31:39.135,2063,0.0076,1.6625
9732,19:31:39.136,2073,0.0125,1.6705
9733,19:31:39.136,2067,0.0095,1.6657
9734,19:31:39.137,2068,0.0100,1.6665
9735,19:31:39.137,2072,0.0120,1.6697
9736,19:31:39.138,2073,0.0125,1.6705
9737,19:31:39.138,2081,0.0164,1.6770
9738,19:31:39.139,2070,0.0110,1.6681
9739,19:31:39.139,2073,0.0125,1.6705
9740,19:31:39.140,2061,0.0066,1.6609
9741,19:31:39.140,2071,0.0115,1.6689
9742,19:31:39.141,2068,0.0100,1.6665
9743,19:31:39.141,2070,0.0110,1.6681
9744,19:31:39.142,2073,0.0125,1.6705
9745,19:31:39.142,2075,0.0134,1.6722
9746,19:31:39.143,2076,0.0139,1.6730
9747,19:31:39.143,2065,0.0085,1.6641
9748,19:31:39.144,2072,0.0120,1.6697
9749,19:31:39.144,2059,0.0056,1.6593
9750,19:31:39.145,2066,0.0090,1.6649
9751,19:31:39.145,2068,0.0100,1.6665
9752,19:31:39.146,2078,0.0149,1.6746
9753,19:31:39.146,2072,0.0120,1.6697
9754,19:31:39.147,2074,0.0129,1.6714
9755,19:31:39.147,2079,0.0154,1.6754
9756,19:31:39.148,2070,0.0110,1.6681
9757,19:31:39.148,2068,0.0100,1.6665
9758,19:31:39.149,2060,0.0061,1.6601
9759,19:31:39.149,2070,0.0110,1.6681
9760,19:31:39.150,2070,0.0110,1.6681
9761,19:31:39.150,2074,0.0129,1.6714
9762,19:31:39.151,2080,0.0159,1.6762
9763,19:31:39.151,2069,0.0105,1.6673
9764,19:31:39.152,2079,0.0154,1.6754
9765,19:31:39.152,2067,0.0095,1.6657
9766,19:31:39.153,2063,0.0076,1.6625
9767,19:31:39.153,2067,0.0095,1.6657
9768,19:31:39.154,2072,0.0120,1.6697
9769,19:31:39.154,2069,0.0105,1.6673
9770,19:31:39.155,2073,0.0125,1.6705
9771,19:31:39.155,2081,0.0164,1.6770
9772,19:31:39.156,2071,0.0115,1.6689
9773,19:31:39.156,2075,0.0134,1.6722
9774,19:31:39.157,2072,0.0120,1.6697
9775,19:31:39.157,2065,0.0085,1.6641
9776,19:31:39.158,2068,0.0100,1.6665
9777,19:31:39.158,2062,0.0071,1.6617
9778,19:31:39.159,2070,0.0110,1.6681
9779,19:31:39.159,2071,0.0115,1.6689
9780,19:31:39.160,2078,0.0149,1.6746
9781,19:31:39.160,2067,0.0095,1.6657
9782,19:31:39.161,2072,0.0120,1.6697
9783,19:31:39.161,2073,0.0125,1.6705
9784,19:31:39.162,2071,0.0115,1.6689
9785,19:31:39.162,2072,0.0120,1.6697
9786,19:31:39.163,2062,0.0071,1.6617
9787,19:31:39.163,2072,0.0120,1.6697
9788,19:31:39.164,2073,0.0125,1.6705
9789,19:31:39.164,2075,0.0134,1.6722
9790,19:31:39.165,2062,0.0071,1.6617
9791,19:31:39.165,2069,0.0105,1.6673
9792,19:31:39.166,2075,0.0134,1.6722
9793,19:31:39.166,2072,0.0120,1.6697
9794,19:31:39.167,2069,0.0105,1.6673
9795,19:31:39.167,2064,0.0081,1.6633
9796,19:31:39.168,2071,0.0115,1.6689
9797,19:31:39.168,2081,0.0164,1.6770
9798,19:31:39.169,2071,0.0115,1.6689
9799,19:31:39.169,2065,0.0085,1.6641
9800,19:31:39.170,2067,0.0095,1.6657
9801,19:31:39.170,2073,0.0125,1.6705
9802,19:31:39.171,2078,0.0149,1.6746
9803,19:31:39.171,2066,0.0090,1.6649
9804,19:31:39.172,2064,0.0081,1.6633
9805,19:31:39.172,2071,0.0115,1.6689
9806,19:31:39.173,2078,0.0149,1.6746
9807,19:31:39.173,2069,0.0105,1.6673
9808,19:31:39.174,2064,0.0081,1.6633
9809,19:31:39.174,2068,0.0100,1.6665
9810,19:31:39.175,2079,0.0154,1.6754
9811,19:31:39.175,2073,0.0125,1.6705
9812,19:31:39.176,2068,0.0100,1.6665
9813,19:31:39.176,2062,0.0071,1.6617
9814,19:31:39.177,2073,0.0125,1.6705
9815,19:31:39.177,2079,0.0154,1.6754
9816,19:31:39.178,2069,0.0105,1.6673
9817,19:31:39.178,2052,0.0022,1.6536
9818,19:31:39.179,2053,0.0027,1.6544
9819,19:31:39.179,2078,0.0149,1.6746
9820,19:31:39.180,2089,0.0203,1.6834
9821,19:31:39.180,2097,0.0242,1.6899
9822,19:31:39.181,2104,0.0276,1.6955
9823,19:31:39.181,2115,0.0330,1.7044
9824,19:31:39.182,2121,0.0359,1.7092
9825,19:31:39.182,2108,0.0295,1.6988
9826,19:31:39.183,2089,0.0203,1.6834
9827,19:31:39.183,2084,0.0178,1.6794
9828,19:31:39.184,2081,0.0164,1.6770
9829,19:31:39.184,2069,0.0105,1.6673
9830,19:31:39.185,2045,-0.0012,1.6480
9831,19:31:39.185,2029,-0.0090,1.6351
9832,19:31:39.186,2031,-0.0081,1.6367
9833,19:31:39.186,2034,-0.0066,1.6391
9834,19:31:39.187,2026,-0.0105,1.6327
9835,19:31:39.187,2019,-0.0139,1.6270
9836,19:31:39.188,2023,-0.0120,1.6303
9837,19:31:39.188,2039,-0.0042,1.6432
9838,19:31:39.189,2052,0.0022,1.6536
9839,19:31:39.189,2051,0.0017,1.6528
9840,19:31:39.190,2055,0.0037,1.6560
9841,19:31:39.190,2074,0.0129,1.6714
9842,19:31:39.191,2085,0.0183,1.6802
9843,19:31:39.191,2079,0.0154,1.6754
9844,19:31:39.192,2063,0.0076,1.6625
9845,19:31:39.192,2065,0.0085,1.6641
9846,19:31:39.193,2075,0.0134,1.6722
9847,19:31:39.193,2072,0.0120,1.6697
9848,19:31:39.194,2063,0.0076,1.6625
9849,19:31:39.194,2049,0.0007,1.6512
9850,19:31:39.195,2059,0.0056,1.6593
9851,19:31:39.195,2066,0.0090,1.6649
9852,19:31:39.196,2060,0.0061,1.6601
9853,19:31:39.196,2053,0.0027,1.6544
9854,19:31:39.197,2061,0.0066,1.6609
9855,19:31:39.197,2072,0.0120,1.6697
9856,19:31:39.198,2072,0.0120,1.6697
9857,19:31:39.198,2065,0.0085,1.6641
9858,19:31:39.199,2052,0.0022,1.6536
9859,19:31:39.199,2054,0.0032,1.6552
9860,19:31:39.200,2063,0.0076,1.6625
9861,19:31:39.200,2056,0.0042,1.6568
9862,19:31:39.201,2041,-0.0032,1.6448
9863,19:31:39.201,2042,-0.0027,1.6456
9864,19:31:39.202,2054,0.0032,1.6552
9865,19:31:39.202,2058,0.0051,1.6585
9866,19:31:39.203,2051,0.0017,1.6528
9867,19:31:39.203,2049,0.0007,1.6512
9868,19:31:39.204,2058,0.0051,1.6585
9869,19:31:39.204,2075,0.0134,1.6722
9870,19:31:39.205,2077,0.0144,1.6738
9871,19:31:39.205,2072,0.0120,1.6697
9872,19:31:39.206,2074,0.0129,1.6714
9873,19:31:39.206,2086,0.0188,1.6810
9874,19:31:39.207,2099,0.0252,1.6915
9875,19:31:39.207,2093,0.0222,1.6867
9876,19:31:39.208,2083,0.0173,1.6786
9877,19:31:39.208,2092,0.0217,1.6859
9878,19:31:39.209,2101,0.0261,1.6931
9879,19:31:39.209,2098,0.0247,1.6907
9880,19:31:39.210,2085,0.0183,1.6802
9881,19:31:39.210,2077,0.0144,1.6738
9882,19:31:39.211,2075,0.0134,1.6722
9883,19:31:39.211,2110,0.0305,1.7004
9884,19:31:39.212,2080,0.0159,1.6762
9885,19:31:39.212,2070,0.0110,1.6681
9886,19:31:39.213,2070,0.0110,1.6681
9887,19:31:39.213,2109,0.0300,1.6996
9888,19:31:39.214,2097,0.0242,1.6899
9889,19:31:39.214,2048,0.0002,1.6504
9890,19:31:39.215,2079,0.0154,1.6754
9891,19:31:39.215,2078,0.0149,1.6746
9892,19:31:39.216,2105,0.0281,1.6963
9893,19:31:39.216,2052,0.0022,1.6536
9894,19:31:39.217,2068,0.0100,1.6665
9895,19:31:39.217,2089,0.0203,1.6834
9896,19:31:39.218,2093,0.0222,1.6867
9897,19:31:39.218,2094,0.0227,1.6875
9898,19:31:39.219,2040,-0.0037,1.6440
9899,19:31:39.219,2093,0.0222,1.6867
9900,19:31:39.220,2086,0.0188,1.6810
9901,19:31:39.220,2118,0.0344,1.7068
9902,19:31:39.221,2071,0.0115,1.6689
9903,19:31:39.221,2074,0.0129,1.6714
9904,19:31:39.222,2123,0.0369,1.7108
9905,19:31:39.222,2103,0.0271,1.6947
9906,19:31:39.223,2107,0.0291,1.6979
9907,19:31:39.223,2026,-0.0105,1.6327
9908,19:31:39.224,2077,0.0144,1.6738
9909,19:31:39.224,2066,0.0090,1.6649
9910,19:31:39.225,2073,0.0125,1.6705
9911,19:31:39.225,2029,-0.0090,1.6351
9912,19:31:39.226,2028,-0.0095,1.6343
9913,19:31:39.226,2092,0.0217,1.6859
9914,19:31:39.227,2069,0.0105,1.6673
9915,19:31:39.227,2080,0.0159,1.6762
9916,19:31:39.228,2016,-0.0154,1.6246
9917,19:31:39.228,2069,0.0105,1.6673
9918,19:31:39.229,2082,0.0168,1.6778
9919,19:31:39.229,2091,0.0212,1.6851
9920,19:31:39.230,2052,0.0022,1.6536
9921,19:31:39.230,2050,0.0012,1.6520
9922,19:31:39.231,2125,0.0379,1.7125
9923,19:31:39.231,2089,0.0203,1.6834
9924,19:31:39.232,2098,0.0247,1.6907
9925,19:31:39.232,2045,-0.0012,1.6480
9926,19:31:39.233,2092,0.0217,1.6859
9927,19:31:39.233,2101,0.0261,1.6931
9928,19:31:39.234,2108,0.0295,1.6988
9929,19:31:39.234,2069,0.0105,1.6673
9930,19:31:39.235,2059,0.0056,1.6593
9931,19:31:39.235,2116,0.0335,1.7052
9932,19:31:39.236,2077,0.0144,1.6738
9933,19:31:39.236,2084,0.0178,1.6794
9934,19:31:39.237,2037,-0.0051,1.6415
9935,19:31:39.237,2074,0.0129,1.6714
9936,19:31:39.238,2082,0.0168,1.6778
9937,19:31:39.238,2077,0.0144,1.6738
9938,19:31:39.239,2050,0.0012,1.6520
9939,19:31:39.239,2033,-0.0071,1.6383
9940,19:31:39.240,2100,0.0256,1.6923
9941,19:31:39.240,2056,0.0042,1.6568
9942,19:31:39.241,2063,0.0076,1.6625
9943,19:31:39.241,2039,-0.0042,1.6432
9944,19:31:39.242,2072,0.0120,1.6697
9945,19:31:39.242,2087,0.0193,1.6818
9946,19:31:39.243,2094,0.0227,1.6875
9947,19:31:39.243,2070,0.0110,1.6681
9948,19:31:39.244,2046,-0.0007,1.6488
9949,19:31:39.244,2098,0.0247,1.6907
9950,19:31:39.245,2072,0.0120,1.6697
9951,19:31:39.245,2079,0.0154,1.6754
9952,19:31:39.246,2058,0.0051,1.6585
9953,19:31:39.246,2076,0.0139,1.6730
9954,19:31:39.247,2092,0.0217,1.6859
9955,19:31:39.247,2097,0.0242,1.6899
9956,19:31:39.248,2086,0.0188,1.6810
9957,19:31:39.248,2040,-0.0037,1.6440
9958,19:31:39.249,2090,0.0208,1.6842
9959,19:31:39.249,2065,0.0085,1.6641
9960,19:31:39.250,2071,0.0115,1.6689
9961,19:31:39.250,2042,-0.0027,1.6456
9962,19:31:39.251,2061,0.0066,1.6609
9963,19:31:39.251,2077,0.0144,1.6738
9964,19:31:39.252,2086,0.0188,1.6810
9965,19:31:39.252,2077,0.0144,1.6738
9966,19:31:39.253,2025,-0.0110,1.6319
9967,19:31:39.253,2076,0.0139,1.6730
9968,19:31:39.254,2062,0.0071,1.6617
9969,19:31:39.254,2069,0.0105,1.6673
9970,19:31:39.255,2041,-0.0032,1.6448
9971,19:31:39.255,2054,0.0032,1.6552
9972,19:31:39.256,2092,0.0217,1.6859
9973,19:31:39.256,2089,0.0203,1.6834
9974,19:31:39.257,2088,0.0198,1.6826
9975,19:31:39.257,2034,-0.0066,1.6391
9976,19:31:39.258,2081,0.0164,1.6770
9977,19:31:39.258,2076,0.0139,1.6730
9978,19:31:39.259,2083,0.0173,1.6786
9979,19:31:39.259,2052,0.0022,1.6536
9980,19:31:39.260,2061,0.0066,1.6609
9981,19:31:39.260,2094,0.0227,1.6875
9982,19:31:39.261,2079,0.0154,1.6754
9983,19:31:39.261,2089,0.0203,1.6834
9984,19:31:39.262,2032,-0.0076,1.6375
9985,19:31:39.262,2070,0.0110,1.6681
9986,19:31:39.263,2073,0.0125,1.6705
9987,19:31:39.263,2072,0.0120,1.6697
9988,19:31:39.264,2043,-0.0022,1.6464
9989,19:31:39.264,2042,-0.0027,1.6456
9990,19:31:39.265,2094,0.0227,1.6875
9991,19:31:39.265,2070,0.0110,1.6681
9992,19:31:39.266,2080,0.0159,1.6762
9993,19:31:39.266,2027,-0.0100,1.6335
9994,19:31:39.267,2071,0.0115,1.6689
9995,19:31:39.267,2079,0.0154,1.6754
9996,19:31:39.268,2079,0.0154,1.6754
9997,19:31:39.268,2056,0.0042,1.6568
9998,19:31:39.269,2050,0.0012,1.6520
9999,19:31:39.269,2107,0.0291,1.6979
10000,19:31:39.270,2071,0.0115,1.6689
10001,19:31:39.270,2093,0.0222,1.6867
10002,19:31:39.271,2038,-0.0046,1.6423
10003,19:31:39.271,2078,0.0149,1.6746
10004,19:31:39.272,2087,0.0193,1.6818
10005,19:31:39.272,2087,0.0193,1.6818
10006,19:31:39.273,2067,0.0095,1.6657
10007,19:31:39.273,2044,-0.0017,1.6472
10008,19:31:39.274,2109,0.0300,1.6996
10009,19:31:39.274,2066,0.0090,1.6649
10010,19:31:39.275,2081,0.0164,1.6770
10011,19:31:39.275,2040,-0.0037,1.6440
10012,19:31:39.276,2067,0.0095,1.6657
10013,19:31:39.276,2082,0.0168,1.6778
10014,19:31:39.277,2083,0.0173,1.6786
10015,19:31:39.277,2067,0.0095,1.6657
10016,19:31:39.278,2032,-0.0076,1.6375
10017,19:31:39.278,2094,0.0227,1.6875
10018,19:31:39.279,2059,0.0056,1.6593
10019,19:31:39.279,2076,0.0139,1.6730
10020,19:31:39.280,2043,-0.0022,1.6464
10021,19:31:39.280,2066,0.0090,1.6649
10022,19:31:39.281,2084,0.0178,1.6794
10023,19:31:39.281,2086,0.0188,1.6810
10024,19:31:39.282,2081,0.0164,1.6770
10025,19:31:39.282,2039,-0.0042,1.6432
10026,19:31:39.283,2094,0.0227,1.6875
10027,19:31:39.283,2068,0.0100,1.6665
10028,19:31:39.284,2079,0.0154,1.6754
10029,19:31:39.284,2052,0.0022,1.6536
10030,19:31:39.285,2072,0.0120,1.6697
10031,19:31:39.285,2088,0.0198,1.6826
10032,19:31:39.286,2087,0.0193,1.6818
10033,19:31:39.286,2085,0.0183,1.6802
10034,19:31:39.287,2037,-0.0051,1.6415
10035,19:31:39.287,2085,0.0183,1.6802
10036,19:31:39.288,2069,0.0105,1.6673
10037,19:31:39.288,2070,0.0110,1.6681
10038,19:31:39.289,2055,0.0037,1.6560
10039,19:31:39.289,2064,0.0081,1.6633
10040,19:31:39.290,2088,0.0198,1.6826
10041,19:31:39.290,2084,0.0178,1.6794
10042,19:31:39.291,2091,0.0212,1.6851
10043,19:31:39.291,2034,-0.0066,1.6391
10044,19:31:39.292,2078,0.0149,1.6746
10045,19:31:39.292,2071,0.0115,1.6689
10046,19:31:39.293,2075,0.0134,1.6722
10047,19:31:39.293,2057,0.0046,1.6577
10048,19:31:39.294,2062,0.0071,1.6617
10049,19:31:39.294,2094,0.0227,1.6875
10050,19:31:39.295,2083,0.0173,1.6786
10051,19:31:39.295,2095,0.0232,1.6883
10052,19:31:39.296,2039,-0.0042,1.6432
10053,19:31:39.296,2073,0.0125,1.6705
10054,19:31:39.297,2077,0.0144,1.6738
10055,19:31:39.297,2075,0.0134,1.6722
10056,19:31:39.298,2064,0.0081,1.6633
10057,19:31:39.298,2060,0.0061,1.6601
10058,19:31:39.299,2096,0.0237,1.6891
10059,19:31:39.299,2076,0.0139,1.6730
10060,19:31:39.300,2094,0.0227,1.6875
10061,19:31:39.300,2038,-0.0046,1.6423
10062,19:31:39.301,2067,0.0095,1.6657
10063,19:31:39.301,2078,0.0149,1.6746
10064,19:31:39.302,2075,0.0134,1.6722
10065,19:31:39.302,2061,0.0066,1.6609
10066,19:31:39.303,2052,0.0022,1.6536
10067,19:31:39.303,2097,0.0242,1.6899
10068,19:31:39.304,2070,0.0110,1.6681
10069,19:31:39.304,2087,0.0193,1.6818
10070,19:31:39.305,2038,-0.0046,1.6423
10071,19:31:39.305,2069,0.0105,1.6673
10072,19:31:39.306,2080,0.0159,1.6762
10073,19:31:39.306,2079,0.0154,1.6754
10074,19:31:39.307,2063,0.0076,1.6625
10075,19:31:39.307,2044,-0.0017,1.6472
10076,19:31:39.308,2099,0.0252,1.6915
10077,19:31:39.308,2065,0.0085,1.6641
10078,19:31:39.309,2089,0.0203,1.6834
10079,19:31:39.309,2045,-0.0012,1.6480
10080,19:31:39.310,2070,0.0110,1.6681
10081,19:31:39.310,2082,0.0168,1.6778
10082,19:31:39.311,2084,0.0178,1.6794
10083,19:31:39.311,2069,0.0105,1.6673
10084,19:31:39.312,2044,-0.0017,1.6472
10085,19:31:39.312,2098,0.0247,1.6907
10086,19:31:39.313,2061,0.0066,1.6609
10087,19:31:39.313,2082,0.0168,1.6778
10088,19:31:39.314,2047,-0.0002,1.6496
10089,19:31:39.314,2067,0.0095,1.6657
10090,19:31:39.315,2079,0.0154,1.6754
10091,19:31:39.315,2080,0.0159,1.6762
10092,19:31:39.316,2071,0.0115,1.6689
10093,19:31:39.316,2040,-0.0037,1.6440
10094,19:31:39.317,2090,0.0208,1.6842
10095,19:31:39.317,2059,0.0056,1.6593
10096,19:31:39.318,2077,0.0144,1.6738
10097,19:31:39.318,2051,0.0017,1.6528
10098,19:31:39.319,2070,0.0110,1.6681
10099,19:31:39.319,2085,0.0183,1.6802
10100,19:31:39.320,2085,0.0183,1.6802
10101,19:31:39.320,2079,0.0154,1.6754
10102,19:31:39.321,2041,-0.0032,1.6448
10103,19:31:39.321,2086,0.0188,1.6810
10104,19:31:39.322,2062,0.0071,1.6617
10105,19:31:39.322,2076,0.0139,1.6730
10106,19:31:39.323,2057,0.0046,1.6577
10107,19:31:39.323,2068,0.0100,1.6665
10108,19:31:39.324,2087,0.0193,1.6818
10109,19:31:39.324,2083,0.0173,1.6786
10110,19:31:39.325,2087,0.0193,1.6818
10111,19:31:39.325,2039,-0.0042,1.6432
10112,19:31:39.326,2078,0.0149,1.6746
10113,19:31:39.326,2063,0.0076,1.6625
10114,19:31:39.327,2070,0.0110,1.6681
10115,19:31:39.327,2058,0.0051,1.6585
10116,19:31:39.328,2063,0.0076,1.6625
10117,19:31:39.328,2092,0.0217,1.6859
10118,19:31:39.329,2078,0.0149,1.6746
10119,19:31:39.329,2089,0.0203,1.6834
10120,19:31:39.330,2036,-0.0056,1.6407
10121,19:31:39.330,2073,0.0125,1.6705
10122,19:31:39.331,2069,0.0105,1.6673
10123,19:31:39.331,2069,0.0105,1.6673
10124,19:31:39.332,2066,0.0090,1.6649
10125,19:31:39.332,2062,0.0071,1.6617
10126,19:31:39.333,2097,0.0242,1.6899
10127,19:31:39.333,2075,0.0134,1.6722
10128,19:31:39.334,2091,0.0212,1.6851
10129,19:31:39.334,2046,-0.0007,1.6488
10130,19:31:39.335,2066,0.0090,1.6649
10131,19:31:39.335,2077,0.0144,1.6738
10132,19:31:39.336,2070,0.0110,1.6681
10133,19:31:39.336,2067,0.0095,1.6657
10134,19:31:39.337,2056,0.0042,1.6568
10135,19:31:39.337,2097,0.0242,1.6899
10136,19:31:39.338,2069,0.0105,1.6673
10137,19:31:39.338,2087,0.0193,1.6818
10138,19:31:39.339,2051,0.0017,1.6528
10139,19:31:39.339,2064,0.0081,1.6633
10140,19:31:39.340,2078,0.0149,1.6746
10141,19:31:39.340,2072,0.0120,1.6697
10142,19:31:39.341,2070,0.0110,1.6681
10143,19:31:39.341,2053,0.0027,1.6544
10144,19:31:39.342,2093,0.0222,1.6867
10145,19:31:39.342,2069,0.0105,1.6673
10146,19:31:39.343,2087,0.0193,1.6818
10147,19:31:39.343,2048,0.0002,1.6504
10148,19:31:39.344,2065,0.0085,1.6641
10149,19:31:39.344,2084,0.0178,1.6794
10150,19:31:39.345,2076,0.0139,1.6730
10151,19:31:39.345,2075,0.0134,1.6722
10152,19:31:39.346,2050,0.0012,1.6520
10153,19:31:39.346,2095,0.0232,1.6883
10154,19:31:39.347,2066,0.0090,1.6649
10155,19:31:39.347,2082,0.0168,1.6778
10156,19:31:39.348,2050,0.0012,1.6520
10157,19:31:39.348,2063,0.0076,1.6625
10158,19:31:39.349,2088,0.0198,1.6826
10159,19:31:39.349,2081,0.0164,1.6770
10160,19:31:39.350,2078,0.0149,1.6746
10161,19:31:39.350,2050,0.0012,1.6520
10162,19:31:39.351,2092,0.0217,1.6859
10163,19:31:39.351,2063,0.0076,1.6625
10164,19:31:39.352,2081,0.0164,1.6770
10165,19:31:39.352,2054,0.0032,1.6552
10166,19:31:39.353,2064,0.0081,1.6633
10167,19:31:39.353,2084,0.0178,1.6794
10168,19:31:39.354,2076,0.0139,1.6730
10169,19:31:39.354,2080,0.0159,1.6762
10170,19:31:39.355,2045,-0.0012,1.6480
10171,19:31:39.355,2085,0.0183,1.6802
10172,19:31:39.356,2060,0.0061,1.6601
10173,19:31:39.356,2077,0.0144,1.6738
10174,19:31:39.357,2056,0.0042,1.6568
10175,19:31:39.357,2069,0.0105,1.6673
10176,19:31:39.358,2085,0.0183,1.6802
10177,19:31:39.358,2078,0.0149,1.6746
10178,19:31:39.359,2082,0.0168,1.6778
10179,19:31:39.359,2043,-0.0022,1.6464
10180,19:31:39.360,2083,0.0173,1.6786
10181,19:31:39.360,2058,0.0051,1.6585
10182,19:31:39.361,2072,0.0120,1.6697
10183,19:31:39.361,2060,0.0061,1.6601
10184,19:31:39.362,2070,0.0110,1.6681
10185,19:31:39.362,2088,0.0198,1.6826
10186,19:31:39.363,2075,0.0134,1.6722
10187,19:31:39.363,2084,0.0178,1.6794
10188,19:31:39.364,2042,-0.0027,1.6456
10189,19:31:39.364,2076,0.0139,1.6730
10190,19:31:39.365,2062,0.0071,1.6617
10191,19:31:39.365,2070,0.0110,1.6681
10192,19:31:39.366,2062,0.0071,1.6617
10193,19:31:39.366,2063,0.0076,1.6625
10194,19:31:39.367,2088,0.0198,1.6826
10195,19:31:39.367,2073,0.0125,1.6705
10196,19:31:39.368,2086,0.0188,1.6810
10197,19:31:39.368,2044,-0.0017,1.6472
10198,19:31:39.369,2067,0.0095,1.6657
10199,19:31:39.369,2069,0.0105,1.6673
10200,19:31:39.370,2066,0.0090,1.6649
10201,19:31:39.370,2066,0.0090,1.6649
10202,19:31:39.371,2062,0.0071,1.6617
10203,19:31:39.371,2091,0.0212,1.6851
10204,19:31:39.372,2068,0.0100,1.6665
10205,19:31:39.372,2092,0.0217,1.6859
10206,19:31:39.373,2046,-0.0007,1.6488
10207,19:31:39.373,2066,0.0090,1.6649
10208,19:31:39.374,2074,0.0129,1.6714
10209,19:31:39.374,2070,0.0110,1.6681
10210,19:31:39.375,2070,0.0110,1.6681
10211,19:31:39.375,2054,0.0032,1.6552
10212,19:31:39.376,2092,0.0217,1.6859
10213,19:31:39.376,2063,0.0076,1.6625
10214,19:31:39.377,2086,0.0188,1.6810
10215,19:31:39.377,2050,0.0012,1.6520
10216,19:31:39.378,2064,0.0081,1.6633
10217,19:31:39.378,2077,0.0144,1.6738
10218,19:31:39.379,2072,0.0120,1.6697
10219,19:31:39.379,2074,0.0129,1.6714
10220,19:31:39.380,2055,0.0037,1.6560
10221,19:31:39.380,2096,0.0237,1.6891
10222,19:31:39.381,2061,0.0066,1.6609
10223,19:31:39.381,2081,0.0164,1.6770
10224,19:31:39.382,2051,0.0017,1.6528
10225,19:31:39.382,2065,0.0085,1.6641
10226,19:31:39.383,2079,0.0154,1.6754
10227,19:31:39.383,2075,0.0134,1.6722
10228,19:31:39.384,2081,0.0164,1.6770
10229,19:31:39.384,2050,0.0012,1.6520
10230,19:31:39.385,2094,0.0227,1.6875
10231,19:31:39.385,2065,0.0085,1.6641
10232,19:31:39.386,2081,0.0164,1.6770
10233,19:31:39.386,2052,0.0022,1.6536
10234,19:31:39.387,2068,0.0100,1.6665
10235,19:31:39.387,2087,0.0193,1.6818
10236,19:31:39.388,2073,0.0125,1.6705
10237,19:31:39.388,2080,0.0159,1.6762
10238,19:31:39.389,2045,-0.0012,1.6480
10239,19:31:39.389,2092,0.0217,1.6859
10240,19:31:39.390,2062,0.0071,1.6617
10241,19:31:39.390,2075,0.0134,1.6722
10242,19:31:39.391,2060,0.0061,1.6601
10243,19:31:39.391,2067,0.0095,1.6657
10244,19:31:39.392,2088,0.0198,1.6826
10245,19:31:39.392,2076,0.0139,1.6730
10246,19:31:39.393,2082,0.0168,1.6778
10247,19:31:39.393,2050,0.0012,1.6520
10248,19:31:39.394,2084,0.0178,1.6794
10249,19:31:39.394,2063,0.0076,1.6625
10250,19:31:39.395,2073,0.0125,1.6705
10251,19:31:39.395,2063,0.0076,1.6625
10252,19:31:39.396,2072,0.0120,1.6697
10253,19:31:39.396,2087,0.0193,1.6818
10254,19:31:39.397,2073,0.0125,1.6705
10255,19:31:39.397,2083,0.0173,1.6786
10256,19:31:39.398,2049,0.0007,1.6512
10257,19:31:39.398,2081,0.0164,1.6770
10258,19:31:39.399,2065,0.0085,1.6641
10259,19:31:39.399,2071,0.0115,1.6689
10260,19:31:39.400,2065,0.0085,1.6641
10261,19:31:39.400,2070,0.0110,1.6681
10262,19:31:39.401,2087,0.0193,1.6818
10263,19:31:39.401,2076,0.0139,1.6730
10264,19:31:39.402,2086,0.0188,1.6810
10265,19:31:39.402,2051,0.0017,1.6528
10266,19:31:39.403,2069,0.0105,1.6673
10267,19:31:39.403,2069,0.0105,1.6673
10268,19:31:39.404,2066,0.0090,1.6649
10269,19:31:39.404,2070,0.0110,1.6681
10270,19:31:39.405,2069,0.0105,1.6673
10271,19:31:39.405,2091,0.0212,1.6851
10272,19:31:39.406,2069,0.0105,1.6673
10273,19:31:39.406,2083,0.0173,1.6786
10274,19:31:39.407,2049,0.0007,1.6512
10275,19:31:39.407,2069,0.0105,1.6673
10276,19:31:39.408,2072,0.0120,1.6697
10277,19:31:39.408,2066,0.0090,1.6649
10278,19:31:39.409,2070,0.0110,1.6681
10279,19:31:39.409,2064,0.0081,1.6633
10280,19:31:39.410,2091,0.0212,1.6851
10281,19:31:39.410,2071,0.0115,1.6689
10282,19:31:39.411,2082,0.0168,1.6778
10283,19:31:39.411,2050,0.0012,1.6520
10284,19:31:39.412,2064,0.0081,1.6633
10285,19:31:39.412,2076,0.0139,1.6730
10286,19:31:39.413,2067,0.0095,1.6657
10287,19:31:39.413,2077,0.0144,1.6738
10288,19:31:39.414,2059,0.0056,1.6593
10289,19:31:39.414,2092,0.0217,1.6859
10290,19:31:39.415,2066,0.0090,1.6649
10291,19:31:39.415,2082,0.0168,1.6778
10292,19:31:39.416,2053,0.0027,1.6544
10293,19:31:39.416,2062,0.0071,1.6617
10294,19:31:39.417,2076,0.0139,1.6730
10295,19:31:39.417,2066,0.0090,1.6649
10296,19:31:39.418,2074,0.0129,1.6714
10297,19:31:39.418,2053,0.0027,1.6544
10298,19:31:39.419,2093,0.0222,1.6867
10299,19:31:39.419,2064,0.0081,1.6633
10300,19:31:39.420,2078,0.0149,1.6746
10301,19:31:39.420,2055,0.0037,1.6560
10302,19:31:39.421,2066,0.0090,1.6649
10303,19:31:39.421,2083,0.0173,1.6786
10304,19:31:39.422,2067,0.0095,1.6657
10305,19:31:39.422,2081,0.0164,1.6770
10306,19:31:39.423,2053,0.0027,1.6544
10307,19:31:39.423,2085,0.0183,1.6802
10308,19:31:39.424,2062,0.0071,1.6617
10309,19:31:39.424,2078,0.0149,1.6746
10310,19:31:39.425,2059,0.0056,1.6593
10311,19:31:39.425,2067,0.0095,1.6657
10312,19:31:39.426,2084,0.0178,1.6794
10313,19:31:39.426,2072,0.0120,1.6697
10314,19:31:39.427,2079,0.0154,1.6754
10315,19:31:39.427,2049,0.0007,1.6512
10316,19:31:39.428,2087,0.0193,1.6818
10317,19:31:39.428,2058,0.0051,1.6585
10318,19:31:39.429,2070,0.0110,1.6681
10319,19:31:39.429,2063,0.0076,1.6625
10320,19:31:39.430,2067,0.0095,1.6657
10321,19:31:39.430,2090,0.0208,1.6842
10322,19:31:39.431,2071,0.0115,1.6689
10323,19:31:39.431,2085,0.0183,1.6802
10324,19:31:39.432,2048,0.0002,1.6504
10325,19:31:39.432,2084,0.0178,1.6794
10326,19:31:39.433,2062,0.0071,1.6617
10327,19:31:39.433,2068,0.0100,1.6665
10328,19:31:39.434,2066,0.0090,1.6649
10329,19:31:39.434,2072,0.0120,1.6697
10330,19:31:39.435,2093,0.0222,1.6867
10331,19:31:39.435,2069,0.0105,1.6673
10332,19:31:39.436,2084,0.0178,1.6794
10333,19:31:39.436,2051,0.0017,1.6528
10334,19:31:39.437,2079,0.0154,1.6754
10335,19:31:39.437,2066,0.0090,1.6649
10336,19:31:39.438,2064,0.0081,1.6633
10337,19:31:39.438,2067,0.0095,1.6657
10338,19:31:39.439,2068,0.0100,1.6665
10339,19:31:39.439,2092,0.0217,1.6859
10340,19:31:39.440,2069,0.0105,1.6673
10341,19:31:39.440,2083,0.0173,1.6786
10342,19:31:39.441,2054,0.0032,1.6552
10343,19:31:39.441,2072,0.0120,1.6697
10344,19:31:39.442,2067,0.0095,1.6657
10345,19:31:39.442,2066,0.0090,1.6649
10346,19:31:39.443,2070,0.0110,1.6681
10347,19:31:39.443,2069,0.0105,1.6673
10348,19:31:39.444,2091,0.0212,1.6851
10349,19:31:39.444,2066,0.0090,1.6649
10350,19:31:39.445,2079,0.0154,1.6754
10351,19:31:39.445,2057,0.0046,1.6577
10352,19:31:39.446,2070,0.0110,1.6681
10353,19:31:39.446,2074,0.0129,1.6714
10354,19:31:39.447,2063,0.0076,1.6625
10355,19:31:39.447,2074,0.0129,1.6714
10356,19:31:39.448,2070,0.0110,1.6681
10357,19:31:39.448,2086,0.0188,1.6810
10358,19:31:39.449,2071,0.0115,1.6689
10359,19:31:39.449,2072,0.0120,1.6697
10360,19:31:39.450,2069,0.0105,1.6673
10361,19:31:39.450,2069,0.0105,1.6673
10362,19:31:39.451,2074,0.0129,1.6714
10363,19:31:39.451,2065,0.0085,1.6641
10364,19:31:39.452,2072,0.0120,1.6697
10365,19:31:39.452,2075,0.0134,1.6722
10366,19:31:39.453,2081,0.0164,1.6770
10367,19:31:39.453,2071,0.0115,1.6689
10368,19:31:39.454,2068,0.0100,1.6665
10369,19:31:39.454,2075,0.0134,1.6722
10370,19:31:39.455,2074,0.0129,1.6714
10371,19:31:39.455,2066,0.0090,1.6649
10372,19:31:39.456,2061,0.0066,1.6609
10373,19:31:39.456,2070,0.0110,1.6681
10374,19:31:39.457,2080,0.0159,1.6762
10375,19:31:39.457,2076,0.0139,1.6730
10376,19:31:39.458,2062,0.0071,1.6617
10377,19:31:39.458,2066,0.0090,1.6649
10378,19:31:39.459,2075,0.0134,1.6722
10379,19:31:39.459,2074,0.0129,1.6714
10380,19:31:39.460,2069,0.0105,1.6673
10381,19:31:39.460,2061,0.0066,1.6609
10382,19:31:39.461,2072,0.0120,1.6697
10383,19:31:39.461,2083,0.0173,1.6786
10384,19:31:39.462,2073,0.0125,1.6705
10385,19:31:39.462,2065,0.0085,1.6641
10386,19:31:39.463,2063,0.0076,1.6625
10387,19:31:39.463,2077,0.0144,1.6738
10388,19:31:39.464,2079,0.0154,1.6754
10389,19:31:39.464,2068,0.0100,1.6665
10390,19:31:39.465,2064,0.0081,1.6633
10391,19:31:39.465,2072,0.0120,1.6697
10392,19:31:39.466,2083,0.0173,1.6786
10393,19:31:39.466,2072,0.0120,1.6697
10394,19:31:39.467,2061,0.0066,1.6609
10395,19:31:39.467,2066,0.0090,1.6649
10396,19:31:39.468,2076,0.0139,1.6730
10397,19:31:39.468,2081,0.0164,1.6770
10398,19:31:39.469,2062,0.0071,1.6617
10399,19:31:39.469,2063,0.0076,1.6625
10400,19:31:39.470,2077,0.0144,1.6738
10401,19:31:39.470,2084,0.0178,1.6794
10402,19:31:39.471,2067,0.0095,1.6657
10403,19:31:39.471,2060,0.0061,1.6601
10404,19:31:39.472,2066,0.0090,1.6649
10405,19:31:39.472,2079,0.0154,1.6754
10406,19:31:39.473,2083,0.0173,1.6786
10407,19:31:39.473,2064,0.0081,1.6633
10408,19:31:39.474,2060,0.0061,1.6601
10409,19:31:39.474,2074,0.0129,1.6714
10410,19:31:39.475,2085,0.0183,1.6802
10411,19:31:39.475,2071,0.0115,1.6689
10412,19:31:39.476,2061,0.0066,1.6609
10413,19:31:39.476,2067,0.0095,1.6657
10414,19:31:39.477,2078,0.0149,1.6746
10415,19:31:39.477,2082,0.0168,1.6778
10416,19:31:39.478,2066,0.0090,1.6649
10417,19:31:39.478,2060,0.0061,1.6601
10418,19:31:39.479,2071,0.0115,1.6689
10419,19:31:39.479,2081,0.0164,1.6770
10420,19:31:39.480,2071,0.0115,1.6689
10421,19:31:39.480,2061,0.0066,1.6609
10422,19:31:39.481,2066,0.0090,1.6649
10423,19:31:39.481,2074,0.0129,1.6714
10424,19:31:39.482,2084,0.0178,1.6794
10425,19:31:39.482,2066,0.0090,1.6649
10426,19:31:39.483,2061,0.0066,1.6609
10427,19:31:39.483,2069,0.0105,1.6673
10428,19:31:39.484,2080,0.0159,1.6762
10429,19:31:39.484,2070,0.0110,1.6681
10430,19:31:39.485,2063,0.0076,1.6625
10431,19:31:39.485,2066,0.0090,1.6649
10432,19:31:39.486,2075,0.0134,1.6722
10433,19:31:39.486,2083,0.0173,1.6786
10434,19:31:39.487,2073,0.0125,1.6705
10435,19:31:39.487,2062,0.0071,1.6617
10436,19:31:39.488,2067,0.0095,1.6657
10437,19:31:39.488,2082,0.0168,1.6778
10438,19:31:39.489,2069,0.0105,1.6673
10439,19:31:39.489,2067,0.0095,1.6657
10440,19:31:39.490,2064,0.0081,1.6633
10441,19:31:39.490,2077,0.0144,1.6738
10442,19:31:39.491,2078,0.0149,1.6746
10443,19:31:39.491,2072,0.0120,1.6697
10444,19:31:39.492,2062,0.0071,1.6617
10445,19:31:39.492,2066,0.0090,1.6649
10446,19:31:39.493,2081,0.0164,1.6770
10447,19:31:39.493,2076,0.0139,1.6730
10448,19:31:39.494,2067,0.0095,1.6657
10449,19:31:39.494,2066,0.0090,1.6649
10450,19:31:39.495,2078,0.0149,1.6746
10451,19:31:39.495,2077,0.0144,1.6738
10452,19:31:39.496,2074,0.0129,1.6714
10453,19:31:39.496,2062,0.0071,1.6617
10454,19:31:39.497,2080,0.0159,1.6762
10455,19:31:39.497,2066,0.0090,1.6649
10456,19:31:39.498,2085,0.0183,1.6802
10457,19:31:39.498,2059,0.0056,1.6593
10458,19:31:39.499,2057,0.0046,1.6577
10459,19:31:39.499,2075,0.0134,1.6722
10460,19:31:39.500,2070,0.0110,1.6681
10461,19:31:39.500,2092,0.0217,1.6859
10462,19:31:39.501,2051,0.0017,1.6528
10463,19:31:39.501,2074,0.0129,1.6714
10464,19:31:39.502,2076,0.0139,1.6730
10465,19:31:39.502,2089,0.0203,1.6834
10466,19:31:39.503,2054,0.0032,1.6552
10467,19:31:39.503,2045,-0.0012,1.6480
10468,19:31:39.504,2086,0.0188,1.6810
10469,19:31:39.504,2077,0.0144,1.6738
10470,19:31:39.505,2086,0.0188,1.6810
10471,19:31:39.505,2053,0.0027,1.6544
10472,19:31:39.506,2062,0.0071,1.6617
10473,19:31:39.506,2082,0.0168,1.6778
10474,19:31:39.507,2085,0.0183,1.6802
10475,19:31:39.507,2062,0.0071,1.6617
10476,19:31:39.508,2052,0.0022,1.6536
10477,19:31:39.508,2081,0.0164,1.6770
10478,19:31:39.509,2085,0.0183,1.6802
10479,19:31:39.509,2080,0.0159,1.6762
10480,19:31:39.510,2051,0.0017,1.6528
10481,19:31:39.510,2054,0.0032,1.6552
10482,19:31:39.511,2074,0.0129,1.6714
10483,19:31:39.511,2087,0.0193,1.6818
10484,19:31:39.512,2061,0.0066,1.6609
10485,19:31:39.512,2052,0.0022,1.6536
10486,19:31:39.513,2080,0.0159,1.6762
10487,19:31:39.513,2089,0.0203,1.6834
10488,19:31:39.514,2083,0.0173,1.6786
10489,19:31:39.514,2054,0.0032,1.6552
10490,19:31:39.515,2049,0.0007,1.6512
10491,19:31:39.515,2072,0.0120,1.6697
10492,19:31:39.516,2086,0.0188,1.6810
10493,19:31:39.516,2067,0.0095,1.6657
10494,19:31:39.517,2052,0.0022,1.6536
10495,19:31:39.517,2083,0.0173,1.6786
10496,19:31:39.518,2095,0.0232,1.6883
10497,19:31:39.518,2078,0.0149,1.6746
10498,19:31:39.519,2055,0.0037,1.6560
10499,19:31:39.519,2045,-0.0012,1.6480
10500,19:31:39.520,2073,0.0125,1.6705
10501,19:31:39.520,2082,0.0168,1.6778
10502,19:31:39.521,2070,0.0110,1.6681
10503,19:31:39.521,2054,0.0032,1.6552
10504,19:31:39.522,2078,0.0149,1.6746
10505,19:31:39.522,2096,0.0237,1.6891
10506,19:31:39.523,2080,0.0159,1.6762
10507,19:31:39.523,2053,0.0027,1.6544
10508,19:31:39.524,2045,-0.0012,1.6480
10509,19:31:39.524,2075,0.0134,1.6722
10510,19:31:39.525,2081,0.0164,1.6770
10511,19:31:39.525,2073,0.0125,1.6705
10512,19:31:39.526,2049,0.0007,1.6512
10513,19:31:39.526,2078,0.0149,1.6746
10514,19:31:39.527,2091,0.0212,1.6851
10515,19:31:39.527,2079,0.0154,1.6754
10516,19:31:39.528,2053,0.0027,1.6544
10517,19:31:39.528,2049,0.0007,1.6512
10518,19:31:39.529,2078,0.0149,1.6746
10519,19:31:39.529,2080,0.0159,1.6762
10520,19:31:39.530,2078,0.0149,1.6746
10521,19:31:39.530,2050,0.0012,1.6520
10522,19:31:39.531,2078,0.0149,1.6746
10523,19:31:39.531,2088,0.0198,1.6826
10524,19:31:39.532,2084,0.0178,1.6794
10525,19:31:39.532,2051,0.0017,1.6528
10526,19:31:39.533,2050,0.0012,1.6520
10527,19:31:39.533,2075,0.0134,1.6722
10528,19:31:39.534,2079,0.0154,1.6754
10529,19:31:39.534,2082,0.0168,1.6778
10530,19:31:39.535,2053,0.0027,1.6544
10531,19:31:39.535,2075,0.0134,1.6722
10532,19:31:39.536,2083,0.0173,1.6786
10533,19:31:39.536,2084,0.0178,1.6794
10534,19:31:39.537,2051,0.0017,1.6528
10535,19:31:39.537,2052,0.0022,1.6536
10536,19:31:39.538,2073,0.0125,1.6705
10537,19:31:39.538,2082,0.0168,1.6778
10538,19:31:39.539,2081,0.0164,1.6770
10539,19:31:39.539,2053,0.0027,1.6544
10540,19:31:39.540,2071,0.0115,1.6689
10541,19:31:39.540,2081,0.0164,1.6770
10542,19:31:39.541,2085,0.0183,1.6802
10543,19:31:39.541,2056,0.0042,1.6568
10544,19:31:39.542,2059,0.0056,1.6593
10545,19:31:39.542,2072,0.0120,1.6697
10546,19:31:39.543,2083,0.0173,1.6786
10547,19:31:39.543,2079,0.0154,1.6754
10548,19:31:39.544,2057,0.0046,1.6577
10549,19:31:39.544,2062,0.0071,1.6617
10550,19:31:39.545,2079,0.0154,1.6754
10551,19:31:39.545,2087,0.0193,1.6818
10552,19:31:39.546,2065,0.0085,1.6641
10553,19:31:39.546,2059,0.0056,1.6593
10554,19:31:39.547,2076,0.0139,1.6730
10555,19:31:39.547,2084,0.0178,1.6794
10556,19:31:39.548,2078,0.0149,1.6746
10557,19:31:39.548,2057,0.0046,1.6577
10558,19:31:39.549,2061,0.0066,1.6609
10559,19:31:39.549,2074,0.0129,1.6714
10560,19:31:39.550,2082,0.0168,1.6778
10561,19:31:39.550,2070,0.0110,1.6681
10562,19:31:39.551,2062,0.0071,1.6617
10563,19:31:39.551,2080,0.0159,1.6762
10564,19:31:39.552,2089,0.0203,1.6834
10565,19:31:39.552,2077,0.0144,1.6738
10566,19:31:39.553,2060,0.0061,1.6601
10567,19:31:39.553,2056,0.0042,1.6568
10568,19:31:39.554,2074,0.0129,1.6714
10569,19:31:39.554,2081,0.0164,1.6770
10570,19:31:39.555,2071,0.0115,1.6689
10571,19:31:39.555,2060,0.0061,1.6601
10572,19:31:39.556,2083,0.0173,1.6786
10573,19:31:39.556,2093,0.0222,1.6867
10574,19:31:39.557,2077,0.0144,1.6738
10575,19:31:39.557,2063,0.0076,1.6625
10576,19:31:39.558,2048,0.0002,1.6504
10577,19:31:39.558,2070,0.0110,1.6681
10578,19:31:39.559,2080,0.0159,1.6762
10579,19:31:39.559,2078,0.0149,1.6746
10580,19:31:39.560,2061,0.0066,1.6609
10581,19:31:39.560,2082,0.0168,1.6778
10582,19:31:39.561,2093,0.0222,1.6867
10583,19:31:39.561,2078,0.0149,1.6746
10584,19:31:39.562,2058,0.0051,1.6585
10585,19:31:39.562,2050,0.0012,1.6520
10586,19:31:39.563,2069,0.0105,1.6673
10587,19:31:39.563,2081,0.0164,1.6770
10588,19:31:39.564,2078,0.0149,1.6746
10589,19:31:39.564,2055,0.0037,1.6560
10590,19:31:39.565,2080,0.0159,1.6762
10591,19:31:39.565,2088,0.0198,1.6826
10592,19:31:39.566,2081,0.0164,1.6770
10593,19:31:39.566,2063,0.0076,1.6625
10594,19:31:39.567,2051,0.0017,1.6528
10595,19:31:39.567,2068,0.0100,1.6665
10596,19:31:39.568,2075,0.0134,1.6722
10597,19:31:39.568,2079,0.0154,1.6754
10598,19:31:39.569,2058,0.0051,1.6585
10599,19:31:39.569,2070,0.0110,1.6681
10600,19:31:39.570,2083,0.0173,1.6786
10601,19:31:39.570,2083,0.0173,1.6786
10602,19:31:39.571,2064,0.0081,1.6633
10603,19:31:39.571,2050,0.0012,1.6520
10604,19:31:39.572,2066,0.0090,1.6649
10605,19:31:39.572,2079,0.0154,1.6754
10606,19:31:39.573,2084,0.0178,1.6794
10607,19:31:39.573,2055,0.0037,1.6560
10608,19:31:39.574,2068,0.0100,1.6665
10609,19:31:39.574,2079,0.0154,1.6754
10610,19:31:39.575,2084,0.0178,1.6794
10611,19:31:39.575,2065,0.0085,1.6641
10612,19:31:39.576,2055,0.0037,1.6560
10613,19:31:39.576,2067,0.0095,1.6657
10614,19:31:39.577,2079,0.0154,1.6754
10615,19:31:39.577,2078,0.0149,1.6746
10616,19:31:39.578,2057,0.0046,1.6577
10617,19:31:39.578,2064,0.0081,1.6633
10618,19:31:39.579,2071,0.0115,1.6689
10619,19:31:39.579,2084,0.0178,1.6794
10620,19:31:39.580,2063,0.0076,1.6625
10621,19:31:39.580,2060,0.0061,1.6601
10622,19:31:39.581,2070,0.0110,1.6681
10623,19:31:39.581,2079,0.0154,1.6754
10624,19:31:39.582,2078,0.0149,1.6746
10625,19:31:39.582,2055,0.0037,1.6560
10626,19:31:39.583,2059,0.0056,1.6593
10627,19:31:39.583,2071,0.0115,1.6689
10628,19:31:39.584,2079,0.0154,1.6754
10629,19:31:39.584,2069,0.0105,1.6673
10630,19:31:39.585,2065,0.0085,1.6641
10631,19:31:39.585,2070,0.0110,1.6681
10632,19:31:39.586,2082,0.0168,1.6778
10633,19:31:39.586,2077,0.0144,1.6738
10634,19:31:39.587,2060,0.0061,1.6601
10635,19:31:39.587,2054,0.0032,1.6552
10636,19:31:39.588,2067,0.0095,1.6657
10637,19:31:39.588,2080,0.0159,1.6762
10638,19:31:39.589,2071,0.0115,1.6689
10639,19:31:39.589,2065,0.0085,1.6641
10640,19:31:39.590,2075,0.0134,1.6722
10641,19:31:39.590,2082,0.0168,1.6778
10642,19:31:39.591,2076,0.0139,1.6730
10643,19:31:39.591,2062,0.0071,1.6617
10644,19:31:39.592,2052,0.0022,1.6536
10645,19:31:39.592,2063,0.0076,1.6625
10646,19:31:39.593,2083,0.0173,1.6786
10647,19:31:39.593,2073,0.0125,1.6705
10648,19:31:39.594,2062,0.0071,1.6617
10649,19:31:39.594,2076,0.0139,1.6730
10650,19:31:39.595,2082,0.0168,1.6778
10651,19:31:39.595,2077,0.0144,1.6738
10652,19:31:39.596,2060,0.0061,1.6601
10653,19:31:39.596,2055,0.0037,1.6560
10654,19:31:39.597,2063,0.0076,1.6625
10655,19:31:39.597,2076,0.0139,1.6730
10656,19:31:39.598,2078,0.0149,1.6746
10657,19:31:39.598,2066,0.0090,1.6649
10658,19:31:39.599,2075,0.0134,1.6722
10659,19:31:39.599,2081,0.0164,1.6770
10660,19:31:39.600,2081,0.0164,1.6770
10661,19:31:39.600,2067,0.0095,1.6657
10662,19:31:39.601,2052,0.0022,1.6536
10663,19:31:39.601,2065,0.0085,1.6641
10664,19:31:39.602,2076,0.0139,1.6730
10665,19:31:39.602,2080,0.0159,1.6762
10666,19:31:39.603,2064,0.0081,1.6633
10667,19:31:39.603,2072,0.0120,1.6697
10668,19:31:39.604,2082,0.0168,1.6778
10669,19:31:39.604,2078,0.0149,1.6746
10670,19:31:39.605,2068,0.0100,1.6665
10671,19:31:39.605,2056,0.0042,1.6568
10672,19:31:39.606,2063,0.0076,1.6625
10673,19:31:39.606,2075,0.0134,1.6722
10674,19:31:39.607,2083,0.0173,1.6786
10675,19:31:39.607,2061,0.0066,1.6609
10676,19:31:39.608,2069,0.0105,1.6673
10677,19:31:39.608,2076,0.0139,1.6730
10678,19:31:39.609,2078,0.0149,1.6746
10679,19:31:39.609,2069,0.0105,1.6673
10680,19:31:39.610,2056,0.0042,1.6568
10681,19:31:39.610,2062,0.0071,1.6617
10682,19:31:39.611,2076,0.0139,1.6730
10683,19:31:39.611,2080,0.0159,1.6762
10684,19:31:39.612,2059,0.0056,1.6593
10685,19:31:39.612,2069,0.0105,1.6673
10686,19:31:39.613,2075,0.0134,1.6722
10687,19:31:39.613,2078,0.0149,1.6746
10688,19:31:39.614,2071,0.0115,1.6689
10689,19:31:39.614,2062,0.0071,1.6617
10690,19:31:39.615,2064,0.0081,1.6633
10691,19:31:39.615,2077,0.0144,1.6738
10692,19:31:39.616,2080,0.0159,1.6762
10693,19:31:39.616,2062,0.0071,1.6617
10694,19:31:39.617,2065,0.0085,1.6641
10695,19:31:39.617,2072,0.0120,1.6697
10696,19:31:39.618,2078,0.0149,1.6746
10697,19:31:39.618,2072,0.0120,1.6697
10698,19:31:39.619,2064,0.0081,1.6633
10699,19:31:39.619,2066,0.0090,1.6649
10700,19:31:39.620,2077,0.0144,1.6738
10701,19:31:39.620,2077,0.0144,1.6738
10702,19:31:39.621,2065,0.0085,1.6641
10703,19:31:39.621,2059,0.0056,1.6593
10704,19:31:39.622,2068,0.0100,1.6665
10705,19:31:39.622,2078,0.0149,1.6746
10706,19:31:39.623,2071,0.0115,1.6689
10707,19:31:39.623,2069,0.0105,1.6673
10708,19:31:39.624,2069,0.0105,1.6673
10709,19:31:39.624,2076,0.0139,1.6730
10710,19:31:39.625,2076,0.0139,1.6730
10711,19:31:39.625,2066,0.0090,1.6649
10712,19:31:39.626,2060,0.0061,1.6601
10713,19:31:39.626,2063,0.0076,1.6625
10714,19:31:39.627,2079,0.0154,1.6754
10715,19:31:39.627,2072,0.0120,1.6697
10716,19:31:39.628,2067,0.0095,1.6657
10717,19:31:39.628,2073,0.0125,1.6705
10718,19:31:39.629,2078,0.0149,1.6746
10719,19:31:39.629,2075,0.0134,1.6722
10720,19:31:39.630,2065,0.0085,1.6641
10721,19:31:39.630,2057,0.0046,1.6577
10722,19:31:39.631,2064,0.0081,1.6633
10723,19:31:39.631,2076,0.0139,1.6730
10724,19:31:39.632,2072,0.0120,1.6697
10725,19:31:39.632,2069,0.0105,1.6673
10726,19:31:39.633,2073,0.0125,1.6705
10727,19:31:39.633,2079,0.0154,1.6754
10728,19:31:39.634,2076,0.0139,1.6730
10729,19:31:39.634,2070,0.0110,1.6681
10730,19:31:39.635,2059,0.0056,1.6593
10731,19:31:39.635,2058,0.0051,1.6585
10732,19:31:39.636,2075,0.0134,1.6722
10733,19:31:39.636,2076,0.0139,1.6730
10734,19:31:39.637,2070,0.0110,1.6681
10735,19:31:39.637,2072,0.0120,1.6697
10736,19:31:39.638,2076,0.0139,1.6730
10737,19:31:39.638,2075,0.0134,1.6722
10738,19:31:39.639,2069,0.0105,1.6673
10739,19:31:39.639,2059,0.0056,1.6593
10740,19:31:39.640,2059,0.0056,1.6593
10741,19:31:39.640,2075,0.0134,1.6722
10742,19:31:39.641,2076,0.0139,1.6730
10743,19:31:39.641,2067,0.0095,1.6657
10744,19:31:39.642,2073,0.0125,1.6705
10745,19:31:39.642,2074,0.0129,1.6714
10746,19:31:39.643,2080,0.0159,1.6762
10747,19:31:39.643,2072,0.0120,1.6697
10748,19:31:39.644,2062,0.0071,1.6617
10749,19:31:39.644,2061,0.0066,1.6609
10750,19:31:39.645,2071,0.0115,1.6689
10751,19:31:39.645,2079,0.0154,1.6754
10752,19:31:39.646,2066,0.0090,1.6649
10753,19:31:39.646,2071,0.0115,1.6689
10754,19:31:39.647,2075,0.0134,1.6722
10755,19:31:39.647,2078,0.0149,1.6746
10756,19:31:39.648,2074,0.0129,1.6714
10757,19:31:39.648,2062,0.0071,1.6617
10758,19:31:39.649,2065,0.0085,1.6641
10759,19:31:39.649,2071,0.0115,1.6689
10760,19:31:39.650,2082,0.0168,1.6778
10761,19:31:39.650,2064,0.0081,1.6633
10762,19:31:39.651,2067,0.0095,1.6657
10763,19:31:39.651,2071,0.0115,1.6689
10764,19:31:39.652,2077,0.0144,1.6738
10765,19:31:39.652,2073,0.0125,1.6705
10766,19:31:39.653,2062,0.0071,1.6617
10767,19:31:39.653,2066,0.0090,1.6649
10768,19:31:39.654,2069,0.0105,1.6673
10769,19:31:39.654,2082,0.0168,1.6778
10770,19:31:39.655,2061,0.0066,1.6609
10771,19:31:39.655,2068,0.0100,1.6665
10772,19:31:39.656,2068,0.0100,1.6665
10773,19:31:39.656,2080,0.0159,1.6762
10774,19:31:39.657,2073,0.0125,1.6705
10775,19:31:39.657,2069,0.0105,1.6673
10776,19:31:39.658,2069,0.0105,1.6673
10777,19:31:39.658,2072,0.0120,1.6697
10778,19:31:39.659,2082,0.0168,1.6778
10779,19:31:39.659,2065,0.0085,1.6641
10780,19:31:39.660,2064,0.0081,1.6633
10781,19:31:39.660,2062,0.0071,1.6617
10782,19:31:39.661,2076,0.0139,1.6730
10783,19:31:39.661,2073,0.0125,1.6705
10784,19:31:39.662,2074,0.0129,1.6714
10785,19:31:39.662,2071,0.0115,1.6689
10786,19:31:39.663,2073,0.0125,1.6705
10787,19:31:39.663,2078,0.0149,1.6746
10788,19:31:39.664,2070,0.0110,1.6681
10789,19:31:39.664,2065,0.0085,1.6641
10790,19:31:39.665,2060,0.0061,1.6601
10791,19:31:39.665,2078,0.0149,1.6746
10792,19:31:39.666,2071,0.0115,1.6689
10793,19:31:39.666,2074,0.0129,1.6714
10794,19:31:39.667,2073,0.0125,1.6705
10795,19:31:39.667,2074,0.0129,1.6714
10796,19:31:39.668,2078,0.0149,1.6746
10797,19:31:39.668,2069,0.0105,1.6673
10798,19:31:39.669,2062,0.0071,1.6617
10799,19:31:39.669,2060,0.0061,1.6601
10800,19:31:39.670,2076,0.0139,1.6730
10801,19:31:39.670,2071,0.0115,1.6689
10802,19:31:39.671,2079,0.0154,1.6754
10803,19:31:39.671,2072,0.0120,1.6697
10804,19:31:39.672,2073,0.0125,1.6705
10805,19:31:39.672,2074,0.0129,1.6714
10806,19:31:39.673,2069,0.0105,1.6673
10807,19:31:39.673,2066,0.0090,1.6649
10808,19:31:39.674,2057,0.0046,1.6577
10809,19:31:39.674,2072,0.0120,1.6697
10810,19:31:39.675,2074,0.0129,1.6714
10811,19:31:39.675,2079,0.0154,1.6754
10812,19:31:39.676,2071,0.0115,1.6689
10813,19:31:39.676,2072,0.0120,1.6697
10814,19:31:39.677,2075,0.0134,1.6722
10815,19:31:39.677,2076,0.0139,1.6730
10816,19:31:39.678,2066,0.0090,1.6649
10817,19:31:39.678,2054,0.0032,1.6552
10818,19:31:39.679,2072,0.0120,1.6697
10819,19:31:39.679,2076,0.0139,1.6730
10820,19:31:39.680,2073,0.0125,1.6705
10821,19:31:39.680,2071,0.0115,1.6689
10822,19:31:39.681,2071,0.0115,1.6689
10823,19:31:39.681,2076,0.0139,1.6730
10824,19:31:39.682,2073,0.0125,1.6705
10825,19:31:39.682,2068,0.0100,1.6665
10826,19:31:39.683,2060,0.0061,1.6601
10827,19:31:39.683,2070,0.0110,1.6681
10828,19:31:39.684,2075,0.0134,1.6722
10829,19:31:39.684,2071,0.0115,1.6689
10830,19:31:39.685,2069,0.0105,1.6673
10831,19:31:39.685,2071,0.0115,1.6689
10832,19:31:39.686,2072,0.0120,1.6697
10833,19:31:39.686,2074,0.0129,1.6714
10834,19:31:39.687,2069,0.0105,1.6673
10835,19:31:39.687,2061,0.0066,1.6609
10836,19:31:39.688,2073,0.0125,1.6705
10837,19:31:39.688,2078,0.0149,1.6746
10838,19:31:39.689,2069,0.0105,1.6673
10839,19:31:39.689,2071,0.0115,1.6689
10840,19:31:39.690,2065,0.0085,1.6641
10841,19:31:39.690,2077,0.0144,1.6738
10842,19:31:39.691,2074,0.0129,1.6714
10843,19:31:39.691,2070,0.0110,1.6681
10844,19:31:39.692,2066,0.0090,1.6649
10845,19:31:39.692,2069,0.0105,1.6673
10846,19:31:39.693,2079,0.0154,1.6754
10847,19:31:39.693,2071,0.0115,1.6689
10848,19:31:39.694,2067,0.0095,1.6657
10849,19:31:39.694,2064,0.0081,1.6633
10850,19:31:39.695,2076,0.0139,1.6730
10851,19:31:39.695,2073,0.0125,1.6705
10852,19:31:39.696,2072,0.0120,1.6697
10853,19:31:39.696,2065,0.0085,1.6641
10854,19:31:39.697,2072,0.0120,1.6697
10855,19:31:39.697,2081,0.0164,1.6770
10856,19:31:39.698,2072,0.0120,1.6697
10857,19:31:39.698,2070,0.0110,1.6681
10858,19:31:39.699,2058,0.0051,1.6585
10859,19:31:39.699,2076,0.0139,1.6730
10860,19:31:39.700,2068,0.0100,1.6665
10861,19:31:39.700,2075,0.0134,1.6722
10862,19:31:39.701,2068,0.0100,1.6665
10863,19:31:39.701,2072,0.0120,1.6697
10864,19:31:39.702,2082,0.0168,1.6778
10865,19:31:39.702,2072,0.0120,1.6697
10866,19:31:39.703,2070,0.0110,1.6681
10867,19:31:39.703,2057,0.0046,1.6577
10868,19:31:39.704,2069,0.0105,1.6673
10869,19:31:39.704,2067,0.0095,1.6657
10870,19:31:39.705,2077,0.0144,1.6738
10871,19:31:39.705,2070,0.0110,1.6681
10872,19:31:39.706,2074,0.0129,1.6714
10873,19:31:39.706,2076,0.0139,1.6730
10874,19:31:39.707,2071,0.0115,1.6689
10875,19:31:39.707,2071,0.0115,1.6689
10876,19:31:39.708,2057,0.0046,1.6577
10877,19:31:39.708,2069,0.0105,1.6673
10878,19:31:39.709,2070,0.0110,1.6681
10879,19:31:39.709,2077,0.0144,1.6738
10880,19:31:39.710,2078,0.0149,1.6746
10881,19:31:39.710,2065,0.0085,1.6641
10882,19:31:39.711,2080,0.0159,1.6762
10883,19:31:39.711,2068,0.0100,1.6665
10884,19:31:39.712,2070,0.0110,1.6681
10885,19:31:39.712,2060,0.0061,1.6601
10886,19:31:39.713,2068,0.0100,1.6665
10887,19:31:39.713,2073,0.0125,1.6705
10888,19:31:39.714,2072,0.0120,1.6697
10889,19:31:39.714,2082,0.0168,1.6778
10890,19:31:39.715,2070,0.0110,1.6681
10891,19:31:39.715,2072,0.0120,1.6697
10892,19:31:39.716,2072,0.0120,1.6697
10893,19:31:39.716,2071,0.0115,1.6689
10894,19:31:39.717,2069,0.0105,1.6673
10895,19:31:39.717,2064,0.0081,1.6633
10896,19:31:39.718,2074,0.0129,1.6714
10897,19:31:39.718,2070,0.0110,1.6681
10898,19:31:39.719,2072,0.0120,1.6697
10899,19:31:39.719,2064,0.0081,1.6633
10900,19:31:39.720,2062,0.0071,1.6617
10901,19:31:39.720,2077,0.0144,1.6738
10902,19:31:39.721,2074,0.0129,1.6714
10903,19:31:39.721,2063,0.0076,1.6625
10904,19:31:39.722,2062,0.0071,1.6617
10905,19:31:39.722,2079,0.0154,1.6754
10906,19:31:39.723,2072,0.0120,1.6697
10907,19:31:39.723,2071,0.0115,1.6689
10908,19:31:39.724,2060,0.0061,1.6601
10909,19:31:39.724,2064,0.0081,1.6633
10910,19:31:39.725,2076,0.0139,1.6730
10911,19:31:39.725,2073,0.0125,1.6705
10912,19:31:39.726,2065,0.0085,1.6641
10913,19:31:39.726,2065,0.0085,1.6641
10914,19:31:39.727,2075,0.0134,1.6722
10915,19:31:39.727,2075,0.0134,1.6722
10916,19:31:39.728,2070,0.0110,1.6681
10917,19:31:39.728,2064,0.0081,1.6633
10918,19:31:39.729,2062,0.0071,1.6617
10919,19:31:39.729,2075,0.0134,1.6722
10920,19:31:39.730,2077,0.0144,1.6738
10921,19:31:39.730,2065,0.0085,1.6641
10922,19:31:39.731,2065,0.0085,1.6641
10923,19:31:39.731,2076,0.0139,1.6730
10924,19:31:39.732,2080,0.0159,1.6762
10925,19:31:39.732,2070,0.0110,1.6681
10926,19:31:39.733,2064,0.0081,1.6633
10927,19:31:39.733,2066,0.0090,1.6649
10928,19:31:39.734,2080,0.0159,1.6762
10929,19:31:39.734,2077,0.0144,1.6738
10930,19:31:39.735,2069,0.0105,1.6673
10931,19:31:39.735,2064,0.0081,1.6633
10932,19:31:39.736,2072,0.0120,1.6697
10933,19:31:39.736,2081,0.0164,1.6770
10934,19:31:39.737,2072,0.0120,1.6697
10935,19:31:39.737,2060,0.0061,1.6601
10936,19:31:39.738,2065,0.0085,1.6641
10937,19:31:39.738,2077,0.0144,1.6738
10938,19:31:39.739,2080,0.0159,1.6762
10939,19:31:39.739,2070,0.0110,1.6681
10940,19:31:39.740,2063,0.0076,1.6625
10941,19:31:39.740,2074,0.0129,1.6714
10942,19:31:39.741,2077,0.0144,1.6738
10943,19:31:39.741,2068,0.0100,1.6665
10944,19:31:39.742,2060,0.0061,1.6601
10945,19:31:39.742,2063,0.0076,1.6625
10946,19:31:39.743,2075,0.0134,1.6722
10947,19:31:39.743,2078,0.0149,1.6746
10948,19:31:39.744,2072,0.0120,1.6697
10949,19:31:39.744,2063,0.0076,1.6625
10950,19:31:39.745,2070,0.0110,1.6681
10951,19:31:39.745,2077,0.0144,1.6738
10952,19:31:39.746,2072,0.0120,1.6697
10953,19:31:39.746,2060,0.0061,1.6601
10954,19:31:39.747,2067,0.0095,1.6657
10955,19:31:39.747,2078,0.0149,1.6746
10956,19:31:39.748,2079,0.0154,1.6754
10957,19:31:39.748,2067,0.0095,1.6657
10958,19:31:39.749,2062,0.0071,1.6617
10959,19:31:39.749,2071,0.0115,1.6689
10960,19:31:39.750,2077,0.0144,1.6738
10961,19:31:39.750,2073,0.0125,1.6705
10962,19:31:39.751,2060,0.0061,1.6601
10963,19:31:39.751,2064,0.0081,1.6633
10964,19:31:39.752,2077,0.0144,1.6738
10965,19:31:39.752,2081,0.0164,1.6770
10966,19:31:39.753,2070,0.0110,1.6681
10967,19:31:39.753,2061,0.0066,1.6609
10968,19:31:39.754,2067,0.0095,1.6657
10969,19:31:39.754,2076,0.0139,1.6730
10970,19:31:39.755,2072,0.0120,1.6697
10971,19:31:39.755,2060,0.0061,1.6601
10972,19:31:39.756,2062,0.0071,1.6617
10973,19:31:39.756,2072,0.0120,1.6697
10974,19:31:39.757,2079,0.0154,1.6754
10975,19:31:39.757,2071,0.0115,1.6689
10976,19:31:39.758,2061,0.0066,1.6609
10977,19:31:39.758,2067,0.0095,1.6657
10978,19:31:39.759,2077,0.0144,1.6738
10979,19:31:39.759,2073,0.0125,1.6705
10980,19:31:39.760,2065,0.0085,1.6641
10981,19:31:39.760,2065,0.0085,1.6641
10982,19:31:39.761,2073,0.0125,1.6705
10983,19:31:39.761,2080,0.0159,1.6762
10984,19:31:39.762,2073,0.0125,1.6705
10985,19:31:39.762,2062,0.0071,1.6617
10986,19:31:39.763,2064,0.0081,1.6633
10987,19:31:39.763,2077,0.0144,1.6738
10988,19:31:39.764,2074,0.0129,1.6714
10989,19:31:39.764,2064,0.0081,1.6633
10990,19:31:39.765,2063,0.0076,1.6625
10991,19:31:39.765,2073,0.0125,1.6705
10992,19:31:39.766,2075,0.0134,1.6722
10993,19:31:39.766,2074,0.0129,1.6714
10994,19:31:39.767,2061,0.0066,1.6609
10995,19:31:39.767,2064,0.0081,1.6633
10996,19:31:39.768,2075,0.0134,1.6722
10997,19:31:39.768,2076,0.0139,1.6730
10998,19:31:39.769,2068,0.0100,1.6665
10999,19:31:39.769,2062,0.0071,1.6617
11000,19:31:39.770,2073,0.0125,1.6705
11001,19:31:39.770,2078,0.0149,1.6746
11002,19:31:39.771,2072,0.0120,1.6697
11003,19:31:39.771,2063,0.0076,1.6625
11004,19:31:39.772,2066,0.0090,1.6649
11005,19:31:39.772,2080,0.0159,1.6762
11006,19:31:39.773,2083,0.0173,1.6786
11007,19:31:39.773,2051,0.0017,1.6528
11008,19:31:39.774,2073,0.0125,1.6705
11009,19:31:39.774,2077,0.0144,1.6738
11010,19:31:39.775,2084,0.0178,1.6794
11011,19:31:39.775,2066,0.0090,1.6649
11012,19:31:39.776,2082,0.0168,1.6778
11013,19:31:39.776,2069,0.0105,1.6673
11014,19:31:39.777,2052,0.0022,1.6536
11015,19:31:39.777,2093,0.0222,1.6867
11016,19:31:39.778,2063,0.0076,1.6625
11017,19:31:39.778,2080,0.0159,1.6762
11018,19:31:39.779,2035,-0.0061,1.6399
11019,19:31:39.779,2089,0.0203,1.6834
11020,19:31:39.780,2086,0.0188,1.6810
11021,19:31:39.780,2088,0.0198,1.6826
11022,19:31:39.781,2062,0.0071,1.6617
11023,19:31:39.781,2043,-0.0022,1.6464
11024,19:31:39.782,2101,0.0261,1.6931
11025,19:31:39.782,2059,0.0056,1.6593
11026,19:31:39.783,2078,0.0149,1.6746
11027,19:31:39.783,2030,-0.0085,1.6359
11028,19:31:39.784,2079,0.0154,1.6754
11029,19:31:39.784,2101,0.0261,1.6931
11030,19:31:39.785,2085,0.0183,1.6802
11031,19:31:39.785,2073,0.0125,1.6705
11032,19:31:39.786,2027,-0.0100,1.6335
11033,19:31:39.786,2105,0.0281,1.6963
11034,19:31:39.787,2066,0.0090,1.6649
11035,19:31:39.787,2073,0.0125,1.6705
11036,19:31:39.788,2028,-0.0095,1.6343
11037,19:31:39.788,2075,0.0134,1.6722
11038,19:31:39.789,2112,0.0315,1.7020
11039,19:31:39.789,2084,0.0178,1.6794
11040,19:31:39.790,2074,0.0129,1.6714
11041,19:31:39.790,2023,-0.0120,1.6303
11042,19:31:39.791,2101,0.0261,1.6931
11043,19:31:39.791,2075,0.0134,1.6722
11044,19:31:39.792,2068,0.0100,1.6665
11045,19:31:39.792,2025,-0.0110,1.6319
11046,19:31:39.793,2067,0.0095,1.6657
11047,19:31:39.793,2119,0.0349,1.7076
11048,19:31:39.794,2083,0.0173,1.6786
11049,19:31:39.794,2075,0.0134,1.6722
11050,19:31:39.795,2020,-0.0134,1.6278
11051,19:31:39.795,2095,0.0232,1.6883
11052,19:31:39.796,2080,0.0159,1.6762
11053,19:31:39.796,2066,0.0090,1.6649
11054,19:31:39.797,2028,-0.0095,1.6343
11055,19:31:39.797,2059,0.0056,1.6593
11056,19:31:39.798,2126,0.0383,1.7133
11057,19:31:39.798,2077,0.0144,1.6738
11058,19:31:39.799,2076,0.0139,1.6730
11059,19:31:39.799,2021,-0.0129,1.6286
11060,19:31:39.800,2092,0.0217,1.6859
11061,19:31:39.800,2086,0.0188,1.6810
11062,19:31:39.801,2066,0.0090,1.6649
11063,19:31:39.801,2034,-0.0066,1.6391
11064,19:31:39.802,2053,0.0027,1.6544
11065,19:31:39.802,2126,0.0383,1.7133
11066,19:31:39.803,2075,0.0134,1.6722
11067,19:31:39.803,2071,0.0115,1.6689
11068,19:31:39.804,2023,-0.0120,1.6303
11069,19:31:39.804,2094,0.0227,1.6875
11070,19:31:39.805,2091,0.0212,1.6851
11071,19:31:39.805,2073,0.0125,1.6705
11072,19:31:39.806,2040,-0.0037,1.6440
11073,19:31:39.806,2048,0.0002,1.6504
11074,19:31:39.807,2125,0.0379,1.7125
11075,19:31:39.807,2074,0.0129,1.6714
11076,19:31:39.808,2067,0.0095,1.6657
11077,19:31:39.808,2024,-0.0115,1.6311
11078,19:31:39.809,2089,0.0203,1.6834
11079,19:31:39.809,2098,0.0247,1.6907
11080,19:31:39.810,2077,0.0144,1.6738
11081,19:31:39.810,2043,-0.0022,1.6464
11082,19:31:39.811,2041,-0.0032,1.6448
11083,19:31:39.811,2121,0.0359,1.7092
11084,19:31:39.812,2069,0.0105,1.6673
11085,19:31:39.812,2063,0.0076,1.6625
11086,19:31:39.813,2029,-0.0090,1.6351
11087,19:31:39.813,2085,0.0183,1.6802
11088,19:31:39.814,2096,0.0237,1.6891
11089,19:31:39.814,2082,0.0168,1.6778
11090,19:31:39.815,2059,0.0056,1.6593
11091,19:31:39.815,2040,-0.0037,1.6440
11092,19:31:39.816,2110,0.0305,1.7004
11093,19:31:39.816,2069,0.0105,1.6673
11094,19:31:39.817,2061,0.0066,1.6609
11095,19:31:39.817,2032,-0.0076,1.6375
11096,19:31:39.818,2081,0.0164,1.6770
11097,19:31:39.818,2102,0.0266,1.6939
11098,19:31:39.819,2086,0.0188,1.6810
11099,19:31:39.819,2062,0.0071,1.6617
11100,19:31:39.820,2032,-0.0076,1.6375
11101,19:31:39.820,2104,0.0276,1.6955
11102,19:31:39.821,2069,0.0105,1.6673
11103,19:31:39.821,2062,0.0071,1.6617
11104,19:31:39.822,2036,-0.0056,1.6407
11105,19:31:39.822,2070,0.0110,1.6681
11106,19:31:39.823,2102,0.0266,1.6939
11107,19:31:39.823,2082,0.0168,1.6778
11108,19:31:39.824,2074,0.0129,1.6714
11109,19:31:39.824,2031,-0.0081,1.6367
11110,19:31:39.825,2095,0.0232,1.6883
11111,19:31:39.825,2072,0.0120,1.6697
11112,19:31:39.826,2061,0.0066,1.6609
11113,19:31:39.826,2035,-0.0061,1.6399
11114,19:31:39.827,2068,0.0100,1.6665
11115,19:31:39.827,2106,0.0286,1.6971
11116,19:31:39.828,2080,0.0159,1.6762
11117,19:31:39.828,2077,0.0144,1.6738
11118,19:31:39.829,2030,-0.0085,1.6359
11119,19:31:39.829,2088,0.0198,1.6826
11120,19:31:39.830,2079,0.0154,1.6754
11121,19:31:39.830,2066,0.0090,1.6649
11122,19:31:39.831,2036,-0.0056,1.6407
11123,19:31:39.831,2061,0.0066,1.6609
11124,19:31:39.832,2113,0.0320,1.7028
11125,19:31:39.832,2081,0.0164,1.6770
11126,19:31:39.833,2074,0.0129,1.6714
11127,19:31:39.833,2022,-0.0125,1.6295
11128,19:31:39.834,2087,0.0193,1.6818
11129,19:31:39.834,2083,0.0173,1.6786
11130,19:31:39.835,2068,0.0100,1.6665
11131,19:31:39.835,2038,-0.0046,1.6423
11132,19:31:39.836,2050,0.0012,1.6520
11133,19:31:39.836,2115,0.0330,1.7044
11134,19:31:39.837,2073,0.0125,1.6705
11135,19:31:39.837,2077,0.0144,1.6738
11136,19:31:39.838,2024,-0.0115,1.6311
11137,19:31:39.838,2087,0.0193,1.6818
11138,19:31:39.839,2089,0.0203,1.6834
11139,19:31:39.839,2075,0.0134,1.6722
11140,19:31:39.840,2042,-0.0027,1.6456
11141,19:31:39.840,2044,-0.0017,1.6472
11142,19:31:39.841,2120,0.0354,1.7084
11143,19:31:39.841,2066,0.0090,1.6649
11144,19:31:39.842,2077,0.0144,1.6738
11145,19:31:39.842,2022,-0.0125,1.6295
11146,19:31:39.843,2083,0.0173,1.6786
11147,19:31:39.843,2093,0.0222,1.6867
11148,19:31:39.844,2079,0.0154,1.6754
11149,19:31:39.844,2053,0.0027,1.6544
11150,19:31:39.845,2039,-0.0042,1.6432
11151,19:31:39.845,2116,0.0335,1.7052
11152,19:31:39.846,2065,0.0085,1.6641
11153,19:31:39.846,2070,0.0110,1.6681
11154,19:31:39.847,2022,-0.0125,1.6295
11155,19:31:39.847,2082,0.0168,1.6778
11156,19:31:39.848,2098,0.0247,1.6907
11157,19:31:39.848,2078,0.0149,1.6746
11158,19:31:39.849,2055,0.0037,1.6560
11159,19:31:39.849,2034,-0.0066,1.6391
11160,19:31:39.850,2117,0.0339,1.7060
11161,19:31:39.850,2065,0.0085,1.6641
11162,19:31:39.851,2067,0.0095,1.6657
11163,19:31:39.851,2031,-0.0081,1.6367
11164,19:31:39.852,2079,0.0154,1.6754
11165,19:31:39.852,2100,0.0256,1.6923
11166,19:31:39.853,2083,0.0173,1.6786
11167,19:31:39.853,2064,0.0081,1.6633
11168,19:31:39.854,2031,-0.0081,1.6367
11169,19:31:39.854,2110,0.0305,1.7004
11170,19:31:39.855,2072,0.0120,1.6697
11171,19:31:39.855,2065,0.0085,1.6641
11172,19:31:39.856,2036,-0.0056,1.6407
11173,19:31:39.856,2074,0.0129,1.6714
11174,19:31:39.857,2103,0.0271,1.6947
11175,19:31:39.857,2081,0.0164,1.6770
11176,19:31:39.858,2068,0.0100,1.6665
11177,19:31:39.858,2028,-0.0095,1.6343
11178,19:31:39.859,2104,0.0276,1.6955
11179,19:31:39.859,2077,0.0144,1.6738
11180,19:31:39.860,2069,0.0105,1.6673
11181,19:31:39.860,2037,-0.0051,1.6415
11182,19:31:39.861,2069,0.0105,1.6673
11183,19:31:39.861,2108,0.0295,1.6988
11184,19:31:39.862,2083,0.0173,1.6786
11185,19:31:39.862,2072,0.0120,1.6697
11186,19:31:39.863,2031,-0.0081,1.6367
11187,19:31:39.863,2091,0.0212,1.6851
11188,19:31:39.864,2081,0.0164,1.6770
11189,19:31:39.864,2069,0.0105,1.6673
11190,19:31:39.865,2039,-0.0042,1.6432
11191,19:31:39.865,2063,0.0076,1.6625
11192,19:31:39.866,2108,0.0295,1.6988
11193,19:31:39.866,2080,0.0159,1.6762
11194,19:31:39.867,2077,0.0144,1.6738
11195,19:31:39.867,2029,-0.0090,1.6351
11196,19:31:39.868,2081,0.0164,1.6770
11197,19:31:39.868,2082,0.0168,1.6778
11198,19:31:39.869,2071,0.0115,1.6689
11199,19:31:39.869,2046,-0.0007,1.6488
11200,19:31:39.870,2060,0.0061,1.6601
11201,19:31:39.870,2111,0.0310,1.7012
11202,19:31:39.871,2080,0.0159,1.6762
11203,19:31:39.871,2082,0.0168,1.6778
11204,19:31:39.872,2026,-0.0105,1.6327
11205,19:31:39.872,2078,0.0149,1.6746
11206,19:31:39.873,2087,0.0193,1.6818
11207,19:31:39.873,2074,0.0129,1.6714
11208,19:31:39.874,2050,0.0012,1.6520
11209,19:31:39.874,2046,-0.0007,1.6488
11210,19:31:39.875,2114,0.0325,1.7036
11211,19:31:39.875,2080,0.0159,1.6762
11212,19:31:39.876,2079,0.0154,1.6754
11213,19:31:39.876,2031,-0.0081,1.6367
11214,19:31:39.877,2078,0.0149,1.6746
11215,19:31:39.877,2093,0.0222,1.6867
11216,19:31:39.878,2074,0.0129,1.6714
11217,19:31:39.878,2054,0.0032,1.6552
11218,19:31:39.879,2044,-0.0017,1.6472
11219,19:31:39.879,2114,0.0325,1.7036
11220,19:31:39.880,2077,0.0144,1.6738
11221,19:31:39.880,2073,0.0125,1.6705
11222,19:31:39.881,2030,-0.0085,1.6359
11223,19:31:39.881,2075,0.0134,1.6722
11224,19:31:39.882,2094,0.0227,1.6875
11225,19:31:39.882,2081,0.0164,1.6770
11226,19:31:39.883,2057,0.0046,1.6577
11227,19:31:39.883,2040,-0.0037,1.6440
11228,19:31:39.884,2113,0.0320,1.7028
11229,19:31:39.884,2072,0.0120,1.6697
11230,19:31:39.885,2071,0.0115,1.6689
11231,19:31:39.885,2033,-0.0071,1.6383
11232,19:31:39.886,2074,0.0129,1.6714
11233,19:31:39.886,2099,0.0252,1.6915
11234,19:31:39.887,2081,0.0164,1.6770
11235,19:31:39.887,2061,0.0066,1.6609
11236,19:31:39.888,2035,-0.0061,1.6399
11237,19:31:39.888,2105,0.0281,1.6963
11238,19:31:39.889,2069,0.0105,1.6673
11239,19:31:39.889,2069,0.0105,1.6673
11240,19:31:39.890,2033,-0.0071,1.6383
11241,19:31:39.890,2073,0.0125,1.6705
11242,19:31:39.891,2102,0.0266,1.6939
11243,19:31:39.891,2082,0.0168,1.6778
11244,19:31:39.892,2065,0.0085,1.6641
11245,19:31:39.892,2034,-0.0066,1.6391
11246,19:31:39.893,2098,0.0247,1.6907
11247,19:31:39.893,2075,0.0134,1.6722
11248,19:31:39.894,2069,0.0105,1.6673
11249,19:31:39.894,2043,-0.0022,1.6464
11250,19:31:39.895,2070,0.0110,1.6681
11251,19:31:39.895,2102,0.0266,1.6939
11252,19:31:39.896,2081,0.0164,1.6770
11253,19:31:39.896,2070,0.0110,1.6681
11254,19:31:39.897,2028,-0.0095,1.6343
11255,19:31:39.897,2089,0.0203,1.6834
11256,19:31:39.898,2075,0.0134,1.6722
11257,19:31:39.898,2069,0.0105,1.6673
11258,19:31:39.899,2042,-0.0027,1.6456
11259,19:31:39.899,2066,0.0090,1.6649
11260,19:31:39.900,2107,0.0291,1.6979
11261,19:31:39.900,2082,0.0168,1.6778
11262,19:31:39.901,2076,0.0139,1.6730
11263,19:31:39.901,2029,-0.0090,1.6351
11264,19:31:39.902,2082,0.0168,1.6778
11265,19:31:39.902,2082,0.0168,1.6778
11266,19:31:39.903,2071,0.0115,1.6689
11267,19:31:39.903,2049,0.0007,1.6512
11268,19:31:39.904,2058,0.0051,1.6585
11269,19:31:39.904,2106,0.0286,1.6971
11270,19:31:39.905,2083,0.0173,1.6786
11271,19:31:39.905,2081,0.0164,1.6770
11272,19:31:39.906,2033,-0.0071,1.6383
11273,19:31:39.906,2071,0.0115,1.6689
11274,19:31:39.907,2087,0.0193,1.6818
11275,19:31:39.907,2071,0.0115,1.6689
11276,19:31:39.908,2058,0.0051,1.6585
11277,19:31:39.908,2053,0.0027,1.6544
11278,19:31:39.909,2111,0.0310,1.7012
11279,19:31:39.909,2078,0.0149,1.6746
11280,19:31:39.910,2082,0.0168,1.6778
11281,19:31:39.910,2035,-0.0061,1.6399
11282,19:31:39.911,2070,0.0110,1.6681
11283,19:31:39.911,2091,0.0212,1.6851
11284,19:31:39.912,2073,0.0125,1.6705
11285,19:31:39.912,2062,0.0071,1.6617
11286,19:31:39.913,2044,-0.0017,1.6472
11287,19:31:39.913,2108,0.0295,1.6988
11288,19:31:39.914,2079,0.0154,1.6754
11289,19:31:39.914,2080,0.0159,1.6762
11290,19:31:39.915,2036,-0.0056,1.6407
11291,19:31:39.915,2066,0.0090,1.6649
11292,19:31:39.916,2096,0.0237,1.6891
11293,19:31:39.916,2075,0.0134,1.6722
11294,19:31:39.917,2062,0.0071,1.6617
11295,19:31:39.917,2039,-0.0042,1.6432
11296,19:31:39.918,2108,0.0295,1.6988
11297,19:31:39.918,2072,0.0120,1.6697
11298,19:31:39.919,2074,0.0129,1.6714
11299,19:31:39.919,2038,-0.0046,1.6423
11300,19:31:39.920,2069,0.0105,1.6673
11301,19:31:39.920,2099,0.0252,1.6915
11302,19:31:39.921,2081,0.0164,1.6770
11303,19:31:39.921,2069,0.0105,1.6673
11304,19:31:39.922,2038,-0.0046,1.6423
11305,19:31:39.922,2100,0.0256,1.6923
11306,19:31:39.923,2073,0.0125,1.6705
11307,19:31:39.923,2076,0.0139,1.6730
11308,19:31:39.924,2039,-0.0042,1.6432
11309,19:31:39.924,2069,0.0105,1.6673
11310,19:31:39.925,2101,0.0261,1.6931
11311,19:31:39.925,2085,0.0183,1.6802
11312,19:31:39.926,2069,0.0105,1.6673
11313,19:31:39.926,2033,-0.0071,1.6383
11314,19:31:39.927,2094,0.0227,1.6875
11315,19:31:39.927,2074,0.0129,1.6714
11316,19:31:39.928,2072,0.0120,1.6697
11317,19:31:39.928,2041,-0.0032,1.6448
11318,19:31:39.929,2069,0.0105,1.6673
11319,19:31:39.929,2102,0.0266,1.6939
11320,19:31:39.930,2083,0.0173,1.6786
11321,19:31:39.930,2073,0.0125,1.6705
11322,19:31:39.931,2032,-0.0076,1.6375
11323,19:31:39.931,2094,0.0227,1.6875
11324,19:31:39.932,2072,0.0120,1.6697
11325,19:31:39.932,2071,0.0115,1.6689
11326,19:31:39.933,2042,-0.0027,1.6456
11327,19:31:39.933,2067,0.0095,1.6657
11328,19:31:39.934,2103,0.0271,1.6947
11329,19:31:39.934,2083,0.0173,1.6786
11330,19:31:39.935,2078,0.0149,1.6746
11331,19:31:39.935,2032,-0.0076,1.6375
11332,19:31:39.936,2083,0.0173,1.6786
11333,19:31:39.936,2073,0.0125,1.6705
11334,19:31:39.937,2074,0.0129,1.6714
11335,19:31:39.937,2049,0.0007,1.6512
11336,19:31:39.938,2058,0.0051,1.6585
11337,19:31:39.938,2104,0.0276,1.6955
11338,19:31:39.939,2080,0.0159,1.6762
11339,19:31:39.939,2076,0.0139,1.6730
11340,19:31:39.940,2031,-0.0081,1.6367
11341,19:31:39.940,2073,0.0125,1.6705
11342,19:31:39.941,2080,0.0159,1.6762
11343,19:31:39.941,2070,0.0110,1.6681
11344,19:31:39.942,2058,0.0051,1.6585
11345,19:31:39.942,2055,0.0037,1.6560
11346,19:31:39.943,2103,0.0271,1.6947
11347,19:31:39.943,2078,0.0149,1.6746
11348,19:31:39.944,2082,0.0168,1.6778
11349,19:31:39.944,2031,-0.0081,1.6367
11350,19:31:39.945,2069,0.0105,1.6673
11351,19:31:39.945,2083,0.0173,1.6786
11352,19:31:39.946,2074,0.0129,1.6714
11353,19:31:39.946,2059,0.0056,1.6593
11354,19:31:39.947,2051,0.0017,1.6528
11355,19:31:39.947,2105,0.0281,1.6963
11356,19:31:39.948,2076,0.0139,1.6730
11357,19:31:39.948,2081,0.0164,1.6770
11358,19:31:39.949,2034,-0.0066,1.6391
11359,19:31:39.949,2065,0.0085,1.6641
11360,19:31:39.950,2091,0.0212,1.6851
11361,19:31:39.950,2080,0.0159,1.6762
11362,19:31:39.951,2064,0.0081,1.6633
11363,19:31:39.951,2043,-0.0022,1.6464
11364,19:31:39.952,2103,0.0271,1.6947
11365,19:31:39.952,2076,0.0139,1.6730
11366,19:31:39.953,2079,0.0154,1.6754
11367,19:31:39.953,2037,-0.0051,1.6415
11368,19:31:39.954,2061,0.0066,1.6609
11369,19:31:39.954,2094,0.0227,1.6875
11370,19:31:39.955,2079,0.0154,1.6754
11371,19:31:39.955,2072,0.0120,1.6697
11372,19:31:39.956,2041,-0.0032,1.6448
11373,19:31:39.956,2101,0.0261,1.6931
11374,19:31:39.957,2073,0.0125,1.6705
11375,19:31:39.957,2076,0.0139,1.6730
11376,19:31:39.958,2037,-0.0051,1.6415
11377,19:31:39.958,2062,0.0071,1.6617
11378,19:31:39.959,2100,0.0256,1.6923
11379,19:31:39.959,2081,0.0164,1.6770
11380,19:31:39.960,2072,0.0120,1.6697
11381,19:31:39.960,2038,-0.0046,1.6423
11382,19:31:39.961,2092,0.0217,1.6859
11383,19:31:39.961,2072,0.0120,1.6697
11384,19:31:39.962,2077,0.0144,1.6738
11385,19:31:39.962,2044,-0.0017,1.6472
11386,19:31:39.963,2063,0.0076,1.6625
11387,19:31:39.963,2099,0.0252,1.6915
11388,19:31:39.964,2083,0.0173,1.6786
11389,19:31:39.964,2077,0.0144,1.6738
11390,19:31:39.965,2034,-0.0066,1.6391
11391,19:31:39.965,2086,0.0188,1.6810
11392,19:31:39.966,2075,0.0134,1.6722
11393,19:31:39.966,2073,0.0125,1.6705
11394,19:31:39.967,2050,0.0012,1.6520
11395,19:31:39.967,2064,0.0081,1.6633
11396,19:31:39.968,2102,0.0266,1.6939
11397,19:31:39.968,2082,0.0168,1.6778
11398,19:31:39.969,2075,0.0134,1.6722
11399,19:31:39.969,2035,-0.0061,1.6399
11400,19:31:39.970,2082,0.0168,1.6778
11401,19:31:39.970,2074,0.0129,1.6714
11402,19:31:39.971,2075,0.0134,1.6722
11403,19:31:39.971,2056,0.0042,1.6568
11404,19:31:39.972,2063,0.0076,1.6625
11405,19:31:39.972,2104,0.0276,1.6955
11406,19:31:39.973,2085,0.0183,1.6802
11407,19:31:39.973,2077,0.0144,1.6738
11408,19:31:39.974,2037,-0.0051,1.6415
11409,19:31:39.974,2069,0.0105,1.6673
11410,19:31:39.975,2081,0.0164,1.6770
11411,19:31:39.975,2071,0.0115,1.6689
11412,19:31:39.976,2059,0.0056,1.6593
11413,19:31:39.976,2059,0.0056,1.6593
11414,19:31:39.977,2101,0.0261,1.6931
11415,19:31:39.977,2083,0.0173,1.6786
11416,19:31:39.978,2082,0.0168,1.6778
11417,19:31:39.978,2037,-0.0051,1.6415
11418,19:31:39.979,2067,0.0095,1.6657
11419,19:31:39.979,2081,0.0164,1.6770
11420,19:31:39.980,2076,0.0139,1.6730
11421,19:31:39.980,2063,0.0076,1.6625
11422,19:31:39.981,2057,0.0046,1.6577
11423,19:31:39.981,2103,0.0271,1.6947
11424,19:31:39.982,2081,0.0164,1.6770
11425,19:31:39.982,2082,0.0168,1.6778
11426,19:31:39.983,2035,-0.0061,1.6399
11427,19:31:39.983,2060,0.0061,1.6601
11428,19:31:39.984,2084,0.0178,1.6794
11429,19:31:39.984,2077,0.0144,1.6738
11430,19:31:39.985,2067,0.0095,1.6657
11431,19:31:39.985,2051,0.0017,1.6528
11432,19:31:39.986,2101,0.0261,1.6931
11433,19:31:39.986,2078,0.0149,1.6746
11434,19:31:39.987,2079,0.0154,1.6754
11435,19:31:39.987,2037,-0.0051,1.6415
11436,19:31:39.988,2059,0.0056,1.6593
11437,19:31:39.988,2089,0.0203,1.6834
11438,19:31:39.989,2074,0.0129,1.6714
11439,19:31:39.989,2073,0.0125,1.6705
11440,19:31:39.990,2041,-0.0032,1.6448
11441,19:31:39.990,2097,0.0242,1.6899
11442,19:31:39.991,2077,0.0144,1.6738
11443,19:31:39.991,2081,0.0164,1.6770
11444,19:31:39.992,2043,-0.0022,1.6464
11445,19:31:39.992,2058,0.0051,1.6585
11446,19:31:39.993,2092,0.0217,1.6859
11447,19:31:39.993,2079,0.0154,1.6754
11448,19:31:39.994,2076,0.0139,1.6730
11449,19:31:39.994,2037,-0.0051,1.6415
11450,19:31:39.995,2092,0.0217,1.6859
11451,19:31:39.995,2073,0.0125,1.6705
11452,19:31:39.996,2075,0.0134,1.6722
11453,19:31:39.996,2046,-0.0007,1.6488
11454,19:31:39.997,2059,0.0056,1.6593
11455,19:31:39.997,2096,0.0237,1.6891
11456,19:31:39.998,2080,0.0159,1.6762
11457,19:31:39.998,2079,0.0154,1.6754
11458,19:31:39.999,2035,-0.0061,1.6399
11459,19:31:39.999,2083,0.0173,1.6786
11460,19:31:40.000,2076,0.0139,1.6730
11461,19:31:40.000,2076,0.0139,1.6730
11462,19:31:40.001,2052,0.0022,1.6536
11463,19:31:40.001,2057,0.0046,1.6577
11464,19:31:40.002,2100,0.0256,1.6923
11465,19:31:40.002,2084,0.0178,1.6794
11466,19:31:40.003,2079,0.0154,1.6754
11467,19:31:40.003,2035,-0.0061,1.6399
11468,19:31:40.004,2080,0.0159,1.6762
11469,19:31:40.004,2072,0.0120,1.6697
11470,19:31:40.005,2073,0.0125,1.6705
11471,19:31:40.005,2056,0.0042,1.6568
11472,19:31:40.006,2060,0.0061,1.6601
11473,19:31:40.006,2100,0.0256,1.6923
11474,19:31:40.007,2080,0.0159,1.6762
11475,19:31:40.007,2079,0.0154,1.6754
11476,19:31:40.008,2036,-0.0056,1.6407
11477,19:31:40.008,2074,0.0129,1.6714
11478,19:31:40.009,2074,0.0129,1.6714
11479,19:31:40.009,2069,0.0105,1.6673
11480,19:31:40.010,2062,0.0071,1.6617
11481,19:31:40.010,2063,0.0076,1.6625
11482,19:31:40.011,2096,0.0237,1.6891
11483,19:31:40.011,2082,0.0168,1.6778
11484,19:31:40.012,2078,0.0149,1.6746
11485,19:31:40.012,2052,0.0022,1.6536
11486,19:31:40.013,2070,0.0110,1.6681
11487,19:31:40.013,2077,0.0144,1.6738
11488,19:31:40.014,2068,0.0100,1.6665
11489,19:31:40.014,2062,0.0071,1.6617
11490,19:31:40.015,2063,0.0076,1.6625
11491,19:31:40.015,2093,0.0222,1.6867
11492,19:31:40.016,2082,0.0168,1.6778
11493,19:31:40.016,2069,0.0105,1.6673
11494,19:31:40.017,2058,0.0051,1.6585
11495,19:31:40.017,2071,0.0115,1.6689
11496,19:31:40.018,2082,0.0168,1.6778
11497,19:31:40.018,2067,0.0095,1.6657
11498,19:31:40.019,2065,0.0085,1.6641
11499,19:31:40.019,2071,0.0115,1.6689
11500,19:31:40.020,2084,0.0178,1.6794
11501,19:31:40.020,2075,0.0134,1.6722
11502,19:31:40.021,2066,0.0090,1.6649
11503,19:31:40.021,2068,0.0100,1.6665
11504,19:31:40.022,2074,0.0129,1.6714
11505,19:31:40.022,2078,0.0149,1.6746
11506,19:31:40.023,2066,0.0090,1.6649
11507,19:31:40.023,2067,0.0095,1.6657
11508,19:31:40.024,2076,0.0139,1.6730
11509,19:31:40.024,2079,0.0154,1.6754
11510,19:31:40.025,2073,0.0125,1.6705
11511,19:31:40.025,2066,0.0090,1.6649
11512,19:31:40.026,2073,0.0125,1.6705
11513,19:31:40.026,2075,0.0134,1.6722
11514,19:31:40.027,2074,0.0129,1.6714
11515,19:31:40.027,2069,0.0105,1.6673
11516,19:31:40.028,2070,0.0110,1.6681
11517,19:31:40.028,2072,0.0120,1.6697
11518,19:31:40.029,2076,0.0139,1.6730
11519,19:31:40.029,2068,0.0100,1.6665
11520,19:31:40.030,2063,0.0076,1.6625
11521,19:31:40.030,2074,0.0129,1.6714
11522,19:31:40.031,2075,0.0134,1.6722
11523,19:31:40.031,2072,0.0120,1.6697
11524,19:31:40.032,2070,0.0110,1.6681
11525,19:31:40.032,2073,0.0125,1.6705
11526,19:31:40.033,2078,0.0149,1.6746
11527,19:31:40.033,2072,0.0120,1.6697
11528,19:31:40.034,2066,0.0090,1.6649
11529,19:31:40.034,2063,0.0076,1.6625
11530,19:31:40.035,2076,0.0139,1.6730
11531,19:31:40.035,2075,0.0134,1.6722
11532,19:31:40.036,2069,0.0105,1.6673
11533,19:31:40.036,2068,0.0100,1.6665
11534,19:31:40.037,2070,0.0110,1.6681
11535,19:31:40.037,2074,0.0129,1.6714
11536,19:31:40.038,2069,0.0105,1.6673
11537,19:31:40.038,2070,0.0110,1.6681
11538,19:31:40.039,2067,0.0095,1.6657
11539,19:31:40.039,2074,0.0129,1.6714
11540,19:31:40.040,2075,0.0134,1.6722
11541,19:31:40.040,2069,0.0105,1.6673
11542,19:31:40.041,2067,0.0095,1.6657
11543,19:31:40.041,2074,0.0129,1.6714
11544,19:31:40.042,2072,0.0120,1.6697
11545,19:31:40.042,2066,0.0090,1.6649
11546,19:31:40.043,2065,0.0085,1.6641
11547,19:31:40.043,2070,0.0110,1.6681
11548,19:31:40.044,2071,0.0115,1.6689
11549,19:31:40.044,2078,0.0149,1.6746
11550,19:31:40.045,2072,0.0120,1.6697
11551,19:31:40.045,2069,0.0105,1.6673
11552,19:31:40.046,2078,0.0149,1.6746
11553,19:31:40.046,2061,0.0066,1.6609
11554,19:31:40.047,2075,0.0134,1.6722
11555,19:31:40.047,2064,0.0081,1.6633
11556,19:31:40.048,2066,0.0090,1.6649
11557,19:31:40.048,2077,0.0144,1.6738
11558,19:31:40.049,2078,0.0149,1.6746
11559,19:31:40.049,2091,0.0212,1.6851
11560,19:31:40.050,2059,0.0056,1.6593
11561,19:31:40.050,2071,0.0115,1.6689
11562,19:31:40.051,2070,0.0110,1.6681
11563,19:31:40.051,2069,0.0105,1.6673
11564,19:31:40.052,2067,0.0095,1.6657
11565,19:31:40.052,2057,0.0046,1.6577
11566,19:31:40.053,2088,0.0198,1.6826
11567,19:31:40.053,2080,0.0159,1.6762
11568,19:31:40.054,2083,0.0173,1.6786
11569,19:31:40.054,2062,0.0071,1.6617
11570,19:31:40.055,2057,0.0046,1.6577
11571,19:31:40.055,2075,0.0134,1.6722
11572,19:31:40.056,2064,0.0081,1.6633
11573,19:31:40.056,2067,0.0095,1.6657
11574,19:31:40.057,2061,0.0066,1.6609
11575,19:31:40.057,2083,0.0173,1.6786
11576,19:31:40.058,2090,0.0208,1.6842
11577,19:31:40.058,2081,0.0164,1.6770
11578,19:31:40.059,2060,0.0061,1.6601
11579,19:31:40.059,2054,0.0032,1.6552
11580,19:31:40.060,2077,0.0144,1.6738
11581,19:31:40.060,2070,0.0110,1.6681
11582,19:31:40.061,2070,0.0110,1.6681
11583,19:31:40.061,2063,0.0076,1.6625
11584,19:31:40.062,2086,0.0188,1.6810
11585,19:31:40.062,2085,0.0183,1.6802
11586,19:31:40.063,2078,0.0149,1.6746
11587,19:31:40.063,2058,0.0051,1.6585
11588,19:31:40.064,2049,0.0007,1.6512
11589,19:31:40.064,2077,0.0144,1.6738
11590,19:31:40.065,2072,0.0120,1.6697
11591,19:31:40.065,2074,0.0129,1.6714
11592,19:31:40.066,2063,0.0076,1.6625
11593,19:31:40.066,2089,0.0203,1.6834
11594,19:31:40.067,2090,0.0208,1.6842
11595,19:31:40.067,2076,0.0139,1.6730
11596,19:31:40.068,2057,0.0046,1.6577
11597,19:31:40.068,2052,0.0022,1.6536
11598,19:31:40.069,2075,0.0134,1.6722
11599,19:31:40.069,2068,0.0100,1.6665
11600,19:31:40.070,2071,0.0115,1.6689
11601,19:31:40.070,2062,0.0071,1.6617
11602,19:31:40.071,2087,0.0193,1.6818
11603,19:31:40.071,2084,0.0178,1.6794
11604,19:31:40.072,2074,0.0129,1.6714
11605,19:31:40.072,2052,0.0022,1.6536
11606,19:31:40.073,2054,0.0032,1.6552
11607,19:31:40.073,2076,0.0139,1.6730
11608,19:31:40.074,2075,0.0134,1.6722
11609,19:31:40.074,2076,0.0139,1.6730
11610,19:31:40.075,2058,0.0051,1.6585
11611,19:31:40.075,2086,0.0188,1.6810
11612,19:31:40.076,2083,0.0173,1.6786
11613,19:31:40.076,2077,0.0144,1.6738
11614,19:31:40.077,2054,0.0032,1.6552
11615,19:31:40.077,2058,0.0051,1.6585
11616,19:31:40.078,2074,0.0129,1.6714
11617,19:31:40.078,2074,0.0129,1.6714
11618,19:31:40.079,2075,0.0134,1.6722
11619,19:31:40.079,2055,0.0037,1.6560
11620,19:31:40.080,2081,0.0164,1.6770
11621,19:31:40.080,2076,0.0139,1.6730
11622,19:31:40.081,2075,0.0134,1.6722
11623,19:31:40.081,2055,0.0037,1.6560
11624,19:31:40.082,2061,0.0066,1.6609
11625,19:31:40.082,2072,0.0120,1.6697
11626,19:31:40.083,2079,0.0154,1.6754
11627,19:31:40.083,2076,0.0139,1.6730
11628,19:31:40.084,2058,0.0051,1.6585
11629,19:31:40.084,2075,0.0134,1.6722
11630,19:31:40.085,2077,0.0144,1.6738
11631,19:31:40.085,2071,0.0115,1.6689
11632,19:31:40.086,2054,0.0032,1.6552
11633,19:31:40.086,2064,0.0081,1.6633
11634,19:31:40.087,2073,0.0125,1.6705
11635,19:31:40.087,2082,0.0168,1.6778
11636,19:31:40.088,2072,0.0120,1.6697
11637,19:31:40.088,2060,0.0061,1.6601
11638,19:31:40.089,2069,0.0105,1.6673
11639,19:31:40.089,2078,0.0149,1.6746
11640,19:31:40.090,2074,0.0129,1.6714
11641,19:31:40.090,2058,0.0051,1.6585
11642,19:31:40.091,2063,0.0076,1.6625
11643,19:31:40.091,2080,0.0159,1.6762
11644,19:31:40.092,2082,0.0168,1.6778
11645,19:31:40.092,2076,0.0139,1.6730
11646,19:31:40.093,2059,0.0056,1.6593
11647,19:31:40.093,2061,0.0066,1.6609
11648,19:31:40.094,2076,0.0139,1.6730
11649,19:31:40.094,2067,0.0095,1.6657
11650,19:31:40.095,2060,0.0061,1.6601
11651,19:31:40.095,2064,0.0081,1.6633
11652,19:31:40.096,2084,0.0178,1.6794
11653,19:31:40.096,2085,0.0183,1.6802
11654,19:31:40.097,2078,0.0149,1.6746
11655,19:31:40.097,2060,0.0061,1.6601
11656,19:31:40.098,2057,0.0046,1.6577
11657,19:31:40.098,2078,0.0149,1.6746
11658,19:31:40.099,2069,0.0105,1.6673
11659,19:31:40.099,2068,0.0100,1.6665
11660,19:31:40.100,2066,0.0090,1.6649
11661,19:31:40.100,2083,0.0173,1.6786
11662,19:31:40.101,2087,0.0193,1.6818
11663,19:31:40.101,2077,0.0144,1.6738
11664,19:31:40.102,2064,0.0081,1.6633
11665,19:31:40.102,2054,0.0032,1.6552
11666,19:31:40.103,2077,0.0144,1.6738
11667,19:31:40.103,2069,0.0105,1.6673
11668,19:31:40.104,2069,0.0105,1.6673
11669,19:31:40.104,2066,0.0090,1.6649
11670,19:31:40.105,2084,0.0178,1.6794
11671,19:31:40.105,2091,0.0212,1.6851
11672,19:31:40.106,2079,0.0154,1.6754
11673,19:31:40.106,2062,0.0071,1.6617
11674,19:31:40.107,2052,0.0022,1.6536
11675,19:31:40.107,2074,0.0129,1.6714
11676,19:31:40.108,2074,0.0129,1.6714
11677,19:31:40.108,2072,0.0120,1.6697
11678,19:31:40.109,2066,0.0090,1.6649
11679,19:31:40.109,2083,0.0173,1.6786
11680,19:31:40.110,2090,0.0208,1.6842
11681,19:31:40.110,2076,0.0139,1.6730
11682,19:31:40.111,2061,0.0066,1.6609
11683,19:31:40.111,2057,0.0046,1.6577
11684,19:31:40.112,2073,0.0125,1.6705
11685,19:31:40.112,2077,0.0144,1.6738
11686,19:31:40.113,2073,0.0125,1.6705
11687,19:31:40.113,2066,0.0090,1.6649
11688,19:31:40.114,2079,0.0154,1.6754
11689,19:31:40.114,2086,0.0188,1.6810
11690,19:31:40.115,2077,0.0144,1.6738
11691,19:31:40.115,2060,0.0061,1.6601
11692,19:31:40.116,2060,0.0061,1.6601
11693,19:31:40.116,2076,0.0139,1.6730
11694,19:31:40.117,2078,0.0149,1.6746
11695,19:31:40.117,2075,0.0134,1.6722
11696,19:31:40.118,2061,0.0066,1.6609
11697,19:31:40.118,2078,0.0149,1.6746
11698,19:31:40.119,2081,0.0164,1.6770
11699,19:31:40.119,2075,0.0134,1.6722
11700,19:31:40.120,2059,0.0056,1.6593
11701,19:31:40.120,2063,0.0076,1.6625
11702,19:31:40.121,2073,0.0125,1.6705
11703,19:31:40.121,2078,0.0149,1.6746
11704,19:31:40.122,2073,0.0125,1.6705
11705,19:31:40.122,2062,0.0071,1.6617
11706,19:31:40.123,2071,0.0115,1.6689
11707,19:31:40.123,2076,0.0139,1.6730
11708,19:31:40.124,2072,0.0120,1.6697
11709,19:31:40.124,2060,0.0061,1.6601
11710,19:31:40.125,2066,0.0090,1.6649
11711,19:31:40.125,2075,0.0134,1.6722
11712,19:31:40.126,2082,0.0168,1.6778
11713,19:31:40.126,2076,0.0139,1.6730
11714,19:31:40.127,2060,0.0061,1.6601
11715,19:31:40.127,2067,0.0095,1.6657
11716,19:31:40.128,2072,0.0120,1.6697
11717,19:31:40.128,2072,0.0120,1.6697
11718,19:31:40.129,2060,0.0061,1.6601
11719,19:31:40.129,2068,0.0100,1.6665
11720,19:31:40.130,2078,0.0149,1.6746
11721,19:31:40.130,2083,0.0173,1.6786
11722,19:31:40.131,2073,0.0125,1.6705
11723,19:31:40.131,2060,0.0061,1.6601
11724,19:31:40.132,2063,0.0076,1.6625
11725,19:31:40.132,2070,0.0110,1.6681
11726,19:31:40.133,2069,0.0105,1.6673
11727,19:31:40.133,2062,0.0071,1.6617
11728,19:31:40.134,2070,0.0110,1.6681
11729,19:31:40.134,2078,0.0149,1.6746
11730,19:31:40.135,2082,0.0168,1.6778
11731,19:31:40.135,2071,0.0115,1.6689
11732,19:31:40.136,2056,0.0042,1.6568
11733,19:31:40.136,2057,0.0046,1.6577
11734,19:31:40.137,2070,0.0110,1.6681
11735,19:31:40.137,2069,0.0105,1.6673
11736,19:31:40.138,2064,0.0081,1.6633
11737,19:31:40.138,2065,0.0085,1.6641
11738,19:31:40.139,2079,0.0154,1.6754
11739,19:31:40.139,2082,0.0168,1.6778
11740,19:31:40.140,2075,0.0134,1.6722
11741,19:31:40.140,2060,0.0061,1.6601
11742,19:31:40.141,2057,0.0046,1.6577
11743,19:31:40.141,2069,0.0105,1.6673
11744,19:31:40.142,2068,0.0100,1.6665
11745,19:31:40.142,2070,0.0110,1.6681
11746,19:31:40.143,2064,0.0081,1.6633
11747,19:31:40.143,2082,0.0168,1.6778
11748,19:31:40.144,2083,0.0173,1.6786
11749,19:31:40.144,2077,0.0144,1.6738
11750,19:31:40.145,2062,0.0071,1.6617
11751,19:31:40.145,2057,0.0046,1.6577
11752,19:31:40.146,2072,0.0120,1.6697
11753,19:31:40.146,2072,0.0120,1.6697
11754,19:31:40.147,2073,0.0125,1.6705
11755,19:31:40.147,2063,0.0076,1.6625
11756,19:31:40.148,2079,0.0154,1.6754
11757,19:31:40.148,2084,0.0178,1.6794
11758,19:31:40.149,2078,0.0149,1.6746
11759,19:31:40.149,2066,0.0090,1.6649
11760,19:31:40.150,2059,0.0056,1.6593
11761,19:31:40.150,2073,0.0125,1.6705
11762,19:31:40.151,2076,0.0139,1.6730
11763,19:31:40.151,2073,0.0125,1.6705
11764,19:31:40.152,2063,0.0076,1.6625
11765,19:31:40.152,2079,0.0154,1.6754
11766,19:31:40.153,2084,0.0178,1.6794
11767,19:31:40.153,2075,0.0134,1.6722
11768,19:31:40.154,2064,0.0081,1.6633
11769,19:31:40.154,2058,0.0051,1.6585
11770,19:31:40.155,2073,0.0125,1.6705
11771,19:31:40.155,2079,0.0154,1.6754
11772,19:31:40.156,2075,0.0134,1.6722
11773,19:31:40.156,2067,0.0095,1.6657
11774,19:31:40.157,2074,0.0129,1.6714
11775,19:31:40.157,2079,0.0154,1.6754
11776,19:31:40.158,2073,0.0125,1.6705
11777,19:31:40.158,2063,0.0076,1.6625
11778,19:31:40.159,2063,0.0076,1.6625
11779,19:31:40.159,2073,0.0125,1.6705
11780,19:31:40.160,2082,0.0168,1.6778
11781,19:31:40.160,2077,0.0144,1.6738
11782,19:31:40.161,2066,0.0090,1.6649
11783,19:31:40.161,2071,0.0115,1.6689
11784,19:31:40.162,2076,0.0139,1.6730
11785,19:31:40.162,2077,0.0144,1.6738
11786,19:31:40.163,2065,0.0085,1.6641
11787,19:31:40.163,2067,0.0095,1.6657
11788,19:31:40.164,2075,0.0134,1.6722
11789,19:31:40.164,2081,0.0164,1.6770
11790,19:31:40.165,2074,0.0129,1.6714
11791,19:31:40.165,2063,0.0076,1.6625
11792,19:31:40.166,2065,0.0085,1.6641
11793,19:31:40.166,2074,0.0129,1.6714
11794,19:31:40.167,2073,0.0125,1.6705
11795,19:31:40.167,2062,0.0071,1.6617
11796,19:31:40.168,2072,0.0120,1.6697
11797,19:31:40.168,2075,0.0134,1.6722
11798,19:31:40.169,2084,0.0178,1.6794
11799,19:31:40.169,2076,0.0139,1.6730
11800,19:31:40.170,2064,0.0081,1.6633
11801,19:31:40.170,2063,0.0076,1.6625
11802,19:31:40.171,2071,0.0115,1.6689
11803,19:31:40.171,2073,0.0125,1.6705
11804,19:31:40.172,2066,0.0090,1.6649
11805,19:31:40.172,2070,0.0110,1.6681
11806,19:31:40.173,2075,0.0134,1.6722
11807,19:31:40.173,2084,0.0178,1.6794
11808,19:31:40.174,2077,0.0144,1.6738
11809,19:31:40.174,2066,0.0090,1.6649
11810,19:31:40.175,2063,0.0076,1.6625
11811,19:31:40.175,2069,0.0105,1.6673
11812,19:31:40.176,2073,0.0125,1.6705
11813,19:31:40.176,2066,0.0090,1.6649
11814,19:31:40.177,2069,0.0105,1.6673
11815,19:31:40.177,2081,0.0164,1.6770
11816,19:31:40.178,2085,0.0183,1.6802
11817,19:31:40.178,2072,0.0120,1.6697
11818,19:31:40.179,2065,0.0085,1.6641
11819,19:31:40.179,2062,0.0071,1.6617
11820,19:31:40.180,2070,0.0110,1.6681
11821,19:31:40.180,2071,0.0115,1.6689
11822,19:31:40.181,2069,0.0105,1.6673
11823,19:31:40.181,2070,0.0110,1.6681
11824,19:31:40.182,2079,0.0154,1.6754
11825,19:31:40.182,2080,0.0159,1.6762
11826,19:31:40.183,2074,0.0129,1.6714
11827,19:31:40.183,2063,0.0076,1.6625
11828,19:31:40.184,2061,0.0066,1.6609
11829,19:31:40.184,2066,0.0090,1.6649
11830,19:31:40.185,2072,0.0120,1.6697
11831,19:31:40.185,2070,0.0110,1.6681
11832,19:31:40.186,2070,0.0110,1.6681
11833,19:31:40.186,2076,0.0139,1.6730
11834,19:31:40.187,2079,0.0154,1.6754
11835,19:31:40.187,2073,0.0125,1.6705
11836,19:31:40.188,2064,0.0081,1.6633
11837,19:31:40.188,2058,0.0051,1.6585
11838,19:31:40.189,2071,0.0115,1.6689
11839,19:31:40.189,2073,0.0125,1.6705
11840,19:31:40.190,2072,0.0120,1.6697
11841,19:31:40.190,2065,0.0085,1.6641
11842,19:31:40.191,2075,0.0134,1.6722
11843,19:31:40.191,2078,0.0149,1.6746
11844,19:31:40.192,2077,0.0144,1.6738
11845,19:31:40.192,2066,0.0090,1.6649
11846,19:31:40.193,2060,0.0061,1.6601
11847,19:31:40.193,2068,0.0100,1.6665
11848,19:31:40.194,2074,0.0129,1.6714
11849,19:31:40.194,2075,0.0134,1.6722
11850,19:31:40.195,2062,0.0071,1.6617
11851,19:31:40.195,2075,0.0134,1.6722
11852,19:31:40.196,2077,0.0144,1.6738
11853,19:31:40.196,2076,0.0139,1.6730
11854,19:31:40.197,2063,0.0076,1.6625
11855,19:31:40.197,2066,0.0090,1.6649
11856,19:31:40.198,2073,0.0125,1.6705
11857,19:31:40.198,2078,0.0149,1.6746
11858,19:31:40.199,2072,0.0120,1.6697
11859,19:31:40.199,2061,0.0066,1.6609
11860,19:31:40.200,2067,0.0095,1.6657
11861,19:31:40.200,2074,0.0129,1.6714
11862,19:31:40.201,2077,0.0144,1.6738
11863,19:31:40.201,2064,0.0081,1.6633
11864,19:31:40.202,2067,0.0095,1.6657
11865,19:31:40.202,2074,0.0129,1.6714
11866,19:31:40.203,2079,0.0154,1.6754
11867,19:31:40.203,2076,0.0139,1.6730
11868,19:31:40.204,2065,0.0085,1.6641
11869,19:31:40.204,2064,0.0081,1.6633
11870,19:31:40.205,2072,0.0120,1.6697
11871,19:31:40.205,2075,0.0134,1.6722
11872,19:31:40.206,2069,0.0105,1.6673
11873,19:31:40.206,2073,0.0125,1.6705
11874,19:31:40.207,2073,0.0125,1.6705
11875,19:31:40.207,2080,0.0159,1.6762
11876,19:31:40.208,2078,0.0149,1.6746
11877,19:31:40.208,2065,0.0085,1.6641
11878,19:31:40.209,2066,0.0090,1.6649
11879,19:31:40.209,2069,0.0105,1.6673
11880,19:31:40.210,2071,0.0115,1.6689
11881,19:31:40.210,2064,0.0081,1.6633
11882,19:31:40.211,2072,0.0120,1.6697
11883,19:31:40.211,2076,0.0139,1.6730
11884,19:31:40.212,2082,0.0168,1.6778
11885,19:31:40.212,2075,0.0134,1.6722
11886,19:31:40.213,2066,0.0090,1.6649
11887,19:31:40.213,2065,0.0085,1.6641
11888,19:31:40.214,2068,0.0100,1.6665
11889,19:31:40.214,2071,0.0115,1.6689
11890,19:31:40.215,2066,0.0090,1.6649
11891,19:31:40.215,2075,0.0134,1.6722
11892,19:31:40.216,2079,0.0154,1.6754
11893,19:31:40.216,2080,0.0159,1.6762
11894,19:31:40.217,2077,0.0144,1.6738
11895,19:31:40.217,2066,0.0090,1.6649
11896,19:31:40.218,2068,0.0100,1.6665
11897,19:31:40.218,2067,0.0095,1.6657
11898,19:31:40.219,2075,0.0134,1.6722
11899,19:31:40.219,2067,0.0095,1.6657
11900,19:31:40.220,2074,0.0129,1.6714
11901,19:31:40.220,2079,0.0154,1.6754
11902,19:31:40.221,2081,0.0164,1.6770
11903,19:31:40.221,2078,0.0149,1.6746
11904,19:31:40.222,2068,0.0100,1.6665
11905,19:31:40.222,2066,0.0090,1.6649
11906,19:31:40.223,2065,0.0085,1.6641
11907,19:31:40.223,2076,0.0139,1.6730
11908,19:31:40.224,2069,0.0105,1.6673
11909,19:31:40.224,2071,0.0115,1.6689
11910,19:31:40.225,2077,0.0144,1.6738
11911,19:31:40.225,2076,0.0139,1.6730
11912,19:31:40.226,2076,0.0139,1.6730
11913,19:31:40.226,2065,0.0085,1.6641
11914,19:31:40.227,2066,0.0090,1.6649
11915,19:31:40.227,2068,0.0100,1.6665
11916,19:31:40.228,2075,0.0134,1.6722
11917,19:31:40.228,2074,0.0129,1.6714
11918,19:31:40.229,2068,0.0100,1.6665
11919,19:31:40.229,2075,0.0134,1.6722
11920,19:31:40.230,2077,0.0144,1.6738
11921,19:31:40.230,2076,0.0139,1.6730
11922,19:31:40.231,2064,0.0081,1.6633
11923,19:31:40.231,2066,0.0090,1.6649
11924,19:31:40.232,2069,0.0105,1.6673
11925,19:31:40.232,2079,0.0154,1.6754
11926,19:31:40.233,2077,0.0144,1.6738
11927,19:31:40.233,2065,0.0085,1.6641
11928,19:31:40.234,2072,0.0120,1.6697
11929,19:31:40.234,2072,0.0120,1.6697
11930,19:31:40.235,2077,0.0144,1.6738
11931,19:31:40.235,2061,0.0066,1.6609
11932,19:31:40.236,2068,0.0100,1.6665
11933,19:31:40.236,2071,0.0115,1.6689
11934,19:31:40.237,2077,0.0144,1.6738
11935,19:31:40.237,2078,0.0149,1.6746
11936,19:31:40.238,2066,0.0090,1.6649
11937,19:31:40.238,2069,0.0105,1.6673
11938,19:31:40.239,2069,0.0105,1.6673
11939,19:31:40.239,2073,0.0125,1.6705
11940,19:31:40.240,2065,0.0085,1.6641
11941,19:31:40.240,2069,0.0105,1.6673
11942,19:31:40.241,2073,0.0125,1.6705
11943,19:31:40.241,2076,0.0139,1.6730
11944,19:31:40.242,2077,0.0144,1.6738
11945,19:31:40.242,2064,0.0081,1.6633
11946,19:31:40.243,2066,0.0090,1.6649
11947,19:31:40.243,2069,0.0105,1.6673
11948,19:31:40.244,2072,0.0120,1.6697
11949,19:31:40.244,2065,0.0085,1.6641
11950,19:31:40.245,2071,0.0115,1.6689
11951,19:31:40.245,2073,0.0125,1.6705
11952,19:31:40.246,2077,0.0144,1.6738
11953,19:31:40.246,2078,0.0149,1.6746
11954,19:31:40.247,2066,0.0090,1.6649
11955,19:31:40.247,2067,0.0095,1.6657
11956,19:31:40.248,2068,0.0100,1.6665
11957,19:31:40.248,2073,0.0125,1.6705
11958,19:31:40.249,2066,0.0090,1.6649
11959,19:31:40.249,2075,0.0134,1.6722
11960,19:31:40.250,2076,0.0139,1.6730
11961,19:31:40.250,2079,0.0154,1.6754
11962,19:31:40.251,2073,0.0125,1.6705
11963,19:31:40.251,2065,0.0085,1.6641
11964,19:31:40.252,2065,0.0085,1.6641
11965,19:31:40.252,2067,0.0095,1.6657
11966,19:31:40.253,2072,0.0120,1.6697
11967,19:31:40.253,2068,0.0100,1.6665
11968,19:31:40.254,2073,0.0125,1.6705
11969,19:31:40.254,2074,0.0129,1.6714
11970,19:31:40.255,2078,0.0149,1.6746
11971,19:31:40.255,2073,0.0125,1.6705
11972,19:31:40.256,2068,0.0100,1.6665
11973,19:31:40.256,2068,0.0100,1.6665
11974,19:31:40.257,2066,0.0090,1.6649
11975,19:31:40.257,2074,0.0129,1.6714
11976,19:31:40.258,2066,0.0090,1.6649
11977,19:31:40.258,2071,0.0115,1.6689
11978,19:31:40.259,2078,0.0149,1.6746
11979,19:31:40.259,2076,0.0139,1.6730
11980,19:31:40.260,2073,0.0125,1.6705
11981,19:31:40.260,2067,0.0095,1.6657
11982,19:31:40.261,2065,0.0085,1.6641
11983,19:31:40.261,2065,0.0085,1.6641
11984,19:31:40.262,2075,0.0134,1.6722
11985,19:31:40.262,2071,0.0115,1.6689
11986,19:31:40.263,2070,0.0110,1.6681
11987,19:31:40.263,2077,0.0144,1.6738
11988,19:31:40.264,2078,0.0149,1.6746
11989,19:31:40.264,2075,0.0134,1.6722
11990,19:31:40.265,2069,0.0105,1.6673
11991,19:31:40.265,2067,0.0095,1.6657
11992,19:31:40.266,2064,0.0081,1.6633
11993,19:31:40.266,2073,0.0125,1.6705
11994,19:31:40.267,2075,0.0134,1.6722
11995,19:31:40.267,2066,0.0090,1.6649
11996,19:31:40.268,2077,0.0144,1.6738
11997,19:31:40.268,2069,0.0105,1.6673
11998,19:31:40.269,2077,0.0144,1.6738
11999,19:31:40.269,2066,0.0090,1.6649
12000,19:31:40.270,2070,0.0110,1.6681
12001,19:31:40.270,2069,0.0105,1.6673
12002,19:31:40.271,2079,0.0154,1.6754
12003,19:31:40.271,2079,0.0154,1.6754
12004,19:31:40.272,2062,0.0071,1.6617
12005,19:31:40.272,2078,0.0149,1.6746
12006,19:31:40.273,2064,0.0081,1.6633
12007,19:31:40.273,2075,0.0134,1.6722
12008,19:31:40.274,2061,0.0066,1.6609
12009,19:31:40.274,2071,0.0115,1.6689
12010,19:31:40.275,2075,0.0134,1.6722
12011,19:31:40.275,2070,0.0110,1.6681
12012,19:31:40.276,2079,0.0154,1.6754
12013,19:31:40.276,2056,0.0042,1.6568
12014,19:31:40.277,2075,0.0134,1.6722
12015,19:31:40.277,2072,0.0120,1.6697
12016,19:31:40.278,2070,0.0110,1.6681
12017,19:31:40.278,2067,0.0095,1.6657
12018,19:31:40.279,2067,0.0095,1.6657
12019,19:31:40.279,2077,0.0144,1.6738
12020,19:31:40.280,2071,0.0115,1.6689
12021,19:31:40.280,2072,0.0120,1.6697
12022,19:31:40.281,2070,0.0110,1.6681
12023,19:31:40.281,2070,0.0110,1.6681
12024,19:31:40.282,2073,0.0125,1.6705
12025,19:31:40.282,2066,0.0090,1.6649
12026,19:31:40.283,2067,0.0095,1.6657
12027,19:31:40.283,2071,0.0115,1.6689
12028,19:31:40.284,2072,0.0120,1.6697
12029,19:31:40.284,2071,0.0115,1.6689
12030,19:31:40.285,2070,0.0110,1.6681
12031,19:31:40.285,2070,0.0110,1.6681
12032,19:31:40.286,2073,0.0125,1.6705
12033,19:31:40.286,2073,0.0125,1.6705
12034,19:31:40.287,2066,0.0090,1.6649
12035,19:31:40.287,2068,0.0100,1.6665
12036,19:31:40.288,2071,0.0115,1.6689
12037,19:31:40.288,2071,0.0115,1.6689
12038,19:31:40.289,2068,0.0100,1.6665
12039,19:31:40.289,2067,0.0095,1.6657
12040,19:31:40.290,2070,0.0110,1.6681
12041,19:31:40.290,2068,0.0100,1.6665
12042,19:31:40.291,2074,0.0129,1.6714
12043,19:31:40.291,2072,0.0120,1.6697
12044,19:31:40.292,2072,0.0120,1.6697
12045,19:31:40.292,2072,0.0120,1.6697
12046,19:31:40.293,2072,0.0120,1.6697
12047,19:31:40.293,2072,0.0120,1.6697
12048,19:31:40.294,2070,0.0110,1.6681
12049,19:31:40.294,2068,0.0100,1.6665
12050,19:31:40.295,2069,0.0105,1.6673
12051,19:31:40.295,2068,0.0100,1.6665
12052,19:31:40.296,2071,0.0115,1.6689
12053,19:31:40.296,2072,0.0120,1.6697
12054,19:31:40.297,2074,0.0129,1.6714
12055,19:31:40.297,2070,0.0110,1.6681
12056,19:31:40.298,2069,0.0105,1.6673
12057,19:31:40.298,2069,0.0105,1.6673
12058,19:31:40.299,2072,0.0120,1.6697
12059,19:31:40.299,2071,0.0115,1.6689
12060,19:31:40.300,2068,0.0100,1.6665
12061,19:31:40.300,2069,0.0105,1.6673
12062,19:31:40.301,2072,0.0120,1.6697
12063,19:31:40.301,2070,0.0110,1.6681
12064,19:31:40.302,2073,0.0125,1.6705
12065,19:31:40.302,2071,0.0115,1.6689
12066,19:31:40.303,2071,0.0115,1.6689
12067,19:31:40.303,2070,0.0110,1.6681
12068,19:31:40.304,2072,0.0120,1.6697
12069,19:31:40.304,2066,0.0090,1.6649
12070,19:31:40.305,2069,0.0105,1.6673
12071,19:31:40.305,2073,0.0125,1.6705
12072,19:31:40.306,2072,0.0120,1.6697
12073,19:31:40.306,2072,0.0120,1.6697
12074,19:31:40.307,2070,0.0110,1.6681
12075,19:31:40.307,2068,0.0100,1.6665
12076,19:31:40.308,2070,0.0110,1.6681
12077,19:31:40.308,2073,0.0125,1.6705
12078,19:31:40.309,2069,0.0105,1.6673
12079,19:31:40.309,2069,0.0105,1.6673
12080,19:31:40.310,2069,0.0105,1.6673
12081,19:31:40.310,2071,0.0115,1.6689
12082,19:31:40.311,2071,0.0115,1.6689
12083,19:31:40.311,2069,0.0105,1.6673
12084,19:31:40.312,2072,0.0120,1.6697
12085,19:31:40.312,2071,0.0115,1.6689
12086,19:31:40.313,2072,0.0120,1.6697
12087,19:31:40.313,2069,0.0105,1.6673
12088,19:31:40.314,2070,0.0110,1.6681
12089,19:31:40.314,2073,0.0125,1.6705
12090,19:31:40.315,2068,0.0100,1.6665
12091,19:31:40.315,2072,0.0120,1.6697
12092,19:31:40.316,2067,0.0095,1.6657
12093,19:31:40.316,2068,0.0100,1.6665
12094,19:31:40.317,2073,0.0125,1.6705
12095,19:31:40.317,2075,0.0134,1.6722
12096,19:31:40.318,2071,0.0115,1.6689
12097,19:31:40.318,2067,0.0095,1.6657
12098,19:31:40.319,2073,0.0125,1.6705
12099,19:31:40.319,2072,0.0120,1.6697
12100,19:31:40.320,2073,0.0125,1.6705
12101,19:31:40.320,2071,0.0115,1.6689
12102,19:31:40.321,2069,0.0105,1.6673
12103,19:31:40.321,2075,0.0134,1.6722
12104,19:31:40.322,2069,0.0105,1.6673
12105,19:31:40.322,2069,0.0105,1.6673
12106,19:31:40.323,2072,0.0120,1.6697
12107,19:31:40.323,2071,0.0115,1.6689
12108,19:31:40.324,2071,0.0115,1.6689
12109,19:31:40.324,2069,0.0105,1.6673
12110,19:31:40.325,2071,0.0115,1.6689
12111,19:31:40.325,2073,0.0125,1.6705
12112,19:31:40.326,2074,0.0129,1.6714
12113,19:31:40.326,2074,0.0129,1.6714
12114,19:31:40.327,2072,0.0120,1.6697
12115,19:31:40.327,2070,0.0110,1.6681
12116,19:31:40.328,2071,0.0115,1.6689
12117,19:31:40.328,2071,0.0115,1.6689
12118,19:31:40.329,2071,0.0115,1.6689
12119,19:31:40.329,2071,0.0115,1.6689
12120,19:31:40.330,2072,0.0120,1.6697
12121,19:31:40.330,2076,0.0139,1.6730
12122,19:31:40.331,2072,0.0120,1.6697
12123,19:31:40.331,2072,0.0120,1.6697
12124,19:31:40.332,2073,0.0125,1.6705
12125,19:31:40.332,2074,0.0129,1.6714
12126,19:31:40.333,2070,0.0110,1.6681
12127,19:31:40.333,2074,0.0129,1.6714
12128,19:31:40.334,2072,0.0120,1.6697
12129,19:31:40.334,2069,0.0105,1.6673
12130,19:31:40.335,2073,0.0125,1.6705
12131,19:31:40.335,2092,0.0217,1.6859
12132,19:31:40.336,2060,0.0061,1.6601
12133,19:31:40.336,2054,0.0032,1.6552
12134,19:31:40.337,2092,0.0217,1.6859
12135,19:31:40.337,2083,0.0173,1.6786
12136,19:31:40.338,2085,0.0183,1.6802
12137,19:31:40.338,2035,-0.0061,1.6399
12138,19:31:40.339,2074,0.0129,1.6714
12139,19:31:40.339,2078,0.0149,1.6746
12140,19:31:40.340,2093,0.0222,1.6867
12141,19:31:40.340,2054,0.0032,1.6552
12142,19:31:40.341,2056,0.0042,1.6568
12143,19:31:40.341,2102,0.0266,1.6939
12144,19:31:40.342,2069,0.0105,1.6673
12145,19:31:40.342,2089,0.0203,1.6834
12146,19:31:40.343,2027,-0.0100,1.6335
12147,19:31:40.343,2078,0.0149,1.6746
12148,19:31:40.344,2082,0.0168,1.6778
12149,19:31:40.344,2094,0.0227,1.6875
12150,19:31:40.345,2065,0.0085,1.6641
12151,19:31:40.345,2036,-0.0056,1.6407
12152,19:31:40.346,2108,0.0295,1.6988
12153,19:31:40.346,2069,0.0105,1.6673
12154,19:31:40.347,2080,0.0159,1.6762
12155,19:31:40.347,2019,-0.0139,1.6270
12156,19:31:40.348,2077,0.0144,1.6738
12157,19:31:40.348,2093,0.0222,1.6867
12158,19:31:40.349,2096,0.0237,1.6891
12159,19:31:40.349,2065,0.0085,1.6641
12160,19:31:40.350,2037,-0.0051,1.6415
12161,19:31:40.350,2101,0.0261,1.6931
12162,19:31:40.351,2068,0.0100,1.6665
12163,19:31:40.351,2077,0.0144,1.6738
12164,19:31:40.352,2026,-0.0105,1.6327
12165,19:31:40.352,2072,0.0120,1.6697
12166,19:31:40.353,2096,0.0237,1.6891
12167,19:31:40.353,2096,0.0237,1.6891
12168,19:31:40.354,2071,0.0115,1.6689
12169,19:31:40.354,2035,-0.0061,1.6399
12170,19:31:40.355,2099,0.0252,1.6915
12171,19:31:40.355,2070,0.0110,1.6681
12172,19:31:40.356,2075,0.0134,1.6722
12173,19:31:40.356,2031,-0.0081,1.6367
12174,19:31:40.357,2068,0.0100,1.6665
12175,19:31:40.357,2102,0.0266,1.6939
12176,19:31:40.358,2093,0.0222,1.6867
12177,19:31:40.358,2076,0.0139,1.6730
12178,19:31:40.359,2030,-0.0085,1.6359
12179,19:31:40.359,2093,0.0222,1.6867
12180,19:31:40.360,2075,0.0134,1.6722
12181,19:31:40.360,2075,0.0134,1.6722
12182,19:31:40.361,2032,-0.0076,1.6375
12183,19:31:40.361,2062,0.0071,1.6617
12184,19:31:40.362,2105,0.0281,1.6963
12185,19:31:40.362,2090,0.0208,1.6842
12186,19:31:40.363,2079,0.0154,1.6754
12187,19:31:40.363,2030,-0.0085,1.6359
12188,19:31:40.364,2090,0.0208,1.6842
12189,19:31:40.364,2079,0.0154,1.6754
12190,19:31:40.365,2076,0.0139,1.6730
12191,19:31:40.365,2038,-0.0046,1.6423
12192,19:31:40.366,2062,0.0071,1.6617
12193,19:31:40.366,2111,0.0310,1.7012
12194,19:31:40.367,2085,0.0183,1.6802
12195,19:31:40.367,2086,0.0188,1.6810
12196,19:31:40.368,2025,-0.0110,1.6319
12197,19:31:40.368,2089,0.0203,1.6834
12198,19:31:40.369,2081,0.0164,1.6770
12199,19:31:40.369,2076,0.0139,1.6730
12200,19:31:40.370,2041,-0.0032,1.6448
12201,19:31:40.370,2057,0.0046,1.6577
12202,19:31:40.371,2114,0.0325,1.7036
12203,19:31:40.371,2079,0.0154,1.6754
12204,19:31:40.372,2086,0.0188,1.6810
12205,19:31:40.372,2025,-0.0110,1.6319
12206,19:31:40.373,2085,0.0183,1.6802
12207,19:31:40.373,2085,0.0183,1.6802
12208,19:31:40.374,2077,0.0144,1.6738
12209,19:31:40.374,2046,-0.0007,1.6488
12210,19:31:40.375,2048,0.0002,1.6504
12211,19:31:40.375,2111,0.0310,1.7012
12212,19:31:40.376,2077,0.0144,1.6738
12213,19:31:40.376,2082,0.0168,1.6778
12214,19:31:40.377,2025,-0.0110,1.6319
12215,19:31:40.377,2081,0.0164,1.6770
12216,19:31:40.378,2092,0.0217,1.6859
12217,19:31:40.378,2080,0.0159,1.6762
12218,19:31:40.379,2054,0.0032,1.6552
12219,19:31:40.379,2045,-0.0012,1.6480
12220,19:31:40.380,2111,0.0310,1.7012
12221,19:31:40.380,2073,0.0125,1.6705
12222,19:31:40.381,2078,0.0149,1.6746
12223,19:31:40.381,2028,-0.0095,1.6343
12224,19:31:40.382,2076,0.0139,1.6730
12225,19:31:40.382,2090,0.0208,1.6842
12226,19:31:40.383,2082,0.0168,1.6778
12227,19:31:40.383,2062,0.0071,1.6617
12228,19:31:40.384,2040,-0.0037,1.6440
12229,19:31:40.384,2109,0.0300,1.6996
12230,19:31:40.385,2068,0.0100,1.6665
12231,19:31:40.385,2069,0.0105,1.6673
12232,19:31:40.386,2033,-0.0071,1.6383
12233,19:31:40.386,2075,0.0134,1.6722
12234,19:31:40.387,2096,0.0237,1.6891
12235,19:31:40.387,2083,0.0173,1.6786
12236,19:31:40.388,2066,0.0090,1.6649
12237,19:31:40.388,2036,-0.0056,1.6407
12238,19:31:40.389,2100,0.0256,1.6923
12239,19:31:40.389,2069,0.0105,1.6673
12240,19:31:40.390,2069,0.0105,1.6673
12241,19:31:40.390,2036,-0.0056,1.6407
12242,19:31:40.391,2067,0.0095,1.6657
12243,19:31:40.391,2096,0.0237,1.6891
12244,19:31:40.392,2086,0.0188,1.6810
12245,19:31:40.392,2075,0.0134,1.6722
12246,19:31:40.393,2033,-0.0071,1.6383
12247,19:31:40.393,2089,0.0203,1.6834
12248,19:31:40.394,2068,0.0100,1.6665
12249,19:31:40.394,2069,0.0105,1.6673
12250,19:31:40.395,2041,-0.0032,1.6448
12251,19:31:40.395,2063,0.0076,1.6625
12252,19:31:40.396,2097,0.0242,1.6899
12253,19:31:40.396,2087,0.0193,1.6818
12254,19:31:40.397,2079,0.0154,1.6754
12255,19:31:40.397,2035,-0.0061,1.6399
12256,19:31:40.398,2082,0.0168,1.6778
12257,19:31:40.398,2072,0.0120,1.6697
12258,19:31:40.399,2071,0.0115,1.6689
12259,19:31:40.399,2045,-0.0012,1.6480
12260,19:31:40.400,2058,0.0051,1.6585
12261,19:31:40.400,2101,0.0261,1.6931
12262,19:31:40.401,2080,0.0159,1.6762
12263,19:31:40.401,2084,0.0178,1.6794
12264,19:31:40.402,2032,-0.0076,1.6375
12265,19:31:40.402,2076,0.0139,1.6730
12266,19:31:40.403,2072,0.0120,1.6697
12267,19:31:40.403,2074,0.0129,1.6714
12268,19:31:40.404,2051,0.0017,1.6528
12269,19:31:40.404,2060,0.0061,1.6601
12270,19:31:40.405,2108,0.0295,1.6988
12271,19:31:40.405,2080,0.0159,1.6762
12272,19:31:40.406,2088,0.0198,1.6826
12273,19:31:40.406,2032,-0.0076,1.6375
12274,19:31:40.407,2075,0.0134,1.6722
12275,19:31:40.407,2077,0.0144,1.6738
12276,19:31:40.408,2074,0.0129,1.6714
12277,19:31:40.408,2055,0.0037,1.6560
12278,19:31:40.409,2051,0.0017,1.6528
12279,19:31:40.409,2106,0.0286,1.6971
12280,19:31:40.410,2072,0.0120,1.6697
12281,19:31:40.410,2086,0.0188,1.6810
12282,19:31:40.411,2032,-0.0076,1.6375
12283,19:31:40.411,2072,0.0120,1.6697
12284,19:31:40.412,2083,0.0173,1.6786
12285,19:31:40.412,2080,0.0159,1.6762
12286,19:31:40.413,2059,0.0056,1.6593
12287,19:31:40.413,2045,-0.0012,1.6480
12288,19:31:40.414,2108,0.0295,1.6988
12289,19:31:40.414,2068,0.0100,1.6665
12290,19:31:40.415,2085,0.0183,1.6802
12291,19:31:40.415,2032,-0.0076,1.6375
12292,19:31:40.416,2074,0.0129,1.6714
12293,19:31:40.416,2085,0.0183,1.6802
12294,19:31:40.417,2082,0.0168,1.6778
12295,19:31:40.417,2066,0.0090,1.6649
12296,19:31:40.418,2044,-0.0017,1.6472
12297,19:31:40.418,2109,0.0300,1.6996
12298,19:31:40.419,2066,0.0090,1.6649
12299,19:31:40.419,2082,0.0168,1.6778
12300,19:31:40.420,2033,-0.0071,1.6383
12301,19:31:40.420,2077,0.0144,1.6738
12302,19:31:40.421,2093,0.0222,1.6867
12303,19:31:40.421,2086,0.0188,1.6810
12304,19:31:40.422,2072,0.0120,1.6697
12305,19:31:40.422,2038,-0.0046,1.6423
12306,19:31:40.423,2100,0.0256,1.6923
12307,19:31:40.423,2066,0.0090,1.6649
12308,19:31:40.424,2075,0.0134,1.6722
12309,19:31:40.424,2040,-0.0037,1.6440
12310,19:31:40.425,2073,0.0125,1.6705
12311,19:31:40.425,2091,0.0212,1.6851
12312,19:31:40.426,2087,0.0193,1.6818
12313,19:31:40.426,2079,0.0154,1.6754
12314,19:31:40.427,2036,-0.0056,1.6407
12315,19:31:40.427,2096,0.0237,1.6891
12316,19:31:40.428,2065,0.0085,1.6641
12317,19:31:40.428,2072,0.0120,1.6697
12318,19:31:40.429,2046,-0.0007,1.6488
12319,19:31:40.429,2066,0.0090,1.6649
12320,19:31:40.430,2095,0.0232,1.6883
12321,19:31:40.430,2086,0.0188,1.6810
12322,19:31:40.431,2083,0.0173,1.6786
12323,19:31:40.431,2038,-0.0046,1.6423
12324,19:31:40.432,2087,0.0193,1.6818
12325,19:31:40.432,2068,0.0100,1.6665
12326,19:31:40.433,2074,0.0129,1.6714
12327,19:31:40.433,2054,0.0032,1.6552
12328,19:31:40.434,2066,0.0090,1.6649
12329,19:31:40.434,2099,0.0252,1.6915
12330,19:31:40.435,2081,0.0164,1.6770
12331,19:31:40.435,2085,0.0183,1.6802
12332,19:31:40.436,2038,-0.0046,1.6423
12333,19:31:40.436,2075,0.0134,1.6722
12334,19:31:40.437,2073,0.0125,1.6705
12335,19:31:40.437,2070,0.0110,1.6681
12336,19:31:40.438,2059,0.0056,1.6593
12337,19:31:40.438,2058,0.0051,1.6585
12338,19:31:40.439,2102,0.0266,1.6939
12339,19:31:40.439,2082,0.0168,1.6778
12340,19:31:40.440,2089,0.0203,1.6834
12341,19:31:40.440,2034,-0.0066,1.6391
12342,19:31:40.441,2068,0.0100,1.6665
12343,19:31:40.441,2073,0.0125,1.6705
12344,19:31:40.442,2071,0.0115,1.6689
12345,19:31:40.442,2064,0.0081,1.6633
12346,19:31:40.443,2055,0.0037,1.6560
12347,19:31:40.443,2102,0.0266,1.6939
12348,19:31:40.444,2075,0.0134,1.6722
12349,19:31:40.444,2088,0.0198,1.6826
12350,19:31:40.445,2037,-0.0051,1.6415
12351,19:31:40.445,2065,0.0085,1.6641
12352,19:31:40.446,2081,0.0164,1.6770
12353,19:31:40.446,2073,0.0125,1.6705
12354,19:31:40.447,2066,0.0090,1.6649
12355,19:31:40.447,2049,0.0007,1.6512
12356,19:31:40.448,2104,0.0276,1.6955
12357,19:31:40.448,2074,0.0129,1.6714
12358,19:31:40.449,2084,0.0178,1.6794
12359,19:31:40.449,2036,-0.0056,1.6407
12360,19:31:40.450,2067,0.0095,1.6657
12361,19:31:40.450,2086,0.0188,1.6810
12362,19:31:40.451,2075,0.0134,1.6722
12363,19:31:40.451,2068,0.0100,1.6665
12364,19:31:40.452,2044,-0.0017,1.6472
12365,19:31:40.452,2099,0.0252,1.6915
12366,19:31:40.453,2071,0.0115,1.6689
12367,19:31:40.453,2083,0.0173,1.6786
12368,19:31:40.454,2038,-0.0046,1.6423
12369,19:31:40.454,2066,0.0090,1.6649
12370,19:31:40.455,2085,0.0183,1.6802
12371,19:31:40.455,2081,0.0164,1.6770
12372,19:31:40.456,2070,0.0110,1.6681
12373,19:31:40.456,2040,-0.0037,1.6440
12374,19:31:40.457,2096,0.0237,1.6891
12375,19:31:40.457,2069,0.0105,1.6673
12376,19:31:40.458,2074,0.0129,1.6714
12377,19:31:40.458,2042,-0.0027,1.6456
12378,19:31:40.459,2070,0.0110,1.6681
12379,19:31:40.459,2088,0.0198,1.6826
12380,19:31:40.460,2082,0.0168,1.6778
12381,19:31:40.460,2077,0.0144,1.6738
12382,19:31:40.461,2038,-0.0046,1.6423
12383,19:31:40.461,2088,0.0198,1.6826
12384,19:31:40.462,2067,0.0095,1.6657
12385,19:31:40.462,2074,0.0129,1.6714
12386,19:31:40.463,2048,0.0002,1.6504
12387,19:31:40.463,2066,0.0090,1.6649
12388,19:31:40.464,2091,0.0212,1.6851
12389,19:31:40.464,2079,0.0154,1.6754
12390,19:31:40.465,2081,0.0164,1.6770
12391,19:31:40.465,2038,-0.0046,1.6423
12392,19:31:40.466,2085,0.0183,1.6802
12393,19:31:40.466,2064,0.0081,1.6633
12394,19:31:40.467,2071,0.0115,1.6689
12395,19:31:40.467,2052,0.0022,1.6536
12396,19:31:40.468,2064,0.0081,1.6633
12397,19:31:40.468,2099,0.0252,1.6915
12398,19:31:40.469,2077,0.0144,1.6738
12399,19:31:40.469,2084,0.0178,1.6794
12400,19:31:40.470,2040,-0.0037,1.6440
12401,19:31:40.470,2075,0.0134,1.6722
12402,19:31:40.471,2068,0.0100,1.6665
12403,19:31:40.471,2073,0.0125,1.6705
12404,19:31:40.472,2060,0.0061,1.6601
12405,19:31:40.472,2063,0.0076,1.6625
12406,19:31:40.473,2098,0.0247,1.6907
12407,19:31:40.473,2077,0.0144,1.6738
12408,19:31:40.474,2089,0.0203,1.6834
12409,19:31:40.474,2037,-0.0051,1.6415
12410,19:31:40.475,2070,0.0110,1.6681
12411,19:31:40.475,2073,0.0125,1.6705
12412,19:31:40.476,2069,0.0105,1.6673
12413,19:31:40.476,2066,0.0090,1.6649
12414,19:31:40.477,2057,0.0046,1.6577
12415,19:31:40.477,2100,0.0256,1.6923
12416,19:31:40.478,2076,0.0139,1.6730
12417,19:31:40.478,2091,0.0212,1.6851
12418,19:31:40.479,2041,-0.0032,1.6448
12419,19:31:40.479,2066,0.0090,1.6649
12420,19:31:40.480,2079,0.0154,1.6754
12421,19:31:40.480,2070,0.0110,1.6681
12422,19:31:40.481,2070,0.0110,1.6681
12423,19:31:40.481,2052,0.0022,1.6536
12424,19:31:40.482,2104,0.0276,1.6955
12425,19:31:40.482,2072,0.0120,1.6697
12426,19:31:40.483,2085,0.0183,1.6802
12427,19:31:40.483,2043,-0.0022,1.6464
12428,19:31:40.484,2062,0.0071,1.6617
12429,19:31:40.484,2080,0.0159,1.6762
12430,19:31:40.485,2075,0.0134,1.6722
12431,19:31:40.485,2074,0.0129,1.6714
12432,19:31:40.486,2048,0.0002,1.6504
12433,19:31:40.486,2100,0.0256,1.6923
12434,19:31:40.487,2069,0.0105,1.6673
12435,19:31:40.487,2085,0.0183,1.6802
12436,19:31:40.488,2045,-0.0012,1.6480
12437,19:31:40.488,2064,0.0081,1.6633
12438,19:31:40.489,2088,0.0198,1.6826
12439,19:31:40.489,2077,0.0144,1.6738
12440,19:31:40.490,2077,0.0144,1.6738
12441,19:31:40.490,2043,-0.0022,1.6464
12442,19:31:40.491,2098,0.0247,1.6907
12443,19:31:40.491,2068,0.0100,1.6665
12444,19:31:40.492,2082,0.0168,1.6778
12445,19:31:40.492,2043,-0.0022,1.6464
12446,19:31:40.493,2064,0.0081,1.6633
12447,19:31:40.493,2090,0.0208,1.6842
12448,19:31:40.494,2079,0.0154,1.6754
12449,19:31:40.494,2077,0.0144,1.6738
12450,19:31:40.495,2041,-0.0032,1.6448
12451,19:31:40.495,2091,0.0212,1.6851
12452,19:31:40.496,2065,0.0085,1.6641
12453,19:31:40.496,2077,0.0144,1.6738
12454,19:31:40.497,2050,0.0012,1.6520
12455,19:31:40.497,2063,0.0076,1.6625
12456,19:31:40.498,2090,0.0208,1.6842
12457,19:31:40.498,2079,0.0154,1.6754
12458,19:31:40.499,2079,0.0154,1.6754
12459,19:31:40.499,2043,-0.0022,1.6464
12460,19:31:40.500,2083,0.0173,1.6786
12461,19:31:40.500,2066,0.0090,1.6649
12462,19:31:40.501,2074,0.0129,1.6714
12463,19:31:40.501,2054,0.0032,1.6552
12464,19:31:40.502,2068,0.0100,1.6665
12465,19:31:40.502,2092,0.0217,1.6859
12466,19:31:40.503,2079,0.0154,1.6754
12467,19:31:40.503,2083,0.0173,1.6786
12468,19:31:40.504,2043,-0.0022,1.6464
12469,19:31:40.504,2077,0.0144,1.6738
12470,19:31:40.505,2067,0.0095,1.6657
12471,19:31:40.505,2072,0.0120,1.6697
12472,19:31:40.506,2061,0.0066,1.6609
12473,19:31:40.506,2063,0.0076,1.6625
12474,19:31:40.507,2095,0.0232,1.6883
12475,19:31:40.507,2079,0.0154,1.6754
12476,19:31:40.508,2081,0.0164,1.6770
12477,19:31:40.508,2044,-0.0017,1.6472
12478,19:31:40.509,2074,0.0129,1.6714
12479,19:31:40.509,2069,0.0105,1.6673
12480,19:31:40.510,2069,0.0105,1.6673
12481,19:31:40.510,2065,0.0085,1.6641
12482,19:31:40.511,2062,0.0071,1.6617
12483,19:31:40.511,2095,0.0232,1.6883
12484,19:31:40.512,2073,0.0125,1.6705
12485,19:31:40.512,2087,0.0193,1.6818
12486,19:31:40.513,2040,-0.0037,1.6440
12487,19:31:40.513,2065,0.0085,1.6641
12488,19:31:40.514,2074,0.0129,1.6714
12489,19:31:40.514,2071,0.0115,1.6689
12490,19:31:40.515,2067,0.0095,1.6657
12491,19:31:40.515,2056,0.0042,1.6568
12492,19:31:40.516,2099,0.0252,1.6915
12493,19:31:40.516,2074,0.0129,1.6714
12494,19:31:40.517,2084,0.0178,1.6794
12495,19:31:40.517,2045,-0.0012,1.6480
12496,19:31:40.518,2064,0.0081,1.6633
12497,19:31:40.518,2073,0.0125,1.6705
12498,19:31:40.519,2073,0.0125,1.6705
12499,19:31:40.519,2073,0.0125,1.6705
12500,19:31:40.520,2052,0.0022,1.6536
12501,19:31:40.520,2095,0.0232,1.6883
12502,19:31:40.521,2069,0.0105,1.6673
12503,19:31:40.521,2082,0.0168,1.6778
12504,19:31:40.522,2049,0.0007,1.6512
12505,19:31:40.522,2061,0.0066,1.6609
12506,19:31:40.523,2082,0.0168,1.6778
12507,19:31:40.523,2074,0.0129,1.6714
12508,19:31:40.524,2077,0.0144,1.6738
12509,19:31:40.524,2046,-0.0007,1.6488
12510,19:31:40.525,2093,0.0222,1.6867
12511,19:31:40.525,2069,0.0105,1.6673
12512,19:31:40.526,2080,0.0159,1.6762
12513,19:31:40.526,2048,0.0002,1.6504
12514,19:31:40.527,2058,0.0051,1.6585
12515,19:31:40.527,2083,0.0173,1.6786
12516,19:31:40.528,2076,0.0139,1.6730
12517,19:31:40.528,2082,0.0168,1.6778
12518,19:31:40.529,2048,0.0002,1.6504
12519,19:31:40.529,2090,0.0208,1.6842
12520,19:31:40.530,2069,0.0105,1.6673
12521,19:31:40.530,2078,0.0149,1.6746
12522,19:31:40.531,2054,0.0032,1.6552
12523,19:31:40.531,2062,0.0071,1.6617
12524,19:31:40.532,2091,0.0212,1.6851
12525,19:31:40.532,2076,0.0139,1.6730
12526,19:31:40.533,2082,0.0168,1.6778
12527,19:31:40.533,2045,-0.0012,1.6480
12528,19:31:40.534,2085,0.0183,1.6802
12529,19:31:40.534,2063,0.0076,1.6625
12530,19:31:40.535,2075,0.0134,1.6722
12531,19:31:40.535,2060,0.0061,1.6601
12532,19:31:40.536,2063,0.0076,1.6625
12533,19:31:40.536,2093,0.0222,1.6867
12534,19:31:40.537,2078,0.0149,1.6746
12535,19:31:40.537,2083,0.0173,1.6786
12536,19:31:40.538,2045,-0.0012,1.6480
12537,19:31:40.538,2078,0.0149,1.6746
12538,19:31:40.539,2067,0.0095,1.6657
12539,19:31:40.539,2069,0.0105,1.6673
12540,19:31:40.540,2065,0.0085,1.6641
12541,19:31:40.540,2066,0.0090,1.6649
12542,19:31:40.541,2096,0.0237,1.6891
12543,19:31:40.541,2073,0.0125,1.6705
12544,19:31:40.542,2083,0.0173,1.6786
12545,19:31:40.542,2048,0.0002,1.6504
12546,19:31:40.543,2072,0.0120,1.6697
12547,19:31:40.543,2068,0.0100,1.6665
12548,19:31:40.544,2071,0.0115,1.6689
12549,19:31:40.544,2069,0.0105,1.6673
12550,19:31:40.545,2063,0.0076,1.6625
12551,19:31:40.545,2095,0.0232,1.6883
12552,19:31:40.546,2074,0.0129,1.6714
12553,19:31:40.546,2082,0.0168,1.6778
12554,19:31:40.547,2050,0.0012,1.6520
12555,19:31:40.547,2068,0.0100,1.6665
12556,19:31:40.548,2073,0.0125,1.6705
12557,19:31:40.548,2068,0.0100,1.6665
12558,19:31:40.549,2072,0.0120,1.6697
12559,19:31:40.549,2061,0.0066,1.6609
12560,19:31:40.550,2096,0.0237,1.6891
12561,19:31:40.550,2073,0.0125,1.6705
12562,19:31:40.551,2083,0.0173,1.6786
12563,19:31:40.551,2050,0.0012,1.6520
12564,19:31:40.552,2061,0.0066,1.6609
12565,19:31:40.552,2073,0.0125,1.6705
12566,19:31:40.553,2067,0.0095,1.6657
12567,19:31:40.553,2077,0.0144,1.6738
12568,19:31:40.554,2061,0.0066,1.6609
12569,19:31:40.554,2094,0.0227,1.6875
12570,19:31:40.555,2069,0.0105,1.6673
12571,19:31:40.555,2078,0.0149,1.6746
12572,19:31:40.556,2051,0.0017,1.6528
12573,19:31:40.556,2060,0.0061,1.6601
12574,19:31:40.557,2079,0.0154,1.6754
12575,19:31:40.557,2072,0.0120,1.6697
12576,19:31:40.558,2081,0.0164,1.6770
12577,19:31:40.558,2053,0.0027,1.6544
12578,19:31:40.559,2095,0.0232,1.6883
12579,19:31:40.559,2070,0.0110,1.6681
12580,19:31:40.560,2082,0.0168,1.6778
12581,19:31:40.560,2053,0.0027,1.6544
12582,19:31:40.561,2060,0.0061,1.6601
12583,19:31:40.561,2083,0.0173,1.6786
12584,19:31:40.562,2072,0.0120,1.6697
12585,19:31:40.562,2078,0.0149,1.6746
12586,19:31:40.563,2052,0.0022,1.6536
12587,19:31:40.563,2091,0.0212,1.6851
12588,19:31:40.564,2065,0.0085,1.6641
12589,19:31:40.564,2078,0.0149,1.6746
12590,19:31:40.565,2056,0.0042,1.6568
12591,19:31:40.565,2064,0.0081,1.6633
12592,19:31:40.566,2087,0.0193,1.6818
12593,19:31:40.566,2072,0.0120,1.6697
12594,19:31:40.567,2082,0.0168,1.6778
12595,19:31:40.567,2045,-0.0012,1.6480
12596,19:31:40.568,2087,0.0193,1.6818
12597,19:31:40.568,2063,0.0076,1.6625
12598,19:31:40.569,2074,0.0129,1.6714
12599,19:31:40.569,2059,0.0056,1.6593
12600,19:31:40.570,2062,0.0071,1.6617
12601,19:31:40.570,2088,0.0198,1.6826
12602,19:31:40.571,2074,0.0129,1.6714
12603,19:31:40.571,2083,0.0173,1.6786
12604,19:31:40.572,2048,0.0002,1.6504
12605,19:31:40.572,2080,0.0159,1.6762
12606,19:31:40.573,2067,0.0095,1.6657
12607,19:31:40.573,2074,0.0129,1.6714
12608,19:31:40.574,2066,0.0090,1.6649
12609,19:31:40.574,2068,0.0100,1.6665
12610,19:31:40.575,2088,0.0198,1.6826
12611,19:31:40.575,2074,0.0129,1.6714
12612,19:31:40.576,2080,0.0159,1.6762
12613,19:31:40.576,2052,0.0022,1.6536
12614,19:31:40.577,2078,0.0149,1.6746
12615,19:31:40.577,2064,0.0081,1.6633
12616,19:31:40.578,2067,0.0095,1.6657
12617,19:31:40.578,2069,0.0105,1.6673
12618,19:31:40.579,2072,0.0120,1.6697
12619,19:31:40.579,2085,0.0183,1.6802
12620,19:31:40.580,2073,0.0125,1.6705
12621,19:31:40.580,2075,0.0134,1.6722
12622,19:31:40.581,2066,0.0090,1.6649
12623,19:31:40.581,2072,0.0120,1.6697
12624,19:31:40.582,2068,0.0100,1.6665
12625,19:31:40.582,2061,0.0066,1.6609
12626,19:31:40.583,2069,0.0105,1.6673
12627,19:31:40.583,2073,0.0125,1.6705
12628,19:31:40.584,2083,0.0173,1.6786
12629,19:31:40.584,2068,0.0100,1.6665
12630,19:31:40.585,2069,0.0105,1.6673
12631,19:31:40.585,2078,0.0149,1.6746
12632,19:31:40.586,2072,0.0120,1.6697
12633,19:31:40.586,2065,0.0085,1.6641
12634,19:31:40.587,2068,0.0100,1.6665
12635,19:31:40.587,2071,0.0115,1.6689
12636,19:31:40.588,2077,0.0144,1.6738
12637,19:31:40.588,2075,0.0134,1.6722
12638,19:31:40.589,2066,0.0090,1.6649
12639,19:31:40.589,2068,0.0100,1.6665
12640,19:31:40.590,2078,0.0149,1.6746
12641,19:31:40.590,2078,0.0149,1.6746
12642,19:31:40.591,2066,0.0090,1.6649
12643,19:31:40.591,2064,0.0081,1.6633
12644,19:31:40.592,2072,0.0120,1.6697
12645,19:31:40.592,2077,0.0144,1.6738
12646,19:31:40.593,2071,0.0115,1.6689
12647,19:31:40.593,2065,0.0085,1.6641
12648,19:31:40.594,2068,0.0100,1.6665
12649,19:31:40.594,2083,0.0173,1.6786
12650,19:31:40.595,2075,0.0134,1.6722
12651,19:31:40.595,2063,0.0076,1.6625
12652,19:31:40.596,2064,0.0081,1.6633
12653,19:31:40.596,2075,0.0134,1.6722
12654,19:31:40.597,2080,0.0159,1.6762
12655,19:31:40.597,2072,0.0120,1.6697
12656,19:31:40.598,2064,0.0081,1.6633
12657,19:31:40.598,2062,0.0071,1.6617
12658,19:31:40.599,2082,0.0168,1.6778
12659,19:31:40.599,2078,0.0149,1.6746
12660,19:31:40.600,2066,0.0090,1.6649
12661,19:31:40.600,2064,0.0081,1.6633
12662,19:31:40.601,2078,0.0149,1.6746
12663,19:31:40.601,2080,0.0159,1.6762
12664,19:31:40.602,2069,0.0105,1.6673
12665,19:31:40.602,2065,0.0085,1.6641
12666,19:31:40.603,2066,0.0090,1.6649
12667,19:31:40.603,2081,0.0164,1.6770
12668,19:31:40.604,2076,0.0139,1.6730
12669,19:31:40.604,2067,0.0095,1.6657
12670,19:31:40.605,2061,0.0066,1.6609
12671,19:31:40.605,2076,0.0139,1.6730
12672,19:31:40.606,2082,0.0168,1.6778
12673,19:31:40.606,2069,0.0105,1.6673
12674,19:31:40.607,2061,0.0066,1.6609
12675,19:31:40.607,2068,0.0100,1.6665
12676,19:31:40.608,2078,0.0149,1.6746
12677,19:31:40.608,2080,0.0159,1.6762
12678,19:31:40.609,2068,0.0100,1.6665
12679,19:31:40.609,2061,0.0066,1.6609
12680,19:31:40.610,2076,0.0139,1.6730
12681,19:31:40.610,2078,0.0149,1.6746
12682,19:31:40.611,2068,0.0100,1.6665
12683,19:31:40.611,2062,0.0071,1.6617
12684,19:31:40.612,2070,0.0110,1.6681
12685,19:31:40.612,2078,0.0149,1.6746
12686,19:31:40.613,2079,0.0154,1.6754
12687,19:31:40.613,2069,0.0105,1.6673
12688,19:31:40.614,2063,0.0076,1.6625
12689,19:31:40.614,2074,0.0129,1.6714
12690,19:31:40.615,2082,0.0168,1.6778
12691,19:31:40.615,2067,0.0095,1.6657
12692,19:31:40.616,2062,0.0071,1.6617
12693,19:31:40.616,2067,0.0095,1.6657
12694,19:31:40.617,2088,0.0198,1.6826
12695,19:31:40.617,2065,0.0085,1.6641
12696,19:31:40.618,2071,0.0115,1.6689
12697,19:31:40.618,2053,0.0027,1.6544
12698,19:31:40.619,2072,0.0120,1.6697
12699,19:31:40.619,2081,0.0164,1.6770
12700,19:31:40.620,2060,0.0061,1.6601
12701,19:31:40.620,2080,0.0159,1.6762
12702,19:31:40.621,2053,0.0027,1.6544
12703,19:31:40.621,2086,0.0188,1.6810
12704,19:31:40.622,2074,0.0129,1.6714
12705,19:31:40.622,2080,0.0159,1.6762
12706,19:31:40.623,2047,-0.0002,1.6496
12707,19:31:40.623,2060,0.0061,1.6601
12708,19:31:40.624,2094,0.0227,1.6875
12709,19:31:40.624,2069,0.0105,1.6673
12710,19:31:40.625,2074,0.0129,1.6714
12711,19:31:40.625,2056,0.0042,1.6568
12712,19:31:40.626,2074,0.0129,1.6714
12713,19:31:40.626,2080,0.0159,1.6762
12714,19:31:40.627,2072,0.0120,1.6697
12715,19:31:40.627,2050,0.0012,1.6520
12716,19:31:40.628,2064,0.0081,1.6633
12717,19:31:40.628,2090,0.0208,1.6842
12718,19:31:40.629,2081,0.0164,1.6770
12719,19:31:40.629,2072,0.0120,1.6697
12720,19:31:40.630,2053,0.0027,1.6544
12721,19:31:40.630,2069,0.0105,1.6673
12722,19:31:40.631,2079,0.0154,1.6754
12723,19:31:40.631,2077,0.0144,1.6738
12724,19:31:40.632,2055,0.0037,1.6560
12725,19:31:40.632,2062,0.0071,1.6617
12726,19:31:40.633,2093,0.0222,1.6867
12727,19:31:40.633,2086,0.0188,1.6810
12728,19:31:40.634,2072,0.0120,1.6697
12729,19:31:40.634,2052,0.0022,1.6536
12730,19:31:40.635,2064,0.0081,1.6633
12731,19:31:40.635,2081,0.0164,1.6770
12732,19:31:40.636,2074,0.0129,1.6714
12733,19:31:40.636,2056,0.0042,1.6568
12734,19:31:40.637,2057,0.0046,1.6577
12735,19:31:40.637,2090,0.0208,1.6842
12736,19:31:40.638,2092,0.0217,1.6859
12737,19:31:40.638,2070,0.0110,1.6681
12738,19:31:40.639,2054,0.0032,1.6552
12739,19:31:40.639,2063,0.0076,1.6625
12740,19:31:40.640,2077,0.0144,1.6738
12741,19:31:40.640,2072,0.0120,1.6697
12742,19:31:40.641,2059,0.0056,1.6593
12743,19:31:40.641,2055,0.0037,1.6560
12744,19:31:40.642,2089,0.0203,1.6834
12745,19:31:40.642,2093,0.0222,1.6867
12746,19:31:40.643,2070,0.0110,1.6681
12747,19:31:40.643,2050,0.0012,1.6520
12748,19:31:40.644,2062,0.0071,1.6617
12749,19:31:40.644,2082,0.0168,1.6778
12750,19:31:40.645,2074,0.0129,1.6714
12751,19:31:40.645,2062,0.0071,1.6617
12752,19:31:40.646,2053,0.0027,1.6544
12753,19:31:40.646,2090,0.0208,1.6842
12754,19:31:40.647,2093,0.0222,1.6867
12755,19:31:40.647,2071,0.0115,1.6689
12756,19:31:40.648,2044,-0.0017,1.6472
12757,19:31:40.648,2059,0.0056,1.6593
12758,19:31:40.649,2083,0.0173,1.6786
12759,19:31:40.649,2073,0.0125,1.6705
12760,19:31:40.650,2065,0.0085,1.6641
12761,19:31:40.650,2055,0.0037,1.6560
12762,19:31:40.651,2089,0.0203,1.6834
12763,19:31:40.651,2090,0.0208,1.6842
12764,19:31:40.652,2072,0.0120,1.6697
12765,19:31:40.652,2043,-0.0022,1.6464
12766,19:31:40.653,2064,0.0081,1.6633
12767,19:31:40.653,2084,0.0178,1.6794
12768,19:31:40.654,2072,0.0120,1.6697
12769,19:31:40.654,2067,0.0095,1.6657
12770,19:31:40.655,2051,0.0017,1.6528
12771,19:31:40.655,2086,0.0188,1.6810
12772,19:31:40.656,2084,0.0178,1.6794
12773,19:31:40.656,2077,0.0144,1.6738
12774,19:31:40.657,2045,-0.0012,1.6480
12775,19:31:40.657,2065,0.0085,1.6641
12776,19:31:40.658,2084,0.0178,1.6794
12777,19:31:40.658,2074,0.0129,1.6714
12778,19:31:40.659,2068,0.0100,1.6665
12779,19:31:40.659,2054,0.0032,1.6552
12780,19:31:40.660,2080,0.0159,1.6762
12781,19:31:40.660,2083,0.0173,1.6786
12782,19:31:40.661,2075,0.0134,1.6722
12783,19:31:40.661,2046,-0.0007,1.6488
12784,19:31:40.662,2063,0.0076,1.6625
12785,19:31:40.662,2085,0.0183,1.6802
12786,19:31:40.663,2078,0.0149,1.6746
12787,19:31:40.663,2071,0.0115,1.6689
12788,19:31:40.664,2055,0.0037,1.6560
12789,19:31:40.664,2075,0.0134,1.6722
12790,19:31:40.665,2083,0.0173,1.6786
12791,19:31:40.665,2079,0.0154,1.6754
12792,19:31:40.666,2055,0.0037,1.6560
12793,19:31:40.666,2065,0.0085,1.6641
12794,19:31:40.667,2084,0.0178,1.6794
12795,19:31:40.667,2081,0.0164,1.6770
12796,19:31:40.668,2073,0.0125,1.6705
12797,19:31:40.668,2055,0.0037,1.6560
12798,19:31:40.669,2068,0.0100,1.6665
12799,19:31:40.669,2085,0.0183,1.6802
12800,19:31:40.670,2080,0.0159,1.6762
12801,19:31:40.670,2056,0.0042,1.6568
12802,19:31:40.671,2064,0.0081,1.6633
12803,19:31:40.671,2092,0.0217,1.6859
12804,19:31:40.672,2088,0.0198,1.6826
12805,19:31:40.672,2070,0.0110,1.6681
12806,19:31:40.673,2057,0.0046,1.6577
12807,19:31:40.673,2062,0.0071,1.6617
12808,19:31:40.674,2082,0.0168,1.6778
12809,19:31:40.674,2075,0.0134,1.6722
12810,19:31:40.675,2063,0.0076,1.6625
12811,19:31:40.675,2061,0.0066,1.6609
12812,19:31:40.676,2092,0.0217,1.6859
12813,19:31:40.676,2090,0.0208,1.6842
12814,19:31:40.677,2074,0.0129,1.6714
12815,19:31:40.677,2057,0.0046,1.6577
12816,19:31:40.678,2062,0.0071,1.6617
12817,19:31:40.678,2083,0.0173,1.6786
12818,19:31:40.679,2076,0.0139,1.6730
12819,19:31:40.679,2067,0.0095,1.6657
12820,19:31:40.680,2057,0.0046,1.6577
12821,19:31:40.680,2092,0.0217,1.6859
12822,19:31:40.681,2095,0.0232,1.6883
12823,19:31:40.681,2074,0.0129,1.6714
12824,19:31:40.682,2052,0.0022,1.6536
12825,19:31:40.682,2057,0.0046,1.6577
12826,19:31:40.683,2082,0.0168,1.6778
12827,19:31:40.683,2075,0.0134,1.6722
12828,19:31:40.684,2065,0.0085,1.6641
12829,19:31:40.684,2056,0.0042,1.6568
12830,19:31:40.685,2086,0.0188,1.6810
12831,19:31:40.685,2092,0.0217,1.6859
12832,19:31:40.686,2079,0.0154,1.6754
12833,19:31:40.686,2055,0.0037,1.6560
12834,19:31:40.687,2060,0.0061,1.6601
12835,19:31:40.687,2081,0.0164,1.6770
12836,19:31:40.688,2075,0.0134,1.6722
12837,19:31:40.688,2070,0.0110,1.6681
12838,19:31:40.689,2053,0.0027,1.6544
12839,19:31:40.689,2084,0.0178,1.6794
12840,19:31:40.690,2089,0.0203,1.6834
12841,19:31:40.690,2079,0.0154,1.6754
12842,19:31:40.691,2054,0.0032,1.6552
12843,19:31:40.691,2059,0.0056,1.6593
12844,19:31:40.692,2078,0.0149,1.6746
12845,19:31:40.692,2076,0.0139,1.6730
12846,19:31:40.693,2067,0.0095,1.6657
12847,19:31:40.693,2055,0.0037,1.6560
12848,19:31:40.694,2081,0.0164,1.6770
12849,19:31:40.694,2086,0.0188,1.6810
12850,19:31:40.695,2078,0.0149,1.6746
12851,19:31:40.695,2050,0.0012,1.6520
12852,19:31:40.696,2057,0.0046,1.6577
12853,19:31:40.696,2081,0.0164,1.6770
12854,19:31:40.697,2078,0.0149,1.6746
12855,19:31:40.697,2072,0.0120,1.6697
12856,19:31:40.698,2053,0.0027,1.6544
12857,19:31:40.698,2070,0.0110,1.6681
12858,19:31:40.699,2081,0.0164,1.6770
12859,19:31:40.699,2079,0.0154,1.6754
12860,19:31:40.700,2055,0.0037,1.6560
12861,19:31:40.700,2062,0.0071,1.6617
12862,19:31:40.701,2079,0.0154,1.6754
12863,19:31:40.701,2082,0.0168,1.6778
12864,19:31:40.702,2069,0.0105,1.6673
12865,19:31:40.702,2053,0.0027,1.6544
12866,19:31:40.703,2068,0.0100,1.6665
12867,19:31:40.703,2080,0.0159,1.6762
12868,19:31:40.704,2081,0.0164,1.6770
12869,19:31:40.704,2057,0.0046,1.6577
12870,19:31:40.705,2062,0.0071,1.6617
12871,19:31:40.705,2080,0.0159,1.6762
12872,19:31:40.706,2082,0.0168,1.6778
12873,19:31:40.706,2073,0.0125,1.6705
12874,19:31:40.707,2051,0.0017,1.6528
12875,19:31:40.707,2065,0.0085,1.6641
12876,19:31:40.708,2075,0.0134,1.6722
12877,19:31:40.708,2078,0.0149,1.6746
12878,19:31:40.709,2060,0.0061,1.6601
12879,19:31:40.709,2065,0.0085,1.6641
12880,19:31:40.710,2083,0.0173,1.6786
12881,19:31:40.710,2087,0.0193,1.6818
12882,19:31:40.711,2075,0.0134,1.6722
12883,19:31:40.711,2054,0.0032,1.6552
12884,19:31:40.712,2064,0.0081,1.6633
12885,19:31:40.712,2076,0.0139,1.6730
12886,19:31:40.713,2079,0.0154,1.6754
12887,19:31:40.713,2059,0.0056,1.6593
12888,19:31:40.714,2064,0.0081,1.6633
12889,19:31:40.714,2082,0.0168,1.6778
12890,19:31:40.715,2089,0.0203,1.6834
12891,19:31:40.715,2077,0.0144,1.6738
12892,19:31:40.716,2056,0.0042,1.6568
12893,19:31:40.716,2059,0.0056,1.6593
12894,19:31:40.717,2076,0.0139,1.6730
12895,19:31:40.717,2075,0.0134,1.6722
12896,19:31:40.718,2067,0.0095,1.6657
12897,19:31:40.718,2059,0.0056,1.6593
12898,19:31:40.719,2081,0.0164,1.6770
12899,19:31:40.719,2087,0.0193,1.6818
12900,19:31:40.720,2076,0.0139,1.6730
12901,19:31:40.720,2055,0.0037,1.6560
12902,19:31:40.721,2061,0.0066,1.6609
12903,19:31:40.721,2079,0.0154,1.6754
12904,19:31:40.722,2079,0.0154,1.6754
12905,19:31:40.722,2068,0.0100,1.6665
12906,19:31:40.723,2056,0.0042,1.6568
12907,19:31:40.723,2079,0.0154,1.6754
12908,19:31:40.724,2088,0.0198,1.6826
12909,19:31:40.724,2078,0.0149,1.6746
12910,19:31:40.725,2057,0.0046,1.6577
12911,19:31:40.725,2058,0.0051,1.6585
12912,19:31:40.726,2078,0.0149,1.6746
12913,19:31:40.726,2076,0.0139,1.6730
12914,19:31:40.727,2070,0.0110,1.6681
12915,19:31:40.727,2057,0.0046,1.6577
12916,19:31:40.728,2077,0.0144,1.6738
12917,19:31:40.728,2088,0.0198,1.6826
12918,19:31:40.729,2079,0.0154,1.6754
12919,19:31:40.729,2062,0.0071,1.6617
12920,19:31:40.730,2058,0.0051,1.6585
12921,19:31:40.730,2079,0.0154,1.6754
12922,19:31:40.731,2078,0.0149,1.6746
12923,19:31:40.731,2072,0.0120,1.6697
12924,19:31:40.732,2056,0.0042,1.6568
12925,19:31:40.732,2075,0.0134,1.6722
12926,19:31:40.733,2086,0.0188,1.6810
12927,19:31:40.733,2081,0.0164,1.6770
12928,19:31:40.734,2060,0.0061,1.6601
12929,19:31:40.734,2059,0.0056,1.6593
12930,19:31:40.735,2079,0.0154,1.6754
12931,19:31:40.735,2083,0.0173,1.6786
12932,19:31:40.736,2076,0.0139,1.6730
12933,19:31:40.736,2057,0.0046,1.6577
12934,19:31:40.737,2067,0.0095,1.6657
12935,19:31:40.737,2083,0.0173,1.6786
12936,19:31:40.738,2079,0.0154,1.6754
12937,19:31:40.738,2063,0.0076,1.6625
12938,19:31:40.739,2064,0.0081,1.6633
12939,19:31:40.739,2079,0.0154,1.6754
12940,19:31:40.740,2080,0.0159,1.6762
12941,19:31:40.740,2073,0.0125,1.6705
12942,19:31:40.741,2056,0.0042,1.6568
12943,19:31:40.741,2065,0.0085,1.6641
12944,19:31:40.742,2079,0.0154,1.6754
12945,19:31:40.742,2079,0.0154,1.6754
12946,19:31:40.743,2065,0.0085,1.6641
12947,19:31:40.743,2061,0.0066,1.6609
12948,19:31:40.744,2076,0.0139,1.6730
12949,19:31:40.744,2079,0.0154,1.6754
12950,19:31:40.745,2074,0.0129,1.6714
12951,19:31:40.745,2056,0.0042,1.6568
12952,19:31:40.746,2065,0.0085,1.6641
12953,19:31:40.746,2076,0.0139,1.6730
12954,19:31:40.747,2080,0.0159,1.6762
12955,19:31:40.747,2063,0.0076,1.6625
12956,19:31:40.748,2062,0.0071,1.6617
12957,19:31:40.748,2080,0.0159,1.6762
12958,19:31:40.749,2085,0.0183,1.6802
12959,19:31:40.749,2073,0.0125,1.6705
12960,19:31:40.750,2059,0.0056,1.6593
12961,19:31:40.750,2061,0.0066,1.6609
12962,19:31:40.751,2072,0.0120,1.6697
12963,19:31:40.751,2076,0.0139,1.6730
12964,19:31:40.752,2068,0.0100,1.6665
12965,19:31:40.752,2066,0.0090,1.6649
12966,19:31:40.753,2079,0.0154,1.6754
12967,19:31:40.753,2085,0.0183,1.6802
12968,19:31:40.754,2076,0.0139,1.6730
12969,19:31:40.754,2061,0.0066,1.6609
12970,19:31:40.755,2059,0.0056,1.6593
12971,19:31:40.755,2069,0.0105,1.6673
12972,19:31:40.756,2078,0.0149,1.6746
12973,19:31:40.756,2067,0.0095,1.6657
12974,19:31:40.757,2061,0.0066,1.6609
12975,19:31:40.757,2076,0.0139,1.6730
12976,19:31:40.758,2082,0.0168,1.6778
12977,19:31:40.758,2080,0.0159,1.6762
12978,19:31:40.759,2057,0.0046,1.6577
12979,19:31:40.759,2060,0.0061,1.6601
12980,19:31:40.760,2072,0.0120,1.6697
12981,19:31:40.760,2076,0.0139,1.6730
12982,19:31:40.761,2070,0.0110,1.6681
12983,19:31:40.761,2059,0.0056,1.6593
12984,19:31:40.762,2074,0.0129,1.6714
12985,19:31:40.762,2083,0.0173,1.6786
12986,19:31:40.763,2082,0.0168,1.6778
12987,19:31:40.763,2060,0.0061,1.6601
12988,19:31:40.764,2059,0.0056,1.6593
12989,19:31:40.764,2072,0.0120,1.6697
12990,19:31:40.765,2075,0.0134,1.6722
12991,19:31:40.765,2078,0.0149,1.6746
12992,19:31:40.766,2059,0.0056,1.6593
12993,19:31:40.766,2074,0.0129,1.6714
12994,19:31:40.767,2079,0.0154,1.6754
12995,19:31:40.767,2083,0.0173,1.6786
12996,19:31:40.768,2062,0.0071,1.6617
12997,19:31:40.768,2059,0.0056,1.6593
12998,19:31:40.769,2072,0.0120,1.6697
12999,19:31:40.769,2076,0.0139,1.6730
13000,19:31:40.770,2078,0.0149,1.6746
13001,19:31:40.770,2054,0.0032,1.6552
13002,19:31:40.771,2069,0.0105,1.6673
13003,19:31:40.771,2078,0.0149,1.6746
13004,19:31:40.772,2080,0.0159,1.6762
13005,19:31:40.772,2065,0.0085,1.6641
13006,19:31:40.773,2060,0.0061,1.6601
13007,19:31:40.773,2075,0.0134,1.6722
13008,19:31:40.774,2081,0.0164,1.6770
13009,19:31:40.774,2080,0.0159,1.6762
13010,19:31:40.775,2057,0.0046,1.6577
13011,19:31:40.775,2067,0.0095,1.6657
13012,19:31:40.776,2076,0.0139,1.6730
13013,19:31:40.776,2084,0.0178,1.6794
13014,19:31:40.777,2066,0.0090,1.6649
13015,19:31:40.777,2063,0.0076,1.6625
13016,19:31:40.778,2073,0.0125,1.6705
13017,19:31:40.778,2079,0.0154,1.6754
13018,19:31:40.779,2080,0.0159,1.6762
13019,19:31:40.779,2059,0.0056,1.6593
13020,19:31:40.780,2064,0.0081,1.6633
13021,19:31:40.780,2072,0.0120,1.6697
13022,19:31:40.781,2083,0.0173,1.6786
13023,19:31:40.781,2066,0.0090,1.6649
13024,19:31:40.782,2066,0.0090,1.6649
13025,19:31:40.782,2072,0.0120,1.6697
13026,19:31:40.783,2084,0.0178,1.6794
13027,19:31:40.783,2077,0.0144,1.6738
13028,19:31:40.784,2062,0.0071,1.6617
13029,19:31:40.784,2064,0.0081,1.6633
13030,19:31:40.785,2070,0.0110,1.6681
13031,19:31:40.785,2081,0.0164,1.6770
13032,19:31:40.786,2065,0.0085,1.6641
13033,19:31:40.786,2066,0.0090,1.6649
13034,19:31:40.787,2075,0.0134,1.6722
13035,19:31:40.787,2080,0.0159,1.6762
13036,19:31:40.788,2079,0.0154,1.6754
13037,19:31:40.788,2061,0.0066,1.6609
13038,19:31:40.789,2063,0.0076,1.6625
13039,19:31:40.789,2065,0.0085,1.6641
13040,19:31:40.790,2080,0.0159,1.6762
13041,19:31:40.790,2067,0.0095,1.6657
13042,19:31:40.791,2067,0.0095,1.6657
13043,19:31:40.791,2075,0.0134,1.6722
13044,19:31:40.792,2080,0.0159,1.6762
13045,19:31:40.792,2079,0.0154,1.6754
13046,19:31:40.793,2063,0.0076,1.6625
13047,19:31:40.793,2061,0.0066,1.6609
13048,19:31:40.794,2067,0.0095,1.6657
13049,19:31:40.794,2076,0.0139,1.6730
13050,19:31:40.795,2068,0.0100,1.6665
13051,19:31:40.795,2066,0.0090,1.6649
13052,19:31:40.796,2073,0.0125,1.6705
13053,19:31:40.796,2080,0.0159,1.6762
13054,19:31:40.797,2075,0.0134,1.6722
13055,19:31:40.797,2062,0.0071,1.6617
13056,19:31:40.798,2063,0.0076,1.6625
13057,19:31:40.798,2062,0.0071,1.6617
13058,19:31:40.799,2077,0.0144,1.6738
13059,19:31:40.799,2071,0.0115,1.6689
13060,19:31:40.800,2066,0.0090,1.6649
13061,19:31:40.800,2071,0.0115,1.6689
13062,19:31:40.801,2080,0.0159,1.6762
13063,19:31:40.801,2080,0.0159,1.6762
13064,19:31:40.802,2067,0.0095,1.6657
13065,19:31:40.802,2062,0.0071,1.6617
13066,19:31:40.803,2067,0.0095,1.6657
13067,19:31:40.803,2078,0.0149,1.6746
13068,19:31:40.804,2076,0.0139,1.6730
13069,19:31:40.804,2062,0.0071,1.6617
13070,19:31:40.805,2068,0.0100,1.6665
13071,19:31:40.805,2074,0.0129,1.6714
13072,19:31:40.806,2078,0.0149,1.6746
13073,19:31:40.806,2064,0.0081,1.6633
13074,19:31:40.807,2062,0.0071,1.6617
13075,19:31:40.807,2069,0.0105,1.6673
13076,19:31:40.808,2078,0.0149,1.6746
13077,19:31:40.808,2075,0.0134,1.6722
13078,19:31:40.809,2060,0.0061,1.6601
13079,19:31:40.809,2069,0.0105,1.6673
13080,19:31:40.810,2075,0.0134,1.6722
13081,19:31:40.810,2078,0.0149,1.6746
13082,19:31:40.811,2063,0.0076,1.6625
13083,19:31:40.811,2066,0.0090,1.6649
13084,19:31:40.812,2068,0.0100,1.6665
13085,19:31:40.812,2079,0.0154,1.6754
13086,19:31:40.813,2079,0.0154,1.6754
13087,19:31:40.813,2062,0.0071,1.6617
13088,19:31:40.814,2068,0.0100,1.6665
13089,19:31:40.814,2069,0.0105,1.6673
13090,19:31:40.815,2080,0.0159,1.6762
13091,19:31:40.815,2065,0.0085,1.6641
13092,19:31:40.816,2066,0.0090,1.6649
13093,19:31:40.816,2069,0.0105,1.6673
13094,19:31:40.817,2081,0.0164,1.6770
13095,19:31:40.817,2082,0.0168,1.6778
13096,19:31:40.818,2063,0.0076,1.6625
13097,19:31:40.818,2066,0.0090,1.6649
13098,19:31:40.819,2067,0.0095,1.6657
13099,19:31:40.819,2077,0.0144,1.6738
13100,19:31:40.820,2064,0.0081,1.6633
13101,19:31:40.820,2069,0.0105,1.6673
13102,19:31:40.821,2070,0.0110,1.6681
13103,19:31:40.821,2078,0.0149,1.6746
13104,19:31:40.822,2080,0.0159,1.6762
13105,19:31:40.822,2061,0.0066,1.6609
13106,19:31:40.823,2066,0.0090,1.6649
13107,19:31:40.823,2064,0.0081,1.6633
13108,19:31:40.824,2079,0.0154,1.6754
13109,19:31:40.824,2066,0.0090,1.6649
13110,19:31:40.825,2067,0.0095,1.6657
13111,19:31:40.825,2077,0.0144,1.6738
13112,19:31:40.826,2075,0.0134,1.6722
13113,19:31:40.826,2081,0.0164,1.6770
13114,19:31:40.827,2058,0.0051,1.6585
13115,19:31:40.827,2065,0.0085,1.6641
13116,19:31:40.828,2066,0.0090,1.6649
13117,19:31:40.828,2077,0.0144,1.6738
13118,19:31:40.829,2072,0.0120,1.6697
13119,19:31:40.829,2061,0.0066,1.6609
13120,19:31:40.830,2078,0.0149,1.6746
13121,19:31:40.830,2074,0.0129,1.6714
13122,19:31:40.831,2078,0.0149,1.6746
13123,19:31:40.831,2069,0.0105,1.6673
13124,19:31:40.832,2065,0.0085,1.6641
13125,19:31:40.832,2071,0.0115,1.6689
13126,19:31:40.833,2073,0.0125,1.6705
13127,19:31:40.833,2077,0.0144,1.6738
13128,19:31:40.834,2066,0.0090,1.6649
13129,19:31:40.834,2073,0.0125,1.6705
13130,19:31:40.835,2072,0.0120,1.6697
13131,19:31:40.835,2073,0.0125,1.6705
13132,19:31:40.836,2072,0.0120,1.6697
13133,19:31:40.836,2069,0.0105,1.6673
13134,19:31:40.837,2069,0.0105,1.6673
13135,19:31:40.837,2074,0.0129,1.6714
13136,19:31:40.838,2076,0.0139,1.6730
13137,19:31:40.838,2069,0.0105,1.6673
13138,19:31:40.839,2069,0.0105,1.6673
13139,19:31:40.839,2072,0.0120,1.6697
13140,19:31:40.840,2070,0.0110,1.6681
13141,19:31:40.840,2068,0.0100,1.6665
13142,19:31:40.841,2067,0.0095,1.6657
13143,19:31:40.841,2071,0.0115,1.6689
13144,19:31:40.842,2072,0.0120,1.6697
13145,19:31:40.842,2077,0.0144,1.6738
13146,19:31:40.843,2068,0.0100,1.6665
13147,19:31:40.843,2067,0.0095,1.6657
13148,19:31:40.844,2070,0.0110,1.6681
13149,19:31:40.844,2071,0.0115,1.6689
13150,19:31:40.845,2072,0.0120,1.6697
13151,19:31:40.845,2066,0.0090,1.6649
13152,19:31:40.846,2071,0.0115,1.6689
13153,19:31:40.846,2072,0.0120,1.6697
13154,19:31:40.847,2075,0.0134,1.6722
13155,19:31:40.847,2070,0.0110,1.6681
13156,19:31:40.848,2064,0.0081,1.6633
13157,19:31:40.848,2068,0.0100,1.6665
13158,19:31:40.849,2073,0.0125,1.6705
13159,19:31:40.849,2070,0.0110,1.6681
13160,19:31:40.850,2070,0.0110,1.6681
13161,19:31:40.850,2069,0.0105,1.6673
13162,19:31:40.851,2069,0.0105,1.6673
13163,19:31:40.851,2077,0.0144,1.6738
13164,19:31:40.852,2072,0.0120,1.6697
13165,19:31:40.852,2068,0.0100,1.6665
13166,19:31:40.853,2066,0.0090,1.6649
13167,19:31:40.853,2075,0.0134,1.6722
13168,19:31:40.854,2073,0.0125,1.6705
13169,19:31:40.854,2070,0.0110,1.6681
13170,19:31:40.855,2067,0.0095,1.6657
13171,19:31:40.855,2069,0.0105,1.6673
13172,19:31:40.856,2076,0.0139,1.6730
13173,19:31:40.856,2072,0.0120,1.6697
13174,19:31:40.857,2068,0.0100,1.6665
13175,19:31:40.857,2064,0.0081,1.6633
13176,19:31:40.858,2070,0.0110,1.6681
13177,19:31:40.858,2072,0.0120,1.6697
13178,19:31:40.859,2074,0.0129,1.6714
13179,19:31:40.859,2067,0.0095,1.6657
13180,19:31:40.860,2070,0.0110,1.6681
13181,19:31:40.860,2075,0.0134,1.6722
13182,19:31:40.861,2070,0.0110,1.6681
13183,19:31:40.861,2068,0.0100,1.6665
13184,19:31:40.862,2065,0.0085,1.6641
13185,19:31:40.862,2073,0.0125,1.6705
13186,19:31:40.863,2077,0.0144,1.6738
13187,19:31:40.863,2073,0.0125,1.6705
13188,19:31:40.864,2067,0.0095,1.6657
13189,19:31:40.864,2070,0.0110,1.6681
13190,19:31:40.865,2073,0.0125,1.6705
13191,19:31:40.865,2071,0.0115,1.6689
13192,19:31:40.866,2064,0.0081,1.6633
13193,19:31:40.866,2064,0.0081,1.6633
13194,19:31:40.867,2068,0.0100,1.6665
13195,19:31:40.867,2073,0.0125,1.6705
13196,19:31:40.868,2071,0.0115,1.6689
13197,19:31:40.868,2066,0.0090,1.6649
13198,19:31:40.869,2070,0.0110,1.6681
13199,19:31:40.869,2075,0.0134,1.6722
13200,19:31:40.870,2075,0.0134,1.6722
13201,19:31:40.870,2066,0.0090,1.6649
13202,19:31:40.871,2066,0.0090,1.6649
13203,19:31:40.871,2069,0.0105,1.6673
13204,19:31:40.872,2076,0.0139,1.6730
13205,19:31:40.872,2074,0.0129,1.6714
13206,19:31:40.873,2066,0.0090,1.6649
13207,19:31:40.873,2070,0.0110,1.6681
13208,19:31:40.874,2074,0.0129,1.6714
13209,19:31:40.874,2073,0.0125,1.6705
13210,19:31:40.875,2070,0.0110,1.6681
13211,19:31:40.875,2063,0.0076,1.6625
13212,19:31:40.876,2072,0.0120,1.6697
13213,19:31:40.876,2079,0.0154,1.6754
13214,19:31:40.877,2072,0.0120,1.6697
13215,19:31:40.877,2068,0.0100,1.6665
13216,19:31:40.878,2069,0.0105,1.6673
13217,19:31:40.878,2070,0.0110,1.6681
13218,19:31:40.879,2075,0.0134,1.6722
13219,19:31:40.879,2070,0.0110,1.6681
13220,19:31:40.880,2063,0.0076,1.6625
13221,19:31:40.880,2070,0.0110,1.6681
13222,19:31:40.881,2078,0.0149,1.6746
13223,19:31:40.881,2074,0.0129,1.6714
13224,19:31:40.882,2067,0.0095,1.6657
13225,19:31:40.882,2070,0.0110,1.6681
13226,19:31:40.883,2072,0.0120,1.6697
13227,19:31:40.883,2077,0.0144,1.6738
13228,19:31:40.884,2063,0.0076,1.6625
13229,19:31:40.884,2062,0.0071,1.6617
13230,19:31:40.885,2096,0.0237,1.6891
13231,19:31:40.885,2062,0.0071,1.6617
13232,19:31:40.886,2052,0.0022,1.6536
13233,19:31:40.886,2090,0.0208,1.6842
13234,19:31:40.887,2077,0.0144,1.6738
13235,19:31:40.887,2090,0.0208,1.6842
13236,19:31:40.888,2028,-0.0095,1.6343
13237,19:31:40.888,2076,0.0139,1.6730
13238,19:31:40.889,2075,0.0134,1.6722
13239,19:31:40.889,2094,0.0227,1.6875
13240,19:31:40.890,2048,0.0002,1.6504
13241,19:31:40.890,2058,0.0051,1.6585
13242,19:31:40.891,2110,0.0305,1.7004
13243,19:31:40.891,2066,0.0090,1.6649
13244,19:31:40.892,2093,0.0222,1.6867
13245,19:31:40.892,2015,-0.0159,1.6238
13246,19:31:40.893,2079,0.0154,1.6754
13247,19:31:40.893,2076,0.0139,1.6730
13248,19:31:40.894,2100,0.0256,1.6923
13249,19:31:40.894,2052,0.0022,1.6536
13250,19:31:40.895,2033,-0.0071,1.6383
13251,19:31:40.895,2120,0.0354,1.7084
13252,19:31:40.896,2061,0.0066,1.6609
13253,19:31:40.896,2080,0.0159,1.6762
13254,19:31:40.897,2009,-0.0188,1.6190
13255,19:31:40.897,2086,0.0188,1.6810
13256,19:31:40.898,2091,0.0212,1.6851
13257,19:31:40.898,2101,0.0261,1.6931
13258,19:31:40.899,2060,0.0061,1.6601
13259,19:31:40.899,2033,-0.0071,1.6383
13260,19:31:40.900,2116,0.0335,1.7052
13261,19:31:40.900,2066,0.0090,1.6649
13262,19:31:40.901,2074,0.0129,1.6714
13263,19:31:40.901,2016,-0.0154,1.6246
13264,19:31:40.902,2081,0.0164,1.6770
13265,19:31:40.902,2096,0.0237,1.6891
13266,19:31:40.903,2101,0.0261,1.6931
13267,19:31:40.903,2064,0.0081,1.6633
13268,19:31:40.904,2029,-0.0090,1.6351
13269,19:31:40.904,2109,0.0300,1.6996
13270,19:31:40.905,2062,0.0071,1.6617
13271,19:31:40.905,2070,0.0110,1.6681
13272,19:31:40.906,2021,-0.0129,1.6286
13273,19:31:40.906,2078,0.0149,1.6746
13274,19:31:40.907,2105,0.0281,1.6963
13275,19:31:40.907,2098,0.0247,1.6907
13276,19:31:40.908,2073,0.0125,1.6705
13277,19:31:40.908,2027,-0.0100,1.6335
13278,19:31:40.909,2108,0.0295,1.6988
13279,19:31:40.909,2072,0.0120,1.6697
13280,19:31:40.910,2071,0.0115,1.6689
13281,19:31:40.910,2023,-0.0120,1.6303
13282,19:31:40.911,2072,0.0120,1.6697
13283,19:31:40.911,2109,0.0300,1.6996
13284,19:31:40.912,2089,0.0203,1.6834
13285,19:31:40.912,2078,0.0149,1.6746
13286,19:31:40.913,2024,-0.0115,1.6311
13287,19:31:40.913,2103,0.0271,1.6947
13288,19:31:40.914,2075,0.0134,1.6722
13289,19:31:40.914,2070,0.0110,1.6681
13290,19:31:40.915,2027,-0.0100,1.6335
13291,19:31:40.915,2067,0.0095,1.6657
13292,19:31:40.916,2119,0.0349,1.7076
13293,19:31:40.916,2083,0.0173,1.6786
13294,19:31:40.917,2085,0.0183,1.6802
13295,19:31:40.917,2024,-0.0115,1.6311
13296,19:31:40.918,2097,0.0242,1.6899
13297,19:31:40.918,2077,0.0144,1.6738
13298,19:31:40.919,2073,0.0125,1.6705
13299,19:31:40.919,2036,-0.0056,1.6407
13300,19:31:40.920,2060,0.0061,1.6601
13301,19:31:40.920,2123,0.0369,1.7108
13302,19:31:40.921,2077,0.0144,1.6738
13303,19:31:40.921,2085,0.0183,1.6802
13304,19:31:40.922,2017,-0.0149,1.6254
13305,19:31:40.922,2093,0.0222,1.6867
13306,19:31:40.923,2079,0.0154,1.6754
13307,19:31:40.923,2078,0.0149,1.6746
13308,19:31:40.924,2039,-0.0042,1.6432
13309,19:31:40.924,2057,0.0046,1.6577
13310,19:31:40.925,2126,0.0383,1.7133
13311,19:31:40.925,2070,0.0110,1.6681
13312,19:31:40.926,2084,0.0178,1.6794
13313,19:31:40.926,2018,-0.0144,1.6262
13314,19:31:40.927,2091,0.0212,1.6851
13315,19:31:40.927,2089,0.0203,1.6834
13316,19:31:40.928,2078,0.0149,1.6746
13317,19:31:40.928,2048,0.0002,1.6504
13318,19:31:40.929,2048,0.0002,1.6504
13319,19:31:40.929,2130,0.0403,1.7165
13320,19:31:40.930,2065,0.0085,1.6641
13321,19:31:40.930,2075,0.0134,1.6722
13322,19:31:40.931,2022,-0.0125,1.6295
13323,19:31:40.931,2087,0.0193,1.6818
13324,19:31:40.932,2089,0.0203,1.6834
13325,19:31:40.932,2081,0.0164,1.6770
13326,19:31:40.933,2057,0.0046,1.6577
13327,19:31:40.933,2038,-0.0046,1.6423
13328,19:31:40.934,2126,0.0383,1.7133
13329,19:31:40.934,2065,0.0085,1.6641
13330,19:31:40.935,2069,0.0105,1.6673
13331,19:31:40.935,2023,-0.0120,1.6303
13332,19:31:40.936,2086,0.0188,1.6810
13333,19:31:40.936,2096,0.0237,1.6891
13334,19:31:40.937,2080,0.0159,1.6762
13335,19:31:40.937,2063,0.0076,1.6625
13336,19:31:40.938,2034,-0.0066,1.6391
13337,19:31:40.938,2113,0.0320,1.7028
13338,19:31:40.939,2063,0.0076,1.6625
13339,19:31:40.939,2062,0.0071,1.6617
13340,19:31:40.940,2032,-0.0076,1.6375
13341,19:31:40.940,2081,0.0164,1.6770
13342,19:31:40.941,2102,0.0266,1.6939
13343,19:31:40.941,2082,0.0168,1.6778
13344,19:31:40.942,2071,0.0115,1.6689
13345,19:31:40.942,2032,-0.0076,1.6375
13346,19:31:40.943,2104,0.0276,1.6955
13347,19:31:40.943,2064,0.0081,1.6633
13348,19:31:40.944,2062,0.0071,1.6617
13349,19:31:40.944,2031,-0.0081,1.6367
13350,19:31:40.945,2078,0.0149,1.6746
13351,19:31:40.945,2105,0.0281,1.6963
13352,19:31:40.946,2084,0.0178,1.6794
13353,19:31:40.946,2079,0.0154,1.6754
13354,19:31:40.947,2030,-0.0085,1.6359
13355,19:31:40.947,2094,0.0227,1.6875
13356,19:31:40.948,2062,0.0071,1.6617
13357,19:31:40.948,2063,0.0076,1.6625
13358,19:31:40.949,2037,-0.0051,1.6415
13359,19:31:40.949,2072,0.0120,1.6697
13360,19:31:40.950,2107,0.0291,1.6979
13361,19:31:40.950,2079,0.0154,1.6754
13362,19:31:40.951,2085,0.0183,1.6802
13363,19:31:40.951,2027,-0.0100,1.6335
13364,19:31:40.952,2087,0.0193,1.6818
13365,19:31:40.952,2065,0.0085,1.6641
13366,19:31:40.953,2065,0.0085,1.6641
13367,19:31:40.953,2040,-0.0037,1.6440
13368,19:31:40.954,2068,0.0100,1.6665
13369,19:31:40.954,2116,0.0335,1.7052
13370,19:31:40.955,2078,0.0149,1.6746
13371,19:31:40.955,2088,0.0198,1.6826
13372,19:31:40.956,2024,-0.0115,1.6311
13373,19:31:40.956,2085,0.0183,1.6802
13374,19:31:40.957,2072,0.0120,1.6697
13375,19:31:40.957,2070,0.0110,1.6681
13376,19:31:40.958,2046,-0.0007,1.6488
13377,19:31:40.958,2057,0.0046,1.6577
13378,19:31:40.959,2121,0.0359,1.7092
13379,19:31:40.959,2069,0.0105,1.6673
13380,19:31:40.960,2085,0.0183,1.6802
13381,19:31:40.960,2023,-0.0120,1.6303
13382,19:31:40.961,2079,0.0154,1.6754
13383,19:31:40.961,2081,0.0164,1.6770
13384,19:31:40.962,2078,0.0149,1.6746
13385,19:31:40.962,2053,0.0027,1.6544
13386,19:31:40.963,2049,0.0007,1.6512
13387,19:31:40.963,2124,0.0374,1.7116
13388,19:31:40.964,2063,0.0076,1.6625
13389,19:31:40.964,2083,0.0173,1.6786
13390,19:31:40.965,2027,-0.0100,1.6335
13391,19:31:40.965,2084,0.0178,1.6794
13392,19:31:40.966,2086,0.0188,1.6810
13393,19:31:40.966,2080,0.0159,1.6762
13394,19:31:40.967,2058,0.0051,1.6585
13395,19:31:40.967,2040,-0.0037,1.6440
13396,19:31:40.968,2122,0.0364,1.7100
13397,19:31:40.968,2063,0.0076,1.6625
13398,19:31:40.969,2076,0.0139,1.6730
13399,19:31:40.969,2026,-0.0105,1.6327
13400,19:31:40.970,2088,0.0198,1.6826
13401,19:31:40.970,2096,0.0237,1.6891
13402,19:31:40.971,2079,0.0154,1.6754
13403,19:31:40.971,2069,0.0105,1.6673
13404,19:31:40.972,2037,-0.0051,1.6415
13405,19:31:40.972,2120,0.0354,1.7084
13406,19:31:40.973,2061,0.0066,1.6609
13407,19:31:40.973,2071,0.0115,1.6689
13408,19:31:40.974,2032,-0.0076,1.6375
13409,19:31:40.974,2083,0.0173,1.6786
13410,19:31:40.975,2097,0.0242,1.6899
13411,19:31:40.975,2082,0.0168,1.6778
13412,19:31:40.976,2076,0.0139,1.6730
13413,19:31:40.976,2033,-0.0071,1.6383
13414,19:31:40.977,2111,0.0310,1.7012
13415,19:31:40.977,2057,0.0046,1.6577
13416,19:31:40.978,2072,0.0120,1.6697
13417,19:31:40.978,2033,-0.0071,1.6383
13418,19:31:40.979,2080,0.0159,1.6762
13419,19:31:40.979,2103,0.0271,1.6947
13420,19:31:40.980,2080,0.0159,1.6762
13421,19:31:40.980,2079,0.0154,1.6754
13422,19:31:40.981,2031,-0.0081,1.6367
13423,19:31:40.981,2099,0.0252,1.6915
13424,19:31:40.982,2060,0.0061,1.6601
13425,19:31:40.982,2066,0.0090,1.6649
13426,19:31:40.983,2041,-0.0032,1.6448
13427,19:31:40.983,2075,0.0134,1.6722
13428,19:31:40.984,2106,0.0286,1.6971
13429,19:31:40.984,2079,0.0154,1.6754
13430,19:31:40.985,2086,0.0188,1.6810
13431,19:31:40.985,2031,-0.0081,1.6367
13432,19:31:40.986,2093,0.0222,1.6867
13433,19:31:40.986,2065,0.0085,1.6641
13434,19:31:40.987,2066,0.0090,1.6649
13435,19:31:40.987,2048,0.0002,1.6504
13436,19:31:40.988,2064,0.0081,1.6633
13437,19:31:40.988,2109,0.0300,1.6996
13438,19:31:40.989,2076,0.0139,1.6730
13439,19:31:40.989,2087,0.0193,1.6818
13440,19:31:40.990,2033,-0.0071,1.6383
13441,19:31:40.990,2083,0.0173,1.6786
13442,19:31:40.991,2070,0.0110,1.6681
13443,19:31:40.991,2067,0.0095,1.6657
13444,19:31:40.992,2055,0.0037,1.6560
13445,19:31:40.992,2061,0.0066,1.6609
13446,19:31:40.993,2112,0.0315,1.7020
13447,19:31:40.993,2077,0.0144,1.6738
13448,19:31:40.994,2084,0.0178,1.6794
13449,19:31:40.994,2029,-0.0090,1.6351
13450,19:31:40.995,2073,0.0125,1.6705
13451,19:31:40.995,2078,0.0149,1.6746
13452,19:31:40.996,2069,0.0105,1.6673
13453,19:31:40.996,2059,0.0056,1.6593
13454,19:31:40.997,2055,0.0037,1.6560
13455,19:31:40.997,2113,0.0320,1.7028
13456,19:31:40.998,2071,0.0115,1.6689
13457,19:31:40.998,2083,0.0173,1.6786
13458,19:31:40.999,2028,-0.0095,1.6343
13459,19:31:40.999,2074,0.0129,1.6714
13460,19:31:41.000,2085,0.0183,1.6802
13461,19:31:41.000,2073,0.0125,1.6705
13462,19:31:41.001,2063,0.0076,1.6625
13463,19:31:41.001,2046,-0.0007,1.6488
13464,19:31:41.002,2116,0.0335,1.7052
13465,19:31:41.002,2067,0.0095,1.6657
13466,19:31:41.003,2075,0.0134,1.6722
13467,19:31:41.003,2026,-0.0105,1.6327
13468,19:31:41.004,2072,0.0120,1.6697
13469,19:31:41.004,2090,0.0208,1.6842
13470,19:31:41.005,2076,0.0139,1.6730
13471,19:31:41.005,2070,0.0110,1.6681
13472,19:31:41.006,2042,-0.0027,1.6456
13473,19:31:41.006,2115,0.0330,1.7044
13474,19:31:41.007,2063,0.0076,1.6625
13475,19:31:41.007,2073,0.0125,1.6705
13476,19:31:41.008,2032,-0.0076,1.6375
13477,19:31:41.008,2078,0.0149,1.6746
13478,19:31:41.009,2095,0.0232,1.6883
13479,19:31:41.009,2076,0.0139,1.6730
13480,19:31:41.010,2071,0.0115,1.6689
13481,19:31:41.010,2037,-0.0051,1.6415
13482,19:31:41.011,2109,0.0300,1.6996
13483,19:31:41.011,2062,0.0071,1.6617
13484,19:31:41.012,2070,0.0110,1.6681
13485,19:31:41.012,2033,-0.0071,1.6383
13486,19:31:41.013,2077,0.0144,1.6738
13487,19:31:41.013,2098,0.0247,1.6907
13488,19:31:41.014,2078,0.0149,1.6746
13489,19:31:41.014,2078,0.0149,1.6746
13490,19:31:41.015,2036,-0.0056,1.6407
13491,19:31:41.015,2100,0.0256,1.6923
13492,19:31:41.016,2059,0.0056,1.6593
13493,19:31:41.016,2069,0.0105,1.6673
13494,19:31:41.017,2042,-0.0027,1.6456
13495,19:31:41.017,2076,0.0139,1.6730
13496,19:31:41.018,2105,0.0281,1.6963
13497,19:31:41.018,2078,0.0149,1.6746
13498,19:31:41.019,2082,0.0168,1.6778
13499,19:31:41.019,2032,-0.0076,1.6375
13500,19:31:41.020,2092,0.0217,1.6859
13501,19:31:41.020,2065,0.0085,1.6641
13502,19:31:41.021,2070,0.0110,1.6681
13503,19:31:41.021,2050,0.0012,1.6520
13504,19:31:41.022,2070,0.0110,1.6681
13505,19:31:41.022,2109,0.0300,1.6996
13506,19:31:41.023,2077,0.0144,1.6738
13507,19:31:41.023,2084,0.0178,1.6794
13508,19:31:41.024,2034,-0.0066,1.6391
13509,19:31:41.024,2079,0.0154,1.6754
13510,19:31:41.025,2068,0.0100,1.6665
13511,19:31:41.025,2066,0.0090,1.6649
13512,19:31:41.026,2060,0.0061,1.6601
13513,19:31:41.026,2066,0.0090,1.6649
13514,19:31:41.027,2116,0.0335,1.7052
13515,19:31:41.027,2070,0.0110,1.6681
13516,19:31:41.028,2083,0.0173,1.6786
13517,19:31:41.028,2033,-0.0071,1.6383
13518,19:31:41.029,2076,0.0139,1.6730
13519,19:31:41.029,2074,0.0129,1.6714
13520,19:31:41.030,2070,0.0110,1.6681
13521,19:31:41.030,2065,0.0085,1.6641
13522,19:31:41.031,2055,0.0037,1.6560
13523,19:31:41.031,2119,0.0349,1.7076
13524,19:31:41.032,2070,0.0110,1.6681
13525,19:31:41.032,2087,0.0193,1.6818
13526,19:31:41.033,2033,-0.0071,1.6383
13527,19:31:41.033,2068,0.0100,1.6665
13528,19:31:41.034,2085,0.0183,1.6802
13529,19:31:41.034,2069,0.0105,1.6673
13530,19:31:41.035,2072,0.0120,1.6697
13531,19:31:41.035,2051,0.0017,1.6528
13532,19:31:41.036,2117,0.0339,1.7060
13533,19:31:41.036,2065,0.0085,1.6641
13534,19:31:41.037,2081,0.0164,1.6770
13535,19:31:41.037,2034,-0.0066,1.6391
13536,19:31:41.038,2069,0.0105,1.6673
13537,19:31:41.038,2087,0.0193,1.6818
13538,19:31:41.039,2070,0.0110,1.6681
13539,19:31:41.039,2073,0.0125,1.6705
13540,19:31:41.040,2043,-0.0022,1.6464
13541,19:31:41.040,2109,0.0300,1.6996
13542,19:31:41.041,2067,0.0095,1.6657
13543,19:31:41.041,2079,0.0154,1.6754
13544,19:31:41.042,2036,-0.0056,1.6407
13545,19:31:41.042,2071,0.0115,1.6689
13546,19:31:41.043,2097,0.0242,1.6899
13547,19:31:41.043,2072,0.0120,1.6697
13548,19:31:41.044,2074,0.0129,1.6714
13549,19:31:41.044,2041,-0.0032,1.6448
13550,19:31:41.045,2110,0.0305,1.7004
13551,19:31:41.045,2064,0.0081,1.6633
13552,19:31:41.046,2072,0.0120,1.6697
13553,19:31:41.046,2042,-0.0027,1.6456
13554,19:31:41.047,2072,0.0120,1.6697
13555,19:31:41.047,2098,0.0247,1.6907
13556,19:31:41.048,2074,0.0129,1.6714
13557,19:31:41.048,2079,0.0154,1.6754
13558,19:31:41.049,2036,-0.0056,1.6407
13559,19:31:41.049,2097,0.0242,1.6899
13560,19:31:41.050,2062,0.0071,1.6617
13561,19:31:41.050,2069,0.0105,1.6673
13562,19:31:41.051,2043,-0.0022,1.6464
13563,19:31:41.051,2073,0.0125,1.6705
13564,19:31:41.052,2104,0.0276,1.6955
13565,19:31:41.052,2079,0.0154,1.6754
13566,19:31:41.053,2079,0.0154,1.6754
13567,19:31:41.053,2035,-0.0061,1.6399
13568,19:31:41.054,2090,0.0208,1.6842
13569,19:31:41.054,2065,0.0085,1.6641
13570,19:31:41.055,2064,0.0081,1.6633
13571,19:31:41.055,2044,-0.0017,1.6472
13572,19:31:41.056,2071,0.0115,1.6689
13573,19:31:41.056,2105,0.0281,1.6963
13574,19:31:41.057,2078,0.0149,1.6746
13575,19:31:41.057,2080,0.0159,1.6762
13576,19:31:41.058,2036,-0.0056,1.6407
13577,19:31:41.058,2082,0.0168,1.6778
13578,19:31:41.059,2064,0.0081,1.6633
13579,19:31:41.059,2063,0.0076,1.6625
13580,19:31:41.060,2052,0.0022,1.6536
13581,19:31:41.060,2066,0.0090,1.6649
13582,19:31:41.061,2111,0.0310,1.7012
13583,19:31:41.061,2073,0.0125,1.6705
13584,19:31:41.062,2082,0.0168,1.6778
13585,19:31:41.062,2037,-0.0051,1.6415
13586,19:31:41.063,2076,0.0139,1.6730
13587,19:31:41.063,2070,0.0110,1.6681
13588,19:31:41.064,2066,0.0090,1.6649
13589,19:31:41.064,2062,0.0071,1.6617
13590,19:31:41.065,2060,0.0061,1.6601
13591,19:31:41.065,2110,0.0305,1.7004
13592,19:31:41.066,2074,0.0129,1.6714
13593,19:31:41.066,2082,0.0168,1.6778
13594,19:31:41.067,2034,-0.0066,1.6391
13595,19:31:41.067,2072,0.0120,1.6697
13596,19:31:41.068,2074,0.0129,1.6714
13597,19:31:41.068,2069,0.0105,1.6673
13598,19:31:41.069,2067,0.0095,1.6657
13599,19:31:41.069,2055,0.0037,1.6560
13600,19:31:41.070,2109,0.0300,1.6996
13601,19:31:41.070,2069,0.0105,1.6673
13602,19:31:41.071,2081,0.0164,1.6770
13603,19:31:41.071,2038,-0.0046,1.6423
13604,19:31:41.072,2069,0.0105,1.6673
13605,19:31:41.072,2086,0.0188,1.6810
13606,19:31:41.073,2069,0.0105,1.6673
13607,19:31:41.073,2074,0.0129,1.6714
13608,19:31:41.074,2049,0.0007,1.6512
13609,19:31:41.074,2107,0.0291,1.6979
13610,19:31:41.075,2067,0.0095,1.6657
13611,19:31:41.075,2080,0.0159,1.6762
13612,19:31:41.076,2041,-0.0032,1.6448
13613,19:31:41.076,2070,0.0110,1.6681
13614,19:31:41.077,2089,0.0203,1.6834
13615,19:31:41.077,2070,0.0110,1.6681
13616,19:31:41.078,2077,0.0144,1.6738
13617,19:31:41.078,2042,-0.0027,1.6456
13618,19:31:41.079,2105,0.0281,1.6963
13619,19:31:41.079,2067,0.0095,1.6657
13620,19:31:41.080,2075,0.0134,1.6722
13621,19:31:41.080,2042,-0.0027,1.6456
13622,19:31:41.081,2067,0.0095,1.6657
13623,19:31:41.081,2099,0.0252,1.6915
13624,19:31:41.082,2075,0.0134,1.6722
13625,19:31:41.082,2085,0.0183,1.6802
13626,19:31:41.083,2040,-0.0037,1.6440
13627,19:31:41.083,2101,0.0261,1.6931
13628,19:31:41.084,2065,0.0085,1.6641
13629,19:31:41.084,2069,0.0105,1.6673
13630,19:31:41.085,2047,-0.0002,1.6496
13631,19:31:41.085,2069,0.0105,1.6673
13632,19:31:41.086,2104,0.0276,1.6955
13633,19:31:41.086,2076,0.0139,1.6730
13634,19:31:41.087,2080,0.0159,1.6762
13635,19:31:41.087,2039,-0.0042,1.6432
13636,19:31:41.088,2088,0.0198,1.6826
13637,19:31:41.088,2069,0.0105,1.6673
13638,19:31:41.089,2068,0.0100,1.6665
13639,19:31:41.089,2052,0.0022,1.6536
13640,19:31:41.090,2066,0.0090,1.6649
13641,19:31:41.090,2106,0.0286,1.6971
13642,19:31:41.091,2075,0.0134,1.6722
13643,19:31:41.091,2081,0.0164,1.6770
13644,19:31:41.092,2039,-0.0042,1.6432
13645,19:31:41.092,2084,0.0178,1.6794
13646,19:31:41.093,2071,0.0115,1.6689
13647,19:31:41.093,2062,0.0071,1.6617
13648,19:31:41.094,2055,0.0037,1.6560
13649,19:31:41.094,2068,0.0100,1.6665
13650,19:31:41.095,2110,0.0305,1.7004
13651,19:31:41.095,2078,0.0149,1.6746
13652,19:31:41.096,2078,0.0149,1.6746
13653,19:31:41.096,2038,-0.0046,1.6423
13654,19:31:41.097,2077,0.0144,1.6738
13655,19:31:41.097,2070,0.0110,1.6681
13656,19:31:41.098,2062,0.0071,1.6617
13657,19:31:41.098,2064,0.0081,1.6633
13658,19:31:41.099,2066,0.0090,1.6649
13659,19:31:41.099,2109,0.0300,1.6996
13660,19:31:41.100,2075,0.0134,1.6722
13661,19:31:41.100,2079,0.0154,1.6754
13662,19:31:41.101,2037,-0.0051,1.6415
13663,19:31:41.101,2070,0.0110,1.6681
13664,19:31:41.102,2074,0.0129,1.6714
13665,19:31:41.102,2066,0.0090,1.6649
13666,19:31:41.103,2068,0.0100,1.6665
13667,19:31:41.103,2057,0.0046,1.6577
13668,19:31:41.104,2108,0.0295,1.6988
13669,19:31:41.104,2074,0.0129,1.6714
13670,19:31:41.105,2075,0.0134,1.6722
13671,19:31:41.105,2041,-0.0032,1.6448
13672,19:31:41.106,2068,0.0100,1.6665
13673,19:31:41.106,2084,0.0178,1.6794
13674,19:31:41.107,2065,0.0085,1.6641
13675,19:31:41.107,2071,0.0115,1.6689
13676,19:31:41.108,2053,0.0027,1.6544
13677,19:31:41.108,2106,0.0286,1.6971
13678,19:31:41.109,2071,0.0115,1.6689
13679,19:31:41.109,2078,0.0149,1.6746
13680,19:31:41.110,2038,-0.0046,1.6423
13681,19:31:41.110,2064,0.0081,1.6633
13682,19:31:41.111,2089,0.0203,1.6834
13683,19:31:41.111,2067,0.0095,1.6657
13684,19:31:41.112,2075,0.0134,1.6722
13685,19:31:41.112,2043,-0.0022,1.6464
13686,19:31:41.113,2107,0.0291,1.6979
13687,19:31:41.113,2071,0.0115,1.6689
13688,19:31:41.114,2072,0.0120,1.6697
13689,19:31:41.114,2041,-0.0032,1.6448
13690,19:31:41.115,2062,0.0071,1.6617
13691,19:31:41.115,2092,0.0217,1.6859
13692,19:31:41.116,2073,0.0125,1.6705
13693,19:31:41.116,2079,0.0154,1.6754
13694,19:31:41.117,2041,-0.0032,1.6448
13695,19:31:41.117,2101,0.0261,1.6931
13696,19:31:41.118,2067,0.0095,1.6657
13697,19:31:41.118,2072,0.0120,1.6697
13698,19:31:41.119,2045,-0.0012,1.6480
13699,19:31:41.119,2068,0.0100,1.6665
13700,19:31:41.120,2100,0.0256,1.6923
13701,19:31:41.120,2073,0.0125,1.6705
13702,19:31:41.121,2076,0.0139,1.6730
13703,19:31:41.121,2035,-0.0061,1.6399
13704,19:31:41.122,2093,0.0222,1.6867
13705,19:31:41.122,2069,0.0105,1.6673
13706,19:31:41.123,2071,0.0115,1.6689
13707,19:31:41.123,2052,0.0022,1.6536
13708,19:31:41.124,2066,0.0090,1.6649
13709,19:31:41.124,2106,0.0286,1.6971
13710,19:31:41.125,2075,0.0134,1.6722
13711,19:31:41.125,2081,0.0164,1.6770
13712,19:31:41.126,2036,-0.0056,1.6407
13713,19:31:41.126,2085,0.0183,1.6802
13714,19:31:41.127,2068,0.0100,1.6665
13715,19:31:41.127,2067,0.0095,1.6657
13716,19:31:41.128,2056,0.0042,1.6568
13717,19:31:41.128,2064,0.0081,1.6633
13718,19:31:41.129,2110,0.0305,1.7004
13719,19:31:41.129,2074,0.0129,1.6714
13720,19:31:41.130,2076,0.0139,1.6730
13721,19:31:41.130,2040,-0.0037,1.6440
13722,19:31:41.131,2079,0.0154,1.6754
13723,19:31:41.131,2069,0.0105,1.6673
13724,19:31:41.132,2067,0.0095,1.6657
13725,19:31:41.132,2059,0.0056,1.6593
13726,19:31:41.133,2064,0.0081,1.6633
13727,19:31:41.133,2111,0.0310,1.7012
13728,19:31:41.134,2078,0.0149,1.6746
13729,19:31:41.134,2078,0.0149,1.6746
13730,19:31:41.135,2043,-0.0022,1.6464
13731,19:31:41.135,2070,0.0110,1.6681
13732,19:31:41.136,2076,0.0139,1.6730
13733,19:31:41.136,2065,0.0085,1.6641
13734,19:31:41.137,2069,0.0105,1.6673
13735,19:31:41.137,2063,0.0076,1.6625
13736,19:31:41.138,2109,0.0300,1.6996
13737,19:31:41.138,2079,0.0154,1.6754
13738,19:31:41.139,2072,0.0120,1.6697
13739,19:31:41.139,2049,0.0007,1.6512
13740,19:31:41.140,2065,0.0085,1.6641
13741,19:31:41.140,2082,0.0168,1.6778
13742,19:31:41.141,2057,0.0046,1.6577
13743,19:31:41.141,2071,0.0115,1.6689
13744,19:31:41.142,2063,0.0076,1.6625
13745,19:31:41.142,2099,0.0252,1.6915
13746,19:31:41.143,2082,0.0168,1.6778
13747,19:31:41.143,2063,0.0076,1.6625
13748,19:31:41.144,2061,0.0066,1.6609
13749,19:31:41.144,2068,0.0100,1.6665
13750,19:31:41.145,2082,0.0168,1.6778
13751,19:31:41.145,2061,0.0066,1.6609
13752,19:31:41.146,2064,0.0081,1.6633
13753,19:31:41.146,2072,0.0120,1.6697
13754,19:31:41.147,2091,0.0212,1.6851
13755,19:31:41.147,2076,0.0139,1.6730
13756,19:31:41.148,2065,0.0085,1.6641
13757,19:31:41.148,2064,0.0081,1.6633
13758,19:31:41.149,2080,0.0159,1.6762
13759,19:31:41.149,2073,0.0125,1.6705
13760,19:31:41.150,2062,0.0071,1.6617
13761,19:31:41.150,2064,0.0081,1.6633
13762,19:31:41.151,2075,0.0134,1.6722
13763,19:31:41.151,2084,0.0178,1.6794
13764,19:31:41.152,2070,0.0110,1.6681
13765,19:31:41.152,2059,0.0056,1.6593
13766,19:31:41.153,2071,0.0115,1.6689
13767,19:31:41.153,2083,0.0173,1.6786
13768,19:31:41.154,2079,0.0154,1.6754
13769,19:31:41.154,2059,0.0056,1.6593
13770,19:31:41.155,2068,0.0100,1.6665
13771,19:31:41.155,2079,0.0154,1.6754
13772,19:31:41.156,2076,0.0139,1.6730
13773,19:31:41.156,2071,0.0115,1.6689
13774,19:31:41.157,2057,0.0046,1.6577
13775,19:31:41.157,2072,0.0120,1.6697
13776,19:31:41.158,2085,0.0183,1.6802
13777,19:31:41.158,2075,0.0134,1.6722
13778,19:31:41.159,2059,0.0056,1.6593
13779,19:31:41.159,2071,0.0115,1.6689
13780,19:31:41.160,2079,0.0154,1.6754
13781,19:31:41.160,2075,0.0134,1.6722
13782,19:31:41.161,2068,0.0100,1.6665
13783,19:31:41.161,2058,0.0051,1.6585
13784,19:31:41.162,2076,0.0139,1.6730
13785,19:31:41.162,2087,0.0193,1.6818
13786,19:31:41.163,2075,0.0134,1.6722
13787,19:31:41.163,2060,0.0061,1.6601
13788,19:31:41.164,2068,0.0100,1.6665
13789,19:31:41.164,2081,0.0164,1.6770
13790,19:31:41.165,2075,0.0134,1.6722
13791,19:31:41.165,2068,0.0100,1.6665
13792,19:31:41.166,2059,0.0056,1.6593
13793,19:31:41.166,2075,0.0134,1.6722
13794,19:31:41.167,2082,0.0168,1.6778
13795,19:31:41.167,2073,0.0125,1.6705
13796,19:31:41.168,2057,0.0046,1.6577
13797,19:31:41.168,2071,0.0115,1.6689
13798,19:31:41.169,2079,0.0154,1.6754
13799,19:31:41.169,2072,0.0120,1.6697
13800,19:31:41.170,2067,0.0095,1.6657
13801,19:31:41.170,2066,0.0090,1.6649
13802,19:31:41.171,2075,0.0134,1.6722
13803,19:31:41.171,2082,0.0168,1.6778
13804,19:31:41.172,2075,0.0134,1.6722
13805,19:31:41.172,2061,0.0066,1.6609
13806,19:31:41.173,2071,0.0115,1.6689
13807,19:31:41.173,2080,0.0159,1.6762
13808,19:31:41.174,2070,0.0110,1.6681
13809,19:31:41.174,2067,0.0095,1.6657
13810,19:31:41.175,2062,0.0071,1.6617
13811,19:31:41.175,2076,0.0139,1.6730
13812,19:31:41.176,2083,0.0173,1.6786
13813,19:31:41.176,2077,0.0144,1.6738
13814,19:31:41.177,2062,0.0071,1.6617
13815,19:31:41.177,2069,0.0105,1.6673
13816,19:31:41.178,2081,0.0164,1.6770
13817,19:31:41.178,2072,0.0120,1.6697
13818,19:31:41.179,2058,0.0051,1.6585
13819,19:31:41.179,2054,0.0032,1.6552
13820,19:31:41.180,2084,0.0178,1.6794
13821,19:31:41.180,2090,0.0208,1.6842
13822,19:31:41.181,2070,0.0110,1.6681
13823,19:31:41.181,2071,0.0115,1.6689
13824,19:31:41.182,2076,0.0139,1.6730
13825,19:31:41.182,2096,0.0237,1.6891
13826,19:31:41.183,2056,0.0042,1.6568
13827,19:31:41.183,2050,0.0012,1.6520
13828,19:31:41.184,2067,0.0095,1.6657
13829,19:31:41.184,2070,0.0110,1.6681
13830,19:31:41.185,2090,0.0208,1.6842
13831,19:31:41.185,2063,0.0076,1.6625
13832,19:31:41.186,2084,0.0178,1.6794
13833,19:31:41.186,2070,0.0110,1.6681
13834,19:31:41.187,2085,0.0183,1.6802
13835,19:31:41.187,2066,0.0090,1.6649
13836,19:31:41.188,2051,0.0017,1.6528
13837,19:31:41.188,2067,0.0095,1.6657
13838,19:31:41.189,2069,0.0105,1.6673
13839,19:31:41.189,2085,0.0183,1.6802
13840,19:31:41.190,2063,0.0076,1.6625
13841,19:31:41.190,2083,0.0173,1.6786
13842,19:31:41.191,2074,0.0129,1.6714
13843,19:31:41.191,2085,0.0183,1.6802
13844,19:31:41.192,2060,0.0061,1.6601
13845,19:31:41.192,2065,0.0085,1.6641
13846,19:31:41.193,2069,0.0105,1.6673
13847,19:31:41.193,2075,0.0134,1.6722
13848,19:31:41.194,2084,0.0178,1.6794
13849,19:31:41.194,2059,0.0056,1.6593
13850,19:31:41.195,2077,0.0144,1.6738
13851,19:31:41.195,2067,0.0095,1.6657
13852,19:31:41.196,2081,0.0164,1.6770
13853,19:31:41.196,2062,0.0071,1.6617
13854,19:31:41.197,2066,0.0090,1.6649
13855,19:31:41.197,2071,0.0115,1.6689
13856,19:31:41.198,2074,0.0129,1.6714
13857,19:31:41.198,2081,0.0164,1.6770
13858,19:31:41.199,2062,0.0071,1.6617
13859,19:31:41.199,2066,0.0090,1.6649
13860,19:31:41.200,2066,0.0090,1.6649
13861,19:31:41.200,2075,0.0134,1.6722
13862,19:31:41.201,2062,0.0071,1.6617
13863,19:31:41.201,2069,0.0105,1.6673
13864,19:31:41.202,2074,0.0129,1.6714
13865,19:31:41.202,2082,0.0168,1.6778
13866,19:31:41.203,2082,0.0168,1.6778
13867,19:31:41.203,2061,0.0066,1.6609
13868,19:31:41.204,2059,0.0056,1.6593
13869,19:31:41.204,2063,0.0076,1.6625
13870,19:31:41.205,2075,0.0134,1.6722
13871,19:31:41.205,2064,0.0081,1.6633
13872,19:31:41.206,2067,0.0095,1.6657
13873,19:31:41.206,2079,0.0154,1.6754
13874,19:31:41.207,2080,0.0159,1.6762
13875,19:31:41.207,2082,0.0168,1.6778
13876,19:31:41.208,2059,0.0056,1.6593
13877,19:31:41.208,2059,0.0056,1.6593
13878,19:31:41.209,2067,0.0095,1.6657
13879,19:31:41.209,2069,0.0105,1.6673
13880,19:31:41.210,2068,0.0100,1.6665
13881,19:31:41.210,2067,0.0095,1.6657
13882,19:31:41.211,2084,0.0178,1.6794
13883,19:31:41.211,2083,0.0173,1.6786
13884,19:31:41.212,2079,0.0154,1.6754
13885,19:31:41.212,2061,0.0066,1.6609
13886,19:31:41.213,2055,0.0037,1.6560
13887,19:31:41.213,2065,0.0085,1.6641
13888,19:31:41.214,2069,0.0105,1.6673
13889,19:31:41.214,2074,0.0129,1.6714
13890,19:31:41.215,2063,0.0076,1.6625
13891,19:31:41.215,2083,0.0173,1.6786
13892,19:31:41.216,2079,0.0154,1.6754
13893,19:31:41.216,2082,0.0168,1.6778
13894,19:31:41.217,2061,0.0066,1.6609
13895,19:31:41.217,2058,0.0051,1.6585
13896,19:31:41.218,2068,0.0100,1.6665
13897,19:31:41.218,2068,0.0100,1.6665
13898,19:31:41.219,2077,0.0144,1.6738
13899,19:31:41.219,2066,0.0090,1.6649
13900,19:31:41.220,2083,0.0173,1.6786
13901,19:31:41.220,2074,0.0129,1.6714
13902,19:31:41.221,2079,0.0154,1.6754
13903,19:31:41.221,2059,0.0056,1.6593
13904,19:31:41.222,2059,0.0056,1.6593
13905,19:31:41.222,2067,0.0095,1.6657
13906,19:31:41.223,2070,0.0110,1.6681
13907,19:31:41.223,2078,0.0149,1.6746
13908,19:31:41.224,2066,0.0090,1.6649
13909,19:31:41.224,2084,0.0178,1.6794
13910,19:31:41.225,2074,0.0129,1.6714
13911,19:31:41.225,2079,0.0154,1.6754
13912,19:31:41.226,2063,0.0076,1.6625
13913,19:31:41.226,2066,0.0090,1.6649
13914,19:31:41.227,2071,0.0115,1.6689
13915,19:31:41.227,2068,0.0100,1.6665
13916,19:31:41.228,2078,0.0149,1.6746
13917,19:31:41.228,2061,0.0066,1.6609
13918,19:31:41.229,2083,0.0173,1.6786
13919,19:31:41.229,2066,0.0090,1.6649
13920,19:31:41.230,2078,0.0149,1.6746
13921,19:31:41.230,2062,0.0071,1.6617
13922,19:31:41.231,2068,0.0100,1.6665
13923,19:31:41.231,2071,0.0115,1.6689
13924,19:31:41.232,2072,0.0120,1.6697
13925,19:31:41.232,2077,0.0144,1.6738
13926,19:31:41.233,2064,0.0081,1.6633
13927,19:31:41.233,2079,0.0154,1.6754
13928,19:31:41.234,2067,0.0095,1.6657
13929,19:31:41.234,2076,0.0139,1.6730
13930,19:31:41.235,2067,0.0095,1.6657
13931,19:31:41.235,2070,0.0110,1.6681
13932,19:31:41.236,2077,0.0144,1.6738
13933,19:31:41.236,2076,0.0139,1.6730
13934,19:31:41.237,2080,0.0159,1.6762
13935,19:31:41.237,2062,0.0071,1.6617
13936,19:31:41.238,2071,0.0115,1.6689
13937,19:31:41.238,2068,0.0100,1.6665
13938,19:31:41.239,2076,0.0139,1.6730
13939,19:31:41.239,2071,0.0115,1.6689
13940,19:31:41.240,2075,0.0134,1.6722
13941,19:31:41.240,2078,0.0149,1.6746
13942,19:31:41.241,2075,0.0134,1.6722
13943,19:31:41.241,2081,0.0164,1.6770
13944,19:31:41.242,2065,0.0085,1.6641
13945,19:31:41.242,2068,0.0100,1.6665
13946,19:31:41.243,2070,0.0110,1.6681
13947,19:31:41.243,2071,0.0115,1.6689
13948,19:31:41.244,2073,0.0125,1.6705
13949,19:31:41.244,2074,0.0129,1.6714
13950,19:31:41.245,2084,0.0178,1.6794
13951,19:31:41.245,2077,0.0144,1.6738
13952,19:31:41.246,2079,0.0154,1.6754
13953,19:31:41.246,2065,0.0085,1.6641
13954,19:31:41.247,2062,0.0071,1.6617
13955,19:31:41.247,2068,0.0100,1.6665
13956,19:31:41.248,2068,0.0100,1.6665
13957,19:31:41.248,2072,0.0120,1.6697
13958,19:31:41.249,2074,0.0129,1.6714
13959,19:31:41.249,2086,0.0188,1.6810
13960,19:31:41.250,2078,0.0149,1.6746
13961,19:31:41.250,2079,0.0154,1.6754
13962,19:31:41.251,2063,0.0076,1.6625
13963,19:31:41.251,2059,0.0056,1.6593
13964,19:31:41.252,2064,0.0081,1.6633
13965,19:31:41.252,2070,0.0110,1.6681
13966,19:31:41.253,2071,0.0115,1.6689
13967,19:31:41.253,2069,0.0105,1.6673
13968,19:31:41.254,2085,0.0183,1.6802
13969,19:31:41.254,2077,0.0144,1.6738
13970,19:31:41.255,2079,0.0154,1.6754
13971,19:31:41.255,2064,0.0081,1.6633
13972,19:31:41.256,2059,0.0056,1.6593
13973,19:31:41.256,2067,0.0095,1.6657
13974,19:31:41.257,2066,0.0090,1.6649
13975,19:31:41.257,2072,0.0120,1.6697
13976,19:31:41.258,2069,0.0105,1.6673
13977,19:31:41.258,2083,0.0173,1.6786
13978,19:31:41.259,2072,0.0120,1.6697
13979,19:31:41.259,2076,0.0139,1.6730
13980,19:31:41.260,2064,0.0081,1.6633
13981,19:31:41.260,2059,0.0056,1.6593
13982,19:31:41.261,2067,0.0095,1.6657
13983,19:31:41.261,2068,0.0100,1.6665
13984,19:31:41.262,2075,0.0134,1.6722
13985,19:31:41.262,2066,0.0090,1.6649
13986,19:31:41.263,2077,0.0144,1.6738
13987,19:31:41.263,2069,0.0105,1.6673
13988,19:31:41.264,2077,0.0144,1.6738
13989,19:31:41.264,2062,0.0071,1.6617
13990,19:31:41.265,2062,0.0071,1.6617
13991,19:31:41.265,2068,0.0100,1.6665
13992,19:31:41.266,2072,0.0120,1.6697
13993,19:31:41.266,2077,0.0144,1.6738
13994,19:31:41.267,2065,0.0085,1.6641
13995,19:31:41.267,2079,0.0154,1.6754
13996,19:31:41.268,2071,0.0115,1.6689
13997,19:31:41.268,2072,0.0120,1.6697
13998,19:31:41.269,2065,0.0085,1.6641
13999,19:31:41.269,2069,0.0105,1.6673
14000,19:31:41.270,2073,0.0125,1.6705
14001,19:31:41.270,2075,0.0134,1.6722
14002,19:31:41.271,2074,0.0129,1.6714
14003,19:31:41.271,2066,0.0090,1.6649
14004,19:31:41.272,2073,0.0125,1.6705
14005,19:31:41.272,2068,0.0100,1.6665
14006,19:31:41.273,2071,0.0115,1.6689
14007,19:31:41.273,2067,0.0095,1.6657
14008,19:31:41.274,2071,0.0115,1.6689
14009,19:31:41.274,2078,0.0149,1.6746
14010,19:31:41.275,2072,0.0120,1.6697
14011,19:31:41.275,2075,0.0134,1.6722
14012,19:31:41.276,2060,0.0061,1.6601
14013,19:31:41.276,2071,0.0115,1.6689
14014,19:31:41.277,2068,0.0100,1.6665
14015,19:31:41.277,2071,0.0115,1.6689
14016,19:31:41.278,2070,0.0110,1.6681
14017,19:31:41.278,2078,0.0149,1.6746
14018,19:31:41.279,2081,0.0164,1.6770
14019,19:31:41.279,2076,0.0139,1.6730
14020,19:31:41.280,2076,0.0139,1.6730
14021,19:31:41.280,2062,0.0071,1.6617
14022,19:31:41.281,2066,0.0090,1.6649
14023,19:31:41.281,2064,0.0081,1.6633
14024,19:31:41.282,2067,0.0095,1.6657
14025,19:31:41.282,2068,0.0100,1.6665
14026,19:31:41.283,2075,0.0134,1.6722
14027,19:31:41.283,2086,0.0188,1.6810
14028,19:31:41.284,2074,0.0129,1.6714
14029,19:31:41.284,2078,0.0149,1.6746
14030,19:31:41.285,2064,0.0081,1.6633
14031,19:31:41.285,2067,0.0095,1.6657
14032,19:31:41.286,2067,0.0095,1.6657
14033,19:31:41.286,2069,0.0105,1.6673
14034,19:31:41.287,2067,0.0095,1.6657
14035,19:31:41.287,2075,0.0134,1.6722
14036,19:31:41.288,2087,0.0193,1.6818
14037,19:31:41.288,2075,0.0134,1.6722
14038,19:31:41.289,2076,0.0139,1.6730
14039,19:31:41.289,2063,0.0076,1.6625
14040,19:31:41.290,2067,0.0095,1.6657
14041,19:31:41.290,2070,0.0110,1.6681
14042,19:31:41.291,2069,0.0105,1.6673
14043,19:31:41.291,2074,0.0129,1.6714
14044,19:31:41.292,2072,0.0120,1.6697
14045,19:31:41.292,2086,0.0188,1.6810
14046,19:31:41.293,2076,0.0139,1.6730
14047,19:31:41.293,2074,0.0129,1.6714
14048,19:31:41.294,2065,0.0085,1.6641
14049,19:31:41.294,2066,0.0090,1.6649
14050,19:31:41.295,2071,0.0115,1.6689
14051,19:31:41.295,2070,0.0110,1.6681
14052,19:31:41.296,2075,0.0134,1.6722
14053,19:31:41.296,2066,0.0090,1.6649
14054,19:31:41.297,2083,0.0173,1.6786
14055,19:31:41.297,2071,0.0115,1.6689
14056,19:31:41.298,2074,0.0129,1.6714
14057,19:31:41.298,2067,0.0095,1.6657
14058,19:31:41.299,2066,0.0090,1.6649
14059,19:31:41.299,2070,0.0110,1.6681
14060,19:31:41.300,2070,0.0110,1.6681
14061,19:31:41.300,2074,0.0129,1.6714
14062,19:31:41.301,2065,0.0085,1.6641
14063,19:31:41.301,2082,0.0168,1.6778
14064,19:31:41.302,2071,0.0115,1.6689
14065,19:31:41.302,2073,0.0125,1.6705
14066,19:31:41.303,2067,0.0095,1.6657
14067,19:31:41.303,2069,0.0105,1.6673
14068,19:31:41.304,2075,0.0134,1.6722
14069,19:31:41.304,2068,0.0100,1.6665
14070,19:31:41.305,2076,0.0139,1.6730
14071,19:31:41.305,2062,0.0071,1.6617
14072,19:31:41.306,2081,0.0164,1.6770
14073,19:31:41.306,2067,0.0095,1.6657
14074,19:31:41.307,2069,0.0105,1.6673
14075,19:31:41.307,2067,0.0095,1.6657
14076,19:31:41.308,2073,0.0125,1.6705
14077,19:31:41.308,2076,0.0139,1.6730
14078,19:31:41.309,2070,0.0110,1.6681
14079,19:31:41.309,2075,0.0134,1.6722
14080,19:31:41.310,2062,0.0071,1.6617
14081,19:31:41.310,2076,0.0139,1.6730
14082,19:31:41.311,2068,0.0100,1.6665
14083,19:31:41.311,2068,0.0100,1.6665
14084,19:31:41.312,2062,0.0071,1.6617
14085,19:31:41.312,2076,0.0139,1.6730
14086,19:31:41.313,2078,0.0149,1.6746
14087,19:31:41.313,2074,0.0129,1.6714
14088,19:31:41.314,2076,0.0139,1.6730
14089,19:31:41.314,2061,0.0066,1.6609
14090,19:31:41.315,2075,0.0134,1.6722
14091,19:31:41.315,2065,0.0085,1.6641
14092,19:31:41.316,2065,0.0085,1.6641
14093,19:31:41.316,2062,0.0071,1.6617
14094,19:31:41.317,2073,0.0125,1.6705
14095,19:31:41.317,2080,0.0159,1.6762
14096,19:31:41.318,2071,0.0115,1.6689
14097,19:31:41.318,2075,0.0134,1.6722
14098,19:31:41.319,2065,0.0085,1.6641
14099,19:31:41.319,2072,0.0120,1.6697
14100,19:31:41.320,2064,0.0081,1.6633
14101,19:31:41.320,2069,0.0105,1.6673
14102,19:31:41.321,2063,0.0076,1.6625
14103,19:31:41.321,2074,0.0129,1.6714
14104,19:31:41.322,2086,0.0188,1.6810
14105,19:31:41.322,2072,0.0120,1.6697
14106,19:31:41.323,2073,0.0125,1.6705
14107,19:31:41.323,2062,0.0071,1.6617
14108,19:31:41.324,2067,0.0095,1.6657
14109,19:31:41.324,2063,0.0076,1.6625
14110,19:31:41.325,2066,0.0090,1.6649
14111,19:31:41.325,2067,0.0095,1.6657
14112,19:31:41.326,2075,0.0134,1.6722
14113,19:31:41.326,2083,0.0173,1.6786
14114,19:31:41.327,2072,0.0120,1.6697
14115,19:31:41.327,2073,0.0125,1.6705
14116,19:31:41.328,2063,0.0076,1.6625
14117,19:31:41.328,2067,0.0095,1.6657
14118,19:31:41.329,2066,0.0090,1.6649
14119,19:31:41.329,2067,0.0095,1.6657
14120,19:31:41.330,2066,0.0090,1.6649
14121,19:31:41.330,2070,0.0110,1.6681
14122,19:31:41.331,2089,0.0203,1.6834
14123,19:31:41.331,2074,0.0129,1.6714
14124,19:31:41.332,2073,0.0125,1.6705
14125,19:31:41.332,2062,0.0071,1.6617
14126,19:31:41.333,2070,0.0110,1.6681
14127,19:31:41.333,2070,0.0110,1.6681
14128,19:31:41.334,2069,0.0105,1.6673
14129,19:31:41.334,2070,0.0110,1.6681
14130,19:31:41.335,2067,0.0095,1.6657
14131,19:31:41.335,2086,0.0188,1.6810
14132,19:31:41.336,2074,0.0129,1.6714
14133,19:31:41.336,2073,0.0125,1.6705
14134,19:31:41.337,2062,0.0071,1.6617
14135,19:31:41.337,2068,0.0100,1.6665
14136,19:31:41.338,2072,0.0120,1.6697
14137,19:31:41.338,2068,0.0100,1.6665
14138,19:31:41.339,2073,0.0125,1.6705
14139,19:31:41.339,2069,0.0105,1.6673
14140,19:31:41.340,2084,0.0178,1.6794
14141,19:31:41.340,2075,0.0134,1.6722
14142,19:31:41.341,2071,0.0115,1.6689
14143,19:31:41.341,2066,0.0090,1.6649
14144,19:31:41.342,2073,0.0125,1.6705
14145,19:31:41.342,2077,0.0144,1.6738
14146,19:31:41.343,2073,0.0125,1.6705
14147,19:31:41.343,2076,0.0139,1.6730
14148,19:31:41.344,2062,0.0071,1.6617
14149,19:31:41.344,2081,0.0164,1.6770
14150,19:31:41.345,2072,0.0120,1.6697
14151,19:31:41.345,2071,0.0115,1.6689
14152,19:31:41.346,2065,0.0085,1.6641
14153,19:31:41.346,2074,0.0129,1.6714
14154,19:31:41.347,2080,0.0159,1.6762
14155,19:31:41.347,2071,0.0115,1.6689
14156,19:31:41.348,2076,0.0139,1.6730
14157,19:31:41.348,2064,0.0081,1.6633
14158,19:31:41.349,2073,0.0125,1.6705
14159,19:31:41.349,2071,0.0115,1.6689
14160,19:31:41.350,2069,0.0105,1.6673
14161,19:31:41.350,2061,0.0066,1.6609
14162,19:31:41.351,2077,0.0144,1.6738
14163,19:31:41.351,2082,0.0168,1.6778
14164,19:31:41.352,2070,0.0110,1.6681
14165,19:31:41.352,2074,0.0129,1.6714
14166,19:31:41.353,2064,0.0081,1.6633
14167,19:31:41.353,2072,0.0120,1.6697
14168,19:31:41.354,2065,0.0085,1.6641
14169,19:31:41.354,2064,0.0081,1.6633
14170,19:31:41.355,2062,0.0071,1.6617
14171,19:31:41.355,2074,0.0129,1.6714
14172,19:31:41.356,2085,0.0183,1.6802
14173,19:31:41.356,2075,0.0134,1.6722
14174,19:31:41.357,2072,0.0120,1.6697
14175,19:31:41.357,2060,0.0061,1.6601
14176,19:31:41.358,2072,0.0120,1.6697
14177,19:31:41.358,2067,0.0095,1.6657
14178,19:31:41.359,2067,0.0095,1.6657
14179,19:31:41.359,2062,0.0071,1.6617
14180,19:31:41.360,2073,0.0125,1.6705
14181,19:31:41.360,2086,0.0188,1.6810
14182,19:31:41.361,2072,0.0120,1.6697
14183,19:31:41.361,2073,0.0125,1.6705
14184,19:31:41.362,2061,0.0066,1.6609
14185,19:31:41.362,2072,0.0120,1.6697
14186,19:31:41.363,2073,0.0125,1.6705
14187,19:31:41.363,2065,0.0085,1.6641
14188,19:31:41.364,2068,0.0100,1.6665
14189,19:31:41.364,2069,0.0105,1.6673
14190,19:31:41.365,2084,0.0178,1.6794
14191,19:31:41.365,2072,0.0120,1.6697
14192,19:31:41.366,2071,0.0115,1.6689
14193,19:31:41.366,2069,0.0105,1.6673
14194,19:31:41.367,2071,0.0115,1.6689
14195,19:31:41.367,2078,0.0149,1.6746
14196,19:31:41.368,2061,0.0066,1.6609
14197,19:31:41.368,2067,0.0095,1.6657
14198,19:31:41.369,2071,0.0115,1.6689
14199,19:31:41.369,2082,0.0168,1.6778
14200,19:31:41.370,2070,0.0110,1.6681
14201,19:31:41.370,2062,0.0071,1.6617
14202,19:31:41.371,2070,0.0110,1.6681
14203,19:31:41.371,2077,0.0144,1.6738
14204,19:31:41.372,2076,0.0139,1.6730
14205,19:31:41.372,2061,0.0066,1.6609
14206,19:31:41.373,2069,0.0105,1.6673
14207,19:31:41.373,2072,0.0120,1.6697
14208,19:31:41.374,2075,0.0134,1.6722
14209,19:31:41.374,2071,0.0115,1.6689
14210,19:31:41.375,2063,0.0076,1.6625
14211,19:31:41.375,2070,0.0110,1.6681
14212,19:31:41.376,2078,0.0149,1.6746
14213,19:31:41.376,2077,0.0144,1.6738
14214,19:31:41.377,2067,0.0095,1.6657
14215,19:31:41.377,2068,0.0100,1.6665
14216,19:31:41.378,2074,0.0129,1.6714
14217,19:31:41.378,2076,0.0139,1.6730
14218,19:31:41.379,2072,0.0120,1.6697
14219,19:31:41.379,2064,0.0081,1.6633
14220,19:31:41.380,2070,0.0110,1.6681
14221,19:31:41.380,2072,0.0120,1.6697
14222,19:31:41.381,2073,0.0125,1.6705
14223,19:31:41.381,2064,0.0081,1.6633
14224,19:31:41.382,2071,0.0115,1.6689
14225,19:31:41.382,2073,0.0125,1.6705
14226,19:31:41.383,2073,0.0125,1.6705
14227,19:31:41.383,2071,0.0115,1.6689
14228,19:31:41.384,2063,0.0076,1.6625
14229,19:31:41.384,2071,0.0115,1.6689
14230,19:31:41.385,2076,0.0139,1.6730
14231,19:31:41.385,2074,0.0129,1.6714
14232,19:31:41.386,2068,0.0100,1.6665
14233,19:31:41.386,2068,0.0100,1.6665
14234,19:31:41.387,2076,0.0139,1.6730
14235,19:31:41.387,2074,0.0129,1.6714
14236,19:31:41.388,2072,0.0120,1.6697
14237,19:31:41.388,2061,0.0066,1.6609
14238,19:31:41.389,2072,0.0120,1.6697
14239,19:31:41.389,2073,0.0125,1.6705
14240,19:31:41.390,2074,0.0129,1.6714
14241,19:31:41.390,2066,0.0090,1.6649
14242,19:31:41.391,2070,0.0110,1.6681
14243,19:31:41.391,2072,0.0120,1.6697
14244,19:31:41.392,2072,0.0120,1.6697
14245,19:31:41.392,2069,0.0105,1.6673
14246,19:31:41.393,2066,0.0090,1.6649
14247,19:31:41.393,2070,0.0110,1.6681
14248,19:31:41.394,2073,0.0125,1.6705
14249,19:31:41.394,2073,0.0125,1.6705
14250,19:31:41.395,2064,0.0081,1.6633
14251,19:31:41.395,2066,0.0090,1.6649
14252,19:31:41.396,2074,0.0129,1.6714
14253,19:31:41.396,2073,0.0125,1.6705
14254,19:31:41.397,2069,0.0105,1.6673
14255,19:31:41.397,2064,0.0081,1.6633
14256,19:31:41.398,2070,0.0110,1.6681
14257,19:31:41.398,2073,0.0125,1.6705
14258,19:31:41.399,2073,0.0125,1.6705
14259,19:31:41.399,2068,0.0100,1.6665
14260,19:31:41.400,2067,0.0095,1.6657
14261,19:31:41.400,2072,0.0120,1.6697
14262,19:31:41.401,2071,0.0115,1.6689
14263,19:31:41.401,2072,0.0120,1.6697
14264,19:31:41.402,2067,0.0095,1.6657
14265,19:31:41.402,2069,0.0105,1.6673
14266,19:31:41.403,2072,0.0120,1.6697
14267,19:31:41.403,2074,0.0129,1.6714
14268,19:31:41.404,2071,0.0115,1.6689
14269,19:31:41.404,2065,0.0085,1.6641
14270,19:31:41.405,2073,0.0125,1.6705
14271,19:31:41.405,2074,0.0129,1.6714
14272,19:31:41.406,2070,0.0110,1.6681
14273,19:31:41.406,2066,0.0090,1.6649
14274,19:31:41.407,2067,0.0095,1.6657
14275,19:31:41.407,2074,0.0129,1.6714
14276,19:31:41.408,2077,0.0144,1.6738
14277,19:31:41.408,2067,0.0095,1.6657
14278,19:31:41.409,2065,0.0085,1.6641
14279,19:31:41.409,2068,0.0100,1.6665
14280,19:31:41.410,2073,0.0125,1.6705
14281,19:31:41.410,2073,0.0125,1.6705
14282,19:31:41.411,2069,0.0105,1.6673
14283,19:31:41.411,2070,0.0110,1.6681
14284,19:31:41.412,2071,0.0115,1.6689
14285,19:31:41.412,2078,0.0149,1.6746
14286,19:31:41.413,2068,0.0100,1.6665
14287,19:31:41.413,2067,0.0095,1.6657
14288,19:31:41.414,2071,0.0115,1.6689
14289,19:31:41.414,2073,0.0125,1.6705
14290,19:31:41.415,2072,0.0120,1.6697
14291,19:31:41.415,2069,0.0105,1.6673
14292,19:31:41.416,2068,0.0100,1.6665
14293,19:31:41.416,2073,0.0125,1.6705
14294,19:31:41.417,2074,0.0129,1.6714
14295,19:31:41.417,2073,0.0125,1.6705
14296,19:31:41.418,2068,0.0100,1.6665
14297,19:31:41.418,2066,0.0090,1.6649
14298,19:31:41.419,2073,0.0125,1.6705
14299,19:31:41.419,2072,0.0120,1.6697
14300,19:31:41.420,2067,0.0095,1.6657
14301,19:31:41.420,2069,0.0105,1.6673
14302,19:31:41.421,2073,0.0125,1.6705
14303,19:31:41.421,2073,0.0125,1.6705
14304,19:31:41.422,2071,0.0115,1.6689
14305,19:31:41.422,2065,0.0085,1.6641
14306,19:31:41.423,2065,0.0085,1.6641
14307,19:31:41.423,2073,0.0125,1.6705
14308,19:31:41.424,2076,0.0139,1.6730
14309,19:31:41.424,2062,0.0071,1.6617
14310,19:31:41.425,2045,-0.0012,1.6480
14311,19:31:41.425,2099,0.0252,1.6915
14312,19:31:41.426,2077,0.0144,1.6738
14313,19:31:41.426,2072,0.0120,1.6697
14314,19:31:41.427,2063,0.0076,1.6625
14315,19:31:41.427,2093,0.0222,1.6867
14316,19:31:41.428,2094,0.0227,1.6875
14317,19:31:41.428,2033,-0.0071,1.6383
14318,19:31:41.429,2077,0.0144,1.6738
14319,19:31:41.429,2056,0.0042,1.6568
14320,19:31:41.430,2094,0.0227,1.6875
14321,19:31:41.430,2030,-0.0085,1.6359
14322,19:31:41.431,2072,0.0120,1.6697
14323,19:31:41.431,2103,0.0271,1.6947
14324,19:31:41.432,2089,0.0203,1.6834
14325,19:31:41.432,2097,0.0242,1.6899
14326,19:31:41.433,2017,-0.0149,1.6254
14327,19:31:41.433,2093,0.0222,1.6867
14328,19:31:41.434,2055,0.0037,1.6560
14329,19:31:41.434,2093,0.0222,1.6867
14330,19:31:41.435,2028,-0.0095,1.6343
14331,19:31:41.435,2054,0.0032,1.6552
14332,19:31:41.436,2122,0.0364,1.7100
14333,19:31:41.436,2080,0.0159,1.6762
14334,19:31:41.437,2094,0.0227,1.6875
14335,19:31:41.437,2005,-0.0208,1.6158
14336,19:31:41.438,2096,0.0237,1.6891
14337,19:31:41.438,2069,0.0105,1.6673
14338,19:31:41.439,2083,0.0173,1.6786
14339,19:31:41.439,2026,-0.0105,1.6327
14340,19:31:41.440,2045,-0.0012,1.6480
14341,19:31:41.440,2135,0.0427,1.7205
14342,19:31:41.441,2080,0.0159,1.6762
14343,19:31:41.441,2091,0.0212,1.6851
14344,19:31:41.442,2008,-0.0193,1.6182
14345,19:31:41.442,2093,0.0222,1.6867
14346,19:31:41.443,2083,0.0173,1.6786
14347,19:31:41.443,2086,0.0188,1.6810
14348,19:31:41.444,2034,-0.0066,1.6391
14349,19:31:41.444,2038,-0.0046,1.6423
14350,19:31:41.445,2130,0.0403,1.7165
14351,19:31:41.445,2070,0.0110,1.6681
14352,19:31:41.446,2080,0.0159,1.6762
14353,19:31:41.446,2009,-0.0188,1.6190
14354,19:31:41.447,2090,0.0208,1.6842
14355,19:31:41.447,2091,0.0212,1.6851
14356,19:31:41.448,2089,0.0203,1.6834
14357,19:31:41.448,2044,-0.0017,1.6472
14358,19:31:41.449,2032,-0.0076,1.6375
14359,19:31:41.449,2129,0.0398,1.7157
14360,19:31:41.450,2071,0.0115,1.6689
14361,19:31:41.450,2073,0.0125,1.6705
14362,19:31:41.451,2017,-0.0149,1.6254
14363,19:31:41.451,2087,0.0193,1.6818
14364,19:31:41.452,2095,0.0232,1.6883
14365,19:31:41.452,2091,0.0212,1.6851
14366,19:31:41.453,2051,0.0017,1.6528
14367,19:31:41.453,2034,-0.0066,1.6391
14368,19:31:41.454,2118,0.0344,1.7068
14369,19:31:41.454,2070,0.0110,1.6681
14370,19:31:41.455,2070,0.0110,1.6681
14371,19:31:41.455,2019,-0.0139,1.6270
14372,19:31:41.456,2083,0.0173,1.6786
14373,19:31:41.456,2098,0.0247,1.6907
14374,19:31:41.457,2093,0.0222,1.6867
14375,19:31:41.457,2060,0.0061,1.6601
14376,19:31:41.458,2031,-0.0081,1.6367
14377,19:31:41.458,2112,0.0315,1.7020
14378,19:31:41.459,2066,0.0090,1.6649
14379,19:31:41.459,2062,0.0071,1.6617
14380,19:31:41.460,2024,-0.0115,1.6311
14381,19:31:41.460,2081,0.0164,1.6770
14382,19:31:41.461,2104,0.0276,1.6955
14383,19:31:41.461,2091,0.0212,1.6851
14384,19:31:41.462,2073,0.0125,1.6705
14385,19:31:41.462,2030,-0.0085,1.6359
14386,19:31:41.463,2101,0.0261,1.6931
14387,19:31:41.463,2070,0.0110,1.6681
14388,19:31:41.464,2064,0.0081,1.6633
14389,19:31:41.464,2027,-0.0100,1.6335
14390,19:31:41.465,2079,0.0154,1.6754
14391,19:31:41.465,2108,0.0295,1.6988
14392,19:31:41.466,2095,0.0232,1.6883
14393,19:31:41.466,2079,0.0154,1.6754
14394,19:31:41.467,2029,-0.0090,1.6351
14395,19:31:41.467,2099,0.0252,1.6915
14396,19:31:41.468,2074,0.0129,1.6714
14397,19:31:41.468,2069,0.0105,1.6673
14398,19:31:41.469,2029,-0.0090,1.6351
14399,19:31:41.469,2069,0.0105,1.6673
14400,19:31:41.470,2116,0.0335,1.7052
14401,19:31:41.470,2088,0.0198,1.6826
14402,19:31:41.471,2085,0.0183,1.6802
14403,19:31:41.471,2025,-0.0110,1.6319
14404,19:31:41.472,2095,0.0232,1.6883
14405,19:31:41.472,2078,0.0149,1.6746
14406,19:31:41.473,2071,0.0115,1.6689
14407,19:31:41.473,2036,-0.0056,1.6407
14408,19:31:41.474,2058,0.0051,1.6585
14409,19:31:41.474,2121,0.0359,1.7092
14410,19:31:41.475,2073,0.0125,1.6705
14411,19:31:41.475,2087,0.0193,1.6818
14412,19:31:41.476,2020,-0.0134,1.6278
14413,19:31:41.476,2092,0.0217,1.6859
14414,19:31:41.477,2078,0.0149,1.6746
14415,19:31:41.477,2073,0.0125,1.6705
14416,19:31:41.478,2039,-0.0042,1.6432
14417,19:31:41.478,2052,0.0022,1.6536
14418,19:31:41.479,2127,0.0388,1.7141
14419,19:31:41.479,2067,0.0095,1.6657
14420,19:31:41.480,2082,0.0168,1.6778
14421,19:31:41.480,2019,-0.0139,1.6270
14422,19:31:41.481,2087,0.0193,1.6818
14423,19:31:41.481,2085,0.0183,1.6802
14424,19:31:41.482,2078,0.0149,1.6746
14425,19:31:41.482,2049,0.0007,1.6512
14426,19:31:41.483,2042,-0.0027,1.6456
14427,19:31:41.483,2130,0.0403,1.7165
14428,19:31:41.484,2061,0.0066,1.6609
14429,19:31:41.484,2076,0.0139,1.6730
14430,19:31:41.485,2021,-0.0129,1.6286
14431,19:31:41.485,2083,0.0173,1.6786
14432,19:31:41.486,2090,0.0208,1.6842
14433,19:31:41.486,2075,0.0134,1.6722
14434,19:31:41.487,2055,0.0037,1.6560
14435,19:31:41.487,2033,-0.0071,1.6383
14436,19:31:41.488,2124,0.0374,1.7116
14437,19:31:41.488,2059,0.0056,1.6593
14438,19:31:41.489,2073,0.0125,1.6705
14439,19:31:41.489,2024,-0.0115,1.6311
14440,19:31:41.490,2082,0.0168,1.6778
14441,19:31:41.490,2094,0.0227,1.6875
14442,19:31:41.491,2076,0.0139,1.6730
14443,19:31:41.491,2068,0.0100,1.6665
14444,19:31:41.492,2027,-0.0100,1.6335
14445,19:31:41.492,2115,0.0330,1.7044
14446,19:31:41.493,2058,0.0051,1.6585
14447,19:31:41.493,2068,0.0100,1.6665
14448,19:31:41.494,2032,-0.0076,1.6375
14449,19:31:41.494,2080,0.0159,1.6762
14450,19:31:41.495,2102,0.0266,1.6939
14451,19:31:41.495,2080,0.0159,1.6762
14452,19:31:41.496,2075,0.0134,1.6722
14453,19:31:41.496,2029,-0.0090,1.6351
14454,19:31:41.497,2108,0.0295,1.6988
14455,19:31:41.497,2066,0.0090,1.6649
14456,19:31:41.498,2068,0.0100,1.6665
14457,19:31:41.498,2035,-0.0061,1.6399
14458,19:31:41.499,2078,0.0149,1.6746
14459,19:31:41.499,2103,0.0271,1.6947
14460,19:31:41.500,2082,0.0168,1.6778
14461,19:31:41.500,2082,0.0168,1.6778
14462,19:31:41.501,2026,-0.0105,1.6327
14463,19:31:41.501,2099,0.0252,1.6915
14464,19:31:41.502,2065,0.0085,1.6641
14465,19:31:41.502,2069,0.0105,1.6673
14466,19:31:41.503,2043,-0.0022,1.6464
14467,19:31:41.503,2068,0.0100,1.6665
14468,19:31:41.504,2110,0.0305,1.7004
14469,19:31:41.504,2078,0.0149,1.6746
14470,19:31:41.505,2087,0.0193,1.6818
14471,19:31:41.505,2028,-0.0095,1.6343
14472,19:31:41.506,2089,0.0203,1.6834
14473,19:31:41.506,2072,0.0120,1.6697
14474,19:31:41.507,2069,0.0105,1.6673
14475,19:31:41.507,2049,0.0007,1.6512
14476,19:31:41.508,2063,0.0076,1.6625
14477,19:31:41.508,2117,0.0339,1.7060
14478,19:31:41.509,2076,0.0139,1.6730
14479,19:31:41.509,2090,0.0208,1.6842
14480,19:31:41.510,2027,-0.0100,1.6335
14481,19:31:41.510,2084,0.0178,1.6794
14482,19:31:41.511,2074,0.0129,1.6714
14483,19:31:41.511,2071,0.0115,1.6689
14484,19:31:41.512,2051,0.0017,1.6528
14485,19:31:41.512,2057,0.0046,1.6577
14486,19:31:41.513,2121,0.0359,1.7092
14487,19:31:41.513,2074,0.0129,1.6714
14488,19:31:41.514,2091,0.0212,1.6851
14489,19:31:41.514,2027,-0.0100,1.6335
14490,19:31:41.515,2084,0.0178,1.6794
14491,19:31:41.515,2079,0.0154,1.6754
14492,19:31:41.516,2077,0.0144,1.6738
14493,19:31:41.516,2056,0.0042,1.6568
14494,19:31:41.517,2052,0.0022,1.6536
14495,19:31:41.517,2122,0.0364,1.7100
14496,19:31:41.518,2069,0.0105,1.6673
14497,19:31:41.518,2085,0.0183,1.6802
14498,19:31:41.519,2025,-0.0110,1.6319
14499,19:31:41.519,2085,0.0183,1.6802
14500,19:31:41.520,2086,0.0188,1.6810
14501,19:31:41.520,2082,0.0168,1.6778
14502,19:31:41.521,2060,0.0061,1.6601
14503,19:31:41.521,2049,0.0007,1.6512
14504,19:31:41.522,2118,0.0344,1.7068
14505,19:31:41.522,2063,0.0076,1.6625
14506,19:31:41.523,2078,0.0149,1.6746
14507,19:31:41.523,2028,-0.0095,1.6343
14508,19:31:41.524,2086,0.0188,1.6810
14509,19:31:41.524,2091,0.0212,1.6851
14510,19:31:41.525,2081,0.0164,1.6770
14511,19:31:41.525,2065,0.0085,1.6641
14512,19:31:41.526,2040,-0.0037,1.6440
14513,19:31:41.526,2117,0.0339,1.7060
14514,19:31:41.527,2060,0.0061,1.6601
14515,19:31:41.527,2075,0.0134,1.6722
14516,19:31:41.528,2033,-0.0071,1.6383
14517,19:31:41.528,2083,0.0173,1.6786
14518,19:31:41.529,2097,0.0242,1.6899
14519,19:31:41.529,2084,0.0178,1.6794
14520,19:31:41.530,2070,0.0110,1.6681
14521,19:31:41.530,2035,-0.0061,1.6399
14522,19:31:41.531,2105,0.0281,1.6963
14523,19:31:41.531,2059,0.0056,1.6593
14524,19:31:41.532,2072,0.0120,1.6697
14525,19:31:41.532,2036,-0.0056,1.6407
14526,19:31:41.533,2082,0.0168,1.6778
14527,19:31:41.533,2103,0.0271,1.6947
14528,19:31:41.534,2081,0.0164,1.6770
14529,19:31:41.534,2074,0.0129,1.6714
14530,19:31:41.535,2033,-0.0071,1.6383
14531,19:31:41.535,2097,0.0242,1.6899
14532,19:31:41.536,2063,0.0076,1.6625
14533,19:31:41.536,2067,0.0095,1.6657
14534,19:31:41.537,2037,-0.0051,1.6415
14535,19:31:41.537,2075,0.0134,1.6722
14536,19:31:41.538,2105,0.0281,1.6963
14537,19:31:41.538,2074,0.0129,1.6714
14538,19:31:41.539,2084,0.0178,1.6794
14539,19:31:41.539,2032,-0.0076,1.6375
14540,19:31:41.540,2089,0.0203,1.6834
14541,19:31:41.540,2069,0.0105,1.6673
14542,19:31:41.541,2066,0.0090,1.6649
14543,19:31:41.541,2049,0.0007,1.6512
14544,19:31:41.542,2068,0.0100,1.6665
14545,19:31:41.542,2111,0.0310,1.7012
14546,19:31:41.543,2074,0.0129,1.6714
14547,19:31:41.543,2087,0.0193,1.6818
14548,19:31:41.544,2030,-0.0085,1.6359
14549,19:31:41.544,2079,0.0154,1.6754
14550,19:31:41.545,2076,0.0139,1.6730
14551,19:31:41.545,2065,0.0085,1.6641
14552,19:31:41.546,2056,0.0042,1.6568
14553,19:31:41.546,2056,0.0042,1.6568
14554,19:31:41.547,2116,0.0335,1.7052
14555,19:31:41.547,2073,0.0125,1.6705
14556,19:31:41.548,2083,0.0173,1.6786
14557,19:31:41.548,2032,-0.0076,1.6375
14558,19:31:41.549,2073,0.0125,1.6705
14559,19:31:41.549,2082,0.0168,1.6778
14560,19:31:41.550,2070,0.0110,1.6681
14561,19:31:41.550,2060,0.0061,1.6601
14562,19:31:41.551,2050,0.0012,1.6520
14563,19:31:41.551,2115,0.0330,1.7044
14564,19:31:41.552,2071,0.0115,1.6689
14565,19:31:41.552,2084,0.0178,1.6794
14566,19:31:41.553,2036,-0.0056,1.6407
14567,19:31:41.553,2071,0.0115,1.6689
14568,19:31:41.554,2089,0.0203,1.6834
14569,19:31:41.554,2072,0.0120,1.6697
14570,19:31:41.555,2065,0.0085,1.6641
14571,19:31:41.555,2044,-0.0017,1.6472
14572,19:31:41.556,2115,0.0330,1.7044
14573,19:31:41.556,2064,0.0081,1.6633
14574,19:31:41.557,2077,0.0144,1.6738
14575,19:31:41.557,2034,-0.0066,1.6391
14576,19:31:41.558,2076,0.0139,1.6730
14577,19:31:41.558,2094,0.0227,1.6875
14578,19:31:41.559,2073,0.0125,1.6705
14579,19:31:41.559,2070,0.0110,1.6681
14580,19:31:41.560,2038,-0.0046,1.6423
14581,19:31:41.560,2112,0.0315,1.7020
14582,19:31:41.561,2061,0.0066,1.6609
14583,19:31:41.561,2077,0.0144,1.6738
14584,19:31:41.562,2036,-0.0056,1.6407
14585,19:31:41.562,2076,0.0139,1.6730
14586,19:31:41.563,2100,0.0256,1.6923
14587,19:31:41.563,2077,0.0144,1.6738
14588,19:31:41.564,2073,0.0125,1.6705
14589,19:31:41.564,2036,-0.0056,1.6407
14590,19:31:41.565,2108,0.0295,1.6988
14591,19:31:41.565,2062,0.0071,1.6617
14592,19:31:41.566,2070,0.0110,1.6681
14593,19:31:41.566,2041,-0.0032,1.6448
14594,19:31:41.567,2074,0.0129,1.6714
14595,19:31:41.567,2104,0.0276,1.6955
14596,19:31:41.568,2075,0.0134,1.6722
14597,19:31:41.568,2078,0.0149,1.6746
14598,19:31:41.569,2033,-0.0071,1.6383
14599,19:31:41.569,2100,0.0256,1.6923
14600,19:31:41.570,2063,0.0076,1.6625
14601,19:31:41.570,2067,0.0095,1.6657
14602,19:31:41.571,2048,0.0002,1.6504
14603,19:31:41.571,2075,0.0134,1.6722
14604,19:31:41.572,2106,0.0286,1.6971
14605,19:31:41.572,2076,0.0139,1.6730
14606,19:31:41.573,2081,0.0164,1.6770
14607,19:31:41.573,2036,-0.0056,1.6407
14608,19:31:41.574,2093,0.0222,1.6867
14609,19:31:41.574,2067,0.0095,1.6657
14610,19:31:41.575,2069,0.0105,1.6673
14611,19:31:41.575,2052,0.0022,1.6536
14612,19:31:41.576,2072,0.0120,1.6697
14613,19:31:41.576,2112,0.0315,1.7020
14614,19:31:41.577,2076,0.0139,1.6730
14615,19:31:41.577,2082,0.0168,1.6778
14616,19:31:41.578,2032,-0.0076,1.6375
14617,19:31:41.578,2079,0.0154,1.6754
14618,19:31:41.579,2069,0.0105,1.6673
14619,19:31:41.579,2066,0.0090,1.6649
14620,19:31:41.580,2059,0.0056,1.6593
14621,19:31:41.580,2062,0.0071,1.6617
14622,19:31:41.581,2115,0.0330,1.7044
14623,19:31:41.581,2069,0.0105,1.6673
14624,19:31:41.582,2084,0.0178,1.6794
14625,19:31:41.582,2031,-0.0081,1.6367
14626,19:31:41.583,2075,0.0134,1.6722
14627,19:31:41.583,2079,0.0154,1.6754
14628,19:31:41.584,2070,0.0110,1.6681
14629,19:31:41.584,2070,0.0110,1.6681
14630,19:31:41.585,2057,0.0046,1.6577
14631,19:31:41.585,2114,0.0325,1.7036
14632,19:31:41.586,2067,0.0095,1.6657
14633,19:31:41.586,2082,0.0168,1.6778
14634,19:31:41.587,2033,-0.0071,1.6383
14635,19:31:41.587,2072,0.0120,1.6697
14636,19:31:41.588,2083,0.0173,1.6786
14637,19:31:41.588,2071,0.0115,1.6689
14638,19:31:41.589,2072,0.0120,1.6697
14639,19:31:41.589,2050,0.0012,1.6520
14640,19:31:41.590,2112,0.0315,1.7020
14641,19:31:41.590,2065,0.0085,1.6641
14642,19:31:41.591,2083,0.0173,1.6786
14643,19:31:41.591,2034,-0.0066,1.6391
14644,19:31:41.592,2070,0.0110,1.6681
14645,19:31:41.592,2087,0.0193,1.6818
14646,19:31:41.593,2069,0.0105,1.6673
14647,19:31:41.593,2074,0.0129,1.6714
14648,19:31:41.594,2043,-0.0022,1.6464
14649,19:31:41.594,2111,0.0310,1.7012
14650,19:31:41.595,2062,0.0071,1.6617
14651,19:31:41.595,2078,0.0149,1.6746
14652,19:31:41.596,2041,-0.0032,1.6448
14653,19:31:41.596,2069,0.0105,1.6673
14654,19:31:41.597,2096,0.0237,1.6891
14655,19:31:41.597,2071,0.0115,1.6689
14656,19:31:41.598,2078,0.0149,1.6746
14657,19:31:41.598,2040,-0.0037,1.6440
14658,19:31:41.599,2106,0.0286,1.6971
14659,19:31:41.599,2065,0.0085,1.6641
14660,19:31:41.600,2071,0.0115,1.6689
14661,19:31:41.600,2042,-0.0027,1.6456
14662,19:31:41.601,2070,0.0110,1.6681
14663,19:31:41.601,2102,0.0266,1.6939
14664,19:31:41.602,2074,0.0129,1.6714
14665,19:31:41.602,2079,0.0154,1.6754
14666,19:31:41.603,2040,-0.0037,1.6440
14667,19:31:41.603,2097,0.0242,1.6899
14668,19:31:41.604,2061,0.0066,1.6609
14669,19:31:41.604,2071,0.0115,1.6689
14670,19:31:41.605,2050,0.0012,1.6520
14671,19:31:41.605,2073,0.0125,1.6705
14672,19:31:41.606,2107,0.0291,1.6979
14673,19:31:41.606,2077,0.0144,1.6738
14674,19:31:41.607,2077,0.0144,1.6738
14675,19:31:41.607,2038,-0.0046,1.6423
14676,19:31:41.608,2087,0.0193,1.6818
14677,19:31:41.608,2066,0.0090,1.6649
14678,19:31:41.609,2068,0.0100,1.6665
14679,19:31:41.609,2055,0.0037,1.6560
14680,19:31:41.610,2070,0.0110,1.6681
14681,19:31:41.610,2106,0.0286,1.6971
14682,19:31:41.611,2078,0.0149,1.6746
14683,19:31:41.611,2080,0.0159,1.6762
14684,19:31:41.612,2038,-0.0046,1.6423
14685,19:31:41.612,2081,0.0164,1.6770
14686,19:31:41.613,2072,0.0120,1.6697
14687,19:31:41.613,2067,0.0095,1.6657
14688,19:31:41.614,2060,0.0061,1.6601
14689,19:31:41.614,2068,0.0100,1.6665
14690,19:31:41.615,2109,0.0300,1.6996
14691,19:31:41.615,2074,0.0129,1.6714
14692,19:31:41.616,2078,0.0149,1.6746
14693,19:31:41.616,2041,-0.0032,1.6448
14694,19:31:41.617,2071,0.0115,1.6689
14695,19:31:41.617,2072,0.0120,1.6697
14696,19:31:41.618,2062,0.0071,1.6617
14697,19:31:41.618,2063,0.0076,1.6625
14698,19:31:41.619,2062,0.0071,1.6617
14699,19:31:41.619,2110,0.0305,1.7004
14700,19:31:41.620,2072,0.0120,1.6697
14701,19:31:41.620,2082,0.0168,1.6778
14702,19:31:41.621,2036,-0.0056,1.6407
14703,19:31:41.621,2073,0.0125,1.6705
14704,19:31:41.622,2083,0.0173,1.6786
14705,19:31:41.622,2065,0.0085,1.6641
14706,19:31:41.623,2071,0.0115,1.6689
14707,19:31:41.623,2052,0.0022,1.6536
14708,19:31:41.624,2110,0.0305,1.7004
14709,19:31:41.624,2071,0.0115,1.6689
14710,19:31:41.625,2079,0.0154,1.6754
14711,19:31:41.625,2040,-0.0037,1.6440
14712,19:31:41.626,2069,0.0105,1.6673
14713,19:31:41.626,2087,0.0193,1.6818
14714,19:31:41.627,2071,0.0115,1.6689
14715,19:31:41.627,2073,0.0125,1.6705
14716,19:31:41.628,2045,-0.0012,1.6480
14717,19:31:41.628,2105,0.0281,1.6963
14718,19:31:41.629,2064,0.0081,1.6633
14719,19:31:41.629,2074,0.0129,1.6714
14720,19:31:41.630,2043,-0.0022,1.6464
14721,19:31:41.630,2070,0.0110,1.6681
14722,19:31:41.631,2093,0.0222,1.6867
14723,19:31:41.631,2070,0.0110,1.6681
14724,19:31:41.632,2076,0.0139,1.6730
14725,19:31:41.632,2044,-0.0017,1.6472
14726,19:31:41.633,2106,0.0286,1.6971
14727,19:31:41.633,2062,0.0071,1.6617
14728,19:31:41.634,2069,0.0105,1.6673
14729,19:31:41.634,2043,-0.0022,1.6464
14730,19:31:41.635,2067,0.0095,1.6657
14731,19:31:41.635,2101,0.0261,1.6931
14732,19:31:41.636,2070,0.0110,1.6681
14733,19:31:41.636,2079,0.0154,1.6754
14734,19:31:41.637,2041,-0.0032,1.6448
14735,19:31:41.637,2096,0.0237,1.6891
14736,19:31:41.638,2062,0.0071,1.6617
14737,19:31:41.638,2065,0.0085,1.6641
14738,19:31:41.639,2051,0.0017,1.6528
14739,19:31:41.639,2067,0.0095,1.6657
14740,19:31:41.640,2106,0.0286,1.6971
14741,19:31:41.640,2072,0.0120,1.6697
14742,19:31:41.641,2080,0.0159,1.6762
14743,19:31:41.641,2039,-0.0042,1.6432
14744,19:31:41.642,2092,0.0217,1.6859
14745,19:31:41.642,2066,0.0090,1.6649
14746,19:31:41.643,2065,0.0085,1.6641
14747,19:31:41.643,2054,0.0032,1.6552
14748,19:31:41.644,2066,0.0090,1.6649
14749,19:31:41.644,2110,0.0305,1.7004
14750,19:31:41.645,2071,0.0115,1.6689
14751,19:31:41.645,2081,0.0164,1.6770
14752,19:31:41.646,2040,-0.0037,1.6440
14753,19:31:41.646,2079,0.0154,1.6754
14754,19:31:41.647,2067,0.0095,1.6657
14755,19:31:41.647,2065,0.0085,1.6641
14756,19:31:41.648,2062,0.0071,1.6617
14757,19:31:41.648,2067,0.0095,1.6657
14758,19:31:41.649,2109,0.0300,1.6996
14759,19:31:41.649,2072,0.0120,1.6697
14760,19:31:41.650,2081,0.0164,1.6770
14761,19:31:41.650,2042,-0.0027,1.6456
14762,19:31:41.651,2080,0.0159,1.6762
14763,19:31:41.651,2074,0.0129,1.6714
14764,19:31:41.652,2061,0.0066,1.6609
14765,19:31:41.652,2068,0.0100,1.6665
14766,19:31:41.653,2061,0.0066,1.6609
14767,19:31:41.653,2111,0.0310,1.7012
14768,19:31:41.654,2074,0.0129,1.6714
14769,19:31:41.654,2075,0.0134,1.6722
14770,19:31:41.655,2040,-0.0037,1.6440
14771,19:31:41.655,2069,0.0105,1.6673
14772,19:31:41.656,2082,0.0168,1.6778
14773,19:31:41.656,2063,0.0076,1.6625
14774,19:31:41.657,2068,0.0100,1.6665
14775,19:31:41.657,2061,0.0066,1.6609
14776,19:31:41.658,2111,0.0310,1.7012
14777,19:31:41.658,2069,0.0105,1.6673
14778,19:31:41.659,2076,0.0139,1.6730
14779,19:31:41.659,2042,-0.0027,1.6456
14780,19:31:41.660,2069,0.0105,1.6673
14781,19:31:41.660,2084,0.0178,1.6794
14782,19:31:41.661,2065,0.0085,1.6641
14783,19:31:41.661,2075,0.0134,1.6722
14784,19:31:41.662,2053,0.0027,1.6544
14785,19:31:41.662,2105,0.0281,1.6963
14786,19:31:41.663,2069,0.0105,1.6673
14787,19:31:41.663,2069,0.0105,1.6673
14788,19:31:41.664,2048,0.0002,1.6504
14789,19:31:41.664,2067,0.0095,1.6657
14790,19:31:41.665,2093,0.0222,1.6867
14791,19:31:41.665,2066,0.0090,1.6649
14792,19:31:41.666,2072,0.0120,1.6697
14793,19:31:41.666,2058,0.0051,1.6585
14794,19:31:41.667,2100,0.0256,1.6923
14795,19:31:41.667,2069,0.0105,1.6673
14796,19:31:41.668,2061,0.0066,1.6609
14797,19:31:41.668,2062,0.0071,1.6617
14798,19:31:41.669,2071,0.0115,1.6689
14799,19:31:41.669,2090,0.0208,1.6842
14800,19:31:41.670,2061,0.0066,1.6609
14801,19:31:41.670,2066,0.0090,1.6649
14802,19:31:41.671,2072,0.0120,1.6697
14803,19:31:41.671,2089,0.0203,1.6834
14804,19:31:41.672,2072,0.0120,1.6697
14805,19:31:41.672,2058,0.0051,1.6585
14806,19:31:41.673,2066,0.0090,1.6649
14807,19:31:41.673,2086,0.0188,1.6810
14808,19:31:41.674,2082,0.0168,1.6778
14809,19:31:41.674,2065,0.0085,1.6641
14810,19:31:41.675,2064,0.0081,1.6633
14811,19:31:41.675,2079,0.0154,1.6754
14812,19:31:41.676,2080,0.0159,1.6762
14813,19:31:41.676,2068,0.0100,1.6665
14814,19:31:41.677,2059,0.0056,1.6593
14815,19:31:41.677,2069,0.0105,1.6673
14816,19:31:41.678,2086,0.0188,1.6810
14817,19:31:41.678,2077,0.0144,1.6738
14818,19:31:41.679,2056,0.0042,1.6568
14819,19:31:41.679,2066,0.0090,1.6649
14820,19:31:41.680,2079,0.0154,1.6754
14821,19:31:41.680,2075,0.0134,1.6722
14822,19:31:41.681,2061,0.0066,1.6609
14823,19:31:41.681,2057,0.0046,1.6577
14824,19:31:41.682,2072,0.0120,1.6697
14825,19:31:41.682,2087,0.0193,1.6818
14826,19:31:41.683,2076,0.0139,1.6730
14827,19:31:41.683,2057,0.0046,1.6577
14828,19:31:41.684,2064,0.0081,1.6633
14829,19:31:41.684,2084,0.0178,1.6794
14830,19:31:41.685,2072,0.0120,1.6697
14831,19:31:41.685,2064,0.0081,1.6633
14832,19:31:41.686,2058,0.0051,1.6585
14833,19:31:41.686,2076,0.0139,1.6730
14834,19:31:41.687,2087,0.0193,1.6818
14835,19:31:41.687,2075,0.0134,1.6722
14836,19:31:41.688,2058,0.0051,1.6585
14837,19:31:41.688,2068,0.0100,1.6665
14838,19:31:41.689,2082,0.0168,1.6778
14839,19:31:41.689,2074,0.0129,1.6714
14840,19:31:41.690,2063,0.0076,1.6625
14841,19:31:41.690,2062,0.0071,1.6617
14842,19:31:41.691,2075,0.0134,1.6722
14843,19:31:41.691,2086,0.0188,1.6810
14844,19:31:41.692,2077,0.0144,1.6738
14845,19:31:41.692,2058,0.0051,1.6585
14846,19:31:41.693,2062,0.0071,1.6617
14847,19:31:41.693,2084,0.0178,1.6794
14848,19:31:41.694,2079,0.0154,1.6754
14849,19:31:41.694,2066,0.0090,1.6649
14850,19:31:41.695,2062,0.0071,1.6617
14851,19:31:41.695,2078,0.0149,1.6746
14852,19:31:41.696,2084,0.0178,1.6794
14853,19:31:41.696,2077,0.0144,1.6738
14854,19:31:41.697,2058,0.0051,1.6585
14855,19:31:41.697,2066,0.0090,1.6649
14856,19:31:41.698,2079,0.0154,1.6754
14857,19:31:41.698,2078,0.0149,1.6746
14858,19:31:41.699,2068,0.0100,1.6665
14859,19:31:41.699,2060,0.0061,1.6601
14860,19:31:41.700,2074,0.0129,1.6714
14861,19:31:41.700,2084,0.0178,1.6794
14862,19:31:41.701,2077,0.0144,1.6738
14863,19:31:41.701,2060,0.0061,1.6601
14864,19:31:41.702,2062,0.0071,1.6617
14865,19:31:41.702,2079,0.0154,1.6754
14866,19:31:41.703,2079,0.0154,1.6754
14867,19:31:41.703,2070,0.0110,1.6681
14868,19:31:41.704,2057,0.0046,1.6577
14869,19:31:41.704,2082,0.0168,1.6778
14870,19:31:41.705,2061,0.0066,1.6609
14871,19:31:41.705,2083,0.0173,1.6786
14872,19:31:41.706,2053,0.0027,1.6544
14873,19:31:41.706,2066,0.0090,1.6649
14874,19:31:41.707,2079,0.0154,1.6754
14875,19:31:41.707,2082,0.0168,1.6778
14876,19:31:41.708,2090,0.0208,1.6842
14877,19:31:41.708,2043,-0.0022,1.6464
14878,19:31:41.709,2076,0.0139,1.6730
14879,19:31:41.709,2075,0.0134,1.6722
14880,19:31:41.710,2086,0.0188,1.6810
14881,19:31:41.710,2048,0.0002,1.6504
14882,19:31:41.711,2055,0.0037,1.6560
14883,19:31:41.711,2097,0.0242,1.6899
14884,19:31:41.712,2085,0.0183,1.6802
14885,19:31:41.712,2082,0.0168,1.6778
14886,19:31:41.713,2052,0.0022,1.6536
14887,19:31:41.713,2064,0.0081,1.6633
14888,19:31:41.714,2077,0.0144,1.6738
14889,19:31:41.714,2084,0.0178,1.6794
14890,19:31:41.715,2050,0.0012,1.6520
14891,19:31:41.715,2058,0.0051,1.6585
14892,19:31:41.716,2094,0.0227,1.6875
14893,19:31:41.716,2097,0.0242,1.6899
14894,19:31:41.717,2084,0.0178,1.6794
14895,19:31:41.717,2041,-0.0032,1.6448
14896,19:31:41.718,2059,0.0056,1.6593
14897,19:31:41.718,2080,0.0159,1.6762
14898,19:31:41.719,2081,0.0164,1.6770
14899,19:31:41.719,2055,0.0037,1.6560
14900,19:31:41.720,2051,0.0017,1.6528
14901,19:31:41.720,2099,0.0252,1.6915
14902,19:31:41.721,2101,0.0261,1.6931
14903,19:31:41.721,2082,0.0168,1.6778
14904,19:31:41.722,2043,-0.0022,1.6464
14905,19:31:41.722,2050,0.0012,1.6520
14906,19:31:41.723,2080,0.0159,1.6762
14907,19:31:41.723,2079,0.0154,1.6754
14908,19:31:41.724,2058,0.0051,1.6585
14909,19:31:41.724,2051,0.0017,1.6528
14910,19:31:41.725,2097,0.0242,1.6899
14911,19:31:41.725,2101,0.0261,1.6931
14912,19:31:41.726,2082,0.0168,1.6778
14913,19:31:41.726,2040,-0.0037,1.6440
14914,19:31:41.727,2053,0.0027,1.6544
14915,19:31:41.727,2078,0.0149,1.6746
14916,19:31:41.728,2077,0.0144,1.6738
14917,19:31:41.728,2060,0.0061,1.6601
14918,19:31:41.729,2048,0.0002,1.6504
14919,19:31:41.729,2093,0.0222,1.6867
14920,19:31:41.730,2101,0.0261,1.6931
14921,19:31:41.730,2085,0.0183,1.6802
14922,19:31:41.731,2038,-0.0046,1.6423
14923,19:31:41.731,2056,0.0042,1.6568
14924,19:31:41.732,2080,0.0159,1.6762
14925,19:31:41.732,2080,0.0159,1.6762
14926,19:31:41.733,2069,0.0105,1.6673
14927,19:31:41.733,2044,-0.0017,1.6472
14928,19:31:41.734,2095,0.0232,1.6883
14929,19:31:41.734,2092,0.0217,1.6859
14930,19:31:41.735,2083,0.0173,1.6786
14931,19:31:41.735,2037,-0.0051,1.6415
14932,19:31:41.736,2057,0.0046,1.6577
14933,19:31:41.736,2076,0.0139,1.6730
14934,19:31:41.737,2082,0.0168,1.6778
14935,19:31:41.737,2070,0.0110,1.6681
14936,19:31:41.738,2045,-0.0012,1.6480
14937,19:31:41.738,2088,0.0198,1.6826
14938,19:31:41.739,2092,0.0217,1.6859
14939,19:31:41.739,2082,0.0168,1.6778
14940,19:31:41.740,2035,-0.0061,1.6399
14941,19:31:41.740,2053,0.0027,1.6544
14942,19:31:41.741,2081,0.0164,1.6770
14943,19:31:41.741,2084,0.0178,1.6794
14944,19:31:41.742,2073,0.0125,1.6705
14945,19:31:41.742,2043,-0.0022,1.6464
14946,19:31:41.743,2081,0.0164,1.6770
14947,19:31:41.743,2088,0.0198,1.6826
14948,19:31:41.744,2085,0.0183,1.6802
14949,19:31:41.744,2037,-0.0051,1.6415
14950,19:31:41.745,2060,0.0061,1.6601
14951,19:31:41.745,2085,0.0183,1.6802
14952,19:31:41.746,2087,0.0193,1.6818
14953,19:31:41.746,2077,0.0144,1.6738
14954,19:31:41.747,2048,0.0002,1.6504
14955,19:31:41.747,2071,0.0115,1.6689
14956,19:31:41.748,2087,0.0193,1.6818
14957,19:31:41.748,2083,0.0173,1.6786
14958,19:31:41.749,2045,-0.0012,1.6480
14959,19:31:41.749,2057,0.0046,1.6577
14960,19:31:41.750,2084,0.0178,1.6794
14961,19:31:41.750,2091,0.0212,1.6851
14962,19:31:41.751,2078,0.0149,1.6746
14963,19:31:41.751,2050,0.0012,1.6520
14964,19:31:41.752,2066,0.0090,1.6649
14965,19:31:41.752,2081,0.0164,1.6770
14966,19:31:41.753,2079,0.0154,1.6754
14967,19:31:41.753,2056,0.0042,1.6568
14968,19:31:41.754,2052,0.0022,1.6536
14969,19:31:41.754,2092,0.0217,1.6859
14970,19:31:41.755,2094,0.0227,1.6875
14971,19:31:41.755,2085,0.0183,1.6802
14972,19:31:41.756,2050,0.0012,1.6520
14973,19:31:41.756,2056,0.0042,1.6568
14974,19:31:41.757,2079,0.0154,1.6754
14975,19:31:41.757,2078,0.0149,1.6746
14976,19:31:41.758,2064,0.0081,1.6633
14977,19:31:41.758,2052,0.0022,1.6536
14978,19:31:41.759,2092,0.0217,1.6859
14979,19:31:41.759,2097,0.0242,1.6899
14980,19:31:41.760,2086,0.0188,1.6810
14981,19:31:41.760,2050,0.0012,1.6520
14982,19:31:41.761,2051,0.0017,1.6528
14983,19:31:41.761,2080,0.0159,1.6762
14984,19:31:41.762,2078,0.0149,1.6746
14985,19:31:41.762,2066,0.0090,1.6649
14986,19:31:41.763,2050,0.0012,1.6520
14987,19:31:41.763,2092,0.0217,1.6859
14988,19:31:41.764,2097,0.0242,1.6899
14989,19:31:41.764,2083,0.0173,1.6786
14990,19:31:41.765,2048,0.0002,1.6504
14991,19:31:41.765,2051,0.0017,1.6528
14992,19:31:41.766,2079,0.0154,1.6754
14993,19:31:41.766,2080,0.0159,1.6762
14994,19:31:41.767,2069,0.0105,1.6673
14995,19:31:41.767,2046,-0.0007,1.6488
14996,19:31:41.768,2090,0.0208,1.6842
14997,19:31:41.768,2095,0.0232,1.6883
14998,19:31:41.769,2088,0.0198,1.6826
14999,19:31:41.769,2053,0.0027,1.6544
15000,19:31:41.770,2052,0.0022,1.6536
15001,19:31:41.770,2079,0.0154,1.6754
15002,19:31:41.771,2082,0.0168,1.6778
15003,19:31:41.771,2076,0.0139,1.6730
15004,19:31:41.772,2046,-0.0007,1.6488
15005,19:31:41.772,2084,0.0178,1.6794
15006,19:31:41.773,2090,0.0208,1.6842
15007,19:31:41.773,2086,0.0188,1.6810
15008,19:31:41.774,2046,-0.0007,1.6488
15009,19:31:41.774,2050,0.0012,1.6520
15010,19:31:41.775,2080,0.0159,1.6762
15011,19:31:41.775,2082,0.0168,1.6778
15012,19:31:41.776,2074,0.0129,1.6714
15013,19:31:41.776,2048,0.0002,1.6504
15014,19:31:41.777,2078,0.0149,1.6746
15015,19:31:41.777,2085,0.0183,1.6802
15016,19:31:41.778,2084,0.0178,1.6794
15017,19:31:41.778,2052,0.0022,1.6536
15018,19:31:41.779,2058,0.0051,1.6585
15019,19:31:41.779,2080,0.0159,1.6762
15020,19:31:41.780,2086,0.0188,1.6810
15021,19:31:41.780,2081,0.0164,1.6770
15022,19:31:41.781,2049,0.0007,1.6512
15023,19:31:41.781,2072,0.0120,1.6697
15024,19:31:41.782,2078,0.0149,1.6746
15025,19:31:41.782,2082,0.0168,1.6778
15026,19:31:41.783,2053,0.0027,1.6544
15027,19:31:41.783,2062,0.0071,1.6617
15028,19:31:41.784,2083,0.0173,1.6786
15029,19:31:41.784,2087,0.0193,1.6818
15030,19:31:41.785,2082,0.0168,1.6778
15031,19:31:41.785,2045,-0.0012,1.6480
15032,19:31:41.786,2062,0.0071,1.6617
15033,19:31:41.786,2077,0.0144,1.6738
15034,19:31:41.787,2084,0.0178,1.6794
15035,19:31:41.787,2054,0.0032,1.6552
15036,19:31:41.788,2057,0.0046,1.6577
15037,19:31:41.788,2083,0.0173,1.6786
15038,19:31:41.789,2090,0.0208,1.6842
15039,19:31:41.789,2083,0.0173,1.6786
15040,19:31:41.790,2048,0.0002,1.6504
15041,19:31:41.790,2060,0.0061,1.6601
15042,19:31:41.791,2073,0.0125,1.6705
15043,19:31:41.791,2081,0.0164,1.6770
15044,19:31:41.792,2064,0.0081,1.6633
15045,19:31:41.792,2057,0.0046,1.6577
15046,19:31:41.793,2087,0.0193,1.6818
15047,19:31:41.793,2087,0.0193,1.6818
15048,19:31:41.794,2081,0.0164,1.6770
15049,19:31:41.794,2052,0.0022,1.6536
15050,19:31:41.795,2055,0.0037,1.6560
15051,19:31:41.795,2074,0.0129,1.6714
15052,19:31:41.796,2079,0.0154,1.6754
15053,19:31:41.796,2068,0.0100,1.6665
15054,19:31:41.797,2054,0.0032,1.6552
15055,19:31:41.797,2083,0.0173,1.6786
15056,19:31:41.798,2090,0.0208,1.6842
15057,19:31:41.798,2084,0.0178,1.6794
15058,19:31:41.799,2053,0.0027,1.6544
15059,19:31:41.799,2053,0.0027,1.6544
15060,19:31:41.800,2072,0.0120,1.6697
15061,19:31:41.800,2080,0.0159,1.6762
15062,19:31:41.801,2073,0.0125,1.6705
15063,19:31:41.801,2051,0.0017,1.6528
15064,19:31:41.802,2085,0.0183,1.6802
15065,19:31:41.802,2092,0.0217,1.6859
15066,19:31:41.803,2085,0.0183,1.6802
15067,19:31:41.803,2057,0.0046,1.6577
15068,19:31:41.804,2050,0.0012,1.6520
15069,19:31:41.804,2073,0.0125,1.6705
15070,19:31:41.805,2082,0.0168,1.6778
15071,19:31:41.805,2075,0.0134,1.6722
15072,19:31:41.806,2052,0.0022,1.6536
15073,19:31:41.806,2078,0.0149,1.6746
15074,19:31:41.807,2087,0.0193,1.6818
15075,19:31:41.807,2083,0.0173,1.6786
15076,19:31:41.808,2057,0.0046,1.6577
15077,19:31:41.808,2055,0.0037,1.6560
15078,19:31:41.809,2071,0.0115,1.6689
15079,19:31:41.809,2078,0.0149,1.6746
15080,19:31:41.810,2077,0.0144,1.6738
15081,19:31:41.810,2050,0.0012,1.6520
15082,19:31:41.811,2077,0.0144,1.6738
15083,19:31:41.811,2086,0.0188,1.6810
15084,19:31:41.812,2085,0.0183,1.6802
15085,19:31:41.812,2062,0.0071,1.6617
15086,19:31:41.813,2058,0.0051,1.6585
15087,19:31:41.813,2075,0.0134,1.6722
15088,19:31:41.814,2084,0.0178,1.6794
15089,19:31:41.814,2080,0.0159,1.6762
15090,19:31:41.815,2055,0.0037,1.6560
15091,19:31:41.815,2070,0.0110,1.6681
15092,19:31:41.816,2079,0.0154,1.6754
15093,19:31:41.816,2085,0.0183,1.6802
15094,19:31:41.817,2057,0.0046,1.6577
15095,19:31:41.817,2058,0.0051,1.6585
15096,19:31:41.818,2072,0.0120,1.6697
15097,19:31:41.818,2086,0.0188,1.6810
15098,19:31:41.819,2080,0.0159,1.6762
15099,19:31:41.819,2056,0.0042,1.6568
15100,19:31:41.820,2065,0.0085,1.6641
15101,19:31:41.820,2075,0.0134,1.6722
15102,19:31:41.821,2082,0.0168,1.6778
15103,19:31:41.821,2062,0.0071,1.6617
15104,19:31:41.822,2062,0.0071,1.6617
15105,19:31:41.822,2075,0.0134,1.6722
15106,19:31:41.823,2086,0.0188,1.6810
15107,19:31:41.823,2084,0.0178,1.6794
15108,19:31:41.824,2058,0.0051,1.6585
15109,19:31:41.824,2061,0.0066,1.6609
15110,19:31:41.825,2070,0.0110,1.6681
15111,19:31:41.825,2081,0.0164,1.6770
15112,19:31:41.826,2064,0.0081,1.6633
15113,19:31:41.826,2062,0.0071,1.6617
15114,19:31:41.827,2079,0.0154,1.6754
15115,19:31:41.827,2087,0.0193,1.6818
15116,19:31:41.828,2082,0.0168,1.6778
15117,19:31:41.828,2056,0.0042,1.6568
15118,19:31:41.829,2061,0.0066,1.6609
15119,19:31:41.829,2069,0.0105,1.6673
15120,19:31:41.830,2080,0.0159,1.6762
15121,19:31:41.830,2066,0.0090,1.6649
15122,19:31:41.831,2062,0.0071,1.6617
15123,19:31:41.831,2080,0.0159,1.6762
15124,19:31:41.832,2088,0.0198,1.6826
15125,19:31:41.832,2086,0.0188,1.6810
15126,19:31:41.833,2059,0.0056,1.6593
15127,19:31:41.833,2056,0.0042,1.6568
15128,19:31:41.834,2064,0.0081,1.6633
15129,19:31:41.834,2079,0.0154,1.6754
15130,19:31:41.835,2074,0.0129,1.6714
15131,19:31:41.835,2060,0.0061,1.6601
15132,19:31:41.836,2078,0.0149,1.6746
15133,19:31:41.836,2082,0.0168,1.6778
15134,19:31:41.837,2082,0.0168,1.6778
15135,19:31:41.837,2062,0.0071,1.6617
15136,19:31:41.838,2055,0.0037,1.6560
15137,19:31:41.838,2067,0.0095,1.6657
15138,19:31:41.839,2076,0.0139,1.6730
15139,19:31:41.839,2077,0.0144,1.6738
15140,19:31:41.840,2055,0.0037,1.6560
15141,19:31:41.840,2075,0.0134,1.6722
15142,19:31:41.841,2084,0.0178,1.6794
15143,19:31:41.841,2084,0.0178,1.6794
15144,19:31:41.842,2061,0.0066,1.6609
15145,19:31:41.842,2055,0.0037,1.6560
15146,19:31:41.843,2068,0.0100,1.6665
15147,19:31:41.843,2078,0.0149,1.6746
15148,19:31:41.844,2077,0.0144,1.6738
15149,19:31:41.844,2052,0.0022,1.6536
15150,19:31:41.845,2070,0.0110,1.6681
15151,19:31:41.845,2080,0.0159,1.6762
15152,19:31:41.846,2087,0.0193,1.6818
15153,19:31:41.846,2062,0.0071,1.6617
15154,19:31:41.847,2054,0.0032,1.6552
15155,19:31:41.847,2068,0.0100,1.6665
15156,19:31:41.848,2079,0.0154,1.6754
15157,19:31:41.848,2086,0.0188,1.6810
15158,19:31:41.849,2054,0.0032,1.6552
15159,19:31:41.849,2069,0.0105,1.6673
15160,19:31:41.850,2074,0.0129,1.6714
15161,19:31:41.850,2084,0.0178,1.6794
15162,19:31:41.851,2064,0.0081,1.6633
15163,19:31:41.851,2061,0.0066,1.6609
15164,19:31:41.852,2071,0.0115,1.6689
15165,19:31:41.852,2079,0.0154,1.6754
15166,19:31:41.853,2086,0.0188,1.6810
15167,19:31:41.853,2054,0.0032,1.6552
15168,19:31:41.854,2065,0.0085,1.6641
15169,19:31:41.854,2073,0.0125,1.6705
15170,19:31:41.855,2082,0.0168,1.6778
15171,19:31:41.855,2064,0.0081,1.6633
15172,19:31:41.856,2065,0.0085,1.6641
15173,19:31:41.856,2071,0.0115,1.6689
15174,19:31:41.857,2079,0.0154,1.6754
15175,19:31:41.857,2083,0.0173,1.6786
15176,19:31:41.858,2055,0.0037,1.6560
15177,19:31:41.858,2067,0.0095,1.6657
15178,19:31:41.859,2070,0.0110,1.6681
15179,19:31:41.859,2083,0.0173,1.6786
15180,19:31:41.860,2067,0.0095,1.6657
15181,19:31:41.860,2068,0.0100,1.6665
15182,19:31:41.861,2072,0.0120,1.6697
15183,19:31:41.861,2083,0.0173,1.6786
15184,19:31:41.862,2086,0.0188,1.6810
15185,19:31:41.862,2061,0.0066,1.6609
15186,19:31:41.863,2061,0.0066,1.6609
15187,19:31:41.863,2064,0.0081,1.6633
15188,19:31:41.864,2081,0.0164,1.6770
15189,19:31:41.864,2069,0.0105,1.6673
15190,19:31:41.865,2069,0.0105,1.6673
15191,19:31:41.865,2072,0.0120,1.6697
15192,19:31:41.866,2082,0.0168,1.6778
15193,19:31:41.866,2086,0.0188,1.6810
15194,19:31:41.867,2067,0.0095,1.6657
15195,19:31:41.867,2059,0.0056,1.6593
15196,19:31:41.868,2064,0.0081,1.6633
15197,19:31:41.868,2081,0.0164,1.6770
15198,19:31:41.869,2069,0.0105,1.6673
15199,19:31:41.869,2065,0.0085,1.6641
15200,19:31:41.870,2076,0.0139,1.6730
15201,19:31:41.870,2083,0.0173,1.6786
15202,19:31:41.871,2082,0.0168,1.6778
15203,19:31:41.871,2067,0.0095,1.6657
15204,19:31:41.872,2061,0.0066,1.6609
15205,19:31:41.872,2063,0.0076,1.6625
15206,19:31:41.873,2078,0.0149,1.6746
15207,19:31:41.873,2075,0.0134,1.6722
15208,19:31:41.874,2062,0.0071,1.6617
15209,19:31:41.874,2075,0.0134,1.6722
15210,19:31:41.875,2079,0.0154,1.6754
15211,19:31:41.875,2085,0.0183,1.6802
15212,19:31:41.876,2068,0.0100,1.6665
15213,19:31:41.876,2061,0.0066,1.6609
15214,19:31:41.877,2061,0.0066,1.6609
15215,19:31:41.877,2079,0.0154,1.6754
15216,19:31:41.878,2077,0.0144,1.6738
15217,19:31:41.878,2064,0.0081,1.6633
15218,19:31:41.879,2072,0.0120,1.6697
15219,19:31:41.879,2079,0.0154,1.6754
15220,19:31:41.880,2086,0.0188,1.6810
15221,19:31:41.880,2068,0.0100,1.6665
15222,19:31:41.881,2059,0.0056,1.6593
15223,19:31:41.881,2063,0.0076,1.6625
15224,19:31:41.882,2079,0.0154,1.6754
15225,19:31:41.882,2081,0.0164,1.6770
15226,19:31:41.883,2060,0.0061,1.6601
15227,19:31:41.883,2072,0.0120,1.6697
15228,19:31:41.884,2079,0.0154,1.6754
15229,19:31:41.884,2086,0.0188,1.6810
15230,19:31:41.885,2068,0.0100,1.6665
15231,19:31:41.885,2062,0.0071,1.6617
15232,19:31:41.886,2064,0.0081,1.6633
15233,19:31:41.886,2078,0.0149,1.6746
15234,19:31:41.887,2084,0.0178,1.6794
15235,19:31:41.887,2063,0.0076,1.6625
15236,19:31:41.888,2069,0.0105,1.6673
15237,19:31:41.888,2070,0.0110,1.6681
15238,19:31:41.889,2080,0.0159,1.6762
15239,19:31:41.889,2067,0.0095,1.6657
15240,19:31:41.890,2064,0.0081,1.6633
15241,19:31:41.890,2068,0.0100,1.6665
15242,19:31:41.891,2079,0.0154,1.6754
15243,19:31:41.891,2085,0.0183,1.6802
15244,19:31:41.892,2063,0.0076,1.6625
15245,19:31:41.892,2066,0.0090,1.6649
15246,19:31:41.893,2068,0.0100,1.6665
15247,19:31:41.893,2082,0.0168,1.6778
15248,19:31:41.894,2068,0.0100,1.6665
15249,19:31:41.894,2067,0.0095,1.6657
15250,19:31:41.895,2067,0.0095,1.6657
15251,19:31:41.895,2074,0.0129,1.6714
15252,19:31:41.896,2086,0.0188,1.6810
15253,19:31:41.896,2065,0.0085,1.6641
15254,19:31:41.897,2061,0.0066,1.6609
15255,19:31:41.897,2066,0.0090,1.6649
15256,19:31:41.898,2075,0.0134,1.6722
15257,19:31:41.898,2067,0.0095,1.6657
15258,19:31:41.899,2070,0.0110,1.6681
15259,19:31:41.899,2072,0.0120,1.6697
15260,19:31:41.900,2080,0.0159,1.6762
15261,19:31:41.900,2083,0.0173,1.6786
15262,19:31:41.901,2065,0.0085,1.6641
15263,19:31:41.901,2063,0.0076,1.6625
15264,19:31:41.902,2059,0.0056,1.6593
15265,19:31:41.902,2078,0.0149,1.6746
15266,19:31:41.903,2069,0.0105,1.6673
15267,19:31:41.903,2070,0.0110,1.6681
15268,19:31:41.904,2072,0.0120,1.6697
15269,19:31:41.904,2076,0.0139,1.6730
15270,19:31:41.905,2081,0.0164,1.6770
15271,19:31:41.905,2070,0.0110,1.6681
15272,19:31:41.906,2062,0.0071,1.6617
15273,19:31:41.906,2059,0.0056,1.6593
15274,19:31:41.907,2077,0.0144,1.6738
15275,19:31:41.907,2076,0.0139,1.6730
15276,19:31:41.908,2069,0.0105,1.6673
15277,19:31:41.908,2075,0.0134,1.6722
15278,19:31:41.909,2075,0.0134,1.6722
15279,19:31:41.909,2079,0.0154,1.6754
15280,19:31:41.910,2071,0.0115,1.6689
15281,19:31:41.910,2062,0.0071,1.6617
15282,19:31:41.911,2058,0.0051,1.6585
15283,19:31:41.911,2075,0.0134,1.6722
15284,19:31:41.912,2074,0.0129,1.6714
15285,19:31:41.912,2070,0.0110,1.6681
15286,19:31:41.913,2070,0.0110,1.6681
15287,19:31:41.913,2076,0.0139,1.6730
15288,19:31:41.914,2082,0.0168,1.6778
15289,19:31:41.914,2073,0.0125,1.6705
15290,19:31:41.915,2062,0.0071,1.6617
15291,19:31:41.915,2062,0.0071,1.6617
15292,19:31:41.916,2072,0.0120,1.6697
15293,19:31:41.916,2081,0.0164,1.6770
15294,19:31:41.917,2067,0.0095,1.6657
15295,19:31:41.917,2075,0.0134,1.6722
15296,19:31:41.918,2073,0.0125,1.6705
15297,19:31:41.918,2082,0.0168,1.6778
15298,19:31:41.919,2070,0.0110,1.6681
15299,19:31:41.919,2063,0.0076,1.6625
15300,19:31:41.920,2066,0.0090,1.6649
15301,19:31:41.920,2074,0.0129,1.6714
15302,19:31:41.921,2088,0.0198,1.6826
15303,19:31:41.921,2063,0.0076,1.6625
15304,19:31:41.922,2073,0.0125,1.6705
15305,19:31:41.922,2071,0.0115,1.6689
15306,19:31:41.923,2077,0.0144,1.6738
15307,19:31:41.923,2071,0.0115,1.6689
15308,19:31:41.924,2066,0.0090,1.6649
15309,19:31:41.924,2067,0.0095,1.6657
15310,19:31:41.925,2071,0.0115,1.6689
15311,19:31:41.925,2084,0.0178,1.6794
15312,19:31:41.926,2067,0.0095,1.6657
15313,19:31:41.926,2071,0.0115,1.6689
15314,19:31:41.927,2070,0.0110,1.6681
15315,19:31:41.927,2073,0.0125,1.6705
15316,19:31:41.928,2072,0.0120,1.6697
15317,19:31:41.928,2067,0.0095,1.6657
15318,19:31:41.929,2070,0.0110,1.6681
15319,19:31:41.929,2066,0.0090,1.6649
15320,19:31:41.930,2075,0.0134,1.6722
15321,19:31:41.930,2072,0.0120,1.6697
15322,19:31:41.931,2070,0.0110,1.6681
15323,19:31:41.931,2067,0.0095,1.6657
15324,19:31:41.932,2071,0.0115,1.6689
15325,19:31:41.932,2075,0.0134,1.6722
15326,19:31:41.933,2072,0.0120,1.6697
15327,19:31:41.933,2066,0.0090,1.6649
15328,19:31:41.934,2067,0.0095,1.6657
15329,19:31:41.934,2076,0.0139,1.6730
15330,19:31:41.935,2075,0.0134,1.6722
15331,19:31:41.935,2066,0.0090,1.6649
15332,19:31:41.936,2065,0.0085,1.6641
15333,19:31:41.936,2070,0.0110,1.6681
15334,19:31:41.937,2079,0.0154,1.6754
15335,19:31:41.937,2073,0.0125,1.6705
15336,19:31:41.938,2066,0.0090,1.6649
15337,19:31:41.938,2064,0.0081,1.6633
15338,19:31:41.939,2073,0.0125,1.6705
15339,19:31:41.939,2079,0.0154,1.6754
15340,19:31:41.940,2064,0.0081,1.6633
15341,19:31:41.940,2065,0.0085,1.6641
15342,19:31:41.941,2070,0.0110,1.6681
15343,19:31:41.941,2078,0.0149,1.6746
15344,19:31:41.942,2076,0.0139,1.6730
15345,19:31:41.942,2062,0.0071,1.6617
15346,19:31:41.943,2065,0.0085,1.6641
15347,19:31:41.943,2072,0.0120,1.6697
15348,19:31:41.944,2078,0.0149,1.6746
15349,19:31:41.944,2067,0.0095,1.6657
15350,19:31:41.945,2062,0.0071,1.6617
15351,19:31:41.945,2070,0.0110,1.6681
15352,19:31:41.946,2079,0.0154,1.6754
15353,19:31:41.946,2076,0.0139,1.6730
15354,19:31:41.947,2063,0.0076,1.6625
15355,19:31:41.947,2067,0.0095,1.6657
15356,19:31:41.948,2072,0.0120,1.6697
15357,19:31:41.948,2081,0.0164,1.6770
15358,19:31:41.949,2071,0.0115,1.6689
15359,19:31:41.949,2059,0.0056,1.6593
15360,19:31:41.950,2070,0.0110,1.6681
15361,19:31:41.950,2082,0.0168,1.6778
15362,19:31:41.951,2079,0.0154,1.6754
15363,19:31:41.951,2060,0.0061,1.6601
15364,19:31:41.952,2066,0.0090,1.6649
15365,19:31:41.952,2074,0.0129,1.6714
15366,19:31:41.953,2079,0.0154,1.6754
15367,19:31:41.953,2072,0.0120,1.6697
15368,19:31:41.954,2061,0.0066,1.6609
15369,19:31:41.954,2068,0.0100,1.6665
15370,19:31:41.955,2082,0.0168,1.6778
15371,19:31:41.955,2077,0.0144,1.6738
15372,19:31:41.956,2063,0.0076,1.6625
15373,19:31:41.956,2062,0.0071,1.6617
15374,19:31:41.957,2073,0.0125,1.6705
15375,19:31:41.957,2079,0.0154,1.6754
15376,19:31:41.958,2072,0.0120,1.6697
15377,19:31:41.958,2060,0.0061,1.6601
15378,19:31:41.959,2067,0.0095,1.6657
15379,19:31:41.959,2077,0.0144,1.6738
15380,19:31:41.960,2077,0.0144,1.6738
15381,19:31:41.960,2063,0.0076,1.6625
15382,19:31:41.961,2066,0.0090,1.6649
15383,19:31:41.961,2072,0.0120,1.6697
15384,19:31:41.962,2082,0.0168,1.6778
15385,19:31:41.962,2072,0.0120,1.6697
15386,19:31:41.963,2059,0.0056,1.6593
15387,19:31:41.963,2065,0.0085,1.6641
15388,19:31:41.964,2077,0.0144,1.6738
15389,19:31:41.964,2079,0.0154,1.6754
15390,19:31:41.965,2064,0.0081,1.6633
15391,19:31:41.965,2065,0.0085,1.6641
15392,19:31:41.966,2069,0.0105,1.6673
15393,19:31:41.966,2081,0.0164,1.6770
15394,19:31:41.967,2073,0.0125,1.6705
15395,19:31:41.967,2064,0.0081,1.6633
15396,19:31:41.968,2066,0.0090,1.6649
15397,19:31:41.968,2075,0.0134,1.6722
15398,19:31:41.969,2080,0.0159,1.6762
15399,19:31:41.969,2065,0.0085,1.6641
15400,19:31:41.970,2064,0.0081,1.6633
15401,19:31:41.970,2069,0.0105,1.6673
15402,19:31:41.971,2079,0.0154,1.6754
15403,19:31:41.971,2074,0.0129,1.6714
15404,19:31:41.972,2064,0.0081,1.6633
15405,19:31:41.972,2065,0.0085,1.6641
15406,19:31:41.973,2076,0.0139,1.6730
15407,19:31:41.973,2081,0.0164,1.6770
15408,19:31:41.974,2068,0.0100,1.6665
15409,19:31:41.974,2060,0.0061,1.6601
15410,19:31:41.975,2072,0.0120,1.6697
15411,19:31:41.975,2082,0.0168,1.6778
15412,19:31:41.976,2077,0.0144,1.6738
15413,19:31:41.976,2062,0.0071,1.6617
15414,19:31:41.977,2065,0.0085,1.6641
15415,19:31:41.977,2076,0.0139,1.6730
15416,19:31:41.978,2078,0.0149,1.6746
15417,19:31:41.978,2071,0.0115,1.6689
15418,19:31:41.979,2061,0.0066,1.6609
15419,19:31:41.979,2072,0.0120,1.6697
15420,19:31:41.980,2084,0.0178,1.6794
15421,19:31:41.980,2079,0.0154,1.6754
15422,19:31:41.981,2076,0.0139,1.6730
15423,19:31:41.981,2072,0.0120,1.6697
15424,19:31:41.982,2071,0.0115,1.6689
15425,19:31:41.982,2064,0.0081,1.6633
15426,19:31:41.983,2080,0.0159,1.6762
15427,19:31:41.983,2054,0.0032,1.6552
15428,19:31:41.984,2074,0.0129,1.6714
15429,19:31:41.984,2052,0.0022,1.6536
15430,19:31:41.985,2081,0.0164,1.6770
15431,19:31:41.985,2084,0.0178,1.6794
15432,19:31:41.986,2092,0.0217,1.6859
15433,19:31:41.986,2086,0.0188,1.6810
15434,19:31:41.987,2046,-0.0007,1.6488
15435,19:31:41.987,2091,0.0212,1.6851
15436,19:31:41.988,2051,0.0017,1.6528
15437,19:31:41.988,2090,0.0208,1.6842
15438,19:31:41.989,2036,-0.0056,1.6407
15439,19:31:41.989,2070,0.0110,1.6681
15440,19:31:41.990,2099,0.0252,1.6915
15441,19:31:41.990,2087,0.0193,1.6818
15442,19:31:41.991,2093,0.0222,1.6867
15443,19:31:41.991,2027,-0.0100,1.6335
15444,19:31:41.992,2101,0.0261,1.6931
15445,19:31:41.992,2059,0.0056,1.6593
15446,19:31:41.993,2079,0.0154,1.6754
15447,19:31:41.993,2037,-0.0051,1.6415
15448,19:31:41.994,2066,0.0090,1.6649
15449,19:31:41.994,2115,0.0330,1.7044
15450,19:31:41.995,2081,0.0164,1.6770
15451,19:31:41.995,2090,0.0208,1.6842
15452,19:31:41.996,2026,-0.0105,1.6327
15453,19:31:41.996,2095,0.0232,1.6883
15454,19:31:41.997,2070,0.0110,1.6681
15455,19:31:41.997,2077,0.0144,1.6738
15456,19:31:41.998,2039,-0.0042,1.6432
15457,19:31:41.998,2056,0.0042,1.6568
15458,19:31:41.999,2121,0.0359,1.7092
15459,19:31:41.999,2076,0.0139,1.6730
15460,19:31:42.000,2087,0.0193,1.6818
15461,19:31:42.000,2023,-0.0120,1.6303
15462,19:31:42.001,2098,0.0247,1.6907
15463,19:31:42.001,2078,0.0149,1.6746
15464,19:31:42.002,2072,0.0120,1.6697
15465,19:31:42.002,2037,-0.0051,1.6415
15466,19:31:42.003,2052,0.0022,1.6536
15467,19:31:42.003,2126,0.0383,1.7133
15468,19:31:42.004,2066,0.0090,1.6649
15469,19:31:42.004,2077,0.0144,1.6738
15470,19:31:42.005,2025,-0.0110,1.6319
15471,19:31:42.005,2092,0.0217,1.6859
15472,19:31:42.006,2089,0.0203,1.6834
15473,19:31:42.006,2078,0.0149,1.6746
15474,19:31:42.007,2047,-0.0002,1.6496
15475,19:31:42.007,2049,0.0007,1.6512
15476,19:31:42.008,2123,0.0369,1.7108
15477,19:31:42.008,2063,0.0076,1.6625
15478,19:31:42.009,2068,0.0100,1.6665
15479,19:31:42.009,2027,-0.0100,1.6335
15480,19:31:42.010,2095,0.0232,1.6883
15481,19:31:42.010,2091,0.0212,1.6851
15482,19:31:42.011,2083,0.0173,1.6786
15483,19:31:42.011,2056,0.0042,1.6568
15484,19:31:42.012,2043,-0.0022,1.6464
15485,19:31:42.012,2121,0.0359,1.7092
15486,19:31:42.013,2061,0.0066,1.6609
15487,19:31:42.013,2067,0.0095,1.6657
15488,19:31:42.014,2032,-0.0076,1.6375
15489,19:31:42.014,2092,0.0217,1.6859
15490,19:31:42.015,2097,0.0242,1.6899
15491,19:31:42.015,2089,0.0203,1.6834
15492,19:31:42.016,2064,0.0081,1.6633
15493,19:31:42.016,2040,-0.0037,1.6440
15494,19:31:42.017,2108,0.0295,1.6988
15495,19:31:42.017,2063,0.0076,1.6625
15496,19:31:42.018,2060,0.0061,1.6601
15497,19:31:42.018,2036,-0.0056,1.6407
15498,19:31:42.019,2088,0.0198,1.6826
15499,19:31:42.019,2101,0.0261,1.6931
15500,19:31:42.020,2090,0.0208,1.6842
15501,19:31:42.020,2068,0.0100,1.6665
15502,19:31:42.021,2041,-0.0032,1.6448
15503,19:31:42.021,2103,0.0271,1.6947
15504,19:31:42.022,2064,0.0081,1.6633
15505,19:31:42.022,2064,0.0081,1.6633
15506,19:31:42.023,2041,-0.0032,1.6448
15507,19:31:42.023,2085,0.0183,1.6802
15508,19:31:42.024,2104,0.0276,1.6955
15509,19:31:42.024,2085,0.0183,1.6802
15510,19:31:42.025,2076,0.0139,1.6730
15511,19:31:42.025,2033,-0.0071,1.6383
15512,19:31:42.026,2104,0.0276,1.6955
15513,19:31:42.026,2066,0.0090,1.6649
15514,19:31:42.027,2062,0.0071,1.6617
15515,19:31:42.027,2040,-0.0037,1.6440
15516,19:31:42.028,2075,0.0134,1.6722
15517,19:31:42.028,2112,0.0315,1.7020
15518,19:31:42.029,2078,0.0149,1.6746
15519,19:31:42.029,2079,0.0154,1.6754
15520,19:31:42.030,2034,-0.0066,1.6391
15521,19:31:42.030,2098,0.0247,1.6907
15522,19:31:42.031,2071,0.0115,1.6689
15523,19:31:42.031,2069,0.0105,1.6673
15524,19:31:42.032,2039,-0.0042,1.6432
15525,19:31:42.032,2069,0.0105,1.6673
15526,19:31:42.033,2114,0.0325,1.7036
15527,19:31:42.033,2067,0.0095,1.6657
15528,19:31:42.034,2083,0.0173,1.6786
15529,19:31:42.034,2026,-0.0105,1.6327
15530,19:31:42.035,2093,0.0222,1.6867
15531,19:31:42.035,2076,0.0139,1.6730
15532,19:31:42.036,2068,0.0100,1.6665
15533,19:31:42.036,2042,-0.0027,1.6456
15534,19:31:42.037,2057,0.0046,1.6577
15535,19:31:42.037,2116,0.0335,1.7052
15536,19:31:42.038,2064,0.0081,1.6633
15537,19:31:42.038,2076,0.0139,1.6730
15538,19:31:42.039,2026,-0.0105,1.6327
15539,19:31:42.039,2090,0.0208,1.6842
15540,19:31:42.040,2082,0.0168,1.6778
15541,19:31:42.040,2069,0.0105,1.6673
15542,19:31:42.041,2051,0.0017,1.6528
15543,19:31:42.041,2049,0.0007,1.6512
15544,19:31:42.042,2122,0.0364,1.7100
15545,19:31:42.042,2055,0.0037,1.6560
15546,19:31:42.043,2070,0.0110,1.6681
15547,19:31:42.043,2024,-0.0115,1.6311
15548,19:31:42.044,2091,0.0212,1.6851
15549,19:31:42.044,2086,0.0188,1.6810
15550,19:31:42.045,2072,0.0120,1.6697
15551,19:31:42.045,2057,0.0046,1.6577
15552,19:31:42.046,2043,-0.0022,1.6464
15553,19:31:42.046,2121,0.0359,1.7092
15554,19:31:42.047,2057,0.0046,1.6577
15555,19:31:42.047,2068,0.0100,1.6665
15556,19:31:42.048,2029,-0.0090,1.6351
15557,19:31:42.048,2089,0.0203,1.6834
15558,19:31:42.049,2093,0.0222,1.6867
15559,19:31:42.049,2075,0.0134,1.6722
15560,19:31:42.050,2065,0.0085,1.6641
15561,19:31:42.050,2040,-0.0037,1.6440
15562,19:31:42.051,2114,0.0325,1.7036
15563,19:31:42.051,2058,0.0051,1.6585
15564,19:31:42.052,2061,0.0066,1.6609
15565,19:31:42.052,2038,-0.0046,1.6423
15566,19:31:42.053,2085,0.0183,1.6802
15567,19:31:42.053,2096,0.0237,1.6891
15568,19:31:42.054,2078,0.0149,1.6746
15569,19:31:42.054,2067,0.0095,1.6657
15570,19:31:42.055,2034,-0.0066,1.6391
15571,19:31:42.055,2108,0.0295,1.6988
15572,19:31:42.056,2062,0.0071,1.6617
15573,19:31:42.056,2060,0.0061,1.6601
15574,19:31:42.057,2038,-0.0046,1.6423
15575,19:31:42.057,2082,0.0168,1.6778
15576,19:31:42.058,2103,0.0271,1.6947
15577,19:31:42.058,2079,0.0154,1.6754
15578,19:31:42.059,2076,0.0139,1.6730
15579,19:31:42.059,2036,-0.0056,1.6407
15580,19:31:42.060,2100,0.0256,1.6923
15581,19:31:42.060,2067,0.0095,1.6657
15582,19:31:42.061,2063,0.0076,1.6625
15583,19:31:42.061,2043,-0.0022,1.6464
15584,19:31:42.062,2074,0.0129,1.6714
15585,19:31:42.062,2107,0.0291,1.6979
15586,19:31:42.063,2079,0.0154,1.6754
15587,19:31:42.063,2082,0.0168,1.6778
15588,19:31:42.064,2036,-0.0056,1.6407
15589,19:31:42.064,2093,0.0222,1.6867
15590,19:31:42.065,2070,0.0110,1.6681
15591,19:31:42.065,2062,0.0071,1.6617
15592,19:31:42.066,2049,0.0007,1.6512
15593,19:31:42.066,2070,0.0110,1.6681
15594,19:31:42.067,2111,0.0310,1.7012
15595,19:31:42.067,2077,0.0144,1.6738
15596,19:31:42.068,2085,0.0183,1.6802
15597,19:31:42.068,2034,-0.0066,1.6391
15598,19:31:42.069,2088,0.0198,1.6826
15599,19:31:42.069,2076,0.0139,1.6730
15600,19:31:42.070,2069,0.0105,1.6673
15601,19:31:42.070,2053,0.0027,1.6544
15602,19:31:42.071,2062,0.0071,1.6617
15603,19:31:42.071,2116,0.0335,1.7052
15604,19:31:42.072,2070,0.0110,1.6681
15605,19:31:42.072,2081,0.0164,1.6770
15606,19:31:42.073,2034,-0.0066,1.6391
15607,19:31:42.073,2083,0.0173,1.6786
15608,19:31:42.074,2085,0.0183,1.6802
15609,19:31:42.074,2076,0.0139,1.6730
15610,19:31:42.075,2052,0.0022,1.6536
15611,19:31:42.075,2055,0.0037,1.6560
15612,19:31:42.076,2120,0.0354,1.7084
15613,19:31:42.076,2069,0.0105,1.6673
15614,19:31:42.077,2079,0.0154,1.6754
15615,19:31:42.077,2032,-0.0076,1.6375
15616,19:31:42.078,2084,0.0178,1.6794
15617,19:31:42.078,2085,0.0183,1.6802
15618,19:31:42.079,2075,0.0134,1.6722
15619,19:31:42.079,2056,0.0042,1.6568
15620,19:31:42.080,2052,0.0022,1.6536
15621,19:31:42.080,2120,0.0354,1.7084
15622,19:31:42.081,2061,0.0066,1.6609
15623,19:31:42.081,2074,0.0129,1.6714
15624,19:31:42.082,2030,-0.0085,1.6359
15625,19:31:42.082,2084,0.0178,1.6794
15626,19:31:42.083,2093,0.0222,1.6867
15627,19:31:42.083,2076,0.0139,1.6730
15628,19:31:42.084,2061,0.0066,1.6609
15629,19:31:42.084,2045,-0.0012,1.6480
15630,19:31:42.085,2113,0.0320,1.7028
15631,19:31:42.085,2055,0.0037,1.6560
15632,19:31:42.086,2067,0.0095,1.6657
15633,19:31:42.086,2035,-0.0061,1.6399
15634,19:31:42.087,2087,0.0193,1.6818
15635,19:31:42.087,2095,0.0232,1.6883
15636,19:31:42.088,2076,0.0139,1.6730
15637,19:31:42.088,2066,0.0090,1.6649
15638,19:31:42.089,2039,-0.0042,1.6432
15639,19:31:42.089,2106,0.0286,1.6971
15640,19:31:42.090,2058,0.0051,1.6585
15641,19:31:42.090,2062,0.0071,1.6617
15642,19:31:42.091,2039,-0.0042,1.6432
15643,19:31:42.091,2079,0.0154,1.6754
15644,19:31:42.092,2102,0.0266,1.6939
15645,19:31:42.092,2079,0.0154,1.6754
15646,19:31:42.093,2069,0.0105,1.6673
15647,19:31:42.093,2033,-0.0071,1.6383
15648,19:31:42.094,2099,0.0252,1.6915
15649,19:31:42.094,2059,0.0056,1.6593
15650,19:31:42.095,2061,0.0066,1.6609
15651,19:31:42.095,2041,-0.0032,1.6448
15652,19:31:42.096,2074,0.0129,1.6714
15653,19:31:42.096,2107,0.0291,1.6979
15654,19:31:42.097,2077,0.0144,1.6738
15655,19:31:42.097,2077,0.0144,1.6738
15656,19:31:42.098,2033,-0.0071,1.6383
15657,19:31:42.098,2088,0.0198,1.6826
15658,19:31:42.099,2071,0.0115,1.6689
15659,19:31:42.099,2062,0.0071,1.6617
15660,19:31:42.100,2046,-0.0007,1.6488
15661,19:31:42.100,2066,0.0090,1.6649
15662,19:31:42.101,2106,0.0286,1.6971
15663,19:31:42.101,2075,0.0134,1.6722
15664,19:31:42.102,2078,0.0149,1.6746
15665,19:31:42.102,2035,-0.0061,1.6399
15666,19:31:42.103,2082,0.0168,1.6778
15667,19:31:42.103,2077,0.0144,1.6738
15668,19:31:42.104,2059,0.0056,1.6593
15669,19:31:42.104,2055,0.0037,1.6560
15670,19:31:42.105,2059,0.0056,1.6593
15671,19:31:42.105,2114,0.0325,1.7036
15672,19:31:42.106,2070,0.0110,1.6681
15673,19:31:42.106,2079,0.0154,1.6754
15674,19:31:42.107,2035,-0.0061,1.6399
15675,19:31:42.107,2077,0.0144,1.6738
15676,19:31:42.108,2087,0.0193,1.6818
15677,19:31:42.108,2064,0.0081,1.6633
15678,19:31:42.109,2059,0.0056,1.6593
15679,19:31:42.109,2055,0.0037,1.6560
15680,19:31:42.110,2115,0.0330,1.7044
15681,19:31:42.110,2066,0.0090,1.6649
15682,19:31:42.111,2080,0.0159,1.6762
15683,19:31:42.111,2034,-0.0066,1.6391
15684,19:31:42.112,2079,0.0154,1.6754
15685,19:31:42.112,2089,0.0203,1.6834
15686,19:31:42.113,2072,0.0120,1.6697
15687,19:31:42.113,2066,0.0090,1.6649
15688,19:31:42.114,2053,0.0027,1.6544
15689,19:31:42.114,2115,0.0330,1.7044
15690,19:31:42.115,2063,0.0076,1.6625
15691,19:31:42.115,2075,0.0134,1.6722
15692,19:31:42.116,2038,-0.0046,1.6423
15693,19:31:42.116,2078,0.0149,1.6746
15694,19:31:42.117,2096,0.0237,1.6891
15695,19:31:42.117,2074,0.0129,1.6714
15696,19:31:42.118,2065,0.0085,1.6641
15697,19:31:42.118,2048,0.0002,1.6504
15698,19:31:42.119,2112,0.0315,1.7020
15699,19:31:42.119,2062,0.0071,1.6617
15700,19:31:42.120,2069,0.0105,1.6673
15701,19:31:42.120,2040,-0.0037,1.6440
15702,19:31:42.121,2077,0.0144,1.6738
15703,19:31:42.121,2099,0.0252,1.6915
15704,19:31:42.122,2077,0.0144,1.6738
15705,19:31:42.122,2072,0.0120,1.6697
15706,19:31:42.123,2039,-0.0042,1.6432
15707,19:31:42.123,2109,0.0300,1.6996
15708,19:31:42.124,2060,0.0061,1.6601
15709,19:31:42.124,2065,0.0085,1.6641
15710,19:31:42.125,2040,-0.0037,1.6440
15711,19:31:42.125,2078,0.0149,1.6746
15712,19:31:42.126,2101,0.0261,1.6931
15713,19:31:42.126,2076,0.0139,1.6730
15714,19:31:42.127,2076,0.0139,1.6730
15715,19:31:42.127,2041,-0.0032,1.6448
15716,19:31:42.128,2104,0.0276,1.6955
15717,19:31:42.128,2065,0.0085,1.6641
15718,19:31:42.129,2061,0.0066,1.6609
15719,19:31:42.129,2041,-0.0032,1.6448
15720,19:31:42.130,2076,0.0139,1.6730
15721,19:31:42.130,2105,0.0281,1.6963
15722,19:31:42.131,2078,0.0149,1.6746
15723,19:31:42.131,2077,0.0144,1.6738
15724,19:31:42.132,2037,-0.0051,1.6415
15725,19:31:42.132,2092,0.0217,1.6859
15726,19:31:42.133,2064,0.0081,1.6633
15727,19:31:42.133,2067,0.0095,1.6657
15728,19:31:42.134,2053,0.0027,1.6544
15729,19:31:42.134,2073,0.0125,1.6705
15730,19:31:42.135,2109,0.0300,1.6996
15731,19:31:42.135,2074,0.0129,1.6714
15732,19:31:42.136,2078,0.0149,1.6746
15733,19:31:42.136,2035,-0.0061,1.6399
15734,19:31:42.137,2084,0.0178,1.6794
15735,19:31:42.137,2071,0.0115,1.6689
15736,19:31:42.138,2062,0.0071,1.6617
15737,19:31:42.138,2053,0.0027,1.6544
15738,19:31:42.139,2063,0.0076,1.6625
15739,19:31:42.139,2112,0.0315,1.7020
15740,19:31:42.140,2072,0.0120,1.6697
15741,19:31:42.140,2078,0.0149,1.6746
15742,19:31:42.141,2034,-0.0066,1.6391
15743,19:31:42.141,2077,0.0144,1.6738
15744,19:31:42.142,2079,0.0154,1.6754
15745,19:31:42.142,2065,0.0085,1.6641
15746,19:31:42.143,2059,0.0056,1.6593
15747,19:31:42.143,2057,0.0046,1.6577
15748,19:31:42.144,2113,0.0320,1.7028
15749,19:31:42.144,2066,0.0090,1.6649
15750,19:31:42.145,2080,0.0159,1.6762
15751,19:31:42.145,2032,-0.0076,1.6375
15752,19:31:42.146,2073,0.0125,1.6705
15753,19:31:42.146,2084,0.0178,1.6794
15754,19:31:42.147,2069,0.0105,1.6673
15755,19:31:42.147,2066,0.0090,1.6649
15756,19:31:42.148,2052,0.0022,1.6536
15757,19:31:42.148,2113,0.0320,1.7028
15758,19:31:42.149,2063,0.0076,1.6625
15759,19:31:42.149,2076,0.0139,1.6730
15760,19:31:42.150,2039,-0.0042,1.6432
15761,19:31:42.150,2070,0.0110,1.6681
15762,19:31:42.151,2091,0.0212,1.6851
15763,19:31:42.151,2072,0.0120,1.6697
15764,19:31:42.152,2066,0.0090,1.6649
15765,19:31:42.152,2048,0.0002,1.6504
15766,19:31:42.153,2108,0.0295,1.6988
15767,19:31:42.153,2066,0.0090,1.6649
15768,19:31:42.154,2074,0.0129,1.6714
15769,19:31:42.154,2037,-0.0051,1.6415
15770,19:31:42.155,2073,0.0125,1.6705
15771,19:31:42.155,2098,0.0247,1.6907
15772,19:31:42.156,2071,0.0115,1.6689
15773,19:31:42.156,2072,0.0120,1.6697
15774,19:31:42.157,2040,-0.0037,1.6440
15775,19:31:42.157,2105,0.0281,1.6963
15776,19:31:42.158,2063,0.0076,1.6625
15777,19:31:42.158,2067,0.0095,1.6657
15778,19:31:42.159,2043,-0.0022,1.6464
15779,19:31:42.159,2073,0.0125,1.6705
15780,19:31:42.160,2102,0.0266,1.6939
15781,19:31:42.160,2076,0.0139,1.6730
15782,19:31:42.161,2070,0.0110,1.6681
15783,19:31:42.161,2038,-0.0046,1.6423
15784,19:31:42.162,2093,0.0222,1.6867
15785,19:31:42.162,2068,0.0100,1.6665
15786,19:31:42.163,2064,0.0081,1.6633
15787,19:31:42.163,2047,-0.0002,1.6496
15788,19:31:42.164,2074,0.0129,1.6714
15789,19:31:42.164,2105,0.0281,1.6963
15790,19:31:42.165,2075,0.0134,1.6722
15791,19:31:42.165,2074,0.0129,1.6714
15792,19:31:42.166,2038,-0.0046,1.6423
15793,19:31:42.166,2087,0.0193,1.6818
15794,19:31:42.167,2072,0.0120,1.6697
15795,19:31:42.167,2064,0.0081,1.6633
15796,19:31:42.168,2054,0.0032,1.6552
15797,19:31:42.168,2069,0.0105,1.6673
15798,19:31:42.169,2108,0.0295,1.6988
15799,19:31:42.169,2075,0.0134,1.6722
15800,19:31:42.170,2078,0.0149,1.6746
15801,19:31:42.170,2038,-0.0046,1.6423
15802,19:31:42.171,2082,0.0168,1.6778
15803,19:31:42.171,2071,0.0115,1.6689
15804,19:31:42.172,2066,0.0090,1.6649
15805,19:31:42.172,2056,0.0042,1.6568
15806,19:31:42.173,2068,0.0100,1.6665
15807,19:31:42.173,2112,0.0315,1.7020
15808,19:31:42.174,2072,0.0120,1.6697
15809,19:31:42.174,2077,0.0144,1.6738
15810,19:31:42.175,2035,-0.0061,1.6399
15811,19:31:42.175,2076,0.0139,1.6730
15812,19:31:42.176,2078,0.0149,1.6746
15813,19:31:42.176,2066,0.0090,1.6649
15814,19:31:42.177,2059,0.0056,1.6593
15815,19:31:42.177,2061,0.0066,1.6609
15816,19:31:42.178,2110,0.0305,1.7004
15817,19:31:42.178,2075,0.0134,1.6722
15818,19:31:42.179,2081,0.0164,1.6770
15819,19:31:42.179,2038,-0.0046,1.6423
15820,19:31:42.180,2069,0.0105,1.6673
15821,19:31:42.180,2085,0.0183,1.6802
15822,19:31:42.181,2068,0.0100,1.6665
15823,19:31:42.181,2067,0.0095,1.6657
15824,19:31:42.182,2053,0.0027,1.6544
15825,19:31:42.182,2111,0.0310,1.7012
15826,19:31:42.183,2071,0.0115,1.6689
15827,19:31:42.183,2076,0.0139,1.6730
15828,19:31:42.184,2040,-0.0037,1.6440
15829,19:31:42.184,2071,0.0115,1.6689
15830,19:31:42.185,2091,0.0212,1.6851
15831,19:31:42.185,2068,0.0100,1.6665
15832,19:31:42.186,2068,0.0100,1.6665
15833,19:31:42.186,2044,-0.0017,1.6472
15834,19:31:42.187,2107,0.0291,1.6979
15835,19:31:42.187,2070,0.0110,1.6681
15836,19:31:42.188,2074,0.0129,1.6714
15837,19:31:42.188,2043,-0.0022,1.6464
15838,19:31:42.189,2067,0.0095,1.6657
15839,19:31:42.189,2096,0.0237,1.6891
15840,19:31:42.190,2071,0.0115,1.6689
15841,19:31:42.190,2073,0.0125,1.6705
15842,19:31:42.191,2041,-0.0032,1.6448
15843,19:31:42.191,2103,0.0271,1.6947
15844,19:31:42.192,2069,0.0105,1.6673
15845,19:31:42.192,2071,0.0115,1.6689
15846,19:31:42.193,2045,-0.0012,1.6480
15847,19:31:42.193,2065,0.0085,1.6641
15848,19:31:42.194,2104,0.0276,1.6955
15849,19:31:42.194,2076,0.0139,1.6730
15850,19:31:42.195,2076,0.0139,1.6730
15851,19:31:42.195,2039,-0.0042,1.6432
15852,19:31:42.196,2096,0.0237,1.6891
15853,19:31:42.196,2066,0.0090,1.6649
15854,19:31:42.197,2065,0.0085,1.6641
15855,19:31:42.197,2049,0.0007,1.6512
15856,19:31:42.198,2064,0.0081,1.6633
15857,19:31:42.198,2108,0.0295,1.6988
15858,19:31:42.199,2074,0.0129,1.6714
15859,19:31:42.199,2077,0.0144,1.6738
15860,19:31:42.200,2037,-0.0051,1.6415
15861,19:31:42.200,2088,0.0198,1.6826
15862,19:31:42.201,2069,0.0105,1.6673
15863,19:31:42.201,2062,0.0071,1.6617
15864,19:31:42.202,2050,0.0012,1.6520
15865,19:31:42.202,2064,0.0081,1.6633
15866,19:31:42.203,2105,0.0281,1.6963
15867,19:31:42.203,2078,0.0149,1.6746
15868,19:31:42.204,2077,0.0144,1.6738
15869,19:31:42.204,2037,-0.0051,1.6415
15870,19:31:42.205,2084,0.0178,1.6794
15871,19:31:42.205,2076,0.0139,1.6730
15872,19:31:42.206,2062,0.0071,1.6617
15873,19:31:42.206,2057,0.0046,1.6577
15874,19:31:42.207,2069,0.0105,1.6673
15875,19:31:42.207,2107,0.0291,1.6979
15876,19:31:42.208,2074,0.0129,1.6714
15877,19:31:42.208,2072,0.0120,1.6697
15878,19:31:42.209,2044,-0.0017,1.6472
15879,19:31:42.209,2075,0.0134,1.6722
15880,19:31:42.210,2079,0.0154,1.6754
15881,19:31:42.210,2058,0.0051,1.6585
15882,19:31:42.211,2061,0.0066,1.6609
15883,19:31:42.211,2070,0.0110,1.6681
15884,19:31:42.212,2100,0.0256,1.6923
15885,19:31:42.212,2077,0.0144,1.6738
15886,19:31:42.213,2068,0.0100,1.6665
15887,19:31:42.213,2053,0.0027,1.6544
15888,19:31:42.214,2077,0.0144,1.6738
15889,19:31:42.214,2080,0.0159,1.6762
15890,19:31:42.215,2059,0.0056,1.6593
15891,19:31:42.215,2063,0.0076,1.6625
15892,19:31:42.216,2071,0.0115,1.6689
15893,19:31:42.216,2099,0.0252,1.6915
15894,19:31:42.217,2072,0.0120,1.6697
15895,19:31:42.217,2066,0.0090,1.6649
15896,19:31:42.218,2066,0.0090,1.6649
15897,19:31:42.218,2075,0.0134,1.6722
15898,19:31:42.219,2078,0.0149,1.6746
15899,19:31:42.219,2062,0.0071,1.6617
15900,19:31:42.220,2065,0.0085,1.6641
15901,19:31:42.220,2075,0.0134,1.6722
15902,19:31:42.221,2091,0.0212,1.6851
15903,19:31:42.221,2071,0.0115,1.6689
15904,19:31:42.222,2060,0.0061,1.6601
15905,19:31:42.222,2072,0.0120,1.6697
15906,19:31:42.223,2076,0.0139,1.6730
15907,19:31:42.223,2078,0.0149,1.6746
15908,19:31:42.224,2062,0.0071,1.6617
15909,19:31:42.224,2067,0.0095,1.6657
15910,19:31:42.225,2078,0.0149,1.6746
15911,19:31:42.225,2082,0.0168,1.6778
15912,19:31:42.226,2066,0.0090,1.6649
15913,19:31:42.226,2060,0.0061,1.6601
15914,19:31:42.227,2077,0.0144,1.6738
15915,19:31:42.227,2082,0.0168,1.6778
15916,19:31:42.228,2072,0.0120,1.6697
15917,19:31:42.228,2059,0.0056,1.6593
15918,19:31:42.229,2070,0.0110,1.6681
15919,19:31:42.229,2081,0.0164,1.6770
15920,19:31:42.230,2076,0.0139,1.6730
15921,19:31:42.230,2067,0.0095,1.6657
15922,19:31:42.231,2060,0.0061,1.6601
15923,19:31:42.231,2075,0.0134,1.6722
15924,19:31:42.232,2081,0.0164,1.6770
15925,19:31:42.232,2075,0.0134,1.6722
15926,19:31:42.233,2062,0.0071,1.6617
15927,19:31:42.233,2069,0.0105,1.6673
15928,19:31:42.234,2077,0.0144,1.6738
15929,19:31:42.234,2077,0.0144,1.6738
15930,19:31:42.235,2065,0.0085,1.6641
15931,19:31:42.235,2062,0.0071,1.6617
15932,19:31:42.236,2075,0.0134,1.6722
15933,19:31:42.236,2082,0.0168,1.6778
15934,19:31:42.237,2072,0.0120,1.6697
15935,19:31:42.237,2058,0.0051,1.6585
15936,19:31:42.238,2073,0.0125,1.6705
15937,19:31:42.238,2081,0.0164,1.6770
15938,19:31:42.239,2072,0.0120,1.6697
15939,19:31:42.239,2066,0.0090,1.6649
15940,19:31:42.240,2066,0.0090,1.6649
15941,19:31:42.240,2072,0.0120,1.6697
15942,19:31:42.241,2080,0.0159,1.6762
15943,19:31:42.241,2073,0.0125,1.6705
15944,19:31:42.242,2061,0.0066,1.6609
15945,19:31:42.242,2071,0.0115,1.6689
15946,19:31:42.243,2079,0.0154,1.6754
15947,19:31:42.243,2074,0.0129,1.6714
15948,19:31:42.244,2066,0.0090,1.6649
15949,19:31:42.244,2064,0.0081,1.6633
15950,19:31:42.245,2075,0.0134,1.6722
15951,19:31:42.245,2079,0.0154,1.6754
15952,19:31:42.246,2077,0.0144,1.6738
15953,19:31:42.246,2063,0.0076,1.6625
15954,19:31:42.247,2068,0.0100,1.6665
15955,19:31:42.247,2078,0.0149,1.6746
15956,19:31:42.248,2073,0.0125,1.6705
15957,19:31:42.248,2076,0.0139,1.6730
15958,19:31:42.249,2055,0.0037,1.6560
15959,19:31:42.249,2073,0.0125,1.6705
15960,19:31:42.250,2066,0.0090,1.6649
15961,19:31:42.250,2072,0.0120,1.6697
15962,19:31:42.251,2063,0.0076,1.6625
15963,19:31:42.251,2061,0.0066,1.6609
15964,19:31:42.252,2088,0.0198,1.6826
15965,19:31:42.252,2059,0.0056,1.6593
15966,19:31:42.253,2087,0.0193,1.6818
15967,19:31:42.253,2070,0.0110,1.6681
15968,19:31:42.254,2086,0.0188,1.6810
15969,19:31:42.254,2061,0.0066,1.6609
15970,19:31:42.255,2063,0.0076,1.6625
15971,19:31:42.255,2075,0.0134,1.6722
15972,19:31:42.256,2063,0.0076,1.6625
15973,19:31:42.256,2082,0.0168,1.6778
15974,19:31:42.257,2058,0.0051,1.6585
15975,19:31:42.257,2083,0.0173,1.6786
15976,19:31:42.258,2072,0.0120,1.6697
15977,19:31:42.258,2077,0.0144,1.6738
15978,19:31:42.259,2059,0.0056,1.6593
15979,19:31:42.259,2069,0.0105,1.6673
15980,19:31:42.260,2073,0.0125,1.6705
15981,19:31:42.260,2070,0.0110,1.6681
15982,19:31:42.261,2079,0.0154,1.6754
15983,19:31:42.261,2062,0.0071,1.6617
15984,19:31:42.262,2080,0.0159,1.6762
15985,19:31:42.262,2070,0.0110,1.6681
15986,19:31:42.263,2084,0.0178,1.6794
15987,19:31:42.263,2057,0.0046,1.6577
15988,19:31:42.264,2070,0.0110,1.6681
15989,19:31:42.264,2077,0.0144,1.6738
15990,19:31:42.265,2073,0.0125,1.6705
15991,19:31:42.265,2078,0.0149,1.6746
15992,19:31:42.266,2063,0.0076,1.6625
15993,19:31:42.266,2070,0.0110,1.6681
15994,19:31:42.267,2071,0.0115,1.6689
15995,19:31:42.267,2079,0.0154,1.6754
15996,19:31:42.268,2055,0.0037,1.6560
15997,19:31:42.268,2070,0.0110,1.6681
15998,19:31:42.269,2081,0.0164,1.6770
15999,19:31:42.269,2075,0.0134,1.6722
16000,19:31:42.270,2077,0.0144,1.6738
16001,19:31:42.270,2062,0.0071,1.6617
16002,19:31:42.271,2066,0.0090,1.6649
16003,19:31:42.271,2070,0.0110,1.6681
16004,19:31:42.272,2074,0.0129,1.6714
16005,19:31:42.272,2063,0.0076,1.6625
16006,19:31:42.273,2070,0.0110,1.6681
16007,19:31:42.273,2088,0.0198,1.6826
16008,19:31:42.274,2082,0.0168,1.6778
16009,19:31:42.274,2074,0.0129,1.6714
16010,19:31:42.275,2058,0.0051,1.6585
16011,19:31:42.275,2068,0.0100,1.6665
16012,19:31:42.276,2069,0.0105,1.6673
16013,19:31:42.276,2074,0.0129,1.6714
16014,19:31:42.277,2065,0.0085,1.6641
16015,19:31:42.277,2064,0.0081,1.6633
16016,19:31:42.278,2087,0.0193,1.6818
16017,19:31:42.278,2080,0.0159,1.6762
16018,19:31:42.279,2073,0.0125,1.6705
16019,19:31:42.279,2060,0.0061,1.6601
16020,19:31:42.280,2069,0.0105,1.6673
16021,19:31:42.280,2071,0.0115,1.6689
16022,19:31:42.281,2072,0.0120,1.6697
16023,19:31:42.281,2068,0.0100,1.6665
16024,19:31:42.282,2063,0.0076,1.6625
16025,19:31:42.282,2090,0.0208,1.6842
16026,19:31:42.283,2080,0.0159,1.6762
16027,19:31:42.283,2070,0.0110,1.6681
16028,19:31:42.284,2058,0.0051,1.6585
16029,19:31:42.284,2071,0.0115,1.6689
16030,19:31:42.285,2071,0.0115,1.6689
16031,19:31:42.285,2069,0.0105,1.6673
16032,19:31:42.286,2071,0.0115,1.6689
16033,19:31:42.286,2062,0.0071,1.6617
16034,19:31:42.287,2089,0.0203,1.6834
16035,19:31:42.287,2079,0.0154,1.6754
16036,19:31:42.288,2073,0.0125,1.6705
16037,19:31:42.288,2057,0.0046,1.6577
16038,19:31:42.289,2069,0.0105,1.6673
16039,19:31:42.289,2072,0.0120,1.6697
16040,19:31:42.290,2067,0.0095,1.6657
16041,19:31:42.290,2074,0.0129,1.6714
16042,19:31:42.291,2060,0.0061,1.6601
16043,19:31:42.291,2087,0.0193,1.6818
16044,19:31:42.292,2077,0.0144,1.6738
16045,19:31:42.292,2075,0.0134,1.6722
16046,19:31:42.293,2052,0.0022,1.6536
16047,19:31:42.293,2071,0.0115,1.6689
16048,19:31:42.294,2072,0.0120,1.6697
16049,19:31:42.294,2069,0.0105,1.6673
16050,19:31:42.295,2075,0.0134,1.6722
16051,19:31:42.295,2060,0.0061,1.6601
16052,19:31:42.296,2081,0.0164,1.6770
16053,19:31:42.296,2075,0.0134,1.6722
16054,19:31:42.297,2074,0.0129,1.6714
16055,19:31:42.297,2055,0.0037,1.6560
16056,19:31:42.298,2073,0.0125,1.6705
16057,19:31:42.298,2081,0.0164,1.6770
16058,19:31:42.299,2072,0.0120,1.6697
16059,19:31:42.299,2072,0.0120,1.6697
16060,19:31:42.300,2063,0.0076,1.6625
16061,19:31:42.300,2080,0.0159,1.6762
16062,19:31:42.301,2070,0.0110,1.6681
16063,19:31:42.301,2076,0.0139,1.6730
16064,19:31:42.302,2056,0.0042,1.6568
16065,19:31:42.302,2071,0.0115,1.6689
16066,19:31:42.303,2083,0.0173,1.6786
16067,19:31:42.303,2070,0.0110,1.6681
16068,19:31:42.304,2072,0.0120,1.6697
16069,19:31:42.304,2062,0.0071,1.6617
16070,19:31:42.305,2076,0.0139,1.6730
16071,19:31:42.305,2072,0.0120,1.6697
16072,19:31:42.306,2070,0.0110,1.6681
16073,19:31:42.306,2064,0.0081,1.6633
16074,19:31:42.307,2072,0.0120,1.6697
16075,19:31:42.307,2086,0.0188,1.6810
16076,19:31:42.308,2072,0.0120,1.6697
16077,19:31:42.308,2074,0.0129,1.6714
16078,19:31:42.309,2064,0.0081,1.6633
16079,19:31:42.309,2070,0.0110,1.6681
16080,19:31:42.310,2073,0.0125,1.6705
16081,19:31:42.310,2070,0.0110,1.6681
16082,19:31:42.311,2065,0.0085,1.6641
16083,19:31:42.311,2066,0.0090,1.6649
16084,19:31:42.312,2090,0.0208,1.6842
16085,19:31:42.312,2081,0.0164,1.6770
16086,19:31:42.313,2072,0.0120,1.6697
16087,19:31:42.313,2062,0.0071,1.6617
16088,19:31:42.314,2069,0.0105,1.6673
16089,19:31:42.314,2072,0.0120,1.6697
16090,19:31:42.315,2070,0.0110,1.6681
16091,19:31:42.315,2070,0.0110,1.6681
16092,19:31:42.316,2064,0.0081,1.6633
16093,19:31:42.316,2092,0.0217,1.6859
16094,19:31:42.317,2081,0.0164,1.6770
16095,19:31:42.317,2072,0.0120,1.6697
16096,19:31:42.318,2061,0.0066,1.6609
16097,19:31:42.318,2069,0.0105,1.6673
16098,19:31:42.319,2073,0.0125,1.6705
16099,19:31:42.319,2067,0.0095,1.6657
16100,19:31:42.320,2072,0.0120,1.6697
16101,19:31:42.320,2063,0.0076,1.6625
16102,19:31:42.321,2088,0.0198,1.6826
16103,19:31:42.321,2076,0.0139,1.6730
16104,19:31:42.322,2074,0.0129,1.6714
16105,19:31:42.322,2060,0.0061,1.6601
16106,19:31:42.323,2069,0.0105,1.6673
16107,19:31:42.323,2068,0.0100,1.6665
16108,19:31:42.324,2067,0.0095,1.6657
16109,19:31:42.324,2074,0.0129,1.6714
16110,19:31:42.325,2061,0.0066,1.6609
16111,19:31:42.325,2087,0.0193,1.6818
16112,19:31:42.326,2080,0.0159,1.6762
16113,19:31:42.326,2075,0.0134,1.6722
16114,19:31:42.327,2059,0.0056,1.6593
16115,19:31:42.327,2072,0.0120,1.6697
16116,19:31:42.328,2076,0.0139,1.6730
16117,19:31:42.328,2069,0.0105,1.6673
16118,19:31:42.329,2072,0.0120,1.6697
16119,19:31:42.329,2062,0.0071,1.6617
16120,19:31:42.330,2083,0.0173,1.6786
16121,19:31:42.330,2074,0.0129,1.6714
16122,19:31:42.331,2075,0.0134,1.6722
16123,19:31:42.331,2055,0.0037,1.6560
16124,19:31:42.332,2072,0.0120,1.6697
16125,19:31:42.332,2076,0.0139,1.6730
16126,19:31:42.333,2071,0.0115,1.6689
16127,19:31:42.333,2071,0.0115,1.6689
16128,19:31:42.334,2062,0.0071,1.6617
16129,19:31:42.334,2080,0.0159,1.6762
16130,19:31:42.335,2075,0.0134,1.6722
16131,19:31:42.335,2072,0.0120,1.6697
16132,19:31:42.336,2056,0.0042,1.6568
16133,19:31:42.336,2072,0.0120,1.6697
16134,19:31:42.337,2083,0.0173,1.6786
16135,19:31:42.337,2075,0.0134,1.6722
16136,19:31:42.338,2070,0.0110,1.6681
16137,19:31:42.338,2059,0.0056,1.6593
16138,19:31:42.339,2074,0.0129,1.6714
16139,19:31:42.339,2070,0.0110,1.6681
16140,19:31:42.340,2073,0.0125,1.6705
16141,19:31:42.340,2057,0.0046,1.6577
16142,19:31:42.341,2070,0.0110,1.6681
16143,19:31:42.341,2087,0.0193,1.6818
16144,19:31:42.342,2078,0.0149,1.6746
16145,19:31:42.342,2072,0.0120,1.6697
16146,19:31:42.343,2058,0.0051,1.6585
16147,19:31:42.343,2071,0.0115,1.6689
16148,19:31:42.344,2070,0.0110,1.6681
16149,19:31:42.344,2071,0.0115,1.6689
16150,19:31:42.345,2058,0.0051,1.6585
16151,19:31:42.345,2070,0.0110,1.6681
16152,19:31:42.346,2088,0.0198,1.6826
16153,19:31:42.346,2077,0.0144,1.6738
16154,19:31:42.347,2072,0.0120,1.6697
16155,19:31:42.347,2058,0.0051,1.6585
16156,19:31:42.348,2072,0.0120,1.6697
16157,19:31:42.348,2068,0.0100,1.6665
16158,19:31:42.349,2069,0.0105,1.6673
16159,19:31:42.349,2063,0.0076,1.6625
16160,19:31:42.350,2066,0.0090,1.6649
16161,19:31:42.350,2089,0.0203,1.6834
16162,19:31:42.351,2079,0.0154,1.6754
16163,19:31:42.351,2070,0.0110,1.6681
16164,19:31:42.352,2061,0.0066,1.6609
16165,19:31:42.352,2072,0.0120,1.6697
16166,19:31:42.353,2076,0.0139,1.6730
16167,19:31:42.353,2072,0.0120,1.6697
16168,19:31:42.354,2069,0.0105,1.6673
16169,19:31:42.354,2066,0.0090,1.6649
16170,19:31:42.355,2087,0.0193,1.6818
16171,19:31:42.355,2079,0.0154,1.6754
16172,19:31:42.356,2069,0.0105,1.6673
16173,19:31:42.356,2059,0.0056,1.6593
16174,19:31:42.357,2068,0.0100,1.6665
16175,19:31:42.357,2073,0.0125,1.6705
16176,19:31:42.358,2072,0.0120,1.6697
16177,19:31:42.358,2068,0.0100,1.6665
16178,19:31:42.359,2064,0.0081,1.6633
16179,19:31:42.359,2086,0.0188,1.6810
16180,19:31:42.360,2081,0.0164,1.6770
16181,19:31:42.360,2072,0.0120,1.6697
16182,19:31:42.361,2061,0.0066,1.6609
16183,19:31:42.361,2070,0.0110,1.6681
16184,19:31:42.362,2076,0.0139,1.6730
16185,19:31:42.362,2066,0.0090,1.6649
16186,19:31:42.363,2070,0.0110,1.6681
16187,19:31:42.363,2060,0.0061,1.6601
16188,19:31:42.364,2079,0.0154,1.6754
16189,19:31:42.364,2082,0.0168,1.6778
16190,19:31:42.365,2072,0.0120,1.6697
16191,19:31:42.365,2058,0.0051,1.6585
16192,19:31:42.366,2068,0.0100,1.6665
16193,19:31:42.366,2077,0.0144,1.6738
16194,19:31:42.367,2072,0.0120,1.6697
16195,19:31:42.367,2072,0.0120,1.6697
16196,19:31:42.368,2060,0.0061,1.6601
16197,19:31:42.368,2080,0.0159,1.6762
16198,19:31:42.369,2076,0.0139,1.6730
16199,19:31:42.369,2070,0.0110,1.6681
16200,19:31:42.370,2059,0.0056,1.6593
16201,19:31:42.370,2072,0.0120,1.6697
16202,19:31:42.371,2083,0.0173,1.6786
16203,19:31:42.371,2074,0.0129,1.6714
16204,19:31:42.372,2068,0.0100,1.6665
16205,19:31:42.372,2058,0.0051,1.6585
16206,19:31:42.373,2074,0.0129,1.6714
16207,19:31:42.373,2075,0.0134,1.6722
16208,19:31:42.374,2072,0.0120,1.6697
16209,19:31:42.374,2060,0.0061,1.6601
16210,19:31:42.375,2071,0.0115,1.6689
16211,19:31:42.375,2081,0.0164,1.6770
16212,19:31:42.376,2072,0.0120,1.6697
16213,19:31:42.376,2068,0.0100,1.6665
16214,19:31:42.377,2057,0.0046,1.6577
16215,19:31:42.377,2075,0.0134,1.6722
16216,19:31:42.378,2071,0.0115,1.6689
16217,19:31:42.378,2070,0.0110,1.6681
16218,19:31:42.379,2062,0.0071,1.6617
16219,19:31:42.379,2069,0.0105,1.6673
16220,19:31:42.380,2084,0.0178,1.6794
16221,19:31:42.380,2076,0.0139,1.6730
16222,19:31:42.381,2068,0.0100,1.6665
16223,19:31:42.381,2062,0.0071,1.6617
16224,19:31:42.382,2070,0.0110,1.6681
16225,19:31:42.382,2071,0.0115,1.6689
16226,19:31:42.383,2072,0.0120,1.6697
16227,19:31:42.383,2063,0.0076,1.6625
16228,19:31:42.384,2072,0.0120,1.6697
16229,19:31:42.384,2086,0.0188,1.6810
16230,19:31:42.385,2076,0.0139,1.6730
16231,19:31:42.385,2070,0.0110,1.6681
16232,19:31:42.386,2060,0.0061,1.6601
16233,19:31:42.386,2071,0.0115,1.6689
16234,19:31:42.387,2073,0.0125,1.6705
16235,19:31:42.387,2073,0.0125,1.6705
16236,19:31:42.388,2064,0.0081,1.6633
16237,19:31:42.388,2068,0.0100,1.6665
16238,19:31:42.389,2091,0.0212,1.6851
16239,19:31:42.389,2082,0.0168,1.6778
16240,19:31:42.390,2071,0.0115,1.6689
16241,19:31:42.390,2057,0.0046,1.6577
16242,19:31:42.391,2067,0.0095,1.6657
16243,19:31:42.391,2074,0.0129,1.6714
16244,19:31:42.392,2073,0.0125,1.6705
16245,19:31:42.392,2067,0.0095,1.6657
16246,19:31:42.393,2066,0.0090,1.6649
16247,19:31:42.393,2087,0.0193,1.6818
16248,19:31:42.394,2079,0.0154,1.6754
16249,19:31:42.394,2069,0.0105,1.6673
16250,19:31:42.395,2060,0.0061,1.6601
16251,19:31:42.395,2068,0.0100,1.6665
16252,19:31:42.396,2073,0.0125,1.6705
16253,19:31:42.396,2073,0.0125,1.6705
16254,19:31:42.397,2070,0.0110,1.6681
16255,19:31:42.397,2064,0.0081,1.6633
16256,19:31:42.398,2087,0.0193,1.6818
16257,19:31:42.398,2076,0.0139,1.6730
16258,19:31:42.399,2073,0.0125,1.6705
16259,19:31:42.399,2059,0.0056,1.6593
16260,19:31:42.400,2071,0.0115,1.6689
16261,19:31:42.400,2077,0.0144,1.6738
16262,19:31:42.401,2075,0.0134,1.6722
16263,19:31:42.401,2068,0.0100,1.6665
16264,19:31:42.402,2060,0.0061,1.6601
16265,19:31:42.402,2079,0.0154,1.6754
16266,19:31:42.403,2078,0.0149,1.6746
16267,19:31:42.403,2073,0.0125,1.6705
16268,19:31:42.404,2057,0.0046,1.6577
16269,19:31:42.404,2067,0.0095,1.6657
16270,19:31:42.405,2080,0.0159,1.6762
16271,19:31:42.405,2077,0.0144,1.6738
16272,19:31:42.406,2069,0.0105,1.6673
16273,19:31:42.406,2056,0.0042,1.6568
16274,19:31:42.407,2076,0.0139,1.6730
16275,19:31:42.407,2073,0.0125,1.6705
16276,19:31:42.408,2073,0.0125,1.6705
16277,19:31:42.408,2059,0.0056,1.6593
16278,19:31:42.409,2072,0.0120,1.6697
16279,19:31:42.409,2084,0.0178,1.6794
16280,19:31:42.410,2077,0.0144,1.6738
16281,19:31:42.410,2073,0.0125,1.6705
16282,19:31:42.411,2057,0.0046,1.6577
16283,19:31:42.411,2076,0.0139,1.6730
16284,19:31:42.412,2077,0.0144,1.6738
16285,19:31:42.412,2073,0.0125,1.6705
16286,19:31:42.413,2062,0.0071,1.6617
16287,19:31:42.413,2073,0.0125,1.6705
16288,19:31:42.414,2082,0.0168,1.6778
16289,19:31:42.414,2081,0.0164,1.6770
16290,19:31:42.415,2070,0.0110,1.6681
16291,19:31:42.415,2059,0.0056,1.6593
16292,19:31:42.416,2072,0.0120,1.6697
16293,19:31:42.416,2073,0.0125,1.6705
16294,19:31:42.417,2074,0.0129,1.6714
16295,19:31:42.417,2058,0.0051,1.6585
16296,19:31:42.418,2072,0.0120,1.6697
16297,19:31:42.418,2086,0.0188,1.6810
16298,19:31:42.419,2082,0.0168,1.6778
16299,19:31:42.419,2071,0.0115,1.6689
16300,19:31:42.420,2058,0.0051,1.6585
16301,19:31:42.420,2072,0.0120,1.6697
16302,19:31:42.421,2070,0.0110,1.6681
16303,19:31:42.421,2074,0.0129,1.6714
16304,19:31:42.422,2058,0.0051,1.6585
16305,19:31:42.422,2072,0.0120,1.6697
16306,19:31:42.423,2084,0.0178,1.6794
16307,19:31:42.423,2081,0.0164,1.6770
16308,19:31:42.424,2068,0.0100,1.6665
16309,19:31:42.424,2062,0.0071,1.6617
16310,19:31:42.425,2071,0.0115,1.6689
16311,19:31:42.425,2072,0.0120,1.6697
16312,19:31:42.426,2074,0.0129,1.6714
16313,19:31:42.426,2065,0.0085,1.6641
16314,19:31:42.427,2069,0.0105,1.6673
16315,19:31:42.427,2084,0.0178,1.6794
16316,19:31:42.428,2082,0.0168,1.6778
16317,19:31:42.428,2071,0.0115,1.6689
16318,19:31:42.429,2059,0.0056,1.6593
16319,19:31:42.429,2068,0.0100,1.6665
16320,19:31:42.430,2073,0.0125,1.6705
16321,19:31:42.430,2070,0.0110,1.6681
16322,19:31:42.431,2065,0.0085,1.6641
16323,19:31:42.431,2066,0.0090,1.6649
16324,19:31:42.432,2083,0.0173,1.6786
16325,19:31:42.432,2082,0.0168,1.6778
16326,19:31:42.433,2072,0.0120,1.6697
16327,19:31:42.433,2062,0.0071,1.6617
16328,19:31:42.434,2067,0.0095,1.6657
16329,19:31:42.434,2075,0.0134,1.6722
16330,19:31:42.435,2074,0.0129,1.6714
16331,19:31:42.435,2069,0.0105,1.6673
16332,19:31:42.436,2063,0.0076,1.6625
16333,19:31:42.436,2083,0.0173,1.6786
16334,19:31:42.437,2083,0.0173,1.6786
16335,19:31:42.437,2072,0.0120,1.6697
16336,19:31:42.438,2056,0.0042,1.6568
16337,19:31:42.438,2065,0.0085,1.6641
16338,19:31:42.439,2076,0.0139,1.6730
16339,19:31:42.439,2075,0.0134,1.6722
16340,19:31:42.440,2073,0.0125,1.6705
16341,19:31:42.440,2058,0.0051,1.6585
16342,19:31:42.441,2077,0.0144,1.6738
16343,19:31:42.441,2082,0.0168,1.6778
16344,19:31:42.442,2071,0.0115,1.6689
16345,19:31:42.442,2058,0.0051,1.6585
16346,19:31:42.443,2067,0.0095,1.6657
16347,19:31:42.443,2080,0.0159,1.6762
16348,19:31:42.444,2077,0.0144,1.6738
16349,19:31:42.444,2074,0.0129,1.6714
16350,19:31:42.445,2060,0.0061,1.6601
16351,19:31:42.445,2077,0.0144,1.6738
16352,19:31:42.446,2079,0.0154,1.6754
16353,19:31:42.446,2072,0.0120,1.6697
16354,19:31:42.447,2059,0.0056,1.6593
16355,19:31:42.447,2071,0.0115,1.6689
16356,19:31:42.448,2084,0.0178,1.6794
16357,19:31:42.448,2082,0.0168,1.6778
16358,19:31:42.449,2074,0.0129,1.6714
16359,19:31:42.449,2056,0.0042,1.6568
16360,19:31:42.450,2075,0.0134,1.6722
16361,19:31:42.450,2075,0.0134,1.6722
16362,19:31:42.451,2074,0.0129,1.6714
16363,19:31:42.451,2060,0.0061,1.6601
16364,19:31:42.452,2069,0.0105,1.6673
16365,19:31:42.452,2084,0.0178,1.6794
16366,19:31:42.453,2082,0.0168,1.6778
16367,19:31:42.453,2070,0.0110,1.6681
16368,19:31:42.454,2059,0.0056,1.6593
16369,19:31:42.454,2067,0.0095,1.6657
16370,19:31:42.455,2076,0.0139,1.6730
16371,19:31:42.455,2075,0.0134,1.6722
16372,19:31:42.456,2057,0.0046,1.6577
16373,19:31:42.456,2068,0.0100,1.6665
16374,19:31:42.457,2087,0.0193,1.6818
16375,19:31:42.457,2084,0.0178,1.6794
16376,19:31:42.458,2071,0.0115,1.6689
16377,19:31:42.458,2054,0.0032,1.6552
16378,19:31:42.459,2066,0.0090,1.6649
16379,19:31:42.459,2078,0.0149,1.6746
16380,19:31:42.460,2073,0.0125,1.6705
16381,19:31:42.460,2060,0.0061,1.6601
16382,19:31:42.461,2068,0.0100,1.6665
16383,19:31:42.461,2084,0.0178,1.6794
16384,19:31:42.462,2083,0.0173,1.6786
16385,19:31:42.462,2072,0.0120,1.6697
16386,19:31:42.463,2060,0.0061,1.6601
16387,19:31:42.463,2072,0.0120,1.6697
16388,19:31:42.464,2078,0.0149,1.6746
16389,19:31:42.464,2073,0.0125,1.6705
16390,19:31:42.465,2063,0.0076,1.6625
16391,19:31:42.465,2065,0.0085,1.6641
16392,19:31:42.466,2085,0.0183,1.6802
16393,19:31:42.466,2079,0.0154,1.6754
16394,19:31:42.467,2068,0.0100,1.6665
16395,19:31:42.467,2062,0.0071,1.6617
16396,19:31:42.468,2070,0.0110,1.6681
16397,19:31:42.468,2079,0.0154,1.6754
16398,19:31:42.469,2068,0.0100,1.6665
16399,19:31:42.469,2068,0.0100,1.6665
16400,19:31:42.470,2065,0.0085,1.6641
16401,19:31:42.470,2076,0.0139,1.6730
16402,19:31:42.471,2078,0.0149,1.6746
16403,19:31:42.471,2062,0.0071,1.6617
16404,19:31:42.472,2069,0.0105,1.6673
16405,19:31:42.472,2074,0.0129,1.6714
16406,19:31:42.473,2079,0.0154,1.6754
16407,19:31:42.473,2072,0.0120,1.6697
16408,19:31:42.474,2070,0.0110,1.6681
16409,19:31:42.474,2067,0.0095,1.6657
16410,19:31:42.475,2074,0.0129,1.6714
16411,19:31:42.475,2077,0.0144,1.6738
16412,19:31:42.476,2065,0.0085,1.6641
16413,19:31:42.476,2071,0.0115,1.6689
16414,19:31:42.477,2076,0.0139,1.6730
16415,19:31:42.477,2075,0.0134,1.6722
16416,19:31:42.478,2071,0.0115,1.6689
16417,19:31:42.478,2071,0.0115,1.6689
16418,19:31:42.479,2067,0.0095,1.6657
16419,19:31:42.479,2071,0.0115,1.6689
16420,19:31:42.480,2076,0.0139,1.6730
16421,19:31:42.480,2067,0.0095,1.6657
16422,19:31:42.481,2065,0.0085,1.6641
16423,19:31:42.481,2072,0.0120,1.6697
16424,19:31:42.482,2077,0.0144,1.6738
16425,19:31:42.482,2072,0.0120,1.6697
16426,19:31:42.483,2069,0.0105,1.6673
16427,19:31:42.483,2068,0.0100,1.6665
16428,19:31:42.484,2069,0.0105,1.6673
16429,19:31:42.484,2075,0.0134,1.6722
16430,19:31:42.485,2069,0.0105,1.6673
16431,19:31:42.485,2068,0.0100,1.6665
16432,19:31:42.486,2071,0.0115,1.6689
16433,19:31:42.486,2077,0.0144,1.6738
16434,19:31:42.487,2074,0.0129,1.6714
16435,19:31:42.487,2071,0.0115,1.6689
16436,19:31:42.488,2071,0.0115,1.6689
16437,19:31:42.488,2069,0.0105,1.6673
16438,19:31:42.489,2074,0.0129,1.6714
16439,19:31:42.489,2067,0.0095,1.6657
16440,19:31:42.490,2067,0.0095,1.6657
16441,19:31:42.490,2070,0.0110,1.6681
16442,19:31:42.491,2076,0.0139,1.6730
16443,19:31:42.491,2074,0.0129,1.6714
16444,19:31:42.492,2071,0.0115,1.6689
16445,19:31:42.492,2071,0.0115,1.6689
16446,19:31:42.493,2070,0.0110,1.6681
16447,19:31:42.493,2072,0.0120,1.6697
16448,19:31:42.494,2069,0.0105,1.6673
16449,19:31:42.494,2070,0.0110,1.6681
16450,19:31:42.495,2071,0.0115,1.6689
16451,19:31:42.495,2072,0.0120,1.6697
16452,19:31:42.496,2071,0.0115,1.6689
16453,19:31:42.496,2070,0.0110,1.6681
16454,19:31:42.497,2068,0.0100,1.6665
16455,19:31:42.497,2070,0.0110,1.6681
16456,19:31:42.498,2071,0.0115,1.6689
16457,19:31:42.498,2071,0.0115,1.6689
16458,19:31:42.499,2067,0.0095,1.6657
16459,19:31:42.499,2071,0.0115,1.6689
16460,19:31:42.500,2073,0.0125,1.6705
16461,19:31:42.500,2075,0.0134,1.6722
16462,19:31:42.501,2072,0.0120,1.6697
16463,19:31:42.501,2067,0.0095,1.6657
16464,19:31:42.502,2066,0.0090,1.6649
16465,19:31:42.502,2073,0.0125,1.6705
16466,19:31:42.503,2071,0.0115,1.6689
16467,19:31:42.503,2068,0.0100,1.6665
16468,19:31:42.504,2067,0.0095,1.6657
16469,19:31:42.504,2073,0.0125,1.6705
16470,19:31:42.505,2073,0.0125,1.6705
16471,19:31:42.505,2067,0.0095,1.6657
16472,19:31:42.506,2069,0.0105,1.6673
16473,19:31:42.506,2070,0.0110,1.6681
16474,19:31:42.507,2074,0.0129,1.6714
16475,19:31:42.507,2072,0.0120,1.6697
16476,19:31:42.508,2072,0.0120,1.6697
16477,19:31:42.508,2069,0.0105,1.6673
16478,19:31:42.509,2070,0.0110,1.6681
16479,19:31:42.509,2074,0.0129,1.6714
16480,19:31:42.510,2071,0.0115,1.6689
16481,19:31:42.510,2072,0.0120,1.6697
16482,19:31:42.511,2080,0.0159,1.6762
16483,19:31:42.511,2074,0.0129,1.6714
16484,19:31:42.512,2075,0.0134,1.6722
16485,19:31:42.512,2059,0.0056,1.6593
16486,19:31:42.513,2075,0.0134,1.6722
16487,19:31:42.513,2064,0.0081,1.6633
16488,19:31:42.514,2079,0.0154,1.6754
16489,19:31:42.514,2049,0.0007,1.6512
16490,19:31:42.515,2065,0.0085,1.6641
16491,19:31:42.515,2089,0.0203,1.6834
16492,19:31:42.516,2088,0.0198,1.6826
16493,19:31:42.516,2092,0.0217,1.6859
16494,19:31:42.517,2036,-0.0056,1.6407
16495,19:31:42.517,2083,0.0173,1.6786
16496,19:31:42.518,2065,0.0085,1.6641
16497,19:31:42.518,2089,0.0203,1.6834
16498,19:31:42.519,2037,-0.0051,1.6415
16499,19:31:42.519,2056,0.0042,1.6568
16500,19:31:42.520,2105,0.0281,1.6963
16501,19:31:42.520,2087,0.0193,1.6818
16502,19:31:42.521,2093,0.0222,1.6867
16503,19:31:42.521,2023,-0.0120,1.6303
16504,19:31:42.522,2084,0.0178,1.6794
16505,19:31:42.522,2068,0.0100,1.6665
16506,19:31:42.523,2086,0.0188,1.6810
16507,19:31:42.523,2041,-0.0032,1.6448
16508,19:31:42.524,2048,0.0002,1.6504
16509,19:31:42.524,2114,0.0325,1.7036
16510,19:31:42.525,2082,0.0168,1.6778
16511,19:31:42.525,2093,0.0222,1.6867
16512,19:31:42.526,2019,-0.0139,1.6270
16513,19:31:42.526,2083,0.0173,1.6786
16514,19:31:42.527,2080,0.0159,1.6762
16515,19:31:42.527,2085,0.0183,1.6802
16516,19:31:42.528,2043,-0.0022,1.6464
16517,19:31:42.528,2043,-0.0022,1.6464
16518,19:31:42.529,2113,0.0320,1.7028
16519,19:31:42.529,2081,0.0164,1.6770
16520,19:31:42.530,2082,0.0168,1.6778
16521,19:31:42.530,2021,-0.0129,1.6286
16522,19:31:42.531,2085,0.0183,1.6802
16523,19:31:42.531,2083,0.0173,1.6786
16524,19:31:42.532,2088,0.0198,1.6826
16525,19:31:42.532,2049,0.0007,1.6512
16526,19:31:42.533,2038,-0.0046,1.6423
16527,19:31:42.533,2110,0.0305,1.7004
16528,19:31:42.534,2078,0.0149,1.6746
16529,19:31:42.534,2079,0.0154,1.6754
16530,19:31:42.535,2023,-0.0120,1.6303
16531,19:31:42.535,2081,0.0164,1.6770
16532,19:31:42.536,2092,0.0217,1.6859
16533,19:31:42.536,2089,0.0203,1.6834
16534,19:31:42.537,2060,0.0061,1.6601
16535,19:31:42.537,2040,-0.0037,1.6440
16536,19:31:42.538,2108,0.0295,1.6988
16537,19:31:42.538,2073,0.0125,1.6705
16538,19:31:42.539,2073,0.0125,1.6705
16539,19:31:42.539,2026,-0.0105,1.6327
16540,19:31:42.540,2077,0.0144,1.6738
16541,19:31:42.540,2094,0.0227,1.6875
16542,19:31:42.541,2092,0.0217,1.6859
16543,19:31:42.541,2069,0.0105,1.6673
16544,19:31:42.542,2041,-0.0032,1.6448
16545,19:31:42.542,2099,0.0252,1.6915
16546,19:31:42.543,2069,0.0105,1.6673
16547,19:31:42.543,2075,0.0134,1.6722
16548,19:31:42.544,2033,-0.0071,1.6383
16549,19:31:42.544,2074,0.0129,1.6714
16550,19:31:42.545,2096,0.0237,1.6891
16551,19:31:42.545,2093,0.0222,1.6867
16552,19:31:42.546,2076,0.0139,1.6730
16553,19:31:42.546,2036,-0.0056,1.6407
16554,19:31:42.547,2091,0.0212,1.6851
16555,19:31:42.547,2074,0.0129,1.6714
16556,19:31:42.548,2073,0.0125,1.6705
16557,19:31:42.548,2036,-0.0056,1.6407
16558,19:31:42.549,2071,0.0115,1.6689
16559,19:31:42.549,2102,0.0266,1.6939
16560,19:31:42.550,2090,0.0208,1.6842
16561,19:31:42.550,2078,0.0149,1.6746
16562,19:31:42.551,2034,-0.0066,1.6391
16563,19:31:42.551,2089,0.0203,1.6834
16564,19:31:42.552,2074,0.0129,1.6714
16565,19:31:42.552,2080,0.0159,1.6762
16566,19:31:42.553,2042,-0.0027,1.6456
16567,19:31:42.553,2065,0.0085,1.6641
16568,19:31:42.554,2101,0.0261,1.6931
16569,19:31:42.554,2085,0.0183,1.6802
16570,19:31:42.555,2087,0.0193,1.6818
16571,19:31:42.555,2029,-0.0090,1.6351
16572,19:31:42.556,2083,0.0173,1.6786
16573,19:31:42.556,2074,0.0129,1.6714
16574,19:31:42.557,2077,0.0144,1.6738
16575,19:31:42.557,2046,-0.0007,1.6488
16576,19:31:42.558,2056,0.0042,1.6568
16577,19:31:42.558,2106,0.0286,1.6971
16578,19:31:42.559,2081,0.0164,1.6770
16579,19:31:42.559,2088,0.0198,1.6826
16580,19:31:42.560,2031,-0.0081,1.6367
16581,19:31:42.560,2083,0.0173,1.6786
16582,19:31:42.561,2080,0.0159,1.6762
16583,19:31:42.561,2080,0.0159,1.6762
16584,19:31:42.562,2053,0.0027,1.6544
16585,19:31:42.562,2050,0.0012,1.6520
16586,19:31:42.563,2109,0.0300,1.6996
16587,19:31:42.563,2078,0.0149,1.6746
16588,19:31:42.564,2082,0.0168,1.6778
16589,19:31:42.564,2029,-0.0090,1.6351
16590,19:31:42.565,2081,0.0164,1.6770
16591,19:31:42.565,2079,0.0154,1.6754
16592,19:31:42.566,2078,0.0149,1.6746
16593,19:31:42.566,2056,0.0042,1.6568
16594,19:31:42.567,2042,-0.0027,1.6456
16595,19:31:42.567,2110,0.0305,1.7004
16596,19:31:42.568,2067,0.0095,1.6657
16597,19:31:42.568,2081,0.0164,1.6770
16598,19:31:42.569,2027,-0.0100,1.6335
16599,19:31:42.569,2073,0.0125,1.6705
16600,19:31:42.570,2086,0.0188,1.6810
16601,19:31:42.570,2081,0.0164,1.6770
16602,19:31:42.571,2062,0.0071,1.6617
16603,19:31:42.571,2038,-0.0046,1.6423
16604,19:31:42.572,2103,0.0271,1.6947
16605,19:31:42.572,2069,0.0105,1.6673
16606,19:31:42.573,2076,0.0139,1.6730
16607,19:31:42.573,2027,-0.0100,1.6335
16608,19:31:42.574,2075,0.0134,1.6722
16609,19:31:42.574,2089,0.0203,1.6834
16610,19:31:42.575,2079,0.0154,1.6754
16611,19:31:42.575,2073,0.0125,1.6705
16612,19:31:42.576,2038,-0.0046,1.6423
16613,19:31:42.576,2101,0.0261,1.6931
16614,19:31:42.577,2069,0.0105,1.6673
16615,19:31:42.577,2074,0.0129,1.6714
16616,19:31:42.578,2033,-0.0071,1.6383
16617,19:31:42.578,2068,0.0100,1.6665
16618,19:31:42.579,2094,0.0227,1.6875
16619,19:31:42.579,2081,0.0164,1.6770
16620,19:31:42.580,2080,0.0159,1.6762
16621,19:31:42.580,2033,-0.0071,1.6383
16622,19:31:42.581,2091,0.0212,1.6851
16623,19:31:42.581,2066,0.0090,1.6649
16624,19:31:42.582,2074,0.0129,1.6714
16625,19:31:42.582,2043,-0.0022,1.6464
16626,19:31:42.583,2064,0.0081,1.6633
16627,19:31:42.583,2096,0.0237,1.6891
16628,19:31:42.584,2081,0.0164,1.6770
16629,19:31:42.584,2085,0.0183,1.6802
16630,19:31:42.585,2035,-0.0061,1.6399
16631,19:31:42.585,2079,0.0154,1.6754
16632,19:31:42.586,2068,0.0100,1.6665
16633,19:31:42.586,2075,0.0134,1.6722
16634,19:31:42.587,2049,0.0007,1.6512
16635,19:31:42.587,2059,0.0056,1.6593
16636,19:31:42.588,2101,0.0261,1.6931
16637,19:31:42.588,2086,0.0188,1.6810
16638,19:31:42.589,2089,0.0203,1.6834
16639,19:31:42.589,2037,-0.0051,1.6415
16640,19:31:42.590,2078,0.0149,1.6746
16641,19:31:42.590,2076,0.0139,1.6730
16642,19:31:42.591,2076,0.0139,1.6730
16643,19:31:42.591,2053,0.0027,1.6544
16644,19:31:42.592,2055,0.0037,1.6560
16645,19:31:42.592,2103,0.0271,1.6947
16646,19:31:42.593,2083,0.0173,1.6786
16647,19:31:42.593,2092,0.0217,1.6859
16648,19:31:42.594,2037,-0.0051,1.6415
16649,19:31:42.594,2074,0.0129,1.6714
16650,19:31:42.595,2073,0.0125,1.6705
16651,19:31:42.595,2078,0.0149,1.6746
16652,19:31:42.596,2059,0.0056,1.6593
16653,19:31:42.596,2053,0.0027,1.6544
16654,19:31:42.597,2102,0.0266,1.6939
16655,19:31:42.597,2077,0.0144,1.6738
16656,19:31:42.598,2087,0.0193,1.6818
16657,19:31:42.598,2037,-0.0051,1.6415
16658,19:31:42.599,2075,0.0134,1.6722
16659,19:31:42.599,2076,0.0139,1.6730
16660,19:31:42.600,2081,0.0164,1.6770
16661,19:31:42.600,2066,0.0090,1.6649
16662,19:31:42.601,2050,0.0012,1.6520
16663,19:31:42.601,2104,0.0276,1.6955
16664,19:31:42.602,2073,0.0125,1.6705
16665,19:31:42.602,2091,0.0212,1.6851
16666,19:31:42.603,2037,-0.0051,1.6415
16667,19:31:42.603,2075,0.0134,1.6722
16668,19:31:42.604,2081,0.0164,1.6770
16669,19:31:42.604,2085,0.0183,1.6802
16670,19:31:42.605,2068,0.0100,1.6665
16671,19:31:42.605,2044,-0.0017,1.6472
16672,19:31:42.606,2103,0.0271,1.6947
16673,19:31:42.606,2074,0.0129,1.6714
16674,19:31:42.607,2085,0.0183,1.6802
16675,19:31:42.607,2037,-0.0051,1.6415
16676,19:31:42.608,2072,0.0120,1.6697
16677,19:31:42.608,2086,0.0188,1.6810
16678,19:31:42.609,2083,0.0173,1.6786
16679,19:31:42.609,2072,0.0120,1.6697
16680,19:31:42.610,2042,-0.0027,1.6456
16681,19:31:42.610,2096,0.0237,1.6891
16682,19:31:42.611,2067,0.0095,1.6657
16683,19:31:42.611,2081,0.0164,1.6770
16684,19:31:42.612,2043,-0.0022,1.6464
16685,19:31:42.612,2073,0.0125,1.6705
16686,19:31:42.613,2089,0.0203,1.6834
16687,19:31:42.613,2083,0.0173,1.6786
16688,19:31:42.614,2077,0.0144,1.6738
16689,19:31:42.614,2036,-0.0056,1.6407
16690,19:31:42.615,2090,0.0208,1.6842
16691,19:31:42.615,2065,0.0085,1.6641
16692,19:31:42.616,2080,0.0159,1.6762
16693,19:31:42.616,2042,-0.0027,1.6456
16694,19:31:42.617,2070,0.0110,1.6681
16695,19:31:42.617,2094,0.0227,1.6875
16696,19:31:42.618,2085,0.0183,1.6802
16697,19:31:42.618,2084,0.0178,1.6794
16698,19:31:42.619,2039,-0.0042,1.6432
16699,19:31:42.619,2079,0.0154,1.6754
16700,19:31:42.620,2067,0.0095,1.6657
16701,19:31:42.620,2075,0.0134,1.6722
16702,19:31:42.621,2048,0.0002,1.6504
16703,19:31:42.621,2060,0.0061,1.6601
16704,19:31:42.622,2096,0.0237,1.6891
16705,19:31:42.622,2084,0.0178,1.6794
16706,19:31:42.623,2088,0.0198,1.6826
16707,19:31:42.623,2040,-0.0037,1.6440
16708,19:31:42.624,2069,0.0105,1.6673
16709,19:31:42.624,2068,0.0100,1.6665
16710,19:31:42.625,2075,0.0134,1.6722
16711,19:31:42.625,2057,0.0046,1.6577
16712,19:31:42.626,2057,0.0046,1.6577
16713,19:31:42.626,2095,0.0232,1.6883
16714,19:31:42.627,2080,0.0159,1.6762
16715,19:31:42.627,2091,0.0212,1.6851
16716,19:31:42.628,2038,-0.0046,1.6423
16717,19:31:42.628,2070,0.0110,1.6681
16718,19:31:42.629,2072,0.0120,1.6697
16719,19:31:42.629,2075,0.0134,1.6722
16720,19:31:42.630,2062,0.0071,1.6617
16721,19:31:42.630,2048,0.0002,1.6504
16722,19:31:42.631,2095,0.0232,1.6883
16723,19:31:42.631,2078,0.0149,1.6746
16724,19:31:42.632,2089,0.0203,1.6834
16725,19:31:42.632,2041,-0.0032,1.6448
16726,19:31:42.633,2064,0.0081,1.6633
16727,19:31:42.633,2080,0.0159,1.6762
16728,19:31:42.634,2077,0.0144,1.6738
16729,19:31:42.634,2068,0.0100,1.6665
16730,19:31:42.635,2050,0.0012,1.6520
16731,19:31:42.635,2094,0.0227,1.6875
16732,19:31:42.636,2073,0.0125,1.6705
16733,19:31:42.636,2088,0.0198,1.6826
16734,19:31:42.637,2043,-0.0022,1.6464
16735,19:31:42.637,2064,0.0081,1.6633
16736,19:31:42.638,2084,0.0178,1.6794
16737,19:31:42.638,2078,0.0149,1.6746
16738,19:31:42.639,2073,0.0125,1.6705
16739,19:31:42.639,2044,-0.0017,1.6472
16740,19:31:42.640,2094,0.0227,1.6875
16741,19:31:42.640,2069,0.0105,1.6673
16742,19:31:42.641,2086,0.0188,1.6810
16743,19:31:42.641,2044,-0.0017,1.6472
16744,19:31:42.642,2067,0.0095,1.6657
16745,19:31:42.642,2085,0.0183,1.6802
16746,19:31:42.643,2083,0.0173,1.6786
16747,19:31:42.643,2075,0.0134,1.6722
16748,19:31:42.644,2042,-0.0027,1.6456
16749,19:31:42.644,2093,0.0222,1.6867
16750,19:31:42.645,2069,0.0105,1.6673
16751,19:31:42.645,2084,0.0178,1.6794
16752,19:31:42.646,2044,-0.0017,1.6472
16753,19:31:42.646,2067,0.0095,1.6657
16754,19:31:42.647,2089,0.0203,1.6834
16755,19:31:42.647,2078,0.0149,1.6746
16756,19:31:42.648,2084,0.0178,1.6794
16757,19:31:42.648,2044,-0.0017,1.6472
16758,19:31:42.649,2089,0.0203,1.6834
16759,19:31:42.649,2067,0.0095,1.6657
16760,19:31:42.650,2080,0.0159,1.6762
16761,19:31:42.650,2051,0.0017,1.6528
16762,19:31:42.651,2062,0.0071,1.6617
16763,19:31:42.651,2093,0.0222,1.6867
16764,19:31:42.652,2081,0.0164,1.6770
16765,19:31:42.652,2085,0.0183,1.6802
16766,19:31:42.653,2042,-0.0027,1.6456
16767,19:31:42.653,2080,0.0159,1.6762
16768,19:31:42.654,2070,0.0110,1.6681
16769,19:31:42.654,2082,0.0168,1.6778
16770,19:31:42.655,2057,0.0046,1.6577
16771,19:31:42.655,2064,0.0081,1.6633
16772,19:31:42.656,2093,0.0222,1.6867
16773,19:31:42.656,2082,0.0168,1.6778
16774,19:31:42.657,2089,0.0203,1.6834
16775,19:31:42.657,2039,-0.0042,1.6432
16776,19:31:42.658,2077,0.0144,1.6738
16777,19:31:42.658,2068,0.0100,1.6665
16778,19:31:42.659,2077,0.0144,1.6738
16779,19:31:42.659,2060,0.0061,1.6601
16780,19:31:42.660,2060,0.0061,1.6601
16781,19:31:42.660,2097,0.0242,1.6899
16782,19:31:42.661,2078,0.0149,1.6746
16783,19:31:42.661,2090,0.0208,1.6842
16784,19:31:42.662,2041,-0.0032,1.6448
16785,19:31:42.662,2069,0.0105,1.6673
16786,19:31:42.663,2073,0.0125,1.6705
16787,19:31:42.663,2079,0.0154,1.6754
16788,19:31:42.664,2069,0.0105,1.6673
16789,19:31:42.664,2054,0.0032,1.6552
16790,19:31:42.665,2096,0.0237,1.6891
16791,19:31:42.665,2074,0.0129,1.6714
16792,19:31:42.666,2090,0.0208,1.6842
16793,19:31:42.666,2044,-0.0017,1.6472
16794,19:31:42.667,2066,0.0090,1.6649
16795,19:31:42.667,2074,0.0129,1.6714
16796,19:31:42.668,2076,0.0139,1.6730
16797,19:31:42.668,2075,0.0134,1.6722
16798,19:31:42.669,2052,0.0022,1.6536
16799,19:31:42.669,2096,0.0237,1.6891
16800,19:31:42.670,2072,0.0120,1.6697
16801,19:31:42.670,2092,0.0217,1.6859
16802,19:31:42.671,2042,-0.0027,1.6456
16803,19:31:42.671,2062,0.0071,1.6617
16804,19:31:42.672,2078,0.0149,1.6746
16805,19:31:42.672,2078,0.0149,1.6746
16806,19:31:42.673,2078,0.0149,1.6746
16807,19:31:42.673,2041,-0.0032,1.6448
16808,19:31:42.674,2093,0.0222,1.6867
16809,19:31:42.674,2070,0.0110,1.6681
16810,19:31:42.675,2087,0.0193,1.6818
16811,19:31:42.675,2044,-0.0017,1.6472
16812,19:31:42.676,2060,0.0061,1.6601
16813,19:31:42.676,2083,0.0173,1.6786
16814,19:31:42.677,2078,0.0149,1.6746
16815,19:31:42.677,2079,0.0154,1.6754
16816,19:31:42.678,2044,-0.0017,1.6472
16817,19:31:42.678,2087,0.0193,1.6818
16818,19:31:42.679,2065,0.0085,1.6641
16819,19:31:42.679,2083,0.0173,1.6786
16820,19:31:42.680,2049,0.0007,1.6512
16821,19:31:42.680,2064,0.0081,1.6633
16822,19:31:42.681,2087,0.0193,1.6818
16823,19:31:42.681,2079,0.0154,1.6754
16824,19:31:42.682,2082,0.0168,1.6778
16825,19:31:42.682,2044,-0.0017,1.6472
16826,19:31:42.683,2082,0.0168,1.6778
16827,19:31:42.683,2066,0.0090,1.6649
16828,19:31:42.684,2082,0.0168,1.6778
16829,19:31:42.684,2056,0.0042,1.6568
16830,19:31:42.685,2065,0.0085,1.6641
16831,19:31:42.685,2090,0.0208,1.6842
16832,19:31:42.686,2078,0.0149,1.6746
16833,19:31:42.686,2083,0.0173,1.6786
16834,19:31:42.687,2045,-0.0012,1.6480
16835,19:31:42.687,2079,0.0154,1.6754
16836,19:31:42.688,2063,0.0076,1.6625
16837,19:31:42.688,2075,0.0134,1.6722
16838,19:31:42.689,2061,0.0066,1.6609
16839,19:31:42.689,2062,0.0071,1.6617
16840,19:31:42.690,2089,0.0203,1.6834
16841,19:31:42.690,2079,0.0154,1.6754
16842,19:31:42.691,2084,0.0178,1.6794
16843,19:31:42.691,2049,0.0007,1.6512
16844,19:31:42.692,2070,0.0110,1.6681
16845,19:31:42.692,2068,0.0100,1.6665
16846,19:31:42.693,2078,0.0149,1.6746
16847,19:31:42.693,2065,0.0085,1.6641
16848,19:31:42.694,2063,0.0076,1.6625
16849,19:31:42.694,2093,0.0222,1.6867
16850,19:31:42.695,2080,0.0159,1.6762
16851,19:31:42.695,2088,0.0198,1.6826
16852,19:31:42.696,2045,-0.0012,1.6480
16853,19:31:42.696,2067,0.0095,1.6657
16854,19:31:42.697,2064,0.0081,1.6633
16855,19:31:42.697,2076,0.0139,1.6730
16856,19:31:42.698,2067,0.0095,1.6657
16857,19:31:42.698,2055,0.0037,1.6560
16858,19:31:42.699,2090,0.0208,1.6842
16859,19:31:42.699,2076,0.0139,1.6730
16860,19:31:42.700,2085,0.0183,1.6802
16861,19:31:42.700,2049,0.0007,1.6512
16862,19:31:42.701,2063,0.0076,1.6625
16863,19:31:42.701,2072,0.0120,1.6697
16864,19:31:42.702,2077,0.0144,1.6738
16865,19:31:42.702,2072,0.0120,1.6697
16866,19:31:42.703,2057,0.0046,1.6577
16867,19:31:42.703,2092,0.0217,1.6859
16868,19:31:42.704,2075,0.0134,1.6722
16869,19:31:42.704,2085,0.0183,1.6802
16870,19:31:42.705,2053,0.0027,1.6544
16871,19:31:42.705,2061,0.0066,1.6609
16872,19:31:42.706,2074,0.0129,1.6714
16873,19:31:42.706,2078,0.0149,1.6746
16874,19:31:42.707,2083,0.0173,1.6786
16875,19:31:42.707,2050,0.0012,1.6520
16876,19:31:42.708,2090,0.0208,1.6842
16877,19:31:42.708,2070,0.0110,1.6681
16878,19:31:42.709,2085,0.0183,1.6802
16879,19:31:42.709,2054,0.0032,1.6552
16880,19:31:42.710,2059,0.0056,1.6593
16881,19:31:42.710,2082,0.0168,1.6778
16882,19:31:42.711,2076,0.0139,1.6730
16883,19:31:42.711,2086,0.0188,1.6810
16884,19:31:42.712,2045,-0.0012,1.6480
16885,19:31:42.712,2087,0.0193,1.6818
16886,19:31:42.713,2067,0.0095,1.6657
16887,19:31:42.713,2082,0.0168,1.6778
16888,19:31:42.714,2052,0.0022,1.6536
16889,19:31:42.714,2060,0.0061,1.6601
16890,19:31:42.715,2087,0.0193,1.6818
16891,19:31:42.715,2080,0.0159,1.6762
16892,19:31:42.716,2088,0.0198,1.6826
16893,19:31:42.716,2044,-0.0017,1.6472
16894,19:31:42.717,2085,0.0183,1.6802
16895,19:31:42.717,2066,0.0090,1.6649
16896,19:31:42.718,2081,0.0164,1.6770
16897,19:31:42.718,2054,0.0032,1.6552
16898,19:31:42.719,2062,0.0071,1.6617
16899,19:31:42.719,2087,0.0193,1.6818
16900,19:31:42.720,2076,0.0139,1.6730
16901,19:31:42.720,2086,0.0188,1.6810
16902,19:31:42.721,2045,-0.0012,1.6480
16903,19:31:42.721,2078,0.0149,1.6746
16904,19:31:42.722,2063,0.0076,1.6625
16905,19:31:42.722,2079,0.0154,1.6754
16906,19:31:42.723,2063,0.0076,1.6625
16907,19:31:42.723,2060,0.0061,1.6601
16908,19:31:42.724,2090,0.0208,1.6842
16909,19:31:42.724,2078,0.0149,1.6746
16910,19:31:42.725,2086,0.0188,1.6810
16911,19:31:42.725,2046,-0.0007,1.6488
16912,19:31:42.726,2072,0.0120,1.6697
16913,19:31:42.726,2063,0.0076,1.6625
16914,19:31:42.727,2072,0.0120,1.6697
16915,19:31:42.727,2069,0.0105,1.6673
16916,19:31:42.728,2059,0.0056,1.6593
16917,19:31:42.728,2091,0.0212,1.6851
16918,19:31:42.729,2077,0.0144,1.6738
16919,19:31:42.729,2085,0.0183,1.6802
16920,19:31:42.730,2052,0.0022,1.6536
16921,19:31:42.730,2064,0.0081,1.6633
16922,19:31:42.731,2067,0.0095,1.6657
16923,19:31:42.731,2075,0.0134,1.6722
16924,19:31:42.732,2075,0.0134,1.6722
16925,19:31:42.732,2058,0.0051,1.6585
16926,19:31:42.733,2087,0.0193,1.6818
16927,19:31:42.733,2076,0.0139,1.6730
16928,19:31:42.734,2083,0.0173,1.6786
16929,19:31:42.734,2049,0.0007,1.6512
16930,19:31:42.735,2060,0.0061,1.6601
16931,19:31:42.735,2068,0.0100,1.6665
16932,19:31:42.736,2071,0.0115,1.6689
16933,19:31:42.736,2076,0.0139,1.6730
16934,19:31:42.737,2061,0.0066,1.6609
16935,19:31:42.737,2088,0.0198,1.6826
16936,19:31:42.738,2069,0.0105,1.6673
16937,19:31:42.738,2085,0.0183,1.6802
16938,19:31:42.739,2055,0.0037,1.6560
16939,19:31:42.739,2060,0.0061,1.6601
16940,19:31:42.740,2074,0.0129,1.6714
16941,19:31:42.740,2072,0.0120,1.6697
16942,19:31:42.741,2082,0.0168,1.6778
16943,19:31:42.741,2055,0.0037,1.6560
16944,19:31:42.742,2087,0.0193,1.6818
16945,19:31:42.742,2069,0.0105,1.6673
16946,19:31:42.743,2087,0.0193,1.6818
16947,19:31:42.743,2059,0.0056,1.6593
16948,19:31:42.744,2058,0.0051,1.6585
16949,19:31:42.744,2080,0.0159,1.6762
16950,19:31:42.745,2072,0.0120,1.6697
16951,19:31:42.745,2085,0.0183,1.6802
16952,19:31:42.746,2057,0.0046,1.6577
16953,19:31:42.746,2082,0.0168,1.6778
16954,19:31:42.747,2071,0.0115,1.6689
16955,19:31:42.747,2081,0.0164,1.6770
16956,19:31:42.748,2064,0.0081,1.6633
16957,19:31:42.748,2060,0.0061,1.6601
16958,19:31:42.749,2079,0.0154,1.6754
16959,19:31:42.749,2076,0.0139,1.6730
